mtllib LOW_POLY_set.mtl
o lp_Plane_109_Plane_005
v 119.445923 7.173516 14.132833
v 119.215286 7.089964 14.043088
v 119.107025 7.683785 14.996477
v 121.048744 7.884555 15.279534
v 120.483292 7.595428 14.838578
v 119.596344 7.338393 14.423437
v 121.023544 7.578181 14.856421
v 119.991570 7.306569 14.383638
v 119.849220 7.355957 14.458127
v 119.592911 7.294075 14.351963
v 119.023911 8.230706 15.688238
v 119.640427 8.018753 15.315723
v 120.269478 8.019577 15.363530
v 120.844421 8.160488 15.596871
v 121.063004 8.077550 15.534156
v 120.309418 8.216370 15.602124
v 118.999161 8.388559 15.896420
v 120.858170 8.387586 15.893675
v 120.795998 8.687122 16.305023
v 120.960464 8.494514 16.068251
v 118.973923 8.541156 16.112413
v 119.439636 8.487707 15.890172
v 120.087418 8.638652 16.136232
v 120.522522 8.737653 16.314636
v 119.704338 9.015259 16.764986
v 119.586105 8.951779 16.631163
v 119.566452 8.982023 16.689226
v 120.088928 9.158980 17.164284
v 120.348190 9.181081 17.257513
v 120.631088 9.138085 17.205853
v 120.597626 9.042967 16.922388
v 120.122925 8.797647 16.369745
v 119.495872 8.738013 16.247334
v 119.628281 8.705497 16.205242
v 119.930565 8.776814 16.350029
v 120.165939 8.939079 16.614391
v 120.198074 9.046841 16.848156
v 120.007164 9.069049 16.911406
v 119.436668 8.750425 16.266376
v 118.925217 8.796183 16.546700
v 119.468025 8.883438 16.497791
v 119.985512 9.319710 17.780455
v 120.087029 9.277000 17.616886
v 119.986633 9.231174 17.431816
v 119.766182 9.155372 17.117418
v 119.485252 9.064671 16.864374
v 118.870995 8.993201 17.068451
v 119.411835 9.238268 17.371727
v 119.792747 9.340332 17.809618
v 121.210876 7.526515 14.797021
v 121.279907 7.388433 14.569762
v 120.982635 7.189756 14.184613
v 120.444038 7.017971 13.846150
v 119.264664 6.867132 13.587161
v 119.423317 7.156167 14.099075
v 119.439690 7.025536 13.847366
v 119.632683 6.971118 13.744991
v 119.889244 7.024792 13.851918
v 120.059082 7.155116 14.105513
v 120.042580 7.289737 14.356850
v 119.068611 9.255219 17.536272
v 118.837608 9.077159 17.406246
v 119.187317 9.211048 17.331104
v 119.402359 9.276320 17.517902
v 119.544075 9.320779 17.693672
v 119.676003 9.359144 17.873230
v 119.581993 9.391854 18.013702
v 119.395599 9.383949 17.986219
v 119.270416 9.340629 17.816761
v 119.148521 9.302923 17.693304
v 119.018303 9.264533 17.594208
v 119.107841 9.346052 17.888815
v 119.107506 9.408469 18.147608
v 118.929993 9.509005 18.533144
v 118.706528 9.401949 18.734375
v 118.897560 7.631571 14.830205
v 118.698196 7.731922 14.960976
v 117.260567 7.394102 14.524462
v 118.755157 7.297650 14.349193
v 117.792519 7.451941 14.602275
v 117.138763 7.647875 14.938702
v 118.161240 7.712715 14.952406
v 118.236855 7.580798 14.779098
v 118.517097 7.453625 14.593676
v 118.826729 7.414649 14.531948
v 118.984512 7.482413 14.630476
v 118.149811 7.733140 14.978531
v 117.065552 7.813254 15.187711
v 117.262566 7.910721 15.287613
v 117.877312 7.866627 15.155740
v 118.502571 7.930423 15.218291
v 118.616913 7.771870 15.014406
v 118.307281 7.810595 15.076157
v 117.781105 8.044715 15.383410
v 117.179619 8.114342 15.577577
v 118.561516 8.415343 15.815358
v 117.040489 8.199362 15.731766
v 117.145050 8.403647 15.992406
v 117.407013 8.499436 16.047533
v 117.871178 8.499059 15.943533
v 117.111450 8.902472 16.901081
v 117.375412 9.004319 16.998089
v 117.646866 9.038924 16.948904
v 118.256409 8.930552 16.572521
v 117.782898 8.648381 16.166452
v 117.202118 8.799260 16.629845
v 118.267708 9.193316 17.269800
v 118.298729 9.018052 16.758671
v 117.971359 9.084854 16.957525
v 117.693657 9.141084 17.227545
v 117.559174 9.169371 17.392441
v 117.626328 9.227019 17.570286
v 117.808716 9.262381 17.632870
v 117.090744 7.344783 14.431767
v 118.049980 6.923910 13.632874
v 117.448395 7.050897 13.869763
v 117.073288 7.222185 14.195101
v 118.319962 9.303286 17.732090
v 118.163841 9.335554 17.876488
v 117.975487 9.328735 17.870586
v 117.910583 9.289782 17.715958
v 118.074707 9.263048 17.562773
v 118.248245 9.230975 17.415087
v 118.497307 9.183938 17.269634
v 118.574127 9.235791 17.492222
v 118.464287 9.276040 17.632349
v 118.612534 9.248590 17.558060
v 118.514442 9.492679 18.496124
v 118.416138 9.381306 18.086016
v 118.466339 9.320848 17.831667
v 119.204590 6.451706 12.656849
v 119.192047 6.440053 12.623587
v 119.191002 6.392433 12.640368
v 119.203735 6.404265 12.674145
v 119.205772 6.428401 12.590795
v 119.204941 6.380601 12.607070
v 119.204094 6.332262 12.623529
v 119.189949 6.344276 12.657340
v 119.202881 6.356291 12.691636
v 119.238609 5.804484 12.890524
v 119.273651 5.797262 12.867973
v 119.279167 5.855476 12.879144
v 119.255318 5.878032 12.898609
v 119.288948 5.816365 12.817107
v 119.293823 5.895270 12.857550
v 119.278404 5.961865 12.904678
v 119.274635 6.451706 12.658103
v 119.239388 6.456075 12.669861
v 119.239075 6.408702 12.687359
v 119.274864 6.404266 12.675419
v 119.238762 6.360797 12.705053
v 119.275101 6.356292 12.692930
v 119.275818 6.428401 12.592050
v 119.288361 6.440053 12.625311
v 119.288803 6.392433 12.642120
v 119.276062 6.380601 12.608344
v 119.289246 6.344277 12.659119
v 119.276321 6.332262 12.624823
v 119.241013 6.424030 12.579037
v 119.240730 6.376163 12.595131
v 119.240433 6.327757 12.611406
v 119.188873 6.295507 12.674528
v 119.202003 6.307707 12.709350
v 119.203247 6.283309 12.640198
v 119.202377 6.233632 12.657112
v 119.187790 6.246018 12.691969
v 119.201118 6.258405 12.727325
v 119.238441 6.312282 12.722973
v 119.275337 6.307707 12.710663
v 119.238113 6.263050 12.741157
v 119.275574 6.258405 12.728659
v 119.289703 6.295507 12.676334
v 119.276573 6.283309 12.641512
v 119.290161 6.246018 12.693803
v 119.276833 6.233633 12.658446
v 119.240143 6.278734 12.627889
v 119.239845 6.228989 12.644614
v 119.186676 6.195600 12.709699
v 119.200211 6.208131 12.745587
v 119.201492 6.183071 12.674315
v 119.200562 6.131274 12.691864
v 119.185455 6.143673 12.727726
v 119.199196 6.156072 12.764095
v 119.237785 6.212829 12.759625
v 119.275833 6.208131 12.746937
v 119.237450 6.160722 12.778305
v 119.276192 6.156072 12.765432
v 119.290649 6.195600 12.711555
v 119.277100 6.183072 12.675669
v 119.291222 6.143674 12.729583
v 119.277405 6.131274 12.693227
v 119.239540 6.178371 12.661629
v 119.239227 6.126624 12.679005
v 119.183510 6.088981 12.747631
v 119.197281 6.103441 12.784843
v 119.199005 6.074759 12.710548
v 119.193146 5.990160 12.735514
v 119.178040 6.028558 12.777439
v 119.189972 6.060457 12.822472
v 119.014587 4.443535 12.995516
v 119.038773 4.445403 12.938279
v 119.017738 4.399183 12.935438
v 119.004463 4.399627 12.954856
v 119.091919 4.399483 12.911022
v 119.033188 4.340785 12.917898
v 118.972191 4.347697 12.940164
v 121.234314 5.664108 13.456160
v 121.229118 5.668643 13.470293
v 121.242950 5.656413 13.477000
v 121.245102 5.652783 13.457810
v 121.221237 5.664108 13.483129
v 121.229218 5.652784 13.490574
v 121.234482 5.638000 13.489547
v 121.245201 5.636925 13.478090
v 121.247559 5.638000 13.462579
v 119.237114 6.109546 12.798292
v 119.277359 6.103391 12.786067
v 119.236740 6.080715 12.824225
v 119.283264 6.060096 12.823290
v 119.292244 6.089161 12.749372
v 119.278099 6.075971 12.712239
v 119.294945 6.028819 12.777900
v 119.280785 6.007393 12.738102
v 119.239182 6.070799 12.697461
v 119.241707 5.997959 12.719752
v 117.641968 6.613086 13.002840
v 117.642883 6.618700 12.985514
v 117.620361 6.614689 12.985292
v 117.625092 6.607168 13.006375
v 117.642311 6.613087 12.968173
v 117.625504 6.607167 12.964306
v 117.613319 6.594080 12.967888
v 117.607704 6.595634 12.985168
v 117.612976 6.594079 13.002554
v 121.620445 6.224396 11.947239
v 121.629837 6.228805 11.957136
v 121.641937 6.219247 11.947645
v 121.626907 6.215105 11.938437
v 121.637207 6.224397 11.968618
v 121.647301 6.215106 11.964437
v 121.649162 6.201869 11.959245
v 121.644371 6.201408 11.945736
v 121.632393 6.201869 11.937866
v 119.785225 8.036668 11.722397
v 119.802391 8.035521 11.725533
v 119.802734 8.026630 11.705706
v 119.781181 8.028967 11.707232
v 119.815903 8.024765 11.728262
v 119.818527 8.014475 11.714371
v 119.811729 8.002094 11.704062
v 119.797310 8.007920 11.696070
v 119.781059 8.013997 11.698196
v 119.233009 7.151346 14.093393
v 119.224251 7.153975 14.094181
v 119.224167 7.146713 14.103041
v 119.234833 7.144660 14.099406
v 119.215515 7.151346 14.093221
v 119.213570 7.144660 14.099197
v 119.215431 7.136012 14.101648
v 119.224152 7.135342 14.104423
v 119.232925 7.136013 14.101820
v 119.213242 5.800501 12.759336
v 119.177925 5.801788 12.782007
v 119.180748 5.868020 12.764230
v 119.207054 5.890328 12.743391
v 119.165039 5.826329 12.830819
v 119.170265 5.911641 12.783759
v 119.472946 2.790849 13.124905
v 119.352547 2.793765 13.169243
v 119.291924 2.320419 13.227954
v 119.455574 2.307133 13.167866
v 119.233032 2.796681 13.122545
v 119.129486 2.333704 13.164660
v 119.046196 1.934505 13.202087
v 119.246910 1.916829 13.280102
v 119.449127 1.899153 13.206051
v 119.100700 4.407050 13.060592
v 119.044891 4.450665 13.037685
v 119.019348 4.401441 13.051413
v 119.034943 4.343413 13.069978
v 118.993347 4.393300 13.044708
v 118.947571 4.332795 13.052620
v 119.017990 4.379974 12.909081
v 119.031532 4.409740 12.969762
v 119.054329 4.427088 12.901300
v 119.059380 4.438099 12.981659
v 119.045403 4.433089 13.042516
v 119.027626 4.418668 13.022089
v 120.365547 5.171939 13.081504
v 120.391655 5.182408 13.103164
v 120.407051 5.202568 13.057077
v 120.403099 5.210319 13.027701
v 120.407516 5.189953 13.114278
v 120.418907 5.204610 13.073647
v 120.441635 5.191679 13.044407
v 120.430168 5.191369 13.030579
v 120.445267 5.211722 12.978295
v 120.471794 5.130316 12.921316
v 120.396484 5.048541 12.935874
v 120.397758 5.068655 12.900930
v 120.450859 5.124357 12.874815
v 120.297630 4.966936 12.956100
v 120.351791 5.054809 12.896915
v 120.416077 5.131992 12.852967
v 119.190536 4.380821 12.974459
v 119.194771 4.247501 12.950121
v 119.166809 4.305279 12.925031
v 119.157204 4.406151 12.926355
v 119.179535 4.110486 12.929911
v 119.131332 4.256800 12.911526
v 120.441536 5.144400 13.065115
v 120.438721 5.149868 13.054805
v 120.462730 5.156397 13.049603
v 120.477501 5.133327 13.069203
v 120.462639 5.121839 13.093842
v 120.440536 5.125594 13.129132
v 120.423286 5.123194 13.116770
v 120.409935 5.100759 13.109676
v 119.195663 4.248678 13.021452
v 119.205826 4.190259 12.989215
v 119.179550 4.111465 13.062815
v 119.208282 4.082922 12.996709
v 119.170624 4.308964 13.044926
v 119.135315 4.260904 13.072265
v 119.163551 4.411569 13.027567
v 120.433693 5.078609 13.028063
v 120.374687 5.014972 12.996214
v 120.412361 5.052355 12.970008
v 120.456406 5.104835 12.975504
v 119.042130 4.062911 12.935486
v 119.018517 4.058488 12.998966
v 118.989632 4.192176 12.998512
v 119.011360 4.198740 12.938376
v 119.041306 4.063225 13.062454
v 119.009300 4.198291 13.057659
v 118.951050 4.334659 12.997859
v 120.457420 5.150034 13.008516
v 120.469727 5.150247 12.975685
v 120.481277 5.183284 12.943120
v 119.189247 2.797774 13.000720
v 119.069962 2.338686 12.999547
v 119.235420 2.796681 12.879780
v 119.132721 2.333704 12.835637
v 119.050179 1.934505 12.796578
v 118.972641 1.941134 12.998590
v 120.368027 5.012297 13.058345
v 120.341515 4.984287 13.025387
v 120.288628 4.960641 13.075263
v 120.285805 4.936413 13.020987
v 119.453110 1.899153 12.800541
v 119.458809 2.307133 12.838844
v 119.518333 2.302151 13.003956
v 119.526665 1.892524 13.004038
v 119.475334 2.790849 12.882139
v 119.519127 2.789756 13.003964
v 120.208649 5.031794 13.057590
v 120.269760 5.117339 12.989879
v 120.234818 5.081994 12.970634
v 120.180359 5.021767 13.003016
v 120.358345 5.195748 12.906548
v 120.268074 5.094839 12.927473
v 120.196037 5.012555 12.957336
v 120.292740 5.104056 13.077404
v 120.304283 5.143671 13.024474
v 120.356796 5.192229 13.000858
v 120.393913 5.217807 12.985538
v 120.415474 5.235749 12.930409
v 120.446213 5.135508 13.048746
v 120.428772 5.089944 13.076027
v 120.351204 5.035065 13.103656
v 120.388405 5.041659 13.086267
v 118.995537 4.387559 13.056679
v 118.999695 4.401377 13.070871
v 118.934952 4.353645 13.079726
v 118.945793 4.335402 13.076359
v 120.400703 5.145066 13.128572
v 120.373955 5.120406 13.120397
v 120.417892 5.155343 13.136840
v 119.454552 1.011494 12.778154
v 119.504852 0.982166 13.003824
v 119.226990 0.921453 13.001091
v 119.229851 0.982762 12.723358
v 119.450119 1.011494 13.228460
v 119.224388 0.982762 13.278827
v 118.999817 1.012459 13.224031
v 118.949387 0.983357 12.998362
v 119.004242 1.012459 12.773726
v 119.296371 2.320419 12.775550
v 119.355827 2.793765 12.835442
v 119.252396 1.916829 12.722527
v 119.070038 4.219714 13.081776
v 119.104866 4.077950 13.087328
v 119.068581 4.217350 12.910943
v 119.105431 4.077080 12.910107
v 120.306854 5.074466 12.901124
v 120.235260 4.986692 12.938231
v 120.383034 5.161516 12.858089
v 120.311470 5.059453 13.106043
v 120.239708 4.987218 13.090464
v 119.286163 5.918491 12.774509
v 119.298218 5.960104 12.818008
v 119.295425 6.011628 12.864863
v 119.170151 5.964096 12.822090
v 119.177765 5.911835 12.866579
v 119.188950 5.980782 12.903357
v 119.175842 6.014587 12.864845
v 119.250046 5.901720 12.746211
v 119.256531 5.803403 12.771025
v 119.195648 5.811323 12.878483
v 119.212799 5.890538 12.895386
v 119.229004 5.966427 12.921011
v 119.207466 6.523281 12.558480
v 119.241585 6.518371 12.547318
v 119.241302 6.471419 12.563104
v 119.206604 6.475807 12.574652
v 119.275276 6.521937 12.560170
v 119.275566 6.475639 12.575947
v 119.287415 6.532992 12.592505
v 119.287910 6.487082 12.608711
v 119.274124 6.544551 12.624206
v 119.274399 6.498589 12.640989
v 119.240005 6.549462 12.635366
v 119.239700 6.502975 12.652537
v 119.206322 6.545895 12.622515
v 119.205437 6.498758 12.639694
v 119.194176 6.534841 12.590181
v 119.193092 6.487313 12.606930
v 119.213676 6.619409 12.525614
v 119.246498 6.611269 12.515950
v 119.242409 6.564936 12.531645
v 119.208923 6.571216 12.542130
v 119.278900 6.611406 12.529616
v 119.275467 6.567025 12.544806
v 119.290581 6.620943 12.561474
v 119.287384 6.577393 12.576833
v 119.277794 6.633479 12.591831
v 119.274338 6.589335 12.607857
v 119.244980 6.641620 12.601495
v 119.240860 6.595613 12.618341
v 119.212570 6.641482 12.587829
v 119.207802 6.593526 12.605183
v 119.200897 6.631947 12.555971
v 119.195885 6.583156 12.573154
v 119.109863 4.587466 12.891872
v 119.161964 4.584860 12.907572
v 119.156311 4.503818 12.919085
v 119.102409 4.506501 12.904392
v 119.190376 4.587539 12.952696
v 119.185089 4.504547 12.962690
v 119.173569 4.594117 13.003741
v 119.165642 4.511390 13.013351
v 119.126732 4.600932 13.031755
v 119.115974 4.517512 13.041824
v 119.075096 4.604239 13.015464
v 119.063957 4.524952 13.025024
v 119.047157 4.602260 12.969747
v 119.036652 4.524539 12.980194
v 119.063499 4.594981 12.919294
v 119.054619 4.517382 12.930999
v 119.123352 4.736193 12.873796
v 119.174309 4.733494 12.889914
v 119.168266 4.660376 12.897900
v 119.116730 4.663085 12.881698
v 119.202423 4.736192 12.935376
v 119.196648 4.663094 12.943705
v 119.186775 4.743388 12.986047
v 119.180725 4.670273 12.994850
v 119.141479 4.750583 13.013625
v 119.134857 4.677482 13.022717
v 119.090515 4.753281 12.997507
v 119.083382 4.680279 13.006440
v 119.062408 4.750583 12.952044
v 119.055054 4.677649 12.960562
v 119.078056 4.743388 12.901374
v 119.070923 4.670381 12.909490
v 119.136169 4.877923 12.859126
v 119.186012 4.875284 12.874890
v 119.180214 4.805021 12.882336
v 119.129822 4.807689 12.866395
v 119.213501 4.877923 12.919353
v 119.208008 4.807690 12.927293
v 119.198204 4.884961 12.968910
v 119.192535 4.814806 12.977402
v 119.153900 4.891998 12.995882
v 119.147743 4.821921 13.004675
v 119.104057 4.894637 12.980118
v 119.097351 4.824590 12.988735
v 119.076569 4.891998 12.935656
v 119.069550 4.821921 12.943777
v 119.091873 4.884961 12.886098
v 119.085022 4.814805 12.893668
v 119.148598 5.015312 12.844906
v 119.197357 5.012731 12.860327
v 119.191719 4.944476 12.867558
v 119.142426 4.947086 12.851967
v 119.224243 5.015312 12.903820
v 119.218910 4.947087 12.911533
v 119.209274 5.022196 12.952298
v 119.203773 4.954046 12.960547
v 119.165939 5.029080 12.978683
v 119.159966 4.961007 12.987224
v 119.117188 5.031661 12.963262
v 119.110664 4.963617 12.971632
v 119.090294 5.029079 12.919767
v 119.083481 4.961006 12.927657
v 119.105263 5.022196 12.871290
v 119.098610 4.954047 12.878644
v 119.160728 5.149372 12.831030
v 119.208420 5.146846 12.846116
v 119.202919 5.080159 12.853182
v 119.154701 5.082713 12.837929
v 119.234726 5.149372 12.888664
v 119.229515 5.082713 12.896200
v 119.220085 5.156106 12.936089
v 119.214714 5.089522 12.944148
v 119.177689 5.162840 12.961900
v 119.171852 5.096330 12.970245
v 119.129997 5.165365 12.946814
v 119.123627 5.098884 12.954992
v 119.103691 5.162840 12.904265
v 119.097031 5.096330 12.911974
v 119.118332 5.156106 12.856841
v 119.111832 5.089521 12.864025
v 119.172607 5.280739 12.817433
v 119.219269 5.278267 12.832191
v 119.213867 5.212863 12.839121
v 119.166695 5.215360 12.824201
v 119.245003 5.280738 12.873814
v 119.239891 5.215360 12.881205
v 119.230675 5.287325 12.920205
v 119.225410 5.222021 12.928110
v 119.189209 5.293913 12.945454
v 119.183479 5.228682 12.953638
v 119.142548 5.296383 12.930696
v 119.136299 5.231180 12.938718
v 119.116814 5.293913 12.889074
v 119.110283 5.228682 12.896635
v 119.131142 5.287325 12.842682
v 119.124763 5.222022 12.849729
v 119.184288 5.409848 12.804070
v 119.229927 5.407433 12.818504
v 119.224617 5.343111 12.825320
v 119.178474 5.345553 12.810724
v 119.255096 5.409848 12.859217
v 119.250069 5.345553 12.866486
v 119.241089 5.416293 12.904594
v 119.235901 5.352069 12.912367
v 119.200523 5.422736 12.929291
v 119.194885 5.358584 12.937340
v 119.154884 5.425152 12.914856
v 119.148743 5.361027 12.922745
v 119.129715 5.422735 12.874144
v 119.123291 5.358584 12.881578
v 119.143730 5.416293 12.828768
v 119.137459 5.352068 12.835696
v 119.195793 5.537022 12.790907
v 119.240425 5.534659 12.805023
v 119.235199 5.471271 12.811741
v 119.190063 5.473661 12.797465
v 119.265045 5.537022 12.844839
v 119.260086 5.473661 12.852002
v 119.251343 5.543324 12.889216
v 119.246231 5.480033 12.896878
v 119.211670 5.549625 12.913370
v 119.206116 5.486406 12.921302
v 119.167038 5.551989 12.899253
v 119.160980 5.488796 12.907027
v 119.142418 5.549625 12.859438
v 119.136093 5.486406 12.866764
v 119.156128 5.543324 12.815060
v 119.149948 5.480033 12.821890
v 119.207146 5.662502 12.777920
v 119.250786 5.660191 12.791722
v 119.245621 5.597624 12.798352
v 119.201485 5.599961 12.784393
v 119.274857 5.662502 12.830653
v 119.269966 5.599961 12.837724
v 119.261459 5.668663 12.874044
v 119.256416 5.606193 12.881607
v 119.222672 5.674826 12.897661
v 119.217186 5.612423 12.905491
v 119.179031 5.677135 12.883859
v 119.173050 5.614760 12.891531
v 119.154961 5.674826 12.844927
v 119.148712 5.612424 12.852160
v 119.168358 5.668663 12.801536
v 119.162262 5.606193 12.808276
v 119.255447 5.724833 12.784323
v 119.212128 5.726421 12.770766
v 119.280190 5.727359 12.823668
v 119.266808 5.731483 12.867471
v 119.228752 5.737597 12.890926
v 119.185493 5.740565 12.877307
v 119.160851 5.739327 12.837852
v 119.174057 5.732015 12.794216
v 119.490768 1.386942 12.743187
v 119.585785 1.385158 13.004620
v 119.605370 1.155224 13.004812
v 119.504288 1.158524 12.729662
v 119.485641 1.386941 13.264133
v 119.498901 1.158524 13.277922
v 119.224472 1.391700 13.359252
v 119.223778 1.156756 13.379021
v 118.965225 1.396458 13.259015
v 118.950706 1.160748 13.272530
v 118.870209 1.398243 12.997582
v 118.849617 1.158288 12.997380
v 118.970352 1.396459 12.738070
v 118.956100 1.160749 12.724272
v 119.231522 1.391700 12.642950
v 119.231209 1.156755 12.623171
v 119.550575 1.609607 13.004273
v 119.465729 1.614343 12.770259
v 119.461143 1.614343 13.236574
v 119.227913 1.626972 13.321723
v 118.996407 1.639602 13.232003
v 118.911560 1.644338 12.997990
v 119.000992 1.639602 12.765690
v 119.234222 1.626972 12.680540
v 119.143372 3.097260 13.106634
v 119.104889 3.093299 12.999890
v 119.142090 2.947474 13.000257
v 119.183159 2.949332 13.114328
v 119.145462 3.097260 12.893925
v 119.185394 2.949333 12.887014
v 119.251259 3.107826 12.855078
v 119.298309 2.954286 12.845499
v 119.356270 3.118392 12.895998
v 119.410385 2.959239 12.889227
v 119.394753 3.122355 13.002741
v 119.451454 2.961098 13.003298
v 119.354179 3.118392 13.108707
v 119.408150 2.959239 13.116541
v 119.248383 3.107826 13.147554
v 119.295235 2.954286 13.158056
v 119.107903 3.368118 13.093718
v 119.073944 3.363605 12.999586
v 119.084320 3.232094 12.999689
v 119.120445 3.236751 13.099836
v 119.109749 3.368118 12.906140
v 119.122414 3.236752 12.900270
v 119.203110 3.380154 12.871884
v 119.221725 3.249170 12.863825
v 119.295776 3.392189 12.907969
v 119.320312 3.261589 12.902216
v 119.329735 3.396702 13.002102
v 119.356438 3.266247 13.002365
v 119.293930 3.392189 13.095548
v 119.318344 3.261589 13.101782
v 119.200569 3.380154 13.129804
v 119.219032 3.249170 13.138228
v 119.087662 3.611488 13.082478
v 119.057701 3.607506 12.999427
v 119.065628 3.488411 12.999504
v 119.097542 3.492652 13.087967
v 119.089287 3.611488 12.916981
v 119.099274 3.492652 12.911687
v 119.171654 3.622107 12.886757
v 119.187012 3.503963 12.879495
v 119.253418 3.632725 12.918594
v 119.274101 3.515273 12.913406
v 119.283379 3.636707 13.001646
v 119.306015 3.519514 13.001869
v 119.251785 3.632725 13.084092
v 119.272369 3.515272 13.089685
v 119.169418 3.622107 13.114315
v 119.184631 3.503963 13.121878
v 119.069000 3.835789 13.072118
v 119.042725 3.832297 12.999279
v 119.050079 3.721909 12.999352
v 119.078163 3.725641 13.077206
v 119.070427 3.835789 12.926971
v 119.079689 3.725641 12.922065
v 119.142670 3.845102 12.900465
v 119.156906 3.735595 12.893733
v 119.214371 3.854414 12.928387
v 119.233543 3.745548 12.923578
v 119.240646 3.857906 13.001225
v 119.261627 3.749281 13.001431
v 119.212944 3.854414 13.073533
v 119.232018 3.745548 13.078718
v 119.140701 3.845101 13.100041
v 119.154808 3.735595 13.107050
v 119.034332 3.941151 12.999187
v 119.058846 3.944623 13.067196
v 119.060127 3.944584 12.931618
v 119.127785 3.954212 12.906580
v 119.196098 3.964366 12.932116
v 119.221153 3.965723 13.000534
v 119.194893 3.964466 13.068566
v 119.126091 3.954315 13.093306
v 119.583656 3.092917 12.895809
v 119.622787 3.086978 13.004984
v 119.576195 2.939064 13.004525
v 119.534760 2.943003 12.889068
v 119.581520 3.092917 13.113367
v 119.532494 2.943003 13.119146
v 119.473915 3.108757 13.153105
v 119.418556 2.953506 13.161169
v 119.367119 3.124596 13.111259
v 119.305473 2.964009 13.116913
v 119.327988 3.130535 13.002085
v 119.264038 2.967948 13.001455
v 119.369255 3.124596 12.893702
v 119.307732 2.964009 12.886835
v 119.476860 3.108757 12.853963
v 119.421669 2.953506 12.844811
v 119.635307 3.378816 12.908306
v 119.670105 3.372522 13.005449
v 119.651871 3.232038 13.005269
v 119.614952 3.238573 12.902220
v 119.633408 3.378816 13.101889
v 119.612938 3.238573 13.107574
v 119.537727 3.395598 13.137247
v 119.511429 3.255998 13.145083
v 119.442757 3.412380 13.100014
v 119.410675 3.273423 13.105585
v 119.407959 3.418674 13.002871
v 119.373764 3.279958 13.002535
v 119.444664 3.412380 12.906432
v 119.412697 3.273423 12.900230
v 119.540344 3.395598 12.871073
v 119.514206 3.255998 12.862720
v 119.670303 3.641907 12.919698
v 119.701126 3.636332 13.005754
v 119.685928 3.507108 13.005605
v 119.653160 3.513035 12.914118
v 119.668617 3.641907 13.091187
v 119.651367 3.513035 13.096430
v 119.583855 3.656775 13.122511
v 119.561256 3.528841 13.129730
v 119.499718 3.671641 13.089527
v 119.471817 3.544646 13.094664
v 119.468895 3.677217 13.003470
v 119.439049 3.550572 13.003178
v 119.501404 3.671641 12.918036
v 119.473610 3.544646 12.912352
v 119.586166 3.656775 12.886713
v 119.563721 3.528841 12.879051
v 119.702454 3.885372 12.930285
v 119.729317 3.879491 13.005998
v 119.715706 3.760795 13.005894
v 119.686798 3.766153 12.925082
v 119.700829 3.884844 13.081184
v 119.685196 3.766087 13.086122
v 119.626724 3.899724 13.108778
v 119.605659 3.780272 13.115540
v 119.553230 3.914803 13.079782
v 119.526718 3.794483 13.084569
v 119.526367 3.920684 13.004068
v 119.497810 3.799840 13.003759
v 119.554855 3.915331 12.928882
v 119.528320 3.794549 12.923531
v 119.628960 3.900451 12.901289
v 119.607857 3.780363 12.894112
v 119.740219 4.097462 12.940603
v 119.762505 4.087415 13.007517
v 119.742828 3.990193 13.006229
v 119.718269 3.997818 12.935363
v 119.737968 4.094373 13.074114
v 119.716423 3.996178 13.076656
v 119.675125 4.116468 13.098724
v 119.648125 4.014012 13.102562
v 119.613113 4.139722 13.073268
v 119.580513 4.032463 13.075483
v 119.590828 4.149769 13.006354
v 119.555954 4.040087 13.004618
v 119.615364 4.142811 12.939758
v 119.582359 4.034104 12.934191
v 119.678207 4.120715 12.915148
v 119.650658 4.016268 12.908284
v 119.812096 4.251526 12.951998
v 119.831100 4.237523 13.014746
v 119.793495 4.167514 13.010607
v 119.773117 4.179904 12.946230
v 119.808922 4.246155 13.077453
v 119.770355 4.175461 13.074819
v 119.753418 4.275329 13.100922
v 119.711823 4.201743 13.098708
v 119.699097 4.306517 13.077346
v 119.654312 4.229692 13.074377
v 119.680084 4.320520 13.014598
v 119.633934 4.242083 13.009999
v 119.702263 4.311888 12.951890
v 119.657074 4.234136 12.945787
v 119.757774 4.282714 12.928421
v 119.715607 4.207853 12.921899
v 119.889153 4.386768 12.963058
v 119.906952 4.372476 13.023146
v 119.869354 4.305441 13.018988
v 119.851120 4.319925 12.957611
v 119.885887 4.381148 13.083255
v 119.847816 4.314247 13.080378
v 119.833466 4.410715 13.105818
v 119.794174 4.344234 13.103413
v 119.782257 4.442389 13.083307
v 119.741760 4.376351 13.080411
v 119.764458 4.456681 13.023219
v 119.723526 4.390835 13.019033
v 119.785522 4.448008 12.963110
v 119.745064 4.382030 12.957645
v 119.837944 4.418442 12.940547
v 119.798706 4.352042 12.934609
v 119.962433 4.515721 12.973597
v 119.979652 4.502264 13.031208
v 119.943771 4.438176 13.027220
v 119.926323 4.452140 12.968384
v 119.959839 4.511178 13.088849
v 119.923195 4.446743 13.086077
v 119.909988 4.540158 13.110499
v 119.871910 4.475771 13.108171
v 119.861099 4.570841 13.088930
v 119.821800 4.506824 13.086132
v 119.843887 4.584301 13.031319
v 119.804352 4.520789 13.027296
v 119.863693 4.575385 12.973678
v 119.824928 4.512222 12.968439
v 119.913544 4.546405 12.952027
v 119.876213 4.483192 12.946343
v 120.033600 4.635997 12.981387
v 120.050812 4.624332 13.036425
v 120.014786 4.564461 13.034798
v 119.997604 4.577113 12.978411
v 120.033806 4.635782 13.091525
v 119.996216 4.574464 13.091237
v 119.988220 4.666563 13.112261
v 119.948296 4.604174 13.112461
v 119.942551 4.697425 13.091694
v 119.900894 4.634878 13.091373
v 119.925339 4.709091 13.036656
v 119.883720 4.647531 13.034986
v 119.942345 4.697640 12.981556
v 119.902283 4.637528 12.978547
v 119.987938 4.666860 12.960821
v 119.950203 4.607818 12.957323
v 120.110466 4.745436 12.979682
v 120.127457 4.735560 13.031502
v 120.088982 4.681446 13.034863
v 120.071808 4.692124 12.981397
v 120.113380 4.749102 13.083349
v 120.073586 4.694197 13.088377
v 120.072487 4.781012 13.102823
v 120.030487 4.725822 13.108501
v 120.030502 4.811548 13.083421
v 119.986717 4.756671 13.088509
v 120.013504 4.821424 13.031601
v 119.969536 4.767349 13.035043
v 120.027588 4.807881 12.979753
v 119.984932 4.754600 12.981528
v 120.068481 4.775971 12.960280
v 120.028038 4.722973 12.961403
v 120.183105 4.844570 12.975934
v 120.199272 4.835487 13.024738
v 120.164185 4.786662 13.028035
v 120.147552 4.796046 12.977767
v 120.186401 4.848786 13.073557
v 120.150879 4.800288 13.078320
v 120.148300 4.879420 13.091881
v 120.111580 4.831762 13.097195
v 120.108963 4.908471 13.073595
v 120.071030 4.861647 13.078363
v 120.092796 4.917554 13.024792
v 120.054398 4.871031 13.028095
v 120.105667 4.904254 12.975972
v 120.067711 4.857406 12.977811
v 120.143768 4.873621 12.957649
v 120.107010 4.825931 12.958936
v 120.235939 4.883969 13.021711
v 120.221848 4.894116 12.972429
v 120.224297 4.897533 13.070200
v 120.186615 4.927753 13.087673
v 120.148277 4.957049 13.068419
v 120.131760 4.964535 13.019878
v 120.144638 4.951946 12.972303
v 120.182281 4.922579 12.954349
v 120.549889 5.168851 13.099245
v 120.539711 5.156562 13.136119
v 120.497391 5.130497 13.115152
v 120.508057 5.143307 13.079068
v 120.517075 5.168851 13.166949
v 120.474304 5.141928 13.147039
v 120.494293 5.201623 13.171587
v 120.451042 5.175038 13.152163
v 120.483826 5.234396 13.150836
v 120.440361 5.208755 13.130732
v 120.494003 5.246685 13.113962
v 120.450912 5.221610 13.092584
v 120.516647 5.234396 13.083132
v 120.474060 5.208972 13.061279
v 120.539421 5.201623 13.078495
v 120.497139 5.175364 13.057772
v 120.629250 5.221410 13.139943
v 120.619614 5.209776 13.174850
v 120.580872 5.183973 13.156071
v 120.590775 5.195926 13.120211
v 120.598183 5.221410 13.204037
v 120.558853 5.195926 13.186054
v 120.576622 5.252435 13.208427
v 120.536705 5.227798 13.190565
v 120.566711 5.283459 13.188783
v 120.526527 5.259670 13.170383
v 120.576347 5.295094 13.153875
v 120.536423 5.271622 13.134523
v 120.597778 5.283459 13.124689
v 120.558441 5.259670 13.104539
v 120.619339 5.252434 13.120298
v 120.580589 5.227798 13.100029
v 120.701103 5.268997 13.176792
v 120.691963 5.257957 13.209919
v 120.656532 5.234360 13.192745
v 120.665916 5.245693 13.158746
v 120.671623 5.268997 13.237617
v 120.635658 5.245693 13.221172
v 120.651161 5.298440 13.241783
v 120.614655 5.275909 13.225448
v 120.641754 5.327882 13.223141
v 120.605003 5.306127 13.206314
v 120.650902 5.338923 13.190014
v 120.614388 5.317458 13.172316
v 120.671242 5.327883 13.162315
v 120.635262 5.306128 13.143888
v 120.691704 5.298440 13.158150
v 120.656265 5.275909 13.139612
v 120.767998 5.313297 13.211096
v 120.759315 5.302810 13.242565
v 120.726166 5.280734 13.226498
v 120.735077 5.291495 13.194213
v 120.739990 5.313298 13.268878
v 120.706345 5.291495 13.253492
v 120.720551 5.341268 13.272836
v 120.686401 5.320189 13.257553
v 120.711617 5.369236 13.255125
v 120.677238 5.348884 13.239384
v 120.720306 5.379726 13.223656
v 120.686142 5.359645 13.207098
v 120.739624 5.369236 13.197343
v 120.705971 5.348884 13.180104
v 120.759064 5.341268 13.193386
v 120.725914 5.320189 13.176044
v 120.831223 5.355172 13.243521
v 120.822975 5.345205 13.273423
v 120.791550 5.324276 13.258190
v 120.800011 5.334501 13.227514
v 120.804611 5.355172 13.298426
v 120.772713 5.334501 13.283839
v 120.786140 5.381749 13.302187
v 120.753761 5.361765 13.287698
v 120.777649 5.408326 13.285358
v 120.745056 5.389030 13.270433
v 120.785904 5.418293 13.255455
v 120.753517 5.399255 13.239758
v 120.804268 5.408326 13.230453
v 120.772354 5.389030 13.214108
v 120.822739 5.381749 13.226692
v 120.791306 5.361765 13.210250
v 120.891579 5.395141 13.274469
v 120.883736 5.385674 13.302877
v 120.853676 5.365656 13.288308
v 120.861725 5.375370 13.259161
v 120.866295 5.395141 13.326630
v 120.835785 5.375370 13.312678
v 120.848747 5.420389 13.330202
v 120.817780 5.401277 13.316344
v 120.840683 5.445637 13.314216
v 120.809502 5.427181 13.299942
v 120.848518 5.455105 13.285808
v 120.817551 5.436896 13.270793
v 120.865967 5.445637 13.262055
v 120.835449 5.427181 13.246423
v 120.883514 5.420389 13.258482
v 120.853447 5.401276 13.242757
v 120.949577 5.433554 13.304214
v 120.942131 5.424565 13.331184
v 120.913208 5.405298 13.317162
v 120.920845 5.414525 13.289479
v 120.925575 5.433554 13.353735
v 120.896210 5.414524 13.340308
v 120.908913 5.457525 13.357128
v 120.879105 5.439128 13.343790
v 120.901260 5.481496 13.341949
v 120.871246 5.463731 13.328210
v 120.908699 5.490485 13.314978
v 120.878891 5.472958 13.300528
v 120.925262 5.481496 13.292427
v 120.895889 5.463732 13.277382
v 120.941917 5.457524 13.289036
v 120.912987 5.439128 13.273900
v 121.005600 5.470658 13.332945
v 120.998543 5.462132 13.358528
v 120.970566 5.443500 13.344967
v 120.977821 5.452257 13.318697
v 120.982834 5.470658 13.379917
v 120.954437 5.452257 13.366933
v 120.967033 5.493395 13.383136
v 120.938210 5.475606 13.370237
v 120.959770 5.516132 13.368738
v 120.930756 5.498955 13.355453
v 120.966827 5.524659 13.343156
v 120.938004 5.507710 13.329182
v 120.982536 5.516132 13.321766
v 120.954132 5.498955 13.307216
v 120.998344 5.493395 13.318548
v 120.970360 5.475605 13.303911
v 121.059937 5.506639 13.360807
v 121.053246 5.498561 13.385044
v 121.026093 5.480479 13.371881
v 121.032967 5.488779 13.346977
v 121.038361 5.506639 13.405309
v 121.010803 5.488779 13.392706
v 121.023392 5.528181 13.408357
v 120.995415 5.510914 13.395838
v 121.016510 5.549722 13.394717
v 120.988350 5.533049 13.381822
v 121.023201 5.557799 13.370481
v 120.995224 5.541349 13.356917
v 121.038086 5.549722 13.350216
v 121.010513 5.533050 13.336094
v 121.053055 5.528181 13.347168
v 121.025894 5.510915 13.332961
v 121.112785 5.541641 13.387910
v 121.106461 5.533999 13.410837
v 121.080025 5.516398 13.398026
v 121.086533 5.524256 13.374448
v 121.092377 5.541641 13.430008
v 121.065552 5.524256 13.417739
v 121.078217 5.562018 13.432890
v 121.050987 5.545211 13.420704
v 121.071709 5.582396 13.419988
v 121.044296 5.566166 13.407435
v 121.078033 5.590037 13.397060
v 121.050797 5.574024 13.383858
v 121.092117 5.582396 13.377891
v 121.065277 5.566167 13.364144
v 121.106277 5.562018 13.375008
v 121.079842 5.545211 13.361178
v 121.164330 5.575776 13.414342
v 121.158356 5.568562 13.435992
v 121.132561 5.551384 13.423491
v 121.138710 5.558811 13.401205
v 121.145058 5.575776 13.454094
v 121.118874 5.558811 13.442123
v 121.131683 5.595019 13.456818
v 121.105110 5.578617 13.444925
v 121.125542 5.614261 13.444633
v 121.098785 5.598424 13.432384
v 121.131516 5.621477 13.422983
v 121.104935 5.605851 13.410099
v 121.144806 5.614261 13.404881
v 121.118622 5.598423 13.391467
v 121.158180 5.595019 13.402157
v 121.132385 5.578618 13.388664
v 121.214699 5.609136 13.440174
v 121.209068 5.602336 13.460576
v 121.183853 5.585541 13.448352
v 121.189651 5.592548 13.427329
v 121.196541 5.609136 13.477634
v 121.170944 5.592548 13.465929
v 121.183937 5.627269 13.480200
v 121.157959 5.611232 13.468573
v 121.178146 5.645402 13.468718
v 121.151985 5.629917 13.456741
v 121.183777 5.652201 13.448317
v 121.157791 5.636923 13.435719
v 121.196304 5.645401 13.431257
v 121.170700 5.629917 13.418141
v 121.208908 5.627269 13.428692
v 121.183685 5.611232 13.415498
v 121.232239 5.619088 13.471807
v 121.237206 5.625258 13.452667
v 121.220291 5.625259 13.487565
v 121.208824 5.642322 13.490093
v 121.203156 5.659044 13.479259
v 121.208672 5.665555 13.460382
v 121.220070 5.659044 13.444361
v 121.232086 5.642322 13.442097
v 119.004936 4.507289 12.912883
v 119.012100 4.538314 12.994240
v 119.048576 4.483486 12.989618
v 119.047302 4.477966 12.905710
v 118.992844 4.529648 13.053121
v 119.029762 4.473559 13.051479
v 118.943535 4.497963 13.074177
v 118.979065 4.441594 13.076027
v 118.885811 4.437041 13.052291
v 118.910278 4.395343 13.076254
v 118.821678 4.599250 13.052132
v 118.804428 4.588800 12.996936
v 118.841492 4.523978 12.996729
v 118.858490 4.532550 13.052303
v 118.822762 4.599249 12.942090
v 118.858536 4.534248 12.940354
v 118.874802 4.457891 12.915656
v 118.875572 4.455284 12.994208
v 118.870407 4.627115 12.921924
v 118.907738 4.562470 12.921329
v 118.917648 4.654980 12.943023
v 118.956116 4.589343 12.940939
v 118.944077 4.495198 12.915831
v 118.934898 4.665430 12.998219
v 118.972626 4.601204 12.997786
v 118.916565 4.654980 13.053064
v 118.954155 4.591262 13.053205
v 118.868919 4.627115 13.073232
v 118.906372 4.562663 13.073359
v 118.745697 4.727869 13.051767
v 118.728325 4.717348 12.996187
v 118.766472 4.652923 12.996563
v 118.783775 4.663407 13.051950
v 118.746788 4.727869 12.940961
v 118.784866 4.663407 12.941526
v 118.794769 4.755928 12.920654
v 118.832680 4.691370 12.921290
v 118.842331 4.783987 12.941900
v 118.880081 4.719331 12.942463
v 118.859703 4.794508 12.997479
v 118.897392 4.729817 12.997850
v 118.841248 4.783986 13.052706
v 118.878998 4.719331 13.052886
v 118.793266 4.755928 13.073012
v 118.831184 4.691370 13.073122
v 118.669090 4.857552 13.051398
v 118.651596 4.846957 12.995433
v 118.690033 4.782036 12.995811
v 118.707466 4.792593 13.051583
v 118.670189 4.857552 12.939822
v 118.708557 4.792593 12.940392
v 118.718498 4.885806 12.919374
v 118.756699 4.820750 12.920015
v 118.766396 4.914059 12.940768
v 118.804436 4.848906 12.941336
v 118.783890 4.924654 12.996735
v 118.821861 4.859464 12.997108
v 118.765297 4.914059 13.052345
v 118.803337 4.848905 13.052526
v 118.716988 4.885806 13.072792
v 118.755196 4.820749 13.072903
v 118.591980 4.988081 13.051027
v 118.574371 4.977412 12.994674
v 118.613037 4.912088 12.995054
v 118.630592 4.922720 13.051213
v 118.593086 4.988081 12.938677
v 118.631691 4.922720 12.939250
v 118.641731 5.016531 12.918087
v 118.680168 4.951072 12.918732
v 118.689964 5.044981 12.939629
v 118.728233 4.979424 12.940200
v 118.707573 5.055649 12.995983
v 118.745789 4.990056 12.996359
v 118.688858 5.044981 13.051981
v 118.727135 4.979424 13.052163
v 118.640213 5.016530 13.072570
v 118.678658 4.951072 13.072681
v 118.514458 5.119313 13.050655
v 118.496719 5.108571 12.993910
v 118.535591 5.042911 12.994292
v 118.553268 5.053616 13.050842
v 118.515564 5.119313 12.937525
v 118.554375 5.053616 12.938101
v 118.564552 5.147961 12.916792
v 118.603188 5.082165 12.917440
v 118.613121 5.176608 12.938484
v 118.651588 5.110713 12.939057
v 118.630852 5.187350 12.995230
v 118.669258 5.121418 12.995606
v 118.612007 5.176607 13.051615
v 118.650482 5.110713 13.051798
v 118.563019 5.147961 13.072347
v 118.601662 5.082164 13.072458
v 118.436691 5.250950 13.050282
v 118.418884 5.240057 12.993145
v 118.457779 5.174346 12.993526
v 118.475571 5.185137 13.050468
v 118.437813 5.250950 12.936369
v 118.476685 5.185136 12.936947
v 118.487015 5.279997 12.915491
v 118.525826 5.213908 12.916142
v 118.535797 5.309044 12.937332
v 118.574547 5.242680 12.937909
v 118.553612 5.319936 12.994469
v 118.592331 5.253469 12.994850
v 118.534676 5.309044 13.051246
v 118.573425 5.242679 13.051431
v 118.485474 5.279996 13.072123
v 118.524292 5.213908 13.072235
v 118.350883 5.394468 13.048791
v 118.333496 5.383336 12.992305
v 118.379128 5.307099 12.992754
v 118.396866 5.318163 13.049957
v 118.351990 5.394467 12.936172
v 118.397987 5.318162 12.935910
v 118.400047 5.424150 12.915526
v 118.446991 5.347667 12.915007
v 118.447685 5.453832 12.937113
v 118.495567 5.377170 12.936871
v 118.465073 5.464963 12.993599
v 118.513306 5.388233 12.994073
v 118.446571 5.453833 13.049732
v 118.494446 5.377170 13.050917
v 118.398521 5.424149 13.070377
v 118.445442 5.347665 13.071820
v 119.277191 6.088502 12.971359
v 119.235168 6.079851 12.984127
v 119.234756 6.028184 12.951753
v 119.277313 6.036281 12.938891
v 119.193405 6.088502 12.970522
v 119.193329 6.037815 12.937826
v 119.178093 6.111573 12.935191
v 119.178436 6.062784 12.902304
v 119.194176 6.134645 12.900179
v 119.194290 6.088834 12.867251
v 119.236115 6.143296 12.887424
v 119.236412 6.099027 12.855688
v 119.277794 6.134644 12.901042
v 119.278259 6.088782 12.868148
v 119.293182 6.111573 12.936359
v 119.293282 6.062278 12.903446
v 119.277069 6.189257 13.036879
v 119.234528 6.180647 13.049833
v 119.234848 6.130072 13.016872
v 119.277145 6.138651 13.003996
v 119.192245 6.189257 13.036043
v 119.192810 6.138651 13.003165
v 119.176689 6.212219 13.000227
v 119.177361 6.161526 12.967563
v 119.192947 6.235179 12.964723
v 119.193520 6.184403 12.932274
v 119.235489 6.243790 12.951767
v 119.235809 6.192981 12.919398
v 119.277771 6.235180 12.965557
v 119.277832 6.184403 12.933107
v 119.293327 6.212219 13.001373
v 119.293297 6.161526 12.968708
v 119.276909 6.290751 13.102778
v 119.233879 6.281853 13.115750
v 119.234200 6.231399 13.082903
v 119.276985 6.240082 13.069889
v 119.191109 6.290751 13.101934
v 119.191673 6.240081 13.069050
v 119.175369 6.314480 13.066059
v 119.176033 6.263238 13.033072
v 119.191811 6.338208 13.030500
v 119.192375 6.286395 12.997408
v 119.234840 6.347107 13.017529
v 119.235168 6.295078 12.984394
v 119.277611 6.338209 13.031343
v 119.277695 6.286395 12.998246
v 119.293350 6.314480 13.067220
v 119.293335 6.263238 13.034225
v 119.275841 6.390769 13.170979
v 119.233215 6.381062 13.183180
v 119.233551 6.331634 13.148483
v 119.276718 6.340954 13.135750
v 119.190834 6.390769 13.170143
v 119.190643 6.340954 13.134904
v 119.175224 6.416656 13.136335
v 119.174850 6.365806 13.099663
v 119.191498 6.442542 13.102840
v 119.191338 6.390659 13.064740
v 119.234123 6.452250 13.090639
v 119.234505 6.399980 13.052008
v 119.276505 6.442542 13.103676
v 119.277412 6.390658 13.065587
v 119.292114 6.416656 13.137485
v 119.293205 6.365807 13.100827
v 119.271355 6.485439 13.248266
v 119.232468 6.475786 13.258750
v 119.232841 6.429999 13.221164
v 119.273842 6.439812 13.209805
v 119.193794 6.485438 13.247503
v 119.192070 6.439811 13.209000
v 119.179543 6.511182 13.218386
v 119.177040 6.465978 13.177485
v 119.194366 6.536923 13.189555
v 119.192680 6.492143 13.146271
v 119.233253 6.546577 13.179070
v 119.233688 6.501955 13.134911
v 119.271927 6.536924 13.190318
v 119.274460 6.492143 13.147075
v 119.286179 6.511182 13.219435
v 119.289482 6.465977 13.178591
v 119.267097 6.560971 13.312628
v 119.231850 6.552058 13.321998
v 119.232140 6.516044 13.292130
v 119.269096 6.525364 13.282289
v 119.196785 6.560971 13.311935
v 119.195381 6.525365 13.281564
v 119.183853 6.584736 13.285897
v 119.181831 6.550219 13.254217
v 119.197296 6.608501 13.260118
v 119.195923 6.575075 13.227140
v 119.232552 6.617414 13.250748
v 119.232880 6.584394 13.217299
v 119.267609 6.608500 13.260809
v 119.269630 6.575075 13.227866
v 119.280540 6.584736 13.286848
v 119.283188 6.550219 13.255213
v 119.263458 6.625922 13.367970
v 119.231308 6.617795 13.376514
v 119.231575 6.585737 13.349928
v 119.265236 6.594246 13.340981
v 119.199333 6.625922 13.367339
v 119.198090 6.594246 13.340321
v 119.187546 6.647595 13.343592
v 119.185745 6.616940 13.315455
v 119.199799 6.669270 13.320082
v 119.198578 6.639633 13.290838
v 119.231949 6.677396 13.311537
v 119.232239 6.648144 13.281891
v 119.263924 6.669270 13.320713
v 119.265724 6.639634 13.291498
v 119.275719 6.647595 13.344460
v 119.278069 6.616940 13.316363
v 119.260101 6.685824 13.419008
v 119.230820 6.678420 13.426793
v 119.231064 6.648616 13.402075
v 119.261757 6.656375 13.393916
v 119.201691 6.685824 13.418434
v 119.200531 6.656375 13.393314
v 119.190948 6.705569 13.396801
v 119.189278 6.677068 13.370643
v 119.202110 6.725312 13.375384
v 119.200974 6.697760 13.348196
v 119.231400 6.732717 13.367599
v 119.231667 6.705521 13.340037
v 119.260529 6.725313 13.375958
v 119.262199 6.697760 13.348798
v 119.271271 6.705568 13.397591
v 119.273453 6.677068 13.371470
v 119.256943 6.741887 13.466676
v 119.230354 6.735001 13.473564
v 119.230583 6.707304 13.450727
v 119.258499 6.714383 13.443329
v 119.203911 6.741887 13.466154
v 119.202812 6.714383 13.442781
v 119.194153 6.760252 13.446992
v 119.192574 6.733261 13.422217
v 119.204285 6.778618 13.428025
v 119.203217 6.752138 13.401859
v 119.230873 6.785506 13.421137
v 119.231133 6.759217 13.394461
v 119.257317 6.778618 13.428547
v 119.258904 6.752139 13.402407
v 119.267075 6.760252 13.447709
v 119.269142 6.733261 13.422971
v 119.253990 6.793286 13.517154
v 119.229874 6.786248 13.522498
v 119.230141 6.761260 13.495918
v 119.255432 6.768167 13.489752
v 119.205872 6.793286 13.516680
v 119.204971 6.768167 13.489256
v 119.196991 6.812056 13.501708
v 119.195679 6.786583 13.472055
v 119.206161 6.830826 13.486913
v 119.205307 6.805001 13.455042
v 119.230278 6.837863 13.481568
v 119.230598 6.811906 13.448874
v 119.254288 6.830826 13.487387
v 119.255768 6.805001 13.455538
v 119.263161 6.812056 13.502358
v 119.265060 6.786584 13.472738
v 119.251472 6.838714 13.588998
v 119.229179 6.831535 13.593001
v 119.229538 6.809989 13.556751
v 119.252655 6.817142 13.552175
v 119.206970 6.838715 13.588560
v 119.206520 6.817142 13.551721
v 119.198738 6.857857 13.577219
v 119.197990 6.836220 13.538825
v 119.207191 6.876999 13.566042
v 119.206772 6.855299 13.526100
v 119.229485 6.884178 13.562038
v 119.229889 6.862453 13.521523
v 119.251694 6.876999 13.566480
v 119.252907 6.855299 13.526554
v 119.259933 6.857857 13.577821
v 119.261436 6.836221 13.539449
v 119.249619 6.873317 13.649432
v 119.228592 6.866418 13.653017
v 119.228867 6.850090 13.624960
v 119.250481 6.857163 13.621249
v 119.207642 6.873317 13.649019
v 119.207329 6.857164 13.620825
v 119.199867 6.891713 13.638832
v 119.199341 6.876027 13.610286
v 119.207840 6.910110 13.628798
v 119.207535 6.894890 13.599906
v 119.228867 6.917007 13.625213
v 119.229149 6.901964 13.596195
v 119.249817 6.910109 13.629211
v 119.250687 6.894890 13.600330
v 119.257591 6.891713 13.639399
v 119.258675 6.876026 13.610869
v 119.248077 6.902336 13.700043
v 119.228096 6.895782 13.703449
v 119.228340 6.881521 13.678958
v 119.248825 6.888243 13.675465
v 119.208191 6.902335 13.699651
v 119.207924 6.888244 13.675062
v 119.200806 6.919815 13.689970
v 119.200348 6.906167 13.665136
v 119.208374 6.937294 13.680437
v 119.208115 6.924091 13.655359
v 119.228355 6.943848 13.677031
v 119.228607 6.930813 13.651867
v 119.248268 6.937293 13.680830
v 119.249016 6.924091 13.655762
v 119.255646 6.919815 13.690510
v 119.256592 6.906167 13.665689
v 119.246674 6.928741 13.746096
v 119.227646 6.922500 13.749339
v 119.227867 6.909400 13.726842
v 119.247360 6.915796 13.723518
v 119.208687 6.928741 13.745722
v 119.208443 6.915795 13.723135
v 119.201653 6.945386 13.736504
v 119.201241 6.932850 13.713691
v 119.208870 6.962030 13.727427
v 119.208626 6.949903 13.704390
v 119.227890 6.968271 13.724182
v 119.228119 6.956299 13.701067
v 119.246849 6.962030 13.727799
v 119.247543 6.949903 13.704773
v 119.253883 6.945386 13.737017
v 119.254745 6.932850 13.714217
v 119.245361 6.953408 13.789120
v 119.227226 6.947459 13.792212
v 119.227432 6.935165 13.771094
v 119.246002 6.941259 13.767928
v 119.209152 6.953408 13.788763
v 119.208923 6.941259 13.767563
v 119.202454 6.969273 13.779978
v 119.202057 6.957508 13.758564
v 119.209328 6.985138 13.771325
v 119.209099 6.973757 13.749702
v 119.227463 6.991089 13.768233
v 119.227676 6.979850 13.746536
v 119.245529 6.985138 13.771681
v 119.246178 6.973757 13.750067
v 119.252235 6.969274 13.780467
v 119.253044 6.957507 13.759066
v 119.244110 6.976791 13.829901
v 119.226822 6.971120 13.832849
v 119.227020 6.959432 13.812776
v 119.244728 6.965240 13.809756
v 119.209595 6.976791 13.829561
v 119.209373 6.965241 13.809408
v 119.203201 6.991918 13.821184
v 119.202835 6.980732 13.800830
v 119.209755 7.007043 13.812935
v 119.209541 6.996223 13.792381
v 119.227051 7.012715 13.809987
v 119.227249 7.002032 13.789362
v 119.244278 7.007043 13.813274
v 119.244896 6.996223 13.792728
v 119.250671 6.991918 13.821651
v 119.251442 6.980732 13.801308
v 119.242920 6.999161 13.868917
v 119.226440 6.993755 13.871727
v 119.226631 6.982552 13.852486
v 119.243515 6.988091 13.849607
v 119.210014 6.999161 13.868593
v 119.209808 6.988090 13.849276
v 119.203926 7.013580 13.860607
v 119.203568 7.002859 13.841097
v 119.210175 7.027999 13.852743
v 119.209969 7.017628 13.833041
v 119.226654 7.033406 13.849934
v 119.226852 7.023166 13.830164
v 119.243080 7.027999 13.853067
v 119.243675 7.017628 13.833373
v 119.249168 7.013581 13.861053
v 119.249908 7.002859 13.841553
v 119.241776 7.020702 13.906487
v 119.226074 7.015550 13.909164
v 119.226257 7.004747 13.890610
v 119.242348 7.010026 13.887867
v 119.210426 7.020703 13.906178
v 119.210220 7.010027 13.887550
v 119.204620 7.034441 13.898570
v 119.204277 7.024102 13.879755
v 119.210571 7.048179 13.891077
v 119.210373 7.038177 13.872079
v 119.226280 7.053331 13.888399
v 119.226463 7.043456 13.869335
v 119.241928 7.048179 13.891385
v 119.242500 7.038177 13.872395
v 119.247726 7.034441 13.898993
v 119.248444 7.024102 13.880190
v 119.240669 7.041546 13.942840
v 119.225716 7.036642 13.945389
v 119.225891 7.026177 13.927416
v 119.241219 7.031205 13.924804
v 119.210823 7.041546 13.942546
v 119.210625 7.031205 13.924502
v 119.205292 7.054626 13.935302
v 119.204956 7.044612 13.917078
v 119.210960 7.067706 13.928168
v 119.210770 7.058019 13.909766
v 119.225914 7.072611 13.925620
v 119.226089 7.063046 13.907154
v 119.240807 7.067705 13.928462
v 119.241364 7.058018 13.910067
v 119.246338 7.054626 13.935706
v 119.247025 7.044611 13.917491
v 119.239594 7.061790 13.978146
v 119.225372 7.057125 13.980570
v 119.225540 7.046953 13.963100
v 119.240128 7.051737 13.960614
v 119.211205 7.061790 13.977866
v 119.211014 7.051738 13.960328
v 119.205948 7.074229 13.970977
v 119.205620 7.064495 13.953262
v 119.211334 7.086669 13.964192
v 119.211151 7.077253 13.946305
v 119.225555 7.091335 13.961768
v 119.225731 7.082037 13.943819
v 119.239723 7.086669 13.964472
v 119.240265 7.077253 13.946591
v 119.244980 7.074230 13.971361
v 119.245651 7.064495 13.953657
v 119.238541 7.081509 14.012537
v 119.225037 7.077077 14.014840
v 119.225204 7.067163 13.997812
v 119.239059 7.071711 13.995449
v 119.211578 7.081509 14.012272
v 119.211388 7.071711 13.995176
v 119.206581 7.093325 14.005728
v 119.206268 7.083837 13.988461
v 119.211700 7.105142 13.999283
v 119.211517 7.095963 13.981847
v 119.225212 7.109573 13.996980
v 119.225380 7.100510 13.979485
v 119.238670 7.105142 13.999548
v 119.239197 7.095963 13.982120
v 119.243660 7.093325 14.006092
v 119.244316 7.083837 13.988835
v 119.237518 7.100763 14.046118
v 119.224709 7.096560 14.048303
v 119.224869 7.086874 14.031667
v 119.238029 7.091190 14.029423
v 119.211937 7.100761 14.045867
v 119.211761 7.091190 14.029165
v 119.207207 7.111971 14.039660
v 119.206894 7.102701 14.022791
v 119.212059 7.123179 14.033546
v 119.211884 7.114211 14.016512
v 119.224869 7.127382 14.031363
v 119.225037 7.118528 14.014269
v 119.237640 7.123179 14.033798
v 119.238152 7.114212 14.016771
v 119.242371 7.111971 14.040006
v 119.243011 7.102701 14.023146
v 119.236511 7.119600 14.078974
v 119.224380 7.115622 14.081042
v 119.224541 7.106140 14.064758
v 119.237015 7.110231 14.062633
v 119.212296 7.119600 14.078736
v 119.212120 7.110230 14.062387
v 119.207809 7.130214 14.072859
v 119.207512 7.121140 14.056346
v 119.212410 7.140826 14.067070
v 119.212234 7.132049 14.050396
v 119.224541 7.144806 14.065002
v 119.224709 7.136139 14.048270
v 119.236626 7.140826 14.067308
v 119.237129 7.132050 14.050641
v 119.241112 7.130213 14.073186
v 119.241737 7.121140 14.056683
v 119.224236 7.125105 14.096015
v 119.235565 7.128728 14.093905
v 119.212952 7.128728 14.093683
v 119.208755 7.138733 14.088371
v 119.213058 7.148547 14.082791
v 119.224380 7.152364 14.081034
v 119.235672 7.148547 14.083014
v 119.239861 7.138734 14.088677
v 119.236778 6.713757 12.492981
v 119.268456 6.702440 12.484636
v 119.255981 6.657351 12.500172
v 119.223793 6.667336 12.509071
v 119.299728 6.699303 12.499237
v 119.287758 6.655591 12.514381
v 119.310997 6.707497 12.531004
v 119.299210 6.664349 12.546186
v 119.298660 6.721113 12.560424
v 119.286674 6.677513 12.576002
v 119.266983 6.732429 12.568769
v 119.254486 6.687494 12.584902
v 119.235710 6.735567 12.554169
v 119.222710 6.689257 12.570692
v 119.224442 6.727372 12.522402
v 119.211258 6.680498 12.538887
v 119.262009 6.799805 12.463145
v 119.293152 6.787972 12.455133
v 119.280991 6.745858 12.469660
v 119.249641 6.757680 12.477750
v 119.323898 6.784224 12.469782
v 119.311943 6.742169 12.484370
v 119.334976 6.792083 12.501242
v 119.323097 6.750106 12.516011
v 119.322845 6.805784 12.530212
v 119.310890 6.763860 12.545171
v 119.291702 6.817617 12.538224
v 119.279533 6.775681 12.553261
v 119.260956 6.821365 12.523576
v 119.248581 6.779370 12.538550
v 119.249870 6.813507 12.492115
v 119.237427 6.771433 12.506909
v 119.286095 6.881818 12.434711
v 119.316872 6.870126 12.426794
v 119.305092 6.829326 12.440868
v 119.274132 6.841087 12.448833
v 119.347252 6.866422 12.441269
v 119.335655 6.825599 12.455430
v 119.358200 6.874186 12.472353
v 119.346664 6.833412 12.486701
v 119.346214 6.887725 12.500978
v 119.334610 6.847031 12.515497
v 119.315437 6.899418 12.508895
v 119.303650 6.858793 12.523460
v 119.285057 6.903120 12.494420
v 119.273087 6.862519 12.508900
v 119.274109 6.895356 12.463336
v 119.262077 6.854707 12.477629
v 119.309662 6.962031 12.406900
v 119.340073 6.950478 12.399078
v 119.328522 6.910487 12.412872
v 119.297935 6.922109 12.420742
v 119.370094 6.946817 12.413382
v 119.358727 6.906806 12.427260
v 119.380913 6.954492 12.444098
v 119.369606 6.914524 12.458160
v 119.369064 6.967869 12.472385
v 119.357689 6.927982 12.486616
v 119.338654 6.979424 12.480207
v 119.327103 6.939605 12.494485
v 119.308632 6.983082 12.465904
v 119.296898 6.943286 12.480097
v 119.297813 6.975410 12.435187
v 119.286018 6.935567 12.449197
v 119.332848 7.040965 12.379534
v 119.362900 7.029548 12.371803
v 119.351524 6.990151 12.385393
v 119.321297 7.001637 12.393169
v 119.392570 7.025930 12.385939
v 119.381371 6.986514 12.399611
v 119.403259 7.033514 12.416294
v 119.392128 6.994143 12.430147
v 119.391556 7.046735 12.444248
v 119.380348 7.007442 12.458267
v 119.361504 7.058152 12.451979
v 119.350121 7.018926 12.466043
v 119.331833 7.061769 12.437843
v 119.320274 7.022565 12.451824
v 119.321144 7.054186 12.407488
v 119.309517 7.014936 12.421288
v 119.355743 7.118902 12.352512
v 119.385445 7.107620 12.344872
v 119.374199 7.068695 12.358299
v 119.344330 7.080047 12.365984
v 119.414764 7.104046 12.358841
v 119.403702 7.065100 12.372351
v 119.425331 7.111539 12.388841
v 119.414330 7.072639 12.402528
v 119.413757 7.124604 12.416466
v 119.402687 7.085782 12.430317
v 119.384064 7.135889 12.424107
v 119.372810 7.097132 12.438003
v 119.354736 7.139462 12.410137
v 119.343315 7.100728 12.423950
v 119.344177 7.131969 12.380138
v 119.332687 7.093188 12.393774
v 119.378395 7.196027 12.325773
v 119.407745 7.184877 12.318224
v 119.396622 7.146341 12.331516
v 119.367096 7.157559 12.339110
v 119.436722 7.181344 12.332027
v 119.425774 7.142789 12.345402
v 119.447166 7.188750 12.361674
v 119.436272 7.150238 12.375224
v 119.435730 7.201662 12.388974
v 119.424774 7.163227 12.402687
v 119.406380 7.212813 12.396524
v 119.395248 7.174443 12.410282
v 119.377403 7.216345 12.382720
v 119.366096 7.177996 12.396395
v 119.366966 7.208939 12.353073
v 119.355598 7.170547 12.366573
v 119.400848 7.272463 12.299273
v 119.429855 7.261443 12.291812
v 119.418823 7.223239 12.304990
v 119.389648 7.234325 12.312495
v 119.458488 7.257953 12.305454
v 119.447632 7.219729 12.318713
v 119.468803 7.265272 12.334750
v 119.458008 7.227091 12.348184
v 119.457512 7.278031 12.361729
v 119.446640 7.239925 12.375323
v 119.428505 7.289050 12.369189
v 119.417465 7.251011 12.382829
v 119.399872 7.292541 12.355547
v 119.388664 7.254522 12.369105
v 119.389557 7.285222 12.326251
v 119.378281 7.247160 12.339634
v 119.423126 7.348303 12.272979
v 119.451790 7.337414 12.265606
v 119.440842 7.299498 12.278685
v 119.412010 7.310452 12.286102
v 119.480087 7.333965 12.279087
v 119.469307 7.296029 12.292246
v 119.490280 7.341196 12.308036
v 119.479561 7.303303 12.321368
v 119.479118 7.353805 12.334694
v 119.468330 7.315988 12.348186
v 119.450455 7.364694 12.342067
v 119.439499 7.326941 12.355602
v 119.422157 7.368142 12.328587
v 119.411034 7.330411 12.342043
v 119.411964 7.360910 12.299637
v 119.400780 7.323136 12.312920
v 119.445045 7.423021 12.247156
v 119.473145 7.411632 12.240176
v 119.462646 7.375044 12.252647
v 119.434181 7.385947 12.259937
v 119.501122 7.408263 12.253477
v 119.490776 7.371622 12.266045
v 119.511459 7.416190 12.281703
v 119.500938 7.378907 12.294773
v 119.500778 7.429651 12.307558
v 119.489891 7.391567 12.321213
v 119.472679 7.441040 12.314538
v 119.461426 7.402468 12.328503
v 119.444710 7.444408 12.301237
v 119.433296 7.405892 12.315105
v 119.434364 7.436481 12.273012
v 119.423134 7.398605 12.286376
v 119.468674 7.493215 12.216194
v 119.495239 7.478966 12.210955
v 119.483406 7.446379 12.227697
v 119.455948 7.459023 12.233969
v 119.522873 7.475834 12.223959
v 119.511230 7.443115 12.240872
v 119.534454 7.487401 12.249741
v 119.522087 7.452636 12.268096
v 119.525719 7.505485 12.272613
v 119.512222 7.468123 12.292731
v 119.499153 7.519736 12.277853
v 119.484772 7.480767 12.299004
v 119.471519 7.522866 12.264849
v 119.456947 7.484032 12.285828
v 119.459938 7.511300 12.239066
v 119.446083 7.474510 12.258604
v 119.501938 7.554633 12.161098
v 119.526611 7.538049 12.157972
v 119.510139 7.509336 12.186512
v 119.484589 7.525008 12.190578
v 119.553642 7.535162 12.170532
v 119.537498 7.506339 12.199295
v 119.566467 7.549776 12.193214
v 119.549820 7.519741 12.223398
v 119.559898 7.571692 12.212358
v 119.542297 7.540143 12.244232
v 119.535217 7.588277 12.215485
v 119.516739 7.555814 12.248300
v 119.508194 7.591164 12.202925
v 119.489388 7.558810 12.235516
v 119.495369 7.576549 12.180243
v 119.477066 7.545409 12.211412
v 119.534569 7.609182 12.105231
v 119.558380 7.592492 12.102606
v 119.542786 7.565707 12.129768
v 119.518646 7.582539 12.132481
v 119.584755 7.589710 12.114826
v 119.569481 7.562888 12.142143
v 119.597572 7.604602 12.136421
v 119.582420 7.577883 12.164072
v 119.591576 7.626799 12.154417
v 119.576302 7.600247 12.182377
v 119.567764 7.643489 12.157043
v 119.552162 7.617079 12.185089
v 119.541389 7.646271 12.144823
v 119.525467 7.619899 12.172714
v 119.528572 7.631378 12.123228
v 119.512527 7.604903 12.150785
v 119.564995 7.660118 12.053162
v 119.588242 7.643821 12.050598
v 119.573502 7.618483 12.076272
v 119.549973 7.634974 12.078866
v 119.613991 7.641104 12.062531
v 119.599556 7.615734 12.088346
v 119.626511 7.655647 12.083616
v 119.612228 7.630449 12.109683
v 119.620651 7.677319 12.101188
v 119.606300 7.652380 12.127464
v 119.597404 7.693616 12.103752
v 119.582771 7.668870 12.130058
v 119.571655 7.696332 12.091819
v 119.556717 7.671619 12.117984
v 119.559135 7.681790 12.070734
v 119.544044 7.656903 12.096647
v 119.594170 7.708969 12.003225
v 119.616882 7.693048 12.000719
v 119.602684 7.668649 12.025443
v 119.579712 7.684755 12.027977
v 119.642036 7.690395 12.012376
v 119.628136 7.665964 12.037236
v 119.654266 7.704600 12.032972
v 119.640511 7.680336 12.058075
v 119.648544 7.725770 12.050137
v 119.634720 7.701755 12.075441
v 119.625832 7.741691 12.052642
v 119.611740 7.717862 12.077974
v 119.600677 7.744344 12.040986
v 119.586288 7.720546 12.066182
v 119.588448 7.730139 12.020390
v 119.573921 7.706174 12.045343
v 119.622482 7.756361 11.954777
v 119.644669 7.740808 11.952330
v 119.630867 7.717087 11.976364
v 119.608421 7.732822 11.978840
v 119.669243 7.738217 11.963717
v 119.655731 7.714465 11.987885
v 119.681190 7.752096 11.983839
v 119.667816 7.728506 12.008243
v 119.675598 7.772778 12.000608
v 119.662163 7.749431 12.025209
v 119.653412 7.788331 12.003056
v 119.639709 7.765165 12.027684
v 119.628838 7.790923 11.991669
v 119.614853 7.767788 12.016163
v 119.616890 7.777045 11.971545
v 119.602760 7.753747 11.995806
v 119.650116 7.802638 11.907470
v 119.671799 7.787443 11.905080
v 119.658302 7.764251 11.928577
v 119.636375 7.779625 11.930996
v 119.695808 7.784910 11.916205
v 119.682594 7.761688 11.939833
v 119.707474 7.798469 11.935865
v 119.694405 7.775406 11.959723
v 119.702019 7.818676 11.952250
v 119.688881 7.795851 11.976299
v 119.680336 7.833871 11.954639
v 119.666946 7.811224 11.978717
v 119.656326 7.836405 11.943514
v 119.642654 7.813787 11.967461
v 119.644661 7.822845 11.923855
v 119.630852 7.800069 11.947572
v 119.677216 7.848010 11.861089
v 119.698395 7.833165 11.858754
v 119.685158 7.810407 11.881811
v 119.663727 7.825426 11.884174
v 119.721848 7.830690 11.869623
v 119.708885 7.807904 11.892809
v 119.733253 7.843937 11.888828
v 119.720421 7.821306 11.912241
v 119.727921 7.863678 11.904835
v 119.715027 7.841279 11.928434
v 119.706741 7.878522 11.907170
v 119.693596 7.856297 11.930798
v 119.683289 7.880996 11.896301
v 119.669868 7.858802 11.919800
v 119.671883 7.867750 11.877095
v 119.658333 7.845398 11.900368
v 119.703865 7.892622 11.815484
v 119.724548 7.878122 11.813202
v 119.711525 7.855731 11.835888
v 119.690590 7.870403 11.838198
v 119.747459 7.875705 11.823818
v 119.734703 7.853287 11.846631
v 119.758598 7.888644 11.842579
v 119.745972 7.866378 11.865614
v 119.753387 7.907926 11.858212
v 119.740700 7.885888 11.881433
v 119.732704 7.922425 11.860495
v 119.719772 7.900560 11.883740
v 119.709793 7.924842 11.849877
v 119.696594 7.903005 11.872998
v 119.698654 7.911904 11.831118
v 119.685318 7.889914 11.854015
v 119.730125 7.936584 11.770544
v 119.750320 7.922423 11.768316
v 119.737480 7.900350 11.790682
v 119.717041 7.914679 11.792936
v 119.772697 7.920063 11.778684
v 119.760124 7.897961 11.801174
v 119.783569 7.932698 11.797004
v 119.771126 7.910747 11.819714
v 119.778481 7.951530 11.812271
v 119.765976 7.929803 11.835163
v 119.758286 7.965688 11.814499
v 119.745537 7.944131 11.837417
v 119.735909 7.968049 11.804132
v 119.722893 7.946520 11.826925
v 119.725037 7.955413 11.785810
v 119.711891 7.933734 11.808386
v 119.756042 7.979974 11.726187
v 119.775764 7.966151 11.724011
v 119.763084 7.944354 11.746096
v 119.743118 7.958346 11.748297
v 119.797607 7.963847 11.734133
v 119.785187 7.942022 11.756340
v 119.808228 7.976182 11.752020
v 119.795937 7.954507 11.774443
v 119.803253 7.994566 11.766926
v 119.790909 7.973114 11.789529
v 119.783531 8.008391 11.769100
v 119.770943 7.987106 11.791730
v 119.761688 8.010695 11.758978
v 119.748840 7.989439 11.781485
v 119.751068 7.998360 11.741093
v 119.738091 7.976952 11.763383
v 119.787872 7.987564 11.704122
v 119.769066 8.000437 11.706432
v 119.808426 7.985162 11.713959
v 119.818634 7.997068 11.730659
v 119.813774 8.014254 11.745012
v 119.795235 8.027586 11.746844
v 119.774414 8.029528 11.737486
v 119.764481 8.018082 11.720306
v 120.517998 5.229873 12.779721
v 120.548386 5.217792 12.805271
v 120.503151 5.176662 12.840117
v 120.471611 5.188380 12.814466
v 120.565956 5.229873 12.840875
v 120.521797 5.188786 12.877135
v 120.557854 5.262093 12.865747
v 120.514954 5.223366 12.902685
v 120.531769 5.294311 12.867687
v 120.487877 5.256621 12.906965
v 120.501381 5.306394 12.842136
v 120.456329 5.269189 12.879909
v 120.483810 5.294311 12.806533
v 120.435272 5.254835 12.843775
v 120.491913 5.262093 12.781660
v 120.444153 5.220902 12.817054
v 120.599678 5.300893 12.717604
v 120.628876 5.289286 12.742150
v 120.589935 5.254701 12.772685
v 120.560165 5.266538 12.747654
v 120.645752 5.300893 12.776356
v 120.607155 5.266538 12.807567
v 120.637970 5.331847 12.800251
v 120.599213 5.298103 12.831935
v 120.612907 5.362801 12.802114
v 120.573654 5.329669 12.833836
v 120.583710 5.374409 12.777569
v 120.543884 5.341506 12.808804
v 120.566833 5.362801 12.743362
v 120.526672 5.329669 12.773922
v 120.574615 5.331847 12.719467
v 120.534607 5.298104 12.749554
v 120.673096 5.364730 12.661770
v 120.701218 5.353550 12.685414
v 120.665840 5.322125 12.713158
v 120.637192 5.333515 12.689072
v 120.717476 5.364730 12.718363
v 120.682404 5.333514 12.746720
v 120.709976 5.394546 12.741380
v 120.674767 5.363887 12.770166
v 120.685837 5.424363 12.743175
v 120.650177 5.394260 12.771996
v 120.657715 5.435544 12.719530
v 120.621529 5.405650 12.747910
v 120.641457 5.424363 12.686583
v 120.604965 5.394260 12.714348
v 120.648949 5.394547 12.663565
v 120.612602 5.363887 12.690901
v 120.741081 5.423849 12.610063
v 120.768211 5.413064 12.632872
v 120.735275 5.383806 12.658702
v 120.707657 5.394787 12.635483
v 120.783897 5.423849 12.664655
v 120.751244 5.394787 12.691058
v 120.776665 5.452612 12.686859
v 120.743881 5.424067 12.713661
v 120.753380 5.481375 12.688590
v 120.720177 5.453348 12.715424
v 120.726250 5.492160 12.665783
v 120.692558 5.464327 12.692205
v 120.710564 5.481374 12.633998
v 120.676590 5.453348 12.659848
v 120.717796 5.452612 12.611794
v 120.683952 5.424067 12.637244
v 120.805084 5.479502 12.561387
v 120.831284 5.469088 12.583408
v 120.800179 5.441456 12.607803
v 120.773521 5.452055 12.585394
v 120.846428 5.479502 12.614098
v 120.815590 5.452055 12.639032
v 120.839447 5.507273 12.635535
v 120.808479 5.480314 12.660848
v 120.816956 5.535044 12.637207
v 120.785599 5.508574 12.662549
v 120.790764 5.545457 12.615185
v 120.758949 5.519172 12.640139
v 120.775620 5.535044 12.584496
v 120.743538 5.508574 12.608910
v 120.782600 5.507272 12.563059
v 120.750641 5.480314 12.587094
v 120.865974 5.532444 12.515081
v 120.891281 5.522385 12.536355
v 120.861626 5.496041 12.559612
v 120.835884 5.506276 12.537969
v 120.905907 5.532445 12.566001
v 120.876511 5.506277 12.589773
v 120.899162 5.559272 12.586710
v 120.869644 5.533570 12.610843
v 120.877441 5.586100 12.588326
v 120.847549 5.560864 12.612486
v 120.852142 5.596160 12.567051
v 120.821808 5.571100 12.590842
v 120.837509 5.586100 12.537406
v 120.806923 5.560864 12.560681
v 120.844254 5.559273 12.516696
v 120.813782 5.533570 12.539612
v 120.924324 5.583180 12.470706
v 120.948776 5.573460 12.491262
v 120.920311 5.548175 12.513586
v 120.895439 5.558064 12.492674
v 120.962914 5.583180 12.519909
v 120.934692 5.558064 12.542727
v 120.956398 5.609103 12.539922
v 120.928062 5.584435 12.563085
v 120.935410 5.635026 12.541482
v 120.906715 5.610806 12.564672
v 120.910957 5.644749 12.520925
v 120.881836 5.620695 12.543760
v 120.896820 5.635026 12.492279
v 120.867455 5.610806 12.514619
v 120.903336 5.609104 12.472266
v 120.874084 5.584435 12.494262
v 120.980545 5.632066 12.427949
v 121.004173 5.622671 12.447815
v 120.976715 5.598280 12.469350
v 120.952682 5.607837 12.449142
v 121.017838 5.632067 12.475499
v 120.990616 5.607838 12.497511
v 121.011536 5.657119 12.494839
v 120.984207 5.633320 12.517183
v 120.991257 5.682170 12.496346
v 120.963577 5.658804 12.518718
v 120.967628 5.691565 12.476480
v 120.939537 5.668361 12.498508
v 120.953964 5.682171 12.448796
v 120.925644 5.658804 12.470348
v 120.960266 5.657119 12.429457
v 120.932045 5.633321 12.450675
v 121.034943 5.679368 12.386578
v 121.057785 5.670289 12.405775
v 121.031189 5.646667 12.426631
v 121.007957 5.655901 12.407102
v 121.070984 5.679368 12.432528
v 121.044617 5.655901 12.453846
v 121.064896 5.703576 12.451216
v 121.038422 5.680528 12.472857
v 121.045296 5.727785 12.452674
v 121.018486 5.705155 12.474339
v 121.022461 5.736864 12.433475
v 120.995255 5.714390 12.454811
v 121.009262 5.727785 12.406723
v 120.981827 5.705155 12.427596
v 121.015343 5.703576 12.388035
v 120.988022 5.680528 12.408585
v 121.087761 5.725289 12.346413
v 121.109825 5.716517 12.364962
v 121.083984 5.693566 12.385225
v 121.061539 5.702490 12.366354
v 121.122574 5.725289 12.390810
v 121.096962 5.702490 12.411522
v 121.116699 5.748680 12.408867
v 121.090981 5.726287 12.429893
v 121.097755 5.772070 12.410275
v 121.071709 5.750084 12.431325
v 121.075699 5.780843 12.391726
v 121.049263 5.759008 12.412455
v 121.062943 5.772070 12.365878
v 121.036285 5.750084 12.386157
v 121.068817 5.748679 12.347821
v 121.042274 5.726287 12.367786
v 121.139168 5.769992 12.307314
v 121.160484 5.761518 12.325232
v 121.135315 5.739162 12.344969
v 121.113632 5.747785 12.326738
v 121.172806 5.769992 12.350199
v 121.147850 5.747785 12.370374
v 121.167122 5.792586 12.367640
v 121.142075 5.770773 12.388122
v 121.148827 5.815180 12.369001
v 121.123459 5.793763 12.389505
v 121.127518 5.823652 12.351084
v 121.101776 5.802384 12.371275
v 121.115196 5.815180 12.326117
v 121.089233 5.793763 12.345869
v 121.120880 5.792586 12.308674
v 121.095016 5.770774 12.328122
v 121.189331 5.813607 12.269166
v 121.209908 5.805427 12.286467
v 121.185341 5.783602 12.305735
v 121.164398 5.791929 12.288128
v 121.221809 5.813607 12.310575
v 121.197449 5.791928 12.330270
v 121.216324 5.835424 12.327417
v 121.191864 5.814132 12.347410
v 121.198654 5.857242 12.328731
v 121.173889 5.836335 12.348746
v 121.178078 5.865422 12.311430
v 121.152946 5.844661 12.331140
v 121.166183 5.857242 12.287321
v 121.140839 5.836335 12.306604
v 121.171669 5.835424 12.270479
v 121.146423 5.814132 12.289464
v 121.238365 5.856244 12.231874
v 121.258224 5.848348 12.248573
v 121.234200 5.827004 12.267416
v 121.213982 5.835042 12.250419
v 121.269714 5.856244 12.271842
v 121.245888 5.835043 12.291103
v 121.264420 5.877301 12.288097
v 121.240501 5.856477 12.307650
v 121.247368 5.898358 12.289365
v 121.223145 5.877913 12.308940
v 121.227509 5.906255 12.272667
v 121.202927 5.885951 12.291943
v 121.216026 5.898358 12.249398
v 121.191238 5.877913 12.268256
v 121.221313 5.877301 12.233143
v 121.196625 5.856478 12.251709
v 121.286377 5.897990 12.195361
v 121.305534 5.890373 12.211470
v 121.282005 5.869467 12.229927
v 121.262497 5.877223 12.213526
v 121.316612 5.897991 12.233917
v 121.293282 5.877224 12.252783
v 121.311508 5.918303 12.249599
v 121.288078 5.897906 12.268749
v 121.295059 5.938617 12.250820
v 121.271339 5.918591 12.269995
v 121.275902 5.946235 12.234713
v 121.251823 5.926346 12.253593
v 121.264824 5.938617 12.212265
v 121.240547 5.918590 12.230738
v 121.269928 5.918304 12.196585
v 121.245750 5.897907 12.214770
v 121.333450 5.938924 12.159559
v 121.351929 5.931581 12.175089
v 121.328842 5.911075 12.193193
v 121.310028 5.918555 12.177376
v 121.362602 5.938924 12.196730
v 121.339722 5.918555 12.215235
v 121.357681 5.958508 12.211848
v 121.334702 5.938501 12.230633
v 121.341827 5.978092 12.213026
v 121.318558 5.958448 12.231833
v 121.323357 5.985435 12.197497
v 121.299744 5.965928 12.216016
v 121.312675 5.978092 12.175856
v 121.288864 5.958448 12.193974
v 121.317596 5.958508 12.160738
v 121.293877 5.938501 12.178576
v 121.379669 5.979111 12.124411
v 121.397469 5.972035 12.139373
v 121.374802 5.951899 12.157151
v 121.356667 5.959108 12.141907
v 121.407753 5.979111 12.160223
v 121.385284 5.959108 12.178394
v 121.403015 5.997978 12.174788
v 121.380447 5.978332 12.193235
v 121.387733 6.016845 12.175923
v 121.364883 5.997556 12.194392
v 121.369942 6.023921 12.160961
v 121.346748 6.004764 12.179148
v 121.359650 6.016846 12.140112
v 121.336266 5.997555 12.157905
v 121.364395 5.997979 12.125546
v 121.341103 5.978332 12.143064
v 121.425095 6.018606 12.089867
v 121.442223 6.011794 12.104271
v 121.419945 5.991998 12.121748
v 121.402481 5.998942 12.107066
v 121.452133 6.018606 12.124343
v 121.430038 5.998942 12.142207
v 121.447563 6.036770 12.138364
v 121.425385 6.017455 12.156500
v 121.432861 6.054934 12.139458
v 121.410393 6.035970 12.157614
v 121.415726 6.061744 12.125054
v 121.392929 6.042912 12.142932
v 121.405823 6.054934 12.104982
v 121.382835 6.035970 12.122473
v 121.410385 6.036769 12.090961
v 121.387489 6.017455 12.108181
v 121.469780 6.057460 12.055883
v 121.486259 6.050908 12.069738
v 121.464325 6.031429 12.086936
v 121.447525 6.038110 12.072808
v 121.495789 6.057460 12.089046
v 121.474045 6.038110 12.106624
v 121.491394 6.074931 12.102533
v 121.469566 6.055926 12.120377
v 121.477249 6.092402 12.103584
v 121.455139 6.073742 12.121449
v 121.460770 6.098953 12.089729
v 121.438339 6.080423 12.107322
v 121.451241 6.092402 12.070423
v 121.428619 6.073743 12.087634
v 121.455635 6.074930 12.056936
v 121.433098 6.055926 12.073880
v 121.513771 6.095716 12.022425
v 121.529610 6.089419 12.035739
v 121.508018 6.070236 12.052675
v 121.491859 6.076659 12.039091
v 121.538765 6.095715 12.054292
v 121.517357 6.076660 12.071603
v 121.534546 6.112504 12.067253
v 121.513046 6.093789 12.084826
v 121.520950 6.129294 12.068264
v 121.499184 6.110919 12.085857
v 121.505112 6.135591 12.054950
v 121.483025 6.117342 12.072274
v 121.495956 6.129294 12.036396
v 121.473686 6.110918 12.053346
v 121.500183 6.112505 12.023436
v 121.477989 6.093788 12.040123
v 121.557129 6.133410 11.989454
v 121.572327 6.127367 12.002235
v 121.551048 6.108460 12.018927
v 121.535530 6.114631 12.005880
v 121.581116 6.133411 12.020046
v 121.560020 6.114631 12.037107
v 121.577065 6.149529 12.032489
v 121.555885 6.131083 12.049809
v 121.564018 6.165648 12.033459
v 121.542564 6.147536 12.050798
v 121.548813 6.171691 12.020678
v 121.527046 6.153706 12.037752
v 121.540024 6.165647 12.002867
v 121.518074 6.147535 12.019571
v 121.544075 6.149529 11.990425
v 121.522209 6.131083 12.006870
v 121.599876 6.170582 11.956944
v 121.614456 6.164787 11.969198
v 121.593468 6.146141 11.985661
v 121.578575 6.152061 11.973144
v 121.622879 6.170582 11.986279
v 121.602074 6.152060 12.003104
v 121.618996 6.186038 11.998209
v 121.598106 6.167846 12.015290
v 121.606483 6.201493 11.999140
v 121.585320 6.183631 12.016240
v 121.591904 6.207289 11.986883
v 121.570435 6.189551 12.003723
v 121.583481 6.201493 11.969805
v 121.561829 6.183631 11.986279
v 121.587364 6.186037 11.957874
v 121.565796 6.167846 11.974092
v 121.633774 6.183207 11.954050
v 121.619850 6.188464 11.942721
v 121.641457 6.188463 11.970272
v 121.638039 6.203173 11.981306
v 121.626053 6.217493 11.982351
v 121.612587 6.223139 11.970665
v 121.604446 6.217493 11.954800
v 121.608315 6.203173 11.943409
v 118.240044 5.573980 13.043262
v 118.224243 5.563390 12.991230
v 118.278923 5.473508 12.991768
v 118.295578 5.484448 13.046278
v 118.241066 5.573980 12.939521
v 118.296646 5.484448 12.937596
v 118.284760 5.602221 12.920497
v 118.342690 5.513623 12.917669
v 118.328079 5.630463 12.940376
v 118.388329 5.542797 12.938498
v 118.343880 5.641053 12.992407
v 118.404984 5.553737 12.993008
v 118.327057 5.630463 13.044117
v 118.387260 5.542796 13.047180
v 118.283363 5.602221 13.063141
v 118.341217 5.513622 13.067107
v 118.154770 5.711246 13.038515
v 118.140198 5.701385 12.990404
v 118.178566 5.638389 12.990781
v 118.193687 5.648606 13.040679
v 118.155716 5.711246 12.942589
v 118.194664 5.648607 12.941191
v 118.196007 5.737543 12.924997
v 118.236465 5.675856 12.922946
v 118.235939 5.763840 12.943378
v 118.277901 5.703104 12.942009
v 118.250511 5.773701 12.991489
v 118.293015 5.713323 12.991907
v 118.234993 5.763840 13.039304
v 118.276924 5.703104 13.041497
v 118.194710 5.737543 13.056895
v 118.235123 5.675855 13.059742
v 118.086403 5.821301 13.034714
v 118.072777 5.812084 12.989741
v 118.105354 5.758595 12.990061
v 118.119438 5.768123 13.036551
v 118.087280 5.821301 12.945045
v 118.120346 5.768123 12.943859
v 118.124939 5.845883 12.928601
v 118.159279 5.793534 12.926860
v 118.162270 5.870465 12.945783
v 118.197868 5.818944 12.944620
v 118.175888 5.879683 12.990755
v 118.211945 5.828473 12.991110
v 118.161392 5.870465 13.035451
v 118.196953 5.818944 13.037313
v 118.123726 5.845883 13.051895
v 118.158028 5.793533 13.054311
v 118.025162 5.919867 13.031309
v 118.012398 5.911225 12.989147
v 118.041901 5.862782 12.989437
v 118.055084 5.871706 13.032972
v 118.025993 5.919867 12.947245
v 118.055939 5.871706 12.946170
v 118.061302 5.942912 12.931828
v 118.092392 5.895502 12.930251
v 118.096298 5.965958 12.947936
v 118.128532 5.919298 12.946883
v 118.109062 5.974598 12.990098
v 118.141716 5.928222 12.990419
v 118.095467 5.965957 13.032001
v 118.127678 5.919299 13.033686
v 118.060165 5.942912 13.047417
v 118.091225 5.895503 13.049604
v 117.968605 6.010913 13.028164
v 117.956619 6.002804 12.988599
v 117.984024 5.957809 12.988869
v 117.996391 5.966181 13.029709
v 117.969376 6.010913 12.949276
v 117.997192 5.966181 12.948278
v 118.002510 6.032538 12.934810
v 118.031395 5.988504 12.933345
v 118.035355 6.054166 12.949924
v 118.065292 6.010827 12.948948
v 118.047333 6.062275 12.989491
v 118.077667 6.019198 12.989790
v 118.034576 6.054165 13.028813
v 118.064491 6.010828 13.030379
v 118.001442 6.032539 13.043280
v 118.030296 5.988504 13.045313
v 117.915466 6.096447 13.025210
v 117.904221 6.088838 12.988084
v 117.930054 6.046426 12.988338
v 117.941658 6.054282 13.026667
v 117.916191 6.096447 12.951185
v 117.942413 6.054282 12.950244
v 117.947281 6.116741 12.937610
v 117.974510 6.075233 12.936230
v 117.978096 6.137033 12.951794
v 118.006325 6.096183 12.950872
v 117.989342 6.144643 12.988920
v 118.017929 6.104039 12.989202
v 117.977371 6.137033 13.025819
v 118.005569 6.096183 13.027295
v 117.946281 6.116741 13.039394
v 117.973473 6.075233 13.041309
v 117.864998 6.177682 13.022404
v 117.854454 6.170547 12.987595
v 117.879044 6.130177 12.987836
v 117.889931 6.137546 13.023790
v 117.865677 6.177682 12.952998
v 117.890633 6.137546 12.952103
v 117.894829 6.196710 12.940269
v 117.920746 6.157198 12.938955
v 117.923721 6.215735 12.953569
v 117.950592 6.176852 12.952692
v 117.934265 6.222871 12.988379
v 117.961479 6.184221 12.988647
v 117.923042 6.215735 13.022975
v 117.949883 6.176851 13.024380
v 117.893890 6.196709 13.035704
v 117.919777 6.157199 13.037527
v 117.816704 6.255419 13.019719
v 117.806831 6.248738 12.987126
v 117.830399 6.210042 12.987358
v 117.840599 6.216949 13.021048
v 117.817345 6.255418 12.954733
v 117.841263 6.216949 12.953874
v 117.844635 6.273233 12.942815
v 117.869476 6.235362 12.941555
v 117.871689 6.291050 12.955267
v 117.897438 6.253778 12.954427
v 117.881561 6.297729 12.987861
v 117.907646 6.260683 12.988117
v 117.871048 6.291050 13.020254
v 117.896782 6.253779 13.021601
v 117.843758 6.273233 13.032171
v 117.868568 6.235362 13.033919
v 117.770226 6.330227 13.017136
v 117.761002 6.323984 12.986675
v 117.783714 6.286699 12.986898
v 117.793259 6.293160 13.018415
v 117.770821 6.330228 12.956402
v 117.793877 6.293159 12.955575
v 117.796333 6.346877 12.945265
v 117.820267 6.310387 12.944051
v 117.821617 6.363526 12.956902
v 117.846428 6.327614 12.956092
v 117.830841 6.369771 12.987362
v 117.855972 6.334074 12.987609
v 117.821022 6.363526 13.017634
v 117.845810 6.327614 13.018932
v 117.795509 6.346877 13.028772
v 117.819420 6.310387 13.030457
v 117.725304 6.402533 13.014638
v 117.716705 6.396712 12.986239
v 117.738678 6.360642 12.986455
v 117.747589 6.366671 13.015877
v 117.725861 6.402533 12.958015
v 117.748161 6.366672 12.957215
v 117.749649 6.418055 12.947632
v 117.772804 6.382753 12.946457
v 117.773216 6.433578 12.958481
v 117.797226 6.398834 12.957698
v 117.781822 6.439399 12.986879
v 117.806129 6.404864 12.987119
v 117.772659 6.433577 13.015103
v 117.796646 6.398834 13.016358
v 117.748878 6.418055 13.025488
v 117.772011 6.382753 13.027117
v 117.681740 6.472660 13.012216
v 117.673744 6.467249 12.985817
v 117.695068 6.432237 12.986027
v 117.703369 6.437851 13.013418
v 117.682259 6.472660 12.959580
v 117.703903 6.437852 12.958804
v 117.704369 6.487089 12.949928
v 117.726837 6.452823 12.948789
v 117.726280 6.501519 12.960013
v 117.749580 6.467796 12.959253
v 117.734276 6.506931 12.986412
v 117.757874 6.473410 12.986645
v 117.725761 6.501518 13.012649
v 117.749039 6.467795 13.013867
v 117.703651 6.487090 13.022301
v 117.726105 6.452823 13.023883
v 117.639366 6.540865 13.009860
v 117.631958 6.535853 12.985406
v 117.652718 6.501778 12.985610
v 117.660416 6.506989 13.011030
v 117.639847 6.540865 12.961102
v 117.660912 6.506989 12.960346
v 117.660324 6.554232 12.952161
v 117.682198 6.520883 12.951052
v 117.680626 6.567598 12.961504
v 117.703300 6.534778 12.960764
v 117.688026 6.572610 12.985958
v 117.710999 6.539987 12.986183
v 117.680145 6.567597 13.010262
v 117.702797 6.534778 13.011447
v 117.659668 6.554232 13.019202
v 117.681511 6.520884 13.020741
v 117.613609 6.568491 12.985225
v 117.620689 6.572770 13.007824
v 117.621132 6.572770 12.962770
v 117.639816 6.585475 12.954504
v 117.658806 6.597472 12.963141
v 117.665421 6.602458 12.985735
v 117.658363 6.597472 13.008194
v 117.639214 6.585474 13.016457
v 121.220955 5.615612 13.331365
v 121.090569 5.566032 13.479400
v 121.785202 6.007250 13.787535
v 122.515182 6.047245 12.436657
v 122.030281 5.866239 12.744217
v 121.480537 5.727361 13.292047
v 122.185608 5.822262 12.355240
v 121.554680 5.681709 12.994198
v 121.573631 5.725965 13.115911
v 121.425415 5.695082 13.277371
v 122.293167 6.417731 14.009438
v 122.174698 6.228916 13.468885
v 122.376244 6.193210 13.022291
v 122.705315 6.264247 12.658729
v 122.713661 6.189380 12.485939
v 122.569977 6.337296 13.048381
v 122.445808 6.536017 14.076315
v 122.936005 6.431743 12.718184
v 123.233543 6.656604 12.860552
v 123.095459 6.504326 12.685513
v 122.603790 6.650038 14.145863
v 122.562279 6.588604 13.748736
v 122.920380 6.663027 13.334954
v 123.170403 6.710808 13.060632
v 123.295288 6.959720 13.766405
v 123.163338 6.920650 13.819725
v 123.201927 6.943653 13.848284
v 123.695389 7.039059 13.586044
v 123.833176 7.039248 13.420688
v 123.868408 6.991504 13.202170
v 123.648117 6.927196 13.154982
v 123.107544 6.778156 13.364552
v 122.849373 6.770117 13.792295
v 122.852226 6.738635 13.685766
v 123.041275 6.773237 13.500642
v 123.304054 6.878934 13.392401
v 123.488228 6.954474 13.426734
v 123.484894 6.980642 13.582075
v 122.848167 6.782537 13.840078
v 122.919685 6.838978 14.286448
v 123.031548 6.877785 13.873266
v 124.125557 7.152933 13.819232
v 124.030975 7.118544 13.703252
v 123.867073 7.093568 13.729095
v 123.575516 7.055510 13.809352
v 123.312126 7.007597 13.950797
v 123.295471 6.980832 14.456923
v 123.671265 7.132730 14.132452
v 124.096748 7.178894 13.966887
v 122.189499 5.773323 12.204807
v 122.035515 5.668433 12.099648
v 121.666435 5.541186 12.222395
v 121.268776 5.447000 12.532667
v 120.760468 5.402631 13.331162
v 121.189514 5.604318 13.339603
v 121.004051 5.508806 13.266037
v 120.977905 5.458577 13.100111
v 121.126389 5.483054 12.939022
v 121.362526 5.567900 12.877134
v 121.547859 5.666525 12.950520
v 123.701408 7.160566 14.426300
v 123.537277 7.038734 14.567923
v 123.580910 7.125210 14.286719
v 123.777298 7.158844 14.176781
v 123.945282 7.180707 14.118337
v 124.113167 7.198283 14.068320
v 124.192413 7.225116 14.173079
v 124.122620 7.230109 14.302178
v 123.963676 7.208038 14.350189
v 123.839478 7.188899 14.407843
v 123.730858 7.169033 14.478107
v 123.973534 7.219359 14.487916
v 124.165390 7.260834 14.554602
v 124.404671 7.338346 14.782877
v 124.487831 7.262256 15.004421
v 121.605873 5.982885 13.898318
v 121.653137 6.068357 14.074500
v 120.938362 5.898035 15.022212
v 121.201714 5.744616 13.888203
v 121.138672 5.911187 14.652072
v 121.220192 6.090617 15.210869
v 121.503838 6.083601 14.465122
v 121.391312 5.981671 14.369302
v 121.324326 5.872349 14.120619
v 121.359459 5.826508 13.879717
v 121.476273 5.867655 13.787906
v 121.520813 6.099387 14.479569
v 121.390175 6.216341 15.323715
v 121.519707 6.278322 15.202343
v 121.584129 6.213401 14.720131
v 121.798248 6.226390 14.277525
v 121.672447 6.102452 14.146406
v 121.637314 6.148098 14.387320
v 121.732994 6.350850 14.843518
v 121.718750 6.433167 15.331590
v 122.271858 6.583387 14.373074
v 121.798393 6.502748 15.470702
v 122.025688 6.648454 15.455170
v 122.139603 6.706722 15.274486
v 122.186478 6.683375 14.907785
v 122.703178 7.012977 15.700940
v 122.848511 7.074705 15.529718
v 122.885979 7.087771 15.316874
v 122.767441 6.979855 14.775915
v 122.332687 6.798181 15.025360
v 122.524338 6.935139 15.566726
v 123.291801 7.164347 14.942601
v 122.918610 7.040386 14.790964
v 122.980247 7.105108 15.080251
v 123.106590 7.156933 15.352736
v 123.192772 7.181927 15.493765
v 123.343117 7.218127 15.489750
v 123.438728 7.233721 15.371764
v 120.823448 5.871720 15.123577
v 120.474770 5.513157 14.227880
v 120.494278 5.638852 14.724965
v 120.640381 5.783922 15.078387
v 123.648445 7.234303 15.023201
v 123.714096 7.264148 15.174379
v 123.659599 7.269510 15.310632
v 123.527657 7.247069 15.318396
v 123.457954 7.221313 15.158787
v 123.394524 7.190737 14.993999
v 123.352058 7.144278 14.775311
v 123.537415 7.174231 14.776440
v 123.612549 7.207808 14.892341
v 123.596275 7.180246 14.765430
v 124.266853 7.349829 15.077124
v 123.936096 7.279940 15.044155
v 123.760780 7.237087 14.942155
v 121.515251 6.201667 11.777035
v 121.572937 6.166070 11.968810
v 122.109100 6.732607 11.564213
v 121.417976 6.602886 10.198613
v 121.436371 6.428592 10.774612
v 121.602959 6.332784 11.539264
v 121.219078 6.330872 10.427341
v 121.414391 6.241199 11.310461
v 121.513130 6.309183 11.363007
v 121.567673 6.292313 11.576859
v 122.479332 7.231987 11.265356
v 122.020157 6.933730 11.060212
v 121.780304 6.838590 10.642167
v 121.654564 6.877505 10.164478
v 121.536514 6.773232 10.060932
v 121.877136 7.005988 10.495287
v 122.591843 7.377144 11.175724
v 121.793587 7.078140 10.005650
v 122.023796 7.357753 9.837777
v 121.839752 7.160941 9.854741
v 122.710388 7.519240 11.083239
v 122.381432 7.380699 10.894026
v 122.230629 7.416860 10.363987
v 122.137970 7.440738 10.002197
v 122.720490 7.829115 10.294609
v 122.698860 7.785977 10.434078
v 122.738174 7.818106 10.418083
v 122.779564 7.918254 9.861630
v 122.722778 7.903259 9.654562
v 122.576935 7.819992 9.502686
v 122.431091 7.723527 9.658623
v 122.332947 7.555904 10.224854
v 122.535828 7.598437 10.679507
v 122.458588 7.548213 10.617392
v 122.406792 7.568926 10.356440
v 122.442146 7.681675 10.077194
v 122.555229 7.782624 9.943672
v 122.672615 7.836689 10.033811
v 122.570885 7.619312 10.707332
v 122.957130 7.765537 10.899641
v 122.678322 7.739193 10.573589
v 123.180313 8.121441 9.636904
v 123.042191 8.055600 9.649895
v 122.977730 8.017490 9.800053
v 122.889236 7.962296 10.086443
v 122.867676 7.912055 10.384245
v 123.271278 7.978214 10.684053
v 123.185242 8.108608 10.188908
v 123.277466 8.170992 9.743729
v 121.110901 6.255558 10.339787
v 120.963951 6.116201 10.408754
v 120.886131 5.973094 10.784178
v 120.936104 5.893911 11.288664
v 121.306633 5.941669 12.159509
v 121.506943 6.188621 11.807763
v 121.365944 6.060734 11.920435
v 121.228973 5.977881 11.848940
v 121.176254 5.988597 11.635159
v 121.238686 6.086604 11.404322
v 121.378792 6.217482 11.291615
v 123.432159 8.193858 10.329592
v 123.481728 8.082731 10.546462
v 123.260941 8.119749 10.350664
v 123.273872 8.154338 10.126114
v 123.315056 8.183805 9.954218
v 123.363899 8.210646 9.787211
v 123.486145 8.265288 9.780635
v 123.550262 8.286286 9.911063
v 123.505737 8.255697 10.069609
v 123.487541 8.233695 10.204886
v 123.488274 8.215092 10.334439
v 123.619476 8.293488 10.139091
v 123.770233 8.368076 10.017904
v 124.069328 8.513267 9.948376
v 124.310036 8.489629 10.005732
v 122.104279 6.709153 11.775046
v 122.253517 6.830700 11.834486
v 122.657196 6.759932 12.961475
v 121.924339 6.429000 12.105740
v 122.467506 6.726562 12.587034
v 122.922951 7.014874 12.833089
v 122.481720 6.901366 12.178055
v 122.364571 6.771325 12.218045
v 122.151299 6.610779 12.134239
v 121.986984 6.525193 11.969784
v 121.968834 6.561484 11.821054
v 122.499298 6.921381 12.172011
v 123.080406 7.177806 12.755005
v 123.040993 7.230370 12.578842
v 122.702980 7.084579 12.254208
v 122.462700 7.039130 11.827454
v 122.314606 6.879539 11.858739
v 122.478981 6.964938 12.023196
v 122.854675 7.258525 12.199366
v 123.221382 7.428062 12.485686
v 122.723946 7.458913 11.486258
v 123.362183 7.530866 12.497658
v 123.443764 7.695897 12.299563
v 123.348824 7.732038 12.102839
v 123.084953 7.646328 11.857409
v 123.936974 8.174039 11.874820
v 123.866272 8.218870 11.657471
v 123.712997 8.196259 11.506228
v 123.235870 7.976877 11.299943
v 123.235428 7.796793 11.801746
v 123.747025 8.052866 11.947579
v 123.619904 8.247272 10.959084
v 123.318443 8.055857 11.182957
v 123.571106 8.179821 11.294632
v 123.848854 8.295390 11.343579
v 124.004509 8.355773 11.351776
v 124.076584 8.407364 11.224996
v 124.031219 8.411448 11.079287
v 122.680847 6.740108 13.113859
v 121.845627 6.184060 12.900232
v 122.228821 6.401429 13.163267
v 122.562317 6.625301 13.240483
v 123.866821 8.370889 10.709412
v 124.018219 8.435571 10.740227
v 124.096474 8.459990 10.862060
v 124.034599 8.424606 10.975607
v 123.873283 8.361887 10.943331
v 123.712326 8.294211 10.903009
v 123.523079 8.203376 10.815147
v 123.620018 8.253788 10.662455
v 123.747490 8.316621 10.665478
v 123.642426 8.264269 10.607585
v 124.227196 8.563629 10.228104
v 124.032890 8.451867 10.483303
v 123.863190 8.371234 10.570917
v 119.509727 7.747335 11.905579
v 119.696312 7.676418 12.074044
v 120.055618 8.468769 11.355452
v 118.397224 8.478071 10.287580
v 118.782860 8.175423 10.885458
v 119.459000 7.950032 11.604572
v 118.311874 8.094192 10.632365
v 119.097061 7.860725 11.463774
v 119.243912 7.942465 11.466242
v 119.442322 7.892284 11.663492
v 120.296570 9.156691 10.852191
v 119.640045 8.793916 10.886177
v 119.098251 8.725353 10.570342
v 118.650810 8.838924 10.132437
v 118.447624 8.717551 10.081688
v 119.118515 8.961846 10.368079
v 120.370232 9.357155 10.699683
v 118.711685 9.120505 9.893982
v 118.871605 9.506302 9.596689
v 118.668961 9.248398 9.709068
v 120.448555 9.554255 10.539707
v 119.954590 9.396163 10.527594
v 119.445274 9.512956 10.048111
v 119.108963 9.591892 9.714034
v 119.963242 10.060381 9.707585
v 120.027702 9.985291 9.869211
v 120.062447 10.029462 9.830299
v 119.751907 10.236155 9.205142
v 119.553810 10.244663 9.012579
v 119.289536 10.156210 8.929600
v 119.224533 10.007824 9.183125
v 119.475197 9.712308 9.847034
v 119.997177 9.707731 10.220198
v 119.868797 9.650503 10.195573
v 119.643036 9.712250 9.945284
v 119.506516 9.896074 9.630345
v 119.550056 10.046273 9.423376
v 119.741249 10.105427 9.453169
v 120.055099 9.731306 10.230717
v 120.614861 9.900122 10.209957
v 120.093208 9.905565 10.029693
v 120.059731 10.536392 8.724208
v 119.911987 10.447283 8.819680
v 119.936241 10.376102 9.021608
v 120.021530 10.263480 9.386621
v 120.188545 10.157161 9.721253
v 120.833275 10.209150 9.796704
v 120.423073 10.442854 9.325894
v 120.239143 10.586971 8.784912
v 118.131470 8.007774 10.596601
v 118.006577 7.816793 10.749590
v 118.157028 7.579757 11.193840
v 118.535988 7.409253 11.705184
v 119.514084 7.357039 12.427242
v 119.519829 7.726187 11.943027
v 119.430481 7.543867 12.141691
v 119.228256 7.444901 12.141323
v 119.031616 7.487260 11.942141
v 118.955742 7.646132 11.660820
v 119.044228 7.832253 11.463095
v 120.792030 10.537790 9.331026
v 120.982101 10.366771 9.522342
v 120.612473 10.436216 9.455839
v 120.482689 10.512100 9.205246
v 120.418114 10.574745 8.993441
v 120.365051 10.633532 8.781675
v 120.498840 10.707077 8.702100
v 120.655571 10.717131 8.806465
v 120.707718 10.654845 9.005628
v 120.774338 10.607398 9.163210
v 120.858345 10.565535 9.302637
v 120.880646 10.696032 9.012934
v 120.972542 10.811750 8.791499
v 121.265739 11.013844 8.539606
v 121.568161 10.981326 8.442781
v 120.186028 8.409207 11.587172
v 120.395958 8.559536 11.571436
v 121.571083 8.320972 12.537674
v 120.187477 8.001114 12.030581
v 121.116280 8.326326 12.245275
v 121.794739 8.670595 12.257357
v 120.875237 8.607014 11.809772
v 120.764969 8.432682 11.912752
v 120.466370 8.234481 11.938229
v 120.173378 8.144393 11.853146
v 120.058533 8.211103 11.706333
v 120.891777 8.633820 11.794340
v 121.926537 8.893188 12.090634
v 121.771164 8.984006 11.929680
v 121.178856 8.835404 11.773684
v 120.633469 8.831471 11.455139
v 120.481796 8.619915 11.564785
v 120.774849 8.709764 11.649809
v 121.319939 9.068666 11.637711
v 121.920319 9.253614 11.736072
v 120.722267 9.421161 10.965759
v 122.089134 9.386467 11.671181
v 122.059128 9.626749 11.422258
v 121.828125 9.698174 11.272680
v 121.372353 9.616917 11.163416
v 122.353317 10.308090 10.697777
v 122.136177 10.394066 10.510908
v 121.867188 10.382765 10.441503
v 121.194061 10.120391 10.496382
v 121.510361 9.820295 11.024225
v 122.184219 10.138772 10.885342
v 121.411369 10.522267 9.907619
v 121.213463 10.239516 10.324532
v 121.571892 10.388058 10.299185
v 121.916916 10.535257 10.187456
v 122.097549 10.614847 10.103126
v 122.097588 10.700142 9.923717
v 121.952950 10.724682 9.793678
v 121.695236 8.274899 12.687098
v 120.603973 7.575423 12.922424
v 121.209908 7.825067 12.990801
v 121.640480 8.107849 12.888201
v 121.528725 10.720817 9.488881
v 121.719566 10.802626 9.432745
v 121.886536 10.818583 9.518915
v 121.890015 10.756068 9.679288
v 121.687355 10.676733 9.740532
v 121.479614 10.592207 9.792047
v 121.208504 10.484110 9.806670
v 121.219162 10.572112 9.582443
v 121.365379 10.654889 9.511102
v 121.208855 10.593699 9.508947
v 121.624687 11.042687 8.750889
v 121.569748 10.859738 9.143021
v 121.434769 10.740559 9.339098
v 117.193054 6.910639 13.986130
v 117.078369 7.038077 14.000886
v 116.987999 6.996830 15.054736
v 117.235497 6.795874 14.419342
v 117.483742 6.677812 13.466419
v 117.228714 6.731910 14.966730
v 117.661247 6.430351 13.018579
v 117.136772 7.049997 13.047247
v 117.144997 7.083903 13.446833
v 117.213402 7.018066 13.346228
v 117.352074 6.856177 13.327390
v 117.407463 6.762644 13.507698
v 117.342453 6.786297 13.780708
v 117.071121 7.151489 13.552901
v 116.733940 7.484986 13.065426
v 116.975731 7.241220 13.644540
v 116.926865 7.151427 14.281469
v 116.805634 7.229935 14.897299
v 116.838905 7.151978 15.106483
v 117.050896 7.068082 14.004354
v 117.002541 7.170590 13.825284
v 116.705872 7.377739 14.452843
v 116.606209 7.606818 13.069679
v 116.522552 7.527026 14.798408
v 116.298019 7.720655 14.783752
v 116.389053 7.636441 14.860756
v 116.469780 7.726906 13.073282
v 116.487602 7.744670 13.505222
v 116.225693 7.794402 14.566195
v 115.661530 8.173988 14.559282
v 115.761917 8.099735 14.714203
v 115.956566 7.979580 14.656573
v 116.184380 7.829965 14.203364
v 115.997147 8.072617 13.093804
v 115.941757 8.077840 13.870258
v 115.712105 8.150812 14.403702
v 115.644249 8.318076 13.540310
v 115.574913 8.348066 13.618185
v 115.310593 8.434850 14.007873
v 115.328850 8.391804 14.178563
v 115.448814 8.316860 14.256490
v 115.572502 8.246847 14.147997
v 115.775475 8.180610 13.885027
v 115.916176 8.146783 13.578100
v 115.871017 8.177093 13.564962
v 115.791107 8.217135 13.628822
v 115.697189 8.275553 13.618614
v 115.726479 8.242346 13.094523
v 115.662949 8.319353 13.439720
v 115.742348 8.278660 13.375771
v 115.836288 8.220276 13.385983
v 115.889748 8.178405 13.464376
v 117.915154 6.145239 13.006096
v 117.257187 6.660050 15.145797
v 117.381805 6.503191 15.182448
v 117.601906 6.311126 14.829497
v 117.789940 6.174885 14.238373
v 115.507309 8.386923 13.622656
v 115.415337 8.414891 13.784001
v 115.324516 8.460493 13.826504
v 115.233910 8.522018 13.774442
v 115.205643 8.559164 13.639280
v 115.279396 8.533188 13.515944
v 115.394791 8.478634 13.414872
v 115.491203 8.435563 13.286725
v 115.546051 8.349414 13.094433
v 115.639366 8.339679 13.380753
v 115.462608 8.452172 13.287266
v 115.255493 8.561329 13.395020
v 115.072395 8.665634 13.417612
v 114.799385 8.846110 13.291496
v 114.663734 8.875440 13.094220
v 117.531960 6.758346 12.607489
v 117.381783 7.043384 11.670001
v 117.214874 7.374735 11.061262
v 117.445328 7.093358 11.124488
v 117.041603 7.351011 12.481739
v 117.072159 7.540004 11.023184
v 117.010124 7.571887 11.237318
v 117.052055 7.365286 11.835567
v 116.749550 7.610916 12.762667
v 116.668678 7.707407 12.649040
v 116.849701 7.622491 11.685772
v 116.725990 7.866817 11.175146
v 116.672142 7.742976 12.114355
v 116.787918 7.635243 12.115036
v 116.931145 7.485534 12.305720
v 116.975212 7.411273 12.573685
v 116.898148 7.460857 12.762633
v 116.537102 7.827335 12.623962
v 116.612686 7.768737 12.573101
v 116.562317 7.834967 12.304030
v 116.633293 7.777630 12.114012
v 116.599548 7.987998 11.112948
v 116.499031 8.056417 11.202726
v 116.378754 8.054728 11.627908
v 115.936523 8.393897 11.489471
v 115.815910 8.435513 11.642847
v 115.845879 8.379221 11.795497
v 116.030663 8.225361 12.330939
v 116.309387 8.038563 11.986341
v 116.122658 8.260380 11.544691
v 115.633339 8.445464 12.586088
v 115.969933 8.236457 12.625757
v 115.865860 8.330654 12.317093
v 115.693756 8.448004 12.050278
v 115.571831 8.525055 11.941785
v 115.451027 8.595483 12.019825
v 115.414772 8.607974 12.192663
v 117.497108 7.059299 10.939994
v 117.924278 6.400409 11.794016
v 117.803787 6.648590 11.221622
v 117.626740 6.910782 10.888977
v 115.266495 8.660621 12.563633
v 115.310600 8.649681 12.428026
v 115.407394 8.598366 12.375904
v 115.493301 8.544585 12.419010
v 115.566254 8.485183 12.581423
v 115.669670 8.390684 12.823256
v 115.512154 8.470491 12.916595
v 115.429298 8.536528 12.788614
v 115.325813 8.610754 12.687328
v 115.483582 8.487161 12.915965
v 114.820557 8.881546 12.911193
v 115.107452 8.724376 12.784852
v 115.287788 8.615537 12.807863
vt 0.857143 0.436336
vt 0.857143 0.500000
vt 0.714286 0.500000
vt 0.714286 0.000000
vt 0.750000 0.000000
vt 0.785714 0.000000
vt 0.857143 0.000000
vt 0.857143 0.285481
vt 0.826143 0.144918
vt 0.831886 0.370102
vt 0.571429 0.500000
vt 0.571429 0.000000
vt 0.607143 0.000000
vt 0.642857 0.000000
vt 0.678571 0.000000
vt 0.500000 0.000000
vt 0.428571 0.500000
vt 0.428571 0.000000
vt 0.339286 0.000000
vt 0.357143 0.000000
vt 0.285714 0.500000
vt 0.285714 0.000000
vt 0.303571 0.000000
vt 0.321429 0.000000
vt 0.151020 0.181367
vt 0.159632 0.226710
vt 0.142857 0.250000
vt 0.142857 0.000000
vt 0.160714 0.000000
vt 0.178571 0.000000
vt 0.214286 0.000000
vt 0.250000 0.000000
vt 0.232368 0.154342
vt 0.246548 0.078672
vt 0.242233 0.031397
vt 0.221214 0.023953
vt 0.193501 0.026330
vt 0.166879 0.059318
vt 0.226350 0.192269
vt 0.142857 0.500000
vt 0.179975 0.249816
vt 0.071429 0.000000
vt 0.142857 0.000000
vt 0.142857 0.125000
vt 0.142857 0.250000
vt 0.142857 0.375000
vt 0.000000 0.500000
vt 0.000000 0.250000
vt 0.000000 0.000000
vt 0.892857 0.000000
vt 0.928571 0.000000
vt 0.964286 0.000000
vt 1.000000 0.000000
vt 1.000000 0.500000
vt 0.863170 0.441302
vt 0.934222 0.429218
vt 0.977817 0.349782
vt 0.968270 0.251801
vt 0.922853 0.220973
vt 0.867721 0.264796
vt 0.000000 0.000000
vt 0.000000 0.000000
vt 0.000000 0.000000
vt 0.000000 0.000000
vt 0.000000 0.000000
vt 0.000000 0.000000
vt 0.000000 0.000000
vt 0.000000 0.000000
vt 0.000000 0.000000
vt 0.000000 0.000000
vt 0.000000 0.000000
vt 0.000000 0.000000
vt 0.000000 0.000000
vt 0.000000 0.000000
vt 0.000000 0.000000
vt 0.000000 0.000000
vt 0.735803 0.439232
vt 0.714286 0.396168
vt 0.857143 0.000000
vt 0.785714 0.000000
vt 0.750000 0.000000
vt 0.714286 0.000000
vt 0.714286 0.259833
vt 0.738269 0.248050
vt 0.767068 0.286254
vt 0.784359 0.401223
vt 0.767535 0.454087
vt 0.701205 0.230979
vt 0.678571 0.000000
vt 0.642857 0.000000
vt 0.607143 0.000000
vt 0.571429 0.000000
vt 0.692296 0.335414
vt 0.651619 0.160903
vt 0.500000 0.000000
vt 0.428571 0.000000
vt 0.285714 0.000000
vt 0.357143 0.000000
vt 0.339286 0.000000
vt 0.321429 0.000000
vt 0.303571 0.000000
vt 0.178571 0.000000
vt 0.160714 0.000000
vt 0.142857 0.000000
vt 0.142857 0.250000
vt 0.250000 0.000000
vt 0.214286 0.000000
vt 0.000000 0.250000
vt 0.142857 0.375000
vt 0.142857 0.250000
vt 0.142857 0.125000
vt 0.142857 0.000000
vt 0.071429 0.000000
vt 0.000000 0.000000
vt 0.892857 0.000000
vt 1.000000 0.000000
vt 0.964286 0.000000
vt 0.928571 0.000000
vt 0.000000 0.000000
vt 0.000000 0.000000
vt 0.000000 0.000000
vt 0.000000 0.000000
vt 0.000000 0.000000
vt 0.000000 0.000000
vt 0.000000 0.000000
vt 0.000000 0.000000
vt 0.000000 0.000000
vt 0.000000 0.000000
vt 0.000000 0.000000
vt 0.000000 0.000000
vt 0.000000 0.000000
vt 0.000000 0.000000
vt 0.000000 0.000000
vt 0.000000 0.000000
vt 0.000000 0.000000
vt 0.000000 0.000000
vt 0.000000 0.000000
vt 0.000000 0.000000
vt 0.000000 0.000000
vt 0.000000 0.000000
vt 0.000000 0.000000
vt 0.000000 0.000000
vt 0.000000 0.000000
vt 0.000000 0.000000
vt 0.000000 0.000000
vt 0.000000 0.000000
vt 0.000000 0.000000
vt 0.000000 0.000000
vt 0.000000 0.000000
vt 0.000000 0.000000
vt 0.000000 0.000000
vt 0.000000 0.000000
vt 0.000000 0.000000
vt 0.000000 0.000000
vt 0.000000 0.000000
vt 0.000000 0.000000
vt 0.000000 0.000000
vt 0.000000 0.000000
vt 0.000000 0.000000
vt 0.000000 0.000000
vt 0.000000 0.000000
vt 0.000000 0.000000
vt 0.000000 0.000000
vt 0.000000 0.000000
vt 0.000000 0.000000
vt 0.000000 0.000000
vt 0.000000 0.000000
vt 0.000000 0.000000
vt 0.000000 0.000000
vt 0.000000 0.000000
vt 0.000000 0.000000
vt 0.000000 0.000000
vt 0.000000 0.000000
vt 0.000000 0.000000
vt 0.000000 0.000000
vt 0.000000 0.000000
vt 0.000000 0.000000
vt 0.000000 0.000000
vt 0.000000 0.000000
vt 0.000000 0.000000
vt 0.000000 0.000000
vt 0.000000 0.000000
vt 0.000000 0.000000
vt 0.000000 0.000000
vt 0.000000 0.000000
vt 0.000000 0.000000
vt 0.000000 0.000000
vt 0.000000 0.000000
vt 0.000000 0.000000
vt 0.000000 0.000000
vt 0.000000 0.000000
vt 0.000000 0.000000
vt 0.000000 0.000000
vt 0.000000 0.000000
vt 0.000000 0.000000
vt 0.000000 0.000000
vt 0.000000 0.000000
vt 0.000000 0.000000
vt 0.000000 0.000000
vt 0.000000 0.000000
vt 0.000000 0.000000
vt 0.000000 0.000000
vt 0.000000 0.000000
vt 0.000000 0.000000
vt 0.000000 0.000000
vt 0.000000 0.000000
vt 0.000000 0.000000
vt 0.000000 0.000000
vt 0.000000 0.000000
vt 0.000000 0.000000
vt 0.000000 0.000000
vt 0.000000 0.000000
vt 0.000000 0.000000
vt 0.000000 0.000000
vt 0.000000 0.000000
vt 0.000000 0.000000
vt 0.000000 0.000000
vt 0.000000 0.000000
vt 0.000000 0.000000
vt 0.000000 0.000000
vt 0.000000 0.000000
vt 0.000000 0.000000
vt 0.000000 0.000000
vt 0.000000 0.000000
vt 0.000000 0.000000
vt 0.000000 0.000000
vt 0.000000 0.000000
vt 0.000000 0.000000
vt 0.000000 0.000000
vt 0.000000 0.000000
vt 0.000000 0.000000
vt 0.000000 0.000000
vt 0.000000 0.000000
vt 0.000000 0.000000
vt 0.000000 0.000000
vt 0.000000 0.000000
vt 0.000000 0.000000
vt 0.000000 0.000000
vt 0.000000 0.000000
vt 0.000000 0.000000
vt 0.000000 0.000000
vt 0.000000 0.000000
vt 0.000000 0.000000
vt 0.000000 0.000000
vt 0.000000 0.000000
vt 0.000000 0.000000
vt 0.000000 0.000000
vt 0.000000 0.000000
vt 0.000000 0.000000
vt 0.000000 0.000000
vt 0.000000 0.000000
vt 0.000000 0.000000
vt 0.000000 0.000000
vt 0.000000 0.000000
vt 0.000000 0.000000
vt 0.000000 0.000000
vt 0.000000 0.000000
vt 0.000000 0.000000
vt 0.000000 0.000000
vt 0.000000 0.000000
vt 0.000000 0.000000
vt 0.000000 0.000000
vt 0.000000 0.000000
vt 0.000000 0.000000
vt 0.000000 0.000000
vt 0.000000 0.000000
vt 0.000000 0.000000
vt 0.000000 0.000000
vt 0.000000 0.000000
vt 0.000000 0.000000
vt 0.000000 0.000000
vt 0.000000 0.000000
vt 0.000000 0.000000
vt 0.000000 0.000000
vt 0.000000 0.000000
vt 0.000000 0.000000
vt 0.000000 0.000000
vt 0.000000 0.000000
vt 0.000000 0.000000
vt 0.000000 0.000000
vt 0.000000 0.000000
vt 0.000000 0.000000
vt 0.000000 0.000000
vt 0.000000 0.000000
vt 0.000000 0.000000
vt 0.000000 0.000000
vt 0.000000 0.000000
vt 0.000000 0.000000
vt 0.000000 0.000000
vt 0.000000 0.000000
vt 0.000000 0.000000
vt 0.000000 0.000000
vt 0.000000 0.000000
vt 0.000000 0.000000
vt 0.000000 0.000000
vt 0.000000 0.000000
vt 0.000000 0.000000
vt 0.000000 0.000000
vt 0.000000 0.000000
vt 0.000000 0.000000
vt 0.000000 0.000000
vt 0.000000 0.000000
vt 0.000000 0.000000
vt 0.000000 0.000000
vt 0.000000 0.000000
vt 0.000000 0.000000
vt 0.000000 0.000000
vt 0.000000 0.000000
vt 0.000000 0.000000
vt 0.000000 0.000000
vt 0.000000 0.000000
vt 0.000000 0.000000
vt 0.000000 0.000000
vt 0.000000 0.000000
vt 0.000000 0.000000
vt 0.000000 0.000000
vt 0.000000 0.000000
vt 0.000000 0.000000
vt 0.000000 0.000000
vt 0.000000 0.000000
vt 0.000000 0.000000
vt 0.000000 0.000000
vt 0.000000 0.000000
vt 0.000000 0.000000
vt 0.000000 0.000000
vt 0.000000 0.000000
vt 0.000000 0.000000
vt 0.000000 0.000000
vt 0.000000 0.000000
vt 0.000000 0.000000
vt 0.000000 0.000000
vt 0.000000 0.000000
vt 0.000000 0.000000
vt 0.000000 0.000000
vt 0.000000 0.000000
vt 0.000000 0.000000
vt 0.000000 0.000000
vt 0.000000 0.000000
vt 0.000000 0.000000
vt 0.000000 0.000000
vt 0.000000 0.000000
vt 0.000000 0.000000
vt 0.000000 0.000000
vt 0.000000 0.000000
vt 0.000000 0.000000
vt 0.000000 0.000000
vt 0.000000 0.000000
vt 0.000000 0.000000
vt 0.000000 0.000000
vt 0.000000 0.000000
vt 0.000000 0.000000
vt 0.000000 0.000000
vt 0.000000 0.000000
vt 0.000000 0.000000
vt 0.000000 0.000000
vt 0.000000 0.000000
vt 0.000000 0.000000
vt 0.000000 0.000000
vt 0.000000 0.000000
vt 0.000000 0.000000
vt 0.000000 0.000000
vt 0.000000 0.000000
vt 0.000000 0.000000
vt 0.000000 0.000000
vt 0.000000 0.000000
vt 0.000000 0.000000
vt 0.000000 0.000000
vt 0.000000 0.000000
vt 0.000000 0.000000
vt 0.000000 0.000000
vt 0.000000 0.000000
vt 0.000000 0.000000
vt 0.000000 0.000000
vt 0.000000 0.000000
vt 0.000000 0.000000
vt 0.000000 0.000000
vt 0.000000 0.000000
vt 0.000000 0.000000
vt 0.000000 0.000000
vt 0.000000 0.000000
vt 0.000000 0.000000
vt 0.000000 0.000000
vt 0.000000 0.000000
vt 0.000000 0.000000
vt 0.000000 0.000000
vt 0.000000 0.000000
vt 0.000000 0.000000
vt 0.000000 0.000000
vt 0.000000 0.000000
vt 0.000000 0.000000
vt 0.000000 0.000000
vt 0.000000 0.000000
vt 0.000000 0.000000
vt 0.000000 0.000000
vt 0.000000 0.000000
vt 0.000000 0.000000
vt 0.000000 0.000000
vt 0.000000 0.000000
vt 0.000000 0.000000
vt 0.000000 0.000000
vt 0.000000 0.000000
vt 0.000000 0.000000
vt 0.000000 0.000000
vt 0.000000 0.000000
vt 0.000000 0.000000
vt 0.000000 0.000000
vt 0.000000 0.000000
vt 0.000000 0.000000
vt 0.000000 0.000000
vt 0.000000 0.000000
vt 0.000000 0.000000
vt 0.000000 0.000000
vt 0.000000 0.000000
vt 0.000000 0.000000
vt 0.000000 0.000000
vt 0.000000 0.000000
vt 0.000000 0.000000
vt 0.000000 0.000000
vt 0.000000 0.000000
vt 0.000000 0.000000
vt 0.000000 0.000000
vt 0.000000 0.000000
vt 0.000000 0.000000
vt 0.000000 0.000000
vt 0.000000 0.000000
vt 0.000000 0.000000
vt 0.000000 0.000000
vt 0.000000 0.000000
vt 0.000000 0.000000
vt 0.000000 0.000000
vt 0.000000 0.000000
vt 0.000000 0.000000
vt 0.000000 0.000000
vt 0.000000 0.000000
vt 0.000000 0.000000
vt 0.000000 0.000000
vt 0.000000 0.000000
vt 0.000000 0.000000
vt 0.000000 0.000000
vt 0.000000 0.000000
vt 0.000000 0.000000
vt 0.000000 0.000000
vt 0.000000 0.000000
vt 0.000000 0.000000
vt 0.000000 0.000000
vt 0.000000 0.000000
vt 0.000000 0.000000
vt 0.000000 0.000000
vt 0.000000 0.000000
vt 0.000000 0.000000
vt 0.000000 0.000000
vt 0.000000 0.000000
vt 0.000000 0.000000
vt 0.000000 0.000000
vt 0.000000 0.000000
vt 0.000000 0.000000
vt 0.000000 0.000000
vt 0.000000 0.000000
vt 0.000000 0.000000
vt 0.000000 0.000000
vt 0.000000 0.000000
vt 0.000000 0.000000
vt 0.000000 0.000000
vt 0.000000 0.000000
vt 0.000000 0.000000
vt 0.000000 0.000000
vt 0.000000 0.000000
vt 0.000000 0.000000
vt 0.000000 0.000000
vt 0.000000 0.000000
vt 0.000000 0.000000
vt 0.000000 0.000000
vt 0.000000 0.000000
vt 0.000000 0.000000
vt 0.000000 0.000000
vt 0.000000 0.000000
vt 0.000000 0.000000
vt 0.000000 0.000000
vt 0.000000 0.000000
vt 0.000000 0.000000
vt 0.000000 0.000000
vt 0.000000 0.000000
vt 0.000000 0.000000
vt 0.000000 0.000000
vt 0.000000 0.000000
vt 0.000000 0.000000
vt 0.000000 0.000000
vt 0.000000 0.000000
vt 0.000000 0.000000
vt 0.000000 0.000000
vt 0.000000 0.000000
vt 0.000000 0.000000
vt 0.000000 0.000000
vt 0.000000 0.000000
vt 0.000000 0.000000
vt 0.000000 0.000000
vt 0.000000 0.000000
vt 0.000000 0.000000
vt 0.000000 0.000000
vt 0.000000 0.000000
vt 0.000000 0.000000
vt 0.000000 0.000000
vt 0.000000 0.000000
vt 0.000000 0.000000
vt 0.000000 0.000000
vt 0.000000 0.000000
vt 0.000000 0.000000
vt 0.000000 0.000000
vt 0.000000 0.000000
vt 0.000000 0.000000
vt 0.000000 0.000000
vt 0.000000 0.000000
vt 0.000000 0.000000
vt 0.000000 0.000000
vt 0.000000 0.000000
vt 0.000000 0.000000
vt 0.000000 0.000000
vt 0.000000 0.000000
vt 0.000000 0.000000
vt 0.000000 0.000000
vt 0.000000 0.000000
vt 0.000000 0.000000
vt 0.000000 0.000000
vt 0.000000 0.000000
vt 0.000000 0.000000
vt 0.000000 0.000000
vt 0.000000 0.000000
vt 0.000000 0.000000
vt 0.000000 0.000000
vt 0.000000 0.000000
vt 0.000000 0.000000
vt 0.000000 0.000000
vt 0.000000 0.000000
vt 0.000000 0.000000
vt 0.000000 0.000000
vt 0.000000 0.000000
vt 0.000000 0.000000
vt 0.000000 0.000000
vt 0.000000 0.000000
vt 0.000000 0.000000
vt 0.000000 0.000000
vt 0.000000 0.000000
vt 0.000000 0.000000
vt 0.000000 0.000000
vt 0.000000 0.000000
vt 0.000000 0.000000
vt 0.000000 0.000000
vt 0.000000 0.000000
vt 0.000000 0.000000
vt 0.000000 0.000000
vt 0.000000 0.000000
vt 0.000000 0.000000
vt 0.000000 0.000000
vt 0.000000 0.000000
vt 0.000000 0.000000
vt 0.000000 0.000000
vt 0.000000 0.000000
vt 0.000000 0.000000
vt 0.000000 0.000000
vt 0.000000 0.000000
vt 0.000000 0.000000
vt 0.000000 0.000000
vt 0.000000 0.000000
vt 0.000000 0.000000
vt 0.000000 0.000000
vt 0.000000 0.000000
vt 0.000000 0.000000
vt 0.000000 0.000000
vt 0.000000 0.000000
vt 0.000000 0.000000
vt 0.000000 0.000000
vt 0.000000 0.000000
vt 0.000000 0.000000
vt 0.000000 0.000000
vt 0.000000 0.000000
vt 0.000000 0.000000
vt 0.000000 0.000000
vt 0.000000 0.000000
vt 0.000000 0.000000
vt 0.000000 0.000000
vt 0.000000 0.000000
vt 0.000000 0.000000
vt 0.000000 0.000000
vt 0.000000 0.000000
vt 0.000000 0.000000
vt 0.000000 0.000000
vt 0.000000 0.000000
vt 0.000000 0.000000
vt 0.000000 0.000000
vt 0.000000 0.000000
vt 0.000000 0.000000
vt 0.000000 0.000000
vt 0.000000 0.000000
vt 0.000000 0.000000
vt 0.000000 0.000000
vt 0.000000 0.000000
vt 0.000000 0.000000
vt 0.000000 0.000000
vt 0.000000 0.000000
vt 0.000000 0.000000
vt 0.000000 0.000000
vt 0.000000 0.000000
vt 0.000000 0.000000
vt 0.000000 0.000000
vt 0.000000 0.000000
vt 0.000000 0.000000
vt 0.000000 0.000000
vt 0.000000 0.000000
vt 0.000000 0.000000
vt 0.000000 0.000000
vt 0.000000 0.000000
vt 0.000000 0.000000
vt 0.000000 0.000000
vt 0.000000 0.000000
vt 0.000000 0.000000
vt 0.000000 0.000000
vt 0.000000 0.000000
vt 0.000000 0.000000
vt 0.000000 0.000000
vt 0.000000 0.000000
vt 0.000000 0.000000
vt 0.000000 0.000000
vt 0.000000 0.000000
vt 0.000000 0.000000
vt 0.000000 0.000000
vt 0.000000 0.000000
vt 0.000000 0.000000
vt 0.000000 0.000000
vt 0.000000 0.000000
vt 0.000000 0.000000
vt 0.000000 0.000000
vt 0.000000 0.000000
vt 0.000000 0.000000
vt 0.000000 0.000000
vt 0.000000 0.000000
vt 0.000000 0.000000
vt 0.000000 0.000000
vt 0.000000 0.000000
vt 0.000000 0.000000
vt 0.000000 0.000000
vt 0.000000 0.000000
vt 0.000000 0.000000
vt 0.000000 0.000000
vt 0.000000 0.000000
vt 0.000000 0.000000
vt 0.000000 0.000000
vt 0.000000 0.000000
vt 0.000000 0.000000
vt 0.000000 0.000000
vt 0.000000 0.000000
vt 0.000000 0.000000
vt 0.000000 0.000000
vt 0.000000 0.000000
vt 0.000000 0.000000
vt 0.000000 0.000000
vt 0.000000 0.000000
vt 0.000000 0.000000
vt 0.000000 0.000000
vt 0.000000 0.000000
vt 0.000000 0.000000
vt 0.000000 0.000000
vt 0.000000 0.000000
vt 0.000000 0.000000
vt 0.000000 0.000000
vt 0.000000 0.000000
vt 0.000000 0.000000
vt 0.000000 0.000000
vt 0.000000 0.000000
vt 0.000000 0.000000
vt 0.000000 0.000000
vt 0.000000 0.000000
vt 0.000000 0.000000
vt 0.000000 0.000000
vt 0.000000 0.000000
vt 0.000000 0.000000
vt 0.000000 0.000000
vt 0.000000 0.000000
vt 0.000000 0.000000
vt 0.000000 0.000000
vt 0.000000 0.000000
vt 0.000000 0.000000
vt 0.000000 0.000000
vt 0.000000 0.000000
vt 0.000000 0.000000
vt 0.000000 0.000000
vt 0.000000 0.000000
vt 0.000000 0.000000
vt 0.000000 0.000000
vt 0.000000 0.000000
vt 0.000000 0.000000
vt 0.000000 0.000000
vt 0.000000 0.000000
vt 0.000000 0.000000
vt 0.000000 0.000000
vt 0.000000 0.000000
vt 0.000000 0.000000
vt 0.000000 0.000000
vt 0.000000 0.000000
vt 0.000000 0.000000
vt 0.000000 0.000000
vt 0.000000 0.000000
vt 0.000000 0.000000
vt 0.000000 0.000000
vt 0.000000 0.000000
vt 0.000000 0.000000
vt 0.000000 0.000000
vt 0.000000 0.000000
vt 0.000000 0.000000
vt 0.000000 0.000000
vt 0.000000 0.000000
vt 0.000000 0.000000
vt 0.000000 0.000000
vt 0.000000 0.000000
vt 0.000000 0.000000
vt 0.000000 0.000000
vt 0.000000 0.000000
vt 0.000000 0.000000
vt 0.000000 0.000000
vt 0.000000 0.000000
vt 0.000000 0.000000
vt 0.000000 0.000000
vt 0.000000 0.000000
vt 0.000000 0.000000
vt 0.000000 0.000000
vt 0.000000 0.000000
vt 0.000000 0.000000
vt 0.000000 0.000000
vt 0.000000 0.000000
vt 0.000000 0.000000
vt 0.000000 0.000000
vt 0.000000 0.000000
vt 0.000000 0.000000
vt 0.000000 0.000000
vt 0.000000 0.000000
vt 0.000000 0.000000
vt 0.000000 0.000000
vt 0.000000 0.000000
vt 0.000000 0.000000
vt 0.000000 0.000000
vt 0.000000 0.000000
vt 0.000000 0.000000
vt 0.000000 0.000000
vt 0.000000 0.000000
vt 0.000000 0.000000
vt 0.000000 0.000000
vt 0.000000 0.000000
vt 0.000000 0.000000
vt 0.000000 0.000000
vt 0.000000 0.000000
vt 0.000000 0.000000
vt 0.000000 0.000000
vt 0.000000 0.000000
vt 0.000000 0.000000
vt 0.000000 0.000000
vt 0.000000 0.000000
vt 0.000000 0.000000
vt 0.000000 0.000000
vt 0.000000 0.000000
vt 0.000000 0.000000
vt 0.000000 0.000000
vt 0.000000 0.000000
vt 0.000000 0.000000
vt 0.000000 0.000000
vt 0.000000 0.000000
vt 0.000000 0.000000
vt 0.000000 0.000000
vt 0.000000 0.000000
vt 0.000000 0.000000
vt 0.000000 0.000000
vt 0.000000 0.000000
vt 0.000000 0.000000
vt 0.000000 0.000000
vt 0.000000 0.000000
vt 0.000000 0.000000
vt 0.000000 0.000000
vt 0.000000 0.000000
vt 0.000000 0.000000
vt 0.000000 0.000000
vt 0.000000 0.000000
vt 0.000000 0.000000
vt 0.000000 0.000000
vt 0.000000 0.000000
vt 0.000000 0.000000
vt 0.000000 0.000000
vt 0.000000 0.000000
vt 0.000000 0.000000
vt 0.000000 0.000000
vt 0.000000 0.000000
vt 0.000000 0.000000
vt 0.000000 0.000000
vt 0.000000 0.000000
vt 0.000000 0.000000
vt 0.000000 0.000000
vt 0.000000 0.000000
vt 0.000000 0.000000
vt 0.000000 0.000000
vt 0.000000 0.000000
vt 0.000000 0.000000
vt 0.000000 0.000000
vt 0.000000 0.000000
vt 0.000000 0.000000
vt 0.000000 0.000000
vt 0.000000 0.000000
vt 0.000000 0.000000
vt 0.000000 0.000000
vt 0.000000 0.000000
vt 0.000000 0.000000
vt 0.000000 0.000000
vt 0.000000 0.000000
vt 0.000000 0.000000
vt 0.000000 0.000000
vt 0.000000 0.000000
vt 0.000000 0.000000
vt 0.000000 0.000000
vt 0.000000 0.000000
vt 0.000000 0.000000
vt 0.000000 0.000000
vt 0.000000 0.000000
vt 0.000000 0.000000
vt 0.000000 0.000000
vt 0.000000 0.000000
vt 0.000000 0.000000
vt 0.000000 0.000000
vt 0.000000 0.000000
vt 0.000000 0.000000
vt 0.000000 0.000000
vt 0.000000 0.000000
vt 0.000000 0.000000
vt 0.000000 0.000000
vt 0.000000 0.000000
vt 0.000000 0.000000
vt 0.000000 0.000000
vt 0.000000 0.000000
vt 0.000000 0.000000
vt 0.000000 0.000000
vt 0.000000 0.000000
vt 0.000000 0.000000
vt 0.000000 0.000000
vt 0.000000 0.000000
vt 0.000000 0.000000
vt 0.000000 0.000000
vt 0.000000 0.000000
vt 0.000000 0.000000
vt 0.000000 0.000000
vt 0.000000 0.000000
vt 0.000000 0.000000
vt 0.000000 0.000000
vt 0.000000 0.000000
vt 0.000000 0.000000
vt 0.000000 0.000000
vt 0.000000 0.000000
vt 0.000000 0.000000
vt 0.000000 0.000000
vt 0.000000 0.000000
vt 0.000000 0.000000
vt 0.000000 0.000000
vt 0.000000 0.000000
vt 0.000000 0.000000
vt 0.000000 0.000000
vt 0.000000 0.000000
vt 0.000000 0.000000
vt 0.000000 0.000000
vt 0.000000 0.000000
vt 0.000000 0.000000
vt 0.000000 0.000000
vt 0.000000 0.000000
vt 0.000000 0.000000
vt 0.000000 0.000000
vt 0.000000 0.000000
vt 0.000000 0.000000
vt 0.000000 0.000000
vt 0.000000 0.000000
vt 0.000000 0.000000
vt 0.000000 0.000000
vt 0.000000 0.000000
vt 0.000000 0.000000
vt 0.000000 0.000000
vt 0.000000 0.000000
vt 0.000000 0.000000
vt 0.000000 0.000000
vt 0.000000 0.000000
vt 0.000000 0.000000
vt 0.000000 0.000000
vt 0.000000 0.000000
vt 0.000000 0.000000
vt 0.000000 0.000000
vt 0.000000 0.000000
vt 0.000000 0.000000
vt 0.000000 0.000000
vt 0.000000 0.000000
vt 0.000000 0.000000
vt 0.000000 0.000000
vt 0.000000 0.000000
vt 0.000000 0.000000
vt 0.000000 0.000000
vt 0.000000 0.000000
vt 0.000000 0.000000
vt 0.000000 0.000000
vt 0.000000 0.000000
vt 0.000000 0.000000
vt 0.000000 0.000000
vt 0.000000 0.000000
vt 0.000000 0.000000
vt 0.000000 0.000000
vt 0.000000 0.000000
vt 0.000000 0.000000
vt 0.000000 0.000000
vt 0.000000 0.000000
vt 0.000000 0.000000
vt 0.000000 0.000000
vt 0.000000 0.000000
vt 0.000000 0.000000
vt 0.000000 0.000000
vt 0.000000 0.000000
vt 0.000000 0.000000
vt 0.000000 0.000000
vt 0.000000 0.000000
vt 0.000000 0.000000
vt 0.000000 0.000000
vt 0.000000 0.000000
vt 0.000000 0.000000
vt 0.000000 0.000000
vt 0.000000 0.000000
vt 0.000000 0.000000
vt 0.000000 0.000000
vt 0.000000 0.000000
vt 0.000000 0.000000
vt 0.000000 0.000000
vt 0.000000 0.000000
vt 0.000000 0.000000
vt 0.000000 0.000000
vt 0.000000 0.000000
vt 0.000000 0.000000
vt 0.000000 0.000000
vt 0.000000 0.000000
vt 0.000000 0.000000
vt 0.000000 0.000000
vt 0.000000 0.000000
vt 0.000000 0.000000
vt 0.000000 0.000000
vt 0.000000 0.000000
vt 0.000000 0.000000
vt 0.000000 0.000000
vt 0.000000 0.000000
vt 0.000000 0.000000
vt 0.000000 0.000000
vt 0.000000 0.000000
vt 0.000000 0.000000
vt 0.000000 0.000000
vt 0.000000 0.000000
vt 0.000000 0.000000
vt 0.000000 0.000000
vt 0.000000 0.000000
vt 0.000000 0.000000
vt 0.000000 0.000000
vt 0.000000 0.000000
vt 0.000000 0.000000
vt 0.000000 0.000000
vt 0.000000 0.000000
vt 0.000000 0.000000
vt 0.000000 0.000000
vt 0.000000 0.000000
vt 0.000000 0.000000
vt 0.000000 0.000000
vt 0.000000 0.000000
vt 0.000000 0.000000
vt 0.000000 0.000000
vt 0.000000 0.000000
vt 0.000000 0.000000
vt 0.000000 0.000000
vt 0.000000 0.000000
vt 0.000000 0.000000
vt 0.000000 0.000000
vt 0.000000 0.000000
vt 0.000000 0.000000
vt 0.000000 0.000000
vt 0.000000 0.000000
vt 0.000000 0.000000
vt 0.000000 0.000000
vt 0.000000 0.000000
vt 0.000000 0.000000
vt 0.000000 0.000000
vt 0.000000 0.000000
vt 0.000000 0.000000
vt 0.000000 0.000000
vt 0.000000 0.000000
vt 0.000000 0.000000
vt 0.000000 0.000000
vt 0.000000 0.000000
vt 0.000000 0.000000
vt 0.000000 0.000000
vt 0.000000 0.000000
vt 0.000000 0.000000
vt 0.000000 0.000000
vt 0.000000 0.000000
vt 0.000000 0.000000
vt 0.000000 0.000000
vt 0.000000 0.000000
vt 0.000000 0.000000
vt 0.000000 0.000000
vt 0.000000 0.000000
vt 0.000000 0.000000
vt 0.000000 0.000000
vt 0.000000 0.000000
vt 0.000000 0.000000
vt 0.000000 0.000000
vt 0.000000 0.000000
vt 0.000000 0.000000
vt 0.000000 0.000000
vt 0.000000 0.000000
vt 0.000000 0.000000
vt 0.000000 0.000000
vt 0.000000 0.000000
vt 0.000000 0.000000
vt 0.000000 0.000000
vt 0.000000 0.000000
vt 0.000000 0.000000
vt 0.000000 0.000000
vt 0.000000 0.000000
vt 0.000000 0.000000
vt 0.000000 0.000000
vt 0.000000 0.000000
vt 0.000000 0.000000
vt 0.000000 0.000000
vt 0.000000 0.000000
vt 0.000000 0.000000
vt 0.000000 0.000000
vt 0.000000 0.000000
vt 0.000000 0.000000
vt 0.000000 0.000000
vt 0.000000 0.000000
vt 0.000000 0.000000
vt 0.000000 0.000000
vt 0.000000 0.000000
vt 0.000000 0.000000
vt 0.000000 0.000000
vt 0.000000 0.000000
vt 0.000000 0.000000
vt 0.000000 0.000000
vt 0.000000 0.000000
vt 0.000000 0.000000
vt 0.000000 0.000000
vt 0.000000 0.000000
vt 0.000000 0.000000
vt 0.000000 0.000000
vt 0.000000 0.000000
vt 0.000000 0.000000
vt 0.000000 0.000000
vt 0.000000 0.000000
vt 0.000000 0.000000
vt 0.000000 0.000000
vt 0.000000 0.000000
vt 0.000000 0.000000
vt 0.000000 0.000000
vt 0.000000 0.000000
vt 0.000000 0.000000
vt 0.000000 0.000000
vt 0.000000 0.000000
vt 0.000000 0.000000
vt 0.000000 0.000000
vt 0.000000 0.000000
vt 0.000000 0.000000
vt 0.000000 0.000000
vt 0.000000 0.000000
vt 0.000000 0.000000
vt 0.000000 0.000000
vt 0.000000 0.000000
vt 0.000000 0.000000
vt 0.000000 0.000000
vt 0.000000 0.000000
vt 0.000000 0.000000
vt 0.000000 0.000000
vt 0.000000 0.000000
vt 0.000000 0.000000
vt 0.000000 0.000000
vt 0.000000 0.000000
vt 0.000000 0.000000
vt 0.000000 0.000000
vt 0.000000 0.000000
vt 0.000000 0.000000
vt 0.000000 0.000000
vt 0.000000 0.000000
vt 0.000000 0.000000
vt 0.000000 0.000000
vt 0.000000 0.000000
vt 0.000000 0.000000
vt 0.000000 0.000000
vt 0.000000 0.000000
vt 0.000000 0.000000
vt 0.000000 0.000000
vt 0.000000 0.000000
vt 0.000000 0.000000
vt 0.000000 0.000000
vt 0.000000 0.000000
vt 0.000000 0.000000
vt 0.000000 0.000000
vt 0.000000 0.000000
vt 0.000000 0.000000
vt 0.000000 0.000000
vt 0.000000 0.000000
vt 0.000000 0.000000
vt 0.000000 0.000000
vt 0.000000 0.000000
vt 0.000000 0.000000
vt 0.000000 0.000000
vt 0.000000 0.000000
vt 0.000000 0.000000
vt 0.000000 0.000000
vt 0.000000 0.000000
vt 0.000000 0.000000
vt 0.000000 0.000000
vt 0.000000 0.000000
vt 0.000000 0.000000
vt 0.000000 0.000000
vt 0.000000 0.000000
vt 0.000000 0.000000
vt 0.000000 0.000000
vt 0.000000 0.000000
vt 0.000000 0.000000
vt 0.000000 0.000000
vt 0.000000 0.000000
vt 0.000000 0.000000
vt 0.000000 0.000000
vt 0.000000 0.000000
vt 0.000000 0.000000
vt 0.000000 0.000000
vt 0.000000 0.000000
vt 0.000000 0.000000
vt 0.000000 0.000000
vt 0.000000 0.000000
vt 0.000000 0.000000
vt 0.000000 0.000000
vt 0.000000 0.000000
vt 0.000000 0.000000
vt 0.000000 0.000000
vt 0.000000 0.000000
vt 0.000000 0.000000
vt 0.000000 0.000000
vt 0.000000 0.000000
vt 0.000000 0.000000
vt 0.000000 0.000000
vt 0.000000 0.000000
vt 0.000000 0.000000
vt 0.000000 0.000000
vt 0.000000 0.000000
vt 0.000000 0.000000
vt 0.000000 0.000000
vt 0.000000 0.000000
vt 0.000000 0.000000
vt 0.000000 0.000000
vt 0.000000 0.000000
vt 0.000000 0.000000
vt 0.000000 0.000000
vt 0.000000 0.000000
vt 0.000000 0.000000
vt 0.000000 0.000000
vt 0.000000 0.000000
vt 0.000000 0.000000
vt 0.000000 0.000000
vt 0.000000 0.000000
vt 0.000000 0.000000
vt 0.000000 0.000000
vt 0.000000 0.000000
vt 0.000000 0.000000
vt 0.000000 0.000000
vt 0.000000 0.000000
vt 0.000000 0.000000
vt 0.000000 0.000000
vt 0.000000 0.000000
vt 0.000000 0.000000
vt 0.000000 0.000000
vt 0.000000 0.000000
vt 0.000000 0.000000
vt 0.000000 0.000000
vt 0.000000 0.000000
vt 0.000000 0.000000
vt 0.000000 0.000000
vt 0.000000 0.000000
vt 0.000000 0.000000
vt 0.000000 0.000000
vt 0.000000 0.000000
vt 0.000000 0.000000
vt 0.000000 0.000000
vt 0.000000 0.000000
vt 0.000000 0.000000
vt 0.000000 0.000000
vt 0.000000 0.000000
vt 0.000000 0.000000
vt 0.000000 0.000000
vt 0.000000 0.000000
vt 0.000000 0.000000
vt 0.000000 0.000000
vt 0.000000 0.000000
vt 0.000000 0.000000
vt 0.000000 0.000000
vt 0.000000 0.000000
vt 0.000000 0.000000
vt 0.000000 0.000000
vt 0.000000 0.000000
vt 0.000000 0.000000
vt 0.000000 0.000000
vt 0.000000 0.000000
vt 0.000000 0.000000
vt 0.000000 0.000000
vt 0.000000 0.000000
vt 0.000000 0.000000
vt 0.000000 0.000000
vt 0.000000 0.000000
vt 0.000000 0.000000
vt 0.000000 0.000000
vt 0.000000 0.000000
vt 0.000000 0.000000
vt 0.000000 0.000000
vt 0.000000 0.000000
vt 0.000000 0.000000
vt 0.000000 0.000000
vt 0.000000 0.000000
vt 0.000000 0.000000
vt 0.000000 0.000000
vt 0.000000 0.000000
vt 0.000000 0.000000
vt 0.000000 0.000000
vt 0.000000 0.000000
vt 0.000000 0.000000
vt 0.000000 0.000000
vt 0.000000 0.000000
vt 0.000000 0.000000
vt 0.000000 0.000000
vt 0.000000 0.000000
vt 0.000000 0.000000
vt 0.000000 0.000000
vt 0.000000 0.000000
vt 0.000000 0.000000
vt 0.000000 0.000000
vt 0.000000 0.000000
vt 0.000000 0.000000
vt 0.000000 0.000000
vt 0.000000 0.000000
vt 0.000000 0.000000
vt 0.000000 0.000000
vt 0.000000 0.000000
vt 0.000000 0.000000
vt 0.000000 0.000000
vt 0.000000 0.000000
vt 0.000000 0.000000
vt 0.000000 0.000000
vt 0.000000 0.000000
vt 0.000000 0.000000
vt 0.000000 0.000000
vt 0.000000 0.000000
vt 0.000000 0.000000
vt 0.000000 0.000000
vt 0.000000 0.000000
vt 0.000000 0.000000
vt 0.000000 0.000000
vt 0.000000 0.000000
vt 0.000000 0.000000
vt 0.000000 0.000000
vt 0.000000 0.000000
vt 0.000000 0.000000
vt 0.000000 0.000000
vt 0.000000 0.000000
vt 0.000000 0.000000
vt 0.000000 0.000000
vt 0.000000 0.000000
vt 0.000000 0.000000
vt 0.000000 0.000000
vt 0.000000 0.000000
vt 0.000000 0.000000
vt 0.000000 0.000000
vt 0.000000 0.000000
vt 0.000000 0.000000
vt 0.000000 0.000000
vt 0.000000 0.000000
vt 0.000000 0.000000
vt 0.000000 0.000000
vt 0.000000 0.000000
vt 0.000000 0.000000
vt 0.000000 0.000000
vt 0.000000 0.000000
vt 0.000000 0.000000
vt 0.000000 0.000000
vt 0.000000 0.000000
vt 0.000000 0.000000
vt 0.000000 0.000000
vt 0.000000 0.000000
vt 0.000000 0.000000
vt 0.000000 0.000000
vt 0.000000 0.000000
vt 0.000000 0.000000
vt 0.000000 0.000000
vt 0.000000 0.000000
vt 0.000000 0.000000
vt 0.000000 0.000000
vt 0.000000 0.000000
vt 0.000000 0.000000
vt 0.000000 0.000000
vt 0.000000 0.000000
vt 0.000000 0.000000
vt 0.000000 0.000000
vt 0.000000 0.000000
vt 0.000000 0.000000
vt 0.000000 0.000000
vt 0.000000 0.000000
vt 0.000000 0.000000
vt 0.000000 0.000000
vt 0.000000 0.000000
vt 0.000000 0.000000
vt 0.000000 0.000000
vt 0.000000 0.000000
vt 0.000000 0.000000
vt 0.000000 0.000000
vt 0.000000 0.000000
vt 0.000000 0.000000
vt 0.000000 0.000000
vt 0.000000 0.000000
vt 0.000000 0.000000
vt 0.000000 0.000000
vt 0.000000 0.000000
vt 0.000000 0.000000
vt 0.000000 0.000000
vt 0.000000 0.000000
vt 0.000000 0.000000
vt 0.000000 0.000000
vt 0.000000 0.000000
vt 0.000000 0.000000
vt 0.000000 0.000000
vt 0.000000 0.000000
vt 0.000000 0.000000
vt 0.000000 0.000000
vt 0.000000 0.000000
vt 0.000000 0.000000
vt 0.000000 0.000000
vt 0.000000 0.000000
vt 0.000000 0.000000
vt 0.000000 0.000000
vt 0.000000 0.000000
vt 0.000000 0.000000
vt 0.000000 0.000000
vt 0.000000 0.000000
vt 0.000000 0.000000
vt 0.000000 0.000000
vt 0.000000 0.000000
vt 0.000000 0.000000
vt 0.000000 0.000000
vt 0.000000 0.000000
vt 0.000000 0.000000
vt 0.000000 0.000000
vt 0.000000 0.000000
vt 0.000000 0.000000
vt 0.000000 0.000000
vt 0.000000 0.000000
vt 0.000000 0.000000
vt 0.000000 0.000000
vt 0.000000 0.000000
vt 0.000000 0.000000
vt 0.000000 0.000000
vt 0.000000 0.000000
vt 0.000000 0.000000
vt 0.000000 0.000000
vt 0.000000 0.000000
vt 0.000000 0.000000
vt 0.000000 0.000000
vt 0.000000 0.000000
vt 0.000000 0.000000
vt 0.000000 0.000000
vt 0.000000 0.000000
vt 0.000000 0.000000
vt 0.000000 0.000000
vt 0.000000 0.000000
vt 0.000000 0.000000
vt 0.000000 0.000000
vt 0.000000 0.000000
vt 0.000000 0.000000
vt 0.000000 0.000000
vt 0.000000 0.000000
vt 0.000000 0.000000
vt 0.000000 0.000000
vt 0.000000 0.000000
vt 0.000000 0.000000
vt 0.000000 0.000000
vt 0.000000 0.000000
vt 0.000000 0.000000
vt 0.000000 0.000000
vt 0.000000 0.000000
vt 0.000000 0.000000
vt 0.000000 0.000000
vt 0.000000 0.000000
vt 0.000000 0.000000
vt 0.000000 0.000000
vt 0.000000 0.000000
vt 0.000000 0.000000
vt 0.000000 0.000000
vt 0.000000 0.000000
vt 0.000000 0.000000
vt 0.000000 0.000000
vt 0.000000 0.000000
vt 0.000000 0.000000
vt 0.000000 0.000000
vt 0.000000 0.000000
vt 0.000000 0.000000
vt 0.000000 0.000000
vt 0.000000 0.000000
vt 0.000000 0.000000
vt 0.000000 0.000000
vt 0.000000 0.000000
vt 0.000000 0.000000
vt 0.000000 0.000000
vt 0.000000 0.000000
vt 0.000000 0.000000
vt 0.000000 0.000000
vt 0.000000 0.000000
vt 0.000000 0.000000
vt 0.000000 0.000000
vt 0.000000 0.000000
vt 0.000000 0.000000
vt 0.000000 0.000000
vt 0.000000 0.000000
vt 0.000000 0.000000
vt 0.000000 0.000000
vt 0.000000 0.000000
vt 0.000000 0.000000
vt 0.000000 0.000000
vt 0.000000 0.000000
vt 0.000000 0.000000
vt 0.000000 0.000000
vt 0.000000 0.000000
vt 0.000000 0.000000
vt 0.000000 0.000000
vt 0.000000 0.000000
vt 0.000000 0.000000
vt 0.000000 0.000000
vt 0.000000 0.000000
vt 0.000000 0.000000
vt 0.000000 0.000000
vt 0.000000 0.000000
vt 0.000000 0.000000
vt 0.000000 0.000000
vt 0.000000 0.000000
vt 0.000000 0.000000
vt 0.000000 0.000000
vt 0.000000 0.000000
vt 0.000000 0.000000
vt 0.000000 0.000000
vt 0.000000 0.000000
vt 0.000000 0.000000
vt 0.000000 0.000000
vt 0.000000 0.000000
vt 0.000000 0.000000
vt 0.000000 0.000000
vt 0.000000 0.000000
vt 0.000000 0.000000
vt 0.000000 0.000000
vt 0.000000 0.000000
vt 0.000000 0.000000
vt 0.000000 0.000000
vt 0.000000 0.000000
vt 0.000000 0.000000
vt 0.000000 0.000000
vt 0.000000 0.000000
vt 0.000000 0.000000
vt 0.000000 0.000000
vt 0.000000 0.000000
vt 0.000000 0.000000
vt 0.000000 0.000000
vt 0.000000 0.000000
vt 0.000000 0.000000
vt 0.000000 0.000000
vt 0.000000 0.000000
vt 0.000000 0.000000
vt 0.000000 0.000000
vt 0.000000 0.000000
vt 0.000000 0.000000
vt 0.000000 0.000000
vt 0.000000 0.000000
vt 0.000000 0.000000
vt 0.000000 0.000000
vt 0.000000 0.000000
vt 0.000000 0.000000
vt 0.000000 0.000000
vt 0.000000 0.000000
vt 0.000000 0.000000
vt 0.000000 0.000000
vt 0.000000 0.000000
vt 0.000000 0.000000
vt 0.000000 0.000000
vt 0.000000 0.000000
vt 0.000000 0.000000
vt 0.000000 0.000000
vt 0.000000 0.000000
vt 0.000000 0.000000
vt 0.000000 0.000000
vt 0.000000 0.000000
vt 0.000000 0.000000
vt 0.000000 0.000000
vt 0.000000 0.000000
vt 0.000000 0.000000
vt 0.000000 0.000000
vt 0.000000 0.000000
vt 0.000000 0.000000
vt 0.000000 0.000000
vt 0.000000 0.000000
vt 0.000000 0.000000
vt 0.000000 0.000000
vt 0.000000 0.000000
vt 0.000000 0.000000
vt 0.000000 0.000000
vt 0.000000 0.000000
vt 0.000000 0.000000
vt 0.000000 0.000000
vt 0.000000 0.000000
vt 0.000000 0.000000
vt 0.000000 0.000000
vt 0.000000 0.000000
vt 0.000000 0.000000
vt 0.000000 0.000000
vt 0.000000 0.000000
vt 0.000000 0.000000
vt 0.000000 0.000000
vt 0.000000 0.000000
vt 0.000000 0.000000
vt 0.000000 0.000000
vt 0.000000 0.000000
vt 0.000000 0.000000
vt 0.000000 0.000000
vt 0.000000 0.000000
vt 0.000000 0.000000
vt 0.000000 0.000000
vt 0.000000 0.000000
vt 0.000000 0.000000
vt 0.000000 0.000000
vt 0.000000 0.000000
vt 0.000000 0.000000
vt 0.000000 0.000000
vt 0.000000 0.000000
vt 0.000000 0.000000
vt 0.000000 0.000000
vt 0.000000 0.000000
vt 0.000000 0.000000
vt 0.000000 0.000000
vt 0.000000 0.000000
vt 0.000000 0.000000
vt 0.000000 0.000000
vt 0.000000 0.000000
vt 0.000000 0.000000
vt 0.000000 0.000000
vt 0.000000 0.000000
vt 0.000000 0.000000
vt 0.000000 0.000000
vt 0.000000 0.000000
vt 0.000000 0.000000
vt 0.000000 0.000000
vt 0.000000 0.000000
vt 0.000000 0.000000
vt 0.000000 0.000000
vt 0.000000 0.000000
vt 0.000000 0.000000
vt 0.000000 0.000000
vt 0.000000 0.000000
vt 0.000000 0.000000
vt 0.000000 0.000000
vt 0.000000 0.000000
vt 0.000000 0.000000
vt 0.000000 0.000000
vt 0.000000 0.000000
vt 0.000000 0.000000
vt 0.000000 0.000000
vt 0.000000 0.000000
vt 0.000000 0.000000
vt 0.000000 0.000000
vt 0.000000 0.000000
vt 0.000000 0.000000
vt 0.000000 0.000000
vt 0.000000 0.000000
vt 0.000000 0.000000
vt 0.000000 0.000000
vt 0.000000 0.000000
vt 0.000000 0.000000
vt 0.000000 0.000000
vt 0.000000 0.000000
vt 0.000000 0.000000
vt 0.000000 0.000000
vt 0.000000 0.000000
vt 0.000000 0.000000
vt 0.000000 0.000000
vt 0.000000 0.000000
vt 0.000000 0.000000
vt 0.000000 0.000000
vt 0.000000 0.000000
vt 0.000000 0.000000
vt 0.000000 0.000000
vt 0.000000 0.000000
vt 0.000000 0.000000
vt 0.000000 0.000000
vt 0.000000 0.000000
vt 0.000000 0.000000
vt 0.000000 0.000000
vt 0.000000 0.000000
vt 0.000000 0.000000
vt 0.000000 0.000000
vt 0.000000 0.000000
vt 0.000000 0.000000
vt 0.000000 0.000000
vt 0.000000 0.000000
vt 0.000000 0.000000
vt 0.000000 0.000000
vt 0.000000 0.000000
vt 0.000000 0.000000
vt 0.000000 0.000000
vt 0.000000 0.000000
vt 0.000000 0.000000
vt 0.000000 0.000000
vt 0.000000 0.000000
vt 0.000000 0.000000
vt 0.000000 0.000000
vt 0.000000 0.000000
vt 0.000000 0.000000
vt 0.000000 0.000000
vt 0.000000 0.000000
vt 0.000000 0.000000
vt 0.000000 0.000000
vt 0.000000 0.000000
vt 0.000000 0.000000
vt 0.000000 0.000000
vt 0.000000 0.000000
vt 0.000000 0.000000
vt 0.000000 0.000000
vt 0.000000 0.000000
vt 0.000000 0.000000
vt 0.000000 0.000000
vt 0.000000 0.000000
vt 0.000000 0.000000
vt 0.000000 0.000000
vt 0.000000 0.000000
vt 0.000000 0.000000
vt 0.000000 0.000000
vt 0.000000 0.000000
vt 0.000000 0.000000
vt 0.000000 0.000000
vt 0.000000 0.000000
vt 0.000000 0.000000
vt 0.000000 0.000000
vt 0.000000 0.000000
vt 0.000000 0.000000
vt 0.000000 0.000000
vt 0.000000 0.000000
vt 0.000000 0.000000
vt 0.000000 0.000000
vt 0.000000 0.000000
vt 0.000000 0.000000
vt 0.000000 0.000000
vt 0.000000 0.000000
vt 0.000000 0.000000
vt 0.000000 0.000000
vt 0.000000 0.000000
vt 0.000000 0.000000
vt 0.000000 0.000000
vt 0.000000 0.000000
vt 0.000000 0.000000
vt 0.000000 0.000000
vt 0.000000 0.000000
vt 0.000000 0.000000
vt 0.000000 0.000000
vt 0.000000 0.000000
vt 0.000000 0.000000
vt 0.000000 0.000000
vt 0.000000 0.000000
vt 0.000000 0.000000
vt 0.000000 0.000000
vt 0.000000 0.000000
vt 0.000000 0.000000
vt 0.000000 0.000000
vt 0.000000 0.000000
vt 0.000000 0.000000
vt 0.000000 0.000000
vt 0.000000 0.000000
vt 0.000000 0.000000
vt 0.000000 0.000000
vt 0.000000 0.000000
vt 0.000000 0.000000
vt 0.000000 0.000000
vt 0.000000 0.000000
vt 0.000000 0.000000
vt 0.000000 0.000000
vt 0.000000 0.000000
vt 0.000000 0.000000
vt 0.000000 0.000000
vt 0.000000 0.000000
vt 0.000000 0.000000
vt 0.000000 0.000000
vt 0.000000 0.000000
vt 0.000000 0.000000
vt 0.000000 0.000000
vt 0.000000 0.000000
vt 0.000000 0.000000
vt 0.000000 0.000000
vt 0.000000 0.000000
vt 0.000000 0.000000
vt 0.000000 0.000000
vt 0.000000 0.000000
vt 0.000000 0.000000
vt 0.000000 0.000000
vt 0.000000 0.000000
vt 0.000000 0.000000
vt 0.000000 0.000000
vt 0.000000 0.000000
vt 0.000000 0.000000
vt 0.000000 0.000000
vt 0.000000 0.000000
vt 0.000000 0.000000
vt 0.000000 0.000000
vt 0.000000 0.000000
vt 0.000000 0.000000
vt 0.000000 0.000000
vt 0.000000 0.000000
vt 0.000000 0.000000
vt 0.000000 0.000000
vt 0.000000 0.000000
vt 0.000000 0.000000
vt 0.000000 0.000000
vt 0.000000 0.000000
vt 0.000000 0.000000
vt 0.000000 0.000000
vt 0.000000 0.000000
vt 0.000000 0.000000
vt 0.000000 0.000000
vt 0.000000 0.000000
vt 0.000000 0.000000
vt 0.000000 0.000000
vt 0.000000 0.000000
vt 0.000000 0.000000
vt 0.000000 0.000000
vt 0.000000 0.000000
vt 0.000000 0.000000
vt 0.000000 0.000000
vt 0.000000 0.000000
vt 0.000000 0.000000
vt 0.000000 0.000000
vt 0.000000 0.000000
vt 0.000000 0.000000
vt 0.000000 0.000000
vt 0.000000 0.000000
vt 0.000000 0.000000
vt 0.000000 0.000000
vt 0.000000 0.000000
vt 0.000000 0.000000
vt 0.000000 0.000000
vt 0.000000 0.000000
vt 0.000000 0.000000
vt 0.000000 0.000000
vt 0.000000 0.000000
vt 0.000000 0.000000
vt 0.000000 0.000000
vt 0.000000 0.000000
vt 0.000000 0.000000
vt 0.000000 0.000000
vt 0.000000 0.000000
vt 0.000000 0.000000
vt 0.000000 0.000000
vt 0.000000 0.000000
vt 0.000000 0.000000
vt 0.000000 0.000000
vt 0.000000 0.000000
vt 0.000000 0.000000
vt 0.000000 0.000000
vt 0.000000 0.000000
vt 0.000000 0.000000
vt 0.000000 0.000000
vt 0.000000 0.000000
vt 0.000000 0.000000
vt 0.000000 0.000000
vt 0.000000 0.000000
vt 0.000000 0.000000
vt 0.000000 0.000000
vt 0.000000 0.000000
vt 0.000000 0.000000
vt 0.000000 0.000000
vt 0.000000 0.000000
vt 0.000000 0.000000
vt 0.000000 0.000000
vt 0.000000 0.000000
vt 0.000000 0.000000
vt 0.000000 0.000000
vt 0.000000 0.000000
vt 0.000000 0.000000
vt 0.000000 0.000000
vt 0.000000 0.000000
vt 0.000000 0.000000
vt 0.000000 0.000000
vt 0.000000 0.000000
vt 0.000000 0.000000
vt 0.000000 0.000000
vt 0.000000 0.000000
vt 0.000000 0.000000
vt 0.000000 0.000000
vt 0.000000 0.000000
vt 0.000000 0.000000
vt 0.000000 0.000000
vt 0.000000 0.000000
vt 0.000000 0.000000
vt 0.000000 0.000000
vt 0.000000 0.000000
vt 0.000000 0.000000
vt 0.000000 0.000000
vt 0.000000 0.000000
vt 0.000000 0.000000
vt 0.000000 0.000000
vt 0.000000 0.000000
vt 0.000000 0.000000
vt 0.000000 0.000000
vt 0.000000 0.000000
vt 0.000000 0.000000
vt 0.000000 0.000000
vt 0.000000 0.000000
vt 0.000000 0.000000
vt 0.000000 0.000000
vt 0.000000 0.000000
vt 0.000000 0.000000
vt 0.000000 0.000000
vt 0.000000 0.000000
vt 0.000000 0.000000
vt 0.000000 0.000000
vt 0.000000 0.000000
vt 0.000000 0.000000
vt 0.000000 0.000000
vt 0.000000 0.000000
vt 0.000000 0.000000
vt 0.000000 0.000000
vt 0.000000 0.000000
vt 0.000000 0.000000
vt 0.000000 0.000000
vt 0.000000 0.000000
vt 0.000000 0.000000
vt 0.000000 0.000000
vt 0.000000 0.000000
vt 0.000000 0.000000
vt 0.000000 0.000000
vt 0.000000 0.000000
vt 0.000000 0.000000
vt 0.000000 0.000000
vt 0.000000 0.000000
vt 0.000000 0.000000
vt 0.000000 0.000000
vt 0.000000 0.000000
vt 0.000000 0.000000
vt 0.000000 0.000000
vt 0.000000 0.000000
vt 0.000000 0.000000
vt 0.000000 0.000000
vt 0.000000 0.000000
vt 0.000000 0.000000
vt 0.000000 0.000000
vt 0.000000 0.000000
vt 0.000000 0.000000
vt 0.000000 0.000000
vt 0.000000 0.000000
vt 0.000000 0.000000
vt 0.000000 0.000000
vt 0.000000 0.000000
vt 0.000000 0.000000
vt 0.000000 0.000000
vt 0.000000 0.000000
vt 0.000000 0.000000
vt 0.000000 0.000000
vt 0.000000 0.000000
vt 0.000000 0.000000
vt 0.000000 0.000000
vt 0.000000 0.000000
vt 0.000000 0.000000
vt 0.000000 0.000000
vt 0.000000 0.000000
vt 0.000000 0.000000
vt 0.000000 0.000000
vt 0.000000 0.000000
vt 0.000000 0.000000
vt 0.000000 0.000000
vt 0.000000 0.000000
vt 0.000000 0.000000
vt 0.000000 0.000000
vt 0.000000 0.000000
vt 0.000000 0.000000
vt 0.000000 0.000000
vt 0.000000 0.000000
vt 0.000000 0.000000
vt 0.000000 0.000000
vt 0.000000 0.000000
vt 0.000000 0.000000
vt 0.000000 0.000000
vt 0.000000 0.000000
vt 0.000000 0.000000
vt 0.000000 0.000000
vt 0.000000 0.000000
vt 0.000000 0.000000
vt 0.000000 0.000000
vt 0.000000 0.000000
vt 0.000000 0.000000
vt 0.000000 0.000000
vt 0.000000 0.000000
vt 0.000000 0.000000
vt 0.000000 0.000000
vt 0.000000 0.000000
vt 0.000000 0.000000
vt 0.000000 0.000000
vt 0.000000 0.000000
vt 0.000000 0.000000
vt 0.000000 0.000000
vt 0.000000 0.000000
vt 0.000000 0.000000
vt 0.000000 0.000000
vt 0.000000 0.000000
vt 0.000000 0.000000
vt 0.000000 0.000000
vt 0.000000 0.000000
vt 0.000000 0.000000
vt 0.000000 0.000000
vt 0.000000 0.000000
vt 0.000000 0.000000
vt 0.000000 0.000000
vt 0.000000 0.000000
vt 0.000000 0.000000
vt 0.000000 0.000000
vt 0.000000 0.000000
vt 0.000000 0.000000
vt 0.000000 0.000000
vt 0.000000 0.000000
vt 0.000000 0.000000
vt 0.000000 0.000000
vt 0.000000 0.000000
vt 0.000000 0.000000
vt 0.000000 0.000000
vt 0.000000 0.000000
vt 0.000000 0.000000
vt 0.000000 0.000000
vt 0.000000 0.000000
vt 0.000000 0.000000
vt 0.000000 0.000000
vt 0.000000 0.000000
vt 0.000000 0.000000
vt 0.000000 0.000000
vt 0.000000 0.000000
vt 0.000000 0.000000
vt 0.000000 0.000000
vt 0.000000 0.000000
vt 0.000000 0.000000
vt 0.000000 0.000000
vt 0.000000 0.000000
vt 0.000000 0.000000
vt 0.000000 0.000000
vt 0.000000 0.000000
vt 0.000000 0.000000
vt 0.000000 0.000000
vt 0.000000 0.000000
vt 0.000000 0.000000
vt 0.000000 0.000000
vt 0.000000 0.000000
vt 0.000000 0.000000
vt 0.000000 0.000000
vt 0.000000 0.000000
vt 0.000000 0.000000
vt 0.000000 0.000000
vt 0.000000 0.000000
vt 0.000000 0.000000
vt 0.000000 0.000000
vt 0.000000 0.000000
vt 0.000000 0.000000
vt 0.000000 0.000000
vt 0.000000 0.000000
vt 0.000000 0.000000
vt 0.000000 0.000000
vt 0.000000 0.000000
vt 0.000000 0.000000
vt 0.000000 0.000000
vt 0.000000 0.000000
vt 0.000000 0.000000
vt 0.000000 0.000000
vt 0.000000 0.000000
vt 0.000000 0.000000
vt 0.000000 0.000000
vt 0.000000 0.000000
vt 0.000000 0.000000
vt 0.000000 0.000000
vt 0.000000 0.000000
vt 0.000000 0.000000
vt 0.000000 0.000000
vt 0.000000 0.000000
vt 0.000000 0.000000
vt 0.000000 0.000000
vt 0.000000 0.000000
vt 0.000000 0.000000
vt 0.000000 0.000000
vt 0.000000 0.000000
vt 0.000000 0.000000
vt 0.000000 0.000000
vt 0.000000 0.000000
vt 0.000000 0.000000
vt 0.000000 0.000000
vt 0.000000 0.000000
vt 0.000000 0.000000
vt 0.000000 0.000000
vt 0.000000 0.000000
vt 0.000000 0.000000
vt 0.000000 0.000000
vt 0.000000 0.000000
vt 0.000000 0.000000
vt 0.000000 0.000000
vt 0.000000 0.000000
vt 0.000000 0.000000
vt 0.000000 0.000000
vt 0.000000 0.000000
vt 0.000000 0.000000
vt 0.000000 0.000000
vt 0.000000 0.000000
vt 0.000000 0.000000
vt 0.000000 0.000000
vt 0.000000 0.000000
vt 0.000000 0.000000
vt 0.000000 0.000000
vt 0.000000 0.000000
vt 0.000000 0.000000
vt 0.000000 0.000000
vt 0.000000 0.000000
vt 0.000000 0.000000
vt 0.000000 0.000000
vt 0.000000 0.000000
vt 0.000000 0.000000
vt 0.000000 0.000000
vt 0.000000 0.000000
vt 0.000000 0.000000
vt 0.000000 0.000000
vt 0.000000 0.000000
vt 0.000000 0.000000
vt 0.000000 0.000000
vt 0.000000 0.000000
vt 0.000000 0.000000
vt 0.000000 0.000000
vt 0.000000 0.000000
vt 0.000000 0.000000
vt 0.000000 0.000000
vt 0.000000 0.000000
vt 0.000000 0.000000
vt 0.000000 0.000000
vt 0.000000 0.000000
vt 0.000000 0.000000
vt 0.000000 0.000000
vt 0.000000 0.000000
vt 0.000000 0.000000
vt 0.000000 0.000000
vt 0.000000 0.000000
vt 0.000000 0.000000
vt 0.000000 0.000000
vt 0.000000 0.000000
vt 0.000000 0.000000
vt 0.000000 0.000000
vt 0.000000 0.000000
vt 0.000000 0.000000
vt 0.000000 0.000000
vt 0.000000 0.000000
vt 0.000000 0.000000
vt 0.000000 0.000000
vt 0.000000 0.000000
vt 0.000000 0.000000
vt 0.000000 0.000000
vt 0.000000 0.000000
vt 0.000000 0.000000
vt 0.000000 0.000000
vt 0.000000 0.000000
vt 0.000000 0.000000
vt 0.000000 0.000000
vt 0.000000 0.000000
vt 0.000000 0.000000
vt 0.000000 0.000000
vt 0.000000 0.000000
vt 0.000000 0.000000
vt 0.000000 0.000000
vt 0.000000 0.000000
vt 0.000000 0.000000
vt 0.000000 0.000000
vt 0.000000 0.000000
vt 0.000000 0.000000
vt 0.000000 0.000000
vt 0.000000 0.000000
vt 0.000000 0.000000
vt 0.000000 0.000000
vt 0.000000 0.000000
vt 0.000000 0.000000
vt 0.000000 0.000000
vt 0.000000 0.000000
vt 0.000000 0.000000
vt 0.000000 0.000000
vt 0.000000 0.000000
vt 0.000000 0.000000
vt 0.000000 0.000000
vt 0.000000 0.000000
vt 0.000000 0.000000
vt 0.000000 0.000000
vt 0.000000 0.000000
vt 0.000000 0.000000
vt 0.000000 0.000000
vt 0.000000 0.000000
vt 0.000000 0.000000
vt 0.000000 0.000000
vt 0.000000 0.000000
vt 0.000000 0.000000
vt 0.000000 0.000000
vt 0.000000 0.000000
vt 0.000000 0.000000
vt 0.000000 0.000000
vt 0.000000 0.000000
vt 0.000000 0.000000
vt 0.000000 0.000000
vt 0.000000 0.000000
vt 0.000000 0.000000
vt 0.000000 0.000000
vt 0.000000 0.000000
vt 0.000000 0.000000
vt 0.000000 0.000000
vt 0.000000 0.000000
vt 0.000000 0.000000
vt 0.000000 0.000000
vt 0.000000 0.000000
vt 0.000000 0.000000
vt 0.000000 0.000000
vt 0.000000 0.000000
vt 0.000000 0.000000
vt 0.000000 0.000000
vt 0.000000 0.000000
vt 0.000000 0.000000
vt 0.000000 0.000000
vt 0.000000 0.000000
vt 0.000000 0.000000
vt 0.000000 0.000000
vt 0.000000 0.000000
vt 0.000000 0.000000
vt 0.000000 0.000000
vt 0.000000 0.000000
vt 0.000000 0.000000
vt 0.000000 0.000000
vt 0.000000 0.000000
vt 0.000000 0.000000
vt 0.000000 0.000000
vt 0.000000 0.000000
vt 0.000000 0.000000
vt 0.000000 0.000000
vt 0.000000 0.000000
vt 0.000000 0.000000
vt 0.000000 0.000000
vt 0.000000 0.000000
vt 0.000000 0.000000
vt 0.000000 0.000000
vt 0.000000 0.000000
vt 0.000000 0.000000
vt 0.000000 0.000000
vt 0.000000 0.000000
vt 0.000000 0.000000
vt 0.000000 0.000000
vt 0.000000 0.000000
vt 0.000000 0.000000
vt 0.000000 0.000000
vt 0.000000 0.000000
vt 0.000000 0.000000
vt 0.000000 0.000000
vt 0.000000 0.000000
vt 0.000000 0.000000
vt 0.000000 0.000000
vt 0.000000 0.000000
vt 0.000000 0.000000
vt 0.000000 0.000000
vt 0.000000 0.000000
vt 0.000000 0.000000
vt 0.000000 0.000000
vt 0.000000 0.000000
vt 0.000000 0.000000
vt 0.000000 0.000000
vt 0.000000 0.000000
vt 0.000000 0.000000
vt 0.000000 0.000000
vt 0.000000 0.000000
vt 0.000000 0.000000
vt 0.000000 0.000000
vt 0.000000 0.000000
vt 0.000000 0.000000
vt 0.000000 0.000000
vt 0.000000 0.000000
vt 0.000000 0.000000
vt 0.000000 0.000000
vt 0.000000 0.000000
vt 0.000000 0.000000
vt 0.000000 0.000000
vt 0.000000 0.000000
vt 0.000000 0.000000
vt 0.000000 0.000000
vt 0.000000 0.000000
vt 0.000000 0.000000
vt 0.000000 0.000000
vt 0.000000 0.000000
vt 0.000000 0.000000
vt 0.000000 0.000000
vt 0.000000 0.000000
vt 0.000000 0.000000
vt 0.000000 0.000000
vt 0.000000 0.000000
vt 0.000000 0.000000
vt 0.000000 0.000000
vt 0.000000 0.000000
vt 0.000000 0.000000
vt 0.000000 0.000000
vt 0.000000 0.000000
vt 0.000000 0.000000
vt 0.000000 0.000000
vt 0.000000 0.000000
vt 0.000000 0.000000
vt 0.000000 0.000000
vt 0.000000 0.000000
vt 0.000000 0.000000
vt 0.000000 0.000000
vt 0.000000 0.000000
vt 0.000000 0.000000
vt 0.000000 0.000000
vt 0.000000 0.000000
vt 0.000000 0.000000
vt 0.000000 0.000000
vt 0.000000 0.000000
vt 0.000000 0.000000
vt 0.000000 0.000000
vt 0.000000 0.000000
vt 0.000000 0.000000
vt 0.000000 0.000000
vt 0.000000 0.000000
vt 0.000000 0.000000
vt 0.000000 0.000000
vt 0.000000 0.000000
vt 0.000000 0.000000
vt 0.000000 0.000000
vt 0.000000 0.000000
vt 0.000000 0.000000
vt 0.000000 0.000000
vt 0.000000 0.000000
vt 0.000000 0.000000
vt 0.000000 0.000000
vt 0.000000 0.000000
vt 0.000000 0.000000
vt 0.000000 0.000000
vt 0.000000 0.000000
vt 0.000000 0.000000
vt 0.000000 0.000000
vt 0.000000 0.000000
vt 0.000000 0.000000
vt 0.000000 0.000000
vt 0.000000 0.000000
vt 0.000000 0.000000
vt 0.000000 0.000000
vt 0.000000 0.000000
vt 0.000000 0.000000
vt 0.000000 0.000000
vt 0.000000 0.000000
vt 0.000000 0.000000
vt 0.000000 0.000000
vt 0.000000 0.000000
vt 0.000000 0.000000
vt 0.000000 0.000000
vt 0.000000 0.000000
vt 0.000000 0.000000
vt 0.000000 0.000000
vt 0.000000 0.000000
vt 0.000000 0.000000
vt 0.000000 0.000000
vt 0.000000 0.000000
vt 0.000000 0.000000
vt 0.000000 0.000000
vt 0.000000 0.000000
vt 0.000000 0.000000
vt 0.000000 0.000000
vt 0.000000 0.000000
vt 0.000000 0.000000
vt 0.000000 0.000000
vt 0.000000 0.000000
vt 0.000000 0.000000
vt 0.000000 0.000000
vt 0.000000 0.000000
vt 0.000000 0.000000
vt 0.000000 0.000000
vt 0.000000 0.000000
vt 0.000000 0.000000
vt 0.000000 0.000000
vt 0.000000 0.000000
vt 0.000000 0.000000
vt 0.000000 0.000000
vt 0.000000 0.000000
vt 0.000000 0.000000
vt 0.000000 0.000000
vt 0.000000 0.000000
vt 0.000000 0.000000
vt 0.000000 0.000000
vt 0.000000 0.000000
vt 0.000000 0.000000
vt 0.000000 0.000000
vt 0.000000 0.000000
vt 0.000000 0.000000
vt 0.000000 0.000000
vt 0.000000 0.000000
vt 0.000000 0.000000
vt 0.000000 0.000000
vt 0.000000 0.000000
vt 0.000000 0.000000
vt 0.000000 0.000000
vt 0.000000 0.000000
vt 0.000000 0.000000
vt 0.000000 0.000000
vt 0.000000 0.000000
vt 0.000000 0.000000
vt 0.000000 0.000000
vt 0.000000 0.000000
vt 0.000000 0.000000
vt 0.000000 0.000000
vt 0.000000 0.000000
vt 0.000000 0.000000
vt 0.000000 0.000000
vt 0.000000 0.000000
vt 0.000000 0.000000
vt 0.000000 0.000000
vt 0.000000 0.000000
vt 0.000000 0.000000
vt 0.000000 0.000000
vt 0.000000 0.000000
vt 0.000000 0.000000
vt 0.000000 0.000000
vt 0.000000 0.000000
vt 0.000000 0.000000
vt 0.000000 0.000000
vt 0.000000 0.000000
vt 0.000000 0.000000
vt 0.000000 0.000000
vt 0.000000 0.000000
vt 0.000000 0.000000
vt 0.000000 0.000000
vt 0.000000 0.000000
vt 0.000000 0.000000
vt 0.000000 0.000000
vt 0.000000 0.000000
vt 0.000000 0.000000
vt 0.000000 0.000000
vt 0.000000 0.000000
vt 0.000000 0.000000
vt 0.000000 0.000000
vt 0.000000 0.000000
vt 0.000000 0.000000
vt 0.000000 0.000000
vt 0.000000 0.000000
vt 0.000000 0.000000
vt 0.000000 0.000000
vt 0.000000 0.000000
vt 0.000000 0.000000
vt 0.000000 0.000000
vt 0.000000 0.000000
vt 0.000000 0.000000
vt 0.000000 0.000000
vt 0.000000 0.000000
vt 0.000000 0.000000
vt 0.000000 0.000000
vt 0.000000 0.000000
vt 0.000000 0.000000
vt 0.000000 0.000000
vt 0.000000 0.000000
vt 0.000000 0.000000
vt 0.000000 0.000000
vt 0.000000 0.000000
vt 0.000000 0.000000
vt 0.000000 0.000000
vt 0.000000 0.000000
vt 0.000000 0.000000
vt 0.000000 0.000000
vt 0.000000 0.000000
vt 0.000000 0.000000
vt 0.000000 0.000000
vt 0.000000 0.000000
vt 0.000000 0.000000
vt 0.000000 0.000000
vt 0.000000 0.000000
vt 0.000000 0.000000
vt 0.000000 0.000000
vt 0.000000 0.000000
vt 0.000000 0.000000
vt 0.000000 0.000000
vt 0.000000 0.000000
vt 0.000000 0.000000
vt 0.000000 0.000000
vt 0.000000 0.000000
vt 0.000000 0.000000
vt 0.000000 0.000000
vt 0.000000 0.000000
vt 0.000000 0.000000
vt 0.000000 0.000000
vt 0.000000 0.000000
vt 0.000000 0.000000
vt 0.000000 0.000000
vt 0.000000 0.000000
vt 0.000000 0.000000
vt 0.000000 0.000000
vt 0.000000 0.000000
vt 0.000000 0.000000
vt 0.000000 0.000000
vt 0.000000 0.000000
vt 0.000000 0.000000
vt 0.000000 0.000000
vt 0.000000 0.000000
vt 0.000000 0.000000
vt 0.000000 0.000000
vt 0.000000 0.000000
vt 0.000000 0.000000
vt 0.000000 0.000000
vt 0.000000 0.000000
vt 0.000000 0.000000
vt 0.000000 0.000000
vt 0.000000 0.000000
vt 0.000000 0.000000
vt 0.000000 0.000000
vt 0.000000 0.000000
vt 0.000000 0.000000
vt 0.000000 0.000000
vt 0.000000 0.000000
vt 0.000000 0.000000
vt 0.000000 0.000000
vt 0.000000 0.000000
vt 0.000000 0.000000
vt 0.000000 0.000000
vt 0.000000 0.000000
vt 0.000000 0.000000
vt 0.000000 0.000000
vt 0.000000 0.000000
vt 0.000000 0.000000
vt 0.000000 0.000000
vt 0.000000 0.000000
vt 0.000000 0.000000
vt 0.000000 0.000000
vt 0.000000 0.000000
vt 0.000000 0.000000
vt 0.000000 0.000000
vt 0.000000 0.000000
vt 0.000000 0.000000
vt 0.000000 0.000000
vt 0.000000 0.000000
vt 0.000000 0.000000
vt 0.000000 0.000000
vt 0.000000 0.000000
vt 0.000000 0.000000
vt 0.000000 0.000000
vt 0.000000 0.000000
vt 0.000000 0.000000
vt 0.000000 0.000000
vt 0.000000 0.000000
vt 0.000000 0.000000
vt 0.000000 0.000000
vt 0.000000 0.000000
vt 0.000000 0.000000
vt 0.000000 0.000000
vt 0.000000 0.000000
vt 0.000000 0.000000
vt 0.000000 0.000000
vt 0.000000 0.000000
vt 0.000000 0.000000
vt 0.000000 0.000000
vt 0.000000 0.000000
vt 0.000000 0.000000
vt 0.000000 0.000000
vt 0.000000 0.000000
vt 0.857143 0.436336
vt 0.857143 0.500000
vt 0.714286 0.500000
vt 0.714286 0.000000
vt 0.750000 0.000000
vt 0.785714 0.000000
vt 0.857143 0.000000
vt 0.857143 0.285481
vt 0.826143 0.144918
vt 0.831886 0.370102
vt 0.571429 0.500000
vt 0.571429 0.000000
vt 0.607143 0.000000
vt 0.642857 0.000000
vt 0.678571 0.000000
vt 0.500000 0.000000
vt 0.428571 0.500000
vt 0.428571 0.000000
vt 0.339286 0.000000
vt 0.357143 0.000000
vt 0.285714 0.500000
vt 0.285714 0.000000
vt 0.303571 0.000000
vt 0.321429 0.000000
vt 0.151020 0.181367
vt 0.159632 0.226710
vt 0.142857 0.250000
vt 0.142857 0.000000
vt 0.160714 0.000000
vt 0.178571 0.000000
vt 0.214286 0.000000
vt 0.250000 0.000000
vt 0.232368 0.154342
vt 0.246548 0.078672
vt 0.242233 0.031397
vt 0.221214 0.023953
vt 0.193501 0.026330
vt 0.166879 0.059318
vt 0.226350 0.192269
vt 0.142857 0.500000
vt 0.179975 0.249816
vt 0.071429 0.000000
vt 0.142857 0.000000
vt 0.142857 0.125000
vt 0.142857 0.250000
vt 0.142857 0.375000
vt 0.000000 0.500000
vt 0.000000 0.250000
vt 0.000000 0.000000
vt 0.892857 0.000000
vt 0.928571 0.000000
vt 0.964286 0.000000
vt 1.000000 0.000000
vt 1.000000 0.500000
vt 0.863170 0.441302
vt 0.934222 0.429218
vt 0.977817 0.349782
vt 0.968270 0.251801
vt 0.922853 0.220973
vt 0.867721 0.264796
vt 0.000000 0.000000
vt 0.000000 0.000000
vt 0.000000 0.000000
vt 0.000000 0.000000
vt 0.000000 0.000000
vt 0.000000 0.000000
vt 0.000000 0.000000
vt 0.000000 0.000000
vt 0.000000 0.000000
vt 0.000000 0.000000
vt 0.000000 0.000000
vt 0.000000 0.000000
vt 0.000000 0.000000
vt 0.000000 0.000000
vt 0.000000 0.000000
vt 0.000000 0.000000
vt 0.735803 0.439232
vt 0.714286 0.396168
vt 0.857143 0.000000
vt 0.785714 0.000000
vt 0.750000 0.000000
vt 0.714286 0.000000
vt 0.714286 0.259833
vt 0.738269 0.248050
vt 0.767068 0.286254
vt 0.784359 0.401223
vt 0.767535 0.454087
vt 0.701205 0.230979
vt 0.678571 0.000000
vt 0.642857 0.000000
vt 0.607143 0.000000
vt 0.571429 0.000000
vt 0.692296 0.335414
vt 0.651619 0.160903
vt 0.500000 0.000000
vt 0.428571 0.000000
vt 0.285714 0.000000
vt 0.357143 0.000000
vt 0.339286 0.000000
vt 0.321429 0.000000
vt 0.303571 0.000000
vt 0.178571 0.000000
vt 0.160714 0.000000
vt 0.142857 0.000000
vt 0.142857 0.250000
vt 0.250000 0.000000
vt 0.214286 0.000000
vt 0.000000 0.250000
vt 0.142857 0.375000
vt 0.142857 0.250000
vt 0.142857 0.125000
vt 0.142857 0.000000
vt 0.071429 0.000000
vt 0.000000 0.000000
vt 0.892857 0.000000
vt 1.000000 0.000000
vt 0.964286 0.000000
vt 0.928571 0.000000
vt 0.000000 0.000000
vt 0.000000 0.000000
vt 0.000000 0.000000
vt 0.000000 0.000000
vt 0.000000 0.000000
vt 0.000000 0.000000
vt 0.000000 0.000000
vt 0.000000 0.000000
vt 0.000000 0.000000
vt 0.000000 0.000000
vt 0.000000 0.000000
vt 0.000000 0.000000
vt 0.000000 0.000000
vt 0.857143 0.436336
vt 0.857143 0.500000
vt 0.714286 0.500000
vt 0.714286 0.000000
vt 0.750000 0.000000
vt 0.785714 0.000000
vt 0.857143 0.000000
vt 0.857143 0.285481
vt 0.826143 0.144918
vt 0.831886 0.370102
vt 0.571429 0.500000
vt 0.571429 0.000000
vt 0.607143 0.000000
vt 0.642857 0.000000
vt 0.678571 0.000000
vt 0.500000 0.000000
vt 0.428571 0.500000
vt 0.428571 0.000000
vt 0.339286 0.000000
vt 0.357143 0.000000
vt 0.285714 0.500000
vt 0.285714 0.000000
vt 0.303571 0.000000
vt 0.321429 0.000000
vt 0.151020 0.181367
vt 0.159632 0.226710
vt 0.142857 0.250000
vt 0.142857 0.000000
vt 0.160714 0.000000
vt 0.178571 0.000000
vt 0.214286 0.000000
vt 0.250000 0.000000
vt 0.232368 0.154342
vt 0.246548 0.078672
vt 0.242233 0.031397
vt 0.221214 0.023953
vt 0.193501 0.026330
vt 0.166879 0.059318
vt 0.226350 0.192269
vt 0.142857 0.500000
vt 0.179975 0.249816
vt 0.071429 0.000000
vt 0.142857 0.000000
vt 0.142857 0.125000
vt 0.142857 0.250000
vt 0.142857 0.375000
vt 0.000000 0.500000
vt 0.000000 0.250000
vt 0.000000 0.000000
vt 0.892857 0.000000
vt 0.928571 0.000000
vt 0.964286 0.000000
vt 1.000000 0.000000
vt 1.000000 0.500000
vt 0.863170 0.441302
vt 0.934222 0.429218
vt 0.977817 0.349782
vt 0.968270 0.251801
vt 0.922853 0.220973
vt 0.867721 0.264796
vt 0.000000 0.000000
vt 0.000000 0.000000
vt 0.000000 0.000000
vt 0.000000 0.000000
vt 0.000000 0.000000
vt 0.000000 0.000000
vt 0.000000 0.000000
vt 0.000000 0.000000
vt 0.000000 0.000000
vt 0.000000 0.000000
vt 0.000000 0.000000
vt 0.000000 0.000000
vt 0.000000 0.000000
vt 0.000000 0.000000
vt 0.000000 0.000000
vt 0.000000 0.000000
vt 0.735803 0.439232
vt 0.714286 0.396168
vt 0.857143 0.000000
vt 0.785714 0.000000
vt 0.750000 0.000000
vt 0.714286 0.000000
vt 0.714286 0.259833
vt 0.738269 0.248050
vt 0.767068 0.286254
vt 0.784359 0.401223
vt 0.767535 0.454087
vt 0.701205 0.230979
vt 0.678571 0.000000
vt 0.642857 0.000000
vt 0.607143 0.000000
vt 0.571429 0.000000
vt 0.692296 0.335414
vt 0.651619 0.160903
vt 0.500000 0.000000
vt 0.428571 0.000000
vt 0.285714 0.000000
vt 0.357143 0.000000
vt 0.339286 0.000000
vt 0.321429 0.000000
vt 0.303571 0.000000
vt 0.178571 0.000000
vt 0.160714 0.000000
vt 0.142857 0.000000
vt 0.142857 0.250000
vt 0.250000 0.000000
vt 0.214286 0.000000
vt 0.000000 0.250000
vt 0.142857 0.375000
vt 0.142857 0.250000
vt 0.142857 0.125000
vt 0.142857 0.000000
vt 0.071429 0.000000
vt 0.000000 0.000000
vt 0.892857 0.000000
vt 1.000000 0.000000
vt 0.964286 0.000000
vt 0.928571 0.000000
vt 0.000000 0.000000
vt 0.000000 0.000000
vt 0.000000 0.000000
vt 0.000000 0.000000
vt 0.000000 0.000000
vt 0.000000 0.000000
vt 0.000000 0.000000
vt 0.000000 0.000000
vt 0.000000 0.000000
vt 0.000000 0.000000
vt 0.000000 0.000000
vt 0.000000 0.000000
vt 0.000000 0.000000
vt 0.857143 0.436336
vt 0.857143 0.500000
vt 0.714286 0.500000
vt 0.714286 0.000000
vt 0.750000 0.000000
vt 0.785714 0.000000
vt 0.857143 0.000000
vt 0.857143 0.285481
vt 0.826143 0.144918
vt 0.831886 0.370102
vt 0.571429 0.500000
vt 0.571429 0.000000
vt 0.607143 0.000000
vt 0.642857 0.000000
vt 0.678571 0.000000
vt 0.500000 0.000000
vt 0.428571 0.500000
vt 0.428571 0.000000
vt 0.339286 0.000000
vt 0.357143 0.000000
vt 0.285714 0.500000
vt 0.285714 0.000000
vt 0.303571 0.000000
vt 0.321429 0.000000
vt 0.151020 0.181367
vt 0.159632 0.226710
vt 0.142857 0.250000
vt 0.142857 0.000000
vt 0.160714 0.000000
vt 0.178571 0.000000
vt 0.214286 0.000000
vt 0.250000 0.000000
vt 0.232368 0.154342
vt 0.246548 0.078672
vt 0.242233 0.031397
vt 0.221214 0.023953
vt 0.193501 0.026330
vt 0.166879 0.059318
vt 0.226350 0.192269
vt 0.142857 0.500000
vt 0.179975 0.249816
vt 0.071429 0.000000
vt 0.142857 0.000000
vt 0.142857 0.125000
vt 0.142857 0.250000
vt 0.142857 0.375000
vt 0.000000 0.500000
vt 0.000000 0.250000
vt 0.000000 0.000000
vt 0.892857 0.000000
vt 0.928571 0.000000
vt 0.964286 0.000000
vt 1.000000 0.000000
vt 1.000000 0.500000
vt 0.863170 0.441302
vt 0.934222 0.429218
vt 0.977817 0.349782
vt 0.968270 0.251801
vt 0.922853 0.220973
vt 0.867721 0.264796
vt 0.000000 0.000000
vt 0.000000 0.000000
vt 0.000000 0.000000
vt 0.000000 0.000000
vt 0.000000 0.000000
vt 0.000000 0.000000
vt 0.000000 0.000000
vt 0.000000 0.000000
vt 0.000000 0.000000
vt 0.000000 0.000000
vt 0.000000 0.000000
vt 0.000000 0.000000
vt 0.000000 0.000000
vt 0.000000 0.000000
vt 0.000000 0.000000
vt 0.000000 0.000000
vt 0.735803 0.439232
vt 0.714286 0.396168
vt 0.857143 0.000000
vt 0.785714 0.000000
vt 0.750000 0.000000
vt 0.714286 0.000000
vt 0.714286 0.259833
vt 0.738269 0.248050
vt 0.767068 0.286254
vt 0.784359 0.401223
vt 0.767535 0.454087
vt 0.701205 0.230979
vt 0.678571 0.000000
vt 0.642857 0.000000
vt 0.607143 0.000000
vt 0.571429 0.000000
vt 0.692296 0.335414
vt 0.651619 0.160903
vt 0.500000 0.000000
vt 0.428571 0.000000
vt 0.285714 0.000000
vt 0.357143 0.000000
vt 0.339286 0.000000
vt 0.321429 0.000000
vt 0.303571 0.000000
vt 0.178571 0.000000
vt 0.160714 0.000000
vt 0.142857 0.000000
vt 0.142857 0.250000
vt 0.250000 0.000000
vt 0.214286 0.000000
vt 0.000000 0.250000
vt 0.142857 0.375000
vt 0.142857 0.250000
vt 0.142857 0.125000
vt 0.142857 0.000000
vt 0.071429 0.000000
vt 0.000000 0.000000
vt 0.892857 0.000000
vt 1.000000 0.000000
vt 0.964286 0.000000
vt 0.928571 0.000000
vt 0.000000 0.000000
vt 0.000000 0.000000
vt 0.000000 0.000000
vt 0.000000 0.000000
vt 0.000000 0.000000
vt 0.000000 0.000000
vt 0.000000 0.000000
vt 0.000000 0.000000
vt 0.000000 0.000000
vt 0.000000 0.000000
vt 0.000000 0.000000
vt 0.000000 0.000000
vt 0.000000 0.000000
vt 0.740778 0.232543
vt 0.714286 0.262960
vt 0.714286 0.000000
vt 0.750000 0.000000
vt 0.785714 0.000000
vt 0.857143 0.000000
vt 0.857143 0.500000
vt 0.714286 0.500000
vt 0.714286 0.402035
vt 0.731299 0.422889
vt 0.770988 0.420019
vt 0.789135 0.332160
vt 0.767459 0.203419
vt 0.667979 0.285206
vt 0.571429 0.500000
vt 0.571429 0.000000
vt 0.607143 0.000000
vt 0.642857 0.000000
vt 0.678571 0.000000
vt 0.690699 0.213556
vt 0.621602 0.096206
vt 0.500000 0.000000
vt 0.428571 0.500000
vt 0.428571 0.000000
vt 0.339286 0.000000
vt 0.357143 0.000000
vt 0.285714 0.500000
vt 0.285714 0.000000
vt 0.321429 0.000000
vt 0.160714 0.000000
vt 0.178571 0.000000
vt 0.214286 0.000000
vt 0.250000 0.000000
vt 0.142857 0.500000
vt 0.142857 0.250000
vt 0.142857 0.000000
vt 0.018989 0.299987
vt 0.000000 0.250000
vt 0.000000 0.000000
vt 0.071429 0.000000
vt 0.142857 0.000000
vt 0.142857 0.125000
vt 0.142857 0.250000
vt 0.142857 0.375000
vt 0.123477 0.362522
vt 0.101998 0.319311
vt 0.059880 0.290737
vt 0.000000 0.500000
vt 0.009324 0.341815
vt 0.036168 0.384774
vt 0.082357 0.400298
vt 0.117724 0.391002
vt 1.000000 0.500000
vt 0.892857 0.000000
vt 0.928571 0.000000
vt 0.964286 0.000000
vt 1.000000 0.000000
vt 0.000000 0.000000
vt 0.000000 0.000000
vt 0.000000 0.000000
vt 0.000000 0.000000
vt 0.000000 0.000000
vt 0.000000 0.000000
vt 0.000000 0.000000
vt 0.000000 0.000000
vt 0.000000 0.000000
vt 0.000000 0.000000
vt 0.000000 0.000000
vt 0.000000 0.000000
vt 0.000000 0.000000
vt 0.000000 0.000000
vt 0.000000 0.000000
vt 0.000000 0.000000
vt 0.785714 0.000000
vt 0.750000 0.000000
vt 0.714286 0.000000
vt 0.857143 0.000000
vt 0.571429 0.000000
vt 0.678571 0.000000
vt 0.642857 0.000000
vt 0.607143 0.000000
vt 0.480789 0.362830
vt 0.428571 0.387419
vt 0.500000 0.000000
vt 0.428571 0.000000
vt 0.428571 0.247670
vt 0.475782 0.149665
vt 0.530673 0.068537
vt 0.561509 0.104821
vt 0.562317 0.253880
vt 0.285714 0.000000
vt 0.370301 0.229362
vt 0.343789 0.109395
vt 0.403785 0.200371
vt 0.357143 0.000000
vt 0.339286 0.000000
vt 0.321429 0.000000
vt 0.178571 0.000000
vt 0.160714 0.000000
vt 0.142857 0.000000
vt 0.142857 0.250000
vt 0.250000 0.000000
vt 0.214286 0.000000
vt 0.000000 0.250000
vt 0.142857 0.375000
vt 0.142857 0.250000
vt 0.142857 0.125000
vt 0.142857 0.000000
vt 0.071429 0.000000
vt 0.000000 0.000000
vt 0.892857 0.000000
vt 1.000000 0.000000
vt 0.964286 0.000000
vt 0.928571 0.000000
vt 0.000000 0.000000
vt 0.000000 0.000000
vt 0.000000 0.000000
vt 0.000000 0.000000
vt 0.000000 0.000000
vt 0.000000 0.000000
vt 0.000000 0.000000
vt 0.000000 0.000000
vt 0.000000 0.000000
vt 0.000000 0.000000
vt 0.000000 0.000000
vt 0.000000 0.000000
vt 0.000000 0.000000
vn -0.0105 0.8497 -0.5271
vn 0.0051 0.7249 -0.6888
vn -0.0162 0.8438 -0.5364
vn 0.0418 0.7083 -0.7047
vn 0.0506 0.9036 -0.4254
vn -0.1800 0.8464 -0.5012
vn -0.0971 0.9436 -0.3166
vn 0.0009 0.8717 -0.4900
vn 0.1643 -0.9502 0.2649
vn 0.4689 -0.8446 0.2585
vn 0.0110 0.8301 -0.5575
vn 0.0170 0.7949 -0.6065
vn -0.0120 0.8492 -0.5279
vn -0.0358 0.6987 -0.7145
vn -0.0240 0.8655 -0.5004
vn 0.0755 0.9505 -0.3014
vn 0.0225 0.8938 -0.4479
vn -0.1340 -0.9619 0.2383
vn -0.4400 -0.8803 0.1775
vn -0.9419 0.1300 0.3097
vn -0.9301 -0.1036 -0.3524
vn -0.9301 -0.1039 -0.3523
vn -0.9420 0.1295 0.3097
vn 0.4967 -0.2070 0.8429
vn 0.9518 -0.1686 0.2564
vn 0.7517 -0.1488 0.6425
vn 0.3352 0.3246 0.8845
vn -0.3668 0.3244 0.8719
vn -0.3668 0.3245 0.8719
vn 0.3353 0.3244 0.8845
vn 0.9421 -0.1037 -0.3189
vn 0.9303 0.1296 0.3433
vn 0.9303 0.1298 0.3432
vn 0.9421 -0.1037 -0.3188
vn -0.3351 -0.2987 -0.8936
vn 0.3669 -0.2985 -0.8811
vn 0.3669 -0.2984 -0.8811
vn -0.3351 -0.2984 -0.8937
vn -0.9301 -0.1039 -0.3524
vn -0.9301 -0.1038 -0.3524
vn -0.9420 0.1296 0.3097
vn 0.3353 0.3246 0.8844
vn -0.3667 0.3245 0.8719
vn -0.3667 0.3244 0.8719
vn 0.9303 0.1298 0.3431
vn 0.9302 0.1298 0.3432
vn 0.9421 -0.1041 -0.3188
vn 0.3669 -0.2985 -0.8810
vn -0.3351 -0.2985 -0.8937
vn -0.9419 0.1298 0.3098
vn -0.9300 -0.1038 -0.3526
vn -0.9294 -0.1024 -0.3546
vn -0.9416 0.1294 0.3108
vn 0.3352 0.3234 0.8849
vn -0.3666 0.3233 0.8724
vn -0.3652 0.3172 0.8752
vn 0.3340 0.3169 0.8877
vn 0.9420 -0.1034 -0.3192
vn 0.9302 0.1298 0.3434
vn 0.9299 0.1292 0.3444
vn 0.9414 -0.1022 -0.3213
vn -0.3350 -0.2983 -0.8938
vn 0.3668 -0.2984 -0.8811
vn 0.3658 -0.2975 -0.8818
vn -0.3341 -0.2976 -0.8943
vn -0.9429 0.1471 0.2988
vn -0.9298 -0.0941 -0.3557
vn -0.9423 -0.0514 -0.3308
vn -0.9583 0.2294 0.1702
vn -0.8004 0.4616 -0.3826
vn -0.3072 0.1977 -0.9309
vn -0.4411 0.3130 -0.8411
vn 0.6954 0.7183 -0.0228
vn 0.4127 0.7184 0.5599
vn 0.6988 0.1546 0.6984
vn 0.9811 0.1546 0.1161
vn 0.3268 0.3465 0.8793
vn -0.3552 0.3481 0.8675
vn -0.3186 0.6471 0.6926
vn 0.3046 0.6406 0.7048
vn 0.9410 -0.0996 -0.3234
vn 0.9324 0.1440 0.3316
vn 0.9588 0.2045 0.1969
vn 0.9472 -0.0902 -0.3078
vn -0.3276 -0.2923 -0.8985
vn 0.3691 -0.2950 -0.8813
vn 0.4192 -0.2788 -0.8640
vn -0.2871 -0.2698 -0.9191
vn -0.2037 0.9200 0.3349
vn -0.1971 0.9200 -0.3389
vn -0.7603 0.5508 -0.3444
vn -0.7670 0.5507 0.3293
vn 0.1971 0.7763 -0.5988
vn 0.6292 0.7757 -0.0487
vn 0.9366 0.1966 -0.2901
vn 0.5049 0.1959 -0.8407
vn 0.0986 0.8951 -0.4348
vn 0.6577 0.6781 -0.3279
vn 0.5816 0.2648 -0.7692
vn 0.0226 0.4817 -0.8761
vn 0.3146 0.7104 0.6295
vn -0.3271 0.7101 0.6234
vn -0.3299 0.1482 0.9323
vn 0.3116 0.1479 0.9386
vn -0.5219 -0.1909 -0.8314
vn -0.9619 -0.0628 -0.2662
vn -0.7566 -0.0760 -0.6495
vn 0.3477 0.0710 0.9349
vn -0.3507 0.1608 0.9226
vn -0.3463 0.1585 0.9246
vn 0.3492 0.0818 0.9335
vn -0.1273 0.2967 0.9464
vn -0.6078 0.6086 0.5101
vn -0.2424 0.2699 0.9319
vn 0.5203 -0.7182 0.4621
vn 0.7565 -0.6481 0.0877
vn 0.6296 -0.7666 0.1260
vn -0.6545 -0.6378 0.4061
vn -0.4818 0.8431 0.2389
vn -0.4864 0.8524 0.1919
vn 0.2121 0.9483 -0.2361
vn 0.5143 0.7869 0.3409
vn 0.6587 -0.6983 -0.2803
vn 0.4034 -0.7102 -0.5770
vn 0.2805 -0.6297 -0.7244
vn 0.8200 0.1100 -0.5618
vn 0.5211 0.0127 -0.8534
vn 0.2478 0.0531 -0.9674
vn 0.8720 0.3678 0.3231
vn 0.1035 -0.3992 -0.9110
vn -0.1701 -0.7764 -0.6069
vn -0.1951 -0.9402 -0.2792
vn 0.7641 -0.6395 -0.0854
vn 0.9968 0.0789 -0.0138
vn 0.9352 0.0184 0.3536
vn 0.9277 -0.0292 -0.3721
vn 0.6525 0.0976 0.7515
vn 0.8947 0.1607 0.4167
vn 0.4450 0.1770 0.8779
vn 0.7428 -0.6688 0.0294
vn 0.6000 -0.7713 -0.2124
vn 0.7314 -0.6614 -0.1663
vn -0.9142 -0.1991 -0.3530
vn -0.9199 -0.2018 0.3363
vn -0.9313 -0.3343 0.1448
vn -0.8992 -0.2385 -0.3668
vn 0.8310 0.3110 0.4613
vn 0.9217 -0.2419 0.3031
vn 0.9594 -0.2512 0.1285
vn -0.9128 0.2354 0.3336
vn -0.9061 0.2354 -0.3515
vn -0.9079 0.2228 -0.3552
vn -0.9147 0.2228 0.3372
vn 0.7137 -0.6989 0.0464
vn 0.5882 -0.7656 0.2607
vn 0.6169 -0.7611 -0.2001
vn 0.9406 0.0188 -0.3390
vn 0.9409 -0.0017 -0.3388
vn 0.9340 -0.0017 0.3572
vn 0.9338 0.0189 0.3574
vn -0.7052 0.6849 0.1831
vn -0.7199 0.6589 -0.2181
vn -0.7650 0.5041 -0.4008
vn -0.6865 0.6703 0.2820
vn -0.6208 0.7201 0.3099
vn -0.6543 0.7555 0.0337
vn -0.4783 0.8390 0.2596
vn 0.1505 0.9516 0.2679
vn -0.5727 0.8192 0.0291
vn 0.8723 0.3378 0.3536
vn 0.8461 0.0474 0.5309
vn 0.9492 -0.2687 0.1639
vn 0.5733 -0.4737 0.6686
vn 0.4986 -0.6861 0.5298
vn 0.7532 -0.6312 0.1852
vn 0.1288 -0.7512 -0.6474
vn 0.6892 -0.7104 0.1428
vn 0.4934 -0.3365 0.8021
vn 0.7531 -0.6546 -0.0661
vn 0.0890 -0.3750 0.9227
vn -0.2761 -0.5419 0.7938
vn -0.6025 0.3234 0.7297
vn -0.6308 0.3698 0.6822
vn 0.1932 -0.9623 -0.1915
vn 0.1894 -0.9623 0.1952
vn -0.1973 -0.9615 0.1914
vn -0.1935 -0.9615 -0.1953
vn 0.3661 0.0710 -0.9279
vn 0.3675 0.0818 -0.9264
vn -0.3280 0.1585 -0.9313
vn -0.3325 0.1608 -0.9293
vn 0.2133 0.0449 0.9760
vn 0.0614 0.1022 0.9929
vn -0.2623 -0.0355 0.9643
vn -0.3535 -0.0504 0.9341
vn -0.0581 0.0079 -0.9983
vn 0.1549 -0.0145 -0.9878
vn -0.3815 -0.0810 -0.9208
vn -0.3802 -0.0745 -0.9219
vn -0.4770 0.0574 -0.8770
vn -0.6129 0.2931 -0.7338
vn -0.2732 -0.2574 -0.9269
vn -0.0522 -0.4510 -0.8910
vn 0.0500 -0.2051 0.9775
vn -0.4902 0.4041 0.7723
vn -0.4720 0.3066 0.8266
vn 0.0163 -0.3008 0.9536
vn 0.9920 -0.0635 -0.1092
vn 0.9654 -0.0690 -0.2515
vn 0.9889 0.1465 0.0235
vn 0.9744 -0.0273 0.2233
vn -0.9689 0.0513 -0.2419
vn -0.9950 0.0427 0.0900
vn -0.9735 -0.0143 0.2282
vn -0.9795 0.2015 0.0076
vn 0.1940 -0.1952 -0.9614
vn -0.1000 -0.1827 -0.9781
vn 0.5692 -0.2263 -0.7904
vn 0.7580 -0.1762 -0.6280
vn -0.7717 -0.0624 0.6329
vn -0.1998 -0.1149 0.9731
vn 0.0982 -0.2169 0.9712
vn -0.5875 -0.2239 0.7776
vn -0.3352 -0.2983 -0.8937
vn 0.3673 -0.2982 -0.8810
vn 0.3670 -0.2985 -0.8810
vn -0.3352 -0.2984 -0.8937
vn 0.9422 -0.1025 -0.3189
vn 0.9303 0.1308 0.3426
vn 0.9303 0.1299 0.3431
vn 0.9421 -0.1035 -0.3189
vn 0.3357 0.3247 0.8842
vn -0.3669 0.3245 0.8718
vn -0.3668 0.3246 0.8719
vn 0.3353 0.3245 0.8845
vn -0.9420 0.1305 0.3093
vn -0.9301 -0.1030 -0.3525
vn -0.9419 0.1300 0.3096
vn -0.3339 -0.2757 -0.9014
vn 0.3679 -0.3268 -0.8705
vn 0.3682 -0.3019 -0.8793
vn -0.3353 -0.2952 -0.8947
vn 0.9402 -0.1731 -0.2934
vn 0.9284 0.0609 0.3665
vn 0.9306 0.1219 0.3450
vn 0.9425 -0.1109 -0.3153
vn 0.3363 0.2975 0.8935
vn -0.3655 0.3487 0.8631
vn -0.3670 0.3280 0.8705
vn 0.3366 0.3209 0.8853
vn -0.9381 0.1967 0.2851
vn -0.9263 -0.0371 -0.3749
vn -0.9300 -0.0926 -0.3556
vn -0.9418 0.1407 0.3053
vn 0.2644 -0.1624 -0.9506
vn 0.8360 -0.1258 -0.5340
vn 0.8246 -0.0250 -0.5652
vn 0.2460 -0.0772 -0.9662
vn 0.9399 -0.0348 0.3396
vn 0.5091 0.0446 0.8596
vn 0.4784 0.0974 0.8727
vn 0.9190 0.0591 0.3898
vn -0.2862 0.1526 0.9459
vn -0.8417 0.1809 0.5087
vn -0.8060 0.3050 0.5073
vn -0.2501 0.2074 0.9457
vn -0.9401 0.0696 -0.3338
vn -0.5077 -0.0788 -0.8579
vn -0.4705 0.0006 -0.8824
vn -0.9130 0.1716 -0.3701
vn 0.2921 -0.1282 -0.9478
vn 0.8468 -0.1261 -0.5167
vn 0.8440 -0.1345 -0.5192
vn 0.2839 -0.1492 -0.9472
vn 0.9526 -0.0415 0.3013
vn 0.5255 0.0584 0.8488
vn 0.5209 0.0478 0.8522
vn 0.9494 -0.0474 0.3105
vn -0.2913 0.1441 0.9457
vn -0.8454 0.1455 0.5139
vn -0.8456 0.1518 0.5118
vn -0.2904 0.1432 0.9461
vn -0.9511 0.0600 -0.3031
vn -0.5240 -0.0439 -0.8506
vn -0.5203 -0.0635 -0.8516
vn -0.9492 0.0574 -0.3094
vn 0.2932 -0.1246 -0.9479
vn 0.8472 -0.1246 -0.5164
vn 0.8472 -0.1245 -0.5165
vn 0.9531 -0.0406 0.3000
vn 0.5260 0.0602 0.8483
vn 0.5261 0.0602 0.8483
vn 0.9531 -0.0407 0.3001
vn -0.2915 0.1442 0.9456
vn -0.8455 0.1443 0.5142
vn -0.2915 0.1443 0.9456
vn -0.9513 0.0602 -0.3023
vn -0.5243 -0.0406 -0.8506
vn -0.5243 -0.0407 -0.8506
vn -0.9513 0.0601 -0.3023
vn 0.8472 -0.1247 -0.5164
vn 0.8472 -0.1248 -0.5164
vn 0.2932 -0.1247 -0.9479
vn 0.9531 -0.0406 0.3001
vn 0.5261 0.0603 0.8483
vn 0.9531 -0.0405 0.3000
vn -0.2914 0.1443 0.9456
vn -0.8455 0.1442 0.5142
vn -0.8455 0.1445 0.5141
vn -0.2914 0.1442 0.9457
vn -0.9513 0.0603 -0.3023
vn -0.5243 -0.0405 -0.8506
vn -0.5243 -0.0407 -0.8505
vn 0.8472 -0.1245 -0.5164
vn 0.9531 -0.0404 0.3000
vn 0.5260 0.0603 0.8483
vn 0.5261 0.0601 0.8483
vn -0.8455 0.1444 0.5141
vn -0.8455 0.1441 0.5142
vn -0.2915 0.1442 0.9457
vn -0.9513 0.0601 -0.3022
vn 0.8472 -0.1246 -0.5165
vn 0.5260 0.0601 0.8483
vn 0.9531 -0.0408 0.3000
vn -0.8455 0.1443 0.5141
vn -0.9513 0.0604 -0.3022
vn 0.8472 -0.1244 -0.5164
vn 0.9530 -0.0407 0.3001
vn -0.5243 -0.0406 -0.8505
vn 0.8472 -0.1247 -0.5163
vn 0.9531 -0.0407 0.3000
vn -0.8455 0.1441 0.5141
vn 0.8472 -0.1244 -0.5165
vn -0.5244 -0.0407 -0.8505
vn -0.9513 0.0601 -0.3024
vn 0.2786 -0.1575 -0.9474
vn 0.8352 -0.1127 -0.5383
vn 0.8455 -0.1232 -0.5196
vn 0.2923 -0.1291 -0.9476
vn 0.9572 -0.0856 0.2764
vn 0.5228 -0.0664 0.8499
vn 0.5268 0.0420 0.8490
vn 0.9532 -0.0479 0.2984
vn -0.2813 0.0356 0.9589
vn -0.8337 0.0960 0.5439
vn -0.8441 0.1368 0.5184
vn -0.2913 0.1287 0.9479
vn -0.9609 0.0155 -0.2765
vn -0.5363 -0.1187 -0.8356
vn -0.5273 -0.0522 -0.8481
vn -0.9527 0.0525 -0.2994
vn 0.9367 0.0776 -0.3416
vn 0.9297 0.0776 0.3599
vn 0.8446 -0.4417 0.3025
vn 0.8505 -0.4416 -0.2858
vn 0.3430 0.0771 0.9362
vn -0.3598 0.0774 0.9298
vn -0.3039 -0.4374 0.8464
vn 0.2844 -0.4398 0.8519
vn -0.9364 0.0787 0.3421
vn -0.9294 0.0787 -0.3605
vn -0.8480 -0.4352 -0.3025
vn -0.8538 -0.4353 0.2857
vn -0.3415 0.0774 -0.9367
vn 0.3613 0.0771 -0.9293
vn 0.3011 -0.4398 -0.8461
vn -0.2872 -0.4374 -0.8522
vn 0.9380 0.0782 -0.3376
vn 0.9312 0.0782 0.3560
vn 0.9240 0.1440 0.3543
vn 0.9308 0.1440 -0.3360
vn 0.3481 0.1126 0.9307
vn -0.3481 0.1541 0.9247
vn -0.3523 0.1501 0.9238
vn 0.3434 0.1461 0.9277
vn -0.9217 0.1895 0.3386
vn -0.9148 0.1895 -0.3567
vn -0.9210 0.1560 -0.3571
vn -0.9278 0.1559 0.3389
vn -0.3298 0.1541 -0.9314
vn 0.3663 0.1126 -0.9236
vn 0.3616 0.1461 -0.9208
vn -0.3340 0.1501 -0.9305
vn -0.9136 -0.2302 0.3352
vn -0.9068 -0.2302 -0.3531
vn -0.8964 -0.2804 -0.3434
vn -0.9029 -0.2804 0.3257
vn -0.3416 -0.0472 -0.9387
vn 0.3485 0.1610 -0.9234
vn 0.3564 0.1805 -0.9167
vn -0.3441 -0.0664 -0.9366
vn 0.8904 0.3144 -0.3291
vn 0.8838 0.3143 0.3465
vn 0.8747 0.3499 0.3354
vn 0.8811 0.3500 -0.3181
vn 0.3303 0.1610 0.9300
vn -0.3599 -0.0472 0.9318
vn -0.3624 -0.0664 0.9297
vn 0.3383 0.1805 0.9236
vn -0.9370 -0.0736 0.3415
vn -0.9301 -0.0736 -0.3599
vn -0.9231 -0.1368 -0.3593
vn -0.9300 -0.1368 0.3411
vn -0.3454 0.0086 -0.9384
vn 0.3489 0.1067 -0.9311
vn 0.3473 0.1288 -0.9289
vn -0.3432 -0.0138 -0.9392
vn 0.9210 0.1880 -0.3411
vn 0.9141 0.1879 0.3592
vn 0.9026 0.2422 0.3559
vn 0.9095 0.2421 -0.3381
vn 0.3306 0.1067 0.9377
vn -0.3638 0.0087 0.9314
vn -0.3616 -0.0138 0.9322
vn 0.3290 0.1288 0.9355
vn -0.9379 -0.0623 0.3413
vn -0.9310 -0.0622 -0.3597
vn -0.3459 0.0127 -0.9382
vn 0.3493 0.1027 -0.9314
vn 0.9230 0.1775 -0.3415
vn 0.9160 0.1777 0.3596
vn 0.9229 0.1777 -0.3415
vn 0.3309 0.1027 0.9380
vn -0.3643 0.0127 0.9312
vn 0.3310 0.1027 0.9380
vn -0.9379 -0.0622 0.3413
vn -0.9310 -0.0624 -0.3597
vn 0.3494 0.1027 -0.9313
vn 0.3493 0.1027 -0.9313
vn 0.9229 0.1778 -0.3414
vn 0.9161 0.1776 0.3595
vn 0.9161 0.1775 0.3596
vn 0.3310 0.1026 0.9380
vn -0.9312 -0.1244 0.3427
vn -0.9255 -0.1274 -0.3566
vn -0.9304 -0.0724 -0.3594
vn -0.9371 -0.0721 0.3415
vn -0.3543 -0.0306 -0.9346
vn 0.2900 0.0466 -0.9559
vn 0.3437 0.0940 -0.9344
vn -0.3465 0.0063 -0.9380
vn 0.9311 0.0960 -0.3519
vn 0.9272 0.1121 0.3573
vn 0.9183 0.1674 0.3588
vn 0.9251 0.1653 -0.3418
vn 0.3012 0.0818 0.9500
vn -0.3604 -0.0164 0.9326
vn -0.3634 0.0085 0.9316
vn 0.3277 0.0989 0.9396
vn 0.8996 -0.2803 -0.3350
vn 0.8928 -0.2803 0.3526
vn 0.8783 -0.3339 0.3423
vn 0.8849 -0.3339 -0.3249
vn 0.3377 -0.0729 0.9384
vn -0.3421 0.1669 0.9247
vn -0.3485 0.1860 0.9187
vn 0.3394 -0.0951 0.9358
vn -0.8781 0.3463 0.3302
vn -0.8714 0.3464 -0.3473
vn -0.8604 0.3828 -0.3364
vn -0.8668 0.3828 0.3194
vn -0.3238 0.1669 -0.9313
vn 0.3561 -0.0729 -0.9316
vn 0.3578 -0.0951 -0.9290
vn -0.3304 0.1860 -0.9253
vn 0.9321 -0.1205 -0.3416
vn 0.9252 -0.1205 0.3599
vn 0.9150 -0.1836 0.3592
vn 0.9219 -0.1835 -0.3412
vn 0.3447 -0.0123 0.9386
vn -0.3447 0.1171 0.9314
vn -0.3424 0.1368 0.9295
vn 0.3413 -0.0360 0.9393
vn -0.9128 0.2243 0.3413
vn -0.9059 0.2243 -0.3592
vn -0.8929 0.2755 -0.3562
vn -0.8997 0.2755 0.3386
vn -0.3263 0.1171 -0.9380
vn 0.3631 -0.0123 -0.9317
vn 0.3597 -0.0360 -0.9324
vn -0.3241 0.1368 -0.9361
vn 0.9335 -0.1094 -0.3414
vn 0.9266 -0.1094 0.3597
vn 0.9335 -0.1093 -0.3415
vn 0.3454 -0.0081 0.9384
vn -0.3452 0.1135 0.9316
vn 0.3454 -0.0080 0.9384
vn -0.9150 0.2148 0.3416
vn -0.9081 0.2149 -0.3595
vn -0.9080 0.2149 -0.3596
vn -0.9149 0.2148 0.3416
vn -0.3268 0.1135 -0.9382
vn 0.3638 -0.0080 -0.9315
vn 0.3638 -0.0081 -0.9315
vn 0.9341 -0.1073 -0.3405
vn 0.9271 -0.1069 0.3593
vn 0.9267 -0.1090 0.3597
vn 0.9336 -0.1091 -0.3413
vn 0.3467 -0.0073 0.9380
vn -0.3448 0.1133 0.9318
vn -0.3451 0.1135 0.9317
vn 0.3455 -0.0080 0.9384
vn -0.9149 0.2152 0.3415
vn -0.9080 0.2154 -0.3594
vn -0.9080 0.2149 -0.3595
vn -0.9149 0.2149 0.3416
vn -0.3267 0.1134 -0.9383
vn 0.3648 -0.0079 -0.9311
vn 0.3638 -0.0080 -0.9314
vn -0.3268 0.1135 -0.9383
vn 0.9232 -0.1840 -0.3375
vn 0.9141 -0.1905 0.3578
vn 0.9266 -0.1146 0.3582
vn 0.9340 -0.1147 -0.3382
vn 0.3447 -0.0536 0.9372
vn -0.3385 0.1231 0.9329
vn -0.3433 0.1143 0.9322
vn 0.3491 -0.0127 0.9370
vn -0.8975 0.2798 0.3410
vn -0.8884 0.2881 -0.3575
vn -0.9056 0.2258 -0.3590
vn -0.9129 0.2245 0.3409
vn -0.3170 0.1447 -0.9373
vn 0.3661 -0.0336 -0.9300
vn 0.3670 -0.0112 -0.9302
vn -0.3255 0.1175 -0.9382
vn 0.8349 -0.4270 -0.3473
vn 0.8162 -0.4587 0.3513
vn 0.8669 -0.3491 0.3558
vn 0.8806 -0.3279 -0.3422
vn 0.2939 -0.1948 0.9358
vn -0.3204 0.1517 0.9351
vn -0.3289 0.1403 0.9339
vn 0.3201 -0.1368 0.9375
vn -0.8161 0.4610 0.3486
vn -0.7983 0.4908 -0.3491
vn -0.8421 0.4075 -0.3533
vn -0.8556 0.3867 0.3441
vn -0.2737 0.2338 -0.9330
vn 0.3413 -0.1107 -0.9334
vn 0.3543 -0.0789 -0.9318
vn -0.2948 0.1976 -0.9349
vn 0.8262 -0.4417 -0.3497
vn 0.8071 -0.4745 0.3513
vn 0.8064 -0.4759 0.3510
vn 0.8257 -0.4429 -0.3494
vn 0.2878 -0.2039 0.9357
vn -0.3167 0.1533 0.9360
vn -0.3174 0.1534 0.9358
vn 0.2879 -0.2043 0.9356
vn -0.8047 0.4781 0.3520
vn -0.7858 0.5106 -0.3490
vn -0.7871 0.5087 -0.3488
vn -0.8061 0.4763 0.3512
vn -0.2662 0.2407 -0.9334
vn 0.3384 -0.1165 -0.9338
vn 0.3384 -0.1164 -0.9338
vn -0.2673 0.2404 -0.9332
vn 0.8266 -0.4409 -0.3499
vn 0.8075 -0.4740 0.3511
vn 0.8073 -0.4742 0.3513
vn 0.8264 -0.4413 -0.3498
vn 0.2878 -0.2040 0.9357
vn -0.3166 0.1534 0.9361
vn -0.3167 0.1533 0.9361
vn 0.2877 -0.2039 0.9358
vn -0.8045 0.4784 0.3521
vn -0.7855 0.5112 -0.3489
vn -0.7856 0.5109 -0.3490
vn -0.8045 0.4783 0.3521
vn -0.2657 0.2407 -0.9335
vn 0.3389 -0.1161 -0.9336
vn 0.3385 -0.1165 -0.9337
vn -0.2660 0.2407 -0.9335
vn 0.8062 -0.4751 -0.3526
vn 0.7985 -0.4906 0.3490
vn 0.8065 -0.4763 0.3503
vn 0.8241 -0.4450 -0.3506
vn 0.2985 -0.1876 0.9358
vn -0.2932 0.1906 0.9368
vn -0.3134 0.1590 0.9362
vn 0.2893 -0.2017 0.9357
vn -0.7794 0.5174 0.3534
vn -0.7720 0.5316 -0.3484
vn -0.7837 0.5140 -0.3488
vn -0.8009 0.4842 0.3525
vn -0.2717 0.2284 -0.9349
vn 0.3203 -0.1488 -0.9356
vn 0.3370 -0.1202 -0.9338
vn -0.2661 0.2389 -0.9339
vn 0.7521 -0.5566 -0.3527
vn 0.7739 -0.5289 0.3484
vn 0.7835 -0.5145 0.3484
vn 0.7732 -0.5265 -0.3534
vn 0.3257 -0.1512 0.9333
vn -0.2333 0.2730 0.9333
vn -0.2571 0.2423 0.9355
vn 0.3148 -0.1646 0.9348
vn -0.7159 0.6040 0.3503
vn -0.7371 0.5778 -0.3504
vn -0.7509 0.5606 -0.3489
vn -0.7410 0.5716 0.3526
vn -0.2894 0.2008 -0.9359
vn 0.2690 -0.2252 -0.9364
vn 0.2891 -0.1968 -0.9369
vn -0.2825 0.2111 -0.9357
vn 0.7484 -0.5618 -0.3525
vn 0.7722 -0.5314 0.3483
vn 0.7722 -0.5313 0.3484
vn 0.3286 -0.1491 0.9326
vn -0.2274 0.2792 0.9329
vn -0.2280 0.2789 0.9329
vn 0.3282 -0.1491 0.9328
vn -0.7104 0.6111 0.3491
vn -0.7340 0.5809 -0.3518
vn -0.7343 0.5808 -0.3515
vn -0.7109 0.6104 0.3494
vn -0.2905 0.1987 -0.9360
vn 0.2655 -0.2298 -0.9363
vn 0.2655 -0.2299 -0.9363
vn 0.6631 -0.7009 -0.2628
vn 0.6714 -0.6750 0.3059
vn 0.7558 -0.5570 0.3442
vn 0.7339 -0.5872 -0.3415
vn 0.1954 -0.2480 0.9489
vn -0.3217 0.3253 0.8892
vn -0.2383 0.2809 0.9297
vn 0.3073 -0.1683 0.9366
vn -0.7068 0.6447 0.2912
vn -0.7571 0.5456 -0.3593
vn -0.7381 0.5757 -0.3518
vn -0.7086 0.6167 0.3429
vn -0.3802 0.0888 -0.9207
vn 0.1531 -0.3619 -0.9196
vn 0.2443 -0.2562 -0.9352
vn -0.3066 0.1783 -0.9350
vn 0.5614 -0.8186 -0.1213
vn 0.2679 -0.8202 0.5055
vn 0.1588 -0.9346 0.3182
vn 0.3604 -0.9084 -0.2119
vn -0.2352 -0.3012 0.9241
vn -0.5452 0.3186 0.7754
vn -0.5565 0.3217 0.7660
vn -0.2490 -0.3650 0.8971
vn -0.5460 0.8282 0.1267
vn -0.2342 0.8303 -0.5057
vn -0.1781 0.8508 -0.4943
vn -0.5363 0.8322 0.1411
vn 0.2744 0.3016 -0.9131
vn 0.5635 -0.3107 -0.7655
vn 0.4098 -0.4125 -0.8136
vn 0.2734 0.1520 -0.9498
vn 0.5862 -0.8032 -0.1058
vn 0.2800 -0.8032 0.5257
vn 0.2801 -0.8031 0.5259
vn 0.5863 -0.8032 -0.1059
vn -0.2336 -0.2936 0.9269
vn -0.5439 0.3180 0.7766
vn -0.5438 0.3180 0.7766
vn -0.2337 -0.2935 0.9270
vn -0.5471 0.8277 0.1248
vn -0.2409 0.8277 -0.5068
vn -0.2409 0.8277 -0.5069
vn -0.5471 0.8277 0.1249
vn 0.2728 0.3179 -0.9080
vn 0.5829 -0.2936 -0.7576
vn 0.5829 -0.2936 -0.7577
vn 0.2727 0.3180 -0.9080
vn 0.5863 -0.8031 -0.1059
vn 0.2800 -0.8032 0.5258
vn -0.2336 -0.2935 0.9270
vn -0.5438 0.3181 0.7766
vn -0.2336 -0.2934 0.9270
vn -0.2409 0.8278 -0.5067
vn -0.5473 0.8276 0.1249
vn 0.2727 0.3179 -0.9080
vn 0.5830 -0.2935 -0.7576
vn 0.5830 -0.2934 -0.7577
vn 0.2727 0.3181 -0.9080
vn 0.5861 -0.8033 -0.1059
vn 0.5862 -0.8032 -0.1059
vn 0.5829 -0.2937 -0.7576
vn 0.2728 0.3181 -0.9080
vn 0.5863 -0.8031 -0.1060
vn 0.2800 -0.8033 0.5257
vn -0.5438 0.3182 0.7766
vn -0.5470 0.8278 0.1249
vn 0.5829 -0.2938 -0.7576
vn 0.5830 -0.2933 -0.7577
vn 0.2728 0.3180 -0.9080
vn 0.2801 -0.8032 0.5258
vn -0.2337 -0.2935 0.9269
vn -0.5438 0.3178 0.7767
vn -0.5470 0.8278 0.1248
vn -0.2409 0.8276 -0.5069
vn -0.5472 0.8276 0.1248
vn -0.5439 0.3181 0.7765
vn -0.2336 -0.2937 0.9269
vn -0.5470 0.8277 0.1248
vn -0.2410 0.8276 -0.5070
vn 0.5830 -0.2936 -0.7576
vn 0.2727 0.3182 -0.9080
vn 0.5861 -0.8033 -0.1058
vn -0.2409 0.8278 -0.5068
vn -0.5471 0.8277 0.1250
vn 0.5830 -0.2934 -0.7576
vn 0.5829 -0.2933 -0.7578
vn 0.2801 -0.8030 0.5260
vn -0.2337 -0.2936 0.9269
vn 0.5829 -0.2934 -0.7577
vn -0.5438 0.3180 0.7767
vn -0.2409 0.8276 -0.5070
vn 0.5829 -0.2935 -0.7576
vn 0.5863 -0.8032 -0.1060
vn 0.2800 -0.8031 0.5259
vn -0.5438 0.3182 0.7765
vn 0.2802 -0.8030 0.5260
vn 0.2799 -0.8033 0.5257
vn 0.5864 -0.8031 -0.1060
vn -0.5437 0.3183 0.7766
vn -0.2336 -0.2936 0.9270
vn -0.5469 0.8278 0.1248
vn 0.5829 -0.2938 -0.7575
vn 0.7854 -0.6179 0.0367
vn 0.5153 -0.6179 0.5938
vn 0.3067 -0.7846 0.5388
vn 0.6129 -0.7846 -0.0930
vn 0.0027 -0.1096 0.9940
vn -0.2708 0.4296 0.8615
vn -0.5157 0.3354 0.7884
vn -0.2055 -0.2764 0.9388
vn -0.2741 0.9382 0.2112
vn -0.0040 0.9383 -0.3458
vn -0.2128 0.8434 -0.4933
vn -0.5192 0.8434 0.1385
vn 0.5084 0.4299 -0.7462
vn 0.7819 -0.1094 -0.6138
vn 0.6098 -0.2762 -0.7429
vn 0.2994 0.3353 -0.8933
vn 0.7034 0.6856 -0.1875
vn 0.7959 0.5082 0.3292
vn 0.9323 0.2321 0.2774
vn 0.9803 0.1890 -0.0568
vn 0.3011 0.1957 0.9333
vn -0.2500 0.1006 0.9630
vn 0.0593 0.0123 0.9982
vn 0.4554 0.0492 0.8890
vn -0.8219 -0.4619 0.3334
vn -0.8205 -0.4552 -0.3458
vn -0.9431 -0.3005 -0.1424
vn -0.9185 -0.3464 0.1906
vn -0.2953 -0.1495 -0.9436
vn 0.2912 0.1887 -0.9379
vn 0.0581 0.2504 -0.9664
vn -0.2216 0.1222 -0.9675
vn 0.8084 0.4810 -0.3393
vn 0.8055 0.4734 0.3564
vn 0.7998 0.4919 0.3441
vn 0.7832 0.5431 -0.3027
vn 0.2941 0.1742 0.9398
vn -0.3091 -0.1729 0.9352
vn -0.2900 -0.1120 0.9505
vn 0.2884 0.1786 0.9407
vn -0.8091 -0.4771 0.3431
vn -0.8022 -0.4770 -0.3590
vn -0.8022 -0.4771 -0.3590
vn -0.8092 -0.4769 0.3432
vn -0.2919 -0.1806 -0.9392
vn 0.3136 0.1750 -0.9333
vn 0.3137 0.1750 -0.9333
vn -0.2919 -0.1807 -0.9392
vn 0.8124 0.4714 -0.3432
vn 0.8055 0.4714 0.3590
vn 0.8056 0.4713 0.3591
vn 0.8125 0.4713 -0.3432
vn 0.2952 0.1749 0.9393
vn -0.3103 -0.1806 0.9333
vn -0.3103 -0.1807 0.9333
vn 0.2952 0.1751 0.9392
vn -0.8091 -0.4771 0.3432
vn -0.8022 -0.4770 -0.3591
vn -0.8091 -0.4770 0.3432
vn 0.8125 0.4713 -0.3431
vn 0.8055 0.4715 0.3590
vn 0.2952 0.1750 0.9393
vn 0.2952 0.1751 0.9393
vn 0.3137 0.1749 -0.9333
vn 0.3136 0.1749 -0.9333
vn 0.8055 0.4714 0.3591
vn 0.8124 0.4713 -0.3432
vn 0.8056 0.4714 0.3590
vn 0.8056 0.4713 0.3590
vn 0.8125 0.4714 -0.3431
vn -0.8092 -0.4770 0.3432
vn -0.8023 -0.4770 -0.3590
vn -0.8023 -0.4769 -0.3590
vn -0.2919 -0.1806 -0.9393
vn -0.8068 -0.4810 0.3431
vn -0.7999 -0.4809 -0.3590
vn -0.8019 -0.4776 -0.3590
vn -0.8088 -0.4776 0.3432
vn -0.2954 -0.1749 -0.9392
vn 0.3032 0.1924 -0.9333
vn 0.3120 0.1779 -0.9333
vn -0.2925 -0.1797 -0.9392
vn 0.7961 0.4984 -0.3432
vn 0.7892 0.4983 0.3589
vn 0.8029 0.4759 0.3590
vn 0.8098 0.4758 -0.3432
vn 0.2847 0.1923 0.9391
vn -0.3139 -0.1749 0.9332
vn -0.3109 -0.1797 0.9333
vn 0.2936 0.1779 0.9392
vn 0.3403 -0.4986 0.7972
vn -0.3691 -0.4973 0.7851
vn -0.4317 -0.4055 0.8057
vn 0.2892 -0.4202 0.8601
vn -0.9430 -0.1850 0.2766
vn -0.9369 0.1964 -0.2892
vn -0.9590 0.2431 -0.1457
vn -0.9563 -0.1191 0.2671
vn -0.3434 0.5467 -0.7636
vn 0.3598 0.5457 -0.7568
vn 0.3448 0.8098 -0.4747
vn -0.3313 0.8122 -0.4801
vn 0.9431 0.1928 -0.2708
vn 0.9371 -0.1875 0.2945
vn 0.9506 -0.1374 0.2783
vn 0.9670 0.2208 -0.1269
vn 0.3434 -0.5113 0.7878
vn -0.3589 -0.5112 0.7809
vn -0.3595 -0.5117 0.7803
vn 0.3440 -0.5117 0.7873
vn -0.9392 -0.1947 0.2829
vn -0.9334 0.1856 -0.3072
vn -0.9335 0.1855 -0.3069
vn -0.9396 -0.1952 0.2811
vn -0.3434 0.5030 -0.7931
vn 0.3590 0.5030 -0.7862
vn 0.3600 0.5059 -0.7839
vn -0.3442 0.5061 -0.7908
vn 0.9392 0.1859 -0.2888
vn 0.9335 -0.1944 0.3014
vn 0.9339 -0.1950 0.2996
vn 0.9393 0.1852 -0.2887
vn 0.3433 -0.5110 0.7881
vn -0.3587 -0.5109 0.7812
vn -0.3588 -0.5112 0.7810
vn 0.3434 -0.5112 0.7879
vn -0.9391 -0.1944 0.2833
vn -0.9333 0.1857 -0.3072
vn -0.9334 0.1857 -0.3072
vn -0.9392 -0.1942 0.2832
vn -0.3432 0.5029 -0.7933
vn 0.3587 0.5029 -0.7864
vn 0.3589 0.5026 -0.7865
vn -0.3434 0.5025 -0.7934
vn 0.9391 0.1860 -0.2888
vn 0.9333 -0.1946 0.3017
vn 0.9334 -0.1942 0.3017
vn 0.9392 0.1860 -0.2888
vn 0.3431 -0.5382 0.7698
vn -0.3582 -0.5381 0.7630
vn -0.3584 -0.5147 0.7788
vn 0.3431 -0.5146 0.7858
vn -0.9389 -0.1967 0.2825
vn -0.9333 0.2147 -0.2879
vn -0.9332 0.1902 -0.3048
vn -0.9390 -0.1950 0.2833
vn -0.3433 0.5566 -0.7566
vn 0.3581 0.5567 -0.7496
vn 0.3585 0.5114 -0.7810
vn -0.3430 0.5115 -0.7878
vn 0.9388 0.2145 -0.2695
vn 0.9331 -0.1968 0.3010
vn 0.9332 -0.1950 0.3017
vn 0.9390 0.1904 -0.2863
vn 0.3436 -0.5943 0.7272
vn -0.3579 -0.5941 0.7204
vn -0.3579 -0.5743 0.7363
vn 0.3434 -0.5742 0.7432
vn -0.9384 -0.2017 0.2806
vn -0.9326 0.2688 -0.2409
vn -0.9330 0.2498 -0.2591
vn -0.9386 -0.1997 0.2812
vn -0.3435 0.6591 -0.6690
vn 0.3566 0.6591 -0.6621
vn 0.3571 0.6232 -0.6957
vn -0.3434 0.6230 -0.7028
vn 0.9372 0.2687 -0.2225
vn 0.9328 -0.2012 0.2990
vn 0.9330 -0.1994 0.2996
vn 0.9379 0.2499 -0.2407
vn 0.3436 -0.5978 0.7242
vn -0.3578 -0.5977 0.7174
vn -0.3578 -0.5978 0.7174
vn 0.3436 -0.5978 0.7243
vn -0.9382 -0.2025 0.2808
vn -0.9330 0.2714 -0.2363
vn -0.9329 0.2715 -0.2367
vn -0.9383 -0.2021 0.2807
vn -0.3442 0.6665 -0.6613
vn 0.3572 0.6665 -0.6543
vn 0.3570 0.6660 -0.6550
vn -0.3440 0.6659 -0.6620
vn 0.9374 0.2716 -0.2179
vn 0.9324 -0.2026 0.2993
vn 0.9325 -0.2023 0.2991
vn 0.9373 0.2716 -0.2183
vn 0.3437 -0.5977 0.7243
vn -0.3577 -0.5979 0.7173
vn 0.3436 -0.5979 0.7242
vn -0.9381 -0.2027 0.2808
vn -0.9330 0.2716 -0.2361
vn -0.9330 0.2716 -0.2362
vn -0.9381 -0.2028 0.2808
vn -0.3443 0.6665 -0.6612
vn 0.3572 0.6666 -0.6543
vn 0.3572 0.6667 -0.6542
vn 0.9375 0.2716 -0.2177
vn 0.9324 -0.2027 0.2993
vn 0.9324 -0.2028 0.2992
vn 0.9375 0.2716 -0.2178
vn 0.3437 -0.5978 0.7242
vn -0.3578 -0.5978 0.7173
vn 0.3436 -0.5980 0.7241
vn -0.9381 -0.2026 0.2808
vn -0.9331 0.2714 -0.2360
vn -0.3443 0.6667 -0.6611
vn 0.3571 0.6666 -0.6543
vn -0.3443 0.6666 -0.6612
vn 0.9375 0.2714 -0.2177
vn 0.9324 -0.2026 0.2992
vn 0.9324 -0.2027 0.2992
vn 0.9375 0.2715 -0.2177
vn 0.3431 -0.5962 0.7259
vn -0.3573 -0.5962 0.7190
vn -0.3578 -0.5975 0.7176
vn -0.9378 -0.2029 0.2818
vn -0.9331 0.2712 -0.2361
vn -0.9381 -0.2028 0.2809
vn -0.3442 0.6669 -0.6609
vn 0.3570 0.6671 -0.6538
vn 0.3571 0.6668 -0.6541
vn 0.9376 0.2712 -0.2177
vn 0.9320 -0.2029 0.3002
vn 0.9323 -0.2028 0.2994
vn 0.3431 -0.6830 0.6449
vn -0.3556 -0.6832 0.6378
vn -0.3560 -0.6082 0.7095
vn 0.3419 -0.6081 0.7164
vn -0.9376 -0.2413 0.2504
vn -0.9331 0.2917 -0.2104
vn -0.9332 0.2745 -0.2320
vn -0.9371 -0.2096 0.2791
vn -0.3436 0.7340 -0.5858
vn 0.3550 0.7340 -0.5789
vn 0.3564 0.6785 -0.6423
vn -0.3438 0.6784 -0.6493
vn 0.9371 0.2915 -0.1919
vn 0.9324 -0.2417 0.2688
vn 0.9314 -0.2098 0.2974
vn 0.9376 0.2743 -0.2137
vn 0.3452 -0.8051 0.4823
vn -0.3546 -0.8052 0.4753
vn -0.3546 -0.7701 0.5303
vn 0.3442 -0.7699 0.5374
vn -0.9378 -0.2942 0.1841
vn -0.9336 0.3194 -0.1627
vn -0.9330 0.3122 -0.1793
vn -0.9379 -0.2785 0.2071
vn -0.3451 0.8259 -0.4458
vn 0.3537 0.8260 -0.4388
vn 0.3534 0.7986 -0.4872
vn -0.3437 0.7986 -0.4941
vn 0.9365 0.3197 -0.1443
vn 0.9338 -0.2949 0.2026
vn 0.9335 -0.2791 0.2253
vn 0.9364 0.3118 -0.1609
vn 0.3465 -0.8092 0.4746
vn -0.3557 -0.8093 0.4675
vn -0.3555 -0.8097 0.4670
vn 0.3461 -0.8098 0.4737
vn -0.9378 -0.2968 0.1802
vn -0.9345 0.3190 -0.1580
vn -0.9342 0.3195 -0.1588
vn -0.9378 -0.2968 0.1800
vn -0.3468 0.8313 -0.4344
vn 0.3552 0.8313 -0.4275
vn 0.3548 0.8308 -0.4289
vn -0.3464 0.8306 -0.4359
vn 0.9374 0.3190 -0.1397
vn 0.9342 -0.2965 0.1986
vn 0.9340 -0.2970 0.1986
vn 0.9372 0.3194 -0.1404
vn 0.3464 -0.8092 0.4745
vn -0.3556 -0.8093 0.4676
vn 0.3464 -0.8093 0.4745
vn -0.9379 -0.2964 0.1802
vn -0.9346 0.3188 -0.1580
vn -0.9346 0.3187 -0.1581
vn -0.9379 -0.2966 0.1801
vn -0.3467 0.8315 -0.4341
vn 0.3553 0.8314 -0.4273
vn 0.3553 0.8314 -0.4271
vn 0.9341 -0.2967 0.1985
vn 0.9340 -0.2969 0.1985
vn 0.9375 0.3189 -0.1397
vn 0.3463 -0.8093 0.4745
vn -0.3557 -0.8091 0.4677
vn 0.3465 -0.8091 0.4747
vn -0.9347 0.3184 -0.1579
vn -0.9379 -0.2966 0.1800
vn -0.3468 0.8314 -0.4341
vn 0.3551 0.8316 -0.4270
vn 0.3552 0.8315 -0.4272
vn -0.3467 0.8315 -0.4340
vn 0.9374 0.3191 -0.1397
vn 0.9343 -0.2962 0.1984
vn 0.9342 -0.2966 0.1984
vn 0.9375 0.3188 -0.1395
vn -0.3556 -0.8092 0.4677
vn 0.3462 -0.8094 0.4744
vn -0.9379 -0.2964 0.1801
vn -0.9346 0.3186 -0.1579
vn -0.9346 0.3187 -0.1582
vn -0.9380 -0.2961 0.1802
vn 0.3554 0.8313 -0.4273
vn 0.3553 0.8314 -0.4272
vn 0.9374 0.3188 -0.1398
vn 0.9341 -0.2969 0.1983
vn 0.9374 0.3189 -0.1396
vn -0.3558 -0.8090 0.4679
vn -0.3556 -0.8093 0.4675
vn 0.3464 -0.8091 0.4747
vn -0.9347 0.3184 -0.1581
vn -0.9346 0.3186 -0.1581
vn -0.9380 -0.2963 0.1800
vn 0.3552 0.8315 -0.4271
vn 0.9341 -0.2965 0.1986
vn 0.9373 0.3193 -0.1397
vn -0.3557 -0.8091 0.4678
vn 0.3462 -0.8094 0.4743
vn -0.9379 -0.2964 0.1800
vn -0.9347 0.3182 -0.1581
vn -0.9346 0.3187 -0.1580
vn -0.9378 -0.2966 0.1802
vn 0.9374 0.3191 -0.1395
vn 0.9341 -0.2968 0.1985
vn 0.9342 -0.2962 0.1986
vn 0.9375 0.3187 -0.1395
vn 0.3463 -0.8093 0.4744
vn 0.3466 -0.8090 0.4747
vn -0.9380 -0.2962 0.1801
vn -0.9349 0.3179 -0.1581
vn -0.9347 0.3185 -0.1581
vn -0.9379 -0.2965 0.1800
vn -0.3466 0.8316 -0.4339
vn 0.3552 0.8314 -0.4273
vn -0.3467 0.8316 -0.4339
vn 0.9377 0.3183 -0.1395
vn 0.9343 -0.2962 0.1983
vn 0.9377 0.3182 -0.1396
vn 0.3464 -0.8092 0.4746
vn -0.3558 -0.8091 0.4677
vn -0.3558 -0.8092 0.4677
vn -0.9377 -0.2970 0.1803
vn -0.9344 0.3192 -0.1581
vn 0.3552 0.8316 -0.4270
vn -0.3469 0.8313 -0.4343
vn 0.9376 0.3184 -0.1397
vn 0.9342 -0.2964 0.1984
vn -0.3556 -0.8094 0.4674
vn -0.9377 -0.2969 0.1803
vn -0.9345 0.3190 -0.1581
vn -0.9379 -0.2963 0.1802
vn 0.3555 0.8312 -0.4275
vn 0.3550 0.8318 -0.4268
vn -0.3470 0.8312 -0.4343
vn 0.9374 0.3190 -0.1395
vn 0.9343 -0.2960 0.1986
vn 0.9376 0.3183 -0.1397
vn 0.3466 -0.8091 0.4746
vn -0.3556 -0.8092 0.4676
vn -0.3557 -0.8092 0.4676
vn -0.9379 -0.2965 0.1802
vn -0.9346 0.3185 -0.1580
vn -0.9345 0.3189 -0.1579
vn 0.3550 0.8316 -0.4271
vn 0.9376 0.3185 -0.1395
vn 0.9339 -0.2974 0.1984
vn 0.9343 -0.2958 0.1987
vn 0.9378 0.3178 -0.1397
vn -0.9345 0.3189 -0.1580
vn -0.9378 -0.2966 0.1803
vn -0.3470 0.8313 -0.4342
vn 0.3548 0.8318 -0.4268
vn -0.3470 0.8313 -0.4343
vn 0.9378 0.3179 -0.1396
vn 0.9344 -0.2958 0.1984
vn 0.9341 -0.2968 0.1983
vn -0.9380 -0.2964 0.1800
vn -0.9345 0.3189 -0.1581
vn -0.9346 0.3187 -0.1579
vn -0.3468 0.8314 -0.4342
vn 0.3552 0.8315 -0.4270
vn 0.3550 0.8316 -0.4270
vn 0.9374 0.3191 -0.1396
vn 0.3021 -0.6243 0.7204
vn -0.3161 -0.6246 0.7141
vn -0.3562 -0.7906 0.4981
vn 0.3461 -0.7909 0.5047
vn -0.8968 -0.1128 0.4278
vn -0.8938 0.4294 0.1295
vn -0.9331 0.3364 -0.1271
vn -0.9365 -0.2799 0.2113
vn -0.3077 0.9403 -0.1454
vn 0.3106 0.9403 -0.1394
vn 0.3550 0.8471 -0.3954
vn -0.3473 0.8470 -0.4025
vn 0.8912 0.4291 0.1473
vn 0.8881 -0.1137 0.4453
vn 0.9321 -0.2802 0.2295
vn 0.9356 0.3359 -0.1087
vn -0.3238 -0.2274 -0.9184
vn 0.3572 -0.3914 -0.8481
vn 0.3626 -0.3678 -0.8563
vn -0.3288 -0.2451 -0.9121
vn 0.9127 -0.3324 -0.2375
vn 0.9012 -0.0972 0.4224
vn 0.9147 -0.0402 0.4021
vn 0.9264 -0.2746 -0.2577
vn 0.3263 0.2374 0.9150
vn -0.3547 0.4013 0.8445
vn -0.3600 0.3821 0.8511
vn 0.3314 0.2593 0.9072
vn -0.9109 0.3392 0.2351
vn -0.8994 0.1039 -0.4246
vn -0.9124 0.0522 -0.4061
vn -0.9240 0.2865 0.2533
vn -0.3219 -0.2243 -0.9198
vn 0.3555 -0.3949 -0.8472
vn 0.3557 -0.3950 -0.8470
vn -0.3222 -0.2244 -0.9197
vn 0.9102 -0.3406 -0.2355
vn 0.8988 -0.1045 0.4257
vn 0.8987 -0.1056 0.4257
vn 0.9102 -0.3411 -0.2351
vn 0.3247 0.2343 0.9163
vn -0.3526 0.4047 0.8437
vn -0.3530 0.4047 0.8436
vn 0.3249 0.2342 0.9163
vn -0.9075 0.3502 0.2322
vn -0.8960 0.1139 -0.4293
vn -0.8963 0.1138 -0.4287
vn -0.9078 0.3494 0.2322
vn -0.3218 -0.2244 -0.9198
vn 0.3555 -0.3948 -0.8472
vn -0.3219 -0.2244 -0.9198
vn 0.9103 -0.3405 -0.2355
vn 0.8988 -0.1044 0.4257
vn 0.8988 -0.1043 0.4257
vn 0.9104 -0.3403 -0.2355
vn -0.3526 0.4048 0.8437
vn -0.9074 0.3503 0.2321
vn -0.8959 0.1146 -0.4292
vn -0.8958 0.1148 -0.4293
vn -0.9075 0.3501 0.2321
vn 0.3555 -0.3950 -0.8471
vn -0.3219 -0.2242 -0.9198
vn 0.9103 -0.3404 -0.2355
vn 0.8988 -0.1043 0.4258
vn 0.9103 -0.3404 -0.2356
vn 0.3248 0.2343 0.9163
vn -0.9075 0.3502 0.2321
vn -0.8959 0.1142 -0.4293
vn -0.8959 0.1144 -0.4293
vn -0.9073 0.3506 0.2320
vn 0.9103 -0.3403 -0.2356
vn 0.8988 -0.1045 0.4258
vn 0.8987 -0.1045 0.4258
vn 0.3247 0.2344 0.9163
vn -0.8959 0.1143 -0.4293
vn -0.9073 0.3505 0.2321
vn 0.3554 -0.3949 -0.8472
vn 0.8987 -0.1043 0.4259
vn 0.8988 -0.1044 0.4258
vn 0.9104 -0.3402 -0.2355
vn -0.9074 0.3504 0.2320
vn -0.3218 -0.2245 -0.9198
vn 0.8988 -0.1042 0.4258
vn 0.8988 -0.1046 0.4258
vn -0.3526 0.4049 0.8436
vn -0.3525 0.4050 0.8436
vn 0.3248 0.2342 0.9163
vn -0.9076 0.3501 0.2320
vn -0.8959 0.1145 -0.4292
vn -0.8960 0.1139 -0.4292
vn -0.9075 0.3501 0.2320
vn 0.3555 -0.3949 -0.8471
vn 0.3247 0.2342 0.9164
vn -0.3526 0.4049 0.8437
vn -0.3527 0.4047 0.8437
vn -0.9074 0.3505 0.2321
vn -0.8959 0.1146 -0.4293
vn 0.3555 -0.3947 -0.8472
vn 0.9103 -0.3403 -0.2355
vn -0.9074 0.3503 0.2320
vn -0.8959 0.1142 -0.4292
vn -0.8960 0.1142 -0.4292
vn -0.3201 -0.2228 -0.9208
vn 0.3563 -0.3916 -0.8484
vn 0.3556 -0.3945 -0.8473
vn -0.3216 -0.2241 -0.9200
vn 0.9104 -0.3390 -0.2371
vn 0.8989 -0.1044 0.4256
vn 0.8988 -0.1045 0.4256
vn 0.9104 -0.3402 -0.2357
vn 0.3242 0.2363 0.9160
vn -0.3517 0.4077 0.8427
vn -0.3524 0.4053 0.8435
vn 0.3247 0.2346 0.9163
vn -0.9068 0.3517 0.2325
vn -0.8959 0.1140 -0.4294
vn -0.8959 0.1148 -0.4292
vn -0.9073 0.3507 0.2320
vn -0.3493 -0.3256 -0.8786
vn 0.3142 -0.5218 -0.7931
vn 0.3517 -0.4068 -0.8431
vn -0.3211 -0.2366 -0.9170
vn 0.8830 -0.4218 -0.2060
vn 0.9012 -0.0980 0.4221
vn 0.8992 -0.1033 0.4252
vn 0.9062 -0.3507 -0.2361
vn 0.3553 0.3408 0.8704
vn -0.3079 0.5392 0.7839
vn -0.3445 0.4310 0.8340
vn 0.3273 0.2547 0.9100
vn -0.8778 0.4360 0.1982
vn -0.8966 0.1100 -0.4290
vn -0.8958 0.1136 -0.4296
vn -0.9017 0.3664 0.2296
vn -0.4288 -0.4998 -0.7526
vn 0.2124 -0.7475 -0.6294
vn 0.2486 -0.6783 -0.6914
vn -0.3994 -0.4466 -0.8006
vn 0.8205 -0.5620 -0.1046
vn 0.9065 -0.0884 0.4128
vn 0.9045 -0.0910 0.4166
vn 0.8426 -0.5189 -0.1440
vn 0.4330 0.5083 0.7444
vn -0.2100 0.7517 0.6251
vn -0.2463 0.6834 0.6873
vn 0.4032 0.4554 0.7938
vn -0.8148 0.5718 0.0954
vn -0.8990 0.1030 -0.4256
vn -0.8982 0.1055 -0.4268
vn -0.8374 0.5293 0.1364
vn -0.4351 -0.5035 -0.7464
vn 0.2092 -0.7537 -0.6231
vn 0.2082 -0.7552 -0.6215
vn -0.4349 -0.5052 -0.7454
vn 0.8195 -0.5649 -0.0969
vn 0.9071 -0.0886 0.4115
vn 0.9070 -0.0881 0.4117
vn 0.8186 -0.5662 -0.0970
vn 0.4428 0.5167 0.7328
vn -0.2016 0.7666 0.6097
vn -0.2027 0.7647 0.6117
vn 0.4411 0.5164 0.7340
vn -0.8116 0.5783 0.0832
vn -0.8992 0.1020 -0.4255
vn -0.8992 0.1021 -0.4254
vn -0.8115 0.5781 0.0849
vn -0.4351 -0.5034 -0.7465
vn 0.2094 -0.7533 -0.6234
vn 0.2093 -0.7535 -0.6233
vn -0.4351 -0.5033 -0.7466
vn 0.8194 -0.5649 -0.0970
vn 0.9071 -0.0885 0.4115
vn 0.8193 -0.5651 -0.0970
vn 0.4430 0.5168 0.7325
vn -0.2015 0.7668 0.6094
vn -0.2014 0.7670 0.6092
vn 0.4431 0.5167 0.7326
vn -0.8114 0.5785 0.0830
vn -0.8992 0.1018 -0.4256
vn -0.8992 0.1022 -0.4255
vn -0.8114 0.5786 0.0829
vn -0.4352 -0.5034 -0.7465
vn 0.2094 -0.7534 -0.6233
vn -0.4351 -0.5032 -0.7466
vn 0.8195 -0.5648 -0.0970
vn 0.9071 -0.0885 0.4116
vn 0.9070 -0.0886 0.4116
vn 0.8195 -0.5649 -0.0970
vn 0.4431 0.5166 0.7327
vn -0.2014 0.7670 0.6093
vn -0.2015 0.7667 0.6095
vn 0.4430 0.5170 0.7325
vn -0.8117 0.5782 0.0829
vn -0.8992 0.1018 -0.4255
vn -0.8991 0.1020 -0.4256
vn -0.8116 0.5784 0.0829
vn -0.4352 -0.5033 -0.7466
vn 0.2094 -0.7534 -0.6234
vn 0.8196 -0.5646 -0.0970
vn 0.9071 -0.0884 0.4115
vn 0.8194 -0.5650 -0.0969
vn 0.4430 0.5169 0.7325
vn -0.2015 0.7670 0.6093
vn 0.4430 0.5168 0.7326
vn -0.8115 0.5784 0.0830
vn -0.8991 0.1017 -0.4257
vn 0.9072 -0.0884 0.4114
vn 0.9071 -0.0887 0.4115
vn -0.2015 0.7669 0.6094
vn -0.8116 0.5784 0.0828
vn -0.8992 0.1019 -0.4255
vn -0.8992 0.1019 -0.4256
vn -0.8116 0.5783 0.0829
vn -0.4350 -0.5033 -0.7466
vn -0.4350 -0.5035 -0.7465
vn 0.9071 -0.0889 0.4114
vn 0.8197 -0.5645 -0.0969
vn -0.2015 0.7669 0.6093
vn -0.8992 0.1019 -0.4254
vn -0.8115 0.5785 0.0828
vn 0.2093 -0.7535 -0.6232
vn 0.8196 -0.5647 -0.0969
vn 0.9071 -0.0886 0.4116
vn 0.9071 -0.0885 0.4114
vn 0.8195 -0.5647 -0.0970
vn -0.2015 0.7668 0.6095
vn 0.4431 0.5168 0.7325
vn -0.8115 0.5785 0.0830
vn -0.8992 0.1023 -0.4255
vn -0.8116 0.5783 0.0831
vn -0.4353 -0.5030 -0.7467
vn 0.8195 -0.5648 -0.0968
vn 0.4430 0.5170 0.7324
vn 0.4431 0.5169 0.7325
vn -0.8992 0.1020 -0.4256
vn -0.8118 0.5780 0.0829
vn 0.2093 -0.7536 -0.6232
vn -0.4352 -0.5032 -0.7466
vn 0.9071 -0.0883 0.4116
vn 0.9070 -0.0891 0.4116
vn 0.8198 -0.5644 -0.0970
vn 0.4431 0.5168 0.7326
vn -0.8119 0.5779 0.0830
vn -0.8991 0.1026 -0.4256
vn -0.8992 0.1024 -0.4254
vn -0.8115 0.5784 0.0829
vn -0.2659 -0.2757 -0.9237
vn 0.2994 -0.4950 -0.8157
vn 0.2242 -0.7280 -0.6479
vn -0.4209 -0.4773 -0.7714
vn 0.9051 -0.3081 -0.2931
vn 0.9820 0.1104 0.1531
vn 0.9204 -0.0629 0.3860
vn 0.8327 -0.5399 -0.1230
vn 0.5213 0.7111 0.4718
vn -0.0440 0.9305 0.3637
vn -0.1874 0.7908 0.5827
vn 0.4576 0.5405 0.7060
vn -0.6498 0.7432 -0.1591
vn -0.7266 0.3257 -0.6049
vn -0.8835 0.1257 -0.4512
vn -0.7959 0.6027 0.0577
vn 0.2169 -0.7583 -0.6147
vn 0.6453 -0.7609 -0.0683
vn 0.6668 -0.7283 -0.1583
vn 0.2649 -0.7055 -0.6574
vn 0.7549 -0.2790 0.5935
vn 0.4666 0.2999 0.8320
vn 0.6867 0.2708 0.6746
vn 0.8269 -0.2866 0.4839
vn -0.1724 0.7983 0.5771
vn -0.6139 0.7884 0.0400
vn -0.5918 0.8050 0.0421
vn -0.0890 0.8644 0.4949
vn -0.7219 0.3007 -0.6232
vn -0.4068 -0.2756 -0.8710
vn -0.3670 -0.2464 -0.8970
vn -0.7279 0.3139 -0.6097
vn 0.2055 -0.7674 -0.6073
vn 0.6388 -0.7674 -0.0548
vn 0.6389 -0.7674 -0.0548
vn 0.2055 -0.7675 -0.6073
vn 0.7424 -0.2824 0.6075
vn 0.4336 0.3000 0.8497
vn 0.7424 -0.2823 0.6075
vn -0.1849 0.7851 0.5912
vn -0.6183 0.7850 0.0386
vn -0.6181 0.7851 0.0387
vn -0.7219 0.2999 -0.6236
vn -0.4130 -0.2824 -0.8658
vn -0.4130 -0.2822 -0.8659
vn -0.7219 0.3000 -0.6236
vn 0.2055 -0.7675 -0.6072
vn 0.7425 -0.2822 0.6075
vn 0.4336 0.2998 0.8498
vn 0.7425 -0.2823 0.6075
vn -0.6184 0.7849 0.0387
vn -0.1849 0.7851 0.5911
vn -0.7219 0.3001 -0.6235
vn 0.2054 -0.7675 -0.6073
vn 0.6387 -0.7675 -0.0548
vn 0.7425 -0.2821 0.6075
vn 0.4336 0.2999 0.8497
vn -0.6182 0.7851 0.0387
vn -0.4131 -0.2822 -0.8659
vn -0.4130 -0.2823 -0.8659
vn 0.2054 -0.7674 -0.6074
vn 0.4335 0.2999 0.8498
vn 0.7424 -0.2823 0.6076
vn -0.1849 0.7850 0.5912
vn -0.6183 0.7850 0.0387
vn -0.6181 0.7851 0.0386
vn -0.1849 0.7850 0.5913
vn -0.4130 -0.2825 -0.8658
vn -0.7219 0.2998 -0.6236
vn 0.7425 -0.2824 0.6075
vn -0.1850 0.7850 0.5912
vn -0.7219 0.3001 -0.6236
vn -0.1848 0.7852 0.5910
vn -0.7218 0.3001 -0.6236
vn 0.6389 -0.7673 -0.0548
vn 0.2055 -0.7674 -0.6074
vn -0.6182 0.7851 0.0386
vn -0.7219 0.3000 -0.6235
vn 0.6389 -0.7673 -0.0547
vn 0.6386 -0.7676 -0.0548
vn 0.2054 -0.7676 -0.6072
vn 0.7424 -0.2822 0.6076
vn -0.4131 -0.2823 -0.8658
vn 0.2054 -0.7675 -0.6072
vn 0.6387 -0.7675 -0.0547
vn 0.7424 -0.2826 0.6075
vn -0.6182 0.7850 0.0387
vn -0.7220 0.2998 -0.6236
vn -0.7220 0.2997 -0.6237
vn 0.6388 -0.7674 -0.0547
vn 0.4335 0.2998 0.8498
vn 0.7425 -0.2823 0.6074
vn -0.6184 0.7849 0.0388
vn -0.7219 0.2999 -0.6237
vn -0.4130 -0.2821 -0.8659
vn -0.7218 0.3003 -0.6235
vn 0.7423 -0.2825 0.6075
vn 0.4335 0.3000 0.8498
vn 0.4336 0.2997 0.8498
vn -0.1849 0.7852 0.5911
vn -0.7219 0.2998 -0.6237
vn -0.4130 -0.2823 -0.8658
vn -0.4131 -0.2821 -0.8659
vn 0.7425 -0.2820 0.6076
vn -0.6181 0.7852 0.0386
vn -0.4131 -0.2823 -0.8659
vn 0.4337 0.2999 0.8497
vn 0.7425 -0.2822 0.6074
vn -0.1848 0.7851 0.5911
vn -0.6180 0.7852 0.0386
vn -0.7219 0.3002 -0.6235
vn 0.4336 0.2999 0.8498
vn -0.7220 0.2996 -0.6237
vn 0.6390 -0.7673 -0.0548
vn 0.2055 -0.7673 -0.6075
vn 0.6387 -0.7675 -0.0546
vn 0.2054 -0.7674 -0.6073
vn 0.4335 0.3002 0.8497
vn 0.6388 -0.7674 -0.0549
vn 0.2055 -0.7676 -0.6071
vn -0.6179 0.7853 0.0387
vn -0.1850 0.7850 0.5913
vn -0.6185 0.7849 0.0387
vn -0.7220 0.2997 -0.6236
vn 0.6390 -0.7673 -0.0549
vn 0.7426 -0.2821 0.6074
vn 0.4336 0.2998 0.8497
vn -0.1849 0.7849 0.5913
vn -0.6182 0.7850 0.0386
vn -0.7220 0.3000 -0.6235
vn 0.6386 -0.7676 -0.0547
vn 0.7425 -0.2825 0.6074
vn 0.4335 0.3001 0.8497
vn -0.6179 0.7853 0.0386
vn 0.3958 -0.5845 -0.7083
vn 0.7818 -0.5850 -0.2156
vn 0.6591 -0.7487 -0.0704
vn 0.2255 -0.7488 -0.6233
vn 0.8866 -0.0955 0.4526
vn 0.6112 0.4238 0.6685
vn 0.4536 0.3178 0.8326
vn 0.7627 -0.2643 0.5902
vn -0.0128 0.9129 0.4080
vn -0.3991 0.9130 -0.0848
vn -0.5968 0.8021 0.0217
vn -0.1634 0.8019 0.5747
vn -0.5035 0.4236 -0.7530
vn -0.2282 -0.0953 -0.9689
vn -0.3913 -0.2647 -0.8814
vn -0.7005 0.3180 -0.6388
vn -0.8034 -0.4867 0.3431
vn -0.7965 -0.4867 -0.3588
vn -0.7976 -0.4849 -0.3589
vn -0.8044 -0.4849 0.3431
vn -0.3009 -0.1667 -0.9390
vn 0.2868 0.2172 -0.9330
vn 0.2921 0.2095 -0.9331
vn -0.2991 -0.1692 -0.9391
vn 0.7706 0.5369 -0.3433
vn 0.7637 0.5370 0.3584
vn 0.7719 0.5250 0.3585
vn 0.7789 0.5249 -0.3433
vn 0.2684 0.2172 0.9385
vn -0.3193 -0.1667 0.9329
vn -0.3175 -0.1692 0.9330
vn 0.2737 0.2095 0.9387
vn -0.8032 -0.4870 0.3431
vn -0.7963 -0.4870 -0.3589
vn -0.7963 -0.4870 -0.3588
vn -0.8032 -0.4871 0.3431
vn -0.3013 -0.1665 -0.9389
vn 0.2857 0.2185 -0.9331
vn 0.2857 0.2184 -0.9331
vn -0.3013 -0.1663 -0.9389
vn 0.7690 0.5391 -0.3434
vn 0.7621 0.5392 0.3584
vn 0.7623 0.5389 0.3584
vn 0.7692 0.5390 -0.3433
vn 0.2673 0.2184 0.9385
vn -0.3197 -0.1664 0.9328
vn -0.3197 -0.1663 0.9328
vn 0.2674 0.2184 0.9385
vn -0.8031 -0.4872 0.3431
vn -0.7962 -0.4871 -0.3588
vn -0.8031 -0.4871 0.3431
vn 0.2856 0.2184 -0.9331
vn -0.3013 -0.1664 -0.9389
vn 0.7621 0.5391 0.3585
vn 0.7691 0.5390 -0.3434
vn 0.2672 0.2184 0.9386
vn -0.3197 -0.1665 0.9328
vn 0.2673 0.2185 0.9385
vn -0.8032 -0.4871 0.3430
vn -0.7963 -0.4871 -0.3588
vn -0.3014 -0.1664 -0.9389
vn 0.7621 0.5392 0.3585
vn 0.7622 0.5391 0.3584
vn 0.7691 0.5391 -0.3434
vn 0.2672 0.2184 0.9385
vn -0.7962 -0.4872 -0.3588
vn -0.8031 -0.4873 0.3430
vn 0.2857 0.2183 -0.9331
vn 0.2856 0.2185 -0.9331
vn 0.7622 0.5390 0.3585
vn 0.7690 0.5392 -0.3434
vn -0.8031 -0.4872 0.3430
vn -0.7961 -0.4873 -0.3587
vn 0.7622 0.5391 0.3585
vn 0.7690 0.5392 -0.3433
vn 0.2673 0.2184 0.9386
vn -0.7963 -0.4871 -0.3587
vn -0.3014 -0.1665 -0.9389
vn 0.7692 0.5389 -0.3434
vn -0.3198 -0.1665 0.9328
vn 0.7691 0.5390 -0.3435
vn 0.2856 0.2183 -0.9331
vn 0.7692 0.5389 -0.3435
vn 0.7689 0.5393 -0.3433
vn 0.2672 0.2183 0.9386
vn -0.3198 -0.1664 0.9328
vn -0.7962 -0.4873 -0.3587
vn -0.7962 -0.4872 -0.3587
vn -0.8033 -0.4869 0.3431
vn 0.7620 0.5393 0.3584
vn 0.7622 0.5390 0.3584
vn 0.7690 0.5393 -0.3433
vn -0.7962 -0.4871 -0.3589
vn -0.7963 -0.4869 -0.3588
vn 0.7622 0.5390 0.3586
vn 0.2673 0.2183 0.9386
vn -0.8033 -0.4868 0.3431
vn 0.2856 0.2183 -0.9332
vn 0.7623 0.5389 0.3585
vn 0.7620 0.5393 0.3585
vn -0.3198 -0.1662 0.9328
vn -0.9259 -0.2275 0.3015
vn -0.9199 -0.2271 -0.3197
vn -0.8129 -0.4585 -0.3591
vn -0.8197 -0.4587 0.3429
vn -0.4243 0.0941 -0.9006
vn 0.0952 0.4346 -0.8956
vn 0.2675 0.2460 -0.9316
vn -0.3194 -0.1389 -0.9374
vn 0.5793 0.7560 -0.3049
vn 0.5730 0.7561 0.3162
vn 0.7428 0.5655 0.3583
vn 0.7496 0.5658 -0.3435
vn 0.0776 0.4347 0.8972
vn -0.4418 0.0941 0.8921
vn -0.3378 -0.1389 0.9309
vn 0.2492 0.2459 0.9367
vn -0.4498 0.8661 -0.2180
vn -0.6034 0.7462 -0.2812
vn -0.4609 0.8609 -0.2156
vn -0.6068 0.7275 -0.3201
vn -0.3305 0.9119 -0.2434
vn -0.4833 0.8740 -0.0500
vn -0.2763 0.9585 -0.0698
vn -0.4098 0.8859 -0.2172
vn 0.2503 -0.9681 -0.0106
vn 0.3538 -0.8844 -0.3042
vn -0.4721 0.8461 -0.2475
vn -0.5181 0.8122 -0.2680
vn -0.4511 0.8657 -0.2168
vn -0.6430 0.7238 -0.2502
vn -0.4284 0.8818 -0.1971
vn -0.2030 0.9525 -0.2268
vn -0.3617 0.9049 -0.2242
vn 0.1232 -0.9575 0.2607
vn -0.0332 -0.8522 0.5222
vn -0.6125 0.7539 0.2378
vn -0.7222 0.6077 0.3303
vn -0.6155 0.7480 0.2484
vn -0.7514 0.5818 0.3114
vn -0.5769 0.8073 0.1244
vn -0.4976 0.7891 0.3602
vn -0.4174 0.8913 0.1771
vn -0.5940 0.7779 0.2050
vn 0.3404 -0.9185 -0.2009
vn 0.1434 -0.8798 -0.4532
vn -0.6442 0.7263 0.2398
vn -0.6788 0.6843 0.2666
vn -0.6122 0.7536 0.2395
vn -0.7143 0.5872 0.3807
vn -0.5872 0.7755 0.2318
vn -0.5018 0.8645 0.0281
vn -0.5771 0.8006 0.1611
vn 0.4860 -0.8721 0.0569
vn 0.5868 -0.7383 0.3324
vn -0.3777 0.7121 0.5918
vn -0.4312 0.5547 0.7116
vn -0.3752 0.7050 0.6018
vn -0.4670 0.5305 0.7075
vn -0.4023 0.7782 0.4823
vn -0.2154 0.7358 0.6420
vn -0.2348 0.8589 0.4552
vn -0.3774 0.7399 0.5569
vn 0.1554 -0.8848 -0.4394
vn -0.1405 -0.8224 -0.5514
vn -0.4051 0.6839 0.6068
vn -0.4231 0.6385 0.6429
vn -0.3766 0.7116 0.5932
vn -0.3998 0.5289 0.7486
vn -0.3581 0.7347 0.5761
vn -0.3841 0.8469 0.3677
vn -0.3842 0.7675 0.5131
vn 0.4131 -0.8641 -0.2877
vn 0.6446 -0.7593 -0.0893
vn 0.8043 0.5921 0.0502
vn 0.7281 0.6842 0.0426
vn 0.6654 0.7432 0.0701
vn 0.7089 0.7008 0.0794
vn 0.5711 0.8185 0.0627
vn 0.5104 0.8463 0.1525
vn 0.5130 0.8524 -0.1014
vn 0.7477 0.6601 0.0720
vn -0.5176 -0.8546 -0.0423
vn -0.5056 -0.8510 0.1420
vn 0.7704 0.6233 0.1339
vn 0.7569 0.6349 0.1548
vn 0.7229 0.6706 0.1664
vn 0.6357 0.7585 0.1433
vn 0.5642 0.8119 0.1500
vn 0.5101 0.8481 0.1430
vn 0.7478 0.6499 0.1355
vn -0.5109 -0.8411 -0.1774
vn -0.4780 -0.8053 -0.3507
usemtl Material.020
f 1/1/1 2/2/1 3/3/1 4/4/1 5/5/1 6/6/1 7/7/1 8/8/1 9/9/1 10/10/1
f 3/3/2 11/11/2 12/12/2 13/13/2 14/14/2 15/15/2 4/4/2
f 16/16/3 12/12/3 11/11/3 17/17/3 18/18/3
f 19/19/4 20/20/4 18/18/4 17/17/4 21/21/4 22/22/4 23/23/4 24/24/4
f 25/25/5 26/26/5 27/27/5 28/28/5 29/29/5 30/30/5 31/31/5 32/32/5 22/22/5 33/33/5 34/34/5 35/35/5 36/36/5 37/37/5 38/38/5
f 39/39/6 33/33/6 22/22/6 21/21/6 40/40/6 27/27/6 26/26/6 41/41/6
f 42/42/7 43/43/7 44/44/7 45/45/7 46/46/7 40/40/7 47/47/7 48/48/7 49/49/7
f 8/8/8 7/7/8 50/50/8 51/51/8 52/52/8 53/53/8 54/54/8 2/2/8 1/1/8 55/55/8 56/56/8 57/57/8 58/58/8 59/59/8 60/60/8
f 61/61/9 62/62/9 47/63/9 63/64/9 64/65/9 65/66/9 66/67/9 67/68/9 68/69/9 69/70/9 70/71/9
f 71/72/10 72/73/10 73/74/10 74/75/10 75/76/10 62/62/10
f 76/77/11 77/78/11 3/3/11 2/2/11 78/79/11 79/80/11 80/81/11 81/82/11 82/83/11 83/84/11 84/85/11 85/86/11 86/87/11
f 87/88/12 82/83/12 81/82/12 88/89/12 89/90/12 90/91/12 91/92/12 11/11/12 3/3/12 77/78/12 92/93/12 93/94/12
f 94/95/13 95/96/13 17/17/13 11/11/13 91/92/13
f 96/97/14 21/21/14 17/17/14 95/96/14 97/98/14 98/99/14 99/100/14 100/101/14
f 101/102/15 102/103/15 103/104/15 104/105/15 40/40/15 21/21/15 96/97/15 105/106/15 106/107/15
f 107/108/16 47/47/16 40/40/16 108/109/16 109/110/16 110/111/16 111/112/16 112/113/16 113/114/16
f 114/115/17 78/79/17 2/2/17 54/54/17 115/116/17 116/117/17 117/118/17
f 118/119/18 119/120/18 120/121/18 121/122/18 122/123/18 123/124/18 124/125/18 47/63/18 62/62/18 125/126/18 126/127/18
f 127/128/19 62/62/19 75/76/19 128/129/19 129/130/19 130/131/19
f 131/132/20 132/133/20 133/134/20 134/135/20
f 132/133/21 135/136/21 136/137/21 133/134/21
f 133/134/22 136/137/22 137/138/22 138/139/22
f 134/135/23 133/134/23 138/139/23 139/140/23
f 140/141/24 141/142/24 142/143/24 143/144/24
f 144/145/25 145/146/25 142/143/25 141/142/25
f 146/147/26 143/144/26 142/143/26 145/146/26
f 147/148/27 148/149/27 149/150/27 150/151/27
f 148/149/28 131/132/28 134/135/28 149/150/28
f 149/150/29 134/135/29 139/140/29 151/152/29
f 150/151/30 149/150/30 151/152/30 152/153/30
f 153/154/31 154/155/31 155/156/31 156/157/31
f 154/155/32 147/148/32 150/151/32 155/156/32
f 155/156/33 150/151/33 152/153/33 157/158/33
f 156/157/34 155/156/34 157/158/34 158/159/34
f 135/136/35 159/160/35 160/161/35 136/137/35
f 159/160/36 153/154/36 156/157/36 160/161/36
f 160/161/37 156/157/37 158/159/37 161/162/37
f 136/137/38 160/161/38 161/162/38 137/138/38
f 139/140/20 138/139/20 162/163/20 163/164/20
f 138/139/39 137/138/39 164/165/39 162/163/39
f 162/163/40 164/165/40 165/166/40 166/167/40
f 163/164/41 162/163/41 166/167/41 167/168/41
f 152/153/42 151/152/42 168/169/42 169/170/42
f 151/152/43 139/140/43 163/164/43 168/169/43
f 168/169/44 163/164/44 167/168/44 170/171/44
f 169/170/30 168/169/30 170/171/30 171/172/30
f 158/159/34 157/158/34 172/173/34 173/174/34
f 157/158/45 152/153/45 169/170/45 172/173/45
f 172/173/46 169/170/46 171/172/46 174/175/46
f 173/174/47 172/173/47 174/175/47 175/176/47
f 137/138/38 161/162/38 176/177/38 164/165/38
f 161/162/37 158/159/37 173/174/37 176/177/37
f 176/177/48 173/174/48 175/176/48 177/178/48
f 164/165/49 176/177/49 177/178/49 165/166/49
f 167/168/50 166/167/50 178/179/50 179/180/50
f 166/167/51 165/166/51 180/181/51 178/179/51
f 178/179/52 180/181/52 181/182/52 182/183/52
f 179/180/53 178/179/53 182/183/53 183/184/53
f 171/172/54 170/171/54 184/185/54 185/186/54
f 170/171/55 167/168/55 179/180/55 184/185/55
f 184/185/56 179/180/56 183/184/56 186/187/56
f 185/186/57 184/185/57 186/187/57 187/188/57
f 175/176/58 174/175/58 188/189/58 189/190/58
f 174/175/59 171/172/59 185/186/59 188/189/59
f 188/189/60 185/186/60 187/188/60 190/191/60
f 189/190/61 188/189/61 190/191/61 191/192/61
f 165/166/62 177/178/62 192/193/62 180/181/62
f 177/178/63 175/176/63 189/190/63 192/193/63
f 192/193/64 189/190/64 191/192/64 193/194/64
f 180/181/65 192/193/65 193/194/65 181/182/65
f 183/184/66 182/183/66 194/195/66 195/196/66
f 182/183/67 181/182/67 196/197/67 194/195/67
f 194/195/68 196/197/68 197/198/68 198/199/68
f 195/196/69 194/195/69 198/199/69 199/200/69
f 200/201/70 201/202/70 202/203/70 203/204/70
f 204/205/71 205/206/71 202/203/71 201/202/71
f 206/207/72 203/204/72 202/203/72 205/206/72
f 207/208/73 208/209/73 209/210/73 210/211/73
f 208/209/74 211/212/74 212/213/74 209/210/74
f 209/210/75 212/213/75 213/214/75 214/215/75
f 210/211/76 209/210/76 214/215/76 215/216/76
f 187/188/77 186/187/77 216/217/77 217/218/77
f 186/187/78 183/184/78 195/196/78 216/217/78
f 216/217/79 195/196/79 199/200/79 218/219/79
f 217/218/80 216/217/80 218/219/80 219/220/80
f 191/192/81 190/191/81 220/221/81 221/222/81
f 190/191/82 187/188/82 217/218/82 220/221/82
f 220/221/83 217/218/83 219/220/83 222/223/83
f 221/222/84 220/221/84 222/223/84 223/224/84
f 181/182/85 193/194/85 224/225/85 196/197/85
f 193/194/86 191/192/86 221/222/86 224/225/86
f 224/225/87 221/222/87 223/224/87 225/226/87
f 196/197/88 224/225/88 225/226/88 197/198/88
f 226/227/89 227/228/89 228/229/89 229/230/89
f 227/228/90 230/231/90 231/232/90 228/229/90
f 228/229/91 231/232/91 232/233/91 233/234/91
f 229/230/92 228/229/92 233/234/92 234/235/92
f 235/236/93 236/237/93 237/238/93 238/239/93
f 236/237/94 239/240/94 240/241/94 237/238/94
f 237/238/95 240/241/95 241/242/95 242/243/95
f 238/239/96 237/238/96 242/243/96 243/244/96
f 244/245/97 245/246/97 246/247/97 247/248/97
f 245/246/98 248/249/98 249/250/98 246/247/98
f 246/247/99 249/250/99 250/251/99 251/252/99
f 247/248/100 246/247/100 251/252/100 252/253/100
f 253/254/101 254/255/101 255/256/101 256/257/101
f 254/255/102 257/258/102 258/259/102 255/256/102
f 255/256/103 258/259/103 259/260/103 260/261/103
f 256/257/104 255/256/104 260/261/104 261/262/104
f 262/263/105 263/264/105 264/265/105 265/266/105
f 266/267/106 267/268/106 264/265/106 263/264/106
f 197/198/107 265/266/107 264/265/107 267/268/107
f 268/269/108 269/270/108 270/271/108 271/272/108
f 269/270/109 272/273/109 273/274/109 270/271/109
f 270/271/110 273/274/110 274/275/110 275/276/110
f 271/272/111 270/271/111 275/276/111 276/277/111
f 277/278/112 278/279/112 279/280/112 280/281/112
f 200/201/113 281/282/113 279/280/113 278/279/113
f 282/283/114 280/281/114 279/280/114 281/282/114
f 206/207/115 283/284/115 284/285/115 203/204/115
f 283/284/116 285/286/116 286/287/116 284/285/116
f 284/285/117 286/287/117 287/288/117 288/289/117
f 203/204/118 284/285/118 288/289/118 200/201/118
f 289/290/119 290/291/119 291/292/119 292/293/119
f 290/291/120 293/294/120 294/295/120 291/292/120
f 291/292/121 294/295/121 295/296/121 296/297/121
f 292/293/122 291/292/122 296/297/122 297/298/122
f 298/299/123 299/300/123 300/301/123 301/302/123
f 302/303/124 303/304/124 300/301/124 299/300/124
f 304/305/125 301/302/125 300/301/125 303/304/125
f 305/306/126 306/307/126 307/308/126 308/309/126
f 309/310/127 310/311/127 307/308/127 306/307/127
f 204/205/128 308/309/128 307/308/128 310/311/128
f 297/298/129 296/297/129 311/312/129 312/313/129
f 295/296/130 313/314/130 311/312/130 296/297/130
f 314/315/131 315/316/131 311/312/131 313/314/131
f 316/317/132 317/318/132 311/312/132 315/316/132
f 318/319/133 312/313/133 311/312/133 317/318/133
f 305/306/134 319/320/134 320/321/134 306/307/134
f 321/322/135 322/323/135 320/321/135 319/320/135
f 309/310/136 306/307/136 320/321/136 322/323/136
f 321/322/137 319/320/137 323/324/137 324/325/137
f 305/306/138 325/326/138 323/324/138 319/320/138
f 277/278/139 324/325/139 323/324/139 325/326/139
f 326/327/140 327/328/140 328/329/140 329/330/140
f 302/303/141 299/300/141 328/329/141 327/328/141
f 298/299/142 329/330/142 328/329/142 299/300/142
f 330/331/143 331/332/143 332/333/143 333/334/143
f 331/332/144 334/335/144 335/336/144 332/333/144
f 332/333/145 335/336/145 282/283/145 336/337/145
f 333/334/146 332/333/146 336/337/146 206/207/146
f 297/298/147 337/338/147 338/339/147 339/340/147
f 326/327/148 329/330/148 338/339/148 337/338/148
f 298/299/149 339/340/149 338/339/149 329/330/149
f 272/273/150 340/341/150 341/342/150 273/274/150
f 340/341/151 342/343/151 343/344/151 341/342/151
f 341/342/152 343/344/152 344/345/152 345/346/152
f 273/274/153 341/342/153 345/346/153 274/275/153
f 326/327/154 346/347/154 347/348/154 327/328/154
f 348/349/155 349/350/155 347/348/155 346/347/155
f 302/303/156 327/328/156 347/348/156 349/350/156
f 350/351/157 351/352/157 352/353/157 353/354/157
f 351/352/158 354/355/158 355/356/158 352/353/158
f 352/353/159 355/356/159 268/269/159 271/272/159
f 353/354/160 352/353/160 271/272/160 276/277/160
f 356/357/161 357/358/161 358/359/161 359/360/161
f 360/361/162 361/362/162 358/359/162 357/358/162
f 362/363/163 359/360/163 358/359/163 361/362/163
f 356/357/164 363/364/164 364/365/164 357/358/164
f 289/290/165 365/366/165 364/365/165 363/364/165
f 360/361/166 357/358/166 364/365/166 365/366/166
f 289/290/167 292/293/167 366/367/167 365/366/167
f 297/298/168 367/368/168 366/367/168 292/293/168
f 360/361/169 365/366/169 366/367/169 367/368/169
f 297/298/170 312/313/170 368/369/170 337/338/170
f 318/319/171 369/370/171 368/369/171 312/313/171
f 326/327/172 337/338/172 368/369/172 369/370/172
f 318/319/173 370/371/173 371/372/173 369/370/173
f 348/349/174 346/347/174 371/372/174 370/371/174
f 326/327/175 369/370/175 371/372/175 346/347/175
f 200/201/176 288/289/176 372/373/176 281/282/176
f 288/289/177 287/288/177 373/374/177 372/373/177
f 372/373/178 373/374/178 374/375/178 375/376/178
f 281/282/179 372/373/179 375/376/179 282/283/179
f 318/319/180 317/318/180 376/377/180 377/378/180
f 317/318/181 316/317/181 378/379/181 376/377/181
f 376/377/182 378/379/182 293/294/182 290/291/182
f 377/378/183 376/377/183 290/291/183 289/290/183
f 379/380/184 380/381/184 381/382/184 382/383/184
f 380/381/185 383/384/185 384/385/185 381/382/185
f 381/382/186 384/385/186 385/386/186 386/387/186
f 382/383/187 381/382/187 386/387/187 387/388/187
f 354/355/188 351/352/188 388/389/188 389/390/188
f 351/352/189 350/351/189 390/391/189 388/389/189
f 388/389/190 390/391/190 344/345/190 343/344/190
f 389/390/191 388/389/191 343/344/191 342/343/191
f 321/322/192 324/325/192 391/392/192 392/393/192
f 324/325/193 277/278/193 280/281/193 391/392/193
f 391/392/194 280/281/194 282/283/194 335/336/194
f 392/393/195 391/392/195 335/336/195 334/335/195
f 204/205/196 310/311/196 393/394/196 205/206/196
f 310/311/197 309/310/197 394/395/197 393/394/197
f 393/394/198 394/395/198 330/331/198 333/334/198
f 205/206/199 393/394/199 333/334/199 206/207/199
f 362/363/200 361/362/200 395/396/200 396/397/200
f 361/362/201 360/361/201 397/398/201 395/396/201
f 395/396/202 397/398/202 304/305/202 303/304/202
f 396/397/203 395/396/203 303/304/203 302/303/203
f 318/319/204 377/378/204 398/399/204 370/371/204
f 377/378/205 289/290/205 363/364/205 398/399/205
f 398/399/206 363/364/206 356/357/206 399/400/206
f 370/371/207 398/399/207 399/400/207 348/349/207
f 144/145/208 400/401/208 401/402/208 145/146/208
f 400/401/209 223/224/209 222/223/209 401/402/209
f 401/402/210 222/223/210 219/220/210 402/403/210
f 145/146/211 401/402/211 402/403/211 146/147/211
f 197/198/212 267/268/212 403/404/212 198/199/212
f 267/268/213 266/267/213 404/405/213 403/404/213
f 403/404/214 404/405/214 405/406/214 406/407/214
f 198/199/215 403/404/215 406/407/215 199/200/215
f 262/263/216 265/266/216 407/408/216 408/409/216
f 265/266/217 197/198/217 225/226/217 407/408/217
f 407/408/218 225/226/218 223/224/218 400/401/218
f 408/409/219 407/408/219 400/401/219 144/145/219
f 266/267/220 409/410/220 410/411/220 404/405/220
f 409/410/221 140/141/221 143/144/221 410/411/221
f 410/411/222 143/144/222 146/147/222 411/412/222
f 404/405/223 410/411/223 411/412/223 405/406/223
f 412/413/224 413/414/224 414/415/224 415/416/224
f 413/414/225 416/417/225 417/418/225 414/415/225
f 414/415/226 417/418/226 153/154/226 159/160/226
f 415/416/227 414/415/227 159/160/227 135/136/227
f 416/417/228 418/419/228 419/420/228 417/418/228
f 418/419/229 420/421/229 421/422/229 419/420/229
f 419/420/230 421/422/230 147/148/230 154/155/230
f 417/418/231 419/420/231 154/155/231 153/154/231
f 420/421/232 422/423/232 423/424/232 421/422/232
f 422/423/233 424/425/233 425/426/233 423/424/233
f 423/424/234 425/426/234 131/132/234 148/149/234
f 421/422/235 423/424/235 148/149/235 147/148/235
f 424/425/236 426/427/236 427/428/236 425/426/236
f 426/427/237 412/413/237 415/416/237 427/428/237
f 427/428/40 415/416/40 135/136/40 132/133/40
f 425/426/238 427/428/238 132/133/238 131/132/238
f 428/429/239 429/430/239 430/431/239 431/432/239
f 429/430/240 432/433/240 433/434/240 430/431/240
f 430/431/241 433/434/241 416/417/241 413/414/241
f 431/432/242 430/431/242 413/414/242 412/413/242
f 432/433/243 434/435/243 435/436/243 433/434/243
f 434/435/244 436/437/244 437/438/244 435/436/244
f 435/436/245 437/438/245 420/421/245 418/419/245
f 433/434/246 435/436/246 418/419/246 416/417/246
f 436/437/247 438/439/247 439/440/247 437/438/247
f 438/439/248 440/441/248 441/442/248 439/440/248
f 439/440/249 441/442/249 424/425/249 422/423/249
f 437/438/250 439/440/250 422/423/250 420/421/250
f 440/441/251 442/443/251 443/444/251 441/442/251
f 442/443/252 428/429/252 431/432/252 443/444/252
f 443/444/253 431/432/253 412/413/253 426/427/253
f 441/442/254 443/444/254 426/427/254 424/425/254
f 444/445/255 445/446/255 446/447/255 447/448/255
f 445/446/256 448/449/256 449/450/256 446/447/256
f 446/447/257 449/450/257 305/306/257 308/309/257
f 447/448/258 446/447/258 308/309/258 204/205/258
f 448/449/259 450/451/259 451/452/259 449/450/259
f 450/451/260 452/453/260 453/454/260 451/452/260
f 451/452/261 453/454/261 277/278/261 325/326/261
f 449/450/262 451/452/262 325/326/262 305/306/262
f 452/453/263 454/455/263 455/456/263 453/454/263
f 454/455/264 456/457/264 457/458/264 455/456/264
f 455/456/265 457/458/265 200/201/265 278/279/265
f 453/454/266 455/456/266 278/279/266 277/278/266
f 456/457/267 458/459/267 459/460/267 457/458/267
f 458/459/268 444/445/268 447/448/268 459/460/268
f 459/460/269 447/448/269 204/205/269 201/202/269
f 457/458/270 459/460/270 201/202/270 200/201/270
f 460/461/271 461/462/271 462/463/271 463/464/271
f 461/462/272 464/465/272 465/466/272 462/463/272
f 462/463/273 465/466/273 448/449/273 445/446/273
f 463/464/274 462/463/274 445/446/274 444/445/274
f 464/465/275 466/467/275 467/468/275 465/466/275
f 466/467/276 468/469/276 469/470/276 467/468/276
f 467/468/277 469/470/277 452/453/277 450/451/277
f 465/466/278 467/468/278 450/451/278 448/449/278
f 468/469/279 470/471/279 471/472/279 469/470/279
f 470/471/280 472/473/280 473/474/280 471/472/280
f 471/472/281 473/474/281 456/457/281 454/455/281
f 469/470/282 471/472/282 454/455/282 452/453/282
f 472/473/283 474/475/283 475/476/283 473/474/283
f 474/475/284 460/461/284 463/464/284 475/476/284
f 475/476/285 463/464/285 444/445/285 458/459/285
f 473/474/286 475/476/286 458/459/286 456/457/286
f 476/477/287 477/478/287 478/479/287 479/480/287
f 477/478/288 480/481/288 481/482/288 478/479/288
f 478/479/289 481/482/289 464/465/289 461/462/289
f 479/480/287 478/479/287 461/462/287 460/461/287
f 480/481/290 482/483/290 483/484/290 481/482/290
f 482/483/291 484/485/291 485/486/291 483/484/291
f 483/484/292 485/486/292 468/469/292 466/467/292
f 481/482/293 483/484/293 466/467/293 464/465/293
f 484/485/294 486/487/294 487/488/294 485/486/294
f 486/487/295 488/489/295 489/490/295 487/488/295
f 487/488/295 489/490/295 472/473/295 470/471/295
f 485/486/296 487/488/296 470/471/296 468/469/296
f 488/489/297 490/491/297 491/492/297 489/490/297
f 490/491/298 476/477/298 479/480/298 491/492/298
f 491/492/299 479/480/299 460/461/299 474/475/299
f 489/490/300 491/492/300 474/475/300 472/473/300
f 492/493/287 493/494/287 494/495/287 495/496/287
f 493/494/301 496/497/301 497/498/301 494/495/301
f 494/495/302 497/498/302 480/481/302 477/478/302
f 495/496/303 494/495/303 477/478/303 476/477/303
f 496/497/304 498/499/304 499/500/304 497/498/304
f 498/499/305 500/501/305 501/502/305 499/500/305
f 499/500/305 501/502/305 484/485/305 482/483/305
f 497/498/306 499/500/306 482/483/306 480/481/306
f 500/501/307 502/503/307 503/504/307 501/502/307
f 502/503/308 504/505/308 505/506/308 503/504/308
f 503/504/309 505/506/309 488/489/309 486/487/309
f 501/502/310 503/504/310 486/487/310 484/485/310
f 504/505/311 506/507/311 507/508/311 505/506/311
f 506/507/312 492/493/312 495/496/312 507/508/312
f 507/508/313 495/496/313 476/477/313 490/491/313
f 505/506/297 507/508/297 490/491/297 488/489/297
f 508/509/287 509/510/287 510/511/287 511/512/287
f 509/510/314 512/513/314 513/514/314 510/511/314
f 510/511/288 513/514/288 496/497/288 493/494/288
f 511/512/287 510/511/287 493/494/287 492/493/287
f 512/513/315 514/515/315 515/516/315 513/514/315
f 514/515/316 516/517/316 517/518/316 515/516/316
f 515/516/317 517/518/317 500/501/317 498/499/317
f 513/514/290 515/516/290 498/499/290 496/497/290
f 516/517/296 518/519/296 519/520/296 517/518/296
f 518/519/318 520/521/318 521/522/318 519/520/318
f 519/520/319 521/522/319 504/505/319 502/503/319
f 517/518/320 519/520/320 502/503/320 500/501/320
f 520/521/321 522/523/321 523/524/321 521/522/321
f 522/523/299 508/509/299 511/512/299 523/524/299
f 523/524/298 511/512/298 492/493/298 506/507/298
f 521/522/297 523/524/297 506/507/297 504/505/297
f 524/525/303 525/526/303 526/527/303 527/528/303
f 525/526/289 528/529/289 529/530/289 526/527/289
f 526/527/322 529/530/322 512/513/322 509/510/322
f 527/528/287 526/527/287 509/510/287 508/509/287
f 528/529/290 530/531/290 531/532/290 529/530/290
f 530/531/292 532/533/292 533/534/292 531/532/292
f 531/532/323 533/534/323 516/517/323 514/515/323
f 529/530/324 531/532/324 514/515/324 512/513/324
f 532/533/310 534/535/310 535/536/310 533/534/310
f 534/535/325 536/537/325 537/538/325 535/536/325
f 535/536/325 537/538/325 520/521/325 518/519/325
f 533/534/307 535/536/307 518/519/307 516/517/307
f 536/537/300 538/539/300 539/540/300 537/538/300
f 538/539/298 524/525/298 527/528/298 539/540/298
f 539/540/312 527/528/312 508/509/312 522/523/312
f 537/538/326 539/540/326 522/523/326 520/521/326
f 540/541/287 541/542/287 542/543/287 543/544/287
f 541/542/327 544/545/327 545/546/327 542/543/327
f 542/543/288 545/546/288 528/529/288 525/526/288
f 543/544/287 542/543/287 525/526/287 524/525/287
f 544/545/290 546/547/290 547/548/290 545/546/290
f 546/547/317 548/549/317 549/550/317 547/548/317
f 547/548/305 549/550/305 532/533/305 530/531/305
f 545/546/328 547/548/328 530/531/328 528/529/328
f 548/549/296 550/551/296 551/552/296 549/550/296
f 550/551/318 552/553/318 553/554/318 551/552/318
f 551/552/295 553/554/295 536/537/295 534/535/295
f 549/550/307 551/552/307 534/535/307 532/533/307
f 552/553/300 554/555/300 555/556/300 553/554/300
f 554/555/329 540/541/329 543/544/329 555/556/329
f 555/556/298 543/544/298 524/525/298 538/539/298
f 553/554/300 555/556/300 538/539/300 536/537/300
f 556/557/287 557/558/287 558/559/287 559/560/287
f 557/558/288 560/561/288 561/562/288 558/559/288
f 558/559/330 561/562/330 544/545/330 541/542/330
f 559/560/287 558/559/287 541/542/287 540/541/287
f 560/561/331 562/563/331 563/564/331 561/562/331
f 562/563/291 564/565/291 565/566/291 563/564/291
f 563/564/316 565/566/316 548/549/316 546/547/316
f 561/562/331 563/564/331 546/547/331 544/545/331
f 564/565/307 566/567/307 567/568/307 565/566/307
f 566/567/325 568/569/325 569/570/325 567/568/325
f 567/568/332 569/570/332 552/553/332 550/551/332
f 565/566/310 567/568/310 550/551/310 548/549/310
f 568/569/311 570/571/311 571/572/311 569/570/311
f 570/571/329 556/557/329 559/560/329 571/572/329
f 571/572/329 559/560/329 540/541/329 554/555/329
f 569/570/311 571/572/311 554/555/311 552/553/311
f 572/573/287 573/574/287 574/575/287 575/576/287
f 573/574/333 576/577/333 577/578/333 574/575/333
f 574/575/302 577/578/302 560/561/302 557/558/302
f 575/576/287 574/575/287 557/558/287 556/557/287
f 576/577/324 578/579/324 579/580/324 577/578/324
f 578/579/316 580/581/316 581/582/316 579/580/316
f 579/580/323 581/582/323 564/565/323 562/563/323
f 577/578/315 579/580/315 562/563/315 560/561/315
f 580/581/296 582/583/296 583/584/296 581/582/296
f 582/583/319 584/585/319 585/586/319 583/584/319
f 583/584/318 585/586/318 568/569/318 566/567/318
f 581/582/294 583/584/294 566/567/294 564/565/294
f 584/585/311 586/587/311 587/588/311 585/586/311
f 586/587/312 572/573/312 575/576/312 587/588/312
f 587/588/334 575/576/334 556/557/334 570/571/334
f 585/586/335 587/588/335 570/571/335 568/569/335
f 262/263/336 408/409/336 588/589/336 589/590/336
f 408/409/337 144/145/337 590/591/337 588/589/337
f 588/589/338 590/591/338 576/577/338 573/574/338
f 589/590/339 588/589/339 573/574/339 572/573/339
f 144/145/340 141/142/340 591/592/340 590/591/340
f 141/142/341 140/141/341 592/593/341 591/592/341
f 591/592/342 592/593/342 580/581/342 578/579/342
f 590/591/343 591/592/343 578/579/343 576/577/343
f 140/141/344 409/410/344 593/594/344 592/593/344
f 409/410/345 266/267/345 594/595/345 593/594/345
f 593/594/346 594/595/346 584/585/346 582/583/346
f 592/593/347 593/594/347 582/583/347 580/581/347
f 266/267/348 263/264/348 595/596/348 594/595/348
f 263/264/349 262/263/349 589/590/349 595/596/349
f 595/596/350 589/590/350 572/573/350 586/587/350
f 594/595/351 595/596/351 586/587/351 584/585/351
f 596/597/352 597/598/352 598/599/352 599/600/352
f 597/598/353 600/601/353 601/602/353 598/599/353
f 598/599/354 601/602/354 383/384/354 380/381/354
f 599/600/355 598/599/355 380/381/355 379/380/355
f 600/601/356 602/603/356 603/604/356 601/602/356
f 602/603/357 604/605/357 605/606/357 603/604/357
f 603/604/358 605/606/358 385/386/358 384/385/358
f 601/602/359 603/604/359 384/385/359 383/384/359
f 604/605/360 606/607/360 607/608/360 605/606/360
f 606/607/361 608/609/361 609/610/361 607/608/361
f 607/608/362 609/610/362 387/388/362 386/387/362
f 605/606/363 607/608/363 386/387/363 385/386/363
f 608/609/364 610/611/364 611/612/364 609/610/364
f 610/611/365 596/597/365 599/600/365 611/612/365
f 611/612/366 599/600/366 379/380/366 382/383/366
f 609/610/367 611/612/367 382/383/367 387/388/367
f 350/351/368 353/354/368 612/613/368 613/614/368
f 353/354/369 276/277/369 614/615/369 612/613/369
f 612/613/370 614/615/370 600/601/370 597/598/370
f 613/614/371 612/613/371 597/598/371 596/597/371
f 276/277/372 275/276/372 615/616/372 614/615/372
f 275/276/373 274/275/373 616/617/373 615/616/373
f 615/616/374 616/617/374 604/605/374 602/603/374
f 614/615/375 615/616/375 602/603/375 600/601/375
f 274/275/376 345/346/376 617/618/376 616/617/376
f 345/346/377 344/345/377 618/619/377 617/618/377
f 617/618/378 618/619/378 608/609/378 606/607/378
f 616/617/379 617/618/379 606/607/379 604/605/379
f 344/345/380 390/391/380 619/620/380 618/619/380
f 390/391/381 350/351/381 613/614/381 619/620/381
f 619/620/382 613/614/382 596/597/382 610/611/382
f 618/619/383 619/620/383 610/611/383 608/609/383
f 620/621/384 621/622/384 622/623/384 623/624/384
f 621/622/385 624/625/385 625/626/385 622/623/385
f 622/623/386 625/626/386 342/343/386 340/341/386
f 623/624/387 622/623/387 340/341/387 272/273/387
f 624/625/388 626/627/388 627/628/388 625/626/388
f 626/627/389 628/629/389 629/630/389 627/628/389
f 627/628/390 629/630/390 354/355/390 389/390/390
f 625/626/391 627/628/391 389/390/391 342/343/391
f 628/629/392 630/631/392 631/632/392 629/630/392
f 630/631/393 632/633/393 633/634/393 631/632/393
f 631/632/394 633/634/394 268/269/394 355/356/394
f 629/630/395 631/632/395 355/356/395 354/355/395
f 632/633/396 634/635/396 635/636/396 633/634/396
f 634/635/397 620/621/397 623/624/397 635/636/397
f 635/636/398 623/624/398 272/273/398 269/270/398
f 633/634/399 635/636/399 269/270/399 268/269/399
f 636/637/400 637/638/400 638/639/400 639/640/400
f 637/638/401 640/641/401 641/642/401 638/639/401
f 638/639/402 641/642/402 624/625/402 621/622/402
f 639/640/403 638/639/403 621/622/403 620/621/403
f 640/641/404 642/643/404 643/644/404 641/642/404
f 642/643/405 644/645/405 645/646/405 643/644/405
f 643/644/406 645/646/406 628/629/406 626/627/406
f 641/642/407 643/644/407 626/627/407 624/625/407
f 644/645/408 646/647/408 647/648/408 645/646/408
f 646/647/409 648/649/409 649/650/409 647/648/409
f 647/648/410 649/650/410 632/633/410 630/631/410
f 645/646/411 647/648/411 630/631/411 628/629/411
f 648/649/412 650/651/412 651/652/412 649/650/412
f 650/651/413 636/637/413 639/640/413 651/652/413
f 651/652/414 639/640/414 620/621/414 634/635/414
f 649/650/415 651/652/415 634/635/415 632/633/415
f 652/653/416 653/654/416 654/655/416 655/656/416
f 653/654/417 656/657/417 657/658/417 654/655/417
f 654/655/417 657/658/417 640/641/417 637/638/417
f 655/656/416 654/655/416 637/638/416 636/637/416
f 656/657/418 658/659/418 659/660/418 657/658/418
f 658/659/419 660/661/419 661/662/419 659/660/419
f 659/660/419 661/662/419 644/645/419 642/643/419
f 657/658/418 659/660/418 642/643/418 640/641/418
f 660/661/420 662/663/420 663/664/420 661/662/420
f 662/663/421 664/665/421 665/666/421 663/664/421
f 663/664/421 665/666/421 648/649/421 646/647/421
f 661/662/422 663/664/422 646/647/422 644/645/422
f 664/665/423 666/667/423 667/668/423 665/666/423
f 666/667/424 652/653/424 655/656/424 667/668/424
f 667/668/424 655/656/424 636/637/424 650/651/424
f 665/666/425 667/668/425 650/651/425 648/649/425
f 668/669/426 669/670/426 670/671/426 671/672/426
f 669/670/417 672/673/417 673/674/417 670/671/417
f 670/671/427 673/674/427 656/657/427 653/654/427
f 671/672/416 670/671/416 653/654/416 652/653/416
f 672/673/418 674/675/418 675/676/418 673/674/418
f 674/675/428 676/677/428 677/678/428 675/676/428
f 675/676/429 677/678/429 660/661/429 658/659/429
f 673/674/418 675/676/418 658/659/418 656/657/418
f 676/677/430 678/679/430 679/680/430 677/678/430
f 678/679/431 680/681/431 681/682/431 679/680/431
f 679/680/432 681/682/432 664/665/432 662/663/432
f 677/678/422 679/680/422 662/663/422 660/661/422
f 680/681/425 682/683/425 683/684/425 681/682/425
f 682/683/424 668/669/424 671/672/424 683/684/424
f 683/684/424 671/672/424 652/653/424 666/667/424
f 681/682/433 683/684/433 666/667/433 664/665/433
f 334/335/434 331/332/434 684/685/434 685/686/434
f 331/332/435 330/331/435 686/687/435 684/685/435
f 684/685/436 686/687/436 672/673/436 669/670/436
f 685/686/437 684/685/437 669/670/437 668/669/437
f 330/331/438 394/395/438 687/688/438 686/687/438
f 394/395/439 309/310/439 688/689/439 687/688/439
f 687/688/440 688/689/440 676/677/440 674/675/440
f 686/687/441 687/688/441 674/675/441 672/673/441
f 309/310/442 322/323/442 689/690/442 688/689/442
f 322/323/443 321/322/443 690/691/443 689/690/443
f 689/690/444 690/691/444 680/681/444 678/679/444
f 688/689/445 689/690/445 678/679/445 676/677/445
f 321/322/446 392/393/446 691/692/446 690/691/446
f 392/393/447 334/335/447 685/686/447 691/692/447
f 691/692/448 685/686/448 668/669/448 682/683/448
f 690/691/449 691/692/449 682/683/449 680/681/449
f 692/693/450 693/694/450 694/695/450 695/696/450
f 693/694/451 696/697/451 697/698/451 694/695/451
f 694/695/452 697/698/452 268/269/452 355/356/452
f 695/696/453 694/695/453 355/356/453 354/355/453
f 696/697/454 698/699/454 699/700/454 697/698/454
f 698/699/455 700/701/455 701/702/455 699/700/455
f 699/700/456 701/702/456 272/273/456 269/270/456
f 697/698/457 699/700/457 269/270/457 268/269/457
f 700/701/458 702/703/458 703/704/458 701/702/458
f 702/703/459 704/705/459 705/706/459 703/704/459
f 703/704/460 705/706/460 342/343/460 340/341/460
f 701/702/461 703/704/461 340/341/461 272/273/461
f 704/705/462 706/707/462 707/708/462 705/706/462
f 706/707/463 692/693/463 695/696/463 707/708/463
f 707/708/464 695/696/464 354/355/464 389/390/464
f 705/706/465 707/708/465 389/390/465 342/343/465
f 708/709/466 709/710/466 710/711/466 711/712/466
f 709/710/467 712/713/467 713/714/467 710/711/467
f 710/711/468 713/714/468 696/697/468 693/694/468
f 711/712/469 710/711/469 693/694/469 692/693/469
f 712/713/470 714/715/470 715/716/470 713/714/470
f 714/715/471 716/717/471 717/718/471 715/716/471
f 715/716/472 717/718/472 700/701/472 698/699/472
f 713/714/473 715/716/473 698/699/473 696/697/473
f 716/717/474 718/719/474 719/720/474 717/718/474
f 718/719/475 720/721/475 721/722/475 719/720/475
f 719/720/476 721/722/476 704/705/476 702/703/476
f 717/718/477 719/720/477 702/703/477 700/701/477
f 720/721/478 722/723/478 723/724/478 721/722/478
f 722/723/479 708/709/479 711/712/479 723/724/479
f 723/724/480 711/712/480 692/693/480 706/707/480
f 721/722/481 723/724/481 706/707/481 704/705/481
f 724/725/482 725/726/482 726/727/482 727/728/482
f 725/726/483 728/729/483 729/730/483 726/727/483
f 726/727/483 729/730/483 712/713/483 709/710/483
f 727/728/484 726/727/484 709/710/484 708/709/484
f 728/729/485 730/731/485 731/732/485 729/730/485
f 730/731/486 732/733/486 733/734/486 731/732/486
f 731/732/486 733/734/486 716/717/486 714/715/486
f 729/730/487 731/732/487 714/715/487 712/713/487
f 732/733/488 734/735/488 735/736/488 733/734/488
f 734/735/489 736/737/489 737/738/489 735/736/489
f 735/736/490 737/738/490 720/721/490 718/719/490
f 733/734/491 735/736/491 718/719/491 716/717/491
f 736/737/492 738/739/492 739/740/492 737/738/492
f 738/739/493 724/725/493 727/728/493 739/740/493
f 739/740/494 727/728/494 708/709/494 722/723/494
f 737/738/492 739/740/492 722/723/492 720/721/492
f 740/741/495 741/742/495 742/743/495 743/744/495
f 741/742/496 744/745/496 745/746/496 742/743/496
f 742/743/497 745/746/497 728/729/497 725/726/497
f 743/744/498 742/743/498 725/726/498 724/725/498
f 744/745/499 746/747/499 747/748/499 745/746/499
f 746/747/500 748/749/500 749/750/500 747/748/500
f 747/748/501 749/750/501 732/733/501 730/731/501
f 745/746/502 747/748/502 730/731/502 728/729/502
f 748/749/503 750/751/503 751/752/503 749/750/503
f 750/751/504 752/753/504 753/754/504 751/752/504
f 751/752/505 753/754/505 736/737/505 734/735/505
f 749/750/506 751/752/506 734/735/506 732/733/506
f 752/753/507 754/755/507 755/756/507 753/754/507
f 754/755/508 740/741/508 743/744/508 755/756/508
f 755/756/509 743/744/509 724/725/509 738/739/509
f 753/754/510 755/756/510 738/739/510 736/737/510
f 756/757/511 757/758/511 758/759/511 759/760/511
f 757/758/512 760/761/512 761/762/512 758/759/512
f 758/759/513 761/762/513 744/745/513 741/742/513
f 759/760/514 758/759/514 741/742/514 740/741/514
f 760/761/515 762/763/515 763/764/515 761/762/515
f 762/763/516 764/765/516 765/766/516 763/764/516
f 763/764/517 765/766/517 748/749/517 746/747/517
f 761/762/518 763/764/518 746/747/518 744/745/518
f 764/765/519 766/767/519 767/768/519 765/766/519
f 766/767/520 768/769/520 769/770/520 767/768/520
f 767/768/521 769/770/521 752/753/521 750/751/521
f 765/766/522 767/768/522 750/751/522 748/749/522
f 768/769/523 770/771/523 771/772/523 769/770/523
f 770/771/524 756/757/524 759/760/524 771/772/524
f 771/772/525 759/760/525 740/741/525 754/755/525
f 769/770/526 771/772/526 754/755/526 752/753/526
f 772/773/527 773/774/527 774/775/527 775/776/527
f 773/774/528 776/777/528 777/778/528 774/775/528
f 774/775/529 777/778/529 760/761/529 757/758/529
f 775/776/530 774/775/530 757/758/530 756/757/530
f 776/777/531 778/779/531 779/780/531 777/778/531
f 778/779/532 780/781/532 781/782/532 779/780/532
f 779/780/533 781/782/533 764/765/533 762/763/533
f 777/778/534 779/780/534 762/763/534 760/761/534
f 780/781/535 782/783/535 783/784/535 781/782/535
f 782/783/536 784/785/536 785/786/536 783/784/536
f 783/784/537 785/786/537 768/769/537 766/767/537
f 781/782/538 783/784/538 766/767/538 764/765/538
f 784/785/539 786/787/539 787/788/539 785/786/539
f 786/787/540 772/773/540 775/776/540 787/788/540
f 787/788/541 775/776/541 756/757/541 770/771/541
f 785/786/542 787/788/542 770/771/542 768/769/542
f 788/789/543 789/790/543 790/791/543 791/792/543
f 789/790/544 792/793/544 793/794/544 790/791/544
f 790/791/545 793/794/545 776/777/545 773/774/545
f 791/792/546 790/791/546 773/774/546 772/773/546
f 792/793/547 794/795/547 795/796/547 793/794/547
f 794/795/548 796/797/548 797/798/548 795/796/548
f 795/796/549 797/798/549 780/781/549 778/779/549
f 793/794/550 795/796/550 778/779/550 776/777/550
f 796/797/551 798/799/551 799/800/551 797/798/551
f 798/799/552 800/801/552 801/802/552 799/800/552
f 799/800/553 801/802/553 784/785/553 782/783/553
f 797/798/554 799/800/554 782/783/554 780/781/554
f 800/801/555 802/803/555 803/804/555 801/802/555
f 802/803/556 788/789/556 791/792/556 803/804/556
f 803/804/557 791/792/557 772/773/557 786/787/557
f 801/802/558 803/804/558 786/787/558 784/785/558
f 804/805/559 805/806/559 806/807/559 807/808/559
f 805/806/560 808/809/560 809/810/560 806/807/560
f 806/807/561 809/810/561 792/793/561 789/790/561
f 807/808/562 806/807/562 789/790/562 788/789/562
f 808/809/563 810/811/563 811/812/563 809/810/563
f 810/811/564 812/813/564 813/814/564 811/812/564
f 811/812/565 813/814/565 796/797/565 794/795/565
f 809/810/566 811/812/566 794/795/566 792/793/566
f 812/813/567 814/815/567 815/816/567 813/814/567
f 814/815/568 816/817/568 817/818/568 815/816/568
f 815/816/569 817/818/569 800/801/569 798/799/569
f 813/814/570 815/816/570 798/799/570 796/797/570
f 816/817/571 818/819/571 819/820/571 817/818/571
f 818/819/572 804/805/572 807/808/572 819/820/572
f 819/820/573 807/808/573 788/789/573 802/803/573
f 817/818/574 819/820/574 802/803/574 800/801/574
f 820/821/575 821/822/575 822/823/575 823/824/575
f 821/822/576 824/825/576 825/826/576 822/823/576
f 822/823/577 825/826/577 808/809/577 805/806/577
f 823/824/578 822/823/578 805/806/578 804/805/578
f 824/825/579 826/827/579 827/828/579 825/826/579
f 826/827/580 828/829/580 829/830/580 827/828/580
f 827/828/581 829/830/581 812/813/581 810/811/581
f 825/826/582 827/828/582 810/811/582 808/809/582
f 828/829/583 830/831/583 831/832/583 829/830/583
f 830/831/584 832/833/584 833/834/584 831/832/584
f 831/832/585 833/834/585 816/817/585 814/815/585
f 829/830/586 831/832/586 814/815/586 812/813/586
f 832/833/587 834/835/587 835/836/587 833/834/587
f 834/835/588 820/821/588 823/824/588 835/836/588
f 835/836/589 823/824/589 804/805/589 818/819/589
f 833/834/590 835/836/590 818/819/590 816/817/590
f 836/837/591 837/838/591 838/839/591 839/840/591
f 837/838/592 840/841/592 841/842/592 838/839/592
f 838/839/593 841/842/593 824/825/593 821/822/593
f 839/840/594 838/839/594 821/822/594 820/821/594
f 840/841/595 842/843/595 843/844/595 841/842/595
f 842/843/596 844/845/596 845/846/596 843/844/596
f 843/844/597 845/846/597 828/829/597 826/827/597
f 841/842/598 843/844/598 826/827/598 824/825/598
f 844/845/599 846/847/599 847/848/599 845/846/599
f 846/847/600 848/849/600 849/850/600 847/848/600
f 847/848/601 849/850/601 832/833/601 830/831/601
f 845/846/602 847/848/602 830/831/602 828/829/602
f 848/849/603 850/851/603 851/852/603 849/850/603
f 850/851/604 836/837/604 839/840/604 851/852/604
f 851/852/605 839/840/605 820/821/605 834/835/605
f 849/850/606 851/852/606 834/835/606 832/833/606
f 852/853/607 853/854/607 854/855/607 855/856/607
f 853/854/608 856/857/608 857/858/608 854/855/608
f 854/855/609 857/858/609 840/841/609 837/838/609
f 855/856/607 854/855/607 837/838/607 836/837/607
f 856/857/610 858/859/610 859/860/610 857/858/610
f 858/859/611 860/861/611 861/862/611 859/860/611
f 859/860/612 861/862/612 844/845/612 842/843/612
f 857/858/613 859/860/613 842/843/613 840/841/613
f 860/861/614 862/863/614 863/864/614 861/862/614
f 862/863/615 864/865/615 865/866/615 863/864/615
f 863/864/616 865/866/616 848/849/616 846/847/616
f 861/862/617 863/864/617 846/847/617 844/845/617
f 864/865/618 866/867/618 867/868/618 865/866/618
f 866/867/619 852/853/619 855/856/619 867/868/619
f 867/868/620 855/856/620 836/837/620 850/851/620
f 865/866/618 867/868/618 850/851/618 848/849/618
f 302/303/621 349/350/621 868/869/621 869/870/621
f 349/350/622 348/349/622 870/871/622 868/869/622
f 868/869/623 870/871/623 856/857/623 853/854/623
f 869/870/624 868/869/624 853/854/624 852/853/624
f 348/349/625 399/400/625 871/872/625 870/871/625
f 399/400/626 356/357/626 872/873/626 871/872/626
f 871/872/627 872/873/627 860/861/627 858/859/627
f 870/871/628 871/872/628 858/859/628 856/857/628
f 356/357/629 359/360/629 873/874/629 872/873/629
f 359/360/630 362/363/630 874/875/630 873/874/630
f 873/874/631 874/875/631 864/865/631 862/863/631
f 872/873/632 873/874/632 862/863/632 860/861/632
f 362/363/633 396/397/633 875/876/633 874/875/633
f 396/397/634 302/303/634 869/870/634 875/876/634
f 875/876/635 869/870/635 852/853/635 866/867/635
f 874/875/636 875/876/636 866/867/636 864/865/636
f 876/877/637 877/878/637 878/879/637 879/880/637
f 877/878/638 880/881/638 881/882/638 878/879/638
f 878/879/639 881/882/639 316/317/639 315/316/639
f 879/880/640 878/879/640 315/316/640 314/315/640
f 880/881/641 882/883/641 883/884/641 881/882/641
f 882/883/642 884/885/642 885/886/642 883/884/642
f 883/884/643 885/886/643 293/294/643 378/379/643
f 881/882/644 883/884/644 378/379/644 316/317/644
f 884/885/645 886/887/645 887/888/645 885/886/645
f 886/887/646 888/889/646 889/890/646 887/888/646
f 887/888/647 889/890/647 295/296/647 294/295/647
f 885/886/648 887/888/648 294/295/648 293/294/648
f 888/889/649 890/891/649 891/892/649 889/890/649
f 890/891/650 876/877/650 879/880/650 891/892/650
f 891/892/651 879/880/651 314/315/651 313/314/651
f 889/890/652 891/892/652 313/314/652 295/296/652
f 892/893/653 893/894/653 894/895/653 895/896/653
f 893/894/654 896/897/654 897/898/654 894/895/654
f 894/895/655 897/898/655 880/881/655 877/878/655
f 895/896/656 894/895/656 877/878/656 876/877/656
f 896/897/657 898/899/657 899/900/657 897/898/657
f 898/899/658 900/901/658 901/902/658 899/900/658
f 899/900/659 901/902/659 884/885/659 882/883/659
f 897/898/660 899/900/660 882/883/660 880/881/660
f 900/901/661 902/903/661 903/904/661 901/902/661
f 902/903/662 904/905/662 905/906/662 903/904/662
f 903/904/663 905/906/663 888/889/663 886/887/663
f 901/902/664 903/904/664 886/887/664 884/885/664
f 904/905/665 906/907/665 907/908/665 905/906/665
f 906/907/666 892/893/666 895/896/666 907/908/666
f 907/908/667 895/896/667 876/877/667 890/891/667
f 905/906/668 907/908/668 890/891/668 888/889/668
f 908/909/669 909/910/669 910/911/669 911/912/669
f 909/910/670 912/913/670 913/914/670 910/911/670
f 910/911/670 913/914/670 896/897/670 893/894/670
f 911/912/656 910/911/656 893/894/656 892/893/656
f 912/913/671 914/915/671 915/916/671 913/914/671
f 914/915/672 916/917/672 917/918/672 915/916/672
f 915/916/672 917/918/672 900/901/672 898/899/672
f 913/914/673 915/916/673 898/899/673 896/897/673
f 916/917/661 918/919/661 919/920/661 917/918/661
f 918/919/674 920/921/674 921/922/674 919/920/674
f 919/920/663 921/922/663 904/905/663 902/903/663
f 917/918/675 919/920/675 902/903/675 900/901/675
f 920/921/676 922/923/676 923/924/676 921/922/676
f 922/923/677 908/909/677 911/912/677 923/924/677
f 923/924/678 911/912/678 892/893/678 906/907/678
f 921/922/679 923/924/679 906/907/679 904/905/679
f 924/925/680 925/926/680 926/927/680 927/928/680
f 925/926/655 928/929/655 929/930/655 926/927/655
f 926/927/670 929/930/670 912/913/670 909/910/670
f 927/928/681 926/927/681 909/910/681 908/909/681
f 928/929/671 930/931/671 931/932/671 929/930/671
f 930/931/658 932/933/658 933/934/658 931/932/658
f 931/932/672 933/934/672 916/917/672 914/915/672
f 929/930/657 931/932/657 914/915/657 912/913/657
f 932/933/664 934/935/664 935/936/664 933/934/664
f 934/935/663 936/937/663 937/938/663 935/936/663
f 935/936/662 937/938/662 920/921/662 918/919/662
f 933/934/675 935/936/675 918/919/675 916/917/675
f 936/937/679 938/939/679 939/940/679 937/938/679
f 938/939/677 924/925/677 927/928/677 939/940/677
f 939/940/682 927/928/682 908/909/682 922/923/682
f 937/938/683 939/940/683 922/923/683 920/921/683
f 940/941/684 941/942/684 942/943/684 943/944/684
f 941/942/685 944/945/685 945/946/685 942/943/685
f 942/943/654 945/946/654 928/929/654 925/926/654
f 943/944/684 942/943/684 925/926/684 924/925/684
f 944/945/671 946/947/671 947/948/671 945/946/671
f 946/947/659 948/949/659 949/950/659 947/948/659
f 947/948/686 949/950/686 932/933/686 930/931/686
f 945/946/657 947/948/657 930/931/657 928/929/657
f 948/949/687 950/951/687 951/952/687 949/950/687
f 950/951/663 952/953/663 953/954/663 951/952/663
f 951/952/662 953/954/662 936/937/662 934/935/662
f 949/950/664 951/952/664 934/935/664 932/933/664
f 952/953/668 954/955/668 955/956/668 953/954/668
f 954/955/688 940/941/688 943/944/688 955/956/688
f 955/956/689 943/944/689 924/925/689 938/939/689
f 953/954/690 955/956/690 938/939/690 936/937/690
f 956/957/653 957/958/653 958/959/653 959/960/653
f 957/958/691 960/961/691 961/962/691 958/959/691
f 958/959/670 961/962/670 944/945/670 941/942/670
f 959/960/656 958/959/656 941/942/656 940/941/656
f 960/961/692 962/963/692 963/964/692 961/962/692
f 962/963/693 964/965/693 965/966/693 963/964/693
f 963/964/686 965/966/686 948/949/686 946/947/686
f 961/962/657 963/964/657 946/947/657 944/945/657
f 964/965/694 966/967/694 967/968/694 965/966/694
f 966/967/695 968/969/695 969/970/695 967/968/695
f 967/968/663 969/970/663 952/953/663 950/951/663
f 965/966/696 967/968/696 950/951/696 948/949/696
f 968/969/683 970/971/683 971/972/683 969/970/683
f 970/971/667 956/957/667 959/960/667 971/972/667
f 971/972/666 959/960/666 940/941/666 954/955/666
f 969/970/690 971/972/690 954/955/690 952/953/690
f 972/973/681 973/974/681 974/975/681 975/976/681
f 973/974/691 976/977/691 977/978/691 974/975/691
f 974/975/655 977/978/655 960/961/655 957/958/655
f 975/976/680 974/975/680 957/958/680 956/957/680
f 976/977/671 978/979/671 979/980/671 977/978/671
f 978/979/686 980/981/686 981/982/686 979/980/686
f 979/980/697 981/982/697 964/965/697 962/963/697
f 977/978/698 979/980/698 962/963/698 960/961/698
f 980/981/699 982/983/699 983/984/699 981/982/699
f 982/983/700 984/985/700 985/986/700 983/984/700
f 983/984/663 985/986/663 968/969/663 966/967/663
f 981/982/664 983/984/664 966/967/664 964/965/664
f 984/985/679 986/987/679 987/988/679 985/986/679
f 986/987/701 972/973/701 975/976/701 987/988/701
f 987/988/688 975/976/688 956/957/688 970/971/688
f 985/986/702 987/988/702 970/971/702 968/969/702
f 988/989/656 989/990/656 990/991/656 991/992/656
f 989/990/670 992/993/670 993/994/670 990/991/670
f 990/991/691 993/994/691 976/977/691 973/974/691
f 991/992/703 990/991/703 973/974/703 972/973/703
f 992/993/660 994/995/660 995/996/660 993/994/660
f 994/995/672 996/997/672 997/998/672 995/996/672
f 995/996/659 997/998/659 980/981/659 978/979/659
f 993/994/657 995/996/657 978/979/657 976/977/657
f 996/997/664 998/999/664 999/1000/664 997/998/664
f 998/999/704 1000/1001/704 1001/1002/704 999/1000/704
f 999/1000/663 1001/1002/663 984/985/663 982/983/663
f 997/998/705 999/1000/705 982/983/705 980/981/705
f 1000/1001/679 1002/1003/679 1003/1004/679 1001/1002/679
f 1002/1003/706 988/989/706 991/992/706 1003/1004/706
f 1003/1004/707 991/992/707 972/973/707 986/987/707
f 1001/1002/690 1003/1004/690 986/987/690 984/985/690
f 1004/1005/680 1005/1006/680 1006/1007/680 1007/1008/680
f 1005/1006/670 1008/1009/670 1009/1010/670 1006/1007/670
f 1006/1007/708 1009/1010/708 992/993/708 989/990/708
f 1007/1008/656 1006/1007/656 989/990/656 988/989/656
f 1008/1009/709 1010/1011/709 1011/1012/709 1009/1010/709
f 1010/1011/659 1012/1013/659 1013/1014/659 1011/1012/659
f 1011/1012/697 1013/1014/697 996/997/697 994/995/697
f 1009/1010/698 1011/1012/698 994/995/698 992/993/698
f 1012/1013/661 1014/1015/661 1015/1016/661 1013/1014/661
f 1014/1015/700 1016/1017/700 1017/1018/700 1015/1016/700
f 1015/1016/663 1017/1018/663 1000/1001/663 998/999/663
f 1013/1014/664 1015/1016/664 998/999/664 996/997/664
f 1016/1017/665 1018/1019/665 1019/1020/665 1017/1018/665
f 1018/1019/710 1004/1005/710 1007/1008/710 1019/1020/710
f 1019/1020/701 1007/1008/701 988/989/701 1002/1003/701
f 1017/1018/668 1019/1020/668 1002/1003/668 1000/1001/668
f 1020/1021/669 1021/1022/669 1022/1023/669 1023/1024/669
f 1021/1022/655 1024/1025/655 1025/1026/655 1022/1023/655
f 1022/1023/655 1025/1026/655 1008/1009/655 1005/1006/655
f 1023/1024/653 1022/1023/653 1005/1006/653 1004/1005/653
f 1024/1025/660 1026/1027/660 1027/1028/660 1025/1026/660
f 1026/1027/672 1028/1029/672 1029/1030/672 1027/1028/672
f 1027/1028/711 1029/1030/711 1012/1013/711 1010/1011/711
f 1025/1026/671 1027/1028/671 1010/1011/671 1008/1009/671
f 1028/1029/664 1030/1031/664 1031/1032/664 1029/1030/664
f 1030/1031/712 1032/1033/712 1033/1034/712 1031/1032/712
f 1031/1032/662 1033/1034/662 1016/1017/662 1014/1015/662
f 1029/1030/664 1031/1032/664 1014/1015/664 1012/1013/664
f 1032/1033/679 1034/1035/679 1035/1036/679 1033/1034/679
f 1034/1035/713 1020/1021/713 1023/1024/713 1035/1036/713
f 1035/1036/666 1023/1024/666 1004/1005/666 1018/1019/666
f 1033/1034/679 1035/1036/679 1018/1019/679 1016/1017/679
f 1036/1037/714 1037/1038/714 1038/1039/714 1039/1040/714
f 1037/1038/670 1040/1041/670 1041/1042/670 1038/1039/670
f 1038/1039/715 1041/1042/715 1024/1025/715 1021/1022/715
f 1039/1040/680 1038/1039/680 1021/1022/680 1020/1021/680
f 1040/1041/673 1042/1043/673 1043/1044/673 1041/1042/673
f 1042/1043/716 1044/1045/716 1045/1046/716 1043/1044/716
f 1043/1044/658 1045/1046/658 1028/1029/658 1026/1027/658
f 1041/1042/671 1043/1044/671 1026/1027/671 1024/1025/671
f 1044/1045/664 1046/1047/664 1047/1048/664 1045/1046/664
f 1046/1047/695 1048/1049/695 1049/1050/695 1047/1048/695
f 1047/1048/663 1049/1050/663 1032/1033/663 1030/1031/663
f 1045/1046/664 1047/1048/664 1030/1031/664 1028/1029/664
f 1048/1049/668 1050/1051/668 1051/1052/668 1049/1050/668
f 1050/1051/666 1036/1037/666 1039/1040/666 1051/1052/666
f 1051/1052/682 1039/1040/682 1020/1021/682 1034/1035/682
f 1049/1050/683 1051/1052/683 1034/1035/683 1032/1033/683
f 1052/1053/680 1053/1054/680 1054/1055/680 1055/1056/680
f 1053/1054/717 1056/1057/717 1057/1058/717 1054/1055/717
f 1054/1055/718 1057/1058/718 1040/1041/718 1037/1038/718
f 1055/1056/719 1054/1055/719 1037/1038/719 1036/1037/719
f 1056/1057/657 1058/1059/657 1059/1060/657 1057/1058/657
f 1058/1059/720 1060/1061/720 1061/1062/720 1059/1060/720
f 1059/1060/693 1061/1062/693 1044/1045/693 1042/1043/693
f 1057/1058/721 1059/1060/721 1042/1043/721 1040/1041/721
f 1060/1061/696 1062/1063/696 1063/1064/696 1061/1062/696
f 1062/1063/662 1064/1065/662 1065/1066/662 1063/1064/662
f 1063/1064/662 1065/1066/662 1048/1049/662 1046/1047/662
f 1061/1062/722 1063/1064/722 1046/1047/722 1044/1045/722
f 1064/1065/665 1066/1067/665 1067/1068/665 1065/1066/665
f 1066/1067/723 1052/1053/723 1055/1056/723 1067/1068/723
f 1067/1068/713 1055/1056/713 1036/1037/713 1050/1051/713
f 1065/1066/702 1067/1068/702 1050/1051/702 1048/1049/702
f 215/216/724 214/215/724 1068/1069/724 1069/1070/724
f 214/215/725 213/214/725 1070/1071/725 1068/1069/725
f 1068/1069/726 1070/1071/726 1056/1057/726 1053/1054/726
f 1069/1070/727 1068/1069/727 1053/1054/727 1052/1053/727
f 213/214/728 212/213/728 1071/1072/728 1070/1071/728
f 212/213/729 211/212/729 1072/1073/729 1071/1072/729
f 1071/1072/730 1072/1073/730 1060/1061/730 1058/1059/730
f 1070/1071/731 1071/1072/731 1058/1059/731 1056/1057/731
f 211/212/732 208/209/732 1073/1074/732 1072/1073/732
f 208/209/733 207/208/733 1074/1075/733 1073/1074/733
f 1073/1074/734 1074/1075/734 1064/1065/734 1062/1063/734
f 1072/1073/735 1073/1074/735 1062/1063/735 1060/1061/735
f 207/208/736 210/211/736 1075/1076/736 1074/1075/736
f 210/211/737 215/216/737 1069/1070/737 1075/1076/737
f 1075/1076/738 1069/1070/738 1052/1053/738 1066/1067/738
f 1074/1075/739 1075/1076/739 1066/1067/739 1064/1065/739
f 1076/1077/740 1077/1078/740 1078/1079/740 1079/1080/740
f 1077/1078/741 1080/1081/741 1081/1082/741 1078/1079/741
f 1078/1079/742 1081/1082/742 287/288/742 286/287/742
f 1079/1080/743 1078/1079/743 286/287/743 285/286/743
f 1080/1081/744 1082/1083/744 1083/1084/744 1081/1082/744
f 1082/1083/745 1084/1085/745 1085/1086/745 1083/1084/745
f 1083/1084/746 1085/1086/746 374/375/746 373/374/746
f 1081/1082/747 1083/1084/747 373/374/747 287/288/747
f 1086/1087/748 1087/1088/748 1088/1089/748 1089/1090/748
f 1087/1088/749 1090/1091/749 1091/1092/749 1088/1089/749
f 1088/1089/750 1091/1092/750 1092/1093/750 1093/1094/750
f 1089/1090/751 1088/1089/751 1093/1094/751 1084/1085/751
f 1090/1091/752 1094/1095/752 1095/1096/752 1091/1092/752
f 1094/1095/753 1096/1097/753 1097/1098/753 1095/1096/753
f 1095/1096/754 1097/1098/754 1076/1077/754 1098/1099/754
f 1091/1092/755 1095/1096/755 1098/1099/755 1092/1093/755
f 1096/1097/756 1099/1100/756 1100/1101/756 1097/1098/756
f 1099/1100/757 1101/1102/757 1102/1103/757 1100/1101/757
f 1100/1101/758 1102/1103/758 1080/1081/758 1077/1078/758
f 1097/1098/759 1100/1101/759 1077/1078/759 1076/1077/759
f 1101/1102/760 1103/1104/760 1104/1105/760 1102/1103/760
f 1103/1104/761 1086/1087/761 1089/1090/761 1104/1105/761
f 1104/1105/762 1089/1090/762 1084/1085/762 1082/1083/762
f 1102/1103/763 1104/1105/763 1082/1083/763 1080/1081/763
f 1105/1106/764 1106/1107/764 1107/1108/764 1108/1109/764
f 1106/1107/765 1109/1110/765 1110/1111/765 1107/1108/765
f 1107/1108/766 1110/1111/766 1090/1091/766 1087/1088/766
f 1108/1109/767 1107/1108/767 1087/1088/767 1086/1087/767
f 1109/1110/768 1111/1112/768 1112/1113/768 1110/1111/768
f 1111/1112/769 1113/1114/769 1114/1115/769 1112/1113/769
f 1112/1113/770 1114/1115/770 1096/1097/770 1094/1095/770
f 1110/1111/771 1112/1113/771 1094/1095/771 1090/1091/771
f 1113/1114/772 1115/1116/772 1116/1117/772 1114/1115/772
f 1115/1116/773 1117/1118/773 1118/1119/773 1116/1117/773
f 1116/1117/774 1118/1119/774 1101/1102/774 1099/1100/774
f 1114/1115/775 1116/1117/775 1099/1100/775 1096/1097/775
f 1117/1118/776 1119/1120/776 1120/1121/776 1118/1119/776
f 1119/1120/777 1105/1106/777 1108/1109/777 1120/1121/777
f 1120/1121/778 1108/1109/778 1086/1087/778 1103/1104/778
f 1118/1119/779 1120/1121/779 1103/1104/779 1101/1102/779
f 1121/1122/780 1122/1123/780 1123/1124/780 1124/1125/780
f 1122/1123/781 1125/1126/781 1126/1127/781 1123/1124/781
f 1123/1124/765 1126/1127/765 1109/1110/765 1106/1107/765
f 1124/1125/782 1123/1124/782 1106/1107/782 1105/1106/782
f 1125/1126/768 1127/1128/768 1128/1129/768 1126/1127/768
f 1127/1128/769 1129/1130/769 1130/1131/769 1128/1129/769
f 1128/1129/769 1130/1131/769 1113/1114/769 1111/1112/769
f 1126/1127/771 1128/1129/771 1111/1112/771 1109/1110/771
f 1129/1130/783 1131/1132/783 1132/1133/783 1130/1131/783
f 1131/1132/774 1133/1134/774 1134/1135/774 1132/1133/774
f 1132/1133/784 1134/1135/784 1117/1118/784 1115/1116/784
f 1130/1131/783 1132/1133/783 1115/1116/783 1113/1114/783
f 1133/1134/785 1135/1136/785 1136/1137/785 1134/1135/785
f 1135/1136/777 1121/1122/777 1124/1125/777 1136/1137/777
f 1136/1137/777 1124/1125/777 1105/1106/777 1119/1120/777
f 1134/1135/786 1136/1137/786 1119/1120/786 1117/1118/786
f 1137/1138/782 1138/1139/782 1139/1140/782 1140/1141/782
f 1138/1139/765 1141/1142/765 1142/1143/765 1139/1140/765
f 1139/1140/781 1142/1143/781 1125/1126/781 1122/1123/781
f 1140/1141/780 1139/1140/780 1122/1123/780 1121/1122/780
f 1141/1142/771 1143/1144/771 1144/1145/771 1142/1143/771
f 1143/1144/787 1145/1146/787 1146/1147/787 1144/1145/787
f 1144/1145/788 1146/1147/788 1129/1130/788 1127/1128/788
f 1142/1143/771 1144/1145/771 1127/1128/771 1125/1126/771
f 1145/1146/775 1147/1148/775 1148/1149/775 1146/1147/775
f 1147/1148/784 1149/1150/784 1150/1151/784 1148/1149/784
f 1148/1149/789 1150/1151/789 1133/1134/789 1131/1132/789
f 1146/1147/790 1148/1149/790 1131/1132/790 1129/1130/790
f 1149/1150/776 1151/1152/776 1152/1153/776 1150/1151/776
f 1151/1152/777 1137/1138/777 1140/1141/777 1152/1153/777
f 1152/1153/777 1140/1141/777 1121/1122/777 1135/1136/777
f 1150/1151/776 1152/1153/776 1135/1136/776 1133/1134/776
f 1153/1154/780 1154/1155/780 1155/1156/780 1156/1157/780
f 1154/1155/765 1157/1158/765 1158/1159/765 1155/1156/765
f 1155/1156/765 1158/1159/765 1141/1142/765 1138/1139/765
f 1156/1157/782 1155/1156/782 1138/1139/782 1137/1138/782
f 1157/1158/771 1159/1160/771 1160/1161/771 1158/1159/771
f 1159/1160/769 1161/1162/769 1162/1163/769 1160/1161/769
f 1160/1161/769 1162/1163/769 1145/1146/769 1143/1144/769
f 1158/1159/768 1160/1161/768 1143/1144/768 1141/1142/768
f 1161/1162/783 1163/1164/783 1164/1165/783 1162/1163/783
f 1163/1164/791 1165/1166/791 1166/1167/791 1164/1165/791
f 1164/1165/792 1166/1167/792 1149/1150/792 1147/1148/792
f 1162/1163/793 1164/1165/793 1147/1148/793 1145/1146/793
f 1165/1166/785 1167/1168/785 1168/1169/785 1166/1167/785
f 1167/1168/778 1153/1154/778 1156/1157/778 1168/1169/778
f 1168/1169/777 1156/1157/777 1137/1138/777 1151/1152/777
f 1166/1167/776 1168/1169/776 1151/1152/776 1149/1150/776
f 1169/1170/794 1170/1171/794 1171/1172/794 1172/1173/794
f 1170/1171/795 1173/1174/795 1174/1175/795 1171/1172/795
f 1171/1172/796 1174/1175/796 1157/1158/796 1154/1155/796
f 1172/1173/780 1171/1172/780 1154/1155/780 1153/1154/780
f 1173/1174/771 1175/1176/771 1176/1177/771 1174/1175/771
f 1175/1176/769 1177/1178/769 1178/1179/769 1176/1177/769
f 1176/1177/769 1178/1179/769 1161/1162/769 1159/1160/769
f 1174/1175/797 1176/1177/797 1159/1160/797 1157/1158/797
f 1177/1178/783 1179/1180/783 1180/1181/783 1178/1179/783
f 1179/1180/774 1181/1182/774 1182/1183/774 1180/1181/774
f 1180/1181/773 1182/1183/773 1165/1166/773 1163/1164/773
f 1178/1179/793 1180/1181/793 1163/1164/793 1161/1162/793
f 1181/1182/785 1183/1184/785 1184/1185/785 1182/1183/785
f 1183/1184/778 1169/1170/778 1172/1173/778 1184/1185/778
f 1184/1185/778 1172/1173/778 1153/1154/778 1167/1168/778
f 1182/1183/785 1184/1185/785 1167/1168/785 1165/1166/785
f 1185/1186/798 1186/1187/798 1187/1188/798 1188/1189/798
f 1186/1187/799 1189/1190/799 1190/1191/799 1187/1188/799
f 1187/1188/800 1190/1191/800 1173/1174/800 1170/1171/800
f 1188/1189/801 1187/1188/801 1170/1171/801 1169/1170/801
f 1189/1190/802 1191/1192/802 1192/1193/802 1190/1191/802
f 1191/1192/803 1193/1194/803 1194/1195/803 1192/1193/803
f 1192/1193/804 1194/1195/804 1177/1178/804 1175/1176/804
f 1190/1191/805 1192/1193/805 1175/1176/805 1173/1174/805
f 1193/1194/806 1195/1196/806 1196/1197/806 1194/1195/806
f 1195/1196/807 1197/1198/807 1198/1199/807 1196/1197/807
f 1196/1197/808 1198/1199/808 1181/1182/808 1179/1180/808
f 1194/1195/809 1196/1197/809 1179/1180/809 1177/1178/809
f 1197/1198/810 1199/1200/810 1200/1201/810 1198/1199/810
f 1199/1200/811 1185/1186/811 1188/1189/811 1200/1201/811
f 1200/1201/812 1188/1189/812 1169/1170/812 1183/1184/812
f 1198/1199/813 1200/1201/813 1183/1184/813 1181/1182/813
f 1201/1202/814 1202/1203/814 1203/1204/814 1204/1205/814
f 1202/1203/815 1205/1206/815 1206/1207/815 1203/1204/815
f 1203/1204/816 1206/1207/816 405/406/816 411/412/816
f 1204/1205/817 1203/1204/817 411/412/817 146/147/817
f 1205/1206/818 1207/1208/818 1208/1209/818 1206/1207/818
f 1207/1208/819 1209/1210/819 1210/1211/819 1208/1209/819
f 1208/1209/820 1210/1211/820 199/200/820 406/407/820
f 1206/1207/821 1208/1209/821 406/407/821 405/406/821
f 1209/1210/822 1211/1212/822 1212/1213/822 1210/1211/822
f 1211/1212/823 1213/1214/823 1214/1215/823 1212/1213/823
f 1212/1213/824 1214/1215/824 219/220/824 218/219/824
f 1210/1211/825 1212/1213/825 218/219/825 199/200/825
f 1213/1214/826 1215/1216/826 1216/1217/826 1214/1215/826
f 1215/1216/827 1201/1202/827 1204/1205/827 1216/1217/827
f 1216/1217/828 1204/1205/828 146/147/828 402/403/828
f 1214/1215/829 1216/1217/829 402/403/829 219/220/829
f 1217/1218/830 1218/1219/830 1219/1220/830 1220/1221/830
f 1218/1219/831 1221/1222/831 1222/1223/831 1219/1220/831
f 1219/1220/832 1222/1223/832 1205/1206/832 1202/1203/832
f 1220/1221/833 1219/1220/833 1202/1203/833 1201/1202/833
f 1221/1222/834 1223/1224/834 1224/1225/834 1222/1223/834
f 1223/1224/835 1225/1226/835 1226/1227/835 1224/1225/835
f 1224/1225/836 1226/1227/836 1209/1210/836 1207/1208/836
f 1222/1223/837 1224/1225/837 1207/1208/837 1205/1206/837
f 1225/1226/838 1227/1228/838 1228/1229/838 1226/1227/838
f 1227/1228/839 1229/1230/839 1230/1231/839 1228/1229/839
f 1228/1229/840 1230/1231/840 1213/1214/840 1211/1212/840
f 1226/1227/841 1228/1229/841 1211/1212/841 1209/1210/841
f 1229/1230/842 1231/1232/842 1232/1233/842 1230/1231/842
f 1231/1232/843 1217/1218/843 1220/1221/843 1232/1233/843
f 1232/1233/844 1220/1221/844 1201/1202/844 1215/1216/844
f 1230/1231/845 1232/1233/845 1215/1216/845 1213/1214/845
f 1233/1234/846 1234/1235/846 1235/1236/846 1236/1237/846
f 1234/1235/847 1237/1238/847 1238/1239/847 1235/1236/847
f 1235/1236/848 1238/1239/848 1221/1222/848 1218/1219/848
f 1236/1237/849 1235/1236/849 1218/1219/849 1217/1218/849
f 1237/1238/850 1239/1240/850 1240/1241/850 1238/1239/850
f 1239/1240/851 1241/1242/851 1242/1243/851 1240/1241/851
f 1240/1241/852 1242/1243/852 1225/1226/852 1223/1224/852
f 1238/1239/853 1240/1241/853 1223/1224/853 1221/1222/853
f 1241/1242/854 1243/1244/854 1244/1245/854 1242/1243/854
f 1243/1244/855 1245/1246/855 1246/1247/855 1244/1245/855
f 1244/1245/856 1246/1247/856 1229/1230/856 1227/1228/856
f 1242/1243/857 1244/1245/857 1227/1228/857 1225/1226/857
f 1245/1246/858 1247/1248/858 1248/1249/858 1246/1247/858
f 1247/1248/859 1233/1234/859 1236/1237/859 1248/1249/859
f 1248/1249/860 1236/1237/860 1217/1218/860 1231/1232/860
f 1246/1247/861 1248/1249/861 1231/1232/861 1229/1230/861
f 1249/1250/862 1250/1251/862 1251/1252/862 1252/1253/862
f 1250/1251/863 1253/1254/863 1254/1255/863 1251/1252/863
f 1251/1252/864 1254/1255/864 1237/1238/864 1234/1235/864
f 1252/1253/865 1251/1252/865 1234/1235/865 1233/1234/865
f 1253/1254/866 1255/1256/866 1256/1257/866 1254/1255/866
f 1255/1256/867 1257/1258/867 1258/1259/867 1256/1257/867
f 1256/1257/868 1258/1259/868 1241/1242/868 1239/1240/868
f 1254/1255/869 1256/1257/869 1239/1240/869 1237/1238/869
f 1257/1258/870 1259/1260/870 1260/1261/870 1258/1259/870
f 1259/1260/871 1261/1262/871 1262/1263/871 1260/1261/871
f 1260/1261/872 1262/1263/872 1245/1246/872 1243/1244/872
f 1258/1259/873 1260/1261/873 1243/1244/873 1241/1242/873
f 1261/1262/874 1263/1264/874 1264/1265/874 1262/1263/874
f 1263/1264/875 1249/1250/875 1252/1253/875 1264/1265/875
f 1264/1265/876 1252/1253/876 1233/1234/876 1247/1248/876
f 1262/1263/877 1264/1265/877 1247/1248/877 1245/1246/877
f 1265/1266/878 1266/1267/878 1267/1268/878 1268/1269/878
f 1266/1267/879 1269/1270/879 1270/1271/879 1267/1268/879
f 1267/1268/880 1270/1271/880 1253/1254/880 1250/1251/880
f 1268/1269/881 1267/1268/881 1250/1251/881 1249/1250/881
f 1269/1270/882 1271/1272/882 1272/1273/882 1270/1271/882
f 1271/1272/883 1273/1274/883 1274/1275/883 1272/1273/883
f 1272/1273/884 1274/1275/884 1257/1258/884 1255/1256/884
f 1270/1271/885 1272/1273/885 1255/1256/885 1253/1254/885
f 1273/1274/886 1275/1276/886 1276/1277/886 1274/1275/886
f 1275/1276/887 1277/1278/887 1278/1279/887 1276/1277/887
f 1276/1277/888 1278/1279/888 1261/1262/888 1259/1260/888
f 1274/1275/889 1276/1277/889 1259/1260/889 1257/1258/889
f 1277/1278/890 1279/1280/890 1280/1281/890 1278/1279/890
f 1279/1280/891 1265/1266/891 1268/1269/891 1280/1281/891
f 1280/1281/892 1268/1269/892 1249/1250/892 1263/1264/892
f 1278/1279/893 1280/1281/893 1263/1264/893 1261/1262/893
f 1281/1282/894 1282/1283/894 1283/1284/894 1284/1285/894
f 1282/1283/895 1285/1286/895 1286/1287/895 1283/1284/895
f 1283/1284/896 1286/1287/896 1269/1270/896 1266/1267/896
f 1284/1285/897 1283/1284/897 1266/1267/897 1265/1266/897
f 1285/1286/898 1287/1288/898 1288/1289/898 1286/1287/898
f 1287/1288/899 1289/1290/899 1290/1291/899 1288/1289/899
f 1288/1289/900 1290/1291/900 1273/1274/900 1271/1272/900
f 1286/1287/901 1288/1289/901 1271/1272/901 1269/1270/901
f 1289/1290/902 1291/1292/902 1292/1293/902 1290/1291/902
f 1291/1292/903 1293/1294/903 1294/1295/903 1292/1293/903
f 1292/1293/904 1294/1295/904 1277/1278/904 1275/1276/904
f 1290/1291/905 1292/1293/905 1275/1276/905 1273/1274/905
f 1293/1294/906 1295/1296/906 1296/1297/906 1294/1295/906
f 1295/1296/907 1281/1282/907 1284/1285/907 1296/1297/907
f 1296/1297/908 1284/1285/908 1265/1266/908 1279/1280/908
f 1294/1295/909 1296/1297/909 1279/1280/909 1277/1278/909
f 1297/1298/910 1298/1299/910 1299/1300/910 1300/1301/910
f 1298/1299/896 1301/1302/896 1302/1303/896 1299/1300/896
f 1299/1300/911 1302/1303/911 1285/1286/911 1282/1283/911
f 1300/1301/912 1299/1300/912 1282/1283/912 1281/1282/912
f 1301/1302/913 1303/1304/913 1304/1305/913 1302/1303/913
f 1303/1304/914 1305/1306/914 1306/1307/914 1304/1305/914
f 1304/1305/915 1306/1307/915 1289/1290/915 1287/1288/915
f 1302/1303/916 1304/1305/916 1287/1288/916 1285/1286/916
f 1305/1306/917 1307/1308/917 1308/1309/917 1306/1307/917
f 1307/1308/918 1309/1310/918 1310/1311/918 1308/1309/918
f 1308/1309/919 1310/1311/919 1293/1294/919 1291/1292/919
f 1306/1307/917 1308/1309/917 1291/1292/917 1289/1290/917
f 1309/1310/920 1311/1312/920 1312/1313/920 1310/1311/920
f 1311/1312/921 1297/1298/921 1300/1301/921 1312/1313/921
f 1312/1313/922 1300/1301/922 1281/1282/922 1295/1296/922
f 1310/1311/923 1312/1313/923 1295/1296/923 1293/1294/923
f 1313/1314/924 1314/1315/924 1315/1316/924 1316/1317/924
f 1314/1315/925 1317/1318/925 1318/1319/925 1315/1316/925
f 1315/1316/896 1318/1319/896 1301/1302/896 1298/1299/896
f 1316/1317/926 1315/1316/926 1298/1299/926 1297/1298/926
f 1317/1318/927 1319/1320/927 1320/1321/927 1318/1319/927
f 1319/1320/928 1321/1322/928 1322/1323/928 1320/1321/928
f 1320/1321/928 1322/1323/928 1305/1306/928 1303/1304/928
f 1318/1319/927 1320/1321/927 1303/1304/927 1301/1302/927
f 1321/1322/929 1323/1324/929 1324/1325/929 1322/1323/929
f 1323/1324/930 1325/1326/930 1326/1327/930 1324/1325/930
f 1324/1325/918 1326/1327/918 1309/1310/918 1307/1308/918
f 1322/1323/931 1324/1325/931 1307/1308/931 1305/1306/931
f 1325/1326/932 1327/1328/932 1328/1329/932 1326/1327/932
f 1327/1328/933 1313/1314/933 1316/1317/933 1328/1329/933
f 1328/1329/934 1316/1317/934 1297/1298/934 1311/1312/934
f 1326/1327/935 1328/1329/935 1311/1312/935 1309/1310/935
f 1329/1330/936 1330/1331/936 1331/1332/936 1332/1333/936
f 1330/1331/937 1333/1334/937 1334/1335/937 1331/1332/937
f 1331/1332/938 1334/1335/938 1317/1318/938 1314/1315/938
f 1332/1333/897 1331/1332/897 1314/1315/897 1313/1314/897
f 1333/1334/939 1335/1336/939 1336/1337/939 1334/1335/939
f 1335/1336/940 1337/1338/940 1338/1339/940 1336/1337/940
f 1336/1337/914 1338/1339/914 1321/1322/914 1319/1320/914
f 1334/1335/941 1336/1337/941 1319/1320/941 1317/1318/941
f 1337/1338/942 1339/1340/942 1340/1341/942 1338/1339/942
f 1339/1340/943 1341/1342/943 1342/1343/943 1340/1341/943
f 1340/1341/944 1342/1343/944 1325/1326/944 1323/1324/944
f 1338/1339/917 1340/1341/917 1323/1324/917 1321/1322/917
f 1341/1342/945 1343/1344/945 1344/1345/945 1342/1343/945
f 1343/1344/946 1329/1330/946 1332/1333/946 1344/1345/946
f 1344/1345/947 1332/1333/947 1313/1314/947 1327/1328/947
f 1342/1343/932 1344/1345/932 1327/1328/932 1325/1326/932
f 1345/1346/948 1346/1347/948 1347/1348/948 1348/1349/948
f 1346/1347/949 1349/1350/949 1350/1351/949 1347/1348/949
f 1347/1348/950 1350/1351/950 1333/1334/950 1330/1331/950
f 1348/1349/951 1347/1348/951 1330/1331/951 1329/1330/951
f 1349/1350/952 1351/1352/952 1352/1353/952 1350/1351/952
f 1351/1352/953 1353/1354/953 1354/1355/953 1352/1353/953
f 1352/1353/954 1354/1355/954 1337/1338/954 1335/1336/954
f 1350/1351/955 1352/1353/955 1335/1336/955 1333/1334/955
f 1353/1354/956 1355/1356/956 1356/1357/956 1354/1355/956
f 1355/1356/957 1357/1358/957 1358/1359/957 1356/1357/957
f 1356/1357/958 1358/1359/958 1341/1342/958 1339/1340/958
f 1354/1355/959 1356/1357/959 1339/1340/959 1337/1338/959
f 1357/1358/960 1359/1360/960 1360/1361/960 1358/1359/960
f 1359/1360/961 1345/1346/961 1348/1349/961 1360/1361/961
f 1360/1361/962 1348/1349/962 1329/1330/962 1343/1344/962
f 1358/1359/963 1360/1361/963 1343/1344/963 1341/1342/963
f 1361/1362/964 1362/1363/964 1363/1364/964 1364/1365/964
f 1362/1363/965 1365/1366/965 1366/1367/965 1363/1364/965
f 1363/1364/966 1366/1367/966 1349/1350/966 1346/1347/966
f 1364/1365/967 1363/1364/967 1346/1347/967 1345/1346/967
f 1365/1366/968 1367/1368/968 1368/1369/968 1366/1367/968
f 1367/1368/969 1369/1370/969 1370/1371/969 1368/1369/969
f 1368/1369/970 1370/1371/970 1353/1354/970 1351/1352/970
f 1366/1367/971 1368/1369/971 1351/1352/971 1349/1350/971
f 1369/1370/972 1371/1372/972 1372/1373/972 1370/1371/972
f 1371/1372/973 1373/1374/973 1374/1375/973 1372/1373/973
f 1372/1373/974 1374/1375/974 1357/1358/974 1355/1356/974
f 1370/1371/975 1372/1373/975 1355/1356/975 1353/1354/975
f 1373/1374/976 1375/1376/976 1376/1377/976 1374/1375/976
f 1375/1376/977 1361/1362/977 1364/1365/977 1376/1377/977
f 1376/1377/978 1364/1365/978 1345/1346/978 1359/1360/978
f 1374/1375/979 1376/1377/979 1359/1360/979 1357/1358/979
f 1377/1378/980 1378/1379/980 1379/1380/980 1380/1381/980
f 1378/1379/981 1381/1382/981 1382/1383/981 1379/1380/981
f 1379/1380/982 1382/1383/982 1365/1366/982 1362/1363/982
f 1380/1381/983 1379/1380/983 1362/1363/983 1361/1362/983
f 1381/1382/984 1383/1384/984 1384/1385/984 1382/1383/984
f 1383/1384/985 1385/1386/985 1386/1387/985 1384/1385/985
f 1384/1385/986 1386/1387/986 1369/1370/986 1367/1368/986
f 1382/1383/987 1384/1385/987 1367/1368/987 1365/1366/987
f 1385/1386/988 1387/1388/988 1388/1389/988 1386/1387/988
f 1387/1388/989 1389/1390/989 1390/1391/989 1388/1389/989
f 1388/1389/990 1390/1391/990 1373/1374/990 1371/1372/990
f 1386/1387/991 1388/1389/991 1371/1372/991 1369/1370/991
f 1389/1390/992 1391/1392/992 1392/1393/992 1390/1391/992
f 1391/1392/993 1377/1378/993 1380/1381/993 1392/1393/993
f 1392/1393/994 1380/1381/994 1361/1362/994 1375/1376/994
f 1390/1391/995 1392/1393/995 1375/1376/995 1373/1374/995
f 1393/1394/996 1394/1395/996 1395/1396/996 1396/1397/996
f 1394/1395/997 1397/1398/997 1398/1399/997 1395/1396/997
f 1395/1396/997 1398/1399/997 1381/1382/997 1378/1379/997
f 1396/1397/998 1395/1396/998 1378/1379/998 1377/1378/998
f 1397/1398/999 1399/1400/999 1400/1401/999 1398/1399/999
f 1399/1400/1000 1401/1402/1000 1402/1403/1000 1400/1401/1000
f 1400/1401/1001 1402/1403/1001 1385/1386/1001 1383/1384/1001
f 1398/1399/1002 1400/1401/1002 1383/1384/1002 1381/1382/1002
f 1401/1402/1003 1403/1404/1003 1404/1405/1003 1402/1403/1003
f 1403/1404/1004 1405/1406/1004 1406/1407/1004 1404/1405/1004
f 1404/1405/1005 1406/1407/1005 1389/1390/1005 1387/1388/1005
f 1402/1403/1003 1404/1405/1003 1387/1388/1003 1385/1386/1003
f 1405/1406/992 1407/1408/992 1408/1409/992 1406/1407/992
f 1407/1408/1006 1393/1394/1006 1396/1397/1006 1408/1409/1006
f 1408/1409/1007 1396/1397/1007 1377/1378/1007 1391/1392/1007
f 1406/1407/1008 1408/1409/1008 1391/1392/1008 1389/1390/1008
f 1409/1410/1009 1410/1411/1009 1411/1412/1009 1412/1413/1009
f 1410/1411/1010 1413/1414/1010 1414/1415/1010 1411/1412/1010
f 1411/1412/997 1414/1415/997 1397/1398/997 1394/1395/997
f 1412/1413/1011 1411/1412/1011 1394/1395/1011 1393/1394/1011
f 1413/1414/987 1415/1416/987 1416/1417/987 1414/1415/987
f 1415/1416/1001 1417/1418/1001 1418/1419/1001 1416/1417/1001
f 1416/1417/1012 1418/1419/1012 1401/1402/1012 1399/1400/1012
f 1414/1415/1013 1416/1417/1013 1399/1400/1013 1397/1398/1013
f 1417/1418/1014 1419/1420/1014 1420/1421/1014 1418/1419/1014
f 1419/1420/1015 1421/1422/1015 1422/1423/1015 1420/1421/1015
f 1420/1421/1016 1422/1423/1016 1405/1406/1016 1403/1404/1016
f 1418/1419/1017 1420/1421/1017 1403/1404/1017 1401/1402/1017
f 1421/1422/1018 1423/1424/1018 1424/1425/1018 1422/1423/1018
f 1423/1424/1019 1409/1410/1019 1412/1413/1019 1424/1425/1019
f 1424/1425/1020 1412/1413/1020 1393/1394/1020 1407/1408/1020
f 1422/1423/1021 1424/1425/1021 1407/1408/1021 1405/1406/1021
f 1425/1426/996 1426/1427/996 1427/1428/996 1428/1429/996
f 1426/1427/1022 1429/1430/1022 1430/1431/1022 1427/1428/1022
f 1427/1428/1010 1430/1431/1010 1413/1414/1010 1410/1411/1010
f 1428/1429/1023 1427/1428/1023 1410/1411/1023 1409/1410/1023
f 1429/1430/1024 1431/1432/1024 1432/1433/1024 1430/1431/1024
f 1431/1432/1025 1433/1434/1025 1434/1435/1025 1432/1433/1025
f 1432/1433/1026 1434/1435/1026 1417/1418/1026 1415/1416/1026
f 1430/1431/1027 1432/1433/1027 1415/1416/1027 1413/1414/1027
f 1433/1434/1017 1435/1436/1017 1436/1437/1017 1434/1435/1017
f 1435/1436/1028 1437/1438/1028 1438/1439/1028 1436/1437/1028
f 1436/1437/1029 1438/1439/1029 1421/1422/1029 1419/1420/1029
f 1434/1435/1014 1436/1437/1014 1419/1420/1014 1417/1418/1014
f 1437/1438/1030 1439/1440/1030 1440/1441/1030 1438/1439/1030
f 1439/1440/1031 1425/1426/1031 1428/1429/1031 1440/1441/1031
f 1440/1441/993 1428/1429/993 1409/1410/993 1423/1424/993
f 1438/1439/1032 1440/1441/1032 1423/1424/1032 1421/1422/1032
f 1441/1442/1011 1442/1443/1011 1443/1444/1011 1444/1445/1011
f 1442/1443/1033 1445/1446/1033 1446/1447/1033 1443/1444/1033
f 1443/1444/1034 1446/1447/1034 1429/1430/1034 1426/1427/1034
f 1444/1445/1035 1443/1444/1035 1426/1427/1035 1425/1426/1035
f 1445/1446/987 1447/1448/987 1448/1449/987 1446/1447/987
f 1447/1448/1036 1449/1450/1036 1450/1451/1036 1448/1449/1036
f 1448/1449/1037 1450/1451/1037 1433/1434/1037 1431/1432/1037
f 1446/1447/1038 1448/1449/1038 1431/1432/1038 1429/1430/1038
f 1449/1450/1014 1451/1452/1014 1452/1453/1014 1450/1451/1014
f 1451/1452/1029 1453/1454/1029 1454/1455/1029 1452/1453/1029
f 1452/1453/1039 1454/1455/1039 1437/1438/1039 1435/1436/1039
f 1450/1451/1003 1452/1453/1003 1435/1436/1003 1433/1434/1003
f 1453/1454/1018 1455/1456/1018 1456/1457/1018 1454/1455/1018
f 1455/1456/994 1441/1442/994 1444/1445/994 1456/1457/994
f 1456/1457/1040 1444/1445/1040 1425/1426/1040 1439/1440/1040
f 1454/1455/1041 1456/1457/1041 1439/1440/1041 1437/1438/1041
f 1457/1458/1009 1458/1459/1009 1459/1460/1009 1460/1461/1009
f 1458/1459/1042 1461/1462/1042 1462/1463/1042 1459/1460/1042
f 1459/1460/1022 1462/1463/1022 1445/1446/1022 1442/1443/1022
f 1460/1461/1043 1459/1460/1043 1442/1443/1043 1441/1442/1043
f 1461/1462/1044 1463/1464/1044 1464/1465/1044 1462/1463/1044
f 1463/1464/1045 1465/1466/1045 1466/1467/1045 1464/1465/1045
f 1464/1465/1046 1466/1467/1046 1449/1450/1046 1447/1448/1046
f 1462/1463/1047 1464/1465/1047 1447/1448/1047 1445/1446/1047
f 1465/1466/1003 1467/1468/1003 1468/1469/1003 1466/1467/1003
f 1467/1468/1015 1469/1470/1015 1470/1471/1015 1468/1469/1015
f 1468/1469/1029 1470/1471/1029 1453/1454/1029 1451/1452/1029
f 1466/1467/1003 1468/1469/1003 1451/1452/1003 1449/1450/1003
f 1469/1470/1048 1471/1472/1048 1472/1473/1048 1470/1471/1048
f 1471/1472/1049 1457/1458/1049 1460/1461/1049 1472/1473/1049
f 1472/1473/1050 1460/1461/1050 1441/1442/1050 1455/1456/1050
f 1470/1471/1051 1472/1473/1051 1455/1456/1051 1453/1454/1051
f 1473/1474/1052 1474/1475/1052 1475/1476/1052 1476/1477/1052
f 1474/1475/1010 1477/1478/1010 1478/1479/1010 1475/1476/1010
f 1475/1476/1022 1478/1479/1022 1461/1462/1022 1458/1459/1022
f 1476/1477/1053 1475/1476/1053 1458/1459/1053 1457/1458/1053
f 1477/1478/1054 1479/1480/1054 1480/1481/1054 1478/1479/1054
f 1479/1480/1055 1481/1482/1055 1482/1483/1055 1480/1481/1055
f 1480/1481/1056 1482/1483/1056 1465/1466/1056 1463/1464/1056
f 1478/1479/1057 1480/1481/1057 1463/1464/1057 1461/1462/1057
f 1481/1482/1058 1483/1484/1058 1484/1485/1058 1482/1483/1058
f 1483/1484/1004 1485/1486/1004 1486/1487/1004 1484/1485/1004
f 1484/1485/1059 1486/1487/1059 1469/1470/1059 1467/1468/1059
f 1482/1483/1060 1484/1485/1060 1467/1468/1060 1465/1466/1060
f 1485/1486/1061 1487/1488/1061 1488/1489/1061 1486/1487/1061
f 1487/1488/993 1473/1474/993 1476/1477/993 1488/1489/993
f 1488/1489/1062 1476/1477/1062 1457/1458/1062 1471/1472/1062
f 1486/1487/1063 1488/1489/1063 1471/1472/1063 1469/1470/1063
f 1489/1490/1064 1490/1491/1064 1491/1492/1064 1492/1493/1064
f 1490/1491/1065 1493/1494/1065 1494/1495/1065 1491/1492/1065
f 1491/1492/1066 1494/1495/1066 1477/1478/1066 1474/1475/1066
f 1492/1493/1023 1491/1492/1023 1474/1475/1023 1473/1474/1023
f 1493/1494/1067 1495/1496/1067 1496/1497/1067 1494/1495/1067
f 1495/1496/1036 1497/1498/1036 1498/1499/1036 1496/1497/1036
f 1496/1497/1068 1498/1499/1068 1481/1482/1068 1479/1480/1068
f 1494/1495/1024 1496/1497/1024 1479/1480/1024 1477/1478/1024
f 1497/1498/1017 1499/1500/1017 1500/1501/1017 1498/1499/1017
f 1499/1500/1059 1501/1502/1059 1502/1503/1059 1500/1501/1059
f 1500/1501/1069 1502/1503/1069 1485/1486/1069 1483/1484/1069
f 1498/1499/1070 1500/1501/1070 1483/1484/1070 1481/1482/1070
f 1501/1502/1071 1503/1504/1071 1504/1505/1071 1502/1503/1071
f 1503/1504/1072 1489/1490/1072 1492/1493/1072 1504/1505/1072
f 1504/1505/1019 1492/1493/1019 1473/1474/1019 1487/1488/1019
f 1502/1503/1051 1504/1505/1051 1487/1488/1051 1485/1486/1051
f 1505/1506/1011 1506/1507/1011 1507/1508/1011 1508/1509/1011
f 1506/1507/981 1509/1510/981 1510/1511/981 1507/1508/981
f 1507/1508/1073 1510/1511/1073 1493/1494/1073 1490/1491/1073
f 1508/1509/1035 1507/1508/1035 1490/1491/1035 1489/1490/1035
f 1509/1510/1074 1511/1512/1074 1512/1513/1074 1510/1511/1074
f 1511/1512/985 1513/1514/985 1514/1515/985 1512/1513/985
f 1512/1513/1075 1514/1515/1075 1497/1498/1075 1495/1496/1075
f 1510/1511/1076 1512/1513/1076 1495/1496/1076 1493/1494/1076
f 1513/1514/1060 1515/1516/1060 1516/1517/1060 1514/1515/1060
f 1515/1516/1077 1517/1518/1077 1518/1519/1077 1516/1517/1077
f 1516/1517/1078 1518/1519/1078 1501/1502/1078 1499/1500/1078
f 1514/1515/1079 1516/1517/1079 1499/1500/1079 1497/1498/1079
f 1517/1518/1080 1519/1520/1080 1520/1521/1080 1518/1519/1080
f 1519/1520/1019 1505/1506/1019 1508/1509/1019 1520/1521/1019
f 1520/1521/1081 1508/1509/1081 1489/1490/1081 1503/1504/1081
f 1518/1519/1082 1520/1521/1082 1503/1504/1082 1501/1502/1082
f 1521/1522/1083 1522/1523/1083 1523/1524/1083 1524/1525/1083
f 1522/1523/1084 1525/1526/1084 1526/1527/1084 1523/1524/1084
f 1523/1524/1085 1526/1527/1085 1509/1510/1085 1506/1507/1085
f 1524/1525/1011 1523/1524/1011 1506/1507/1011 1505/1506/1011
f 1525/1526/1086 1527/1528/1086 1528/1529/1086 1526/1527/1086
f 1527/1528/1087 1529/1530/1087 1530/1531/1087 1528/1529/1087
f 1528/1529/1088 1530/1531/1088 1513/1514/1088 1511/1512/1088
f 1526/1527/1013 1528/1529/1013 1511/1512/1013 1509/1510/1013
f 1529/1530/1058 1531/1532/1058 1532/1533/1058 1530/1531/1058
f 1531/1532/1089 1533/1534/1089 1534/1535/1089 1532/1533/1089
f 1532/1533/1015 1534/1535/1015 1517/1518/1015 1515/1516/1015
f 1530/1531/1014 1532/1533/1014 1515/1516/1014 1513/1514/1014
f 1533/1534/1090 1535/1536/1090 1536/1537/1090 1534/1535/1090
f 1535/1536/1091 1521/1522/1091 1524/1525/1091 1536/1537/1091
f 1536/1537/1092 1524/1525/1092 1505/1506/1092 1519/1520/1092
f 1534/1535/1093 1536/1537/1093 1519/1520/1093 1517/1518/1093
f 1537/1538/996 1538/1539/996 1539/1540/996 1540/1541/996
f 1538/1539/1085 1541/1542/1085 1542/1543/1085 1539/1540/1085
f 1539/1540/1085 1542/1543/1085 1525/1526/1085 1522/1523/1085
f 1540/1541/1011 1539/1540/1011 1522/1523/1011 1521/1522/1011
f 1541/1542/1002 1543/1544/1002 1544/1545/1002 1542/1543/1002
f 1543/1544/1094 1545/1546/1094 1546/1547/1094 1544/1545/1094
f 1544/1545/1046 1546/1547/1046 1529/1530/1046 1527/1528/1046
f 1542/1543/1095 1544/1545/1095 1527/1528/1095 1525/1526/1095
f 1545/1546/1096 1547/1548/1096 1548/1549/1096 1546/1547/1096
f 1547/1548/1097 1549/1550/1097 1550/1551/1097 1548/1549/1097
f 1548/1549/1039 1550/1551/1039 1533/1534/1039 1531/1532/1039
f 1546/1547/1098 1548/1549/1098 1531/1532/1098 1529/1530/1098
f 1549/1550/1099 1551/1552/1099 1552/1553/1099 1550/1551/1099
f 1551/1552/1100 1537/1538/1100 1540/1541/1100 1552/1553/1100
f 1552/1553/1101 1540/1541/1101 1521/1522/1101 1535/1536/1101
f 1550/1551/1061 1552/1553/1061 1535/1536/1061 1533/1534/1061
f 1553/1554/996 1554/1555/996 1555/1556/996 1556/1557/996
f 1554/1555/1034 1557/1558/1034 1558/1559/1034 1555/1556/1034
f 1555/1556/1022 1558/1559/1022 1541/1542/1022 1538/1539/1022
f 1556/1557/1023 1555/1556/1023 1538/1539/1023 1537/1538/1023
f 1557/1558/1102 1559/1560/1102 1560/1561/1102 1558/1559/1102
f 1559/1560/1103 1561/1562/1103 1562/1563/1103 1560/1561/1103
f 1560/1561/1104 1562/1563/1104 1545/1546/1104 1543/1544/1104
f 1558/1559/1024 1560/1561/1024 1543/1544/1024 1541/1542/1024
f 1561/1562/1105 1563/1564/1105 1564/1565/1105 1562/1563/1105
f 1563/1564/1106 1565/1566/1106 1566/1567/1106 1564/1565/1106
f 1564/1565/1107 1566/1567/1107 1549/1550/1107 1547/1548/1107
f 1562/1563/1014 1564/1565/1014 1547/1548/1014 1545/1546/1014
f 1565/1566/1108 1567/1568/1108 1568/1569/1108 1566/1567/1108
f 1567/1568/1006 1553/1554/1006 1556/1557/1006 1568/1569/1006
f 1568/1569/1019 1556/1557/1019 1537/1538/1019 1551/1552/1019
f 1566/1567/1090 1568/1569/1090 1551/1552/1090 1549/1550/1090
f 261/262/1109 260/261/1109 1569/1570/1109 1570/1571/1109
f 260/261/1110 259/260/1110 1571/1572/1110 1569/1570/1110
f 1569/1570/1111 1571/1572/1111 1557/1558/1111 1554/1555/1111
f 1570/1571/1112 1569/1570/1112 1554/1555/1112 1553/1554/1112
f 259/260/1113 258/259/1113 1572/1573/1113 1571/1572/1113
f 258/259/1114 257/258/1114 1573/1574/1114 1572/1573/1114
f 1572/1573/1115 1573/1574/1115 1561/1562/1115 1559/1560/1115
f 1571/1572/1116 1572/1573/1116 1559/1560/1116 1557/1558/1116
f 257/258/1117 254/255/1117 1574/1575/1117 1573/1574/1117
f 254/255/1118 253/254/1118 1575/1576/1118 1574/1575/1118
f 1574/1575/1119 1575/1576/1119 1565/1566/1119 1563/1564/1119
f 1573/1574/1120 1574/1575/1120 1563/1564/1120 1561/1562/1120
f 253/254/1121 256/257/1121 1576/1577/1121 1575/1576/1121
f 256/257/1122 261/262/1122 1570/1571/1122 1576/1577/1122
f 1576/1577/1123 1570/1571/1123 1553/1554/1123 1567/1568/1123
f 1575/1576/1124 1576/1577/1124 1567/1568/1124 1565/1566/1124
f 1577/1578/1125 1578/1579/1125 1579/1580/1125 1580/1581/1125
f 1578/1579/1126 1581/1582/1126 1582/1583/1126 1579/1580/1126
f 1579/1580/1127 1582/1583/1127 432/433/1127 429/430/1127
f 1580/1581/1128 1579/1580/1128 429/430/1128 428/429/1128
f 1581/1582/1129 1583/1584/1129 1584/1585/1129 1582/1583/1129
f 1583/1584/1130 1585/1586/1130 1586/1587/1130 1584/1585/1130
f 1584/1585/1131 1586/1587/1131 436/437/1131 434/435/1131
f 1582/1583/1132 1584/1585/1132 434/435/1132 432/433/1132
f 1585/1586/1133 1587/1588/1133 1588/1589/1133 1586/1587/1133
f 1587/1588/1134 1589/1590/1134 1590/1591/1134 1588/1589/1134
f 1588/1589/1135 1590/1591/1135 440/441/1135 438/439/1135
f 1586/1587/1136 1588/1589/1136 438/439/1136 436/437/1136
f 1589/1590/1137 1591/1592/1137 1592/1593/1137 1590/1591/1137
f 1591/1592/1138 1577/1578/1138 1580/1581/1138 1592/1593/1138
f 1592/1593/1139 1580/1581/1139 428/429/1139 442/443/1139
f 1590/1591/1140 1592/1593/1140 442/443/1140 440/441/1140
f 1593/1594/1141 1594/1595/1141 1595/1596/1141 1596/1597/1141
f 1594/1595/1142 1597/1598/1142 1598/1599/1142 1595/1596/1142
f 1595/1596/1143 1598/1599/1143 1581/1582/1143 1578/1579/1143
f 1596/1597/1144 1595/1596/1144 1578/1579/1144 1577/1578/1144
f 1597/1598/1145 1599/1600/1145 1600/1601/1145 1598/1599/1145
f 1599/1600/1146 1601/1602/1146 1602/1603/1146 1600/1601/1146
f 1600/1601/1147 1602/1603/1147 1585/1586/1147 1583/1584/1147
f 1598/1599/1148 1600/1601/1148 1583/1584/1148 1581/1582/1148
f 1601/1602/1149 1603/1604/1149 1604/1605/1149 1602/1603/1149
f 1603/1604/1150 1605/1606/1150 1606/1607/1150 1604/1605/1150
f 1604/1605/1151 1606/1607/1151 1589/1590/1151 1587/1588/1151
f 1602/1603/1152 1604/1605/1152 1587/1588/1152 1585/1586/1152
f 1605/1606/1153 1607/1608/1153 1608/1609/1153 1606/1607/1153
f 1607/1608/1154 1593/1594/1154 1596/1597/1154 1608/1609/1154
f 1608/1609/1155 1596/1597/1155 1577/1578/1155 1591/1592/1155
f 1606/1607/1156 1608/1609/1156 1591/1592/1156 1589/1590/1156
f 1609/1610/1157 1610/1611/1157 1611/1612/1157 1612/1613/1157
f 1610/1611/1142 1613/1614/1142 1614/1615/1142 1611/1612/1142
f 1611/1612/1158 1614/1615/1158 1597/1598/1158 1594/1595/1158
f 1612/1613/1159 1611/1612/1159 1594/1595/1159 1593/1594/1159
f 1613/1614/1160 1615/1616/1160 1616/1617/1160 1614/1615/1160
f 1615/1616/1161 1617/1618/1161 1618/1619/1161 1616/1617/1161
f 1616/1617/1162 1618/1619/1162 1601/1602/1162 1599/1600/1162
f 1614/1615/1163 1616/1617/1163 1599/1600/1163 1597/1598/1163
f 1617/1618/1149 1619/1620/1149 1620/1621/1149 1618/1619/1149
f 1619/1620/1164 1621/1622/1164 1622/1623/1164 1620/1621/1164
f 1620/1621/1150 1622/1623/1150 1605/1606/1150 1603/1604/1150
f 1618/1619/1149 1620/1621/1149 1603/1604/1149 1601/1602/1149
f 1621/1622/1165 1623/1624/1165 1624/1625/1165 1622/1623/1165
f 1623/1624/1166 1609/1610/1166 1612/1613/1166 1624/1625/1166
f 1624/1625/1167 1612/1613/1167 1593/1594/1167 1607/1608/1167
f 1622/1623/1168 1624/1625/1168 1607/1608/1168 1605/1606/1168
f 1625/1626/1141 1626/1627/1141 1627/1628/1141 1628/1629/1141
f 1626/1627/1142 1629/1630/1142 1630/1631/1142 1627/1628/1142
f 1627/1628/1169 1630/1631/1169 1613/1614/1169 1610/1611/1169
f 1628/1629/1170 1627/1628/1170 1610/1611/1170 1609/1610/1170
f 1629/1630/1171 1631/1632/1171 1632/1633/1171 1630/1631/1171
f 1631/1632/1172 1633/1634/1172 1634/1635/1172 1632/1633/1172
f 1632/1633/1161 1634/1635/1161 1617/1618/1161 1615/1616/1161
f 1630/1631/1173 1632/1633/1173 1615/1616/1173 1613/1614/1173
f 1633/1634/1174 1635/1636/1174 1636/1637/1174 1634/1635/1174
f 1635/1636/1164 1637/1638/1164 1638/1639/1164 1636/1637/1164
f 1636/1637/1164 1638/1639/1164 1621/1622/1164 1619/1620/1164
f 1634/1635/1149 1636/1637/1149 1619/1620/1149 1617/1618/1149
f 1637/1638/1175 1639/1640/1175 1640/1641/1175 1638/1639/1175
f 1639/1640/1176 1625/1626/1176 1628/1629/1176 1640/1641/1176
f 1640/1641/1177 1628/1629/1177 1609/1610/1177 1623/1624/1177
f 1638/1639/1178 1640/1641/1178 1623/1624/1178 1621/1622/1178
f 1641/1642/1159 1642/1643/1159 1643/1644/1159 1644/1645/1159
f 1642/1643/1142 1645/1646/1142 1646/1647/1142 1643/1644/1142
f 1643/1644/1142 1646/1647/1142 1629/1630/1142 1626/1627/1142
f 1644/1645/1159 1643/1644/1159 1626/1627/1159 1625/1626/1159
f 1645/1646/1179 1647/1648/1179 1648/1649/1179 1646/1647/1179
f 1647/1648/1180 1649/1650/1180 1650/1651/1180 1648/1649/1180
f 1648/1649/1181 1650/1651/1181 1633/1634/1181 1631/1632/1181
f 1646/1647/1173 1648/1649/1173 1631/1632/1173 1629/1630/1173
f 1649/1650/1174 1651/1652/1174 1652/1653/1174 1650/1651/1174
f 1651/1652/1164 1653/1654/1164 1654/1655/1164 1652/1653/1164
f 1652/1653/1164 1654/1655/1164 1637/1638/1164 1635/1636/1164
f 1650/1651/1182 1652/1653/1182 1635/1636/1182 1633/1634/1182
f 1653/1654/1165 1655/1656/1165 1656/1657/1165 1654/1655/1165
f 1655/1656/1183 1641/1642/1183 1644/1645/1183 1656/1657/1183
f 1656/1657/1183 1644/1645/1183 1625/1626/1183 1639/1640/1183
f 1654/1655/1184 1656/1657/1184 1639/1640/1184 1637/1638/1184
f 1657/1658/1141 1658/1659/1141 1659/1660/1141 1660/1661/1141
f 1658/1659/1142 1661/1662/1142 1662/1663/1142 1659/1660/1142
f 1659/1660/1185 1662/1663/1185 1645/1646/1185 1642/1643/1185
f 1660/1661/1170 1659/1660/1170 1642/1643/1170 1641/1642/1170
f 1661/1662/1173 1663/1664/1173 1664/1665/1173 1662/1663/1173
f 1663/1664/1186 1665/1666/1186 1666/1667/1186 1664/1665/1186
f 1664/1665/1187 1666/1667/1187 1649/1650/1187 1647/1648/1187
f 1662/1663/1188 1664/1665/1188 1647/1648/1188 1645/1646/1188
f 1665/1666/1174 1667/1668/1174 1668/1669/1174 1666/1667/1174
f 1667/1668/1150 1669/1670/1150 1670/1671/1150 1668/1669/1150
f 1668/1669/1150 1670/1671/1150 1653/1654/1150 1651/1652/1150
f 1666/1667/1182 1668/1669/1182 1651/1652/1182 1649/1650/1182
f 1669/1670/1189 1671/1672/1189 1672/1673/1189 1670/1671/1189
f 1671/1672/1177 1657/1658/1177 1660/1661/1177 1672/1673/1177
f 1672/1673/1177 1660/1661/1177 1641/1642/1177 1655/1656/1177
f 1670/1671/1165 1672/1673/1165 1655/1656/1165 1653/1654/1165
f 1673/1674/1190 1674/1675/1190 1675/1676/1190 1676/1677/1190
f 1674/1675/1158 1677/1678/1158 1678/1679/1158 1675/1676/1158
f 1675/1676/1142 1678/1679/1142 1661/1662/1142 1658/1659/1142
f 1676/1677/1157 1675/1676/1157 1658/1659/1157 1657/1658/1157
f 1677/1678/1179 1679/1680/1179 1680/1681/1179 1678/1679/1179
f 1679/1680/1191 1681/1682/1191 1682/1683/1191 1680/1681/1191
f 1680/1681/1192 1682/1683/1192 1665/1666/1192 1663/1664/1192
f 1678/1679/1171 1680/1681/1171 1663/1664/1171 1661/1662/1171
f 1681/1682/1174 1683/1684/1174 1684/1685/1174 1682/1683/1174
f 1683/1684/1193 1685/1686/1193 1686/1687/1193 1684/1685/1193
f 1684/1685/1194 1686/1687/1194 1669/1670/1194 1667/1668/1194
f 1682/1683/1195 1684/1685/1195 1667/1668/1195 1665/1666/1195
f 1685/1686/1196 1687/1688/1196 1688/1689/1196 1686/1687/1196
f 1687/1688/1197 1673/1674/1197 1676/1677/1197 1688/1689/1197
f 1688/1689/1198 1676/1677/1198 1657/1658/1198 1671/1672/1198
f 1686/1687/1199 1688/1689/1199 1671/1672/1199 1669/1670/1199
f 1689/1690/1141 1690/1691/1141 1691/1692/1141 1692/1693/1141
f 1690/1691/1200 1693/1694/1200 1694/1695/1200 1691/1692/1200
f 1691/1692/1142 1694/1695/1142 1677/1678/1142 1674/1675/1142
f 1692/1693/1157 1691/1692/1157 1674/1675/1157 1673/1674/1157
f 1693/1694/1171 1695/1696/1171 1696/1697/1171 1694/1695/1171
f 1695/1696/1161 1697/1698/1161 1698/1699/1161 1696/1697/1161
f 1696/1697/1191 1698/1699/1191 1681/1682/1191 1679/1680/1191
f 1694/1695/1173 1696/1697/1173 1679/1680/1173 1677/1678/1173
f 1697/1698/1201 1699/1700/1201 1700/1701/1201 1698/1699/1201
f 1699/1700/1202 1701/1702/1202 1702/1703/1202 1700/1701/1202
f 1700/1701/1203 1702/1703/1203 1685/1686/1203 1683/1684/1203
f 1698/1699/1174 1700/1701/1174 1683/1684/1174 1681/1682/1174
f 1701/1702/1204 1703/1704/1204 1704/1705/1204 1702/1703/1204
f 1703/1704/1197 1689/1690/1197 1692/1693/1197 1704/1705/1197
f 1704/1705/1205 1692/1693/1205 1673/1674/1205 1687/1688/1205
f 1702/1703/1165 1704/1705/1165 1687/1688/1165 1685/1686/1165
f 1705/1706/1141 1706/1707/1141 1707/1708/1141 1708/1709/1141
f 1706/1707/1206 1709/1710/1206 1710/1711/1206 1707/1708/1206
f 1707/1708/1200 1710/1711/1200 1693/1694/1200 1690/1691/1200
f 1708/1709/1159 1707/1708/1159 1690/1691/1159 1689/1690/1159
f 1709/1710/1207 1711/1712/1207 1712/1713/1207 1710/1711/1207
f 1711/1712/1187 1713/1714/1187 1714/1715/1187 1712/1713/1187
f 1712/1713/1162 1714/1715/1162 1697/1698/1162 1695/1696/1162
f 1710/1711/1207 1712/1713/1207 1695/1696/1207 1693/1694/1207
f 1713/1714/1182 1715/1716/1182 1716/1717/1182 1714/1715/1182
f 1715/1716/1202 1717/1718/1202 1718/1719/1202 1716/1717/1202
f 1716/1717/1150 1718/1719/1150 1701/1702/1150 1699/1700/1150
f 1714/1715/1149 1716/1717/1149 1699/1700/1149 1697/1698/1149
f 1717/1718/1208 1719/1720/1208 1720/1721/1208 1718/1719/1208
f 1719/1720/1209 1705/1706/1209 1708/1709/1209 1720/1721/1209
f 1720/1721/1210 1708/1709/1210 1689/1690/1210 1703/1704/1210
f 1718/1719/1189 1720/1721/1189 1703/1704/1189 1701/1702/1189
f 1721/1722/1211 1722/1723/1211 1723/1724/1211 1724/1725/1211
f 1722/1723/1212 1725/1726/1212 1726/1727/1212 1723/1724/1212
f 1723/1724/1213 1726/1727/1213 1709/1710/1213 1706/1707/1213
f 1724/1725/1214 1723/1724/1214 1706/1707/1214 1705/1706/1214
f 1725/1726/1215 1727/1728/1215 1728/1729/1215 1726/1727/1215
f 1727/1728/1216 1729/1730/1216 1730/1731/1216 1728/1729/1216
f 1728/1729/1217 1730/1731/1217 1713/1714/1217 1711/1712/1217
f 1726/1727/1218 1728/1729/1218 1711/1712/1218 1709/1710/1218
f 1729/1730/1219 1731/1732/1219 1732/1733/1219 1730/1731/1219
f 1731/1732/1220 1733/1734/1220 1734/1735/1220 1732/1733/1220
f 1732/1733/1221 1734/1735/1221 1717/1718/1221 1715/1716/1221
f 1730/1731/1222 1732/1733/1222 1715/1716/1222 1713/1714/1222
f 1733/1734/1223 1735/1736/1223 1736/1737/1223 1734/1735/1223
f 1735/1736/1224 1721/1722/1224 1724/1725/1224 1736/1737/1224
f 1736/1737/1225 1724/1725/1225 1705/1706/1225 1719/1720/1225
f 1734/1735/1226 1736/1737/1226 1719/1720/1226 1717/1718/1226
f 1737/1738/1227 1738/1739/1227 1739/1740/1227 1740/1741/1227
f 1738/1739/1228 1741/1742/1228 1742/1743/1228 1739/1740/1228
f 1739/1740/1229 1742/1743/1229 1725/1726/1229 1722/1723/1229
f 1740/1741/1230 1739/1740/1230 1722/1723/1230 1721/1722/1230
f 1741/1742/1231 1743/1744/1231 1744/1745/1231 1742/1743/1231
f 1743/1744/1232 1745/1746/1232 1746/1747/1232 1744/1745/1232
f 1744/1745/1233 1746/1747/1233 1729/1730/1233 1727/1728/1233
f 1742/1743/1234 1744/1745/1234 1727/1728/1234 1725/1726/1234
f 1745/1746/1235 1747/1748/1235 1748/1749/1235 1746/1747/1235
f 1747/1748/1236 1749/1750/1236 1750/1751/1236 1748/1749/1236
f 1748/1749/1237 1750/1751/1237 1733/1734/1237 1731/1732/1237
f 1746/1747/1238 1748/1749/1238 1731/1732/1238 1729/1730/1238
f 1749/1750/1239 1751/1752/1239 1752/1753/1239 1750/1751/1239
f 1751/1752/1240 1737/1738/1240 1740/1741/1240 1752/1753/1240
f 1752/1753/1241 1740/1741/1241 1721/1722/1241 1735/1736/1241
f 1750/1751/1242 1752/1753/1242 1735/1736/1242 1733/1734/1242
f 1753/1754/1243 1754/1755/1243 1755/1756/1243 1756/1757/1243
f 1754/1755/1244 1757/1758/1244 1758/1759/1244 1755/1756/1244
f 1755/1756/1245 1758/1759/1245 1741/1742/1245 1738/1739/1245
f 1756/1757/1246 1755/1756/1246 1738/1739/1246 1737/1738/1246
f 1757/1758/1247 1759/1760/1247 1760/1761/1247 1758/1759/1247
f 1759/1760/1248 1761/1762/1248 1762/1763/1248 1760/1761/1248
f 1760/1761/1249 1762/1763/1249 1745/1746/1249 1743/1744/1249
f 1758/1759/1250 1760/1761/1250 1743/1744/1250 1741/1742/1250
f 1761/1762/1251 1763/1764/1251 1764/1765/1251 1762/1763/1251
f 1763/1764/1252 1765/1766/1252 1766/1767/1252 1764/1765/1252
f 1764/1765/1253 1766/1767/1253 1749/1750/1253 1747/1748/1253
f 1762/1763/1254 1764/1765/1254 1747/1748/1254 1745/1746/1254
f 1765/1766/1255 1767/1768/1255 1768/1769/1255 1766/1767/1255
f 1767/1768/1256 1753/1754/1256 1756/1757/1256 1768/1769/1256
f 1768/1769/1257 1756/1757/1257 1737/1738/1257 1751/1752/1257
f 1766/1767/1258 1768/1769/1258 1751/1752/1258 1749/1750/1258
f 1769/1770/1259 1770/1771/1259 1771/1772/1259 1772/1773/1259
f 1770/1771/1260 1773/1774/1260 1774/1775/1260 1771/1772/1260
f 1771/1772/1261 1774/1775/1261 1757/1758/1261 1754/1755/1261
f 1772/1773/1262 1771/1772/1262 1754/1755/1262 1753/1754/1262
f 1773/1774/1263 1775/1776/1263 1776/1777/1263 1774/1775/1263
f 1775/1776/1264 1777/1778/1264 1778/1779/1264 1776/1777/1264
f 1776/1777/1265 1778/1779/1265 1761/1762/1265 1759/1760/1265
f 1774/1775/1266 1776/1777/1266 1759/1760/1266 1757/1758/1266
f 1777/1778/1267 1779/1780/1267 1780/1781/1267 1778/1779/1267
f 1779/1780/1268 1781/1782/1268 1782/1783/1268 1780/1781/1268
f 1780/1781/1269 1782/1783/1269 1765/1766/1269 1763/1764/1269
f 1778/1779/1270 1780/1781/1270 1763/1764/1270 1761/1762/1270
f 1781/1782/1271 1783/1784/1271 1784/1785/1271 1782/1783/1271
f 1783/1784/1272 1769/1770/1272 1772/1773/1272 1784/1785/1272
f 1784/1785/1273 1772/1773/1273 1753/1754/1273 1767/1768/1273
f 1782/1783/1274 1784/1785/1274 1767/1768/1274 1765/1766/1274
f 1785/1786/1275 1786/1787/1275 1787/1788/1275 1788/1789/1275
f 1786/1787/1276 1789/1790/1276 1790/1791/1276 1787/1788/1276
f 1787/1788/1277 1790/1791/1277 1773/1774/1277 1770/1771/1277
f 1788/1789/1278 1787/1788/1278 1770/1771/1278 1769/1770/1278
f 1789/1790/1279 1791/1792/1279 1792/1793/1279 1790/1791/1279
f 1791/1792/1280 1793/1794/1280 1794/1795/1280 1792/1793/1280
f 1792/1793/1264 1794/1795/1264 1777/1778/1264 1775/1776/1264
f 1790/1791/1281 1792/1793/1281 1775/1776/1281 1773/1774/1281
f 1793/1794/1282 1795/1796/1282 1796/1797/1282 1794/1795/1282
f 1795/1796/1283 1797/1798/1283 1798/1799/1283 1796/1797/1283
f 1796/1797/1284 1798/1799/1284 1781/1782/1284 1779/1780/1284
f 1794/1795/1285 1796/1797/1285 1779/1780/1285 1777/1778/1285
f 1797/1798/1286 1799/1800/1286 1800/1801/1286 1798/1799/1286
f 1799/1800/1287 1785/1786/1287 1788/1789/1287 1800/1801/1287
f 1800/1801/1288 1788/1789/1288 1769/1770/1288 1783/1784/1288
f 1798/1799/1289 1800/1801/1289 1783/1784/1289 1781/1782/1289
f 1801/1802/1290 1802/1803/1290 1803/1804/1290 1804/1805/1290
f 1802/1803/1291 1805/1806/1291 1806/1807/1291 1803/1804/1291
f 1803/1804/1276 1806/1807/1276 1789/1790/1276 1786/1787/1276
f 1804/1805/1292 1803/1804/1292 1786/1787/1292 1785/1786/1292
f 1805/1806/1293 1807/1808/1293 1808/1809/1293 1806/1807/1293
f 1807/1808/1294 1809/1810/1294 1810/1811/1294 1808/1809/1294
f 1808/1809/1295 1810/1811/1295 1793/1794/1295 1791/1792/1295
f 1806/1807/1296 1808/1809/1296 1791/1792/1296 1789/1790/1296
f 1809/1810/1297 1811/1812/1297 1812/1813/1297 1810/1811/1297
f 1811/1812/1298 1813/1814/1298 1814/1815/1298 1812/1813/1298
f 1812/1813/1299 1814/1815/1299 1797/1798/1299 1795/1796/1299
f 1810/1811/1300 1812/1813/1300 1795/1796/1300 1793/1794/1300
f 1813/1814/1301 1815/1816/1301 1816/1817/1301 1814/1815/1301
f 1815/1816/1302 1801/1802/1302 1804/1805/1302 1816/1817/1302
f 1816/1817/1303 1804/1805/1303 1785/1786/1303 1799/1800/1303
f 1814/1815/1304 1816/1817/1304 1799/1800/1304 1797/1798/1304
f 1817/1818/1305 1818/1819/1305 1819/1820/1305 1820/1821/1305
f 1818/1819/1291 1821/1822/1291 1822/1823/1291 1819/1820/1291
f 1819/1820/1306 1822/1823/1306 1805/1806/1306 1802/1803/1306
f 1820/1821/1292 1819/1820/1292 1802/1803/1292 1801/1802/1292
f 1821/1822/1307 1823/1824/1307 1824/1825/1307 1822/1823/1307
f 1823/1824/1308 1825/1826/1308 1826/1827/1308 1824/1825/1308
f 1824/1825/1280 1826/1827/1280 1809/1810/1280 1807/1808/1280
f 1822/1823/1309 1824/1825/1309 1807/1808/1309 1805/1806/1309
f 1825/1826/1310 1827/1828/1310 1828/1829/1310 1826/1827/1310
f 1827/1828/1311 1829/1830/1311 1830/1831/1311 1828/1829/1311
f 1828/1829/1283 1830/1831/1283 1813/1814/1283 1811/1812/1283
f 1826/1827/1312 1828/1829/1312 1811/1812/1312 1809/1810/1312
f 1829/1830/1313 1831/1832/1313 1832/1833/1313 1830/1831/1313
f 1831/1832/1314 1817/1818/1314 1820/1821/1314 1832/1833/1314
f 1832/1833/1303 1820/1821/1303 1801/1802/1303 1815/1816/1303
f 1830/1831/1313 1832/1833/1313 1815/1816/1313 1813/1814/1313
f 1833/1834/1275 1834/1835/1275 1835/1836/1275 1836/1837/1275
f 1834/1835/1306 1837/1838/1306 1838/1839/1306 1835/1836/1306
f 1835/1836/1306 1838/1839/1306 1821/1822/1306 1818/1819/1306
f 1836/1837/1290 1835/1836/1290 1818/1819/1290 1817/1818/1290
f 1837/1838/1309 1839/1840/1309 1840/1841/1309 1838/1839/1309
f 1839/1840/1315 1841/1842/1315 1842/1843/1315 1840/1841/1315
f 1840/1841/1316 1842/1843/1316 1825/1826/1316 1823/1824/1316
f 1838/1839/1293 1840/1841/1293 1823/1824/1293 1821/1822/1293
f 1841/1842/1282 1843/1844/1282 1844/1845/1282 1842/1843/1282
f 1843/1844/1283 1845/1846/1283 1846/1847/1283 1844/1845/1283
f 1844/1845/1317 1846/1847/1317 1829/1830/1317 1827/1828/1317
f 1842/1843/1312 1844/1845/1312 1827/1828/1312 1825/1826/1312
f 1845/1846/1318 1847/1848/1318 1848/1849/1318 1846/1847/1318
f 1847/1848/1319 1833/1834/1319 1836/1837/1319 1848/1849/1319
f 1848/1849/1320 1836/1837/1320 1817/1818/1320 1831/1832/1320
f 1846/1847/1321 1848/1849/1321 1831/1832/1321 1829/1830/1321
f 1849/1850/1322 1850/1851/1322 1851/1852/1322 1852/1853/1322
f 1850/1851/1291 1853/1854/1291 1854/1855/1291 1851/1852/1291
f 1851/1852/1306 1854/1855/1306 1837/1838/1306 1834/1835/1306
f 1852/1853/1323 1851/1852/1323 1834/1835/1323 1833/1834/1323
f 1853/1854/1279 1855/1856/1279 1856/1857/1279 1854/1855/1279
f 1855/1856/1316 1857/1858/1316 1858/1859/1316 1856/1857/1316
f 1856/1857/1324 1858/1859/1324 1841/1842/1324 1839/1840/1324
f 1854/1855/1325 1856/1857/1325 1839/1840/1325 1837/1838/1325
f 1857/1858/1310 1859/1860/1310 1860/1861/1310 1858/1859/1310
f 1859/1860/1317 1861/1862/1317 1862/1863/1317 1860/1861/1317
f 1860/1861/1326 1862/1863/1326 1845/1846/1326 1843/1844/1326
f 1858/1859/1312 1860/1861/1312 1843/1844/1312 1841/1842/1312
f 1861/1862/1321 1863/1864/1321 1864/1865/1321 1862/1863/1321
f 1863/1864/1272 1849/1850/1272 1852/1853/1272 1864/1865/1272
f 1864/1865/1327 1852/1853/1327 1833/1834/1327 1847/1848/1327
f 1862/1863/1328 1864/1865/1328 1847/1848/1328 1845/1846/1328
f 1865/1866/1278 1866/1867/1278 1867/1868/1278 1868/1869/1278
f 1866/1867/1329 1869/1870/1329 1870/1871/1329 1867/1868/1329
f 1867/1868/1291 1870/1871/1291 1853/1854/1291 1850/1851/1291
f 1868/1869/1292 1867/1868/1292 1850/1851/1292 1849/1850/1292
f 1869/1870/1330 1871/1872/1330 1872/1873/1330 1870/1871/1330
f 1871/1872/1331 1873/1874/1331 1874/1875/1331 1872/1873/1331
f 1872/1873/1332 1874/1875/1332 1857/1858/1332 1855/1856/1332
f 1870/1871/1333 1872/1873/1333 1855/1856/1333 1853/1854/1333
f 1873/1874/1285 1875/1876/1285 1876/1877/1285 1874/1875/1285
f 1875/1876/1284 1877/1878/1284 1878/1879/1284 1876/1877/1284
f 1876/1877/1334 1878/1879/1334 1861/1862/1334 1859/1860/1334
f 1874/1875/1335 1876/1877/1335 1859/1860/1335 1857/1858/1335
f 1877/1878/1336 1879/1880/1336 1880/1881/1336 1878/1879/1336
f 1879/1880/1287 1865/1866/1287 1868/1869/1287 1880/1881/1287
f 1880/1881/1337 1868/1869/1337 1849/1850/1337 1863/1864/1337
f 1878/1879/1338 1880/1881/1338 1863/1864/1338 1861/1862/1338
f 1881/1882/1339 1882/1883/1339 1883/1884/1339 1884/1885/1339
f 1882/1883/1277 1885/1886/1277 1886/1887/1277 1883/1884/1277
f 1883/1884/1276 1886/1887/1276 1869/1870/1276 1866/1867/1276
f 1884/1885/1278 1883/1884/1278 1866/1867/1278 1865/1866/1278
f 1885/1886/1340 1887/1888/1340 1888/1889/1340 1886/1887/1340
f 1887/1888/1280 1889/1890/1280 1890/1891/1280 1888/1889/1280
f 1888/1889/1316 1890/1891/1316 1873/1874/1316 1871/1872/1316
f 1886/1887/1263 1888/1889/1263 1871/1872/1263 1869/1870/1263
f 1889/1890/1341 1891/1892/1341 1892/1893/1341 1890/1891/1341
f 1891/1892/1283 1893/1894/1283 1894/1895/1283 1892/1893/1283
f 1892/1893/1283 1894/1895/1283 1877/1878/1283 1875/1876/1283
f 1890/1891/1342 1892/1893/1342 1875/1876/1342 1873/1874/1342
f 1893/1894/1318 1895/1896/1318 1896/1897/1318 1894/1895/1318
f 1895/1896/1343 1881/1882/1343 1884/1885/1343 1896/1897/1343
f 1896/1897/1287 1884/1885/1287 1865/1866/1287 1879/1880/1287
f 1894/1895/1344 1896/1897/1344 1879/1880/1344 1877/1878/1344
f 1897/1898/1322 1898/1899/1322 1899/1900/1322 1900/1901/1322
f 1898/1899/1291 1901/1902/1291 1902/1903/1291 1899/1900/1291
f 1899/1900/1345 1902/1903/1345 1885/1886/1345 1882/1883/1345
f 1900/1901/1346 1899/1900/1346 1882/1883/1346 1881/1882/1346
f 1901/1902/1309 1903/1904/1309 1904/1905/1309 1902/1903/1309
f 1903/1904/1347 1905/1906/1347 1906/1907/1347 1904/1905/1347
f 1904/1905/1348 1906/1907/1348 1889/1890/1348 1887/1888/1348
f 1902/1903/1349 1904/1905/1349 1887/1888/1349 1885/1886/1349
f 1905/1906/1350 1907/1908/1350 1908/1909/1350 1906/1907/1350
f 1907/1908/1326 1909/1910/1326 1910/1911/1326 1908/1909/1326
f 1908/1909/1284 1910/1911/1284 1893/1894/1284 1891/1892/1284
f 1906/1907/1300 1908/1909/1300 1891/1892/1300 1889/1890/1300
f 1909/1910/1351 1911/1912/1351 1912/1913/1351 1910/1911/1351
f 1911/1912/1352 1897/1898/1352 1900/1901/1352 1912/1913/1352
f 1912/1913/1353 1900/1901/1353 1881/1882/1353 1895/1896/1353
f 1910/1911/1354 1912/1913/1354 1895/1896/1354 1893/1894/1354
f 252/253/1355 251/252/1355 1913/1914/1355 1914/1915/1355
f 251/252/1356 250/251/1356 1915/1916/1356 1913/1914/1356
f 1913/1914/1357 1915/1916/1357 1901/1902/1357 1898/1899/1357
f 1914/1915/1358 1913/1914/1358 1898/1899/1358 1897/1898/1358
f 250/251/1359 249/250/1359 1916/1917/1359 1915/1916/1359
f 249/250/1360 248/249/1360 1917/1918/1360 1916/1917/1360
f 1916/1917/1361 1917/1918/1361 1905/1906/1361 1903/1904/1361
f 1915/1916/1362 1916/1917/1362 1903/1904/1362 1901/1902/1362
f 248/249/1363 245/246/1363 1918/1919/1363 1917/1918/1363
f 245/246/1364 244/245/1364 1919/1920/1364 1918/1919/1364
f 1918/1919/1365 1919/1920/1365 1909/1910/1365 1907/1908/1365
f 1917/1918/1366 1918/1919/1366 1907/1908/1366 1905/1906/1366
f 244/245/1367 247/248/1367 1920/1921/1367 1919/1920/1367
f 247/248/1368 252/253/1368 1914/1915/1368 1920/1921/1368
f 1920/1921/1369 1914/1915/1369 1897/1898/1369 1911/1912/1369
f 1919/1920/1370 1920/1921/1370 1911/1912/1370 1909/1910/1370
f 1921/1922/1371 1922/1923/1371 1923/1924/1371 1924/1925/1371
f 1922/1923/1372 1925/1926/1372 1926/1927/1372 1923/1924/1372
f 1923/1924/1373 1926/1927/1373 298/299/1373 301/302/1373
f 1924/1925/1374 1923/1924/1374 301/302/1374 304/305/1374
f 1925/1926/1375 1927/1928/1375 1928/1929/1375 1926/1927/1375
f 1927/1928/1376 1929/1930/1376 1930/1931/1376 1928/1929/1376
f 1928/1929/1377 1930/1931/1377 297/298/1377 339/340/1377
f 1926/1927/1378 1928/1929/1378 339/340/1378 298/299/1378
f 1929/1930/1379 1931/1932/1379 1932/1933/1379 1930/1931/1379
f 1931/1932/1380 1933/1934/1380 1934/1935/1380 1932/1933/1380
f 1932/1933/1381 1934/1935/1381 360/361/1381 367/368/1381
f 1930/1931/1382 1932/1933/1382 367/368/1382 297/298/1382
f 1933/1934/1383 1935/1936/1383 1936/1937/1383 1934/1935/1383
f 1935/1936/1384 1921/1922/1384 1924/1925/1384 1936/1937/1384
f 1936/1937/1385 1924/1925/1385 304/305/1385 397/398/1385
f 1934/1935/1386 1936/1937/1386 397/398/1386 360/361/1386
f 1937/1938/1387 1938/1939/1387 1939/1940/1387 1940/1941/1387
f 1938/1939/1388 1941/1942/1388 1942/1943/1388 1939/1940/1388
f 1939/1940/1389 1942/1943/1389 1925/1926/1389 1922/1923/1389
f 1940/1941/1390 1939/1940/1390 1922/1923/1390 1921/1922/1390
f 1941/1942/1391 1943/1944/1391 1944/1945/1391 1942/1943/1391
f 1943/1944/1392 1945/1946/1392 1946/1947/1392 1944/1945/1392
f 1944/1945/1392 1946/1947/1392 1929/1930/1392 1927/1928/1392
f 1942/1943/1393 1944/1945/1393 1927/1928/1393 1925/1926/1393
f 1945/1946/1394 1947/1948/1394 1948/1949/1394 1946/1947/1394
f 1947/1948/1395 1949/1950/1395 1950/1951/1395 1948/1949/1395
f 1948/1949/1396 1950/1951/1396 1933/1934/1396 1931/1932/1396
f 1946/1947/1394 1948/1949/1394 1931/1932/1394 1929/1930/1394
f 1949/1950/1397 1951/1952/1397 1952/1953/1397 1950/1951/1397
f 1951/1952/1398 1937/1938/1398 1940/1941/1398 1952/1953/1398
f 1952/1953/1399 1940/1941/1399 1921/1922/1399 1935/1936/1399
f 1950/1951/1400 1952/1953/1400 1935/1936/1400 1933/1934/1400
f 1953/1954/1401 1954/1955/1401 1955/1956/1401 1956/1957/1401
f 1954/1955/1388 1957/1958/1388 1958/1959/1388 1955/1956/1388
f 1955/1956/1388 1958/1959/1388 1941/1942/1388 1938/1939/1388
f 1956/1957/1387 1955/1956/1387 1938/1939/1387 1937/1938/1387
f 1957/1958/1402 1959/1960/1402 1960/1961/1402 1958/1959/1402
f 1959/1960/1403 1961/1962/1403 1962/1963/1403 1960/1961/1403
f 1960/1961/1392 1962/1963/1392 1945/1946/1392 1943/1944/1392
f 1958/1959/1404 1960/1961/1404 1943/1944/1404 1941/1942/1404
f 1961/1962/1394 1963/1964/1394 1964/1965/1394 1962/1963/1394
f 1963/1964/1405 1965/1966/1405 1966/1967/1405 1964/1965/1405
f 1964/1965/1395 1966/1967/1395 1949/1950/1395 1947/1948/1395
f 1962/1963/1406 1964/1965/1406 1947/1948/1406 1945/1946/1406
f 1965/1966/1407 1967/1968/1407 1968/1969/1407 1966/1967/1407
f 1967/1968/1398 1953/1954/1398 1956/1957/1398 1968/1969/1398
f 1968/1969/1398 1956/1957/1398 1937/1938/1398 1951/1952/1398
f 1966/1967/1397 1968/1969/1397 1951/1952/1397 1949/1950/1397
f 1969/1970/1408 1970/1971/1408 1971/1972/1408 1972/1973/1408
f 1970/1971/1409 1973/1974/1409 1974/1975/1409 1971/1972/1409
f 1971/1972/1388 1974/1975/1388 1957/1958/1388 1954/1955/1388
f 1972/1973/1387 1971/1972/1387 1954/1955/1387 1953/1954/1387
f 1973/1974/1410 1975/1976/1410 1976/1977/1410 1974/1975/1410
f 1975/1976/1403 1977/1978/1403 1978/1979/1403 1976/1977/1403
f 1976/1977/1411 1978/1979/1411 1961/1962/1411 1959/1960/1411
f 1974/1975/1393 1976/1977/1393 1959/1960/1393 1957/1958/1393
f 1977/1978/1394 1979/1980/1394 1980/1981/1394 1978/1979/1394
f 1979/1980/1396 1981/1982/1396 1982/1983/1396 1980/1981/1396
f 1980/1981/1412 1982/1983/1412 1965/1966/1412 1963/1964/1412
f 1978/1979/1394 1980/1981/1394 1963/1964/1394 1961/1962/1394
f 1981/1982/1397 1983/1984/1397 1984/1985/1397 1982/1983/1397
f 1983/1984/1413 1969/1970/1413 1972/1973/1413 1984/1985/1413
f 1984/1985/1414 1972/1973/1414 1953/1954/1414 1967/1968/1414
f 1982/1983/1400 1984/1985/1400 1967/1968/1400 1965/1966/1400
f 1985/1986/1415 1986/1987/1415 1987/1988/1415 1988/1989/1415
f 1986/1987/1389 1989/1990/1389 1990/1991/1389 1987/1988/1389
f 1987/1988/1409 1990/1991/1409 1973/1974/1409 1970/1971/1409
f 1988/1989/1408 1987/1988/1408 1970/1971/1408 1969/1970/1408
f 1989/1990/1393 1991/1992/1393 1992/1993/1393 1990/1991/1393
f 1991/1992/1416 1993/1994/1416 1994/1995/1416 1992/1993/1416
f 1992/1993/1392 1994/1995/1392 1977/1978/1392 1975/1976/1392
f 1990/1991/1417 1992/1993/1417 1975/1976/1417 1973/1974/1417
f 1993/1994/1418 1995/1996/1418 1996/1997/1418 1994/1995/1418
f 1995/1996/1419 1997/1998/1419 1998/1999/1419 1996/1997/1419
f 1996/1997/1420 1998/1999/1420 1981/1982/1420 1979/1980/1420
f 1994/1995/1421 1996/1997/1421 1979/1980/1421 1977/1978/1421
f 1997/1998/1400 1999/2000/1400 2000/2001/1400 1998/1999/1400
f 1999/2000/1422 1985/1986/1422 1988/1989/1422 2000/2001/1422
f 2000/2001/1399 1988/1989/1399 1969/1970/1399 1983/1984/1399
f 1998/1999/1423 2000/2001/1423 1983/1984/1423 1981/1982/1423
f 2001/2002/1390 2002/2003/1390 2003/2004/1390 2004/2005/1390
f 2002/2003/1388 2005/2006/1388 2006/2007/1388 2003/2004/1388
f 2003/2004/1388 2006/2007/1388 1989/1990/1388 1986/1987/1388
f 2004/2005/1408 2003/2004/1408 1986/1987/1408 1985/1986/1408
f 2005/2006/1402 2007/2008/1402 2008/2009/1402 2006/2007/1402
f 2007/2008/1403 2009/2010/1403 2010/2011/1403 2008/2009/1403
f 2008/2009/1392 2010/2011/1392 1993/1994/1392 1991/1992/1392
f 2006/2007/1424 2008/2009/1424 1991/1992/1424 1989/1990/1424
f 2009/2010/1425 2011/2012/1425 2012/2013/1425 2010/2011/1425
f 2011/2012/1412 2013/2014/1412 2014/2015/1412 2012/2013/1412
f 2012/2013/1412 2014/2015/1412 1997/1998/1412 1995/1996/1412
f 2010/2011/1406 2012/2013/1406 1995/1996/1406 1993/1994/1406
f 2013/2014/1397 2015/2016/1397 2016/2017/1397 2014/2015/1397
f 2015/2016/1414 2001/2002/1414 2004/2005/1414 2016/2017/1414
f 2016/2017/1414 2004/2005/1414 1985/1986/1414 1999/2000/1414
f 2014/2015/1426 2016/2017/1426 1999/2000/1426 1997/1998/1426
f 2017/2018/1408 2018/2019/1408 2019/2020/1408 2020/2021/1408
f 2018/2019/1409 2021/2022/1409 2022/2023/1409 2019/2020/1409
f 2019/2020/1409 2022/2023/1409 2005/2006/1409 2002/2003/1409
f 2020/2021/1387 2019/2020/1387 2002/2003/1387 2001/2002/1387
f 2021/2022/1404 2023/2024/1404 2024/2025/1404 2022/2023/1404
f 2023/2024/1411 2025/2026/1411 2026/2027/1411 2024/2025/1411
f 2024/2025/1411 2026/2027/1411 2009/2010/1411 2007/2008/1411
f 2022/2023/1391 2024/2025/1391 2007/2008/1391 2005/2006/1391
f 2025/2026/1427 2027/2028/1427 2028/2029/1427 2026/2027/1427
f 2027/2028/1405 2029/2030/1405 2030/2031/1405 2028/2029/1405
f 2028/2029/1419 2030/2031/1419 2013/2014/1419 2011/2012/1419
f 2026/2027/1394 2028/2029/1394 2011/2012/1394 2009/2010/1394
f 2029/2030/1428 2031/2032/1428 2032/2033/1428 2030/2031/1428
f 2031/2032/1399 2017/2018/1399 2020/2021/1399 2032/2033/1399
f 2032/2033/1399 2020/2021/1399 2001/2002/1399 2015/2016/1399
f 2030/2031/1397 2032/2033/1397 2015/2016/1397 2013/2014/1397
f 2033/2034/1408 2034/2035/1408 2035/2036/1408 2036/2037/1408
f 2034/2035/1429 2037/2038/1429 2038/2039/1429 2035/2036/1429
f 2035/2036/1409 2038/2039/1409 2021/2022/1409 2018/2019/1409
f 2036/2037/1430 2035/2036/1430 2018/2019/1430 2017/2018/1430
f 2037/2038/1404 2039/2040/1404 2040/2041/1404 2038/2039/1404
f 2039/2040/1411 2041/2042/1411 2042/2043/1411 2040/2041/1411
f 2040/2041/1411 2042/2043/1411 2025/2026/1411 2023/2024/1411
f 2038/2039/1404 2040/2041/1404 2023/2024/1404 2021/2022/1404
f 2041/2042/1406 2043/2044/1406 2044/2045/1406 2042/2043/1406
f 2043/2044/1412 2045/2046/1412 2046/2047/1412 2044/2045/1412
f 2044/2045/1431 2046/2047/1431 2029/2030/1431 2027/2028/1431
f 2042/2043/1418 2044/2045/1418 2027/2028/1418 2025/2026/1418
f 2045/2046/1397 2047/2048/1397 2048/2049/1397 2046/2047/1397
f 2047/2048/1399 2033/2034/1399 2036/2037/1399 2048/2049/1399
f 2048/2049/1398 2036/2037/1398 2017/2018/1398 2031/2032/1398
f 2046/2047/1432 2048/2049/1432 2031/2032/1432 2029/2030/1432
f 2049/2050/1430 2050/2051/1430 2051/2052/1430 2052/2053/1430
f 2050/2051/1433 2053/2054/1433 2054/2055/1433 2051/2052/1433
f 2051/2052/1434 2054/2055/1434 2037/2038/1434 2034/2035/1434
f 2052/2053/1435 2051/2052/1435 2034/2035/1435 2033/2034/1435
f 2053/2054/1436 2055/2056/1436 2056/2057/1436 2054/2055/1436
f 2055/2056/1403 2057/2058/1403 2058/2059/1403 2056/2057/1403
f 2056/2057/1392 2058/2059/1392 2041/2042/1392 2039/2040/1392
f 2054/2055/1391 2056/2057/1391 2039/2040/1391 2037/2038/1391
f 2057/2058/1394 2059/2060/1394 2060/2061/1394 2058/2059/1394
f 2059/2060/1395 2061/2062/1395 2062/2063/1395 2060/2061/1395
f 2060/2061/1396 2062/2063/1396 2045/2046/1396 2043/2044/1396
f 2058/2059/1421 2060/2061/1421 2043/2044/1421 2041/2042/1421
f 2061/2062/1397 2063/2064/1397 2064/2065/1397 2062/2063/1397
f 2063/2064/1437 2049/2050/1437 2052/2053/1437 2064/2065/1437
f 2064/2065/1413 2052/2053/1413 2033/2034/1413 2047/2048/1413
f 2062/2063/1428 2064/2065/1428 2047/2048/1428 2045/2046/1428
f 2065/2066/1438 2066/2067/1438 2067/2068/1438 2068/2069/1438
f 2066/2067/1439 2069/2070/1439 2070/2071/1439 2067/2068/1439
f 2067/2068/1429 2070/2071/1429 2053/2054/1429 2050/2051/1429
f 2068/2069/1390 2067/2068/1390 2050/2051/1390 2049/2050/1390
f 2069/2070/1402 2071/2072/1402 2072/2073/1402 2070/2071/1402
f 2071/2072/1416 2073/2074/1416 2074/2075/1416 2072/2073/1416
f 2072/2073/1411 2074/2075/1411 2057/2058/1411 2055/2056/1411
f 2070/2071/1440 2072/2073/1440 2055/2056/1440 2053/2054/1440
f 2073/2074/1418 2075/2076/1418 2076/2077/1418 2074/2075/1418
f 2075/2076/1420 2077/2078/1420 2078/2079/1420 2076/2077/1420
f 2076/2077/1441 2078/2079/1441 2061/2062/1441 2059/2060/1441
f 2074/2075/1418 2076/2077/1418 2059/2060/1418 2057/2058/1418
f 2077/2078/1442 2079/2080/1442 2080/2081/1442 2078/2079/1442
f 2079/2080/1413 2065/2066/1413 2068/2069/1413 2080/2081/1413
f 2080/2081/1399 2068/2069/1399 2049/2050/1399 2063/2064/1399
f 2078/2079/1443 2080/2081/1443 2063/2064/1443 2061/2062/1443
f 2081/2082/1408 2082/2083/1408 2083/2084/1408 2084/2085/1408
f 2082/2083/1444 2085/2086/1444 2086/2087/1444 2083/2084/1444
f 2083/2084/1439 2086/2087/1439 2069/2070/1439 2066/2067/1439
f 2084/2085/1435 2083/2084/1435 2066/2067/1435 2065/2066/1435
f 2085/2086/1391 2087/2088/1391 2088/2089/1391 2086/2087/1391
f 2087/2088/1392 2089/2090/1392 2090/2091/1392 2088/2089/1392
f 2088/2089/1445 2090/2091/1445 2073/2074/1445 2071/2072/1445
f 2086/2087/1446 2088/2089/1446 2071/2072/1446 2069/2070/1446
f 2089/2090/1406 2091/2092/1406 2092/2093/1406 2090/2091/1406
f 2091/2092/1447 2093/2094/1447 2094/2095/1447 2092/2093/1447
f 2092/2093/1419 2094/2095/1419 2077/2078/1419 2075/2076/1419
f 2090/2091/1406 2092/2093/1406 2075/2076/1406 2073/2074/1406
f 2093/2094/1448 2095/2096/1448 2096/2097/1448 2094/2095/1448
f 2095/2096/1449 2081/2082/1449 2084/2085/1449 2096/2097/1449
f 2096/2097/1399 2084/2085/1399 2065/2066/1399 2079/2080/1399
f 2094/2095/1450 2096/2097/1450 2079/2080/1450 2077/2078/1450
f 2097/2098/1438 2098/2099/1438 2099/2100/1438 2100/2101/1438
f 2098/2099/1409 2101/2102/1409 2102/2103/1409 2099/2100/1409
f 2099/2100/1388 2102/2103/1388 2085/2086/1388 2082/2083/1388
f 2100/2101/1430 2099/2100/1430 2082/2083/1430 2081/2082/1430
f 2101/2102/1451 2103/2104/1451 2104/2105/1451 2102/2103/1451
f 2103/2104/1452 2105/2106/1452 2106/2107/1452 2104/2105/1452
f 2104/2105/1453 2106/2107/1453 2089/2090/1453 2087/2088/1453
f 2102/2103/1402 2104/2105/1402 2087/2088/1402 2085/2086/1402
f 2105/2106/1454 2107/2108/1454 2108/2109/1454 2106/2107/1454
f 2107/2108/1419 2109/2110/1419 2110/2111/1419 2108/2109/1419
f 2108/2109/1396 2110/2111/1396 2093/2094/1396 2091/2092/1396
f 2106/2107/1406 2108/2109/1406 2091/2092/1406 2089/2090/1406
f 2109/2110/1455 2111/2112/1455 2112/2113/1455 2110/2111/1455
f 2111/2112/1456 2097/2098/1456 2100/2101/1456 2112/2113/1456
f 2112/2113/1457 2100/2101/1457 2081/2082/1457 2095/2096/1457
f 2110/2111/1397 2112/2113/1397 2095/2096/1397 2093/2094/1397
f 2113/2114/1430 2114/2115/1430 2115/2116/1430 2116/2117/1430
f 2114/2115/1389 2117/2118/1389 2118/2119/1389 2115/2116/1389
f 2115/2116/1388 2118/2119/1388 2101/2102/1388 2098/2099/1388
f 2116/2117/1390 2115/2116/1390 2098/2099/1390 2097/2098/1390
f 2117/2118/1458 2119/2120/1458 2120/2121/1458 2118/2119/1458
f 2119/2120/1453 2121/2122/1453 2122/2123/1453 2120/2121/1453
f 2120/2121/1416 2122/2123/1416 2105/2106/1416 2103/2104/1416
f 2118/2119/1404 2120/2121/1404 2103/2104/1404 2101/2102/1404
f 2121/2122/1421 2123/2124/1421 2124/2125/1421 2122/2123/1421
f 2123/2124/1459 2125/2126/1459 2126/2127/1459 2124/2125/1459
f 2124/2125/1459 2126/2127/1459 2109/2110/1459 2107/2108/1459
f 2122/2123/1425 2124/2125/1425 2107/2108/1425 2105/2106/1425
f 2125/2126/1400 2127/2128/1400 2128/2129/1400 2126/2127/1400
f 2127/2128/1460 2113/2114/1460 2116/2117/1460 2128/2129/1460
f 2128/2129/1422 2116/2117/1422 2097/2098/1422 2111/2112/1422
f 2126/2127/1400 2128/2129/1400 2111/2112/1400 2109/2110/1400
f 2129/2130/1387 2130/2131/1387 2131/2132/1387 2132/2133/1387
f 2130/2131/1388 2133/2134/1388 2134/2135/1388 2131/2132/1388
f 2131/2132/1434 2134/2135/1434 2117/2118/1434 2114/2115/1434
f 2132/2133/1390 2131/2132/1390 2114/2115/1390 2113/2114/1390
f 2133/2134/1458 2135/2136/1458 2136/2137/1458 2134/2135/1458
f 2135/2136/1403 2137/2138/1403 2138/2139/1403 2136/2137/1403
f 2136/2137/1461 2138/2139/1461 2121/2122/1461 2119/2120/1461
f 2134/2135/1462 2136/2137/1462 2119/2120/1462 2117/2118/1462
f 2137/2138/1463 2139/2140/1463 2140/2141/1463 2138/2139/1463
f 2139/2140/1464 2141/2142/1464 2142/2143/1464 2140/2141/1464
f 2140/2141/1419 2142/2143/1419 2125/2126/1419 2123/2124/1419
f 2138/2139/1418 2140/2141/1418 2123/2124/1418 2121/2122/1418
f 2141/2142/1465 2143/2144/1465 2144/2145/1465 2142/2143/1465
f 2143/2144/1422 2129/2130/1422 2132/2133/1422 2144/2145/1422
f 2144/2145/1414 2132/2133/1414 2113/2114/1414 2127/2128/1414
f 2142/2143/1400 2144/2145/1400 2127/2128/1400 2125/2126/1400
f 2145/2146/1438 2146/2147/1438 2147/2148/1438 2148/2149/1438
f 2146/2147/1388 2149/2150/1388 2150/2151/1388 2147/2148/1388
f 2147/2148/1434 2150/2151/1434 2133/2134/1434 2130/2131/1434
f 2148/2149/1387 2147/2148/1387 2130/2131/1387 2129/2130/1387
f 2149/2150/1402 2151/2152/1402 2152/2153/1402 2150/2151/1402
f 2151/2152/1466 2153/2154/1466 2154/2155/1466 2152/2153/1466
f 2152/2153/1403 2154/2155/1403 2137/2138/1403 2135/2136/1403
f 2150/2151/1404 2152/2153/1404 2135/2136/1404 2133/2134/1404
f 2153/2154/1394 2155/2156/1394 2156/2157/1394 2154/2155/1394
f 2155/2156/1396 2157/2158/1396 2158/2159/1396 2156/2157/1396
f 2156/2157/1396 2158/2159/1396 2141/2142/1396 2139/2140/1396
f 2154/2155/1454 2156/2157/1454 2139/2140/1454 2137/2138/1454
f 2157/2158/1400 2159/2160/1400 2160/2161/1400 2158/2159/1400
f 2159/2160/1398 2145/2146/1398 2148/2149/1398 2160/2161/1398
f 2160/2161/1414 2148/2149/1414 2129/2130/1414 2143/2144/1414
f 2158/2159/1467 2160/2161/1467 2143/2144/1467 2141/2142/1467
f 2161/2162/1438 2162/2163/1438 2163/2164/1438 2164/2165/1438
f 2162/2163/1468 2165/2166/1468 2166/2167/1468 2163/2164/1468
f 2163/2164/1444 2166/2167/1444 2149/2150/1444 2146/2147/1444
f 2164/2165/1408 2163/2164/1408 2146/2147/1408 2145/2146/1408
f 2165/2166/1391 2167/2168/1391 2168/2169/1391 2166/2167/1391
f 2167/2168/1403 2169/2170/1403 2170/2171/1403 2168/2169/1403
f 2168/2169/1466 2170/2171/1466 2153/2154/1466 2151/2152/1466
f 2166/2167/1393 2168/2169/1393 2151/2152/1393 2149/2150/1393
f 2169/2170/1406 2171/2172/1406 2172/2173/1406 2170/2171/1406
f 2171/2172/1396 2173/2174/1396 2174/2175/1396 2172/2173/1396
f 2172/2173/1412 2174/2175/1412 2157/2158/1412 2155/2156/1412
f 2170/2171/1394 2172/2173/1394 2155/2156/1394 2153/2154/1394
f 2173/2174/1397 2175/2176/1397 2176/2177/1397 2174/2175/1397
f 2175/2176/1460 2161/2162/1460 2164/2165/1460 2176/2177/1460
f 2176/2177/1414 2164/2165/1414 2145/2146/1414 2159/2160/1414
f 2174/2175/1455 2176/2177/1455 2159/2160/1455 2157/2158/1455
f 2177/2178/1469 2178/2179/1469 2179/2180/1469 2180/2181/1469
f 2178/2179/1409 2181/2182/1409 2182/2183/1409 2179/2180/1409
f 2179/2180/1470 2182/2183/1470 2165/2166/1470 2162/2163/1470
f 2180/2181/1471 2179/2180/1471 2162/2163/1471 2161/2162/1471
f 2181/2182/1402 2183/2184/1402 2184/2185/1402 2182/2183/1402
f 2183/2184/1403 2185/2186/1403 2186/2187/1403 2184/2185/1403
f 2184/2185/1472 2186/2187/1472 2169/2170/1472 2167/2168/1472
f 2182/2183/1424 2184/2185/1424 2167/2168/1424 2165/2166/1424
f 2185/2186/1406 2187/2188/1406 2188/2189/1406 2186/2187/1406
f 2187/2188/1395 2189/2190/1395 2190/2191/1395 2188/2189/1395
f 2188/2189/1419 2190/2191/1419 2173/2174/1419 2171/2172/1419
f 2186/2187/1421 2188/2189/1421 2171/2172/1421 2169/2170/1421
f 2189/2190/1432 2191/2192/1432 2192/2193/1432 2190/2191/1432
f 2191/2192/1413 2177/2178/1413 2180/2181/1413 2192/2193/1413
f 2192/2193/1414 2180/2181/1414 2161/2162/1414 2175/2176/1414
f 2190/2191/1400 2192/2193/1400 2175/2176/1400 2173/2174/1400
f 2193/2194/1471 2194/2195/1471 2195/2196/1471 2196/2197/1471
f 2194/2195/1409 2197/2198/1409 2198/2199/1409 2195/2196/1409
f 2195/2196/1473 2198/2199/1473 2181/2182/1473 2178/2179/1473
f 2196/2197/1474 2195/2196/1474 2178/2179/1474 2177/2178/1474
f 2197/2198/1393 2199/2200/1393 2200/2201/1393 2198/2199/1393
f 2199/2200/1445 2201/2202/1445 2202/2203/1445 2200/2201/1445
f 2200/2201/1411 2202/2203/1411 2185/2186/1411 2183/2184/1411
f 2198/2199/1436 2200/2201/1436 2183/2184/1436 2181/2182/1436
f 2201/2202/1394 2203/2204/1394 2204/2205/1394 2202/2203/1394
f 2203/2204/1475 2205/2206/1475 2206/2207/1475 2204/2205/1475
f 2204/2205/1412 2206/2207/1412 2189/2190/1412 2187/2188/1412
f 2202/2203/1418 2204/2205/1418 2187/2188/1418 2185/2186/1418
f 2205/2206/1455 2207/2208/1455 2208/2209/1455 2206/2207/1455
f 2207/2208/1422 2193/2194/1422 2196/2197/1422 2208/2209/1422
f 2208/2209/1398 2196/2197/1398 2177/2178/1398 2191/2192/1398
f 2206/2207/1407 2208/2209/1407 2191/2192/1407 2189/2190/1407
f 2209/2210/1430 2210/2211/1430 2211/2212/1430 2212/2213/1430
f 2210/2211/1388 2213/2214/1388 2214/2215/1388 2211/2212/1388
f 2211/2212/1439 2214/2215/1439 2197/2198/1439 2194/2195/1439
f 2212/2213/1387 2211/2212/1387 2194/2195/1387 2193/2194/1387
f 2213/2214/1391 2215/2216/1391 2216/2217/1391 2214/2215/1391
f 2215/2216/1453 2217/2218/1453 2218/2219/1453 2216/2217/1453
f 2216/2217/1392 2218/2219/1392 2201/2202/1392 2199/2200/1392
f 2214/2215/1410 2216/2217/1410 2199/2200/1410 2197/2198/1410
f 2217/2218/1476 2219/2220/1476 2220/2221/1476 2218/2219/1476
f 2219/2220/1477 2221/2222/1477 2222/2223/1477 2220/2221/1477
f 2220/2221/1419 2222/2223/1419 2205/2206/1419 2203/2204/1419
f 2218/2219/1406 2220/2221/1406 2203/2204/1406 2201/2202/1406
f 2221/2222/1397 2223/2224/1397 2224/2225/1397 2222/2223/1397
f 2223/2224/1413 2209/2210/1413 2212/2213/1413 2224/2225/1413
f 2224/2225/1457 2212/2213/1457 2193/2194/1457 2207/2208/1457
f 2222/2223/1478 2224/2225/1478 2207/2208/1478 2205/2206/1478
f 2225/2226/1438 2226/2227/1438 2227/2228/1438 2228/2229/1438
f 2226/2227/1479 2229/2230/1479 2230/2231/1479 2227/2228/1479
f 2227/2228/1439 2230/2231/1439 2213/2214/1439 2210/2211/1439
f 2228/2229/1471 2227/2228/1471 2210/2211/1471 2209/2210/1471
f 2229/2230/1480 2231/2232/1480 2232/2233/1480 2230/2231/1480
f 2231/2232/1481 2233/2234/1481 2234/2235/1481 2232/2233/1481
f 2232/2233/1416 2234/2235/1416 2217/2218/1416 2215/2216/1416
f 2230/2231/1391 2232/2233/1391 2215/2216/1391 2213/2214/1391
f 2233/2234/1482 2235/2236/1482 2236/2237/1482 2234/2235/1482
f 2235/2236/1396 2237/2238/1396 2238/2239/1396 2236/2237/1396
f 2236/2237/1483 2238/2239/1483 2221/2222/1483 2219/2220/1483
f 2234/2235/1482 2236/2237/1482 2219/2220/1482 2217/2218/1482
f 2237/2238/1484 2239/2240/1484 2240/2241/1484 2238/2239/1484
f 2239/2240/1399 2225/2226/1399 2228/2229/1399 2240/2241/1399
f 2240/2241/1414 2228/2229/1414 2209/2210/1414 2223/2224/1414
f 2238/2239/1448 2240/2241/1448 2223/2224/1448 2221/2222/1448
f 2241/2242/1415 2242/2243/1415 2243/2244/1415 2244/2245/1415
f 2242/2243/1433 2245/2246/1433 2246/2247/1433 2243/2244/1433
f 2243/2244/1485 2246/2247/1485 2229/2230/1485 2226/2227/1485
f 2244/2245/1387 2243/2244/1387 2226/2227/1387 2225/2226/1387
f 2245/2246/1486 2247/2248/1486 2248/2249/1486 2246/2247/1486
f 2247/2248/1487 2249/2250/1487 2250/2251/1487 2248/2249/1487
f 2248/2249/1453 2250/2251/1453 2233/2234/1453 2231/2232/1453
f 2246/2247/1391 2248/2249/1391 2231/2232/1391 2229/2230/1391
f 2249/2250/1406 2251/2252/1406 2252/2253/1406 2250/2251/1406
f 2251/2252/1459 2253/2254/1459 2254/2255/1459 2252/2253/1459
f 2252/2253/1488 2254/2255/1488 2237/2238/1488 2235/2236/1488
f 2250/2251/1427 2252/2253/1427 2235/2236/1427 2233/2234/1427
f 2253/2254/1443 2255/2256/1443 2256/2257/1443 2254/2255/1443
f 2255/2256/1449 2241/2242/1449 2244/2245/1449 2256/2257/1449
f 2256/2257/1422 2244/2245/1422 2225/2226/1422 2239/2240/1422
f 2254/2255/1455 2256/2257/1455 2239/2240/1455 2237/2238/1455
f 243/244/1489 242/243/1489 2257/2258/1489 2258/2259/1489
f 242/243/1490 241/242/1490 2259/2260/1490 2257/2258/1490
f 2257/2258/1491 2259/2260/1491 2245/2246/1491 2242/2243/1491
f 2258/2259/1492 2257/2258/1492 2242/2243/1492 2241/2242/1492
f 241/242/1493 240/241/1493 2260/2261/1493 2259/2260/1493
f 240/241/1494 239/240/1494 2261/2262/1494 2260/2261/1494
f 2260/2261/1495 2261/2262/1495 2249/2250/1495 2247/2248/1495
f 2259/2260/1496 2260/2261/1496 2247/2248/1496 2245/2246/1496
f 239/240/1497 236/237/1497 2262/2263/1497 2261/2262/1497
f 236/237/1498 235/236/1498 2263/2264/1498 2262/2263/1498
f 2262/2263/1499 2263/2264/1499 2253/2254/1499 2251/2252/1499
f 2261/2262/1500 2262/2263/1500 2251/2252/1500 2249/2250/1500
f 235/236/1501 238/239/1501 2264/2265/1501 2263/2264/1501
f 238/239/1502 243/244/1502 2258/2259/1502 2264/2265/1502
f 2264/2265/1503 2258/2259/1503 2241/2242/1503 2255/2256/1503
f 2263/2264/1504 2264/2265/1504 2255/2256/1504 2253/2254/1504
f 2265/2266/1505 2266/2267/1505 2267/2268/1505 2268/2269/1505
f 2266/2267/1506 2269/2270/1506 2270/2271/1506 2267/2268/1506
f 2267/2268/1507 2270/2271/1507 1189/1190/1507 1186/1187/1507
f 2268/2269/1508 2267/2268/1508 1186/1187/1508 1185/1186/1508
f 2269/2270/1509 2271/2272/1509 2272/2273/1509 2270/2271/1509
f 2271/2272/1510 2273/2274/1510 2274/2275/1510 2272/2273/1510
f 2272/2273/1511 2274/2275/1511 1193/1194/1511 1191/1192/1511
f 2270/2271/1512 2272/2273/1512 1191/1192/1512 1189/1190/1512
f 2273/2274/1513 2275/2276/1513 2276/2277/1513 2274/2275/1513
f 2275/2276/1514 2277/2278/1514 2278/2279/1514 2276/2277/1514
f 2276/2277/1515 2278/2279/1515 1197/1198/1515 1195/1196/1515
f 2274/2275/1516 2276/2277/1516 1195/1196/1516 1193/1194/1516
f 2277/2278/1517 2279/2280/1517 2280/2281/1517 2278/2279/1517
f 2279/2280/1518 2265/2266/1518 2268/2269/1518 2280/2281/1518
f 2280/2281/1519 2268/2269/1519 1185/1186/1519 1199/1200/1519
f 2278/2279/1520 2280/2281/1520 1199/1200/1520 1197/1198/1520
f 2281/2282/1521 2282/2283/1521 2283/2284/1521 2284/2285/1521
f 2282/2283/1522 2285/2286/1522 2286/2287/1522 2283/2284/1522
f 2283/2284/1523 2286/2287/1523 2269/2270/1523 2266/2267/1523
f 2284/2285/1524 2283/2284/1524 2266/2267/1524 2265/2266/1524
f 2285/2286/1525 2287/2288/1525 2288/2289/1525 2286/2287/1525
f 2287/2288/1526 2289/2290/1526 2290/2291/1526 2288/2289/1526
f 2288/2289/1527 2290/2291/1527 2273/2274/1527 2271/2272/1527
f 2286/2287/1528 2288/2289/1528 2271/2272/1528 2269/2270/1528
f 2289/2290/1529 2291/2292/1529 2292/2293/1529 2290/2291/1529
f 2291/2292/1530 2293/2294/1530 2294/2295/1530 2292/2293/1530
f 2292/2293/1531 2294/2295/1531 2277/2278/1531 2275/2276/1531
f 2290/2291/1532 2292/2293/1532 2275/2276/1532 2273/2274/1532
f 2293/2294/1533 2295/2296/1533 2296/2297/1533 2294/2295/1533
f 2295/2296/1534 2281/2282/1534 2284/2285/1534 2296/2297/1534
f 2296/2297/1535 2284/2285/1535 2265/2266/1535 2279/2280/1535
f 2294/2295/1536 2296/2297/1536 2279/2280/1536 2277/2278/1536
f 2297/2298/1537 2298/2299/1537 2299/2300/1537 2300/2301/1537
f 2298/2299/1538 2301/2302/1538 2302/2303/1538 2299/2300/1538
f 2299/2300/1538 2302/2303/1538 2285/2286/1538 2282/2283/1538
f 2300/2301/1539 2299/2300/1539 2282/2283/1539 2281/2282/1539
f 2301/2302/1525 2303/2304/1525 2304/2305/1525 2302/2303/1525
f 2303/2304/1540 2305/2306/1540 2306/2307/1540 2304/2305/1540
f 2304/2305/1526 2306/2307/1526 2289/2290/1526 2287/2288/1526
f 2302/2303/1541 2304/2305/1541 2287/2288/1541 2285/2286/1541
f 2305/2306/1529 2307/2308/1529 2308/2309/1529 2306/2307/1529
f 2307/2308/1530 2309/2310/1530 2310/2311/1530 2308/2309/1530
f 2308/2309/1542 2310/2311/1542 2293/2294/1542 2291/2292/1542
f 2306/2307/1543 2308/2309/1543 2291/2292/1543 2289/2290/1543
f 2309/2310/1544 2311/2312/1544 2312/2313/1544 2310/2311/1544
f 2311/2312/1545 2297/2298/1545 2300/2301/1545 2312/2313/1545
f 2312/2313/1534 2300/2301/1534 2281/2282/1534 2295/2296/1534
f 2310/2311/1546 2312/2313/1546 2295/2296/1546 2293/2294/1546
f 2313/2314/1547 2314/2315/1547 2315/2316/1547 2316/2317/1547
f 2314/2315/1548 2317/2318/1548 2318/2319/1548 2315/2316/1548
f 2315/2316/1538 2318/2319/1538 2301/2302/1538 2298/2299/1538
f 2316/2317/1537 2315/2316/1537 2298/2299/1537 2297/2298/1537
f 2317/2318/1541 2319/2320/1541 2320/2321/1541 2318/2319/1541
f 2319/2320/1540 2321/2322/1540 2322/2323/1540 2320/2321/1540
f 2320/2321/1540 2322/2323/1540 2305/2306/1540 2303/2304/1540
f 2318/2319/1549 2320/2321/1549 2303/2304/1549 2301/2302/1549
f 2321/2322/1543 2323/2324/1543 2324/2325/1543 2322/2323/1543
f 2323/2324/1550 2325/2326/1550 2326/2327/1550 2324/2325/1550
f 2324/2325/1551 2326/2327/1551 2309/2310/1551 2307/2308/1551
f 2322/2323/1552 2324/2325/1552 2307/2308/1552 2305/2306/1552
f 2325/2326/1533 2327/2328/1533 2328/2329/1533 2326/2327/1533
f 2327/2328/1534 2313/2314/1534 2316/2317/1534 2328/2329/1534
f 2328/2329/1534 2316/2317/1534 2297/2298/1534 2311/2312/1534
f 2326/2327/1553 2328/2329/1553 2311/2312/1553 2309/2310/1553
f 2329/2330/1521 2330/2331/1521 2331/2332/1521 2332/2333/1521
f 2330/2331/1554 2333/2334/1554 2334/2335/1554 2331/2332/1554
f 2331/2332/1538 2334/2335/1538 2317/2318/1538 2314/2315/1538
f 2332/2333/1555 2331/2332/1555 2314/2315/1555 2313/2314/1555
f 2333/2334/1541 2335/2336/1541 2336/2337/1541 2334/2335/1541
f 2335/2336/1556 2337/2338/1556 2338/2339/1556 2336/2337/1556
f 2336/2337/1557 2338/2339/1557 2321/2322/1557 2319/2320/1557
f 2334/2335/1541 2336/2337/1541 2319/2320/1541 2317/2318/1541
f 2337/2338/1543 2339/2340/1543 2340/2341/1543 2338/2339/1543
f 2339/2340/1558 2341/2342/1558 2342/2343/1558 2340/2341/1558
f 2340/2341/1542 2342/2343/1542 2325/2326/1542 2323/2324/1542
f 2338/2339/1559 2340/2341/1559 2323/2324/1559 2321/2322/1559
f 2341/2342/1553 2343/2344/1553 2344/2345/1553 2342/2343/1553
f 2343/2344/1534 2329/2330/1534 2332/2333/1534 2344/2345/1534
f 2344/2345/1534 2332/2333/1534 2313/2314/1534 2327/2328/1534
f 2342/2343/1546 2344/2345/1546 2327/2328/1546 2325/2326/1546
f 2345/2346/1560 2346/2347/1560 2347/2348/1560 2348/2349/1560
f 2346/2347/1561 2349/2350/1561 2350/2351/1561 2347/2348/1561
f 2347/2348/1554 2350/2351/1554 2333/2334/1554 2330/2331/1554
f 2348/2349/1560 2347/2348/1560 2330/2331/1560 2329/2330/1560
f 2349/2350/1525 2351/2352/1525 2352/2353/1525 2350/2351/1525
f 2351/2352/1527 2353/2354/1527 2354/2355/1527 2352/2353/1527
f 2352/2353/1540 2354/2355/1540 2337/2338/1540 2335/2336/1540
f 2350/2351/1541 2352/2353/1541 2335/2336/1541 2333/2334/1541
f 2353/2354/1559 2355/2356/1559 2356/2357/1559 2354/2355/1559
f 2355/2356/1562 2357/2358/1562 2358/2359/1562 2356/2357/1562
f 2356/2357/1558 2358/2359/1558 2341/2342/1558 2339/2340/1558
f 2354/2355/1563 2356/2357/1563 2339/2340/1563 2337/2338/1563
f 2357/2358/1564 2359/2360/1564 2360/2361/1564 2358/2359/1564
f 2359/2360/1535 2345/2346/1535 2348/2349/1535 2360/2361/1535
f 2360/2361/1534 2348/2349/1534 2329/2330/1534 2343/2344/1534
f 2358/2359/1544 2360/2361/1544 2343/2344/1544 2341/2342/1544
f 2361/2362/1539 2362/2363/1539 2363/2364/1539 2364/2365/1539
f 2362/2363/1565 2365/2366/1565 2366/2367/1565 2363/2364/1565
f 2363/2364/1523 2366/2367/1523 2349/2350/1523 2346/2347/1523
f 2364/2365/1537 2363/2364/1537 2346/2347/1537 2345/2346/1537
f 2365/2366/1541 2367/2368/1541 2368/2369/1541 2366/2367/1541
f 2367/2368/1540 2369/2370/1540 2370/2371/1540 2368/2369/1540
f 2368/2369/1527 2370/2371/1527 2353/2354/1527 2351/2352/1527
f 2366/2367/1566 2368/2369/1566 2351/2352/1566 2349/2350/1566
f 2369/2370/1552 2371/2372/1552 2372/2373/1552 2370/2371/1552
f 2371/2372/1530 2373/2374/1530 2374/2375/1530 2372/2373/1530
f 2372/2373/1562 2374/2375/1562 2357/2358/1562 2355/2356/1562
f 2370/2371/1567 2372/2373/1567 2355/2356/1567 2353/2354/1567
f 2373/2374/1544 2375/2376/1544 2376/2377/1544 2374/2375/1544
f 2375/2376/1545 2361/2362/1545 2364/2365/1545 2376/2377/1545
f 2376/2377/1568 2364/2365/1568 2345/2346/1568 2359/2360/1568
f 2374/2375/1533 2376/2377/1533 2359/2360/1533 2357/2358/1533
f 2377/2378/1524 2378/2379/1524 2379/2380/1524 2380/2381/1524
f 2378/2379/1522 2381/2382/1522 2382/2383/1522 2379/2380/1522
f 2379/2380/1554 2382/2383/1554 2365/2366/1554 2362/2363/1554
f 2380/2381/1537 2379/2380/1537 2362/2363/1537 2361/2362/1537
f 2381/2382/1549 2383/2384/1549 2384/2385/1549 2382/2383/1549
f 2383/2384/1527 2385/2386/1527 2386/2387/1527 2384/2385/1527
f 2384/2385/1527 2386/2387/1527 2369/2370/1527 2367/2368/1527
f 2382/2383/1541 2384/2385/1541 2367/2368/1541 2365/2366/1541
f 2385/2386/1569 2387/2388/1569 2388/2389/1569 2386/2387/1569
f 2387/2388/1550 2389/2390/1550 2390/2391/1550 2388/2389/1550
f 2388/2389/1558 2390/2391/1558 2373/2374/1558 2371/2372/1558
f 2386/2387/1559 2388/2389/1559 2371/2372/1559 2369/2370/1559
f 2389/2390/1544 2391/2392/1544 2392/2393/1544 2390/2391/1544
f 2391/2392/1534 2377/2378/1534 2380/2381/1534 2392/2393/1534
f 2392/2393/1535 2380/2381/1535 2361/2362/1535 2375/2376/1535
f 2390/2391/1533 2392/2393/1533 2375/2376/1533 2373/2374/1533
f 2393/2394/1555 2394/2395/1555 2395/2396/1555 2396/2397/1555
f 2394/2395/1538 2397/2398/1538 2398/2399/1538 2395/2396/1538
f 2395/2396/1554 2398/2399/1554 2381/2382/1554 2378/2379/1554
f 2396/2397/1524 2395/2396/1524 2378/2379/1524 2377/2378/1524
f 2397/2398/1528 2399/2400/1528 2400/2401/1528 2398/2399/1528
f 2399/2400/1570 2401/2402/1570 2402/2403/1570 2400/2401/1570
f 2400/2401/1557 2402/2403/1557 2385/2386/1557 2383/2384/1557
f 2398/2399/1549 2400/2401/1549 2383/2384/1549 2381/2382/1549
f 2401/2402/1571 2403/2404/1571 2404/2405/1571 2402/2403/1571
f 2403/2404/1551 2405/2406/1551 2406/2407/1551 2404/2405/1551
f 2404/2405/1562 2406/2407/1562 2389/2390/1562 2387/2388/1562
f 2402/2403/1572 2404/2405/1572 2387/2388/1572 2385/2386/1572
f 2405/2406/1573 2407/2408/1573 2408/2409/1573 2406/2407/1573
f 2407/2408/1534 2393/2394/1534 2396/2397/1534 2408/2409/1534
f 2408/2409/1574 2396/2397/1574 2377/2378/1574 2391/2392/1574
f 2406/2407/1533 2408/2409/1533 2391/2392/1533 2389/2390/1533
f 2409/2410/1539 2410/2411/1539 2411/2412/1539 2412/2413/1539
f 2410/2411/1575 2413/2414/1575 2414/2415/1575 2411/2412/1575
f 2411/2412/1576 2414/2415/1576 2397/2398/1576 2394/2395/1576
f 2412/2413/1577 2411/2412/1577 2394/2395/1577 2393/2394/1577
f 2413/2414/1541 2415/2416/1541 2416/2417/1541 2414/2415/1541
f 2415/2416/1527 2417/2418/1527 2418/2419/1527 2416/2417/1527
f 2416/2417/1556 2418/2419/1556 2401/2402/1556 2399/2400/1556
f 2414/2415/1541 2416/2417/1541 2399/2400/1541 2397/2398/1541
f 2417/2418/1543 2419/2420/1543 2420/2421/1543 2418/2419/1543
f 2419/2420/1578 2421/2422/1578 2422/2423/1578 2420/2421/1578
f 2420/2421/1579 2422/2423/1579 2405/2406/1579 2403/2404/1579
f 2418/2419/1580 2420/2421/1580 2403/2404/1580 2401/2402/1580
f 2421/2422/1533 2423/2424/1533 2424/2425/1533 2422/2423/1533
f 2423/2424/1534 2409/2410/1534 2412/2413/1534 2424/2425/1534
f 2424/2425/1535 2412/2413/1535 2393/2394/1535 2407/2408/1535
f 2422/2423/1533 2424/2425/1533 2407/2408/1533 2405/2406/1533
f 2425/2426/1537 2426/2427/1537 2427/2428/1537 2428/2429/1537
f 2426/2427/1581 2429/2430/1581 2430/2431/1581 2427/2428/1581
f 2427/2428/1582 2430/2431/1582 2413/2414/1582 2410/2411/1582
f 2428/2429/1539 2427/2428/1539 2410/2411/1539 2409/2410/1539
f 2429/2430/1525 2431/2432/1525 2432/2433/1525 2430/2431/1525
f 2431/2432/1540 2433/2434/1540 2434/2435/1540 2432/2433/1540
f 2432/2433/1527 2434/2435/1527 2417/2418/1527 2415/2416/1527
f 2430/2431/1541 2432/2433/1541 2415/2416/1541 2413/2414/1541
f 2433/2434/1543 2435/2436/1543 2436/2437/1543 2434/2435/1543
f 2435/2436/1558 2437/2438/1558 2438/2439/1558 2436/2437/1558
f 2436/2437/1583 2438/2439/1583 2421/2422/1583 2419/2420/1583
f 2434/2435/1543 2436/2437/1543 2419/2420/1543 2417/2418/1543
f 2437/2438/1533 2439/2440/1533 2440/2441/1533 2438/2439/1533
f 2439/2440/1535 2425/2426/1535 2428/2429/1535 2440/2441/1535
f 2440/2441/1534 2428/2429/1534 2409/2410/1534 2423/2424/1534
f 2438/2439/1584 2440/2441/1584 2423/2424/1584 2421/2422/1584
f 2441/2442/1537 2442/2443/1537 2443/2444/1537 2444/2445/1537
f 2442/2443/1554 2445/2446/1554 2446/2447/1554 2443/2444/1554
f 2443/2444/1523 2446/2447/1523 2429/2430/1523 2426/2427/1523
f 2444/2445/1585 2443/2444/1585 2426/2427/1585 2425/2426/1585
f 2445/2446/1528 2447/2448/1528 2448/2449/1528 2446/2447/1528
f 2447/2448/1557 2449/2450/1557 2450/2451/1557 2448/2449/1557
f 2448/2449/1586 2450/2451/1586 2433/2434/1586 2431/2432/1586
f 2446/2447/1528 2448/2449/1528 2431/2432/1528 2429/2430/1528
f 2449/2450/1563 2451/2452/1563 2452/2453/1563 2450/2451/1563
f 2451/2452/1587 2453/2454/1587 2454/2455/1587 2452/2453/1587
f 2452/2453/1588 2454/2455/1588 2437/2438/1588 2435/2436/1588
f 2450/2451/1569 2452/2453/1569 2435/2436/1569 2433/2434/1569
f 2453/2454/1564 2455/2456/1564 2456/2457/1564 2454/2455/1564
f 2455/2456/1589 2441/2442/1589 2444/2445/1589 2456/2457/1589
f 2456/2457/1534 2444/2445/1534 2425/2426/1534 2439/2440/1534
f 2454/2455/1544 2456/2457/1544 2439/2440/1544 2437/2438/1544
f 234/235/1590 233/234/1590 2457/2458/1590 2458/2459/1590
f 233/234/1591 232/233/1591 2459/2460/1591 2457/2458/1591
f 2457/2458/1592 2459/2460/1592 2445/2446/1592 2442/2443/1592
f 2458/2459/1593 2457/2458/1593 2442/2443/1593 2441/2442/1593
f 232/233/1594 231/232/1594 2460/2461/1594 2459/2460/1594
f 231/232/1595 230/231/1595 2461/2462/1595 2460/2461/1595
f 2460/2461/1596 2461/2462/1596 2449/2450/1596 2447/2448/1596
f 2459/2460/1597 2460/2461/1597 2447/2448/1597 2445/2446/1597
f 230/231/1598 227/228/1598 2462/2463/1598 2461/2462/1598
f 227/228/1599 226/227/1599 2463/2464/1599 2462/2463/1599
f 2462/2463/1600 2463/2464/1600 2453/2454/1600 2451/2452/1600
f 2461/2462/1601 2462/2463/1601 2451/2452/1601 2449/2450/1601
f 226/227/1602 229/230/1602 2464/2465/1602 2463/2464/1602
f 229/230/1603 234/235/1603 2458/2459/1603 2464/2465/1603
f 2464/2465/1604 2458/2459/1604 2441/2442/1604 2455/2456/1604
f 2463/2464/1605 2464/2465/1605 2455/2456/1605 2453/2454/1605
f 2465/2466/1606 2466/2467/1606 2467/2468/1606 2468/2469/1606 2469/2470/1606 2470/2471/1606 2471/2472/1606 2472/2473/1606 2473/2474/1606 2474/2475/1606
f 2467/2468/1607 2475/2476/1607 2476/2477/1607 2477/2478/1607 2478/2479/1607 2479/2480/1607 2468/2469/1607
f 2480/2481/1608 2476/2477/1608 2475/2476/1608 2481/2482/1608 2482/2483/1608
f 2483/2484/1609 2484/2485/1609 2482/2483/1609 2481/2482/1609 2485/2486/1609 2486/2487/1609 2487/2488/1609 2488/2489/1609
f 2489/2490/1610 2490/2491/1610 2491/2492/1610 2492/2493/1610 2493/2494/1610 2494/2495/1610 2495/2496/1610 2496/2497/1610 2486/2487/1610 2497/2498/1610 2498/2499/1610 2499/2500/1610 2500/2501/1610 2501/2502/1610 2502/2503/1610
f 2503/2504/1611 2497/2498/1611 2486/2487/1611 2485/2486/1611 2504/2505/1611 2491/2492/1611 2490/2491/1611 2505/2506/1611
f 2506/2507/1612 2507/2508/1612 2508/2509/1612 2509/2510/1612 2510/2511/1612 2504/2505/1612 2511/2512/1612 2512/2513/1612 2513/2514/1612
f 2472/2473/1613 2471/2472/1613 2514/2515/1613 2515/2516/1613 2516/2517/1613 2517/2518/1613 2518/2519/1613 2466/2467/1613 2465/2466/1613 2519/2520/1613 2520/2521/1613 2521/2522/1613 2522/2523/1613 2523/2524/1613 2524/2525/1613
f 2525/2526/1614 2526/2527/1614 2511/2528/1614 2527/2529/1614 2528/2530/1614 2529/2531/1614 2530/2532/1614 2531/2533/1614 2532/2534/1614 2533/2535/1614 2534/2536/1614
f 2535/2537/1615 2536/2538/1615 2537/2539/1615 2538/2540/1615 2539/2541/1615 2526/2527/1615
f 2540/2542/1616 2541/2543/1616 2467/2468/1616 2466/2467/1616 2542/2544/1616 2543/2545/1616 2544/2546/1616 2545/2547/1616 2546/2548/1616 2547/2549/1616 2548/2550/1616 2549/2551/1616 2550/2552/1616
f 2551/2553/1617 2546/2548/1617 2545/2547/1617 2552/2554/1617 2553/2555/1617 2554/2556/1617 2555/2557/1617 2475/2476/1617 2467/2468/1617 2541/2543/1617 2556/2558/1617 2557/2559/1617
f 2558/2560/1618 2559/2561/1618 2481/2482/1618 2475/2476/1618 2555/2557/1618
f 2560/2562/1619 2485/2486/1619 2481/2482/1619 2559/2561/1619 2561/2563/1619 2562/2564/1619 2563/2565/1619 2564/2566/1619
f 2565/2567/1620 2566/2568/1620 2567/2569/1620 2568/2570/1620 2504/2505/1620 2485/2486/1620 2560/2562/1620 2569/2571/1620 2570/2572/1620
f 2571/2573/1621 2511/2512/1621 2504/2505/1621 2572/2574/1621 2573/2575/1621 2574/2576/1621 2575/2577/1621 2576/2578/1621 2577/2579/1621
f 2578/2580/1622 2542/2544/1622 2466/2467/1622 2518/2519/1622 2579/2581/1622 2580/2582/1622 2581/2583/1622
f 2582/2584/1623 2583/2585/1623 2584/2586/1623 2585/2587/1623 2586/2588/1623 2587/2589/1623 2588/2590/1623 2511/2528/1623 2526/2527/1623 2589/2591/1623 2590/2592/1623
f 2591/2593/1624 2526/2527/1624 2539/2541/1624 2592/2594/1624 2593/2595/1624 2594/2596/1624
f 2595/2597/1625 2596/2598/1625 2597/2599/1625 2598/2600/1625 2599/2601/1625 2600/2602/1625 2601/2603/1625 2602/2604/1625 2603/2605/1625 2604/2606/1625
f 2597/2599/1626 2605/2607/1626 2606/2608/1626 2607/2609/1626 2608/2610/1626 2609/2611/1626 2598/2600/1626
f 2610/2612/1627 2606/2608/1627 2605/2607/1627 2611/2613/1627 2612/2614/1627
f 2613/2615/1628 2614/2616/1628 2612/2614/1628 2611/2613/1628 2615/2617/1628 2616/2618/1628 2617/2619/1628 2618/2620/1628
f 2619/2621/1629 2620/2622/1629 2621/2623/1629 2622/2624/1629 2623/2625/1629 2624/2626/1629 2625/2627/1629 2626/2628/1629 2616/2618/1629 2627/2629/1629 2628/2630/1629 2629/2631/1629 2630/2632/1629 2631/2633/1629 2632/2634/1629
f 2633/2635/1630 2627/2629/1630 2616/2618/1630 2615/2617/1630 2634/2636/1630 2621/2623/1630 2620/2622/1630 2635/2637/1630
f 2636/2638/1631 2637/2639/1631 2638/2640/1631 2639/2641/1631 2640/2642/1631 2634/2636/1631 2641/2643/1631 2642/2644/1631 2643/2645/1631
f 2602/2604/1632 2601/2603/1632 2644/2646/1632 2645/2647/1632 2646/2648/1632 2647/2649/1632 2648/2650/1632 2596/2598/1632 2595/2597/1632 2649/2651/1632 2650/2652/1632 2651/2653/1632 2652/2654/1632 2653/2655/1632 2654/2656/1632
f 2655/2657/1633 2656/2658/1633 2641/2659/1633 2657/2660/1633 2658/2661/1633 2659/2662/1633 2660/2663/1633 2661/2664/1633 2662/2665/1633 2663/2666/1633 2664/2667/1633
f 2665/2668/1634 2666/2669/1634 2667/2670/1634 2668/2671/1634 2669/2672/1634 2656/2658/1634
f 2670/2673/1635 2671/2674/1635 2597/2599/1635 2596/2598/1635 2672/2675/1635 2673/2676/1635 2674/2677/1635 2675/2678/1635 2676/2679/1635 2677/2680/1635 2678/2681/1635 2679/2682/1635 2680/2683/1635
f 2681/2684/1636 2676/2679/1636 2675/2678/1636 2682/2685/1636 2683/2686/1636 2684/2687/1636 2685/2688/1636 2605/2607/1636 2597/2599/1636 2671/2674/1636 2686/2689/1636 2687/2690/1636
f 2688/2691/1637 2689/2692/1637 2611/2613/1637 2605/2607/1637 2685/2688/1637
f 2690/2693/1638 2615/2617/1638 2611/2613/1638 2689/2692/1638 2691/2694/1638 2692/2695/1638 2693/2696/1638 2694/2697/1638
f 2695/2698/1639 2696/2699/1639 2697/2700/1639 2698/2701/1639 2634/2636/1639 2615/2617/1639 2690/2693/1639 2699/2702/1639 2700/2703/1639
f 2701/2704/1640 2641/2643/1640 2634/2636/1640 2702/2705/1640 2703/2706/1640 2704/2707/1640 2705/2708/1640 2706/2709/1640 2707/2710/1640
f 2708/2711/1641 2672/2675/1641 2596/2598/1641 2648/2650/1641 2709/2712/1641 2710/2713/1641 2711/2714/1641
f 2712/2715/1642 2713/2716/1642 2714/2717/1642 2715/2718/1642 2716/2719/1642 2717/2720/1642 2718/2721/1642 2641/2659/1642 2656/2658/1642 2719/2722/1642 2720/2723/1642
f 2721/2724/1643 2656/2658/1643 2669/2672/1643 2722/2725/1643 2723/2726/1643 2724/2727/1643
f 2725/2728/1644 2726/2729/1644 2727/2730/1644 2728/2731/1644 2729/2732/1644 2730/2733/1644 2731/2734/1644 2732/2735/1644 2733/2736/1644 2734/2737/1644
f 2727/2730/1645 2735/2738/1645 2736/2739/1645 2737/2740/1645 2738/2741/1645 2739/2742/1645 2728/2731/1645
f 2740/2743/1646 2736/2739/1646 2735/2738/1646 2741/2744/1646 2742/2745/1646
f 2743/2746/1647 2744/2747/1647 2742/2745/1647 2741/2744/1647 2745/2748/1647 2746/2749/1647 2747/2750/1647 2748/2751/1647
f 2749/2752/1648 2750/2753/1648 2751/2754/1648 2752/2755/1648 2753/2756/1648 2754/2757/1648 2755/2758/1648 2756/2759/1648 2746/2749/1648 2757/2760/1648 2758/2761/1648 2759/2762/1648 2760/2763/1648 2761/2764/1648 2762/2765/1648
f 2763/2766/1649 2757/2760/1649 2746/2749/1649 2745/2748/1649 2764/2767/1649 2751/2754/1649 2750/2753/1649 2765/2768/1649
f 2766/2769/1650 2767/2770/1650 2768/2771/1650 2769/2772/1650 2770/2773/1650 2764/2767/1650 2771/2774/1650 2772/2775/1650 2773/2776/1650
f 2732/2735/1651 2731/2734/1651 2774/2777/1651 2775/2778/1651 2776/2779/1651 2777/2780/1651 2778/2781/1651 2726/2729/1651 2725/2728/1651 2779/2782/1651 2780/2783/1651 2781/2784/1651 2782/2785/1651 2783/2786/1651 2784/2787/1651
f 2785/2788/1652 2786/2789/1652 2771/2790/1652 2787/2791/1652 2788/2792/1652 2789/2793/1652 2790/2794/1652 2791/2795/1652 2792/2796/1652 2793/2797/1652 2794/2798/1652
f 2795/2799/1653 2796/2800/1653 2797/2801/1653 2798/2802/1653 2799/2803/1653 2786/2789/1653
f 2800/2804/1654 2801/2805/1654 2727/2730/1654 2726/2729/1654 2802/2806/1654 2803/2807/1654 2804/2808/1654 2805/2809/1654 2806/2810/1654 2807/2811/1654 2808/2812/1654 2809/2813/1654 2810/2814/1654
f 2811/2815/1655 2806/2810/1655 2805/2809/1655 2812/2816/1655 2813/2817/1655 2814/2818/1655 2815/2819/1655 2735/2738/1655 2727/2730/1655 2801/2805/1655 2816/2820/1655 2817/2821/1655
f 2818/2822/1656 2819/2823/1656 2741/2744/1656 2735/2738/1656 2815/2819/1656
f 2820/2824/1657 2745/2748/1657 2741/2744/1657 2819/2823/1657 2821/2825/1657 2822/2826/1657 2823/2827/1657 2824/2828/1657
f 2825/2829/1658 2826/2830/1658 2827/2831/1658 2828/2832/1658 2764/2767/1658 2745/2748/1658 2820/2824/1658 2829/2833/1658 2830/2834/1658
f 2831/2835/1659 2771/2774/1659 2764/2767/1659 2832/2836/1659 2833/2837/1659 2834/2838/1659 2835/2839/1659 2836/2840/1659 2837/2841/1659
f 2838/2842/1660 2802/2806/1660 2726/2729/1660 2778/2781/1660 2839/2843/1660 2840/2844/1660 2841/2845/1660
f 2842/2846/1661 2843/2847/1661 2844/2848/1661 2845/2849/1661 2846/2850/1661 2847/2851/1661 2848/2852/1661 2771/2790/1661 2786/2789/1661 2849/2853/1661 2850/2854/1661
f 2851/2855/1662 2786/2789/1662 2799/2803/1662 2852/2856/1662 2853/2857/1662 2854/2858/1662
usemtl Material.022
f 2855/2859/1663 2856/2860/1663 2857/2861/1663 2858/2862/1663 2859/2863/1663 2860/2864/1663 2861/2865/1663 2862/2866/1663 2863/2867/1663 2864/2868/1663 2865/2869/1663 2866/2870/1663 2867/2871/1663
f 2868/2872/1664 2863/2867/1664 2862/2866/1664 2869/2873/1664 2870/2874/1664 2871/2875/1664 2872/2876/1664 2873/2877/1664 2857/2861/1664 2856/2860/1664 2874/2878/1664 2875/2879/1664
f 2876/2880/1665 2870/2874/1665 2869/2873/1665 2877/2881/1665 2878/2882/1665
f 2879/2883/1666 2880/2884/1666 2878/2882/1666 2877/2881/1666 2881/2885/1666 2882/2886/1666 2883/2887/1666
f 2884/2888/1667 2885/2889/1667 2886/2890/1667 2887/2891/1667 2882/2886/1667 2881/2885/1667 2888/2892/1667 2889/2893/1667 2890/2894/1667
f 2891/2895/1668 2892/2896/1668 2893/2897/1668 2894/2898/1668 2895/2899/1668 2896/2900/1668 2897/2901/1668 2898/2902/1668 2899/2903/1668 2900/2904/1668 2901/2905/1668
f 2898/2902/1669 2888/2892/1669 2902/2906/1669 2892/2896/1669 2891/2895/1669 2903/2907/1669 2904/2908/1669 2905/2909/1669 2906/2910/1669 2899/2903/1669
f 2907/2911/1670 2861/2865/1670 2860/2864/1670 2908/2912/1670 2909/2913/1670 2910/2914/1670 2911/2915/1670
f 2912/2916/1671 2913/2917/1671 2914/2918/1671 2915/2919/1671 2916/2920/1671 2917/2921/1671 2918/2922/1671 2919/2923/1671 2920/2924/1671 2902/2925/1671 2921/2926/1671
f 2922/2927/1672 2923/2928/1672 2924/2929/1672 2925/2930/1672 2926/2931/1672 2920/2924/1672
f 2927/2932/1673 2928/2933/1673 2929/2934/1673 2862/2866/1673 2861/2865/1673 2930/2935/1673
f 2931/2936/1674 2869/2873/1674 2862/2866/1674 2929/2934/1674 2932/2937/1674 2933/2938/1674 2934/2939/1674
f 2935/2940/1675 2936/2941/1675 2877/2881/1675 2869/2873/1675 2931/2936/1675 2937/2942/1675 2938/2943/1675 2939/2944/1675 2940/2945/1675 2941/2946/1675 2942/2947/1675 2943/2948/1675
f 2944/2949/1676 2881/2885/1676 2877/2881/1676 2936/2941/1676 2945/2950/1676 2946/2951/1676 2947/2952/1676 2939/2944/1676 2938/2943/1676 2948/2953/1676 2949/2954/1676 2950/2955/1676
f 2951/2956/1677 2952/2957/1677 2953/2958/1677 2954/2959/1677 2888/2892/1677 2881/2885/1677 2944/2949/1677 2955/2960/1677 2956/2961/1677
f 2957/2962/1678 2902/2906/1678 2888/2892/1678 2958/2963/1678 2959/2964/1678 2960/2965/1678 2961/2966/1678 2962/2967/1678 2963/2968/1678
f 2964/2969/1679 2930/2935/1679 2861/2865/1679 2907/2911/1679 2965/2970/1679 2966/2971/1679 2967/2972/1679
f 2968/2973/1680 2969/2974/1680 2970/2975/1680 2971/2976/1680 2972/2977/1680 2973/2978/1680 2902/2925/1680 2920/2924/1680 2974/2979/1680 2975/2980/1680 2976/2981/1680
f 2977/2982/1681 2920/2924/1681 2926/2931/1681 2978/2983/1681 2979/2984/1681 2980/2985/1681
