mtllib LOW_POLY_set.mtl
o lp_Plane_103_Plane_006
v 111.342865 12.124708 13.842749
v 111.176079 12.083997 13.811313
v 111.241722 12.613490 14.352299
v 112.561157 12.548408 14.389925
v 112.124542 12.360209 14.184285
v 111.482460 12.258601 13.995273
v 112.480759 12.300053 14.156172
v 111.735550 12.171926 13.958278
v 111.653038 12.235407 14.005667
v 111.469902 12.219187 13.956203
v 111.292915 13.015212 14.768166
v 111.647629 12.780028 14.501082
v 112.066292 12.720222 14.487572
v 112.478020 12.785873 14.576533
v 112.609619 12.703574 14.529529
v 112.130455 12.873512 14.614223
v 111.308540 13.145040 14.885470
v 112.532784 12.968407 14.739208
v 112.553986 13.219143 14.972983
v 112.624969 13.049485 14.831069
v 111.324188 13.272941 15.008262
v 111.605843 13.167340 14.834091
v 112.067528 13.234183 14.924364
v 112.378693 13.279102 14.993878
v 111.903854 13.591663 15.314785
v 111.808403 13.545334 15.245033
v 111.803291 13.573902 15.280461
v 112.206062 13.697093 15.526443
v 112.387352 13.698223 15.564186
v 112.565483 13.637232 15.514138
v 112.509293 13.544256 15.344337
v 112.125343 13.362625 15.053019
v 111.696091 13.368258 15.029783
v 111.776810 13.329472 14.996303
v 111.995148 13.364841 15.057859
v 112.187782 13.480241 15.190661
v 112.239403 13.575611 15.326482
v 112.121338 13.615745 15.379669
v 111.659859 13.384239 15.045177
v 111.352951 13.496129 15.261806
v 111.712708 13.495872 15.176204
v 112.208572 13.885815 15.915298
v 112.256691 13.828691 15.806316
v 112.169533 13.786027 15.699425
v 111.988754 13.719602 15.521449
v 111.772766 13.656549 15.390161
v 111.381805 13.692518 15.580468
v 111.785789 13.837743 15.704002
v 112.085953 13.920989 15.946603
v 112.594528 12.241505 14.109647
v 112.607796 12.117578 13.974191
v 112.360153 11.969750 13.772200
v 111.960052 11.867884 13.615896
v 111.147118 11.853115 13.556353
v 111.323387 12.110351 13.825497
v 111.299637 11.978978 13.686566
v 111.412498 11.904125 13.617677
v 111.595703 11.926243 13.661400
v 111.741692 12.026471 13.795976
v 111.765205 12.150313 13.940740
v 111.576530 13.901024 15.835810
v 111.398209 13.791064 15.792378
v 111.631935 13.836319 15.698546
v 111.796295 13.881041 15.795091
v 111.909691 13.917789 15.892881
v 112.016510 13.951943 15.994706
v 111.970383 13.999058 16.089352
v 111.844398 14.008208 16.086962
v 111.742577 13.971400 15.991852
v 111.647697 13.943476 15.925757
v 111.549583 13.918820 15.876291
v 111.642700 13.998966 16.050789
v 111.671753 14.070836 16.211424
v 111.599014 14.199558 16.463509
v 111.462425 14.175041 16.626244
v 111.084366 12.587894 14.261337
v 110.972679 12.675661 14.356952
v 109.958351 12.543348 14.225390
v 110.919212 12.327085 14.001638
v 110.319778 12.520423 14.240053
v 109.935760 12.741693 14.490325
v 110.616470 12.708220 14.398671
v 110.640167 12.606586 14.288990
v 110.797806 12.485266 14.156162
v 110.992912 12.423160 14.096938
v 111.111420 12.464302 14.140025
v 110.612900 12.723596 14.415333
v 109.923279 12.871297 14.646585
v 110.069923 12.924626 14.685990
v 110.459572 12.835457 14.549108
v 110.882751 12.835467 14.526387
v 110.927177 12.713200 14.394589
v 110.731781 12.768668 14.458089
v 110.431046 12.975926 14.689628
v 110.058495 13.099758 14.855076
v 111.014702 13.194118 14.863109
v 109.988022 13.186907 14.955297
v 110.097420 13.341630 15.090319
v 110.282654 13.385990 15.093305
v 110.578575 13.329374 14.989407
v 110.199883 13.779474 15.620083
v 110.390854 13.832634 15.649436
v 110.567734 13.823641 15.591685
v 110.925308 13.650084 15.312998
v 110.553093 13.461930 15.122050
v 110.225983 13.670960 15.449668
v 111.019005 13.904277 15.732419
v 110.977570 13.725550 15.419630
v 110.785881 13.823975 15.566027
v 110.632797 13.919370 15.756375
v 110.561966 13.970361 15.870683
v 110.627472 14.023007 15.973892
v 110.756271 14.036366 15.995880
v 109.834213 12.523508 14.179768
v 110.355736 12.010789 13.672953
v 109.993286 12.216404 13.833137
v 109.791092 12.422794 14.038903
v 111.105591 14.026671 16.015459
v 111.018883 14.079839 16.117554
v 110.893723 14.092480 16.129251
v 110.833351 14.054606 16.038553
v 110.924934 14.003237 15.929376
v 111.022820 13.948154 15.823755
v 111.169495 13.876445 15.715685
v 111.245132 13.929779 15.848091
v 111.189133 13.983265 15.942751
v 111.277641 13.942416 15.886370
v 111.320511 14.223722 16.473829
v 111.208397 14.111041 16.228596
v 111.212776 14.036270 16.066721
v 108.481178 5.618249 10.139030
v 108.706322 5.610321 10.193182
v 108.540916 5.353138 9.231962
v 106.793999 5.397943 9.387650
v 107.400566 5.463476 9.704947
v 108.274849 5.547495 9.895405
v 106.934608 5.490798 9.821230
v 107.946777 5.556958 10.039703
v 108.048592 5.537083 9.928804
v 108.297142 5.564506 9.965544
v 108.412903 5.151957 8.499201
v 107.982536 5.335004 8.974808
v 107.432205 5.352097 9.086006
v 106.875656 5.335379 8.984730
v 106.709305 5.347110 9.120894
v 107.328445 5.316364 8.831270
v 108.374908 5.106375 8.273672
v 106.779190 5.277126 8.671778
v 106.716751 5.179950 8.230694
v 106.644188 5.235616 8.525200
v 108.336227 5.053239 8.046709
v 107.988136 5.209576 8.306147
v 107.365379 5.197130 8.206648
v 106.944572 5.178747 8.133976
v 107.525352 4.974030 7.524240
v 107.661201 5.013210 7.616028
v 107.662918 4.991346 7.559325
v 107.097229 4.832872 7.287029
v 106.852882 4.808558 7.275229
v 106.625031 4.842652 7.392728
v 106.722549 4.968817 7.607627
v 107.270233 5.141855 7.978559
v 107.840248 5.129440 7.953032
v 107.738579 5.149771 8.026233
v 107.441612 5.124849 7.962335
v 107.168053 5.069530 7.757281
v 107.080818 4.983328 7.561848
v 107.229317 4.937672 7.471004
v 107.885872 5.118941 7.921568
v 108.261833 4.915799 7.624678
v 107.797302 5.049217 7.710775
v 107.041077 4.515198 6.812493
v 106.992386 4.606257 6.954265
v 107.121895 4.691139 7.067195
v 107.384560 4.832006 7.247072
v 107.687775 4.918294 7.389229
v 108.179611 4.686058 7.190112
v 107.627373 4.682316 6.974013
v 107.198456 4.490767 6.741510
v 106.791290 5.516096 9.928412
v 106.793297 5.589236 10.161558
v 107.148918 5.696419 10.445341
v 107.699326 5.766987 10.633818
v 108.781303 5.744210 10.624958
v 108.509377 5.626411 10.165387
v 108.560867 5.694854 10.406403
v 108.421906 5.734701 10.547065
v 108.173874 5.717789 10.507384
v 107.962013 5.645651 10.314795
v 107.910233 5.565483 10.078518
v 107.885979 4.553263 6.797063
v 108.129227 4.511559 6.937647
v 107.831383 4.672281 6.966903
v 107.601128 4.608279 6.864697
v 107.438217 4.532448 6.766704
v 107.283531 4.449616 6.668478
v 107.331596 4.368435 6.547868
v 107.498199 4.364748 6.528836
v 107.645477 4.438628 6.626044
v 107.779747 4.486001 6.694348
v 107.916122 4.516245 6.747594
v 107.769463 4.379808 6.547253
v 107.709373 4.247291 6.360456
v 107.771111 4.038218 6.039539
v 107.931473 3.822332 5.948534
v 108.760841 5.424256 9.309095
v 108.894623 5.362638 9.135965
v 110.254097 5.323440 9.293527
v 109.016960 5.529980 9.767381
v 109.775116 5.327327 9.339123
v 110.246597 5.151258 8.888282
v 109.359398 5.301311 9.042281
v 109.343918 5.360961 9.233583
v 109.154770 5.447212 9.473601
v 108.905663 5.492732 9.599840
v 108.742828 5.482835 9.533569
v 109.361702 5.292211 9.013297
v 110.240822 5.058231 8.634867
v 110.041031 5.063493 8.559334
v 109.545212 5.198979 8.783840
v 108.988922 5.267058 8.832943
v 108.949265 5.340231 9.064262
v 109.198334 5.285358 8.942771
v 109.562416 5.129603 8.527136
v 110.031357 4.986380 8.245286
v 108.765053 5.135506 8.208643
v 110.110115 4.923189 8.073115
v 109.945496 4.883358 7.814813
v 109.699509 4.928061 7.776864
v 109.322723 5.038319 7.934597
v 109.734634 4.581343 6.969079
v 109.477547 4.602386 6.903984
v 109.251312 4.679943 6.966887
v 108.817436 4.917759 7.379783
v 109.337059 4.972948 7.692444
v 109.723801 4.706004 7.208816
v 108.635674 4.618049 6.817209
v 108.733437 4.851645 7.226616
v 108.966301 4.731189 7.001091
v 109.142662 4.562340 6.752940
v 109.220810 4.458834 6.612835
v 109.120186 4.382681 6.489167
v 108.946953 4.379322 6.469597
v 110.424271 5.349925 9.336607
v 109.809196 5.637739 10.303095
v 110.263870 5.556249 9.931796
v 110.501015 5.439161 9.542203
v 108.483101 4.385241 6.495784
v 108.583725 4.295558 6.360023
v 108.747383 4.278196 6.327696
v 108.839355 4.350451 6.426527
v 108.733147 4.449911 6.565326
v 108.618233 4.543452 6.706524
v 108.439476 4.633522 6.872335
v 108.321754 4.525486 6.729293
v 108.382744 4.447568 6.600574
v 108.273720 4.493452 6.691984
v 108.137321 4.014875 5.982587
v 108.318665 4.208456 6.265704
v 108.334801 4.343774 6.459334
v 111.079926 4.320429 12.853829
v 111.101738 4.307906 12.922488
v 111.070290 4.208378 12.921003
v 111.045189 4.220373 12.844717
v 111.077271 4.317528 12.990758
v 111.043015 4.218839 12.996801
v 111.009781 4.106134 13.006411
v 111.040741 4.094456 12.920570
v 111.011688 4.106627 12.834148
v 110.851662 4.170233 12.832598
v 110.932030 4.138523 12.801074
v 110.886932 4.021299 12.784074
v 110.794472 4.056145 12.817856
v 110.977013 3.978668 12.820488
v 110.942657 3.805405 12.788383
v 110.849129 3.924427 12.761015
v 110.720894 3.945901 12.776233
v 110.849754 4.169739 13.004860
v 110.820702 4.181913 12.918438
v 110.762886 4.069742 12.917856
v 110.792473 4.056084 13.018456
v 110.727348 3.975576 12.917503
v 110.718117 3.945900 13.058621
v 110.929405 4.137844 13.037935
v 110.884239 4.021214 13.054048
v 110.975029 3.978606 13.019408
v 110.846024 3.924426 13.076359
v 110.940079 3.805405 13.050836
v 110.747131 3.889290 12.731493
v 110.651741 3.863499 12.721644
v 110.597885 3.871855 12.730131
v 110.781052 3.767132 12.713140
v 110.637695 3.745034 12.710398
v 110.492493 3.749791 12.754917
v 111.009201 3.961573 12.920274
v 110.975769 3.766586 12.919947
v 110.728134 5.924850 12.760502
v 110.750938 6.193174 12.771390
v 110.747581 6.204667 12.853516
v 110.730927 6.089986 12.883981
v 110.717171 6.456502 12.794941
v 110.737045 6.360888 12.906593
v 110.693802 6.266385 12.984556
v 110.562683 5.918601 12.957994
v 110.670433 5.866843 12.891060
v 110.689003 6.007555 12.919436
v 110.639107 6.087203 12.976562
v 110.418892 9.843081 12.547478
v 110.350639 9.764993 12.473133
v 110.370773 9.642113 12.526214
v 110.445381 9.670356 12.602739
v 110.349213 9.746062 12.372053
v 110.366379 9.618549 12.419896
v 110.377556 9.493343 12.449503
v 110.382301 9.517365 12.557369
v 110.458214 9.541387 12.634141
v 110.623459 9.826546 12.492001
v 110.546295 9.837660 12.562271
v 110.555786 9.679411 12.597461
v 110.634766 9.670194 12.522933
v 110.568245 9.550394 12.627301
v 110.648033 9.541388 12.551222
v 110.777023 3.767132 13.122886
v 110.743469 3.889288 13.103868
v 110.647911 3.863498 13.111839
v 110.633636 3.745034 13.122808
v 110.594231 3.871855 13.102295
v 110.489342 3.749790 13.075442
v 110.878349 3.784466 12.732244
v 110.831650 3.882765 12.739992
v 110.460541 6.272138 12.985683
v 110.505394 6.093591 12.979158
v 110.576103 6.160618 13.003066
v 110.579155 6.289582 13.028305
v 110.539757 9.796900 12.279547
v 110.617935 9.806360 12.385046
v 110.629883 9.646925 12.415876
v 110.554626 9.623301 12.337279
v 110.643295 9.517365 12.443357
v 110.567375 9.493343 12.366585
v 110.925201 3.511684 12.778645
v 110.891724 3.606087 12.724072
v 110.845772 3.203699 12.739345
v 110.808372 3.520257 12.703202
v 110.425949 9.747332 12.297711
v 110.445206 9.611243 12.344659
v 110.457344 9.484337 12.373425
v 110.392921 9.392090 12.585951
v 110.469917 9.416563 12.663857
v 110.387932 9.367519 12.476451
v 110.399040 9.240816 12.504591
v 110.405396 9.267400 12.617319
v 110.484154 9.293202 12.697317
v 110.581230 9.425539 12.656773
v 110.661842 9.416174 12.579464
v 110.596100 9.301274 12.689042
v 110.676437 9.290090 12.608915
v 110.828140 3.882765 13.097034
v 110.874680 3.784466 13.105698
v 110.842247 3.203699 13.097960
v 110.922432 3.511683 13.060229
v 110.887886 3.606087 13.114132
v 110.804146 3.520256 13.133359
v 110.541733 10.851116 12.279113
v 110.524323 10.813118 12.232779
v 110.511475 10.758663 12.261863
v 110.509750 10.753348 12.303656
v 110.541405 10.774703 12.207194
v 110.522491 10.714182 12.250510
v 110.497078 10.645552 12.303043
v 110.714638 6.152721 12.639820
v 110.747490 6.239556 12.688647
v 110.702133 6.378706 12.574620
v 110.741676 6.415177 12.663385
v 110.656960 9.391733 12.470104
v 110.580063 9.367390 12.392338
v 110.670876 9.264545 12.497307
v 110.592918 9.239779 12.418430
v 110.468643 9.358283 12.399282
v 110.480171 9.230671 12.425586
v 110.380867 5.940594 12.803179
v 110.441765 5.891505 12.906540
v 110.442726 6.026809 12.929787
v 110.404190 6.111423 12.896557
v 110.446693 6.454379 12.791566
v 110.397392 6.182549 12.774511
v 110.396698 6.218981 12.860494
v 110.419868 6.366582 12.906748
v 110.420212 9.151201 12.653227
v 110.501678 9.178663 12.735579
v 110.410828 9.121016 12.535624
v 110.420547 9.045390 12.574358
v 110.432800 9.075579 12.692432
v 110.516487 9.098738 12.770126
v 110.613190 9.184053 12.724171
v 110.691528 9.168797 12.638815
v 110.627106 9.098676 12.752450
v 110.703171 9.078984 12.661656
v 110.684517 9.141199 12.523972
v 110.605423 9.116332 12.444380
v 110.694740 9.049805 12.544374
v 110.614876 9.027655 12.467470
v 110.491539 9.108349 12.453028
v 110.500435 9.026710 12.484356
v 110.633240 4.631100 13.053411
v 110.464844 4.556643 13.104635
v 110.517471 4.351274 13.107751
v 110.658737 4.381948 13.056890
v 110.322617 4.512981 13.049530
v 110.379608 4.321033 13.053746
v 110.415657 4.153636 13.055246
v 110.553093 4.181774 13.109401
v 110.691566 4.209912 13.057961
v 110.631561 4.624925 12.755005
v 110.694221 4.581534 12.907231
v 110.712379 4.388522 12.916128
v 110.661049 4.381324 12.774246
v 110.744682 4.220465 12.917675
v 110.694336 4.209912 12.776372
v 110.323845 4.511002 12.774345
v 110.464577 4.551153 12.714831
v 110.520775 4.350624 12.721822
v 110.382172 4.320786 12.774050
v 110.556900 4.181774 12.722219
v 110.418427 4.153636 12.773660
v 110.271561 4.497671 12.912623
v 110.329369 4.309928 12.913541
v 110.365311 4.143085 12.913944
v 110.696075 8.962058 12.717791
v 110.606522 9.041953 12.803566
v 110.554649 9.011340 12.863058
v 110.588181 8.929821 12.851839
v 110.488640 9.084641 12.856953
v 110.463989 9.032772 12.931424
v 110.429016 8.894572 12.954983
v 110.689613 8.489088 12.763025
v 110.709724 8.741690 12.728968
v 110.634277 8.789504 12.830568
v 110.576187 8.682581 12.871851
v 110.583580 4.025400 13.110181
v 110.721725 4.054073 13.058432
v 110.446472 3.996727 13.056073
v 110.466141 3.881687 13.055561
v 110.596672 3.913233 13.107655
v 110.728226 3.944780 13.055340
v 110.774719 4.064827 12.917971
v 110.724495 4.054075 12.776495
v 110.778709 3.956610 12.918010
v 110.730934 3.944780 12.779713
v 110.587395 4.025401 12.722037
v 110.449249 3.996728 12.773438
v 110.600433 3.913233 12.724821
v 110.468910 3.881686 12.774338
v 110.396255 3.985975 12.914248
v 110.418388 3.869856 12.914466
v 110.372910 2.117846 12.700918
v 110.586555 2.109509 12.623106
v 110.579910 1.825484 12.593657
v 110.344696 1.830158 12.679271
v 110.798630 2.101171 12.705105
v 110.813393 1.820811 12.683880
v 110.838333 1.518038 12.658097
v 110.578857 1.519838 12.557859
v 110.317451 1.521638 12.652975
v 110.368721 2.117846 13.127079
v 110.290993 2.120974 12.913214
v 110.254509 1.831911 12.912855
v 110.340080 1.830158 13.148167
v 110.217224 1.522313 12.912487
v 110.312325 1.521638 13.173921
v 110.625641 10.782794 12.486954
v 110.597221 10.819624 12.474080
v 110.574844 10.763589 12.460182
v 110.591934 10.719259 12.464082
v 110.585907 10.854920 12.425625
v 110.550911 10.755934 12.427845
v 110.546158 10.646988 12.438538
v 110.430534 8.479538 12.777971
v 110.564476 8.429160 12.808206
v 110.521889 8.586025 12.867451
v 110.423561 8.671708 12.887114
v 110.794434 2.101171 13.131266
v 110.580795 2.109509 13.209078
v 110.573570 1.825484 13.238390
v 110.808784 1.820810 13.152776
v 110.571808 1.519838 13.274160
v 110.833214 1.518038 13.179043
v 110.273117 8.920985 12.812450
v 110.337341 8.705009 12.789386
v 110.346031 8.758171 12.878819
v 110.305809 8.902542 12.924438
v 110.876350 2.098043 12.918970
v 110.898972 1.819058 12.919191
v 110.933441 1.517363 12.919531
v 110.578545 1.198597 12.538080
v 110.303406 1.203139 12.639179
v 110.851654 1.201933 12.644571
v 110.801888 1.000288 12.693064
v 110.577187 0.960695 12.638268
v 110.351578 1.000993 12.688635
v 110.196907 1.199430 12.912289
v 110.298012 1.203140 13.187437
v 110.296722 0.961130 12.913269
v 110.347153 1.000994 13.138941
v 110.571114 1.198597 13.293928
v 110.846260 1.201932 13.192829
v 110.571724 0.960695 13.193735
v 110.797455 1.000288 13.143368
v 110.952751 1.197765 12.919722
v 110.852188 0.960259 12.918732
v 110.546249 10.611919 12.266419
v 110.526276 10.531242 12.276116
v 110.477562 10.544477 12.319739
v 110.607597 10.600525 12.271670
v 110.591705 10.519593 12.276270
v 110.575806 10.436774 12.273992
v 110.504089 10.448089 12.274570
v 110.452232 10.459949 12.322705
v 110.501205 10.642515 12.378401
v 110.479561 10.548962 12.387250
v 110.523926 10.544886 12.438299
v 110.455559 10.465446 12.395145
v 110.505211 10.462021 12.449375
v 110.650993 10.601685 12.389872
v 110.607742 10.613550 12.434376
v 110.589424 10.531693 12.437536
v 110.637466 10.519844 12.393219
v 110.576897 10.450091 12.448950
v 110.628731 10.437614 12.400967
v 110.648712 10.597715 12.323470
v 110.635811 10.515516 12.326480
v 110.625435 10.432734 12.328375
v 110.473358 10.360992 12.265604
v 110.416733 10.369921 12.319116
v 110.554131 10.345425 12.264521
v 110.526077 10.220266 12.218435
v 110.432266 10.294909 12.233556
v 110.356018 10.272520 12.286556
v 110.426262 10.373894 12.401767
v 110.484978 10.370650 12.463390
v 110.392342 10.256787 12.404692
v 110.464417 10.242651 12.482822
v 110.564720 10.358281 12.463646
v 110.620049 10.344794 12.410772
v 110.554123 10.226875 12.486481
v 110.614510 10.212533 12.428173
v 110.612778 10.339272 12.329134
v 110.604553 10.205436 12.333842
v 110.423462 5.900069 12.673448
v 110.408997 5.705626 12.687092
v 110.368568 5.727045 12.801933
v 110.519119 5.877069 12.609067
v 110.513512 5.684029 12.628451
v 110.496635 5.521804 12.643900
v 110.389130 5.542349 12.700414
v 110.348633 5.563521 12.815811
v 110.730179 7.168475 12.393453
v 110.698212 7.387812 12.279544
v 110.777954 7.431998 12.282713
v 110.804947 7.388276 12.376028
v 110.686546 7.597546 12.199192
v 110.798683 7.563072 12.232153
v 110.851860 7.596929 12.336294
v 110.249207 5.246064 12.832584
v 110.319855 5.226133 12.714018
v 110.247643 5.121362 12.720009
v 110.156525 5.122832 12.764555
v 110.443352 5.141755 12.663974
v 110.284172 5.008276 12.697195
v 110.117760 4.967172 12.776062
v 110.750992 7.847297 12.394894
v 110.781250 7.831308 12.528677
v 110.816307 7.734653 12.472134
v 110.839714 7.736267 12.375397
v 110.739807 7.742258 12.641711
v 110.815384 7.625298 12.501345
v 110.428932 5.730844 12.908813
v 110.544113 5.724807 12.952283
v 110.409599 5.572755 12.927797
v 110.526413 5.566030 12.974640
v 110.650337 5.702360 12.893296
v 110.692017 5.686049 12.777594
v 110.634827 5.544648 12.916322
v 110.676224 5.522639 12.799120
v 110.633972 5.872638 12.639769
v 110.628677 5.676819 12.669735
v 110.614349 5.514242 12.688938
v 110.366447 5.379402 12.708758
v 110.324326 5.400683 12.824451
v 110.476768 5.355764 12.656145
v 110.389259 5.413122 12.946110
v 110.507156 5.403203 13.004418
v 110.359062 5.282185 12.970961
v 110.460510 5.197586 13.065147
v 110.621193 5.380733 12.944543
v 110.665939 5.354626 12.822308
v 110.617348 5.189357 12.982330
v 110.675926 5.115191 12.851659
v 110.600464 5.349275 12.706414
v 110.598984 5.158998 12.718558
v 110.470657 7.788764 12.370150
v 110.544693 7.800358 12.302420
v 110.563133 7.736564 12.255403
v 110.559464 7.638996 12.268546
v 110.617294 7.801064 12.262966
v 110.628357 7.727781 12.209985
v 110.591690 7.833967 12.336628
v 110.667694 7.834924 12.319746
v 110.592674 7.879868 12.370506
v 110.485481 3.165758 12.752355
v 110.651794 3.163536 12.689601
v 110.641197 2.892568 12.678076
v 110.467125 2.904751 12.741779
v 110.816338 2.881949 12.743299
v 110.805580 2.634192 12.734033
v 110.622566 2.647781 12.663141
v 110.438187 2.661371 12.730419
v 110.482285 3.165758 13.077866
v 110.423203 3.168221 12.914514
v 110.400719 2.909653 12.914291
v 110.463715 2.904751 13.088078
v 110.367485 2.666468 12.913965
v 110.434563 2.661371 13.098867
v 110.326538 5.196960 13.062518
v 110.266640 5.126945 13.085402
v 110.301460 5.030715 13.092195
v 110.227837 5.198534 13.039832
v 110.166832 5.116391 13.070092
v 110.122513 4.970737 13.042723
v 110.647324 3.163537 13.143879
v 110.636505 2.892567 13.155192
v 110.812897 2.881948 13.093426
v 110.617584 2.647781 13.169758
v 110.801964 2.634192 13.102480
v 110.899910 3.151063 12.919201
v 110.879173 2.874645 12.918997
v 110.872658 2.629095 12.918934
v 111.776802 5.343907 13.032087
v 111.777420 5.319216 12.991367
v 111.793068 5.365122 12.964614
v 111.782234 5.390215 12.972057
v 111.781029 5.306213 12.943033
v 111.804062 5.376965 12.925716
v 111.785400 5.431887 12.918276
v 110.323166 5.233261 13.001163
v 110.246773 5.235712 12.956333
v 109.847717 5.476947 12.974875
v 109.772209 5.575922 12.893848
v 109.708069 5.618863 12.924500
v 109.703949 5.579927 12.977844
v 109.680260 5.644749 12.803249
v 109.638901 5.677341 12.887913
v 109.575226 5.688478 12.956250
v 110.676147 4.868922 12.795362
v 110.614929 4.972549 12.722118
v 110.526634 4.880267 12.689045
v 110.602341 2.386230 12.645526
v 110.405113 2.397816 12.717426
v 110.798111 2.374645 12.721292
v 110.679939 4.876219 12.963862
v 110.697617 4.767662 12.889990
v 110.628418 4.995401 13.020774
v 110.541122 4.906966 13.082366
v 110.293777 10.029942 12.227797
v 110.323532 9.878958 12.299500
v 110.323929 9.862301 12.394363
v 110.336029 9.955381 12.401647
v 110.329483 2.402161 12.913591
v 110.401237 2.397817 13.111206
v 110.597015 2.386230 13.186972
v 110.794243 2.374645 13.115070
v 110.437836 10.045997 12.118874
v 110.490868 10.117473 12.140964
v 110.517868 10.012823 12.186212
v 110.478920 9.929031 12.190061
v 110.559219 10.004529 12.252179
v 110.869865 2.370300 12.918905
v 110.690666 8.488630 12.497146
v 110.739708 8.479218 12.610664
v 110.749077 8.288332 12.601391
v 110.704491 8.305890 12.485403
v 110.704788 8.270620 12.720632
v 110.708199 8.112764 12.697120
v 110.753242 8.130551 12.582329
v 110.708717 8.148926 12.466406
v 110.456276 8.485568 12.512033
v 110.573570 8.492536 12.462553
v 110.586884 8.312723 12.442799
v 110.469261 8.305801 12.486742
v 110.589256 8.157030 12.420582
v 110.469673 8.151279 12.461853
v 110.404160 8.470726 12.631561
v 110.424149 8.287594 12.603470
v 110.466728 8.269752 12.722116
v 110.424828 8.132709 12.578184
v 110.469543 8.113550 12.695644
v 111.819153 5.357901 12.836256
v 111.743919 5.276072 12.850908
v 111.745178 5.296196 12.815939
v 111.798225 5.351936 12.789761
v 111.645134 5.194422 12.871218
v 111.699242 5.282327 12.811921
v 111.763451 5.359565 12.767907
v 110.585823 8.259984 12.764718
v 110.588814 8.106231 12.739929
v 111.803772 5.332418 12.890453
v 111.816856 5.377476 12.891461
v 111.828056 5.409899 12.860328
v 111.705688 5.423347 12.821415
v 111.704102 5.419850 12.915729
v 111.741035 5.445043 12.901301
v 111.762260 5.462365 12.847610
v 111.712852 5.399562 12.996389
v 111.750053 5.437513 12.943933
v 109.497726 5.552861 12.837042
v 109.496231 5.580985 12.810322
v 109.532082 5.553711 12.763135
v 109.555458 5.524028 12.770099
v 109.483109 5.592619 12.799542
v 109.515984 5.568964 12.749907
v 109.568748 5.580910 12.716227
v 109.586571 5.563618 12.730233
v 109.612907 5.530230 12.740530
v 111.722099 5.242526 12.911283
v 111.759781 5.279901 12.885027
v 110.759529 7.975586 12.563753
v 110.715675 7.993708 12.448223
v 110.713364 7.953881 12.676189
v 110.590820 8.004461 12.400030
v 110.467598 7.994255 12.434255
v 111.715294 5.239962 12.973413
v 111.688858 5.211899 12.940508
v 111.635818 5.188373 12.990373
v 111.633148 5.164026 12.936172
v 111.555824 5.259507 12.972298
v 111.617020 5.344989 12.904630
v 111.582153 5.309587 12.885335
v 111.527679 5.249357 12.917650
v 111.615494 5.322371 12.842255
v 111.543510 5.240034 12.872051
v 111.639954 5.331739 12.992216
v 111.651535 5.371330 12.939278
v 110.422272 7.973190 12.553755
v 110.467720 7.954182 12.673854
v 110.420166 7.763317 12.533713
v 110.466278 7.748887 12.658842
v 111.736214 5.269827 13.001432
v 111.699905 5.264092 13.019064
v 110.589462 7.946917 12.718791
v 110.591187 7.743351 12.703295
v 109.607185 5.699937 12.822416
v 109.597176 5.707802 12.862831
v 109.541916 5.711026 12.839093
v 109.551003 5.729547 12.891127
v 110.466148 7.194894 12.667355
v 110.422737 7.179181 12.548286
v 110.426193 6.950743 12.573725
v 110.468048 6.971356 12.689214
v 110.467171 7.157777 12.426100
v 110.471741 6.929421 12.459211
v 110.474686 6.747219 12.493667
v 110.430183 6.768422 12.602503
v 110.470871 6.789622 12.712838
v 110.709000 7.187308 12.669999
v 110.585548 7.199483 12.713139
v 110.584190 6.978922 12.734224
v 110.702179 6.970407 12.693181
v 110.583679 6.797573 12.755907
v 110.697952 6.789622 12.716800
v 110.764397 7.160806 12.547226
v 110.749069 6.948732 12.578219
v 110.708015 6.928961 12.459713
v 110.742546 6.768421 12.608001
v 110.701958 6.747219 12.497702
v 109.604393 5.434760 12.915012
v 109.555901 5.486389 12.943398
v 109.472595 5.564615 12.918064
v 109.724289 5.351171 12.979309
v 109.604591 5.477976 12.984475
v 109.491783 5.583533 12.971354
v 110.586189 7.140493 12.369484
v 110.589546 6.920553 12.416462
v 110.589058 6.739269 12.454597
v 110.433685 6.594426 12.627905
v 110.471039 6.621604 12.734274
v 110.478401 6.572007 12.526137
v 110.488266 6.369103 12.556402
v 110.433807 6.394729 12.649549
v 109.620895 5.428951 12.821339
v 109.653473 5.386235 12.879168
v 109.740639 5.345997 12.809655
v 109.737343 5.308493 12.897600
v 109.874825 5.447349 12.819462
v 109.782356 5.537323 12.804634
v 109.822571 5.533230 12.862791
v 109.896355 5.467095 12.893854
v 110.583359 6.636884 12.773515
v 110.696953 6.622217 12.738053
v 110.582848 6.546746 12.806251
v 110.738770 6.596980 12.634188
v 110.699089 6.573207 12.531805
v 109.607674 5.466613 12.777660
v 109.669083 5.454587 12.763366
v 110.589714 6.564082 12.491143
v 110.598152 6.362131 12.533534
v 112.598122 9.651859 10.829990
v 112.606514 9.657086 10.844748
v 112.623497 9.646207 10.835730
v 112.608505 9.641210 10.820286
v 112.614037 9.651861 10.859962
v 112.627892 9.641209 10.856797
v 112.633224 9.625793 10.849773
v 112.629890 9.625332 10.832335
v 112.617310 9.625793 10.819801
v 112.967773 6.451999 11.862148
v 112.977173 6.456407 11.872044
v 112.989273 6.446849 11.862555
v 112.974243 6.442708 11.853345
v 112.984543 6.451999 11.883526
v 112.994637 6.442708 11.879345
v 112.996498 6.429471 11.874153
v 112.991707 6.429009 11.860645
v 112.979729 6.429471 11.852775
v 113.647903 5.878867 13.941035
v 113.643784 5.881875 13.955507
v 113.649368 5.863864 13.958289
v 113.652008 5.864170 13.939417
v 113.634056 5.878571 13.966908
v 113.635132 5.863809 13.970959
v 113.633705 5.849230 13.966383
v 113.643356 5.846105 13.954868
v 113.647552 5.849527 13.940512
v 108.639473 5.595401 10.075117
v 108.652405 5.597527 10.069405
v 108.652351 5.579779 10.067356
v 108.636833 5.581382 10.076064
v 108.666458 5.595752 10.071376
v 108.669609 5.581809 10.071518
v 108.667801 5.569520 10.078598
v 108.654037 5.565662 10.078177
v 108.640816 5.569169 10.082340
v 111.218170 7.047749 15.417987
v 111.212318 7.048890 15.423294
v 111.213295 7.039009 15.425436
v 111.219833 7.039948 15.417719
v 111.204475 7.047748 15.424241
v 111.203186 7.039948 15.425324
v 111.203140 7.033042 15.421325
v 111.210701 7.031006 15.419748
v 111.216835 7.033042 15.415071
v 110.602516 7.317259 14.164095
v 110.600868 7.306803 14.080413
v 110.629089 7.301156 14.098845
v 110.639183 7.300310 14.153541
v 110.612488 7.299704 13.994861
v 110.640778 7.308999 14.068476
v 110.661568 7.309371 14.139890
v 110.531776 7.372365 13.944977
v 110.518379 7.414078 14.021612
v 110.545555 7.410685 13.994128
v 110.563629 7.380675 13.936023
v 110.508705 7.462263 14.108900
v 110.560318 7.424728 14.036025
v 110.604111 7.373525 13.962178
v 110.119057 8.051109 15.224828
v 110.112602 8.053244 15.223516
v 110.110016 8.048109 15.230289
v 110.118683 8.046235 15.229732
v 110.106911 8.051109 15.220196
v 110.103928 8.046236 15.224102
v 110.104782 8.039576 15.225792
v 110.110008 8.039228 15.230317
v 110.116920 8.039576 15.230423
v 109.129913 5.973705 12.310772
v 109.094368 5.994632 12.244965
v 109.128983 6.019620 12.265141
v 109.162415 6.013032 12.316931
v 109.066605 6.020505 12.163799
v 109.114143 6.059288 12.238337
v 109.153023 6.077969 12.328081
v 111.205696 8.283885 11.498322
v 111.235512 8.304651 11.510281
v 111.250740 8.298155 11.531636
v 111.233978 8.275267 11.554570
v 111.256500 8.325319 11.516098
v 111.274132 8.315702 11.541220
v 111.269028 8.303797 11.588150
v 108.028191 7.262341 11.151149
v 108.033813 7.263730 11.146298
v 108.028412 7.258909 11.140233
v 108.023056 7.257830 11.147938
v 108.039513 7.260626 11.142435
v 108.036827 7.255746 11.137336
v 108.033150 7.249215 11.136415
v 108.026070 7.249846 11.138973
v 108.021828 7.250929 11.145129
v 107.498283 7.130732 12.896261
v 107.497597 7.133892 12.885743
v 107.486862 7.125388 12.885637
v 107.490883 7.122903 12.898493
v 107.498489 7.130733 12.875239
v 107.491135 7.122902 12.872864
v 107.487679 7.112705 12.875134
v 107.484413 7.111914 12.885612
v 107.487473 7.112705 12.896155
v 110.601959 11.833748 10.604356
v 110.613197 11.837379 10.602632
v 110.613319 11.828599 10.590160
v 110.599686 11.825365 10.596179
v 110.624390 11.833747 10.604576
v 110.626831 11.825365 10.596446
v 110.624496 11.813892 10.594134
v 110.613319 11.813349 10.589994
v 110.602066 11.813892 10.593914
v 111.198181 12.220713 13.948475
v 111.184731 12.222836 13.954293
v 111.192001 12.215041 13.969561
v 111.206543 12.213141 13.958078
v 111.172287 12.215897 13.958353
v 111.175079 12.207290 13.970080
v 111.182297 12.195123 13.974462
v 111.196892 12.197594 13.973866
v 111.208191 12.199936 13.964583
v 109.269386 10.687370 9.795313
v 109.280037 10.690321 9.786799
v 109.277275 10.674191 9.780609
v 109.265511 10.674088 9.793555
v 109.293442 10.687548 9.784132
v 109.294762 10.674303 9.779961
v 109.293610 10.661018 9.784063
v 109.280235 10.658069 9.786716
v 109.269547 10.660843 9.795245
v 109.311203 10.741459 14.141100
v 109.307426 10.743923 14.138130
v 109.302917 10.742069 14.143017
v 109.308701 10.738997 14.145204
v 109.303558 10.742771 14.134540
v 109.299423 10.740591 14.137247
v 109.298012 10.735959 14.139644
v 109.300697 10.735663 14.144320
v 109.305656 10.734646 14.146204
v 108.929268 6.154942 12.128234
v 108.956551 6.215393 12.139385
v 108.991684 6.186298 12.137953
v 108.988892 6.153546 12.110228
v 108.988319 6.235138 12.183578
v 109.027122 6.176078 12.157046
v 109.034897 6.132588 12.113154
v 111.210785 8.370298 11.519645
v 111.235992 8.345772 11.512186
v 111.225067 8.323064 11.506060
v 111.214317 8.330417 11.493268
v 109.629028 5.610769 12.736903
v 109.660675 5.576408 12.748609
v 109.609985 5.627947 12.722734
v 109.619835 5.678413 12.760017
v 109.639420 5.665416 12.772097
v 111.097847 8.174582 11.631296
v 111.110222 8.232377 11.555290
v 111.140358 8.237617 11.531946
v 111.157028 8.222839 11.564823
v 111.128860 8.281120 11.488470
v 111.160965 8.273623 11.482195
v 111.131363 8.346043 11.530441
v 111.168037 8.351680 11.586138
v 111.186180 8.371284 11.556511
v 111.171059 8.372831 11.519487
v 111.225243 8.362151 11.611507
v 111.219810 8.383673 11.564999
v 109.605713 5.692912 12.811746
v 109.588913 5.699498 12.808406
v 109.538101 5.684983 12.840840
v 109.553284 5.683317 12.838095
v 109.508026 5.636501 12.836678
v 109.492210 5.655746 12.830276
v 109.494919 5.640515 12.835579
v 110.639626 3.478240 13.134315
v 110.486366 3.468739 13.069621
v 111.738983 5.410012 13.018070
v 111.754990 5.432637 12.968093
v 111.754852 5.417555 13.029186
v 111.766586 5.434790 12.984791
v 111.791695 5.439898 12.929202
v 111.783844 5.441278 12.909240
v 110.372932 9.084938 12.705250
v 110.419853 9.043489 12.626573
v 110.500458 9.010365 12.522360
v 110.469086 9.012835 12.568016
v 110.617622 8.989704 12.484297
v 110.605133 8.924112 12.489779
v 110.643906 3.478239 12.699010
v 110.489410 3.468739 12.760677
v 110.519264 9.073741 12.798031
v 110.435402 9.067217 12.735411
v 110.413956 9.109350 12.790739
v 110.699341 9.002081 12.555511
v 110.705177 8.917034 12.568972
v 110.706985 9.033972 12.675798
v 110.178307 4.715423 12.911172
v 110.229729 4.735584 12.774722
v 110.231499 4.740793 13.042291
v 110.070641 4.917061 12.910613
v 110.629822 9.061987 12.769688
v 110.939728 3.471229 12.919593
v 110.431068 3.463623 12.914591
v 110.430328 3.708383 12.914584
v 110.470093 3.828252 13.055669
v 110.426788 3.810035 12.914549
v 110.472855 3.828252 12.774307
v 110.589981 3.873879 12.730751
v 110.705818 3.915654 12.785635
v 110.746101 3.931267 12.917689
v 110.703232 3.915655 13.048925
v 110.586334 3.873878 13.101521
v 110.574326 0.876865 12.916000
v 110.380348 4.807837 13.099669
v 110.371483 4.790928 12.699697
v 110.460892 7.454985 12.397483
v 110.420341 7.472686 12.533764
v 110.465630 7.475183 12.656452
v 110.588341 7.473496 12.701868
v 110.720573 7.454788 12.654834
v 110.792686 7.406933 12.525377
v 110.658958 8.711992 12.492269
v 110.723579 8.715869 12.592096
v 110.570992 7.405575 12.312894
v 110.406807 8.838408 12.562977
v 110.426453 8.694596 12.537445
v 110.359497 8.688732 12.654745
v 110.340942 8.876435 12.659229
v 110.540337 8.706476 12.477930
v 110.483772 8.886646 12.518454
v 110.506432 6.121334 12.584582
v 110.617912 6.116560 12.586627
v 110.301941 10.154222 12.267069
v 110.360527 10.105404 12.405200
v 110.444733 10.060160 12.511516
v 110.615982 10.023684 12.457705
v 110.609695 10.009610 12.356006
v 110.430374 6.145269 12.660870
v 110.547318 10.037833 12.521897
v 110.392380 9.889519 12.224617
v 110.356277 10.016875 12.144409
v 111.776192 5.324583 13.059663
v 111.748772 5.369750 13.046806
v 111.722809 5.348670 13.036386
v 111.789345 5.330547 13.069475
v 111.765411 5.380114 13.054928
v 109.795738 5.403508 13.013442
v 109.662819 5.519300 13.001970
v 109.534149 5.629771 12.989483
v 109.818626 5.394196 12.787485
v 109.731316 5.493453 12.767789
v 110.394135 8.978520 12.619704
v 110.305138 9.035318 12.743833
v 109.030632 5.996295 12.363356
v 109.046951 6.044582 12.410815
v 108.967621 6.124074 12.332453
v 108.946312 6.086770 12.292838
v 109.081207 6.086500 12.417189
v 109.000984 6.162384 12.338991
v 108.922501 6.237769 12.261902
v 108.891647 6.202400 12.255882
v 108.878967 6.166519 12.224334
v 109.041000 6.176607 12.309902
v 108.960213 6.251034 12.235089
v 109.123199 6.101239 12.386295
v 109.070686 6.161963 12.257236
v 110.561417 10.843150 12.353855
v 110.524925 10.751665 12.367812
v 110.705711 10.777216 12.411476
v 110.674133 10.686896 12.394864
v 110.668465 10.682737 12.319760
v 110.685951 10.763515 12.316702
v 110.628868 10.683310 12.256341
v 110.651657 10.770548 12.226247
v 111.654320 5.301972 12.816031
v 111.582802 5.214135 12.853142
v 111.730408 5.389089 12.772997
v 109.074982 6.123592 12.195938
v 109.063011 6.082670 12.130668
v 111.097672 8.288023 11.608831
v 111.132233 8.303463 11.645641
v 111.062393 8.234050 11.681229
v 111.092728 8.250162 11.711944
v 111.133438 8.242248 11.730381
v 111.176712 8.298828 11.670220
v 111.659050 5.287487 13.021051
v 111.586838 5.214982 13.005372
v 108.987297 6.010632 12.259161
v 109.042618 5.985245 12.252809
v 109.082962 5.962070 12.333637
v 108.960014 6.016884 12.169286
v 109.010773 5.996514 12.165870
v 111.165077 8.178433 11.698334
v 111.138145 8.162073 11.665956
v 111.188759 8.221883 11.606500
v 111.213165 8.240324 11.643296
v 110.637459 10.694302 12.444721
v 110.670181 10.766320 12.467619
v 111.266022 8.864145 10.488493
v 111.280724 8.868502 10.488658
v 111.282356 8.855951 10.474318
v 111.263977 8.852715 10.478483
v 111.295082 8.864146 10.491806
v 111.299339 8.852714 10.482513
v 111.296616 8.838198 10.478395
v 111.282585 8.836927 10.472340
v 111.267555 8.838199 10.475082
v 110.585114 7.431128 14.094763
v 110.628883 7.381115 14.059935
v 110.538040 7.475677 14.142118
v 110.559013 7.468945 14.169049
v 110.602669 7.427489 14.147591
v 110.654320 7.378335 14.150423
v 110.589989 10.757832 12.198884
v 110.570129 10.689295 12.238945
v 111.062424 8.200556 11.653505
v 111.091141 8.256079 11.579781
v 111.114975 8.308523 11.505821
v 111.161858 8.211926 11.723537
v 111.207420 8.271668 11.668131
v 111.257561 8.332260 11.619108
v 110.531990 7.314841 13.979709
v 110.517738 7.359116 14.061574
v 110.505371 7.392612 14.045428
v 110.519585 7.345635 13.963584
v 110.499649 7.408575 14.152005
v 110.487106 7.441058 14.129022
v 110.567513 7.297190 13.987620
v 110.556267 7.327470 14.069332
v 110.549728 7.357060 14.145350
v 110.626328 7.329043 13.967896
v 110.645653 7.337694 14.052422
v 110.669800 7.337181 14.136190
v 110.678711 10.879411 12.375505
v 110.707169 10.839978 12.383564
v 110.685585 10.827091 12.317289
v 110.660576 10.867842 12.324162
v 110.669342 10.834926 12.248561
v 110.649269 10.875780 12.269877
v 108.935020 6.075675 12.226699
v 108.891266 6.150701 12.178997
v 108.930351 6.073335 12.153656
v 110.613060 10.878738 12.337719
v 110.632408 10.890671 12.391182
v 110.600777 10.887536 12.281139
v 110.545311 7.428568 14.197552
v 110.577736 7.399367 14.188442
v 110.596649 7.416312 14.177781
v 110.560402 7.449594 14.188848
v 110.611366 7.373145 14.200346
v 110.634529 7.385001 14.188805
v 110.558861 7.380110 14.181954
v 110.521309 7.415790 14.190349
v 110.597816 7.348743 14.196087
v 111.015060 4.346512 13.015912
v 110.972778 4.248489 13.024669
v 110.953842 4.376583 12.989718
v 110.903343 4.278717 12.995503
v 110.932030 4.389106 12.921061
v 110.878242 4.290712 12.919217
v 110.956497 4.379484 12.852791
v 110.905510 4.280252 12.843419
v 111.018707 4.350500 12.827636
v 110.975754 4.250601 12.815552
v 111.159256 4.477998 12.867166
v 111.177856 4.463770 12.930010
v 111.138458 4.391035 12.925753
v 111.118713 4.404491 12.861095
v 111.155586 4.472916 12.992620
v 111.115486 4.400300 12.990110
v 111.100403 4.503128 13.015830
v 111.057945 4.429808 13.013901
v 111.046600 4.535249 12.991994
v 111.001602 4.460887 12.989310
v 111.028000 4.549478 12.929150
v 110.981865 4.474342 12.924653
v 111.050270 4.540331 12.866540
v 111.004829 4.465078 12.860296
v 111.105453 4.510118 12.843330
v 111.062378 4.435572 12.836506
v 111.236725 4.614210 12.878257
v 111.254272 4.600060 12.938454
v 111.216606 4.532857 12.934296
v 111.198647 4.547242 12.872811
v 111.232964 4.608885 12.998452
v 111.194839 4.541864 12.995576
v 111.180458 4.638519 13.020725
v 111.141159 4.572042 13.018320
v 111.129356 4.670151 12.997925
v 111.088905 4.604238 12.995028
v 111.111809 4.684301 12.937729
v 111.070946 4.618622 12.933542
v 111.133118 4.675475 12.877729
v 111.092712 4.609617 12.872263
v 111.185623 4.645842 12.855456
v 111.146393 4.579437 12.849518
v 111.309998 4.743168 12.888784
v 111.326973 4.729851 12.946499
v 111.291092 4.665760 12.942518
v 111.273895 4.679585 12.883575
v 111.306931 4.738913 13.004036
v 111.270279 4.674477 13.001268
v 111.256996 4.767958 13.025408
v 111.218910 4.703572 13.023079
v 111.208206 4.798597 13.003560
v 111.168900 4.734585 13.000755
v 111.191231 4.811917 12.945846
v 111.151703 4.748408 12.941813
v 111.211273 4.802854 12.888309
v 111.172516 4.739691 12.883064
v 111.261208 4.773808 12.866937
v 111.223885 4.710595 12.861252
v 111.381157 4.863451 12.896562
v 111.398148 4.851933 12.951698
v 111.362114 4.792054 12.950081
v 111.345169 4.804564 12.893591
v 111.380920 4.863533 13.006699
v 111.343315 4.802205 13.006418
v 111.335251 4.894369 13.027168
v 111.295311 4.831977 13.027369
v 111.289665 4.925176 13.006336
v 111.248001 4.862632 13.006009
v 111.272675 4.936693 12.951200
v 111.231056 4.875140 12.949520
v 111.289902 4.925095 12.896199
v 111.249855 4.864990 12.893183
v 111.335571 4.894258 12.875729
v 111.297859 4.835218 12.872232
v 111.458008 4.972897 12.894840
v 111.474808 4.963175 12.946754
v 111.436325 4.909056 12.950126
v 111.419357 4.919580 12.896564
v 111.460518 4.976864 12.998507
v 111.420715 4.921954 13.003544
v 111.419548 5.008822 13.017731
v 111.377533 4.953631 13.023410
v 111.377632 5.039291 12.998078
v 111.333839 4.984419 13.003159
v 111.360832 5.049013 12.946165
v 111.316872 4.994944 12.949596
v 111.375114 5.035323 12.894412
v 111.332474 4.982044 12.896179
v 111.416092 5.003366 12.875189
v 111.375656 4.950368 12.876312
v 111.530632 5.072038 12.891079
v 111.546616 5.063104 12.939971
v 111.511528 5.014279 12.943277
v 111.495087 5.023511 12.892920
v 111.533562 5.076543 12.988701
v 111.498024 5.028048 12.993471
v 111.495384 5.107221 13.006788
v 111.458649 5.059568 13.012104
v 111.456108 5.136207 12.988268
v 111.418167 5.089387 12.993029
v 111.440125 5.145141 12.939375
v 111.401726 5.098619 12.942670
v 111.453178 5.131702 12.890645
v 111.415230 5.084848 12.892477
v 111.491364 5.101026 12.872559
v 111.454605 5.053329 12.873844
v 111.583282 5.111585 12.936932
v 111.569366 5.121589 12.887567
v 111.571457 5.125284 12.985334
v 111.533699 5.155544 13.002581
v 111.495430 5.184779 12.983100
v 111.479088 5.192123 12.934475
v 111.492142 5.179401 12.886987
v 111.529861 5.149992 12.869259
v 111.859337 5.371259 13.079980
v 111.841209 5.426775 13.086787
v 111.798309 5.400266 13.069342
v 111.821266 5.350904 13.081066
v 111.831161 5.461998 13.065744
v 111.787697 5.436357 13.045641
v 111.840904 5.473978 13.026424
v 111.798172 5.450864 13.004610
v 111.858803 5.454076 12.974074
v 111.821007 5.450808 12.953255
v 111.976585 5.449011 13.054852
v 111.966949 5.437377 13.089760
v 111.928658 5.410852 13.070776
v 111.939735 5.422333 13.034176
v 111.945518 5.449011 13.118946
v 111.905807 5.421457 13.100826
v 111.890266 5.380165 13.050056
v 111.915756 5.381436 13.002317
v 111.923958 5.480036 13.123336
v 111.883934 5.454875 13.105433
v 111.914047 5.511061 13.103691
v 111.873863 5.487272 13.085292
v 111.923683 5.522695 13.068784
v 111.883652 5.499058 13.048932
v 111.945114 5.511062 13.039598
v 111.905388 5.486638 13.017473
v 111.966675 5.480035 13.035208
v 111.928375 5.455031 13.014282
v 111.889961 5.427335 12.989736
v 112.048439 5.496599 13.091702
v 112.039299 5.485559 13.124828
v 112.003868 5.461962 13.107653
v 112.013252 5.473295 13.073654
v 112.018959 5.496599 13.152526
v 111.982994 5.473294 13.136080
v 111.998497 5.526042 13.156693
v 111.961990 5.503511 13.140356
v 111.989090 5.555484 13.138048
v 111.952339 5.533729 13.121222
v 111.998238 5.566525 13.104922
v 111.961723 5.545060 13.087224
v 112.018578 5.555485 13.077225
v 111.982597 5.533730 13.058798
v 112.039040 5.526042 13.073058
v 112.003601 5.503510 13.054521
v 112.115334 5.540899 13.126005
v 112.106651 5.530412 13.157475
v 112.073502 5.508336 13.141406
v 112.082413 5.519097 13.109121
v 112.087326 5.540900 13.183786
v 112.053673 5.519097 13.168402
v 112.067886 5.568870 13.187744
v 112.033737 5.547791 13.172462
v 112.058952 5.596838 13.170034
v 112.024567 5.576486 13.154292
v 112.067635 5.607328 13.138565
v 112.033478 5.587247 13.122007
v 112.086960 5.596838 13.112252
v 112.053307 5.576486 13.095013
v 112.106400 5.568870 13.108294
v 112.073242 5.547791 13.090952
v 112.178558 5.582774 13.158429
v 112.170311 5.572807 13.188332
v 112.138885 5.551878 13.173099
v 112.147346 5.562103 13.142423
v 112.151947 5.582774 13.213335
v 112.120049 5.562103 13.198748
v 112.133476 5.609351 13.217095
v 112.101097 5.589367 13.202606
v 112.124985 5.635928 13.200266
v 112.092392 5.616632 13.185343
v 112.133240 5.645895 13.170363
v 112.100853 5.626857 13.154666
v 112.151604 5.635928 13.145361
v 112.119690 5.616632 13.129017
v 112.170074 5.609351 13.141600
v 112.138641 5.589368 13.125158
v 112.238914 5.622743 13.189378
v 112.231071 5.613275 13.217786
v 112.201012 5.593258 13.203217
v 112.209061 5.602972 13.174068
v 112.213631 5.622742 13.241538
v 112.183113 5.602972 13.227587
v 112.196083 5.647991 13.245111
v 112.165115 5.628879 13.231253
v 112.188019 5.673239 13.229124
v 112.156837 5.654783 13.214849
v 112.195854 5.682707 13.200716
v 112.164879 5.664498 13.185701
v 112.213303 5.673239 13.176964
v 112.182777 5.654783 13.161331
v 112.230850 5.647990 13.173390
v 112.200783 5.628878 13.157665
v 112.296913 5.661156 13.219122
v 112.289467 5.652167 13.246093
v 112.260544 5.632900 13.232071
v 112.268181 5.642126 13.204388
v 112.272911 5.661156 13.268644
v 112.243538 5.642126 13.255217
v 112.256248 5.685126 13.272036
v 112.226440 5.666729 13.258698
v 112.248596 5.709097 13.256858
v 112.218582 5.691333 13.243118
v 112.256035 5.718086 13.229886
v 112.226227 5.700560 13.215436
v 112.272598 5.709097 13.207336
v 112.243225 5.691334 13.192289
v 112.289253 5.685126 13.203943
v 112.260323 5.666730 13.188808
v 112.352936 5.698260 13.247854
v 112.345879 5.689733 13.273437
v 112.317902 5.671102 13.259876
v 112.325150 5.679859 13.233604
v 112.330170 5.698260 13.294827
v 112.301773 5.679859 13.281841
v 112.314369 5.720998 13.298044
v 112.285545 5.703207 13.285146
v 112.307106 5.743734 13.283648
v 112.278084 5.726557 13.270361
v 112.314163 5.752261 13.258064
v 112.285339 5.735312 13.244090
v 112.329872 5.743734 13.236674
v 112.301468 5.726557 13.222124
v 112.345673 5.720998 13.233457
v 112.317696 5.703207 13.218821
v 112.407272 5.734241 13.275716
v 112.400581 5.726164 13.299952
v 112.373428 5.708081 13.286791
v 112.380302 5.716382 13.261886
v 112.385696 5.734241 13.320217
v 112.358139 5.716381 13.307613
v 112.370728 5.755783 13.323265
v 112.342751 5.738516 13.310746
v 112.363846 5.777324 13.309625
v 112.335686 5.760652 13.296731
v 112.370537 5.785401 13.285389
v 112.342552 5.768951 13.271826
v 112.385422 5.777324 13.265124
v 112.357849 5.760652 13.251002
v 112.400391 5.755783 13.262075
v 112.373230 5.738517 13.247870
v 112.460121 5.769243 13.302819
v 112.453796 5.761601 13.325746
v 112.427361 5.744000 13.312933
v 112.433868 5.751857 13.289356
v 112.439713 5.769243 13.344915
v 112.412880 5.751857 13.332647
v 112.425552 5.789620 13.347799
v 112.398323 5.772813 13.335613
v 112.419044 5.809997 13.334896
v 112.391624 5.793768 13.322344
v 112.425369 5.817639 13.311969
v 112.398132 5.801626 13.298766
v 112.439453 5.809998 13.292799
v 112.412613 5.793768 13.279053
v 112.453613 5.789620 13.289915
v 112.427177 5.772813 13.276087
v 112.511665 5.803378 13.329250
v 112.505684 5.796164 13.350901
v 112.479897 5.778986 13.338398
v 112.486046 5.786413 13.316113
v 112.492393 5.803378 13.369003
v 112.466209 5.786413 13.357031
v 112.479019 5.822621 13.371725
v 112.452446 5.806219 13.359835
v 112.472878 5.841863 13.359542
v 112.446121 5.826026 13.347293
v 112.478851 5.849079 13.337892
v 112.452271 5.833453 13.325008
v 112.492142 5.841863 13.319790
v 112.465958 5.826025 13.306376
v 112.505516 5.822621 13.317066
v 112.479721 5.806219 13.303573
v 112.561371 5.836442 13.354752
v 112.555412 5.829497 13.374991
v 112.531059 5.813087 13.363198
v 112.536903 5.820113 13.342196
v 112.543098 5.836391 13.392157
v 112.518181 5.820107 13.380789
v 112.531197 5.854836 13.395071
v 112.505280 5.838830 13.383476
v 112.526146 5.873300 13.383957
v 112.499405 5.857555 13.371692
v 112.532097 5.880244 13.363718
v 112.505249 5.864580 13.350689
v 112.544418 5.873349 13.346553
v 112.518127 5.857562 13.333099
v 112.556320 5.854906 13.343638
v 112.531029 5.838838 13.330411
v 112.607689 5.862311 13.378719
v 112.600365 5.855082 13.397106
v 112.578300 5.844518 13.386104
v 112.584785 5.851564 13.366800
v 112.589752 5.862045 13.413960
v 112.566795 5.851410 13.403004
v 112.582008 5.880922 13.418522
v 112.556747 5.869966 13.406587
v 112.580986 5.899899 13.409870
v 112.553436 5.888579 13.396595
v 112.588310 5.907131 13.391482
v 112.559929 5.895625 13.377292
v 112.598923 5.900167 13.374630
v 112.571426 5.888732 13.360392
v 112.606667 5.881290 13.370068
v 112.581482 5.870177 13.356809
v 109.919678 5.165923 13.002718
v 109.896828 5.140322 12.909564
v 109.975632 5.048741 12.910507
v 110.001686 5.079883 13.014206
v 109.920601 5.166759 12.818228
v 110.000725 5.081536 12.810479
v 109.982323 5.236871 12.787301
v 110.063461 5.167895 12.784335
v 110.044037 5.306356 12.824881
v 110.129921 5.248734 12.831022
v 110.067787 5.331120 12.916231
v 110.155350 5.271500 12.929114
v 110.044922 5.303848 13.005763
v 110.133652 5.238733 13.019806
v 109.982292 5.234572 13.038494
v 110.067924 5.161291 13.052295
v 109.822365 5.222923 12.907368
v 109.840744 5.247797 12.993431
v 109.843903 5.247348 12.821631
v 109.903435 5.309992 12.791269
v 109.961380 5.372205 12.824279
v 109.982399 5.395549 12.909130
v 109.957916 5.374465 12.994221
v 109.898972 5.311018 13.026043
v 109.337822 5.719483 12.958870
v 109.325996 5.702188 12.904300
v 109.392883 5.641184 12.906933
v 109.405083 5.661160 12.962465
v 109.339859 5.717342 12.849833
v 109.407257 5.654157 12.849455
v 109.374275 5.760697 12.829384
v 109.439308 5.704636 12.828925
v 109.408051 5.804588 12.849901
v 109.473915 5.753646 12.848205
v 109.420197 5.821170 12.904675
v 109.486374 5.771394 12.903728
v 109.406654 5.805302 12.959346
v 109.475822 5.752879 12.960983
v 109.371918 5.762661 12.979591
v 109.440613 5.706783 12.982967
v 109.219147 5.820446 12.954359
v 109.207436 5.805403 12.902557
v 109.264984 5.755758 12.903195
v 109.276970 5.771414 12.956488
v 109.220161 5.820446 12.850997
v 109.278137 5.771147 12.850133
v 109.252945 5.860559 12.831937
v 109.311844 5.812551 12.830479
v 109.285347 5.900671 12.851638
v 109.345131 5.854021 12.850716
v 109.297058 5.915713 12.903439
v 109.357162 5.869588 12.904033
v 109.284325 5.900670 12.955000
v 109.344048 5.854110 12.957122
v 109.251549 5.860559 12.974060
v 109.310303 5.812796 12.976751
v 109.109612 5.913221 12.950373
v 109.098557 5.899026 12.901486
v 109.152122 5.852965 12.902014
v 109.163498 5.867577 12.952333
v 109.110565 5.913222 12.852828
v 109.164490 5.867578 12.851927
v 109.141502 5.951077 12.834841
v 109.196327 5.906542 12.833412
v 109.172081 5.988932 12.853433
v 109.227806 5.945509 12.852551
v 109.183128 6.003128 12.902319
v 109.239182 5.960120 12.902870
v 109.171120 5.988932 12.950977
v 109.226814 5.945508 12.952956
v 109.140182 5.951077 12.968966
v 109.194977 5.906543 12.971472
v 109.006027 6.000955 12.946604
v 108.995590 5.987560 12.900475
v 109.046440 5.943835 12.900974
v 109.057182 5.957625 12.948465
v 109.006927 6.000955 12.854559
v 109.058113 5.957625 12.853704
v 109.036118 6.036674 12.837586
v 109.088165 5.994400 12.836230
v 109.064972 6.072395 12.855130
v 109.117867 6.031174 12.854292
v 109.075401 6.085790 12.901258
v 109.128609 6.044964 12.901782
v 109.064064 6.072394 12.947174
v 109.116936 6.031174 12.949053
v 109.034874 6.036674 12.964147
v 109.086884 5.994399 12.966526
v 108.906898 6.084908 12.942996
v 108.897064 6.072278 12.899506
v 108.945839 6.030340 12.899985
v 108.955971 6.043349 12.944782
v 108.907753 6.084908 12.856216
v 108.956848 6.043348 12.855396
v 108.935272 6.118585 12.840215
v 108.985199 6.078036 12.838913
v 108.962479 6.152262 12.856754
v 109.013214 6.112725 12.855950
v 108.972313 6.164891 12.900246
v 109.023346 6.125733 12.900747
v 108.961624 6.152262 12.943535
v 109.012337 6.112725 12.945335
v 108.934105 6.118585 12.959538
v 108.983986 6.078037 12.961819
v 108.811325 6.165861 12.939518
v 108.802063 6.153970 12.898571
v 108.849167 6.113467 12.899035
v 108.858711 6.125722 12.941242
v 108.812126 6.165860 12.857815
v 108.859543 6.125722 12.857022
v 108.838036 6.197567 12.842749
v 108.886253 6.158406 12.841492
v 108.863647 6.229274 12.858321
v 108.912651 6.191090 12.857544
v 108.872910 6.241165 12.899267
v 108.922195 6.203347 12.899753
v 108.862846 6.229274 12.940024
v 108.911819 6.191090 12.941765
v 108.836929 6.197567 12.955091
v 108.885109 6.158407 12.957294
v 108.718758 6.244264 12.936147
v 108.710091 6.233063 12.897667
v 108.755699 6.193841 12.898115
v 108.764671 6.205373 12.937820
v 108.719513 6.244264 12.859365
v 108.765450 6.205372 12.858595
v 108.743774 6.274134 12.845205
v 108.790565 6.236128 12.843986
v 108.767746 6.304004 12.859838
v 108.815384 6.266881 12.859086
v 108.776413 6.315205 12.898319
v 108.824356 6.278415 12.898790
v 108.766991 6.304005 12.936621
v 108.814606 6.266882 12.938311
v 108.742737 6.274134 12.950781
v 108.789490 6.236127 12.952920
v 108.625397 6.322589 12.932427
v 108.617531 6.312075 12.896756
v 108.664810 6.271939 12.897221
v 108.673119 6.282831 12.934443
v 108.626099 6.322588 12.861247
v 108.673851 6.282831 12.860171
v 108.648148 6.350626 12.848116
v 108.697121 6.311878 12.846473
v 108.669937 6.378664 12.861678
v 108.720123 6.340925 12.860626
v 108.677811 6.389178 12.897349
v 108.728432 6.351817 12.897847
v 108.669235 6.378664 12.932858
v 108.719391 6.340924 12.934896
v 108.647186 6.350626 12.945990
v 108.696121 6.311878 12.948595
v 108.526306 6.402980 12.927379
v 108.519485 6.393551 12.895793
v 108.567162 6.354117 12.896261
v 108.574501 6.364111 12.929924
v 108.526924 6.402980 12.864347
v 108.575157 6.364111 12.862748
v 108.546043 6.428123 12.852715
v 108.595726 6.390760 12.850353
v 108.564926 6.453265 12.864720
v 108.616043 6.417410 12.863151
v 108.571747 6.462695 12.896306
v 108.623383 6.427404 12.896814
v 108.564308 6.453267 12.927752
v 108.615387 6.417410 12.930326
v 108.545189 6.428123 12.939384
v 108.594818 6.390760 12.942721
v 108.453171 6.461836 12.923475
v 108.447075 6.453336 12.895081
v 108.480110 6.426064 12.895405
v 108.486526 6.434997 12.925254
v 108.453728 6.461836 12.866811
v 108.487106 6.434995 12.865688
v 108.470833 6.484503 12.856353
v 108.505096 6.458815 12.854695
v 108.487724 6.507170 12.867146
v 108.522873 6.482633 12.866039
v 108.493820 6.515669 12.895540
v 108.529282 6.491565 12.895888
v 108.487167 6.507170 12.923810
v 108.522285 6.482634 12.925606
v 108.470062 6.484503 12.934267
v 108.504295 6.458815 12.936599
v 108.394608 6.508960 12.920352
v 108.389061 6.501225 12.894509
v 108.417091 6.478088 12.894785
v 108.422897 6.486193 12.921861
v 108.395119 6.508960 12.868780
v 108.423431 6.486194 12.867829
v 108.410683 6.529591 12.859262
v 108.439743 6.507808 12.857857
v 108.426056 6.550220 12.869085
v 108.455849 6.529421 12.868148
v 108.431610 6.557957 12.894928
v 108.461662 6.537527 12.895224
v 108.425552 6.550220 12.920657
v 108.455322 6.529421 12.922180
v 108.409981 6.529591 12.930175
v 108.439011 6.507807 12.932152
v 108.342186 6.551146 12.917557
v 108.337128 6.544095 12.893999
v 108.362503 6.523150 12.894249
v 108.367798 6.530537 12.918923
v 108.342644 6.551147 12.870544
v 108.368279 6.530536 12.869682
v 108.356834 6.569953 12.861868
v 108.383148 6.550234 12.860596
v 108.370857 6.588759 12.870822
v 108.397827 6.569931 12.869973
v 108.375916 6.595812 12.894381
v 108.403122 6.577317 12.894649
v 108.370392 6.588759 12.917835
v 108.397339 6.569931 12.919214
v 108.356201 6.569953 12.926512
v 108.382477 6.550234 12.928301
v 108.293777 6.590101 12.914976
v 108.289169 6.583681 12.893527
v 108.312729 6.564233 12.893760
v 108.317558 6.570965 12.916245
v 108.294197 6.590101 12.872172
v 108.318001 6.570964 12.871372
v 108.307121 6.607224 12.864273
v 108.331543 6.588914 12.863091
v 108.319878 6.624346 12.872425
v 108.344925 6.606863 12.871637
v 108.324486 6.630767 12.893874
v 108.349747 6.613595 12.894123
v 108.319458 6.624346 12.915230
v 108.344482 6.606863 12.916510
v 108.306541 6.607224 12.923129
v 108.330940 6.588914 12.924790
v 108.248314 6.626688 12.912552
v 108.244133 6.620859 12.893085
v 108.266335 6.602533 12.893303
v 108.270721 6.608654 12.913748
v 108.248695 6.626688 12.873702
v 108.271126 6.608654 12.872949
v 108.260422 6.642230 12.866532
v 108.283440 6.624974 12.865418
v 108.272003 6.657769 12.873932
v 108.295601 6.641294 12.873190
v 108.276184 6.663598 12.893399
v 108.299995 6.647415 12.893634
v 108.271622 6.657769 12.912782
v 108.295204 6.641294 12.913988
v 108.259895 6.642229 12.919951
v 108.282890 6.624974 12.921517
v 108.205139 6.661427 12.910252
v 108.201363 6.656162 12.892664
v 108.222496 6.638721 12.892872
v 108.226471 6.644264 12.911387
v 108.205490 6.661427 12.875154
v 108.226837 6.644264 12.874437
v 108.216080 6.675466 12.868677
v 108.237984 6.659045 12.867618
v 108.226547 6.689506 12.875362
v 108.249001 6.673826 12.874655
v 108.230324 6.694769 12.892948
v 108.252975 6.679369 12.893171
v 108.226196 6.689506 12.910459
v 108.248642 6.673826 12.911606
v 108.215607 6.675466 12.916935
v 108.237488 6.659045 12.918425
v 108.163933 6.694595 12.908050
v 108.160583 6.689843 12.892263
v 108.180710 6.673212 12.892461
v 108.184288 6.678208 12.909139
v 108.164246 6.694594 12.876544
v 108.184616 6.678207 12.875856
v 108.173660 6.707267 12.870729
v 108.194649 6.691530 12.869714
v 108.182953 6.719939 12.876729
v 108.204559 6.704852 12.876053
v 108.186302 6.724691 12.892516
v 108.208138 6.709848 12.892731
v 108.182640 6.719939 12.908234
v 108.204231 6.704852 12.909334
v 108.173233 6.707267 12.914049
v 108.194199 6.691530 12.915478
v 108.125084 6.724687 12.906218
v 108.122223 6.720242 12.891886
v 108.141052 6.705832 12.892071
v 108.144142 6.710389 12.907019
v 108.125359 6.724687 12.877613
v 108.144440 6.710389 12.877188
v 108.133408 6.736543 12.872328
v 108.153137 6.722540 12.871679
v 108.141342 6.748398 12.877769
v 108.161720 6.734690 12.877357
v 108.144196 6.752844 12.892102
v 108.164818 6.739245 12.892304
v 108.141060 6.748398 12.906375
v 108.161430 6.734690 12.907188
v 108.133018 6.736543 12.911659
v 108.152733 6.722539 12.912696
v 110.684448 6.566828 13.130797
v 110.579941 6.543238 13.159878
v 110.580353 6.427747 13.087496
v 110.688103 6.447299 13.057532
v 110.475998 6.566828 13.128712
v 110.472816 6.447898 13.055683
v 110.437614 6.629735 13.047966
v 110.433144 6.511012 12.974323
v 110.477440 6.692642 12.968017
v 110.472572 6.575841 12.892321
v 110.582047 6.716233 12.938973
v 110.582565 6.604137 12.866093
v 110.686073 6.692643 12.970177
v 110.691788 6.575711 12.894684
v 110.724365 6.629735 13.050885
v 110.729256 6.510331 12.977098
v 110.667381 6.746938 13.262083
v 110.578697 6.724960 13.286024
v 110.579277 6.640983 13.226971
v 110.676979 6.664280 13.199963
v 110.490509 6.746938 13.260344
v 110.482132 6.664280 13.198042
v 110.457993 6.805547 13.193855
v 110.446320 6.726407 13.123096
v 110.491806 6.864155 13.128019
v 110.483582 6.788534 13.048874
v 110.580490 6.886134 13.104078
v 110.581291 6.811832 13.021870
v 110.668686 6.864155 13.129760
v 110.678452 6.788535 13.050803
v 110.701195 6.805547 13.196247
v 110.714249 6.726407 13.125744
v 110.650932 6.881037 13.363869
v 110.577744 6.862123 13.382877
v 110.578194 6.797814 13.337622
v 110.658646 6.818150 13.316246
v 110.504951 6.881036 13.362433
v 110.498169 6.818150 13.314668
v 110.478096 6.931474 13.309562
v 110.468666 6.872380 13.255264
v 110.505989 6.981913 13.257229
v 110.499336 6.926610 13.196453
v 110.579170 7.000827 13.238220
v 110.579788 6.946946 13.175077
v 110.651962 6.981913 13.258664
v 110.659813 6.926611 13.198031
v 110.678818 6.931475 13.311536
v 110.689316 6.872380 13.257435
v 110.637428 6.990523 13.459384
v 110.576859 6.972913 13.472889
v 110.577339 6.920138 13.424728
v 110.643806 6.938212 13.408439
v 110.516571 6.990523 13.458196
v 110.511200 6.938212 13.407135
v 110.494278 7.037484 13.420373
v 110.486778 6.986408 13.361712
v 110.517311 7.084445 13.382997
v 110.512085 7.034604 13.316779
v 110.577881 7.102057 13.369491
v 110.578560 7.052678 13.300489
v 110.638168 7.084445 13.384185
v 110.644699 7.034604 13.318083
v 110.660461 7.037484 13.422007
v 110.669113 6.986408 13.363505
v 110.627518 7.080173 13.590603
v 110.575615 7.063483 13.599957
v 110.576256 7.020911 13.534541
v 110.632019 7.038124 13.523438
v 110.523903 7.080173 13.589584
v 110.520729 7.038124 13.522343
v 110.504738 7.124684 13.563090
v 110.500160 7.084022 13.491068
v 110.524422 7.169194 13.536978
v 110.521339 7.129921 13.460203
v 110.576324 7.185886 13.527624
v 110.577095 7.147132 13.449099
v 110.628036 7.169194 13.537997
v 110.632629 7.129920 13.461297
v 110.647202 7.124684 13.564491
v 110.653191 7.084022 13.492572
v 110.620544 7.147761 13.701581
v 110.574539 7.132667 13.709426
v 110.575043 7.100198 13.658081
v 110.623779 7.116146 13.649708
v 110.528687 7.147761 13.700678
v 110.526474 7.116147 13.648751
v 110.511681 7.188014 13.678386
v 110.508461 7.158672 13.624969
v 110.529121 7.228267 13.656432
v 110.526939 7.201200 13.601544
v 110.575134 7.243361 13.648587
v 110.575676 7.217147 13.593172
v 110.620979 7.228267 13.657335
v 110.624245 7.201200 13.602501
v 110.637985 7.188014 13.679627
v 110.642258 7.158672 13.626284
v 110.614754 7.204598 13.794815
v 110.573624 7.191107 13.801826
v 110.574066 7.162725 13.756954
v 110.617569 7.176996 13.749538
v 110.532646 7.204598 13.794007
v 110.530724 7.176996 13.748684
v 110.517448 7.240577 13.774082
v 110.514648 7.215051 13.727609
v 110.533035 7.276556 13.754460
v 110.531136 7.253105 13.706855
v 110.574165 7.290048 13.747448
v 110.574631 7.267375 13.699439
v 110.615143 7.276555 13.755268
v 110.617981 7.253105 13.707708
v 110.630341 7.240577 13.775192
v 110.634056 7.215051 13.728784
v 110.609482 7.256318 13.879652
v 110.572800 7.244285 13.885906
v 110.573204 7.218215 13.844687
v 110.612068 7.230963 13.838061
v 110.536247 7.256319 13.878933
v 110.534485 7.230962 13.837298
v 110.522690 7.288407 13.861161
v 110.520119 7.264958 13.818471
v 110.536598 7.320497 13.843659
v 110.534851 7.298955 13.799930
v 110.573280 7.332530 13.837406
v 110.573708 7.311704 13.793305
v 110.609825 7.320497 13.844379
v 110.612434 7.298955 13.800693
v 110.623383 7.288407 13.862151
v 110.626793 7.264959 13.819520
v 110.571953 7.269903 13.928739
v 110.607834 7.280257 13.923609
v 110.537003 7.282113 13.921873
v 110.524178 7.312650 13.905077
v 110.537270 7.342680 13.888195
v 110.571922 7.353707 13.881968
v 110.607368 7.342391 13.889946
v 110.621140 7.310716 13.906582
v 110.809776 7.772622 12.080813
v 110.879677 7.753901 12.111355
v 110.835739 7.672310 12.173641
v 110.755486 7.696404 12.137856
v 110.927902 7.779510 12.166699
v 110.888550 7.701411 12.238841
v 110.921013 7.840449 12.214819
v 110.877922 7.777061 12.289398
v 110.869904 7.898510 12.231307
v 110.817558 7.846744 12.305010
v 110.800194 7.916447 12.202306
v 110.739700 7.864342 12.270487
v 110.752167 7.890050 12.148500
v 110.688095 7.833962 12.212650
v 110.758858 7.829898 12.098842
v 110.697533 7.766159 12.157890
v 110.904282 7.904429 11.946302
v 110.962921 7.890610 11.969681
v 110.923256 7.826511 12.040438
v 110.859734 7.842371 12.014011
v 111.004845 7.914026 12.012894
v 110.968040 7.850814 12.089114
v 111.001411 7.965471 12.051825
v 110.963341 7.906009 12.132731
v 110.960258 8.013318 12.065785
v 110.918030 7.958003 12.148257
v 110.901611 8.027139 12.042408
v 110.854530 7.973763 12.122024
v 110.859695 8.003723 11.999194
v 110.809769 7.949363 12.073540
v 110.863129 7.952277 11.960263
v 110.814445 7.894265 12.029730
v 110.974747 8.002496 11.836671
v 111.025482 7.990903 11.856436
v 110.996468 7.944413 11.908940
v 110.941986 7.956913 11.887651
v 111.062004 8.011628 11.892988
v 111.035637 7.966599 11.948310
v 111.059402 8.056427 11.925932
v 111.032791 8.014658 11.983788
v 111.024086 8.097804 11.937757
v 110.994835 8.059089 11.996521
v 110.973351 8.109396 11.917992
v 110.940353 8.071589 11.975231
v 110.936836 8.088672 11.881437
v 110.901184 8.049404 11.935863
v 110.939430 8.043871 11.848495
v 110.904030 8.001343 11.900384
v 111.033340 8.084017 11.745481
v 111.077347 8.073963 11.762623
v 111.052185 8.033669 11.808132
v 111.004921 8.044470 11.789719
v 111.109016 8.091936 11.794325
v 111.086205 8.052979 11.842188
v 111.106758 8.130791 11.822896
v 111.083786 8.094715 11.872880
v 111.076134 8.166675 11.833151
v 111.050880 8.133264 11.883896
v 111.032127 8.176729 11.816009
v 111.003616 8.144063 11.865482
v 111.000458 8.158754 11.784307
v 110.969597 8.124756 11.831427
v 111.002716 8.119902 11.755735
v 110.972015 8.083017 11.800735
v 111.102997 8.114025 11.717638
v 111.061569 8.123367 11.700125
v 111.132439 8.130796 11.747868
v 111.130188 8.166903 11.774490
v 111.101471 8.200174 11.783772
v 111.060234 8.209423 11.767384
v 111.030426 8.192643 11.737499
v 111.032387 8.156545 11.710456
v 111.147186 8.340067 11.390477
v 111.178085 8.329944 11.388716
v 111.172501 8.305664 11.432398
v 111.140854 8.315489 11.434722
v 111.207619 8.340326 11.397633
v 111.203522 8.316805 11.441704
v 111.216972 8.367896 11.413376
v 111.212509 8.347368 11.457079
v 111.203743 8.395269 11.426345
v 111.199341 8.376857 11.471643
v 111.173073 8.405132 11.427866
v 111.168037 8.385705 11.472960
v 111.143768 8.394490 11.418711
v 111.137772 8.372557 11.464548
v 111.134186 8.367181 11.403207
v 111.127632 8.343143 11.448271
v 111.157257 8.383010 11.310638
v 111.187210 8.373176 11.308904
v 111.182762 8.352041 11.347889
v 111.152336 8.362029 11.349646
v 111.216003 8.383011 11.317336
v 111.211990 8.362061 11.356481
v 111.225471 8.409237 11.332148
v 111.221558 8.388766 11.371584
v 111.212914 8.435464 11.344446
v 111.208763 8.415447 11.384112
v 111.182961 8.445298 11.346181
v 111.178368 8.425402 11.385840
v 111.154167 8.435464 11.337749
v 111.149170 8.415351 11.377218
v 111.144699 8.409237 11.322937
v 111.139572 8.388678 11.362144
v 111.166603 8.422851 11.236570
v 111.195648 8.413313 11.234888
v 111.191490 8.393555 11.271321
v 111.162003 8.403240 11.273029
v 111.223572 8.422852 11.243066
v 111.219841 8.403240 11.279624
v 111.232750 8.448282 11.257428
v 111.229172 8.429064 11.294208
v 111.220573 8.473717 11.269356
v 111.216805 8.454887 11.306318
v 111.191528 8.483255 11.271037
v 111.187309 8.464572 11.308025
v 111.163605 8.473717 11.262861
v 111.158958 8.454888 11.299723
v 111.154419 8.448284 11.248498
v 111.149635 8.429064 11.285139
v 111.175453 8.460590 11.166408
v 111.203644 8.451333 11.164776
v 111.199692 8.432549 11.199416
v 111.171082 8.441944 11.201073
v 111.230736 8.460589 11.172710
v 111.227196 8.441943 11.207471
v 111.239647 8.485271 11.186649
v 111.236244 8.466997 11.221620
v 111.227829 8.509953 11.198224
v 111.224243 8.492051 11.233368
v 111.199638 8.519210 11.199857
v 111.195633 8.501446 11.235025
v 111.172546 8.509953 11.191921
v 111.168129 8.492051 11.226970
v 111.163635 8.485271 11.177982
v 111.159081 8.466997 11.212822
v 111.183937 8.496752 11.099176
v 111.211304 8.487765 11.097591
v 111.207504 8.469725 11.130860
v 111.179733 8.478846 11.132468
v 111.237610 8.496752 11.105295
v 111.234207 8.478844 11.138679
v 111.246262 8.520714 11.118827
v 111.242989 8.503163 11.152412
v 111.234787 8.544677 11.130065
v 111.231339 8.527482 11.163816
v 111.207420 8.553662 11.131650
v 111.203568 8.536602 11.165425
v 111.181107 8.544678 11.123945
v 111.176865 8.527482 11.157606
v 111.172455 8.520714 11.110414
v 111.168091 8.503163 11.143873
v 111.192123 8.531662 11.034274
v 111.218697 8.522936 11.032736
v 111.215027 8.505493 11.064900
v 111.188065 8.514349 11.066462
v 111.244240 8.531661 11.040216
v 111.240952 8.514348 11.072492
v 111.252640 8.554930 11.053355
v 111.249474 8.537961 11.085827
v 111.241501 8.578196 11.064267
v 111.238167 8.561573 11.096900
v 111.214928 8.586923 11.065806
v 111.211205 8.570427 11.098461
v 111.189377 8.578196 11.058325
v 111.185280 8.561573 11.090870
v 111.180977 8.554928 11.045185
v 111.176750 8.537960 11.077536
v 111.200066 8.565535 10.971297
v 111.225868 8.557062 10.969803
v 111.222305 8.540117 11.001049
v 111.196121 8.548717 11.002565
v 111.250671 8.565535 10.977067
v 111.247482 8.548717 11.008421
v 111.258835 8.588129 10.989826
v 111.255760 8.571645 11.021368
v 111.248009 8.610721 11.000422
v 111.244774 8.594573 11.032122
v 111.222206 8.619194 11.001915
v 111.218590 8.603170 11.033637
v 111.197403 8.610722 10.994652
v 111.193420 8.594572 11.026266
v 111.189247 8.588129 10.981892
v 111.185143 8.571644 11.013318
v 111.207809 8.598531 10.909952
v 111.232857 8.590305 10.908502
v 111.229385 8.573786 10.938963
v 111.203957 8.582134 10.940436
v 111.256943 8.598532 10.915554
v 111.253830 8.582135 10.946121
v 111.264862 8.620468 10.927942
v 111.261864 8.604397 10.958693
v 111.254356 8.642405 10.938231
v 111.251205 8.626660 10.969133
v 111.229301 8.650631 10.939680
v 111.225777 8.635008 10.970606
v 111.205223 8.642405 10.932629
v 111.201340 8.626659 10.963449
v 111.197304 8.620468 10.920240
v 111.193298 8.604397 10.950876
v 111.215370 8.630767 10.850020
v 111.239685 8.622782 10.848612
v 111.236290 8.606633 10.878392
v 111.211609 8.614738 10.879822
v 111.263062 8.630768 10.855458
v 111.260017 8.614739 10.885340
v 111.270752 8.652063 10.867483
v 111.267822 8.636353 10.897547
v 111.260559 8.673357 10.877470
v 111.257477 8.657967 10.907682
v 111.236237 8.681341 10.878879
v 111.232788 8.666071 10.909112
v 111.212860 8.673357 10.872032
v 111.209061 8.657967 10.902163
v 111.205170 8.652061 10.860006
v 111.201256 8.636353 10.889957
v 111.222771 8.662336 10.791328
v 111.246376 8.654586 10.789963
v 111.243050 8.638763 10.819141
v 111.219086 8.646630 10.820528
v 111.269058 8.662334 10.796607
v 111.266075 8.646630 10.825886
v 111.276527 8.683003 10.808279
v 111.273651 8.667609 10.837734
v 111.266624 8.703669 10.817968
v 111.263603 8.688589 10.847571
v 111.243027 8.711418 10.819336
v 111.239647 8.696455 10.848959
v 111.220337 8.703669 10.812692
v 111.216614 8.688589 10.842215
v 111.212875 8.683002 10.801021
v 111.209038 8.667609 10.830366
v 111.230034 8.693311 10.733744
v 111.252937 8.685792 10.732418
v 111.249672 8.670259 10.761061
v 111.226418 8.677893 10.762405
v 111.274948 8.693309 10.738864
v 111.272018 8.677893 10.767605
v 111.282188 8.713360 10.750186
v 111.279366 8.698250 10.779100
v 111.272583 8.733408 10.759589
v 111.269615 8.718607 10.788647
v 111.249687 8.740929 10.760915
v 111.246368 8.726240 10.789992
v 111.227676 8.733409 10.754469
v 111.224022 8.718607 10.783448
v 111.220436 8.713360 10.743147
v 111.216675 8.698249 10.771952
v 111.237175 8.723748 10.677153
v 111.259384 8.716457 10.675867
v 111.256172 8.701188 10.704024
v 111.233620 8.708593 10.705330
v 111.280731 8.723749 10.682118
v 111.277847 8.708593 10.710373
v 111.287750 8.743193 10.693099
v 111.284981 8.728338 10.721523
v 111.278435 8.762636 10.702217
v 111.275520 8.748084 10.730783
v 111.256233 8.769929 10.703503
v 111.252968 8.755489 10.732089
v 111.234886 8.762637 10.697251
v 111.231293 8.748084 10.725740
v 111.227867 8.743194 10.686271
v 111.224167 8.728338 10.714590
v 111.244202 8.753702 10.621464
v 111.265724 8.746635 10.620216
v 111.262566 8.731605 10.647935
v 111.240700 8.738785 10.649200
v 111.286415 8.753703 10.626276
v 111.283585 8.738784 10.654089
v 111.293221 8.772551 10.636921
v 111.290497 8.757931 10.664900
v 111.284195 8.791399 10.645758
v 111.281326 8.777075 10.673879
v 111.262672 8.798466 10.647005
v 111.259460 8.784253 10.675145
v 111.241982 8.791398 10.640945
v 111.238449 8.777073 10.668989
v 111.235176 8.772551 10.630302
v 111.231537 8.757929 10.658178
v 111.251122 8.783213 10.566598
v 111.271980 8.776367 10.565392
v 111.268860 8.761555 10.592705
v 111.247673 8.768511 10.593932
v 111.292023 8.783215 10.571260
v 111.289230 8.768511 10.598669
v 111.298615 8.801476 10.581573
v 111.295929 8.787066 10.609147
v 111.289871 8.819735 10.590137
v 111.287041 8.805616 10.617847
v 111.269020 8.826582 10.591343
v 111.265854 8.812575 10.619074
v 111.248970 8.819735 10.585472
v 111.245491 8.805617 10.613110
v 111.242378 8.801476 10.575162
v 111.238792 8.787065 10.602633
v 111.257950 8.812317 10.512491
v 111.278145 8.805687 10.511322
v 111.275070 8.791075 10.538265
v 111.254547 8.797815 10.539454
v 111.297554 8.812317 10.517006
v 111.294800 8.797815 10.544043
v 111.303932 8.829998 10.526991
v 111.301285 8.815784 10.554190
v 111.295471 8.847678 10.535282
v 111.292679 8.833754 10.562616
v 111.275276 8.854310 10.536451
v 111.272156 8.840494 10.563805
v 111.255867 8.847678 10.530767
v 111.252426 8.833754 10.558027
v 111.249481 8.829998 10.520782
v 111.245941 8.815784 10.547880
v 111.280975 8.820442 10.486452
v 111.261894 8.826557 10.487850
v 111.299255 8.826557 10.492109
v 111.305321 8.843388 10.501242
v 111.297287 8.859917 10.509352
v 111.278275 8.866335 10.510170
v 111.259926 8.859917 10.505093
v 111.253929 8.843388 10.495380
v 110.262909 9.137213 13.068215
v 110.196983 9.118237 13.026071
v 110.250664 9.026581 12.977201
v 110.323914 9.044873 13.020622
v 110.161308 9.138250 12.955368
v 110.212303 9.049211 12.898684
v 110.183136 9.191143 12.896904
v 110.237053 9.110551 12.834240
v 110.242767 9.243254 12.880337
v 110.299408 9.165339 12.813941
v 110.307899 9.261189 12.921362
v 110.364677 9.181513 12.858047
v 110.342781 9.240139 12.990944
v 110.403687 9.157379 12.930460
v 110.321747 9.188287 13.050529
v 110.383293 9.103026 12.996890
v 110.159828 9.289371 13.148164
v 110.102592 9.272291 13.111114
v 110.147949 9.198359 13.070326
v 110.209610 9.216674 13.110170
v 110.071854 9.289372 13.050252
v 110.114807 9.216804 13.004690
v 110.090698 9.334923 13.000145
v 110.135124 9.265924 12.950619
v 110.142525 9.380472 12.986753
v 110.190948 9.314949 12.936050
v 110.199760 9.397555 13.023804
v 110.252502 9.333134 12.975756
v 110.230499 9.380473 13.084665
v 110.285545 9.314560 13.041252
v 110.211655 9.334923 13.134772
v 110.265335 9.265568 13.095463
v 110.068596 9.422091 13.217391
v 110.019600 9.407472 13.185678
v 110.059982 9.341688 13.149394
v 110.112991 9.357508 13.183704
v 109.993294 9.422091 13.133582
v 110.031525 9.357508 13.093033
v 110.009422 9.461082 13.090692
v 110.048965 9.399692 13.046631
v 110.053787 9.500072 13.079230
v 110.096970 9.441874 13.034230
v 110.102776 9.514693 13.110943
v 110.149971 9.457691 13.068541
v 110.129089 9.500072 13.163039
v 110.178436 9.441874 13.124901
v 110.112961 9.461082 13.205929
v 110.160988 9.399691 13.171304
v 109.985489 9.542992 13.280455
v 109.944008 9.530611 13.253602
v 109.981033 9.470297 13.220333
v 110.026192 9.483776 13.249566
v 109.921730 9.542992 13.209492
v 109.956779 9.483777 13.172312
v 109.935387 9.576005 13.173176
v 109.971649 9.519714 13.132774
v 109.972946 9.609018 13.163469
v 110.012543 9.555658 13.122209
v 110.014435 9.621401 13.190322
v 110.057709 9.569136 13.151443
v 110.036713 9.609019 13.234433
v 110.081955 9.555657 13.199465
v 110.023056 9.576005 13.270749
v 110.067093 9.519715 13.239000
v 109.908508 9.654980 13.338808
v 109.873817 9.644958 13.316663
v 109.908310 9.588762 13.285676
v 109.946266 9.600051 13.310209
v 109.855064 9.655577 13.280195
v 109.887909 9.600124 13.245364
v 109.866302 9.683211 13.250109
v 109.900383 9.630338 13.212169
v 109.897583 9.710622 13.242002
v 109.934738 9.660522 13.203289
v 109.932274 9.720645 13.264147
v 109.972702 9.671809 13.227821
v 109.951027 9.710027 13.300614
v 109.993095 9.660448 13.268133
v 109.939789 9.682391 13.330701
v 109.980629 9.630234 13.301330
v 109.842384 9.752366 13.392233
v 109.812485 9.745393 13.374743
v 109.840981 9.698520 13.346525
v 109.872849 9.707002 13.366179
v 109.795731 9.755882 13.345471
v 109.823494 9.708858 13.313958
v 109.804512 9.779827 13.320993
v 109.833420 9.734296 13.286950
v 109.830780 9.802451 13.314051
v 109.861855 9.759039 13.279524
v 109.860680 9.809424 13.331541
v 109.893723 9.767521 13.299179
v 109.877434 9.798933 13.360813
v 109.911209 9.757183 13.331746
v 109.868652 9.774990 13.385291
v 109.901283 9.731745 13.358754
v 109.801414 9.817758 13.440408
v 109.772690 9.812620 13.425169
v 109.790459 9.782312 13.400862
v 109.819496 9.788154 13.416924
v 109.756058 9.823980 13.399136
v 109.773865 9.793262 13.373671
v 109.763672 9.847138 13.377007
v 109.781898 9.816606 13.350721
v 109.788292 9.867965 13.370355
v 109.807045 9.838034 13.343992
v 109.817017 9.873101 13.385593
v 109.836082 9.843874 13.360054
v 109.833649 9.861744 13.411626
v 109.852676 9.832924 13.387245
v 109.826035 9.838585 13.433755
v 109.844643 9.809580 13.410194
v 109.768517 9.872083 13.484657
v 109.740677 9.867392 13.470180
v 109.756363 9.840560 13.448130
v 109.784698 9.845371 13.462901
v 109.724457 9.878637 13.445338
v 109.739868 9.851976 13.422797
v 109.731689 9.901117 13.424148
v 109.747246 9.874849 13.401196
v 109.755447 9.921137 13.417701
v 109.771439 9.895247 13.394635
v 109.783287 9.925828 13.432178
v 109.799774 9.900058 13.409407
v 109.799507 9.914581 13.457018
v 109.816269 9.888642 13.434740
v 109.792274 9.892102 13.478209
v 109.808884 9.865768 13.456340
v 109.737206 9.923780 13.526761
v 109.710358 9.919260 13.512802
v 109.725380 9.893565 13.491689
v 109.752716 9.898171 13.505903
v 109.694717 9.930101 13.488851
v 109.709450 9.904610 13.467296
v 109.701691 9.951777 13.468418
v 109.716553 9.926682 13.446487
v 109.724602 9.971081 13.462202
v 109.739876 9.946341 13.440157
v 109.751442 9.975603 13.476161
v 109.767220 9.950947 13.454372
v 109.767082 9.964760 13.500113
v 109.783142 9.939903 13.478765
v 109.760109 9.943085 13.520545
v 109.776039 9.917830 13.499573
v 109.706841 9.973908 13.567585
v 109.680946 9.969584 13.554158
v 109.695564 9.944574 13.533607
v 109.721924 9.949012 13.547309
v 109.665855 9.980064 13.531092
v 109.680206 9.955226 13.510092
v 109.672569 10.000959 13.511397
v 109.687050 9.976509 13.490030
v 109.694664 10.019547 13.505386
v 109.709541 9.995461 13.483925
v 109.720566 10.023874 13.518814
v 109.735901 9.999897 13.497626
v 109.735657 10.013392 13.541880
v 109.751259 9.989245 13.521141
v 109.728935 9.992496 13.561575
v 109.744415 9.967962 13.541203
v 109.677162 10.023300 13.607895
v 109.652122 10.019305 13.595112
v 109.666473 9.994392 13.574557
v 109.691940 9.998566 13.587674
v 109.637512 10.029530 13.573017
v 109.651627 10.004739 13.551966
v 109.643974 10.049662 13.554062
v 109.658218 10.025252 13.532638
v 109.665306 10.067455 13.548185
v 109.679932 10.043453 13.526700
v 109.690346 10.071450 13.560968
v 109.705391 10.047626 13.539817
v 109.704964 10.061224 13.583063
v 109.720245 10.037281 13.562408
v 109.698494 10.041094 13.602019
v 109.713646 10.016767 13.581737
v 109.648376 10.072723 13.648581
v 109.624229 10.069054 13.636446
v 109.637939 10.044450 13.615971
v 109.662537 10.048269 13.628416
v 109.610115 10.079007 13.615338
v 109.623566 10.054549 13.594381
v 109.616318 10.098350 13.597140
v 109.629898 10.074285 13.575809
v 109.636871 10.115339 13.591410
v 109.650848 10.091664 13.569998
v 109.661018 10.119011 13.603544
v 109.675446 10.095484 13.582443
v 109.675133 10.109058 13.624653
v 109.689812 10.085384 13.604033
v 109.668922 10.089714 13.642850
v 109.683479 10.065649 13.622606
v 109.622116 10.118168 13.686070
v 109.598869 10.114670 13.674425
v 109.611259 10.092373 13.655862
v 109.634956 10.095945 13.667736
v 109.585274 10.124269 13.654142
v 109.597412 10.102156 13.635183
v 109.591240 10.142881 13.636639
v 109.603493 10.121124 13.617342
v 109.611023 10.159203 13.631108
v 109.623657 10.137766 13.611707
v 109.634270 10.162702 13.642753
v 109.647346 10.141336 13.623581
v 109.647865 10.153101 13.663036
v 109.661201 10.131555 13.644258
v 109.641899 10.134490 13.680540
v 109.655121 10.112585 13.662101
v 109.597328 10.161057 13.721455
v 109.574951 10.157689 13.710243
v 109.586792 10.136385 13.692507
v 109.609604 10.139818 13.703933
v 109.561867 10.166931 13.690717
v 109.573456 10.145806 13.672606
v 109.567604 10.184847 13.673866
v 109.579308 10.164064 13.655431
v 109.586655 10.200562 13.668542
v 109.598717 10.180080 13.650005
v 109.609032 10.203929 13.679752
v 109.621529 10.183513 13.661431
v 109.622116 10.194687 13.699279
v 109.634865 10.174093 13.681332
v 109.616371 10.176771 13.716130
v 109.629013 10.155832 13.698506
v 109.573280 10.202675 13.755789
v 109.551720 10.199470 13.745030
v 109.563278 10.178679 13.727719
v 109.585243 10.181978 13.738714
v 109.539139 10.208346 13.726221
v 109.550446 10.187744 13.708560
v 109.544701 10.225521 13.709944
v 109.556084 10.205313 13.692019
v 109.563080 10.240568 13.704754
v 109.574776 10.220720 13.686788
v 109.584641 10.243773 13.715513
v 109.596733 10.224020 13.697783
v 109.597221 10.234896 13.734323
v 109.609573 10.214956 13.716942
v 109.591652 10.217720 13.750600
v 109.603928 10.197386 13.733482
v 109.546715 10.250553 13.794029
v 109.526138 10.247686 13.783960
v 109.539886 10.221023 13.762826
v 109.561050 10.224085 13.773298
v 109.514236 10.256027 13.766025
v 109.527588 10.229678 13.744373
v 109.519714 10.271998 13.750286
v 109.533119 10.246349 13.728308
v 109.537369 10.285917 13.745048
v 109.551208 10.260922 13.723090
v 109.557938 10.288783 13.755116
v 109.572365 10.263985 13.733562
v 109.569839 10.280443 13.773051
v 109.584663 10.255331 13.752014
v 109.564369 10.264471 13.788792
v 109.579132 10.238658 13.768080
v 109.511742 10.319745 13.845331
v 109.493050 10.317318 13.836364
v 109.509514 10.282171 13.810147
v 109.529190 10.284806 13.819670
v 109.482330 10.324778 13.820078
v 109.498192 10.290078 13.793001
v 109.487450 10.338898 13.805586
v 109.503517 10.305122 13.777835
v 109.503601 10.351131 13.800563
v 109.520462 10.318190 13.772669
v 109.522293 10.353556 13.809531
v 109.540138 10.320824 13.782191
v 109.533012 10.346098 13.825817
v 109.551460 10.312919 13.799337
v 109.527893 10.331976 13.840309
v 109.546135 10.297873 13.814505
v 109.486359 10.370768 13.882687
v 109.469154 10.368573 13.874472
v 109.479828 10.345680 13.857452
v 109.497696 10.347967 13.865995
v 109.459320 10.375412 13.859488
v 109.469597 10.352791 13.841882
v 109.464058 10.388326 13.846114
v 109.474518 10.366220 13.827990
v 109.478935 10.399498 13.841440
v 109.489983 10.377844 13.823139
v 109.496140 10.401691 13.849656
v 109.507851 10.380127 13.831681
v 109.505981 10.394854 13.864638
v 109.518082 10.373018 13.847252
v 109.501236 10.381941 13.878012
v 109.513161 10.359587 13.861144
v 109.466873 10.409925 13.911351
v 109.450844 10.407881 13.903692
v 109.459641 10.388990 13.889649
v 109.476242 10.391108 13.897575
v 109.441666 10.414256 13.889722
v 109.450150 10.395588 13.875193
v 109.446083 10.426298 13.877252
v 109.454720 10.408050 13.862288
v 109.459961 10.436716 13.872894
v 109.469078 10.418828 13.857779
v 109.475998 10.438760 13.880553
v 109.485672 10.420946 13.865705
v 109.485168 10.432384 13.894524
v 109.495171 10.414348 13.880161
v 109.480751 10.420343 13.906993
v 109.490593 10.401887 13.893065
v 109.449722 10.444403 13.936588
v 109.434715 10.442488 13.929418
v 109.442566 10.425638 13.916893
v 109.458076 10.427616 13.924301
v 109.426125 10.448456 13.916339
v 109.433693 10.431807 13.903379
v 109.430260 10.459728 13.904665
v 109.437965 10.443453 13.891318
v 109.443253 10.469481 13.900585
v 109.451385 10.453529 13.887103
v 109.458260 10.471397 13.907756
v 109.466896 10.455506 13.894512
v 109.466850 10.465427 13.920835
v 109.475769 10.449341 13.908024
v 109.462715 10.454156 13.932508
v 109.471497 10.437693 13.920086
v 109.434074 10.475864 13.959619
v 109.419998 10.474070 13.952894
v 109.427208 10.458593 13.941391
v 109.441742 10.460448 13.948335
v 109.411942 10.479666 13.940629
v 109.418892 10.464375 13.928727
v 109.415825 10.490238 13.929682
v 109.422897 10.475288 13.917423
v 109.428001 10.499384 13.925856
v 109.435471 10.484732 13.913473
v 109.442078 10.501179 13.932580
v 109.450012 10.486586 13.920417
v 109.450134 10.495579 13.944845
v 109.458328 10.480805 13.933081
v 109.446259 10.485009 13.955792
v 109.454323 10.469891 13.944384
v 109.419510 10.505142 13.981050
v 109.406303 10.503458 13.974740
v 109.413040 10.489002 13.963994
v 109.426674 10.490742 13.970508
v 109.398743 10.508709 13.963232
v 109.405235 10.494425 13.952114
v 109.402382 10.518628 13.952961
v 109.408997 10.504665 13.941509
v 109.413811 10.527208 13.949370
v 109.420792 10.513521 13.937803
v 109.427025 10.528894 13.955680
v 109.434433 10.515261 13.944317
v 109.434578 10.523640 13.967188
v 109.442230 10.509838 13.956198
v 109.430939 10.513723 13.977460
v 109.438477 10.499600 13.966802
v 109.405792 10.532728 14.001244
v 109.393394 10.531149 13.995325
v 109.399765 10.517491 13.985173
v 109.412560 10.519125 13.991283
v 109.386307 10.536074 13.984531
v 109.392441 10.522579 13.974028
v 109.389725 10.545378 13.974896
v 109.395966 10.532185 13.964079
v 109.400444 10.553427 13.971529
v 109.407036 10.540499 13.960601
v 109.412834 10.555008 13.977448
v 109.419830 10.542128 13.966712
v 109.419922 10.550080 13.988241
v 109.427155 10.537043 13.977858
v 109.416512 10.540779 13.997876
v 109.423622 10.527432 13.987806
v 109.392746 10.558951 14.020439
v 109.381134 10.557470 14.014893
v 109.387192 10.544464 14.005224
v 109.399185 10.545994 14.010954
v 109.374489 10.562088 14.004777
v 109.380325 10.549236 13.994773
v 109.377686 10.570806 13.995748
v 109.383636 10.558244 13.985444
v 109.387733 10.578349 13.992592
v 109.394012 10.566036 13.982184
v 109.399345 10.579831 13.998138
v 109.406013 10.567566 13.987914
v 109.405991 10.575214 14.008254
v 109.412872 10.562798 13.998365
v 109.402786 10.566498 14.017283
v 109.409569 10.553786 14.007694
v 109.380264 10.584042 14.038804
v 109.369392 10.582655 14.033614
v 109.375206 10.570194 14.024350
v 109.386436 10.571627 14.029716
v 109.363174 10.586976 14.024147
v 109.368774 10.574661 14.014563
v 109.366173 10.595135 14.015697
v 109.371872 10.583097 14.005826
v 109.375572 10.602196 14.012743
v 109.381592 10.590395 14.002772
v 109.386444 10.603581 14.017934
v 109.392830 10.591829 14.008139
v 109.392662 10.599260 14.027401
v 109.399254 10.587362 14.017927
v 109.389664 10.591101 14.035851
v 109.396156 10.578926 14.026663
v 109.368263 10.608166 14.056463
v 109.358109 10.606870 14.051615
v 109.363701 10.594875 14.042698
v 109.374207 10.596214 14.047716
v 109.352303 10.610908 14.042772
v 109.357689 10.599052 14.033545
v 109.355103 10.618528 14.034880
v 109.360588 10.606939 14.025377
v 109.363884 10.625122 14.032120
v 109.369675 10.613766 14.022521
v 109.374031 10.626419 14.036968
v 109.380180 10.615107 14.027539
v 109.379845 10.622381 14.045812
v 109.386192 10.610928 14.036692
v 109.377045 10.614760 14.053704
v 109.383293 10.603041 14.044861
v 109.356674 10.631453 14.073511
v 109.347214 10.630248 14.068993
v 109.352615 10.618657 14.060377
v 109.362419 10.619907 14.065059
v 109.341805 10.634007 14.060753
v 109.347008 10.622555 14.051838
v 109.344414 10.641111 14.053397
v 109.349709 10.629913 14.044216
v 109.352600 10.647256 14.050826
v 109.358192 10.636282 14.041552
v 109.362053 10.648464 14.055344
v 109.367996 10.637530 14.046233
v 109.367470 10.644701 14.063584
v 109.373604 10.633636 14.054772
v 109.364861 10.637599 14.070940
v 109.370903 10.626274 14.062395
v 109.345459 10.654009 14.090022
v 109.336670 10.652889 14.085824
v 109.341904 10.641656 14.077473
v 109.351021 10.642820 14.081829
v 109.331635 10.656383 14.078166
v 109.336685 10.645283 14.069526
v 109.334061 10.662984 14.071331
v 109.339195 10.652131 14.062432
v 109.341667 10.668693 14.068942
v 109.347092 10.658058 14.059954
v 109.350456 10.669815 14.073141
v 109.356209 10.659220 14.064310
v 109.355484 10.666319 14.080798
v 109.361427 10.655594 14.072258
v 109.353058 10.659719 14.087633
v 109.358917 10.648745 14.079350
v 109.334557 10.675915 14.106056
v 109.326424 10.674877 14.102168
v 109.331505 10.663960 14.094053
v 109.339973 10.665041 14.098095
v 109.321762 10.678112 14.095078
v 109.326668 10.667324 14.086681
v 109.324005 10.684224 14.088748
v 109.328995 10.673679 14.080101
v 109.331047 10.689510 14.086536
v 109.336319 10.679176 14.077802
v 109.339188 10.690550 14.090424
v 109.344780 10.680256 14.081842
v 109.343849 10.687313 14.097515
v 109.349625 10.676891 14.089215
v 109.341599 10.681203 14.103844
v 109.347290 10.670537 14.095796
v 109.323952 10.697235 14.121662
v 109.316444 10.696278 14.118076
v 109.321404 10.685646 14.110174
v 109.329224 10.686644 14.113910
v 109.312157 10.699263 14.111538
v 109.316925 10.688756 14.103361
v 109.314224 10.704898 14.105700
v 109.319084 10.694630 14.097280
v 109.320717 10.709774 14.103661
v 109.325851 10.699709 14.095154
v 109.328224 10.710732 14.107245
v 109.333672 10.700706 14.098889
v 109.332520 10.707747 14.113785
v 109.338142 10.697597 14.105702
v 109.330452 10.702112 14.119621
v 109.335991 10.691725 14.111784
v 109.313614 10.718026 14.136882
v 109.306725 10.717147 14.133592
v 109.311554 10.706775 14.125881
v 109.318748 10.707695 14.129318
v 109.302780 10.719887 14.127590
v 109.307442 10.709637 14.119612
v 109.304680 10.725060 14.122232
v 109.309425 10.715038 14.114017
v 109.310638 10.729533 14.120360
v 109.315651 10.719714 14.112061
v 109.317528 10.730413 14.123652
v 109.322845 10.720631 14.115498
v 109.321472 10.727674 14.129653
v 109.326958 10.717772 14.121767
v 109.319572 10.722502 14.135010
v 109.324974 10.712368 14.127362
v 109.302399 10.727129 14.140631
v 109.308784 10.727831 14.143572
v 109.298828 10.729542 14.135026
v 109.300522 10.734406 14.130183
v 109.306053 10.738415 14.128377
v 109.312340 10.739329 14.131487
v 109.316017 10.736703 14.136923
v 109.314217 10.732053 14.141934
v 110.239494 10.180673 12.043810
v 110.295921 10.158249 12.004116
v 110.324440 10.102146 12.069279
v 110.264526 10.127057 12.115547
v 110.364471 10.180056 11.989260
v 110.400085 10.126290 12.052226
v 110.404053 10.238489 12.012253
v 110.446983 10.191084 12.077860
v 110.396774 10.297386 12.055645
v 110.445602 10.260118 12.127270
v 110.340370 10.320422 12.095186
v 110.383667 10.291555 12.168505
v 110.271843 10.299232 12.109890
v 110.307991 10.269627 12.186932
v 110.232239 10.240183 12.087049
v 110.261635 10.198935 12.162985
v 110.197281 10.270519 11.922453
v 110.245537 10.251957 11.889460
v 110.269699 10.206687 11.944625
v 110.217262 10.226849 11.980944
v 110.302475 10.270569 11.876310
v 110.332092 10.226778 11.930696
v 110.333778 10.320142 11.894114
v 110.366898 10.280375 11.951140
v 110.325623 10.369696 11.929223
v 110.358635 10.334031 11.990419
v 110.277367 10.388258 11.962215
v 110.306198 10.354269 12.026719
v 110.220428 10.369646 11.975367
v 110.243813 10.334257 12.040628
v 110.189133 10.320072 11.957562
v 110.209007 10.280580 12.020205
v 110.156746 10.345201 11.809216
v 110.198471 10.328595 11.782753
v 110.222748 10.293558 11.837471
v 110.178268 10.310926 11.866993
v 110.245964 10.345486 11.769531
v 110.274483 10.311081 11.824553
v 110.270378 10.390204 11.779745
v 110.302200 10.357630 11.838735
v 110.261345 10.434814 11.804842
v 110.293831 10.404119 11.868832
v 110.219620 10.451423 11.831306
v 110.249352 10.421485 11.898355
v 110.172127 10.434530 11.844526
v 110.197617 10.403963 11.911274
v 110.147713 10.389812 11.834312
v 110.169907 10.357415 11.897091
v 110.101173 10.391751 11.678810
v 110.140930 10.375549 11.655667
v 110.170433 10.354884 11.720579
v 110.130066 10.371195 11.744960
v 110.184425 10.392213 11.641213
v 110.215340 10.371588 11.706696
v 110.205009 10.436124 11.645749
v 110.237389 10.415675 11.713519
v 110.194382 10.479859 11.664381
v 110.227463 10.459617 11.734691
v 110.154633 10.496065 11.687524
v 110.187103 10.475927 11.759071
v 110.111137 10.479400 11.701977
v 110.142189 10.459225 11.772955
v 110.090546 10.435491 11.697443
v 110.120140 10.415134 11.766132
v 110.047516 10.427985 11.556976
v 110.086021 10.412231 11.534959
v 110.112755 10.394339 11.593723
v 110.073593 10.410355 11.616167
v 110.127815 10.428465 11.520602
v 110.155296 10.410837 11.579168
v 110.147240 10.471209 11.523996
v 110.175117 10.454280 11.582748
v 110.136559 10.513772 11.541031
v 110.164307 10.497541 11.600204
v 110.098045 10.529527 11.563048
v 110.125145 10.513557 11.622647
v 110.056259 10.513291 11.577405
v 110.082596 10.497058 11.637202
v 110.036835 10.470551 11.574011
v 110.062775 10.453614 11.633621
v 109.998032 10.461468 11.444637
v 110.035263 10.446236 11.423348
v 110.060272 10.429479 11.478340
v 110.022415 10.444972 11.499988
v 110.075668 10.461930 11.409467
v 110.101357 10.445444 11.464225
v 110.094452 10.503262 11.412748
v 110.120461 10.487469 11.467562
v 110.084122 10.544415 11.429219
v 110.109955 10.529316 11.484310
v 110.046890 10.559649 11.450508
v 110.072098 10.544808 11.505958
v 110.006485 10.543951 11.464390
v 110.031006 10.528847 11.520075
v 109.987701 10.502623 11.461107
v 110.011909 10.486820 11.516737
v 109.950859 10.493382 11.337557
v 109.986877 10.478645 11.316961
v 110.010826 10.462601 11.369626
v 109.974205 10.477585 11.390564
v 110.025963 10.493832 11.303533
v 110.050568 10.478040 11.355973
v 110.044136 10.533811 11.306707
v 110.069046 10.518688 11.359200
v 110.034142 10.573624 11.322640
v 110.058884 10.559165 11.375400
v 109.998123 10.588361 11.343235
v 110.022263 10.574147 11.396338
v 109.959038 10.573175 11.356665
v 109.982521 10.558709 11.409991
v 109.940865 10.533195 11.353490
v 109.964050 10.518063 11.406763
v 109.905296 10.524210 11.234128
v 109.940140 10.509953 11.214204
v 109.963333 10.494417 11.265192
v 109.927902 10.508913 11.285448
v 109.977951 10.524644 11.201212
v 110.001778 10.509354 11.251984
v 109.995537 10.563321 11.204284
v 110.019646 10.548678 11.255106
v 109.985863 10.601836 11.219698
v 110.009819 10.587837 11.270779
v 109.951019 10.616093 11.239622
v 109.974388 10.602333 11.291035
v 109.913208 10.601401 11.252613
v 109.935944 10.587397 11.304243
v 109.895622 10.562725 11.249542
v 109.918076 10.548071 11.301121
v 109.860962 10.554203 11.133490
v 109.894661 10.540415 11.114219
v 109.917259 10.525278 11.163902
v 109.882988 10.539301 11.183497
v 109.931236 10.554625 11.101653
v 109.954453 10.539728 11.151126
v 109.948242 10.592036 11.104624
v 109.971741 10.577766 11.154146
v 109.938896 10.629289 11.119534
v 109.962234 10.615647 11.169307
v 109.905190 10.643079 11.138804
v 109.927963 10.629669 11.188903
v 109.868614 10.628870 11.151371
v 109.890770 10.615220 11.201679
v 109.851608 10.591458 11.148399
v 109.873482 10.577181 11.198659
v 109.817619 10.583529 11.035105
v 109.850204 10.570197 11.016472
v 109.872322 10.555383 11.065091
v 109.839172 10.568943 11.084042
v 109.885574 10.583935 11.004322
v 109.908287 10.569357 11.052734
v 109.902008 10.620107 11.007195
v 109.925011 10.606144 11.055656
v 109.892967 10.656127 11.021610
v 109.915810 10.642776 11.070317
v 109.860382 10.669459 11.040243
v 109.882668 10.656336 11.089268
v 109.825020 10.655721 11.052393
v 109.846703 10.642365 11.101624
v 109.808578 10.619549 11.049520
v 109.829979 10.605576 11.098703
v 109.775421 10.612144 10.939285
v 109.807014 10.599213 10.921501
v 109.828354 10.584843 10.968430
v 109.796303 10.597958 10.986721
v 109.841064 10.612549 10.909487
v 109.863106 10.598357 10.956451
v 109.856651 10.647646 10.911592
v 109.879234 10.633936 10.959192
v 109.847610 10.682595 10.924873
v 109.870308 10.669365 10.973283
v 109.816017 10.695529 10.942657
v 109.838257 10.682480 10.991573
v 109.781967 10.682193 10.954673
v 109.803505 10.668964 11.003551
v 109.766388 10.647095 10.952566
v 109.787376 10.633386 11.000813
v 109.731613 10.635530 10.840039
v 109.762466 10.622903 10.824043
v 109.785904 10.612712 10.875141
v 109.754654 10.625511 10.892136
v 109.794571 10.635963 10.811156
v 109.819084 10.625930 10.862759
v 109.808037 10.670300 10.809885
v 109.833740 10.660698 10.863402
v 109.797890 10.704473 10.819445
v 109.824234 10.695307 10.875063
v 109.767029 10.717100 10.835441
v 109.792984 10.708107 10.892059
v 109.734924 10.704039 10.848329
v 109.759804 10.694888 10.904440
v 109.721458 10.669703 10.849600
v 109.745148 10.660122 10.903797
v 109.677353 10.641664 10.718298
v 109.706924 10.629656 10.704281
v 109.734932 10.627869 10.764544
v 109.704659 10.640212 10.779470
v 109.736588 10.642097 10.690828
v 109.765778 10.640652 10.751255
v 109.747795 10.674778 10.686432
v 109.778000 10.674237 10.748150
v 109.736801 10.707294 10.692335
v 109.767303 10.707655 10.755623
v 109.707222 10.719303 10.706352
v 109.737030 10.720002 10.770549
v 109.677567 10.706862 10.719805
v 109.706177 10.707217 10.783836
v 109.666351 10.674181 10.724201
v 109.693954 10.673634 10.786943
v 109.632515 10.643242 10.617952
v 109.660698 10.631827 10.604858
v 109.682343 10.630795 10.651411
v 109.653473 10.642492 10.664859
v 109.688736 10.643658 10.591822
v 109.711090 10.642918 10.638088
v 109.699089 10.674734 10.587002
v 109.721733 10.674755 10.633233
v 109.688354 10.705653 10.591981
v 109.710777 10.706434 10.638418
v 109.660172 10.717072 10.605076
v 109.681908 10.718133 10.651865
v 109.632133 10.705241 10.618113
v 109.653160 10.706011 10.665189
v 109.621780 10.674163 10.622932
v 109.642517 10.674173 10.670044
v 109.594704 10.644606 10.533357
v 109.621635 10.633696 10.520844
v 109.640625 10.632786 10.561695
v 109.613091 10.643942 10.574490
v 109.648422 10.645002 10.508389
v 109.668022 10.644350 10.548956
v 109.658318 10.674695 10.503782
v 109.678139 10.674715 10.544246
v 109.648056 10.704240 10.508539
v 109.667648 10.704927 10.549111
v 109.621132 10.715150 10.521051
v 109.640114 10.716084 10.561907
v 109.594337 10.703844 10.533508
v 109.612717 10.704523 10.574645
v 109.584450 10.674150 10.538114
v 109.602600 10.674156 10.579355
v 109.560165 10.645849 10.456074
v 109.585945 10.635406 10.444094
v 109.603455 10.634565 10.481750
v 109.577110 10.645239 10.493994
v 109.611603 10.646228 10.432167
v 109.629669 10.645627 10.469565
v 109.621071 10.674659 10.427758
v 109.639343 10.674677 10.465059
v 109.611252 10.702946 10.432313
v 109.629311 10.703583 10.469713
v 109.585464 10.713391 10.444294
v 109.602966 10.714254 10.481956
v 109.559814 10.702567 10.456219
v 109.576752 10.703194 10.494141
v 109.550346 10.674138 10.460629
v 109.567078 10.674145 10.498647
v 109.527802 10.647016 10.383670
v 109.552513 10.637005 10.372188
v 109.568993 10.636217 10.407627
v 109.543755 10.646441 10.419355
v 109.577095 10.647380 10.360758
v 109.594101 10.646811 10.395954
v 109.586174 10.674624 10.356533
v 109.603371 10.674643 10.391637
v 109.576759 10.701735 10.360899
v 109.593758 10.702333 10.396095
v 109.552055 10.711746 10.372380
v 109.568520 10.712557 10.407824
v 109.527466 10.701372 10.383809
v 109.543411 10.701962 10.419498
v 109.518394 10.674125 10.388035
v 109.534142 10.674132 10.423815
v 109.497063 10.648125 10.314888
v 109.520752 10.638529 10.303881
v 109.536453 10.637774 10.337639
v 109.512260 10.647575 10.348881
v 109.544327 10.648474 10.292923
v 109.560524 10.647932 10.326447
v 109.553024 10.674595 10.288871
v 109.569405 10.674611 10.322310
v 109.543999 10.700585 10.293056
v 109.560188 10.701154 10.326585
v 109.520309 10.710184 10.304064
v 109.535995 10.710956 10.337826
v 109.496742 10.700237 10.315022
v 109.511925 10.700797 10.349018
v 109.488045 10.674116 10.319075
v 109.503044 10.674119 10.353156
v 109.467598 10.649185 10.248965
v 109.490311 10.639984 10.238410
v 109.505386 10.639263 10.270826
v 109.482193 10.648662 10.281605
v 109.512909 10.649521 10.227904
v 109.528465 10.649002 10.260098
v 109.521248 10.674565 10.224020
v 109.536980 10.674580 10.256129
v 109.512604 10.699483 10.228033
v 109.528145 10.700030 10.260228
v 109.489891 10.708684 10.238586
v 109.504951 10.709428 10.271006
v 109.467293 10.699149 10.249092
v 109.481873 10.699688 10.281736
v 109.458954 10.674105 10.252977
v 109.473358 10.674110 10.285704
v 109.439186 10.650210 10.185385
v 109.460953 10.641392 10.175268
v 109.475510 10.640694 10.206573
v 109.453270 10.649702 10.216906
v 109.482613 10.650530 10.165199
v 109.497635 10.650029 10.196287
v 109.490608 10.674535 10.161474
v 109.505798 10.674551 10.192484
v 109.482315 10.698419 10.165321
v 109.497330 10.698947 10.196413
v 109.460548 10.707240 10.175437
v 109.475098 10.707956 10.206746
v 109.438889 10.698099 10.185507
v 109.452972 10.698620 10.217031
v 109.430893 10.674095 10.189230
v 109.444801 10.674101 10.220835
v 109.411652 10.651202 10.123779
v 109.432510 10.642753 10.114088
v 109.446625 10.642078 10.144451
v 109.425316 10.650709 10.154354
v 109.453255 10.651509 10.104441
v 109.467827 10.651024 10.134595
v 109.460915 10.674506 10.100874
v 109.475655 10.674520 10.130950
v 109.452972 10.697390 10.104559
v 109.467537 10.697901 10.134714
v 109.432121 10.705838 10.114250
v 109.446228 10.706534 10.144617
v 109.411369 10.697083 10.123898
v 109.425026 10.697589 10.154474
v 109.403709 10.674086 10.127464
v 109.417198 10.674091 10.158118
v 109.384880 10.652167 10.063877
v 109.404846 10.644078 10.054599
v 109.418587 10.643419 10.084146
v 109.398178 10.651690 10.093630
v 109.424713 10.652462 10.045362
v 109.438889 10.651989 10.074706
v 109.432045 10.674481 10.041947
v 109.446388 10.674493 10.071217
v 109.424446 10.696388 10.045475
v 109.438614 10.696886 10.074821
v 109.404472 10.704477 10.054754
v 109.418205 10.705153 10.084305
v 109.384605 10.696094 10.063990
v 109.397896 10.696585 10.093746
v 109.377274 10.674075 10.067406
v 109.390404 10.674080 10.097236
v 109.358772 10.653108 10.005464
v 109.377876 10.645369 9.996588
v 109.391281 10.644726 10.025419
v 109.371750 10.652641 10.034494
v 109.396881 10.653388 9.987752
v 109.410713 10.652927 10.016384
v 109.403893 10.674454 9.984484
v 109.417885 10.674465 10.013043
v 109.396622 10.695412 9.987860
v 109.410446 10.695897 10.016495
v 109.377518 10.703151 9.996737
v 109.390915 10.703810 10.025570
v 109.358513 10.695129 10.005571
v 109.371483 10.695609 10.034606
v 109.351501 10.674067 10.008839
v 109.364311 10.674070 10.037947
v 109.333252 10.654028 9.948370
v 109.351509 10.646634 9.939886
v 109.364624 10.646006 9.968082
v 109.345947 10.653570 9.976761
v 109.369675 10.654297 9.931442
v 109.383202 10.653846 9.959444
v 109.376381 10.674427 9.928320
v 109.390060 10.674439 9.956249
v 109.369423 10.694456 9.931545
v 109.382950 10.694931 9.959549
v 109.351173 10.701854 9.940029
v 109.364273 10.702497 9.968227
v 109.333008 10.694189 9.948473
v 109.345688 10.694658 9.976867
v 109.326302 10.674059 9.951595
v 109.338829 10.674063 9.980061
v 109.308266 10.654928 9.892459
v 109.325691 10.647868 9.884361
v 109.338539 10.647253 9.911986
v 109.320702 10.654481 9.920274
v 109.343033 10.655186 9.876301
v 109.356285 10.654742 9.903732
v 109.349434 10.674400 9.873322
v 109.362839 10.674415 9.900682
v 109.342796 10.693521 9.876399
v 109.356041 10.693987 9.903834
v 109.325371 10.700582 9.884497
v 109.338203 10.701213 9.912124
v 109.308029 10.693266 9.892558
v 109.320457 10.693723 9.920375
v 109.301628 10.674048 9.895538
v 109.313904 10.674053 9.923426
v 109.283760 10.655811 9.837619
v 109.300369 10.649080 9.829899
v 109.312973 10.648478 9.857004
v 109.295959 10.655374 9.864912
v 109.316902 10.656056 9.822214
v 109.329903 10.655622 9.849132
v 109.322998 10.674377 9.819372
v 109.336159 10.674389 9.846222
v 109.316673 10.692604 9.822308
v 109.329674 10.693060 9.849228
v 109.300064 10.699333 9.830028
v 109.312653 10.699955 9.857136
v 109.283531 10.692360 9.837713
v 109.295723 10.692810 9.865007
v 109.277428 10.674040 9.840553
v 109.289474 10.674044 9.867919
v 109.288521 10.650656 9.804422
v 109.273094 10.656967 9.811943
v 109.304138 10.657197 9.797514
v 109.309723 10.674357 9.794559
v 109.303925 10.691431 9.797601
v 109.288231 10.697744 9.804543
v 109.272881 10.691201 9.812031
v 109.267021 10.674042 9.814405
v 110.758331 10.873108 12.510659
v 110.725731 10.859706 12.544127
v 110.699089 10.818933 12.503571
v 110.732346 10.832702 12.468046
v 110.681717 10.873109 12.559805
v 110.654800 10.832732 12.519968
v 110.652138 10.908846 12.545300
v 110.625175 10.868897 12.505428
v 110.651291 10.944582 12.512365
v 110.623543 10.905304 12.471011
v 110.683891 10.957984 12.478897
v 110.657433 10.920626 12.436985
v 110.727905 10.944581 12.463219
v 110.702011 10.907612 12.421171
v 110.757484 10.908845 12.477724
v 110.731575 10.871050 12.435006
v 110.810135 10.949857 12.592224
v 110.777847 10.936585 12.625367
v 110.751884 10.898285 12.584892
v 110.784325 10.911619 12.551587
v 110.734253 10.949857 12.640894
v 110.708084 10.911619 12.600494
v 110.704964 10.985249 12.626529
v 110.678642 10.947184 12.586060
v 110.704117 11.020640 12.593912
v 110.677795 10.982748 12.553285
v 110.736404 11.033912 12.560768
v 110.710243 10.996083 12.519979
v 110.779991 11.020640 12.545242
v 110.754044 10.982747 12.504377
v 110.809288 10.985249 12.559607
v 110.783478 10.947184 12.518812
v 110.861320 11.025706 12.672831
v 110.829346 11.012564 12.705656
v 110.803658 10.974667 12.665610
v 110.835793 10.987877 12.632626
v 110.786179 11.025707 12.721032
v 110.760284 10.987875 12.681061
v 110.757164 11.060757 12.706805
v 110.731125 11.023095 12.666765
v 110.756332 11.095807 12.674503
v 110.730293 11.058316 12.634307
v 110.788307 11.108951 12.641679
v 110.762421 11.071525 12.601323
v 110.831474 11.095807 12.626303
v 110.805801 11.058316 12.585872
v 110.860489 11.060757 12.640530
v 110.834953 11.023096 12.600167
v 110.912071 11.100908 12.752750
v 110.880409 11.087891 12.785258
v 110.854927 11.050299 12.745531
v 110.886749 11.063378 12.712866
v 110.837654 11.100909 12.800486
v 110.811966 11.063379 12.760834
v 110.808922 11.135621 12.786397
v 110.783096 11.098259 12.746675
v 110.808098 11.170333 12.754407
v 110.782265 11.133141 12.714531
v 110.839767 11.183352 12.721899
v 110.814087 11.146220 12.681865
v 110.882515 11.170334 12.706671
v 110.857040 11.133141 12.666562
v 110.911247 11.135622 12.720760
v 110.885918 11.098259 12.680720
v 110.962929 11.176382 12.832974
v 110.931259 11.162944 12.864573
v 110.905823 11.125387 12.824883
v 110.937370 11.138412 12.792606
v 110.888535 11.175159 12.878923
v 110.863228 11.138259 12.839945
v 110.859856 11.209143 12.864541
v 110.834610 11.172752 12.825871
v 110.859070 11.243579 12.832929
v 110.833794 11.207305 12.794044
v 110.890747 11.257019 12.801331
v 110.865341 11.220327 12.761768
v 110.933464 11.244800 12.786980
v 110.907936 11.207458 12.746705
v 110.962143 11.210821 12.801362
v 110.936554 11.172962 12.760780
v 111.011414 11.264205 12.927529
v 110.978996 11.248376 12.955531
v 110.956367 11.201916 12.905849
v 110.988487 11.216427 12.875711
v 110.935455 11.257047 12.965986
v 110.913116 11.212633 12.918563
v 110.906364 11.288370 12.949801
v 110.884155 11.245564 12.903363
v 110.905762 11.322379 12.919195
v 110.883453 11.279917 12.872093
v 110.938171 11.338210 12.891194
v 110.915573 11.294428 12.841954
v 110.981720 11.329538 12.880739
v 110.958817 11.283710 12.829242
v 111.010811 11.298215 12.896923
v 110.987778 11.250781 12.844441
v 111.042732 11.382401 13.058470
v 111.011375 11.364995 13.081789
v 110.997177 11.306104 13.017897
v 111.029266 11.322983 12.992400
v 110.969360 11.369926 13.088032
v 110.954132 11.312661 13.025981
v 110.941399 11.397368 13.070807
v 110.925438 11.341968 13.009062
v 110.940948 11.429488 13.042495
v 110.924927 11.375146 12.979551
v 110.972313 11.446894 13.019176
v 110.957016 11.392023 12.954055
v 111.014320 11.441963 13.012933
v 111.000061 11.385467 12.945971
v 111.042282 11.414521 13.030159
v 111.028755 11.356161 12.962889
v 111.061935 11.473241 13.159594
v 111.032242 11.456337 13.180942
v 111.022697 11.414519 13.135550
v 111.053223 11.431840 13.113508
v 110.992485 11.460326 13.186088
v 110.981827 11.418709 13.140942
v 110.966042 11.485765 13.169453
v 110.954636 11.444930 13.123884
v 110.965637 11.516044 13.142883
v 110.954224 11.476077 13.096539
v 110.995331 11.532950 13.121534
v 110.984741 11.493398 13.074496
v 111.035088 11.528959 13.116388
v 111.025620 11.489208 13.069105
v 111.061531 11.503522 13.133023
v 111.052803 11.462986 13.086164
v 111.077286 11.546317 13.240938
v 111.049110 11.530275 13.261197
v 111.040939 11.494480 13.222345
v 111.069855 11.510942 13.201559
v 111.011375 11.534061 13.266081
v 111.002228 11.498368 13.227356
v 110.986282 11.558203 13.250295
v 110.976486 11.523136 13.211159
v 110.985901 11.586939 13.225080
v 110.976089 11.552619 13.185288
v 111.014076 11.602982 13.204821
v 111.005005 11.569079 13.164501
v 111.051811 11.599195 13.199936
v 111.043716 11.565195 13.159491
v 111.076904 11.575055 13.215723
v 111.069466 11.540425 13.175688
v 111.091118 11.612154 13.314220
v 111.064301 11.596887 13.333500
v 111.056870 11.564299 13.298128
v 111.084351 11.579945 13.278369
v 111.028397 11.600490 13.338146
v 111.020073 11.567993 13.302891
v 111.004517 11.623462 13.323125
v 110.995598 11.591536 13.287495
v 111.004158 11.650807 13.299130
v 110.995224 11.619561 13.262903
v 111.030968 11.666073 13.279852
v 111.022705 11.635209 13.243145
v 111.066872 11.662470 13.275205
v 111.059502 11.631516 13.238382
v 111.090752 11.639498 13.290227
v 111.083977 11.607970 13.253778
v 111.103943 11.673222 13.382198
v 111.078400 11.658676 13.400568
v 111.071465 11.628289 13.367585
v 111.097633 11.643190 13.348769
v 111.044189 11.662108 13.404996
v 111.036423 11.631806 13.372121
v 111.021439 11.683996 13.390683
v 111.013115 11.654227 13.357459
v 111.021095 11.710052 13.367821
v 111.012764 11.680916 13.334042
v 111.046638 11.724597 13.349452
v 111.038933 11.695816 13.315226
v 111.080849 11.721163 13.345024
v 111.073975 11.692300 13.310689
v 111.103600 11.699276 13.359337
v 111.097282 11.669880 13.325351
v 111.116035 11.730784 13.446273
v 111.091682 11.716919 13.463784
v 111.085129 11.688186 13.432597
v 111.110069 11.702385 13.414663
v 111.059074 11.720192 13.468006
v 111.051727 11.691538 13.436920
v 111.037384 11.741055 13.454361
v 111.029518 11.712907 13.422946
v 111.037056 11.765894 13.432567
v 111.029182 11.738345 13.400625
v 111.061409 11.779759 13.415056
v 111.054123 11.752546 13.382691
v 111.094017 11.776487 13.410834
v 111.087524 11.749195 13.378368
v 111.115707 11.755622 13.424479
v 111.109734 11.727822 13.392343
v 111.127556 11.785600 13.507292
v 111.104340 11.772383 13.523985
v 111.098083 11.744962 13.494223
v 111.121864 11.758501 13.477124
v 111.073250 11.775502 13.528009
v 111.066238 11.748157 13.498343
v 111.052567 11.795395 13.515001
v 111.045059 11.768532 13.485022
v 111.052254 11.819074 13.494224
v 111.044739 11.792782 13.463741
v 111.075470 11.832293 13.477530
v 111.068520 11.806323 13.446643
v 111.106560 11.829171 13.473505
v 111.100365 11.803126 13.442521
v 111.127243 11.809280 13.486513
v 111.121544 11.782753 13.455845
v 111.138603 11.838178 13.565818
v 111.116470 11.825581 13.581729
v 111.110466 11.799237 13.553137
v 111.133133 11.812144 13.536839
v 111.086838 11.828552 13.585564
v 111.080109 11.802283 13.557066
v 111.067131 11.847512 13.573166
v 111.059921 11.821707 13.544366
v 111.066833 11.870080 13.553363
v 111.059616 11.844825 13.524080
v 111.088966 11.882680 13.537453
v 111.082283 11.857730 13.507781
v 111.118591 11.879705 13.533617
v 111.112640 11.854686 13.503853
v 111.138306 11.860747 13.546015
v 111.132828 11.835263 13.516553
v 111.149254 11.888879 13.622254
v 111.128174 11.876880 13.637410
v 111.122375 11.851447 13.609807
v 111.143974 11.863746 13.594276
v 111.099953 11.879712 13.641064
v 111.093452 11.854350 13.613550
v 111.081177 11.897770 13.629254
v 111.074211 11.872855 13.601450
v 111.080894 11.919268 13.610391
v 111.073921 11.894884 13.582121
v 111.101974 11.931268 13.595236
v 111.095520 11.907181 13.566590
v 111.130196 11.928436 13.591582
v 111.124443 11.904280 13.562847
v 111.148972 11.910377 13.603392
v 111.143684 11.885774 13.574947
v 111.159569 11.937972 13.676899
v 111.139503 11.926550 13.691324
v 111.133881 11.901903 13.664573
v 111.154449 11.913612 13.649786
v 111.112640 11.929245 13.694801
v 111.106346 11.904669 13.668137
v 111.094780 11.946433 13.683561
v 111.088028 11.922285 13.656614
v 111.094505 11.966893 13.665609
v 111.087753 11.943260 13.638210
v 111.114563 11.978314 13.651185
v 111.108315 11.954969 13.623425
v 111.141426 11.975618 13.647708
v 111.135857 11.952208 13.619859
v 111.159294 11.958432 13.658947
v 111.154175 11.934587 13.631381
v 111.169586 11.985661 13.729984
v 111.150513 11.974801 13.743697
v 111.145050 11.950841 13.717691
v 111.164612 11.961981 13.703625
v 111.124977 11.977363 13.747004
v 111.118851 11.953469 13.721082
v 111.107986 11.993704 13.736317
v 111.101425 11.970230 13.710121
v 111.107727 12.013154 13.719250
v 111.101166 11.990185 13.692615
v 111.126801 12.024015 13.705536
v 111.120728 12.001322 13.678548
v 111.152344 12.021452 13.702230
v 111.146919 11.998693 13.675158
v 111.169327 12.005112 13.712916
v 111.164345 11.981932 13.686117
v 111.179344 12.032109 13.781690
v 111.161232 12.021799 13.794710
v 111.155907 11.998447 13.769364
v 111.174500 12.009031 13.755999
v 111.136986 12.024233 13.797850
v 111.131020 12.000945 13.772587
v 111.120857 12.039748 13.787704
v 111.114464 12.016871 13.762172
v 111.120613 12.058218 13.771496
v 111.114212 12.035830 13.745537
v 111.138718 12.068531 13.758474
v 111.132797 12.046411 13.732172
v 111.162971 12.066096 13.755336
v 111.157692 12.043913 13.728951
v 111.179100 12.050582 13.765483
v 111.174248 12.027987 13.739364
v 111.188873 12.077454 13.832163
v 111.171700 12.067677 13.844509
v 111.166496 12.044871 13.819754
v 111.184135 12.054914 13.807072
v 111.148705 12.069984 13.847485
v 111.142883 12.047241 13.822810
v 111.133415 12.084696 13.837866
v 111.127174 12.062351 13.812929
v 111.133186 12.102208 13.822499
v 111.126930 12.080340 13.797146
v 111.150352 12.111984 13.810153
v 111.144569 12.090382 13.784463
v 111.173347 12.109676 13.807177
v 111.168190 12.088012 13.781406
v 111.188637 12.094966 13.816796
v 111.183899 12.072901 13.791288
v 111.198189 12.121800 13.881526
v 111.181938 12.112549 13.893211
v 111.176842 12.090231 13.868991
v 111.193558 12.099747 13.856977
v 111.160172 12.114732 13.896029
v 111.154472 12.092478 13.871886
v 111.145699 12.128656 13.886924
v 111.139587 12.106793 13.862526
v 111.145477 12.145230 13.872380
v 111.139366 12.123834 13.847572
v 111.161736 12.154483 13.860695
v 111.156075 12.133348 13.835559
v 111.183495 12.152299 13.857878
v 111.178444 12.131102 13.832664
v 111.197968 12.138376 13.866983
v 111.193329 12.116787 13.842024
v 111.207314 12.165241 13.929882
v 111.191963 12.156501 13.940920
v 111.186974 12.134633 13.917184
v 111.202774 12.143630 13.905825
v 111.171410 12.158563 13.943581
v 111.165817 12.136756 13.919923
v 111.157730 12.171718 13.934980
v 111.151749 12.150293 13.911072
v 111.157524 12.187372 13.921242
v 111.151535 12.166407 13.896933
v 111.172874 12.196114 13.910204
v 111.167336 12.175402 13.885572
v 111.193436 12.194051 13.907543
v 111.188492 12.173280 13.882834
v 111.207108 12.180899 13.916143
v 111.202560 12.159741 13.891685
v 111.196266 12.177830 13.962607
v 111.210526 12.185760 13.952052
v 111.177040 12.179532 13.964828
v 111.164337 12.192024 13.957067
v 111.164093 12.206400 13.943995
v 111.178467 12.214786 13.933953
v 111.197586 12.212627 13.931218
v 111.210396 12.200589 13.939495
v 110.550880 10.863951 12.104902
v 110.598518 10.849549 12.094860
v 110.597214 10.808782 12.148730
v 110.549515 10.823381 12.158352
v 110.645950 10.863951 12.105838
v 110.645882 10.823476 12.160879
v 110.663506 10.902348 12.134039
v 110.663490 10.864093 12.188814
v 110.645401 10.940746 12.161890
v 110.645271 10.902863 12.215793
v 110.597763 10.955145 12.171933
v 110.597588 10.916696 12.225957
v 110.550331 10.940746 12.160955
v 110.549225 10.900506 12.215504
v 110.532776 10.902348 12.132753
v 110.531654 10.861773 12.185985
v 110.551376 10.943498 11.994928
v 110.599602 10.928923 11.984762
v 110.599060 10.889045 12.040073
v 110.551125 10.903536 12.050178
v 110.647621 10.943498 11.995874
v 110.646782 10.903535 12.051119
v 110.665390 10.982370 12.024424
v 110.664444 10.942167 12.079493
v 110.647064 11.021240 12.052618
v 110.646225 10.980803 12.107515
v 110.598839 11.035819 12.062784
v 110.598297 10.995289 12.117620
v 110.550819 11.021240 12.051672
v 110.550575 10.980803 12.106574
v 110.533051 10.982370 12.023123
v 110.532913 10.942166 12.078199
v 110.551880 11.024308 11.883211
v 110.600700 11.009551 11.872919
v 110.600151 10.969105 11.929024
v 110.551628 10.983770 11.939253
v 110.649315 11.024309 11.884170
v 110.648468 10.983771 11.940205
v 110.667297 11.063661 11.913072
v 110.666344 11.022882 11.968930
v 110.648750 11.103011 11.941615
v 110.647903 11.061992 11.997298
v 110.599922 11.117769 11.951906
v 110.599380 11.076657 12.007527
v 110.551315 11.103011 11.940657
v 110.551064 11.061992 11.996346
v 110.533325 11.063661 11.911755
v 110.533188 11.022882 11.967621
v 110.552391 11.106049 11.770208
v 110.601814 11.091110 11.759789
v 110.601257 11.050230 11.816496
v 110.552132 11.065078 11.826851
v 110.651024 11.106049 11.771177
v 110.650169 11.065076 11.827816
v 110.669235 11.145887 11.800437
v 110.668266 11.104670 11.856895
v 110.650452 11.185724 11.829332
v 110.649597 11.144264 11.885614
v 110.601028 11.200664 11.839751
v 110.600479 11.159111 11.895970
v 110.551819 11.185723 11.828363
v 110.551567 11.144264 11.884651
v 110.533607 11.145888 11.799103
v 110.533470 11.104670 11.855570
v 110.552895 11.188187 11.656689
v 110.602928 11.172935 11.646333
v 110.602371 11.132115 11.702914
v 110.552643 11.147163 11.713373
v 110.652748 11.188187 11.657671
v 110.651886 11.147164 11.714350
v 110.671188 11.228859 11.686779
v 110.670212 11.187287 11.743724
v 110.652184 11.269532 11.715520
v 110.651314 11.227414 11.772734
v 110.602150 11.284784 11.725876
v 110.601585 11.242459 11.783193
v 110.552330 11.269532 11.714539
v 110.552071 11.227414 11.771757
v 110.533890 11.228859 11.685430
v 110.533752 11.187287 11.742382
v 110.554855 11.274299 11.530865
v 110.604156 11.258666 11.521570
v 110.603500 11.213962 11.588759
v 110.553329 11.229527 11.598743
v 110.653267 11.274299 11.531832
v 110.653458 11.229527 11.599729
v 110.671463 11.315983 11.558089
v 110.671959 11.271026 11.627851
v 110.652756 11.357668 11.583983
v 110.652908 11.312530 11.655602
v 110.603455 11.373301 11.593279
v 110.602745 11.328090 11.665586
v 110.554344 11.357668 11.583016
v 110.552780 11.312527 11.654617
v 110.536140 11.315983 11.556759
v 110.534279 11.271025 11.626495
v 110.561981 11.371564 11.364847
v 110.605774 11.357171 11.357445
v 110.604965 11.308925 11.439424
v 110.558121 11.324082 11.447750
v 110.649414 11.371565 11.365706
v 110.651634 11.324082 11.448669
v 110.665604 11.409952 11.386751
v 110.668945 11.364508 11.472273
v 110.649002 11.448339 11.407473
v 110.651176 11.404932 11.495531
v 110.605209 11.462737 11.414875
v 110.604332 11.420091 11.503858
v 110.561569 11.448339 11.406613
v 110.557663 11.404931 11.494611
v 110.545380 11.409954 11.385569
v 110.540359 11.364507 11.471008
v 110.567711 11.440273 11.243960
v 110.606949 11.427271 11.237507
v 110.606422 11.395896 11.291195
v 110.565155 11.409555 11.298006
v 110.646057 11.440274 11.244730
v 110.647552 11.409555 11.298817
v 110.660568 11.474947 11.263109
v 110.662811 11.445982 11.318212
v 110.645699 11.509622 11.281199
v 110.647171 11.482409 11.337303
v 110.606461 11.522623 11.287652
v 110.605904 11.496069 11.344114
v 110.567352 11.509621 11.280428
v 110.564774 11.482409 11.336493
v 110.552841 11.474947 11.262051
v 110.549515 11.445982 11.317098
v 110.572083 11.492897 11.151379
v 110.607857 11.481046 11.145497
v 110.607422 11.455229 11.189671
v 110.569984 11.467634 11.195827
v 110.643509 11.492899 11.152081
v 110.644730 11.467634 11.196562
v 110.656731 11.524506 11.168837
v 110.658577 11.500712 11.214096
v 110.643181 11.556114 11.185326
v 110.644386 11.533793 11.231354
v 110.607407 11.567966 11.191208
v 110.606949 11.546198 11.237511
v 110.571754 11.556114 11.184624
v 110.569641 11.533793 11.230619
v 110.558533 11.524506 11.167870
v 110.555801 11.500714 11.213085
v 110.575920 11.539083 11.070124
v 110.608650 11.528238 11.064743
v 110.608261 11.505277 11.104033
v 110.574059 11.516611 11.109659
v 110.641266 11.539084 11.070766
v 110.642357 11.516611 11.110331
v 110.653366 11.568001 11.086095
v 110.655006 11.546838 11.126352
v 110.640968 11.596917 11.101181
v 110.642044 11.577063 11.142122
v 110.608238 11.607762 11.106563
v 110.607834 11.588400 11.147747
v 110.575623 11.596917 11.100538
v 110.573746 11.577064 11.141451
v 110.563522 11.568000 11.085212
v 110.561096 11.546839 11.125428
v 110.579422 11.581135 10.996141
v 110.609375 11.571211 10.991216
v 110.609016 11.550164 11.027225
v 110.577705 11.560540 11.032374
v 110.639229 11.581136 10.996729
v 110.640221 11.560540 11.032990
v 110.650299 11.607603 11.010758
v 110.651802 11.588208 11.047654
v 110.638954 11.634071 11.024567
v 110.639938 11.615875 11.062088
v 110.608994 11.643996 11.029492
v 110.608627 11.626251 11.067238
v 110.579147 11.634072 11.023979
v 110.577423 11.615875 11.061474
v 110.568069 11.607603 11.009950
v 110.565842 11.588207 11.046808
v 110.582664 11.620199 10.927415
v 110.610046 11.611128 10.922913
v 110.609718 11.591500 10.956497
v 110.581070 11.600992 10.961206
v 110.637329 11.620199 10.927952
v 110.638260 11.600991 10.961769
v 110.647453 11.644391 10.940775
v 110.648857 11.626303 10.975185
v 110.637077 11.668582 10.953396
v 110.638000 11.651612 10.988390
v 110.609703 11.677655 10.957899
v 110.609352 11.661104 10.993101
v 110.582413 11.668583 10.952859
v 110.580811 11.651612 10.987827
v 110.572289 11.644391 10.940036
v 110.570213 11.626303 10.974412
v 110.585724 11.656958 10.862748
v 110.610680 11.648687 10.858644
v 110.610367 11.630170 10.890329
v 110.584213 11.638834 10.894629
v 110.635544 11.656958 10.863238
v 110.636429 11.638835 10.895144
v 110.644775 11.679007 10.874927
v 110.646095 11.661941 10.907391
v 110.635323 11.701056 10.886431
v 110.636185 11.685047 10.919445
v 110.610367 11.709327 10.890534
v 110.610039 11.693713 10.923745
v 110.585495 11.701056 10.885941
v 110.583977 11.685046 10.918932
v 110.576263 11.679007 10.874252
v 110.574303 11.661942 10.906685
v 110.588623 11.691853 10.801353
v 110.611275 11.684347 10.797628
v 110.610977 11.666733 10.827768
v 110.587189 11.674615 10.831680
v 110.633858 11.691854 10.801798
v 110.634689 11.674615 10.832148
v 110.642235 11.711872 10.812408
v 110.643486 11.695637 10.843290
v 110.633644 11.731889 10.822852
v 110.634476 11.716659 10.854258
v 110.610992 11.739395 10.826578
v 110.610680 11.724541 10.858170
v 110.588417 11.731887 10.822407
v 110.586975 11.716658 10.853790
v 110.580040 11.711872 10.811798
v 110.578171 11.695636 10.842649
v 110.591393 11.725204 10.742679
v 110.611847 11.718428 10.739314
v 110.611565 11.701569 10.768162
v 110.590027 11.708707 10.771704
v 110.632233 11.725204 10.743080
v 110.633034 11.708708 10.772127
v 110.639801 11.743279 10.752661
v 110.641006 11.727742 10.782217
v 110.632050 11.761353 10.762090
v 110.632843 11.746778 10.792148
v 110.611595 11.768131 10.765453
v 110.611298 11.753916 10.795691
v 110.591209 11.761353 10.761688
v 110.589828 11.746778 10.791725
v 110.583641 11.743279 10.752108
v 110.581863 11.727741 10.781635
v 110.594055 11.757243 10.686312
v 110.612404 11.751165 10.683294
v 110.612129 11.734951 10.711039
v 110.592743 11.741376 10.714227
v 110.630684 11.757244 10.686671
v 110.631454 11.741377 10.714607
v 110.637466 11.773452 10.695263
v 110.638618 11.758509 10.723688
v 110.630516 11.789661 10.703719
v 110.631271 11.775640 10.732627
v 110.612167 11.795737 10.706736
v 110.611885 11.782067 10.735815
v 110.593887 11.789660 10.703358
v 110.592560 11.775640 10.732246
v 110.587105 11.773452 10.694767
v 110.585388 11.758509 10.723166
v 110.596626 11.788148 10.631943
v 110.612930 11.782743 10.629261
v 110.612671 11.767092 10.656046
v 110.595352 11.772829 10.658894
v 110.629181 11.788147 10.632263
v 110.629929 11.772829 10.659233
v 110.635216 11.802554 10.639899
v 110.636330 11.788129 10.667344
v 110.629036 11.816964 10.647417
v 110.629768 11.803430 10.675325
v 110.612724 11.822366 10.650097
v 110.612450 11.809166 10.678173
v 110.596481 11.816963 10.647097
v 110.595192 11.803429 10.674986
v 110.590446 11.802554 10.639460
v 110.588791 11.788129 10.666877
v 110.613174 11.798096 10.604637
v 110.598412 11.802830 10.607349
v 110.627884 11.802829 10.607639
v 110.633339 11.816026 10.614264
v 110.627747 11.828918 10.621359
v 110.612991 11.833957 10.623495
v 110.598274 11.828917 10.621069
v 110.592827 11.816025 10.613866
v 108.088943 6.747697 12.905575
v 108.086342 6.743216 12.891533
v 108.104126 6.732370 12.891708
v 108.106819 6.736813 12.905787
v 108.089226 6.747697 12.877544
v 108.107094 6.736813 12.877685
v 108.096588 6.759651 12.872361
v 108.114700 6.748656 12.872490
v 108.103844 6.771605 12.877688
v 108.122192 6.760501 12.877833
v 108.106453 6.776088 12.891731
v 108.124886 6.764943 12.891912
v 108.103569 6.771605 12.905718
v 108.121918 6.760501 12.905934
v 108.096207 6.759651 12.910902
v 108.114319 6.748656 12.911130
v 108.053024 6.769249 12.905221
v 108.050461 6.764742 12.891180
v 108.068451 6.753944 12.891357
v 108.071022 6.758449 12.905398
v 108.053299 6.769250 12.877192
v 108.071297 6.758449 12.877369
v 108.060562 6.781267 12.872007
v 108.078575 6.770459 12.872185
v 108.067719 6.793285 12.877334
v 108.085747 6.782469 12.877510
v 108.070290 6.797792 12.891375
v 108.088318 6.786973 12.891553
v 108.067444 6.793285 12.905363
v 108.085472 6.782470 12.905540
v 108.060181 6.781267 12.910547
v 108.078194 6.770459 12.910725
v 108.016998 6.790865 12.904867
v 108.014435 6.786359 12.890826
v 108.032448 6.775550 12.891003
v 108.035011 6.780057 12.905044
v 108.017273 6.790865 12.876837
v 108.035286 6.780057 12.877014
v 108.024536 6.802884 12.871653
v 108.042549 6.792075 12.871830
v 108.031693 6.814901 12.876980
v 108.049706 6.804093 12.877156
v 108.034264 6.819408 12.891021
v 108.052277 6.808599 12.891198
v 108.031418 6.814901 12.905009
v 108.049431 6.804093 12.905186
v 108.024155 6.802884 12.910193
v 108.042168 6.792075 12.910371
v 107.980972 6.812482 12.904512
v 107.978409 6.807975 12.890471
v 107.996422 6.797166 12.890648
v 107.998985 6.801673 12.904690
v 107.981247 6.812481 12.876483
v 107.999260 6.801673 12.876660
v 107.988510 6.824500 12.871298
v 108.006523 6.813691 12.871476
v 107.995667 6.836518 12.876625
v 108.013687 6.825709 12.876802
v 107.998238 6.841025 12.890667
v 108.016251 6.830216 12.890843
v 107.995392 6.836518 12.904654
v 108.013405 6.825709 12.904831
v 107.988136 6.824499 12.909840
v 108.006142 6.813692 12.910016
v 107.944946 6.834097 12.904159
v 107.942383 6.829590 12.890117
v 107.960396 6.818782 12.890294
v 107.962959 6.823289 12.904335
v 107.945221 6.834096 12.876129
v 107.963234 6.823289 12.876306
v 107.952484 6.846115 12.870944
v 107.970497 6.835307 12.871121
v 107.959648 6.858133 12.876271
v 107.977661 6.847326 12.876448
v 107.962212 6.862640 12.890312
v 107.980225 6.851832 12.890490
v 107.959373 6.858133 12.904301
v 107.977379 6.847325 12.904477
v 107.952110 6.846116 12.909485
v 107.970123 6.835307 12.909662
v 107.908920 6.855713 12.903804
v 107.906357 6.851207 12.889763
v 107.924370 6.840399 12.889940
v 107.926933 6.844905 12.903981
v 107.909203 6.855713 12.875774
v 107.927216 6.844904 12.875952
v 107.916458 6.867731 12.870590
v 107.934471 6.856923 12.870767
v 107.923622 6.879749 12.875916
v 107.941635 6.868941 12.876093
v 107.926186 6.884255 12.889957
v 107.944199 6.873447 12.890135
v 107.923347 6.879748 12.903946
v 107.941360 6.868941 12.904123
v 107.916084 6.867732 12.909130
v 107.934097 6.856923 12.909307
v 107.872902 6.877329 12.903450
v 107.870331 6.872822 12.889408
v 107.888344 6.862014 12.889585
v 107.890915 6.866520 12.903627
v 107.873177 6.877329 12.875420
v 107.891190 6.866521 12.875597
v 107.880440 6.889347 12.870235
v 107.898453 6.878539 12.870413
v 107.887596 6.901366 12.875563
v 107.905609 6.890557 12.875739
v 107.890160 6.905871 12.889605
v 107.908173 6.895064 12.889780
v 107.887321 6.901365 12.903591
v 107.905334 6.890557 12.903769
v 107.880058 6.889347 12.908776
v 107.898071 6.878539 12.908954
v 107.836876 6.898944 12.903095
v 107.834305 6.894437 12.889055
v 107.852318 6.883629 12.889232
v 107.854889 6.888137 12.903273
v 107.837151 6.898944 12.875066
v 107.855164 6.888136 12.875243
v 107.844414 6.910963 12.869881
v 107.862427 6.900155 12.870058
v 107.851570 6.922981 12.875208
v 107.869583 6.912173 12.875385
v 107.854134 6.927487 12.889249
v 107.872147 6.916679 12.889427
v 107.851295 6.922980 12.903237
v 107.869308 6.912172 12.903415
v 107.844032 6.910963 12.908422
v 107.862045 6.900155 12.908599
v 107.800850 6.920561 12.902741
v 107.798286 6.916053 12.888700
v 107.816299 6.905247 12.888877
v 107.818863 6.909752 12.902919
v 107.801125 6.920560 12.874712
v 107.819138 6.909752 12.874889
v 107.808388 6.932578 12.869527
v 107.826401 6.921771 12.869704
v 107.815544 6.944597 12.874854
v 107.833557 6.933789 12.875031
v 107.818115 6.949103 12.888895
v 107.836128 6.938296 12.889072
v 107.815269 6.944597 12.902884
v 107.833282 6.933789 12.903061
v 107.808006 6.932578 12.908068
v 107.826019 6.921771 12.908245
v 107.764824 6.942177 12.902388
v 107.762260 6.937670 12.888346
v 107.780273 6.926862 12.888523
v 107.782837 6.931368 12.902565
v 107.765099 6.942176 12.874358
v 107.783112 6.931368 12.874535
v 107.772362 6.954195 12.869173
v 107.790375 6.943387 12.869349
v 107.779518 6.966213 12.874499
v 107.797531 6.955404 12.874676
v 107.782089 6.970719 12.888541
v 107.800102 6.959912 12.888718
v 107.779243 6.966213 12.902529
v 107.797256 6.955405 12.902706
v 107.771980 6.954195 12.907714
v 107.789993 6.943387 12.907890
v 107.728798 6.963793 12.902033
v 107.726234 6.959286 12.887991
v 107.744247 6.948478 12.888168
v 107.746811 6.952985 12.902210
v 107.729073 6.963793 12.874002
v 107.747086 6.952985 12.874181
v 107.736336 6.975811 12.868818
v 107.754349 6.965003 12.868996
v 107.743500 6.987829 12.874146
v 107.761505 6.977021 12.874323
v 107.746063 6.992335 12.888186
v 107.764076 6.981529 12.888364
v 107.743217 6.987829 12.902175
v 107.761230 6.977021 12.902351
v 107.735962 6.975810 12.907359
v 107.753975 6.965003 12.907537
v 107.692772 6.985408 12.901678
v 107.690208 6.980901 12.887637
v 107.708221 6.970094 12.887814
v 107.710785 6.974601 12.901855
v 107.693054 6.985409 12.873649
v 107.711060 6.974600 12.873826
v 107.700310 6.997427 12.868464
v 107.718323 6.986619 12.868641
v 107.707474 7.009444 12.873791
v 107.725487 6.998637 12.873968
v 107.710037 7.013951 12.887832
v 107.728050 7.003143 12.888010
v 107.707199 7.009444 12.901820
v 107.725212 6.998636 12.901998
v 107.699936 6.997427 12.907005
v 107.717949 6.986618 12.907182
v 107.656746 7.007025 12.901324
v 107.654182 7.002517 12.887283
v 107.672195 6.991710 12.887460
v 107.674759 6.996217 12.901502
v 107.657028 7.007024 12.873295
v 107.675041 6.996217 12.873472
v 107.664284 7.019042 12.868110
v 107.682297 7.008235 12.868288
v 107.671448 7.031061 12.873436
v 107.689461 7.020253 12.873613
v 107.674011 7.035567 12.887478
v 107.692024 7.024759 12.887654
v 107.671173 7.031061 12.901466
v 107.689186 7.020253 12.901643
v 107.663910 7.019042 12.906651
v 107.681923 7.008234 12.906828
v 107.620728 7.028640 12.900970
v 107.618156 7.024134 12.886929
v 107.636169 7.013326 12.887106
v 107.638733 7.017832 12.901148
v 107.621002 7.028641 12.872941
v 107.639015 7.017832 12.873117
v 107.628265 7.040659 12.867756
v 107.646278 7.029850 12.867933
v 107.635422 7.052677 12.873082
v 107.653435 7.041869 12.873260
v 107.637985 7.057184 12.887123
v 107.655998 7.046376 12.887300
v 107.635147 7.052677 12.901112
v 107.653160 7.041869 12.901289
v 107.627884 7.040659 12.906296
v 107.645897 7.029851 12.906473
v 107.584702 7.050257 12.900616
v 107.582130 7.045750 12.886574
v 107.600143 7.034942 12.886751
v 107.602715 7.039449 12.900793
v 107.584976 7.050257 12.872585
v 107.602989 7.039449 12.872764
v 107.592239 7.062274 12.867401
v 107.610252 7.051466 12.867579
v 107.599396 7.074292 12.872728
v 107.617409 7.063486 12.872905
v 107.601967 7.078800 12.886769
v 107.619972 7.067991 12.886947
v 107.599121 7.074293 12.900758
v 107.617134 7.063486 12.900935
v 107.591858 7.062275 12.905942
v 107.609871 7.051466 12.906119
v 107.548676 7.071873 12.900261
v 107.546112 7.067366 12.886220
v 107.564125 7.056559 12.886396
v 107.566689 7.061065 12.900438
v 107.548950 7.071873 12.872232
v 107.566963 7.061065 12.872409
v 107.556213 7.083890 12.867047
v 107.574226 7.073083 12.867224
v 107.563370 7.095909 12.872374
v 107.581383 7.085101 12.872551
v 107.565941 7.100415 12.886415
v 107.583954 7.089608 12.886592
v 107.563095 7.095909 12.900403
v 107.581108 7.085101 12.900580
v 107.555832 7.083891 12.905588
v 107.573845 7.073083 12.905766
v 107.512650 7.093487 12.899907
v 107.510086 7.088982 12.885865
v 107.528099 7.078175 12.886044
v 107.530663 7.082681 12.900084
v 107.512924 7.093488 12.871878
v 107.530937 7.082681 12.872054
v 107.520187 7.105507 12.866693
v 107.538200 7.094699 12.866870
v 107.527351 7.117525 12.872020
v 107.545357 7.106716 12.872196
v 107.529915 7.122031 12.886061
v 107.547928 7.111223 12.886238
v 107.527069 7.117524 12.900049
v 107.545082 7.106718 12.900227
v 107.519806 7.105507 12.905233
v 107.537819 7.094698 12.905411
v 107.493431 7.099918 12.885702
v 107.496094 7.104127 12.899143
v 107.496353 7.104127 12.872314
v 107.503113 7.115748 12.867336
v 107.510162 7.127134 12.872451
v 107.512428 7.131577 12.885889
v 107.509895 7.127134 12.899280
v 107.502747 7.115748 12.904255
v 109.407646 5.655914 12.729124
v 109.438469 5.636912 12.678179
v 109.483002 5.597441 12.719461
v 109.450966 5.618483 12.770609
v 109.487396 5.653772 12.643766
v 109.533974 5.611932 12.685232
v 109.526283 5.701677 12.649668
v 109.574104 5.659464 12.691554
v 109.535370 5.750118 12.687654
v 109.583473 5.708695 12.730017
v 109.504868 5.768406 12.738803
v 109.552437 5.727719 12.781491
v 109.456253 5.750832 12.773418
v 109.502464 5.711213 12.816050
v 109.417061 5.703641 12.767314
v 109.461342 5.665697 12.809399
v 109.316910 5.739953 12.642786
v 109.346291 5.722402 12.593433
v 109.392136 5.679436 12.635490
v 109.362175 5.697407 12.685715
v 109.392906 5.739953 12.559879
v 109.439674 5.697139 12.601373
v 109.430130 5.786754 12.565398
v 109.477615 5.744716 12.607014
v 109.438866 5.833556 12.602007
v 109.486511 5.792360 12.644294
v 109.409485 5.851107 12.651360
v 109.456596 5.810241 12.694542
v 109.362869 5.833557 12.684914
v 109.409096 5.792449 12.728685
v 109.325638 5.786754 12.679395
v 109.371109 5.744961 12.723019
v 109.228622 5.823337 12.559155
v 109.256958 5.806408 12.511551
v 109.301239 5.764765 12.552142
v 109.272385 5.782002 12.600613
v 109.301918 5.823337 12.479187
v 109.347023 5.782001 12.519188
v 109.337830 5.868481 12.484509
v 109.383583 5.827968 12.524608
v 109.346252 5.913624 12.519821
v 109.392159 5.873932 12.560562
v 109.317909 5.930552 12.567425
v 109.363304 5.891170 12.609033
v 109.272949 5.913624 12.599791
v 109.317528 5.873933 12.641987
v 109.237038 5.868480 12.594467
v 109.280960 5.827967 12.636567
v 109.142929 5.904267 12.477985
v 109.170258 5.887942 12.432079
v 109.213326 5.847442 12.471556
v 109.185493 5.864067 12.518305
v 109.213615 5.904267 12.400867
v 109.257477 5.864067 12.439771
v 109.248245 5.947801 12.406002
v 109.292740 5.908400 12.444998
v 109.256363 5.991334 12.440054
v 109.301010 5.952733 12.479676
v 109.229034 6.007659 12.485960
v 109.273186 5.969358 12.526425
v 109.185677 5.991333 12.517171
v 109.229027 5.952733 12.558210
v 109.151047 5.947801 12.512038
v 109.193764 5.908401 12.552982
v 109.127151 5.927425 12.390467
v 109.098015 5.945078 12.434690
v 109.170578 5.942799 12.360717
v 109.204384 5.985512 12.365854
v 109.210876 6.030514 12.397617
v 109.183090 6.047718 12.443331
v 109.140427 6.031895 12.474199
v 109.106247 5.989028 12.468878
v 108.796829 6.263284 12.138880
v 108.817612 6.250510 12.104351
v 108.851860 6.208278 12.138600
v 108.831413 6.223055 12.174679
v 108.851486 6.261977 12.081888
v 108.886787 6.219291 12.113466
v 108.879219 6.294354 12.087051
v 108.915741 6.255718 12.118363
v 108.886436 6.327057 12.113720
v 108.925476 6.290138 12.146715
v 108.865639 6.339396 12.148602
v 108.903900 6.303061 12.184226
v 108.831734 6.327493 12.171415
v 108.868469 6.290692 12.208291
v 108.804031 6.295552 12.165900
v 108.839539 6.257295 12.202614
v 108.738045 6.330083 12.079148
v 108.757378 6.318984 12.046482
v 108.786484 6.286368 12.074062
v 108.766441 6.297985 12.107864
v 108.788849 6.330083 12.025265
v 108.819130 6.297822 12.052102
v 108.814568 6.359682 12.030425
v 108.845810 6.328587 12.057405
v 108.821228 6.389282 12.055792
v 108.852722 6.359392 12.083635
v 108.801895 6.400382 12.088457
v 108.832672 6.370955 12.117481
v 108.770424 6.389282 12.109674
v 108.800026 6.359448 12.139486
v 108.744713 6.359682 12.104515
v 108.773354 6.328736 12.134138
v 108.685501 6.389381 12.026089
v 108.703499 6.379047 11.995678
v 108.729813 6.349713 12.020491
v 108.711159 6.360421 12.052002
v 108.732796 6.389381 11.975925
v 108.760170 6.360421 12.000021
v 108.756737 6.416937 11.980729
v 108.784981 6.388975 12.004999
v 108.762939 6.444493 12.004344
v 108.791405 6.417529 12.029470
v 108.744942 6.454826 12.034754
v 108.772758 6.428237 12.060982
v 108.715637 6.444492 12.054507
v 108.742393 6.417529 12.081450
v 108.691704 6.416938 12.049703
v 108.717590 6.388975 12.076472
v 108.637039 6.444066 11.977156
v 108.653809 6.434441 11.948826
v 108.678207 6.407234 11.971836
v 108.660843 6.417209 12.001188
v 108.681099 6.444066 11.930424
v 108.706490 6.417209 11.952771
v 108.703400 6.469738 11.934898
v 108.729599 6.443806 11.957408
v 108.709183 6.495409 11.956899
v 108.735580 6.470403 11.980201
v 108.692413 6.505036 11.985229
v 108.718208 6.480376 12.009553
v 108.665115 6.495409 12.003632
v 108.689934 6.470402 12.028618
v 108.642815 6.469738 11.999155
v 108.666824 6.443806 12.023981
v 108.591568 6.495377 11.931244
v 108.607185 6.486414 11.904865
v 108.630157 6.460800 11.926530
v 108.613976 6.470090 11.953870
v 108.632599 6.495377 11.887731
v 108.656502 6.470090 11.908772
v 108.653366 6.519280 11.891898
v 108.678024 6.494864 11.913090
v 108.658745 6.543182 11.912383
v 108.683601 6.519639 11.934321
v 108.643135 6.552146 11.938762
v 108.667419 6.528929 11.961662
v 108.617714 6.543183 11.955895
v 108.641075 6.519638 11.979420
v 108.596954 6.519279 11.951729
v 108.619553 6.494864 11.975101
v 108.548431 6.544054 11.887688
v 108.562950 6.535720 11.863160
v 108.584801 6.511365 11.883760
v 108.569740 6.520010 11.909203
v 108.586578 6.544055 11.847229
v 108.609314 6.520010 11.867235
v 108.605888 6.566280 11.851103
v 108.629341 6.543064 11.871254
v 108.610893 6.588505 11.870150
v 108.634529 6.566117 11.891011
v 108.596375 6.596840 11.894677
v 108.619469 6.574763 11.916452
v 108.572746 6.588505 11.910609
v 108.594955 6.566117 11.932979
v 108.553436 6.566279 11.906734
v 108.574928 6.543063 11.928959
v 108.507195 6.590595 11.846043
v 108.520660 6.582863 11.823286
v 108.541580 6.559538 11.843014
v 108.527596 6.567568 11.866648
v 108.542587 6.590595 11.808504
v 108.564354 6.567568 11.827664
v 108.560501 6.611217 11.812099
v 108.582954 6.588983 11.831397
v 108.565140 6.631837 11.829771
v 108.587776 6.610397 11.849750
v 108.551674 6.639569 11.852528
v 108.573792 6.618428 11.873383
v 108.529747 6.631837 11.867311
v 108.551018 6.610398 11.888734
v 108.511833 6.611216 11.863715
v 108.532417 6.588984 11.885000
v 108.467537 6.635348 11.805998
v 108.479996 6.628193 11.784944
v 108.500137 6.605736 11.803938
v 108.487183 6.613177 11.825836
v 108.500282 6.635348 11.771267
v 108.521240 6.613178 11.789715
v 108.516853 6.654427 11.774593
v 108.538475 6.633020 11.793174
v 108.521149 6.673506 11.790944
v 108.542946 6.652864 11.810179
v 108.508690 6.680660 11.811998
v 108.529984 6.660305 11.832077
v 108.488403 6.673506 11.825676
v 108.508881 6.652864 11.846301
v 108.471825 6.654427 11.822348
v 108.491646 6.633021 11.842842
v 108.429230 6.678574 11.767321
v 108.440720 6.671977 11.747910
v 108.460197 6.650267 11.766275
v 108.448227 6.657138 11.786501
v 108.459419 6.678573 11.735302
v 108.479683 6.657138 11.753137
v 108.474701 6.696162 11.738368
v 108.495605 6.675467 11.756331
v 108.478661 6.713751 11.753442
v 108.499733 6.693793 11.772038
v 108.467171 6.720346 11.772852
v 108.487762 6.700666 11.792265
v 108.448471 6.713750 11.785460
v 108.468269 6.693793 11.805403
v 108.433189 6.696162 11.782394
v 108.452347 6.675466 11.802208
v 108.391930 6.720663 11.729646
v 108.402634 6.714429 11.712002
v 108.421539 6.693356 11.729827
v 108.410507 6.699702 11.748414
v 108.419975 6.720296 11.700609
v 108.439491 6.699656 11.717763
v 108.434067 6.736363 11.703501
v 108.454147 6.716507 11.720712
v 108.437645 6.752567 11.717278
v 108.457932 6.733376 11.735155
v 108.426941 6.758801 11.734922
v 108.446899 6.739721 11.753742
v 108.409607 6.752933 11.746314
v 108.428955 6.733422 11.765806
v 108.395508 6.736867 11.743423
v 108.414291 6.716570 11.762857
v 108.355011 6.764201 11.688667
v 108.365646 6.757574 11.673328
v 108.383995 6.735450 11.693947
v 108.373398 6.741804 11.710455
v 108.382408 6.762038 11.663773
v 108.400948 6.740663 11.683435
v 108.395714 6.776423 11.666815
v 108.414589 6.755871 11.686366
v 108.398750 6.791619 11.679193
v 108.417900 6.771507 11.699429
v 108.388107 6.798246 11.694530
v 108.407303 6.777861 11.715937
v 108.371346 6.793781 11.704086
v 108.390350 6.772648 11.726447
v 108.358040 6.779397 11.701044
v 108.376709 6.757441 11.723516
v 108.320854 6.811626 11.637029
v 108.331612 6.804492 11.623447
v 108.347847 6.781408 11.648632
v 108.337120 6.788342 11.662960
v 108.348190 6.807808 11.615368
v 108.364525 6.785203 11.639927
v 108.361069 6.821026 11.618643
v 108.377602 6.798918 11.643106
v 108.363701 6.835676 11.630040
v 108.380402 6.813809 11.654922
v 108.352943 6.842812 11.643620
v 108.369675 6.820741 11.669250
v 108.336372 6.839495 11.651699
v 108.352997 6.816947 11.677955
v 108.323486 6.826277 11.648426
v 108.339920 6.803231 11.674776
v 108.295219 6.848767 11.595334
v 108.305695 6.841736 11.582461
v 108.317772 6.824374 11.601566
v 108.307121 6.831515 11.614704
v 108.321777 6.844745 11.574886
v 108.334137 6.827463 11.593825
v 108.334221 6.857380 11.578115
v 108.346809 6.840343 11.597105
v 108.336708 6.871524 11.589012
v 108.349350 6.854744 11.608213
v 108.326225 6.878556 11.601886
v 108.338692 6.861884 11.621349
v 108.310150 6.875546 11.609461
v 108.322327 6.858795 11.629092
v 108.297707 6.862912 11.606231
v 108.309654 6.845914 11.625813
v 108.273750 6.879883 11.560396
v 108.283882 6.873087 11.547957
v 108.294495 6.857831 11.564749
v 108.284195 6.864741 11.577398
v 108.299416 6.875996 11.540637
v 108.310295 6.860787 11.557303
v 108.311447 6.888206 11.543757
v 108.322525 6.873204 11.560476
v 108.313850 6.901874 11.554289
v 108.324974 6.887104 11.571186
v 108.303719 6.908669 11.566729
v 108.314674 6.894015 11.583837
v 108.288185 6.905762 11.574047
v 108.298874 6.891057 11.591281
v 108.276154 6.893551 11.570927
v 108.286644 6.878641 11.588107
v 108.254097 6.908383 11.528396
v 108.263901 6.901805 11.516354
v 108.273705 6.887708 11.531868
v 108.263748 6.894392 11.544106
v 108.278938 6.904621 11.509268
v 108.288994 6.890568 11.524668
v 108.290581 6.916440 11.512287
v 108.300827 6.902579 11.527737
v 108.292908 6.929671 11.522482
v 108.303192 6.916026 11.538096
v 108.283104 6.936251 11.534525
v 108.293228 6.922709 11.550333
v 108.268066 6.933436 11.541611
v 108.277939 6.919849 11.557535
v 108.256424 6.921615 11.538589
v 108.266113 6.907839 11.554464
v 108.235641 6.935137 11.498358
v 108.245140 6.928761 11.486688
v 108.254387 6.915470 11.501316
v 108.244736 6.921945 11.513168
v 108.259720 6.931489 11.479820
v 108.269196 6.918241 11.494340
v 108.270996 6.942944 11.482748
v 108.280655 6.929875 11.497313
v 108.273254 6.955766 11.492627
v 108.282944 6.942900 11.507347
v 108.263756 6.962141 11.504296
v 108.273300 6.949375 11.519201
v 108.249176 6.959412 11.511164
v 108.258492 6.946604 11.526176
v 108.237892 6.947958 11.508236
v 108.247032 6.934970 11.523203
v 108.218086 6.960588 11.469780
v 108.227295 6.954407 11.458466
v 108.236122 6.941728 11.472418
v 108.226761 6.948006 11.483908
v 108.241432 6.957052 11.451806
v 108.250473 6.944415 11.465656
v 108.252373 6.968159 11.454645
v 108.261581 6.955693 11.468538
v 108.254555 6.980590 11.464224
v 108.263802 6.968318 11.478265
v 108.245346 6.986772 11.475538
v 108.254448 6.974595 11.489756
v 108.231209 6.984127 11.482197
v 108.240097 6.971909 11.496517
v 108.220268 6.973020 11.479359
v 108.228981 6.960630 11.493635
v 108.201241 6.985013 11.442356
v 108.210175 6.979017 11.431381
v 108.218651 6.966828 11.444795
v 108.209579 6.972916 11.455938
v 108.223885 6.981582 11.424923
v 108.232574 6.969434 11.438237
v 108.234489 6.992354 11.427675
v 108.243347 6.980371 11.441033
v 108.236610 7.004413 11.436967
v 108.245499 6.992614 11.450466
v 108.227676 7.010409 11.447941
v 108.236427 6.998702 11.461609
v 108.213966 7.007843 11.454399
v 108.222511 6.996096 11.468166
v 108.203362 6.997071 11.451646
v 108.211731 6.985159 11.465372
v 108.184975 7.008594 11.415879
v 108.193642 7.002777 11.405232
v 108.201836 6.990994 11.418200
v 108.193039 6.996900 11.429009
v 108.206940 7.005266 11.398968
v 108.215340 6.993522 11.411839
v 108.217232 7.015716 11.401638
v 108.225792 7.004130 11.414551
v 108.219284 7.027412 11.410650
v 108.227882 7.016007 11.423700
v 108.210617 7.033229 11.421297
v 108.219078 7.021912 11.434511
v 108.197327 7.030740 11.427563
v 108.205582 7.019385 11.440871
v 108.187027 7.020291 11.424891
v 108.195129 7.008776 11.438160
v 108.169197 7.031462 11.390202
v 108.177605 7.025820 11.379873
v 108.185562 7.014382 11.392462
v 108.177032 7.020110 11.402948
v 108.190506 7.028234 11.373796
v 108.198662 7.016832 11.386292
v 108.200493 7.038370 11.376387
v 108.208801 7.027125 11.388922
v 108.202484 7.049718 11.385131
v 108.210823 7.038647 11.397799
v 108.194077 7.055361 11.395457
v 108.202293 7.044374 11.408285
v 108.181183 7.052946 11.401535
v 108.189194 7.041923 11.414455
v 108.171196 7.042809 11.398945
v 108.179054 7.031631 11.411825
v 108.153847 7.053717 11.365213
v 108.162003 7.048244 11.355196
v 108.169754 7.037104 11.367455
v 108.161476 7.042662 11.377626
v 108.174515 7.050586 11.349301
v 108.182457 7.039481 11.361469
v 108.184204 7.060418 11.351814
v 108.192291 7.049466 11.364021
v 108.186134 7.071425 11.360293
v 108.194260 7.060642 11.372632
v 108.177979 7.076899 11.370311
v 108.185982 7.066198 11.382804
v 108.165466 7.074556 11.376207
v 108.173271 7.063820 11.388790
v 108.155785 7.064724 11.373693
v 108.163437 7.053837 11.386238
v 108.138870 7.075435 11.340828
v 108.146774 7.070127 11.331113
v 108.154343 7.059249 11.343084
v 108.146317 7.064638 11.352950
v 108.158913 7.072398 11.325397
v 108.166672 7.061556 11.337278
v 108.168304 7.081933 11.327834
v 108.176208 7.071239 11.339754
v 108.170181 7.092607 11.336058
v 108.178116 7.082078 11.348105
v 108.162270 7.097916 11.345772
v 108.170082 7.087468 11.357971
v 108.150139 7.095644 11.351489
v 108.157761 7.085162 11.363776
v 108.140747 7.086109 11.349052
v 108.148224 7.075479 11.361301
v 108.124214 7.096675 11.316978
v 108.131882 7.091529 11.307559
v 108.139290 7.080884 11.319273
v 108.131500 7.086111 11.328840
v 108.143646 7.093731 11.302017
v 108.151237 7.083121 11.313644
v 108.152756 7.102977 11.304379
v 108.160492 7.092510 11.316045
v 108.154579 7.113325 11.312353
v 108.162338 7.103022 11.324143
v 108.146912 7.118471 11.321773
v 108.154549 7.108247 11.333709
v 108.135139 7.116268 11.327315
v 108.142601 7.106011 11.339338
v 108.126038 7.107024 11.324952
v 108.133354 7.096621 11.336938
v 108.109863 7.117487 11.293610
v 108.117294 7.112502 11.284481
v 108.124550 7.102067 11.295963
v 108.117004 7.107133 11.305237
v 108.128693 7.114635 11.279108
v 108.136139 7.104235 11.290506
v 108.137520 7.123595 11.281399
v 108.145103 7.113336 11.292833
v 108.139282 7.133625 11.289125
v 108.146896 7.123526 11.300683
v 108.131851 7.138613 11.298256
v 108.139343 7.128592 11.309957
v 108.120453 7.136479 11.303627
v 108.127762 7.126423 11.315413
v 108.111626 7.127519 11.301338
v 108.118797 7.117322 11.313087
v 108.095772 7.137915 11.270674
v 108.102966 7.133084 11.261829
v 108.110100 7.122839 11.273104
v 108.102783 7.127748 11.282089
v 108.114021 7.135151 11.256624
v 108.121323 7.124938 11.267816
v 108.122566 7.143833 11.258842
v 108.130013 7.133760 11.270070
v 108.124275 7.153550 11.266331
v 108.131744 7.143632 11.277678
v 108.117081 7.158381 11.275175
v 108.124435 7.148542 11.286663
v 108.106033 7.156313 11.280380
v 108.113205 7.146441 11.291951
v 108.097481 7.147633 11.278161
v 108.104523 7.137621 11.289696
v 108.081924 7.157989 11.248135
v 108.088898 7.153310 11.239569
v 108.095901 7.143238 11.250652
v 108.088821 7.147995 11.259356
v 108.099594 7.155313 11.234529
v 108.106773 7.145274 11.245531
v 108.107872 7.163719 11.236677
v 108.115189 7.153816 11.247714
v 108.109528 7.173129 11.243929
v 108.116875 7.163381 11.255083
v 108.102554 7.177808 11.252493
v 108.109787 7.168136 11.263786
v 108.091858 7.175806 11.257534
v 108.098915 7.166101 11.268909
v 108.083580 7.167399 11.255384
v 108.090500 7.157557 11.266726
v 108.068298 7.177739 11.225958
v 108.075050 7.173210 11.217669
v 108.081947 7.163300 11.228577
v 108.075089 7.167902 11.237002
v 108.085403 7.175148 11.212790
v 108.092468 7.165270 11.223618
v 108.093422 7.183285 11.214869
v 108.100616 7.173541 11.225731
v 108.095016 7.192394 11.221888
v 108.102249 7.182799 11.232864
v 108.088272 7.196922 11.230177
v 108.095383 7.187403 11.241292
v 108.077919 7.194983 11.235056
v 108.084862 7.185433 11.246250
v 108.069901 7.186848 11.232975
v 108.076714 7.177163 11.244137
v 108.054886 7.197192 11.204117
v 108.061409 7.192812 11.196097
v 108.068207 7.183047 11.206842
v 108.061569 7.187501 11.214996
v 108.071426 7.194686 11.191379
v 108.078392 7.184953 11.202045
v 108.079178 7.202557 11.193391
v 108.086273 7.192956 11.204091
v 108.080727 7.211367 11.200179
v 108.087845 7.201916 11.210994
v 108.074203 7.215748 11.208198
v 108.081207 7.206370 11.219147
v 108.064186 7.213873 11.212916
v 108.071022 7.204463 11.223945
v 108.056435 7.206003 11.210905
v 108.063141 7.196460 11.221899
v 108.041656 7.216367 11.182587
v 108.047966 7.212133 11.174833
v 108.054665 7.202505 11.185429
v 108.048248 7.206814 11.193314
v 108.057648 7.213944 11.170273
v 108.064514 7.204349 11.180788
v 108.065140 7.221554 11.172216
v 108.072136 7.212088 11.182766
v 108.066643 7.230070 11.178779
v 108.073662 7.220751 11.189442
v 108.060333 7.234305 11.186530
v 108.067238 7.225059 11.197327
v 108.050644 7.232492 11.191092
v 108.057396 7.223215 11.201966
v 108.043152 7.224885 11.189148
v 108.049767 7.215476 11.199988
v 108.028610 7.235286 11.161345
v 108.034706 7.231195 11.153856
v 108.041313 7.221695 11.164310
v 108.035110 7.225858 11.171930
v 108.044052 7.232945 11.149450
v 108.050827 7.223477 11.159826
v 108.051292 7.240295 11.151328
v 108.058197 7.230956 11.161737
v 108.052742 7.248522 11.157666
v 108.059669 7.239326 11.168188
v 108.046646 7.252614 11.165154
v 108.053467 7.243490 11.175808
v 108.037292 7.250862 11.169561
v 108.043945 7.241708 11.180292
v 108.030052 7.243513 11.167683
v 108.036583 7.234230 11.178380
v 108.028717 7.240582 11.144236
v 108.023048 7.244342 11.151407
v 108.037605 7.242136 11.140199
v 108.044365 7.249160 11.141853
v 108.045792 7.256815 11.147943
v 108.039978 7.260775 11.154889
v 108.031235 7.259020 11.159151
v 108.024338 7.252194 11.157272
v 110.506119 7.476802 14.261625
v 110.481369 7.468531 14.256781
v 110.497131 7.445344 14.219860
v 110.522331 7.454406 14.225296
v 110.459679 7.476802 14.243908
v 110.474693 7.452525 14.204326
v 110.455048 7.498860 14.229884
v 110.469528 7.475616 14.188368
v 110.467842 7.520920 14.222503
v 110.483261 7.498425 14.180161
v 110.492592 7.529192 14.227348
v 110.509254 7.507099 14.187597
v 110.514290 7.520919 14.240221
v 110.531342 7.498896 14.202596
v 110.518913 7.498861 14.254245
v 110.535652 7.476755 14.217610
v 110.479164 7.515817 14.329131
v 110.455536 7.507921 14.324507
v 110.467949 7.488993 14.291962
v 110.492119 7.497069 14.296693
v 110.434830 7.515817 14.312219
v 110.446770 7.497069 14.279393
v 110.430412 7.536874 14.298831
v 110.442253 7.518607 14.265699
v 110.442619 7.557931 14.291786
v 110.454742 7.540145 14.258493
v 110.466248 7.565828 14.296411
v 110.478912 7.548223 14.263224
v 110.486961 7.557931 14.308699
v 110.500092 7.540146 14.275793
v 110.491371 7.536874 14.322085
v 110.504608 7.518607 14.289486
v 110.455437 7.550157 14.388546
v 110.432793 7.542591 14.384115
v 110.443863 7.525712 14.355095
v 110.466988 7.533439 14.359621
v 110.412956 7.550157 14.372342
v 110.423607 7.533439 14.343072
v 110.408722 7.570331 14.359515
v 110.419281 7.554043 14.329972
v 110.420425 7.590507 14.352765
v 110.431229 7.574646 14.323078
v 110.443062 7.598072 14.357197
v 110.454353 7.582373 14.327604
v 110.462906 7.590507 14.368969
v 110.474617 7.574647 14.339627
v 110.467133 7.570331 14.381796
v 110.478935 7.554043 14.352726
v 110.433784 7.581486 14.442754
v 110.412048 7.574222 14.438499
v 110.422218 7.558725 14.411853
v 110.444397 7.566136 14.416195
v 110.393005 7.581486 14.427197
v 110.402779 7.566136 14.400320
v 110.388939 7.600855 14.414881
v 110.398636 7.585900 14.387753
v 110.400169 7.620226 14.408400
v 110.410095 7.605664 14.381141
v 110.421906 7.627489 14.412655
v 110.432274 7.613075 14.385482
v 110.440956 7.620226 14.423957
v 110.451714 7.605664 14.397015
v 110.445023 7.600856 14.436273
v 110.455856 7.585900 14.409581
v 110.413643 7.610635 14.493189
v 110.392746 7.603652 14.489099
v 110.402245 7.589176 14.464210
v 110.423553 7.596298 14.468381
v 110.374435 7.610636 14.478231
v 110.383568 7.596297 14.453129
v 110.370529 7.629256 14.466393
v 110.379585 7.615288 14.441055
v 110.381332 7.647878 14.460161
v 110.390594 7.634276 14.434702
v 110.402229 7.654861 14.464252
v 110.411911 7.641398 14.438872
v 110.420540 7.647877 14.475119
v 110.430580 7.634276 14.449954
v 110.424446 7.629256 14.486958
v 110.434563 7.615287 14.462027
v 110.394669 7.638097 14.540705
v 110.374565 7.631379 14.536770
v 110.383530 7.617704 14.513260
v 110.404030 7.624554 14.517271
v 110.356949 7.638097 14.526316
v 110.365570 7.624554 14.502603
v 110.353188 7.656013 14.514924
v 110.361740 7.642817 14.490990
v 110.363579 7.673929 14.508930
v 110.372330 7.661081 14.484879
v 110.383682 7.680648 14.512865
v 110.392830 7.667931 14.488892
v 110.401299 7.673929 14.523320
v 110.410789 7.661081 14.499549
v 110.405060 7.656013 14.534711
v 110.414619 7.642817 14.511161
v 110.376633 7.664199 14.585868
v 110.357277 7.657732 14.582080
v 110.365822 7.644711 14.559692
v 110.385544 7.651302 14.563553
v 110.340324 7.664199 14.572017
v 110.348534 7.651302 14.549436
v 110.336708 7.681445 14.561051
v 110.344849 7.668880 14.538260
v 110.346703 7.698690 14.555282
v 110.355042 7.686457 14.532379
v 110.366058 7.705158 14.559070
v 110.374763 7.693048 14.536241
v 110.383018 7.698690 14.569133
v 110.392052 7.686457 14.546497
v 110.386635 7.681446 14.580097
v 110.395737 7.668880 14.557673
v 110.359383 7.689170 14.629072
v 110.340744 7.682943 14.625426
v 110.348930 7.670468 14.603978
v 110.367920 7.676815 14.607696
v 110.324417 7.689170 14.615736
v 110.332283 7.676815 14.594103
v 110.320938 7.705774 14.605180
v 110.328735 7.693735 14.583345
v 110.330566 7.722379 14.599625
v 110.338547 7.710658 14.577683
v 110.349197 7.728605 14.603271
v 110.357536 7.717004 14.581400
v 110.365524 7.722378 14.612960
v 110.374184 7.710658 14.591274
v 110.369011 7.705774 14.623517
v 110.377731 7.693737 14.602034
v 110.342789 7.713178 14.670612
v 110.324852 7.707181 14.667100
v 110.332726 7.695175 14.646457
v 110.351006 7.701285 14.650036
v 110.309128 7.713178 14.657771
v 110.316704 7.701285 14.636949
v 110.305771 7.729165 14.647606
v 110.313286 7.717578 14.626590
v 110.315048 7.745152 14.642257
v 110.322731 7.733871 14.621140
v 110.332985 7.751148 14.645769
v 110.341019 7.739982 14.624718
v 110.348709 7.745152 14.655098
v 110.357040 7.733871 14.634226
v 110.352058 7.729166 14.665263
v 110.360458 7.717578 14.644584
v 110.326775 7.736352 14.710711
v 110.309502 7.730580 14.707330
v 110.317108 7.718979 14.687384
v 110.334717 7.724863 14.690829
v 110.294365 7.736352 14.698347
v 110.301682 7.724863 14.678229
v 110.291138 7.751745 14.688560
v 110.298393 7.740549 14.668256
v 110.300064 7.767138 14.683411
v 110.307495 7.756237 14.663007
v 110.317337 7.772910 14.686791
v 110.325096 7.762119 14.666452
v 110.332474 7.767138 14.695774
v 110.340523 7.756238 14.675608
v 110.335701 7.751745 14.705560
v 110.343811 7.740549 14.685581
v 110.311272 7.758796 14.749542
v 110.294640 7.753241 14.746288
v 110.302017 7.741997 14.726957
v 110.318962 7.747661 14.730275
v 110.280075 7.758795 14.737642
v 110.287163 7.747661 14.718145
v 110.276962 7.773612 14.728222
v 110.283997 7.762762 14.708544
v 110.285553 7.788428 14.723265
v 110.292755 7.777864 14.703491
v 110.302185 7.793984 14.726520
v 110.309700 7.783527 14.706808
v 110.316750 7.788428 14.735165
v 110.324554 7.777864 14.715620
v 110.319862 7.773613 14.744585
v 110.327721 7.762762 14.725222
v 110.296211 7.780589 14.787251
v 110.280212 7.775244 14.784119
v 110.287376 7.764319 14.765337
v 110.303688 7.769770 14.768529
v 110.266190 7.780589 14.775800
v 110.273087 7.769770 14.756856
v 110.263199 7.794846 14.766736
v 110.270035 7.784304 14.747615
v 110.271469 7.809101 14.761966
v 110.278465 7.798838 14.742752
v 110.287468 7.814447 14.765097
v 110.294777 7.804288 14.745945
v 110.301483 7.809101 14.773417
v 110.309067 7.798838 14.754426
v 110.304474 7.794846 14.782480
v 110.312111 7.784304 14.763666
v 110.281555 7.801800 14.823951
v 110.266167 7.796659 14.820939
v 110.273140 7.786020 14.802649
v 110.288834 7.791265 14.805720
v 110.252686 7.801800 14.812938
v 110.259392 7.791264 14.794490
v 110.249809 7.815512 14.804220
v 110.256462 7.805246 14.785600
v 110.257759 7.829223 14.799632
v 110.264572 7.819228 14.780922
v 110.273148 7.834364 14.802644
v 110.280258 7.824472 14.783993
v 110.286629 7.829223 14.810644
v 110.294006 7.819228 14.792152
v 110.289505 7.815512 14.819363
v 110.296944 7.805246 14.801042
v 110.267258 7.822484 14.859739
v 110.252472 7.817542 14.856844
v 110.259277 7.807164 14.839000
v 110.274361 7.812205 14.841953
v 110.239510 7.822484 14.849153
v 110.246056 7.812204 14.831155
v 110.236748 7.835664 14.840773
v 110.243233 7.825648 14.822607
v 110.244385 7.848844 14.836363
v 110.251030 7.839094 14.818110
v 110.259178 7.853786 14.839258
v 110.266121 7.844135 14.821062
v 110.272141 7.848845 14.846949
v 110.279343 7.839094 14.828907
v 110.274902 7.835664 14.855330
v 110.282158 7.825649 14.837455
v 110.253304 7.842688 14.894697
v 110.239090 7.837941 14.891917
v 110.245743 7.827799 14.874479
v 110.260239 7.832644 14.877317
v 110.226639 7.842690 14.884528
v 110.233040 7.832644 14.866940
v 110.223984 7.855350 14.876478
v 110.230331 7.845562 14.858727
v 110.231331 7.868011 14.872242
v 110.237823 7.858481 14.854404
v 110.245537 7.872759 14.875024
v 110.252319 7.863326 14.857243
v 110.257988 7.868010 14.882412
v 110.265022 7.858482 14.864781
v 110.260643 7.855350 14.890461
v 110.267731 7.845562 14.872995
v 110.239639 7.862453 14.928896
v 110.226006 7.857897 14.926227
v 110.232513 7.847972 14.909163
v 110.246437 7.852624 14.911888
v 110.214050 7.862453 14.919134
v 110.220314 7.852624 14.901924
v 110.211502 7.874608 14.911407
v 110.217712 7.865030 14.894036
v 110.218552 7.886761 14.907340
v 110.224907 7.877436 14.889885
v 110.232193 7.891318 14.910010
v 110.238831 7.882089 14.892611
v 110.244141 7.886761 14.917102
v 110.251030 7.877437 14.899849
v 110.246689 7.874609 14.924829
v 110.253632 7.865029 14.907737
v 110.226265 7.881814 14.962394
v 110.213181 7.877444 14.959834
v 110.219559 7.867719 14.943114
v 110.232918 7.872182 14.945729
v 110.201721 7.881814 14.953032
v 110.207855 7.872183 14.936168
v 110.199280 7.893471 14.945621
v 110.205360 7.884086 14.928600
v 110.206039 7.905127 14.941721
v 110.212265 7.895990 14.924617
v 110.219116 7.909498 14.944281
v 110.225616 7.900454 14.927232
v 110.230576 7.905126 14.951083
v 110.237328 7.895990 14.934178
v 110.233025 7.893471 14.958494
v 110.239822 7.884086 14.941746
v 110.213142 7.900800 14.995245
v 110.200615 7.896613 14.992791
v 110.206871 7.887073 14.976391
v 110.219673 7.891353 14.978897
v 110.189629 7.900800 14.986275
v 110.195648 7.891353 14.969732
v 110.187286 7.911968 14.979173
v 110.193253 7.902763 14.962477
v 110.193764 7.923137 14.975436
v 110.199867 7.914176 14.958658
v 110.206299 7.927325 14.977889
v 110.212677 7.918454 14.961164
v 110.217278 7.923137 14.984406
v 110.223900 7.914175 14.967824
v 110.219620 7.911969 14.991508
v 110.226288 7.902764 14.975079
v 110.200264 7.919438 15.027493
v 110.188271 7.915430 15.025145
v 110.194412 7.906064 15.009041
v 110.206680 7.910161 15.011441
v 110.177757 7.919438 15.018907
v 110.183670 7.910161 15.002664
v 110.175514 7.930129 15.012110
v 110.181374 7.921090 14.995715
v 110.181717 7.940818 15.008533
v 110.187714 7.932018 14.992060
v 110.193710 7.944827 15.010880
v 110.199974 7.936116 14.994459
v 110.204224 7.940818 15.017118
v 110.210724 7.932017 15.000836
v 110.206467 7.930129 15.023915
v 110.213013 7.921090 15.007785
v 110.187614 7.937752 15.059178
v 110.176147 7.933919 15.056933
v 110.182182 7.924714 15.041107
v 110.193916 7.928635 15.043404
v 110.166092 7.937752 15.050970
v 110.171906 7.928635 15.035007
v 110.163948 7.947971 15.044473
v 110.169708 7.939088 15.028360
v 110.169876 7.958190 15.041054
v 110.175774 7.949542 15.024862
v 110.181343 7.962022 15.043298
v 110.187500 7.953462 15.027159
v 110.191399 7.958190 15.049261
v 110.197784 7.949542 15.033259
v 110.193542 7.947970 15.055759
v 110.199974 7.939087 15.039906
v 110.175171 7.955761 15.090339
v 110.164223 7.952102 15.088196
v 110.170158 7.943048 15.072629
v 110.181366 7.946793 15.074822
v 110.154625 7.955761 15.082502
v 110.160339 7.946793 15.066800
v 110.152580 7.965518 15.076299
v 110.158241 7.956780 15.060451
v 110.158234 7.975274 15.073034
v 110.164032 7.966767 15.057109
v 110.169189 7.978934 15.075177
v 110.175240 7.970513 15.059303
v 110.178780 7.975276 15.080871
v 110.185066 7.966767 15.065130
v 110.180824 7.965518 15.087074
v 110.187157 7.956780 15.071481
v 110.162926 7.973484 15.121006
v 110.152481 7.969996 15.118962
v 110.158325 7.961084 15.103639
v 110.169022 7.964657 15.105732
v 110.143333 7.973484 15.113535
v 110.148956 7.964657 15.098079
v 110.141388 7.982787 15.107620
v 110.146957 7.974186 15.092020
v 110.146782 7.992088 15.104508
v 110.152489 7.983714 15.088833
v 110.157219 7.995576 15.106551
v 110.163177 7.987288 15.090925
v 110.166367 7.992087 15.111979
v 110.172546 7.983714 15.096485
v 110.168320 7.982786 15.117893
v 110.174545 7.974185 15.102544
v 110.150864 7.990940 15.151207
v 110.140923 7.987621 15.149262
v 110.146683 7.978841 15.134169
v 110.156868 7.982245 15.136163
v 110.132217 7.990940 15.144096
v 110.137756 7.982244 15.128872
v 110.130363 7.999794 15.138468
v 110.135857 7.991321 15.123101
v 110.135498 8.008646 15.135506
v 110.141113 8.000399 15.120065
v 110.145432 8.011967 15.137450
v 110.151306 8.003801 15.122059
v 110.154137 8.008647 15.142616
v 110.160225 8.000399 15.127356
v 110.155998 7.999794 15.148246
v 110.162132 7.991321 15.133126
v 110.138977 8.008142 15.180970
v 110.129532 8.004988 15.179123
v 110.135208 7.996335 15.164247
v 110.144897 7.999573 15.166142
v 110.121262 8.008142 15.174213
v 110.126724 7.999572 15.159209
v 110.119499 8.016553 15.168866
v 110.124908 8.008204 15.153721
v 110.124374 8.024964 15.166052
v 110.129913 8.016835 15.150833
v 110.133820 8.028120 15.167900
v 110.139603 8.020071 15.152729
v 110.142090 8.024965 15.172808
v 110.148094 8.016835 15.157766
v 110.143852 8.016554 15.178156
v 110.149902 8.008204 15.163254
v 110.127258 8.025103 15.210318
v 110.118301 8.022112 15.208566
v 110.123901 8.013578 15.193895
v 110.133095 8.016651 15.195694
v 110.110458 8.025103 15.203911
v 110.115845 8.016652 15.189114
v 110.108788 8.033079 15.198840
v 110.114128 8.024845 15.183905
v 110.113411 8.041054 15.196171
v 110.118874 8.033038 15.181164
v 110.122360 8.044046 15.197924
v 110.128067 8.036110 15.182962
v 110.130203 8.041054 15.202578
v 110.136124 8.033037 15.187744
v 110.131882 8.033079 15.207649
v 110.137848 8.024845 15.192953
v 110.113113 8.030586 15.222172
v 110.121536 8.033295 15.223649
v 110.105850 8.033296 15.217664
v 110.104218 8.040834 15.213083
v 110.108604 8.048199 15.210433
v 110.116905 8.051084 15.212227
v 110.124298 8.048199 15.216417
v 110.125801 8.040834 15.221315
v 110.700027 7.294430 14.240844
v 110.676094 7.285127 14.249551
v 110.656860 7.294107 14.205970
v 110.681152 7.303451 14.196427
v 110.653839 7.294431 14.261948
v 110.632935 7.304338 14.218960
v 110.647423 7.319240 14.270823
v 110.626320 7.330387 14.230005
v 110.658333 7.344049 14.271787
v 110.637711 7.355654 14.231569
v 110.682274 7.353353 14.263081
v 110.662003 7.365392 14.222121
v 110.704529 7.344050 14.250684
v 110.684738 7.355905 14.206967
v 110.710938 7.319240 14.241807
v 110.691864 7.329173 14.196900
v 110.733826 7.277248 14.317227
v 110.710831 7.268312 14.325590
v 110.694092 7.276415 14.288946
v 110.717537 7.285529 14.280416
v 110.689453 7.277248 14.337498
v 110.672295 7.285529 14.301088
v 110.683296 7.301078 14.346024
v 110.666008 7.309831 14.309784
v 110.693771 7.324908 14.346949
v 110.676697 7.334133 14.310727
v 110.716766 7.333844 14.338586
v 110.700142 7.343246 14.302198
v 110.738144 7.324908 14.326679
v 110.721939 7.334133 14.290055
v 110.744301 7.301078 14.318152
v 110.728226 7.309830 14.281361
v 110.763840 7.261988 14.385065
v 110.741684 7.253379 14.393123
v 110.726631 7.260661 14.360184
v 110.749199 7.269431 14.351977
v 110.721092 7.261988 14.404594
v 110.705658 7.269431 14.371867
v 110.715157 7.284948 14.412810
v 110.699615 7.292815 14.380234
v 110.725250 7.307908 14.413701
v 110.709900 7.316200 14.381142
v 110.747406 7.316517 14.405643
v 110.732460 7.324968 14.372935
v 110.767998 7.307907 14.394172
v 110.753433 7.316200 14.361252
v 110.773933 7.284947 14.385957
v 110.759483 7.292815 14.352884
v 110.791397 7.247975 14.447354
v 110.770012 7.239666 14.455132
v 110.756111 7.246393 14.424706
v 110.777870 7.254851 14.416791
v 110.750137 7.247975 14.466204
v 110.735886 7.254851 14.435974
v 110.744408 7.270137 14.474133
v 110.730049 7.277404 14.444044
v 110.754150 7.292297 14.474994
v 110.739967 7.299957 14.444920
v 110.775536 7.300609 14.467216
v 110.761734 7.308414 14.437005
v 110.795410 7.292297 14.456143
v 110.781960 7.299957 14.425736
v 110.801140 7.270137 14.448215
v 110.787788 7.277404 14.417667
v 110.817162 7.234874 14.505599
v 110.796501 7.226844 14.513114
v 110.783455 7.233158 14.484561
v 110.804474 7.241326 14.476917
v 110.777290 7.234874 14.523813
v 110.763916 7.241326 14.495445
v 110.771759 7.256288 14.531475
v 110.758286 7.263108 14.503238
v 110.781174 7.277701 14.532307
v 110.767868 7.284889 14.504084
v 110.801834 7.285731 14.524792
v 110.788879 7.293057 14.496439
v 110.821045 7.277701 14.514091
v 110.808418 7.284890 14.485556
v 110.826576 7.256289 14.506430
v 110.814049 7.263108 14.477762
v 110.841545 7.222478 14.560702
v 110.821564 7.214714 14.567969
v 110.809189 7.220702 14.540891
v 110.829506 7.228598 14.533502
v 110.802986 7.222478 14.578315
v 110.790306 7.228597 14.551411
v 110.797638 7.243185 14.585724
v 110.784859 7.249653 14.558945
v 110.806740 7.263892 14.586528
v 110.794121 7.270710 14.559763
v 110.826721 7.271657 14.579261
v 110.814438 7.278605 14.552373
v 110.845291 7.263892 14.568914
v 110.833321 7.270710 14.541853
v 110.850647 7.243186 14.561506
v 110.838768 7.249653 14.534319
v 110.864792 7.210656 14.613259
v 110.845467 7.203144 14.620290
v 110.833641 7.208864 14.594417
v 110.853294 7.216503 14.587270
v 110.827492 7.210656 14.630299
v 110.815376 7.216503 14.604593
v 110.822319 7.230689 14.637466
v 110.810112 7.236869 14.611880
v 110.831123 7.250722 14.638245
v 110.819069 7.257236 14.612671
v 110.850456 7.258235 14.631214
v 110.838715 7.264872 14.605522
v 110.868423 7.250721 14.621204
v 110.856987 7.257235 14.595346
v 110.873604 7.230689 14.614037
v 110.862251 7.236868 14.588060
v 110.887108 7.199311 14.663692
v 110.868401 7.192041 14.670496
v 110.857040 7.197538 14.645636
v 110.876060 7.204928 14.638721
v 110.851013 7.199311 14.680182
v 110.839371 7.204929 14.655482
v 110.846001 7.218697 14.687119
v 110.834274 7.224635 14.662533
v 110.854523 7.238082 14.687871
v 110.842941 7.244342 14.663298
v 110.873230 7.245353 14.681067
v 110.861954 7.251731 14.656382
v 110.890617 7.238083 14.671381
v 110.879631 7.244341 14.646536
v 110.895630 7.218698 14.664445
v 110.884720 7.224635 14.639485
v 110.908615 7.188374 14.712315
v 110.890511 7.181338 14.718899
v 110.879555 7.186644 14.694907
v 110.897957 7.193795 14.688213
v 110.873688 7.188374 14.728273
v 110.862450 7.193796 14.704435
v 110.868835 7.207136 14.734986
v 110.857513 7.212867 14.711260
v 110.877083 7.225898 14.735715
v 110.865906 7.231938 14.712000
v 110.895187 7.232934 14.729130
v 110.884308 7.239091 14.705307
v 110.912018 7.225898 14.719755
v 110.901413 7.231937 14.695778
v 110.916870 7.207136 14.713043
v 110.906342 7.212866 14.688953
v 110.929436 7.177791 14.759363
v 110.911911 7.170980 14.765736
v 110.901299 7.176119 14.742500
v 110.919106 7.183041 14.736022
v 110.895622 7.177790 14.774809
v 110.884743 7.183041 14.751723
v 110.890930 7.195949 14.781305
v 110.879967 7.201499 14.758327
v 110.898911 7.214108 14.782011
v 110.888084 7.219956 14.759044
v 110.916435 7.220917 14.775639
v 110.905891 7.226879 14.752565
v 110.932724 7.214108 14.766564
v 110.922455 7.219956 14.743343
v 110.937416 7.195949 14.760068
v 110.927223 7.201499 14.736739
v 110.949638 7.167518 14.805028
v 110.932678 7.160928 14.811195
v 110.922371 7.165918 14.788628
v 110.939606 7.172617 14.782358
v 110.916916 7.167517 14.819977
v 110.906349 7.172617 14.797553
v 110.912376 7.185091 14.826263
v 110.901726 7.190481 14.803945
v 110.920105 7.202664 14.826945
v 110.909584 7.208345 14.804638
v 110.937057 7.209253 14.820779
v 110.926819 7.215044 14.798369
v 110.952820 7.202663 14.811998
v 110.942841 7.208345 14.789444
v 110.957359 7.185091 14.805711
v 110.947464 7.190481 14.783051
v 110.969292 7.157523 14.849462
v 110.952888 7.151147 14.855429
v 110.942848 7.156005 14.833457
v 110.959526 7.162488 14.827391
v 110.937637 7.157523 14.863924
v 110.927345 7.162488 14.842094
v 110.933243 7.174525 14.870008
v 110.922874 7.179774 14.848279
v 110.940720 7.191529 14.870667
v 110.930473 7.197060 14.848950
v 110.957123 7.197906 14.864701
v 110.947159 7.203542 14.842884
v 110.972374 7.191528 14.856205
v 110.962662 7.197061 14.834246
v 110.976768 7.174526 14.850121
v 110.967133 7.179774 14.828061
v 110.988464 7.147776 14.892788
v 110.972595 7.141608 14.898560
v 110.962799 7.146348 14.877125
v 110.978935 7.152619 14.871256
v 110.957840 7.147776 14.906778
v 110.947800 7.152621 14.885481
v 110.953590 7.164224 14.912663
v 110.943474 7.169342 14.891464
v 110.960823 7.180670 14.913301
v 110.950829 7.186068 14.892115
v 110.976692 7.186838 14.907529
v 110.966965 7.192338 14.886246
v 110.991440 7.180670 14.899311
v 110.981964 7.186067 14.877889
v 110.995697 7.164224 14.893427
v 110.986290 7.169343 14.871905
v 111.007187 7.138256 14.935112
v 110.991844 7.132292 14.940694
v 110.982269 7.136924 14.919745
v 110.997879 7.142989 14.914069
v 110.977577 7.138256 14.948641
v 110.967766 7.142990 14.927828
v 110.973465 7.154160 14.954330
v 110.963585 7.159163 14.933615
v 110.980453 7.170065 14.954948
v 110.970695 7.175337 14.934242
v 110.995804 7.176028 14.949367
v 110.986298 7.181402 14.928566
v 111.010071 7.170064 14.941420
v 111.000809 7.175337 14.920485
v 111.014183 7.154160 14.935730
v 111.004990 7.159163 14.914698
v 111.025505 7.128940 14.976522
v 111.010674 7.123176 14.981916
v 111.001305 7.127709 14.961414
v 111.016396 7.133574 14.955926
v 110.996887 7.128941 14.989599
v 110.987282 7.133574 14.969228
v 110.992912 7.144314 14.995099
v 110.983238 7.149211 14.974822
v 110.999672 7.159687 14.995695
v 110.990112 7.164848 14.975430
v 111.014503 7.165452 14.990300
v 111.005203 7.170713 14.969941
v 111.028290 7.159687 14.982618
v 111.019226 7.164848 14.962129
v 111.032265 7.144314 14.977118
v 111.023270 7.149211 14.956532
v 111.043457 7.119814 15.017093
v 111.029129 7.114244 15.022305
v 111.019943 7.118688 15.002212
v 111.034531 7.124355 14.996908
v 111.015800 7.119814 15.029726
v 111.006393 7.124355 15.009762
v 111.011963 7.134667 15.035041
v 111.002487 7.139466 15.015169
v 111.018494 7.149520 15.035618
v 111.009132 7.154578 15.015755
v 111.032829 7.155090 15.030405
v 111.023712 7.160245 15.010452
v 111.046150 7.149520 15.022984
v 111.037262 7.154579 15.002901
v 111.049988 7.134666 15.017670
v 111.041168 7.139467 14.997495
v 111.061066 7.110861 15.056890
v 111.047226 7.105483 15.061922
v 111.038216 7.109843 15.042206
v 111.052299 7.115317 15.037084
v 111.034363 7.110862 15.069089
v 111.025124 7.115317 15.049500
v 111.030655 7.125205 15.074221
v 111.021355 7.129913 15.054722
v 111.036957 7.139547 15.074778
v 111.027771 7.144510 15.055289
v 111.050797 7.144926 15.069744
v 111.041855 7.149983 15.050167
v 111.063660 7.139547 15.062578
v 111.054947 7.144510 15.042873
v 111.067368 7.125205 15.057446
v 111.058723 7.129913 15.037651
v 111.078354 7.102071 15.095968
v 111.064995 7.096880 15.100826
v 111.056152 7.101162 15.081460
v 111.069748 7.106446 15.076515
v 111.052582 7.102071 15.107742
v 111.043510 7.106447 15.088501
v 111.049004 7.115912 15.112695
v 111.039871 7.120538 15.093543
v 111.055092 7.129752 15.113232
v 111.046066 7.134628 15.094090
v 111.068443 7.134944 15.108375
v 111.059662 7.139913 15.089145
v 111.080864 7.129753 15.101459
v 111.072304 7.134628 15.082104
v 111.084442 7.115912 15.096506
v 111.075943 7.120537 15.077063
v 111.095345 7.093430 15.134381
v 111.082466 7.088424 15.139066
v 111.073769 7.092635 15.120026
v 111.086884 7.097733 15.115255
v 111.070496 7.093430 15.145737
v 111.061577 7.097733 15.126819
v 111.067047 7.106779 15.150512
v 111.058060 7.111326 15.131682
v 111.072914 7.120127 15.151030
v 111.064041 7.124919 15.132211
v 111.085793 7.125133 15.146345
v 111.077156 7.130017 15.127439
v 111.097763 7.120127 15.139675
v 111.089348 7.124920 15.120647
v 111.101219 7.106779 15.134899
v 111.092865 7.111326 15.115784
v 111.112068 7.084929 15.172171
v 111.099655 7.080105 15.176685
v 111.091095 7.084248 15.157950
v 111.103737 7.089163 15.153351
v 111.088112 7.084930 15.183113
v 111.079338 7.089163 15.164498
v 111.084793 7.097793 15.187716
v 111.075951 7.102268 15.169188
v 111.090446 7.110658 15.188215
v 111.081718 7.115374 15.169697
v 111.102859 7.115481 15.183701
v 111.094360 7.120288 15.165097
v 111.114395 7.110657 15.177273
v 111.106117 7.115373 15.158548
v 111.117722 7.097794 15.172670
v 111.109505 7.102267 15.153860
v 111.128525 7.076560 15.209375
v 111.116577 7.071915 15.213722
v 111.108147 7.075994 15.195274
v 111.120331 7.080729 15.190844
v 111.105461 7.076560 15.219912
v 111.096825 7.080729 15.201582
v 111.102264 7.088946 15.224344
v 111.093559 7.093352 15.206099
v 111.107712 7.101334 15.224825
v 111.099113 7.105977 15.206589
v 111.119659 7.105978 15.220478
v 111.111290 7.110711 15.202159
v 111.130768 7.101334 15.214288
v 111.122612 7.105978 15.195850
v 111.133972 7.088947 15.209856
v 111.125877 7.093353 15.191334
v 111.144745 7.068314 15.246032
v 111.133247 7.063846 15.250214
v 111.124939 7.067866 15.232036
v 111.136665 7.072422 15.227770
v 111.122559 7.068315 15.256168
v 111.114044 7.072422 15.238106
v 111.119476 7.080231 15.260431
v 111.110901 7.084573 15.242453
v 111.124718 7.092146 15.260894
v 111.116241 7.096723 15.242925
v 111.136215 7.096616 15.256712
v 111.127968 7.101279 15.238661
v 111.146904 7.092146 15.250757
v 111.138863 7.096723 15.232590
v 111.149986 7.080231 15.246494
v 111.142006 7.084572 15.228242
v 111.160728 7.060184 15.282169
v 111.149681 7.055890 15.286189
v 111.141495 7.059855 15.268264
v 111.152763 7.064236 15.264164
v 111.139412 7.060185 15.291912
v 111.131012 7.064236 15.274102
v 111.136444 7.071638 15.296010
v 111.127991 7.075920 15.278282
v 111.141487 7.083091 15.296454
v 111.133125 7.087603 15.278736
v 111.152534 7.087386 15.292435
v 111.144402 7.091985 15.274635
v 111.162804 7.083091 15.286713
v 111.154884 7.087603 15.268797
v 111.165771 7.071638 15.282615
v 111.157906 7.075920 15.264617
v 111.176506 7.052165 15.317820
v 111.165894 7.048042 15.321678
v 111.157814 7.051954 15.303993
v 111.168648 7.056163 15.300055
v 111.156029 7.052166 15.327172
v 111.147751 7.056162 15.309601
v 111.153191 7.063162 15.331106
v 111.144844 7.067386 15.313616
v 111.158020 7.074157 15.331533
v 111.149780 7.078609 15.314052
v 111.168633 7.078280 15.327675
v 111.160614 7.082818 15.310113
v 111.178497 7.074157 15.322180
v 111.170677 7.078609 15.304504
v 111.181335 7.063162 15.318247
v 111.173576 7.067385 15.300489
v 111.192070 7.044251 15.353004
v 111.181900 7.040297 15.356706
v 111.173920 7.044157 15.339248
v 111.184311 7.048195 15.335468
v 111.172440 7.044251 15.361974
v 111.164261 7.048196 15.344629
v 111.169716 7.054795 15.365747
v 111.161476 7.058964 15.348482
v 111.174347 7.065339 15.366156
v 111.166214 7.069735 15.348900
v 111.184525 7.069293 15.362455
v 111.176605 7.073773 15.345120
v 111.193985 7.065339 15.357186
v 111.186264 7.069734 15.339740
v 111.196709 7.054795 15.353415
v 111.189049 7.058965 15.335886
v 111.207443 7.036435 15.387752
v 111.197701 7.032647 15.391296
v 111.189819 7.036461 15.374054
v 111.199783 7.040331 15.370432
v 111.188644 7.036434 15.396341
v 111.180565 7.040330 15.379210
v 111.186028 7.046533 15.399955
v 111.177895 7.050652 15.382904
v 111.190468 7.056632 15.400347
v 111.182434 7.060972 15.383305
v 111.200218 7.060418 15.396802
v 111.192390 7.064841 15.379683
v 111.209274 7.056632 15.391757
v 111.201653 7.060972 15.374525
v 111.211884 7.046533 15.388144
v 111.204315 7.050651 15.370833
v 111.205170 7.029613 15.407656
v 111.214233 7.033217 15.404147
v 111.196587 7.033217 15.412210
v 111.194214 7.042652 15.415787
v 111.198303 7.052175 15.415969
v 111.207535 7.055689 15.412827
v 111.215950 7.052176 15.407906
v 111.218491 7.042652 15.404696
v 108.928230 5.998774 12.024109
v 108.974144 5.981390 12.018778
v 108.988747 5.992772 12.087939
v 108.941727 6.011170 12.092508
v 109.018829 5.998340 12.006789
v 109.034561 6.010613 12.076277
v 109.034157 6.043733 11.994905
v 109.048241 6.058410 12.062440
v 109.015526 6.089454 11.989387
v 109.028244 6.105783 12.054802
v 108.969635 6.107273 11.994366
v 108.981781 6.125439 12.057985
v 108.924980 6.090760 12.006004
v 108.935783 6.110572 12.069859
v 108.909622 6.044930 12.018238
v 108.921654 6.060545 12.084383
v 108.903740 5.973891 11.893492
v 108.948624 5.957278 11.887982
v 108.961235 5.969177 11.952652
v 108.915840 5.986030 11.958187
v 108.992287 5.973891 11.876225
v 109.005409 5.985976 11.940763
v 109.007263 6.018193 11.864657
v 109.020561 6.030797 11.929056
v 108.989037 6.062495 11.859564
v 109.002121 6.075661 11.923866
v 108.944160 6.079109 11.865074
v 108.956726 6.092567 11.929358
v 108.900490 6.062495 11.876832
v 108.912560 6.075824 11.941202
v 108.885513 6.018194 11.888400
v 108.897408 6.030948 11.952953
v 108.880180 5.950342 11.767342
v 108.924049 5.934105 11.761956
v 108.936241 5.945601 11.824478
v 108.891869 5.962026 11.829926
v 108.966728 5.950342 11.750463
v 108.979408 5.962025 11.812855
v 108.981369 5.993646 11.739157
v 108.994217 6.005823 11.801418
v 108.963554 6.036947 11.734179
v 108.976196 6.049622 11.796384
v 108.919678 6.053185 11.739565
v 108.931824 6.066047 11.801831
v 108.876999 6.036948 11.751058
v 108.888657 6.049623 11.813456
v 108.862366 5.993646 11.762364
v 108.873848 6.005824 11.824891
v 108.857246 5.927425 11.644570
v 108.900131 5.911551 11.639306
v 108.912018 5.922762 11.700266
v 108.868645 5.938815 11.705591
v 108.941849 5.927425 11.628073
v 108.954216 5.938816 11.688904
v 108.956161 5.969755 11.617020
v 108.968689 5.981629 11.677725
v 108.938744 6.012084 11.612153
v 108.951073 6.024441 11.672803
v 108.895859 6.027959 11.617418
v 108.907700 6.040496 11.678128
v 108.854141 6.012084 11.628652
v 108.865501 6.024441 11.689490
v 108.839828 5.969754 11.639705
v 108.851028 5.981628 11.700670
v 108.834801 5.904994 11.524401
v 108.876717 5.889479 11.519255
v 108.888367 5.900461 11.578991
v 108.845970 5.916156 11.584195
v 108.917503 5.904994 11.508274
v 108.929619 5.916156 11.567883
v 108.931488 5.946372 11.497469
v 108.943764 5.958007 11.556955
v 108.914467 5.987748 11.492713
v 108.926544 5.999858 11.552145
v 108.872543 6.003264 11.497860
v 108.884148 6.015552 11.557350
v 108.831764 5.987748 11.508841
v 108.842896 5.999858 11.568457
v 108.817780 5.946372 11.519645
v 108.828751 5.958006 11.579385
v 108.812744 5.882957 11.406342
v 108.853722 5.867790 11.401312
v 108.865173 5.878590 11.460043
v 108.823730 5.893930 11.465131
v 108.893578 5.882957 11.390578
v 108.905487 5.893930 11.449186
v 108.907249 5.923398 11.380018
v 108.919319 5.934838 11.438505
v 108.890610 5.963840 11.375370
v 108.902489 5.975745 11.433802
v 108.849640 5.979006 11.380400
v 108.861046 5.991086 11.438890
v 108.809784 5.963840 11.391133
v 108.820732 5.975745 11.449747
v 108.796112 5.923398 11.401692
v 108.806900 5.934838 11.460428
v 108.791023 5.861250 11.290054
v 108.831062 5.846429 11.285139
v 108.842354 5.857073 11.343021
v 108.801849 5.872065 11.347993
v 108.870018 5.861249 11.274650
v 108.881752 5.872065 11.332411
v 108.883377 5.900770 11.264332
v 108.895271 5.912045 11.321972
v 108.867119 5.940289 11.259788
v 108.878822 5.952024 11.317375
v 108.827080 5.955111 11.264704
v 108.838318 5.967015 11.322349
v 108.788132 5.940289 11.275191
v 108.798920 5.952024 11.332958
v 108.774765 5.900770 11.285511
v 108.785400 5.912045 11.343397
v 108.769608 5.839845 11.175375
v 108.808769 5.825426 11.170843
v 108.819855 5.835866 11.227680
v 108.780273 5.850508 11.232506
v 108.846840 5.839920 11.160673
v 108.858360 5.850517 11.217322
v 108.859856 5.878489 11.150398
v 108.871567 5.889575 11.207098
v 108.843918 5.917030 11.145637
v 108.855484 5.928630 11.202567
v 108.804749 5.931451 11.150169
v 108.815903 5.943273 11.207392
v 108.766678 5.916955 11.160340
v 108.777397 5.928622 11.217750
v 108.753662 5.878386 11.170614
v 108.764198 5.889563 11.227974
v 108.749084 5.815680 11.055729
v 108.787193 5.802029 11.052660
v 108.797852 5.814774 11.113953
v 108.759087 5.828883 11.117854
v 108.824081 5.816131 11.043195
v 108.835457 5.829118 11.104074
v 108.836510 5.853222 11.032318
v 108.848236 5.867101 11.093523
v 108.820816 5.890144 11.026143
v 108.832382 5.904996 11.088140
v 108.782707 5.903795 11.029212
v 108.793617 5.919105 11.092042
v 108.745819 5.889692 11.038677
v 108.756004 5.904760 11.101919
v 108.733391 5.852602 11.049553
v 108.743225 5.866777 11.112471
v 108.732117 5.781594 10.919132
v 108.767807 5.769193 10.917519
v 108.776993 5.785921 10.984411
v 108.739998 5.798950 10.986650
v 108.802216 5.782418 10.909056
v 108.812714 5.799619 10.975461
v 108.813652 5.816743 10.898035
v 108.824661 5.835382 10.964415
v 108.798805 5.850757 10.890791
v 108.809334 5.870893 10.957561
v 108.763107 5.863160 10.892405
v 108.772339 5.883921 10.959799
v 108.728699 5.849935 10.900867
v 108.736618 5.870224 10.968750
v 108.717262 5.815610 10.911889
v 108.724678 5.834460 10.979797
v 108.719917 5.753889 10.812404
v 108.753403 5.742330 10.811143
v 108.760078 5.754771 10.860409
v 108.725555 5.766697 10.861742
v 108.785667 5.754744 10.803282
v 108.793335 5.767569 10.852296
v 108.796364 5.786871 10.792771
v 108.804367 5.800693 10.841484
v 108.782394 5.818677 10.785681
v 108.789970 5.833491 10.834215
v 108.748909 5.830236 10.786942
v 108.755447 5.845416 10.835548
v 108.716644 5.817821 10.794802
v 108.722191 5.832620 10.843661
v 108.705948 5.785695 10.805313
v 108.711166 5.799496 10.854473
v 108.709839 5.731019 10.724303
v 108.741486 5.720098 10.723112
v 108.747269 5.730885 10.765825
v 108.714729 5.742116 10.767049
v 108.771973 5.731827 10.715685
v 108.778618 5.742946 10.758187
v 108.782074 5.762183 10.705753
v 108.789009 5.774162 10.747974
v 108.768875 5.792233 10.699055
v 108.775436 5.805063 10.741085
v 108.737236 5.803156 10.700245
v 108.742897 5.816295 10.742310
v 108.706749 5.791425 10.707672
v 108.711548 5.804233 10.749948
v 108.696648 5.761071 10.717604
v 108.701157 5.773019 10.760160
v 108.700699 5.710267 10.644363
v 108.730667 5.699923 10.643236
v 108.735970 5.709808 10.682372
v 108.705177 5.720435 10.683530
v 108.759537 5.711032 10.636202
v 108.765633 5.721221 10.675145
v 108.769104 5.739779 10.626797
v 108.775459 5.750755 10.665482
v 108.756607 5.768239 10.620452
v 108.762619 5.779996 10.658963
v 108.726639 5.778584 10.621579
v 108.731827 5.790623 10.660122
v 108.697769 5.767474 10.628613
v 108.702171 5.779209 10.667349
v 108.688202 5.738728 10.638020
v 108.692337 5.749675 10.677011
v 108.692177 5.690919 10.569831
v 108.720581 5.681115 10.568762
v 108.725548 5.690374 10.605429
v 108.696373 5.700444 10.606525
v 108.747948 5.691644 10.562095
v 108.753654 5.701190 10.598580
v 108.757019 5.718893 10.553180
v 108.762970 5.729176 10.589423
v 108.745171 5.745869 10.547166
v 108.750801 5.756883 10.583247
v 108.716766 5.755673 10.548234
v 108.721626 5.766953 10.584345
v 108.689400 5.745142 10.554901
v 108.693520 5.756138 10.591192
v 108.680328 5.717896 10.563816
v 108.684204 5.728151 10.600349
v 108.684113 5.672608 10.499296
v 108.711037 5.663314 10.498282
v 108.715752 5.672104 10.533085
v 108.688095 5.681650 10.534124
v 108.736977 5.673297 10.491963
v 108.742393 5.682357 10.526593
v 108.745575 5.699126 10.483512
v 108.751228 5.708886 10.517914
v 108.734344 5.724698 10.477811
v 108.739693 5.735152 10.512058
v 108.707420 5.733993 10.478825
v 108.712036 5.744697 10.513098
v 108.681480 5.724010 10.485145
v 108.685394 5.734446 10.519588
v 108.672882 5.698179 10.493594
v 108.676559 5.707915 10.528270
v 108.676407 5.655114 10.431902
v 108.701920 5.646307 10.430943
v 108.706429 5.654722 10.464261
v 108.680214 5.663769 10.465246
v 108.726501 5.655766 10.424955
v 108.731682 5.664438 10.458108
v 108.734642 5.680240 10.416947
v 108.740051 5.689585 10.449881
v 108.724007 5.704471 10.411545
v 108.729126 5.714478 10.444331
v 108.698494 5.713276 10.412505
v 108.702911 5.723525 10.445317
v 108.673912 5.703818 10.418493
v 108.677658 5.713809 10.451471
v 108.665764 5.679343 10.426500
v 108.669289 5.688664 10.459698
v 108.668991 5.638286 10.367081
v 108.693146 5.629949 10.366171
v 108.697495 5.638054 10.398264
v 108.672668 5.646624 10.399198
v 108.716415 5.638903 10.360500
v 108.721413 5.647257 10.392437
v 108.724129 5.662074 10.352921
v 108.729340 5.671074 10.384644
v 108.714058 5.685014 10.347806
v 108.718987 5.694654 10.379387
v 108.689903 5.693351 10.348715
v 108.694160 5.703222 10.380322
v 108.666634 5.684396 10.354383
v 108.670235 5.694020 10.386149
v 108.658920 5.661226 10.361965
v 108.662308 5.670203 10.393942
v 108.661827 5.622019 10.304417
v 108.684669 5.614135 10.303556
v 108.688873 5.621978 10.334615
v 108.665382 5.630088 10.335499
v 108.706673 5.622602 10.298196
v 108.711510 5.630687 10.329100
v 108.713966 5.644514 10.291027
v 108.719009 5.653223 10.321727
v 108.704445 5.666205 10.286190
v 108.709213 5.675535 10.316753
v 108.681602 5.674090 10.287050
v 108.685715 5.683642 10.317638
v 108.659592 5.665622 10.292412
v 108.663086 5.674934 10.323151
v 108.652298 5.643711 10.299582
v 108.655586 5.652398 10.330524
v 108.654877 5.606234 10.243610
v 108.676437 5.598790 10.242800
v 108.680527 5.606407 10.272962
v 108.658325 5.614071 10.273798
v 108.697220 5.606784 10.237737
v 108.701912 5.614637 10.267752
v 108.704102 5.627474 10.230968
v 108.709000 5.635932 10.260784
v 108.695114 5.647955 10.226402
v 108.699745 5.657015 10.256084
v 108.673546 5.655398 10.227213
v 108.677544 5.664678 10.256919
v 108.652763 5.647404 10.232276
v 108.656158 5.656448 10.262130
v 108.645882 5.626716 10.239044
v 108.649071 5.635153 10.269098
v 108.648102 5.590870 10.184425
v 108.668434 5.583855 10.183661
v 108.672409 5.591274 10.213040
v 108.651466 5.598502 10.213828
v 108.688011 5.591390 10.178890
v 108.692589 5.599037 10.208124
v 108.694504 5.610887 10.172510
v 108.699272 5.619127 10.201551
v 108.686028 5.630190 10.168207
v 108.690536 5.639015 10.197118
v 108.665703 5.637207 10.168972
v 108.669594 5.646244 10.197905
v 108.646118 5.629672 10.173742
v 108.649422 5.638481 10.202822
v 108.639633 5.610173 10.180122
v 108.642731 5.618391 10.209394
v 108.641502 5.575878 10.126676
v 108.660622 5.569281 10.125956
v 108.664505 5.576526 10.154639
v 108.644783 5.583330 10.155381
v 108.679031 5.576366 10.121469
v 108.683495 5.583835 10.150011
v 108.685135 5.594703 10.115471
v 108.689789 5.602748 10.143824
v 108.677162 5.612858 10.111423
v 108.681572 5.621473 10.139648
v 108.658051 5.619455 10.112143
v 108.661850 5.628280 10.140390
v 108.639633 5.612368 10.116630
v 108.642860 5.620969 10.145018
v 108.633530 5.594032 10.122629
v 108.636559 5.602056 10.151207
v 108.656921 5.563477 10.098776
v 108.639175 5.569708 10.099746
v 108.674103 5.570164 10.094900
v 108.679749 5.587145 10.089014
v 108.672363 5.604126 10.085551
v 108.654533 5.610186 10.085917
v 108.637436 5.603671 10.090396
v 108.631706 5.586518 10.095677
v 112.654465 5.866192 13.403619
v 112.645493 5.858705 13.420916
v 112.622505 5.858861 13.408645
v 112.630753 5.866250 13.390940
v 112.636116 5.865812 13.438178
v 112.612640 5.865907 13.425676
v 112.632149 5.885202 13.444609
v 112.607094 5.885089 13.431295
v 112.635063 5.904735 13.438080
v 112.608337 5.904401 13.423885
v 112.644035 5.912223 13.420782
v 112.616592 5.911789 13.406180
v 112.653404 5.905116 13.403521
v 112.626457 5.904744 13.389148
v 112.657372 5.885724 13.397089
v 112.632004 5.885561 13.383530
v 112.704193 5.865017 13.430231
v 112.694878 5.857484 13.447349
v 112.669792 5.858043 13.433928
v 112.679062 5.865570 13.416788
v 112.685730 5.864621 13.464727
v 112.660614 5.865177 13.451292
v 112.682503 5.884108 13.471546
v 112.657295 5.884650 13.458061
v 112.686195 5.903741 13.465426
v 112.660896 5.904272 13.451891
v 112.695518 5.911274 13.448310
v 112.670174 5.911799 13.434752
v 112.704659 5.904137 13.430930
v 112.679344 5.904666 13.417387
v 112.707886 5.884651 13.424113
v 112.682663 5.885192 13.410618
v 112.754623 5.863933 13.457212
v 112.745308 5.856400 13.474330
v 112.720093 5.856942 13.460839
v 112.729408 5.864475 13.443722
v 112.736160 5.863537 13.491709
v 112.710945 5.864079 13.478218
v 112.732933 5.883022 13.498526
v 112.707718 5.883565 13.485036
v 112.736633 5.902658 13.492407
v 112.711418 5.903199 13.478917
v 112.745949 5.910191 13.475290
v 112.720734 5.910732 13.461800
v 112.755096 5.903053 13.457911
v 112.729881 5.903594 13.444421
v 112.758324 5.883567 13.451094
v 112.733109 5.884109 13.437603
v 112.805061 5.862849 13.484192
v 112.795738 5.855316 13.501309
v 112.770523 5.855858 13.487820
v 112.779846 5.863391 13.470702
v 112.786598 5.862453 13.518688
v 112.761383 5.862995 13.505199
v 112.783371 5.881938 13.525506
v 112.758148 5.882481 13.512016
v 112.787064 5.901573 13.519388
v 112.761848 5.902115 13.505898
v 112.796379 5.909105 13.502271
v 112.771164 5.909648 13.488780
v 112.805527 5.901968 13.484891
v 112.780312 5.902511 13.471401
v 112.808754 5.882483 13.478073
v 112.783539 5.883025 13.464583
v 112.855492 5.861765 13.511172
v 112.846176 5.854232 13.528290
v 112.820953 5.854774 13.514800
v 112.830276 5.862307 13.497683
v 112.837029 5.861369 13.545669
v 112.811813 5.861911 13.532179
v 112.833801 5.880855 13.552486
v 112.808586 5.881396 13.538996
v 112.837494 5.900488 13.546368
v 112.812279 5.901031 13.532877
v 112.846817 5.908021 13.529250
v 112.821602 5.908563 13.515760
v 112.855957 5.900884 13.511871
v 112.830742 5.901427 13.498382
v 112.859184 5.881399 13.505054
v 112.833969 5.881941 13.491564
v 112.905922 5.860680 13.538153
v 112.896606 5.853147 13.555270
v 112.871391 5.853689 13.541780
v 112.880707 5.861222 13.524664
v 112.887459 5.860284 13.572650
v 112.862244 5.860826 13.559159
v 112.884232 5.879770 13.579467
v 112.859016 5.880312 13.565977
v 112.887932 5.899405 13.573348
v 112.862709 5.899945 13.559858
v 112.897247 5.906938 13.556231
v 112.872032 5.907479 13.542741
v 112.906395 5.899799 13.538852
v 112.881172 5.900343 13.525362
v 112.909622 5.880314 13.532034
v 112.884407 5.880857 13.518544
v 112.956360 5.859596 13.565134
v 112.947037 5.852064 13.582251
v 112.921822 5.852606 13.568760
v 112.931137 5.860137 13.551642
v 112.937897 5.859200 13.599629
v 112.912674 5.859742 13.586140
v 112.934662 5.878686 13.606447
v 112.909447 5.879228 13.592957
v 112.938362 5.898320 13.600328
v 112.913147 5.898862 13.586838
v 112.947678 5.905853 13.583211
v 112.922462 5.906395 13.569721
v 112.956825 5.898715 13.565832
v 112.931610 5.899258 13.552341
v 112.960052 5.879230 13.559014
v 112.934837 5.879772 13.545525
v 113.006790 5.858511 13.592113
v 112.997467 5.850978 13.609231
v 112.972252 5.851521 13.595741
v 112.981575 5.859054 13.578623
v 112.988327 5.858115 13.626610
v 112.963112 5.858658 13.613119
v 112.985100 5.877602 13.633428
v 112.959885 5.878144 13.619938
v 112.988792 5.897235 13.627308
v 112.963577 5.897778 13.613819
v 112.998116 5.904769 13.610191
v 112.972900 5.905311 13.596701
v 113.007256 5.897632 13.592813
v 112.982040 5.898173 13.579323
v 113.010483 5.878146 13.585995
v 112.985268 5.878689 13.572504
v 113.057220 5.857427 13.619093
v 113.047905 5.849895 13.636210
v 113.022690 5.850437 13.622721
v 113.032005 5.857970 13.605604
v 113.038757 5.857031 13.653590
v 113.013542 5.857574 13.640100
v 113.035530 5.876516 13.660408
v 113.010315 5.877059 13.646917
v 113.039223 5.896152 13.654289
v 113.014008 5.896694 13.640799
v 113.048546 5.903684 13.637171
v 113.023331 5.904226 13.623682
v 113.057686 5.896547 13.619793
v 113.032471 5.897089 13.606302
v 113.060921 5.877061 13.612974
v 113.035698 5.877604 13.599485
v 113.107658 5.856343 13.646074
v 113.098335 5.848810 13.663192
v 113.073120 5.849353 13.649701
v 113.082436 5.856885 13.632584
v 113.089188 5.855947 13.680571
v 113.063972 5.856489 13.667080
v 113.085960 5.875432 13.687388
v 113.060745 5.875976 13.673898
v 113.089661 5.895067 13.681270
v 113.064445 5.895609 13.667778
v 113.098976 5.902599 13.664152
v 113.073761 5.903142 13.650661
v 113.108124 5.895462 13.646773
v 113.082909 5.896005 13.633283
v 113.111351 5.875978 13.639956
v 113.086136 5.876519 13.626466
v 113.158089 5.855258 13.673055
v 113.148766 5.847725 13.690171
v 113.123550 5.848268 13.676682
v 113.132874 5.855801 13.659564
v 113.139626 5.854863 13.707551
v 113.114410 5.855404 13.694060
v 113.136398 5.874349 13.714368
v 113.111183 5.874891 13.700878
v 113.140091 5.893982 13.708249
v 113.114876 5.894524 13.694759
v 113.149414 5.901516 13.691132
v 113.124191 5.902058 13.677643
v 113.158554 5.894379 13.673753
v 113.133339 5.894920 13.660263
v 113.161781 5.874893 13.666936
v 113.136566 5.875435 13.653445
v 113.208519 5.854174 13.700035
v 113.199203 5.846642 13.717152
v 113.173988 5.847184 13.703662
v 113.183304 5.854716 13.686544
v 113.190056 5.853778 13.734530
v 113.164841 5.854321 13.721041
v 113.186829 5.873264 13.741348
v 113.161613 5.873806 13.727859
v 113.190521 5.892898 13.735229
v 113.165306 5.893440 13.721740
v 113.199844 5.900431 13.718113
v 113.174629 5.900973 13.704622
v 113.208984 5.893294 13.700733
v 113.183769 5.893836 13.687243
v 113.212212 5.873808 13.693916
v 113.186996 5.874351 13.680426
v 113.258949 5.853090 13.727015
v 113.249634 5.845556 13.744132
v 113.224419 5.846098 13.730641
v 113.233734 5.853632 13.713525
v 113.240486 5.852694 13.761512
v 113.215271 5.853236 13.748021
v 113.237259 5.872179 13.768329
v 113.212044 5.872722 13.754839
v 113.240959 5.891813 13.762210
v 113.215736 5.892356 13.748720
v 113.250275 5.899347 13.745093
v 113.225060 5.899889 13.731603
v 113.259422 5.892210 13.727714
v 113.234207 5.892751 13.714224
v 113.262650 5.872725 13.720896
v 113.237434 5.873265 13.707405
v 113.309387 5.852005 13.753995
v 113.300064 5.844473 13.771112
v 113.274849 5.845015 13.757622
v 113.284172 5.852548 13.740505
v 113.290924 5.851610 13.788491
v 113.265709 5.852152 13.775002
v 113.287697 5.871096 13.795309
v 113.262474 5.871637 13.781819
v 113.291389 5.890729 13.789190
v 113.266174 5.891272 13.775701
v 113.300705 5.898263 13.772073
v 113.275490 5.898804 13.758583
v 113.309853 5.891126 13.754694
v 113.284637 5.891667 13.741203
v 113.313080 5.871640 13.747876
v 113.287865 5.872181 13.734386
v 113.359818 5.850921 13.780975
v 113.350502 5.843389 13.798093
v 113.325279 5.843929 13.784602
v 113.334602 5.851464 13.767486
v 113.341354 5.850525 13.815472
v 113.316139 5.851068 13.801982
v 113.338127 5.870011 13.822289
v 113.312912 5.870553 13.808800
v 113.341820 5.889646 13.816171
v 113.316605 5.890188 13.802680
v 113.351143 5.897179 13.799054
v 113.325928 5.897720 13.785563
v 113.360283 5.890041 13.781674
v 113.335068 5.890584 13.768184
v 113.363510 5.870556 13.774857
v 113.338295 5.871098 13.761366
v 113.410248 5.849837 13.807956
v 113.400932 5.842304 13.825073
v 113.375717 5.842847 13.811583
v 113.385033 5.850379 13.794466
v 113.391785 5.849441 13.842452
v 113.366570 5.849983 13.828962
v 113.388557 5.868927 13.849270
v 113.363342 5.869469 13.835779
v 113.392258 5.888561 13.843151
v 113.367035 5.889103 13.829660
v 113.401573 5.896094 13.826034
v 113.376358 5.896635 13.812544
v 113.410721 5.888957 13.808654
v 113.385498 5.889500 13.795164
v 113.413948 5.869471 13.801837
v 113.388733 5.870013 13.788347
v 113.460686 5.848753 13.834936
v 113.451363 5.841220 13.852054
v 113.426147 5.841762 13.838563
v 113.435463 5.849295 13.821445
v 113.442223 5.848357 13.869432
v 113.417000 5.848899 13.855942
v 113.438988 5.867843 13.876250
v 113.413773 5.868384 13.862761
v 113.442688 5.887476 13.870131
v 113.417473 5.888019 13.856641
v 113.452003 5.895010 13.853014
v 113.426788 5.895552 13.839523
v 113.461151 5.887873 13.835635
v 113.435936 5.888415 13.822145
v 113.464378 5.868387 13.828817
v 113.439163 5.868929 13.815327
v 113.511116 5.847668 13.861916
v 113.501793 5.840136 13.879034
v 113.476578 5.840678 13.865543
v 113.485901 5.848210 13.848426
v 113.492653 5.847272 13.896413
v 113.467438 5.847815 13.882922
v 113.489426 5.866758 13.903230
v 113.464211 5.867301 13.889740
v 113.493118 5.886392 13.897111
v 113.467903 5.886934 13.883621
v 113.502441 5.893925 13.879994
v 113.477219 5.894467 13.866505
v 113.511581 5.886788 13.862615
v 113.486366 5.887330 13.849125
v 113.514809 5.867303 13.855797
v 113.489594 5.867844 13.842308
v 113.561546 5.846584 13.888897
v 113.552231 5.839052 13.906013
v 113.527016 5.839593 13.892524
v 113.536331 5.847127 13.875406
v 113.543083 5.846189 13.923393
v 113.517868 5.846730 13.909903
v 113.539856 5.865674 13.930210
v 113.514641 5.866217 13.916719
v 113.543549 5.885309 13.924091
v 113.518333 5.885850 13.910601
v 113.552872 5.892841 13.906974
v 113.527657 5.893383 13.893484
v 113.562012 5.885704 13.889595
v 113.536797 5.886247 13.876105
v 113.565247 5.866219 13.882778
v 113.540024 5.866760 13.869287
v 113.611984 5.845500 13.915876
v 113.602661 5.837967 13.932994
v 113.577446 5.838509 13.919504
v 113.586761 5.846042 13.902387
v 113.593513 5.845104 13.950374
v 113.568298 5.845647 13.936883
v 113.590286 5.864590 13.957191
v 113.565071 5.865132 13.943700
v 113.593987 5.884224 13.951073
v 113.568771 5.884767 13.937582
v 113.603302 5.891757 13.933954
v 113.578087 5.892299 13.920465
v 113.612450 5.884620 13.916575
v 113.587234 5.885162 13.903086
v 113.615677 5.865134 13.909758
v 113.590462 5.865676 13.896268
v 113.626572 5.838585 13.945796
v 113.635216 5.845821 13.929267
v 113.617546 5.845442 13.962286
v 113.614716 5.864087 13.968975
v 113.617989 5.882887 13.962955
v 113.627182 5.890111 13.946717
v 113.635666 5.883265 13.929935
v 113.639038 5.864609 13.923538
v 111.865334 5.457475 12.694630
v 111.895721 5.445394 12.720180
v 111.850487 5.404262 12.755031
v 111.818947 5.415979 12.729380
v 111.913292 5.457475 12.755783
v 111.869133 5.416386 12.792047
v 111.905190 5.489694 12.780655
v 111.862152 5.450721 12.818169
v 111.879105 5.521914 12.782595
v 111.834656 5.483237 12.824169
v 111.848717 5.533996 12.757046
v 111.803528 5.496546 12.795391
v 111.831146 5.521914 12.721441
v 111.782608 5.482436 12.758680
v 111.839249 5.489695 12.696569
v 111.791489 5.448501 12.731962
v 111.947014 5.528495 12.632512
v 111.976204 5.516888 12.657059
v 111.937271 5.482302 12.687593
v 111.907501 5.494140 12.662561
v 111.993088 5.528496 12.691264
v 111.954491 5.494140 12.722476
v 111.985306 5.559449 12.715159
v 111.946548 5.525705 12.746843
v 111.960243 5.590403 12.717022
v 111.920990 5.557272 12.748743
v 111.931046 5.602011 12.692476
v 111.891220 5.569109 12.723711
v 111.914169 5.590403 12.658272
v 111.874008 5.557271 12.688829
v 111.921951 5.559450 12.634377
v 111.881943 5.525705 12.664462
v 112.020424 5.592332 12.576679
v 112.048553 5.581151 12.600323
v 112.013176 5.549727 12.628066
v 111.984528 5.561117 12.603981
v 112.064812 5.592332 12.633272
v 112.029739 5.561117 12.661630
v 112.057312 5.622148 12.656287
v 112.022102 5.591489 12.685075
v 112.033173 5.651965 12.658083
v 111.997513 5.621862 12.686904
v 112.005051 5.663145 12.634439
v 111.968864 5.633251 12.662819
v 111.988792 5.651965 12.601491
v 111.952301 5.621862 12.629255
v 111.996284 5.622149 12.578473
v 111.959938 5.591489 12.605809
v 112.088417 5.651451 12.524971
v 112.115547 5.640666 12.547780
v 112.082611 5.611408 12.573610
v 112.054993 5.622389 12.550390
v 112.131233 5.651450 12.579564
v 112.098579 5.622389 12.605967
v 112.124001 5.680214 12.601768
v 112.091217 5.651669 12.628570
v 112.100716 5.708977 12.603499
v 112.067513 5.680950 12.630333
v 112.073586 5.719762 12.580690
v 112.039894 5.691929 12.607113
v 112.057899 5.708976 12.548906
v 112.023926 5.680949 12.574757
v 112.065132 5.680214 12.526703
v 112.031288 5.651669 12.552153
v 112.152420 5.707103 12.476295
v 112.178619 5.696690 12.498318
v 112.147514 5.669058 12.522711
v 112.120857 5.679656 12.500301
v 112.193764 5.707104 12.529005
v 112.162926 5.679656 12.553940
v 112.186775 5.734875 12.550444
v 112.155815 5.707916 12.575756
v 112.164291 5.762646 12.552115
v 112.132935 5.736176 12.577457
v 112.138100 5.773059 12.530093
v 112.106285 5.746774 12.555048
v 112.122955 5.762646 12.499405
v 112.090874 5.736176 12.523818
v 112.129936 5.734875 12.477966
v 112.097977 5.707916 12.502003
v 112.213310 5.760046 12.429990
v 112.238617 5.749987 12.451263
v 112.208961 5.723644 12.474521
v 112.183212 5.733879 12.452877
v 112.253242 5.760047 12.480909
v 112.223846 5.733878 12.504682
v 112.246498 5.786874 12.501619
v 112.216980 5.761173 12.525751
v 112.224777 5.813702 12.503234
v 112.194885 5.788466 12.527394
v 112.199471 5.823762 12.481960
v 112.169136 5.798701 12.505751
v 112.184845 5.813702 12.452314
v 112.154259 5.788466 12.475590
v 112.191589 5.786875 12.431604
v 112.161118 5.761172 12.454520
v 112.271660 5.810782 12.385615
v 112.296112 5.801062 12.406172
v 112.267647 5.775776 12.428493
v 112.242775 5.785666 12.407582
v 112.310249 5.810782 12.434818
v 112.282028 5.785666 12.457635
v 112.303726 5.836706 12.454830
v 112.275398 5.812037 12.477993
v 112.282738 5.862628 12.456390
v 112.254044 5.838407 12.479580
v 112.258293 5.872350 12.435833
v 112.229172 5.848297 12.458669
v 112.244156 5.862629 12.407187
v 112.214790 5.838408 12.429527
v 112.250671 5.836706 12.387175
v 112.221420 5.812037 12.409170
v 112.327881 5.859668 12.342857
v 112.351509 5.850274 12.362723
v 112.324051 5.825882 12.384258
v 112.300018 5.835439 12.364050
v 112.365173 5.859669 12.390408
v 112.337952 5.835440 12.412418
v 112.358871 5.884720 12.409746
v 112.331543 5.860922 12.432092
v 112.338593 5.909772 12.411255
v 112.310913 5.886406 12.433626
v 112.314964 5.919167 12.391389
v 112.286873 5.895963 12.413418
v 112.301300 5.909773 12.363705
v 112.272972 5.886406 12.385256
v 112.307602 5.884720 12.344366
v 112.279381 5.860922 12.365584
v 112.382278 5.906969 12.301486
v 112.405113 5.897891 12.320684
v 112.378525 5.874269 12.341539
v 112.355293 5.883503 12.322011
v 112.418320 5.906970 12.347436
v 112.391953 5.883502 12.368754
v 112.412231 5.931179 12.366124
v 112.385757 5.908130 12.387766
v 112.392632 5.955387 12.367582
v 112.365822 5.932757 12.389248
v 112.369797 5.964465 12.348385
v 112.342590 5.941992 12.369720
v 112.356590 5.955387 12.321632
v 112.329163 5.932757 12.342505
v 112.362679 5.931178 12.302943
v 112.335358 5.908131 12.323493
v 112.435097 5.952890 12.261322
v 112.457153 5.944119 12.279871
v 112.431320 5.921168 12.300133
v 112.408875 5.930092 12.281262
v 112.469910 5.952890 12.305718
v 112.444298 5.930092 12.326430
v 112.464027 5.976282 12.323775
v 112.438316 5.953889 12.344801
v 112.445091 5.999672 12.325184
v 112.419044 5.977686 12.346233
v 112.423027 6.008445 12.306634
v 112.396599 5.986610 12.327363
v 112.410271 5.999672 12.280787
v 112.383621 5.977686 12.301065
v 112.416153 5.976281 12.262730
v 112.389603 5.953889 12.282695
v 112.486504 5.997594 12.222223
v 112.507820 5.989121 12.240139
v 112.482651 5.966764 12.259877
v 112.460968 5.975387 12.241647
v 112.520142 5.997594 12.265107
v 112.495186 5.975386 12.285282
v 112.514458 6.020187 12.282549
v 112.489403 5.998375 12.303030
v 112.496162 6.042782 12.283909
v 112.470795 6.021365 12.304415
v 112.474854 6.051254 12.265993
v 112.449104 6.029986 12.286182
v 112.462532 6.042782 12.241024
v 112.436569 6.021365 12.260777
v 112.468216 6.020188 12.223583
v 112.442352 5.998375 12.243031
v 112.536667 6.041209 12.184074
v 112.557243 6.033029 12.201376
v 112.532677 6.011204 12.220643
v 112.511734 6.019531 12.203036
v 112.569145 6.041209 12.225484
v 112.544785 6.019529 12.245178
v 112.563660 6.063026 12.242326
v 112.539200 6.041734 12.262319
v 112.545990 6.084844 12.243639
v 112.521225 6.063936 12.263656
v 112.525414 6.093025 12.226339
v 112.500282 6.072264 12.246048
v 112.513519 6.084844 12.202229
v 112.488174 6.063937 12.221513
v 112.519005 6.063026 12.185388
v 112.493759 6.041734 12.204372
v 112.585701 6.083845 12.146783
v 112.605560 6.075950 12.163481
v 112.581535 6.054606 12.182324
v 112.561317 6.062644 12.165327
v 112.617043 6.083846 12.186750
v 112.593224 6.062645 12.206011
v 112.611755 6.104903 12.203006
v 112.587837 6.084080 12.222559
v 112.594704 6.125960 12.204273
v 112.570480 6.105515 12.223848
v 112.574844 6.133857 12.187575
v 112.550262 6.113552 12.206851
v 112.563354 6.125960 12.164307
v 112.538574 6.105514 12.183165
v 112.568649 6.104903 12.148051
v 112.543961 6.084079 12.166617
v 112.633713 6.125592 12.110271
v 112.652870 6.117975 12.126378
v 112.629341 6.097069 12.144835
v 112.609833 6.104826 12.128433
v 112.663948 6.125592 12.148825
v 112.640617 6.104826 12.167691
v 112.658844 6.145905 12.164507
v 112.635414 6.125508 12.183659
v 112.642395 6.166219 12.165730
v 112.618668 6.146193 12.184903
v 112.623238 6.173837 12.149621
v 112.599159 6.153948 12.168502
v 112.612160 6.166219 12.127174
v 112.587883 6.146192 12.145645
v 112.617264 6.145906 12.111493
v 112.593086 6.125509 12.129679
v 112.680786 6.166526 12.074469
v 112.699265 6.159184 12.089997
v 112.676178 6.138677 12.108101
v 112.657364 6.146157 12.092283
v 112.709938 6.166527 12.111638
v 112.687057 6.146157 12.130143
v 112.705017 6.186110 12.126757
v 112.682037 6.166103 12.145541
v 112.689163 6.205694 12.127935
v 112.665894 6.186050 12.146742
v 112.670692 6.213037 12.112406
v 112.647072 6.193530 12.130924
v 112.660011 6.205694 12.090765
v 112.636200 6.186050 12.108883
v 112.664932 6.186110 12.075646
v 112.641212 6.166103 12.093485
v 112.727005 6.206713 12.039320
v 112.744804 6.199637 12.054281
v 112.722137 6.179501 12.072060
v 112.704002 6.186709 12.056815
v 112.755089 6.206713 12.075130
v 112.732620 6.186709 12.093303
v 112.750351 6.225580 12.089696
v 112.727783 6.205934 12.108143
v 112.735069 6.244448 12.090832
v 112.712219 6.225158 12.109301
v 112.717278 6.251523 12.075871
v 112.694084 6.232367 12.094056
v 112.706985 6.244448 12.055021
v 112.683601 6.225157 12.072812
v 112.711731 6.225581 12.040455
v 112.688438 6.205934 12.057972
v 112.772430 6.246208 12.004776
v 112.789558 6.239397 12.019179
v 112.767273 6.219600 12.036656
v 112.749809 6.226544 12.021976
v 112.799469 6.246208 12.039251
v 112.777374 6.226544 12.057116
v 112.794899 6.264372 12.053273
v 112.772720 6.245057 12.071407
v 112.780190 6.282536 12.054365
v 112.757729 6.263573 12.072523
v 112.763062 6.289347 12.039963
v 112.740265 6.270514 12.057840
v 112.753159 6.282536 12.019891
v 112.730171 6.263572 12.037382
v 112.757721 6.264372 12.005869
v 112.734825 6.245057 12.023089
v 112.817116 6.285062 11.970793
v 112.833595 6.278510 11.984648
v 112.811661 6.259031 12.001844
v 112.794861 6.265712 11.987717
v 112.843117 6.285062 12.003954
v 112.821381 6.265712 12.021532
v 112.838730 6.302533 12.017441
v 112.816902 6.283528 12.035286
v 112.824585 6.320004 12.018493
v 112.802475 6.301344 12.036358
v 112.808105 6.326555 12.004639
v 112.785667 6.308025 12.022230
v 112.798576 6.320004 11.985332
v 112.775955 6.301345 12.002542
v 112.802971 6.302533 11.971844
v 112.780434 6.283527 11.988789
v 112.861107 6.323318 11.937333
v 112.876945 6.317021 11.950647
v 112.855354 6.297838 11.967583
v 112.839195 6.304261 11.954000
v 112.886101 6.323318 11.969200
v 112.864693 6.304262 11.986512
v 112.881882 6.340106 11.982162
v 112.860382 6.321391 11.999735
v 112.868286 6.356896 11.983172
v 112.846519 6.338520 12.000766
v 112.852448 6.363193 11.969858
v 112.830360 6.344944 11.987183
v 112.843292 6.356896 11.951304
v 112.821022 6.338520 11.968254
v 112.847519 6.340107 11.938344
v 112.825325 6.321390 11.955030
v 112.904465 6.361013 11.904362
v 112.919662 6.354969 11.917145
v 112.898384 6.336062 11.933835
v 112.882866 6.342234 11.920789
v 112.928452 6.361013 11.934955
v 112.907356 6.342233 11.952016
v 112.924400 6.377131 11.947397
v 112.903221 6.358685 11.964717
v 112.911354 6.393249 11.948368
v 112.889900 6.375138 11.965707
v 112.896149 6.399294 11.935587
v 112.874374 6.381308 11.952662
v 112.887360 6.393249 11.917775
v 112.865410 6.375138 11.934480
v 112.891411 6.377131 11.905333
v 112.869545 6.358685 11.921779
v 112.947212 6.398184 11.871851
v 112.961792 6.392388 11.884108
v 112.940796 6.373744 11.900570
v 112.925911 6.379663 11.888052
v 112.970215 6.398184 11.901187
v 112.949409 6.379662 11.918013
v 112.966331 6.413640 11.913117
v 112.945442 6.395449 11.930199
v 112.953819 6.429095 11.914048
v 112.932655 6.411233 11.931149
v 112.939240 6.434890 11.901792
v 112.917770 6.417153 11.918632
v 112.930809 6.429094 11.884713
v 112.909164 6.411233 11.901188
v 112.934700 6.413640 11.872782
v 112.913132 6.395448 11.889002
v 112.981102 6.410809 11.868959
v 112.967186 6.416065 11.857630
v 112.988792 6.416065 11.885180
v 112.985374 6.430775 11.896215
v 112.973389 6.445095 11.897259
v 112.959923 6.450742 11.885574
v 112.951782 6.445096 11.869709
v 112.955650 6.430775 11.858317
v 111.319771 8.388060 11.491817
v 111.341270 8.379109 11.516579
v 111.306374 8.345633 11.533899
v 111.285568 8.354527 11.508423
v 111.349434 8.388321 11.548336
v 111.313477 8.353049 11.567498
v 111.337044 8.412762 11.568425
v 111.300575 8.377563 11.588907
v 111.313622 8.437009 11.567230
v 111.276917 8.402636 11.586578
v 111.292351 8.445701 11.542229
v 111.257385 8.411674 11.558412
v 111.284424 8.436230 11.510232
v 111.250046 8.401478 11.524693
v 111.296577 8.412048 11.490381
v 111.263008 8.377554 11.505989
v 111.387062 8.452449 11.456751
v 111.408432 8.443411 11.480930
v 111.375427 8.411831 11.498457
v 111.353920 8.420910 11.474067
v 111.416496 8.452449 11.512179
v 111.383545 8.420943 11.529943
v 111.404274 8.476555 11.531994
v 111.371231 8.445226 11.549904
v 111.381004 8.500659 11.531023
v 111.347816 8.469484 11.548899
v 111.359634 8.509698 11.506842
v 111.326340 8.478530 11.524480
v 111.351578 8.500659 11.475595
v 111.318253 8.469385 11.492963
v 111.363800 8.476554 11.455779
v 111.330536 8.445136 11.473032
v 111.450829 8.513012 11.423408
v 111.471886 8.504103 11.447237
v 111.440536 8.474117 11.463884
v 111.419319 8.483090 11.439880
v 111.479836 8.513012 11.478031
v 111.448540 8.483089 11.494904
v 111.467781 8.536767 11.497561
v 111.436401 8.507017 11.514573
v 111.444855 8.560522 11.496603
v 111.413315 8.530945 11.513609
v 111.423798 8.569429 11.472774
v 111.392097 8.539919 11.489605
v 111.415855 8.560521 11.441978
v 111.384094 8.530945 11.458587
v 111.427902 8.536766 11.422451
v 111.396233 8.507017 11.438917
v 111.512001 8.571119 11.391416
v 111.532768 8.562336 11.414909
v 111.502602 8.533484 11.430927
v 111.481689 8.542329 11.407267
v 111.540604 8.571119 11.445270
v 111.510490 8.542329 11.461502
v 111.528725 8.594540 11.464520
v 111.498528 8.565914 11.480890
v 111.506119 8.617959 11.463578
v 111.475769 8.589500 11.479940
v 111.485359 8.626741 11.440084
v 111.454857 8.598346 11.456280
v 111.477524 8.617958 11.409724
v 111.446968 8.589500 11.425705
v 111.489403 8.594540 11.390472
v 111.458931 8.565914 11.406317
v 111.571220 8.627363 11.360451
v 111.591698 8.618702 11.383619
v 111.562447 8.590727 11.399150
v 111.541832 8.599448 11.375819
v 111.599419 8.627363 11.413558
v 111.570229 8.599447 11.429297
v 111.587708 8.650458 11.432543
v 111.558434 8.622705 11.448415
v 111.565414 8.673553 11.431613
v 111.535988 8.645962 11.447478
v 111.544945 8.682215 11.408445
v 111.515366 8.654682 11.424148
v 111.537216 8.673553 11.378505
v 111.507591 8.645962 11.393999
v 111.548927 8.650458 11.359520
v 111.519386 8.622705 11.374883
v 111.628860 8.682108 11.330310
v 111.649055 8.673565 11.353161
v 111.620552 8.646305 11.368296
v 111.600220 8.654906 11.345287
v 111.656670 8.682109 11.382690
v 111.628220 8.654904 11.398028
v 111.645119 8.704887 11.401416
v 111.616592 8.677843 11.416883
v 111.623138 8.727667 11.400499
v 111.594460 8.700778 11.415959
v 111.602943 8.736210 11.377647
v 111.574120 8.709381 11.392950
v 111.595322 8.727666 11.348118
v 111.566452 8.700779 11.363218
v 111.606873 8.704889 11.329392
v 111.578079 8.677843 11.344363
v 111.685188 8.735608 11.300855
v 111.705109 8.727182 11.323397
v 111.677231 8.700517 11.338200
v 111.657173 8.709001 11.315503
v 111.712624 8.735607 11.352526
v 111.684799 8.709002 11.367527
v 111.701225 8.758080 11.370996
v 111.673325 8.731625 11.386126
v 111.679543 8.780550 11.370092
v 111.651489 8.754250 11.385214
v 111.659622 8.788977 11.347549
v 111.631432 8.762733 11.362518
v 111.652107 8.780550 11.318421
v 111.623863 8.754250 11.333190
v 111.663498 8.758080 11.299950
v 111.635338 8.731625 11.314591
v 111.740395 8.788046 11.271985
v 111.760048 8.779734 11.294224
v 111.732704 8.753580 11.308741
v 111.712921 8.761951 11.286352
v 111.767464 8.788046 11.322960
v 111.740173 8.761951 11.337673
v 111.756218 8.810214 11.341183
v 111.728851 8.784267 11.356020
v 111.734825 8.832381 11.340290
v 111.707314 8.806589 11.355121
v 111.715172 8.840694 11.318052
v 111.687523 8.814957 11.332731
v 111.707756 8.832380 11.289315
v 111.680061 8.806589 11.303800
v 111.719002 8.810213 11.271092
v 111.691383 8.784269 11.285453
v 111.794624 8.839556 11.243626
v 111.814018 8.831354 11.265566
v 111.787148 8.805654 11.279835
v 111.767624 8.813909 11.257746
v 111.821335 8.839556 11.293917
v 111.794510 8.813909 11.308377
v 111.810242 8.861427 11.311895
v 111.783340 8.835928 11.326477
v 111.789131 8.883297 11.311016
v 111.762093 8.857946 11.325591
v 111.769745 8.891500 11.289075
v 111.742569 8.866205 11.303503
v 111.762428 8.883297 11.260723
v 111.735207 8.857946 11.274960
v 111.773521 8.861427 11.242745
v 111.746376 8.835930 11.256859
v 111.848000 8.890249 11.215717
v 111.867126 8.882156 11.237363
v 111.840675 8.856853 11.251410
v 111.821411 8.864999 11.229618
v 111.874344 8.890249 11.265335
v 111.847939 8.865000 11.279572
v 111.863403 8.911827 11.283073
v 111.836922 8.886724 11.297429
v 111.842575 8.933405 11.282204
v 111.815956 8.908447 11.296555
v 111.823448 8.941498 11.260558
v 111.796700 8.916593 11.274761
v 111.816231 8.933405 11.232586
v 111.789429 8.908447 11.246601
v 111.827171 8.911827 11.214848
v 111.800446 8.886723 11.228743
v 111.900597 8.940210 11.188210
v 111.919472 8.932226 11.209568
v 111.893394 8.907278 11.223417
v 111.874390 8.915316 11.201916
v 111.926590 8.940210 11.237165
v 111.900558 8.915318 11.251202
v 111.915794 8.961500 11.254667
v 111.889687 8.936749 11.268820
v 111.895248 8.982788 11.253810
v 111.869003 8.958183 11.267958
v 111.876373 8.990772 11.232452
v 111.850006 8.966221 11.246457
v 111.869255 8.982788 11.204854
v 111.842834 8.958182 11.218672
v 111.880051 8.961498 11.187353
v 111.853706 8.936750 11.201052
v 111.952499 8.989510 11.161069
v 111.971123 8.981632 11.182140
v 111.945381 8.957007 11.195810
v 111.926636 8.964938 11.174596
v 111.978149 8.989509 11.209370
v 111.952454 8.964939 11.223224
v 111.967499 9.010513 11.226637
v 111.941727 8.986084 11.240607
v 111.947227 9.031519 11.225791
v 111.921318 9.007233 11.239756
v 111.928604 9.039396 11.204719
v 111.902573 9.015162 11.218541
v 111.921577 9.031519 11.177489
v 111.895500 9.007233 11.191128
v 111.932228 9.010514 11.160222
v 111.906227 8.986084 11.173744
v 112.003777 9.038207 11.134257
v 112.022148 9.030436 11.155047
v 111.996712 9.006105 11.168553
v 111.978210 9.013931 11.147623
v 112.029076 9.038208 11.181912
v 112.003693 9.013929 11.195601
v 112.018570 9.058931 11.198949
v 111.993111 9.034794 11.212752
v 111.998566 9.079656 11.198114
v 111.972969 9.055657 11.211911
v 111.980194 9.087427 11.177324
v 111.954475 9.063480 11.190982
v 111.973259 9.079656 11.150459
v 111.947495 9.055658 11.163934
v 111.983772 9.058931 11.133423
v 111.958076 9.034792 11.146783
v 112.054466 9.086351 11.107752
v 112.072586 9.078684 11.128262
v 112.047440 9.054626 11.141618
v 112.029190 9.062346 11.120968
v 112.079430 9.086351 11.154768
v 112.054321 9.062346 11.168303
v 112.069061 9.106798 11.171575
v 112.043884 9.082932 11.185225
v 112.049324 9.127245 11.170752
v 112.024017 9.103517 11.184395
v 112.031197 9.134912 11.150240
v 112.005768 9.111237 11.163746
v 112.024361 9.127245 11.123735
v 111.998878 9.103516 11.137060
v 112.034729 9.106798 11.106928
v 112.009323 9.082932 11.120138
v 112.104614 9.133987 11.081526
v 112.122498 9.126423 11.101760
v 112.097610 9.102615 11.114977
v 112.079605 9.110230 11.094604
v 112.129242 9.133987 11.127910
v 112.104401 9.110231 11.141304
v 112.119019 9.154159 11.144491
v 112.094101 9.130541 11.157998
v 112.099548 9.174330 11.143679
v 112.074501 9.150848 11.157181
v 112.081665 9.181896 11.123444
v 112.056496 9.158465 11.136808
v 112.074921 9.174331 11.097294
v 112.049706 9.150848 11.110481
v 112.085152 9.154159 11.080713
v 112.060005 9.130541 11.093787
v 112.154266 9.181150 11.055559
v 112.171913 9.173689 11.075521
v 112.147263 9.150112 11.088609
v 112.129501 9.157626 11.068510
v 112.178566 9.181150 11.101318
v 112.153969 9.157626 11.114581
v 112.168472 9.201048 11.117676
v 112.143806 9.177661 11.131051
v 112.149269 9.220947 11.116874
v 112.124466 9.197696 11.130243
v 112.131630 9.228411 11.096912
v 112.106705 9.205209 11.110146
v 112.124977 9.220949 11.071115
v 112.100006 9.197697 11.084173
v 112.135063 9.201050 11.054758
v 112.110168 9.177661 11.067703
v 112.203461 9.227873 11.029837
v 112.220863 9.220511 11.049528
v 112.196442 9.197154 11.062495
v 112.178925 9.204565 11.042668
v 112.227432 9.227872 11.074974
v 112.203056 9.204565 11.088116
v 112.217476 9.247501 11.091111
v 112.193031 9.224329 11.104363
v 112.198532 9.267131 11.090321
v 112.173958 9.244093 11.103567
v 112.181129 9.274494 11.070628
v 112.156433 9.251504 11.083740
v 112.174561 9.267132 11.045181
v 112.149826 9.244093 11.058119
v 112.184517 9.247502 11.029046
v 112.159851 9.224329 11.041873
v 112.252220 9.274182 11.004340
v 112.269386 9.266921 11.023764
v 112.245178 9.243767 11.036617
v 112.227890 9.251077 11.017061
v 112.275864 9.274182 11.048863
v 112.251694 9.251077 11.061891
v 112.266037 9.293546 11.064779
v 112.241806 9.270573 11.077917
v 112.247353 9.312907 11.064000
v 112.222992 9.290069 11.077131
v 112.230186 9.320168 11.044577
v 112.205711 9.297378 11.057574
v 112.223709 9.312908 11.019477
v 112.199188 9.290069 11.032301
v 112.233536 9.293546 11.003561
v 112.209076 9.270573 11.016275
v 112.300568 9.320105 10.979056
v 112.317497 9.312945 10.998215
v 112.293488 9.289979 11.010963
v 112.276443 9.297192 10.991673
v 112.323883 9.320106 11.022970
v 112.299919 9.297191 11.035891
v 112.314201 9.339203 11.038669
v 112.290169 9.316420 11.051698
v 112.295769 9.358298 11.037901
v 112.271614 9.335649 11.050924
v 112.278839 9.365460 11.018743
v 112.254562 9.342861 11.031633
v 112.272453 9.358300 10.993986
v 112.248131 9.335649 11.006704
v 112.282135 9.339203 10.978287
v 112.257881 9.316421 10.990898
v 112.348534 9.365664 10.953974
v 112.365234 9.358603 10.972868
v 112.341408 9.335817 10.985517
v 112.324600 9.342930 10.966492
v 112.371529 9.365664 10.997284
v 112.347755 9.342930 11.010101
v 112.361977 9.384499 11.012766
v 112.338135 9.361895 11.025692
v 112.343803 9.403333 11.012008
v 112.319832 9.380861 11.024929
v 112.327103 9.410395 10.993114
v 112.303017 9.387970 11.005903
v 112.320808 9.403334 10.968699
v 112.296677 9.380861 10.981318
v 112.330360 9.384499 10.953216
v 112.306297 9.361893 10.965727
v 112.396133 9.410877 10.929081
v 112.412605 9.403913 10.947714
v 112.388962 9.381298 10.960267
v 112.372375 9.388314 10.941504
v 112.418816 9.410877 10.971791
v 112.395218 9.388314 10.984514
v 112.409393 9.429451 10.987059
v 112.385735 9.407016 10.999889
v 112.391472 9.448025 10.986311
v 112.367683 9.425719 10.999136
v 112.375008 9.454990 10.967678
v 112.351097 9.432735 10.980371
v 112.368790 9.448024 10.943601
v 112.344841 9.425720 10.956127
v 112.378212 9.429451 10.928333
v 112.354332 9.407018 10.940750
v 112.443398 9.455765 10.904368
v 112.459633 9.448898 10.922741
v 112.436157 9.426445 10.935205
v 112.419807 9.433360 10.916704
v 112.465759 9.455764 10.946482
v 112.442329 9.433360 10.959114
v 112.456467 9.474079 10.961536
v 112.432976 9.451804 10.974276
v 112.438797 9.492393 10.960799
v 112.415176 9.470249 10.973533
v 112.422562 9.499262 10.942428
v 112.398827 9.477165 10.955030
v 112.416435 9.492393 10.918686
v 112.392654 9.470249 10.931121
v 112.425720 9.474080 10.903630
v 112.402008 9.451805 10.915960
v 112.490326 9.500343 10.879826
v 112.506340 9.493570 10.897941
v 112.483025 9.471272 10.910319
v 112.466904 9.478090 10.892076
v 112.512375 9.500342 10.921349
v 112.489105 9.478091 10.933894
v 112.503220 9.518401 10.936192
v 112.479881 9.496277 10.948843
v 112.485794 9.536457 10.935464
v 112.462334 9.514463 10.948111
v 112.469788 9.543228 10.917350
v 112.446213 9.521281 10.929868
v 112.463745 9.536457 10.893942
v 112.440132 9.514462 10.906293
v 112.472900 9.518399 10.879099
v 112.449356 9.496277 10.891344
v 112.536949 9.544625 10.855447
v 112.552734 9.537951 10.873304
v 112.529572 9.515797 10.885602
v 112.513680 9.522519 10.867617
v 112.558685 9.544625 10.896381
v 112.535568 9.522520 10.908844
v 112.549660 9.562427 10.911014
v 112.526474 9.540449 10.923582
v 112.532478 9.580228 10.910297
v 112.509171 9.558378 10.922860
v 112.516701 9.586904 10.892439
v 112.493279 9.565102 10.904875
v 112.510742 9.580228 10.869362
v 112.487282 9.558378 10.881632
v 112.519775 9.562427 10.854729
v 112.496376 9.540448 10.866894
v 112.583275 9.588626 10.831221
v 112.598831 9.582045 10.848825
v 112.575821 9.560032 10.861046
v 112.560150 9.566659 10.843315
v 112.604706 9.588626 10.871572
v 112.581734 9.566660 10.883957
v 112.595802 9.606173 10.885998
v 112.572769 9.584333 10.898486
v 112.578873 9.623721 10.885290
v 112.555710 9.602008 10.897774
v 112.563309 9.630302 10.867687
v 112.540039 9.608636 10.880044
v 112.557442 9.623721 10.844940
v 112.534126 9.602008 10.857132
v 112.566345 9.606174 10.830514
v 112.543091 9.584334 10.842603
v 112.619843 9.603849 10.837667
v 112.604790 9.609886 10.821064
v 112.625168 9.609887 10.859441
v 112.616959 9.626811 10.873043
v 112.600594 9.643265 10.872486
v 112.586037 9.649773 10.855618
v 112.580223 9.643265 10.834111
v 112.588921 9.626810 10.820242
v 107.811516 7.324374 11.087090
v 107.981491 7.235747 11.017404
v 107.657906 7.822968 10.445647
v 106.391670 8.115845 11.272314
v 106.905334 7.802042 11.225502
v 107.601715 7.500292 11.003960
v 106.573181 7.818734 11.485790
v 107.382042 7.490146 11.224125
v 107.436745 7.531547 11.112228
v 107.632866 7.455837 11.041019
v 107.441109 8.337675 10.037610
v 107.228836 8.152632 10.551895
v 106.831627 8.191989 10.840623
v 106.394310 8.362731 11.003363
v 106.284111 8.301200 11.144072
v 106.717140 8.379230 10.735092
v 107.374817 8.487428 9.914417
v 106.270927 8.580277 10.852594
v 106.146210 8.866034 10.601518
v 106.138840 8.692595 10.809286
v 107.304314 8.634260 9.785946
v 107.129089 8.584711 10.147827
v 106.643578 8.768659 10.340530
v 106.310730 8.892288 10.462017
v 106.613480 9.128672 9.805245
v 106.740837 9.054716 9.819836
v 106.728111 9.085285 9.777969
v 106.208549 9.315966 9.774155
v 106.011757 9.359493 9.851376
v 105.863182 9.333397 10.021085
v 106.009140 9.217839 10.164400
v 106.529236 8.925999 10.232805
v 106.953995 8.830913 9.984587
v 106.891579 8.806617 10.073640
v 106.650482 8.897467 10.145912
v 106.402672 9.071881 10.120895
v 106.283463 9.189857 10.007299
v 106.368950 9.206366 9.875450
v 106.981514 8.840179 9.944469
v 107.154510 8.889936 9.524591
v 106.867241 8.977111 9.833853
v 105.989922 9.523003 9.370260
v 106.003922 9.471755 9.514790
v 106.148056 9.404799 9.570061
v 106.422852 9.290100 9.638976
v 106.701630 9.169817 9.639967
v 106.957588 9.113579 9.204175
v 106.520065 9.372471 9.316555
v 106.092964 9.533269 9.257511
v 106.484055 7.780047 11.611248
v 106.535950 7.644911 11.769585
v 106.874817 7.422002 11.831987
v 107.337860 7.214240 11.747305
v 108.145721 7.001623 11.294418
v 107.839172 7.305060 11.094301
v 107.935303 7.169427 11.241157
v 107.863464 7.122698 11.394665
v 107.665741 7.192247 11.464906
v 107.457947 7.337332 11.410731
v 107.362595 7.475959 11.264346
v 106.645882 9.391916 9.047644
v 106.823334 9.225075 8.994168
v 106.669815 9.334396 9.225321
v 106.459244 9.422287 9.228318
v 106.294907 9.488940 9.199259
v 106.133743 9.550978 9.162545
v 106.125259 9.591606 9.034674
v 106.248451 9.572151 8.956396
v 106.400024 9.508121 8.990141
v 106.527885 9.455215 8.998779
v 106.648682 9.404891 8.988765
v 106.462151 9.514483 8.866042
v 106.344040 9.599722 8.717722
v 106.274300 9.723536 8.408169
v 106.294647 9.659397 8.168159
v 107.856842 7.748327 10.434347
v 107.924637 7.834015 10.264443
v 108.948196 7.439472 9.771744
v 108.132706 7.415817 10.620852
v 108.601540 7.521921 9.998284
v 108.851486 7.687591 9.485319
v 108.245499 7.790919 9.997466
v 108.267914 7.668647 10.127699
v 108.175232 7.558599 10.368568
v 108.016212 7.535476 10.558018
v 107.883171 7.609603 10.584562
v 108.242210 7.809762 9.977859
v 108.795029 7.846565 9.314155
v 108.641907 7.945617 9.361988
v 108.335136 7.923846 9.746245
v 107.941254 8.013364 10.029291
v 107.952095 7.868228 10.195026
v 108.111061 7.891163 10.005548
v 108.304459 8.088301 9.577114
v 108.576256 8.139309 9.164701
v 107.678146 8.474073 9.743961
v 108.594765 8.219694 9.010092
v 108.432076 8.419130 8.924673
v 108.262009 8.513700 9.031576
v 108.036880 8.521824 9.326918
v 108.073456 8.930914 8.409515
v 107.882523 9.036287 8.493136
v 107.749756 9.069389 8.661710
v 107.557167 8.962744 9.182905
v 108.000031 8.663965 9.162329
v 108.138580 8.817207 8.607505
v 107.244125 9.265449 8.796855
v 107.452515 9.058828 9.101009
v 107.558693 9.122211 8.823710
v 107.599159 9.190313 8.528517
v 107.602203 9.229044 8.365459
v 107.482918 9.302324 8.298643
v 107.348549 9.347683 8.356300
v 109.087967 7.379705 9.737131
v 108.852928 6.990299 10.659847
v 109.111450 7.091407 10.226620
v 109.197922 7.250690 9.858675
v 107.001518 9.419214 8.558413
v 107.027969 9.456932 8.396891
v 107.141922 9.441334 8.304947
v 107.250984 9.385841 8.360638
v 107.224792 9.351495 8.531823
v 107.189613 9.314331 8.704082
v 107.106483 9.269853 8.911894
v 106.958817 9.345661 8.823031
v 106.960892 9.391212 8.687980
v 106.905472 9.366935 8.804451
v 106.537277 9.684666 8.219414
v 106.781570 9.535051 8.403680
v 106.868118 9.454477 8.574654
v 110.303154 8.061325 15.246931
v 110.190895 8.007133 15.167230
v 109.986061 8.348680 15.667152
v 111.008141 8.516359 16.086168
v 110.765350 8.333849 15.770670
v 110.341782 8.161182 15.424736
v 111.059853 8.338600 15.854895
v 110.564957 8.153322 15.457606
v 110.475388 8.178144 15.478240
v 110.350792 8.135383 15.385669
v 109.832199 8.662039 16.027512
v 110.226944 8.555193 15.910701
v 110.565628 8.572794 16.023302
v 110.845734 8.669861 16.228287
v 110.976318 8.628187 16.225092
v 110.550026 8.687310 16.156889
v 109.786194 8.752536 16.136099
v 110.807022 8.801342 16.389797
v 110.709129 8.972808 16.602718
v 110.836586 8.866105 16.498131
v 109.738976 8.840117 16.248987
v 110.026497 8.820272 16.191637
v 110.344589 8.925064 16.413456
v 110.556503 8.994216 16.569696
v 110.038773 9.133539 16.700592
v 109.993820 9.093296 16.611803
v 109.974312 9.110400 16.640547
v 110.191460 9.228614 16.970572
v 110.320396 9.248833 17.057041
v 110.483818 9.231564 17.068146
v 110.506760 9.174343 16.909267
v 110.328148 9.018032 16.544210
v 110.002228 8.966551 16.391787
v 110.081482 8.951298 16.387331
v 110.225769 9.000961 16.507290
v 110.314705 9.101364 16.682379
v 110.297585 9.165261 16.813583
v 110.183548 9.173315 16.821785
v 109.966812 8.972170 16.393932
v 109.646362 8.986961 16.477028
v 109.948997 9.050310 16.523359
v 110.045982 9.322275 17.292440
v 110.125252 9.299356 17.217165
v 110.096733 9.269117 17.102407
v 110.020844 9.217583 16.900576
v 109.903656 9.156557 16.724371
v 109.540047 9.101622 16.753235
v 109.789337 9.257328 16.990387
v 109.935669 9.329081 17.281691
v 111.172081 8.313819 15.848759
v 111.244553 8.235514 15.735473
v 111.139145 8.111794 15.486081
v 110.894211 7.997292 15.228804
v 110.286095 7.878325 14.926907
v 110.295807 8.050610 15.225544
v 110.342567 7.974903 15.091487
v 110.463898 7.948333 15.062561
v 110.588722 7.986465 15.155711
v 110.643921 8.066960 15.316370
v 110.597046 8.144917 15.450146
v 109.577866 9.259264 17.033407
v 109.473183 9.151236 16.932951
v 109.672340 9.235603 16.937660
v 109.763092 9.279903 17.068811
v 109.815613 9.310383 17.184155
v 109.862373 9.337188 17.300323
v 109.790642 9.354445 17.364094
v 109.692307 9.344777 17.323528
v 109.647964 9.315437 17.213907
v 109.598961 9.289770 17.129921
v 109.542046 9.263712 17.058187
v 109.548668 9.314827 17.231089
v 109.511345 9.352430 17.372269
v 109.358398 9.408020 17.558176
v 109.210533 9.343307 17.639660
v 109.895233 8.312099 15.547846
v 109.765411 8.364738 15.590804
v 109.044411 8.131550 15.158751
v 109.891243 8.115128 15.269091
v 109.324318 8.179094 15.273649
v 108.914474 8.275568 15.365765
v 109.472305 8.339533 15.512675
v 109.540810 8.265369 15.429838
v 109.723190 8.199218 15.368364
v 109.902580 8.184845 15.377548
v 109.974007 8.228249 15.452311
v 109.461945 8.351016 15.525149
v 108.836067 8.369398 15.490013
v 108.928146 8.430660 15.570469
v 109.284798 8.420872 15.583078
v 109.617882 8.474130 15.702312
v 109.712486 8.385654 15.608395
v 109.533104 8.399887 15.599229
v 109.196411 8.521092 15.692257
v 108.837845 8.546231 15.715302
v 109.556503 8.755342 16.031086
v 108.738220 8.592006 15.779625
v 108.754875 8.712673 15.934079
v 108.888809 8.774313 15.998879
v 109.157936 8.785505 16.005470
v 108.599426 9.002064 16.421120
v 108.728546 9.067557 16.509109
v 108.883507 9.093908 16.518833
v 109.272522 9.045444 16.397377
v 109.075226 8.869620 16.113560
v 108.689011 8.943670 16.286121
v 109.176422 9.200599 16.778013
v 109.268028 9.097725 16.504128
v 109.059357 9.128590 16.567421
v 108.868378 9.155424 16.676785
v 108.771172 9.169321 16.748482
v 108.782158 9.205299 16.854530
v 108.872818 9.230707 16.913414
v 108.965141 8.098313 15.085262
v 109.611702 7.878587 14.784419
v 109.245842 7.936555 14.830055
v 108.991066 8.026387 14.954703
v 109.138802 9.268311 17.037483
v 109.032448 9.283703 17.094891
v 108.930031 9.274790 17.065893
v 108.916634 9.249653 16.972628
v 109.028465 9.237527 16.911409
v 109.144829 9.222679 16.854586
v 109.302696 9.201391 16.809580
v 109.312965 9.234745 16.941620
v 109.232414 9.255844 17.002914
v 109.324677 9.243591 16.982868
v 109.135788 9.387416 17.481043
v 109.140976 9.318151 17.243937
v 109.205017 9.283020 17.112015
v 111.317192 7.049290 15.285827
v 111.170990 7.070538 15.277841
v 111.362457 6.948328 15.875288
v 112.424629 6.750763 15.590538
v 112.021042 6.854824 15.456062
v 111.464859 6.989642 15.418927
v 112.292969 6.794101 15.328724
v 111.653198 6.958037 15.298600
v 111.601006 6.961302 15.378159
v 111.444702 6.999886 15.376955
v 111.525055 6.906782 16.348112
v 111.745598 6.912829 15.984504
v 112.070114 6.840034 15.853783
v 112.420639 6.756196 15.855281
v 112.505341 6.728234 15.751148
v 112.162773 6.823040 16.003210
v 111.572609 6.891541 16.488123
v 112.513741 6.731042 16.043886
v 112.598213 6.697101 16.319620
v 112.610252 6.697349 16.123600
v 111.619675 6.871191 16.629597
v 111.817184 6.895706 16.413404
v 112.208366 6.804648 16.405874
v 112.472145 6.737419 16.405207
v 112.173393 6.745028 16.869184
v 112.083374 6.781753 16.823656
v 112.087097 6.773058 16.861202
v 112.447861 6.614296 16.982397
v 112.595215 6.564467 16.964689
v 112.722748 6.542714 16.862759
v 112.650803 6.617534 16.727598
v 112.289711 6.774794 16.541897
v 111.944176 6.852744 16.623343
v 111.998962 6.844538 16.564486
v 112.185265 6.790749 16.573078
v 112.372253 6.732889 16.674736
v 112.440453 6.682599 16.794777
v 112.356239 6.683500 16.872515
v 111.919228 6.855472 16.649044
v 111.703728 6.809239 16.896503
v 111.992409 6.816330 16.776667
v 112.504723 6.448395 17.302990
v 112.527130 6.485997 17.200230
v 112.444016 6.548209 17.136059
v 112.277992 6.659048 17.039608
v 112.085297 6.745274 16.976849
v 111.782410 6.690399 17.180099
v 112.147301 6.624266 17.251621
v 112.415161 6.462071 17.367205
v 112.369232 6.780152 15.243649
v 112.346260 6.806932 15.092082
v 112.105408 6.902463 14.945539
v 111.753876 7.011592 14.883754
v 111.091904 7.153810 15.012852
v 111.297844 7.057391 15.272182
v 111.246964 7.101242 15.125971
v 111.320374 7.102405 15.021693
v 111.475060 7.060197 15.020433
v 111.620422 6.999344 15.122930
v 111.672089 6.957253 15.270338
v 111.996796 6.596868 17.403858
v 111.824455 6.595756 17.348932
v 112.022644 6.648567 17.280115
v 112.168396 6.583571 17.324064
v 112.271034 6.520841 17.374273
v 112.367798 6.455034 17.426300
v 112.344208 6.421736 17.514870
v 112.244751 6.445399 17.545826
v 112.151489 6.504700 17.494545
v 112.066628 6.548090 17.462469
v 111.980286 6.582452 17.441757
v 112.078918 6.492962 17.563473
v 112.123497 6.417497 17.686178
v 112.101929 6.323462 17.913633
v 111.988693 6.221482 18.010944
v 111.224892 7.010115 15.842407
v 111.161926 7.016960 15.974535
v 110.306160 7.175304 16.033529
v 111.020805 7.075036 15.576601
v 110.597824 7.122218 15.956558
v 110.350533 7.126981 16.309528
v 110.884613 7.059112 16.092735
v 110.872772 7.066826 15.962908
v 110.964211 7.063419 15.781121
v 111.104988 7.044881 15.670177
v 111.211792 7.020177 15.693779
v 110.886497 7.058170 16.112492
v 110.380081 7.103098 16.479664
v 110.513573 7.086418 16.504248
v 110.799423 7.066641 16.291275
v 111.137863 7.013798 16.188021
v 111.136047 7.019318 16.028133
v 110.995216 7.037745 16.139002
v 110.817627 7.058167 16.462660
v 110.551620 7.062854 16.705454
v 111.347282 6.971790 16.569233
v 110.518517 7.049197 16.827417
v 110.648209 7.021045 16.972612
v 110.808899 7.015470 16.963516
v 111.031578 7.015513 16.811810
v 110.850906 6.871496 17.503338
v 111.018951 6.851902 17.512276
v 111.158356 6.861426 17.439621
v 111.398102 6.911291 17.110281
v 111.046791 6.996616 16.969955
v 110.841476 6.927541 17.340763
v 111.545563 6.744992 17.469154
v 111.461266 6.870473 17.202442
v 111.334030 6.848435 17.380857
v 111.238060 6.790161 17.572023
v 111.195877 6.749094 17.678408
v 111.263947 6.697332 17.751543
v 111.371689 6.671423 17.744429
v 110.198074 7.206212 16.021175
v 110.494759 7.264209 15.338936
v 110.246620 7.275391 15.617506
v 110.133644 7.250382 15.891602
v 111.651611 6.604990 17.675255
v 111.596924 6.575372 17.780022
v 111.499290 6.591252 17.820314
v 111.439308 6.641318 17.761959
v 111.498245 6.675887 17.653645
v 111.561409 6.705351 17.543495
v 111.659744 6.721376 17.411306
v 111.736732 6.649045 17.497873
v 111.706764 6.620289 17.592562
v 111.766884 6.625268 17.518908
v 111.883377 6.367309 17.992641
v 111.759880 6.490449 17.817629
v 111.741539 6.560652 17.685440
v 112.669304 9.748015 10.699516
v 112.709236 9.703305 10.834781
v 113.125496 10.121243 10.588621
v 112.619705 10.176442 9.593906
v 112.624092 10.000798 9.995060
v 112.739433 9.858733 10.538577
v 112.462288 9.970108 9.736754
v 112.598602 9.821020 10.366257
v 112.673378 9.860943 10.409607
v 112.711884 9.827995 10.562428
v 113.418015 10.489478 10.413796
v 113.071053 10.313371 10.242050
v 112.893097 10.291629 9.932933
v 112.804329 10.366297 9.591694
v 112.713913 10.305463 9.508486
v 112.971428 10.420321 9.840706
v 113.506592 10.596522 10.360964
v 112.914848 10.518002 9.493496
v 113.095268 10.723162 9.395127
v 112.952446 10.588413 9.391355
v 113.599419 10.701323 10.305785
v 113.354431 10.632922 10.158632
v 113.247414 10.711238 9.779444
v 113.181793 10.763636 9.520509
v 113.622368 10.991516 9.762474
v 113.604454 10.949528 9.859633
v 113.634506 10.972221 9.850657
v 113.670036 11.089962 9.457062
v 113.628410 11.099465 9.306435
v 113.518867 11.059194 9.190218
v 113.408272 10.983145 9.295233
v 113.328384 10.818575 9.690372
v 113.476990 10.800991 10.021603
v 113.418663 10.773685 9.972765
v 113.382401 10.813294 9.786236
v 113.413742 10.916748 9.593985
v 113.500740 10.995643 9.505677
v 113.588341 11.021457 9.574921
v 113.503372 10.812033 10.043339
v 113.790298 10.883039 10.193151
v 113.587151 10.904856 9.956509
v 113.970749 11.236936 9.310415
v 113.867401 11.194799 9.314750
v 113.818604 11.157520 9.420233
v 113.751381 11.097421 9.622766
v 113.732956 11.036799 9.833695
v 114.028587 11.040108 10.054267
v 113.972939 11.180358 9.708053
v 114.043434 11.259015 9.391412
v 112.380363 9.928327 9.667530
v 112.267082 9.828831 9.706068
v 112.203369 9.697265 9.965382
v 112.235222 9.594813 10.322854
v 112.505165 9.537679 10.954491
v 112.662621 9.736376 10.720634
v 112.554131 9.641143 10.791698
v 112.450928 9.593899 10.733548
v 112.413475 9.622318 10.580246
v 112.463699 9.709755 10.421597
v 112.571686 9.807189 10.350766
v 114.155960 11.218306 9.815941
v 114.186432 11.117386 9.962929
v 114.028175 11.171062 9.825542
v 114.039505 11.214552 9.666229
v 114.071022 11.248541 9.544402
v 114.107971 11.279862 9.425852
v 114.199272 11.314118 9.425261
v 114.246605 11.315140 9.521008
v 114.212624 11.281637 9.633109
v 114.198204 11.255082 9.729029
v 114.197678 11.230584 9.821026
v 114.296860 11.297651 9.686060
v 114.409950 11.354736 9.604263
v 114.633949 11.451397 9.565199
v 114.807487 11.418248 9.603638
v 113.120590 10.086573 10.738941
v 113.234520 10.162167 10.791633
v 113.522621 9.996192 11.598063
v 112.976410 9.864788 10.954677
v 113.383911 10.012921 11.325504
v 113.727631 10.178543 11.525970
v 113.402977 10.173162 11.044912
v 113.311806 10.081467 11.063192
v 113.149612 9.982821 10.989836
v 113.026573 9.942811 10.864410
v 113.015312 9.982508 10.760139
v 113.416679 10.187288 11.042181
v 113.849655 10.295322 11.482813
v 113.823753 10.350080 11.360198
v 113.572044 10.288429 11.114639
v 113.396118 10.303271 10.803468
v 113.281113 10.192458 10.813066
v 113.404182 10.232330 10.938477
v 113.690369 10.411432 11.089232
v 113.964073 10.492134 11.309023
v 113.605865 10.622818 10.591717
v 114.071068 10.558660 11.325861
v 114.138283 10.690725 11.196498
v 114.071342 10.737986 11.057857
v 113.876144 10.709435 10.874331
v 114.519257 11.048662 10.928427
v 114.470337 11.102818 10.775528
v 114.358238 11.106564 10.664971
v 114.001938 10.988247 10.499197
v 113.992485 10.815638 10.846337
v 114.375603 10.963955 10.971429
v 114.293839 11.194355 10.274456
v 114.065742 11.051314 10.421085
v 114.254776 11.119377 10.511296
v 114.461723 11.185571 10.555376
v 114.577522 11.221148 10.565811
v 114.632439 11.265797 10.478333
v 114.599899 11.283286 10.373610
v 113.538651 9.967798 11.706354
v 112.906685 9.624101 11.508037
v 113.194626 9.740500 11.715015
v 113.447060 9.879757 11.788520
v 114.479202 11.293264 10.103635
v 114.592079 11.330208 10.130793
v 114.649849 11.333772 10.220564
v 114.603119 11.301459 10.299823
v 114.483139 11.266517 10.271817
v 114.363197 11.228670 10.237576
v 114.221703 11.179503 10.167133
v 114.294647 11.224355 10.060736
v 114.390106 11.263453 10.067758
v 114.311478 11.235548 10.021902
v 114.750496 11.456480 9.770917
v 114.603859 11.363194 9.946527
v 114.476784 11.305499 10.003634
v 109.184769 10.678961 10.054848
v 109.415459 10.657593 10.058541
v 109.052795 10.663082 9.117322
v 107.374428 10.660622 9.628230
v 108.033783 10.641569 9.822610
v 108.931541 10.674553 9.847998
v 107.601479 10.635986 10.033480
v 108.638855 10.644703 10.052893
v 108.715919 10.655100 9.922465
v 108.967926 10.672486 9.914160
v 108.774193 10.662319 8.398865
v 108.454781 10.712084 8.982323
v 107.938332 10.697760 9.202750
v 107.372597 10.706947 9.214979
v 107.236832 10.681854 9.380175
v 107.785172 10.730330 8.973804
v 108.690651 10.677845 8.181690
v 107.214081 10.733200 8.923738
v 107.061913 10.755852 8.494519
v 107.051140 10.731541 8.801750
v 108.605774 10.686463 7.961342
v 108.323410 10.767794 8.317108
v 107.693398 10.780460 8.345474
v 107.266121 10.780838 8.356920
v 107.705582 10.746003 7.610826
v 107.858536 10.759892 7.680288
v 107.848045 10.753791 7.620714
v 107.232788 10.671421 7.436500
v 106.989922 10.650455 7.468320
v 106.791412 10.651701 7.634084
v 106.935280 10.716857 7.850108
v 107.552887 10.787165 8.134894
v 108.105583 10.783417 7.992627
v 108.021317 10.783421 8.087539
v 107.716713 10.775496 8.080605
v 107.405945 10.775609 7.927744
v 107.277985 10.743879 7.738392
v 107.403381 10.724232 7.610808
v 108.143593 10.781723 7.950988
v 108.443573 10.665218 7.542091
v 108.012161 10.769940 7.751670
v 107.069038 10.490267 6.917248
v 107.053642 10.540506 7.084580
v 107.206848 10.592872 7.187140
v 107.506371 10.681889 7.340600
v 107.835487 10.728339 7.436102
v 108.266556 10.558244 7.088645
v 107.683304 10.610294 6.994918
v 107.208092 10.485868 6.812133
v 107.483307 10.631695 10.170172
v 107.534485 10.640642 10.408943
v 107.943626 10.669962 10.633064
v 108.523094 10.689655 10.718397
v 109.579956 10.672840 10.485956
v 109.217949 10.679943 10.076174
v 109.318893 10.682409 10.311180
v 109.212265 10.683314 10.482388
v 108.960716 10.676844 10.490539
v 108.711960 10.657601 10.332648
v 108.611069 10.642574 10.099133
v 107.895508 10.533251 6.742179
v 108.159073 10.456518 6.815103
v 107.881226 10.603025 6.944464
v 107.632507 10.567703 6.877761
v 107.449966 10.520033 6.798392
v 107.275078 10.465697 6.715330
v 107.294495 10.419391 6.570670
v 107.453766 10.421295 6.518146
v 107.620750 10.467251 6.599421
v 107.767990 10.495243 6.649144
v 107.913498 10.510696 6.679780
v 107.723824 10.431660 6.484749
v 107.621773 10.353049 6.286074
v 107.608994 10.236355 5.916302
v 107.737335 10.052603 5.742034
v 109.286873 10.711864 9.164269
v 109.380989 10.698526 8.957792
v 110.741287 10.622625 8.822329
v 109.632538 10.693414 9.572898
v 110.281250 10.613082 8.962982
v 110.646111 10.563612 8.396437
v 109.814812 10.665339 8.759690
v 109.840019 10.672285 8.958965
v 109.705978 10.691565 9.246170
v 109.488937 10.701466 9.427435
v 109.316010 10.709007 9.395111
v 109.810959 10.664226 8.729488
v 110.586273 10.540829 8.134125
v 110.376122 10.565342 8.104431
v 109.941177 10.635408 8.451586
v 109.409363 10.686649 8.627787
v 109.419373 10.696002 8.873241
v 109.636833 10.675825 8.694040
v 109.904404 10.636366 8.187669
v 110.301437 10.573918 7.789764
v 109.061569 10.724136 8.049155
v 110.341766 10.558666 7.594881
v 110.128098 10.588068 7.373775
v 109.882034 10.640571 7.399124
v 109.549377 10.704257 7.652667
v 109.741180 10.519689 6.539176
v 109.477745 10.556515 6.534986
v 109.272369 10.614109 6.660126
v 108.940071 10.733255 7.199260
v 109.512833 10.705226 7.404109
v 109.783684 10.576551 6.800118
v 108.637024 10.592360 6.626840
v 108.824547 10.709741 7.054386
v 109.002495 10.653755 6.763188
v 109.118225 10.556929 6.449466
v 109.162170 10.494320 6.274537
v 109.035606 10.453287 6.158275
v 108.861938 10.454767 6.173850
v 110.917725 10.637229 8.835571
v 110.518509 10.657862 9.947086
v 110.887245 10.678549 9.483579
v 111.037544 10.669171 9.037424
v 108.413033 10.452352 6.293648
v 108.480537 10.401987 6.121876
v 108.633644 10.394209 6.053842
v 108.746689 10.438024 6.147378
v 108.674797 10.497001 6.325681
v 108.594551 10.549613 6.506471
v 108.456406 10.592209 6.722479
v 108.307693 10.525500 6.583098
v 108.338356 10.484517 6.429021
v 108.251740 10.504336 6.549240
v 107.955391 10.229841 5.782616
v 108.198090 10.342213 6.063653
v 108.258560 10.421604 6.278372
v 110.438126 11.669188 10.839463
v 110.600128 11.637478 10.896138
v 110.598907 11.984604 10.220238
v 109.285378 11.927836 10.086174
v 109.696342 11.803224 10.375866
v 110.316597 11.753866 10.642643
v 109.336990 11.758501 10.388577
v 110.058212 11.685137 10.680740
v 110.146667 11.730776 10.624374
v 110.324425 11.727577 10.692495
v 110.597046 12.246382 9.702150
v 110.213081 12.104908 9.993747
v 109.792740 12.056993 9.986900
v 109.392410 12.098628 9.846381
v 109.254379 12.035510 9.903528
v 109.744972 12.166893 9.815739
v 110.595970 12.336015 9.551073
v 109.358047 12.225722 9.633198
v 109.365494 12.396585 9.335340
v 109.276787 12.277243 9.513809
v 110.595238 12.422188 9.395332
v 110.296539 12.376198 9.567028
v 109.846603 12.419209 9.420470
v 109.544060 12.445515 9.313477
v 110.054985 12.643536 8.958663
v 110.142616 12.618652 9.047120
v 110.151672 12.635433 9.005482
v 109.775223 12.685612 8.699424
v 109.597771 12.677826 8.647041
v 109.413971 12.636546 8.696712
v 109.452591 12.597101 8.890585
v 109.804382 12.504698 9.255241
v 110.230225 12.511560 9.313874
v 110.145630 12.485392 9.349929
v 109.934525 12.503757 9.261559
v 109.757866 12.577249 9.084215
v 109.721130 12.628948 8.922398
v 109.844574 12.650126 8.870506
v 110.268173 12.521835 9.297761
v 110.595711 12.560993 9.086046
v 110.230438 12.590502 9.135636
v 109.811523 12.751245 8.273742
v 109.752563 12.729417 8.389942
v 109.829056 12.719096 8.511947
v 109.992104 12.705870 8.716906
v 110.194145 12.681654 8.879560
v 110.600365 12.654988 8.722605
v 110.213593 12.762354 8.526562
v 109.937531 12.774081 8.244539
v 109.217659 11.717710 10.439898
v 109.188713 11.639433 10.603960
v 109.413300 11.554681 10.861559
v 109.795197 11.498455 11.075760
v 110.599449 11.491736 11.209042
v 110.455574 11.660316 10.861823
v 110.462921 11.575485 11.034664
v 110.342072 11.525703 11.112132
v 110.163994 11.536230 11.047743
v 110.033356 11.594119 10.877298
v 110.026428 11.670032 10.701128
v 110.435127 12.781313 8.401153
v 110.605011 12.686836 8.490547
v 110.366325 12.760677 8.545851
v 110.212181 12.776982 8.426232
v 110.108597 12.784665 8.312292
v 110.011780 12.788597 8.195855
v 110.067215 12.805115 8.096056
v 110.192848 12.812985 8.106853
v 110.285118 12.804600 8.217228
v 110.373177 12.796230 8.296763
v 110.465935 12.786037 8.359797
v 110.390434 12.812302 8.161927
v 110.377296 12.833946 7.985371
v 110.475143 12.881658 7.714157
v 110.623466 12.808520 7.578547
v 110.747269 11.985013 10.328321
v 110.869621 12.039264 10.221523
v 111.864113 11.938965 10.475689
v 110.880699 11.810371 10.666606
v 111.504463 11.917259 10.436310
v 111.915703 12.050032 10.167397
v 111.229027 12.053606 10.203940
v 111.192627 11.989154 10.336011
v 111.020203 11.914398 10.483974
v 110.818710 11.874972 10.541197
v 110.705750 11.903054 10.477594
v 111.234520 12.063337 10.183894
v 111.945786 12.127607 9.981797
v 111.804962 12.168770 9.915630
v 111.402359 12.128831 10.037415
v 110.979050 12.140840 10.021421
v 110.919426 12.063457 10.178747
v 111.121307 12.095276 10.119423
v 111.447548 12.221231 9.865045
v 111.836769 12.286074 9.704396
v 110.888680 12.385824 9.584116
v 111.918427 12.338892 9.589730
v 111.826347 12.448256 9.406160
v 111.643799 12.492076 9.373863
v 111.338463 12.472337 9.463046
v 111.784050 12.711590 8.764504
v 111.598259 12.756111 8.704018
v 111.417061 12.766769 8.745907
v 111.031662 12.687634 9.030252
v 111.379677 12.559536 9.300220
v 111.740067 12.658511 8.956196
v 110.982132 12.807943 8.548197
v 110.991158 12.728933 8.901995
v 111.197723 12.777387 8.750843
v 111.369293 12.810463 8.555304
v 111.451080 12.824575 8.437847
v 111.396233 12.845249 8.318350
v 111.270248 12.853138 8.282055
v 111.983284 11.931913 10.535968
v 111.403122 11.598082 11.122225
v 111.784966 11.742742 10.941746
v 112.010941 11.876702 10.703397
v 110.923561 12.842472 8.235199
v 111.020248 12.862067 8.130143
v 111.146332 12.869127 8.126432
v 111.197647 12.858942 8.229237
v 111.095604 12.843214 8.340075
v 110.987427 12.822969 8.448054
v 110.829819 12.788172 8.558898
v 110.767281 12.801016 8.410502
v 110.832794 12.823494 8.309701
v 110.738503 12.802206 8.367470
v 110.754272 12.898215 7.722014
v 110.841705 12.861494 7.998444
v 110.821342 12.837863 8.174057
v 109.440376 10.637447 14.175957
v 109.314880 10.587908 14.065234
v 109.078918 11.137374 14.534004
v 110.189919 11.135859 15.249710
v 109.927078 10.920631 14.858643
v 109.477814 10.782709 14.371342
v 110.247810 10.876451 15.021364
v 109.715530 10.706900 14.474707
v 109.618935 10.767939 14.469375
v 109.488197 10.741486 14.333522
v 108.898270 11.554493 14.895012
v 109.345383 11.327662 14.861751
v 109.711983 11.287256 15.069132
v 110.016724 11.375135 15.354005
v 110.155563 11.297635 15.385954
v 109.697800 11.447474 15.202490
v 108.847946 11.688692 14.996585
v 109.975189 11.565288 15.511794
v 109.866585 11.824281 15.709519
v 110.004669 11.653594 15.633629
v 108.794846 11.821149 15.102965
v 109.128365 11.723290 15.104715
v 109.475151 11.814759 15.416400
v 109.704384 11.876559 15.633889
v 109.124855 12.176741 15.647207
v 109.080338 12.123697 15.540777
v 109.056969 12.153140 15.566945
v 109.271515 12.303194 15.978482
v 109.407089 12.314112 16.104155
v 109.586800 12.259978 16.156364
v 109.628700 12.158935 15.987045
v 109.455086 11.949937 15.549500
v 109.099686 11.934554 15.308071
v 109.186974 11.898540 15.323075
v 109.341125 11.946169 15.486415
v 109.434578 12.074820 15.693240
v 109.406281 12.176924 15.831013
v 109.276825 12.213168 15.813543
v 109.060349 11.949305 15.301722
v 108.683121 12.053645 15.322942
v 109.035210 12.067546 15.435177
v 109.068176 12.504483 16.302467
v 109.167030 12.446146 16.237055
v 109.148727 12.395935 16.102942
v 109.087639 12.315253 15.861020
v 108.972198 12.237812 15.640702
v 108.538437 12.261527 15.600063
v 108.816811 12.429618 15.906341
v 108.946251 12.534843 16.264194
v 110.370583 10.821839 15.043286
v 110.454880 10.694298 14.940770
v 110.350899 10.528408 14.648114
v 110.091774 10.402711 14.313535
v 109.427345 10.347674 13.844349
v 109.432968 10.621630 14.151915
v 109.487564 10.484795 14.027738
v 109.621506 10.413128 14.030915
v 109.755135 10.445284 14.161587
v 109.808105 10.556648 14.346684
v 109.750473 10.686145 14.476125
v 108.568130 12.487250 15.907895
v 108.440590 12.367638 15.784597
v 108.688026 12.420761 15.822445
v 108.777687 12.476328 15.987394
v 108.823288 12.521573 16.127558
v 108.861237 12.564050 16.267920
v 108.771721 12.612017 16.322620
v 108.664948 12.615132 16.255156
v 108.627869 12.570462 16.123255
v 108.581520 12.535940 16.019283
v 108.523727 12.505075 15.927695
v 108.511292 12.595206 16.120735
v 108.451401 12.673599 16.269333
v 108.255806 12.806950 16.440697
v 108.055367 12.781372 16.510767
v 108.991913 11.101415 14.376434
v 108.844849 11.186907 14.396040
v 108.048103 11.002659 13.767616
v 108.990990 10.824725 14.082864
v 108.350296 10.997297 13.967658
v 107.887138 11.208303 13.972168
v 108.517738 11.203980 14.246405
v 108.597107 11.100033 14.170141
v 108.803513 10.981989 14.144154
v 109.002525 10.927243 14.197324
v 109.080681 10.975321 14.293105
v 108.505707 11.219709 14.258009
v 107.792618 11.342232 14.092583
v 107.896469 11.403683 14.199080
v 108.302727 11.328545 14.287528
v 108.676552 11.347768 14.486223
v 108.785576 11.223473 14.402808
v 108.584267 11.271717 14.353495
v 108.202370 11.472049 14.385643
v 107.795158 11.583534 14.328622
v 108.606941 11.723097 14.823421
v 107.681000 11.670506 14.373445
v 107.701157 11.834562 14.537200
v 107.857063 11.887682 14.632905
v 108.165314 11.841707 14.699547
v 107.504639 12.293900 15.020157
v 107.651619 12.356941 15.140913
v 107.833031 12.354409 15.183162
v 108.287148 12.188858 15.138219
v 108.071815 11.977195 14.792909
v 107.617630 12.181204 14.893546
v 108.144485 12.460813 15.531911
v 108.274956 12.270162 15.252400
v 108.032944 12.364188 15.273644
v 107.801300 12.458452 15.352539
v 107.680397 12.509769 15.411120
v 107.681839 12.568806 15.530399
v 107.780365 12.588938 15.614898
v 107.965942 10.975500 13.665648
v 108.686241 10.471592 13.527883
v 108.288483 10.665030 13.467278
v 108.004250 10.868296 13.528222
v 108.069351 12.596376 15.812208
v 107.941124 12.648716 15.852049
v 107.827690 12.655818 15.796874
v 107.823822 12.612184 15.690167
v 107.959839 12.561635 15.646689
v 108.099495 12.507795 15.609697
v 108.282555 12.439574 15.596630
v 108.277557 12.500732 15.746069
v 108.179443 12.554596 15.795362
v 108.285286 12.516138 15.794903
v 108.011620 12.818279 16.304703
v 108.045135 12.692449 16.043074
v 108.134331 12.612696 15.910798
v 107.016266 7.486489 13.717093
v 106.888725 7.561416 13.720722
v 106.831017 7.623144 14.626960
v 107.083588 7.453423 14.096828
v 107.313194 7.315306 13.287235
v 107.097740 7.461523 14.570457
v 107.521790 7.110662 12.924662
v 106.928581 7.478821 12.904270
v 106.928307 7.553558 13.240966
v 107.001213 7.506763 13.159472
v 107.157486 7.409728 13.155061
v 107.228508 7.368747 13.316462
v 107.170425 7.401673 13.549242
v 106.850479 7.600954 13.327147
v 106.483788 7.727954 12.889667
v 106.749115 7.659037 13.399537
v 106.736145 7.645247 13.953887
v 106.619232 7.746583 14.475306
v 106.668175 7.715690 14.660547
v 106.858315 7.578932 13.721590
v 106.790680 7.629179 13.560016
v 106.496208 7.790135 14.084757
v 106.347023 7.793727 12.885451
v 106.308395 7.902093 14.370769
v 106.073311 7.998561 14.346664
v 106.170494 7.962837 14.417614
v 106.203598 7.855729 12.881208
v 106.215614 7.923542 13.246811
v 105.993500 8.014849 14.156275
v 105.431343 8.173886 14.132520
v 105.533920 8.157484 14.268461
v 105.724709 8.104609 14.224358
v 105.948463 7.991915 13.844868
v 105.725426 8.014403 12.880806
v 105.682610 8.091704 13.544292
v 105.478081 8.150806 14.000356
v 105.373901 8.171250 13.249386
v 105.309624 8.186167 13.315334
v 105.072357 8.231155 13.648768
v 105.099564 8.220291 13.798098
v 105.217949 8.199780 13.867710
v 105.337151 8.163215 13.777750
v 105.519417 8.133087 13.552581
v 105.641937 8.107944 13.288975
v 105.596893 8.119196 13.276354
v 105.521233 8.137906 13.329710
v 105.428871 8.159489 13.318539
v 105.459023 8.081116 12.874159
v 105.388351 8.165843 13.162769
v 105.463768 8.146461 13.109426
v 105.556145 8.124913 13.120596
v 105.611359 8.113825 13.189735
v 107.805038 6.944646 12.934149
v 107.140991 7.430917 14.729570
v 107.284714 7.340535 14.772482
v 107.513924 7.202701 14.483247
v 107.700905 7.074856 13.986355
v 105.244049 8.200444 13.317706
v 105.162209 8.217197 13.455913
v 105.076035 8.235144 13.490907
v 104.985352 8.255394 13.443600
v 104.951706 8.262854 13.325576
v 105.018303 8.247224 13.220278
v 105.126648 8.221857 13.135335
v 105.216293 8.197767 13.026849
v 105.283043 8.120596 12.869885
v 105.363373 8.169488 13.111287
v 105.188499 8.203794 13.026683
v 104.990677 8.250132 13.115169
v 104.813370 8.289230 13.130628
v 104.541565 8.349734 13.014822
v 104.421852 8.315670 12.848921
v 107.326981 7.296369 12.544658
v 107.123856 7.382370 11.721321
v 106.896393 7.538629 11.173974
v 107.159843 7.378028 11.248528
v 106.768059 7.634178 12.394147
v 106.735634 7.630921 11.129671
v 106.677505 7.664660 11.311278
v 106.769600 7.575599 11.841427
v 106.461639 7.800026 12.617655
v 106.369331 7.844242 12.513788
v 106.535103 7.714199 11.694527
v 106.366554 7.822282 11.238310
v 106.360054 7.813675 12.054122
v 106.483330 7.756758 12.061525
v 106.641144 7.694436 12.234241
v 106.698227 7.676004 12.468769
v 106.622986 7.717313 12.627630
v 106.229767 7.904151 12.484922
v 106.306885 7.870724 12.444782
v 106.246773 7.880863 12.210409
v 106.319092 7.831549 12.051699
v 106.230682 7.880370 11.177469
v 106.130768 7.919611 11.250731
v 106.034966 7.934649 11.618087
v 105.582596 8.078063 11.481678
v 105.473679 8.097469 11.612780
v 105.513885 8.076901 11.747669
v 105.708504 8.061012 12.213057
v 105.984314 7.943775 11.928068
v 105.770531 8.024849 11.535518
v 105.326416 8.164048 12.422960
v 105.657356 8.087336 12.465586
v 105.545715 8.101601 12.196627
v 105.372482 8.121511 11.963579
v 105.251778 8.139770 11.867767
v 105.134682 8.173992 11.931611
v 105.102585 8.194111 12.079050
v 107.210312 7.343181 11.092822
v 107.738754 7.017243 11.873615
v 107.571503 7.122330 11.364213
v 107.355484 7.250989 11.059924
v 104.969185 8.239752 12.395555
v 105.007492 8.227155 12.279378
v 105.100006 8.205055 12.236553
v 105.184753 8.188841 12.275591
v 105.260986 8.178131 12.417433
v 105.371849 8.155910 12.629482
v 105.222313 8.189835 12.706827
v 105.136391 8.207212 12.594024
v 105.031548 8.228828 12.503924
v 105.194519 8.195786 12.705655
v 104.547585 8.341125 12.686066
v 104.823303 8.274685 12.583663
v 104.999786 8.236328 12.607666
v 113.013374 6.812518 10.989390
v 113.103142 6.878451 10.908037
v 112.594101 6.938589 10.231939
v 112.733948 6.785605 10.762705
v 113.060860 6.660011 11.476346
v 112.435997 6.795879 10.436703
v 113.128876 6.473961 11.862601
v 113.569603 6.798761 11.510202
v 113.366905 6.870014 11.271046
v 113.363808 6.828246 11.373704
v 113.253654 6.742590 11.473446
v 113.104248 6.707358 11.403326
v 113.004478 6.737390 11.203072
v 113.370636 6.912213 11.162077
v 113.898941 7.017225 11.245930
v 113.399658 6.963584 11.048355
v 113.071159 6.953026 10.649206
v 112.839081 7.046396 10.208219
v 112.691025 7.020005 10.107670
v 113.124535 6.893846 10.888641
v 113.271896 6.937813 10.960792
v 113.164673 7.081326 10.408491
v 113.999756 7.074310 11.164652
v 113.126144 7.181287 10.090450
v 113.309250 7.263872 9.962918
v 113.196556 7.233898 9.972504
v 114.105186 7.127678 11.079404
v 113.876038 7.192995 10.827418
v 113.481842 7.275689 10.048566
v 113.897209 7.406590 9.720831
v 113.741676 7.395097 9.687487
v 113.632477 7.351443 9.835536
v 113.702492 7.251440 10.241465
v 114.447067 7.260916 10.786263
v 114.075623 7.334842 10.290406
v 113.944038 7.385873 9.842966
v 114.475014 7.398102 10.309608
v 114.480637 7.410357 10.223700
v 114.446396 7.446646 9.843181
v 114.336052 7.438079 9.754447
v 114.209610 7.422918 9.777625
v 114.179260 7.392054 9.914253
v 114.186836 7.368456 10.184623
v 114.260101 7.347493 10.445710
v 114.299858 7.356541 10.427047
v 114.321289 7.371922 10.343040
v 114.393837 7.389157 10.294400
v 114.640877 7.314907 10.627836
v 114.517372 7.393086 10.379656
v 114.496094 7.377071 10.463516
v 114.423538 7.359869 10.512163
v 114.342209 7.351559 10.497103
v 112.918839 6.327981 12.030882
v 112.307861 6.769455 10.351137
v 112.177948 6.689843 10.409718
v 112.188545 6.567020 10.755632
v 112.355553 6.451212 11.222352
v 114.525856 7.421670 10.181905
v 114.499962 7.435450 10.034254
v 114.539955 7.449710 9.956836
v 114.633270 7.465580 9.934757
v 114.729019 7.470932 9.997519
v 114.745682 7.457892 10.112642
v 114.720230 7.437154 10.238944
v 114.722336 7.416920 10.370474
v 114.768700 7.346299 10.523178
v 114.566414 7.395471 10.400764
v 114.742210 7.421686 10.353586
v 114.829201 7.459249 10.170023
v 114.945953 7.490340 10.050623
v 115.209831 7.537855 9.966103
v 115.394356 7.501661 10.011003
v 113.502449 6.639192 12.009451
v 114.149010 6.709129 12.465952
v 114.646667 6.845118 12.711603
v 114.411163 6.703893 12.821801
v 113.997353 6.936132 11.770296
v 114.789505 6.925982 12.643608
v 114.720917 6.956522 12.479454
v 114.331024 6.878925 12.162521
v 114.081970 7.082379 11.423383
v 114.211472 7.120253 11.439869
v 114.589531 7.000187 12.121382
v 114.988907 7.093531 12.339291
v 114.496895 7.089266 11.759345
v 114.403893 7.040036 11.830023
v 114.185791 6.987625 11.805050
v 114.002327 6.973330 11.674444
v 113.959854 7.010290 11.515821
v 114.329102 7.171670 11.374394
v 114.298225 7.142685 11.450190
v 114.483513 7.149162 11.578979
v 114.527748 7.104656 11.735849
v 115.123337 7.143208 12.298672
v 115.150307 7.177074 12.185523
v 114.994797 7.189940 11.867579
v 115.400818 7.309089 11.686432
v 115.398430 7.324481 11.527281
v 115.287445 7.307198 11.456811
v 114.866516 7.300588 11.246784
v 114.842186 7.198399 11.617708
v 115.234032 7.265507 11.763583
v 115.011162 7.385941 10.864475
v 114.749657 7.324775 11.036910
v 114.992470 7.333356 11.158712
v 115.257034 7.345491 11.217604
v 115.401001 7.358354 11.211555
v 115.445694 7.386974 11.094686
v 115.379166 7.405452 10.970713
v 114.469368 6.672213 12.963027
v 113.612793 6.388457 12.738343
v 114.043533 6.478790 12.994650
v 114.384506 6.590591 13.076057
v 115.281937 7.445436 10.665318
v 115.325256 7.434307 10.770863
v 115.285439 7.416332 10.857740
v 115.201454 7.404002 10.881977
v 115.061066 7.397038 10.828353
v 114.853233 7.380745 10.746391
v 114.912590 7.408163 10.600266
v 115.042320 7.421185 10.627384
v 115.171700 7.437687 10.626894
v 114.933075 7.412854 10.584092
v 115.405380 7.528424 10.202074
v 115.271362 7.474442 10.443172
v 115.131195 7.444209 10.534187
v 110.595634 9.222930 9.832869
v 110.605057 9.282735 9.705598
v 109.752274 9.359992 9.569889
v 110.228897 9.207558 9.867548
v 110.973511 9.075688 10.164177
v 109.778801 9.228966 9.840580
v 111.293579 8.890656 10.409266
v 111.373413 9.186474 9.818712
v 111.056625 9.266168 9.783831
v 111.126434 9.226130 9.863577
v 111.114677 9.147899 10.019972
v 110.954453 9.119602 10.077101
v 110.739487 9.151790 9.999894
v 110.982788 9.306459 9.698995
v 111.431709 9.382784 9.378180
v 110.924301 9.354429 9.592148
v 110.399094 9.354801 9.534681
v 109.917442 9.454220 9.371830
v 109.736740 9.434155 9.405233
v 110.607285 9.296663 9.675278
v 110.767715 9.334039 9.620564
v 110.299301 9.474301 9.284521
v 111.449005 9.432884 9.243631
v 110.047028 9.571296 9.073461
v 110.092186 9.641244 8.845032
v 110.015816 9.617872 8.934001
v 111.466743 9.478819 9.103120
v 111.121307 9.553800 9.078027
v 110.279770 9.644587 8.784155
v 110.353195 9.744823 8.241246
v 110.215401 9.741961 8.328208
v 110.239998 9.707610 8.516733
v 110.578003 9.610647 8.769641
v 111.511200 9.586782 8.637643
v 110.887993 9.673733 8.534988
v 110.473984 9.723614 8.298456
v 111.195381 9.713972 8.261112
v 111.138542 9.724142 8.193574
v 110.843010 9.754507 7.937591
v 110.698807 9.750557 7.951735
v 110.622505 9.743454 8.059539
v 110.696945 9.717003 8.182854
v 110.894737 9.698694 8.376528
v 111.133995 9.678795 8.516527
v 111.149994 9.685131 8.474057
v 111.106140 9.697556 8.396482
v 111.124947 9.709522 8.308283
v 111.541328 9.626200 8.380720
v 111.276184 9.707848 8.282484
v 111.320015 9.694765 8.359884
v 111.301216 9.682832 8.448093
v 111.230797 9.679043 8.495438
v 111.256027 8.758667 10.690423
v 109.623344 9.207979 9.870764
v 109.567947 9.136185 10.010763
v 109.819054 9.018249 10.263435
v 110.270882 8.900568 10.492731
v 111.142082 9.731918 8.130178
v 111.018188 9.744175 8.039837
v 110.992577 9.754458 7.953936
v 111.045471 9.764360 7.870462
v 111.160393 9.765337 7.847902
v 111.254349 9.753660 7.920992
v 111.325287 9.736995 8.032670
v 111.420105 9.719258 8.128530
v 111.560966 9.647892 8.211395
v 111.327156 9.707730 8.262883
v 111.422722 9.722501 8.101761
v 111.356377 9.751196 7.903440
v 111.357384 9.772928 7.731232
v 111.491272 9.803108 7.478881
v 111.657158 9.755818 7.382585
v 111.676064 9.039408 10.240988
v 112.476334 9.081226 10.110561
v 113.019188 9.194757 9.927980
v 112.921707 9.067856 10.184515
v 111.875511 9.306072 9.696346
v 113.077347 9.266811 9.771829
v 112.910950 9.298418 9.698797
v 112.397644 9.236122 9.749116
v 111.693947 9.441980 9.373808
v 111.801430 9.472967 9.291465
v 112.560654 9.342831 9.527893
v 113.010666 9.418320 9.397501
v 112.237122 9.431064 9.323814
v 112.218193 9.388245 9.444584
v 112.039490 9.347720 9.584618
v 111.811806 9.341489 9.620513
v 111.668617 9.378154 9.532560
v 111.842133 9.516613 9.156847
v 111.872833 9.490712 9.235955
v 112.100334 9.488817 9.197900
v 112.243347 9.444307 9.283767
v 113.081337 9.459723 9.269202
v 113.021271 9.489983 9.165276
v 112.681107 9.505407 9.042706
v 112.851959 9.597613 8.614313
v 112.737083 9.609793 8.498745
v 112.605194 9.597414 8.527219
v 112.147499 9.611883 8.673532
v 112.391502 9.517723 8.968105
v 112.783882 9.565268 8.791973
v 111.982826 9.681170 8.286046
v 111.913010 9.638947 8.601799
v 112.177628 9.635477 8.517587
v 112.413368 9.632837 8.371691
v 112.514626 9.636908 8.264084
v 112.464714 9.660637 8.145140
v 112.328148 9.680741 8.100735
v 113.064125 9.035202 10.248241
v 112.269737 8.793682 10.710306
v 112.769997 8.865044 10.585853
v 113.080452 8.959826 10.396114
v 112.040298 9.720501 7.944262
v 112.146957 9.708900 7.991263
v 112.179344 9.695036 8.084177
v 112.134903 9.688215 8.162379
v 111.993843 9.688566 8.223469
v 111.782990 9.682925 8.312387
v 111.722885 9.703847 8.161692
v 111.837418 9.709723 8.088445
v 111.932091 9.718534 7.995058
v 111.726448 9.706990 8.135015
v 111.802315 9.786823 7.512829
v 111.874870 9.745619 7.787655
v 111.836525 9.725557 7.955712
v 114.278877 6.126865 13.664726
v 114.371170 6.128950 13.726130
v 114.786110 6.355304 13.234420
v 114.386589 6.217613 13.411161
v 113.893250 6.027047 13.769878
v 114.572243 6.336640 13.132808
v 113.581535 5.890733 13.847502
v 113.999458 5.904019 14.162338
v 114.150848 6.027682 13.993275
v 114.065033 6.005758 14.003210
v 113.950951 5.999977 13.925984
v 113.966148 6.036886 13.796329
v 114.101944 6.090286 13.688436
v 114.241638 6.049314 13.982182
v 114.307930 5.897478 14.387875
v 114.342979 6.066058 13.989713
v 114.573532 6.180509 13.663349
v 114.875069 6.321869 13.428393
v 114.915131 6.362696 13.294684
v 114.393112 6.129230 13.740640
v 114.377594 6.099216 13.872943
v 114.798363 6.215410 13.707676
v 114.400818 5.888824 14.452988
v 115.048729 6.284074 13.634279
v 115.198357 6.255049 13.749837
v 115.162094 6.283656 13.667900
v 114.496964 5.875471 14.518544
v 114.651421 6.005849 14.326535
v 115.171906 6.193070 13.889621
v 115.529770 6.087102 14.119151
v 115.520401 6.144539 14.004912
v 115.377953 6.169178 13.957989
v 115.067886 6.091265 14.075913
v 114.813904 5.804377 14.710983
v 115.124184 5.989778 14.363221
v 115.443588 6.058937 14.174948
v 115.204597 5.861893 14.651467
v 115.272812 5.863557 14.636254
v 115.559273 5.884171 14.523584
v 115.601601 5.921442 14.424474
v 115.555000 5.966662 14.343168
v 115.439941 5.965509 14.349084
v 115.233322 5.959547 14.419157
v 115.047859 5.926676 14.530182
v 115.071884 5.914798 14.554289
v 115.142532 5.911881 14.551037
v 115.197502 5.889983 14.591296
v 114.983711 5.749861 14.813800
v 115.159676 5.843726 14.696175
v 115.089050 5.846143 14.699234
v 115.034081 5.868067 14.658985
v 115.026962 5.896657 14.599006
v 113.383759 5.890384 13.700997
v 114.605156 6.369616 13.016092
v 114.519112 6.374401 12.917123
v 114.237663 6.303625 12.971202
v 113.899010 6.176299 13.162397
v 115.315826 5.849732 14.658409
v 115.424301 5.862946 14.606421
v 115.493637 5.851612 14.616550
v 115.532654 5.821167 14.677013
v 115.506264 5.786713 14.758290
v 115.420525 5.776374 14.795645
v 115.316162 5.779469 14.805840
v 115.213684 5.771314 14.835493
v 115.095047 5.711038 14.879922
v 115.154411 5.825295 14.734627
v 115.231438 5.765170 14.845560
v 115.394897 5.744208 14.865972
v 115.514984 5.709217 14.920760
v 115.642456 5.623826 15.086687
v 115.640244 5.522185 15.204241
v 113.579399 5.849303 14.193978
v 113.382866 5.641174 14.764977
v 113.326614 5.531445 15.207459
v 113.168205 5.542413 15.030359
v 113.918030 5.825991 14.564125
v 113.422668 5.521489 15.312685
v 113.537834 5.563601 15.235089
v 113.681129 5.663065 14.865475
v 114.224411 5.871659 14.580485
v 114.245995 5.842458 14.683552
v 113.788544 5.632074 15.068659
v 113.724800 5.534341 15.423305
v 114.058784 5.714464 14.943920
v 113.976974 5.724560 14.884009
v 113.940643 5.781579 14.715643
v 113.998260 5.844345 14.555492
v 114.115883 5.879850 14.498814
v 114.329414 5.823512 14.761674
v 114.260445 5.820871 14.751245
v 114.203125 5.751935 14.909027
v 114.085785 5.710473 14.963416
v 113.792648 5.508214 15.518453
v 113.889862 5.514006 15.517984
v 114.099564 5.573953 15.334971
v 114.342804 5.471242 15.594198
v 114.465134 5.474879 15.554877
v 114.491943 5.507418 15.456970
v 114.561447 5.673567 15.124411
v 114.257736 5.633014 15.170838
v 114.241821 5.517203 15.490559
v 114.895630 5.650436 15.146082
v 114.699844 5.729880 15.000542
v 114.660149 5.637300 15.194418
v 114.673065 5.534681 15.386446
v 114.709969 5.481215 15.482895
v 114.812698 5.475651 15.490816
v 114.895752 5.510677 15.420902
v 113.067955 5.502868 15.094485
v 113.006165 5.667798 14.367996
v 112.919434 5.556429 14.752313
v 112.949867 5.489599 15.038847
v 115.113174 5.564563 15.289612
v 115.040558 5.543583 15.342321
v 114.963432 5.552791 15.333459
v 114.925400 5.581729 15.281005
v 114.935310 5.634726 15.172750
v 114.950813 5.709005 15.009439
v 115.078423 5.694884 15.018327
v 115.087395 5.649271 15.114762
v 115.117760 5.604812 15.204733
v 115.095749 5.688462 15.028955
v 115.503510 5.544965 15.274384
v 115.283829 5.577847 15.232978
v 115.180428 5.622087 15.155580
vt 0.857143 0.436336
vt 0.857143 0.500000
vt 0.714286 0.500000
vt 0.714286 0.000000
vt 0.750000 0.000000
vt 0.785714 0.000000
vt 0.857143 0.000000
vt 0.857143 0.285481
vt 0.826143 0.144918
vt 0.831886 0.370102
vt 0.571429 0.500000
vt 0.571429 0.000000
vt 0.607143 0.000000
vt 0.642857 0.000000
vt 0.678571 0.000000
vt 0.500000 0.000000
vt 0.428571 0.500000
vt 0.428571 0.000000
vt 0.339286 0.000000
vt 0.357143 0.000000
vt 0.285714 0.500000
vt 0.285714 0.000000
vt 0.303571 0.000000
vt 0.321429 0.000000
vt 0.151020 0.181367
vt 0.159632 0.226710
vt 0.142857 0.250000
vt 0.142857 0.000000
vt 0.160714 0.000000
vt 0.178571 0.000000
vt 0.214286 0.000000
vt 0.250000 0.000000
vt 0.232368 0.154342
vt 0.246548 0.078672
vt 0.242233 0.031397
vt 0.221214 0.023953
vt 0.193501 0.026330
vt 0.166879 0.059318
vt 0.226350 0.192269
vt 0.142857 0.500000
vt 0.179975 0.249816
vt 0.071429 0.000000
vt 0.142857 0.000000
vt 0.142857 0.125000
vt 0.142857 0.250000
vt 0.142857 0.375000
vt 0.000000 0.500000
vt 0.000000 0.250000
vt 0.000000 0.000000
vt 0.892857 0.000000
vt 0.928571 0.000000
vt 0.964286 0.000000
vt 1.000000 0.000000
vt 1.000000 0.500000
vt 0.863170 0.441302
vt 0.934222 0.429218
vt 0.977817 0.349782
vt 0.968270 0.251801
vt 0.922853 0.220973
vt 0.867721 0.264796
vt 0.000000 0.000000
vt 0.000000 0.000000
vt 0.000000 0.000000
vt 0.000000 0.000000
vt 0.000000 0.000000
vt 0.000000 0.000000
vt 0.000000 0.000000
vt 0.000000 0.000000
vt 0.000000 0.000000
vt 0.000000 0.000000
vt 0.000000 0.000000
vt 0.000000 0.000000
vt 0.000000 0.000000
vt 0.000000 0.000000
vt 0.000000 0.000000
vt 0.000000 0.000000
vt 0.735803 0.439232
vt 0.714286 0.396168
vt 0.857143 0.000000
vt 0.785714 0.000000
vt 0.750000 0.000000
vt 0.714286 0.000000
vt 0.714286 0.259833
vt 0.738269 0.248050
vt 0.767068 0.286254
vt 0.784359 0.401223
vt 0.767535 0.454087
vt 0.701205 0.230979
vt 0.678571 0.000000
vt 0.642857 0.000000
vt 0.607143 0.000000
vt 0.571429 0.000000
vt 0.692296 0.335414
vt 0.651619 0.160903
vt 0.500000 0.000000
vt 0.428571 0.000000
vt 0.285714 0.000000
vt 0.357143 0.000000
vt 0.339286 0.000000
vt 0.321429 0.000000
vt 0.303571 0.000000
vt 0.178571 0.000000
vt 0.160714 0.000000
vt 0.142857 0.000000
vt 0.142857 0.250000
vt 0.250000 0.000000
vt 0.214286 0.000000
vt 0.000000 0.250000
vt 0.142857 0.375000
vt 0.142857 0.250000
vt 0.142857 0.125000
vt 0.142857 0.000000
vt 0.071429 0.000000
vt 0.000000 0.000000
vt 0.892857 0.000000
vt 1.000000 0.000000
vt 0.964286 0.000000
vt 0.928571 0.000000
vt 0.000000 0.000000
vt 0.000000 0.000000
vt 0.000000 0.000000
vt 0.000000 0.000000
vt 0.000000 0.000000
vt 0.000000 0.000000
vt 0.000000 0.000000
vt 0.000000 0.000000
vt 0.000000 0.000000
vt 0.000000 0.000000
vt 0.000000 0.000000
vt 0.000000 0.000000
vt 0.000000 0.000000
vt 0.857143 0.436336
vt 0.857143 0.500000
vt 0.714286 0.500000
vt 0.714286 0.000000
vt 0.750000 0.000000
vt 0.785714 0.000000
vt 0.857143 0.000000
vt 0.857143 0.285481
vt 0.826143 0.144918
vt 0.831886 0.370102
vt 0.571429 0.500000
vt 0.571429 0.000000
vt 0.607143 0.000000
vt 0.642857 0.000000
vt 0.678571 0.000000
vt 0.500000 0.000000
vt 0.428571 0.500000
vt 0.428571 0.000000
vt 0.339286 0.000000
vt 0.357143 0.000000
vt 0.285714 0.500000
vt 0.285714 0.000000
vt 0.303571 0.000000
vt 0.321429 0.000000
vt 0.151020 0.181367
vt 0.159632 0.226710
vt 0.142857 0.250000
vt 0.142857 0.000000
vt 0.160714 0.000000
vt 0.178571 0.000000
vt 0.214286 0.000000
vt 0.250000 0.000000
vt 0.232368 0.154342
vt 0.246548 0.078672
vt 0.242233 0.031397
vt 0.221214 0.023953
vt 0.193501 0.026330
vt 0.166879 0.059318
vt 0.226350 0.192269
vt 0.142857 0.500000
vt 0.179975 0.249816
vt 0.071429 0.000000
vt 0.142857 0.000000
vt 0.142857 0.125000
vt 0.142857 0.250000
vt 0.142857 0.375000
vt 0.000000 0.500000
vt 0.000000 0.250000
vt 0.000000 0.000000
vt 0.892857 0.000000
vt 0.928571 0.000000
vt 0.964286 0.000000
vt 1.000000 0.000000
vt 1.000000 0.500000
vt 0.863170 0.441302
vt 0.934222 0.429218
vt 0.977817 0.349782
vt 0.968270 0.251801
vt 0.922853 0.220973
vt 0.867721 0.264796
vt 0.000000 0.000000
vt 0.000000 0.000000
vt 0.000000 0.000000
vt 0.000000 0.000000
vt 0.000000 0.000000
vt 0.000000 0.000000
vt 0.000000 0.000000
vt 0.000000 0.000000
vt 0.000000 0.000000
vt 0.000000 0.000000
vt 0.000000 0.000000
vt 0.000000 0.000000
vt 0.000000 0.000000
vt 0.000000 0.000000
vt 0.000000 0.000000
vt 0.000000 0.000000
vt 0.735803 0.439232
vt 0.714286 0.396168
vt 0.857143 0.000000
vt 0.785714 0.000000
vt 0.750000 0.000000
vt 0.714286 0.000000
vt 0.714286 0.259833
vt 0.738269 0.248050
vt 0.767068 0.286254
vt 0.784359 0.401223
vt 0.767535 0.454087
vt 0.701205 0.230979
vt 0.678571 0.000000
vt 0.642857 0.000000
vt 0.607143 0.000000
vt 0.571429 0.000000
vt 0.692296 0.335414
vt 0.651619 0.160903
vt 0.500000 0.000000
vt 0.428571 0.000000
vt 0.285714 0.000000
vt 0.357143 0.000000
vt 0.339286 0.000000
vt 0.321429 0.000000
vt 0.303571 0.000000
vt 0.178571 0.000000
vt 0.160714 0.000000
vt 0.142857 0.000000
vt 0.142857 0.250000
vt 0.250000 0.000000
vt 0.214286 0.000000
vt 0.000000 0.250000
vt 0.142857 0.375000
vt 0.142857 0.250000
vt 0.142857 0.125000
vt 0.142857 0.000000
vt 0.071429 0.000000
vt 0.000000 0.000000
vt 0.892857 0.000000
vt 1.000000 0.000000
vt 0.964286 0.000000
vt 0.928571 0.000000
vt 0.000000 0.000000
vt 0.000000 0.000000
vt 0.000000 0.000000
vt 0.000000 0.000000
vt 0.000000 0.000000
vt 0.000000 0.000000
vt 0.000000 0.000000
vt 0.000000 0.000000
vt 0.000000 0.000000
vt 0.000000 0.000000
vt 0.000000 0.000000
vt 0.000000 0.000000
vt 0.000000 0.000000
vt 0.000000 0.000000
vt 0.000000 0.000000
vt 0.000000 0.000000
vt 0.000000 0.000000
vt 0.000000 0.000000
vt 0.000000 0.000000
vt 0.000000 0.000000
vt 0.000000 0.000000
vt 0.000000 0.000000
vt 0.000000 0.000000
vt 0.000000 0.000000
vt 0.000000 0.000000
vt 0.000000 0.000000
vt 0.000000 0.000000
vt 0.000000 0.000000
vt 0.000000 0.000000
vt 0.000000 0.000000
vt 0.000000 0.000000
vt 0.000000 0.000000
vt 0.000000 0.000000
vt 0.000000 0.000000
vt 0.000000 0.000000
vt 0.000000 0.000000
vt 0.000000 0.000000
vt 0.000000 0.000000
vt 0.000000 0.000000
vt 0.000000 0.000000
vt 0.000000 0.000000
vt 0.000000 0.000000
vt 0.000000 0.000000
vt 0.000000 0.000000
vt 0.000000 0.000000
vt 0.000000 0.000000
vt 0.000000 0.000000
vt 0.000000 0.000000
vt 0.000000 0.000000
vt 0.000000 0.000000
vt 0.000000 0.000000
vt 0.000000 0.000000
vt 0.000000 0.000000
vt 0.000000 0.000000
vt 0.000000 0.000000
vt 0.000000 0.000000
vt 0.000000 0.000000
vt 0.000000 0.000000
vt 0.000000 0.000000
vt 0.000000 0.000000
vt 0.000000 0.000000
vt 0.000000 0.000000
vt 0.000000 0.000000
vt 0.000000 0.000000
vt 0.000000 0.000000
vt 0.000000 0.000000
vt 0.000000 0.000000
vt 0.000000 0.000000
vt 0.000000 0.000000
vt 0.000000 0.000000
vt 0.000000 0.000000
vt 0.000000 0.000000
vt 0.000000 0.000000
vt 0.000000 0.000000
vt 0.000000 0.000000
vt 0.000000 0.000000
vt 0.000000 0.000000
vt 0.000000 0.000000
vt 0.000000 0.000000
vt 0.000000 0.000000
vt 0.000000 0.000000
vt 0.000000 0.000000
vt 0.000000 0.000000
vt 0.000000 0.000000
vt 0.000000 0.000000
vt 0.000000 0.000000
vt 0.000000 0.000000
vt 0.000000 0.000000
vt 0.000000 0.000000
vt 0.000000 0.000000
vt 0.000000 0.000000
vt 0.000000 0.000000
vt 0.000000 0.000000
vt 0.000000 0.000000
vt 0.000000 0.000000
vt 0.000000 0.000000
vt 0.000000 0.000000
vt 0.000000 0.000000
vt 0.000000 0.000000
vt 0.000000 0.000000
vt 0.000000 0.000000
vt 0.000000 0.000000
vt 0.000000 0.000000
vt 0.000000 0.000000
vt 0.000000 0.000000
vt 0.000000 0.000000
vt 0.000000 0.000000
vt 0.000000 0.000000
vt 0.000000 0.000000
vt 0.000000 0.000000
vt 0.000000 0.000000
vt 0.000000 0.000000
vt 0.000000 0.000000
vt 0.000000 0.000000
vt 0.000000 0.000000
vt 0.000000 0.000000
vt 0.000000 0.000000
vt 0.000000 0.000000
vt 0.000000 0.000000
vt 0.000000 0.000000
vt 0.000000 0.000000
vt 0.000000 0.000000
vt 0.000000 0.000000
vt 0.000000 0.000000
vt 0.000000 0.000000
vt 0.000000 0.000000
vt 0.000000 0.000000
vt 0.000000 0.000000
vt 0.000000 0.000000
vt 0.000000 0.000000
vt 0.000000 0.000000
vt 0.000000 0.000000
vt 0.000000 0.000000
vt 0.000000 0.000000
vt 0.000000 0.000000
vt 0.000000 0.000000
vt 0.000000 0.000000
vt 0.000000 0.000000
vt 0.000000 0.000000
vt 0.000000 0.000000
vt 0.000000 0.000000
vt 0.000000 0.000000
vt 0.000000 0.000000
vt 0.000000 0.000000
vt 0.000000 0.000000
vt 0.000000 0.000000
vt 0.000000 0.000000
vt 0.000000 0.000000
vt 0.000000 0.000000
vt 0.000000 0.000000
vt 0.000000 0.000000
vt 0.000000 0.000000
vt 0.000000 0.000000
vt 0.000000 0.000000
vt 0.000000 0.000000
vt 0.000000 0.000000
vt 0.000000 0.000000
vt 0.000000 0.000000
vt 0.000000 0.000000
vt 0.000000 0.000000
vt 0.000000 0.000000
vt 0.000000 0.000000
vt 0.000000 0.000000
vt 0.000000 0.000000
vt 0.000000 0.000000
vt 0.000000 0.000000
vt 0.000000 0.000000
vt 0.000000 0.000000
vt 0.000000 0.000000
vt 0.000000 0.000000
vt 0.000000 0.000000
vt 0.000000 0.000000
vt 0.000000 0.000000
vt 0.000000 0.000000
vt 0.000000 0.000000
vt 0.000000 0.000000
vt 0.000000 0.000000
vt 0.000000 0.000000
vt 0.000000 0.000000
vt 0.000000 0.000000
vt 0.000000 0.000000
vt 0.000000 0.000000
vt 0.000000 0.000000
vt 0.000000 0.000000
vt 0.000000 0.000000
vt 0.000000 0.000000
vt 0.000000 0.000000
vt 0.000000 0.000000
vt 0.000000 0.000000
vt 0.000000 0.000000
vt 0.000000 0.000000
vt 0.000000 0.000000
vt 0.000000 0.000000
vt 0.000000 0.000000
vt 0.000000 0.000000
vt 0.000000 0.000000
vt 0.000000 0.000000
vt 0.000000 0.000000
vt 0.000000 0.000000
vt 0.000000 0.000000
vt 0.000000 0.000000
vt 0.000000 0.000000
vt 0.000000 0.000000
vt 0.000000 0.000000
vt 0.000000 0.000000
vt 0.000000 0.000000
vt 0.000000 0.000000
vt 0.000000 0.000000
vt 0.000000 0.000000
vt 0.000000 0.000000
vt 0.000000 0.000000
vt 0.000000 0.000000
vt 0.000000 0.000000
vt 0.000000 0.000000
vt 0.000000 0.000000
vt 0.000000 0.000000
vt 0.000000 0.000000
vt 0.000000 0.000000
vt 0.000000 0.000000
vt 0.000000 0.000000
vt 0.000000 0.000000
vt 0.000000 0.000000
vt 0.000000 0.000000
vt 0.000000 0.000000
vt 0.000000 0.000000
vt 0.000000 0.000000
vt 0.000000 0.000000
vt 0.000000 0.000000
vt 0.000000 0.000000
vt 0.000000 0.000000
vt 0.000000 0.000000
vt 0.000000 0.000000
vt 0.000000 0.000000
vt 0.000000 0.000000
vt 0.000000 0.000000
vt 0.000000 0.000000
vt 0.000000 0.000000
vt 0.000000 0.000000
vt 0.000000 0.000000
vt 0.000000 0.000000
vt 0.000000 0.000000
vt 0.000000 0.000000
vt 0.000000 0.000000
vt 0.000000 0.000000
vt 0.000000 0.000000
vt 0.000000 0.000000
vt 0.000000 0.000000
vt 0.000000 0.000000
vt 0.000000 0.000000
vt 0.000000 0.000000
vt 0.000000 0.000000
vt 0.000000 0.000000
vt 0.000000 0.000000
vt 0.000000 0.000000
vt 0.000000 0.000000
vt 0.000000 0.000000
vt 0.000000 0.000000
vt 0.000000 0.000000
vt 0.000000 0.000000
vt 0.000000 0.000000
vt 0.000000 0.000000
vt 0.000000 0.000000
vt 0.000000 0.000000
vt 0.000000 0.000000
vt 0.000000 0.000000
vt 0.000000 0.000000
vt 0.000000 0.000000
vt 0.000000 0.000000
vt 0.000000 0.000000
vt 0.000000 0.000000
vt 0.000000 0.000000
vt 0.000000 0.000000
vt 0.000000 0.000000
vt 0.000000 0.000000
vt 0.000000 0.000000
vt 0.000000 0.000000
vt 0.000000 0.000000
vt 0.000000 0.000000
vt 0.000000 0.000000
vt 0.000000 0.000000
vt 0.000000 0.000000
vt 0.000000 0.000000
vt 0.000000 0.000000
vt 0.000000 0.000000
vt 0.000000 0.000000
vt 0.000000 0.000000
vt 0.000000 0.000000
vt 0.000000 0.000000
vt 0.000000 0.000000
vt 0.000000 0.000000
vt 0.000000 0.000000
vt 0.000000 0.000000
vt 0.000000 0.000000
vt 0.000000 0.000000
vt 0.000000 0.000000
vt 0.000000 0.000000
vt 0.000000 0.000000
vt 0.000000 0.000000
vt 0.000000 0.000000
vt 0.000000 0.000000
vt 0.000000 0.000000
vt 0.000000 0.000000
vt 0.000000 0.000000
vt 0.000000 0.000000
vt 0.000000 0.000000
vt 0.000000 0.000000
vt 0.000000 0.000000
vt 0.000000 0.000000
vt 0.000000 0.000000
vt 0.000000 0.000000
vt 0.000000 0.000000
vt 0.000000 0.000000
vt 0.000000 0.000000
vt 0.000000 0.000000
vt 0.000000 0.000000
vt 0.000000 0.000000
vt 0.000000 0.000000
vt 0.000000 0.000000
vt 0.000000 0.000000
vt 0.000000 0.000000
vt 0.000000 0.000000
vt 0.000000 0.000000
vt 0.000000 0.000000
vt 0.000000 0.000000
vt 0.000000 0.000000
vt 0.000000 0.000000
vt 0.000000 0.000000
vt 0.000000 0.000000
vt 0.000000 0.000000
vt 0.000000 0.000000
vt 0.000000 0.000000
vt 0.000000 0.000000
vt 0.000000 0.000000
vt 0.000000 0.000000
vt 0.000000 0.000000
vt 0.000000 0.000000
vt 0.000000 0.000000
vt 0.000000 0.000000
vt 0.000000 0.000000
vt 0.000000 0.000000
vt 0.000000 0.000000
vt 0.000000 0.000000
vt 0.000000 0.000000
vt 0.000000 0.000000
vt 0.000000 0.000000
vt 0.000000 0.000000
vt 0.000000 0.000000
vt 0.000000 0.000000
vt 0.000000 0.000000
vt 0.000000 0.000000
vt 0.000000 0.000000
vt 0.000000 0.000000
vt 0.000000 0.000000
vt 0.000000 0.000000
vt 0.000000 0.000000
vt 0.000000 0.000000
vt 0.000000 0.000000
vt 0.000000 0.000000
vt 0.000000 0.000000
vt 0.000000 0.000000
vt 0.000000 0.000000
vt 0.000000 0.000000
vt 0.000000 0.000000
vt 0.000000 0.000000
vt 0.000000 0.000000
vt 0.000000 0.000000
vt 0.000000 0.000000
vt 0.000000 0.000000
vt 0.000000 0.000000
vt 0.000000 0.000000
vt 0.000000 0.000000
vt 0.000000 0.000000
vt 0.000000 0.000000
vt 0.000000 0.000000
vt 0.000000 0.000000
vt 0.000000 0.000000
vt 0.000000 0.000000
vt 0.000000 0.000000
vt 0.000000 0.000000
vt 0.000000 0.000000
vt 0.000000 0.000000
vt 0.000000 0.000000
vt 0.000000 0.000000
vt 0.000000 0.000000
vt 0.000000 0.000000
vt 0.000000 0.000000
vt 0.000000 0.000000
vt 0.000000 0.000000
vt 0.000000 0.000000
vt 0.000000 0.000000
vt 0.000000 0.000000
vt 0.000000 0.000000
vt 0.000000 0.000000
vt 0.000000 0.000000
vt 0.000000 0.000000
vt 0.000000 0.000000
vt 0.000000 0.000000
vt 0.000000 0.000000
vt 0.000000 0.000000
vt 0.000000 0.000000
vt 0.000000 0.000000
vt 0.000000 0.000000
vt 0.000000 0.000000
vt 0.000000 0.000000
vt 0.000000 0.000000
vt 0.000000 0.000000
vt 0.000000 0.000000
vt 0.000000 0.000000
vt 0.000000 0.000000
vt 0.000000 0.000000
vt 0.000000 0.000000
vt 0.000000 0.000000
vt 0.000000 0.000000
vt 0.000000 0.000000
vt 0.000000 0.000000
vt 0.000000 0.000000
vt 0.000000 0.000000
vt 0.000000 0.000000
vt 0.000000 0.000000
vt 0.000000 0.000000
vt 0.000000 0.000000
vt 0.000000 0.000000
vt 0.000000 0.000000
vt 0.000000 0.000000
vt 0.000000 0.000000
vt 0.000000 0.000000
vt 0.000000 0.000000
vt 0.000000 0.000000
vt 0.000000 0.000000
vt 0.000000 0.000000
vt 0.000000 0.000000
vt 0.000000 0.000000
vt 0.000000 0.000000
vt 0.000000 0.000000
vt 0.000000 0.000000
vt 0.000000 0.000000
vt 0.000000 0.000000
vt 0.000000 0.000000
vt 0.000000 0.000000
vt 0.000000 0.000000
vt 0.000000 0.000000
vt 0.000000 0.000000
vt 0.000000 0.000000
vt 0.000000 0.000000
vt 0.000000 0.000000
vt 0.000000 0.000000
vt 0.000000 0.000000
vt 0.000000 0.000000
vt 0.000000 0.000000
vt 0.000000 0.000000
vt 0.000000 0.000000
vt 0.000000 0.000000
vt 0.000000 0.000000
vt 0.000000 0.000000
vt 0.000000 0.000000
vt 0.000000 0.000000
vt 0.000000 0.000000
vt 0.000000 0.000000
vt 0.000000 0.000000
vt 0.000000 0.000000
vt 0.000000 0.000000
vt 0.000000 0.000000
vt 0.000000 0.000000
vt 0.000000 0.000000
vt 0.000000 0.000000
vt 0.000000 0.000000
vt 0.000000 0.000000
vt 0.000000 0.000000
vt 0.000000 0.000000
vt 0.000000 0.000000
vt 0.000000 0.000000
vt 0.000000 0.000000
vt 0.000000 0.000000
vt 0.000000 0.000000
vt 0.000000 0.000000
vt 0.000000 0.000000
vt 0.000000 0.000000
vt 0.000000 0.000000
vt 0.000000 0.000000
vt 0.000000 0.000000
vt 0.000000 0.000000
vt 0.000000 0.000000
vt 0.000000 0.000000
vt 0.000000 0.000000
vt 0.000000 0.000000
vt 0.000000 0.000000
vt 0.000000 0.000000
vt 0.000000 0.000000
vt 0.000000 0.000000
vt 0.000000 0.000000
vt 0.000000 0.000000
vt 0.000000 0.000000
vt 0.000000 0.000000
vt 0.000000 0.000000
vt 0.000000 0.000000
vt 0.000000 0.000000
vt 0.000000 0.000000
vt 0.000000 0.000000
vt 0.000000 0.000000
vt 0.000000 0.000000
vt 0.000000 0.000000
vt 0.000000 0.000000
vt 0.000000 0.000000
vt 0.000000 0.000000
vt 0.000000 0.000000
vt 0.000000 0.000000
vt 0.000000 0.000000
vt 0.000000 0.000000
vt 0.000000 0.000000
vt 0.000000 0.000000
vt 0.000000 0.000000
vt 0.000000 0.000000
vt 0.000000 0.000000
vt 0.000000 0.000000
vt 0.000000 0.000000
vt 0.000000 0.000000
vt 0.000000 0.000000
vt 0.000000 0.000000
vt 0.000000 0.000000
vt 0.000000 0.000000
vt 0.000000 0.000000
vt 0.000000 0.000000
vt 0.000000 0.000000
vt 0.000000 0.000000
vt 0.000000 0.000000
vt 0.000000 0.000000
vt 0.000000 0.000000
vt 0.000000 0.000000
vt 0.000000 0.000000
vt 0.000000 0.000000
vt 0.000000 0.000000
vt 0.000000 0.000000
vt 0.000000 0.000000
vt 0.000000 0.000000
vt 0.000000 0.000000
vt 0.000000 0.000000
vt 0.000000 0.000000
vt 0.000000 0.000000
vt 0.000000 0.000000
vt 0.000000 0.000000
vt 0.000000 0.000000
vt 0.000000 0.000000
vt 0.000000 0.000000
vt 0.000000 0.000000
vt 0.000000 0.000000
vt 0.000000 0.000000
vt 0.000000 0.000000
vt 0.000000 0.000000
vt 0.000000 0.000000
vt 0.000000 0.000000
vt 0.000000 0.000000
vt 0.000000 0.000000
vt 0.000000 0.000000
vt 0.000000 0.000000
vt 0.000000 0.000000
vt 0.000000 0.000000
vt 0.000000 0.000000
vt 0.000000 0.000000
vt 0.000000 0.000000
vt 0.000000 0.000000
vt 0.000000 0.000000
vt 0.000000 0.000000
vt 0.000000 0.000000
vt 0.000000 0.000000
vt 0.000000 0.000000
vt 0.000000 0.000000
vt 0.000000 0.000000
vt 0.000000 0.000000
vt 0.000000 0.000000
vt 0.000000 0.000000
vt 0.000000 0.000000
vt 0.000000 0.000000
vt 0.000000 0.000000
vt 0.000000 0.000000
vt 0.000000 0.000000
vt 0.000000 0.000000
vt 0.000000 0.000000
vt 0.000000 0.000000
vt 0.000000 0.000000
vt 0.000000 0.000000
vt 0.000000 0.000000
vt 0.000000 0.000000
vt 0.000000 0.000000
vt 0.000000 0.000000
vt 0.000000 0.000000
vt 0.000000 0.000000
vt 0.000000 0.000000
vt 0.000000 0.000000
vt 0.000000 0.000000
vt 0.000000 0.000000
vt 0.000000 0.000000
vt 0.000000 0.000000
vt 0.000000 0.000000
vt 0.000000 0.000000
vt 0.000000 0.000000
vt 0.000000 0.000000
vt 0.000000 0.000000
vt 0.000000 0.000000
vt 0.000000 0.000000
vt 0.000000 0.000000
vt 0.000000 0.000000
vt 0.000000 0.000000
vt 0.000000 0.000000
vt 0.000000 0.000000
vt 0.000000 0.000000
vt 0.000000 0.000000
vt 0.000000 0.000000
vt 0.000000 0.000000
vt 0.000000 0.000000
vt 0.000000 0.000000
vt 0.000000 0.000000
vt 0.000000 0.000000
vt 0.000000 0.000000
vt 0.000000 0.000000
vt 0.000000 0.000000
vt 0.000000 0.000000
vt 0.000000 0.000000
vt 0.000000 0.000000
vt 0.000000 0.000000
vt 0.000000 0.000000
vt 0.000000 0.000000
vt 0.000000 0.000000
vt 0.000000 0.000000
vt 0.000000 0.000000
vt 0.000000 0.000000
vt 0.000000 0.000000
vt 0.000000 0.000000
vt 0.000000 0.000000
vt 0.000000 0.000000
vt 0.000000 0.000000
vt 0.000000 0.000000
vt 0.000000 0.000000
vt 0.000000 0.000000
vt 0.000000 0.000000
vt 0.000000 0.000000
vt 0.000000 0.000000
vt 0.000000 0.000000
vt 0.000000 0.000000
vt 0.000000 0.000000
vt 0.000000 0.000000
vt 0.000000 0.000000
vt 0.000000 0.000000
vt 0.000000 0.000000
vt 0.000000 0.000000
vt 0.000000 0.000000
vt 0.000000 0.000000
vt 0.000000 0.000000
vt 0.000000 0.000000
vt 0.000000 0.000000
vt 0.000000 0.000000
vt 0.000000 0.000000
vt 0.000000 0.000000
vt 0.000000 0.000000
vt 0.000000 0.000000
vt 0.000000 0.000000
vt 0.000000 0.000000
vt 0.000000 0.000000
vt 0.000000 0.000000
vt 0.000000 0.000000
vt 0.000000 0.000000
vt 0.000000 0.000000
vt 0.000000 0.000000
vt 0.000000 0.000000
vt 0.000000 0.000000
vt 0.000000 0.000000
vt 0.000000 0.000000
vt 0.000000 0.000000
vt 0.000000 0.000000
vt 0.000000 0.000000
vt 0.000000 0.000000
vt 0.000000 0.000000
vt 0.000000 0.000000
vt 0.000000 0.000000
vt 0.000000 0.000000
vt 0.000000 0.000000
vt 0.000000 0.000000
vt 0.000000 0.000000
vt 0.000000 0.000000
vt 0.000000 0.000000
vt 0.000000 0.000000
vt 0.000000 0.000000
vt 0.000000 0.000000
vt 0.000000 0.000000
vt 0.000000 0.000000
vt 0.000000 0.000000
vt 0.000000 0.000000
vt 0.000000 0.000000
vt 0.000000 0.000000
vt 0.000000 0.000000
vt 0.000000 0.000000
vt 0.000000 0.000000
vt 0.000000 0.000000
vt 0.000000 0.000000
vt 0.000000 0.000000
vt 0.000000 0.000000
vt 0.000000 0.000000
vt 0.000000 0.000000
vt 0.000000 0.000000
vt 0.000000 0.000000
vt 0.000000 0.000000
vt 0.000000 0.000000
vt 0.000000 0.000000
vt 0.000000 0.000000
vt 0.000000 0.000000
vt 0.000000 0.000000
vt 0.000000 0.000000
vt 0.000000 0.000000
vt 0.000000 0.000000
vt 0.000000 0.000000
vt 0.000000 0.000000
vt 0.000000 0.000000
vt 0.000000 0.000000
vt 0.000000 0.000000
vt 0.000000 0.000000
vt 0.000000 0.000000
vt 0.000000 0.000000
vt 0.000000 0.000000
vt 0.000000 0.000000
vt 0.000000 0.000000
vt 0.000000 0.000000
vt 0.000000 0.000000
vt 0.000000 0.000000
vt 0.000000 0.000000
vt 0.000000 0.000000
vt 0.000000 0.000000
vt 0.000000 0.000000
vt 0.000000 0.000000
vt 0.000000 0.000000
vt 0.000000 0.000000
vt 0.000000 0.000000
vt 0.000000 0.000000
vt 0.000000 0.000000
vt 0.000000 0.000000
vt 0.000000 0.000000
vt 0.000000 0.000000
vt 0.000000 0.000000
vt 0.000000 0.000000
vt 0.000000 0.000000
vt 0.000000 0.000000
vt 0.000000 0.000000
vt 0.000000 0.000000
vt 0.000000 0.000000
vt 0.000000 0.000000
vt 0.000000 0.000000
vt 0.000000 0.000000
vt 0.000000 0.000000
vt 0.000000 0.000000
vt 0.000000 0.000000
vt 0.000000 0.000000
vt 0.000000 0.000000
vt 0.000000 0.000000
vt 0.000000 0.000000
vt 0.000000 0.000000
vt 0.000000 0.000000
vt 0.000000 0.000000
vt 0.000000 0.000000
vt 0.000000 0.000000
vt 0.000000 0.000000
vt 0.000000 0.000000
vt 0.000000 0.000000
vt 0.000000 0.000000
vt 0.000000 0.000000
vt 0.000000 0.000000
vt 0.000000 0.000000
vt 0.000000 0.000000
vt 0.000000 0.000000
vt 0.000000 0.000000
vt 0.000000 0.000000
vt 0.000000 0.000000
vt 0.000000 0.000000
vt 0.000000 0.000000
vt 0.000000 0.000000
vt 0.000000 0.000000
vt 0.000000 0.000000
vt 0.000000 0.000000
vt 0.000000 0.000000
vt 0.000000 0.000000
vt 0.000000 0.000000
vt 0.000000 0.000000
vt 0.000000 0.000000
vt 0.000000 0.000000
vt 0.000000 0.000000
vt 0.000000 0.000000
vt 0.000000 0.000000
vt 0.000000 0.000000
vt 0.000000 0.000000
vt 0.000000 0.000000
vt 0.000000 0.000000
vt 0.000000 0.000000
vt 0.000000 0.000000
vt 0.000000 0.000000
vt 0.000000 0.000000
vt 0.000000 0.000000
vt 0.000000 0.000000
vt 0.000000 0.000000
vt 0.000000 0.000000
vt 0.000000 0.000000
vt 0.000000 0.000000
vt 0.000000 0.000000
vt 0.000000 0.000000
vt 0.000000 0.000000
vt 0.000000 0.000000
vt 0.000000 0.000000
vt 0.000000 0.000000
vt 0.000000 0.000000
vt 0.000000 0.000000
vt 0.000000 0.000000
vt 0.000000 0.000000
vt 0.000000 0.000000
vt 0.000000 0.000000
vt 0.000000 0.000000
vt 0.000000 0.000000
vt 0.000000 0.000000
vt 0.000000 0.000000
vt 0.000000 0.000000
vt 0.000000 0.000000
vt 0.000000 0.000000
vt 0.000000 0.000000
vt 0.000000 0.000000
vt 0.000000 0.000000
vt 0.000000 0.000000
vt 0.000000 0.000000
vt 0.000000 0.000000
vt 0.000000 0.000000
vt 0.000000 0.000000
vt 0.000000 0.000000
vt 0.000000 0.000000
vt 0.000000 0.000000
vt 0.000000 0.000000
vt 0.000000 0.000000
vt 0.000000 0.000000
vt 0.000000 0.000000
vt 0.000000 0.000000
vt 0.000000 0.000000
vt 0.000000 0.000000
vt 0.000000 0.000000
vt 0.000000 0.000000
vt 0.000000 0.000000
vt 0.000000 0.000000
vt 0.000000 0.000000
vt 0.000000 0.000000
vt 0.000000 0.000000
vt 0.000000 0.000000
vt 0.000000 0.000000
vt 0.000000 0.000000
vt 0.000000 0.000000
vt 0.000000 0.000000
vt 0.000000 0.000000
vt 0.000000 0.000000
vt 0.000000 0.000000
vt 0.000000 0.000000
vt 0.000000 0.000000
vt 0.000000 0.000000
vt 0.000000 0.000000
vt 0.000000 0.000000
vt 0.000000 0.000000
vt 0.000000 0.000000
vt 0.000000 0.000000
vt 0.000000 0.000000
vt 0.000000 0.000000
vt 0.000000 0.000000
vt 0.000000 0.000000
vt 0.000000 0.000000
vt 0.000000 0.000000
vt 0.000000 0.000000
vt 0.000000 0.000000
vt 0.000000 0.000000
vt 0.000000 0.000000
vt 0.000000 0.000000
vt 0.000000 0.000000
vt 0.000000 0.000000
vt 0.000000 0.000000
vt 0.000000 0.000000
vt 0.000000 0.000000
vt 0.000000 0.000000
vt 0.000000 0.000000
vt 0.000000 0.000000
vt 0.000000 0.000000
vt 0.000000 0.000000
vt 0.000000 0.000000
vt 0.000000 0.000000
vt 0.000000 0.000000
vt 0.000000 0.000000
vt 0.000000 0.000000
vt 0.000000 0.000000
vt 0.000000 0.000000
vt 0.000000 0.000000
vt 0.000000 0.000000
vt 0.000000 0.000000
vt 0.000000 0.000000
vt 0.000000 0.000000
vt 0.000000 0.000000
vt 0.000000 0.000000
vt 0.000000 0.000000
vt 0.000000 0.000000
vt 0.000000 0.000000
vt 0.000000 0.000000
vt 0.000000 0.000000
vt 0.000000 0.000000
vt 0.000000 0.000000
vt 0.000000 0.000000
vt 0.000000 0.000000
vt 0.000000 0.000000
vt 0.000000 0.000000
vt 0.000000 0.000000
vt 0.000000 0.000000
vt 0.000000 0.000000
vt 0.000000 0.000000
vt 0.000000 0.000000
vt 0.000000 0.000000
vt 0.000000 0.000000
vt 0.000000 0.000000
vt 0.000000 0.000000
vt 0.000000 0.000000
vt 0.000000 0.000000
vt 0.000000 0.000000
vt 0.000000 0.000000
vt 0.000000 0.000000
vt 0.000000 0.000000
vt 0.000000 0.000000
vt 0.000000 0.000000
vt 0.000000 0.000000
vt 0.000000 0.000000
vt 0.000000 0.000000
vt 0.000000 0.000000
vt 0.000000 0.000000
vt 0.000000 0.000000
vt 0.000000 0.000000
vt 0.000000 0.000000
vt 0.000000 0.000000
vt 0.000000 0.000000
vt 0.000000 0.000000
vt 0.000000 0.000000
vt 0.000000 0.000000
vt 0.000000 0.000000
vt 0.000000 0.000000
vt 0.000000 0.000000
vt 0.000000 0.000000
vt 0.000000 0.000000
vt 0.000000 0.000000
vt 0.000000 0.000000
vt 0.000000 0.000000
vt 0.000000 0.000000
vt 0.000000 0.000000
vt 0.000000 0.000000
vt 0.000000 0.000000
vt 0.000000 0.000000
vt 0.000000 0.000000
vt 0.000000 0.000000
vt 0.000000 0.000000
vt 0.000000 0.000000
vt 0.000000 0.000000
vt 0.000000 0.000000
vt 0.000000 0.000000
vt 0.000000 0.000000
vt 0.000000 0.000000
vt 0.000000 0.000000
vt 0.000000 0.000000
vt 0.000000 0.000000
vt 0.000000 0.000000
vt 0.000000 0.000000
vt 0.000000 0.000000
vt 0.000000 0.000000
vt 0.000000 0.000000
vt 0.000000 0.000000
vt 0.000000 0.000000
vt 0.000000 0.000000
vt 0.000000 0.000000
vt 0.000000 0.000000
vt 0.000000 0.000000
vt 0.000000 0.000000
vt 0.000000 0.000000
vt 0.000000 0.000000
vt 0.000000 0.000000
vt 0.000000 0.000000
vt 0.000000 0.000000
vt 0.000000 0.000000
vt 0.000000 0.000000
vt 0.000000 0.000000
vt 0.000000 0.000000
vt 0.000000 0.000000
vt 0.000000 0.000000
vt 0.000000 0.000000
vt 0.000000 0.000000
vt 0.000000 0.000000
vt 0.000000 0.000000
vt 0.000000 0.000000
vt 0.000000 0.000000
vt 0.000000 0.000000
vt 0.000000 0.000000
vt 0.000000 0.000000
vt 0.000000 0.000000
vt 0.000000 0.000000
vt 0.000000 0.000000
vt 0.000000 0.000000
vt 0.000000 0.000000
vt 0.000000 0.000000
vt 0.000000 0.000000
vt 0.000000 0.000000
vt 0.000000 0.000000
vt 0.000000 0.000000
vt 0.000000 0.000000
vt 0.000000 0.000000
vt 0.000000 0.000000
vt 0.000000 0.000000
vt 0.000000 0.000000
vt 0.000000 0.000000
vt 0.000000 0.000000
vt 0.000000 0.000000
vt 0.000000 0.000000
vt 0.000000 0.000000
vt 0.000000 0.000000
vt 0.000000 0.000000
vt 0.000000 0.000000
vt 0.000000 0.000000
vt 0.000000 0.000000
vt 0.000000 0.000000
vt 0.000000 0.000000
vt 0.000000 0.000000
vt 0.000000 0.000000
vt 0.000000 0.000000
vt 0.000000 0.000000
vt 0.000000 0.000000
vt 0.000000 0.000000
vt 0.000000 0.000000
vt 0.000000 0.000000
vt 0.000000 0.000000
vt 0.000000 0.000000
vt 0.000000 0.000000
vt 0.000000 0.000000
vt 0.000000 0.000000
vt 0.000000 0.000000
vt 0.000000 0.000000
vt 0.000000 0.000000
vt 0.000000 0.000000
vt 0.000000 0.000000
vt 0.000000 0.000000
vt 0.000000 0.000000
vt 0.000000 0.000000
vt 0.000000 0.000000
vt 0.000000 0.000000
vt 0.000000 0.000000
vt 0.000000 0.000000
vt 0.000000 0.000000
vt 0.000000 0.000000
vt 0.000000 0.000000
vt 0.000000 0.000000
vt 0.000000 0.000000
vt 0.000000 0.000000
vt 0.000000 0.000000
vt 0.000000 0.000000
vt 0.000000 0.000000
vt 0.000000 0.000000
vt 0.000000 0.000000
vt 0.000000 0.000000
vt 0.000000 0.000000
vt 0.000000 0.000000
vt 0.000000 0.000000
vt 0.000000 0.000000
vt 0.000000 0.000000
vt 0.000000 0.000000
vt 0.000000 0.000000
vt 0.000000 0.000000
vt 0.000000 0.000000
vt 0.000000 0.000000
vt 0.000000 0.000000
vt 0.000000 0.000000
vt 0.000000 0.000000
vt 0.000000 0.000000
vt 0.000000 0.000000
vt 0.000000 0.000000
vt 0.000000 0.000000
vt 0.000000 0.000000
vt 0.000000 0.000000
vt 0.000000 0.000000
vt 0.000000 0.000000
vt 0.000000 0.000000
vt 0.000000 0.000000
vt 0.000000 0.000000
vt 0.000000 0.000000
vt 0.000000 0.000000
vt 0.000000 0.000000
vt 0.000000 0.000000
vt 0.000000 0.000000
vt 0.000000 0.000000
vt 0.000000 0.000000
vt 0.000000 0.000000
vt 0.000000 0.000000
vt 0.000000 0.000000
vt 0.000000 0.000000
vt 0.000000 0.000000
vt 0.000000 0.000000
vt 0.000000 0.000000
vt 0.000000 0.000000
vt 0.000000 0.000000
vt 0.000000 0.000000
vt 0.000000 0.000000
vt 0.000000 0.000000
vt 0.000000 0.000000
vt 0.000000 0.000000
vt 0.000000 0.000000
vt 0.000000 0.000000
vt 0.000000 0.000000
vt 0.000000 0.000000
vt 0.000000 0.000000
vt 0.000000 0.000000
vt 0.000000 0.000000
vt 0.000000 0.000000
vt 0.000000 0.000000
vt 0.000000 0.000000
vt 0.000000 0.000000
vt 0.000000 0.000000
vt 0.000000 0.000000
vt 0.000000 0.000000
vt 0.000000 0.000000
vt 0.000000 0.000000
vt 0.000000 0.000000
vt 0.000000 0.000000
vt 0.000000 0.000000
vt 0.000000 0.000000
vt 0.000000 0.000000
vt 0.000000 0.000000
vt 0.000000 0.000000
vt 0.000000 0.000000
vt 0.000000 0.000000
vt 0.000000 0.000000
vt 0.000000 0.000000
vt 0.000000 0.000000
vt 0.000000 0.000000
vt 0.000000 0.000000
vt 0.000000 0.000000
vt 0.000000 0.000000
vt 0.000000 0.000000
vt 0.000000 0.000000
vt 0.000000 0.000000
vt 0.000000 0.000000
vt 0.000000 0.000000
vt 0.000000 0.000000
vt 0.000000 0.000000
vt 0.000000 0.000000
vt 0.000000 0.000000
vt 0.000000 0.000000
vt 0.000000 0.000000
vt 0.000000 0.000000
vt 0.000000 0.000000
vt 0.000000 0.000000
vt 0.000000 0.000000
vt 0.000000 0.000000
vt 0.000000 0.000000
vt 0.000000 0.000000
vt 0.000000 0.000000
vt 0.000000 0.000000
vt 0.000000 0.000000
vt 0.000000 0.000000
vt 0.000000 0.000000
vt 0.000000 0.000000
vt 0.000000 0.000000
vt 0.000000 0.000000
vt 0.000000 0.000000
vt 0.000000 0.000000
vt 0.000000 0.000000
vt 0.000000 0.000000
vt 0.000000 0.000000
vt 0.000000 0.000000
vt 0.000000 0.000000
vt 0.000000 0.000000
vt 0.000000 0.000000
vt 0.000000 0.000000
vt 0.000000 0.000000
vt 0.000000 0.000000
vt 0.000000 0.000000
vt 0.000000 0.000000
vt 0.000000 0.000000
vt 0.000000 0.000000
vt 0.000000 0.000000
vt 0.000000 0.000000
vt 0.000000 0.000000
vt 0.000000 0.000000
vt 0.000000 0.000000
vt 0.000000 0.000000
vt 0.000000 0.000000
vt 0.000000 0.000000
vt 0.000000 0.000000
vt 0.000000 0.000000
vt 0.000000 0.000000
vt 0.000000 0.000000
vt 0.000000 0.000000
vt 0.000000 0.000000
vt 0.000000 0.000000
vt 0.000000 0.000000
vt 0.000000 0.000000
vt 0.000000 0.000000
vt 0.000000 0.000000
vt 0.000000 0.000000
vt 0.000000 0.000000
vt 0.000000 0.000000
vt 0.000000 0.000000
vt 0.000000 0.000000
vt 0.000000 0.000000
vt 0.000000 0.000000
vt 0.000000 0.000000
vt 0.000000 0.000000
vt 0.000000 0.000000
vt 0.000000 0.000000
vt 0.000000 0.000000
vt 0.000000 0.000000
vt 0.000000 0.000000
vt 0.000000 0.000000
vt 0.000000 0.000000
vt 0.000000 0.000000
vt 0.000000 0.000000
vt 0.000000 0.000000
vt 0.000000 0.000000
vt 0.000000 0.000000
vt 0.000000 0.000000
vt 0.000000 0.000000
vt 0.000000 0.000000
vt 0.000000 0.000000
vt 0.000000 0.000000
vt 0.000000 0.000000
vt 0.000000 0.000000
vt 0.000000 0.000000
vt 0.000000 0.000000
vt 0.000000 0.000000
vt 0.000000 0.000000
vt 0.000000 0.000000
vt 0.000000 0.000000
vt 0.000000 0.000000
vt 0.000000 0.000000
vt 0.000000 0.000000
vt 0.000000 0.000000
vt 0.000000 0.000000
vt 0.000000 0.000000
vt 0.000000 0.000000
vt 0.000000 0.000000
vt 0.000000 0.000000
vt 0.000000 0.000000
vt 0.000000 0.000000
vt 0.000000 0.000000
vt 0.000000 0.000000
vt 0.000000 0.000000
vt 0.000000 0.000000
vt 0.000000 0.000000
vt 0.000000 0.000000
vt 0.000000 0.000000
vt 0.000000 0.000000
vt 0.000000 0.000000
vt 0.000000 0.000000
vt 0.000000 0.000000
vt 0.000000 0.000000
vt 0.000000 0.000000
vt 0.000000 0.000000
vt 0.000000 0.000000
vt 0.000000 0.000000
vt 0.000000 0.000000
vt 0.000000 0.000000
vt 0.000000 0.000000
vt 0.000000 0.000000
vt 0.000000 0.000000
vt 0.000000 0.000000
vt 0.000000 0.000000
vt 0.000000 0.000000
vt 0.000000 0.000000
vt 0.000000 0.000000
vt 0.000000 0.000000
vt 0.000000 0.000000
vt 0.000000 0.000000
vt 0.000000 0.000000
vt 0.000000 0.000000
vt 0.000000 0.000000
vt 0.000000 0.000000
vt 0.000000 0.000000
vt 0.000000 0.000000
vt 0.000000 0.000000
vt 0.000000 0.000000
vt 0.000000 0.000000
vt 0.000000 0.000000
vt 0.000000 0.000000
vt 0.000000 0.000000
vt 0.000000 0.000000
vt 0.000000 0.000000
vt 0.000000 0.000000
vt 0.000000 0.000000
vt 0.000000 0.000000
vt 0.000000 0.000000
vt 0.000000 0.000000
vt 0.000000 0.000000
vt 0.000000 0.000000
vt 0.000000 0.000000
vt 0.000000 0.000000
vt 0.000000 0.000000
vt 0.000000 0.000000
vt 0.000000 0.000000
vt 0.000000 0.000000
vt 0.000000 0.000000
vt 0.000000 0.000000
vt 0.000000 0.000000
vt 0.000000 0.000000
vt 0.000000 0.000000
vt 0.000000 0.000000
vt 0.000000 0.000000
vt 0.000000 0.000000
vt 0.000000 0.000000
vt 0.000000 0.000000
vt 0.000000 0.000000
vt 0.000000 0.000000
vt 0.000000 0.000000
vt 0.000000 0.000000
vt 0.000000 0.000000
vt 0.000000 0.000000
vt 0.000000 0.000000
vt 0.000000 0.000000
vt 0.000000 0.000000
vt 0.000000 0.000000
vt 0.000000 0.000000
vt 0.000000 0.000000
vt 0.000000 0.000000
vt 0.000000 0.000000
vt 0.000000 0.000000
vt 0.000000 0.000000
vt 0.000000 0.000000
vt 0.000000 0.000000
vt 0.000000 0.000000
vt 0.000000 0.000000
vt 0.000000 0.000000
vt 0.000000 0.000000
vt 0.000000 0.000000
vt 0.000000 0.000000
vt 0.000000 0.000000
vt 0.000000 0.000000
vt 0.000000 0.000000
vt 0.000000 0.000000
vt 0.000000 0.000000
vt 0.000000 0.000000
vt 0.000000 0.000000
vt 0.000000 0.000000
vt 0.000000 0.000000
vt 0.000000 0.000000
vt 0.000000 0.000000
vt 0.000000 0.000000
vt 0.000000 0.000000
vt 0.000000 0.000000
vt 0.000000 0.000000
vt 0.000000 0.000000
vt 0.000000 0.000000
vt 0.000000 0.000000
vt 0.000000 0.000000
vt 0.000000 0.000000
vt 0.000000 0.000000
vt 0.000000 0.000000
vt 0.000000 0.000000
vt 0.000000 0.000000
vt 0.000000 0.000000
vt 0.000000 0.000000
vt 0.000000 0.000000
vt 0.000000 0.000000
vt 0.000000 0.000000
vt 0.000000 0.000000
vt 0.000000 0.000000
vt 0.000000 0.000000
vt 0.000000 0.000000
vt 0.000000 0.000000
vt 0.000000 0.000000
vt 0.000000 0.000000
vt 0.000000 0.000000
vt 0.000000 0.000000
vt 0.000000 0.000000
vt 0.000000 0.000000
vt 0.000000 0.000000
vt 0.000000 0.000000
vt 0.000000 0.000000
vt 0.000000 0.000000
vt 0.000000 0.000000
vt 0.000000 0.000000
vt 0.000000 0.000000
vt 0.000000 0.000000
vt 0.000000 0.000000
vt 0.000000 0.000000
vt 0.000000 0.000000
vt 0.000000 0.000000
vt 0.000000 0.000000
vt 0.000000 0.000000
vt 0.000000 0.000000
vt 0.000000 0.000000
vt 0.000000 0.000000
vt 0.000000 0.000000
vt 0.000000 0.000000
vt 0.000000 0.000000
vt 0.000000 0.000000
vt 0.000000 0.000000
vt 0.000000 0.000000
vt 0.000000 0.000000
vt 0.000000 0.000000
vt 0.000000 0.000000
vt 0.000000 0.000000
vt 0.000000 0.000000
vt 0.000000 0.000000
vt 0.000000 0.000000
vt 0.000000 0.000000
vt 0.000000 0.000000
vt 0.000000 0.000000
vt 0.000000 0.000000
vt 0.000000 0.000000
vt 0.000000 0.000000
vt 0.000000 0.000000
vt 0.000000 0.000000
vt 0.000000 0.000000
vt 0.000000 0.000000
vt 0.000000 0.000000
vt 0.000000 0.000000
vt 0.000000 0.000000
vt 0.000000 0.000000
vt 0.000000 0.000000
vt 0.000000 0.000000
vt 0.000000 0.000000
vt 0.000000 0.000000
vt 0.000000 0.000000
vt 0.000000 0.000000
vt 0.000000 0.000000
vt 0.000000 0.000000
vt 0.000000 0.000000
vt 0.000000 0.000000
vt 0.000000 0.000000
vt 0.000000 0.000000
vt 0.000000 0.000000
vt 0.000000 0.000000
vt 0.000000 0.000000
vt 0.000000 0.000000
vt 0.000000 0.000000
vt 0.000000 0.000000
vt 0.000000 0.000000
vt 0.000000 0.000000
vt 0.000000 0.000000
vt 0.000000 0.000000
vt 0.000000 0.000000
vt 0.000000 0.000000
vt 0.000000 0.000000
vt 0.000000 0.000000
vt 0.000000 0.000000
vt 0.000000 0.000000
vt 0.000000 0.000000
vt 0.000000 0.000000
vt 0.000000 0.000000
vt 0.000000 0.000000
vt 0.000000 0.000000
vt 0.000000 0.000000
vt 0.000000 0.000000
vt 0.000000 0.000000
vt 0.000000 0.000000
vt 0.000000 0.000000
vt 0.000000 0.000000
vt 0.000000 0.000000
vt 0.000000 0.000000
vt 0.000000 0.000000
vt 0.000000 0.000000
vt 0.000000 0.000000
vt 0.000000 0.000000
vt 0.000000 0.000000
vt 0.000000 0.000000
vt 0.000000 0.000000
vt 0.000000 0.000000
vt 0.000000 0.000000
vt 0.000000 0.000000
vt 0.000000 0.000000
vt 0.000000 0.000000
vt 0.000000 0.000000
vt 0.000000 0.000000
vt 0.000000 0.000000
vt 0.000000 0.000000
vt 0.000000 0.000000
vt 0.000000 0.000000
vt 0.000000 0.000000
vt 0.000000 0.000000
vt 0.000000 0.000000
vt 0.000000 0.000000
vt 0.000000 0.000000
vt 0.000000 0.000000
vt 0.000000 0.000000
vt 0.000000 0.000000
vt 0.000000 0.000000
vt 0.000000 0.000000
vt 0.000000 0.000000
vt 0.000000 0.000000
vt 0.000000 0.000000
vt 0.000000 0.000000
vt 0.000000 0.000000
vt 0.000000 0.000000
vt 0.000000 0.000000
vt 0.000000 0.000000
vt 0.000000 0.000000
vt 0.000000 0.000000
vt 0.000000 0.000000
vt 0.000000 0.000000
vt 0.000000 0.000000
vt 0.000000 0.000000
vt 0.000000 0.000000
vt 0.000000 0.000000
vt 0.000000 0.000000
vt 0.000000 0.000000
vt 0.000000 0.000000
vt 0.000000 0.000000
vt 0.000000 0.000000
vt 0.000000 0.000000
vt 0.000000 0.000000
vt 0.000000 0.000000
vt 0.000000 0.000000
vt 0.000000 0.000000
vt 0.000000 0.000000
vt 0.000000 0.000000
vt 0.000000 0.000000
vt 0.000000 0.000000
vt 0.000000 0.000000
vt 0.000000 0.000000
vt 0.000000 0.000000
vt 0.000000 0.000000
vt 0.000000 0.000000
vt 0.000000 0.000000
vt 0.000000 0.000000
vt 0.000000 0.000000
vt 0.000000 0.000000
vt 0.000000 0.000000
vt 0.000000 0.000000
vt 0.000000 0.000000
vt 0.000000 0.000000
vt 0.000000 0.000000
vt 0.000000 0.000000
vt 0.000000 0.000000
vt 0.000000 0.000000
vt 0.000000 0.000000
vt 0.000000 0.000000
vt 0.000000 0.000000
vt 0.000000 0.000000
vt 0.000000 0.000000
vt 0.000000 0.000000
vt 0.000000 0.000000
vt 0.000000 0.000000
vt 0.000000 0.000000
vt 0.000000 0.000000
vt 0.000000 0.000000
vt 0.000000 0.000000
vt 0.000000 0.000000
vt 0.000000 0.000000
vt 0.000000 0.000000
vt 0.000000 0.000000
vt 0.000000 0.000000
vt 0.000000 0.000000
vt 0.000000 0.000000
vt 0.000000 0.000000
vt 0.000000 0.000000
vt 0.000000 0.000000
vt 0.000000 0.000000
vt 0.000000 0.000000
vt 0.000000 0.000000
vt 0.000000 0.000000
vt 0.000000 0.000000
vt 0.000000 0.000000
vt 0.000000 0.000000
vt 0.000000 0.000000
vt 0.000000 0.000000
vt 0.000000 0.000000
vt 0.000000 0.000000
vt 0.000000 0.000000
vt 0.000000 0.000000
vt 0.000000 0.000000
vt 0.000000 0.000000
vt 0.000000 0.000000
vt 0.000000 0.000000
vt 0.000000 0.000000
vt 0.000000 0.000000
vt 0.000000 0.000000
vt 0.000000 0.000000
vt 0.000000 0.000000
vt 0.000000 0.000000
vt 0.000000 0.000000
vt 0.000000 0.000000
vt 0.000000 0.000000
vt 0.000000 0.000000
vt 0.000000 0.000000
vt 0.000000 0.000000
vt 0.000000 0.000000
vt 0.000000 0.000000
vt 0.000000 0.000000
vt 0.000000 0.000000
vt 0.000000 0.000000
vt 0.000000 0.000000
vt 0.000000 0.000000
vt 0.000000 0.000000
vt 0.000000 0.000000
vt 0.000000 0.000000
vt 0.000000 0.000000
vt 0.000000 0.000000
vt 0.000000 0.000000
vt 0.000000 0.000000
vt 0.000000 0.000000
vt 0.000000 0.000000
vt 0.000000 0.000000
vt 0.000000 0.000000
vt 0.000000 0.000000
vt 0.000000 0.000000
vt 0.000000 0.000000
vt 0.000000 0.000000
vt 0.000000 0.000000
vt 0.000000 0.000000
vt 0.000000 0.000000
vt 0.000000 0.000000
vt 0.000000 0.000000
vt 0.000000 0.000000
vt 0.000000 0.000000
vt 0.000000 0.000000
vt 0.000000 0.000000
vt 0.000000 0.000000
vt 0.000000 0.000000
vt 0.000000 0.000000
vt 0.000000 0.000000
vt 0.000000 0.000000
vt 0.000000 0.000000
vt 0.000000 0.000000
vt 0.000000 0.000000
vt 0.000000 0.000000
vt 0.000000 0.000000
vt 0.000000 0.000000
vt 0.000000 0.000000
vt 0.000000 0.000000
vt 0.000000 0.000000
vt 0.000000 0.000000
vt 0.000000 0.000000
vt 0.000000 0.000000
vt 0.000000 0.000000
vt 0.000000 0.000000
vt 0.000000 0.000000
vt 0.000000 0.000000
vt 0.000000 0.000000
vt 0.000000 0.000000
vt 0.000000 0.000000
vt 0.000000 0.000000
vt 0.000000 0.000000
vt 0.000000 0.000000
vt 0.000000 0.000000
vt 0.000000 0.000000
vt 0.000000 0.000000
vt 0.000000 0.000000
vt 0.000000 0.000000
vt 0.000000 0.000000
vt 0.000000 0.000000
vt 0.000000 0.000000
vt 0.000000 0.000000
vt 0.000000 0.000000
vt 0.000000 0.000000
vt 0.000000 0.000000
vt 0.000000 0.000000
vt 0.000000 0.000000
vt 0.000000 0.000000
vt 0.000000 0.000000
vt 0.000000 0.000000
vt 0.000000 0.000000
vt 0.000000 0.000000
vt 0.000000 0.000000
vt 0.000000 0.000000
vt 0.000000 0.000000
vt 0.000000 0.000000
vt 0.000000 0.000000
vt 0.000000 0.000000
vt 0.000000 0.000000
vt 0.000000 0.000000
vt 0.000000 0.000000
vt 0.000000 0.000000
vt 0.000000 0.000000
vt 0.000000 0.000000
vt 0.000000 0.000000
vt 0.000000 0.000000
vt 0.000000 0.000000
vt 0.000000 0.000000
vt 0.000000 0.000000
vt 0.000000 0.000000
vt 0.000000 0.000000
vt 0.000000 0.000000
vt 0.000000 0.000000
vt 0.000000 0.000000
vt 0.000000 0.000000
vt 0.000000 0.000000
vt 0.000000 0.000000
vt 0.000000 0.000000
vt 0.000000 0.000000
vt 0.000000 0.000000
vt 0.000000 0.000000
vt 0.000000 0.000000
vt 0.000000 0.000000
vt 0.000000 0.000000
vt 0.000000 0.000000
vt 0.000000 0.000000
vt 0.000000 0.000000
vt 0.000000 0.000000
vt 0.000000 0.000000
vt 0.000000 0.000000
vt 0.000000 0.000000
vt 0.000000 0.000000
vt 0.000000 0.000000
vt 0.000000 0.000000
vt 0.000000 0.000000
vt 0.000000 0.000000
vt 0.000000 0.000000
vt 0.000000 0.000000
vt 0.000000 0.000000
vt 0.000000 0.000000
vt 0.000000 0.000000
vt 0.000000 0.000000
vt 0.000000 0.000000
vt 0.000000 0.000000
vt 0.000000 0.000000
vt 0.000000 0.000000
vt 0.000000 0.000000
vt 0.000000 0.000000
vt 0.000000 0.000000
vt 0.000000 0.000000
vt 0.000000 0.000000
vt 0.000000 0.000000
vt 0.000000 0.000000
vt 0.000000 0.000000
vt 0.000000 0.000000
vt 0.000000 0.000000
vt 0.000000 0.000000
vt 0.000000 0.000000
vt 0.000000 0.000000
vt 0.000000 0.000000
vt 0.000000 0.000000
vt 0.000000 0.000000
vt 0.000000 0.000000
vt 0.000000 0.000000
vt 0.000000 0.000000
vt 0.000000 0.000000
vt 0.000000 0.000000
vt 0.000000 0.000000
vt 0.000000 0.000000
vt 0.000000 0.000000
vt 0.000000 0.000000
vt 0.000000 0.000000
vt 0.000000 0.000000
vt 0.000000 0.000000
vt 0.000000 0.000000
vt 0.000000 0.000000
vt 0.000000 0.000000
vt 0.000000 0.000000
vt 0.000000 0.000000
vt 0.000000 0.000000
vt 0.000000 0.000000
vt 0.000000 0.000000
vt 0.000000 0.000000
vt 0.000000 0.000000
vt 0.000000 0.000000
vt 0.000000 0.000000
vt 0.000000 0.000000
vt 0.000000 0.000000
vt 0.000000 0.000000
vt 0.000000 0.000000
vt 0.000000 0.000000
vt 0.000000 0.000000
vt 0.000000 0.000000
vt 0.000000 0.000000
vt 0.000000 0.000000
vt 0.000000 0.000000
vt 0.000000 0.000000
vt 0.000000 0.000000
vt 0.000000 0.000000
vt 0.000000 0.000000
vt 0.000000 0.000000
vt 0.000000 0.000000
vt 0.000000 0.000000
vt 0.000000 0.000000
vt 0.000000 0.000000
vt 0.000000 0.000000
vt 0.000000 0.000000
vt 0.000000 0.000000
vt 0.000000 0.000000
vt 0.000000 0.000000
vt 0.000000 0.000000
vt 0.000000 0.000000
vt 0.000000 0.000000
vt 0.000000 0.000000
vt 0.000000 0.000000
vt 0.000000 0.000000
vt 0.000000 0.000000
vt 0.000000 0.000000
vt 0.000000 0.000000
vt 0.000000 0.000000
vt 0.000000 0.000000
vt 0.000000 0.000000
vt 0.000000 0.000000
vt 0.000000 0.000000
vt 0.000000 0.000000
vt 0.000000 0.000000
vt 0.000000 0.000000
vt 0.000000 0.000000
vt 0.000000 0.000000
vt 0.000000 0.000000
vt 0.000000 0.000000
vt 0.000000 0.000000
vt 0.000000 0.000000
vt 0.000000 0.000000
vt 0.000000 0.000000
vt 0.000000 0.000000
vt 0.000000 0.000000
vt 0.000000 0.000000
vt 0.000000 0.000000
vt 0.000000 0.000000
vt 0.000000 0.000000
vt 0.000000 0.000000
vt 0.000000 0.000000
vt 0.000000 0.000000
vt 0.000000 0.000000
vt 0.000000 0.000000
vt 0.000000 0.000000
vt 0.000000 0.000000
vt 0.000000 0.000000
vt 0.000000 0.000000
vt 0.000000 0.000000
vt 0.000000 0.000000
vt 0.000000 0.000000
vt 0.000000 0.000000
vt 0.000000 0.000000
vt 0.000000 0.000000
vt 0.000000 0.000000
vt 0.000000 0.000000
vt 0.000000 0.000000
vt 0.000000 0.000000
vt 0.000000 0.000000
vt 0.000000 0.000000
vt 0.000000 0.000000
vt 0.000000 0.000000
vt 0.000000 0.000000
vt 0.000000 0.000000
vt 0.000000 0.000000
vt 0.000000 0.000000
vt 0.000000 0.000000
vt 0.000000 0.000000
vt 0.000000 0.000000
vt 0.000000 0.000000
vt 0.000000 0.000000
vt 0.000000 0.000000
vt 0.000000 0.000000
vt 0.000000 0.000000
vt 0.000000 0.000000
vt 0.000000 0.000000
vt 0.000000 0.000000
vt 0.000000 0.000000
vt 0.000000 0.000000
vt 0.000000 0.000000
vt 0.000000 0.000000
vt 0.000000 0.000000
vt 0.000000 0.000000
vt 0.000000 0.000000
vt 0.000000 0.000000
vt 0.000000 0.000000
vt 0.000000 0.000000
vt 0.000000 0.000000
vt 0.000000 0.000000
vt 0.000000 0.000000
vt 0.000000 0.000000
vt 0.000000 0.000000
vt 0.000000 0.000000
vt 0.000000 0.000000
vt 0.000000 0.000000
vt 0.000000 0.000000
vt 0.000000 0.000000
vt 0.000000 0.000000
vt 0.000000 0.000000
vt 0.000000 0.000000
vt 0.000000 0.000000
vt 0.000000 0.000000
vt 0.000000 0.000000
vt 0.000000 0.000000
vt 0.000000 0.000000
vt 0.000000 0.000000
vt 0.000000 0.000000
vt 0.000000 0.000000
vt 0.000000 0.000000
vt 0.000000 0.000000
vt 0.000000 0.000000
vt 0.000000 0.000000
vt 0.000000 0.000000
vt 0.000000 0.000000
vt 0.000000 0.000000
vt 0.000000 0.000000
vt 0.000000 0.000000
vt 0.000000 0.000000
vt 0.000000 0.000000
vt 0.000000 0.000000
vt 0.000000 0.000000
vt 0.000000 0.000000
vt 0.000000 0.000000
vt 0.000000 0.000000
vt 0.000000 0.000000
vt 0.000000 0.000000
vt 0.000000 0.000000
vt 0.000000 0.000000
vt 0.000000 0.000000
vt 0.000000 0.000000
vt 0.000000 0.000000
vt 0.000000 0.000000
vt 0.000000 0.000000
vt 0.000000 0.000000
vt 0.000000 0.000000
vt 0.000000 0.000000
vt 0.000000 0.000000
vt 0.000000 0.000000
vt 0.000000 0.000000
vt 0.000000 0.000000
vt 0.000000 0.000000
vt 0.000000 0.000000
vt 0.000000 0.000000
vt 0.000000 0.000000
vt 0.000000 0.000000
vt 0.000000 0.000000
vt 0.000000 0.000000
vt 0.000000 0.000000
vt 0.000000 0.000000
vt 0.000000 0.000000
vt 0.000000 0.000000
vt 0.000000 0.000000
vt 0.000000 0.000000
vt 0.000000 0.000000
vt 0.000000 0.000000
vt 0.000000 0.000000
vt 0.000000 0.000000
vt 0.000000 0.000000
vt 0.000000 0.000000
vt 0.000000 0.000000
vt 0.000000 0.000000
vt 0.000000 0.000000
vt 0.000000 0.000000
vt 0.000000 0.000000
vt 0.000000 0.000000
vt 0.000000 0.000000
vt 0.000000 0.000000
vt 0.000000 0.000000
vt 0.000000 0.000000
vt 0.000000 0.000000
vt 0.000000 0.000000
vt 0.000000 0.000000
vt 0.000000 0.000000
vt 0.000000 0.000000
vt 0.000000 0.000000
vt 0.000000 0.000000
vt 0.000000 0.000000
vt 0.000000 0.000000
vt 0.000000 0.000000
vt 0.000000 0.000000
vt 0.000000 0.000000
vt 0.000000 0.000000
vt 0.000000 0.000000
vt 0.000000 0.000000
vt 0.000000 0.000000
vt 0.000000 0.000000
vt 0.000000 0.000000
vt 0.000000 0.000000
vt 0.000000 0.000000
vt 0.000000 0.000000
vt 0.000000 0.000000
vt 0.000000 0.000000
vt 0.000000 0.000000
vt 0.000000 0.000000
vt 0.000000 0.000000
vt 0.000000 0.000000
vt 0.000000 0.000000
vt 0.000000 0.000000
vt 0.000000 0.000000
vt 0.000000 0.000000
vt 0.000000 0.000000
vt 0.000000 0.000000
vt 0.000000 0.000000
vt 0.000000 0.000000
vt 0.000000 0.000000
vt 0.000000 0.000000
vt 0.000000 0.000000
vt 0.000000 0.000000
vt 0.000000 0.000000
vt 0.000000 0.000000
vt 0.000000 0.000000
vt 0.000000 0.000000
vt 0.000000 0.000000
vt 0.000000 0.000000
vt 0.000000 0.000000
vt 0.000000 0.000000
vt 0.000000 0.000000
vt 0.000000 0.000000
vt 0.000000 0.000000
vt 0.000000 0.000000
vt 0.000000 0.000000
vt 0.000000 0.000000
vt 0.000000 0.000000
vt 0.000000 0.000000
vt 0.000000 0.000000
vt 0.000000 0.000000
vt 0.000000 0.000000
vt 0.000000 0.000000
vt 0.000000 0.000000
vt 0.000000 0.000000
vt 0.000000 0.000000
vt 0.000000 0.000000
vt 0.000000 0.000000
vt 0.000000 0.000000
vt 0.000000 0.000000
vt 0.000000 0.000000
vt 0.000000 0.000000
vt 0.000000 0.000000
vt 0.000000 0.000000
vt 0.000000 0.000000
vt 0.000000 0.000000
vt 0.000000 0.000000
vt 0.000000 0.000000
vt 0.000000 0.000000
vt 0.000000 0.000000
vt 0.000000 0.000000
vt 0.000000 0.000000
vt 0.000000 0.000000
vt 0.000000 0.000000
vt 0.000000 0.000000
vt 0.000000 0.000000
vt 0.000000 0.000000
vt 0.000000 0.000000
vt 0.000000 0.000000
vt 0.000000 0.000000
vt 0.000000 0.000000
vt 0.000000 0.000000
vt 0.000000 0.000000
vt 0.000000 0.000000
vt 0.000000 0.000000
vt 0.000000 0.000000
vt 0.000000 0.000000
vt 0.000000 0.000000
vt 0.000000 0.000000
vt 0.000000 0.000000
vt 0.000000 0.000000
vt 0.000000 0.000000
vt 0.000000 0.000000
vt 0.000000 0.000000
vt 0.000000 0.000000
vt 0.000000 0.000000
vt 0.000000 0.000000
vt 0.000000 0.000000
vt 0.000000 0.000000
vt 0.000000 0.000000
vt 0.000000 0.000000
vt 0.000000 0.000000
vt 0.000000 0.000000
vt 0.000000 0.000000
vt 0.000000 0.000000
vt 0.000000 0.000000
vt 0.000000 0.000000
vt 0.000000 0.000000
vt 0.000000 0.000000
vt 0.000000 0.000000
vt 0.000000 0.000000
vt 0.000000 0.000000
vt 0.000000 0.000000
vt 0.000000 0.000000
vt 0.000000 0.000000
vt 0.000000 0.000000
vt 0.000000 0.000000
vt 0.000000 0.000000
vt 0.000000 0.000000
vt 0.000000 0.000000
vt 0.000000 0.000000
vt 0.000000 0.000000
vt 0.000000 0.000000
vt 0.000000 0.000000
vt 0.000000 0.000000
vt 0.000000 0.000000
vt 0.000000 0.000000
vt 0.000000 0.000000
vt 0.000000 0.000000
vt 0.000000 0.000000
vt 0.000000 0.000000
vt 0.000000 0.000000
vt 0.000000 0.000000
vt 0.000000 0.000000
vt 0.000000 0.000000
vt 0.000000 0.000000
vt 0.000000 0.000000
vt 0.000000 0.000000
vt 0.000000 0.000000
vt 0.000000 0.000000
vt 0.000000 0.000000
vt 0.000000 0.000000
vt 0.000000 0.000000
vt 0.000000 0.000000
vt 0.000000 0.000000
vt 0.000000 0.000000
vt 0.000000 0.000000
vt 0.000000 0.000000
vt 0.000000 0.000000
vt 0.000000 0.000000
vt 0.000000 0.000000
vt 0.000000 0.000000
vt 0.000000 0.000000
vt 0.000000 0.000000
vt 0.000000 0.000000
vt 0.000000 0.000000
vt 0.000000 0.000000
vt 0.000000 0.000000
vt 0.000000 0.000000
vt 0.000000 0.000000
vt 0.000000 0.000000
vt 0.000000 0.000000
vt 0.000000 0.000000
vt 0.000000 0.000000
vt 0.000000 0.000000
vt 0.000000 0.000000
vt 0.000000 0.000000
vt 0.000000 0.000000
vt 0.000000 0.000000
vt 0.000000 0.000000
vt 0.000000 0.000000
vt 0.000000 0.000000
vt 0.000000 0.000000
vt 0.000000 0.000000
vt 0.000000 0.000000
vt 0.000000 0.000000
vt 0.000000 0.000000
vt 0.000000 0.000000
vt 0.000000 0.000000
vt 0.000000 0.000000
vt 0.000000 0.000000
vt 0.000000 0.000000
vt 0.000000 0.000000
vt 0.000000 0.000000
vt 0.000000 0.000000
vt 0.000000 0.000000
vt 0.000000 0.000000
vt 0.000000 0.000000
vt 0.000000 0.000000
vt 0.000000 0.000000
vt 0.000000 0.000000
vt 0.000000 0.000000
vt 0.000000 0.000000
vt 0.000000 0.000000
vt 0.000000 0.000000
vt 0.000000 0.000000
vt 0.000000 0.000000
vt 0.000000 0.000000
vt 0.000000 0.000000
vt 0.000000 0.000000
vt 0.000000 0.000000
vt 0.000000 0.000000
vt 0.000000 0.000000
vt 0.000000 0.000000
vt 0.000000 0.000000
vt 0.000000 0.000000
vt 0.000000 0.000000
vt 0.000000 0.000000
vt 0.000000 0.000000
vt 0.000000 0.000000
vt 0.000000 0.000000
vt 0.000000 0.000000
vt 0.000000 0.000000
vt 0.000000 0.000000
vt 0.000000 0.000000
vt 0.000000 0.000000
vt 0.000000 0.000000
vt 0.000000 0.000000
vt 0.000000 0.000000
vt 0.000000 0.000000
vt 0.000000 0.000000
vt 0.000000 0.000000
vt 0.000000 0.000000
vt 0.000000 0.000000
vt 0.000000 0.000000
vt 0.000000 0.000000
vt 0.000000 0.000000
vt 0.000000 0.000000
vt 0.000000 0.000000
vt 0.000000 0.000000
vt 0.000000 0.000000
vt 0.000000 0.000000
vt 0.000000 0.000000
vt 0.000000 0.000000
vt 0.000000 0.000000
vt 0.000000 0.000000
vt 0.000000 0.000000
vt 0.000000 0.000000
vt 0.000000 0.000000
vt 0.000000 0.000000
vt 0.000000 0.000000
vt 0.000000 0.000000
vt 0.000000 0.000000
vt 0.000000 0.000000
vt 0.000000 0.000000
vt 0.000000 0.000000
vt 0.000000 0.000000
vt 0.000000 0.000000
vt 0.000000 0.000000
vt 0.000000 0.000000
vt 0.000000 0.000000
vt 0.000000 0.000000
vt 0.000000 0.000000
vt 0.000000 0.000000
vt 0.000000 0.000000
vt 0.000000 0.000000
vt 0.000000 0.000000
vt 0.000000 0.000000
vt 0.000000 0.000000
vt 0.000000 0.000000
vt 0.000000 0.000000
vt 0.000000 0.000000
vt 0.000000 0.000000
vt 0.000000 0.000000
vt 0.000000 0.000000
vt 0.000000 0.000000
vt 0.000000 0.000000
vt 0.000000 0.000000
vt 0.000000 0.000000
vt 0.000000 0.000000
vt 0.000000 0.000000
vt 0.000000 0.000000
vt 0.000000 0.000000
vt 0.000000 0.000000
vt 0.000000 0.000000
vt 0.000000 0.000000
vt 0.000000 0.000000
vt 0.000000 0.000000
vt 0.000000 0.000000
vt 0.000000 0.000000
vt 0.000000 0.000000
vt 0.000000 0.000000
vt 0.000000 0.000000
vt 0.000000 0.000000
vt 0.000000 0.000000
vt 0.000000 0.000000
vt 0.000000 0.000000
vt 0.000000 0.000000
vt 0.000000 0.000000
vt 0.000000 0.000000
vt 0.000000 0.000000
vt 0.000000 0.000000
vt 0.000000 0.000000
vt 0.000000 0.000000
vt 0.000000 0.000000
vt 0.000000 0.000000
vt 0.000000 0.000000
vt 0.000000 0.000000
vt 0.000000 0.000000
vt 0.000000 0.000000
vt 0.000000 0.000000
vt 0.000000 0.000000
vt 0.000000 0.000000
vt 0.000000 0.000000
vt 0.000000 0.000000
vt 0.000000 0.000000
vt 0.000000 0.000000
vt 0.000000 0.000000
vt 0.000000 0.000000
vt 0.000000 0.000000
vt 0.000000 0.000000
vt 0.000000 0.000000
vt 0.000000 0.000000
vt 0.000000 0.000000
vt 0.000000 0.000000
vt 0.000000 0.000000
vt 0.000000 0.000000
vt 0.000000 0.000000
vt 0.000000 0.000000
vt 0.000000 0.000000
vt 0.000000 0.000000
vt 0.000000 0.000000
vt 0.000000 0.000000
vt 0.000000 0.000000
vt 0.000000 0.000000
vt 0.000000 0.000000
vt 0.000000 0.000000
vt 0.000000 0.000000
vt 0.000000 0.000000
vt 0.000000 0.000000
vt 0.000000 0.000000
vt 0.000000 0.000000
vt 0.000000 0.000000
vt 0.000000 0.000000
vt 0.000000 0.000000
vt 0.000000 0.000000
vt 0.000000 0.000000
vt 0.000000 0.000000
vt 0.000000 0.000000
vt 0.000000 0.000000
vt 0.000000 0.000000
vt 0.000000 0.000000
vt 0.000000 0.000000
vt 0.000000 0.000000
vt 0.000000 0.000000
vt 0.000000 0.000000
vt 0.000000 0.000000
vt 0.000000 0.000000
vt 0.000000 0.000000
vt 0.000000 0.000000
vt 0.000000 0.000000
vt 0.000000 0.000000
vt 0.000000 0.000000
vt 0.000000 0.000000
vt 0.000000 0.000000
vt 0.000000 0.000000
vt 0.000000 0.000000
vt 0.000000 0.000000
vt 0.000000 0.000000
vt 0.000000 0.000000
vt 0.000000 0.000000
vt 0.000000 0.000000
vt 0.000000 0.000000
vt 0.000000 0.000000
vt 0.000000 0.000000
vt 0.000000 0.000000
vt 0.000000 0.000000
vt 0.000000 0.000000
vt 0.000000 0.000000
vt 0.000000 0.000000
vt 0.000000 0.000000
vt 0.000000 0.000000
vt 0.000000 0.000000
vt 0.000000 0.000000
vt 0.000000 0.000000
vt 0.000000 0.000000
vt 0.000000 0.000000
vt 0.000000 0.000000
vt 0.000000 0.000000
vt 0.000000 0.000000
vt 0.000000 0.000000
vt 0.000000 0.000000
vt 0.000000 0.000000
vt 0.000000 0.000000
vt 0.000000 0.000000
vt 0.000000 0.000000
vt 0.000000 0.000000
vt 0.000000 0.000000
vt 0.000000 0.000000
vt 0.000000 0.000000
vt 0.000000 0.000000
vt 0.000000 0.000000
vt 0.000000 0.000000
vt 0.000000 0.000000
vt 0.000000 0.000000
vt 0.000000 0.000000
vt 0.000000 0.000000
vt 0.000000 0.000000
vt 0.000000 0.000000
vt 0.000000 0.000000
vt 0.000000 0.000000
vt 0.000000 0.000000
vt 0.000000 0.000000
vt 0.000000 0.000000
vt 0.000000 0.000000
vt 0.000000 0.000000
vt 0.000000 0.000000
vt 0.000000 0.000000
vt 0.000000 0.000000
vt 0.000000 0.000000
vt 0.000000 0.000000
vt 0.000000 0.000000
vt 0.000000 0.000000
vt 0.000000 0.000000
vt 0.000000 0.000000
vt 0.000000 0.000000
vt 0.000000 0.000000
vt 0.000000 0.000000
vt 0.000000 0.000000
vt 0.000000 0.000000
vt 0.000000 0.000000
vt 0.000000 0.000000
vt 0.000000 0.000000
vt 0.000000 0.000000
vt 0.000000 0.000000
vt 0.000000 0.000000
vt 0.000000 0.000000
vt 0.000000 0.000000
vt 0.000000 0.000000
vt 0.000000 0.000000
vt 0.000000 0.000000
vt 0.000000 0.000000
vt 0.000000 0.000000
vt 0.000000 0.000000
vt 0.000000 0.000000
vt 0.000000 0.000000
vt 0.000000 0.000000
vt 0.000000 0.000000
vt 0.000000 0.000000
vt 0.000000 0.000000
vt 0.000000 0.000000
vt 0.000000 0.000000
vt 0.000000 0.000000
vt 0.000000 0.000000
vt 0.000000 0.000000
vt 0.000000 0.000000
vt 0.000000 0.000000
vt 0.000000 0.000000
vt 0.000000 0.000000
vt 0.000000 0.000000
vt 0.000000 0.000000
vt 0.000000 0.000000
vt 0.000000 0.000000
vt 0.000000 0.000000
vt 0.000000 0.000000
vt 0.000000 0.000000
vt 0.000000 0.000000
vt 0.000000 0.000000
vt 0.000000 0.000000
vt 0.000000 0.000000
vt 0.000000 0.000000
vt 0.000000 0.000000
vt 0.000000 0.000000
vt 0.000000 0.000000
vt 0.000000 0.000000
vt 0.000000 0.000000
vt 0.000000 0.000000
vt 0.000000 0.000000
vt 0.000000 0.000000
vt 0.000000 0.000000
vt 0.000000 0.000000
vt 0.000000 0.000000
vt 0.000000 0.000000
vt 0.000000 0.000000
vt 0.000000 0.000000
vt 0.000000 0.000000
vt 0.000000 0.000000
vt 0.000000 0.000000
vt 0.000000 0.000000
vt 0.000000 0.000000
vt 0.000000 0.000000
vt 0.000000 0.000000
vt 0.000000 0.000000
vt 0.000000 0.000000
vt 0.000000 0.000000
vt 0.000000 0.000000
vt 0.000000 0.000000
vt 0.000000 0.000000
vt 0.000000 0.000000
vt 0.000000 0.000000
vt 0.000000 0.000000
vt 0.000000 0.000000
vt 0.000000 0.000000
vt 0.000000 0.000000
vt 0.000000 0.000000
vt 0.000000 0.000000
vt 0.000000 0.000000
vt 0.000000 0.000000
vt 0.000000 0.000000
vt 0.000000 0.000000
vt 0.000000 0.000000
vt 0.000000 0.000000
vt 0.000000 0.000000
vt 0.000000 0.000000
vt 0.000000 0.000000
vt 0.000000 0.000000
vt 0.000000 0.000000
vt 0.000000 0.000000
vt 0.000000 0.000000
vt 0.000000 0.000000
vt 0.000000 0.000000
vt 0.000000 0.000000
vt 0.000000 0.000000
vt 0.000000 0.000000
vt 0.000000 0.000000
vt 0.000000 0.000000
vt 0.000000 0.000000
vt 0.000000 0.000000
vt 0.000000 0.000000
vt 0.000000 0.000000
vt 0.000000 0.000000
vt 0.000000 0.000000
vt 0.000000 0.000000
vt 0.000000 0.000000
vt 0.000000 0.000000
vt 0.000000 0.000000
vt 0.000000 0.000000
vt 0.000000 0.000000
vt 0.000000 0.000000
vt 0.000000 0.000000
vt 0.000000 0.000000
vt 0.000000 0.000000
vt 0.000000 0.000000
vt 0.000000 0.000000
vt 0.000000 0.000000
vt 0.000000 0.000000
vt 0.000000 0.000000
vt 0.000000 0.000000
vt 0.000000 0.000000
vt 0.000000 0.000000
vt 0.000000 0.000000
vt 0.000000 0.000000
vt 0.000000 0.000000
vt 0.000000 0.000000
vt 0.000000 0.000000
vt 0.000000 0.000000
vt 0.000000 0.000000
vt 0.000000 0.000000
vt 0.000000 0.000000
vt 0.000000 0.000000
vt 0.000000 0.000000
vt 0.000000 0.000000
vt 0.000000 0.000000
vt 0.000000 0.000000
vt 0.000000 0.000000
vt 0.000000 0.000000
vt 0.000000 0.000000
vt 0.000000 0.000000
vt 0.000000 0.000000
vt 0.000000 0.000000
vt 0.000000 0.000000
vt 0.000000 0.000000
vt 0.000000 0.000000
vt 0.000000 0.000000
vt 0.000000 0.000000
vt 0.000000 0.000000
vt 0.000000 0.000000
vt 0.000000 0.000000
vt 0.000000 0.000000
vt 0.000000 0.000000
vt 0.000000 0.000000
vt 0.000000 0.000000
vt 0.000000 0.000000
vt 0.000000 0.000000
vt 0.000000 0.000000
vt 0.000000 0.000000
vt 0.000000 0.000000
vt 0.000000 0.000000
vt 0.000000 0.000000
vt 0.000000 0.000000
vt 0.000000 0.000000
vt 0.000000 0.000000
vt 0.000000 0.000000
vt 0.000000 0.000000
vt 0.000000 0.000000
vt 0.000000 0.000000
vt 0.000000 0.000000
vt 0.000000 0.000000
vt 0.000000 0.000000
vt 0.000000 0.000000
vt 0.000000 0.000000
vt 0.000000 0.000000
vt 0.000000 0.000000
vt 0.000000 0.000000
vt 0.000000 0.000000
vt 0.000000 0.000000
vt 0.000000 0.000000
vt 0.000000 0.000000
vt 0.000000 0.000000
vt 0.000000 0.000000
vt 0.000000 0.000000
vt 0.000000 0.000000
vt 0.000000 0.000000
vt 0.000000 0.000000
vt 0.000000 0.000000
vt 0.000000 0.000000
vt 0.000000 0.000000
vt 0.000000 0.000000
vt 0.000000 0.000000
vt 0.000000 0.000000
vt 0.000000 0.000000
vt 0.000000 0.000000
vt 0.000000 0.000000
vt 0.000000 0.000000
vt 0.000000 0.000000
vt 0.000000 0.000000
vt 0.000000 0.000000
vt 0.000000 0.000000
vt 0.000000 0.000000
vt 0.000000 0.000000
vt 0.000000 0.000000
vt 0.000000 0.000000
vt 0.000000 0.000000
vt 0.000000 0.000000
vt 0.000000 0.000000
vt 0.000000 0.000000
vt 0.000000 0.000000
vt 0.000000 0.000000
vt 0.000000 0.000000
vt 0.000000 0.000000
vt 0.000000 0.000000
vt 0.000000 0.000000
vt 0.000000 0.000000
vt 0.000000 0.000000
vt 0.000000 0.000000
vt 0.000000 0.000000
vt 0.000000 0.000000
vt 0.000000 0.000000
vt 0.000000 0.000000
vt 0.000000 0.000000
vt 0.000000 0.000000
vt 0.000000 0.000000
vt 0.000000 0.000000
vt 0.000000 0.000000
vt 0.000000 0.000000
vt 0.000000 0.000000
vt 0.000000 0.000000
vt 0.000000 0.000000
vt 0.000000 0.000000
vt 0.000000 0.000000
vt 0.000000 0.000000
vt 0.000000 0.000000
vt 0.000000 0.000000
vt 0.000000 0.000000
vt 0.000000 0.000000
vt 0.000000 0.000000
vt 0.000000 0.000000
vt 0.000000 0.000000
vt 0.000000 0.000000
vt 0.000000 0.000000
vt 0.000000 0.000000
vt 0.000000 0.000000
vt 0.000000 0.000000
vt 0.000000 0.000000
vt 0.000000 0.000000
vt 0.000000 0.000000
vt 0.000000 0.000000
vt 0.000000 0.000000
vt 0.000000 0.000000
vt 0.000000 0.000000
vt 0.000000 0.000000
vt 0.000000 0.000000
vt 0.000000 0.000000
vt 0.000000 0.000000
vt 0.000000 0.000000
vt 0.000000 0.000000
vt 0.000000 0.000000
vt 0.000000 0.000000
vt 0.000000 0.000000
vt 0.000000 0.000000
vt 0.000000 0.000000
vt 0.000000 0.000000
vt 0.000000 0.000000
vt 0.000000 0.000000
vt 0.000000 0.000000
vt 0.000000 0.000000
vt 0.000000 0.000000
vt 0.000000 0.000000
vt 0.000000 0.000000
vt 0.000000 0.000000
vt 0.000000 0.000000
vt 0.000000 0.000000
vt 0.000000 0.000000
vt 0.000000 0.000000
vt 0.000000 0.000000
vt 0.000000 0.000000
vt 0.000000 0.000000
vt 0.000000 0.000000
vt 0.000000 0.000000
vt 0.000000 0.000000
vt 0.000000 0.000000
vt 0.000000 0.000000
vt 0.000000 0.000000
vt 0.000000 0.000000
vt 0.000000 0.000000
vt 0.000000 0.000000
vt 0.000000 0.000000
vt 0.000000 0.000000
vt 0.000000 0.000000
vt 0.000000 0.000000
vt 0.000000 0.000000
vt 0.000000 0.000000
vt 0.000000 0.000000
vt 0.000000 0.000000
vt 0.000000 0.000000
vt 0.000000 0.000000
vt 0.000000 0.000000
vt 0.000000 0.000000
vt 0.000000 0.000000
vt 0.000000 0.000000
vt 0.000000 0.000000
vt 0.000000 0.000000
vt 0.000000 0.000000
vt 0.000000 0.000000
vt 0.000000 0.000000
vt 0.000000 0.000000
vt 0.000000 0.000000
vt 0.000000 0.000000
vt 0.000000 0.000000
vt 0.000000 0.000000
vt 0.000000 0.000000
vt 0.000000 0.000000
vt 0.000000 0.000000
vt 0.000000 0.000000
vt 0.000000 0.000000
vt 0.000000 0.000000
vt 0.000000 0.000000
vt 0.000000 0.000000
vt 0.000000 0.000000
vt 0.000000 0.000000
vt 0.000000 0.000000
vt 0.000000 0.000000
vt 0.000000 0.000000
vt 0.000000 0.000000
vt 0.000000 0.000000
vt 0.000000 0.000000
vt 0.000000 0.000000
vt 0.000000 0.000000
vt 0.000000 0.000000
vt 0.000000 0.000000
vt 0.000000 0.000000
vt 0.000000 0.000000
vt 0.000000 0.000000
vt 0.000000 0.000000
vt 0.000000 0.000000
vt 0.000000 0.000000
vt 0.000000 0.000000
vt 0.000000 0.000000
vt 0.000000 0.000000
vt 0.000000 0.000000
vt 0.000000 0.000000
vt 0.000000 0.000000
vt 0.000000 0.000000
vt 0.000000 0.000000
vt 0.000000 0.000000
vt 0.000000 0.000000
vt 0.000000 0.000000
vt 0.000000 0.000000
vt 0.000000 0.000000
vt 0.000000 0.000000
vt 0.000000 0.000000
vt 0.000000 0.000000
vt 0.000000 0.000000
vt 0.000000 0.000000
vt 0.000000 0.000000
vt 0.000000 0.000000
vt 0.000000 0.000000
vt 0.000000 0.000000
vt 0.000000 0.000000
vt 0.000000 0.000000
vt 0.000000 0.000000
vt 0.000000 0.000000
vt 0.000000 0.000000
vt 0.000000 0.000000
vt 0.000000 0.000000
vt 0.000000 0.000000
vt 0.000000 0.000000
vt 0.000000 0.000000
vt 0.000000 0.000000
vt 0.000000 0.000000
vt 0.000000 0.000000
vt 0.000000 0.000000
vt 0.000000 0.000000
vt 0.000000 0.000000
vt 0.000000 0.000000
vt 0.000000 0.000000
vt 0.000000 0.000000
vt 0.000000 0.000000
vt 0.000000 0.000000
vt 0.000000 0.000000
vt 0.000000 0.000000
vt 0.000000 0.000000
vt 0.000000 0.000000
vt 0.000000 0.000000
vt 0.000000 0.000000
vt 0.000000 0.000000
vt 0.000000 0.000000
vt 0.000000 0.000000
vt 0.000000 0.000000
vt 0.000000 0.000000
vt 0.000000 0.000000
vt 0.000000 0.000000
vt 0.000000 0.000000
vt 0.000000 0.000000
vt 0.000000 0.000000
vt 0.000000 0.000000
vt 0.000000 0.000000
vt 0.000000 0.000000
vt 0.000000 0.000000
vt 0.000000 0.000000
vt 0.000000 0.000000
vt 0.000000 0.000000
vt 0.000000 0.000000
vt 0.000000 0.000000
vt 0.000000 0.000000
vt 0.000000 0.000000
vt 0.000000 0.000000
vt 0.000000 0.000000
vt 0.000000 0.000000
vt 0.000000 0.000000
vt 0.000000 0.000000
vt 0.000000 0.000000
vt 0.000000 0.000000
vt 0.000000 0.000000
vt 0.000000 0.000000
vt 0.000000 0.000000
vt 0.000000 0.000000
vt 0.000000 0.000000
vt 0.000000 0.000000
vt 0.000000 0.000000
vt 0.000000 0.000000
vt 0.000000 0.000000
vt 0.000000 0.000000
vt 0.000000 0.000000
vt 0.000000 0.000000
vt 0.000000 0.000000
vt 0.000000 0.000000
vt 0.000000 0.000000
vt 0.000000 0.000000
vt 0.000000 0.000000
vt 0.000000 0.000000
vt 0.000000 0.000000
vt 0.000000 0.000000
vt 0.000000 0.000000
vt 0.000000 0.000000
vt 0.000000 0.000000
vt 0.000000 0.000000
vt 0.000000 0.000000
vt 0.000000 0.000000
vt 0.000000 0.000000
vt 0.000000 0.000000
vt 0.000000 0.000000
vt 0.000000 0.000000
vt 0.000000 0.000000
vt 0.000000 0.000000
vt 0.000000 0.000000
vt 0.000000 0.000000
vt 0.000000 0.000000
vt 0.000000 0.000000
vt 0.000000 0.000000
vt 0.000000 0.000000
vt 0.000000 0.000000
vt 0.000000 0.000000
vt 0.000000 0.000000
vt 0.000000 0.000000
vt 0.000000 0.000000
vt 0.000000 0.000000
vt 0.000000 0.000000
vt 0.000000 0.000000
vt 0.000000 0.000000
vt 0.000000 0.000000
vt 0.000000 0.000000
vt 0.000000 0.000000
vt 0.000000 0.000000
vt 0.000000 0.000000
vt 0.000000 0.000000
vt 0.000000 0.000000
vt 0.000000 0.000000
vt 0.000000 0.000000
vt 0.000000 0.000000
vt 0.000000 0.000000
vt 0.000000 0.000000
vt 0.000000 0.000000
vt 0.000000 0.000000
vt 0.000000 0.000000
vt 0.000000 0.000000
vt 0.000000 0.000000
vt 0.000000 0.000000
vt 0.000000 0.000000
vt 0.000000 0.000000
vt 0.000000 0.000000
vt 0.000000 0.000000
vt 0.000000 0.000000
vt 0.000000 0.000000
vt 0.000000 0.000000
vt 0.000000 0.000000
vt 0.000000 0.000000
vt 0.000000 0.000000
vt 0.000000 0.000000
vt 0.000000 0.000000
vt 0.000000 0.000000
vt 0.000000 0.000000
vt 0.000000 0.000000
vt 0.000000 0.000000
vt 0.000000 0.000000
vt 0.000000 0.000000
vt 0.000000 0.000000
vt 0.000000 0.000000
vt 0.000000 0.000000
vt 0.000000 0.000000
vt 0.000000 0.000000
vt 0.000000 0.000000
vt 0.000000 0.000000
vt 0.000000 0.000000
vt 0.000000 0.000000
vt 0.000000 0.000000
vt 0.000000 0.000000
vt 0.000000 0.000000
vt 0.000000 0.000000
vt 0.000000 0.000000
vt 0.000000 0.000000
vt 0.000000 0.000000
vt 0.000000 0.000000
vt 0.000000 0.000000
vt 0.000000 0.000000
vt 0.000000 0.000000
vt 0.000000 0.000000
vt 0.000000 0.000000
vt 0.000000 0.000000
vt 0.000000 0.000000
vt 0.000000 0.000000
vt 0.000000 0.000000
vt 0.000000 0.000000
vt 0.000000 0.000000
vt 0.000000 0.000000
vt 0.000000 0.000000
vt 0.000000 0.000000
vt 0.000000 0.000000
vt 0.000000 0.000000
vt 0.000000 0.000000
vt 0.000000 0.000000
vt 0.000000 0.000000
vt 0.000000 0.000000
vt 0.000000 0.000000
vt 0.000000 0.000000
vt 0.000000 0.000000
vt 0.000000 0.000000
vt 0.000000 0.000000
vt 0.000000 0.000000
vt 0.000000 0.000000
vt 0.000000 0.000000
vt 0.000000 0.000000
vt 0.000000 0.000000
vt 0.000000 0.000000
vt 0.000000 0.000000
vt 0.000000 0.000000
vt 0.000000 0.000000
vt 0.000000 0.000000
vt 0.000000 0.000000
vt 0.000000 0.000000
vt 0.000000 0.000000
vt 0.000000 0.000000
vt 0.000000 0.000000
vt 0.000000 0.000000
vt 0.000000 0.000000
vt 0.000000 0.000000
vt 0.000000 0.000000
vt 0.000000 0.000000
vt 0.000000 0.000000
vt 0.000000 0.000000
vt 0.000000 0.000000
vt 0.000000 0.000000
vt 0.000000 0.000000
vt 0.000000 0.000000
vt 0.000000 0.000000
vt 0.000000 0.000000
vt 0.000000 0.000000
vt 0.000000 0.000000
vt 0.000000 0.000000
vt 0.000000 0.000000
vt 0.000000 0.000000
vt 0.000000 0.000000
vt 0.000000 0.000000
vt 0.000000 0.000000
vt 0.000000 0.000000
vt 0.000000 0.000000
vt 0.000000 0.000000
vt 0.000000 0.000000
vt 0.000000 0.000000
vt 0.000000 0.000000
vt 0.000000 0.000000
vt 0.000000 0.000000
vt 0.000000 0.000000
vt 0.000000 0.000000
vt 0.000000 0.000000
vt 0.000000 0.000000
vt 0.000000 0.000000
vt 0.000000 0.000000
vt 0.000000 0.000000
vt 0.000000 0.000000
vt 0.000000 0.000000
vt 0.000000 0.000000
vt 0.000000 0.000000
vt 0.000000 0.000000
vt 0.000000 0.000000
vt 0.000000 0.000000
vt 0.000000 0.000000
vt 0.000000 0.000000
vt 0.000000 0.000000
vt 0.000000 0.000000
vt 0.000000 0.000000
vt 0.000000 0.000000
vt 0.000000 0.000000
vt 0.000000 0.000000
vt 0.000000 0.000000
vt 0.000000 0.000000
vt 0.000000 0.000000
vt 0.000000 0.000000
vt 0.000000 0.000000
vt 0.000000 0.000000
vt 0.000000 0.000000
vt 0.000000 0.000000
vt 0.000000 0.000000
vt 0.000000 0.000000
vt 0.000000 0.000000
vt 0.000000 0.000000
vt 0.000000 0.000000
vt 0.000000 0.000000
vt 0.000000 0.000000
vt 0.000000 0.000000
vt 0.000000 0.000000
vt 0.000000 0.000000
vt 0.000000 0.000000
vt 0.000000 0.000000
vt 0.000000 0.000000
vt 0.000000 0.000000
vt 0.000000 0.000000
vt 0.000000 0.000000
vt 0.000000 0.000000
vt 0.000000 0.000000
vt 0.000000 0.000000
vt 0.000000 0.000000
vt 0.000000 0.000000
vt 0.000000 0.000000
vt 0.000000 0.000000
vt 0.000000 0.000000
vt 0.000000 0.000000
vt 0.000000 0.000000
vt 0.000000 0.000000
vt 0.000000 0.000000
vt 0.000000 0.000000
vt 0.000000 0.000000
vt 0.000000 0.000000
vt 0.000000 0.000000
vt 0.000000 0.000000
vt 0.000000 0.000000
vt 0.000000 0.000000
vt 0.000000 0.000000
vt 0.000000 0.000000
vt 0.000000 0.000000
vt 0.000000 0.000000
vt 0.000000 0.000000
vt 0.000000 0.000000
vt 0.000000 0.000000
vt 0.000000 0.000000
vt 0.000000 0.000000
vt 0.000000 0.000000
vt 0.000000 0.000000
vt 0.000000 0.000000
vt 0.000000 0.000000
vt 0.000000 0.000000
vt 0.000000 0.000000
vt 0.000000 0.000000
vt 0.000000 0.000000
vt 0.000000 0.000000
vt 0.000000 0.000000
vt 0.000000 0.000000
vt 0.000000 0.000000
vt 0.000000 0.000000
vt 0.000000 0.000000
vt 0.000000 0.000000
vt 0.000000 0.000000
vt 0.000000 0.000000
vt 0.000000 0.000000
vt 0.000000 0.000000
vt 0.000000 0.000000
vt 0.000000 0.000000
vt 0.000000 0.000000
vt 0.000000 0.000000
vt 0.000000 0.000000
vt 0.000000 0.000000
vt 0.000000 0.000000
vt 0.000000 0.000000
vt 0.000000 0.000000
vt 0.000000 0.000000
vt 0.000000 0.000000
vt 0.000000 0.000000
vt 0.000000 0.000000
vt 0.000000 0.000000
vt 0.000000 0.000000
vt 0.000000 0.000000
vt 0.000000 0.000000
vt 0.000000 0.000000
vt 0.000000 0.000000
vt 0.000000 0.000000
vt 0.000000 0.000000
vt 0.000000 0.000000
vt 0.000000 0.000000
vt 0.000000 0.000000
vt 0.000000 0.000000
vt 0.000000 0.000000
vt 0.000000 0.000000
vt 0.000000 0.000000
vt 0.000000 0.000000
vt 0.000000 0.000000
vt 0.000000 0.000000
vt 0.000000 0.000000
vt 0.000000 0.000000
vt 0.000000 0.000000
vt 0.000000 0.000000
vt 0.000000 0.000000
vt 0.000000 0.000000
vt 0.000000 0.000000
vt 0.000000 0.000000
vt 0.000000 0.000000
vt 0.000000 0.000000
vt 0.000000 0.000000
vt 0.000000 0.000000
vt 0.000000 0.000000
vt 0.000000 0.000000
vt 0.000000 0.000000
vt 0.000000 0.000000
vt 0.000000 0.000000
vt 0.000000 0.000000
vt 0.000000 0.000000
vt 0.000000 0.000000
vt 0.000000 0.000000
vt 0.000000 0.000000
vt 0.000000 0.000000
vt 0.000000 0.000000
vt 0.000000 0.000000
vt 0.000000 0.000000
vt 0.000000 0.000000
vt 0.000000 0.000000
vt 0.000000 0.000000
vt 0.000000 0.000000
vt 0.000000 0.000000
vt 0.000000 0.000000
vt 0.000000 0.000000
vt 0.000000 0.000000
vt 0.000000 0.000000
vt 0.000000 0.000000
vt 0.000000 0.000000
vt 0.000000 0.000000
vt 0.000000 0.000000
vt 0.000000 0.000000
vt 0.000000 0.000000
vt 0.000000 0.000000
vt 0.000000 0.000000
vt 0.000000 0.000000
vt 0.000000 0.000000
vt 0.000000 0.000000
vt 0.000000 0.000000
vt 0.000000 0.000000
vt 0.000000 0.000000
vt 0.000000 0.000000
vt 0.000000 0.000000
vt 0.000000 0.000000
vt 0.000000 0.000000
vt 0.000000 0.000000
vt 0.000000 0.000000
vt 0.000000 0.000000
vt 0.000000 0.000000
vt 0.000000 0.000000
vt 0.000000 0.000000
vt 0.000000 0.000000
vt 0.000000 0.000000
vt 0.000000 0.000000
vt 0.000000 0.000000
vt 0.000000 0.000000
vt 0.000000 0.000000
vt 0.000000 0.000000
vt 0.000000 0.000000
vt 0.000000 0.000000
vt 0.000000 0.000000
vt 0.000000 0.000000
vt 0.000000 0.000000
vt 0.000000 0.000000
vt 0.000000 0.000000
vt 0.000000 0.000000
vt 0.000000 0.000000
vt 0.000000 0.000000
vt 0.000000 0.000000
vt 0.000000 0.000000
vt 0.000000 0.000000
vt 0.000000 0.000000
vt 0.000000 0.000000
vt 0.000000 0.000000
vt 0.000000 0.000000
vt 0.000000 0.000000
vt 0.000000 0.000000
vt 0.000000 0.000000
vt 0.000000 0.000000
vt 0.000000 0.000000
vt 0.000000 0.000000
vt 0.000000 0.000000
vt 0.000000 0.000000
vt 0.000000 0.000000
vt 0.000000 0.000000
vt 0.000000 0.000000
vt 0.000000 0.000000
vt 0.000000 0.000000
vt 0.000000 0.000000
vt 0.000000 0.000000
vt 0.000000 0.000000
vt 0.000000 0.000000
vt 0.000000 0.000000
vt 0.000000 0.000000
vt 0.000000 0.000000
vt 0.000000 0.000000
vt 0.000000 0.000000
vt 0.000000 0.000000
vt 0.000000 0.000000
vt 0.000000 0.000000
vt 0.000000 0.000000
vt 0.000000 0.000000
vt 0.000000 0.000000
vt 0.000000 0.000000
vt 0.000000 0.000000
vt 0.000000 0.000000
vt 0.000000 0.000000
vt 0.000000 0.000000
vt 0.000000 0.000000
vt 0.000000 0.000000
vt 0.000000 0.000000
vt 0.000000 0.000000
vt 0.000000 0.000000
vt 0.000000 0.000000
vt 0.000000 0.000000
vt 0.000000 0.000000
vt 0.000000 0.000000
vt 0.000000 0.000000
vt 0.000000 0.000000
vt 0.000000 0.000000
vt 0.000000 0.000000
vt 0.000000 0.000000
vt 0.000000 0.000000
vt 0.000000 0.000000
vt 0.000000 0.000000
vt 0.000000 0.000000
vt 0.000000 0.000000
vt 0.000000 0.000000
vt 0.000000 0.000000
vt 0.000000 0.000000
vt 0.000000 0.000000
vt 0.000000 0.000000
vt 0.000000 0.000000
vt 0.000000 0.000000
vt 0.000000 0.000000
vt 0.000000 0.000000
vt 0.000000 0.000000
vt 0.000000 0.000000
vt 0.000000 0.000000
vt 0.000000 0.000000
vt 0.000000 0.000000
vt 0.000000 0.000000
vt 0.000000 0.000000
vt 0.000000 0.000000
vt 0.000000 0.000000
vt 0.000000 0.000000
vt 0.000000 0.000000
vt 0.000000 0.000000
vt 0.000000 0.000000
vt 0.000000 0.000000
vt 0.000000 0.000000
vt 0.000000 0.000000
vt 0.000000 0.000000
vt 0.000000 0.000000
vt 0.000000 0.000000
vt 0.000000 0.000000
vt 0.000000 0.000000
vt 0.000000 0.000000
vt 0.000000 0.000000
vt 0.000000 0.000000
vt 0.000000 0.000000
vt 0.000000 0.000000
vt 0.000000 0.000000
vt 0.000000 0.000000
vt 0.000000 0.000000
vt 0.000000 0.000000
vt 0.000000 0.000000
vt 0.000000 0.000000
vt 0.000000 0.000000
vt 0.000000 0.000000
vt 0.000000 0.000000
vt 0.000000 0.000000
vt 0.000000 0.000000
vt 0.000000 0.000000
vt 0.000000 0.000000
vt 0.000000 0.000000
vt 0.000000 0.000000
vt 0.000000 0.000000
vt 0.000000 0.000000
vt 0.000000 0.000000
vt 0.000000 0.000000
vt 0.000000 0.000000
vt 0.000000 0.000000
vt 0.000000 0.000000
vt 0.000000 0.000000
vt 0.000000 0.000000
vt 0.000000 0.000000
vt 0.000000 0.000000
vt 0.000000 0.000000
vt 0.000000 0.000000
vt 0.000000 0.000000
vt 0.000000 0.000000
vt 0.000000 0.000000
vt 0.000000 0.000000
vt 0.000000 0.000000
vt 0.000000 0.000000
vt 0.000000 0.000000
vt 0.000000 0.000000
vt 0.000000 0.000000
vt 0.000000 0.000000
vt 0.000000 0.000000
vt 0.000000 0.000000
vt 0.000000 0.000000
vt 0.000000 0.000000
vt 0.000000 0.000000
vt 0.000000 0.000000
vt 0.000000 0.000000
vt 0.000000 0.000000
vt 0.000000 0.000000
vt 0.000000 0.000000
vt 0.000000 0.000000
vt 0.000000 0.000000
vt 0.000000 0.000000
vt 0.000000 0.000000
vt 0.000000 0.000000
vt 0.000000 0.000000
vt 0.000000 0.000000
vt 0.000000 0.000000
vt 0.000000 0.000000
vt 0.000000 0.000000
vt 0.000000 0.000000
vt 0.000000 0.000000
vt 0.000000 0.000000
vt 0.000000 0.000000
vt 0.000000 0.000000
vt 0.000000 0.000000
vt 0.000000 0.000000
vt 0.000000 0.000000
vt 0.000000 0.000000
vt 0.000000 0.000000
vt 0.000000 0.000000
vt 0.000000 0.000000
vt 0.000000 0.000000
vt 0.000000 0.000000
vt 0.000000 0.000000
vt 0.000000 0.000000
vt 0.000000 0.000000
vt 0.000000 0.000000
vt 0.000000 0.000000
vt 0.000000 0.000000
vt 0.000000 0.000000
vt 0.000000 0.000000
vt 0.000000 0.000000
vt 0.000000 0.000000
vt 0.000000 0.000000
vt 0.000000 0.000000
vt 0.000000 0.000000
vt 0.000000 0.000000
vt 0.000000 0.000000
vt 0.000000 0.000000
vt 0.000000 0.000000
vt 0.000000 0.000000
vt 0.000000 0.000000
vt 0.000000 0.000000
vt 0.000000 0.000000
vt 0.000000 0.000000
vt 0.000000 0.000000
vt 0.000000 0.000000
vt 0.000000 0.000000
vt 0.000000 0.000000
vt 0.000000 0.000000
vt 0.000000 0.000000
vt 0.000000 0.000000
vt 0.000000 0.000000
vt 0.000000 0.000000
vt 0.000000 0.000000
vt 0.000000 0.000000
vt 0.000000 0.000000
vt 0.000000 0.000000
vt 0.000000 0.000000
vt 0.000000 0.000000
vt 0.000000 0.000000
vt 0.000000 0.000000
vt 0.000000 0.000000
vt 0.000000 0.000000
vt 0.000000 0.000000
vt 0.000000 0.000000
vt 0.000000 0.000000
vt 0.000000 0.000000
vt 0.000000 0.000000
vt 0.000000 0.000000
vt 0.000000 0.000000
vt 0.000000 0.000000
vt 0.000000 0.000000
vt 0.000000 0.000000
vt 0.000000 0.000000
vt 0.000000 0.000000
vt 0.000000 0.000000
vt 0.000000 0.000000
vt 0.000000 0.000000
vt 0.000000 0.000000
vt 0.000000 0.000000
vt 0.000000 0.000000
vt 0.000000 0.000000
vt 0.000000 0.000000
vt 0.000000 0.000000
vt 0.000000 0.000000
vt 0.000000 0.000000
vt 0.000000 0.000000
vt 0.000000 0.000000
vt 0.000000 0.000000
vt 0.000000 0.000000
vt 0.000000 0.000000
vt 0.000000 0.000000
vt 0.000000 0.000000
vt 0.000000 0.000000
vt 0.000000 0.000000
vt 0.000000 0.000000
vt 0.000000 0.000000
vt 0.000000 0.000000
vt 0.000000 0.000000
vt 0.000000 0.000000
vt 0.000000 0.000000
vt 0.000000 0.000000
vt 0.000000 0.000000
vt 0.000000 0.000000
vt 0.000000 0.000000
vt 0.000000 0.000000
vt 0.000000 0.000000
vt 0.000000 0.000000
vt 0.000000 0.000000
vt 0.000000 0.000000
vt 0.000000 0.000000
vt 0.000000 0.000000
vt 0.000000 0.000000
vt 0.000000 0.000000
vt 0.000000 0.000000
vt 0.000000 0.000000
vt 0.000000 0.000000
vt 0.000000 0.000000
vt 0.000000 0.000000
vt 0.000000 0.000000
vt 0.000000 0.000000
vt 0.000000 0.000000
vt 0.000000 0.000000
vt 0.000000 0.000000
vt 0.000000 0.000000
vt 0.000000 0.000000
vt 0.000000 0.000000
vt 0.000000 0.000000
vt 0.000000 0.000000
vt 0.000000 0.000000
vt 0.000000 0.000000
vt 0.000000 0.000000
vt 0.000000 0.000000
vt 0.000000 0.000000
vt 0.000000 0.000000
vt 0.000000 0.000000
vt 0.000000 0.000000
vt 0.000000 0.000000
vt 0.000000 0.000000
vt 0.000000 0.000000
vt 0.000000 0.000000
vt 0.000000 0.000000
vt 0.000000 0.000000
vt 0.000000 0.000000
vt 0.000000 0.000000
vt 0.000000 0.000000
vt 0.000000 0.000000
vt 0.000000 0.000000
vt 0.000000 0.000000
vt 0.000000 0.000000
vt 0.000000 0.000000
vt 0.000000 0.000000
vt 0.000000 0.000000
vt 0.000000 0.000000
vt 0.000000 0.000000
vt 0.000000 0.000000
vt 0.000000 0.000000
vt 0.000000 0.000000
vt 0.000000 0.000000
vt 0.000000 0.000000
vt 0.000000 0.000000
vt 0.000000 0.000000
vt 0.000000 0.000000
vt 0.000000 0.000000
vt 0.000000 0.000000
vt 0.000000 0.000000
vt 0.000000 0.000000
vt 0.000000 0.000000
vt 0.000000 0.000000
vt 0.000000 0.000000
vt 0.000000 0.000000
vt 0.000000 0.000000
vt 0.000000 0.000000
vt 0.000000 0.000000
vt 0.000000 0.000000
vt 0.000000 0.000000
vt 0.000000 0.000000
vt 0.000000 0.000000
vt 0.000000 0.000000
vt 0.000000 0.000000
vt 0.000000 0.000000
vt 0.000000 0.000000
vt 0.000000 0.000000
vt 0.000000 0.000000
vt 0.000000 0.000000
vt 0.000000 0.000000
vt 0.000000 0.000000
vt 0.000000 0.000000
vt 0.000000 0.000000
vt 0.000000 0.000000
vt 0.000000 0.000000
vt 0.000000 0.000000
vt 0.000000 0.000000
vt 0.000000 0.000000
vt 0.000000 0.000000
vt 0.000000 0.000000
vt 0.000000 0.000000
vt 0.000000 0.000000
vt 0.000000 0.000000
vt 0.000000 0.000000
vt 0.000000 0.000000
vt 0.000000 0.000000
vt 0.000000 0.000000
vt 0.000000 0.000000
vt 0.000000 0.000000
vt 0.000000 0.000000
vt 0.000000 0.000000
vt 0.000000 0.000000
vt 0.000000 0.000000
vt 0.000000 0.000000
vt 0.000000 0.000000
vt 0.000000 0.000000
vt 0.000000 0.000000
vt 0.000000 0.000000
vt 0.000000 0.000000
vt 0.000000 0.000000
vt 0.000000 0.000000
vt 0.000000 0.000000
vt 0.000000 0.000000
vt 0.000000 0.000000
vt 0.000000 0.000000
vt 0.000000 0.000000
vt 0.000000 0.000000
vt 0.000000 0.000000
vt 0.000000 0.000000
vt 0.000000 0.000000
vt 0.000000 0.000000
vt 0.000000 0.000000
vt 0.000000 0.000000
vt 0.000000 0.000000
vt 0.000000 0.000000
vt 0.000000 0.000000
vt 0.000000 0.000000
vt 0.000000 0.000000
vt 0.000000 0.000000
vt 0.000000 0.000000
vt 0.000000 0.000000
vt 0.000000 0.000000
vt 0.000000 0.000000
vt 0.000000 0.000000
vt 0.000000 0.000000
vt 0.000000 0.000000
vt 0.000000 0.000000
vt 0.000000 0.000000
vt 0.000000 0.000000
vt 0.000000 0.000000
vt 0.000000 0.000000
vt 0.000000 0.000000
vt 0.000000 0.000000
vt 0.000000 0.000000
vt 0.000000 0.000000
vt 0.000000 0.000000
vt 0.000000 0.000000
vt 0.000000 0.000000
vt 0.000000 0.000000
vt 0.000000 0.000000
vt 0.000000 0.000000
vt 0.000000 0.000000
vt 0.000000 0.000000
vt 0.000000 0.000000
vt 0.000000 0.000000
vt 0.000000 0.000000
vt 0.000000 0.000000
vt 0.000000 0.000000
vt 0.000000 0.000000
vt 0.000000 0.000000
vt 0.000000 0.000000
vt 0.000000 0.000000
vt 0.000000 0.000000
vt 0.000000 0.000000
vt 0.000000 0.000000
vt 0.000000 0.000000
vt 0.000000 0.000000
vt 0.000000 0.000000
vt 0.000000 0.000000
vt 0.000000 0.000000
vt 0.000000 0.000000
vt 0.000000 0.000000
vt 0.000000 0.000000
vt 0.000000 0.000000
vt 0.000000 0.000000
vt 0.000000 0.000000
vt 0.000000 0.000000
vt 0.000000 0.000000
vt 0.000000 0.000000
vt 0.000000 0.000000
vt 0.000000 0.000000
vt 0.000000 0.000000
vt 0.000000 0.000000
vt 0.000000 0.000000
vt 0.000000 0.000000
vt 0.000000 0.000000
vt 0.000000 0.000000
vt 0.000000 0.000000
vt 0.000000 0.000000
vt 0.000000 0.000000
vt 0.000000 0.000000
vt 0.000000 0.000000
vt 0.000000 0.000000
vt 0.000000 0.000000
vt 0.000000 0.000000
vt 0.000000 0.000000
vt 0.000000 0.000000
vt 0.000000 0.000000
vt 0.000000 0.000000
vt 0.000000 0.000000
vt 0.000000 0.000000
vt 0.000000 0.000000
vt 0.000000 0.000000
vt 0.000000 0.000000
vt 0.000000 0.000000
vt 0.000000 0.000000
vt 0.000000 0.000000
vt 0.000000 0.000000
vt 0.000000 0.000000
vt 0.000000 0.000000
vt 0.000000 0.000000
vt 0.000000 0.000000
vt 0.000000 0.000000
vt 0.000000 0.000000
vt 0.000000 0.000000
vt 0.000000 0.000000
vt 0.000000 0.000000
vt 0.000000 0.000000
vt 0.000000 0.000000
vt 0.000000 0.000000
vt 0.000000 0.000000
vt 0.000000 0.000000
vt 0.000000 0.000000
vt 0.000000 0.000000
vt 0.000000 0.000000
vt 0.000000 0.000000
vt 0.000000 0.000000
vt 0.000000 0.000000
vt 0.000000 0.000000
vt 0.000000 0.000000
vt 0.000000 0.000000
vt 0.000000 0.000000
vt 0.000000 0.000000
vt 0.000000 0.000000
vt 0.000000 0.000000
vt 0.000000 0.000000
vt 0.000000 0.000000
vt 0.000000 0.000000
vt 0.000000 0.000000
vt 0.000000 0.000000
vt 0.000000 0.000000
vt 0.000000 0.000000
vt 0.000000 0.000000
vt 0.000000 0.000000
vt 0.000000 0.000000
vt 0.000000 0.000000
vt 0.000000 0.000000
vt 0.000000 0.000000
vt 0.000000 0.000000
vt 0.000000 0.000000
vt 0.000000 0.000000
vt 0.000000 0.000000
vt 0.000000 0.000000
vt 0.000000 0.000000
vt 0.000000 0.000000
vt 0.000000 0.000000
vt 0.000000 0.000000
vt 0.000000 0.000000
vt 0.000000 0.000000
vt 0.000000 0.000000
vt 0.000000 0.000000
vt 0.000000 0.000000
vt 0.000000 0.000000
vt 0.000000 0.000000
vt 0.000000 0.000000
vt 0.000000 0.000000
vt 0.000000 0.000000
vt 0.000000 0.000000
vt 0.000000 0.000000
vt 0.000000 0.000000
vt 0.000000 0.000000
vt 0.000000 0.000000
vt 0.000000 0.000000
vt 0.000000 0.000000
vt 0.000000 0.000000
vt 0.000000 0.000000
vt 0.000000 0.000000
vt 0.000000 0.000000
vt 0.000000 0.000000
vt 0.000000 0.000000
vt 0.000000 0.000000
vt 0.000000 0.000000
vt 0.000000 0.000000
vt 0.000000 0.000000
vt 0.000000 0.000000
vt 0.000000 0.000000
vt 0.000000 0.000000
vt 0.000000 0.000000
vt 0.000000 0.000000
vt 0.000000 0.000000
vt 0.000000 0.000000
vt 0.000000 0.000000
vt 0.000000 0.000000
vt 0.000000 0.000000
vt 0.000000 0.000000
vt 0.000000 0.000000
vt 0.000000 0.000000
vt 0.000000 0.000000
vt 0.000000 0.000000
vt 0.000000 0.000000
vt 0.000000 0.000000
vt 0.000000 0.000000
vt 0.000000 0.000000
vt 0.000000 0.000000
vt 0.000000 0.000000
vt 0.000000 0.000000
vt 0.000000 0.000000
vt 0.000000 0.000000
vt 0.000000 0.000000
vt 0.000000 0.000000
vt 0.000000 0.000000
vt 0.000000 0.000000
vt 0.000000 0.000000
vt 0.000000 0.000000
vt 0.000000 0.000000
vt 0.000000 0.000000
vt 0.000000 0.000000
vt 0.000000 0.000000
vt 0.000000 0.000000
vt 0.000000 0.000000
vt 0.000000 0.000000
vt 0.000000 0.000000
vt 0.000000 0.000000
vt 0.000000 0.000000
vt 0.000000 0.000000
vt 0.000000 0.000000
vt 0.000000 0.000000
vt 0.000000 0.000000
vt 0.000000 0.000000
vt 0.000000 0.000000
vt 0.000000 0.000000
vt 0.000000 0.000000
vt 0.000000 0.000000
vt 0.000000 0.000000
vt 0.000000 0.000000
vt 0.000000 0.000000
vt 0.000000 0.000000
vt 0.000000 0.000000
vt 0.000000 0.000000
vt 0.000000 0.000000
vt 0.000000 0.000000
vt 0.000000 0.000000
vt 0.000000 0.000000
vt 0.000000 0.000000
vt 0.000000 0.000000
vt 0.000000 0.000000
vt 0.000000 0.000000
vt 0.000000 0.000000
vt 0.000000 0.000000
vt 0.000000 0.000000
vt 0.000000 0.000000
vt 0.000000 0.000000
vt 0.000000 0.000000
vt 0.000000 0.000000
vt 0.000000 0.000000
vt 0.000000 0.000000
vt 0.000000 0.000000
vt 0.000000 0.000000
vt 0.000000 0.000000
vt 0.000000 0.000000
vt 0.000000 0.000000
vt 0.000000 0.000000
vt 0.000000 0.000000
vt 0.000000 0.000000
vt 0.000000 0.000000
vt 0.000000 0.000000
vt 0.000000 0.000000
vt 0.000000 0.000000
vt 0.000000 0.000000
vt 0.000000 0.000000
vt 0.000000 0.000000
vt 0.000000 0.000000
vt 0.000000 0.000000
vt 0.000000 0.000000
vt 0.000000 0.000000
vt 0.000000 0.000000
vt 0.000000 0.000000
vt 0.000000 0.000000
vt 0.000000 0.000000
vt 0.000000 0.000000
vt 0.000000 0.000000
vt 0.000000 0.000000
vt 0.000000 0.000000
vt 0.000000 0.000000
vt 0.000000 0.000000
vt 0.000000 0.000000
vt 0.000000 0.000000
vt 0.000000 0.000000
vt 0.000000 0.000000
vt 0.000000 0.000000
vt 0.000000 0.000000
vt 0.000000 0.000000
vt 0.000000 0.000000
vt 0.000000 0.000000
vt 0.000000 0.000000
vt 0.000000 0.000000
vt 0.000000 0.000000
vt 0.000000 0.000000
vt 0.000000 0.000000
vt 0.000000 0.000000
vt 0.000000 0.000000
vt 0.000000 0.000000
vt 0.000000 0.000000
vt 0.000000 0.000000
vt 0.000000 0.000000
vt 0.000000 0.000000
vt 0.000000 0.000000
vt 0.000000 0.000000
vt 0.000000 0.000000
vt 0.000000 0.000000
vt 0.000000 0.000000
vt 0.000000 0.000000
vt 0.000000 0.000000
vt 0.000000 0.000000
vt 0.000000 0.000000
vt 0.000000 0.000000
vt 0.000000 0.000000
vt 0.000000 0.000000
vt 0.000000 0.000000
vt 0.000000 0.000000
vt 0.000000 0.000000
vt 0.000000 0.000000
vt 0.000000 0.000000
vt 0.000000 0.000000
vt 0.000000 0.000000
vt 0.000000 0.000000
vt 0.000000 0.000000
vt 0.000000 0.000000
vt 0.000000 0.000000
vt 0.000000 0.000000
vt 0.000000 0.000000
vt 0.000000 0.000000
vt 0.000000 0.000000
vt 0.000000 0.000000
vt 0.000000 0.000000
vt 0.000000 0.000000
vt 0.000000 0.000000
vt 0.000000 0.000000
vt 0.000000 0.000000
vt 0.000000 0.000000
vt 0.000000 0.000000
vt 0.000000 0.000000
vt 0.000000 0.000000
vt 0.000000 0.000000
vt 0.000000 0.000000
vt 0.000000 0.000000
vt 0.000000 0.000000
vt 0.000000 0.000000
vt 0.000000 0.000000
vt 0.000000 0.000000
vt 0.000000 0.000000
vt 0.000000 0.000000
vt 0.000000 0.000000
vt 0.000000 0.000000
vt 0.000000 0.000000
vt 0.000000 0.000000
vt 0.000000 0.000000
vt 0.000000 0.000000
vt 0.000000 0.000000
vt 0.000000 0.000000
vt 0.000000 0.000000
vt 0.000000 0.000000
vt 0.000000 0.000000
vt 0.000000 0.000000
vt 0.000000 0.000000
vt 0.000000 0.000000
vt 0.000000 0.000000
vt 0.000000 0.000000
vt 0.000000 0.000000
vt 0.000000 0.000000
vt 0.000000 0.000000
vt 0.000000 0.000000
vt 0.000000 0.000000
vt 0.000000 0.000000
vt 0.000000 0.000000
vt 0.000000 0.000000
vt 0.000000 0.000000
vt 0.000000 0.000000
vt 0.000000 0.000000
vt 0.000000 0.000000
vt 0.000000 0.000000
vt 0.000000 0.000000
vt 0.000000 0.000000
vt 0.000000 0.000000
vt 0.000000 0.000000
vt 0.000000 0.000000
vt 0.000000 0.000000
vt 0.000000 0.000000
vt 0.000000 0.000000
vt 0.000000 0.000000
vt 0.000000 0.000000
vt 0.000000 0.000000
vt 0.000000 0.000000
vt 0.000000 0.000000
vt 0.000000 0.000000
vt 0.000000 0.000000
vt 0.000000 0.000000
vt 0.000000 0.000000
vt 0.000000 0.000000
vt 0.000000 0.000000
vt 0.000000 0.000000
vt 0.000000 0.000000
vt 0.000000 0.000000
vt 0.000000 0.000000
vt 0.000000 0.000000
vt 0.000000 0.000000
vt 0.000000 0.000000
vt 0.000000 0.000000
vt 0.000000 0.000000
vt 0.000000 0.000000
vt 0.000000 0.000000
vt 0.000000 0.000000
vt 0.000000 0.000000
vt 0.000000 0.000000
vt 0.000000 0.000000
vt 0.000000 0.000000
vt 0.000000 0.000000
vt 0.000000 0.000000
vt 0.000000 0.000000
vt 0.000000 0.000000
vt 0.000000 0.000000
vt 0.000000 0.000000
vt 0.000000 0.000000
vt 0.000000 0.000000
vt 0.000000 0.000000
vt 0.000000 0.000000
vt 0.000000 0.000000
vt 0.000000 0.000000
vt 0.000000 0.000000
vt 0.000000 0.000000
vt 0.000000 0.000000
vt 0.000000 0.000000
vt 0.000000 0.000000
vt 0.000000 0.000000
vt 0.000000 0.000000
vt 0.000000 0.000000
vt 0.000000 0.000000
vt 0.000000 0.000000
vt 0.000000 0.000000
vt 0.000000 0.000000
vt 0.000000 0.000000
vt 0.000000 0.000000
vt 0.000000 0.000000
vt 0.000000 0.000000
vt 0.000000 0.000000
vt 0.000000 0.000000
vt 0.000000 0.000000
vt 0.000000 0.000000
vt 0.000000 0.000000
vt 0.000000 0.000000
vt 0.000000 0.000000
vt 0.000000 0.000000
vt 0.000000 0.000000
vt 0.000000 0.000000
vt 0.000000 0.000000
vt 0.000000 0.000000
vt 0.000000 0.000000
vt 0.000000 0.000000
vt 0.000000 0.000000
vt 0.000000 0.000000
vt 0.000000 0.000000
vt 0.000000 0.000000
vt 0.000000 0.000000
vt 0.000000 0.000000
vt 0.000000 0.000000
vt 0.000000 0.000000
vt 0.000000 0.000000
vt 0.000000 0.000000
vt 0.000000 0.000000
vt 0.000000 0.000000
vt 0.000000 0.000000
vt 0.000000 0.000000
vt 0.000000 0.000000
vt 0.000000 0.000000
vt 0.000000 0.000000
vt 0.000000 0.000000
vt 0.000000 0.000000
vt 0.000000 0.000000
vt 0.000000 0.000000
vt 0.000000 0.000000
vt 0.000000 0.000000
vt 0.000000 0.000000
vt 0.000000 0.000000
vt 0.000000 0.000000
vt 0.000000 0.000000
vt 0.000000 0.000000
vt 0.000000 0.000000
vt 0.000000 0.000000
vt 0.000000 0.000000
vt 0.000000 0.000000
vt 0.000000 0.000000
vt 0.000000 0.000000
vt 0.000000 0.000000
vt 0.000000 0.000000
vt 0.000000 0.000000
vt 0.000000 0.000000
vt 0.000000 0.000000
vt 0.000000 0.000000
vt 0.000000 0.000000
vt 0.000000 0.000000
vt 0.000000 0.000000
vt 0.000000 0.000000
vt 0.000000 0.000000
vt 0.000000 0.000000
vt 0.000000 0.000000
vt 0.000000 0.000000
vt 0.000000 0.000000
vt 0.000000 0.000000
vt 0.000000 0.000000
vt 0.000000 0.000000
vt 0.000000 0.000000
vt 0.000000 0.000000
vt 0.000000 0.000000
vt 0.000000 0.000000
vt 0.000000 0.000000
vt 0.000000 0.000000
vt 0.000000 0.000000
vt 0.000000 0.000000
vt 0.000000 0.000000
vt 0.000000 0.000000
vt 0.000000 0.000000
vt 0.000000 0.000000
vt 0.000000 0.000000
vt 0.000000 0.000000
vt 0.000000 0.000000
vt 0.000000 0.000000
vt 0.000000 0.000000
vt 0.000000 0.000000
vt 0.000000 0.000000
vt 0.000000 0.000000
vt 0.000000 0.000000
vt 0.000000 0.000000
vt 0.000000 0.000000
vt 0.000000 0.000000
vt 0.000000 0.000000
vt 0.000000 0.000000
vt 0.000000 0.000000
vt 0.000000 0.000000
vt 0.000000 0.000000
vt 0.000000 0.000000
vt 0.000000 0.000000
vt 0.000000 0.000000
vt 0.000000 0.000000
vt 0.000000 0.000000
vt 0.000000 0.000000
vt 0.000000 0.000000
vt 0.000000 0.000000
vt 0.000000 0.000000
vt 0.000000 0.000000
vt 0.000000 0.000000
vt 0.000000 0.000000
vt 0.000000 0.000000
vt 0.000000 0.000000
vt 0.000000 0.000000
vt 0.000000 0.000000
vt 0.000000 0.000000
vt 0.000000 0.000000
vt 0.000000 0.000000
vt 0.000000 0.000000
vt 0.000000 0.000000
vt 0.000000 0.000000
vt 0.000000 0.000000
vt 0.000000 0.000000
vt 0.000000 0.000000
vt 0.000000 0.000000
vt 0.000000 0.000000
vt 0.000000 0.000000
vt 0.000000 0.000000
vt 0.000000 0.000000
vt 0.000000 0.000000
vt 0.000000 0.000000
vt 0.000000 0.000000
vt 0.000000 0.000000
vt 0.000000 0.000000
vt 0.000000 0.000000
vt 0.000000 0.000000
vt 0.000000 0.000000
vt 0.000000 0.000000
vt 0.000000 0.000000
vt 0.000000 0.000000
vt 0.000000 0.000000
vt 0.000000 0.000000
vt 0.000000 0.000000
vt 0.000000 0.000000
vt 0.000000 0.000000
vt 0.000000 0.000000
vt 0.000000 0.000000
vt 0.000000 0.000000
vt 0.000000 0.000000
vt 0.000000 0.000000
vt 0.000000 0.000000
vt 0.000000 0.000000
vt 0.000000 0.000000
vt 0.000000 0.000000
vt 0.000000 0.000000
vt 0.000000 0.000000
vt 0.000000 0.000000
vt 0.000000 0.000000
vt 0.000000 0.000000
vt 0.000000 0.000000
vt 0.000000 0.000000
vt 0.000000 0.000000
vt 0.000000 0.000000
vt 0.000000 0.000000
vt 0.000000 0.000000
vt 0.000000 0.000000
vt 0.000000 0.000000
vt 0.000000 0.000000
vt 0.000000 0.000000
vt 0.000000 0.000000
vt 0.000000 0.000000
vt 0.000000 0.000000
vt 0.000000 0.000000
vt 0.000000 0.000000
vt 0.000000 0.000000
vt 0.000000 0.000000
vt 0.000000 0.000000
vt 0.000000 0.000000
vt 0.000000 0.000000
vt 0.000000 0.000000
vt 0.000000 0.000000
vt 0.000000 0.000000
vt 0.000000 0.000000
vt 0.000000 0.000000
vt 0.000000 0.000000
vt 0.000000 0.000000
vt 0.000000 0.000000
vt 0.000000 0.000000
vt 0.000000 0.000000
vt 0.000000 0.000000
vt 0.000000 0.000000
vt 0.000000 0.000000
vt 0.000000 0.000000
vt 0.000000 0.000000
vt 0.000000 0.000000
vt 0.000000 0.000000
vt 0.000000 0.000000
vt 0.000000 0.000000
vt 0.000000 0.000000
vt 0.000000 0.000000
vt 0.000000 0.000000
vt 0.000000 0.000000
vt 0.000000 0.000000
vt 0.000000 0.000000
vt 0.000000 0.000000
vt 0.000000 0.000000
vt 0.000000 0.000000
vt 0.000000 0.000000
vt 0.000000 0.000000
vt 0.000000 0.000000
vt 0.000000 0.000000
vt 0.000000 0.000000
vt 0.000000 0.000000
vt 0.000000 0.000000
vt 0.000000 0.000000
vt 0.000000 0.000000
vt 0.000000 0.000000
vt 0.000000 0.000000
vt 0.000000 0.000000
vt 0.000000 0.000000
vt 0.000000 0.000000
vt 0.000000 0.000000
vt 0.000000 0.000000
vt 0.000000 0.000000
vt 0.000000 0.000000
vt 0.000000 0.000000
vt 0.000000 0.000000
vt 0.000000 0.000000
vt 0.000000 0.000000
vt 0.000000 0.000000
vt 0.000000 0.000000
vt 0.000000 0.000000
vt 0.000000 0.000000
vt 0.000000 0.000000
vt 0.000000 0.000000
vt 0.000000 0.000000
vt 0.000000 0.000000
vt 0.000000 0.000000
vt 0.000000 0.000000
vt 0.000000 0.000000
vt 0.000000 0.000000
vt 0.000000 0.000000
vt 0.000000 0.000000
vt 0.000000 0.000000
vt 0.000000 0.000000
vt 0.000000 0.000000
vt 0.000000 0.000000
vt 0.000000 0.000000
vt 0.000000 0.000000
vt 0.000000 0.000000
vt 0.000000 0.000000
vt 0.000000 0.000000
vt 0.000000 0.000000
vt 0.000000 0.000000
vt 0.000000 0.000000
vt 0.000000 0.000000
vt 0.000000 0.000000
vt 0.000000 0.000000
vt 0.000000 0.000000
vt 0.000000 0.000000
vt 0.000000 0.000000
vt 0.000000 0.000000
vt 0.000000 0.000000
vt 0.000000 0.000000
vt 0.000000 0.000000
vt 0.000000 0.000000
vt 0.000000 0.000000
vt 0.000000 0.000000
vt 0.000000 0.000000
vt 0.000000 0.000000
vt 0.000000 0.000000
vt 0.000000 0.000000
vt 0.000000 0.000000
vt 0.000000 0.000000
vt 0.000000 0.000000
vt 0.000000 0.000000
vt 0.000000 0.000000
vt 0.000000 0.000000
vt 0.000000 0.000000
vt 0.000000 0.000000
vt 0.000000 0.000000
vt 0.000000 0.000000
vt 0.000000 0.000000
vt 0.000000 0.000000
vt 0.000000 0.000000
vt 0.000000 0.000000
vt 0.000000 0.000000
vt 0.000000 0.000000
vt 0.000000 0.000000
vt 0.000000 0.000000
vt 0.000000 0.000000
vt 0.000000 0.000000
vt 0.000000 0.000000
vt 0.000000 0.000000
vt 0.000000 0.000000
vt 0.000000 0.000000
vt 0.000000 0.000000
vt 0.000000 0.000000
vt 0.000000 0.000000
vt 0.000000 0.000000
vt 0.000000 0.000000
vt 0.000000 0.000000
vt 0.000000 0.000000
vt 0.000000 0.000000
vt 0.000000 0.000000
vt 0.000000 0.000000
vt 0.000000 0.000000
vt 0.000000 0.000000
vt 0.000000 0.000000
vt 0.000000 0.000000
vt 0.000000 0.000000
vt 0.000000 0.000000
vt 0.000000 0.000000
vt 0.000000 0.000000
vt 0.000000 0.000000
vt 0.000000 0.000000
vt 0.000000 0.000000
vt 0.000000 0.000000
vt 0.000000 0.000000
vt 0.000000 0.000000
vt 0.000000 0.000000
vt 0.000000 0.000000
vt 0.000000 0.000000
vt 0.000000 0.000000
vt 0.000000 0.000000
vt 0.000000 0.000000
vt 0.000000 0.000000
vt 0.000000 0.000000
vt 0.000000 0.000000
vt 0.000000 0.000000
vt 0.000000 0.000000
vt 0.000000 0.000000
vt 0.000000 0.000000
vt 0.000000 0.000000
vt 0.000000 0.000000
vt 0.000000 0.000000
vt 0.000000 0.000000
vt 0.000000 0.000000
vt 0.000000 0.000000
vt 0.000000 0.000000
vt 0.000000 0.000000
vt 0.000000 0.000000
vt 0.000000 0.000000
vt 0.000000 0.000000
vt 0.000000 0.000000
vt 0.000000 0.000000
vt 0.000000 0.000000
vt 0.000000 0.000000
vt 0.000000 0.000000
vt 0.000000 0.000000
vt 0.000000 0.000000
vt 0.000000 0.000000
vt 0.000000 0.000000
vt 0.000000 0.000000
vt 0.000000 0.000000
vt 0.000000 0.000000
vt 0.000000 0.000000
vt 0.000000 0.000000
vt 0.000000 0.000000
vt 0.000000 0.000000
vt 0.000000 0.000000
vt 0.000000 0.000000
vt 0.000000 0.000000
vt 0.000000 0.000000
vt 0.000000 0.000000
vt 0.000000 0.000000
vt 0.000000 0.000000
vt 0.000000 0.000000
vt 0.000000 0.000000
vt 0.000000 0.000000
vt 0.000000 0.000000
vt 0.000000 0.000000
vt 0.000000 0.000000
vt 0.000000 0.000000
vt 0.000000 0.000000
vt 0.000000 0.000000
vt 0.000000 0.000000
vt 0.000000 0.000000
vt 0.000000 0.000000
vt 0.000000 0.000000
vt 0.000000 0.000000
vt 0.000000 0.000000
vt 0.000000 0.000000
vt 0.000000 0.000000
vt 0.000000 0.000000
vt 0.000000 0.000000
vt 0.000000 0.000000
vt 0.000000 0.000000
vt 0.000000 0.000000
vt 0.000000 0.000000
vt 0.000000 0.000000
vt 0.000000 0.000000
vt 0.000000 0.000000
vt 0.000000 0.000000
vt 0.000000 0.000000
vt 0.000000 0.000000
vt 0.000000 0.000000
vt 0.000000 0.000000
vt 0.000000 0.000000
vt 0.000000 0.000000
vt 0.000000 0.000000
vt 0.000000 0.000000
vt 0.000000 0.000000
vt 0.000000 0.000000
vt 0.000000 0.000000
vt 0.000000 0.000000
vt 0.000000 0.000000
vt 0.000000 0.000000
vt 0.000000 0.000000
vt 0.000000 0.000000
vt 0.000000 0.000000
vt 0.000000 0.000000
vt 0.000000 0.000000
vt 0.000000 0.000000
vt 0.000000 0.000000
vt 0.000000 0.000000
vt 0.000000 0.000000
vt 0.000000 0.000000
vt 0.000000 0.000000
vt 0.000000 0.000000
vt 0.000000 0.000000
vt 0.000000 0.000000
vt 0.000000 0.000000
vt 0.000000 0.000000
vt 0.000000 0.000000
vt 0.000000 0.000000
vt 0.000000 0.000000
vt 0.000000 0.000000
vt 0.000000 0.000000
vt 0.000000 0.000000
vt 0.000000 0.000000
vt 0.000000 0.000000
vt 0.000000 0.000000
vt 0.000000 0.000000
vt 0.000000 0.000000
vt 0.000000 0.000000
vt 0.000000 0.000000
vt 0.000000 0.000000
vt 0.000000 0.000000
vt 0.000000 0.000000
vt 0.000000 0.000000
vt 0.000000 0.000000
vt 0.000000 0.000000
vt 0.000000 0.000000
vt 0.000000 0.000000
vt 0.000000 0.000000
vt 0.000000 0.000000
vt 0.000000 0.000000
vt 0.000000 0.000000
vt 0.000000 0.000000
vt 0.000000 0.000000
vt 0.000000 0.000000
vt 0.000000 0.000000
vt 0.000000 0.000000
vt 0.000000 0.000000
vt 0.000000 0.000000
vt 0.000000 0.000000
vt 0.000000 0.000000
vt 0.000000 0.000000
vt 0.000000 0.000000
vt 0.000000 0.000000
vt 0.000000 0.000000
vt 0.000000 0.000000
vt 0.000000 0.000000
vt 0.000000 0.000000
vt 0.000000 0.000000
vt 0.000000 0.000000
vt 0.000000 0.000000
vt 0.000000 0.000000
vt 0.000000 0.000000
vt 0.000000 0.000000
vt 0.000000 0.000000
vt 0.000000 0.000000
vt 0.000000 0.000000
vt 0.000000 0.000000
vt 0.000000 0.000000
vt 0.000000 0.000000
vt 0.000000 0.000000
vt 0.000000 0.000000
vt 0.000000 0.000000
vt 0.000000 0.000000
vt 0.000000 0.000000
vt 0.000000 0.000000
vt 0.000000 0.000000
vt 0.000000 0.000000
vt 0.000000 0.000000
vt 0.000000 0.000000
vt 0.000000 0.000000
vt 0.000000 0.000000
vt 0.000000 0.000000
vt 0.000000 0.000000
vt 0.000000 0.000000
vt 0.000000 0.000000
vt 0.000000 0.000000
vt 0.000000 0.000000
vt 0.000000 0.000000
vt 0.000000 0.000000
vt 0.000000 0.000000
vt 0.000000 0.000000
vt 0.000000 0.000000
vt 0.000000 0.000000
vt 0.000000 0.000000
vt 0.000000 0.000000
vt 0.000000 0.000000
vt 0.000000 0.000000
vt 0.000000 0.000000
vt 0.000000 0.000000
vt 0.000000 0.000000
vt 0.000000 0.000000
vt 0.000000 0.000000
vt 0.000000 0.000000
vt 0.000000 0.000000
vt 0.000000 0.000000
vt 0.000000 0.000000
vt 0.000000 0.000000
vt 0.000000 0.000000
vt 0.000000 0.000000
vt 0.000000 0.000000
vt 0.000000 0.000000
vt 0.000000 0.000000
vt 0.000000 0.000000
vt 0.000000 0.000000
vt 0.000000 0.000000
vt 0.000000 0.000000
vt 0.000000 0.000000
vt 0.000000 0.000000
vt 0.000000 0.000000
vt 0.000000 0.000000
vt 0.000000 0.000000
vt 0.000000 0.000000
vt 0.000000 0.000000
vt 0.000000 0.000000
vt 0.000000 0.000000
vt 0.000000 0.000000
vt 0.000000 0.000000
vt 0.000000 0.000000
vt 0.000000 0.000000
vt 0.000000 0.000000
vt 0.000000 0.000000
vt 0.000000 0.000000
vt 0.000000 0.000000
vt 0.000000 0.000000
vt 0.000000 0.000000
vt 0.000000 0.000000
vt 0.000000 0.000000
vt 0.000000 0.000000
vt 0.000000 0.000000
vt 0.000000 0.000000
vt 0.000000 0.000000
vt 0.000000 0.000000
vt 0.000000 0.000000
vt 0.000000 0.000000
vt 0.000000 0.000000
vt 0.000000 0.000000
vt 0.000000 0.000000
vt 0.000000 0.000000
vt 0.000000 0.000000
vt 0.000000 0.000000
vt 0.000000 0.000000
vt 0.000000 0.000000
vt 0.000000 0.000000
vt 0.000000 0.000000
vt 0.000000 0.000000
vt 0.000000 0.000000
vt 0.000000 0.000000
vt 0.000000 0.000000
vt 0.000000 0.000000
vt 0.000000 0.000000
vt 0.000000 0.000000
vt 0.000000 0.000000
vt 0.000000 0.000000
vt 0.000000 0.000000
vt 0.000000 0.000000
vt 0.000000 0.000000
vt 0.000000 0.000000
vt 0.000000 0.000000
vt 0.000000 0.000000
vt 0.000000 0.000000
vt 0.000000 0.000000
vt 0.000000 0.000000
vt 0.000000 0.000000
vt 0.000000 0.000000
vt 0.000000 0.000000
vt 0.000000 0.000000
vt 0.000000 0.000000
vt 0.000000 0.000000
vt 0.000000 0.000000
vt 0.000000 0.000000
vt 0.000000 0.000000
vt 0.000000 0.000000
vt 0.000000 0.000000
vt 0.000000 0.000000
vt 0.000000 0.000000
vt 0.000000 0.000000
vt 0.000000 0.000000
vt 0.000000 0.000000
vt 0.000000 0.000000
vt 0.000000 0.000000
vt 0.000000 0.000000
vt 0.000000 0.000000
vt 0.000000 0.000000
vt 0.000000 0.000000
vt 0.000000 0.000000
vt 0.000000 0.000000
vt 0.000000 0.000000
vt 0.000000 0.000000
vt 0.000000 0.000000
vt 0.000000 0.000000
vt 0.000000 0.000000
vt 0.000000 0.000000
vt 0.000000 0.000000
vt 0.000000 0.000000
vt 0.000000 0.000000
vt 0.000000 0.000000
vt 0.000000 0.000000
vt 0.000000 0.000000
vt 0.000000 0.000000
vt 0.000000 0.000000
vt 0.000000 0.000000
vt 0.000000 0.000000
vt 0.000000 0.000000
vt 0.000000 0.000000
vt 0.000000 0.000000
vt 0.000000 0.000000
vt 0.000000 0.000000
vt 0.000000 0.000000
vt 0.000000 0.000000
vt 0.000000 0.000000
vt 0.000000 0.000000
vt 0.000000 0.000000
vt 0.000000 0.000000
vt 0.000000 0.000000
vt 0.000000 0.000000
vt 0.000000 0.000000
vt 0.000000 0.000000
vt 0.000000 0.000000
vt 0.000000 0.000000
vt 0.000000 0.000000
vt 0.000000 0.000000
vt 0.000000 0.000000
vt 0.000000 0.000000
vt 0.000000 0.000000
vt 0.000000 0.000000
vt 0.000000 0.000000
vt 0.000000 0.000000
vt 0.000000 0.000000
vt 0.000000 0.000000
vt 0.000000 0.000000
vt 0.000000 0.000000
vt 0.000000 0.000000
vt 0.000000 0.000000
vt 0.000000 0.000000
vt 0.000000 0.000000
vt 0.000000 0.000000
vt 0.000000 0.000000
vt 0.000000 0.000000
vt 0.000000 0.000000
vt 0.000000 0.000000
vt 0.000000 0.000000
vt 0.000000 0.000000
vt 0.000000 0.000000
vt 0.000000 0.000000
vt 0.000000 0.000000
vt 0.000000 0.000000
vt 0.000000 0.000000
vt 0.000000 0.000000
vt 0.000000 0.000000
vt 0.000000 0.000000
vt 0.000000 0.000000
vt 0.000000 0.000000
vt 0.000000 0.000000
vt 0.000000 0.000000
vt 0.000000 0.000000
vt 0.000000 0.000000
vt 0.000000 0.000000
vt 0.000000 0.000000
vt 0.000000 0.000000
vt 0.000000 0.000000
vt 0.000000 0.000000
vt 0.000000 0.000000
vt 0.000000 0.000000
vt 0.000000 0.000000
vt 0.000000 0.000000
vt 0.000000 0.000000
vt 0.000000 0.000000
vt 0.000000 0.000000
vt 0.000000 0.000000
vt 0.000000 0.000000
vt 0.000000 0.000000
vt 0.000000 0.000000
vt 0.000000 0.000000
vt 0.000000 0.000000
vt 0.000000 0.000000
vt 0.000000 0.000000
vt 0.000000 0.000000
vt 0.000000 0.000000
vt 0.000000 0.000000
vt 0.000000 0.000000
vt 0.000000 0.000000
vt 0.000000 0.000000
vt 0.000000 0.000000
vt 0.000000 0.000000
vt 0.000000 0.000000
vt 0.000000 0.000000
vt 0.000000 0.000000
vt 0.000000 0.000000
vt 0.000000 0.000000
vt 0.000000 0.000000
vt 0.000000 0.000000
vt 0.000000 0.000000
vt 0.000000 0.000000
vt 0.000000 0.000000
vt 0.000000 0.000000
vt 0.000000 0.000000
vt 0.000000 0.000000
vt 0.000000 0.000000
vt 0.000000 0.000000
vt 0.000000 0.000000
vt 0.000000 0.000000
vt 0.000000 0.000000
vt 0.000000 0.000000
vt 0.000000 0.000000
vt 0.000000 0.000000
vt 0.000000 0.000000
vt 0.000000 0.000000
vt 0.000000 0.000000
vt 0.000000 0.000000
vt 0.000000 0.000000
vt 0.000000 0.000000
vt 0.000000 0.000000
vt 0.000000 0.000000
vt 0.000000 0.000000
vt 0.000000 0.000000
vt 0.000000 0.000000
vt 0.000000 0.000000
vt 0.000000 0.000000
vt 0.000000 0.000000
vt 0.000000 0.000000
vt 0.000000 0.000000
vt 0.000000 0.000000
vt 0.000000 0.000000
vt 0.000000 0.000000
vt 0.000000 0.000000
vt 0.000000 0.000000
vt 0.000000 0.000000
vt 0.000000 0.000000
vt 0.000000 0.000000
vt 0.000000 0.000000
vt 0.000000 0.000000
vt 0.000000 0.000000
vt 0.000000 0.000000
vt 0.000000 0.000000
vt 0.000000 0.000000
vt 0.000000 0.000000
vt 0.000000 0.000000
vt 0.000000 0.000000
vt 0.000000 0.000000
vt 0.000000 0.000000
vt 0.000000 0.000000
vt 0.000000 0.000000
vt 0.000000 0.000000
vt 0.000000 0.000000
vt 0.000000 0.000000
vt 0.000000 0.000000
vt 0.000000 0.000000
vt 0.000000 0.000000
vt 0.000000 0.000000
vt 0.000000 0.000000
vt 0.000000 0.000000
vt 0.000000 0.000000
vt 0.000000 0.000000
vt 0.000000 0.000000
vt 0.000000 0.000000
vt 0.000000 0.000000
vt 0.000000 0.000000
vt 0.000000 0.000000
vt 0.000000 0.000000
vt 0.000000 0.000000
vt 0.000000 0.000000
vt 0.000000 0.000000
vt 0.000000 0.000000
vt 0.000000 0.000000
vt 0.000000 0.000000
vt 0.000000 0.000000
vt 0.000000 0.000000
vt 0.000000 0.000000
vt 0.000000 0.000000
vt 0.000000 0.000000
vt 0.000000 0.000000
vt 0.000000 0.000000
vt 0.000000 0.000000
vt 0.000000 0.000000
vt 0.000000 0.000000
vt 0.000000 0.000000
vt 0.000000 0.000000
vt 0.000000 0.000000
vt 0.000000 0.000000
vt 0.000000 0.000000
vt 0.000000 0.000000
vt 0.000000 0.000000
vt 0.000000 0.000000
vt 0.000000 0.000000
vt 0.000000 0.000000
vt 0.000000 0.000000
vt 0.000000 0.000000
vt 0.000000 0.000000
vt 0.000000 0.000000
vt 0.000000 0.000000
vt 0.000000 0.000000
vt 0.000000 0.000000
vt 0.000000 0.000000
vt 0.000000 0.000000
vt 0.000000 0.000000
vt 0.000000 0.000000
vt 0.000000 0.000000
vt 0.000000 0.000000
vt 0.000000 0.000000
vt 0.000000 0.000000
vt 0.000000 0.000000
vt 0.000000 0.000000
vt 0.000000 0.000000
vt 0.000000 0.000000
vt 0.000000 0.000000
vt 0.000000 0.000000
vt 0.000000 0.000000
vt 0.000000 0.000000
vt 0.000000 0.000000
vt 0.000000 0.000000
vt 0.000000 0.000000
vt 0.000000 0.000000
vt 0.000000 0.000000
vt 0.000000 0.000000
vt 0.000000 0.000000
vt 0.000000 0.000000
vt 0.000000 0.000000
vt 0.000000 0.000000
vt 0.000000 0.000000
vt 0.000000 0.000000
vt 0.000000 0.000000
vt 0.000000 0.000000
vt 0.000000 0.000000
vt 0.000000 0.000000
vt 0.000000 0.000000
vt 0.000000 0.000000
vt 0.000000 0.000000
vt 0.000000 0.000000
vt 0.000000 0.000000
vt 0.000000 0.000000
vt 0.000000 0.000000
vt 0.000000 0.000000
vt 0.000000 0.000000
vt 0.000000 0.000000
vt 0.000000 0.000000
vt 0.000000 0.000000
vt 0.000000 0.000000
vt 0.000000 0.000000
vt 0.000000 0.000000
vt 0.000000 0.000000
vt 0.000000 0.000000
vt 0.000000 0.000000
vt 0.000000 0.000000
vt 0.000000 0.000000
vt 0.000000 0.000000
vt 0.000000 0.000000
vt 0.000000 0.000000
vt 0.000000 0.000000
vt 0.000000 0.000000
vt 0.000000 0.000000
vt 0.000000 0.000000
vt 0.000000 0.000000
vt 0.000000 0.000000
vt 0.000000 0.000000
vt 0.000000 0.000000
vt 0.000000 0.000000
vt 0.000000 0.000000
vt 0.000000 0.000000
vt 0.000000 0.000000
vt 0.000000 0.000000
vt 0.000000 0.000000
vt 0.000000 0.000000
vt 0.000000 0.000000
vt 0.000000 0.000000
vt 0.000000 0.000000
vt 0.000000 0.000000
vt 0.000000 0.000000
vt 0.000000 0.000000
vt 0.000000 0.000000
vt 0.000000 0.000000
vt 0.000000 0.000000
vt 0.000000 0.000000
vt 0.000000 0.000000
vt 0.000000 0.000000
vt 0.000000 0.000000
vt 0.000000 0.000000
vt 0.000000 0.000000
vt 0.000000 0.000000
vt 0.000000 0.000000
vt 0.000000 0.000000
vt 0.000000 0.000000
vt 0.000000 0.000000
vt 0.000000 0.000000
vt 0.000000 0.000000
vt 0.000000 0.000000
vt 0.000000 0.000000
vt 0.000000 0.000000
vt 0.000000 0.000000
vt 0.000000 0.000000
vt 0.000000 0.000000
vt 0.000000 0.000000
vt 0.000000 0.000000
vt 0.000000 0.000000
vt 0.000000 0.000000
vt 0.000000 0.000000
vt 0.000000 0.000000
vt 0.000000 0.000000
vt 0.000000 0.000000
vt 0.000000 0.000000
vt 0.000000 0.000000
vt 0.000000 0.000000
vt 0.000000 0.000000
vt 0.000000 0.000000
vt 0.000000 0.000000
vt 0.000000 0.000000
vt 0.000000 0.000000
vt 0.000000 0.000000
vt 0.000000 0.000000
vt 0.000000 0.000000
vt 0.000000 0.000000
vt 0.000000 0.000000
vt 0.000000 0.000000
vt 0.000000 0.000000
vt 0.000000 0.000000
vt 0.000000 0.000000
vt 0.000000 0.000000
vt 0.000000 0.000000
vt 0.000000 0.000000
vt 0.000000 0.000000
vt 0.000000 0.000000
vt 0.000000 0.000000
vt 0.000000 0.000000
vt 0.000000 0.000000
vt 0.000000 0.000000
vt 0.000000 0.000000
vt 0.000000 0.000000
vt 0.000000 0.000000
vt 0.000000 0.000000
vt 0.000000 0.000000
vt 0.000000 0.000000
vt 0.000000 0.000000
vt 0.000000 0.000000
vt 0.000000 0.000000
vt 0.000000 0.000000
vt 0.000000 0.000000
vt 0.000000 0.000000
vt 0.000000 0.000000
vt 0.000000 0.000000
vt 0.000000 0.000000
vt 0.000000 0.000000
vt 0.000000 0.000000
vt 0.000000 0.000000
vt 0.000000 0.000000
vt 0.000000 0.000000
vt 0.000000 0.000000
vt 0.000000 0.000000
vt 0.000000 0.000000
vt 0.000000 0.000000
vt 0.000000 0.000000
vt 0.000000 0.000000
vt 0.000000 0.000000
vt 0.000000 0.000000
vt 0.000000 0.000000
vt 0.000000 0.000000
vt 0.000000 0.000000
vt 0.000000 0.000000
vt 0.000000 0.000000
vt 0.000000 0.000000
vt 0.000000 0.000000
vt 0.000000 0.000000
vt 0.000000 0.000000
vt 0.000000 0.000000
vt 0.000000 0.000000
vt 0.000000 0.000000
vt 0.000000 0.000000
vt 0.000000 0.000000
vt 0.000000 0.000000
vt 0.000000 0.000000
vt 0.000000 0.000000
vt 0.000000 0.000000
vt 0.000000 0.000000
vt 0.000000 0.000000
vt 0.000000 0.000000
vt 0.000000 0.000000
vt 0.000000 0.000000
vt 0.000000 0.000000
vt 0.000000 0.000000
vt 0.000000 0.000000
vt 0.000000 0.000000
vt 0.000000 0.000000
vt 0.000000 0.000000
vt 0.000000 0.000000
vt 0.000000 0.000000
vt 0.000000 0.000000
vt 0.000000 0.000000
vt 0.000000 0.000000
vt 0.000000 0.000000
vt 0.000000 0.000000
vt 0.000000 0.000000
vt 0.000000 0.000000
vt 0.000000 0.000000
vt 0.000000 0.000000
vt 0.000000 0.000000
vt 0.000000 0.000000
vt 0.000000 0.000000
vt 0.000000 0.000000
vt 0.000000 0.000000
vt 0.000000 0.000000
vt 0.000000 0.000000
vt 0.000000 0.000000
vt 0.000000 0.000000
vt 0.000000 0.000000
vt 0.000000 0.000000
vt 0.000000 0.000000
vt 0.000000 0.000000
vt 0.000000 0.000000
vt 0.000000 0.000000
vt 0.000000 0.000000
vt 0.000000 0.000000
vt 0.000000 0.000000
vt 0.000000 0.000000
vt 0.000000 0.000000
vt 0.000000 0.000000
vt 0.000000 0.000000
vt 0.000000 0.000000
vt 0.000000 0.000000
vt 0.000000 0.000000
vt 0.000000 0.000000
vt 0.000000 0.000000
vt 0.000000 0.000000
vt 0.000000 0.000000
vt 0.000000 0.000000
vt 0.000000 0.000000
vt 0.000000 0.000000
vt 0.000000 0.000000
vt 0.000000 0.000000
vt 0.000000 0.000000
vt 0.000000 0.000000
vt 0.000000 0.000000
vt 0.000000 0.000000
vt 0.000000 0.000000
vt 0.000000 0.000000
vt 0.000000 0.000000
vt 0.000000 0.000000
vt 0.000000 0.000000
vt 0.000000 0.000000
vt 0.000000 0.000000
vt 0.000000 0.000000
vt 0.000000 0.000000
vt 0.000000 0.000000
vt 0.000000 0.000000
vt 0.000000 0.000000
vt 0.000000 0.000000
vt 0.000000 0.000000
vt 0.000000 0.000000
vt 0.000000 0.000000
vt 0.000000 0.000000
vt 0.000000 0.000000
vt 0.000000 0.000000
vt 0.000000 0.000000
vt 0.000000 0.000000
vt 0.000000 0.000000
vt 0.000000 0.000000
vt 0.000000 0.000000
vt 0.000000 0.000000
vt 0.000000 0.000000
vt 0.000000 0.000000
vt 0.000000 0.000000
vt 0.000000 0.000000
vt 0.000000 0.000000
vt 0.000000 0.000000
vt 0.000000 0.000000
vt 0.000000 0.000000
vt 0.000000 0.000000
vt 0.000000 0.000000
vt 0.000000 0.000000
vt 0.000000 0.000000
vt 0.000000 0.000000
vt 0.000000 0.000000
vt 0.000000 0.000000
vt 0.000000 0.000000
vt 0.000000 0.000000
vt 0.000000 0.000000
vt 0.000000 0.000000
vt 0.000000 0.000000
vt 0.000000 0.000000
vt 0.000000 0.000000
vt 0.000000 0.000000
vt 0.000000 0.000000
vt 0.000000 0.000000
vt 0.000000 0.000000
vt 0.000000 0.000000
vt 0.000000 0.000000
vt 0.000000 0.000000
vt 0.000000 0.000000
vt 0.000000 0.000000
vt 0.000000 0.000000
vt 0.000000 0.000000
vt 0.000000 0.000000
vt 0.000000 0.000000
vt 0.000000 0.000000
vt 0.000000 0.000000
vt 0.000000 0.000000
vt 0.000000 0.000000
vt 0.000000 0.000000
vt 0.000000 0.000000
vt 0.000000 0.000000
vt 0.000000 0.000000
vt 0.000000 0.000000
vt 0.000000 0.000000
vt 0.000000 0.000000
vt 0.000000 0.000000
vt 0.000000 0.000000
vt 0.000000 0.000000
vt 0.000000 0.000000
vt 0.000000 0.000000
vt 0.000000 0.000000
vt 0.000000 0.000000
vt 0.000000 0.000000
vt 0.000000 0.000000
vt 0.000000 0.000000
vt 0.000000 0.000000
vt 0.000000 0.000000
vt 0.000000 0.000000
vt 0.000000 0.000000
vt 0.000000 0.000000
vt 0.000000 0.000000
vt 0.000000 0.000000
vt 0.000000 0.000000
vt 0.000000 0.000000
vt 0.000000 0.000000
vt 0.000000 0.000000
vt 0.000000 0.000000
vt 0.000000 0.000000
vt 0.000000 0.000000
vt 0.000000 0.000000
vt 0.000000 0.000000
vt 0.000000 0.000000
vt 0.000000 0.000000
vt 0.000000 0.000000
vt 0.000000 0.000000
vt 0.000000 0.000000
vt 0.000000 0.000000
vt 0.000000 0.000000
vt 0.000000 0.000000
vt 0.000000 0.000000
vt 0.000000 0.000000
vt 0.000000 0.000000
vt 0.000000 0.000000
vt 0.000000 0.000000
vt 0.000000 0.000000
vt 0.000000 0.000000
vt 0.000000 0.000000
vt 0.000000 0.000000
vt 0.000000 0.000000
vt 0.000000 0.000000
vt 0.000000 0.000000
vt 0.000000 0.000000
vt 0.000000 0.000000
vt 0.000000 0.000000
vt 0.000000 0.000000
vt 0.000000 0.000000
vt 0.000000 0.000000
vt 0.000000 0.000000
vt 0.000000 0.000000
vt 0.000000 0.000000
vt 0.000000 0.000000
vt 0.000000 0.000000
vt 0.000000 0.000000
vt 0.000000 0.000000
vt 0.000000 0.000000
vt 0.000000 0.000000
vt 0.000000 0.000000
vt 0.000000 0.000000
vt 0.000000 0.000000
vt 0.000000 0.000000
vt 0.000000 0.000000
vt 0.000000 0.000000
vt 0.000000 0.000000
vt 0.000000 0.000000
vt 0.000000 0.000000
vt 0.000000 0.000000
vt 0.000000 0.000000
vt 0.000000 0.000000
vt 0.000000 0.000000
vt 0.000000 0.000000
vt 0.000000 0.000000
vt 0.000000 0.000000
vt 0.000000 0.000000
vt 0.000000 0.000000
vt 0.000000 0.000000
vt 0.000000 0.000000
vt 0.000000 0.000000
vt 0.000000 0.000000
vt 0.000000 0.000000
vt 0.000000 0.000000
vt 0.000000 0.000000
vt 0.000000 0.000000
vt 0.000000 0.000000
vt 0.000000 0.000000
vt 0.000000 0.000000
vt 0.000000 0.000000
vt 0.000000 0.000000
vt 0.000000 0.000000
vt 0.000000 0.000000
vt 0.000000 0.000000
vt 0.000000 0.000000
vt 0.000000 0.000000
vt 0.000000 0.000000
vt 0.000000 0.000000
vt 0.000000 0.000000
vt 0.000000 0.000000
vt 0.000000 0.000000
vt 0.000000 0.000000
vt 0.000000 0.000000
vt 0.000000 0.000000
vt 0.000000 0.000000
vt 0.000000 0.000000
vt 0.000000 0.000000
vt 0.000000 0.000000
vt 0.000000 0.000000
vt 0.000000 0.000000
vt 0.000000 0.000000
vt 0.000000 0.000000
vt 0.000000 0.000000
vt 0.000000 0.000000
vt 0.000000 0.000000
vt 0.000000 0.000000
vt 0.000000 0.000000
vt 0.000000 0.000000
vt 0.000000 0.000000
vt 0.000000 0.000000
vt 0.000000 0.000000
vt 0.000000 0.000000
vt 0.000000 0.000000
vt 0.000000 0.000000
vt 0.000000 0.000000
vt 0.000000 0.000000
vt 0.000000 0.000000
vt 0.000000 0.000000
vt 0.000000 0.000000
vt 0.000000 0.000000
vt 0.000000 0.000000
vt 0.000000 0.000000
vt 0.000000 0.000000
vt 0.000000 0.000000
vt 0.000000 0.000000
vt 0.000000 0.000000
vt 0.000000 0.000000
vt 0.000000 0.000000
vt 0.000000 0.000000
vt 0.000000 0.000000
vt 0.000000 0.000000
vt 0.000000 0.000000
vt 0.000000 0.000000
vt 0.000000 0.000000
vt 0.000000 0.000000
vt 0.000000 0.000000
vt 0.000000 0.000000
vt 0.000000 0.000000
vt 0.000000 0.000000
vt 0.000000 0.000000
vt 0.000000 0.000000
vt 0.000000 0.000000
vt 0.000000 0.000000
vt 0.000000 0.000000
vt 0.000000 0.000000
vt 0.000000 0.000000
vt 0.000000 0.000000
vt 0.000000 0.000000
vt 0.000000 0.000000
vt 0.000000 0.000000
vt 0.000000 0.000000
vt 0.000000 0.000000
vt 0.000000 0.000000
vt 0.000000 0.000000
vt 0.000000 0.000000
vt 0.000000 0.000000
vt 0.000000 0.000000
vt 0.000000 0.000000
vt 0.000000 0.000000
vt 0.000000 0.000000
vt 0.000000 0.000000
vt 0.000000 0.000000
vt 0.000000 0.000000
vt 0.000000 0.000000
vt 0.000000 0.000000
vt 0.000000 0.000000
vt 0.000000 0.000000
vt 0.000000 0.000000
vt 0.000000 0.000000
vt 0.000000 0.000000
vt 0.000000 0.000000
vt 0.000000 0.000000
vt 0.000000 0.000000
vt 0.000000 0.000000
vt 0.000000 0.000000
vt 0.000000 0.000000
vt 0.000000 0.000000
vt 0.000000 0.000000
vt 0.000000 0.000000
vt 0.000000 0.000000
vt 0.000000 0.000000
vt 0.000000 0.000000
vt 0.000000 0.000000
vt 0.000000 0.000000
vt 0.000000 0.000000
vt 0.000000 0.000000
vt 0.000000 0.000000
vt 0.000000 0.000000
vt 0.000000 0.000000
vt 0.000000 0.000000
vt 0.000000 0.000000
vt 0.000000 0.000000
vt 0.000000 0.000000
vt 0.000000 0.000000
vt 0.000000 0.000000
vt 0.000000 0.000000
vt 0.000000 0.000000
vt 0.000000 0.000000
vt 0.000000 0.000000
vt 0.000000 0.000000
vt 0.000000 0.000000
vt 0.000000 0.000000
vt 0.000000 0.000000
vt 0.000000 0.000000
vt 0.000000 0.000000
vt 0.000000 0.000000
vt 0.000000 0.000000
vt 0.000000 0.000000
vt 0.000000 0.000000
vt 0.000000 0.000000
vt 0.000000 0.000000
vt 0.000000 0.000000
vt 0.000000 0.000000
vt 0.000000 0.000000
vt 0.000000 0.000000
vt 0.000000 0.000000
vt 0.000000 0.000000
vt 0.000000 0.000000
vt 0.000000 0.000000
vt 0.000000 0.000000
vt 0.000000 0.000000
vt 0.000000 0.000000
vt 0.000000 0.000000
vt 0.000000 0.000000
vt 0.000000 0.000000
vt 0.000000 0.000000
vt 0.000000 0.000000
vt 0.000000 0.000000
vt 0.000000 0.000000
vt 0.000000 0.000000
vt 0.000000 0.000000
vt 0.000000 0.000000
vt 0.000000 0.000000
vt 0.000000 0.000000
vt 0.000000 0.000000
vt 0.000000 0.000000
vt 0.000000 0.000000
vt 0.000000 0.000000
vt 0.000000 0.000000
vt 0.000000 0.000000
vt 0.000000 0.000000
vt 0.000000 0.000000
vt 0.000000 0.000000
vt 0.000000 0.000000
vt 0.000000 0.000000
vt 0.000000 0.000000
vt 0.000000 0.000000
vt 0.000000 0.000000
vt 0.000000 0.000000
vt 0.000000 0.000000
vt 0.000000 0.000000
vt 0.000000 0.000000
vt 0.000000 0.000000
vt 0.000000 0.000000
vt 0.000000 0.000000
vt 0.000000 0.000000
vt 0.000000 0.000000
vt 0.000000 0.000000
vt 0.000000 0.000000
vt 0.000000 0.000000
vt 0.000000 0.000000
vt 0.000000 0.000000
vt 0.000000 0.000000
vt 0.000000 0.000000
vt 0.000000 0.000000
vt 0.000000 0.000000
vt 0.000000 0.000000
vt 0.000000 0.000000
vt 0.000000 0.000000
vt 0.000000 0.000000
vt 0.000000 0.000000
vt 0.000000 0.000000
vt 0.000000 0.000000
vt 0.000000 0.000000
vt 0.000000 0.000000
vt 0.000000 0.000000
vt 0.000000 0.000000
vt 0.000000 0.000000
vt 0.000000 0.000000
vt 0.000000 0.000000
vt 0.000000 0.000000
vt 0.000000 0.000000
vt 0.000000 0.000000
vt 0.000000 0.000000
vt 0.000000 0.000000
vt 0.000000 0.000000
vt 0.000000 0.000000
vt 0.000000 0.000000
vt 0.000000 0.000000
vt 0.000000 0.000000
vt 0.000000 0.000000
vt 0.000000 0.000000
vt 0.000000 0.000000
vt 0.000000 0.000000
vt 0.000000 0.000000
vt 0.000000 0.000000
vt 0.000000 0.000000
vt 0.000000 0.000000
vt 0.000000 0.000000
vt 0.000000 0.000000
vt 0.000000 0.000000
vt 0.000000 0.000000
vt 0.000000 0.000000
vt 0.000000 0.000000
vt 0.000000 0.000000
vt 0.000000 0.000000
vt 0.000000 0.000000
vt 0.000000 0.000000
vt 0.000000 0.000000
vt 0.000000 0.000000
vt 0.000000 0.000000
vt 0.000000 0.000000
vt 0.000000 0.000000
vt 0.000000 0.000000
vt 0.000000 0.000000
vt 0.000000 0.000000
vt 0.000000 0.000000
vt 0.000000 0.000000
vt 0.000000 0.000000
vt 0.000000 0.000000
vt 0.000000 0.000000
vt 0.000000 0.000000
vt 0.000000 0.000000
vt 0.000000 0.000000
vt 0.000000 0.000000
vt 0.000000 0.000000
vt 0.000000 0.000000
vt 0.000000 0.000000
vt 0.000000 0.000000
vt 0.000000 0.000000
vt 0.000000 0.000000
vt 0.000000 0.000000
vt 0.000000 0.000000
vt 0.000000 0.000000
vt 0.000000 0.000000
vt 0.000000 0.000000
vt 0.000000 0.000000
vt 0.000000 0.000000
vt 0.000000 0.000000
vt 0.000000 0.000000
vt 0.000000 0.000000
vt 0.000000 0.000000
vt 0.000000 0.000000
vt 0.000000 0.000000
vt 0.000000 0.000000
vt 0.000000 0.000000
vt 0.000000 0.000000
vt 0.000000 0.000000
vt 0.000000 0.000000
vt 0.000000 0.000000
vt 0.000000 0.000000
vt 0.000000 0.000000
vt 0.000000 0.000000
vt 0.000000 0.000000
vt 0.000000 0.000000
vt 0.000000 0.000000
vt 0.000000 0.000000
vt 0.000000 0.000000
vt 0.000000 0.000000
vt 0.000000 0.000000
vt 0.000000 0.000000
vt 0.000000 0.000000
vt 0.000000 0.000000
vt 0.000000 0.000000
vt 0.000000 0.000000
vt 0.000000 0.000000
vt 0.000000 0.000000
vt 0.000000 0.000000
vt 0.000000 0.000000
vt 0.000000 0.000000
vt 0.000000 0.000000
vt 0.000000 0.000000
vt 0.000000 0.000000
vt 0.000000 0.000000
vt 0.000000 0.000000
vt 0.000000 0.000000
vt 0.000000 0.000000
vt 0.000000 0.000000
vt 0.000000 0.000000
vt 0.000000 0.000000
vt 0.000000 0.000000
vt 0.000000 0.000000
vt 0.000000 0.000000
vt 0.000000 0.000000
vt 0.000000 0.000000
vt 0.000000 0.000000
vt 0.000000 0.000000
vt 0.000000 0.000000
vt 0.000000 0.000000
vt 0.000000 0.000000
vt 0.000000 0.000000
vt 0.000000 0.000000
vt 0.000000 0.000000
vt 0.000000 0.000000
vt 0.000000 0.000000
vt 0.000000 0.000000
vt 0.000000 0.000000
vt 0.000000 0.000000
vt 0.000000 0.000000
vt 0.000000 0.000000
vt 0.000000 0.000000
vt 0.000000 0.000000
vt 0.000000 0.000000
vt 0.000000 0.000000
vt 0.000000 0.000000
vt 0.000000 0.000000
vt 0.000000 0.000000
vt 0.000000 0.000000
vt 0.000000 0.000000
vt 0.000000 0.000000
vt 0.000000 0.000000
vt 0.000000 0.000000
vt 0.000000 0.000000
vt 0.000000 0.000000
vt 0.000000 0.000000
vt 0.000000 0.000000
vt 0.000000 0.000000
vt 0.000000 0.000000
vt 0.000000 0.000000
vt 0.000000 0.000000
vt 0.000000 0.000000
vt 0.000000 0.000000
vt 0.000000 0.000000
vt 0.000000 0.000000
vt 0.000000 0.000000
vt 0.000000 0.000000
vt 0.000000 0.000000
vt 0.000000 0.000000
vt 0.000000 0.000000
vt 0.000000 0.000000
vt 0.000000 0.000000
vt 0.000000 0.000000
vt 0.000000 0.000000
vt 0.000000 0.000000
vt 0.000000 0.000000
vt 0.000000 0.000000
vt 0.000000 0.000000
vt 0.000000 0.000000
vt 0.000000 0.000000
vt 0.000000 0.000000
vt 0.000000 0.000000
vt 0.000000 0.000000
vt 0.000000 0.000000
vt 0.000000 0.000000
vt 0.000000 0.000000
vt 0.000000 0.000000
vt 0.000000 0.000000
vt 0.000000 0.000000
vt 0.000000 0.000000
vt 0.000000 0.000000
vt 0.000000 0.000000
vt 0.000000 0.000000
vt 0.000000 0.000000
vt 0.000000 0.000000
vt 0.000000 0.000000
vt 0.000000 0.000000
vt 0.000000 0.000000
vt 0.000000 0.000000
vt 0.000000 0.000000
vt 0.000000 0.000000
vt 0.000000 0.000000
vt 0.000000 0.000000
vt 0.000000 0.000000
vt 0.000000 0.000000
vt 0.000000 0.000000
vt 0.000000 0.000000
vt 0.000000 0.000000
vt 0.000000 0.000000
vt 0.000000 0.000000
vt 0.000000 0.000000
vt 0.000000 0.000000
vt 0.000000 0.000000
vt 0.000000 0.000000
vt 0.000000 0.000000
vt 0.000000 0.000000
vt 0.000000 0.000000
vt 0.000000 0.000000
vt 0.000000 0.000000
vt 0.000000 0.000000
vt 0.000000 0.000000
vt 0.000000 0.000000
vt 0.000000 0.000000
vt 0.000000 0.000000
vt 0.000000 0.000000
vt 0.000000 0.000000
vt 0.000000 0.000000
vt 0.000000 0.000000
vt 0.000000 0.000000
vt 0.000000 0.000000
vt 0.000000 0.000000
vt 0.000000 0.000000
vt 0.000000 0.000000
vt 0.000000 0.000000
vt 0.000000 0.000000
vt 0.000000 0.000000
vt 0.000000 0.000000
vt 0.000000 0.000000
vt 0.000000 0.000000
vt 0.000000 0.000000
vt 0.000000 0.000000
vt 0.000000 0.000000
vt 0.000000 0.000000
vt 0.000000 0.000000
vt 0.000000 0.000000
vt 0.000000 0.000000
vt 0.000000 0.000000
vt 0.000000 0.000000
vt 0.000000 0.000000
vt 0.000000 0.000000
vt 0.000000 0.000000
vt 0.000000 0.000000
vt 0.000000 0.000000
vt 0.000000 0.000000
vt 0.000000 0.000000
vt 0.000000 0.000000
vt 0.000000 0.000000
vt 0.000000 0.000000
vt 0.000000 0.000000
vt 0.000000 0.000000
vt 0.000000 0.000000
vt 0.000000 0.000000
vt 0.000000 0.000000
vt 0.000000 0.000000
vt 0.000000 0.000000
vt 0.000000 0.000000
vt 0.000000 0.000000
vt 0.000000 0.000000
vt 0.000000 0.000000
vt 0.000000 0.000000
vt 0.000000 0.000000
vt 0.000000 0.000000
vt 0.000000 0.000000
vt 0.000000 0.000000
vt 0.000000 0.000000
vt 0.000000 0.000000
vt 0.000000 0.000000
vt 0.000000 0.000000
vt 0.000000 0.000000
vt 0.000000 0.000000
vt 0.000000 0.000000
vt 0.000000 0.000000
vt 0.000000 0.000000
vt 0.000000 0.000000
vt 0.000000 0.000000
vt 0.000000 0.000000
vt 0.000000 0.000000
vt 0.000000 0.000000
vt 0.000000 0.000000
vt 0.000000 0.000000
vt 0.000000 0.000000
vt 0.000000 0.000000
vt 0.000000 0.000000
vt 0.000000 0.000000
vt 0.000000 0.000000
vt 0.000000 0.000000
vt 0.000000 0.000000
vt 0.000000 0.000000
vt 0.000000 0.000000
vt 0.000000 0.000000
vt 0.000000 0.000000
vt 0.000000 0.000000
vt 0.000000 0.000000
vt 0.000000 0.000000
vt 0.000000 0.000000
vt 0.000000 0.000000
vt 0.000000 0.000000
vt 0.000000 0.000000
vt 0.000000 0.000000
vt 0.000000 0.000000
vt 0.000000 0.000000
vt 0.000000 0.000000
vt 0.000000 0.000000
vt 0.000000 0.000000
vt 0.000000 0.000000
vt 0.000000 0.000000
vt 0.000000 0.000000
vt 0.000000 0.000000
vt 0.000000 0.000000
vt 0.000000 0.000000
vt 0.000000 0.000000
vt 0.000000 0.000000
vt 0.000000 0.000000
vt 0.000000 0.000000
vt 0.000000 0.000000
vt 0.000000 0.000000
vt 0.000000 0.000000
vt 0.000000 0.000000
vt 0.000000 0.000000
vt 0.000000 0.000000
vt 0.000000 0.000000
vt 0.000000 0.000000
vt 0.000000 0.000000
vt 0.000000 0.000000
vt 0.000000 0.000000
vt 0.000000 0.000000
vt 0.000000 0.000000
vt 0.000000 0.000000
vt 0.000000 0.000000
vt 0.000000 0.000000
vt 0.000000 0.000000
vt 0.000000 0.000000
vt 0.000000 0.000000
vt 0.000000 0.000000
vt 0.000000 0.000000
vt 0.000000 0.000000
vt 0.000000 0.000000
vt 0.000000 0.000000
vt 0.000000 0.000000
vt 0.000000 0.000000
vt 0.000000 0.000000
vt 0.000000 0.000000
vt 0.000000 0.000000
vt 0.000000 0.000000
vt 0.000000 0.000000
vt 0.000000 0.000000
vt 0.000000 0.000000
vt 0.000000 0.000000
vt 0.000000 0.000000
vt 0.000000 0.000000
vt 0.000000 0.000000
vt 0.000000 0.000000
vt 0.000000 0.000000
vt 0.000000 0.000000
vt 0.000000 0.000000
vt 0.000000 0.000000
vt 0.000000 0.000000
vt 0.000000 0.000000
vt 0.000000 0.000000
vt 0.000000 0.000000
vt 0.000000 0.000000
vt 0.000000 0.000000
vt 0.000000 0.000000
vt 0.000000 0.000000
vt 0.000000 0.000000
vt 0.000000 0.000000
vt 0.000000 0.000000
vt 0.000000 0.000000
vt 0.000000 0.000000
vt 0.000000 0.000000
vt 0.000000 0.000000
vt 0.000000 0.000000
vt 0.000000 0.000000
vt 0.000000 0.000000
vt 0.000000 0.000000
vt 0.000000 0.000000
vt 0.000000 0.000000
vt 0.000000 0.000000
vt 0.000000 0.000000
vt 0.000000 0.000000
vt 0.000000 0.000000
vt 0.000000 0.000000
vt 0.000000 0.000000
vt 0.000000 0.000000
vt 0.000000 0.000000
vt 0.000000 0.000000
vt 0.000000 0.000000
vt 0.000000 0.000000
vt 0.000000 0.000000
vt 0.000000 0.000000
vt 0.000000 0.000000
vt 0.000000 0.000000
vt 0.000000 0.000000
vt 0.000000 0.000000
vt 0.000000 0.000000
vt 0.000000 0.000000
vt 0.000000 0.000000
vt 0.000000 0.000000
vt 0.000000 0.000000
vt 0.000000 0.000000
vt 0.000000 0.000000
vt 0.000000 0.000000
vt 0.000000 0.000000
vt 0.000000 0.000000
vt 0.000000 0.000000
vt 0.000000 0.000000
vt 0.000000 0.000000
vt 0.000000 0.000000
vt 0.000000 0.000000
vt 0.000000 0.000000
vt 0.000000 0.000000
vt 0.000000 0.000000
vt 0.000000 0.000000
vt 0.000000 0.000000
vt 0.000000 0.000000
vt 0.000000 0.000000
vt 0.000000 0.000000
vt 0.000000 0.000000
vt 0.000000 0.000000
vt 0.000000 0.000000
vt 0.000000 0.000000
vt 0.000000 0.000000
vt 0.000000 0.000000
vt 0.000000 0.000000
vt 0.000000 0.000000
vt 0.000000 0.000000
vt 0.000000 0.000000
vt 0.000000 0.000000
vt 0.000000 0.000000
vt 0.000000 0.000000
vt 0.000000 0.000000
vt 0.000000 0.000000
vt 0.000000 0.000000
vt 0.000000 0.000000
vt 0.000000 0.000000
vt 0.000000 0.000000
vt 0.000000 0.000000
vt 0.000000 0.000000
vt 0.000000 0.000000
vt 0.000000 0.000000
vt 0.000000 0.000000
vt 0.000000 0.000000
vt 0.000000 0.000000
vt 0.000000 0.000000
vt 0.000000 0.000000
vt 0.000000 0.000000
vt 0.000000 0.000000
vt 0.000000 0.000000
vt 0.000000 0.000000
vt 0.000000 0.000000
vt 0.000000 0.000000
vt 0.000000 0.000000
vt 0.000000 0.000000
vt 0.000000 0.000000
vt 0.000000 0.000000
vt 0.000000 0.000000
vt 0.000000 0.000000
vt 0.000000 0.000000
vt 0.000000 0.000000
vt 0.000000 0.000000
vt 0.000000 0.000000
vt 0.000000 0.000000
vt 0.000000 0.000000
vt 0.000000 0.000000
vt 0.000000 0.000000
vt 0.000000 0.000000
vt 0.000000 0.000000
vt 0.000000 0.000000
vt 0.000000 0.000000
vt 0.000000 0.000000
vt 0.000000 0.000000
vt 0.000000 0.000000
vt 0.000000 0.000000
vt 0.000000 0.000000
vt 0.000000 0.000000
vt 0.000000 0.000000
vt 0.000000 0.000000
vt 0.000000 0.000000
vt 0.000000 0.000000
vt 0.000000 0.000000
vt 0.000000 0.000000
vt 0.000000 0.000000
vt 0.000000 0.000000
vt 0.000000 0.000000
vt 0.000000 0.000000
vt 0.000000 0.000000
vt 0.000000 0.000000
vt 0.000000 0.000000
vt 0.000000 0.000000
vt 0.000000 0.000000
vt 0.000000 0.000000
vt 0.000000 0.000000
vt 0.000000 0.000000
vt 0.000000 0.000000
vt 0.000000 0.000000
vt 0.000000 0.000000
vt 0.000000 0.000000
vt 0.000000 0.000000
vt 0.000000 0.000000
vt 0.000000 0.000000
vt 0.000000 0.000000
vt 0.000000 0.000000
vt 0.000000 0.000000
vt 0.000000 0.000000
vt 0.000000 0.000000
vt 0.000000 0.000000
vt 0.000000 0.000000
vt 0.000000 0.000000
vt 0.000000 0.000000
vt 0.000000 0.000000
vt 0.000000 0.000000
vt 0.000000 0.000000
vt 0.000000 0.000000
vt 0.000000 0.000000
vt 0.000000 0.000000
vt 0.000000 0.000000
vt 0.000000 0.000000
vt 0.000000 0.000000
vt 0.000000 0.000000
vt 0.000000 0.000000
vt 0.000000 0.000000
vt 0.000000 0.000000
vt 0.000000 0.000000
vt 0.000000 0.000000
vt 0.000000 0.000000
vt 0.000000 0.000000
vt 0.000000 0.000000
vt 0.000000 0.000000
vt 0.000000 0.000000
vt 0.000000 0.000000
vt 0.000000 0.000000
vt 0.000000 0.000000
vt 0.000000 0.000000
vt 0.000000 0.000000
vt 0.000000 0.000000
vt 0.000000 0.000000
vt 0.000000 0.000000
vt 0.000000 0.000000
vt 0.000000 0.000000
vt 0.000000 0.000000
vt 0.000000 0.000000
vt 0.000000 0.000000
vt 0.000000 0.000000
vt 0.000000 0.000000
vt 0.000000 0.000000
vt 0.000000 0.000000
vt 0.000000 0.000000
vt 0.000000 0.000000
vt 0.000000 0.000000
vt 0.000000 0.000000
vt 0.000000 0.000000
vt 0.000000 0.000000
vt 0.000000 0.000000
vt 0.000000 0.000000
vt 0.000000 0.000000
vt 0.000000 0.000000
vt 0.000000 0.000000
vt 0.000000 0.000000
vt 0.000000 0.000000
vt 0.000000 0.000000
vt 0.000000 0.000000
vt 0.000000 0.000000
vt 0.000000 0.000000
vt 0.000000 0.000000
vt 0.000000 0.000000
vt 0.000000 0.000000
vt 0.000000 0.000000
vt 0.000000 0.000000
vt 0.000000 0.000000
vt 0.000000 0.000000
vt 0.000000 0.000000
vt 0.000000 0.000000
vt 0.000000 0.000000
vt 0.000000 0.000000
vt 0.000000 0.000000
vt 0.000000 0.000000
vt 0.000000 0.000000
vt 0.000000 0.000000
vt 0.000000 0.000000
vt 0.000000 0.000000
vt 0.000000 0.000000
vt 0.000000 0.000000
vt 0.000000 0.000000
vt 0.000000 0.000000
vt 0.000000 0.000000
vt 0.000000 0.000000
vt 0.000000 0.000000
vt 0.000000 0.000000
vt 0.000000 0.000000
vt 0.000000 0.000000
vt 0.000000 0.000000
vt 0.000000 0.000000
vt 0.000000 0.000000
vt 0.000000 0.000000
vt 0.000000 0.000000
vt 0.000000 0.000000
vt 0.000000 0.000000
vt 0.000000 0.000000
vt 0.000000 0.000000
vt 0.000000 0.000000
vt 0.000000 0.000000
vt 0.000000 0.000000
vt 0.000000 0.000000
vt 0.000000 0.000000
vt 0.000000 0.000000
vt 0.000000 0.000000
vt 0.000000 0.000000
vt 0.000000 0.000000
vt 0.000000 0.000000
vt 0.000000 0.000000
vt 0.000000 0.000000
vt 0.000000 0.000000
vt 0.000000 0.000000
vt 0.000000 0.000000
vt 0.000000 0.000000
vt 0.000000 0.000000
vt 0.000000 0.000000
vt 0.000000 0.000000
vt 0.000000 0.000000
vt 0.000000 0.000000
vt 0.000000 0.000000
vt 0.000000 0.000000
vt 0.000000 0.000000
vt 0.000000 0.000000
vt 0.000000 0.000000
vt 0.000000 0.000000
vt 0.000000 0.000000
vt 0.000000 0.000000
vt 0.000000 0.000000
vt 0.000000 0.000000
vt 0.000000 0.000000
vt 0.000000 0.000000
vt 0.000000 0.000000
vt 0.000000 0.000000
vt 0.000000 0.000000
vt 0.000000 0.000000
vt 0.000000 0.000000
vt 0.000000 0.000000
vt 0.000000 0.000000
vt 0.000000 0.000000
vt 0.000000 0.000000
vt 0.000000 0.000000
vt 0.000000 0.000000
vt 0.000000 0.000000
vt 0.000000 0.000000
vt 0.000000 0.000000
vt 0.000000 0.000000
vt 0.000000 0.000000
vt 0.000000 0.000000
vt 0.000000 0.000000
vt 0.000000 0.000000
vt 0.000000 0.000000
vt 0.000000 0.000000
vt 0.000000 0.000000
vt 0.000000 0.000000
vt 0.000000 0.000000
vt 0.000000 0.000000
vt 0.000000 0.000000
vt 0.000000 0.000000
vt 0.000000 0.000000
vt 0.000000 0.000000
vt 0.000000 0.000000
vt 0.000000 0.000000
vt 0.000000 0.000000
vt 0.000000 0.000000
vt 0.000000 0.000000
vt 0.000000 0.000000
vt 0.000000 0.000000
vt 0.000000 0.000000
vt 0.000000 0.000000
vt 0.000000 0.000000
vt 0.000000 0.000000
vt 0.000000 0.000000
vt 0.000000 0.000000
vt 0.000000 0.000000
vt 0.000000 0.000000
vt 0.000000 0.000000
vt 0.000000 0.000000
vt 0.000000 0.000000
vt 0.000000 0.000000
vt 0.000000 0.000000
vt 0.000000 0.000000
vt 0.000000 0.000000
vt 0.000000 0.000000
vt 0.000000 0.000000
vt 0.000000 0.000000
vt 0.000000 0.000000
vt 0.000000 0.000000
vt 0.000000 0.000000
vt 0.000000 0.000000
vt 0.000000 0.000000
vt 0.000000 0.000000
vt 0.000000 0.000000
vt 0.000000 0.000000
vt 0.000000 0.000000
vt 0.000000 0.000000
vt 0.000000 0.000000
vt 0.000000 0.000000
vt 0.000000 0.000000
vt 0.000000 0.000000
vt 0.000000 0.000000
vt 0.000000 0.000000
vt 0.000000 0.000000
vt 0.000000 0.000000
vt 0.000000 0.000000
vt 0.000000 0.000000
vt 0.000000 0.000000
vt 0.000000 0.000000
vt 0.000000 0.000000
vt 0.000000 0.000000
vt 0.000000 0.000000
vt 0.000000 0.000000
vt 0.000000 0.000000
vt 0.000000 0.000000
vt 0.000000 0.000000
vt 0.000000 0.000000
vt 0.000000 0.000000
vt 0.000000 0.000000
vt 0.000000 0.000000
vt 0.000000 0.000000
vt 0.000000 0.000000
vt 0.000000 0.000000
vt 0.000000 0.000000
vt 0.000000 0.000000
vt 0.000000 0.000000
vt 0.000000 0.000000
vt 0.000000 0.000000
vt 0.000000 0.000000
vt 0.000000 0.000000
vt 0.000000 0.000000
vt 0.000000 0.000000
vt 0.000000 0.000000
vt 0.000000 0.000000
vt 0.000000 0.000000
vt 0.000000 0.000000
vt 0.000000 0.000000
vt 0.000000 0.000000
vt 0.000000 0.000000
vt 0.000000 0.000000
vt 0.000000 0.000000
vt 0.000000 0.000000
vt 0.000000 0.000000
vt 0.000000 0.000000
vt 0.000000 0.000000
vt 0.000000 0.000000
vt 0.000000 0.000000
vt 0.000000 0.000000
vt 0.000000 0.000000
vt 0.000000 0.000000
vt 0.000000 0.000000
vt 0.000000 0.000000
vt 0.000000 0.000000
vt 0.000000 0.000000
vt 0.000000 0.000000
vt 0.000000 0.000000
vt 0.000000 0.000000
vt 0.000000 0.000000
vt 0.000000 0.000000
vt 0.000000 0.000000
vt 0.000000 0.000000
vt 0.000000 0.000000
vt 0.000000 0.000000
vt 0.000000 0.000000
vt 0.000000 0.000000
vt 0.000000 0.000000
vt 0.000000 0.000000
vt 0.000000 0.000000
vt 0.000000 0.000000
vt 0.000000 0.000000
vt 0.000000 0.000000
vt 0.000000 0.000000
vt 0.000000 0.000000
vt 0.000000 0.000000
vt 0.000000 0.000000
vt 0.000000 0.000000
vt 0.000000 0.000000
vt 0.000000 0.000000
vt 0.000000 0.000000
vt 0.000000 0.000000
vt 0.000000 0.000000
vt 0.000000 0.000000
vt 0.000000 0.000000
vt 0.000000 0.000000
vt 0.000000 0.000000
vt 0.000000 0.000000
vt 0.000000 0.000000
vt 0.000000 0.000000
vt 0.000000 0.000000
vt 0.000000 0.000000
vt 0.000000 0.000000
vt 0.000000 0.000000
vt 0.000000 0.000000
vt 0.000000 0.000000
vt 0.000000 0.000000
vt 0.000000 0.000000
vt 0.000000 0.000000
vt 0.000000 0.000000
vt 0.000000 0.000000
vt 0.000000 0.000000
vt 0.000000 0.000000
vt 0.000000 0.000000
vt 0.000000 0.000000
vt 0.000000 0.000000
vt 0.000000 0.000000
vt 0.000000 0.000000
vt 0.000000 0.000000
vt 0.000000 0.000000
vt 0.000000 0.000000
vt 0.000000 0.000000
vt 0.000000 0.000000
vt 0.000000 0.000000
vt 0.000000 0.000000
vt 0.000000 0.000000
vt 0.000000 0.000000
vt 0.000000 0.000000
vt 0.000000 0.000000
vt 0.000000 0.000000
vt 0.000000 0.000000
vt 0.000000 0.000000
vt 0.000000 0.000000
vt 0.000000 0.000000
vt 0.000000 0.000000
vt 0.000000 0.000000
vt 0.000000 0.000000
vt 0.000000 0.000000
vt 0.000000 0.000000
vt 0.000000 0.000000
vt 0.000000 0.000000
vt 0.000000 0.000000
vt 0.000000 0.000000
vt 0.000000 0.000000
vt 0.000000 0.000000
vt 0.000000 0.000000
vt 0.000000 0.000000
vt 0.000000 0.000000
vt 0.000000 0.000000
vt 0.000000 0.000000
vt 0.000000 0.000000
vt 0.000000 0.000000
vt 0.000000 0.000000
vt 0.000000 0.000000
vt 0.000000 0.000000
vt 0.000000 0.000000
vt 0.000000 0.000000
vt 0.000000 0.000000
vt 0.000000 0.000000
vt 0.000000 0.000000
vt 0.000000 0.000000
vt 0.000000 0.000000
vt 0.000000 0.000000
vt 0.000000 0.000000
vt 0.000000 0.000000
vt 0.000000 0.000000
vt 0.000000 0.000000
vt 0.000000 0.000000
vt 0.000000 0.000000
vt 0.000000 0.000000
vt 0.000000 0.000000
vt 0.000000 0.000000
vt 0.000000 0.000000
vt 0.000000 0.000000
vt 0.000000 0.000000
vt 0.000000 0.000000
vt 0.000000 0.000000
vt 0.000000 0.000000
vt 0.000000 0.000000
vt 0.000000 0.000000
vt 0.000000 0.000000
vt 0.000000 0.000000
vt 0.000000 0.000000
vt 0.000000 0.000000
vt 0.000000 0.000000
vt 0.000000 0.000000
vt 0.000000 0.000000
vt 0.000000 0.000000
vt 0.000000 0.000000
vt 0.000000 0.000000
vt 0.000000 0.000000
vt 0.000000 0.000000
vt 0.000000 0.000000
vt 0.000000 0.000000
vt 0.000000 0.000000
vt 0.000000 0.000000
vt 0.000000 0.000000
vt 0.000000 0.000000
vt 0.000000 0.000000
vt 0.000000 0.000000
vt 0.000000 0.000000
vt 0.000000 0.000000
vt 0.000000 0.000000
vt 0.000000 0.000000
vt 0.000000 0.000000
vt 0.000000 0.000000
vt 0.000000 0.000000
vt 0.000000 0.000000
vt 0.000000 0.000000
vt 0.000000 0.000000
vt 0.000000 0.000000
vt 0.000000 0.000000
vt 0.000000 0.000000
vt 0.000000 0.000000
vt 0.000000 0.000000
vt 0.000000 0.000000
vt 0.000000 0.000000
vt 0.000000 0.000000
vt 0.000000 0.000000
vt 0.000000 0.000000
vt 0.000000 0.000000
vt 0.000000 0.000000
vt 0.000000 0.000000
vt 0.000000 0.000000
vt 0.000000 0.000000
vt 0.000000 0.000000
vt 0.000000 0.000000
vt 0.000000 0.000000
vt 0.000000 0.000000
vt 0.000000 0.000000
vt 0.000000 0.000000
vt 0.000000 0.000000
vt 0.000000 0.000000
vt 0.000000 0.000000
vt 0.000000 0.000000
vt 0.000000 0.000000
vt 0.000000 0.000000
vt 0.000000 0.000000
vt 0.000000 0.000000
vt 0.000000 0.000000
vt 0.000000 0.000000
vt 0.000000 0.000000
vt 0.000000 0.000000
vt 0.000000 0.000000
vt 0.000000 0.000000
vt 0.000000 0.000000
vt 0.000000 0.000000
vt 0.000000 0.000000
vt 0.000000 0.000000
vt 0.000000 0.000000
vt 0.000000 0.000000
vt 0.000000 0.000000
vt 0.000000 0.000000
vt 0.000000 0.000000
vt 0.000000 0.000000
vt 0.000000 0.000000
vt 0.000000 0.000000
vt 0.000000 0.000000
vt 0.000000 0.000000
vt 0.000000 0.000000
vt 0.000000 0.000000
vt 0.000000 0.000000
vt 0.000000 0.000000
vt 0.000000 0.000000
vt 0.000000 0.000000
vt 0.000000 0.000000
vt 0.000000 0.000000
vt 0.000000 0.000000
vt 0.000000 0.000000
vt 0.000000 0.000000
vt 0.000000 0.000000
vt 0.000000 0.000000
vt 0.000000 0.000000
vt 0.000000 0.000000
vt 0.000000 0.000000
vt 0.000000 0.000000
vt 0.000000 0.000000
vt 0.000000 0.000000
vt 0.000000 0.000000
vt 0.000000 0.000000
vt 0.000000 0.000000
vt 0.000000 0.000000
vt 0.000000 0.000000
vt 0.000000 0.000000
vt 0.000000 0.000000
vt 0.000000 0.000000
vt 0.000000 0.000000
vt 0.000000 0.000000
vt 0.000000 0.000000
vt 0.000000 0.000000
vt 0.000000 0.000000
vt 0.000000 0.000000
vt 0.000000 0.000000
vt 0.000000 0.000000
vt 0.000000 0.000000
vt 0.000000 0.000000
vt 0.000000 0.000000
vt 0.000000 0.000000
vt 0.000000 0.000000
vt 0.000000 0.000000
vt 0.000000 0.000000
vt 0.000000 0.000000
vt 0.000000 0.000000
vt 0.000000 0.000000
vt 0.000000 0.000000
vt 0.000000 0.000000
vt 0.000000 0.000000
vt 0.000000 0.000000
vt 0.000000 0.000000
vt 0.000000 0.000000
vt 0.000000 0.000000
vt 0.000000 0.000000
vt 0.000000 0.000000
vt 0.000000 0.000000
vt 0.000000 0.000000
vt 0.000000 0.000000
vt 0.000000 0.000000
vt 0.000000 0.000000
vt 0.000000 0.000000
vt 0.000000 0.000000
vt 0.000000 0.000000
vt 0.000000 0.000000
vt 0.000000 0.000000
vt 0.000000 0.000000
vt 0.000000 0.000000
vt 0.000000 0.000000
vt 0.000000 0.000000
vt 0.000000 0.000000
vt 0.000000 0.000000
vt 0.000000 0.000000
vt 0.000000 0.000000
vt 0.000000 0.000000
vt 0.000000 0.000000
vt 0.000000 0.000000
vt 0.000000 0.000000
vt 0.000000 0.000000
vt 0.000000 0.000000
vt 0.000000 0.000000
vt 0.000000 0.000000
vt 0.000000 0.000000
vt 0.000000 0.000000
vt 0.000000 0.000000
vt 0.000000 0.000000
vt 0.000000 0.000000
vt 0.000000 0.000000
vt 0.000000 0.000000
vt 0.000000 0.000000
vt 0.000000 0.000000
vt 0.000000 0.000000
vt 0.000000 0.000000
vt 0.000000 0.000000
vt 0.000000 0.000000
vt 0.000000 0.000000
vt 0.000000 0.000000
vt 0.000000 0.000000
vt 0.000000 0.000000
vt 0.000000 0.000000
vt 0.000000 0.000000
vt 0.000000 0.000000
vt 0.000000 0.000000
vt 0.000000 0.000000
vt 0.000000 0.000000
vt 0.000000 0.000000
vt 0.000000 0.000000
vt 0.000000 0.000000
vt 0.000000 0.000000
vt 0.000000 0.000000
vt 0.000000 0.000000
vt 0.000000 0.000000
vt 0.000000 0.000000
vt 0.000000 0.000000
vt 0.000000 0.000000
vt 0.000000 0.000000
vt 0.000000 0.000000
vt 0.000000 0.000000
vt 0.000000 0.000000
vt 0.000000 0.000000
vt 0.000000 0.000000
vt 0.000000 0.000000
vt 0.000000 0.000000
vt 0.000000 0.000000
vt 0.000000 0.000000
vt 0.000000 0.000000
vt 0.000000 0.000000
vt 0.000000 0.000000
vt 0.000000 0.000000
vt 0.000000 0.000000
vt 0.000000 0.000000
vt 0.000000 0.000000
vt 0.000000 0.000000
vt 0.000000 0.000000
vt 0.000000 0.000000
vt 0.000000 0.000000
vt 0.000000 0.000000
vt 0.000000 0.000000
vt 0.000000 0.000000
vt 0.000000 0.000000
vt 0.000000 0.000000
vt 0.000000 0.000000
vt 0.000000 0.000000
vt 0.000000 0.000000
vt 0.000000 0.000000
vt 0.000000 0.000000
vt 0.000000 0.000000
vt 0.000000 0.000000
vt 0.000000 0.000000
vt 0.000000 0.000000
vt 0.000000 0.000000
vt 0.000000 0.000000
vt 0.000000 0.000000
vt 0.000000 0.000000
vt 0.000000 0.000000
vt 0.000000 0.000000
vt 0.000000 0.000000
vt 0.000000 0.000000
vt 0.000000 0.000000
vt 0.000000 0.000000
vt 0.000000 0.000000
vt 0.000000 0.000000
vt 0.000000 0.000000
vt 0.000000 0.000000
vt 0.000000 0.000000
vt 0.000000 0.000000
vt 0.000000 0.000000
vt 0.000000 0.000000
vt 0.000000 0.000000
vt 0.000000 0.000000
vt 0.000000 0.000000
vt 0.000000 0.000000
vt 0.000000 0.000000
vt 0.000000 0.000000
vt 0.000000 0.000000
vt 0.000000 0.000000
vt 0.000000 0.000000
vt 0.000000 0.000000
vt 0.000000 0.000000
vt 0.000000 0.000000
vt 0.000000 0.000000
vt 0.000000 0.000000
vt 0.000000 0.000000
vt 0.000000 0.000000
vt 0.000000 0.000000
vt 0.000000 0.000000
vt 0.000000 0.000000
vt 0.000000 0.000000
vt 0.000000 0.000000
vt 0.000000 0.000000
vt 0.000000 0.000000
vt 0.000000 0.000000
vt 0.000000 0.000000
vt 0.000000 0.000000
vt 0.000000 0.000000
vt 0.000000 0.000000
vt 0.000000 0.000000
vt 0.000000 0.000000
vt 0.000000 0.000000
vt 0.000000 0.000000
vt 0.000000 0.000000
vt 0.000000 0.000000
vt 0.000000 0.000000
vt 0.000000 0.000000
vt 0.000000 0.000000
vt 0.000000 0.000000
vt 0.000000 0.000000
vt 0.000000 0.000000
vt 0.000000 0.000000
vt 0.000000 0.000000
vt 0.000000 0.000000
vt 0.000000 0.000000
vt 0.000000 0.000000
vt 0.000000 0.000000
vt 0.000000 0.000000
vt 0.000000 0.000000
vt 0.000000 0.000000
vt 0.000000 0.000000
vt 0.000000 0.000000
vt 0.000000 0.000000
vt 0.000000 0.000000
vt 0.000000 0.000000
vt 0.000000 0.000000
vt 0.000000 0.000000
vt 0.000000 0.000000
vt 0.000000 0.000000
vt 0.000000 0.000000
vt 0.000000 0.000000
vt 0.000000 0.000000
vt 0.000000 0.000000
vt 0.000000 0.000000
vt 0.000000 0.000000
vt 0.000000 0.000000
vt 0.000000 0.000000
vt 0.000000 0.000000
vt 0.000000 0.000000
vt 0.000000 0.000000
vt 0.000000 0.000000
vt 0.000000 0.000000
vt 0.000000 0.000000
vt 0.000000 0.000000
vt 0.000000 0.000000
vt 0.000000 0.000000
vt 0.000000 0.000000
vt 0.000000 0.000000
vt 0.000000 0.000000
vt 0.000000 0.000000
vt 0.000000 0.000000
vt 0.000000 0.000000
vt 0.000000 0.000000
vt 0.000000 0.000000
vt 0.000000 0.000000
vt 0.000000 0.000000
vt 0.000000 0.000000
vt 0.000000 0.000000
vt 0.000000 0.000000
vt 0.000000 0.000000
vt 0.000000 0.000000
vt 0.000000 0.000000
vt 0.000000 0.000000
vt 0.000000 0.000000
vt 0.000000 0.000000
vt 0.000000 0.000000
vt 0.000000 0.000000
vt 0.000000 0.000000
vt 0.000000 0.000000
vt 0.000000 0.000000
vt 0.000000 0.000000
vt 0.000000 0.000000
vt 0.000000 0.000000
vt 0.000000 0.000000
vt 0.000000 0.000000
vt 0.000000 0.000000
vt 0.000000 0.000000
vt 0.000000 0.000000
vt 0.000000 0.000000
vt 0.000000 0.000000
vt 0.000000 0.000000
vt 0.000000 0.000000
vt 0.000000 0.000000
vt 0.000000 0.000000
vt 0.000000 0.000000
vt 0.000000 0.000000
vt 0.000000 0.000000
vt 0.000000 0.000000
vt 0.000000 0.000000
vt 0.000000 0.000000
vt 0.000000 0.000000
vt 0.000000 0.000000
vt 0.000000 0.000000
vt 0.000000 0.000000
vt 0.000000 0.000000
vt 0.000000 0.000000
vt 0.000000 0.000000
vt 0.000000 0.000000
vt 0.000000 0.000000
vt 0.000000 0.000000
vt 0.000000 0.000000
vt 0.000000 0.000000
vt 0.000000 0.000000
vt 0.000000 0.000000
vt 0.000000 0.000000
vt 0.000000 0.000000
vt 0.000000 0.000000
vt 0.000000 0.000000
vt 0.000000 0.000000
vt 0.000000 0.000000
vt 0.000000 0.000000
vt 0.000000 0.000000
vt 0.000000 0.000000
vt 0.000000 0.000000
vt 0.000000 0.000000
vt 0.000000 0.000000
vt 0.000000 0.000000
vt 0.000000 0.000000
vt 0.000000 0.000000
vt 0.000000 0.000000
vt 0.000000 0.000000
vt 0.000000 0.000000
vt 0.000000 0.000000
vt 0.000000 0.000000
vt 0.000000 0.000000
vt 0.000000 0.000000
vt 0.000000 0.000000
vt 0.000000 0.000000
vt 0.000000 0.000000
vt 0.000000 0.000000
vt 0.000000 0.000000
vt 0.000000 0.000000
vt 0.000000 0.000000
vt 0.000000 0.000000
vt 0.000000 0.000000
vt 0.000000 0.000000
vt 0.000000 0.000000
vt 0.000000 0.000000
vt 0.000000 0.000000
vt 0.000000 0.000000
vt 0.000000 0.000000
vt 0.000000 0.000000
vt 0.000000 0.000000
vt 0.000000 0.000000
vt 0.000000 0.000000
vt 0.000000 0.000000
vt 0.000000 0.000000
vt 0.000000 0.000000
vt 0.000000 0.000000
vt 0.000000 0.000000
vt 0.000000 0.000000
vt 0.000000 0.000000
vt 0.000000 0.000000
vt 0.000000 0.000000
vt 0.000000 0.000000
vt 0.857143 0.436336
vt 0.857143 0.500000
vt 0.714286 0.500000
vt 0.714286 0.000000
vt 0.750000 0.000000
vt 0.785714 0.000000
vt 0.857143 0.000000
vt 0.857143 0.285481
vt 0.826143 0.144918
vt 0.831886 0.370102
vt 0.571429 0.500000
vt 0.571429 0.000000
vt 0.607143 0.000000
vt 0.642857 0.000000
vt 0.678571 0.000000
vt 0.500000 0.000000
vt 0.428571 0.500000
vt 0.428571 0.000000
vt 0.339286 0.000000
vt 0.357143 0.000000
vt 0.285714 0.500000
vt 0.285714 0.000000
vt 0.303571 0.000000
vt 0.321429 0.000000
vt 0.151020 0.181367
vt 0.159632 0.226710
vt 0.142857 0.250000
vt 0.142857 0.000000
vt 0.160714 0.000000
vt 0.178571 0.000000
vt 0.214286 0.000000
vt 0.250000 0.000000
vt 0.232368 0.154342
vt 0.246548 0.078672
vt 0.242233 0.031397
vt 0.221214 0.023953
vt 0.193501 0.026330
vt 0.166879 0.059318
vt 0.226350 0.192269
vt 0.142857 0.500000
vt 0.179975 0.249816
vt 0.071429 0.000000
vt 0.142857 0.000000
vt 0.142857 0.125000
vt 0.142857 0.250000
vt 0.142857 0.375000
vt 0.000000 0.500000
vt 0.000000 0.250000
vt 0.000000 0.000000
vt 0.892857 0.000000
vt 0.928571 0.000000
vt 0.964286 0.000000
vt 1.000000 0.000000
vt 1.000000 0.500000
vt 0.863170 0.441302
vt 0.934222 0.429218
vt 0.977817 0.349782
vt 0.968270 0.251801
vt 0.922853 0.220973
vt 0.867721 0.264796
vt 0.000000 0.000000
vt 0.000000 0.000000
vt 0.000000 0.000000
vt 0.000000 0.000000
vt 0.000000 0.000000
vt 0.000000 0.000000
vt 0.000000 0.000000
vt 0.000000 0.000000
vt 0.000000 0.000000
vt 0.000000 0.000000
vt 0.000000 0.000000
vt 0.000000 0.000000
vt 0.000000 0.000000
vt 0.000000 0.000000
vt 0.000000 0.000000
vt 0.000000 0.000000
vt 0.735803 0.439232
vt 0.714286 0.396168
vt 0.857143 0.000000
vt 0.785714 0.000000
vt 0.750000 0.000000
vt 0.714286 0.000000
vt 0.714286 0.259833
vt 0.738269 0.248050
vt 0.767068 0.286254
vt 0.784359 0.401223
vt 0.767535 0.454087
vt 0.701205 0.230979
vt 0.678571 0.000000
vt 0.642857 0.000000
vt 0.607143 0.000000
vt 0.571429 0.000000
vt 0.692296 0.335414
vt 0.651619 0.160903
vt 0.500000 0.000000
vt 0.428571 0.000000
vt 0.285714 0.000000
vt 0.357143 0.000000
vt 0.339286 0.000000
vt 0.321429 0.000000
vt 0.303571 0.000000
vt 0.178571 0.000000
vt 0.160714 0.000000
vt 0.142857 0.000000
vt 0.142857 0.250000
vt 0.250000 0.000000
vt 0.214286 0.000000
vt 0.000000 0.250000
vt 0.142857 0.375000
vt 0.142857 0.250000
vt 0.142857 0.125000
vt 0.142857 0.000000
vt 0.071429 0.000000
vt 0.000000 0.000000
vt 0.892857 0.000000
vt 1.000000 0.000000
vt 0.964286 0.000000
vt 0.928571 0.000000
vt 0.000000 0.000000
vt 0.000000 0.000000
vt 0.000000 0.000000
vt 0.000000 0.000000
vt 0.000000 0.000000
vt 0.000000 0.000000
vt 0.000000 0.000000
vt 0.000000 0.000000
vt 0.000000 0.000000
vt 0.000000 0.000000
vt 0.000000 0.000000
vt 0.000000 0.000000
vt 0.000000 0.000000
vt 0.857143 0.436336
vt 0.857143 0.500000
vt 0.714286 0.500000
vt 0.714286 0.000000
vt 0.750000 0.000000
vt 0.785714 0.000000
vt 0.857143 0.000000
vt 0.857143 0.285481
vt 0.826143 0.144918
vt 0.831886 0.370102
vt 0.571429 0.500000
vt 0.571429 0.000000
vt 0.607143 0.000000
vt 0.642857 0.000000
vt 0.678571 0.000000
vt 0.500000 0.000000
vt 0.428571 0.500000
vt 0.428571 0.000000
vt 0.339286 0.000000
vt 0.357143 0.000000
vt 0.285714 0.500000
vt 0.285714 0.000000
vt 0.303571 0.000000
vt 0.321429 0.000000
vt 0.151020 0.181367
vt 0.159632 0.226710
vt 0.142857 0.250000
vt 0.142857 0.000000
vt 0.160714 0.000000
vt 0.178571 0.000000
vt 0.214286 0.000000
vt 0.250000 0.000000
vt 0.232368 0.154342
vt 0.246548 0.078672
vt 0.242233 0.031397
vt 0.221214 0.023953
vt 0.193501 0.026330
vt 0.166879 0.059318
vt 0.226350 0.192269
vt 0.142857 0.500000
vt 0.179975 0.249816
vt 0.071429 0.000000
vt 0.142857 0.000000
vt 0.142857 0.125000
vt 0.142857 0.250000
vt 0.142857 0.375000
vt 0.000000 0.500000
vt 0.000000 0.250000
vt 0.000000 0.000000
vt 0.892857 0.000000
vt 0.928571 0.000000
vt 0.964286 0.000000
vt 1.000000 0.000000
vt 1.000000 0.500000
vt 0.863170 0.441302
vt 0.934222 0.429218
vt 0.977817 0.349782
vt 0.968270 0.251801
vt 0.922853 0.220973
vt 0.867721 0.264796
vt 0.000000 0.000000
vt 0.000000 0.000000
vt 0.000000 0.000000
vt 0.000000 0.000000
vt 0.000000 0.000000
vt 0.000000 0.000000
vt 0.000000 0.000000
vt 0.000000 0.000000
vt 0.000000 0.000000
vt 0.000000 0.000000
vt 0.000000 0.000000
vt 0.000000 0.000000
vt 0.000000 0.000000
vt 0.000000 0.000000
vt 0.000000 0.000000
vt 0.000000 0.000000
vt 0.735803 0.439232
vt 0.714286 0.396168
vt 0.857143 0.000000
vt 0.785714 0.000000
vt 0.750000 0.000000
vt 0.714286 0.000000
vt 0.714286 0.259833
vt 0.738269 0.248050
vt 0.767068 0.286254
vt 0.784359 0.401223
vt 0.767535 0.454087
vt 0.701205 0.230979
vt 0.678571 0.000000
vt 0.642857 0.000000
vt 0.607143 0.000000
vt 0.571429 0.000000
vt 0.692296 0.335414
vt 0.651619 0.160903
vt 0.500000 0.000000
vt 0.428571 0.000000
vt 0.285714 0.000000
vt 0.357143 0.000000
vt 0.339286 0.000000
vt 0.321429 0.000000
vt 0.303571 0.000000
vt 0.178571 0.000000
vt 0.160714 0.000000
vt 0.142857 0.000000
vt 0.142857 0.250000
vt 0.250000 0.000000
vt 0.214286 0.000000
vt 0.000000 0.250000
vt 0.142857 0.375000
vt 0.142857 0.250000
vt 0.142857 0.125000
vt 0.142857 0.000000
vt 0.071429 0.000000
vt 0.000000 0.000000
vt 0.892857 0.000000
vt 1.000000 0.000000
vt 0.964286 0.000000
vt 0.928571 0.000000
vt 0.000000 0.000000
vt 0.000000 0.000000
vt 0.000000 0.000000
vt 0.000000 0.000000
vt 0.000000 0.000000
vt 0.000000 0.000000
vt 0.000000 0.000000
vt 0.000000 0.000000
vt 0.000000 0.000000
vt 0.000000 0.000000
vt 0.000000 0.000000
vt 0.000000 0.000000
vt 0.000000 0.000000
vt 0.857143 0.436336
vt 0.857143 0.500000
vt 0.714286 0.500000
vt 0.714286 0.000000
vt 0.750000 0.000000
vt 0.785714 0.000000
vt 0.857143 0.000000
vt 0.857143 0.285481
vt 0.826143 0.144918
vt 0.831886 0.370102
vt 0.571429 0.500000
vt 0.571429 0.000000
vt 0.607143 0.000000
vt 0.642857 0.000000
vt 0.678571 0.000000
vt 0.500000 0.000000
vt 0.428571 0.500000
vt 0.428571 0.000000
vt 0.339286 0.000000
vt 0.357143 0.000000
vt 0.285714 0.500000
vt 0.285714 0.000000
vt 0.303571 0.000000
vt 0.321429 0.000000
vt 0.151020 0.181367
vt 0.159632 0.226710
vt 0.142857 0.250000
vt 0.142857 0.000000
vt 0.160714 0.000000
vt 0.178571 0.000000
vt 0.214286 0.000000
vt 0.250000 0.000000
vt 0.232368 0.154342
vt 0.246548 0.078672
vt 0.242233 0.031397
vt 0.221214 0.023953
vt 0.193501 0.026330
vt 0.166879 0.059318
vt 0.226350 0.192269
vt 0.142857 0.500000
vt 0.179975 0.249816
vt 0.071429 0.000000
vt 0.142857 0.000000
vt 0.142857 0.125000
vt 0.142857 0.250000
vt 0.142857 0.375000
vt 0.000000 0.500000
vt 0.000000 0.250000
vt 0.000000 0.000000
vt 0.892857 0.000000
vt 0.928571 0.000000
vt 0.964286 0.000000
vt 1.000000 0.000000
vt 1.000000 0.500000
vt 0.863170 0.441302
vt 0.934222 0.429218
vt 0.977817 0.349782
vt 0.968270 0.251801
vt 0.922853 0.220973
vt 0.867721 0.264796
vt 0.000000 0.000000
vt 0.000000 0.000000
vt 0.000000 0.000000
vt 0.000000 0.000000
vt 0.000000 0.000000
vt 0.000000 0.000000
vt 0.000000 0.000000
vt 0.000000 0.000000
vt 0.000000 0.000000
vt 0.000000 0.000000
vt 0.000000 0.000000
vt 0.000000 0.000000
vt 0.000000 0.000000
vt 0.000000 0.000000
vt 0.000000 0.000000
vt 0.000000 0.000000
vt 0.735803 0.439232
vt 0.714286 0.396168
vt 0.857143 0.000000
vt 0.785714 0.000000
vt 0.750000 0.000000
vt 0.714286 0.000000
vt 0.714286 0.259833
vt 0.738269 0.248050
vt 0.767068 0.286254
vt 0.784359 0.401223
vt 0.767535 0.454087
vt 0.701205 0.230979
vt 0.678571 0.000000
vt 0.642857 0.000000
vt 0.607143 0.000000
vt 0.571429 0.000000
vt 0.692296 0.335414
vt 0.651619 0.160903
vt 0.500000 0.000000
vt 0.428571 0.000000
vt 0.285714 0.000000
vt 0.357143 0.000000
vt 0.339286 0.000000
vt 0.321429 0.000000
vt 0.303571 0.000000
vt 0.178571 0.000000
vt 0.160714 0.000000
vt 0.142857 0.000000
vt 0.142857 0.250000
vt 0.250000 0.000000
vt 0.214286 0.000000
vt 0.000000 0.250000
vt 0.142857 0.375000
vt 0.142857 0.250000
vt 0.142857 0.125000
vt 0.142857 0.000000
vt 0.071429 0.000000
vt 0.000000 0.000000
vt 0.892857 0.000000
vt 1.000000 0.000000
vt 0.964286 0.000000
vt 0.928571 0.000000
vt 0.000000 0.000000
vt 0.000000 0.000000
vt 0.000000 0.000000
vt 0.000000 0.000000
vt 0.000000 0.000000
vt 0.000000 0.000000
vt 0.000000 0.000000
vt 0.000000 0.000000
vt 0.000000 0.000000
vt 0.000000 0.000000
vt 0.000000 0.000000
vt 0.000000 0.000000
vt 0.000000 0.000000
vt 0.857143 0.436336
vt 0.857143 0.500000
vt 0.714286 0.500000
vt 0.714286 0.000000
vt 0.750000 0.000000
vt 0.785714 0.000000
vt 0.857143 0.000000
vt 0.857143 0.285481
vt 0.826143 0.144918
vt 0.831886 0.370102
vt 0.571429 0.500000
vt 0.571429 0.000000
vt 0.607143 0.000000
vt 0.642857 0.000000
vt 0.678571 0.000000
vt 0.500000 0.000000
vt 0.428571 0.500000
vt 0.428571 0.000000
vt 0.339286 0.000000
vt 0.357143 0.000000
vt 0.285714 0.500000
vt 0.285714 0.000000
vt 0.303571 0.000000
vt 0.321429 0.000000
vt 0.151020 0.181367
vt 0.159632 0.226710
vt 0.142857 0.250000
vt 0.142857 0.000000
vt 0.160714 0.000000
vt 0.178571 0.000000
vt 0.214286 0.000000
vt 0.250000 0.000000
vt 0.232368 0.154342
vt 0.246548 0.078672
vt 0.242233 0.031397
vt 0.221214 0.023953
vt 0.193501 0.026330
vt 0.166879 0.059318
vt 0.226350 0.192269
vt 0.142857 0.500000
vt 0.179975 0.249816
vt 0.071429 0.000000
vt 0.142857 0.000000
vt 0.142857 0.125000
vt 0.142857 0.250000
vt 0.142857 0.375000
vt 0.000000 0.500000
vt 0.000000 0.250000
vt 0.000000 0.000000
vt 0.892857 0.000000
vt 0.928571 0.000000
vt 0.964286 0.000000
vt 1.000000 0.000000
vt 1.000000 0.500000
vt 0.863170 0.441302
vt 0.934222 0.429218
vt 0.977817 0.349782
vt 0.968270 0.251801
vt 0.922853 0.220973
vt 0.867721 0.264796
vt 0.000000 0.000000
vt 0.000000 0.000000
vt 0.000000 0.000000
vt 0.000000 0.000000
vt 0.000000 0.000000
vt 0.000000 0.000000
vt 0.000000 0.000000
vt 0.000000 0.000000
vt 0.000000 0.000000
vt 0.000000 0.000000
vt 0.000000 0.000000
vt 0.000000 0.000000
vt 0.000000 0.000000
vt 0.000000 0.000000
vt 0.000000 0.000000
vt 0.000000 0.000000
vt 0.735803 0.439232
vt 0.714286 0.396168
vt 0.857143 0.000000
vt 0.785714 0.000000
vt 0.750000 0.000000
vt 0.714286 0.000000
vt 0.714286 0.259833
vt 0.738269 0.248050
vt 0.767068 0.286254
vt 0.784359 0.401223
vt 0.767535 0.454087
vt 0.701205 0.230979
vt 0.678571 0.000000
vt 0.642857 0.000000
vt 0.607143 0.000000
vt 0.571429 0.000000
vt 0.692296 0.335414
vt 0.651619 0.160903
vt 0.500000 0.000000
vt 0.428571 0.000000
vt 0.285714 0.000000
vt 0.357143 0.000000
vt 0.339286 0.000000
vt 0.321429 0.000000
vt 0.303571 0.000000
vt 0.178571 0.000000
vt 0.160714 0.000000
vt 0.142857 0.000000
vt 0.142857 0.250000
vt 0.250000 0.000000
vt 0.214286 0.000000
vt 0.000000 0.250000
vt 0.142857 0.375000
vt 0.142857 0.250000
vt 0.142857 0.125000
vt 0.142857 0.000000
vt 0.071429 0.000000
vt 0.000000 0.000000
vt 0.892857 0.000000
vt 1.000000 0.000000
vt 0.964286 0.000000
vt 0.928571 0.000000
vt 0.000000 0.000000
vt 0.000000 0.000000
vt 0.000000 0.000000
vt 0.000000 0.000000
vt 0.000000 0.000000
vt 0.000000 0.000000
vt 0.000000 0.000000
vt 0.000000 0.000000
vt 0.000000 0.000000
vt 0.000000 0.000000
vt 0.000000 0.000000
vt 0.000000 0.000000
vt 0.000000 0.000000
vt 0.857143 0.436336
vt 0.857143 0.500000
vt 0.714286 0.500000
vt 0.714286 0.000000
vt 0.750000 0.000000
vt 0.785714 0.000000
vt 0.857143 0.000000
vt 0.857143 0.285481
vt 0.826143 0.144918
vt 0.831886 0.370102
vt 0.571429 0.500000
vt 0.571429 0.000000
vt 0.607143 0.000000
vt 0.642857 0.000000
vt 0.678571 0.000000
vt 0.500000 0.000000
vt 0.428571 0.500000
vt 0.428571 0.000000
vt 0.339286 0.000000
vt 0.357143 0.000000
vt 0.285714 0.500000
vt 0.285714 0.000000
vt 0.303571 0.000000
vt 0.321429 0.000000
vt 0.151020 0.181367
vt 0.159632 0.226710
vt 0.142857 0.250000
vt 0.142857 0.000000
vt 0.160714 0.000000
vt 0.178571 0.000000
vt 0.214286 0.000000
vt 0.250000 0.000000
vt 0.232368 0.154342
vt 0.246548 0.078672
vt 0.242233 0.031397
vt 0.221214 0.023953
vt 0.193501 0.026330
vt 0.166879 0.059318
vt 0.226350 0.192269
vt 0.142857 0.500000
vt 0.179975 0.249816
vt 0.071429 0.000000
vt 0.142857 0.000000
vt 0.142857 0.125000
vt 0.142857 0.250000
vt 0.142857 0.375000
vt 0.000000 0.500000
vt 0.000000 0.250000
vt 0.000000 0.000000
vt 0.892857 0.000000
vt 0.928571 0.000000
vt 0.964286 0.000000
vt 1.000000 0.000000
vt 1.000000 0.500000
vt 0.863170 0.441302
vt 0.934222 0.429218
vt 0.977817 0.349782
vt 0.968270 0.251801
vt 0.922853 0.220973
vt 0.867721 0.264796
vt 0.000000 0.000000
vt 0.000000 0.000000
vt 0.000000 0.000000
vt 0.000000 0.000000
vt 0.000000 0.000000
vt 0.000000 0.000000
vt 0.000000 0.000000
vt 0.000000 0.000000
vt 0.000000 0.000000
vt 0.000000 0.000000
vt 0.000000 0.000000
vt 0.000000 0.000000
vt 0.000000 0.000000
vt 0.000000 0.000000
vt 0.000000 0.000000
vt 0.000000 0.000000
vt 0.735803 0.439232
vt 0.714286 0.396168
vt 0.857143 0.000000
vt 0.785714 0.000000
vt 0.750000 0.000000
vt 0.714286 0.000000
vt 0.714286 0.259833
vt 0.738269 0.248050
vt 0.767068 0.286254
vt 0.784359 0.401223
vt 0.767535 0.454087
vt 0.701205 0.230979
vt 0.678571 0.000000
vt 0.642857 0.000000
vt 0.607143 0.000000
vt 0.571429 0.000000
vt 0.692296 0.335414
vt 0.651619 0.160903
vt 0.500000 0.000000
vt 0.428571 0.000000
vt 0.285714 0.000000
vt 0.357143 0.000000
vt 0.339286 0.000000
vt 0.321429 0.000000
vt 0.303571 0.000000
vt 0.178571 0.000000
vt 0.160714 0.000000
vt 0.142857 0.000000
vt 0.142857 0.250000
vt 0.250000 0.000000
vt 0.214286 0.000000
vt 0.000000 0.250000
vt 0.142857 0.375000
vt 0.142857 0.250000
vt 0.142857 0.125000
vt 0.142857 0.000000
vt 0.071429 0.000000
vt 0.000000 0.000000
vt 0.892857 0.000000
vt 1.000000 0.000000
vt 0.964286 0.000000
vt 0.928571 0.000000
vt 0.000000 0.000000
vt 0.000000 0.000000
vt 0.000000 0.000000
vt 0.000000 0.000000
vt 0.000000 0.000000
vt 0.000000 0.000000
vt 0.000000 0.000000
vt 0.000000 0.000000
vt 0.000000 0.000000
vt 0.000000 0.000000
vt 0.000000 0.000000
vt 0.000000 0.000000
vt 0.000000 0.000000
vt 0.857143 0.436336
vt 0.857143 0.500000
vt 0.714286 0.500000
vt 0.714286 0.000000
vt 0.750000 0.000000
vt 0.785714 0.000000
vt 0.857143 0.000000
vt 0.857143 0.285481
vt 0.826143 0.144918
vt 0.831886 0.370102
vt 0.571429 0.500000
vt 0.571429 0.000000
vt 0.607143 0.000000
vt 0.642857 0.000000
vt 0.678571 0.000000
vt 0.500000 0.000000
vt 0.428571 0.500000
vt 0.428571 0.000000
vt 0.339286 0.000000
vt 0.357143 0.000000
vt 0.285714 0.500000
vt 0.285714 0.000000
vt 0.303571 0.000000
vt 0.321429 0.000000
vt 0.151020 0.181367
vt 0.159632 0.226710
vt 0.142857 0.250000
vt 0.142857 0.000000
vt 0.160714 0.000000
vt 0.178571 0.000000
vt 0.214286 0.000000
vt 0.250000 0.000000
vt 0.232368 0.154342
vt 0.246548 0.078672
vt 0.242233 0.031397
vt 0.221214 0.023953
vt 0.193501 0.026330
vt 0.166879 0.059318
vt 0.226350 0.192269
vt 0.142857 0.500000
vt 0.179975 0.249816
vt 0.071429 0.000000
vt 0.142857 0.000000
vt 0.142857 0.125000
vt 0.142857 0.250000
vt 0.142857 0.375000
vt 0.000000 0.500000
vt 0.000000 0.250000
vt 0.000000 0.000000
vt 0.892857 0.000000
vt 0.928571 0.000000
vt 0.964286 0.000000
vt 1.000000 0.000000
vt 1.000000 0.500000
vt 0.863170 0.441302
vt 0.934222 0.429218
vt 0.977817 0.349782
vt 0.968270 0.251801
vt 0.922853 0.220973
vt 0.867721 0.264796
vt 0.000000 0.000000
vt 0.000000 0.000000
vt 0.000000 0.000000
vt 0.000000 0.000000
vt 0.000000 0.000000
vt 0.000000 0.000000
vt 0.000000 0.000000
vt 0.000000 0.000000
vt 0.000000 0.000000
vt 0.000000 0.000000
vt 0.000000 0.000000
vt 0.000000 0.000000
vt 0.000000 0.000000
vt 0.000000 0.000000
vt 0.000000 0.000000
vt 0.000000 0.000000
vt 0.735803 0.439232
vt 0.714286 0.396168
vt 0.857143 0.000000
vt 0.785714 0.000000
vt 0.750000 0.000000
vt 0.714286 0.000000
vt 0.714286 0.259833
vt 0.738269 0.248050
vt 0.767068 0.286254
vt 0.784359 0.401223
vt 0.767535 0.454087
vt 0.701205 0.230979
vt 0.678571 0.000000
vt 0.642857 0.000000
vt 0.607143 0.000000
vt 0.571429 0.000000
vt 0.692296 0.335414
vt 0.651619 0.160903
vt 0.500000 0.000000
vt 0.428571 0.000000
vt 0.285714 0.000000
vt 0.357143 0.000000
vt 0.339286 0.000000
vt 0.321429 0.000000
vt 0.303571 0.000000
vt 0.178571 0.000000
vt 0.160714 0.000000
vt 0.142857 0.000000
vt 0.142857 0.250000
vt 0.250000 0.000000
vt 0.214286 0.000000
vt 0.000000 0.250000
vt 0.142857 0.375000
vt 0.142857 0.250000
vt 0.142857 0.125000
vt 0.142857 0.000000
vt 0.071429 0.000000
vt 0.000000 0.000000
vt 0.892857 0.000000
vt 1.000000 0.000000
vt 0.964286 0.000000
vt 0.928571 0.000000
vt 0.000000 0.000000
vt 0.000000 0.000000
vt 0.000000 0.000000
vt 0.000000 0.000000
vt 0.000000 0.000000
vt 0.000000 0.000000
vt 0.000000 0.000000
vt 0.000000 0.000000
vt 0.000000 0.000000
vt 0.000000 0.000000
vt 0.000000 0.000000
vt 0.000000 0.000000
vt 0.000000 0.000000
vt 0.857143 0.436336
vt 0.857143 0.500000
vt 0.714286 0.500000
vt 0.714286 0.000000
vt 0.750000 0.000000
vt 0.785714 0.000000
vt 0.857143 0.000000
vt 0.857143 0.285481
vt 0.826143 0.144918
vt 0.831886 0.370102
vt 0.571429 0.500000
vt 0.571429 0.000000
vt 0.607143 0.000000
vt 0.642857 0.000000
vt 0.678571 0.000000
vt 0.500000 0.000000
vt 0.428571 0.500000
vt 0.428571 0.000000
vt 0.339286 0.000000
vt 0.357143 0.000000
vt 0.285714 0.500000
vt 0.285714 0.000000
vt 0.303571 0.000000
vt 0.321429 0.000000
vt 0.151020 0.181367
vt 0.159632 0.226710
vt 0.142857 0.250000
vt 0.142857 0.000000
vt 0.160714 0.000000
vt 0.178571 0.000000
vt 0.214286 0.000000
vt 0.250000 0.000000
vt 0.232368 0.154342
vt 0.246548 0.078672
vt 0.242233 0.031397
vt 0.221214 0.023953
vt 0.193501 0.026330
vt 0.166879 0.059318
vt 0.226350 0.192269
vt 0.142857 0.500000
vt 0.179975 0.249816
vt 0.071429 0.000000
vt 0.142857 0.000000
vt 0.142857 0.125000
vt 0.142857 0.250000
vt 0.142857 0.375000
vt 0.000000 0.500000
vt 0.000000 0.250000
vt 0.000000 0.000000
vt 0.892857 0.000000
vt 0.928571 0.000000
vt 0.964286 0.000000
vt 1.000000 0.000000
vt 1.000000 0.500000
vt 0.863170 0.441302
vt 0.934222 0.429218
vt 0.977817 0.349782
vt 0.968270 0.251801
vt 0.922853 0.220973
vt 0.867721 0.264796
vt 0.000000 0.000000
vt 0.000000 0.000000
vt 0.000000 0.000000
vt 0.000000 0.000000
vt 0.000000 0.000000
vt 0.000000 0.000000
vt 0.000000 0.000000
vt 0.000000 0.000000
vt 0.000000 0.000000
vt 0.000000 0.000000
vt 0.000000 0.000000
vt 0.000000 0.000000
vt 0.000000 0.000000
vt 0.000000 0.000000
vt 0.000000 0.000000
vt 0.000000 0.000000
vt 0.735803 0.439232
vt 0.714286 0.396168
vt 0.857143 0.000000
vt 0.785714 0.000000
vt 0.750000 0.000000
vt 0.714286 0.000000
vt 0.714286 0.259833
vt 0.738269 0.248050
vt 0.767068 0.286254
vt 0.784359 0.401223
vt 0.767535 0.454087
vt 0.701205 0.230979
vt 0.678571 0.000000
vt 0.642857 0.000000
vt 0.607143 0.000000
vt 0.571429 0.000000
vt 0.692296 0.335414
vt 0.651619 0.160903
vt 0.500000 0.000000
vt 0.428571 0.000000
vt 0.285714 0.000000
vt 0.357143 0.000000
vt 0.339286 0.000000
vt 0.321429 0.000000
vt 0.303571 0.000000
vt 0.178571 0.000000
vt 0.160714 0.000000
vt 0.142857 0.000000
vt 0.142857 0.250000
vt 0.250000 0.000000
vt 0.214286 0.000000
vt 0.000000 0.250000
vt 0.142857 0.375000
vt 0.142857 0.250000
vt 0.142857 0.125000
vt 0.142857 0.000000
vt 0.071429 0.000000
vt 0.000000 0.000000
vt 0.892857 0.000000
vt 1.000000 0.000000
vt 0.964286 0.000000
vt 0.928571 0.000000
vt 0.000000 0.000000
vt 0.000000 0.000000
vt 0.000000 0.000000
vt 0.000000 0.000000
vt 0.000000 0.000000
vt 0.000000 0.000000
vt 0.000000 0.000000
vt 0.000000 0.000000
vt 0.000000 0.000000
vt 0.000000 0.000000
vt 0.000000 0.000000
vt 0.000000 0.000000
vt 0.000000 0.000000
vt 0.740778 0.232543
vt 0.714286 0.262960
vt 0.714286 0.000000
vt 0.750000 0.000000
vt 0.785714 0.000000
vt 0.857143 0.000000
vt 0.857143 0.500000
vt 0.714286 0.500000
vt 0.714286 0.402035
vt 0.731299 0.422889
vt 0.770988 0.420019
vt 0.789135 0.332160
vt 0.767459 0.203419
vt 0.667979 0.285206
vt 0.571429 0.500000
vt 0.571429 0.000000
vt 0.607143 0.000000
vt 0.642857 0.000000
vt 0.678571 0.000000
vt 0.690699 0.213556
vt 0.621602 0.096206
vt 0.500000 0.000000
vt 0.428571 0.500000
vt 0.428571 0.000000
vt 0.339286 0.000000
vt 0.357143 0.000000
vt 0.285714 0.500000
vt 0.285714 0.000000
vt 0.321429 0.000000
vt 0.160714 0.000000
vt 0.178571 0.000000
vt 0.214286 0.000000
vt 0.250000 0.000000
vt 0.142857 0.500000
vt 0.142857 0.250000
vt 0.142857 0.000000
vt 0.018989 0.299987
vt 0.000000 0.250000
vt 0.000000 0.000000
vt 0.071429 0.000000
vt 0.142857 0.000000
vt 0.142857 0.125000
vt 0.142857 0.250000
vt 0.142857 0.375000
vt 0.123477 0.362522
vt 0.101998 0.319311
vt 0.059880 0.290737
vt 0.000000 0.500000
vt 0.009324 0.341815
vt 0.036168 0.384774
vt 0.082357 0.400298
vt 0.117724 0.391002
vt 1.000000 0.500000
vt 0.892857 0.000000
vt 0.928571 0.000000
vt 0.964286 0.000000
vt 1.000000 0.000000
vt 0.000000 0.000000
vt 0.000000 0.000000
vt 0.000000 0.000000
vt 0.000000 0.000000
vt 0.000000 0.000000
vt 0.000000 0.000000
vt 0.000000 0.000000
vt 0.000000 0.000000
vt 0.000000 0.000000
vt 0.000000 0.000000
vt 0.000000 0.000000
vt 0.000000 0.000000
vt 0.000000 0.000000
vt 0.000000 0.000000
vt 0.000000 0.000000
vt 0.000000 0.000000
vt 0.785714 0.000000
vt 0.750000 0.000000
vt 0.714286 0.000000
vt 0.857143 0.000000
vt 0.571429 0.000000
vt 0.678571 0.000000
vt 0.642857 0.000000
vt 0.607143 0.000000
vt 0.480789 0.362830
vt 0.428571 0.387419
vt 0.500000 0.000000
vt 0.428571 0.000000
vt 0.428571 0.247670
vt 0.475782 0.149665
vt 0.530673 0.068537
vt 0.561509 0.104821
vt 0.562317 0.253880
vt 0.285714 0.000000
vt 0.370301 0.229362
vt 0.343789 0.109395
vt 0.403785 0.200371
vt 0.357143 0.000000
vt 0.339286 0.000000
vt 0.321429 0.000000
vt 0.178571 0.000000
vt 0.160714 0.000000
vt 0.142857 0.000000
vt 0.142857 0.250000
vt 0.250000 0.000000
vt 0.214286 0.000000
vt 0.000000 0.250000
vt 0.142857 0.375000
vt 0.142857 0.250000
vt 0.142857 0.125000
vt 0.142857 0.000000
vt 0.071429 0.000000
vt 0.000000 0.000000
vt 0.892857 0.000000
vt 1.000000 0.000000
vt 0.964286 0.000000
vt 0.928571 0.000000
vt 0.000000 0.000000
vt 0.000000 0.000000
vt 0.000000 0.000000
vt 0.000000 0.000000
vt 0.000000 0.000000
vt 0.000000 0.000000
vt 0.000000 0.000000
vt 0.000000 0.000000
vt 0.000000 0.000000
vt 0.000000 0.000000
vt 0.000000 0.000000
vt 0.000000 0.000000
vt 0.000000 0.000000
vt 0.740778 0.232543
vt 0.714286 0.262960
vt 0.714286 0.000000
vt 0.750000 0.000000
vt 0.785714 0.000000
vt 0.857143 0.000000
vt 0.857143 0.500000
vt 0.714286 0.500000
vt 0.714286 0.402035
vt 0.731299 0.422889
vt 0.770988 0.420019
vt 0.789135 0.332160
vt 0.767459 0.203419
vt 0.667979 0.285206
vt 0.571429 0.500000
vt 0.571429 0.000000
vt 0.607143 0.000000
vt 0.642857 0.000000
vt 0.678571 0.000000
vt 0.690699 0.213556
vt 0.621602 0.096206
vt 0.500000 0.000000
vt 0.428571 0.500000
vt 0.428571 0.000000
vt 0.339286 0.000000
vt 0.357143 0.000000
vt 0.285714 0.500000
vt 0.285714 0.000000
vt 0.321429 0.000000
vt 0.160714 0.000000
vt 0.178571 0.000000
vt 0.214286 0.000000
vt 0.250000 0.000000
vt 0.142857 0.500000
vt 0.142857 0.250000
vt 0.142857 0.000000
vt 0.018989 0.299987
vt 0.000000 0.250000
vt 0.000000 0.000000
vt 0.071429 0.000000
vt 0.142857 0.000000
vt 0.142857 0.125000
vt 0.142857 0.250000
vt 0.142857 0.375000
vt 0.123477 0.362522
vt 0.101998 0.319311
vt 0.059880 0.290737
vt 0.000000 0.500000
vt 0.009324 0.341815
vt 0.036168 0.384774
vt 0.082357 0.400298
vt 0.117724 0.391002
vt 1.000000 0.500000
vt 0.892857 0.000000
vt 0.928571 0.000000
vt 0.964286 0.000000
vt 1.000000 0.000000
vt 0.000000 0.000000
vt 0.000000 0.000000
vt 0.000000 0.000000
vt 0.000000 0.000000
vt 0.000000 0.000000
vt 0.000000 0.000000
vt 0.000000 0.000000
vt 0.000000 0.000000
vt 0.000000 0.000000
vt 0.000000 0.000000
vt 0.000000 0.000000
vt 0.000000 0.000000
vt 0.000000 0.000000
vt 0.000000 0.000000
vt 0.000000 0.000000
vt 0.000000 0.000000
vt 0.785714 0.000000
vt 0.750000 0.000000
vt 0.714286 0.000000
vt 0.857143 0.000000
vt 0.571429 0.000000
vt 0.678571 0.000000
vt 0.642857 0.000000
vt 0.607143 0.000000
vt 0.480789 0.362830
vt 0.428571 0.387419
vt 0.500000 0.000000
vt 0.428571 0.000000
vt 0.428571 0.247670
vt 0.475782 0.149665
vt 0.530673 0.068537
vt 0.561509 0.104821
vt 0.562317 0.253880
vt 0.285714 0.000000
vt 0.370301 0.229362
vt 0.343789 0.109395
vt 0.403785 0.200371
vt 0.357143 0.000000
vt 0.339286 0.000000
vt 0.321429 0.000000
vt 0.178571 0.000000
vt 0.160714 0.000000
vt 0.142857 0.000000
vt 0.142857 0.250000
vt 0.250000 0.000000
vt 0.214286 0.000000
vt 0.000000 0.250000
vt 0.142857 0.375000
vt 0.142857 0.250000
vt 0.142857 0.125000
vt 0.142857 0.000000
vt 0.071429 0.000000
vt 0.000000 0.000000
vt 0.892857 0.000000
vt 1.000000 0.000000
vt 0.964286 0.000000
vt 0.928571 0.000000
vt 0.000000 0.000000
vt 0.000000 0.000000
vt 0.000000 0.000000
vt 0.000000 0.000000
vt 0.000000 0.000000
vt 0.000000 0.000000
vt 0.000000 0.000000
vt 0.000000 0.000000
vt 0.000000 0.000000
vt 0.000000 0.000000
vt 0.000000 0.000000
vt 0.000000 0.000000
vt 0.000000 0.000000
vt 0.740778 0.232543
vt 0.714286 0.262960
vt 0.714286 0.000000
vt 0.750000 0.000000
vt 0.785714 0.000000
vt 0.857143 0.000000
vt 0.857143 0.500000
vt 0.714286 0.500000
vt 0.714286 0.402035
vt 0.731299 0.422889
vt 0.770988 0.420019
vt 0.789135 0.332160
vt 0.767459 0.203419
vt 0.667979 0.285206
vt 0.571429 0.500000
vt 0.571429 0.000000
vt 0.607143 0.000000
vt 0.642857 0.000000
vt 0.678571 0.000000
vt 0.690699 0.213556
vt 0.621602 0.096206
vt 0.500000 0.000000
vt 0.428571 0.500000
vt 0.428571 0.000000
vt 0.339286 0.000000
vt 0.357143 0.000000
vt 0.285714 0.500000
vt 0.285714 0.000000
vt 0.321429 0.000000
vt 0.160714 0.000000
vt 0.178571 0.000000
vt 0.214286 0.000000
vt 0.250000 0.000000
vt 0.142857 0.500000
vt 0.142857 0.250000
vt 0.142857 0.000000
vt 0.018989 0.299987
vt 0.000000 0.250000
vt 0.000000 0.000000
vt 0.071429 0.000000
vt 0.142857 0.000000
vt 0.142857 0.125000
vt 0.142857 0.250000
vt 0.142857 0.375000
vt 0.123477 0.362522
vt 0.101998 0.319311
vt 0.059880 0.290737
vt 0.000000 0.500000
vt 0.009324 0.341815
vt 0.036168 0.384774
vt 0.082357 0.400298
vt 0.117724 0.391002
vt 1.000000 0.500000
vt 0.892857 0.000000
vt 0.928571 0.000000
vt 0.964286 0.000000
vt 1.000000 0.000000
vt 0.000000 0.000000
vt 0.000000 0.000000
vt 0.000000 0.000000
vt 0.000000 0.000000
vt 0.000000 0.000000
vt 0.000000 0.000000
vt 0.000000 0.000000
vt 0.000000 0.000000
vt 0.000000 0.000000
vt 0.000000 0.000000
vt 0.000000 0.000000
vt 0.000000 0.000000
vt 0.000000 0.000000
vt 0.000000 0.000000
vt 0.000000 0.000000
vt 0.000000 0.000000
vt 0.785714 0.000000
vt 0.750000 0.000000
vt 0.714286 0.000000
vt 0.857143 0.000000
vt 0.571429 0.000000
vt 0.678571 0.000000
vt 0.642857 0.000000
vt 0.607143 0.000000
vt 0.480789 0.362830
vt 0.428571 0.387419
vt 0.500000 0.000000
vt 0.428571 0.000000
vt 0.428571 0.247670
vt 0.475782 0.149665
vt 0.530673 0.068537
vt 0.561509 0.104821
vt 0.562317 0.253880
vt 0.285714 0.000000
vt 0.370301 0.229362
vt 0.343789 0.109395
vt 0.403785 0.200371
vt 0.357143 0.000000
vt 0.339286 0.000000
vt 0.321429 0.000000
vt 0.178571 0.000000
vt 0.160714 0.000000
vt 0.142857 0.000000
vt 0.142857 0.250000
vt 0.250000 0.000000
vt 0.214286 0.000000
vt 0.000000 0.250000
vt 0.142857 0.375000
vt 0.142857 0.250000
vt 0.142857 0.125000
vt 0.142857 0.000000
vt 0.071429 0.000000
vt 0.000000 0.000000
vt 0.892857 0.000000
vt 1.000000 0.000000
vt 0.964286 0.000000
vt 0.928571 0.000000
vt 0.000000 0.000000
vt 0.000000 0.000000
vt 0.000000 0.000000
vt 0.000000 0.000000
vt 0.000000 0.000000
vt 0.000000 0.000000
vt 0.000000 0.000000
vt 0.000000 0.000000
vt 0.000000 0.000000
vt 0.000000 0.000000
vt 0.000000 0.000000
vt 0.000000 0.000000
vt 0.000000 0.000000
vt 0.740778 0.232543
vt 0.714286 0.262960
vt 0.714286 0.000000
vt 0.750000 0.000000
vt 0.785714 0.000000
vt 0.857143 0.000000
vt 0.857143 0.500000
vt 0.714286 0.500000
vt 0.714286 0.402035
vt 0.731299 0.422889
vt 0.770988 0.420019
vt 0.789135 0.332160
vt 0.767459 0.203419
vt 0.667979 0.285206
vt 0.571429 0.500000
vt 0.571429 0.000000
vt 0.607143 0.000000
vt 0.642857 0.000000
vt 0.678571 0.000000
vt 0.690699 0.213556
vt 0.621602 0.096206
vt 0.500000 0.000000
vt 0.428571 0.500000
vt 0.428571 0.000000
vt 0.339286 0.000000
vt 0.357143 0.000000
vt 0.285714 0.500000
vt 0.285714 0.000000
vt 0.321429 0.000000
vt 0.160714 0.000000
vt 0.178571 0.000000
vt 0.214286 0.000000
vt 0.250000 0.000000
vt 0.142857 0.500000
vt 0.142857 0.250000
vt 0.142857 0.000000
vt 0.018989 0.299987
vt 0.000000 0.250000
vt 0.000000 0.000000
vt 0.071429 0.000000
vt 0.142857 0.000000
vt 0.142857 0.125000
vt 0.142857 0.250000
vt 0.142857 0.375000
vt 0.123477 0.362522
vt 0.101998 0.319311
vt 0.059880 0.290737
vt 0.000000 0.500000
vt 0.009324 0.341815
vt 0.036168 0.384774
vt 0.082357 0.400298
vt 0.117724 0.391002
vt 1.000000 0.500000
vt 0.892857 0.000000
vt 0.928571 0.000000
vt 0.964286 0.000000
vt 1.000000 0.000000
vt 0.000000 0.000000
vt 0.000000 0.000000
vt 0.000000 0.000000
vt 0.000000 0.000000
vt 0.000000 0.000000
vt 0.000000 0.000000
vt 0.000000 0.000000
vt 0.000000 0.000000
vt 0.000000 0.000000
vt 0.000000 0.000000
vt 0.000000 0.000000
vt 0.000000 0.000000
vt 0.000000 0.000000
vt 0.000000 0.000000
vt 0.000000 0.000000
vt 0.000000 0.000000
vt 0.785714 0.000000
vt 0.750000 0.000000
vt 0.714286 0.000000
vt 0.857143 0.000000
vt 0.571429 0.000000
vt 0.678571 0.000000
vt 0.642857 0.000000
vt 0.607143 0.000000
vt 0.480789 0.362830
vt 0.428571 0.387419
vt 0.500000 0.000000
vt 0.428571 0.000000
vt 0.428571 0.247670
vt 0.475782 0.149665
vt 0.530673 0.068537
vt 0.561509 0.104821
vt 0.562317 0.253880
vt 0.285714 0.000000
vt 0.370301 0.229362
vt 0.343789 0.109395
vt 0.403785 0.200371
vt 0.357143 0.000000
vt 0.339286 0.000000
vt 0.321429 0.000000
vt 0.178571 0.000000
vt 0.160714 0.000000
vt 0.142857 0.000000
vt 0.142857 0.250000
vt 0.250000 0.000000
vt 0.214286 0.000000
vt 0.000000 0.250000
vt 0.142857 0.375000
vt 0.142857 0.250000
vt 0.142857 0.125000
vt 0.142857 0.000000
vt 0.071429 0.000000
vt 0.000000 0.000000
vt 0.892857 0.000000
vt 1.000000 0.000000
vt 0.964286 0.000000
vt 0.928571 0.000000
vt 0.000000 0.000000
vt 0.000000 0.000000
vt 0.000000 0.000000
vt 0.000000 0.000000
vt 0.000000 0.000000
vt 0.000000 0.000000
vt 0.000000 0.000000
vt 0.000000 0.000000
vt 0.000000 0.000000
vt 0.000000 0.000000
vt 0.000000 0.000000
vt 0.000000 0.000000
vt 0.000000 0.000000
vn 0.0581 0.7004 -0.7114
vn 0.0309 0.6444 -0.7641
vn 0.0099 0.7345 -0.6785
vn 0.0244 0.5572 -0.8301
vn 0.0952 0.7962 -0.5975
vn -0.1489 0.7595 -0.6332
vn -0.0301 0.8755 -0.4822
vn 0.0437 0.7493 -0.6607
vn 0.0881 -0.9007 0.4254
vn 0.3990 -0.8420 0.3630
vn 0.0113 0.6700 -0.7422
vn 0.0174 0.7366 -0.6761
vn 0.0100 0.7606 -0.6491
vn -0.0543 0.5570 -0.8287
vn 0.0068 0.7562 -0.6543
vn 0.1425 0.8606 -0.4889
vn 0.0717 0.7448 -0.6634
vn -0.2103 -0.8748 0.4364
vn -0.5101 -0.7631 0.3967
vn -0.0003 0.9694 -0.2453
vn 0.0327 0.9845 -0.1722
vn 0.0441 0.9548 -0.2941
vn 0.0467 0.9968 -0.0642
vn -0.0494 0.9225 -0.3828
vn 0.1975 0.9165 -0.3480
vn 0.0631 0.8539 -0.5166
vn 0.0085 0.9495 -0.3138
vn -0.1151 -0.8133 0.5703
vn -0.4194 -0.7068 0.5696
vn 0.0497 0.9772 -0.2065
vn 0.0364 0.9543 -0.2967
vn 0.0408 0.9426 -0.3314
vn 0.1249 0.9897 -0.0695
vn 0.0445 0.9446 -0.3251
vn -0.1079 0.8651 -0.4899
vn -0.0190 0.9516 -0.3068
vn 0.1805 -0.8322 0.5243
vn 0.4811 -0.7642 0.4296
vn 0.8985 -0.2799 -0.3382
vn 0.8884 -0.2863 0.3590
vn 0.9035 -0.2358 0.3578
vn 0.9110 -0.2359 -0.3382
vn -0.2596 0.2431 -0.9346
vn 0.3764 -0.0067 -0.9264
vn 0.3912 0.0827 -0.9166
vn -0.1162 0.3525 -0.9286
vn -0.8354 0.4444 0.3233
vn -0.8290 0.4444 -0.3395
vn -0.8527 0.4915 -0.1770
vn -0.8560 0.4916 0.1602
vn 0.3583 -0.0060 0.9336
vn -0.2775 0.2433 0.9294
vn -0.1344 0.3526 0.9261
vn 0.3731 0.0828 0.9241
vn -0.0611 0.5864 -0.8077
vn 0.0274 0.1243 -0.9919
vn -0.2523 0.0710 -0.9650
vn 0.9172 -0.2150 -0.3354
vn 0.9104 -0.2145 0.3538
vn 0.9360 -0.1468 0.3199
vn 0.9421 -0.1469 -0.3014
vn 0.9914 -0.0977 0.0867
vn 0.9931 0.1115 -0.0363
vn 0.9146 -0.0541 0.4008
vn 0.4485 -0.2671 0.8529
vn 0.9082 -0.2353 0.3460
vn 0.7004 -0.1864 0.6890
vn -0.7604 0.1144 0.6394
vn -0.9906 -0.1260 0.0536
vn -0.9953 -0.0759 0.0594
vn -0.7266 0.0979 0.6801
vn 0.6805 0.1935 0.7067
vn -0.0426 0.2591 0.9649
vn 0.0342 0.2340 0.9716
vn 0.6841 0.2247 0.6939
vn 0.0079 0.1243 0.9922
vn -0.0770 0.5864 0.8064
vn -0.2712 0.0710 0.9599
vn 0.5392 0.2762 -0.7956
vn 0.1383 0.1662 -0.9763
vn 0.0473 0.5585 -0.8282
vn -0.2741 -0.1356 0.9521
vn 0.0103 -0.1836 0.9829
vn 0.2887 -0.1560 0.9446
vn 0.7731 -0.1041 -0.6257
vn 0.9962 0.0615 -0.0609
vn 0.9940 0.0887 -0.0640
vn 0.7262 -0.0763 -0.6832
vn 0.7554 0.0183 -0.6550
vn 0.5353 -0.0930 -0.8395
vn 0.1832 0.0593 -0.9813
vn -0.6602 -0.3333 -0.6731
vn -0.0194 -0.3221 -0.9465
vn -0.0416 -0.2241 -0.9737
vn -0.6847 -0.2239 -0.6936
vn -0.7227 0.0950 0.6846
vn -0.9957 -0.0699 0.0602
vn -0.9947 -0.0772 0.0685
vn -0.7241 0.1003 0.6823
vn 0.6860 0.2326 0.6895
vn 0.0420 0.2344 0.9712
vn 0.0464 0.2614 0.9641
vn 0.6934 0.2484 0.6764
vn 0.5235 0.2762 0.8060
vn 0.0310 0.5584 0.8290
vn 0.1191 0.1662 0.9789
vn 0.5187 -0.0930 0.8499
vn 0.7423 0.0183 0.6698
vn 0.1639 0.0593 0.9847
vn -0.9519 0.3008 0.0579
vn -0.8657 -0.0729 -0.4953
vn -0.9667 0.0305 -0.2542
vn 0.9662 -0.1123 -0.2320
vn 0.9030 -0.0548 -0.4260
vn 0.9910 0.0897 0.0995
vn 0.7200 -0.0687 -0.6905
vn 0.9934 0.0946 -0.0651
vn 0.9930 0.0964 -0.0687
vn 0.7202 -0.0688 -0.6904
vn -0.6880 -0.2051 -0.6961
vn -0.0441 -0.2044 -0.9779
vn -0.0448 -0.2050 -0.9777
vn -0.6919 -0.2095 -0.6910
vn -0.8559 -0.1234 0.5022
vn -0.3913 -0.1996 0.8984
vn -0.6405 -0.1261 0.7575
vn -0.9793 0.1823 -0.0874
vn -0.9961 0.0404 0.0790
vn -0.8966 0.0374 0.4413
vn -0.7257 0.1163 0.6781
vn -0.9923 -0.0865 0.0891
vn -0.9897 -0.0876 0.1133
vn -0.7127 0.1941 0.6741
vn 0.7159 0.2719 0.6431
vn 0.0649 0.3100 0.9485
vn 0.1119 0.3700 0.9223
vn 0.7482 0.2842 0.5995
vn 0.7195 -0.0711 -0.6908
vn 0.9921 0.0984 -0.0782
vn 0.9911 0.0982 -0.0899
vn 0.7121 -0.0903 -0.6962
vn -0.7037 -0.2297 -0.6723
vn -0.0516 -0.2168 -0.9749
vn -0.0935 -0.3121 -0.9454
vn -0.7161 -0.3530 -0.6022
vn 0.2927 0.0642 0.9540
vn -0.3440 -0.0777 0.9357
vn -0.3526 -0.0663 0.9334
vn 0.3289 0.0734 0.9415
vn 0.9327 0.0792 -0.3518
vn 0.9290 0.1017 0.3559
vn 0.9162 0.1782 0.3589
vn 0.9232 0.1747 -0.3424
vn -0.3435 -0.1167 -0.9319
vn 0.2888 -0.0008 -0.9574
vn 0.3458 0.0636 -0.9362
vn -0.3362 -0.0724 -0.9390
vn -0.8968 -0.2664 0.3532
vn -0.8912 -0.2745 -0.3611
vn -0.9118 -0.1971 -0.3603
vn -0.9186 -0.1959 0.3433
vn 0.7340 0.1637 0.6591
vn 0.5418 0.5415 0.6428
vn 0.5639 0.0426 0.8248
vn 0.7341 -0.0174 0.6788
vn 0.7878 0.1135 0.6054
vn 0.5337 0.0425 0.8446
vn 0.3362 0.0690 0.9393
vn -0.3545 -0.0646 0.9328
vn -0.3557 -0.0638 0.9324
vn 0.3584 0.0080 0.9335
vn 0.9229 0.1778 -0.3416
vn 0.9160 0.1779 0.3597
vn 0.9353 0.0402 0.3517
vn 0.9420 0.0402 -0.3332
vn -0.3361 -0.0646 -0.9396
vn 0.3546 0.0691 -0.9325
vn 0.3767 0.0080 -0.9263
vn -0.3373 -0.0637 -0.9393
vn -0.9225 -0.1802 0.3412
vn -0.9157 -0.1802 -0.3593
vn -0.9205 -0.1681 -0.3527
vn -0.9273 -0.1681 0.3345
vn -0.3376 0.1042 -0.9355
vn 0.3614 0.0885 -0.9282
vn 0.3595 0.1079 -0.9269
vn -0.3386 0.1101 -0.9345
vn -0.9329 0.1176 0.3404
vn -0.9260 0.1176 -0.3587
vn -0.9268 0.1122 -0.3584
vn -0.9337 0.1123 0.3401
vn -0.4458 -0.0654 0.8928
vn -0.8424 0.2770 0.4623
vn -0.6519 0.0198 0.7580
vn -0.3011 -0.4487 0.8414
vn 0.4093 -0.2400 0.8803
vn 0.1135 -0.2394 0.9643
vn 0.3430 0.0885 0.9351
vn -0.3559 0.1042 0.9287
vn -0.3570 0.1101 0.9276
vn 0.3412 0.1079 0.9338
vn -0.9184 -0.3125 0.2426
vn -0.7479 -0.4145 0.5186
vn -0.3181 -0.3073 0.8969
vn 0.9374 0.0754 -0.3400
vn 0.9305 0.0755 0.3583
vn 0.9278 0.1062 0.3577
vn 0.9346 0.1061 -0.3394
vn -0.3423 0.0569 -0.9379
vn 0.3612 0.0560 -0.9308
vn 0.3164 -0.3368 -0.8868
vn -0.3001 -0.3356 -0.8929
vn -0.9377 0.0577 0.3426
vn -0.9308 0.0577 -0.3609
vn -0.8875 -0.3345 -0.3170
vn -0.8935 -0.3345 0.2995
vn 0.3428 0.0560 0.9377
vn -0.3607 0.0569 0.9310
vn -0.3176 -0.3356 0.8868
vn 0.2989 -0.3368 0.8929
vn 0.9379 0.0553 -0.3425
vn 0.9310 0.0553 0.3608
vn 0.8862 -0.3378 0.3170
vn 0.8923 -0.3378 -0.2995
vn -0.6272 0.0231 -0.7786
vn 0.0254 -0.0937 -0.9953
vn 0.0007 0.0229 -0.9997
vn -0.6395 0.1749 -0.7487
vn -0.7644 0.1984 0.6134
vn -0.9765 0.2117 0.0397
vn -0.9591 0.2826 0.0163
vn -0.7116 0.2572 0.6538
vn 0.6797 -0.1033 0.7262
vn 0.0412 0.0068 0.9991
vn 0.0323 0.1294 0.9911
vn 0.6784 -0.0022 0.7347
vn 0.7518 -0.1626 -0.6390
vn 0.9870 -0.1597 -0.0192
vn 0.9928 -0.1167 -0.0276
vn 0.7353 -0.1151 -0.6679
vn -0.6256 0.2854 -0.7260
vn 0.0069 0.1008 -0.9949
vn 0.0930 0.3476 -0.9330
vn -0.5449 0.5790 -0.6065
vn -0.6968 0.2639 0.6670
vn -0.9400 0.3363 0.0574
vn -0.9022 0.3665 0.2275
vn -0.6990 0.2176 0.6812
vn 0.6876 0.0187 0.7258
vn 0.0253 0.1504 0.9883
vn 0.0038 0.1604 0.9871
vn 0.6995 0.0658 0.7116
vn 0.7312 -0.1041 -0.6742
vn 0.9913 -0.1170 -0.0600
vn 0.9939 -0.0592 -0.0931
vn 0.7946 -0.0144 -0.6069
vn -0.9416 0.0517 -0.3327
vn -0.5303 -0.0447 -0.8466
vn -0.4807 -0.0232 -0.8766
vn -0.9350 0.0851 -0.3444
vn 0.6163 -0.3974 -0.6799
vn 0.1903 -0.3564 -0.9148
vn 0.8858 -0.2756 -0.3734
vn -0.5480 0.5643 -0.6175
vn -0.2848 0.1201 -0.9510
vn -0.4370 0.0415 -0.8985
vn 0.8610 0.5084 0.0132
vn 0.9089 0.0967 0.4057
vn 0.9750 0.0352 0.2194
vn -0.3748 0.0242 0.9268
vn -0.8592 0.0591 0.5083
vn -0.8680 0.1542 0.4720
vn -0.3503 0.1613 0.9226
vn 0.9279 -0.1123 0.3555
vn 0.4903 -0.0613 0.8694
vn 0.4897 0.0732 0.8688
vn 0.9386 -0.0440 0.3421
vn 0.2903 -0.1285 -0.9483
vn 0.8325 -0.1374 -0.5367
vn 0.8635 -0.1403 -0.4845
vn 0.3372 -0.1318 -0.9322
vn -0.9284 0.1155 -0.3531
vn -0.4476 0.0019 -0.8942
vn -0.3819 0.0503 -0.9228
vn -0.8342 0.3099 -0.4561
vn -0.3912 0.1825 0.9020
vn -0.8752 0.1593 0.4568
vn -0.8059 0.3522 0.4759
vn -0.4466 0.3149 0.8375
vn 0.9399 -0.0149 0.3411
vn 0.4827 0.1057 0.8694
vn 0.4741 0.1548 0.8667
vn 0.9328 0.0685 0.3539
vn 0.3585 -0.1197 -0.9258
vn 0.8679 -0.1218 -0.4815
vn 0.8655 -0.0311 -0.4999
vn 0.3530 -0.0765 -0.9325
vn -0.7622 0.0654 -0.6440
vn -0.4449 0.4633 -0.7665
vn -0.5337 -0.1363 -0.8346
vn -0.1815 0.8729 -0.4530
vn -0.4216 0.7230 -0.5473
vn 0.1293 0.8295 -0.5433
vn -0.3455 0.0577 -0.9366
vn 0.2979 -0.0079 -0.9545
vn 0.3566 0.0246 -0.9339
vn -0.3367 0.0833 -0.9379
vn -0.9366 0.0806 0.3409
vn -0.9297 0.0806 -0.3593
vn -0.9245 0.1267 -0.3595
vn -0.9314 0.1268 0.3413
vn 0.0411 0.1696 0.9847
vn -0.1873 0.4532 0.8715
vn -0.2077 -0.0748 0.9753
vn 0.2791 -0.0079 0.9602
vn -0.3639 0.0577 0.9297
vn -0.3551 0.0833 0.9311
vn 0.3382 0.0246 0.9408
vn 0.9426 -0.0811 -0.3238
vn 0.9361 -0.0811 0.3423
vn 0.9333 -0.0265 0.3580
vn 0.9402 -0.0265 -0.3396
vn 0.9723 -0.0022 0.2337
vn 0.9532 -0.2546 0.1630
vn 0.8875 0.3271 0.3245
vn -0.1473 0.8884 0.4348
vn -0.1114 0.7469 0.6555
vn -0.3978 0.8851 0.2417
vn 0.5650 0.7070 0.4254
vn 0.6043 0.7961 0.0314
vn 0.4967 0.7441 0.4468
vn 0.8570 0.0938 -0.5068
vn 0.5763 -0.0496 -0.8157
vn 0.3328 0.0135 -0.9429
vn -0.3361 0.0888 -0.9376
vn 0.3629 0.0350 -0.9312
vn 0.3626 0.0552 -0.9303
vn -0.3368 0.0945 -0.9368
vn 0.9979 0.0596 -0.0250
vn 0.9363 -0.0220 0.3505
vn 0.9272 -0.0839 -0.3651
vn 0.6571 0.0759 0.7500
vn 0.9146 0.1609 0.3709
vn 0.4542 0.1860 0.8712
vn -0.9888 -0.0330 0.1457
vn -0.9766 -0.2148 0.0116
vn -0.8341 0.1366 0.5345
vn -0.9305 0.1335 0.3410
vn -0.9236 0.1335 -0.3593
vn -0.9246 0.1273 -0.3590
vn -0.9315 0.1272 0.3407
vn 0.3445 0.0350 0.9381
vn -0.3545 0.0888 0.9308
vn -0.3551 0.0945 0.9300
vn 0.3442 0.0552 0.9373
vn 0.5642 -0.2414 -0.7895
vn 0.8697 0.0420 -0.4919
vn 0.7158 -0.2146 -0.6645
vn 0.9399 -0.0102 -0.3414
vn 0.9330 -0.0102 0.3598
vn 0.9329 0.0221 0.3594
vn 0.9398 0.0221 -0.3410
vn 0.9263 0.0782 -0.3687
vn 0.9443 0.0151 0.3286
vn 0.9352 -0.0251 0.3532
vn 0.9348 0.0671 -0.3488
vn -0.3726 0.0885 -0.9238
vn 0.3151 0.1055 -0.9432
vn 0.3537 0.1296 -0.9263
vn -0.3414 0.1381 -0.9297
vn -0.9521 -0.1877 0.2413
vn -0.9230 -0.0274 -0.3837
vn -0.9344 0.0538 -0.3522
vn -0.9392 -0.0667 0.3368
vn 0.6591 -0.6978 -0.2804
vn 0.4038 -0.7102 -0.5767
vn 0.2808 -0.6299 -0.7242
vn 0.3806 -0.1657 0.9098
vn -0.3272 -0.2858 0.9007
vn -0.3481 -0.1593 0.9238
vn 0.3480 -0.1366 0.9275
vn 0.9214 -0.2447 0.3018
vn 0.9595 -0.2507 0.1288
vn 0.8515 0.2709 0.4490
vn -0.5683 0.8223 0.0281
vn -0.4807 0.8379 0.2584
vn 0.1787 0.9470 0.2670
vn -0.7620 -0.5379 -0.3604
vn -0.6481 -0.7591 -0.0609
vn -0.2288 -0.7539 -0.6159
vn -0.3651 -0.5023 -0.7838
vn 0.7433 -0.6683 0.0308
vn 0.6005 -0.7711 -0.2115
vn 0.7318 -0.6609 -0.1660
vn 0.9353 0.0807 -0.3444
vn 0.9287 -0.0127 0.3706
vn 0.9224 0.0500 0.3830
vn 0.9353 0.2573 -0.2428
vn -0.3025 0.1470 -0.9418
vn 0.3647 0.1262 -0.9225
vn 0.2806 0.3156 -0.9064
vn -0.2373 0.2618 -0.9355
vn 0.7136 -0.6988 0.0493
vn 0.5875 -0.7650 0.2640
vn 0.6171 -0.7617 -0.1973
vn -0.7063 0.6846 0.1803
vn -0.7200 0.6579 -0.2209
vn -0.7646 0.5019 -0.4044
vn -0.6865 0.6706 0.2812
vn -0.6203 0.7206 0.3098
vn -0.6540 0.7558 0.0331
vn -0.9363 -0.0377 0.3493
vn -0.9356 0.0705 -0.3459
vn -0.9484 0.0608 -0.3111
vn -0.9376 -0.0213 0.3472
vn 0.4981 -0.6860 0.5305
vn 0.7529 -0.6318 0.1841
vn 0.6027 -0.5639 0.5646
vn 0.3348 -0.1175 0.9350
vn -0.3511 -0.1237 0.9281
vn -0.3431 -0.0701 0.9367
vn 0.3574 -0.0877 0.9298
vn 0.5983 0.8011 -0.0134
vn 0.1708 0.9479 -0.2689
vn 0.4970 0.8192 0.2862
vn -0.9408 0.0243 0.3382
vn -0.9366 -0.0607 -0.3451
vn -0.9297 -0.0801 -0.3596
vn -0.9406 0.0311 0.3381
vn 0.3347 0.0887 0.9381
vn -0.3622 0.0893 0.9278
vn -0.3634 0.1131 0.9247
vn 0.3313 0.1128 0.9368
vn 0.9565 -0.1350 -0.2584
vn 0.9188 0.0024 0.3948
vn 0.9271 0.0276 0.3737
vn 0.9429 -0.0926 -0.3199
vn -0.7013 -0.7103 -0.0604
vn -0.6218 -0.6642 0.4150
vn -0.6359 -0.5696 0.5208
vn -0.3971 -0.1682 -0.9022
vn 0.2720 -0.2408 -0.9317
vn 0.3550 -0.1980 -0.9137
vn -0.3385 -0.1865 -0.9223
vn -0.9427 0.0353 0.3316
vn -0.9237 -0.0811 -0.3745
vn -0.8962 -0.0786 -0.4366
vn -0.9814 0.1001 0.1636
vn -0.7174 -0.6917 -0.0835
vn -0.5854 -0.7542 -0.2975
vn -0.6581 -0.7223 0.2125
vn 0.6850 0.6144 -0.3916
vn 0.6585 0.7151 -0.2345
vn 0.6424 0.7329 0.2239
vn 0.3190 0.1102 0.9413
vn -0.3513 0.1106 0.9297
vn -0.3377 0.3397 0.8778
vn 0.3098 0.3355 0.8896
vn 0.9381 -0.0769 -0.3378
vn 0.9287 0.0386 0.3689
vn 0.9638 0.1228 0.2368
vn 0.9284 -0.0556 -0.3673
vn -0.4273 -0.6403 -0.6383
vn -0.6864 -0.6491 -0.3280
vn -0.3277 -0.4560 -0.8274
vn -0.3182 -0.1870 -0.9294
vn 0.3590 -0.1873 -0.9144
vn 0.3710 -0.1848 -0.9101
vn -0.2603 -0.1819 -0.9482
vn 0.2947 0.8124 -0.5031
vn 0.5822 0.8122 0.0377
vn 0.9283 0.3419 -0.1460
vn 0.6411 0.3416 -0.6873
vn 0.1971 0.7760 -0.5991
vn 0.6287 0.7761 -0.0487
vn 0.9367 0.1962 -0.2902
vn 0.5050 0.1957 -0.8407
vn 0.9435 0.2855 0.1681
vn 0.6606 0.2793 0.6968
vn 0.6535 -0.3196 0.6861
vn 0.9363 -0.3139 0.1574
vn -0.4520 0.0691 -0.8893
vn 0.1911 0.0776 -0.9785
vn 0.2232 -0.5474 -0.8066
vn -0.4200 -0.5564 -0.7170
vn 0.7143 0.1779 0.6768
vn 0.0438 0.1787 0.9829
vn -0.0217 -0.5421 0.8401
vn 0.6494 -0.5415 0.5339
vn -0.3375 -0.9366 0.0937
vn 0.0564 -0.9984 0.0050
vn 0.3484 -0.9331 -0.0888
vn -0.3749 0.7793 -0.5021
vn -0.0806 0.8993 -0.4299
vn 0.3464 0.8626 -0.3686
vn 0.1603 0.7283 0.6662
vn -0.5626 0.7291 0.3897
vn -0.6898 0.0428 0.7227
vn 0.0329 0.0424 0.9986
vn 0.6880 -0.5046 -0.5216
vn 0.8113 -0.2997 -0.5020
vn 0.8777 0.1345 -0.4599
vn 0.5533 -0.7029 -0.4471
vn 0.6276 -0.4825 -0.6110
vn 0.6771 -0.7210 -0.1471
vn -0.4940 0.8266 -0.2696
vn 0.0155 0.7492 -0.6621
vn -0.2710 0.2356 -0.9333
vn -0.7810 0.3122 -0.5409
vn -0.6187 0.7261 0.3000
vn -0.6124 0.7264 -0.3118
vn -0.9273 0.2019 -0.3153
vn -0.9335 0.2011 0.2970
vn -0.3785 0.7309 -0.5679
vn 0.3900 0.7306 -0.5605
vn 0.3932 0.0511 -0.9180
vn -0.3752 0.0509 -0.9256
vn 0.3338 0.8811 0.3350
vn -0.2930 0.7649 0.5736
vn -0.0508 0.2618 0.9638
vn 0.5758 0.3786 0.7247
vn -0.6757 0.3308 -0.6588
vn -0.0720 0.3349 -0.9395
vn -0.0679 -0.3310 -0.9412
vn -0.6718 -0.3351 -0.6606
vn 0.1855 0.8209 0.5402
vn -0.3877 0.9206 0.0467
vn -0.8055 0.4076 0.4302
vn -0.2311 0.3103 0.9221
vn -0.0588 0.4003 -0.9145
vn 0.4950 0.6111 -0.6177
vn 0.4188 0.6360 -0.6481
vn 0.4484 0.3699 -0.8137
vn 0.3013 0.0405 -0.9527
vn 0.5428 -0.1037 -0.8334
vn 0.2549 -0.0943 -0.9623
vn 0.4246 -0.2558 -0.8685
vn 0.6897 0.3164 -0.6514
vn 0.6549 0.3352 -0.6773
vn -0.0570 -0.8319 -0.5520
vn -0.3232 -0.7104 -0.6252
vn 0.3263 -0.8122 -0.4836
vn -0.4984 0.8326 0.2417
vn -0.3602 0.8446 0.3961
vn -0.1200 0.9870 -0.1065
vn 0.5067 0.8272 -0.2428
vn 0.5046 0.8572 -0.1024
vn 0.1829 0.7542 0.6307
vn -0.3330 0.2137 -0.9184
vn 0.1412 -0.0321 -0.9895
vn 0.0362 -0.1078 0.9935
vn -0.5478 -0.3370 0.7657
vn -0.8334 0.1003 -0.5435
vn 0.1361 -0.0307 0.9902
vn -0.0060 0.0424 0.9991
vn -0.3525 0.0078 0.9358
vn -0.3802 0.0244 0.9246
vn -0.4973 0.8350 0.2355
vn -0.5045 0.8385 0.2059
vn -0.1394 0.9888 0.0531
vn -0.3147 0.9266 -0.2061
vn -0.6237 -0.7725 -0.1196
vn -0.4892 -0.8542 -0.1764
vn -0.2209 -0.6986 -0.6805
vn -0.5032 -0.3052 -0.8085
vn 0.0137 0.0424 -0.9990
vn 0.1556 -0.0307 -0.9873
vn -0.3620 0.0244 -0.9319
vn -0.3341 0.0078 -0.9425
vn 0.3251 0.9056 -0.2723
vn -0.4765 0.7810 0.4037
vn -0.9575 0.2839 0.0498
vn 0.4012 0.8550 -0.3286
vn 0.6348 -0.1239 -0.7627
vn 0.6854 -0.1723 -0.7075
vn 0.9942 0.0671 -0.0845
vn 0.9995 -0.0277 0.0133
vn -0.8560 -0.3635 -0.3675
vn -0.8553 -0.3464 0.3853
vn -0.8021 -0.4026 0.4410
vn -0.8162 -0.4131 -0.4039
vn 0.7757 0.2042 0.5972
vn 0.7731 0.2803 0.5690
vn 0.1945 0.5905 0.7832
vn 0.3140 0.9096 0.2720
vn 0.9770 -0.0854 -0.1956
vn 0.9729 -0.0854 0.2148
vn 0.9484 -0.1651 0.2707
vn 0.9535 -0.1651 -0.2520
vn -0.9341 0.0234 -0.3563
vn -0.9409 0.0234 0.3378
vn -0.9403 0.0002 0.3402
vn -0.9335 0.0002 -0.3587
vn -0.9389 -0.0821 0.3343
vn -0.9434 -0.1024 0.3153
vn -0.9371 -0.1022 -0.3338
vn -0.9321 -0.0820 -0.3527
vn -0.3638 0.1056 -0.9255
vn -0.3406 -0.0359 -0.9395
vn 0.4686 -0.3812 -0.7969
vn -0.5411 0.6359 0.5503
vn -0.9846 -0.0264 0.1727
vn 0.6716 -0.7266 -0.1450
vn 0.6687 -0.7265 0.1582
vn -0.9810 -0.0266 -0.1921
vn -0.5301 0.6360 -0.5608
vn 0.4529 -0.3812 0.8060
vn -0.3590 -0.0359 0.9327
vn -0.3819 0.1056 0.9181
vn 0.2572 -0.9325 -0.2537
vn 0.2522 -0.9325 0.2587
vn -0.2602 -0.9317 0.2536
vn -0.2551 -0.9317 -0.2587
vn 0.1935 0.0202 0.9809
vn 0.0780 0.0720 0.9943
vn -0.2736 -0.0986 0.9568
vn -0.3269 -0.0959 0.9402
vn -0.0783 -0.0851 -0.9933
vn 0.1429 -0.1041 -0.9843
vn -0.3730 -0.1793 -0.9104
vn -0.3946 -0.1775 -0.9015
vn -0.9569 0.0020 -0.2905
vn -0.9510 -0.0364 -0.3072
vn -0.9390 0.0104 0.3437
vn -0.9382 -0.0006 0.3460
vn -0.3413 -0.0044 0.9400
vn -0.3527 0.0388 0.9349
vn 0.3363 0.0370 0.9410
vn 0.3610 0.0053 0.9325
vn 0.9734 -0.2206 -0.0625
vn 0.9761 -0.1335 0.1713
vn 0.8674 -0.0354 0.4964
vn 0.8876 -0.0358 0.4593
vn 0.8813 0.0678 -0.4677
vn 0.7340 0.0865 -0.6736
vn 0.9949 0.0806 0.0600
vn 0.9767 0.0151 0.2141
vn -0.4136 -0.2666 -0.8705
vn -0.0200 -0.3337 -0.9425
vn -0.5494 -0.1457 -0.8227
vn -0.7265 -0.0884 -0.6815
vn -0.8515 -0.0509 -0.5219
vn -0.8851 -0.1027 -0.4540
vn -0.9532 -0.2995 0.0410
vn -0.9494 -0.1770 -0.2594
vn -0.0730 0.0759 -0.9944
vn 0.2026 0.0536 -0.9778
vn -0.4279 0.0233 -0.9035
vn -0.4925 0.0611 -0.8682
vn 0.1357 -0.1478 -0.9797
vn -0.1012 -0.1693 -0.9804
vn 0.4575 -0.1868 -0.8694
vn 0.7093 -0.2042 -0.6747
vn -0.8844 0.2541 0.3916
vn -0.9425 0.0609 0.3287
vn -0.7738 0.1603 0.6128
vn -0.7241 0.1701 0.6683
vn 0.9965 0.0060 -0.0832
vn 0.9977 0.0294 -0.0613
vn 0.8511 -0.0942 -0.5165
vn 0.8621 0.0114 -0.5066
vn -0.6430 -0.0654 -0.7631
vn -0.9530 0.0202 -0.3024
vn -0.9881 0.1012 -0.1160
vn -0.8002 -0.0710 -0.5956
vn 0.6970 0.1119 0.7083
vn -0.0377 0.1725 0.9843
vn -0.0849 0.1846 0.9791
vn 0.6842 0.1454 0.7147
vn -0.0774 -0.5427 -0.8364
vn 0.0003 -0.5098 -0.8603
vn -0.6135 -0.4686 -0.6357
vn -0.6839 -0.4675 -0.5601
vn -0.5125 -0.7712 0.3776
vn -0.5056 -0.0247 0.8624
vn -0.6107 0.3411 0.7146
vn -0.6393 0.3700 0.6741
vn -0.2263 -0.2109 0.9510
vn 0.2043 0.2947 0.9335
vn 0.1619 0.3347 0.9283
vn -0.2237 -0.1357 0.9652
vn 0.3895 0.2063 -0.8976
vn 0.0460 -0.2701 -0.9617
vn 0.1920 -0.1050 -0.9758
vn 0.4823 0.3509 -0.8027
vn -0.4497 0.2807 -0.8479
vn -0.6932 0.2157 -0.6877
vn -0.8548 0.0804 -0.5127
vn -0.6457 0.3961 -0.6528
vn -0.7791 -0.2446 0.5772
vn -0.5062 0.2962 0.8099
vn -0.5044 0.3020 0.8089
vn -0.7945 -0.1914 0.5763
vn 0.1584 0.7809 0.6042
vn 0.1608 0.7847 0.5987
vn 0.6498 0.7546 0.0907
vn 0.6106 0.7844 0.1088
vn -0.8858 0.3576 0.2957
vn -0.8931 0.3740 0.2501
vn -0.9753 0.1700 0.1407
vn -0.8551 0.1598 0.4932
vn 0.9572 -0.2653 -0.1154
vn 0.9690 -0.2438 -0.0404
vn 0.7882 -0.2562 -0.5596
vn 0.8572 -0.2896 -0.4259
vn -0.4748 0.0550 -0.8783
vn -0.6123 0.2917 -0.7349
vn -0.2723 -0.2584 -0.9269
vn -0.0501 -0.4526 -0.8903
vn 0.7768 0.5750 -0.2567
vn 0.8377 0.4191 -0.3501
vn 0.9066 0.0567 -0.4182
vn 0.8334 0.4213 -0.3578
vn -0.5914 0.7549 0.2835
vn -0.6180 0.7472 0.2447
vn -0.1746 0.7970 0.5782
vn -0.3054 0.7917 0.5292
vn -0.4931 0.4060 0.7694
vn -0.4733 0.3083 0.8252
vn 0.0142 -0.2987 0.9542
vn 0.0050 -0.2019 0.9794
vn -0.4747 -0.8794 0.0364
vn -0.3926 -0.9188 0.0402
vn 0.2583 -0.9200 -0.2949
vn 0.0965 -0.9383 -0.3322
vn 0.6900 -0.7067 -0.1565
vn 0.3148 -0.8384 -0.4450
vn 0.4872 -0.7883 -0.3757
vn 0.6963 -0.7083 -0.1156
vn 0.2002 -0.4001 0.8943
vn 0.0696 -0.2602 0.9630
vn 0.7023 -0.2839 0.6528
vn 0.7559 -0.4214 0.5010
vn -0.2412 0.6936 -0.6787
vn 0.3878 0.6935 -0.6071
vn 0.4208 0.1317 -0.8975
vn -0.2082 0.1318 -0.9692
vn 0.5805 0.7739 -0.2531
vn 0.2933 0.8844 -0.3632
vn 0.5973 0.7799 -0.1871
vn 0.6814 0.7113 -0.1725
vn -0.3575 -0.4286 -0.8298
vn 0.3317 -0.4614 -0.8229
vn 0.1364 -0.2915 -0.9468
vn -0.5489 -0.2516 -0.7972
vn -0.7769 -0.3808 -0.5015
vn -0.9395 0.2730 -0.2070
vn -0.9258 0.3689 -0.0821
vn -0.8788 -0.2202 -0.4234
vn 0.4968 0.3906 0.7750
vn 0.8543 -0.2384 0.4619
vn 0.8129 -0.2547 0.5238
vn 0.3361 0.4512 0.8267
vn -0.9377 -0.3460 0.0300
vn -0.9359 -0.3523 0.0025
vn -0.8705 0.3537 -0.3423
vn -0.9289 0.2297 -0.2905
vn -0.5725 -0.7761 0.2644
vn -0.2309 -0.9558 0.1820
vn -0.5586 -0.8084 0.1856
vn -0.6664 -0.7068 0.2371
vn 0.8727 -0.4393 -0.2129
vn 0.8834 0.3968 -0.2491
vn 0.8836 0.3998 -0.2439
vn 0.9147 -0.3050 -0.2651
vn 0.7760 0.5120 -0.3685
vn 0.9692 -0.0601 -0.2389
vn 0.9486 -0.0731 -0.3080
vn 0.8497 0.5124 -0.1246
vn -0.8033 -0.5418 0.2473
vn -0.8465 -0.5192 0.1177
vn -0.8951 -0.3714 -0.2467
vn -0.8464 -0.5099 0.1538
vn 0.1427 0.9537 -0.2649
vn 0.2512 0.9636 0.0920
vn -0.5099 0.8289 0.2299
vn -0.5720 0.8190 0.0452
vn 0.3823 0.1245 0.9156
vn 0.1188 0.4915 0.8627
vn 0.6172 0.7351 0.2807
vn 0.7058 0.5736 0.4157
vn -0.5673 -0.6559 0.4980
vn -0.6346 -0.5845 0.5056
vn -0.3292 0.0120 0.9442
vn -0.0616 -0.3214 0.9449
vn 0.3462 -0.0643 0.9360
vn -0.2976 0.2101 0.9313
vn -0.2939 0.2254 0.9289
vn 0.3572 -0.0269 0.9336
vn -0.8266 0.4461 0.3430
vn -0.8169 0.4533 -0.3566
vn -0.8246 0.4386 -0.3572
vn -0.8316 0.4378 0.3418
vn -0.2726 0.2293 -0.9344
vn 0.3716 -0.0461 -0.9272
vn 0.3759 -0.0258 -0.9263
vn -0.2756 0.2274 -0.9340
vn 0.8338 -0.4314 -0.3444
vn 0.8126 -0.4611 0.3564
vn 0.8485 -0.3889 0.3589
vn 0.8645 -0.3689 -0.3414
vn 0.2892 -0.1921 0.9378
vn -0.3191 0.1598 0.9342
vn -0.3093 0.1807 0.9336
vn 0.3157 -0.1391 0.9386
vn -0.8083 0.4760 0.3464
vn -0.7874 0.5048 -0.3537
vn -0.8004 0.4830 -0.3550
vn -0.8163 0.4635 0.3447
vn -0.2639 0.2375 -0.9348
vn 0.3446 -0.1135 -0.9319
vn 0.3573 -0.0855 -0.9301
vn -0.2677 0.2340 -0.9347
vn 0.8276 -0.4425 -0.3453
vn 0.8056 -0.4737 0.3558
vn 0.8055 -0.4739 0.3558
vn 0.8276 -0.4427 -0.3452
vn 0.2838 -0.2017 0.9374
vn -0.3205 0.1556 0.9344
vn -0.3207 0.1558 0.9343
vn -0.8059 0.4792 0.3476
vn -0.7840 0.5103 -0.3535
vn -0.7844 0.5097 -0.3535
vn -0.8062 0.4789 0.3473
vn -0.2621 0.2385 -0.9351
vn 0.3423 -0.1189 -0.9320
vn 0.3422 -0.1187 -0.9321
vn -0.2625 0.2383 -0.9350
vn 0.8280 -0.4418 -0.3454
vn 0.8059 -0.4735 0.3555
vn 0.8057 -0.4735 0.3558
vn 0.8276 -0.4426 -0.3452
vn 0.2838 -0.2018 0.9374
vn -0.3205 0.1558 0.9343
vn -0.3205 0.1557 0.9344
vn -0.8057 0.4796 0.3476
vn -0.8058 0.4794 0.3475
vn -0.2618 0.2384 -0.9352
vn 0.3428 -0.1184 -0.9319
vn 0.3423 -0.1188 -0.9320
vn -0.2620 0.2385 -0.9351
vn 0.8075 -0.4763 -0.3480
vn 0.7970 -0.4896 0.3536
vn 0.8049 -0.4756 0.3548
vn 0.8254 -0.4461 -0.3460
vn 0.2947 -0.1853 0.9375
vn -0.2970 0.1931 0.9352
vn -0.3173 0.1613 0.9345
vn 0.2854 -0.1994 0.9374
vn -0.7807 0.5184 0.3489
vn -0.7704 0.5309 -0.3530
vn -0.7821 0.5133 -0.3534
vn -0.8023 0.4851 0.3480
vn -0.2679 0.2261 -0.9365
vn 0.3240 -0.1513 -0.9339
vn 0.3408 -0.1227 -0.9321
vn -0.2621 0.2367 -0.9356
vn 0.7535 -0.5576 -0.3483
vn 0.7726 -0.5277 0.3530
vn 0.7822 -0.5134 0.3529
vn 0.7747 -0.5274 -0.3489
vn 0.3221 -0.1484 0.9350
vn -0.2369 0.2757 0.9316
vn -0.2608 0.2449 0.9338
vn 0.3111 -0.1620 0.9364
vn -0.7174 0.6048 0.3458
vn -0.7360 0.5765 -0.3549
vn -0.7496 0.5597 -0.3534
vn -0.7424 0.5725 0.3480
vn -0.2859 0.1979 -0.9376
vn 0.2726 -0.2279 -0.9347
vn 0.2928 -0.1994 -0.9352
vn -0.2788 0.2086 -0.9374
vn 0.7500 -0.5624 -0.3480
vn 0.7711 -0.5301 0.3529
vn 0.7710 -0.5301 0.3530
vn 0.7499 -0.5626 -0.3480
vn 0.3250 -0.1463 0.9343
vn -0.2311 0.2820 0.9312
vn -0.2317 0.2816 0.9312
vn 0.3247 -0.1463 0.9344
vn -0.7119 0.6119 0.3446
vn -0.7328 0.5797 -0.3562
vn -0.7331 0.5795 -0.3559
vn -0.7123 0.6113 0.3448
vn -0.2869 0.1958 -0.9377
vn 0.2691 -0.2327 -0.9346
vn 0.2691 -0.2326 -0.9346
vn -0.2870 0.1960 -0.9377
vn 0.6641 -0.7013 -0.2591
vn 0.6704 -0.6742 0.3098
vn 0.7546 -0.5560 0.3486
vn 0.7352 -0.5881 -0.3370
vn 0.1924 -0.2453 0.9502
vn -0.3244 0.3276 0.8874
vn -0.2419 0.2836 0.9280
vn 0.3039 -0.1654 0.9382
vn -0.7081 0.6449 0.2875
vn -0.7565 0.5438 -0.3635
vn -0.7370 0.5744 -0.3562
vn -0.7101 0.6174 0.3385
vn -0.3771 0.0858 -0.9222
vn 0.1560 -0.3642 -0.9182
vn 0.2478 -0.2589 -0.9336
vn -0.3031 0.1754 -0.9367
vn -0.1836 -0.0258 0.9827
vn -0.5372 0.3310 0.7758
vn -0.5589 0.3458 0.7537
vn -0.4003 0.0532 0.9148
vn -0.5379 0.8315 0.1388
vn -0.1777 0.9511 -0.2528
vn -0.3374 0.9353 -0.1071
vn -0.5400 0.8251 0.1661
vn 0.6040 -0.7928 -0.0812
vn 0.3021 -0.7960 0.5246
vn 0.4861 -0.7449 0.4570
vn 0.6711 -0.7186 0.1823
vn -0.2312 -0.2857 0.9300
vn -0.5445 0.3159 0.7770
vn -0.5436 0.3126 0.7789
vn -0.2245 -0.2227 0.9487
vn -0.5478 0.8276 0.1227
vn -0.2385 0.8325 -0.5000
vn -0.2315 0.8659 -0.4434
vn -0.5470 0.8287 0.1191
vn 0.2950 0.3189 -0.9007
vn 0.6008 -0.2669 -0.7535
vn 0.6664 0.0073 -0.7456
vn 0.4795 0.2664 -0.8361
vn 0.5863 -0.8031 -0.1059
vn 0.2800 -0.8032 0.5258
vn 0.2801 -0.8031 0.5259
vn 0.5863 -0.8032 -0.1059
vn -0.2336 -0.2936 0.9269
vn -0.5438 0.3180 0.7766
vn -0.5438 0.3182 0.7766
vn -0.2336 -0.2935 0.9270
vn -0.5471 0.8277 0.1248
vn -0.2409 0.8277 -0.5069
vn -0.2409 0.8277 -0.5068
vn -0.5472 0.8277 0.1248
vn 0.2727 0.3180 -0.9080
vn 0.5830 -0.2933 -0.7577
vn 0.5829 -0.2935 -0.7577
vn 0.5861 -0.8033 -0.1059
vn -0.5438 0.3179 0.7766
vn -0.5438 0.3183 0.7766
vn -0.2337 -0.2935 0.9270
vn -0.5471 0.8277 0.1249
vn -0.5472 0.8276 0.1248
vn 0.2728 0.3180 -0.9080
vn 0.5829 -0.2936 -0.7576
vn 0.5830 -0.2935 -0.7576
vn 0.2728 0.3179 -0.9080
vn 0.5862 -0.8032 -0.1060
vn 0.2799 -0.8033 0.5257
vn 0.5865 -0.8030 -0.1060
vn -0.2337 -0.2936 0.9269
vn -0.5439 0.3181 0.7766
vn -0.5438 0.3181 0.7766
vn -0.5472 0.8277 0.1249
vn -0.5471 0.8277 0.1250
vn 0.2727 0.3181 -0.9080
vn 0.5829 -0.2937 -0.7576
vn 0.5862 -0.8032 -0.1058
vn 0.2800 -0.8033 0.5257
vn 0.2800 -0.8032 0.5257
vn -0.5438 0.3179 0.7767
vn -0.5470 0.8278 0.1249
vn -0.2408 0.8277 -0.5068
vn 0.5829 -0.2934 -0.7577
vn 0.5862 -0.8032 -0.1059
vn -0.5439 0.3181 0.7765
vn 0.2728 0.3181 -0.9080
vn 0.5830 -0.2934 -0.7577
vn 0.5829 -0.2938 -0.7576
vn 0.5863 -0.8032 -0.1060
vn 0.2799 -0.8033 0.5256
vn -0.5438 0.3180 0.7767
vn -0.5439 0.3180 0.7766
vn 0.5830 -0.2934 -0.7576
vn 0.5830 -0.2936 -0.7576
vn 0.2802 -0.8030 0.5260
vn 0.5861 -0.8032 -0.1059
vn -0.2409 0.8276 -0.5069
vn -0.5473 0.8276 0.1250
vn 0.5863 -0.8031 -0.1060
vn -0.5472 0.8276 0.1249
vn -0.5469 0.8278 0.1248
vn 0.5862 -0.8033 -0.1058
vn 0.2801 -0.8030 0.5260
vn 0.5864 -0.8031 -0.1060
vn -0.2336 -0.2934 0.9270
vn -0.5438 0.3182 0.7765
vn -0.5472 0.8276 0.1250
vn 0.5829 -0.2935 -0.7576
vn 0.5889 -0.8016 -0.1030
vn 0.2841 -0.8011 0.5268
vn 0.2806 -0.8028 0.5260
vn 0.5867 -0.8029 -0.1055
vn -0.2318 -0.2944 0.9272
vn -0.2334 -0.2938 0.9270
vn -0.5449 0.8292 0.1249
vn -0.2390 0.8292 -0.5053
vn -0.2406 0.8279 -0.5066
vn -0.5468 0.8279 0.1249
vn 0.2727 0.3188 -0.9078
vn 0.5838 -0.2944 -0.7567
vn 0.5830 -0.2937 -0.7575
vn 0.4843 -0.8621 -0.1490
vn 0.1773 -0.8642 0.4709
vn 0.2761 -0.8082 0.5202
vn 0.5787 -0.8089 -0.1041
vn -0.2805 -0.3294 0.9016
vn -0.5168 0.3319 0.7892
vn -0.5403 0.3211 0.7778
vn -0.2349 -0.3015 0.9241
vn -0.4433 0.8799 0.1710
vn -0.1335 0.8830 -0.4500
vn -0.2231 0.8393 -0.4957
vn -0.5285 0.8388 0.1304
vn 0.3153 0.3426 -0.8850
vn 0.5495 -0.3197 -0.7720
vn 0.5807 -0.3000 -0.7569
vn 0.2780 0.3238 -0.9044
vn -0.7059 -0.6145 0.3525
vn -0.6984 -0.6137 -0.3683
vn -0.7162 -0.5589 -0.4180
vn -0.6955 -0.5716 0.4354
vn -0.2262 -0.1699 -0.9591
vn 0.2480 0.3041 -0.9198
vn 0.0304 0.4716 -0.8813
vn -0.2741 -0.0346 -0.9611
vn 0.5526 0.7632 -0.3349
vn 0.4941 0.7809 0.3823
vn 0.2539 0.8756 0.4109
vn 0.1889 0.9792 -0.0744
vn 0.1071 0.3241 0.9400
vn -0.3169 -0.1857 0.9301
vn -0.2916 -0.1311 0.9475
vn -0.0155 0.3765 0.9263
vn -0.6720 -0.6793 0.2948
vn -0.6380 -0.6919 -0.3380
vn -0.6865 -0.6332 -0.3575
vn -0.6999 -0.6291 0.3382
vn -0.1631 -0.2500 -0.9544
vn 0.2775 0.2483 -0.9281
vn 0.2296 0.2895 -0.9292
vn -0.2503 -0.2080 -0.9456
vn 0.6290 0.6915 -0.3552
vn 0.5986 0.7372 0.3133
vn 0.5515 0.7534 0.3582
vn 0.5842 0.7329 -0.3486
vn 0.1702 0.3380 0.9256
vn -0.2968 -0.2056 0.9325
vn -0.3140 -0.1942 0.9293
vn 0.1458 0.3215 0.9356
vn -0.6272 -0.6859 0.3690
vn -0.6367 -0.6945 -0.3351
vn -0.7075 -0.6754 -0.2078
vn -0.6447 -0.6418 0.4153
vn -0.2296 -0.2484 -0.9411
vn 0.1970 0.2599 -0.9453
vn 0.0847 0.1948 -0.9772
vn -0.2158 -0.1348 -0.9671
vn 0.5618 0.7460 -0.3575
vn 0.5631 0.7481 0.3510
vn 0.5387 0.7796 0.3194
vn 0.4568 0.8112 -0.3650
vn 0.1952 0.2918 0.9364
vn -0.2496 -0.2399 0.9382
vn -0.2455 -0.1915 0.9503
vn 0.2261 0.3201 0.9200
vn -0.6147 -0.7090 0.3457
vn -0.6081 -0.7092 -0.3567
vn -0.6143 -0.7049 -0.3546
vn -0.6186 -0.7028 0.3513
vn -0.2321 -0.2564 -0.9383
vn 0.2107 0.2877 -0.9343
vn 0.2122 0.2803 -0.9362
vn -0.2306 -0.2585 -0.9381
vn 0.5736 0.7426 -0.3458
vn 0.5665 0.7429 0.3566
vn 0.5668 0.7429 0.3563
vn 0.5747 0.7403 -0.3488
vn 0.1919 0.2889 0.9379
vn -0.2508 -0.2556 0.9337
vn -0.2507 -0.2531 0.9344
vn -0.6139 -0.7100 0.3450
vn -0.6070 -0.7100 -0.3570
vn -0.6071 -0.7100 -0.3570
vn -0.2324 -0.2560 -0.9383
vn 0.2103 0.2888 -0.9340
vn 0.2103 0.2889 -0.9340
vn 0.5734 0.7429 -0.3453
vn 0.5735 0.7429 -0.3454
vn -0.2508 -0.2560 0.9336
vn -0.2324 -0.2559 -0.9383
vn -0.2323 -0.2561 -0.9383
vn 0.5734 0.7429 -0.3454
vn 0.5666 0.7428 0.3566
vn -0.2508 -0.2559 0.9336
vn -0.6139 -0.7101 0.3450
vn -0.6139 -0.7100 0.3451
vn 0.5735 0.7428 -0.3454
vn -0.2507 -0.2560 0.9336
vn 0.1919 0.2888 0.9379
vn -0.6137 -0.7102 0.3449
vn -0.6069 -0.7101 -0.3570
vn -0.6071 -0.7099 -0.3570
vn -0.6140 -0.7099 0.3450
vn 0.5735 0.7428 -0.3455
vn 0.5666 0.7428 0.3567
vn -0.6140 -0.7100 0.3450
vn 0.5665 0.7430 0.3566
vn 0.1919 0.2888 0.9380
vn -0.2508 -0.2561 0.9335
vn -0.6095 -0.7139 0.3449
vn -0.6025 -0.7139 -0.3569
vn -0.6064 -0.7106 -0.3569
vn -0.6133 -0.7106 0.3449
vn -0.2337 -0.2554 -0.9382
vn 0.2021 0.2948 -0.9339
vn 0.2091 0.2897 -0.9340
vn -0.2327 -0.2559 -0.9383
vn 0.5594 0.7535 -0.3455
vn 0.5526 0.7533 0.3565
vn 0.5645 0.7445 0.3565
vn 0.5714 0.7445 -0.3453
vn 0.1837 0.2949 0.9377
vn -0.2520 -0.2554 0.9334
vn -0.2511 -0.2559 0.9335
vn 0.1907 0.2897 0.9379
vn -0.6002 -0.7216 0.3450
vn -0.5934 -0.7216 -0.3567
vn -0.5966 -0.7189 -0.3568
vn -0.6035 -0.7189 0.3450
vn -0.2359 -0.2543 -0.9379
vn 0.1861 0.3063 -0.9336
vn 0.1918 0.3024 -0.9337
vn -0.2351 -0.2546 -0.9380
vn 0.5318 0.7732 -0.3456
vn 0.5248 0.7732 0.3559
vn 0.5347 0.7664 0.3561
vn 0.5416 0.7664 -0.3455
vn 0.1677 0.3062 0.9371
vn -0.2543 -0.2543 0.9331
vn -0.2535 -0.2546 0.9332
vn 0.1733 0.3024 0.9373
vn -0.5995 -0.7223 0.3449
vn -0.5927 -0.7222 -0.3566
vn -0.5996 -0.7221 0.3450
vn -0.2362 -0.2544 -0.9378
vn 0.1848 0.3068 -0.9337
vn 0.1849 0.3068 -0.9336
vn -0.2361 -0.2544 -0.9378
vn 0.5298 0.7745 -0.3456
vn 0.5230 0.7745 0.3559
vn 0.5231 0.7744 0.3560
vn 0.5299 0.7744 -0.3456
vn 0.1664 0.3068 0.9371
vn -0.2545 -0.2545 0.9330
vn -0.2546 -0.2545 0.9330
vn 0.1665 0.3068 0.9371
vn -0.5995 -0.7224 0.3447
vn -0.5927 -0.7221 -0.3567
vn -0.5926 -0.7222 -0.3566
vn -0.5996 -0.7221 0.3449
vn 0.1848 0.3070 -0.9336
vn -0.2361 -0.2545 -0.9378
vn 0.5299 0.7744 -0.3457
vn 0.5229 0.7745 0.3559
vn 0.5297 0.7746 -0.3456
vn 0.1664 0.3067 0.9371
vn -0.2546 -0.2544 0.9330
vn -0.2545 -0.2546 0.9330
vn -0.5996 -0.7222 0.3449
vn -0.5928 -0.7221 -0.3566
vn -0.5924 -0.7225 -0.3565
vn -0.5997 -0.7221 0.3449
vn 0.1848 0.3066 -0.9337
vn 0.5298 0.7746 -0.3455
vn 0.5229 0.7745 0.3560
vn 0.5228 0.7746 0.3560
vn 0.5299 0.7745 -0.3456
vn -0.2545 -0.2546 0.9329
vn -0.5996 -0.7222 0.3450
vn -0.5927 -0.7222 -0.3567
vn -0.5995 -0.7222 0.3449
vn -0.2362 -0.2543 -0.9378
vn -0.5997 -0.7220 0.3451
vn -0.5926 -0.7223 -0.3566
vn -0.5994 -0.7223 0.3448
vn 0.1849 0.3069 -0.9336
vn 0.5296 0.7747 -0.3456
vn 0.5230 0.7744 0.3560
vn 0.1664 0.3067 0.9372
vn -0.2545 -0.2543 0.9330
vn 0.1664 0.3069 0.9371
vn -0.5992 -0.7226 0.3448
vn -0.5926 -0.7222 -0.3568
vn -0.5928 -0.7220 -0.3568
vn -0.2362 -0.2545 -0.9378
vn 0.1848 0.3067 -0.9337
vn -0.2361 -0.2546 -0.9378
vn 0.5228 0.7746 0.3559
vn -0.2544 -0.2544 0.9330
vn -0.2545 -0.2547 0.9329
vn -0.5999 -0.7220 0.3448
vn -0.5930 -0.7219 -0.3566
vn -0.5927 -0.7221 -0.3568
vn -0.2363 -0.2545 -0.9378
vn 0.1848 0.3068 -0.9336
vn 0.5301 0.7743 -0.3457
vn 0.5229 0.7744 0.3561
vn 0.5296 0.7747 -0.3455
vn -0.2547 -0.2546 0.9329
vn -0.5728 -0.7435 0.3452
vn -0.5655 -0.7439 -0.3562
vn -0.5897 -0.7248 -0.3563
vn -0.5965 -0.7250 0.3445
vn -0.2210 -0.2676 -0.9378
vn 0.1858 0.3046 -0.9342
vn 0.1849 0.3063 -0.9338
vn -0.2346 -0.2566 -0.9376
vn 0.5188 0.7819 -0.3457
vn 0.5119 0.7819 0.3559
vn 0.5216 0.7754 0.3560
vn 0.5285 0.7753 -0.3457
vn 0.1674 0.3047 0.9376
vn -0.2395 -0.2673 0.9334
vn -0.2530 -0.2565 0.9329
vn 0.1664 0.3063 0.9373
vn 0.3248 -0.4941 0.8064
vn -0.3404 -0.4927 0.8008
vn -0.2964 -0.3526 0.8876
vn 0.2878 -0.3630 0.8862
vn -0.9328 -0.1670 0.3193
vn -0.9334 0.2178 -0.2850
vn -0.9620 0.2324 -0.1433
vn -0.9225 -0.0879 0.3759
vn -0.3287 0.5186 -0.7893
vn 0.3457 0.5168 -0.7832
vn 0.3652 0.6528 -0.6637
vn -0.3515 0.6528 -0.6710
vn 0.9394 0.2123 -0.2693
vn 0.9269 -0.1720 0.3335
vn 0.9213 -0.1227 0.3689
vn 0.9724 0.1981 -0.1230
vn 0.3414 -0.5391 0.7700
vn -0.3565 -0.5390 0.7631
vn -0.3539 -0.5291 0.7713
vn 0.3385 -0.5291 0.7781
vn -0.9343 -0.1501 0.3233
vn -0.9281 0.3137 -0.2006
vn -0.9307 0.2708 -0.2457
vn -0.9351 -0.1628 0.3149
vn -0.3417 0.6963 -0.6312
vn 0.3541 0.6962 -0.6245
vn 0.3539 0.6163 -0.7035
vn -0.3397 0.6168 -0.7101
vn 0.9319 0.3135 -0.1824
vn 0.9278 -0.1499 0.3415
vn 0.9287 -0.1630 0.3330
vn 0.9354 0.2704 -0.2281
vn 0.3403 -0.5402 0.7697
vn -0.3554 -0.5402 0.7628
vn -0.3564 -0.5419 0.7611
vn 0.3413 -0.5419 0.7680
vn -0.9327 -0.1504 0.3279
vn -0.9286 0.3198 -0.1881
vn -0.9279 0.3210 -0.1895
vn -0.9335 -0.1493 0.3260
vn -0.3429 0.7130 -0.6115
vn 0.3549 0.7130 -0.6047
vn 0.3544 0.7122 -0.6060
vn -0.3424 0.7121 -0.6129
vn 0.9322 0.3198 -0.1698
vn 0.9260 -0.1505 0.3462
vn 0.9269 -0.1493 0.3443
vn 0.9315 0.3209 -0.1712
vn 0.3408 -0.6332 0.6949
vn -0.3544 -0.6332 0.6881
vn -0.3536 -0.5504 0.7563
vn 0.3387 -0.5504 0.7632
vn -0.9340 -0.1989 0.2969
vn -0.9300 0.3263 -0.1689
vn -0.9295 0.3193 -0.1846
vn -0.9316 -0.1584 0.3270
vn -0.3429 0.7628 -0.5482
vn 0.3536 0.7629 -0.5413
vn 0.3550 0.7203 -0.5959
vn -0.3431 0.7204 -0.6027
vn 0.9331 0.3265 -0.1506
vn 0.9280 -0.1987 0.3152
vn 0.9251 -0.1584 0.3452
vn 0.9330 0.3192 -0.1663
vn 0.3450 -0.7851 0.5144
vn -0.3550 -0.7851 0.5076
vn -0.3551 -0.7395 0.5719
vn 0.3438 -0.7395 0.5788
vn -0.9372 -0.2744 0.2152
vn -0.9320 0.3372 -0.1332
vn -0.9306 0.3355 -0.1464
vn -0.9368 -0.2503 0.2446
vn -0.3442 0.8410 -0.4175
vn 0.3523 0.8410 -0.4106
vn 0.3518 0.8166 -0.4576
vn -0.3428 0.8165 -0.4645
vn 0.9344 0.3372 -0.1148
vn 0.9329 -0.2743 0.2335
vn 0.9317 -0.2505 0.2628
vn 0.9333 0.3354 -0.1280
vn 0.3456 -0.7916 0.5039
vn -0.3554 -0.7916 0.4971
vn -0.3553 -0.7918 0.4967
vn 0.3455 -0.7918 0.5037
vn -0.9369 -0.2794 0.2100
vn -0.9335 0.3351 -0.1279
vn -0.9331 0.3357 -0.1291
vn -0.9370 -0.2790 0.2100
vn -0.3465 0.8467 -0.4038
vn 0.3544 0.8466 -0.3970
vn 0.3538 0.8458 -0.3994
vn -0.3458 0.8458 -0.4062
vn 0.9359 0.3349 -0.1095
vn 0.9326 -0.2794 0.2284
vn 0.9327 -0.2790 0.2284
vn 0.9354 0.3357 -0.1107
vn 0.3455 -0.7916 0.5040
vn -0.3555 -0.7915 0.4971
vn 0.3456 -0.7915 0.5040
vn -0.9369 -0.2797 0.2100
vn -0.9335 0.3350 -0.1277
vn -0.9336 0.3348 -0.1277
vn -0.9369 -0.2796 0.2100
vn -0.3466 0.8468 -0.4034
vn 0.3545 0.8469 -0.3965
vn 0.3545 0.8468 -0.3965
vn -0.3466 0.8469 -0.4033
vn 0.9358 0.3351 -0.1092
vn 0.9326 -0.2796 0.2284
vn 0.9326 -0.2795 0.2283
vn 0.9359 0.3349 -0.1094
vn -0.3554 -0.7915 0.4971
vn -0.3556 -0.7914 0.4973
vn 0.3455 -0.7916 0.5039
vn -0.9369 -0.2795 0.2100
vn -0.3467 0.8468 -0.4034
vn 0.9359 0.3349 -0.1093
vn 0.1396 -0.9320 0.3344
vn -0.4274 -0.8176 0.3858
vn -0.3636 -0.7991 0.4787
vn 0.3266 -0.8168 0.4757
vn -0.9384 -0.3283 0.1079
vn -0.9343 0.2724 -0.2299
vn -0.9344 0.3244 -0.1475
vn -0.9380 -0.2893 0.1911
vn -0.3431 0.8184 -0.4609
vn 0.3702 0.8563 -0.3602
vn 0.3564 0.8488 -0.3905
vn -0.3448 0.8430 -0.4129
vn 0.9100 0.3843 -0.1555
vn 0.9210 -0.3873 0.0420
vn 0.9342 -0.2975 0.1969
vn 0.9341 0.3372 -0.1169
vn 0.1430 -0.6521 -0.7446
vn 0.7110 -0.6314 -0.3094
vn 0.8030 -0.5064 -0.3143
vn 0.1306 -0.5439 -0.8289
vn 0.9167 -0.1499 0.3704
vn 0.6231 0.3706 0.6888
vn 0.7027 0.4772 0.5278
vn 0.9369 -0.0453 0.3466
vn -0.0456 0.8230 0.5662
vn -0.5825 0.8054 0.1102
vn -0.4526 0.8867 -0.0942
vn -0.0640 0.9879 0.1412
vn -0.8010 0.3146 -0.5093
vn -0.5431 -0.2229 -0.8095
vn -0.5178 -0.1715 -0.8381
vn -0.6648 0.3899 -0.6372
vn 0.0783 -0.7602 -0.6450
vn 0.6634 -0.7009 -0.2620
vn 0.6771 -0.6812 -0.2785
vn 0.1025 -0.7256 -0.6805
vn 0.9346 -0.1705 0.3123
vn 0.6764 0.4037 0.6161
vn 0.6551 0.3848 0.6502
vn 0.9274 -0.1705 0.3329
vn -0.0206 0.8356 0.5489
vn -0.6043 0.7795 0.1647
vn -0.6009 0.7840 0.1557
vn -0.0284 0.8214 0.5696
vn -0.8785 0.2495 -0.4074
vn -0.6226 -0.3281 -0.7104
vn -0.5942 -0.2919 -0.7495
vn -0.8562 0.2718 -0.4393
vn 0.0735 -0.7664 -0.6381
vn 0.6599 -0.7051 -0.2595
vn 0.6604 -0.7048 -0.2592
vn 0.0737 -0.7663 -0.6382
vn 0.9362 -0.1712 0.3069
vn 0.6813 0.4078 0.6078
vn 0.6807 0.4076 0.6088
vn 0.9360 -0.1711 0.3076
vn -0.0197 0.8394 0.5431
vn -0.6063 0.7780 0.1645
vn -0.6058 0.7783 0.1651
vn -0.0197 0.8388 0.5441
vn -0.8825 0.2443 -0.4018
vn -0.6277 -0.3349 -0.7028
vn -0.6276 -0.3347 -0.7029
vn -0.8824 0.2448 -0.4018
vn 0.0734 -0.7665 -0.6381
vn 0.6599 -0.7052 -0.2594
vn 0.0734 -0.7665 -0.6380
vn 0.9362 -0.1713 0.3068
vn 0.6814 0.4080 0.6077
vn 0.6814 0.4080 0.6076
vn 0.9363 -0.1712 0.3067
vn -0.0197 0.8395 0.5430
vn -0.6062 0.7781 0.1644
vn -0.0197 0.8396 0.5429
vn -0.6276 -0.3350 -0.7027
vn 0.1510 -0.8050 -0.5737
vn 0.6671 -0.7103 -0.2247
vn 0.6603 -0.7063 -0.2553
vn 0.0805 -0.7720 -0.6306
vn 0.9002 -0.2124 0.3802
vn 0.6159 0.3782 0.6912
vn 0.6727 0.4017 0.6214
vn 0.9309 -0.1785 0.3186
vn -0.0741 0.8143 0.5757
vn -0.6185 0.7595 0.2016
vn -0.6087 0.7749 0.1703
vn -0.0270 0.8352 0.5493
vn -0.9162 0.2314 -0.3272
vn -0.6689 -0.3789 -0.6395
vn -0.6344 -0.3430 -0.6928
vn -0.8884 0.2403 -0.3913
vn -0.2933 -0.8182 -0.4944
vn 0.4115 -0.8187 -0.4005
vn 0.3806 -0.8038 -0.4572
vn -0.2866 -0.7755 -0.5626
vn 0.9595 -0.2781 -0.0460
vn 0.9205 0.3160 0.2299
vn 0.9588 0.2743 -0.0742
vn 0.9681 -0.2009 -0.1496
vn 0.2820 0.8742 0.3954
vn -0.4325 0.8393 0.3294
vn -0.4683 0.8382 0.2796
vn 0.1585 0.9717 0.1754
vn -0.9488 0.3145 0.0279
vn -0.9096 -0.2955 -0.2920
vn -0.9027 -0.2462 -0.3527
vn -0.9354 0.3523 0.0300
vn -0.2985 -0.8243 -0.4811
vn 0.3997 -0.8243 -0.4008
vn 0.4043 -0.8244 -0.3962
vn -0.2980 -0.8247 -0.4808
vn 0.9501 -0.3050 -0.0649
vn 0.9132 0.3174 0.2557
vn 0.9122 0.3173 0.2591
vn 0.9518 -0.3021 -0.0524
vn 0.3009 0.8382 0.4548
vn -0.3976 0.8373 0.3753
vn -0.4066 0.8392 0.3612
vn 0.2980 0.8458 0.4425
vn -0.9473 0.3176 0.0423
vn -0.9105 -0.3052 -0.2790
vn -0.9104 -0.3053 -0.2792
vn -0.9482 0.3155 0.0379
vn -0.2986 -0.8243 -0.4811
vn 0.3991 -0.8243 -0.4014
vn 0.3992 -0.8243 -0.4016
vn -0.2985 -0.8244 -0.4810
vn 0.9500 -0.3050 -0.0669
vn 0.9134 0.3175 0.2550
vn 0.9132 0.3177 0.2551
vn 0.9499 -0.3052 -0.0670
vn 0.3013 0.8368 0.4571
vn -0.3964 0.8369 0.3775
vn -0.3963 0.8369 0.3775
vn 0.3012 0.8369 0.4570
vn -0.9471 0.3180 0.0430
vn -0.9104 -0.3054 -0.2790
vn -0.9106 -0.3050 -0.2790
vn -0.9473 0.3176 0.0429
vn -0.2986 -0.8243 -0.4810
vn 0.3992 -0.8243 -0.4015
vn 0.3991 -0.8243 -0.4015
vn -0.2985 -0.8243 -0.4810
vn 0.9132 0.3178 0.2550
vn 0.9133 0.3176 0.2551
vn 0.9499 -0.3052 -0.0669
vn -0.3965 0.8368 0.3776
vn -0.3963 0.8370 0.3774
vn -0.9472 0.3178 0.0429
vn -0.9105 -0.3052 -0.2791
vn -0.9106 -0.3049 -0.2791
vn -0.9472 0.3178 0.0430
vn -0.2986 -0.8242 -0.4811
vn 0.3991 -0.8244 -0.4014
vn 0.3992 -0.8242 -0.4016
vn 0.9499 -0.3053 -0.0669
vn 0.9499 -0.3054 -0.0668
vn -0.3964 0.8368 0.3776
vn -0.9104 -0.3055 -0.2790
vn -0.9472 0.3176 0.0430
vn -0.2986 -0.8242 -0.4812
vn 0.9500 -0.3049 -0.0669
vn 0.9134 0.3173 0.2551
vn 0.9133 0.3176 0.2550
vn 0.9500 -0.3049 -0.0670
vn -0.3965 0.8368 0.3777
vn -0.9105 -0.3050 -0.2791
vn -0.9104 -0.3055 -0.2791
vn -0.9471 0.3182 0.0429
vn -0.2985 -0.8244 -0.4809
vn 0.9132 0.3179 0.2551
vn 0.9132 0.3179 0.2550
vn 0.9500 -0.3049 -0.0668
vn 0.3013 0.8369 0.4571
vn -0.9105 -0.3051 -0.2790
vn -0.3965 0.8368 0.3775
vn -0.3964 0.8369 0.3774
vn 0.3013 0.8368 0.4572
vn -0.9104 -0.3053 -0.2791
vn -0.9106 -0.3051 -0.2790
vn 0.9499 -0.3053 -0.0670
vn 0.9133 0.3175 0.2550
vn 0.9134 0.3174 0.2551
vn 0.9500 -0.3050 -0.0670
vn 0.3012 0.8369 0.4571
vn -0.9473 0.3174 0.0429
vn -0.9472 0.3177 0.0430
vn -0.2985 -0.8242 -0.4812
vn 0.9133 0.3175 0.2552
vn 0.9134 0.3174 0.2550
vn 0.3011 0.8370 0.4569
vn -0.9472 0.3176 0.0429
vn -0.9105 -0.3053 -0.2789
vn -0.9473 0.3175 0.0431
vn -0.2984 -0.8244 -0.4810
vn 0.3992 -0.8243 -0.4014
vn 0.9499 -0.3052 -0.0668
vn 0.9132 0.3178 0.2552
vn 0.9131 0.3182 0.2550
vn -0.9106 -0.3049 -0.2790
vn -0.9471 0.3180 0.0429
vn 0.9131 0.3180 0.2551
vn 0.9499 -0.3054 -0.0670
vn 0.3014 0.8367 0.4572
vn -0.9471 0.3182 0.0428
vn -0.9105 -0.3053 -0.2790
vn -0.9107 -0.3047 -0.2790
vn -0.9473 0.3174 0.0430
vn 0.3990 -0.8244 -0.4014
vn 0.9133 0.3177 0.2550
vn -0.3966 0.8367 0.3776
vn -0.9106 -0.3048 -0.2790
vn -0.9107 -0.3046 -0.2790
vn -0.2984 -0.8243 -0.4811
vn 0.3990 -0.8245 -0.4013
vn 0.9132 0.3178 0.2551
vn 0.3014 0.8367 0.4573
vn -0.9471 0.3181 0.0430
vn -0.9106 -0.3049 -0.2789
vn 0.3993 -0.8242 -0.4016
vn 0.9133 0.3177 0.2551
vn 0.9500 -0.3050 -0.0668
vn 0.3012 0.8370 0.4569
vn -0.3967 0.8367 0.3777
vn 0.3014 0.8368 0.4572
vn -0.2277 -0.6415 -0.7326
vn 0.3869 -0.6411 -0.6627
vn 0.4029 -0.8063 -0.4330
vn -0.2952 -0.8063 -0.5126
vn 0.9363 -0.1238 -0.3287
vn 0.9039 0.4254 -0.0450
vn 0.9156 0.3349 0.2227
vn 0.9522 -0.2889 -0.0992
vn 0.2935 0.9431 0.1562
vn -0.3213 0.9431 0.0863
vn -0.3928 0.8526 0.3446
vn 0.3054 0.8524 0.4245
vn -0.8710 0.4243 -0.2477
vn -0.8383 -0.1231 -0.5312
vn -0.9056 -0.2882 -0.3112
vn -0.9424 0.3344 0.0110
vn -0.3056 -0.5845 0.7517
vn -0.7821 -0.5824 0.2216
vn -0.8411 -0.5001 0.2059
vn -0.2787 -0.5132 0.8118
vn -0.8519 -0.1812 -0.4913
vn -0.5084 0.3020 -0.8064
vn -0.6071 0.3561 -0.7103
vn -0.8571 -0.1050 -0.5044
vn 0.2418 0.7144 -0.6566
vn 0.7316 0.6600 -0.1707
vn 0.5994 0.7695 -0.2205
vn 0.2970 0.8143 -0.4986
vn 0.8267 0.2659 0.4958
vn 0.4649 -0.1740 0.8681
vn 0.5331 -0.0528 0.8444
vn 0.7640 0.3737 0.5260
vn -0.3033 -0.5962 0.7434
vn -0.7715 -0.5961 0.2222
vn -0.7721 -0.5956 0.2217
vn -0.3034 -0.5962 0.7433
vn -0.8483 -0.1921 -0.4935
vn -0.4730 0.2926 -0.8310
vn -0.4790 0.2920 -0.8278
vn -0.8489 -0.1924 -0.4923
vn 0.2319 0.6965 -0.6790
vn 0.7029 0.6932 -0.1592
vn 0.7210 0.6729 -0.1652
vn 0.2344 0.6956 -0.6791
vn 0.7808 0.2887 0.5541
vn 0.4032 -0.1931 0.8945
vn 0.4214 -0.1959 0.8855
vn 0.8040 0.2694 0.5302
vn -0.3033 -0.5961 0.7434
vn -0.7714 -0.5962 0.2222
vn -0.7715 -0.5962 0.2222
vn -0.3032 -0.5963 0.7433
vn -0.8482 -0.1922 -0.4936
vn -0.4721 0.2928 -0.8315
vn -0.4721 0.2927 -0.8316
vn 0.2315 0.6968 -0.6789
vn 0.6998 0.6967 -0.1579
vn 0.6997 0.6968 -0.1578
vn 0.2315 0.6967 -0.6790
vn 0.7765 0.2926 0.5581
vn 0.4004 -0.1921 0.8960
vn 0.4004 -0.1922 0.8960
vn 0.7765 0.2927 0.5580
vn -0.7715 -0.5962 0.2223
vn -0.7714 -0.5963 0.2222
vn -0.4721 0.2926 -0.8315
vn -0.8482 -0.1920 -0.4936
vn 0.6998 0.6967 -0.1578
vn 0.4003 -0.1921 0.8960
vn 0.4003 -0.1922 0.8960
vn -0.3031 -0.5958 0.7437
vn -0.7713 -0.5963 0.2226
vn -0.7714 -0.5963 0.2223
vn -0.8481 -0.1924 -0.4936
vn -0.4720 0.2926 -0.8317
vn -0.4721 0.2926 -0.8316
vn -0.8482 -0.1921 -0.4936
vn 0.2318 0.6967 -0.6789
vn 0.6999 0.6967 -0.1574
vn 0.6997 0.6968 -0.1577
vn 0.2316 0.6967 -0.6789
vn 0.7761 0.2930 0.5585
vn 0.4000 -0.1916 0.8963
vn 0.7764 0.2928 0.5581
vn -0.2873 -0.6155 0.7339
vn -0.7675 -0.6013 0.2224
vn -0.7703 -0.5974 0.2231
vn -0.3005 -0.5977 0.7432
vn -0.8559 -0.1809 -0.4845
vn -0.4819 0.3075 -0.8205
vn -0.4731 0.2943 -0.8304
vn -0.8491 -0.1912 -0.4925
vn 0.2300 0.7015 -0.6745
vn 0.7096 0.6858 -0.1619
vn 0.7013 0.6953 -0.1571
vn 0.2321 0.6973 -0.6782
vn 0.7958 0.2658 0.5441
vn 0.4223 -0.2209 0.8791
vn 0.4026 -0.1946 0.8945
vn 0.7781 0.2894 0.5576
vn -0.2397 -0.6890 0.6840
vn -0.7576 -0.6165 0.2145
vn -0.7619 -0.6097 0.2185
vn -0.2606 -0.6561 0.7083
vn -0.8823 -0.1389 -0.4497
vn -0.5156 0.3612 -0.7770
vn -0.5007 0.3368 -0.7974
vn -0.8705 -0.1582 -0.4661
vn 0.2204 0.7191 -0.6590
vn 0.7382 0.6474 -0.1895
vn 0.7259 0.6648 -0.1762
vn 0.2246 0.7113 -0.6661
vn 0.8639 0.1693 0.4743
vn 0.4973 -0.3321 0.8015
vn 0.4647 -0.2818 0.8394
vn 0.8345 0.2130 0.5082
vn -0.2357 -0.6956 0.6787
vn -0.7564 -0.6180 0.2140
vn -0.7565 -0.6181 0.2138
vn -0.2357 -0.6955 0.6788
vn -0.8851 -0.1353 -0.4453
vn -0.5188 0.3673 -0.7719
vn -0.5188 0.3666 -0.7723
vn -0.8849 -0.1352 -0.4457
vn 0.2200 0.7213 -0.6568
vn 0.7408 0.6437 -0.1922
vn 0.7408 0.6436 -0.1923
vn 0.2199 0.7210 -0.6571
vn 0.8695 0.1604 0.4672
vn 0.5033 -0.3417 0.7937
vn 0.5035 -0.3417 0.7936
vn 0.8695 0.1605 0.4671
vn -0.2358 -0.6956 0.6787
vn -0.7564 -0.6180 0.2141
vn -0.7563 -0.6182 0.2141
vn -0.2357 -0.6955 0.6787
vn -0.8851 -0.1350 -0.4453
vn -0.5190 0.3673 -0.7719
vn -0.5189 0.3673 -0.7719
vn -0.8852 -0.1348 -0.4453
vn 0.2201 0.7211 -0.6569
vn 0.7406 0.6439 -0.1921
vn 0.2201 0.7212 -0.6569
vn 0.8695 0.1606 0.4671
vn 0.5034 -0.3417 0.7937
vn 0.5032 -0.3417 0.7937
vn 0.8694 0.1611 0.4672
vn -0.2358 -0.6954 0.6788
vn -0.7565 -0.6180 0.2141
vn -0.7563 -0.6181 0.2141
vn -0.2357 -0.6957 0.6786
vn -0.8852 -0.1350 -0.4452
vn -0.5190 0.3670 -0.7720
vn -0.5189 0.3674 -0.7719
vn -0.8852 -0.1349 -0.4452
vn 0.2200 0.7213 -0.6567
vn 0.7407 0.6437 -0.1922
vn 0.8695 0.1604 0.4671
vn 0.5033 -0.3415 0.7938
vn 0.5033 -0.3415 0.7937
vn 0.8694 0.1608 0.4671
vn -0.2356 -0.6955 0.6788
vn -0.7580 -0.6153 0.2164
vn -0.7567 -0.6176 0.2144
vn -0.8877 -0.1306 -0.4414
vn -0.5210 0.3709 -0.7688
vn -0.5192 0.3680 -0.7714
vn -0.8855 -0.1347 -0.4446
vn 0.2199 0.7216 -0.6565
vn 0.7423 0.6413 -0.1943
vn 0.7410 0.6433 -0.1925
vn 0.2201 0.7213 -0.6567
vn 0.8720 0.1565 0.4638
vn 0.5054 -0.3448 0.7910
vn 0.5036 -0.3420 0.7934
vn 0.8697 0.1603 0.4668
vn -0.2353 -0.6958 0.6786
vn -0.7613 -0.6092 0.2219
vn -0.7600 -0.6116 0.2199
vn -0.2354 -0.6956 0.6787
vn -0.8935 -0.1202 -0.4327
vn -0.5255 0.3788 -0.7618
vn -0.5238 0.3760 -0.7644
vn -0.8912 -0.1246 -0.4361
vn 0.2195 0.7226 -0.6555
vn 0.7457 0.6359 -0.1989
vn 0.7445 0.6378 -0.1972
vn 0.2198 0.7219 -0.6561
vn 0.8778 0.1471 0.4559
vn 0.5099 -0.3519 0.7850
vn 0.5082 -0.3493 0.7872
vn 0.8756 0.1510 0.4589
vn -0.2351 -0.6960 0.6785
vn -0.7616 -0.6087 0.2223
vn -0.7618 -0.6084 0.2223
vn -0.2352 -0.6957 0.6787
vn -0.8938 -0.1199 -0.4322
vn -0.5257 0.3795 -0.7613
vn -0.5258 0.3792 -0.7614
vn -0.8938 -0.1200 -0.4321
vn 0.2196 0.7226 -0.6554
vn 0.7460 0.6355 -0.1993
vn 0.7457 0.6358 -0.1991
vn 0.2196 0.7226 -0.6555
vn 0.8782 0.1467 0.4553
vn 0.5101 -0.3524 0.7846
vn 0.5102 -0.3523 0.7846
vn 0.8781 0.1464 0.4555
vn -0.2352 -0.6959 0.6786
vn -0.7617 -0.6086 0.2224
vn -0.7616 -0.6087 0.2224
vn -0.8938 -0.1200 -0.4320
vn -0.5258 0.3793 -0.7614
vn -0.8938 -0.1200 -0.4322
vn 0.2196 0.7227 -0.6553
vn 0.7461 0.6353 -0.1992
vn 0.7460 0.6355 -0.1991
vn 0.2196 0.7225 -0.6555
vn 0.8781 0.1467 0.4554
vn 0.5101 -0.3525 0.7846
vn -0.7620 -0.6083 0.2223
vn -0.7618 -0.6085 0.2223
vn -0.8938 -0.1203 -0.4321
vn -0.5257 0.3794 -0.7614
vn -0.8939 -0.1197 -0.4321
vn 0.2196 0.7227 -0.6554
vn 0.7462 0.6352 -0.1993
vn 0.8781 0.1469 0.4555
vn 0.5102 -0.3524 0.7845
vn 0.5102 -0.3526 0.7845
vn 0.8781 0.1469 0.4554
vn -0.2454 -0.6768 0.6940
vn -0.7727 -0.5879 0.2392
vn -0.7635 -0.6052 0.2251
vn -0.2370 -0.6925 0.6814
vn -0.8998 -0.1083 -0.4227
vn -0.5249 0.3789 -0.7622
vn -0.5255 0.3795 -0.7615
vn -0.8948 -0.1180 -0.4305
vn 0.2268 0.7107 -0.6659
vn 0.7539 0.6222 -0.2110
vn 0.7476 0.6330 -0.2011
vn 0.2208 0.7209 -0.6569
vn 0.8812 0.1419 0.4509
vn 0.5062 -0.3448 0.7905
vn 0.5096 -0.3512 0.7855
vn 0.8787 0.1461 0.4545
vn -0.2575 -0.6522 0.7129
vn -0.7855 -0.5617 0.2597
vn -0.7818 -0.5695 0.2538
vn -0.2542 -0.6595 0.7075
vn -0.9067 -0.0935 -0.4112
vn -0.5239 0.3782 -0.7632
vn -0.5244 0.3783 -0.7629
vn -0.9048 -0.0978 -0.4145
vn 0.2355 0.6956 -0.6787
vn 0.7637 0.6048 -0.2256
vn 0.7609 0.6100 -0.2213
vn 0.2330 0.7000 -0.6751
vn 0.8848 0.1365 0.4456
vn 0.5016 -0.3355 0.7974
vn 0.5028 -0.3382 0.7955
vn 0.8837 0.1380 0.4473
vn -0.2579 -0.6510 0.7139
vn -0.7862 -0.5603 0.2606
vn -0.7863 -0.5601 0.2608
vn -0.2579 -0.6512 0.7138
vn -0.9070 -0.0929 -0.4107
vn -0.5237 0.3781 -0.7634
vn -0.5236 0.3784 -0.7633
vn -0.9071 -0.0927 -0.4107
vn 0.2360 0.6946 -0.6796
vn 0.7642 0.6039 -0.2264
vn 0.7644 0.6036 -0.2264
vn 0.2360 0.6947 -0.6795
vn 0.8850 0.1362 0.4452
vn 0.5017 -0.3345 0.7978
vn 0.5015 -0.3344 0.7979
vn 0.8849 0.1364 0.4453
vn -0.2580 -0.6508 0.7140
vn -0.7863 -0.5602 0.2607
vn -0.7864 -0.5601 0.2605
vn -0.2580 -0.6507 0.7141
vn -0.9071 -0.0925 -0.4107
vn -0.9070 -0.0927 -0.4107
vn 0.7643 0.6038 -0.2263
vn 0.7641 0.6042 -0.2263
vn 0.2359 0.6948 -0.6794
vn 0.8850 0.1363 0.4452
vn 0.5017 -0.3343 0.7978
vn 0.5018 -0.3342 0.7978
vn 0.8849 0.1362 0.4453
vn -0.2580 -0.6510 0.7139
vn -0.7862 -0.5604 0.2606
vn -0.7862 -0.5603 0.2607
vn -0.2580 -0.6512 0.7138
vn -0.9070 -0.0925 -0.4107
vn -0.5236 0.3782 -0.7635
vn -0.9071 -0.0926 -0.4106
vn 0.7645 0.6035 -0.2264
vn 0.7644 0.6038 -0.2262
vn 0.2361 0.6946 -0.6796
vn 0.8851 0.1362 0.4450
vn 0.5016 -0.3343 0.7979
vn 0.5017 -0.3342 0.7979
vn 0.8851 0.1359 0.4451
vn -0.2580 -0.6511 0.7138
vn -0.7864 -0.5599 0.2608
vn -0.2581 -0.6509 0.7140
vn -0.9070 -0.0932 -0.4108
vn -0.5238 0.3783 -0.7633
vn 0.2359 0.6949 -0.6793
vn 0.7643 0.6038 -0.2262
vn 0.7644 0.6037 -0.2264
vn 0.2359 0.6947 -0.6795
vn 0.8851 0.1361 0.4451
vn 0.5016 -0.3344 0.7979
vn 0.5016 -0.3346 0.7978
vn -0.2579 -0.6512 0.7137
vn -0.7862 -0.5602 0.2608
vn -0.7863 -0.5602 0.2608
vn -0.2581 -0.6508 0.7140
vn -0.9070 -0.0927 -0.4109
vn -0.5238 0.3779 -0.7634
vn -0.5239 0.3776 -0.7635
vn -0.9070 -0.0920 -0.4110
vn 0.7643 0.6040 -0.2260
vn 0.7646 0.6035 -0.2263
vn 0.2359 0.6950 -0.6792
vn 0.8851 0.1358 0.4451
vn 0.5015 -0.3346 0.7978
vn 0.8850 0.1370 0.4449
vn -0.2578 -0.6513 0.7137
vn -0.7863 -0.5600 0.2609
vn -0.2580 -0.6508 0.7141
vn -0.9070 -0.0930 -0.4108
vn -0.5238 0.3782 -0.7633
vn -0.5237 0.3782 -0.7633
vn 0.2361 0.6948 -0.6794
vn 0.7646 0.6034 -0.2265
vn 0.7642 0.6040 -0.2263
vn 0.2361 0.6946 -0.6795
vn 0.8851 0.1359 0.4452
vn 0.5019 -0.3342 0.7977
vn 0.5017 -0.3346 0.7977
vn 0.8850 0.1365 0.4452
vn -0.7861 -0.5603 0.2608
vn -0.9070 -0.0926 -0.4108
vn -0.5237 0.3779 -0.7635
vn -0.5237 0.3783 -0.7633
vn -0.9069 -0.0925 -0.4110
vn 0.2358 0.6950 -0.6792
vn 0.7640 0.6042 -0.2261
vn 0.7642 0.6040 -0.2262
vn 0.2360 0.6945 -0.6796
vn 0.8849 0.1371 0.4451
vn 0.5017 -0.3347 0.7977
vn 0.8850 0.1366 0.4451
vn -0.7861 -0.5605 0.2606
vn -0.7861 -0.5604 0.2608
vn -0.2582 -0.6506 0.7142
vn -0.9070 -0.0922 -0.4110
vn -0.5237 0.3784 -0.7633
vn -0.9071 -0.0923 -0.4106
vn 0.2362 0.6941 -0.6801
vn 0.7640 0.6042 -0.2262
vn 0.7649 0.6030 -0.2265
vn 0.2358 0.6948 -0.6794
vn 0.5017 -0.3348 0.7976
vn 0.5018 -0.3345 0.7977
vn 0.8849 0.1365 0.4453
vn -0.2580 -0.6509 0.7140
vn -0.7866 -0.5598 0.2607
vn -0.2579 -0.6508 0.7141
vn -0.9070 -0.0924 -0.4110
vn -0.5239 0.3778 -0.7634
vn -0.5238 0.3782 -0.7632
vn -0.9070 -0.0923 -0.4109
vn 0.2357 0.6950 -0.6793
vn 0.7641 0.6041 -0.2264
vn 0.7645 0.6036 -0.2263
vn 0.8851 0.1355 0.4453
vn 0.5018 -0.3343 0.7978
vn 0.8849 0.1359 0.4454
vn -0.2579 -0.6509 0.7140
vn -0.7864 -0.5601 0.2607
vn -0.7862 -0.5604 0.2605
vn -0.9070 -0.0925 -0.4108
vn -0.5236 0.3787 -0.7632
vn -0.9069 -0.0926 -0.4109
vn 0.2362 0.6942 -0.6799
vn 0.7640 0.6042 -0.2264
vn 0.2360 0.6948 -0.6794
vn 0.8850 0.1364 0.4452
vn 0.5015 -0.3347 0.7978
vn 0.8850 0.1366 0.4452
vn -0.7862 -0.5602 0.2609
vn -0.2580 -0.6509 0.7139
vn -0.5236 0.3780 -0.7635
vn -0.5237 0.3780 -0.7635
vn 0.2361 0.6947 -0.6795
vn 0.7640 0.6042 -0.2263
vn 0.7643 0.6038 -0.2264
vn 0.2362 0.6947 -0.6795
vn 0.8849 0.1368 0.4451
vn -0.2578 -0.6509 0.7140
vn -0.7866 -0.5597 0.2609
vn -0.7858 -0.5608 0.2607
vn -0.2580 -0.6507 0.7142
vn -0.9070 -0.0931 -0.4106
vn -0.5236 0.3775 -0.7638
vn -0.9071 -0.0917 -0.4107
vn 0.2360 0.6945 -0.6797
vn 0.7643 0.6037 -0.2266
vn 0.8849 0.1357 0.4455
vn 0.8850 0.1358 0.4452
vn -0.2581 -0.6509 0.7139
vn -0.7864 -0.5601 0.2606
vn -0.7859 -0.5607 0.2610
vn -0.2583 -0.6508 0.7139
vn -0.9070 -0.0932 -0.4107
vn -0.5236 0.3789 -0.7630
vn -0.5237 0.3774 -0.7637
vn -0.9070 -0.0921 -0.4109
vn 0.2361 0.6940 -0.6801
vn 0.7643 0.6039 -0.2264
vn 0.8850 0.1376 0.4447
vn 0.5016 -0.3345 0.7978
vn 0.5018 -0.3341 0.7978
vn 0.8851 0.1351 0.4453
vn -0.7865 -0.5602 0.2602
vn -0.2578 -0.6511 0.7139
vn -0.9069 -0.0929 -0.4109
vn -0.5238 0.3777 -0.7636
vn -0.9070 -0.0922 -0.4108
vn 0.2359 0.6952 -0.6790
vn 0.7643 0.6039 -0.2262
vn 0.2361 0.6945 -0.6797
vn 0.8851 0.1364 0.4451
vn 0.5015 -0.3348 0.7978
vn -0.3601 -0.4498 0.8173
vn -0.8343 -0.3680 0.4106
vn -0.7956 -0.5393 0.2759
vn -0.2674 -0.6295 0.7296
vn -0.9567 0.1060 -0.2712
vn -0.6123 0.5293 -0.5873
vn -0.5327 0.3990 -0.7464
vn -0.9164 -0.0721 -0.3938
vn 0.1587 0.8497 -0.5029
vn 0.6316 0.7694 -0.0953
vn 0.7532 0.6235 -0.2096
vn 0.2247 0.7140 -0.6631
vn 0.7554 0.2934 0.5859
vn 0.4111 -0.1286 0.9025
vn 0.4902 -0.3145 0.8129
vn 0.8738 0.1568 0.4603
vn -0.5700 -0.7354 -0.3665
vn 0.0853 -0.7348 -0.6728
vn 0.0128 -0.6472 -0.7622
vn -0.6416 -0.6436 -0.4172
vn 0.7233 -0.2543 -0.6420
vn 0.8660 0.3306 -0.3750
vn 0.8315 0.2147 -0.5124
vn 0.6662 -0.2415 -0.7056
vn 0.4716 0.8761 0.1000
vn -0.1657 0.8864 0.4323
vn -0.2345 0.9668 0.1009
vn 0.4961 0.8416 -0.2133
vn -0.7939 0.3457 0.5002
vn -0.9528 -0.2189 0.2105
vn -0.9635 -0.0862 0.2534
vn -0.8337 0.3438 0.4321
vn -0.5460 -0.7495 -0.3744
vn 0.0943 -0.7494 -0.6554
vn 0.0967 -0.7510 -0.6532
vn -0.5488 -0.7523 -0.3645
vn 0.7493 -0.2533 -0.6119
vn 0.8956 0.3449 -0.2809
vn 0.8842 0.3496 -0.3097
vn 0.7432 -0.2532 -0.6193
vn 0.4837 0.8445 0.2300
vn -0.1565 0.8435 0.5139
vn -0.1594 0.8523 0.4981
vn 0.4764 0.8575 0.1944
vn -0.8104 0.3430 0.4749
vn -0.9570 -0.2536 0.1409
vn -0.9534 -0.2517 0.1662
vn -0.8018 0.3409 0.4909
vn -0.5088 -0.8099 -0.2919
vn 0.1293 -0.8087 -0.5739
vn 0.0966 -0.7569 -0.6464
vn -0.5408 -0.7567 -0.3672
vn 0.7678 -0.2850 -0.5739
vn 0.8928 0.3456 -0.2890
vn 0.8972 0.3432 -0.2780
vn 0.7514 -0.2595 -0.6067
vn 0.4609 0.8684 0.1829
vn -0.1781 0.8669 0.4656
vn -0.1589 0.8457 0.5095
vn 0.4819 0.8459 0.2286
vn -0.8161 0.3413 0.4664
vn -0.9400 -0.2892 0.1810
vn -0.9553 -0.2600 0.1408
vn -0.8129 0.3422 0.4712
vn -0.4223 -0.9014 -0.0953
vn 0.2157 -0.8977 -0.3842
vn 0.1846 -0.8726 -0.4523
vn -0.4537 -0.8756 -0.1657
vn 0.8095 -0.3295 -0.4860
vn 0.8822 0.3499 -0.3151
vn 0.8857 0.3494 -0.3056
vn 0.7946 -0.3164 -0.5181
vn 0.4102 0.9093 0.0693
vn -0.2273 0.9058 0.3575
vn -0.2087 0.8940 0.3965
vn 0.4283 0.8968 0.1108
vn -0.8227 0.3397 0.4559
vn -0.8961 -0.3398 0.2856
vn -0.9127 -0.3249 0.2480
vn -0.8201 0.3410 0.4595
vn -0.4186 -0.9042 -0.0850
vn 0.2210 -0.9004 -0.3748
vn 0.2211 -0.9007 -0.3739
vn -0.4180 -0.9045 -0.0844
vn 0.8121 -0.3309 -0.4807
vn 0.8818 0.3484 -0.3179
vn 0.8817 0.3489 -0.3174
vn 0.8121 -0.3310 -0.4806
vn 0.4068 0.9116 0.0593
vn -0.2327 0.9078 0.3490
vn -0.2319 0.9076 0.3499
vn 0.4071 0.9114 0.0605
vn -0.8239 0.3383 0.4547
vn -0.8935 -0.3413 0.2919
vn -0.8934 -0.3414 0.2919
vn -0.8236 0.3386 0.4549
vn -0.4186 -0.9042 -0.0851
vn 0.2210 -0.9003 -0.3749
vn 0.8121 -0.3308 -0.4807
vn 0.8817 0.3486 -0.3179
vn 0.8818 0.3484 -0.3180
vn 0.4068 0.9116 0.0591
vn -0.2328 0.9078 0.3488
vn -0.2328 0.9078 0.3489
vn 0.4067 0.9116 0.0591
vn -0.8239 0.3384 0.4546
vn -0.8935 -0.3412 0.2919
vn -0.4185 -0.9042 -0.0851
vn -0.4185 -0.9042 -0.0850
vn 0.8817 0.3486 -0.3180
vn -0.8935 -0.3412 0.2920
vn -0.8936 -0.3409 0.2920
vn -0.8239 0.3382 0.4547
vn 0.2211 -0.9004 -0.3748
vn 0.8121 -0.3310 -0.4807
vn 0.8817 0.3485 -0.3180
vn -0.2329 0.9078 0.3488
vn -0.2329 0.9078 0.3489
vn -0.8936 -0.3410 0.2920
vn -0.8239 0.3384 0.4547
vn -0.4187 -0.9041 -0.0851
vn 0.8120 -0.3310 -0.4807
vn 0.8816 0.3487 -0.3179
vn 0.2211 -0.9003 -0.3750
vn 0.4067 0.9116 0.0590
vn -0.8238 0.3385 0.4546
vn -0.8935 -0.3411 0.2920
vn -0.8238 0.3385 0.4547
vn -0.4187 -0.9040 -0.0861
vn 0.2204 -0.9002 -0.3757
vn 0.2209 -0.9003 -0.3749
vn -0.4187 -0.9041 -0.0852
vn 0.8117 -0.3316 -0.4808
vn 0.8817 0.3487 -0.3179
vn 0.4064 0.9118 0.0585
vn -0.2330 0.9080 0.3483
vn -0.2329 0.9078 0.3487
vn 0.4067 0.9117 0.0590
vn -0.8239 0.3385 0.4546
vn -0.8936 -0.3413 0.2915
vn -0.8935 -0.3413 0.2920
vn -0.3827 -0.9238 -0.0085
vn 0.2541 -0.9195 -0.2998
vn 0.2245 -0.9036 -0.3648
vn -0.4134 -0.9074 -0.0756
vn 0.8227 -0.3391 -0.4563
vn 0.8659 0.3558 -0.3517
vn 0.8790 0.3505 -0.3231
vn 0.8130 -0.3334 -0.4773
vn 0.3689 0.9292 -0.0216
vn -0.2680 0.9249 0.2697
vn -0.2383 0.9115 0.3353
vn 0.4002 0.9153 0.0456
vn -0.8364 0.3441 0.4267
vn -0.8795 -0.3505 0.3220
vn -0.8913 -0.3437 0.2958
vn -0.8258 0.3396 0.4503
vn -0.3229 -0.9385 0.1220
vn 0.3128 -0.9339 -0.1733
vn 0.2936 -0.9317 -0.2139
vn -0.3420 -0.9363 0.0800
vn 0.8420 -0.3446 -0.4150
vn 0.8398 0.3589 -0.4073
vn 0.8481 0.3596 -0.3891
vn 0.8357 -0.3435 -0.4285
vn 0.3078 0.9390 -0.1534
vn -0.3271 0.9344 0.1414
vn -0.3071 0.9338 0.1833
vn 0.3278 0.9383 -0.1099
vn -0.8574 0.3463 0.3807
vn -0.8559 -0.3576 0.3735
vn -0.8635 -0.3566 0.3567
vn -0.8503 0.3471 0.3956
vn -0.3205 -0.9386 0.1282
vn 0.3162 -0.9338 -0.1677
vn 0.3161 -0.9339 -0.1672
vn -0.3203 -0.9386 0.1286
vn 0.8430 -0.3448 -0.4128
vn 0.8387 0.3572 -0.4110
vn 0.8386 0.3577 -0.4107
vn 0.8430 -0.3448 -0.4129
vn 0.3045 0.9385 -0.1628
vn -0.3321 0.9338 0.1331
vn -0.3314 0.9340 0.1337
vn 0.3047 0.9386 -0.1619
vn -0.8591 0.3450 0.3781
vn -0.8549 -0.3573 0.3763
vn -0.8548 -0.3575 0.3763
vn -0.8589 0.3452 0.3782
vn -0.3205 -0.9386 0.1281
vn 0.3162 -0.9337 -0.1678
vn 0.3161 -0.9338 -0.1678
vn -0.3206 -0.9385 0.1282
vn 0.8429 -0.3452 -0.4128
vn 0.8386 0.3576 -0.4110
vn 0.8386 0.3574 -0.4111
vn 0.8430 -0.3449 -0.4129
vn 0.3046 0.9384 -0.1630
vn -0.3322 0.9338 0.1330
vn 0.3045 0.9385 -0.1630
vn -0.8590 0.3451 0.3781
vn -0.8549 -0.3571 0.3763
vn -0.8592 0.3446 0.3781
vn -0.3207 -0.9385 0.1282
vn 0.3159 -0.9338 -0.1677
vn 0.3160 -0.9338 -0.1677
vn 0.8431 -0.3446 -0.4128
vn 0.8387 0.3572 -0.4111
vn 0.8429 -0.3451 -0.4128
vn 0.3044 0.9385 -0.1629
vn -0.3321 0.9338 0.1329
vn 0.3046 0.9385 -0.1630
vn -0.8546 -0.3578 0.3762
vn -0.8591 0.3449 0.3781
vn 0.8430 -0.3447 -0.4129
vn 0.3045 0.9385 -0.1629
vn -0.8592 0.3447 0.3781
vn -0.8548 -0.3573 0.3763
vn 0.3160 -0.9338 -0.1678
vn 0.3160 -0.9338 -0.1676
vn -0.3208 -0.9385 0.1281
vn 0.8431 -0.3446 -0.4129
vn 0.8387 0.3574 -0.4110
vn 0.8386 0.3574 -0.4110
vn -0.3323 0.9338 0.1330
vn -0.8548 -0.3574 0.3763
vn -0.8549 -0.3572 0.3762
vn -0.3207 -0.9384 0.1283
vn 0.8387 0.3573 -0.4110
vn 0.8387 0.3573 -0.4111
vn 0.8429 -0.3451 -0.4129
vn -0.3322 0.9338 0.1329
vn -0.8547 -0.3575 0.3764
vn -0.8548 -0.3574 0.3762
vn -0.3206 -0.9385 0.1281
vn 0.8431 -0.3445 -0.4129
vn 0.8387 0.3571 -0.4111
vn 0.8388 0.3570 -0.4111
vn -0.3321 0.9338 0.1330
vn -0.8592 0.3448 0.3781
vn -0.8592 0.3446 0.3782
vn -0.3205 -0.9385 0.1282
vn 0.8429 -0.3449 -0.4129
vn 0.8387 0.3572 -0.4112
vn -0.3322 0.9338 0.1331
vn -0.8592 0.3447 0.3780
vn -0.8548 -0.3575 0.3762
vn 0.8430 -0.3450 -0.4128
vn 0.8431 -0.3447 -0.4128
vn -0.8592 0.3445 0.3782
vn 0.3163 -0.9337 -0.1679
vn 0.3161 -0.9338 -0.1677
vn 0.8387 0.3571 -0.4112
vn 0.3043 0.9385 -0.1629
vn -0.8593 0.3443 0.3781
vn -0.8549 -0.3572 0.3763
vn -0.8549 -0.3573 0.3762
vn -0.8592 0.3448 0.3780
vn -0.3207 -0.9385 0.1281
vn 0.8429 -0.3452 -0.4127
vn 0.8432 -0.3443 -0.4129
vn -0.8592 0.3449 0.3780
vn -0.8547 -0.3575 0.3763
vn -0.8550 -0.3569 0.3764
vn -0.8592 0.3445 0.3783
vn -0.3206 -0.9385 0.1283
vn 0.3161 -0.9338 -0.1679
vn 0.8428 -0.3453 -0.4128
vn -0.3324 0.9337 0.1330
vn 0.3045 0.9384 -0.1630
vn -0.8591 0.3448 0.3782
vn -0.8548 -0.3573 0.3764
vn -0.8547 -0.3577 0.3761
vn -0.8590 0.3453 0.3780
vn -0.3207 -0.9385 0.1283
vn 0.8387 0.3570 -0.4112
vn 0.8386 0.3575 -0.4110
vn 0.8429 -0.3450 -0.4128
vn -0.8590 0.3452 0.3780
vn -0.8548 -0.3576 0.3761
vn -0.4080 -0.8998 -0.1548
vn 0.1557 -0.8955 -0.4169
vn 0.3020 -0.9324 -0.1987
vn -0.3350 -0.9372 0.0975
vn 0.6841 -0.3048 -0.6626
vn 0.6801 0.3173 -0.6609
vn 0.8233 0.3571 -0.4413
vn 0.8274 -0.3452 -0.4430
vn 0.1447 0.8994 -0.4124
vn -0.4194 0.8953 -0.1502
vn -0.3467 0.9324 0.1022
vn 0.2903 0.9371 -0.1937
vn -0.9473 0.3057 0.0955
vn -0.9437 -0.3171 0.0940
vn -0.8678 -0.3577 0.3449
vn -0.8723 0.3450 0.3466
vn 0.6213 -0.7199 0.3095
vn 0.0337 -0.7145 0.6988
vn 0.1151 -0.5983 0.7930
vn 0.6851 -0.6438 0.3409
vn -0.6597 -0.2580 0.7059
vn -0.9003 0.2802 0.3332
vn -0.8792 0.2837 0.3829
vn -0.5896 -0.1725 0.7891
vn -0.6090 0.7402 -0.2849
vn -0.0102 0.7518 -0.6593
vn 0.0330 0.8354 -0.5486
vn -0.6440 0.7366 -0.2066
vn 0.6796 0.2921 -0.6730
vn 0.9123 -0.2610 -0.3156
vn 0.9374 -0.1846 -0.2952
vn 0.7174 0.3797 -0.5841
vn 0.6105 -0.7324 0.3014
vn 0.0194 -0.7324 0.6806
vn -0.6688 -0.2729 0.6916
vn -0.9035 0.2786 0.3256
vn -0.9036 0.2784 0.3255
vn -0.6688 -0.2728 0.6916
vn -0.6066 0.7381 -0.2954
vn -0.0155 0.7381 -0.6745
vn -0.0155 0.7381 -0.6746
vn 0.6727 0.2786 -0.6855
vn 0.9074 -0.2729 -0.3196
vn 0.9074 -0.2729 -0.3195
vn 0.6727 0.2784 -0.6855
vn 0.6104 -0.7325 0.3014
vn 0.0194 -0.7323 0.6807
vn 0.6105 -0.7324 0.3015
vn -0.6687 -0.2731 0.6915
vn -0.9035 0.2787 0.3255
vn -0.9035 0.2787 0.3256
vn -0.6067 0.7380 -0.2954
vn -0.0155 0.7380 -0.6746
vn 0.6727 0.2787 -0.6855
vn 0.9075 -0.2728 -0.3195
vn 0.9074 -0.2731 -0.3196
vn 0.6726 0.2786 -0.6855
vn -0.6688 -0.2729 0.6915
vn -0.9036 0.2785 0.3255
vn -0.9035 0.2788 0.3256
vn -0.6687 -0.2731 0.6916
vn -0.6066 0.7380 -0.2954
vn 0.6727 0.2785 -0.6855
vn 0.6110 -0.7320 0.3014
vn 0.0193 -0.7323 0.6807
vn 0.6106 -0.7324 0.3014
vn -0.6687 -0.2720 0.6920
vn -0.9030 0.2793 0.3265
vn -0.9035 0.2787 0.3257
vn -0.6687 -0.2728 0.6916
vn -0.6067 0.7383 -0.2947
vn -0.6066 0.7381 -0.2953
vn 0.6733 0.2787 -0.6849
vn 0.9079 -0.2720 -0.3188
vn 0.9075 -0.2728 -0.3194
vn 0.6728 0.2786 -0.6854
vn 0.6379 -0.6858 0.3503
vn 0.0173 -0.7340 0.6789
vn 0.0188 -0.7325 0.6805
vn 0.6166 -0.7240 0.3093
vn -0.7018 -0.3241 0.6344
vn -0.9433 0.2127 0.2550
vn -0.9096 0.2693 0.3164
vn -0.6747 -0.2790 0.6833
vn -0.6302 0.7010 -0.3337
vn -0.0094 0.7492 -0.6622
vn -0.0143 0.7398 -0.6726
vn -0.6112 0.7324 -0.3000
vn 0.7094 0.3394 -0.6177
vn 0.9508 -0.1977 -0.2385
vn 0.9164 -0.2590 -0.3052
vn 0.6806 0.2887 -0.6734
vn 0.6607 -0.6197 0.4235
vn 0.0144 -0.7366 0.6761
vn 0.0155 -0.7358 0.6770
vn 0.6562 -0.6399 0.4000
vn -0.7329 -0.4011 0.5496
vn -0.9819 0.1173 0.1487
vn -0.9726 0.1460 0.1811
vn -0.7256 -0.3774 0.5753
vn -0.6524 0.6480 -0.3930
vn -0.0051 0.7650 -0.6440
vn -0.0054 0.7602 -0.6497
vn -0.6473 0.6638 -0.3746
vn 0.7405 0.4272 -0.5188
vn 0.9886 -0.0916 -0.1195
vn 0.9797 -0.1244 -0.1571
vn 0.7338 0.3994 -0.5495
vn 0.6599 -0.6166 0.4294
vn 0.0136 -0.7368 0.6760
vn 0.0138 -0.7368 0.6760
vn 0.6603 -0.6167 0.4286
vn -0.7332 -0.4049 0.5463
vn -0.9830 0.1136 0.1442
vn -0.9831 0.1131 0.1439
vn -0.7334 -0.4051 0.5460
vn -0.6527 0.6458 -0.3962
vn -0.0063 0.7660 -0.6428
vn -0.0059 0.7660 -0.6428
vn -0.6528 0.6457 -0.3962
vn 0.7404 0.4342 -0.5132
vn 0.9902 -0.0845 -0.1114
vn 0.9900 -0.0852 -0.1123
vn 0.7408 0.4330 -0.5136
vn 0.6598 -0.6166 0.4294
vn 0.0135 -0.7368 0.6759
vn 0.0135 -0.7367 0.6760
vn 0.6598 -0.6167 0.4295
vn -0.7332 -0.4050 0.5463
vn -0.9830 0.1136 0.1444
vn -0.9830 0.1135 0.1444
vn -0.6527 0.6458 -0.3963
vn -0.0063 0.7661 -0.6427
vn -0.6526 0.6459 -0.3962
vn 0.7405 0.4341 -0.5131
vn 0.9902 -0.0842 -0.1111
vn 0.9902 -0.0844 -0.1111
vn 0.7405 0.4340 -0.5132
vn 0.6598 -0.6166 0.4295
vn 0.0135 -0.7369 0.6759
vn -0.7332 -0.4048 0.5464
vn -0.9830 0.1137 0.1443
vn -0.7332 -0.4049 0.5464
vn 0.7404 0.4342 -0.5131
vn 0.9902 -0.0843 -0.1112
vn 0.9902 -0.0843 -0.1111
vn 0.7403 0.4344 -0.5130
vn 0.6600 -0.6165 0.4294
vn 0.6599 -0.6165 0.4295
vn -0.9829 0.1140 0.1444
vn 0.7403 0.4343 -0.5131
vn 0.9902 -0.0845 -0.1111
vn 0.7404 0.4341 -0.5132
vn 0.0136 -0.7368 0.6759
vn 0.0136 -0.7367 0.6761
vn 0.6599 -0.6165 0.4294
vn -0.7331 -0.4050 0.5463
vn -0.9830 0.1136 0.1443
vn -0.0063 0.7660 -0.6429
vn -0.6526 0.6459 -0.3961
vn 0.7405 0.4340 -0.5131
vn 0.6598 -0.6167 0.4294
vn 0.0135 -0.7368 0.6760
vn -0.7331 -0.4050 0.5464
vn -0.0063 0.7661 -0.6426
vn 0.9902 -0.0844 -0.1110
vn 0.9902 -0.0844 -0.1112
vn 0.7404 0.4339 -0.5133
vn -0.9830 0.1139 0.1443
vn -0.6526 0.6458 -0.3962
vn 0.9902 -0.0846 -0.1111
vn 0.7403 0.4342 -0.5132
vn 0.6597 -0.6168 0.4294
vn -0.7331 -0.4048 0.5465
vn -0.9830 0.1134 0.1443
vn -0.7331 -0.4049 0.5464
vn -0.6525 0.6460 -0.3962
vn 0.9902 -0.0846 -0.1110
vn 0.9902 -0.0847 -0.1111
vn 0.6596 -0.6169 0.4293
vn -0.0064 0.7660 -0.6428
vn -0.6524 0.6461 -0.3961
vn 0.9902 -0.0841 -0.1111
vn 0.9902 -0.0842 -0.1110
vn 0.7404 0.4340 -0.5132
vn 0.9902 -0.0840 -0.1112
vn 0.7403 0.4344 -0.5131
vn -0.9830 0.1138 0.1444
vn -0.7330 -0.4051 0.5464
vn 0.7405 0.4339 -0.5132
vn 0.0135 -0.7367 0.6761
vn -0.9830 0.1134 0.1444
vn -0.0063 0.7662 -0.6426
vn 0.7404 0.4341 -0.5131
vn 0.6597 -0.6167 0.4295
vn -0.7332 -0.4048 0.5465
vn -0.9830 0.1137 0.1442
vn -0.9830 0.1135 0.1442
vn -0.6527 0.6457 -0.3963
vn -0.6527 0.6458 -0.3961
vn 0.7405 0.4338 -0.5133
vn 0.9902 -0.0842 -0.1112
vn 0.0136 -0.7370 0.6758
vn 0.0136 -0.7369 0.6759
vn -0.7331 -0.4051 0.5464
vn -0.9830 0.1133 0.1442
vn -0.9830 0.1135 0.1445
vn -0.7334 -0.4045 0.5464
vn -0.0064 0.7661 -0.6427
vn 0.6563 -0.4109 0.6329
vn 0.0827 -0.5171 0.8519
vn 0.0183 -0.7143 0.6996
vn 0.6647 -0.5942 0.4529
vn -0.6674 -0.1836 0.7217
vn -0.8891 0.2762 0.3650
vn -0.9764 0.1355 0.1681
vn -0.7265 -0.3832 0.5704
vn -0.5571 0.8111 -0.1780
vn 0.0164 0.9178 -0.3968
vn -0.0004 0.7864 -0.6177
vn -0.6471 0.6661 -0.3710
vn 0.7664 0.5844 -0.2667
vn 0.9882 0.1238 0.0901
vn 0.9943 -0.0630 -0.0861
vn 0.7444 0.4554 -0.4883
vn -0.3444 -0.7441 -0.5724
vn 0.3605 -0.7498 -0.5548
vn 0.3901 -0.6871 -0.6129
vn -0.3373 -0.6370 -0.6932
vn 0.9401 -0.2773 -0.1982
vn 0.9337 0.2927 0.2064
vn 0.9199 0.3774 0.1070
vn 0.9508 -0.2109 -0.2269
vn 0.3422 0.7667 0.5431
vn -0.3632 0.7565 0.5439
vn -0.4291 0.7605 0.4873
vn 0.3193 0.8510 0.4170
vn -0.9394 0.2834 0.1930
vn -0.9346 -0.2724 -0.2289
vn -0.9227 -0.1857 -0.3379
vn -0.9453 0.2964 0.1362
vn -0.3457 -0.7595 -0.5510
vn 0.3565 -0.7595 -0.5441
vn 0.3565 -0.7596 -0.5440
vn 0.9382 -0.2870 -0.1933
vn 0.9342 0.2803 0.2208
vn 0.9342 0.2804 0.2207
vn 0.3457 0.7530 0.5600
vn -0.3565 0.7531 0.5530
vn -0.3566 0.7530 0.5531
vn 0.3457 0.7529 0.5600
vn -0.9384 0.2801 0.2023
vn -0.9343 -0.2869 -0.2117
vn -0.9343 -0.2868 -0.2117
vn -0.9383 0.2804 0.2023
vn -0.3458 -0.7595 -0.5510
vn -0.3457 -0.7596 -0.5509
vn 0.9383 -0.2868 -0.1933
vn -0.3566 0.7529 0.5531
vn -0.3566 0.7530 0.5530
vn 0.3456 0.7530 0.5599
vn -0.9384 0.2803 0.2023
vn -0.9342 -0.2870 -0.2117
vn -0.9383 0.2806 0.2023
vn 0.3565 -0.7596 -0.5441
vn 0.9342 0.2803 0.2207
vn 0.9383 -0.2869 -0.1933
vn -0.3565 0.7531 0.5529
vn -0.9344 -0.2866 -0.2117
vn -0.9384 0.2802 0.2023
vn -0.3456 -0.7594 -0.5512
vn 0.3564 -0.7595 -0.5442
vn 0.9382 -0.2869 -0.1934
vn 0.9382 -0.2869 -0.1933
vn 0.3455 0.7532 0.5597
vn -0.3565 0.7532 0.5528
vn -0.9383 0.2803 0.2023
vn -0.9343 -0.2866 -0.2117
vn -0.3457 -0.7797 -0.5221
vn 0.3559 -0.7797 -0.5151
vn 0.3562 -0.7627 -0.5398
vn -0.3456 -0.7626 -0.5469
vn 0.9381 -0.2880 -0.1924
vn 0.9343 0.3025 0.1885
vn 0.9342 0.2844 0.2156
vn 0.3459 0.7940 0.4998
vn -0.3556 0.7941 0.4928
vn -0.3562 0.7605 0.5429
vn 0.3455 0.7605 0.5498
vn -0.9378 0.3026 0.1702
vn -0.9341 -0.2881 -0.2109
vn -0.9342 -0.2871 -0.2117
vn -0.9382 0.2845 0.1972
vn -0.3461 -0.8071 -0.4784
vn 0.3555 -0.8071 -0.4714
vn 0.3556 -0.7988 -0.4852
vn -0.3460 -0.7989 -0.4921
vn 0.9376 -0.2904 -0.1911
vn 0.9337 0.3299 0.1391
vn 0.9340 0.3219 0.1551
vn 0.9379 -0.2893 -0.1914
vn 0.3463 0.8447 0.4081
vn -0.3543 0.8447 0.4012
vn -0.3546 0.8300 0.4306
vn 0.3460 0.8300 0.4375
vn -0.9364 0.3295 0.1207
vn -0.9338 -0.2902 -0.2095
vn -0.9340 -0.2892 -0.2098
vn -0.9369 0.3218 0.1366
vn -0.3462 -0.8085 -0.4759
vn 0.3554 -0.8085 -0.4690
vn -0.3462 -0.8084 -0.4760
vn 0.9374 -0.2910 -0.1911
vn 0.9342 0.3299 0.1355
vn 0.9340 0.3304 0.1358
vn 0.9375 -0.2908 -0.1911
vn 0.3468 0.8475 0.4019
vn -0.3547 0.8475 0.3950
vn -0.3545 0.8473 0.3955
vn 0.3468 0.8472 0.4025
vn -0.9368 0.3297 0.1171
vn -0.9334 -0.2912 -0.2095
vn -0.9335 -0.2909 -0.2095
vn -0.9366 0.3303 0.1174
vn 0.3554 -0.8086 -0.4689
vn 0.3555 -0.8085 -0.4690
vn 0.9375 -0.2910 -0.1911
vn 0.9342 0.3300 0.1354
vn 0.9342 0.3301 0.1355
vn 0.9374 -0.2913 -0.1911
vn 0.3469 0.8475 0.4019
vn -0.3547 0.8475 0.3949
vn -0.3548 0.8474 0.3950
vn 0.3469 0.8475 0.4018
vn -0.9368 0.3297 0.1170
vn -0.9336 -0.2907 -0.2095
vn -0.9335 -0.2911 -0.2095
vn -0.9367 0.3301 0.1170
vn -0.3461 -0.8085 -0.4759
vn 0.3555 -0.8085 -0.4691
vn 0.9375 -0.2909 -0.1912
vn 0.9342 0.3301 0.1354
vn 0.9342 0.3299 0.1354
vn 0.3469 0.8474 0.4019
vn -0.9367 0.3299 0.1171
vn -0.9334 -0.2913 -0.2094
vn -0.9336 -0.2908 -0.2095
vn 0.9343 0.3296 0.1354
vn 0.3468 0.8475 0.4018
vn -0.9367 0.3300 0.1171
vn -0.9335 -0.2908 -0.2096
vn -0.9367 0.3300 0.1170
vn -0.3461 -0.8086 -0.4759
vn 0.9374 -0.2912 -0.1912
vn 0.9343 0.3299 0.1354
vn 0.9375 -0.2909 -0.1911
vn 0.3470 0.8474 0.4019
vn -0.3548 0.8474 0.3949
vn -0.9367 0.3300 0.1172
vn -0.9334 -0.2913 -0.2095
vn -0.9366 0.3301 0.1171
vn -0.3461 -0.8085 -0.4760
vn 0.9375 -0.2908 -0.1912
vn 0.9343 0.3298 0.1355
vn -0.3546 0.8475 0.3948
vn 0.3470 0.8474 0.4018
vn -0.9335 -0.2910 -0.2095
vn 0.3555 -0.8084 -0.4691
vn 0.9375 -0.2908 -0.1910
vn 0.9343 0.3298 0.1354
vn -0.3547 0.8475 0.3948
vn 0.3468 0.8476 0.4017
vn -0.9365 0.3304 0.1171
vn -0.9334 -0.2911 -0.2096
vn -0.9366 0.3302 0.1171
vn 0.9374 -0.2910 -0.1913
vn 0.9341 0.3301 0.1356
vn -0.3546 0.8476 0.3948
vn -0.9335 -0.2910 -0.2094
vn -0.9365 0.3305 0.1170
vn 0.3554 -0.8086 -0.4688
vn 0.3555 -0.8086 -0.4689
vn -0.3463 -0.8084 -0.4760
vn 0.9375 -0.2909 -0.1910
vn 0.9341 0.3303 0.1356
vn 0.9344 0.3296 0.1354
vn 0.3470 0.8474 0.4020
vn -0.9368 0.3298 0.1171
vn -0.9336 -0.2907 -0.2097
vn -0.9367 0.3301 0.1172
vn -0.3464 -0.8083 -0.4760
vn 0.3553 -0.8086 -0.4689
vn -0.3461 -0.8084 -0.4761
vn 0.9374 -0.2910 -0.1912
vn 0.9376 -0.2906 -0.1911
vn -0.3549 0.8473 0.3951
vn 0.3467 0.8475 0.4018
vn -0.9333 -0.2915 -0.2095
vn -0.9336 -0.2906 -0.2096
vn -0.9367 0.3299 0.1170
vn -0.3079 -0.6732 -0.6723
vn 0.3212 -0.6728 -0.6665
vn 0.3555 -0.7946 -0.4921
vn -0.3458 -0.7946 -0.4989
vn 0.9112 -0.1479 -0.3846
vn 0.9084 0.4080 -0.0917
vn 0.9326 0.3433 0.1113
vn 0.9360 -0.2786 -0.2151
vn 0.3131 0.9328 0.1782
vn -0.3162 0.9329 0.1721
vn -0.3546 0.8586 0.3703
vn 0.3470 0.8587 0.3772
vn -0.9062 0.4083 -0.1096
vn -0.9033 -0.1483 -0.4025
vn -0.9316 -0.2785 -0.2335
vn -0.9347 0.3429 0.0931
vn -0.4911 -0.7993 0.3464
vn -0.4843 -0.7992 -0.3560
vn -0.5176 -0.7781 -0.3558
vn -0.5244 -0.7781 0.3458
vn -0.1749 -0.2989 -0.9381
vn 0.1897 0.3013 -0.9345
vn 0.1880 0.3029 -0.9343
vn -0.1940 -0.2866 -0.9382
vn 0.4878 0.8013 -0.3463
vn 0.4810 0.8013 0.3558
vn 0.4938 0.7934 0.3558
vn 0.5005 0.7936 -0.3460
vn 0.1713 0.3014 0.9380
vn -0.1933 -0.2990 0.9345
vn -0.2124 -0.2870 0.9341
vn 0.1696 0.3027 0.9379
vn -0.4853 -0.8028 0.3464
vn -0.4783 -0.8029 -0.3558
vn -0.4781 -0.8030 -0.3558
vn -0.4848 -0.8032 0.3461
vn -0.1714 -0.3011 -0.9381
vn 0.1898 0.3011 -0.9345
vn 0.1899 0.3009 -0.9345
vn -0.1714 -0.3012 -0.9380
vn 0.4850 0.8030 -0.3463
vn 0.4782 0.8029 0.3558
vn 0.4784 0.8028 0.3559
vn 0.4855 0.8026 -0.3465
vn 0.1714 0.3011 0.9381
vn -0.1899 -0.3011 0.9345
vn -0.1899 -0.3010 0.9345
vn 0.1715 0.3011 0.9381
vn -0.4850 -0.8031 0.3462
vn -0.4783 -0.8029 -0.3557
vn -0.4782 -0.8030 -0.3557
vn -0.4851 -0.8029 0.3463
vn 0.1899 0.3012 -0.9345
vn 0.1899 0.3010 -0.9345
vn -0.1715 -0.3010 -0.9381
vn 0.4850 0.8030 -0.3464
vn 0.4782 0.8029 0.3559
vn 0.4854 0.8026 -0.3467
vn 0.1715 0.3010 0.9381
vn -0.1899 -0.3012 0.9345
vn 0.1714 0.3010 0.9381
vn -0.4784 -0.8028 -0.3558
vn -0.4852 -0.8029 0.3463
vn -0.1713 -0.3010 -0.9381
vn 0.4851 0.8029 -0.3465
vn 0.4782 0.8029 0.3560
vn 0.4783 0.8028 0.3560
vn 0.4853 0.8028 -0.3465
vn 0.1715 0.3011 0.9380
vn -0.1898 -0.3009 0.9346
vn -0.1898 -0.3012 0.9345
vn 0.1714 0.3012 0.9380
vn -0.4851 -0.8030 0.3463
vn -0.4781 -0.8031 -0.3556
vn -0.1715 -0.3008 -0.9381
vn 0.1898 0.3008 -0.9346
vn 0.1898 0.3012 -0.9345
vn -0.1713 -0.3012 -0.9380
vn 0.4850 0.8031 -0.3461
vn 0.4783 0.8028 0.3561
vn 0.4853 0.8028 -0.3464
vn -0.1898 -0.3010 0.9346
vn -0.1898 -0.3013 0.9344
vn -0.4851 -0.8030 0.3462
vn -0.1715 -0.3011 -0.9381
vn 0.1898 0.3010 -0.9346
vn 0.1898 0.3013 -0.9344
vn -0.1715 -0.3013 -0.9380
vn 0.4852 0.8029 -0.3462
vn 0.4781 0.8031 0.3556
vn 0.4784 0.8028 0.3558
vn 0.4851 0.8030 -0.3463
vn -0.4850 -0.8030 0.3464
vn -0.4780 -0.8030 -0.3558
vn -0.4784 -0.8027 -0.3560
vn -0.4854 -0.8027 0.3465
vn 0.1898 0.3010 -0.9345
vn 0.4782 0.8030 0.3557
vn 0.4783 0.8029 0.3557
vn 0.4852 0.8029 -0.3463
vn -0.4851 -0.8029 0.3465
vn -0.4783 -0.8028 -0.3560
vn 0.4850 0.8031 -0.3462
vn 0.4782 0.8030 0.3558
vn -0.4784 -0.8028 -0.3559
vn -0.1715 -0.3012 -0.9380
vn 0.4784 0.8027 0.3561
vn 0.4783 0.8029 0.3558
vn 0.1713 0.3012 0.9380
vn -0.1898 -0.3010 0.9345
vn -0.4850 -0.8031 0.3461
vn 0.1900 0.3010 -0.9345
vn 0.4853 0.8027 -0.3467
vn -0.4784 -0.8029 -0.3558
vn -0.1714 -0.3010 -0.9381
vn 0.1899 0.3011 -0.9345
vn 0.4852 0.8028 -0.3465
vn 0.4781 0.8030 0.3558
vn -0.1898 -0.3011 0.9345
vn -0.1899 -0.3009 0.9346
vn 0.4851 0.8030 -0.3462
vn 0.4853 0.8028 -0.3463
vn -0.1897 -0.3013 0.9345
vn 0.1714 0.3013 0.9380
vn -0.4784 -0.8026 -0.3562
vn -0.4782 -0.8029 -0.3560
vn 0.1899 0.3008 -0.9346
vn 0.4852 0.8030 -0.3462
vn 0.4783 0.8030 0.3557
vn -0.4853 -0.8028 0.3465
vn -0.4783 -0.8028 -0.3561
vn -0.4781 -0.8030 -0.3559
vn 0.1898 0.3009 -0.9346
vn -0.1715 -0.3011 -0.9380
vn 0.4851 0.8029 -0.3463
vn -0.4851 -0.8028 0.3465
vn -0.4849 -0.8030 0.3464
vn 0.4851 0.8029 -0.3464
vn 0.4781 0.8030 0.3559
vn 0.4783 0.8027 0.3561
vn 0.1899 0.3009 -0.9346
vn 0.4780 0.8030 0.3559
vn 0.4784 0.8027 0.3560
vn -0.7454 -0.5944 0.3017
vn -0.7396 -0.5941 -0.3163
vn -0.5108 -0.7824 -0.3564
vn -0.5180 -0.7820 0.3466
vn -0.4340 -0.0947 -0.8959
vn -0.1162 0.4352 -0.8928
vn 0.1569 0.3212 -0.9339
vn -0.2048 -0.2814 -0.9375
vn 0.1780 0.9349 -0.3071
vn 0.1719 0.9349 0.3106
vn 0.4447 0.8218 0.3561
vn 0.4514 0.8221 -0.3469
vn -0.1337 0.4350 0.8904
vn -0.4517 -0.0944 0.8872
vn -0.2233 -0.2816 0.9332
vn 0.1386 0.3213 0.9368
vn -0.6172 -0.7835 -0.0728
vn -0.1619 -0.7871 -0.5952
vn -0.1754 -0.7968 -0.5782
vn -0.6147 -0.7874 -0.0466
vn 0.4766 -0.2883 -0.8305
vn 0.7640 0.3020 -0.5702
vn 0.7528 0.3001 -0.5859
vn 0.4720 -0.2933 -0.8314
vn 0.6085 0.7897 0.0778
vn 0.1410 0.7936 0.5919
vn 0.1593 0.7825 0.6019
vn 0.6005 0.7980 0.0520
vn -0.4914 0.3139 0.8124
vn -0.7792 -0.2888 0.5564
vn -0.7392 -0.3015 0.6023
vn -0.4236 0.2829 0.8606
vn -0.6295 -0.7705 -0.1003
vn -0.1559 -0.7705 -0.6181
vn -0.1560 -0.7761 -0.6110
vn -0.6243 -0.7758 -0.0915
vn 0.4785 -0.2827 -0.8313
vn 0.7654 0.3018 -0.5684
vn 0.7654 0.3019 -0.5684
vn 0.4782 -0.2844 -0.8309
vn 0.6092 0.7888 0.0820
vn 0.1347 0.7891 0.5993
vn 0.1356 0.7911 0.5965
vn 0.6092 0.7888 0.0816
vn -0.4999 0.3026 0.8115
vn -0.7865 -0.2828 0.5490
vn -0.7852 -0.2846 0.5499
vn -0.5004 0.3072 0.8095
vn -0.6305 -0.7695 -0.1017
vn -0.1560 -0.7695 -0.6193
vn -0.1560 -0.7696 -0.6192
vn -0.6304 -0.7696 -0.1017
vn 0.4784 -0.2826 -0.8314
vn 0.7654 0.3018 -0.5685
vn 0.4785 -0.2825 -0.8314
vn 0.6091 0.7888 0.0821
vn 0.1347 0.7888 0.5997
vn 0.6090 0.7889 0.0821
vn -0.4997 0.3019 0.8118
vn -0.7867 -0.2825 0.5488
vn -0.7867 -0.2826 0.5488
vn -0.4998 0.3019 0.8118
vn -0.1561 -0.7695 -0.6193
vn 0.7654 0.3017 -0.5685
vn 0.6092 0.7888 0.0821
vn -0.4998 0.3018 0.8119
vn -0.7867 -0.2827 0.5488
vn -0.4998 0.3018 0.8118
vn -0.5701 -0.8199 -0.0529
vn -0.0346 -0.8637 -0.5028
vn -0.1376 -0.7850 -0.6040
vn -0.6197 -0.7792 -0.0945
vn 0.5886 -0.3772 -0.7150
vn 0.8112 0.2311 -0.5373
vn 0.7724 0.2919 -0.5640
vn 0.4953 -0.2958 -0.8168
vn 0.6240 0.7803 0.0420
vn 0.1483 0.7904 0.5944
vn 0.1366 0.7896 0.5982
vn 0.6102 0.7884 0.0785
vn -0.5076 0.2983 0.8083
vn -0.7905 -0.2743 0.5476
vn -0.7868 -0.2815 0.5493
vn -0.5017 0.3015 0.8108
vn -0.7007 -0.7004 -0.1359
vn -0.2311 -0.7072 -0.6681
vn -0.5042 -0.6135 -0.6078
vn -0.7668 -0.6382 -0.0685
vn 0.4588 -0.2533 -0.8517
vn 0.7686 0.2780 -0.5762
vn 0.6795 0.3460 -0.6470
vn 0.3457 -0.0454 -0.9373
vn 0.6340 0.7663 0.1037
vn 0.1503 0.7695 0.6207
vn 0.1554 0.7742 0.6136
vn 0.6243 0.7751 0.0975
vn -0.5079 0.3020 0.8067
vn -0.8160 -0.2446 0.5238
vn -0.8093 -0.2215 0.5440
vn -0.5060 0.3025 0.8077
vn -0.6711 -0.7262 -0.1493
vn -0.1890 -0.7268 -0.6603
vn -0.1922 -0.7247 -0.6617
vn -0.6780 -0.7200 -0.1482
vn 0.4691 -0.2610 -0.8437
vn 0.7761 0.2996 -0.5549
vn 0.7802 0.2888 -0.5550
vn 0.4727 -0.2682 -0.8394
vn 0.6302 0.7684 0.1114
vn 0.1483 0.7687 0.6222
vn 0.1485 0.7687 0.6221
vn 0.6332 0.7662 0.1099
vn -0.5086 0.3014 0.8065
vn -0.8156 -0.2592 0.5173
vn -0.8164 -0.2552 0.5181
vn -0.5086 0.3015 0.8065
vn -0.6698 -0.7274 -0.1494
vn -0.1884 -0.7274 -0.6599
vn -0.6699 -0.7272 -0.1494
vn 0.4685 -0.2596 -0.8445
vn 0.7753 0.3011 -0.5552
vn 0.7753 0.3012 -0.5551
vn 0.4684 -0.2598 -0.8444
vn 0.6297 0.7688 0.1115
vn 0.1483 0.7687 0.6221
vn -0.5087 0.3012 0.8066
vn -0.8155 -0.2595 0.5173
vn -0.8154 -0.2598 0.5174
vn -0.5086 0.3012 0.8066
vn -0.6698 -0.7274 -0.1493
vn -0.1884 -0.7273 -0.6599
vn -0.6698 -0.7274 -0.1492
vn 0.4685 -0.2597 -0.8445
vn 0.4684 -0.2598 -0.8445
vn 0.6296 0.7689 0.1115
vn 0.1483 0.7688 0.6221
vn 0.6298 0.7687 0.1115
vn -0.8154 -0.2598 0.5173
vn -0.5086 0.3013 0.8065
vn -0.6699 -0.7273 -0.1494
vn -0.1885 -0.7272 -0.6600
vn -0.6698 -0.7273 -0.1494
vn 0.4685 -0.2598 -0.8444
vn 0.7753 0.3013 -0.5551
vn -0.8154 -0.2599 0.5173
vn -0.1884 -0.7273 -0.6600
vn -0.6701 -0.7271 -0.1495
vn 0.4684 -0.2597 -0.8445
vn 0.1482 0.7688 0.6221
vn 0.6297 0.7688 0.1114
vn -0.5087 0.3013 0.8065
vn -0.8154 -0.2597 0.5173
vn -0.8153 -0.2602 0.5173
vn -0.5086 0.3013 0.8066
vn -0.6698 -0.7273 -0.1493
vn 0.7752 0.3013 -0.5552
vn 0.4685 -0.2597 -0.8444
vn 0.6298 0.7687 0.1114
vn 0.6296 0.7689 0.1114
vn -0.8155 -0.2598 0.5172
vn -0.6700 -0.7272 -0.1493
vn -0.1885 -0.7270 -0.6602
vn -0.1884 -0.7272 -0.6601
vn -0.6699 -0.7273 -0.1493
vn 0.4685 -0.2599 -0.8444
vn 0.4685 -0.2596 -0.8444
vn 0.1483 0.7686 0.6223
vn -0.8155 -0.2597 0.5172
vn -0.8154 -0.2601 0.5172
vn -0.1885 -0.7273 -0.6600
vn -0.6700 -0.7272 -0.1494
vn -0.8154 -0.2600 0.5172
vn -0.1881 -0.7272 -0.6601
vn 0.4682 -0.2590 -0.8448
vn 0.7747 0.3018 -0.5556
vn 0.7751 0.3016 -0.5552
vn 0.4684 -0.2599 -0.8444
vn 0.6301 0.7686 0.1110
vn 0.1484 0.7688 0.6221
vn -0.5086 0.3016 0.8064
vn -0.8155 -0.2598 0.5171
vn -0.5085 0.3015 0.8065
vn -0.6800 -0.7151 -0.1618
vn -0.1712 -0.7437 -0.6462
vn -0.1851 -0.7292 -0.6587
vn -0.6715 -0.7254 -0.1513
vn 0.5088 -0.3006 -0.8067
vn 0.8165 0.2581 -0.5165
vn 0.7807 0.2954 -0.5507
vn 0.4744 -0.2645 -0.8396
vn 0.6507 0.7483 0.1288
vn 0.1419 0.7771 0.6132
vn 0.1476 0.7700 0.6207
vn 0.6332 0.7657 0.1127
vn -0.5384 0.3341 0.7736
vn -0.8461 -0.2250 0.4832
vn -0.8204 -0.2540 0.5122
vn -0.5136 0.3059 0.8017
vn -0.6962 -0.6932 -0.1864
vn -0.1454 -0.7741 -0.6161
vn -0.1536 -0.7639 -0.6268
vn -0.6910 -0.7007 -0.1774
vn 0.5724 -0.3776 -0.7278
vn 0.8826 0.1793 -0.4347
vn 0.8619 0.2058 -0.4635
vn 0.5526 -0.3514 -0.7557
vn 0.6827 0.7114 0.1669
vn 0.1316 0.7919 0.5963
vn 0.1346 0.7868 0.6023
vn 0.6727 0.7238 0.1536
vn -0.5849 0.3938 0.7091
vn -0.8948 -0.1625 0.4159
vn -0.8792 -0.1830 0.4399
vn -0.5703 0.3730 0.7318
vn -0.6964 -0.6924 -0.1886
vn -0.1440 -0.7761 -0.6140
vn -0.1440 -0.7760 -0.6141
vn -0.6967 -0.6922 -0.1883
vn 0.5752 -0.3813 -0.7237
vn 0.8857 0.1754 -0.4298
vn 0.8859 0.1752 -0.4295
vn 0.5753 -0.3819 -0.7233
vn 0.6842 0.7093 0.1695
vn 0.1317 0.7930 0.5948
vn 0.1316 0.7930 0.5949
vn 0.6845 0.7090 0.1696
vn -0.5874 0.3985 0.7044
vn -0.8981 -0.1582 0.4105
vn -0.8977 -0.1591 0.4110
vn -0.5872 0.3982 0.7047
vn -0.6966 -0.6921 -0.1889
vn -0.1440 -0.7762 -0.6139
vn -0.6965 -0.6923 -0.1887
vn 0.5750 -0.3818 -0.7236
vn 0.8858 0.1750 -0.4298
vn 0.8857 0.1752 -0.4299
vn 0.5753 -0.3810 -0.7238
vn 0.6840 0.7095 0.1695
vn 0.1318 0.7928 0.5950
vn 0.1318 0.7931 0.5947
vn 0.6842 0.7093 0.1696
vn -0.5873 0.3986 0.7044
vn -0.8979 -0.1582 0.4107
vn -0.8979 -0.1583 0.4107
vn -0.5874 0.3986 0.7044
vn -0.1440 -0.7760 -0.6140
vn -0.1441 -0.7760 -0.6141
vn -0.6964 -0.6924 -0.1888
vn 0.5750 -0.3814 -0.7238
vn 0.8856 0.1754 -0.4300
vn 0.8857 0.1753 -0.4298
vn 0.5751 -0.3814 -0.7237
vn 0.6841 0.7094 0.1694
vn 0.1319 0.7929 0.5949
vn 0.1318 0.7930 0.5949
vn 0.6843 0.7092 0.1697
vn -0.5875 0.3986 0.7043
vn -0.8979 -0.1585 0.4106
vn -0.8980 -0.1584 0.4104
vn -0.5873 0.3989 0.7042
vn -0.6965 -0.6923 -0.1888
vn -0.1441 -0.7759 -0.6142
vn -0.6964 -0.6924 -0.1887
vn 0.5753 -0.3813 -0.7236
vn 0.8857 0.1751 -0.4299
vn 0.8858 0.1753 -0.4297
vn 0.5751 -0.3816 -0.7236
vn 0.6843 0.7092 0.1694
vn 0.1317 0.7931 0.5947
vn 0.1318 0.7930 0.5948
vn -0.5875 0.3981 0.7046
vn -0.8980 -0.1579 0.4107
vn -0.8978 -0.1588 0.4107
vn -0.6963 -0.6925 -0.1888
vn -0.1441 -0.7760 -0.6140
vn -0.1440 -0.7761 -0.6139
vn 0.5752 -0.3814 -0.7236
vn 0.8857 0.1757 -0.4297
vn 0.8858 0.1754 -0.4297
vn 0.5752 -0.3816 -0.7236
vn 0.6842 0.7094 0.1694
vn 0.1319 0.7928 0.5951
vn -0.5872 0.3990 0.7043
vn -0.8980 -0.1589 0.4104
vn -0.8980 -0.1585 0.4105
vn -0.5873 0.3988 0.7043
vn -0.1441 -0.7758 -0.6143
vn -0.6963 -0.6925 -0.1887
vn 0.5751 -0.3821 -0.7234
vn 0.8856 0.1758 -0.4298
vn 0.8858 0.1751 -0.4298
vn 0.5751 -0.3820 -0.7235
vn 0.6844 0.7091 0.1695
vn 0.1318 0.7930 0.5947
vn 0.6842 0.7093 0.1694
vn -0.5874 0.3984 0.7044
vn -0.8982 -0.1577 0.4104
vn -0.8979 -0.1591 0.4105
vn -0.5873 0.3987 0.7044
vn -0.6965 -0.6924 -0.1886
vn 0.5751 -0.3818 -0.7235
vn 0.8858 0.1750 -0.4299
vn 0.5752 -0.3814 -0.7237
vn 0.6839 0.7097 0.1694
vn 0.1319 0.7928 0.5950
vn 0.6839 0.7096 0.1695
vn -0.5873 0.3983 0.7046
vn -0.8980 -0.1583 0.4106
vn -0.8980 -0.1578 0.4107
vn -0.5874 0.3986 0.7043
vn -0.6962 -0.6927 -0.1885
vn -0.6961 -0.6927 -0.1885
vn 0.5750 -0.3819 -0.7236
vn 0.8858 0.1755 -0.4296
vn 0.5752 -0.3812 -0.7238
vn 0.6843 0.7093 0.1693
vn 0.6843 0.7092 0.1695
vn -0.8980 -0.1586 0.4104
vn -0.1443 -0.7759 -0.6142
vn -0.6970 -0.6918 -0.1889
vn 0.8858 0.1752 -0.4298
vn 0.8856 0.1759 -0.4297
vn 0.5750 -0.3820 -0.7235
vn 0.6837 0.7099 0.1692
vn -0.5874 0.3988 0.7042
vn -0.8979 -0.1587 0.4105
vn -0.5872 0.3988 0.7044
vn -0.6967 -0.6921 -0.1886
vn 0.5751 -0.3815 -0.7237
vn 0.8856 0.1755 -0.4299
vn 0.8859 0.1749 -0.4297
vn 0.5750 -0.3819 -0.7235
vn 0.1318 0.7929 0.5949
vn 0.6843 0.7091 0.1697
vn -0.8980 -0.1582 0.4106
vn -0.8981 -0.1578 0.4106
vn -0.5876 0.3982 0.7044
vn 0.5749 -0.3819 -0.7236
vn 0.8858 0.1750 -0.4297
vn 0.6838 0.7097 0.1695
vn 0.6841 0.7094 0.1696
vn -0.5875 0.3982 0.7045
vn -0.8979 -0.1580 0.4108
vn -0.8980 -0.1577 0.4108
vn -0.5875 0.3981 0.7045
vn -0.6967 -0.6921 -0.1888
vn -0.1442 -0.7757 -0.6144
vn -0.1441 -0.7761 -0.6140
vn -0.6962 -0.6926 -0.1886
vn 0.8856 0.1755 -0.4300
vn 0.6841 0.7095 0.1694
vn 0.1319 0.7929 0.5950
vn 0.6843 0.7092 0.1696
vn -0.8981 -0.1580 0.4105
vn -0.8980 -0.1580 0.4106
vn -0.5875 0.3983 0.7044
vn -0.6959 -0.6930 -0.1884
vn -0.1441 -0.7759 -0.6141
vn -0.1441 -0.7761 -0.6139
vn 0.5753 -0.3811 -0.7237
vn 0.5751 -0.3817 -0.7236
vn 0.6845 0.7091 0.1693
vn 0.6844 0.7092 0.1694
vn -0.8979 -0.1589 0.4106
vn -0.5874 0.3987 0.7043
vn -0.6966 -0.6923 -0.1886
vn -0.1440 -0.7758 -0.6143
vn -0.6973 -0.6915 -0.1887
vn 0.5750 -0.3821 -0.7235
vn 0.8857 0.1753 -0.4300
vn 0.8856 0.1760 -0.4298
vn 0.1318 0.7931 0.5946
vn 0.6844 0.7092 0.1695
vn -0.8978 -0.1595 0.4105
vn -0.8980 -0.1583 0.4104
vn -0.5874 0.3983 0.7045
vn -0.6962 -0.6926 -0.1887
vn -0.6963 -0.6924 -0.1887
vn 0.5752 -0.3815 -0.7236
vn 0.8858 0.1753 -0.4298
vn 0.6842 0.7094 0.1695
vn 0.6842 0.7093 0.1698
vn -0.5873 0.3985 0.7044
vn -0.6967 -0.6921 -0.1887
vn -0.1439 -0.7762 -0.6139
vn -0.6969 -0.6919 -0.1890
vn 0.8859 0.1747 -0.4298
vn 0.8857 0.1757 -0.4296
vn 0.6843 0.7093 0.1694
vn 0.6845 0.7091 0.1694
vn -0.5874 0.3987 0.7042
vn -0.8981 -0.1580 0.4104
vn -0.8981 -0.1581 0.4104
vn -0.1442 -0.7758 -0.6143
vn -0.6963 -0.6926 -0.1884
vn 0.8858 0.1752 -0.4297
vn 0.5752 -0.3819 -0.7234
vn 0.1317 0.7932 0.5946
vn -0.5873 0.3982 0.7046
vn -0.8980 -0.1585 0.4104
vn -0.8980 -0.1584 0.4106
vn -0.5873 0.3985 0.7045
vn -0.6967 -0.6921 -0.1889
vn -0.6966 -0.6922 -0.1887
vn 0.5749 -0.3822 -0.7235
vn 0.8856 0.1759 -0.4299
vn 0.6840 0.7095 0.1694
vn -0.5876 0.3983 0.7043
vn -0.8981 -0.1576 0.4105
vn -0.8980 -0.1587 0.4104
vn -0.7775 -0.4830 -0.4027
vn -0.2893 -0.5571 -0.7785
vn -0.1585 -0.7541 -0.6373
vn -0.7111 -0.6704 -0.2118
vn 0.4299 -0.1625 -0.8881
vn 0.7044 0.3297 -0.6286
vn 0.8698 0.1961 -0.4528
vn 0.5588 -0.3603 -0.7470
vn 0.5030 0.8638 -0.0292
vn 0.0146 0.9379 0.3466
vn 0.1157 0.8132 0.5704
vn 0.6684 0.7296 0.1448
vn -0.7054 0.5420 0.4568
vn -0.9790 0.0520 0.1970
vn -0.9124 -0.1373 0.3856
vn -0.6016 0.4196 0.6797
vn 0.1617 -0.8045 0.5715
vn -0.4860 -0.8167 0.3110
vn -0.4897 -0.7741 0.4013
vn 0.1078 -0.6687 0.7357
vn -0.9375 -0.3092 -0.1597
vn -0.8220 0.3227 -0.4692
vn -0.8130 0.3563 -0.4606
vn -0.9265 -0.3634 -0.0974
vn -0.1556 0.8413 -0.5177
vn 0.4830 0.8344 -0.2654
vn 0.5276 0.8110 -0.2529
vn 0.0169 0.8687 -0.4950
vn 0.9175 0.3308 0.2210
vn 0.7953 -0.2870 0.5340
vn 0.6708 -0.1662 0.7227
vn 0.8480 0.4042 0.3429
vn 0.1687 -0.8226 0.5430
vn -0.4873 -0.8228 0.2925
vn -0.4874 -0.8227 0.2926
vn 0.1687 -0.8227 0.5428
vn -0.9380 -0.3032 -0.1679
vn -0.8226 0.3195 -0.4703
vn -0.8227 0.3194 -0.4702
vn -0.9380 -0.3034 -0.1678
vn -0.1798 0.8389 -0.5137
vn 0.4762 0.8390 -0.2634
vn -0.1798 0.8390 -0.5136
vn 0.9268 0.3196 0.1972
vn 0.8115 -0.3035 0.4994
vn 0.8114 -0.3038 0.4994
vn 0.9268 0.3197 0.1971
vn 0.1686 -0.8228 0.5428
vn -0.4875 -0.8226 0.2926
vn 0.1687 -0.8227 0.5429
vn -0.9379 -0.3036 -0.1679
vn -0.8226 0.3197 -0.4702
vn -0.8227 0.3195 -0.4702
vn -0.9380 -0.3034 -0.1679
vn -0.1798 0.8390 -0.5135
vn 0.4761 0.8390 -0.2634
vn 0.4760 0.8391 -0.2634
vn -0.1799 0.8389 -0.5136
vn 0.9268 0.3197 0.1972
vn 0.8114 -0.3037 0.4994
vn 0.8115 -0.3033 0.4994
vn 0.9269 0.3195 0.1972
vn -0.4873 -0.8227 0.2926
vn -0.8226 0.3196 -0.4702
vn -0.8226 0.3199 -0.4702
vn -0.9380 -0.3033 -0.1678
vn -0.1797 0.8390 -0.5136
vn 0.4762 0.8389 -0.2635
vn 0.9269 0.3195 0.1971
vn 0.8114 -0.3037 0.4995
vn 0.8115 -0.3036 0.4993
vn 0.9268 0.3198 0.1971
vn 0.1687 -0.8228 0.5427
vn -0.4875 -0.8226 0.2927
vn -0.8226 0.3198 -0.4702
vn -0.9378 -0.3039 -0.1679
vn 0.4765 0.8388 -0.2634
vn 0.4762 0.8389 -0.2634
vn 0.9269 0.3196 0.1970
vn 0.8115 -0.3033 0.4995
vn 0.8114 -0.3035 0.4995
vn 0.1686 -0.8227 0.5428
vn -0.8227 0.3196 -0.4702
vn -0.8226 0.3196 -0.4703
vn -0.9379 -0.3037 -0.1679
vn -0.1797 0.8391 -0.5134
vn 0.4763 0.8389 -0.2634
vn 0.4762 0.8390 -0.2633
vn 0.9267 0.3199 0.1971
vn 0.8116 -0.3028 0.4996
vn -0.9378 -0.3039 -0.1677
vn -0.9379 -0.3035 -0.1679
vn -0.1799 0.8389 -0.5138
vn 0.8114 -0.3036 0.4995
vn 0.9267 0.3200 0.1970
vn 0.1686 -0.8228 0.5427
vn -0.4876 -0.8225 0.2928
vn -0.4875 -0.8227 0.2926
vn 0.1687 -0.8228 0.5428
vn -0.8227 0.3197 -0.4701
vn -0.9378 -0.3037 -0.1681
vn -0.1799 0.8388 -0.5138
vn 0.4760 0.8391 -0.2633
vn 0.9269 0.3192 0.1972
vn 0.8115 -0.3032 0.4995
vn 0.8115 -0.3034 0.4994
vn 0.1688 -0.8226 0.5431
vn -0.4872 -0.8229 0.2925
vn 0.1686 -0.8229 0.5426
vn -0.8225 0.3198 -0.4702
vn 0.9267 0.3199 0.1972
vn 0.8112 -0.3041 0.4994
vn 0.8114 -0.3034 0.4995
vn 0.9267 0.3199 0.1970
vn -0.4874 -0.8227 0.2927
vn -0.9381 -0.3029 -0.1679
vn -0.8227 0.3192 -0.4704
vn -0.8224 0.3203 -0.4702
vn 0.4759 0.8391 -0.2633
vn 0.9271 0.3189 0.1972
vn 0.8116 -0.3029 0.4996
vn 0.9270 0.3190 0.1972
vn -0.9380 -0.3032 -0.1678
vn -0.8226 0.3194 -0.4704
vn -0.9380 -0.3033 -0.1679
vn 0.4761 0.8391 -0.2633
vn -0.1799 0.8389 -0.5137
vn 0.9266 0.3203 0.1970
vn -0.4873 -0.8228 0.2926
vn -0.9380 -0.3032 -0.1680
vn -0.8225 0.3197 -0.4703
vn -0.8225 0.3202 -0.4700
vn -0.9378 -0.3040 -0.1677
vn 0.4761 0.8391 -0.2632
vn 0.8116 -0.3032 0.4994
vn 0.8114 -0.3036 0.4994
vn 0.9270 0.3189 0.1972
vn -0.9379 -0.3035 -0.1678
vn -0.8224 0.3203 -0.4701
vn 0.4764 0.8389 -0.2634
vn 0.8114 -0.3039 0.4994
vn 0.9269 0.3196 0.1969
vn 0.1686 -0.8229 0.5427
vn 0.1686 -0.8227 0.5429
vn -0.9380 -0.3034 -0.1677
vn -0.8225 0.3198 -0.4703
vn -0.9379 -0.3036 -0.1680
vn -0.1799 0.8387 -0.5140
vn 0.4759 0.8392 -0.2633
vn 0.9269 0.3193 0.1973
vn 0.8114 -0.3035 0.4994
vn 0.8115 -0.3032 0.4996
vn -0.9378 -0.3039 -0.1680
vn -0.8225 0.3199 -0.4703
vn -0.8226 0.3201 -0.4700
vn -0.9378 -0.3037 -0.1679
vn -0.1798 0.8391 -0.5134
vn 0.9268 0.3198 0.1970
vn 0.8116 -0.3031 0.4994
vn -0.4872 -0.8228 0.2926
vn -0.9381 -0.3030 -0.1680
vn -0.8225 0.3200 -0.4702
vn -0.9379 -0.3036 -0.1678
vn 0.4764 0.8388 -0.2635
vn -0.1798 0.8389 -0.5138
vn 0.9268 0.3196 0.1973
vn 0.8114 -0.3034 0.4996
vn -0.4876 -0.8225 0.2927
vn -0.8226 0.3199 -0.4701
vn 0.4761 0.8390 -0.2633
vn 0.4760 0.8391 -0.2632
vn -0.1799 0.8388 -0.5139
vn 0.9267 0.3198 0.1972
vn 0.8116 -0.3032 0.4995
vn -0.4873 -0.8227 0.2927
vn -0.8226 0.3200 -0.4700
vn -0.9379 -0.3034 -0.1679
vn 0.4760 0.8391 -0.2631
vn 0.9268 0.3195 0.1972
vn 0.8113 -0.3041 0.4993
vn 0.8115 -0.3031 0.4995
vn 0.9268 0.3196 0.1971
vn -0.4874 -0.8227 0.2925
vn 0.1685 -0.8229 0.5426
vn -0.8224 0.3201 -0.4703
vn -0.8225 0.3199 -0.4702
vn -0.9380 -0.3035 -0.1677
vn 0.4759 0.8392 -0.2632
vn 0.9269 0.3194 0.1971
vn 0.8116 -0.3026 0.4997
vn 0.8116 -0.3035 0.4993
vn -0.8225 0.3196 -0.4704
vn -0.8226 0.3197 -0.4703
vn -0.9378 -0.3040 -0.1676
vn 0.4758 0.8392 -0.2634
vn -0.1798 0.8391 -0.5133
vn 0.9267 0.3201 0.1970
vn 0.8116 -0.3033 0.4994
vn -0.4875 -0.8226 0.2928
vn -0.8227 0.3196 -0.4701
vn -0.9379 -0.3039 -0.1676
vn 0.4763 0.8389 -0.2635
vn 0.4760 0.8391 -0.2635
vn 0.9269 0.3193 0.1974
vn 0.9267 0.3200 0.1972
vn 0.1686 -0.8227 0.5430
vn -0.9378 -0.3038 -0.1679
vn -0.8225 0.3201 -0.4702
vn -0.9378 -0.3039 -0.1681
vn -0.1799 0.8390 -0.5136
vn 0.4766 0.8387 -0.2635
vn 0.9266 0.3204 0.1968
vn 0.8115 -0.3037 0.4992
vn -0.9380 -0.3032 -0.1681
vn -0.8228 0.3195 -0.4701
vn -0.8228 0.3189 -0.4704
vn -0.1798 0.8391 -0.5135
vn 0.4764 0.8388 -0.2634
vn 0.9266 0.3206 0.1967
vn 0.8114 -0.3037 0.4993
vn 0.8114 -0.3033 0.4996
vn -0.4875 -0.8227 0.2925
vn 0.1685 -0.8229 0.5425
vn -0.9380 -0.3031 -0.1679
vn -0.8228 0.3192 -0.4701
vn -0.8227 0.3190 -0.4706
vn 0.9268 0.3197 0.1970
vn -0.4875 -0.8226 0.2925
vn 0.1688 -0.8227 0.5429
vn -0.9379 -0.3034 -0.1681
vn -0.8226 0.3200 -0.4701
vn -0.1799 0.8391 -0.5134
vn 0.9266 0.3205 0.1968
vn 0.8113 -0.3040 0.4994
vn 0.9267 0.3200 0.1971
vn 0.0627 -0.6891 0.7219
vn -0.5278 -0.6891 0.4966
vn -0.4965 -0.8088 0.3151
vn 0.1601 -0.8092 0.5652
vn -0.9867 -0.1602 0.0279
vn -0.8830 0.4006 -0.2446
vn -0.8302 0.3329 -0.4471
vn -0.9457 -0.2913 -0.1442
vn -0.2278 0.9299 -0.2887
vn 0.3625 0.9298 -0.0638
vn 0.4678 0.8506 -0.2401
vn -0.1891 0.8508 -0.4904
vn 0.8215 0.4008 0.4056
vn 0.7178 -0.1595 0.6777
vn 0.8016 -0.2911 0.5222
vn 0.9172 0.3327 0.2193
vn 0.2453 -0.9234 -0.2951
vn -0.3971 -0.9176 -0.0161
vn -0.4034 -0.9149 0.0178
vn 0.2729 -0.9414 -0.1981
vn -0.8677 -0.3579 0.3451
vn -0.7982 0.3304 0.5037
vn -0.6670 0.2529 0.7008
vn -0.8105 -0.4446 0.3813
vn -0.2164 0.9026 0.3720
vn 0.4155 0.9076 0.0595
vn 0.4690 0.8766 0.1080
vn -0.1195 0.8144 0.5678
vn 0.8879 0.3449 -0.3045
vn 0.8352 -0.3452 -0.4281
vn 0.8760 -0.3313 -0.3505
vn 0.8727 0.3939 -0.2884
vn 0.2427 -0.9179 -0.3139
vn -0.3961 -0.9180 -0.0221
vn -0.3960 -0.9180 -0.0220
vn 0.2426 -0.9180 -0.3138
vn -0.8766 -0.3460 0.3345
vn -0.8144 0.3396 0.4705
vn -0.8143 0.3397 0.4706
vn -0.8765 -0.3463 0.3345
vn -0.2304 0.9115 0.3408
vn 0.4083 0.9115 0.0489
vn 0.4084 0.9115 0.0490
vn -0.2303 0.9115 0.3407
vn 0.8888 0.3398 -0.3076
vn 0.8266 -0.3464 -0.4436
vn 0.8266 -0.3463 -0.4437
vn 0.8888 0.3397 -0.3075
vn 0.2426 -0.9179 -0.3139
vn -0.3961 -0.9179 -0.0220
vn -0.3960 -0.9180 -0.0221
vn -0.8764 -0.3463 0.3346
vn -0.8143 0.3399 0.4705
vn -0.8143 0.3398 0.4706
vn -0.8764 -0.3464 0.3345
vn 0.4083 0.9115 0.0490
vn -0.2303 0.9115 0.3408
vn 0.8887 0.3400 -0.3075
vn -0.3962 -0.9179 -0.0220
vn 0.2425 -0.9180 -0.3138
vn -0.8142 0.3399 0.4706
vn -0.8145 0.3396 0.4705
vn -0.8765 -0.3463 0.3344
vn 0.4085 0.9114 0.0489
vn 0.4085 0.9115 0.0489
vn -0.2303 0.9116 0.3407
vn 0.8887 0.3399 -0.3076
vn 0.8266 -0.3462 -0.4437
vn 0.8267 -0.3461 -0.4436
vn 0.8888 0.3398 -0.3075
vn 0.2425 -0.9180 -0.3137
vn -0.3962 -0.9179 -0.0221
vn 0.2426 -0.9180 -0.3137
vn -0.8765 -0.3461 0.3346
vn -0.8142 0.3401 0.4705
vn -0.8143 0.3400 0.4705
vn -0.8765 -0.3464 0.3343
vn 0.4085 0.9114 0.0490
vn 0.8267 -0.3462 -0.4435
vn 0.2426 -0.9180 -0.3139
vn -0.8764 -0.3465 0.3345
vn -0.8144 0.3397 0.4706
vn -0.8144 0.3398 0.4705
vn -0.2302 0.9116 0.3407
vn 0.8888 0.3399 -0.3075
vn 0.8265 -0.3465 -0.4436
vn 0.8265 -0.3466 -0.4436
vn -0.8765 -0.3462 0.3345
vn -0.8765 -0.3461 0.3345
vn 0.4086 0.9114 0.0490
vn 0.8266 -0.3463 -0.4436
vn 0.8268 -0.3460 -0.4436
vn -0.3963 -0.9179 -0.0220
vn -0.8765 -0.3464 0.3344
vn -0.8143 0.3399 0.4704
vn -0.8142 0.3403 0.4705
vn 0.4082 0.9116 0.0490
vn 0.8265 -0.3466 -0.4435
vn -0.8145 0.3394 0.4706
vn -0.8144 0.3396 0.4706
vn -0.2302 0.9116 0.3406
vn 0.4085 0.9115 0.0490
vn 0.8266 -0.3465 -0.4436
vn 0.8887 0.3400 -0.3076
vn -0.3961 -0.9179 -0.0221
vn -0.8765 -0.3462 0.3344
vn 0.8887 0.3402 -0.3075
vn 0.8267 -0.3460 -0.4437
vn 0.8889 0.3395 -0.3076
vn 0.2424 -0.9181 -0.3136
vn -0.3963 -0.9179 -0.0221
vn -0.3958 -0.9181 -0.0220
vn 0.8268 -0.3458 -0.4436
vn 0.8886 0.3403 -0.3075
vn -0.3963 -0.9178 -0.0220
vn -0.8763 -0.3468 0.3344
vn -0.8143 0.3395 0.4707
vn -0.8145 0.3397 0.4704
vn -0.2302 0.9116 0.3405
vn 0.4082 0.9116 0.0489
vn -0.2304 0.9114 0.3409
vn 0.8888 0.3400 -0.3074
vn 0.8264 -0.3469 -0.4435
vn 0.8887 0.3398 -0.3077
vn -0.3959 -0.9180 -0.0220
vn -0.3964 -0.9178 -0.0220
vn -0.8765 -0.3460 0.3346
vn -0.8143 0.3396 0.4707
vn -0.8143 0.3401 0.4704
vn -0.2302 0.9115 0.3407
vn 0.4086 0.9114 0.0489
vn 0.8888 0.3399 -0.3076
vn 0.8267 -0.3461 -0.4437
vn 0.8268 -0.3458 -0.4437
vn 0.8888 0.3396 -0.3076
vn -0.3961 -0.9180 -0.0220
vn -0.8145 0.3396 0.4704
vn -0.8142 0.3402 0.4704
vn -0.8765 -0.3462 0.3346
vn -0.2303 0.9116 0.3406
vn 0.4081 0.9116 0.0489
vn -0.2304 0.9114 0.3408
vn 0.8889 0.3394 -0.3077
vn 0.8268 -0.3456 -0.4438
vn -0.8143 0.3400 0.4704
vn 0.8266 -0.3466 -0.4435
vn 0.8267 -0.3462 -0.4436
vn 0.8887 0.3401 -0.3074
vn -0.8767 -0.3459 0.3344
vn -0.8145 0.3394 0.4704
vn -0.8142 0.3400 0.4706
vn -0.8763 -0.3467 0.3344
vn 0.4084 0.9115 0.0489
vn 0.8888 0.3396 -0.3077
vn 0.8266 -0.3464 -0.4435
vn -0.3959 -0.9180 -0.0221
vn 0.2427 -0.9180 -0.3138
vn -0.8762 -0.3469 0.3345
vn -0.8144 0.3399 0.4704
vn -0.8141 0.3403 0.4705
vn 0.8887 0.3402 -0.3073
vn 0.8267 -0.3459 -0.4437
vn 0.8888 0.3397 -0.3076
vn 0.2428 -0.9179 -0.3140
vn -0.8763 -0.3469 0.3344
vn -0.8141 0.3405 0.4704
vn -0.8766 -0.3461 0.3344
vn -0.2304 0.9115 0.3407
vn 0.4085 0.9114 0.0491
vn 0.8266 -0.3461 -0.4437
vn 0.8886 0.3403 -0.3077
vn -0.8143 0.3399 0.4706
vn 0.4081 0.9116 0.0490
vn 0.8886 0.3406 -0.3074
vn 0.8263 -0.3473 -0.4435
vn 0.8889 0.3397 -0.3074
vn -0.8145 0.3393 0.4706
vn -0.2306 0.9113 0.3411
vn 0.8887 0.3402 -0.3074
vn 0.8265 -0.3467 -0.4436
vn 0.8889 0.3395 -0.3077
vn 0.2428 -0.9178 -0.3140
vn -0.8143 0.3398 0.4705
vn -0.8766 -0.3457 0.3346
vn -0.2305 0.9114 0.3410
vn 0.8889 0.3396 -0.3076
vn -0.3966 -0.9177 -0.0220
vn 0.2427 -0.9179 -0.3140
vn -0.8763 -0.3470 0.3343
vn -0.8762 -0.3470 0.3345
vn -0.8764 -0.3466 0.3344
vn 0.8886 0.3405 -0.3073
vn 0.8263 -0.3470 -0.4436
vn 0.8265 -0.3468 -0.4435
vn 0.8886 0.3404 -0.3075
vn 0.2424 -0.9180 -0.3137
vn -0.8767 -0.3458 0.3345
vn -0.8145 0.3394 0.4705
vn -0.8761 -0.3476 0.3342
vn 0.8267 -0.3461 -0.4435
vn 0.2428 -0.9178 -0.3141
vn -0.3957 -0.9181 -0.0220
vn 0.8886 0.3403 -0.3076
vn -0.3956 -0.9181 -0.0221
vn -0.8144 0.3395 0.4706
vn -0.8766 -0.3462 0.3344
vn -0.2301 0.9117 0.3404
vn 0.4084 0.9115 0.0491
vn 0.8888 0.3398 -0.3077
vn 0.3177 -0.9461 -0.0622
vn -0.2547 -0.9462 0.1996
vn -0.3844 -0.9232 0.0047
vn 0.2550 -0.9233 -0.2872
vn -0.7428 -0.3645 0.5616
vn -0.6866 0.2481 0.6834
vn -0.8015 0.3330 0.4967
vn -0.8637 -0.3524 0.3604
vn -0.0938 0.8292 0.5510
vn 0.4789 0.8285 0.2903
vn 0.4201 0.9044 0.0751
vn -0.2184 0.9042 0.3670
vn 0.9659 0.2487 -0.0722
vn 0.9100 -0.3664 -0.1939
vn 0.8378 -0.3529 -0.4167
vn 0.9000 0.3336 -0.2805
vn -0.3290 -0.9170 0.2257
vn 0.3749 -0.9240 0.0756
vn 0.3749 -0.9259 -0.0462
vn -0.3539 -0.9234 0.1487
vn 0.9341 -0.3290 -0.1385
vn 0.9041 0.3382 -0.2611
vn 0.8845 0.3611 -0.2954
vn 0.9508 -0.1913 -0.2438
vn 0.3352 0.8920 -0.3031
vn -0.3671 0.9075 -0.2043
vn -0.2530 0.8098 -0.5293
vn 0.3579 0.8178 -0.4506
vn -0.9461 0.3137 0.0807
vn -0.9110 -0.3336 0.2423
vn -0.9017 -0.3755 0.2142
vn -0.9955 0.0914 -0.0239
vn -0.3132 -0.9211 0.2310
vn 0.3763 -0.9215 0.0961
vn 0.3760 -0.9216 0.0965
vn -0.3167 -0.9191 0.2344
vn 0.9297 -0.3468 -0.1241
vn 0.9044 0.3427 -0.2540
vn 0.9051 0.3402 -0.2552
vn 0.9298 -0.3467 -0.1240
vn 0.3098 0.9169 -0.2517
vn -0.3801 0.9173 -0.1182
vn -0.3786 0.9156 -0.1352
vn 0.3166 0.9114 -0.2628
vn -0.9337 0.3426 0.1042
vn -0.9083 -0.3459 0.2352
vn -0.9092 -0.3404 0.2399
vn -0.9346 0.3409 0.1012
vn -0.3128 -0.9214 0.2304
vn 0.3764 -0.9215 0.0960
vn 0.3765 -0.9214 0.0960
vn 0.9297 -0.3468 -0.1240
vn 0.9045 0.3427 -0.2537
vn 0.9045 0.3429 -0.2537
vn 0.3089 0.9177 -0.2498
vn -0.3803 0.9177 -0.1154
vn -0.3803 0.9176 -0.1154
vn 0.3090 0.9177 -0.2498
vn -0.9335 0.3429 0.1047
vn -0.9082 -0.3467 0.2343
vn -0.9082 -0.3468 0.2343
vn -0.9335 0.3430 0.1047
vn -0.3128 -0.9215 0.2304
vn 0.9297 -0.3467 -0.1241
vn 0.9044 0.3429 -0.2537
vn 0.9044 0.3429 -0.2538
vn 0.9298 -0.3466 -0.1241
vn -0.3802 0.9177 -0.1154
vn 0.3089 0.9177 -0.2497
vn -0.9082 -0.3469 0.2344
vn -0.9082 -0.3466 0.2344
vn -0.9335 0.3428 0.1047
vn 0.9044 0.3430 -0.2537
vn 0.9044 0.3431 -0.2537
vn 0.9296 -0.3470 -0.1240
vn 0.3090 0.9176 -0.2498
vn -0.9336 0.3428 0.1047
vn -0.9083 -0.3466 0.2344
vn -0.3127 -0.9215 0.2304
vn -0.3128 -0.9214 0.2305
vn 0.9045 0.3428 -0.2538
vn -0.9334 0.3431 0.1047
vn -0.9083 -0.3465 0.2344
vn -0.9081 -0.3469 0.2344
vn 0.9297 -0.3469 -0.1240
vn -0.9335 0.3431 0.1047
vn -0.3127 -0.9215 0.2303
vn 0.3764 -0.9215 0.0958
vn 0.3764 -0.9215 0.0959
vn 0.9297 -0.3467 -0.1242
vn 0.9297 -0.3469 -0.1241
vn -0.3802 0.9176 -0.1155
vn -0.9335 0.3430 0.1046
vn -0.9336 0.3427 0.1047
vn -0.3096 -0.9188 0.2450
vn 0.3819 -0.9158 0.1240
vn 0.3774 -0.9207 0.0999
vn -0.3120 -0.9212 0.2325
vn 0.9340 -0.3426 -0.1014
vn 0.9052 0.3429 -0.2511
vn 0.9046 0.3428 -0.2533
vn 0.9302 -0.3466 -0.1208
vn 0.3043 0.9120 -0.2751
vn -0.3872 0.9090 -0.1543
vn -0.3814 0.9164 -0.1216
vn 0.3082 0.9168 -0.2538
vn -0.9393 0.3356 0.0712
vn -0.9104 -0.3498 0.2210
vn -0.9085 -0.3473 0.2324
vn -0.9345 0.3418 0.0994
vn -0.3052 -0.9131 0.2703
vn 0.3901 -0.9044 0.1726
vn 0.3875 -0.9085 0.1564
vn -0.3066 -0.9151 0.2618
vn 0.9407 -0.3335 -0.0624
vn 0.9062 0.3434 -0.2466
vn 0.9059 0.3431 -0.2482
vn 0.9387 -0.3365 -0.0754
vn 0.2980 0.8999 -0.3182
vn -0.3967 0.8912 -0.2201
vn -0.3938 0.8976 -0.1981
vn 0.2998 0.9043 -0.3039
vn -0.9471 0.3205 0.0146
vn -0.9132 -0.3561 0.1984
vn -0.9125 -0.3536 0.2058
vn -0.9448 0.3260 0.0334
vn -0.3048 -0.9128 0.2718
vn 0.3905 -0.9037 0.1754
vn 0.3906 -0.9037 0.1754
vn -0.3049 -0.9128 0.2718
vn 0.9409 -0.3332 -0.0601
vn 0.9063 0.3435 -0.2463
vn 0.9064 0.3431 -0.2463
vn 0.9410 -0.3330 -0.0601
vn 0.2982 0.8989 -0.3209
vn -0.3972 0.8899 -0.2245
vn -0.3972 0.8899 -0.2242
vn 0.2980 0.8991 -0.3207
vn -0.9476 0.3192 0.0110
vn -0.9131 -0.3569 0.1971
vn -0.9476 0.3192 0.0111
vn -0.3049 -0.9128 0.2719
vn 0.3904 -0.9038 0.1753
vn 0.3905 -0.9038 0.1754
vn 0.9411 -0.3326 -0.0601
vn 0.9064 0.3432 -0.2463
vn 0.9063 0.3435 -0.2462
vn 0.9410 -0.3330 -0.0600
vn 0.2983 0.8989 -0.3210
vn -0.3971 0.8899 -0.2245
vn -0.9476 0.3193 0.0109
vn -0.9130 -0.3571 0.1970
vn -0.9131 -0.3570 0.1971
vn -0.9477 0.3189 0.0110
vn 0.9412 -0.3326 -0.0602
vn 0.9064 0.3432 -0.2462
vn 0.2982 0.8989 -0.3210
vn -0.3971 0.8899 -0.2244
vn -0.3972 0.8898 -0.2245
vn -0.9478 0.3187 0.0110
vn -0.9476 0.3194 0.0110
vn 0.9411 -0.3328 -0.0601
vn 0.9065 0.3431 -0.2462
vn 0.9065 0.3430 -0.2462
vn 0.9412 -0.3326 -0.0600
vn -0.9477 0.3191 0.0109
vn 0.3905 -0.9038 0.1753
vn 0.9066 0.3428 -0.2462
vn -0.9476 0.3193 0.0110
vn -0.9130 -0.3571 0.1971
vn -0.9478 0.3188 0.0109
vn 0.3904 -0.9038 0.1754
vn 0.9064 0.3432 -0.2461
vn -0.3970 0.8899 -0.2245
vn -0.9477 0.3190 0.0110
vn -0.9131 -0.3571 0.1970
vn -0.9477 0.3189 0.0109
vn 0.9412 -0.3325 -0.0601
vn 0.9064 0.3433 -0.2462
vn 0.9410 -0.3331 -0.0601
vn 0.2981 0.8990 -0.3209
vn -0.3970 0.8900 -0.2245
vn -0.9478 0.3186 0.0108
vn -0.9129 -0.3574 0.1971
vn -0.9477 0.3190 0.0111
vn -0.3050 -0.9127 0.2719
vn 0.9410 -0.3330 -0.0602
vn 0.9410 -0.3332 -0.0600
vn 0.2980 0.8990 -0.3208
vn -0.9477 0.3189 0.0111
vn -0.9131 -0.3568 0.1972
vn -0.9131 -0.3569 0.1970
vn 0.3903 -0.9038 0.1753
vn 0.9411 -0.3327 -0.0601
vn 0.9066 0.3426 -0.2462
vn 0.9064 0.3434 -0.2462
vn 0.9409 -0.3333 -0.0601
vn -0.3972 0.8898 -0.2246
vn -0.9477 0.3191 0.0111
vn -0.9131 -0.3570 0.1970
vn -0.9129 -0.3575 0.1970
vn -0.9477 0.3191 0.0108
vn 0.3905 -0.9037 0.1753
vn 0.3906 -0.9037 0.1755
vn -0.3048 -0.9128 0.2717
vn 0.9411 -0.3327 -0.0602
vn 0.9065 0.3430 -0.2463
vn 0.2982 0.8990 -0.3208
vn -0.9477 0.3190 0.0109
vn -0.9130 -0.3570 0.1972
vn -0.3046 -0.9129 0.2717
vn 0.3907 -0.9036 0.1755
vn 0.3907 -0.9037 0.1754
vn 0.9410 -0.3331 -0.0600
vn 0.2982 0.8990 -0.3209
vn -0.9475 0.3194 0.0109
vn -0.9130 -0.3573 0.1970
vn -0.9131 -0.3568 0.1971
vn -0.3046 -0.9520 -0.0313
vn 0.3087 -0.9440 -0.1163
vn 0.3860 -0.9115 0.1417
vn -0.3094 -0.9207 0.2381
vn 0.8582 -0.3744 -0.3513
vn 0.8277 0.2221 -0.5154
vn 0.9003 0.3340 -0.2792
vn 0.9350 -0.3421 -0.0930
vn 0.2206 0.7765 -0.5902
vn -0.3925 0.7688 -0.5049
vn -0.4014 0.8790 -0.2572
vn 0.2940 0.8879 -0.3539
vn -0.9422 0.1987 -0.2699
vn -0.9116 -0.3973 -0.1057
vn -0.9159 -0.3665 0.1636
vn -0.9505 0.3100 -0.0226
vn 0.1647 -0.9343 -0.3162
vn -0.1632 -0.9410 0.2966
vn -0.0310 -0.9302 0.3658
vn 0.2891 -0.9242 -0.2497
vn -0.4372 -0.3645 0.8222
vn -0.4427 0.3447 0.8278
vn -0.4716 0.3436 0.8121
vn -0.3758 -0.3596 0.8541
vn -0.1778 0.9341 0.3096
vn 0.1485 0.9408 -0.3048
vn 0.0360 0.9310 -0.3631
vn -0.2828 0.9253 0.2528
vn 0.4356 0.3646 -0.8230
vn 0.4432 -0.3444 -0.8276
vn 0.4850 -0.3411 -0.8052
vn 0.3879 0.3623 -0.8475
vn 0.1540 -0.9326 -0.3265
vn -0.1773 -0.9397 0.2924
vn -0.1802 -0.9399 0.2899
vn 0.1506 -0.9329 -0.3270
vn -0.4461 -0.3605 0.8191
vn -0.4377 0.3416 0.8317
vn -0.4378 0.3423 0.8314
vn -0.4466 -0.3617 0.8183
vn -0.1549 0.9326 0.3259
vn 0.1763 0.9397 -0.2930
vn 0.1729 0.9400 -0.2940
vn -0.1571 0.9331 0.3236
vn 0.4460 0.3606 -0.8192
vn 0.4375 -0.3416 -0.8318
vn 0.4372 -0.3423 -0.8317
vn 0.4450 0.3614 -0.8193
vn 0.1544 -0.9326 -0.3261
vn -0.1768 -0.9397 0.2928
vn -0.1769 -0.9397 0.2928
vn 0.1546 -0.9325 -0.3264
vn -0.4461 -0.3605 0.8192
vn -0.4376 0.3418 0.8317
vn -0.4376 0.3416 0.8317
vn -0.4460 -0.3606 0.8192
vn -0.1546 0.9325 0.3264
vn 0.1769 0.9397 -0.2928
vn 0.1768 0.9397 -0.2928
vn -0.1545 0.9326 0.3263
vn 0.4460 0.3605 -0.8192
vn 0.4376 -0.3417 -0.8317
vn 0.4376 -0.3415 -0.8318
vn 0.4459 0.3605 -0.8193
vn 0.1545 -0.9326 -0.3263
vn -0.1769 -0.9397 0.2929
vn -0.4460 -0.3603 0.8193
vn -0.4376 0.3417 0.8317
vn -0.4377 0.3415 0.8318
vn -0.4459 -0.3606 0.8192
vn -0.1546 0.9325 0.3265
vn -0.1545 0.9326 0.3262
vn 0.4460 0.3604 -0.8193
vn 0.4376 -0.3414 -0.8318
vn 0.4376 -0.3418 -0.8317
vn 0.1545 -0.9326 -0.3262
vn -0.4460 -0.3605 0.8192
vn -0.4377 0.3415 0.8317
vn -0.4376 0.3414 0.8318
vn -0.1544 0.9326 0.3262
vn 0.4377 -0.3417 -0.8317
vn 0.1545 -0.9325 -0.3264
vn -0.1769 -0.9396 0.2929
vn -0.1769 -0.9397 0.2927
vn -0.4376 0.3415 0.8318
vn -0.4461 -0.3604 0.8192
vn 0.1769 0.9397 -0.2929
vn -0.1545 0.9325 0.3263
vn 0.4375 -0.3421 -0.8316
vn 0.4459 0.3606 -0.8192
vn -0.4460 -0.3604 0.8193
vn -0.1545 0.9325 0.3264
vn 0.4377 -0.3412 -0.8319
vn 0.4461 0.3603 -0.8192
vn -0.4376 0.3416 0.8318
vn -0.4460 -0.3605 0.8193
vn 0.1769 0.9396 -0.2929
vn 0.1544 -0.9326 -0.3262
vn 0.4377 -0.3414 -0.8318
vn -0.4460 -0.3607 0.8191
vn -0.4376 0.3419 0.8316
vn -0.4376 0.3414 0.8319
vn 0.4376 -0.3416 -0.8318
vn 0.4376 -0.3418 -0.8316
vn 0.1545 -0.9325 -0.3263
vn -0.4377 0.3414 0.8318
vn -0.4459 -0.3608 0.8192
vn 0.4461 0.3603 -0.8193
vn 0.1546 -0.9324 -0.3265
vn 0.4461 0.3604 -0.8192
vn 0.4377 -0.3416 -0.8317
vn 0.4460 0.3604 -0.8192
vn -0.4461 -0.3604 0.8193
vn 0.1768 0.9397 -0.2929
vn 0.4376 -0.3419 -0.8316
vn 0.4376 -0.3414 -0.8319
vn 0.4459 0.3604 -0.8193
vn -0.1769 -0.9396 0.2930
vn 0.4376 -0.3413 -0.8318
vn -0.4377 0.3417 0.8317
vn 0.4460 0.3606 -0.8191
vn 0.4377 -0.3413 -0.8318
vn -0.1768 -0.9397 0.2927
vn 0.1546 -0.9325 -0.3265
vn 0.4376 -0.3419 -0.8317
vn -0.4459 -0.3607 0.8192
vn 0.1768 0.9397 -0.2927
vn -0.4461 -0.3603 0.8193
vn 0.4461 0.3606 -0.8191
vn -0.4461 -0.3603 0.8192
vn 0.4330 -0.8923 -0.1278
vn 0.1424 -0.8985 0.4153
vn -0.1421 -0.9394 0.3119
vn 0.1897 -0.9323 -0.3080
vn -0.1249 -0.3232 0.9381
vn -0.1176 0.2927 0.9490
vn -0.4022 0.3413 0.8496
vn -0.4105 -0.3617 0.8371
vn 0.1636 0.8793 0.4472
vn 0.4543 0.8857 -0.0960
vn 0.2120 0.9379 -0.2745
vn -0.1198 0.9308 0.3453
vn 0.7217 0.3105 -0.6186
vn 0.7143 -0.3054 -0.6297
vn 0.4721 -0.3429 -0.8121
vn 0.4805 0.3604 -0.7996
vn 0.2169 -0.7583 -0.6148
vn 0.6453 -0.7609 -0.0683
vn 0.6669 -0.7282 -0.1583
vn 0.2651 -0.7055 -0.6573
vn 0.7570 -0.2805 0.5902
vn 0.4814 0.2973 0.8245
vn 0.7487 0.2378 0.6188
vn 0.8313 -0.2931 0.4723
vn -0.1728 0.8027 0.5709
vn -0.6138 0.7884 0.0412
vn -0.5904 0.8058 0.0468
vn -0.1098 0.8862 0.4501
vn -0.7219 0.3007 -0.6232
vn -0.4068 -0.2756 -0.8709
vn -0.3669 -0.2468 -0.8969
vn -0.7278 0.3135 -0.6099
vn 0.2055 -0.7675 -0.6073
vn 0.6387 -0.7675 -0.0548
vn 0.6388 -0.7674 -0.0548
vn 0.2054 -0.7675 -0.6072
vn 0.7424 -0.2823 0.6075
vn 0.4336 0.2999 0.8497
vn 0.4336 0.3000 0.8497
vn 0.7424 -0.2823 0.6076
vn -0.1849 0.7851 0.5912
vn -0.6182 0.7851 0.0386
vn -0.6183 0.7850 0.0387
vn -0.1849 0.7851 0.5911
vn -0.7219 0.2999 -0.6236
vn -0.4130 -0.2823 -0.8659
vn -0.4131 -0.2822 -0.8659
vn 0.2054 -0.7675 -0.6073
vn 0.6388 -0.7675 -0.0548
vn 0.7424 -0.2824 0.6075
vn 0.4336 0.2998 0.8498
vn 0.7425 -0.2823 0.6075
vn -0.6184 0.7849 0.0387
vn -0.6182 0.7851 0.0387
vn -0.1849 0.7850 0.5912
vn -0.7219 0.3003 -0.6235
vn -0.4131 -0.2823 -0.8659
vn -0.4131 -0.2823 -0.8658
vn -0.7220 0.2997 -0.6236
vn 0.2055 -0.7674 -0.6073
vn 0.6389 -0.7673 -0.0548
vn 0.7425 -0.2822 0.6075
vn -0.1849 0.7850 0.5913
vn -0.4131 -0.2821 -0.8659
vn -0.4130 -0.2822 -0.8659
vn 0.7424 -0.2822 0.6076
vn 0.7425 -0.2822 0.6076
vn -0.1850 0.7850 0.5912
vn -0.7219 0.3000 -0.6235
vn -0.4130 -0.2825 -0.8658
vn -0.7219 0.3000 -0.6236
vn 0.2055 -0.7674 -0.6074
vn -0.6183 0.7850 0.0386
vn 0.6387 -0.7675 -0.0547
vn 0.4335 0.3001 0.8497
vn 0.4335 0.3000 0.8497
vn -0.6180 0.7853 0.0386
vn 0.4337 0.2998 0.8497
vn 0.7425 -0.2821 0.6076
vn -0.6180 0.7852 0.0387
vn -0.6181 0.7851 0.0387
vn -0.7218 0.3000 -0.6237
vn -0.4130 -0.2824 -0.8658
vn -0.7220 0.2999 -0.6236
vn 0.2054 -0.7676 -0.6072
vn -0.6182 0.7850 0.0387
vn -0.7220 0.2996 -0.6237
vn 0.7426 -0.2820 0.6075
vn 0.4336 0.3001 0.8497
vn -0.7220 0.2997 -0.6237
vn 0.6389 -0.7673 -0.0547
vn 0.6386 -0.7676 -0.0547
vn 0.2055 -0.7675 -0.6072
vn 0.7424 -0.2825 0.6075
vn -0.7219 0.2997 -0.6237
vn 0.6387 -0.7675 -0.0549
vn 0.7423 -0.2825 0.6075
vn 0.4335 0.2999 0.8498
vn 0.7426 -0.2819 0.6075
vn -0.1848 0.7852 0.5910
vn -0.1849 0.7852 0.5910
vn -0.7219 0.2998 -0.6236
vn 0.7425 -0.2823 0.6074
vn 0.4335 0.2998 0.8498
vn -0.6181 0.7852 0.0387
vn -0.7220 0.2998 -0.6236
vn -0.7219 0.3002 -0.6235
vn 0.4337 0.2998 0.8498
vn 0.7426 -0.2821 0.6075
vn -0.6184 0.7849 0.0386
vn -0.4131 -0.2824 -0.8658
vn -0.4130 -0.2821 -0.8659
vn -0.7219 0.2998 -0.6237
vn 0.6386 -0.7676 -0.0548
vn -0.6181 0.7851 0.0386
vn -0.6181 0.7852 0.0386
vn -0.7219 0.3001 -0.6236
vn 0.6390 -0.7673 -0.0548
vn 0.6388 -0.7675 -0.0547
vn 0.2054 -0.7674 -0.6073
vn 0.7425 -0.2825 0.6074
vn 0.2055 -0.7673 -0.6075
vn 0.6388 -0.7674 -0.0549
vn 0.7425 -0.2824 0.6075
vn -0.6180 0.7852 0.0386
vn -0.1850 0.7849 0.5913
vn -0.7220 0.3000 -0.6235
vn -0.4130 -0.2824 -0.8659
vn -0.7218 0.3001 -0.6236
vn 0.7424 -0.2826 0.6074
vn 0.4336 0.2997 0.8498
vn -0.1848 0.7851 0.5911
vn -0.4131 -0.2820 -0.8659
vn 0.6388 -0.7674 -0.0547
vn -0.6185 0.7849 0.0386
vn -0.6183 0.7850 0.0385
vn -0.7219 0.2999 -0.6237
vn 0.2056 -0.7674 -0.6073
vn 0.7425 -0.2824 0.6074
vn 0.3958 -0.5848 -0.7080
vn 0.7818 -0.5850 -0.2157
vn 0.6592 -0.7486 -0.0705
vn 0.2257 -0.7487 -0.6234
vn 0.8866 -0.0955 0.4526
vn 0.6112 0.4237 0.6685
vn 0.4536 0.3176 0.8327
vn 0.7627 -0.2645 0.5902
vn -0.0127 0.9130 0.4079
vn -0.3992 0.9130 -0.0848
vn -0.5969 0.8021 0.0218
vn -0.1634 0.8020 0.5746
vn -0.5036 0.4235 -0.7530
vn -0.2282 -0.0953 -0.9689
vn -0.3913 -0.2647 -0.8814
vn -0.7005 0.3178 -0.6390
vn 0.3975 -0.7063 -0.5857
vn 0.7009 -0.7130 0.0177
vn 0.7071 -0.7049 -0.0569
vn 0.4760 -0.6452 -0.5976
vn 0.6497 -0.2676 0.7115
vn 0.2320 0.2879 0.9291
vn 0.1980 0.3658 0.9094
vn 0.7046 -0.3079 0.6393
vn -0.4122 0.7212 0.5568
vn -0.7131 0.6997 -0.0437
vn -0.6080 0.7865 -0.1086
vn -0.4317 0.7750 0.4615
vn -0.6102 0.2765 -0.7424
vn -0.1881 -0.2610 -0.9468
vn -0.0419 -0.1848 -0.9819
vn -0.2789 0.2769 -0.9195
vn 0.3698 -0.7151 -0.5932
vn 0.6984 -0.7152 0.0268
vn 0.6989 -0.7147 0.0272
vn 0.3755 -0.7143 -0.5906
vn 0.6419 -0.2658 0.7193
vn 0.2442 0.2738 0.9303
vn 0.2408 0.2748 0.9309
vn 0.6419 -0.2659 0.7192
vn -0.3629 0.7222 0.5888
vn -0.6921 0.7211 -0.0309
vn -0.7049 0.7087 -0.0299
vn -0.3781 0.7179 0.5846
vn -0.6337 0.2736 -0.7235
vn -0.2350 -0.2656 -0.9350
vn -0.2256 -0.2660 -0.9372
vn -0.6354 0.2728 -0.7224
vn 0.3690 -0.7152 -0.5936
vn 0.6982 -0.7154 0.0267
vn 0.3690 -0.7153 -0.5935
vn 0.6419 -0.2656 0.7193
vn 0.2448 0.2737 0.9302
vn 0.2448 0.2737 0.9301
vn -0.3605 0.7232 0.5890
vn -0.6898 0.7233 -0.0313
vn -0.6900 0.7231 -0.0313
vn -0.3605 0.7233 0.5890
vn -0.6334 0.2737 -0.7238
vn -0.2363 -0.2657 -0.9347
vn -0.2364 -0.2657 -0.9346
vn 0.3689 -0.7153 -0.5935
vn 0.6983 -0.7153 0.0268
vn 0.6984 -0.7152 0.0267
vn 0.3690 -0.7152 -0.5935
vn 0.6418 -0.2658 0.7193
vn -0.3606 0.7231 0.5891
vn -0.6899 0.7232 -0.0312
vn -0.2364 -0.2658 -0.9346
vn -0.6335 0.2737 -0.7237
vn 0.3690 -0.7153 -0.5934
vn 0.6983 -0.7153 0.0267
vn 0.6419 -0.2657 0.7193
vn -0.3606 0.7232 0.5890
vn -0.3605 0.7234 0.5889
vn -0.6335 0.2736 -0.7238
vn -0.2363 -0.2657 -0.9346
vn -0.6334 0.2739 -0.7237
vn 0.3689 -0.7154 -0.5933
vn 0.3691 -0.7152 -0.5936
vn 0.2449 0.2738 0.9301
vn 0.2448 0.2736 0.9302
vn -0.3606 0.7231 0.5892
vn -0.6897 0.7235 -0.0313
vn -0.6901 0.7231 -0.0312
vn -0.2363 -0.2658 -0.9346
vn -0.6335 0.2735 -0.7238
vn 0.6985 -0.7151 0.0268
vn 0.6419 -0.2658 0.7192
vn 0.6418 -0.2659 0.7193
vn -0.3605 0.7233 0.5889
vn -0.6898 0.7233 -0.0312
vn -0.6900 0.7231 -0.0312
vn -0.6334 0.2738 -0.7237
vn 0.3689 -0.7154 -0.5934
vn -0.6901 0.7230 -0.0312
vn -0.6334 0.2738 -0.7238
vn -0.2363 -0.2656 -0.9347
vn 0.6418 -0.2656 0.7194
vn 0.6419 -0.2655 0.7193
vn -0.6901 0.7230 -0.0313
vn -0.6900 0.7232 -0.0312
vn 0.3690 -0.7151 -0.5937
vn 0.6420 -0.2656 0.7193
vn -0.3607 0.7231 0.5891
vn -0.2364 -0.2656 -0.9347
vn -0.6899 0.7233 -0.0312
vn 0.3691 -0.7152 -0.5935
vn -0.3606 0.7232 0.5891
vn -0.6897 0.7234 -0.0312
vn 0.3690 -0.7151 -0.5936
vn 0.2448 0.2739 0.9301
vn -0.3606 0.7233 0.5889
vn -0.6899 0.7232 -0.0311
vn 0.6985 -0.7151 0.0267
vn 0.6983 -0.7153 0.0269
vn 0.2448 0.2738 0.9301
vn -0.6334 0.2736 -0.7238
vn -0.6334 0.2735 -0.7238
vn 0.6420 -0.2655 0.7193
vn -0.3605 0.7232 0.5891
vn -0.6899 0.7232 -0.0313
vn 0.6419 -0.2659 0.7193
vn 0.2447 0.2737 0.9302
vn -0.3604 0.7235 0.5888
vn -0.6334 0.2737 -0.7237
vn 0.6982 -0.7154 0.0268
vn -0.6900 0.7231 -0.0311
vn -0.6896 0.7235 -0.0311
vn -0.2363 -0.2655 -0.9347
vn 0.3690 -0.7154 -0.5934
vn -0.6898 0.7234 -0.0312
vn 0.2449 0.2736 0.9301
vn -0.3606 0.7233 0.5890
vn 0.3688 -0.7154 -0.5934
vn 0.6418 -0.2657 0.7193
vn -0.6896 0.7235 -0.0312
vn -0.6334 0.2735 -0.7239
vn 0.6983 -0.7153 0.0266
vn 0.3692 -0.7149 -0.5938
vn -0.6898 0.7233 -0.0311
vn -0.6335 0.2736 -0.7237
vn -0.2364 -0.2659 -0.9346
vn -0.6334 0.2739 -0.7238
vn 0.2447 0.2737 0.9301
vn -0.3605 0.7235 0.5888
vn 0.6984 -0.7152 0.0266
vn 0.6418 -0.2660 0.7192
vn -0.2363 -0.2659 -0.9346
vn 0.5858 -0.4698 -0.6604
vn 0.8752 -0.4698 -0.1154
vn 0.7238 -0.6899 0.0134
vn 0.3942 -0.6899 -0.6072
vn 0.8189 -0.0230 0.5734
vn 0.4701 0.4510 0.7587
vn 0.2701 0.2986 0.9154
vn 0.6675 -0.2415 0.7044
vn -0.1321 0.8981 0.4195
vn -0.4213 0.8982 -0.1255
vn -0.6636 0.7467 -0.0458
vn -0.3337 0.7469 0.5752
vn -0.3653 0.4513 -0.8142
vn -0.0163 -0.0229 -0.9996
vn -0.2096 -0.2414 -0.9475
vn -0.6071 0.2985 -0.7365
vn 0.4813 0.7348 0.4779
vn 0.5497 0.5835 0.5978
vn 0.4905 0.7269 0.4807
vn 0.5289 0.5665 0.6319
vn 0.3802 0.8104 0.4458
vn 0.5936 0.7254 0.3485
vn 0.4312 0.8602 0.2720
vn 0.4531 0.7640 0.4594
vn -0.4512 -0.8719 -0.1902
vn -0.6612 -0.7499 0.0218
vn 0.4807 0.7113 0.5128
vn 0.5008 0.6681 0.5503
vn 0.4829 0.7340 0.4775
vn 0.5925 0.5503 0.5883
vn 0.4775 0.7543 0.4505
vn 0.2916 0.8810 0.3726
vn 0.4140 0.7949 0.4436
vn -0.2094 -0.9077 -0.3637
vn 0.0753 -0.8587 -0.5068
vn 0.0827 0.8399 -0.5364
vn 0.1423 0.7135 -0.6861
vn 0.0796 0.8336 -0.5466
vn 0.1824 0.6983 -0.6922
vn 0.1149 0.8982 -0.4244
vn -0.0878 0.8291 -0.5522
vn -0.0564 0.9329 -0.3557
vn 0.0838 0.8630 -0.4982
vn 0.1344 -0.9371 0.3220
vn 0.4267 -0.8175 0.3868
vn 0.1117 0.8209 -0.5601
vn 0.1309 0.7852 -0.6052
vn 0.0814 0.8393 -0.5375
vn 0.1100 0.6849 -0.7202
vn 0.0624 0.8554 -0.5141
vn 0.1069 0.9481 -0.2994
vn 0.0935 0.8868 -0.4527
vn -0.1478 -0.9633 0.2243
vn -0.4329 -0.8971 0.0890
vn 0.2158 0.9675 0.1318
vn 0.1465 0.9874 -0.0599
vn 0.2064 0.9706 0.1242
vn 0.1694 0.9808 -0.0962
vn 0.3131 0.9266 0.2082
vn 0.0683 0.9733 0.2192
vn 0.2197 0.9029 0.3694
vn 0.2425 0.9559 0.1656
vn -0.1730 -0.8824 -0.4374
vn 0.1398 -0.8496 -0.5086
vn 0.2209 0.9711 0.0902
vn 0.2021 0.9788 0.0330
vn 0.2141 0.9679 0.1316
vn 0.0942 0.9927 -0.0760
vn 0.2156 0.9624 0.1652
vn 0.3799 0.8711 0.3113
vn 0.2794 0.9394 0.1987
vn -0.4500 -0.8269 -0.3373
vn -0.7041 -0.6803 -0.2035
vn -0.5632 0.7584 0.3279
vn -0.6823 0.6098 0.4033
vn -0.5666 0.7516 0.3377
vn -0.7130 0.5882 0.3816
vn -0.5241 0.8224 0.2214
vn -0.4466 0.7716 0.4530
vn -0.3596 0.8893 0.2827
vn -0.5432 0.7849 0.2981
vn 0.2811 -0.9085 -0.3091
vn 0.0874 -0.8279 -0.5540
vn -0.5967 0.7329 0.3269
vn -0.6339 0.6903 0.3487
vn -0.5629 0.7579 0.3296
vn -0.6759 0.5830 0.4509
vn -0.5366 0.7790 0.3243
vn -0.4453 0.8856 0.1320
vn -0.5248 0.8115 0.2570
vn 0.4288 -0.9021 -0.0484
vn 0.5375 -0.8083 0.2404
vn 0.0011 0.9998 0.0197
vn 0.0484 0.9951 0.0860
vn 0.0343 0.9986 -0.0391
vn 0.0838 0.9785 0.1884
vn -0.0762 0.9907 -0.1124
vn 0.1721 0.9763 -0.1309
vn 0.0044 0.9602 -0.2792
vn -0.0046 0.9986 -0.0519
vn -0.0428 -0.9354 0.3510
vn -0.3356 -0.8333 0.4393
vn 0.0581 0.9971 0.0483
vn 0.0262 0.9989 -0.0401
vn 0.0232 0.9968 -0.0768
vn 0.1591 0.9733 0.1658
vn 0.0282 0.9971 -0.0711
vn -0.1573 0.9635 -0.2167
vn -0.0302 0.9988 -0.0392
vn 0.2368 -0.9407 0.2431
vn 0.5162 -0.8493 0.1106
vn -0.0890 0.8798 0.4670
vn -0.0683 0.8415 0.5360
vn -0.0370 0.9020 0.4301
vn -0.0705 0.7775 0.6249
vn -0.1130 0.9382 0.3273
vn 0.1258 0.9106 0.3937
vn 0.0242 0.9784 0.2054
vn -0.0686 0.9114 0.4058
vn -0.0876 -0.9849 -0.1491
vn -0.4000 -0.9066 -0.1346
vn -0.0460 0.8593 0.5095
vn -0.0442 0.9034 0.4265
vn -0.0337 0.9183 0.3944
vn 0.0080 0.7760 0.6307
vn -0.0311 0.9156 0.4009
vn -0.1489 0.9683 0.2008
vn -0.0969 0.9082 0.4072
vn 0.2115 -0.9672 -0.1407
vn 0.5112 -0.8525 -0.1089
vn 0.4011 0.6787 -0.6152
vn 0.4064 0.6197 -0.6714
vn 0.3421 0.7115 -0.6138
vn 0.4370 0.5301 -0.7266
vn 0.3717 0.7798 -0.5038
vn 0.1822 0.7304 -0.6582
vn 0.2031 0.8569 -0.4739
vn 0.3615 0.7285 -0.5819
vn -0.1234 -0.8811 0.4565
vn 0.1734 -0.8099 0.5604
vn 0.3777 0.6451 -0.6642
vn 0.3472 0.7140 -0.6080
vn 0.3264 0.7385 -0.5900
vn 0.3690 0.5263 -0.7661
vn 0.3265 0.7338 -0.5958
vn 0.3546 0.8499 -0.3898
vn 0.3870 0.7252 -0.5695
vn -0.3851 -0.8690 0.3108
vn -0.6237 -0.7729 0.1164
vn 0.5826 0.8106 -0.0601
vn 0.4817 0.8731 -0.0755
vn 0.4040 0.9133 -0.0526
vn 0.4585 0.8878 -0.0401
vn 0.2910 0.9545 -0.0648
vn 0.2252 0.9740 0.0236
vn 0.2243 0.9472 -0.2290
vn 0.5080 0.8602 -0.0442
vn -0.2289 -0.9696 0.0870
vn -0.2176 -0.9383 0.2687
vn 0.5412 0.8406 0.0206
vn 0.5250 0.8502 0.0406
vn 0.4816 0.8750 0.0492
vn 0.3715 0.9282 0.0195
vn 0.2870 0.9577 0.0229
vn 0.2244 0.9744 0.0140
vn 0.5116 0.8590 0.0200
vn -0.2274 -0.9726 -0.0489
vn -0.2083 -0.9515 -0.2266
vn -0.3790 0.8289 0.4115
vn -0.2908 0.8880 0.3562
vn -0.2458 0.9257 0.2875
vn -0.2959 0.9021 0.3141
vn -0.1511 0.9632 0.2223
vn -0.1585 0.9810 0.1121
vn 0.0063 0.9529 0.3033
vn -0.3315 0.8762 0.3499
vn 0.0892 -0.9761 -0.1983
vn -0.0371 -0.9435 -0.3292
vn -0.3995 0.8580 0.3229
vn -0.4000 0.8671 0.2970
vn -0.3721 0.8905 0.2617
vn -0.2678 0.9400 0.2114
vn -0.2052 0.9667 0.1532
vn -0.1515 0.9813 0.1188
vn -0.3761 0.8754 0.3037
vn 0.1767 -0.9797 -0.0944
vn 0.2788 -0.9589 0.0524
vn 0.0392 0.8593 0.5099
vn 0.0653 0.9118 0.4055
vn 0.0505 0.9451 0.3227
vn 0.0326 0.9252 0.3781
vn 0.0738 0.9753 0.2080
vn -0.0080 0.9911 0.1332
vn 0.2427 0.9573 0.1570
vn 0.0315 0.9023 0.4300
vn -0.1017 -0.9839 -0.1470
vn -0.2825 -0.9467 -0.1546
vn -0.0366 0.8876 0.4591
vn -0.0548 0.8962 0.4403
vn -0.0588 0.9171 0.3943
vn -0.0180 0.9590 0.2828
vn -0.0130 0.9805 0.1960
vn 0.0017 0.9911 0.1332
vn -0.0328 0.9032 0.4280
vn 0.0334 -0.9905 -0.1333
vn 0.2095 -0.9726 -0.1006
vn -0.2915 0.9264 0.2384
vn -0.2031 0.9257 0.3192
vn -0.1182 0.9292 0.3502
vn -0.1617 0.9377 0.3075
vn -0.0239 0.9062 0.4223
vn 0.0816 0.9184 0.3872
vn -0.0616 0.8182 0.5716
vn -0.2105 0.9371 0.2785
vn -0.0176 -0.8824 -0.4701
vn 0.0800 -0.7955 -0.6007
vn -0.2069 0.9565 0.2057
vn -0.1806 0.9628 0.2009
vn -0.1349 0.9655 0.2227
vn -0.0493 0.9484 0.3133
vn 0.0276 0.9338 0.3568
vn 0.0772 0.9153 0.3953
vn -0.1788 0.9575 0.2264
vn -0.0933 -0.9260 -0.3659
vn -0.1996 -0.9541 -0.2235
usemtl Material.020
f 1/1/1 2/2/1 3/3/1 4/4/1 5/5/1 6/6/1 7/7/1 8/8/1 9/9/1 10/10/1
f 3/3/2 11/11/2 12/12/2 13/13/2 14/14/2 15/15/2 4/4/2
f 16/16/3 12/12/3 11/11/3 17/17/3 18/18/3
f 19/19/4 20/20/4 18/18/4 17/17/4 21/21/4 22/22/4 23/23/4 24/24/4
f 25/25/5 26/26/5 27/27/5 28/28/5 29/29/5 30/30/5 31/31/5 32/32/5 22/22/5 33/33/5 34/34/5 35/35/5 36/36/5 37/37/5 38/38/5
f 39/39/6 33/33/6 22/22/6 21/21/6 40/40/6 27/27/6 26/26/6 41/41/6
f 42/42/7 43/43/7 44/44/7 45/45/7 46/46/7 40/40/7 47/47/7 48/48/7 49/49/7
f 8/8/8 7/7/8 50/50/8 51/51/8 52/52/8 53/53/8 54/54/8 2/2/8 1/1/8 55/55/8 56/56/8 57/57/8 58/58/8 59/59/8 60/60/8
f 61/61/9 62/62/9 47/63/9 63/64/9 64/65/9 65/66/9 66/67/9 67/68/9 68/69/9 69/70/9 70/71/9
f 71/72/10 72/73/10 73/74/10 74/75/10 75/76/10 62/62/10
f 76/77/11 77/78/11 3/3/11 2/2/11 78/79/11 79/80/11 80/81/11 81/82/11 82/83/11 83/84/11 84/85/11 85/86/11 86/87/11
f 87/88/12 82/83/12 81/82/12 88/89/12 89/90/12 90/91/12 91/92/12 11/11/12 3/3/12 77/78/12 92/93/12 93/94/12
f 94/95/13 95/96/13 17/17/13 11/11/13 91/92/13
f 96/97/14 21/21/14 17/17/14 95/96/14 97/98/14 98/99/14 99/100/14 100/101/14
f 101/102/15 102/103/15 103/104/15 104/105/15 40/40/15 21/21/15 96/97/15 105/106/15 106/107/15
f 107/108/16 47/47/16 40/40/16 108/109/16 109/110/16 110/111/16 111/112/16 112/113/16 113/114/16
f 114/115/17 78/79/17 2/2/17 54/54/17 115/116/17 116/117/17 117/118/17
f 118/119/18 119/120/18 120/121/18 121/122/18 122/123/18 123/124/18 124/125/18 47/63/18 62/62/18 125/126/18 126/127/18
f 127/128/19 62/62/19 75/76/19 128/129/19 129/130/19 130/131/19
f 131/132/20 132/133/20 133/134/20 134/135/20 135/136/20 136/137/20 137/138/20 138/139/20 139/140/20 140/141/20
f 133/134/21 141/142/21 142/143/21 143/144/21 144/145/21 145/146/21 134/135/21
f 146/147/22 142/143/22 141/142/22 147/148/22 148/149/22
f 149/150/23 150/151/23 148/149/23 147/148/23 151/152/23 152/153/23 153/154/23 154/155/23
f 155/156/24 156/157/24 157/158/24 158/159/24 159/160/24 160/161/24 161/162/24 162/163/24 152/153/24 163/164/24 164/165/24 165/166/24 166/167/24 167/168/24 168/169/24
f 169/170/25 163/164/25 152/153/25 151/152/25 170/171/25 157/158/25 156/157/25 171/172/25
f 172/173/26 173/174/26 174/175/26 175/176/26 176/177/26 170/171/26 177/178/26 178/179/26 179/180/26
f 138/139/27 137/138/27 180/181/27 181/182/27 182/183/27 183/184/27 184/185/27 132/133/27 131/132/27 185/186/27 186/187/27 187/188/27 188/189/27 189/190/27 190/191/27
f 191/192/28 192/193/28 177/194/28 193/195/28 194/196/28 195/197/28 196/198/28 197/199/28 198/200/28 199/201/28 200/202/28
f 201/203/29 202/204/29 203/205/29 204/206/29 205/207/29 192/193/29
f 206/208/30 207/209/30 133/134/30 132/133/30 208/210/30 209/211/30 210/212/30 211/213/30 212/214/30 213/215/30 214/216/30 215/217/30 216/218/30
f 217/219/31 212/214/31 211/213/31 218/220/31 219/221/31 220/222/31 221/223/31 141/142/31 133/134/31 207/209/31 222/224/31 223/225/31
f 224/226/32 225/227/32 147/148/32 141/142/32 221/223/32
f 226/228/33 151/152/33 147/148/33 225/227/33 227/229/33 228/230/33 229/231/33 230/232/33
f 231/233/34 232/234/34 233/235/34 234/236/34 170/171/34 151/152/34 226/228/34 235/237/34 236/238/34
f 237/239/35 177/178/35 170/171/35 238/240/35 239/241/35 240/242/35 241/243/35 242/244/35 243/245/35
f 244/246/36 208/210/36 132/133/36 184/185/36 245/247/36 246/248/36 247/249/36
f 248/250/37 249/251/37 250/252/37 251/253/37 252/254/37 253/255/37 254/256/37 177/194/37 192/193/37 255/257/37 256/258/37
f 257/259/38 192/193/38 205/207/38 258/260/38 259/261/38 260/262/38
f 261/263/39 262/264/39 263/265/39 264/266/39
f 262/264/40 265/267/40 266/268/40 263/265/40
f 263/265/41 266/268/41 267/269/41 268/270/41
f 264/266/42 263/265/42 268/270/42 269/271/42
f 270/272/43 271/273/43 272/274/43 273/275/43
f 271/273/44 269/271/44 274/276/44 272/274/44
f 272/274/45 274/276/45 275/277/45 276/278/45
f 273/275/46 272/274/46 276/278/46 277/279/46
f 278/280/47 279/281/47 280/282/47 281/283/47
f 279/281/48 270/272/48 273/275/48 280/282/48
f 280/282/49 273/275/49 277/279/49 282/284/49
f 281/283/50 280/282/50 282/284/50 283/285/50
f 267/269/51 284/286/51 285/287/51 286/288/51
f 284/286/52 278/280/52 281/283/52 285/287/52
f 285/287/53 281/283/53 283/285/53 287/289/53
f 286/288/54 285/287/54 287/289/54 288/290/54
f 277/279/55 289/291/55 290/292/55 291/293/55
f 292/294/56 293/295/56 290/292/56 289/291/56
f 294/296/57 291/293/57 290/292/57 293/295/57
f 269/271/58 268/270/58 295/297/58 274/276/58
f 268/270/59 267/269/59 286/288/59 295/297/59
f 295/297/60 286/288/60 288/290/60 296/298/60
f 274/276/61 295/297/61 296/298/61 275/277/61
f 297/299/62 298/300/62 299/301/62 300/302/62
f 301/303/63 302/304/63 299/301/63 298/300/63
f 303/305/64 300/302/64 299/301/64 302/304/64
f 304/306/65 305/307/65 306/308/65 307/309/65
f 297/299/66 300/302/66 306/308/66 305/307/66
f 303/305/67 307/309/67 306/308/67 300/302/67
f 308/310/68 309/311/68 310/312/68 311/313/68
f 309/311/69 312/314/69 313/315/69 310/312/69
f 310/312/70 313/315/70 314/316/70 315/317/70
f 311/313/71 310/312/71 315/317/71 316/318/71
f 317/319/72 318/320/72 319/321/72 320/322/72
f 318/320/73 308/310/73 311/313/73 319/321/73
f 319/321/74 311/313/74 316/318/74 321/323/74
f 320/322/75 319/321/75 321/323/75 322/324/75
f 323/325/76 324/326/76 325/327/76 326/328/76
f 283/285/77 327/329/77 325/327/77 324/326/77
f 328/330/78 326/328/78 325/327/78 327/329/78
f 275/277/79 329/331/79 330/332/79 276/278/79
f 292/294/80 289/291/80 330/332/80 329/331/80
f 277/279/81 276/278/81 330/332/81 289/291/81
f 331/333/82 332/334/82 333/335/82 334/336/82
f 304/306/83 307/309/83 333/335/83 332/334/83
f 303/305/84 334/336/84 333/335/84 307/309/84
f 335/337/85 336/338/85 337/339/85 338/340/85
f 336/338/86 317/319/86 320/322/86 337/339/86
f 337/339/87 320/322/87 322/324/87 339/341/87
f 338/340/88 337/339/88 339/341/88 340/342/88
f 275/277/89 341/343/89 342/344/89 329/331/89
f 343/345/90 344/346/90 342/344/90 341/343/90
f 292/294/91 329/331/91 342/344/91 344/346/91
f 312/314/92 345/347/92 346/348/92 313/315/92
f 345/347/93 335/337/93 338/340/93 346/348/93
f 346/348/94 338/340/94 340/342/94 347/349/94
f 313/315/95 346/348/95 347/349/95 314/316/95
f 316/318/96 315/317/96 348/350/96 349/351/96
f 315/317/97 314/316/97 350/352/97 348/350/97
f 348/350/98 350/352/98 351/353/98 352/354/98
f 349/351/99 348/350/99 352/354/99 353/355/99
f 322/324/100 321/323/100 354/356/100 355/357/100
f 321/323/101 316/318/101 349/351/101 354/356/101
f 354/356/102 349/351/102 353/355/102 356/358/102
f 355/357/103 354/356/103 356/358/103 357/359/103
f 288/290/104 287/289/104 358/360/104 359/361/104
f 283/285/105 324/326/105 358/360/105 287/289/105
f 323/325/106 359/361/106 358/360/106 324/326/106
f 360/362/107 361/363/107 362/364/107 363/365/107
f 288/290/108 359/361/108 362/364/108 361/363/108
f 323/325/109 363/365/109 362/364/109 359/361/109
f 364/366/110 365/367/110 366/368/110 367/369/110
f 368/370/111 369/371/111 366/368/111 365/367/111
f 370/372/112 367/369/112 366/368/112 369/371/112
f 297/299/113 371/373/113 372/374/113 298/300/113
f 373/375/114 374/376/114 372/374/114 371/373/114
f 301/303/115 298/300/115 372/374/115 374/376/115
f 340/342/116 339/341/116 375/377/116 376/378/116
f 339/341/117 322/324/117 355/357/117 375/377/117
f 375/377/118 355/357/118 357/359/118 377/379/118
f 376/378/119 375/377/119 377/379/119 378/380/119
f 314/316/120 347/349/120 379/381/120 350/352/120
f 347/349/121 340/342/121 376/378/121 379/381/121
f 379/381/122 376/378/122 378/380/122 380/382/122
f 350/352/123 379/381/123 380/382/123 351/353/123
f 381/383/124 382/384/124 383/385/124 384/386/124
f 304/306/125 332/334/125 383/385/125 382/384/125
f 331/333/126 384/386/126 383/385/126 332/334/126
f 385/387/127 386/388/127 387/389/127 388/390/127
f 381/383/128 384/386/128 387/389/128 386/388/128
f 331/333/129 388/390/129 387/389/129 384/386/129
f 353/355/130 352/354/130 389/391/130 390/392/130
f 352/354/131 351/353/131 391/393/131 389/391/131
f 389/391/132 391/393/132 392/394/132 393/395/132
f 390/392/133 389/391/133 393/395/133 394/396/133
f 357/359/134 356/358/134 395/397/134 396/398/134
f 356/358/135 353/355/135 390/392/135 395/397/135
f 395/397/136 390/392/136 394/396/136 397/399/136
f 396/398/137 395/397/137 397/399/137 398/400/137
f 378/380/138 377/379/138 399/401/138 400/402/138
f 377/379/139 357/359/139 396/398/139 399/401/139
f 399/401/140 396/398/140 398/400/140 401/403/140
f 400/402/141 399/401/141 401/403/141 402/404/141
f 351/353/142 380/382/142 403/405/142 391/393/142
f 380/382/143 378/380/143 400/402/143 403/405/143
f 403/405/144 400/402/144 402/404/144 404/406/144
f 391/393/145 403/405/145 404/406/145 392/394/145
f 405/407/146 406/408/146 407/409/146 408/410/146
f 406/408/147 409/411/147 410/412/147 407/409/147
f 407/409/148 410/412/148 411/413/148 412/414/148
f 408/410/149 407/409/149 412/414/149 413/415/149
f 414/416/150 415/417/150 416/418/150 417/419/150
f 415/417/151 405/407/151 408/410/151 416/418/151
f 416/418/152 408/410/152 413/415/152 418/420/152
f 417/419/153 416/418/153 418/420/153 419/421/153
f 420/422/154 421/423/154 422/424/154 423/425/154
f 421/423/155 414/416/155 417/419/155 422/424/155
f 422/424/156 417/419/156 419/421/156 424/426/156
f 423/425/157 422/424/157 424/426/157 425/427/157
f 409/411/158 426/428/158 427/429/158 410/412/158
f 426/428/159 420/422/159 423/425/159 427/429/159
f 427/429/160 423/425/160 425/427/160 428/430/160
f 410/412/161 427/429/161 428/430/161 411/413/161
f 429/431/162 430/432/162 431/433/162 432/434/162
f 433/435/163 434/436/163 431/433/163 430/432/163
f 435/437/164 432/434/164 431/433/164 434/436/164
f 436/438/165 437/439/165 438/440/165 439/441/165
f 429/431/166 432/434/166 438/440/166 437/439/166
f 435/437/167 439/441/167 438/440/167 432/434/167
f 413/415/168 412/414/168 440/442/168 441/443/168
f 412/414/169 411/413/169 442/444/169 440/442/169
f 440/442/170 442/444/170 443/445/170 444/446/170
f 441/443/171 440/442/171 444/446/171 445/447/171
f 419/421/172 418/420/172 446/448/172 447/449/172
f 418/420/173 413/415/173 441/443/173 446/448/173
f 446/448/174 441/443/174 445/447/174 448/450/174
f 447/449/175 446/448/175 448/450/175 449/451/175
f 425/427/176 424/426/176 450/452/176 451/453/176
f 424/426/177 419/421/177 447/449/177 450/452/177
f 450/452/178 447/449/178 449/451/178 452/454/178
f 451/453/179 450/452/179 452/454/179 453/455/179
f 411/413/180 428/430/180 454/456/180 442/444/180
f 428/430/181 425/427/181 451/453/181 454/456/181
f 454/456/182 451/453/182 453/455/182 455/457/182
f 442/444/183 454/456/183 455/457/183 443/445/183
f 456/458/184 457/459/184 458/460/184 459/461/184
f 457/459/185 460/462/185 461/463/185 458/460/185
f 458/460/186 461/463/186 462/464/186 463/465/186
f 459/461/187 458/460/187 463/465/187 464/466/187
f 465/467/188 466/468/188 467/469/188 468/470/188
f 466/468/189 456/458/189 459/461/189 467/469/189
f 467/469/190 459/461/190 464/466/190 469/471/190
f 468/470/191 467/469/191 469/471/191 470/472/191
f 471/473/192 472/474/192 473/475/192 474/476/192
f 475/477/193 476/478/193 473/475/193 472/474/193
f 477/479/194 474/476/194 473/475/194 476/478/194
f 478/480/195 479/481/195 480/482/195 481/483/195
f 436/438/196 439/441/196 480/482/196 479/481/196
f 435/437/197 481/483/197 480/482/197 439/441/197
f 482/484/198 483/485/198 484/486/198 485/487/198
f 483/485/199 465/467/199 468/470/199 484/486/199
f 484/486/200 468/470/200 470/472/200 486/488/200
f 485/487/201 484/486/201 486/488/201 487/489/201
f 488/490/202 489/491/202 490/492/202 491/493/202
f 478/480/203 481/483/203 490/492/203 489/491/203
f 435/437/204 491/493/204 490/492/204 481/483/204
f 460/462/205 492/494/205 493/495/205 461/463/205
f 492/494/206 482/484/206 485/487/206 493/495/206
f 493/495/207 485/487/207 487/489/207 494/496/207
f 461/463/208 493/495/208 494/496/208 462/464/208
f 464/466/209 463/465/209 495/497/209 496/498/209
f 463/465/210 462/464/210 497/499/210 495/497/210
f 495/497/211 497/499/211 498/500/211 499/501/211
f 496/498/212 495/497/212 499/501/212 500/502/212
f 470/472/213 469/471/213 501/503/213 502/504/213
f 469/471/214 464/466/214 496/498/214 501/503/214
f 501/503/215 496/498/215 500/502/215 503/505/215
f 502/504/216 501/503/216 503/505/216 504/506/216
f 487/489/217 486/488/217 505/507/217 506/508/217
f 486/488/218 470/472/218 502/504/218 505/507/218
f 505/507/219 502/504/219 504/506/219 507/509/219
f 506/508/220 505/507/220 507/509/220 508/510/220
f 462/464/221 494/496/221 509/511/221 497/499/221
f 494/496/222 487/489/222 506/508/222 509/511/222
f 509/511/223 506/508/223 508/510/223 510/512/223
f 497/499/224 509/511/224 510/512/224 498/500/224
f 370/372/225 511/513/225 512/514/225 513/515/225
f 511/513/226 514/516/226 515/517/226 512/514/226
f 512/514/227 515/517/227 516/518/227 517/519/227
f 513/515/228 512/514/228 517/519/228 518/520/228
f 477/479/229 519/521/229 520/522/229 521/523/229
f 519/521/230 370/372/230 513/515/230 520/522/230
f 520/522/231 513/515/231 518/520/231 522/524/231
f 521/523/232 520/522/232 522/524/232 523/525/232
f 524/526/233 525/527/233 526/528/233 527/529/233
f 525/527/234 477/479/234 521/523/234 526/528/234
f 526/528/235 521/523/235 523/525/235 528/530/235
f 527/529/236 526/528/236 528/530/236 529/531/236
f 514/516/237 530/532/237 531/533/237 515/517/237
f 530/532/238 524/526/238 527/529/238 531/533/238
f 531/533/239 527/529/239 529/531/239 532/534/239
f 515/517/240 531/533/240 532/534/240 516/518/240
f 518/520/241 517/519/241 533/535/241 534/536/241
f 517/519/242 516/518/242 535/537/242 533/535/242
f 533/535/243 535/537/243 536/538/243 537/539/243
f 534/536/244 533/535/244 537/539/244 538/540/244
f 523/525/245 522/524/245 539/541/245 540/542/245
f 522/524/246 518/520/246 534/536/246 539/541/246
f 539/541/247 534/536/247 538/540/247 541/543/247
f 540/542/248 539/541/248 541/543/248 542/544/248
f 529/531/249 528/530/249 543/545/249 544/546/249
f 528/530/250 523/525/250 540/542/250 543/545/250
f 543/545/251 540/542/251 542/544/251 545/547/251
f 544/546/252 543/545/252 545/547/252 546/548/252
f 516/518/253 532/534/253 547/549/253 535/537/253
f 532/534/254 529/531/254 544/546/254 547/549/254
f 547/549/255 544/546/255 546/548/255 548/550/255
f 535/537/256 547/549/256 548/550/256 536/538/256
f 381/383/257 549/551/257 550/552/257 551/553/257
f 549/551/258 552/554/258 553/555/258 550/552/258
f 550/552/259 553/555/259 554/556/259 555/557/259
f 551/553/260 550/552/260 555/557/260 556/558/260
f 557/559/261 558/560/261 559/561/261 560/562/261
f 561/563/262 562/564/262 559/561/262 558/560/262
f 563/565/263 560/562/263 559/561/263 562/564/263
f 564/566/264 565/567/264 566/568/264 567/569/264
f 568/570/265 569/571/265 566/568/265 565/567/265
f 570/572/266 567/569/266 566/568/266 569/571/266
f 571/573/267 572/574/267 573/575/267 574/576/267
f 575/577/268 576/578/268 573/575/268 572/574/268
f 563/565/269 574/576/269 573/575/269 576/578/269
f 304/306/270 382/384/270 577/579/270 578/580/270
f 382/384/271 381/383/271 551/553/271 577/579/271
f 577/579/272 551/553/272 556/558/272 579/581/272
f 578/580/273 577/579/273 579/581/273 580/582/273
f 297/299/274 305/307/274 581/583/274 582/584/274
f 305/307/275 304/306/275 578/580/275 581/583/275
f 581/583/276 578/580/276 580/582/276 583/585/276
f 582/584/277 581/583/277 583/585/277 584/586/277
f 552/554/278 585/587/278 586/588/278 553/555/278
f 585/587/279 297/299/279 582/584/279 586/588/279
f 586/588/280 582/584/280 584/586/280 587/589/280
f 553/555/281 586/588/281 587/589/281 554/556/281
f 556/558/282 555/557/282 588/590/282 589/591/282
f 555/557/283 554/556/283 590/592/283 588/590/283
f 588/590/284 590/592/284 568/570/284 565/567/284
f 589/591/285 588/590/285 565/567/285 564/566/285
f 580/582/286 579/581/286 591/593/286 592/594/286
f 579/581/287 556/558/287 589/591/287 591/593/287
f 591/593/288 589/591/288 564/566/288 593/595/288
f 592/594/289 591/593/289 593/595/289 594/596/289
f 584/586/290 583/585/290 595/597/290 596/598/290
f 583/585/291 580/582/291 592/594/291 595/597/291
f 595/597/292 592/594/292 594/596/292 597/599/292
f 596/598/293 595/597/293 597/599/293 598/600/293
f 554/556/294 587/589/294 599/601/294 590/592/294
f 587/589/295 584/586/295 596/598/295 599/601/295
f 599/601/296 596/598/296 598/600/296 600/602/296
f 590/592/297 599/601/297 600/602/297 568/570/297
f 601/603/298 602/604/298 603/605/298 604/606/298
f 605/607/299 606/608/299 603/605/299 602/604/299
f 561/563/300 604/606/300 603/605/300 606/608/300
f 605/607/301 602/604/301 607/609/301 608/610/301
f 601/603/302 609/611/302 607/609/302 602/604/302
f 571/573/303 608/610/303 607/609/303 609/611/303
f 610/612/304 611/613/304 612/614/304 613/615/304
f 611/613/305 343/345/305 614/616/305 612/614/305
f 612/614/306 614/616/306 615/617/306 616/618/306
f 613/615/307 612/614/307 616/618/307 617/619/307
f 618/620/308 619/621/308 620/622/308 621/623/308
f 619/621/309 610/612/309 613/615/309 620/622/309
f 620/622/310 613/615/310 617/619/310 622/624/310
f 621/623/311 620/622/311 622/624/311 623/625/311
f 594/596/312 624/626/312 625/627/312 626/628/312
f 627/629/313 628/630/313 625/627/313 624/626/313
f 629/631/314 626/628/314 625/627/314 628/630/314
f 360/362/315 630/632/315 631/633/315 632/634/315
f 630/632/316 618/620/316 621/623/316 631/633/316
f 631/633/317 621/623/317 623/625/317 633/635/317
f 632/634/318 631/633/318 633/635/318 634/636/318
f 343/345/319 635/637/319 636/638/319 614/616/319
f 635/637/320 360/362/320 632/634/320 636/638/320
f 636/638/321 632/634/321 634/636/321 637/639/321
f 614/616/322 636/638/322 637/639/322 615/617/322
f 638/640/323 639/641/323 640/642/323 641/643/323
f 642/644/324 643/645/324 640/642/324 639/641/324
f 644/646/325 641/643/325 640/642/325 643/645/325
f 627/629/326 624/626/326 645/647/326 646/648/326
f 594/596/327 593/595/327 645/647/327 624/626/327
f 564/566/328 646/648/328 645/647/328 593/595/328
f 647/649/329 648/650/329 649/651/329 650/652/329
f 651/653/330 652/654/330 649/651/330 648/650/330
f 653/655/331 650/652/331 649/651/331 652/654/331
f 598/600/332 654/656/332 655/657/332 600/602/332
f 414/416/333 656/658/333 655/657/333 654/656/333
f 568/570/334 600/602/334 655/657/334 656/658/334
f 617/619/335 616/618/335 657/659/335 658/660/335
f 616/618/336 615/617/336 659/661/336 657/659/336
f 657/659/337 659/661/337 460/462/337 457/459/337
f 658/660/338 657/659/338 457/459/338 456/458/338
f 598/600/339 660/662/339 661/663/339 654/656/339
f 405/407/340 415/417/340 661/663/340 660/662/340
f 414/416/341 654/656/341 661/663/341 415/417/341
f 405/407/342 660/662/342 662/664/342 663/665/342
f 598/600/343 597/599/343 662/664/343 660/662/343
f 594/596/344 663/665/344 662/664/344 597/599/344
f 664/666/345 665/667/345 666/668/345 667/669/345
f 312/314/346 309/311/346 666/668/346 665/667/346
f 308/310/347 667/669/347 666/668/347 309/311/347
f 623/625/348 622/624/348 668/670/348 669/671/348
f 622/624/349 617/619/349 658/660/349 668/670/349
f 668/670/350 658/660/350 456/458/350 466/468/350
f 669/671/351 668/670/351 466/468/351 465/467/351
f 634/636/352 633/635/352 670/672/352 671/673/352
f 633/635/353 623/625/353 669/671/353 670/672/353
f 670/672/354 669/671/354 465/467/354 483/485/354
f 671/673/355 670/672/355 483/485/355 482/484/355
f 672/674/356 673/675/356 674/676/356 675/677/356
f 536/538/357 676/678/357 674/676/357 673/675/357
f 335/337/358 675/677/358 674/676/358 676/678/358
f 615/617/359 637/639/359 677/679/359 659/661/359
f 637/639/360 634/636/360 671/673/360 677/679/360
f 677/679/361 671/673/361 482/484/361 492/494/361
f 659/661/362 677/679/362 492/494/362 460/462/362
f 678/680/363 679/681/363 680/682/363 681/683/363
f 679/681/364 436/438/364 682/684/364 680/682/364
f 680/682/365 682/684/365 683/685/365 684/686/365
f 681/683/366 680/682/366 684/686/366 685/687/366
f 686/688/367 687/689/367 688/690/367 689/691/367
f 687/689/368 678/680/368 681/683/368 688/690/368
f 688/690/369 681/683/369 685/687/369 690/692/369
f 689/691/370 688/690/370 690/692/370 691/693/370
f 478/480/371 692/694/371 693/695/371 694/696/371
f 692/694/372 686/688/372 689/691/372 693/695/372
f 693/695/373 689/691/373 691/693/373 695/697/373
f 694/696/374 693/695/374 695/697/374 696/698/374
f 697/699/375 698/700/375 699/701/375 700/702/375
f 701/703/376 702/704/376 699/701/376 698/700/376
f 703/705/377 700/702/377 699/701/377 702/704/377
f 436/438/378 479/481/378 704/706/378 682/684/378
f 479/481/379 478/480/379 694/696/379 704/706/379
f 704/706/380 694/696/380 696/698/380 705/707/380
f 682/684/381 704/706/381 705/707/381 683/685/381
f 642/644/382 706/708/382 707/709/382 643/645/382
f 697/699/383 708/710/383 707/709/383 706/708/383
f 644/646/384 643/645/384 707/709/384 708/710/384
f 709/711/385 710/712/385 711/713/385 712/714/385
f 713/715/386 714/716/386 711/713/386 710/712/386
f 644/646/387 712/714/387 711/713/387 714/716/387
f 715/717/388 716/718/388 717/719/388 718/720/388
f 716/718/389 719/721/389 720/722/389 717/719/389
f 717/719/390 720/722/390 721/723/390 722/724/390
f 718/720/391 717/719/391 722/724/391 723/725/391
f 642/644/392 724/726/392 725/727/392 706/708/392
f 701/703/393 698/700/393 725/727/393 724/726/393
f 697/699/394 706/708/394 725/727/394 698/700/394
f 685/687/395 684/686/395 726/728/395 727/729/395
f 684/686/396 683/685/396 728/730/396 726/728/396
f 726/728/397 728/730/397 575/577/397 572/574/397
f 727/729/398 726/728/398 572/574/398 571/573/398
f 691/693/399 690/692/399 729/731/399 730/732/399
f 690/692/400 685/687/400 727/729/400 729/731/400
f 729/731/401 727/729/401 571/573/401 609/611/401
f 730/732/402 729/731/402 609/611/402 601/603/402
f 642/644/403 731/733/403 732/734/403 724/726/403
f 733/735/404 734/736/404 732/734/404 731/733/404
f 701/703/405 724/726/405 732/734/405 734/736/405
f 735/737/406 736/738/406 737/739/406 738/740/406
f 709/711/407 739/741/407 737/739/407 736/738/407
f 740/742/408 738/740/408 737/739/408 739/741/408
f 735/737/409 741/743/409 742/744/409 736/738/409
f 713/715/410 710/712/410 742/744/410 741/743/410
f 709/711/411 736/738/411 742/744/411 710/712/411
f 696/698/412 695/697/412 743/745/412 744/746/412
f 695/697/413 691/693/413 730/732/413 743/745/413
f 743/745/414 730/732/414 601/603/414 745/747/414
f 744/746/415 743/745/415 745/747/415 746/748/415
f 733/735/416 731/733/416 747/749/416 748/750/416
f 642/644/417 639/641/417 747/749/417 731/733/417
f 638/640/418 748/750/418 747/749/418 639/641/418
f 683/685/419 705/707/419 749/751/419 728/730/419
f 705/707/420 696/698/420 744/746/420 749/751/420
f 749/751/421 744/746/421 746/748/421 750/752/421
f 728/730/422 749/751/422 750/752/422 575/577/422
f 651/653/423 751/753/423 752/754/423 652/654/423
f 753/755/424 754/756/424 752/754/424 751/753/424
f 653/655/425 652/654/425 752/754/425 754/756/425
f 755/757/426 756/758/426 757/759/426 758/760/426
f 756/758/427 759/761/427 760/762/427 757/759/427
f 757/759/428 760/762/428 761/763/428 762/764/428
f 758/760/429 757/759/429 762/764/429 763/765/429
f 764/766/430 765/767/430 766/768/430 767/769/430
f 765/767/431 755/757/431 758/760/431 766/768/431
f 766/768/432 758/760/432 763/765/432 768/770/432
f 767/769/433 766/768/433 768/770/433 769/771/433
f 557/559/434 770/772/434 771/773/434 772/774/434
f 770/772/435 764/766/435 767/769/435 771/773/435
f 771/773/436 767/769/436 769/771/436 773/775/436
f 772/774/437 771/773/437 773/775/437 774/776/437
f 715/717/438 775/777/438 776/778/438 777/779/438
f 778/780/439 779/781/439 776/778/439 775/777/439
f 780/782/440 777/779/440 776/778/440 779/781/440
f 759/761/441 781/783/441 782/784/441 760/762/441
f 781/783/442 557/559/442 772/774/442 782/784/442
f 782/784/443 772/774/443 774/776/443 783/785/443
f 760/762/444 782/784/444 783/785/444 761/763/444
f 763/765/445 762/764/445 784/786/445 785/787/445
f 762/764/446 761/763/446 786/788/446 784/786/446
f 784/786/447 786/788/447 787/789/447 788/790/447
f 785/787/448 784/786/448 788/790/448 385/387/448
f 715/717/449 789/791/449 790/792/449 775/777/449
f 791/793/450 792/794/450 790/792/450 789/791/450
f 778/780/451 775/777/451 790/792/451 792/794/451
f 793/795/452 794/796/452 795/797/452 796/798/452
f 651/653/453 648/650/453 795/797/453 794/796/453
f 647/649/454 796/798/454 795/797/454 648/650/454
f 769/771/455 768/770/455 797/799/455 798/800/455
f 768/770/456 763/765/456 785/787/456 797/799/456
f 797/799/457 785/787/457 385/387/457 799/801/457
f 798/800/458 797/799/458 799/801/458 301/303/458
f 774/776/459 773/775/459 800/802/459 801/803/459
f 773/775/460 769/771/460 798/800/460 800/802/460
f 800/802/461 798/800/461 301/303/461 374/376/461
f 801/803/462 800/802/462 374/376/462 373/375/462
f 791/793/463 789/791/463 802/804/463 803/805/463
f 715/717/464 718/720/464 802/804/464 789/791/464
f 723/725/465 803/805/465 802/804/465 718/720/465
f 761/763/466 783/785/466 804/806/466 786/788/466
f 783/785/467 774/776/467 801/803/467 804/806/467
f 804/806/468 801/803/468 373/375/468 805/807/468
f 786/788/469 804/806/469 805/807/469 787/789/469
f 806/808/470 807/809/470 808/810/470 809/811/470
f 807/809/471 810/812/471 811/813/471 808/810/471
f 808/810/472 811/813/472 812/814/472 813/815/472
f 809/811/473 808/810/473 813/815/473 814/816/473
f 815/817/474 816/818/474 817/819/474 818/820/474
f 816/818/475 819/821/475 820/822/475 817/819/475
f 817/819/476 820/822/476 821/823/476 822/824/476
f 818/820/477 817/819/477 822/824/477 823/825/477
f 824/826/478 825/827/478 826/828/478 827/829/478
f 825/827/479 828/830/479 829/831/479 826/828/479
f 826/828/480 829/831/480 830/832/480 831/833/480
f 827/829/481 826/828/481 831/833/481 832/834/481
f 833/835/482 834/836/482 835/837/482 836/838/482
f 834/836/483 837/839/483 838/840/483 835/837/483
f 835/837/484 838/840/484 839/841/484 840/842/484
f 836/838/485 835/837/485 840/842/485 841/843/485
f 842/844/486 843/845/486 844/846/486 845/847/486
f 843/845/487 846/848/487 847/849/487 844/846/487
f 844/846/488 847/849/488 848/850/488 849/851/488
f 845/847/489 844/846/489 849/851/489 850/852/489
f 851/853/490 852/854/490 853/855/490 854/856/490
f 855/857/491 856/858/491 853/855/491 852/854/491
f 857/859/492 854/856/492 853/855/492 856/858/492
f 858/860/493 859/861/493 860/862/493 861/863/493
f 862/864/494 863/865/494 860/862/494 859/861/494
f 864/866/495 861/863/495 860/862/495 863/865/495
f 865/867/496 866/868/496 867/869/496 868/870/496
f 866/868/497 869/871/497 870/872/497 867/869/497
f 867/869/498 870/872/498 871/873/498 872/874/498
f 868/870/499 867/869/499 872/874/499 873/875/499
f 874/876/500 875/877/500 876/878/500 877/879/500
f 878/880/501 879/881/501 876/878/501 875/877/501
f 880/882/502 877/879/502 876/878/502 879/881/502
f 881/883/503 882/884/503 883/885/503 884/886/503
f 885/887/504 886/888/504 883/885/504 882/884/504
f 887/889/505 884/886/505 883/885/505 886/888/505
f 888/890/506 889/891/506 890/892/506 891/893/506
f 889/891/507 892/894/507 893/895/507 890/892/507
f 890/892/508 893/895/508 894/896/508 895/897/508
f 891/893/509 890/892/509 895/897/509 896/898/509
f 897/899/510 898/900/510 899/901/510 900/902/510
f 898/900/511 901/903/511 902/904/511 899/901/511
f 899/901/512 902/904/512 903/905/512 904/906/512
f 900/902/513 899/901/513 904/906/513 905/907/513
f 906/908/514 907/909/514 908/910/514 909/911/514
f 907/909/515 910/912/515 911/913/515 908/910/515
f 908/910/516 911/913/516 912/914/516 913/915/516
f 909/911/517 908/910/517 913/915/517 914/916/517
f 915/917/518 916/918/518 917/919/518 918/920/518
f 916/918/519 919/921/519 920/922/519 917/919/519
f 917/919/520 920/922/520 921/923/520 922/924/520
f 918/920/521 917/919/521 922/924/521 923/925/521
f 924/926/522 925/927/522 926/928/522 927/929/522
f 925/927/523 928/930/523 929/931/523 926/928/523
f 926/928/524 929/931/524 930/932/524 931/933/524
f 927/929/525 926/928/525 931/933/525 932/934/525
f 933/935/526 934/936/526 935/937/526 936/938/526
f 934/936/527 937/939/527 938/940/527 935/937/527
f 935/937/528 938/940/528 939/941/528 940/942/528
f 936/938/529 935/937/529 940/942/529 941/943/529
f 942/944/530 943/945/530 944/946/530 945/947/530
f 946/948/531 947/949/531 944/946/531 943/945/531
f 948/950/532 945/947/532 944/946/532 947/949/532
f 949/951/533 950/952/533 951/953/533 952/954/533
f 885/887/534 882/884/534 951/953/534 950/952/534
f 881/883/535 952/954/535 951/953/535 882/884/535
f 723/725/536 722/724/536 953/955/536 954/956/536
f 722/724/537 721/723/537 955/957/537 953/955/537
f 953/955/538 955/957/538 956/958/538 957/959/538
f 954/956/539 953/955/539 957/959/539 651/653/539
f 958/960/540 959/961/540 960/962/540 961/963/540
f 962/964/541 963/965/541 960/962/541 959/961/541
f 881/883/542 961/963/542 960/962/542 963/965/542
f 964/966/543 965/967/543 966/968/543 967/969/543
f 968/970/544 969/971/544 966/968/544 965/967/544
f 949/951/545 967/969/545 966/968/545 969/971/545
f 651/653/546 957/959/546 970/972/546 751/753/546
f 957/959/547 956/958/547 971/973/547 970/972/547
f 970/972/548 971/973/548 972/974/548 973/975/548
f 751/753/549 970/972/549 973/975/549 753/755/549
f 753/755/550 973/975/550 974/976/550 975/977/550
f 973/975/551 972/974/551 976/978/551 974/976/551
f 974/976/552 976/978/552 719/721/552 716/718/552
f 975/977/553 974/976/553 716/718/553 715/717/553
f 360/362/554 363/365/554 977/979/554 630/632/554
f 363/365/555 323/325/555 326/328/555 977/979/555
f 977/979/556 326/328/556 328/330/556 978/980/556
f 630/632/557 977/979/557 978/980/557 618/620/557
f 713/715/558 979/981/558 980/982/558 714/716/558
f 979/981/559 981/983/559 982/984/559 980/982/559
f 980/982/560 982/984/560 983/985/560 984/986/560
f 714/716/561 980/982/561 984/986/561 644/646/561
f 985/987/562 986/988/562 987/989/562 988/990/562
f 986/988/563 392/394/563 404/406/563 987/989/563
f 987/989/564 404/406/564 402/404/564 989/991/564
f 988/990/565 987/989/565 989/991/565 990/992/565
f 292/294/566 344/346/566 991/993/566 293/295/566
f 344/346/567 343/345/567 611/613/567 991/993/567
f 991/993/568 611/613/568 610/612/568 992/994/568
f 293/295/569 991/993/569 992/994/569 294/296/569
f 433/435/570 993/995/570 994/996/570 995/997/570
f 993/995/571 394/396/571 393/395/571 994/996/571
f 994/996/572 393/395/572 392/394/572 986/988/572
f 995/997/573 994/996/573 986/988/573 985/987/573
f 990/992/574 989/991/574 996/998/574 997/999/574
f 989/991/575 402/404/575 401/403/575 996/998/575
f 996/998/576 401/403/576 398/400/576 998/1000/576
f 997/999/577 996/998/577 998/1000/577 429/431/577
f 420/422/578 426/428/578 999/1001/578 1000/1002/578
f 426/428/579 409/411/579 1001/1003/579 999/1001/579
f 999/1001/580 1001/1003/580 629/631/580 1002/1004/580
f 1000/1002/581 999/1001/581 1002/1004/581 570/572/581
f 429/431/582 998/1000/582 1003/1005/582 430/432/582
f 998/1000/583 398/400/583 397/399/583 1003/1005/583
f 1003/1005/584 397/399/584 394/396/584 993/995/584
f 430/432/585 1003/1005/585 993/995/585 433/435/585
f 275/277/586 296/298/586 1004/1006/586 341/343/586
f 296/298/587 288/290/587 361/363/587 1004/1006/587
f 1004/1006/588 361/363/588 360/362/588 635/637/588
f 341/343/589 1004/1006/589 635/637/589 343/345/589
f 610/612/590 619/621/590 1005/1007/590 992/994/590
f 619/621/591 618/620/591 978/980/591 1005/1007/591
f 1005/1007/592 978/980/592 328/330/592 1006/1008/592
f 992/994/593 1005/1007/593 1006/1008/593 294/296/593
f 328/330/594 1007/1009/594 1008/1010/594 1006/1008/594
f 1007/1009/595 443/445/595 455/457/595 1008/1010/595
f 1008/1010/596 455/457/596 453/455/596 1009/1011/596
f 1006/1008/597 1008/1010/597 1009/1011/597 294/296/597
f 294/296/598 1009/1011/598 1010/1012/598 291/293/598
f 1009/1011/599 453/455/599 452/454/599 1010/1012/599
f 1010/1012/600 452/454/600 449/451/600 1011/1013/600
f 291/293/601 1010/1012/601 1011/1013/601 277/279/601
f 277/279/602 1011/1013/602 1012/1014/602 282/284/602
f 1011/1013/603 449/451/603 448/450/603 1012/1014/603
f 1012/1014/604 448/450/604 445/447/604 1013/1015/604
f 282/284/605 1012/1014/605 1013/1015/605 283/285/605
f 283/285/606 1013/1015/606 1014/1016/606 327/329/606
f 1013/1015/607 445/447/607 444/446/607 1014/1016/607
f 1014/1016/608 444/446/608 443/445/608 1007/1009/608
f 327/329/609 1014/1016/609 1007/1009/609 328/330/609
f 498/500/610 510/512/610 1015/1017/610 499/501/610
f 510/512/611 508/510/611 507/509/611 1015/1017/611
f 1015/1017/612 507/509/612 504/506/612 503/505/612
f 499/501/613 1015/1017/613 503/505/613 500/502/613
f 405/407/614 663/665/614 1016/1018/614 406/408/614
f 663/665/615 594/596/615 626/628/615 1016/1018/615
f 1016/1018/616 626/628/616 629/631/616 1001/1003/616
f 406/408/617 1016/1018/617 1001/1003/617 409/411/617
f 568/570/618 656/658/618 1017/1019/618 569/571/618
f 656/658/619 414/416/619 421/423/619 1017/1019/619
f 1017/1019/620 421/423/620 420/422/620 1000/1002/620
f 569/571/621 1017/1019/621 1000/1002/621 570/572/621
f 601/603/622 1018/1020/622 1019/1021/622 745/747/622
f 1018/1020/623 759/761/623 756/758/623 1019/1021/623
f 1019/1021/624 756/758/624 755/757/624 1020/1022/624
f 745/747/625 1019/1021/625 1020/1022/625 746/748/625
f 746/748/626 1020/1022/626 1021/1023/626 750/752/626
f 1020/1022/627 755/757/627 765/767/627 1021/1023/627
f 1021/1023/628 765/767/628 764/766/628 1022/1024/628
f 750/752/629 1021/1023/629 1022/1024/629 575/577/629
f 557/559/630 560/562/630 1023/1025/630 770/772/630
f 560/562/631 563/565/631 576/578/631 1023/1025/631
f 1023/1025/632 576/578/632 575/577/632 1022/1024/632
f 770/772/633 1023/1025/633 1022/1024/633 764/766/633
f 678/680/634 1024/1026/634 1025/1027/634 679/681/634
f 1024/1026/635 990/992/635 997/999/635 1025/1027/635
f 1025/1027/636 997/999/636 429/431/636 437/439/636
f 679/681/637 1025/1027/637 437/439/637 436/438/637
f 561/563/638 558/560/638 1026/1028/638 604/606/638
f 558/560/639 557/559/639 781/783/639 1026/1028/639
f 1026/1028/640 781/783/640 759/761/640 1018/1020/640
f 604/606/641 1026/1028/641 1018/1020/641 601/603/641
f 1027/1029/642 1028/1030/642 1029/1031/642 1030/1032/642
f 1028/1030/643 686/688/643 692/694/643 1029/1031/643
f 1029/1031/644 692/694/644 478/480/644 489/491/644
f 1030/1032/645 1029/1031/645 489/491/645 488/490/645
f 990/992/646 1024/1026/646 1031/1033/646 1032/1034/646
f 1024/1026/647 678/680/647 687/689/647 1031/1033/647
f 1031/1033/648 687/689/648 686/688/648 1028/1030/648
f 1032/1034/649 1031/1033/649 1028/1030/649 1027/1029/649
f 552/554/650 1033/1035/650 1034/1036/650 585/587/650
f 1033/1035/651 787/789/651 805/807/651 1034/1036/651
f 1034/1036/652 805/807/652 373/375/652 371/373/652
f 585/587/653 1034/1036/653 371/373/653 297/299/653
f 538/540/654 1035/1037/654 1036/1038/654 541/543/654
f 1035/1037/655 664/666/655 667/669/655 1036/1038/655
f 1036/1038/656 667/669/656 308/310/656 1037/1039/656
f 541/543/657 1036/1038/657 1037/1039/657 542/544/657
f 546/548/658 1038/1040/658 1039/1041/658 548/550/658
f 1038/1040/659 317/319/659 336/338/659 1039/1041/659
f 1039/1041/660 336/338/660 335/337/660 676/678/660
f 548/550/661 1039/1041/661 676/678/661 536/538/661
f 552/554/662 549/551/662 1040/1042/662 1033/1035/662
f 549/551/663 381/383/663 386/388/663 1040/1042/663
f 1040/1042/664 386/388/664 385/387/664 788/790/664
f 1033/1035/665 1040/1042/665 788/790/665 787/789/665
f 546/548/666 545/547/666 1041/1043/666 1038/1040/666
f 545/547/667 542/544/667 1037/1039/667 1041/1043/667
f 1041/1043/668 1037/1039/668 308/310/668 318/320/668
f 1038/1040/669 1041/1043/669 318/320/669 317/319/669
f 672/674/670 675/677/670 1042/1044/670 1043/1045/670
f 675/677/671 335/337/671 345/347/671 1042/1044/671
f 1042/1044/672 345/347/672 312/314/672 665/667/672
f 1043/1045/673 1042/1044/673 665/667/673 664/666/673
f 638/640/674 1044/1046/674 1045/1047/674 1046/1048/674
f 1044/1046/675 1047/1049/675 1048/1050/675 1045/1047/675
f 1045/1047/676 1048/1050/676 981/983/676 979/981/676
f 1046/1048/677 1045/1047/677 979/981/677 713/715/677
f 778/780/678 1049/1051/678 1050/1052/678 779/781/678
f 1049/1051/679 647/649/679 650/652/679 1050/1052/679
f 1050/1052/680 650/652/680 653/655/680 1051/1053/680
f 779/781/681 1050/1052/681 1051/1053/681 780/782/681
f 793/795/682 1052/1054/682 1053/1055/682 794/796/682
f 1052/1054/683 791/793/683 803/805/683 1053/1055/683
f 1053/1055/684 803/805/684 723/725/684 954/956/684
f 794/796/685 1053/1055/685 954/956/685 651/653/685
f 990/992/686 1032/1034/686 1054/1056/686 988/990/686
f 1032/1034/687 1027/1029/687 1030/1032/687 1054/1056/687
f 1054/1056/688 1030/1032/688 488/490/688 1055/1057/688
f 988/990/689 1054/1056/689 1055/1057/689 985/987/689
f 1056/1058/690 1057/1059/690 1058/1060/690 1059/1061/690
f 1057/1059/691 1060/1062/691 1061/1063/691 1058/1060/691
f 1058/1060/692 1061/1063/692 1062/1064/692 1063/1065/692
f 1059/1061/693 1058/1060/693 1063/1065/693 1064/1066/693
f 1062/1064/694 1061/1063/694 1065/1067/694 1066/1068/694
f 1061/1063/695 1060/1062/695 1067/1069/695 1065/1067/695
f 1065/1067/696 1067/1069/696 880/882/696 1068/1070/696
f 1066/1068/697 1065/1067/697 1068/1070/697 946/948/697
f 475/477/698 1069/1071/698 1070/1072/698 476/478/698
f 1069/1071/699 364/366/699 367/369/699 1070/1072/699
f 1070/1072/700 367/369/700 370/372/700 519/521/700
f 476/478/701 1070/1072/701 519/521/701 477/479/701
f 1071/1073/702 1072/1074/702 1073/1075/702 1074/1076/702
f 1072/1074/703 524/526/703 530/532/703 1073/1075/703
f 1073/1075/704 530/532/704 514/516/704 1075/1077/704
f 1074/1076/705 1073/1075/705 1075/1077/705 1076/1078/705
f 740/742/706 739/741/706 1077/1079/706 1078/1080/706
f 739/741/707 709/711/707 1079/1081/707 1077/1079/707
f 1077/1079/708 1079/1081/708 703/705/708 702/704/708
f 1078/1080/709 1077/1079/709 702/704/709 701/703/709
f 946/948/710 1068/1070/710 1080/1082/710 947/949/710
f 1068/1070/711 880/882/711 879/881/711 1080/1082/711
f 1080/1082/712 879/881/712 878/880/712 1081/1083/712
f 947/949/713 1080/1082/713 1081/1083/713 948/950/713
f 964/966/714 1082/1084/714 1083/1085/714 965/967/714
f 1082/1084/715 1084/1086/715 1085/1087/715 1083/1085/715
f 1083/1085/716 1085/1087/716 1086/1088/716 1087/1089/716
f 965/967/717 1083/1085/717 1087/1089/717 968/970/717
f 713/715/718 741/743/718 1088/1090/718 1046/1048/718
f 741/743/719 735/737/719 1089/1091/719 1088/1090/719
f 1088/1090/720 1089/1091/720 733/735/720 748/750/720
f 1046/1048/721 1088/1090/721 748/750/721 638/640/721
f 1056/1058/722 1090/1092/722 1091/1093/722 1092/1094/722
f 1090/1092/723 1093/1095/723 1094/1096/723 1091/1093/723
f 1091/1093/724 1094/1096/724 878/880/724 875/877/724
f 1092/1094/725 1091/1093/725 875/877/725 874/876/725
f 1095/1097/726 1096/1098/726 1097/1099/726 1098/1100/726
f 1096/1098/727 958/960/727 961/963/727 1097/1099/727
f 1097/1099/728 961/963/728 881/883/728 884/886/728
f 1098/1100/729 1097/1099/729 884/886/729 887/889/729
f 471/473/730 474/476/730 1099/1101/730 1100/1102/730
f 474/476/731 477/479/731 525/527/731 1099/1101/731
f 1099/1101/732 525/527/732 524/526/732 1072/1074/732
f 1100/1102/733 1099/1101/733 1072/1074/733 1071/1073/733
f 1101/1103/734 1102/1104/734 1103/1105/734 1104/1106/734
f 1102/1104/735 1105/1107/735 1106/1108/735 1103/1105/735
f 1103/1105/736 1106/1108/736 1107/1109/736 1108/1110/736
f 1104/1106/737 1103/1105/737 1108/1110/737 1109/1111/737
f 864/866/738 863/865/738 1110/1112/738 1111/1113/738
f 863/865/739 862/864/739 1112/1114/739 1110/1112/739
f 1110/1112/740 1112/1114/740 1113/1115/740 1114/1116/740
f 1111/1113/741 1110/1112/741 1114/1116/741 1115/1117/741
f 368/370/742 1116/1118/742 1117/1119/742 369/371/742
f 1116/1118/743 1076/1078/743 1075/1077/743 1117/1119/743
f 1117/1119/744 1075/1077/744 514/516/744 511/513/744
f 369/371/745 1117/1119/745 511/513/745 370/372/745
f 958/960/746 1118/1120/746 1119/1121/746 959/961/746
f 1118/1120/747 1084/1086/747 1082/1084/747 1119/1121/747
f 1119/1121/748 1082/1084/748 964/966/748 1120/1122/748
f 959/961/749 1119/1121/749 1120/1122/749 962/964/749
f 1086/1088/750 1121/1123/750 1122/1124/750 1087/1089/750
f 1121/1123/751 1095/1097/751 1098/1100/751 1122/1124/751
f 1122/1124/752 1098/1100/752 887/889/752 1123/1125/752
f 1087/1089/753 1122/1124/753 1123/1125/753 968/970/753
f 1124/1126/754 1125/1127/754 1126/1128/754 1127/1129/754
f 1125/1127/755 1128/1130/755 1129/1131/755 1126/1128/755
f 1126/1128/756 1129/1131/756 862/864/756 859/861/756
f 1127/1129/757 1126/1128/757 859/861/757 858/860/757
f 1124/1126/758 1130/1132/758 1131/1133/758 1125/1127/758
f 1130/1132/759 855/857/759 852/854/759 1131/1133/759
f 1131/1133/760 852/854/760 851/853/760 1132/1134/760
f 1125/1127/761 1131/1133/761 1132/1134/761 1128/1130/761
f 855/857/762 1133/1135/762 1134/1136/762 856/858/762
f 1133/1135/763 864/866/763 1111/1113/763 1134/1136/763
f 1134/1136/764 1111/1113/764 1115/1117/764 1135/1137/764
f 856/858/765 1134/1136/765 1135/1137/765 857/859/765
f 1136/1138/766 1137/1139/766 1138/1140/766 1139/1141/766
f 1137/1139/767 1071/1073/767 1074/1076/767 1138/1140/767
f 1138/1140/768 1074/1076/768 1076/1078/768 1140/1142/768
f 1139/1141/769 1138/1140/769 1140/1142/769 1141/1143/769
f 1056/1058/770 1059/1061/770 1142/1144/770 1090/1092/770
f 1059/1061/771 1064/1066/771 1143/1145/771 1142/1144/771
f 1142/1144/772 1143/1145/772 942/944/772 1144/1146/772
f 1090/1092/773 1142/1144/773 1144/1146/773 1093/1095/773
f 1136/1138/774 1139/1141/774 1145/1147/774 1146/1148/774
f 1139/1141/775 1141/1143/775 1147/1149/775 1145/1147/775
f 1145/1147/776 1147/1149/776 364/366/776 1069/1071/776
f 1146/1148/777 1145/1147/777 1069/1071/777 475/477/777
f 1148/1150/778 1149/1151/778 1150/1152/778 1151/1153/778
f 1149/1151/779 1152/1154/779 1153/1155/779 1150/1152/779
f 1150/1152/780 1153/1155/780 1115/1117/780 1114/1116/780
f 1151/1153/781 1150/1152/781 1114/1116/781 1113/1115/781
f 1128/1130/782 1132/1134/782 1154/1156/782 1155/1157/782
f 1132/1134/783 851/853/783 1156/1158/783 1154/1156/783
f 1154/1156/784 1156/1158/784 1152/1154/784 1149/1151/784
f 1155/1157/785 1154/1156/785 1149/1151/785 1148/1150/785
f 265/267/786 1157/1159/786 1158/1160/786 266/268/786
f 1157/1159/787 1159/1161/787 1160/1162/787 1158/1160/787
f 1158/1160/788 1160/1162/788 278/280/788 284/286/788
f 266/268/789 1158/1160/789 284/286/789 267/269/789
f 1159/1161/790 1161/1163/790 1162/1164/790 1160/1162/790
f 1161/1163/791 1163/1165/791 1164/1166/791 1162/1164/791
f 1162/1164/792 1164/1166/792 270/272/792 279/281/792
f 1160/1162/793 1162/1164/793 279/281/793 278/280/793
f 1163/1165/794 1165/1167/794 1166/1168/794 1164/1166/794
f 1165/1167/795 261/263/795 264/266/795 1166/1168/795
f 1166/1168/796 264/266/796 269/271/796 271/273/796
f 1164/1166/797 1166/1168/797 271/273/797 270/272/797
f 1167/1169/798 1168/1170/798 1169/1171/798 1170/1172/798
f 1168/1170/799 1171/1173/799 1172/1174/799 1169/1171/799
f 1169/1171/800 1172/1174/800 265/267/800 262/264/800
f 1170/1172/801 1169/1171/801 262/264/801 261/263/801
f 1171/1173/802 1173/1175/802 1174/1176/802 1172/1174/802
f 1173/1175/803 1175/1177/803 1176/1178/803 1174/1176/803
f 1174/1176/804 1176/1178/804 1159/1161/804 1157/1159/804
f 1172/1174/805 1174/1176/805 1157/1159/805 265/267/805
f 1175/1177/806 1177/1179/806 1178/1180/806 1176/1178/806
f 1177/1179/807 1179/1181/807 1180/1182/807 1178/1180/807
f 1178/1180/808 1180/1182/808 1163/1165/808 1161/1163/808
f 1176/1178/809 1178/1180/809 1161/1163/809 1159/1161/809
f 1179/1181/810 1181/1183/810 1182/1184/810 1180/1182/810
f 1181/1183/811 1167/1169/811 1170/1172/811 1182/1184/811
f 1182/1184/812 1170/1172/812 261/263/812 1165/1167/812
f 1180/1182/813 1182/1184/813 1165/1167/813 1163/1165/813
f 1183/1185/814 1184/1186/814 1185/1187/814 1186/1188/814
f 1184/1186/815 1187/1189/815 1188/1190/815 1185/1187/815
f 1185/1187/816 1188/1190/816 1171/1173/816 1168/1170/816
f 1186/1188/817 1185/1187/817 1168/1170/817 1167/1169/817
f 1187/1189/818 1189/1191/818 1190/1192/818 1188/1190/818
f 1189/1191/819 1191/1193/819 1192/1194/819 1190/1192/819
f 1190/1192/820 1192/1194/820 1175/1177/820 1173/1175/820
f 1188/1190/818 1190/1192/818 1173/1175/818 1171/1173/818
f 1191/1193/821 1193/1195/821 1194/1196/821 1192/1194/821
f 1193/1195/822 1195/1197/822 1196/1198/822 1194/1196/822
f 1194/1196/823 1196/1198/823 1179/1181/823 1177/1179/823
f 1192/1194/824 1194/1196/824 1177/1179/824 1175/1177/824
f 1195/1197/825 1197/1199/825 1198/1200/825 1196/1198/825
f 1197/1199/826 1183/1185/826 1186/1188/826 1198/1200/826
f 1198/1200/827 1186/1188/827 1167/1169/827 1181/1183/827
f 1196/1198/828 1198/1200/828 1181/1183/828 1179/1181/828
f 1199/1201/829 1200/1202/829 1201/1203/829 1202/1204/829
f 1200/1202/830 1203/1205/830 1204/1206/830 1201/1203/830
f 1201/1203/831 1204/1206/831 1187/1189/831 1184/1186/831
f 1202/1204/832 1201/1203/832 1184/1186/832 1183/1185/832
f 1203/1205/833 1205/1207/833 1206/1208/833 1204/1206/833
f 1205/1207/834 1207/1209/834 1208/1210/834 1206/1208/834
f 1206/1208/835 1208/1210/835 1191/1193/835 1189/1191/835
f 1204/1206/818 1206/1208/818 1189/1191/818 1187/1189/818
f 1207/1209/836 1209/1211/836 1210/1212/836 1208/1210/836
f 1209/1211/822 1211/1213/822 1212/1214/822 1210/1212/822
f 1210/1212/822 1212/1214/822 1195/1197/822 1193/1195/822
f 1208/1210/837 1210/1212/837 1193/1195/837 1191/1193/837
f 1211/1213/838 1213/1215/838 1214/1216/838 1212/1214/838
f 1213/1215/839 1199/1201/839 1202/1204/839 1214/1216/839
f 1214/1216/840 1202/1204/840 1183/1185/840 1197/1199/840
f 1212/1214/841 1214/1216/841 1197/1199/841 1195/1197/841
f 1215/1217/842 1216/1218/842 1217/1219/842 1218/1220/842
f 1216/1218/843 1219/1221/843 1220/1222/843 1217/1219/843
f 1217/1219/844 1220/1222/844 1203/1205/844 1200/1202/844
f 1218/1220/845 1217/1219/845 1200/1202/845 1199/1201/845
f 1219/1221/846 1221/1223/846 1222/1224/846 1220/1222/846
f 1221/1223/847 1223/1225/847 1224/1226/847 1222/1224/847
f 1222/1224/848 1224/1226/848 1207/1209/848 1205/1207/848
f 1220/1222/849 1222/1224/849 1205/1207/849 1203/1205/849
f 1223/1225/850 1225/1227/850 1226/1228/850 1224/1226/850
f 1225/1227/851 1227/1229/851 1228/1230/851 1226/1228/851
f 1226/1228/852 1228/1230/852 1211/1213/852 1209/1211/852
f 1224/1226/853 1226/1228/853 1209/1211/853 1207/1209/853
f 1227/1229/854 1229/1231/854 1230/1232/854 1228/1230/854
f 1229/1231/855 1215/1217/855 1218/1220/855 1230/1232/855
f 1230/1232/856 1218/1220/856 1199/1201/856 1213/1215/856
f 1228/1230/857 1230/1232/857 1213/1215/857 1211/1213/857
f 1231/1233/858 1232/1234/858 1233/1235/858 1234/1236/858
f 1232/1234/859 1235/1237/859 1236/1238/859 1233/1235/859
f 1233/1235/860 1236/1238/860 1219/1221/860 1216/1218/860
f 1234/1236/861 1233/1235/861 1216/1218/861 1215/1217/861
f 1235/1237/862 1237/1239/862 1238/1240/862 1236/1238/862
f 1237/1239/863 1239/1241/863 1240/1242/863 1238/1240/863
f 1238/1240/864 1240/1242/864 1223/1225/864 1221/1223/864
f 1236/1238/865 1238/1240/865 1221/1223/865 1219/1221/865
f 1239/1241/866 1241/1243/866 1242/1244/866 1240/1242/866
f 1241/1243/867 1243/1245/867 1244/1246/867 1242/1244/867
f 1242/1244/868 1244/1246/868 1227/1229/868 1225/1227/868
f 1240/1242/869 1242/1244/869 1225/1227/869 1223/1225/869
f 1243/1245/870 1245/1247/870 1246/1248/870 1244/1246/870
f 1245/1247/871 1231/1233/871 1234/1236/871 1246/1248/871
f 1246/1248/872 1234/1236/872 1215/1217/872 1229/1231/872
f 1244/1246/873 1246/1248/873 1229/1231/873 1227/1229/873
f 1247/1249/874 1248/1250/874 1249/1251/874 1250/1252/874
f 1248/1250/875 1251/1253/875 1252/1254/875 1249/1251/875
f 1249/1251/876 1252/1254/876 1235/1237/876 1232/1234/876
f 1250/1252/877 1249/1251/877 1232/1234/877 1231/1233/877
f 1251/1253/878 1253/1255/878 1254/1256/878 1252/1254/878
f 1253/1255/879 1255/1257/879 1256/1258/879 1254/1256/879
f 1254/1256/880 1256/1258/880 1239/1241/880 1237/1239/880
f 1252/1254/881 1254/1256/881 1237/1239/881 1235/1237/881
f 1255/1257/882 1257/1259/882 1258/1260/882 1256/1258/882
f 1257/1259/883 1259/1261/883 1260/1262/883 1258/1260/883
f 1258/1260/884 1260/1262/884 1243/1245/884 1241/1243/884
f 1256/1258/885 1258/1260/885 1241/1243/885 1239/1241/885
f 1259/1261/886 1261/1263/886 1262/1264/886 1260/1262/886
f 1261/1263/887 1247/1249/887 1250/1252/887 1262/1264/887
f 1262/1264/888 1250/1252/888 1231/1233/888 1245/1247/888
f 1260/1262/889 1262/1264/889 1245/1247/889 1243/1245/889
f 701/703/890 734/736/890 1263/1265/890 1264/1266/890
f 734/736/891 733/735/891 1265/1267/891 1263/1265/891
f 1263/1265/892 1265/1267/892 1251/1253/892 1248/1250/892
f 1264/1266/893 1263/1265/893 1248/1250/893 1247/1249/893
f 733/735/894 1089/1091/894 1266/1268/894 1265/1267/894
f 1089/1091/895 735/737/895 1267/1269/895 1266/1268/895
f 1266/1268/896 1267/1269/896 1255/1257/896 1253/1255/896
f 1265/1267/897 1266/1268/897 1253/1255/897 1251/1253/897
f 735/737/898 738/740/898 1268/1270/898 1267/1269/898
f 738/740/899 740/742/899 1269/1271/899 1268/1270/899
f 1268/1270/900 1269/1271/900 1259/1261/900 1257/1259/900
f 1267/1269/901 1268/1270/901 1257/1259/901 1255/1257/901
f 740/742/902 1078/1080/902 1270/1272/902 1269/1271/902
f 1078/1080/903 701/703/903 1264/1266/903 1270/1272/903
f 1270/1272/904 1264/1266/904 1247/1249/904 1261/1263/904
f 1269/1271/905 1270/1272/905 1261/1263/905 1259/1261/905
f 1271/1273/906 1272/1274/906 1273/1275/906 1274/1276/906
f 1272/1274/907 1275/1277/907 1276/1278/907 1273/1275/907
f 1273/1275/908 1276/1278/908 981/983/908 1048/1050/908
f 1274/1276/909 1273/1275/909 1048/1050/909 1047/1049/909
f 1275/1277/910 1277/1279/910 1278/1280/910 1276/1278/910
f 1277/1279/911 1279/1281/911 1280/1282/911 1278/1280/911
f 1278/1280/912 1280/1282/912 983/985/912 982/984/912
f 1276/1278/913 1278/1280/913 982/984/913 981/983/913
f 1281/1283/914 1282/1284/914 1283/1285/914 1284/1286/914
f 1282/1284/915 1285/1287/915 1286/1288/915 1283/1285/915
f 1283/1285/916 1286/1288/916 1271/1273/916 1287/1289/916
f 1284/1286/917 1283/1285/917 1287/1289/917 1288/1290/917
f 1285/1287/918 1289/1291/918 1290/1292/918 1286/1288/918
f 1289/1291/919 1291/1293/919 1292/1294/919 1290/1292/919
f 1290/1292/920 1292/1294/920 1275/1277/920 1272/1274/920
f 1286/1288/921 1290/1292/921 1272/1274/921 1271/1273/921
f 1291/1293/922 1293/1295/922 1294/1296/922 1292/1294/922
f 1293/1295/923 1295/1297/923 1296/1298/923 1294/1296/923
f 1294/1296/924 1296/1298/924 1279/1281/924 1277/1279/924
f 1292/1294/925 1294/1296/925 1277/1279/925 1275/1277/925
f 1295/1297/926 1297/1299/926 1298/1300/926 1296/1298/926
f 1297/1299/927 1281/1283/927 1284/1286/927 1298/1300/927
f 1298/1300/928 1284/1286/928 1288/1290/928 1299/1301/928
f 1296/1298/929 1298/1300/929 1299/1301/929 1279/1281/929
f 1300/1302/930 1301/1303/930 1302/1304/930 1303/1305/930
f 1301/1303/931 1304/1306/931 1305/1307/931 1302/1304/931
f 1302/1304/932 1305/1307/932 1285/1287/932 1282/1284/932
f 1303/1305/933 1302/1304/933 1282/1284/933 1281/1283/933
f 1304/1306/934 1306/1308/934 1307/1309/934 1305/1307/934
f 1306/1308/935 1308/1310/935 1309/1311/935 1307/1309/935
f 1307/1309/936 1309/1311/936 1291/1293/936 1289/1291/936
f 1305/1307/937 1307/1309/937 1289/1291/937 1285/1287/937
f 1308/1310/938 1310/1312/938 1311/1313/938 1309/1311/938
f 1310/1312/939 1312/1314/939 1313/1315/939 1311/1313/939
f 1311/1313/940 1313/1315/940 1295/1297/940 1293/1295/940
f 1309/1311/941 1311/1313/941 1293/1295/941 1291/1293/941
f 1312/1314/942 1314/1316/942 1315/1317/942 1313/1315/942
f 1314/1316/943 1300/1302/943 1303/1305/943 1315/1317/943
f 1315/1317/944 1303/1305/944 1281/1283/944 1297/1299/944
f 1313/1315/942 1315/1317/942 1297/1299/942 1295/1297/942
f 1316/1318/945 1317/1319/945 1318/1320/945 1319/1321/945
f 1317/1319/931 1320/1322/931 1321/1323/931 1318/1320/931
f 1318/1320/932 1321/1323/932 1304/1306/932 1301/1303/932
f 1319/1321/933 1318/1320/933 1301/1303/933 1300/1302/933
f 1320/1322/937 1322/1324/937 1323/1325/937 1321/1323/937
f 1322/1324/946 1324/1326/946 1325/1327/946 1323/1325/946
f 1323/1325/947 1325/1327/947 1308/1310/947 1306/1308/947
f 1321/1323/948 1323/1325/948 1306/1308/948 1304/1306/948
f 1324/1326/949 1326/1328/949 1327/1329/949 1325/1327/949
f 1326/1328/939 1328/1330/939 1329/1331/939 1327/1329/939
f 1327/1329/939 1329/1331/939 1312/1314/939 1310/1312/939
f 1325/1327/950 1327/1329/950 1310/1312/950 1308/1310/950
f 1328/1330/951 1330/1332/951 1331/1333/951 1329/1331/951
f 1330/1332/952 1316/1318/952 1319/1321/952 1331/1333/952
f 1331/1333/953 1319/1321/953 1300/1302/953 1314/1316/953
f 1329/1331/954 1331/1333/954 1314/1316/954 1312/1314/954
f 1332/1334/955 1333/1335/955 1334/1336/955 1335/1337/955
f 1333/1335/931 1336/1338/931 1337/1339/931 1334/1336/931
f 1334/1336/956 1337/1339/956 1320/1322/956 1317/1319/956
f 1335/1337/957 1334/1336/957 1317/1319/957 1316/1318/957
f 1336/1338/958 1338/1340/958 1339/1341/958 1337/1339/958
f 1338/1340/959 1340/1342/959 1341/1343/959 1339/1341/959
f 1339/1341/960 1341/1343/960 1324/1326/960 1322/1324/960
f 1337/1339/934 1339/1341/934 1322/1324/934 1320/1322/934
f 1340/1342/961 1342/1344/961 1343/1345/961 1341/1343/961
f 1342/1344/940 1344/1346/940 1345/1347/940 1343/1345/940
f 1343/1345/940 1345/1347/940 1328/1330/940 1326/1328/940
f 1341/1343/962 1343/1345/962 1326/1328/962 1324/1326/962
f 1344/1346/963 1346/1348/963 1347/1349/963 1345/1347/963
f 1346/1348/964 1332/1334/964 1335/1337/964 1347/1349/964
f 1347/1349/943 1335/1337/943 1316/1318/943 1330/1332/943
f 1345/1347/963 1347/1349/963 1330/1332/963 1328/1330/963
f 1348/1350/965 1349/1351/965 1350/1352/965 1351/1353/965
f 1349/1351/966 1352/1354/966 1353/1355/966 1350/1352/966
f 1350/1352/967 1353/1355/967 1336/1338/967 1333/1335/967
f 1351/1353/933 1350/1352/933 1333/1335/933 1332/1334/933
f 1352/1354/948 1354/1356/948 1355/1357/948 1353/1355/948
f 1354/1356/968 1356/1358/968 1357/1359/968 1355/1357/968
f 1355/1357/936 1357/1359/936 1340/1342/936 1338/1340/936
f 1353/1355/937 1355/1357/937 1338/1340/937 1336/1338/937
f 1356/1358/969 1358/1360/969 1359/1361/969 1357/1359/969
f 1358/1360/970 1360/1362/970 1361/1363/970 1359/1361/970
f 1359/1361/939 1361/1363/939 1344/1346/939 1342/1344/939
f 1357/1359/949 1359/1361/949 1342/1344/949 1340/1342/949
f 1360/1362/942 1362/1364/942 1363/1365/942 1361/1363/942
f 1362/1364/971 1348/1350/971 1351/1353/971 1363/1365/971
f 1363/1365/964 1351/1353/964 1332/1334/964 1346/1348/964
f 1361/1363/951 1363/1365/951 1346/1348/951 1344/1346/951
f 1364/1366/930 1365/1367/930 1366/1368/930 1367/1369/930
f 1365/1367/966 1368/1370/966 1369/1371/966 1366/1368/966
f 1366/1368/931 1369/1371/931 1352/1354/931 1349/1351/931
f 1367/1369/972 1366/1368/972 1349/1351/972 1348/1350/972
f 1368/1370/937 1370/1372/937 1371/1373/937 1369/1371/937
f 1370/1372/960 1372/1374/960 1373/1375/960 1371/1373/960
f 1371/1373/973 1373/1375/973 1356/1358/973 1354/1356/973
f 1369/1371/948 1371/1373/948 1354/1356/948 1352/1354/948
f 1372/1374/949 1374/1376/949 1375/1377/949 1373/1375/949
f 1374/1376/940 1376/1378/940 1377/1379/940 1375/1377/940
f 1375/1377/939 1377/1379/939 1360/1362/939 1358/1360/939
f 1373/1375/949 1375/1377/949 1358/1360/949 1356/1358/949
f 1376/1378/974 1378/1380/974 1379/1381/974 1377/1379/974
f 1378/1380/975 1364/1366/975 1367/1369/975 1379/1381/975
f 1379/1381/976 1367/1369/976 1348/1350/976 1362/1364/976
f 1377/1379/963 1379/1381/963 1362/1364/963 1360/1362/963
f 1380/1382/977 1381/1383/977 1382/1384/977 1383/1385/977
f 1381/1383/966 1384/1386/966 1385/1387/966 1382/1384/966
f 1382/1384/978 1385/1387/978 1368/1370/978 1365/1367/978
f 1383/1385/945 1382/1384/945 1365/1367/945 1364/1366/945
f 1384/1386/937 1386/1388/937 1387/1389/937 1385/1387/937
f 1386/1388/979 1388/1390/979 1389/1391/979 1387/1389/979
f 1387/1389/980 1389/1391/980 1372/1374/980 1370/1372/980
f 1385/1387/937 1387/1389/937 1370/1372/937 1368/1370/937
f 1388/1390/938 1390/1392/938 1391/1393/938 1389/1391/938
f 1390/1392/939 1392/1394/939 1393/1395/939 1391/1393/939
f 1391/1393/939 1393/1395/939 1376/1378/939 1374/1376/939
f 1389/1391/941 1391/1393/941 1374/1376/941 1372/1374/941
f 1392/1394/954 1394/1396/954 1395/1397/954 1393/1395/954
f 1394/1396/981 1380/1382/981 1383/1385/981 1395/1397/981
f 1395/1397/982 1383/1385/982 1364/1366/982 1378/1380/982
f 1393/1395/951 1395/1397/951 1378/1380/951 1376/1378/951
f 1396/1398/930 1397/1399/930 1398/1400/930 1399/1401/930
f 1397/1399/967 1400/1402/967 1401/1403/967 1398/1400/967
f 1398/1400/983 1401/1403/983 1384/1386/983 1381/1383/983
f 1399/1401/984 1398/1400/984 1381/1383/984 1380/1382/984
f 1400/1402/934 1402/1404/934 1403/1405/934 1401/1403/934
f 1402/1404/935 1404/1406/935 1405/1407/935 1403/1405/935
f 1403/1405/960 1405/1407/960 1388/1390/960 1386/1388/960
f 1401/1403/937 1403/1405/937 1386/1388/937 1384/1386/937
f 1404/1406/949 1406/1408/949 1407/1409/949 1405/1407/949
f 1406/1408/985 1408/1410/985 1409/1411/985 1407/1409/985
f 1407/1409/940 1409/1411/940 1392/1394/940 1390/1392/940
f 1405/1407/986 1407/1409/986 1390/1392/986 1388/1390/986
f 1408/1410/942 1410/1412/942 1411/1413/942 1409/1411/942
f 1410/1412/944 1396/1398/944 1399/1401/944 1411/1413/944
f 1411/1413/944 1399/1401/944 1380/1382/944 1394/1396/944
f 1409/1411/942 1411/1413/942 1394/1396/942 1392/1394/942
f 1412/1414/987 1413/1415/987 1414/1416/987 1415/1417/987
f 1413/1415/931 1416/1418/931 1417/1419/931 1414/1416/931
f 1414/1416/931 1417/1419/931 1400/1402/931 1397/1399/931
f 1415/1417/930 1414/1416/930 1397/1399/930 1396/1398/930
f 1416/1418/937 1418/1420/937 1419/1421/937 1417/1419/937
f 1418/1420/960 1420/1422/960 1421/1423/960 1419/1421/960
f 1419/1421/935 1421/1423/935 1404/1406/935 1402/1404/935
f 1417/1419/958 1419/1421/958 1402/1404/958 1400/1402/958
f 1420/1422/988 1422/1424/988 1423/1425/988 1421/1423/988
f 1422/1424/939 1424/1426/939 1425/1427/939 1423/1425/939
f 1423/1425/940 1425/1427/940 1408/1410/940 1406/1408/940
f 1421/1423/989 1423/1425/989 1406/1408/989 1404/1406/989
f 1424/1426/963 1426/1428/963 1427/1429/963 1425/1427/963
f 1426/1428/953 1412/1414/953 1415/1417/953 1427/1429/953
f 1427/1429/964 1415/1417/964 1396/1398/964 1410/1412/964
f 1425/1427/963 1427/1429/963 1410/1412/963 1408/1410/963
f 1428/1430/990 1429/1431/990 1430/1432/990 1431/1433/990
f 1429/1431/931 1432/1434/931 1433/1435/931 1430/1432/931
f 1430/1432/991 1433/1435/991 1416/1418/991 1413/1415/991
f 1431/1433/992 1430/1432/992 1413/1415/992 1412/1414/992
f 1432/1434/993 1434/1436/993 1435/1437/993 1433/1435/993
f 1434/1436/994 1436/1438/994 1437/1439/994 1435/1437/994
f 1435/1437/936 1437/1439/936 1420/1422/936 1418/1420/936
f 1433/1435/937 1435/1437/937 1418/1420/937 1416/1418/937
f 1436/1438/949 1438/1440/949 1439/1441/949 1437/1439/949
f 1438/1440/940 1440/1442/940 1441/1443/940 1439/1441/940
f 1439/1441/939 1441/1443/939 1424/1426/939 1422/1424/939
f 1437/1439/995 1439/1441/995 1422/1424/995 1420/1422/995
f 1440/1442/954 1442/1444/954 1443/1445/954 1441/1443/954
f 1442/1444/944 1428/1430/944 1431/1433/944 1443/1445/944
f 1443/1445/996 1431/1433/996 1412/1414/996 1426/1428/996
f 1441/1443/974 1443/1445/974 1426/1428/974 1424/1426/974
f 1444/1446/997 1445/1447/997 1446/1448/997 1447/1449/997
f 1445/1447/998 1448/1450/998 1449/1451/998 1446/1448/998
f 1446/1448/999 1449/1451/999 1432/1434/999 1429/1431/999
f 1447/1449/1000 1446/1448/1000 1429/1431/1000 1428/1430/1000
f 1448/1450/1001 1450/1452/1001 1451/1453/1001 1449/1451/1001
f 1450/1452/994 1452/1454/994 1453/1455/994 1451/1453/994
f 1451/1453/994 1453/1455/994 1436/1438/994 1434/1436/994
f 1449/1451/1002 1451/1453/1002 1434/1436/1002 1432/1434/1002
f 1452/1454/1003 1454/1456/1003 1455/1457/1003 1453/1455/1003
f 1454/1456/1004 1456/1458/1004 1457/1459/1004 1455/1457/1004
f 1455/1457/1005 1457/1459/1005 1440/1442/1005 1438/1440/1005
f 1453/1455/1006 1455/1457/1006 1438/1440/1006 1436/1438/1006
f 1456/1458/1007 1458/1460/1007 1459/1461/1007 1457/1459/1007
f 1458/1460/1008 1444/1446/1008 1447/1449/1008 1459/1461/1008
f 1459/1461/1009 1447/1449/1009 1428/1430/1009 1442/1444/1009
f 1457/1459/963 1459/1461/963 1442/1444/963 1440/1442/963
f 1460/1462/1010 1461/1463/1010 1462/1464/1010 1463/1465/1010
f 1461/1463/1011 1464/1466/1011 1465/1467/1011 1462/1464/1011
f 1462/1464/1012 1465/1467/1012 1448/1450/1012 1445/1447/1012
f 1463/1465/1013 1462/1464/1013 1445/1447/1013 1444/1446/1013
f 1464/1466/1014 1466/1468/1014 1467/1469/1014 1465/1467/1014
f 1466/1468/1015 1468/1470/1015 1469/1471/1015 1467/1469/1015
f 1467/1469/1016 1469/1471/1016 1452/1454/1016 1450/1452/1016
f 1465/1467/1017 1467/1469/1017 1450/1452/1017 1448/1450/1017
f 1468/1470/1018 1470/1472/1018 1471/1473/1018 1469/1471/1018
f 1470/1472/1019 1472/1474/1019 1473/1475/1019 1471/1473/1019
f 1471/1473/1020 1473/1475/1020 1456/1458/1020 1454/1456/1020
f 1469/1471/1021 1471/1473/1021 1454/1456/1021 1452/1454/1021
f 1472/1474/1022 1474/1476/1022 1475/1477/1022 1473/1475/1022
f 1474/1476/1023 1460/1462/1023 1463/1465/1023 1475/1477/1023
f 1475/1477/1024 1463/1465/1024 1444/1446/1024 1458/1460/1024
f 1473/1475/1025 1475/1477/1025 1458/1460/1025 1456/1458/1025
f 1476/1478/1026 1477/1479/1026 1478/1480/1026 1479/1481/1026
f 1477/1479/1027 1480/1482/1027 1481/1483/1027 1478/1480/1027
f 1478/1480/1028 1481/1483/1028 570/572/1028 1002/1004/1028
f 1479/1481/1029 1478/1480/1029 1002/1004/1029 629/631/1029
f 1480/1482/1030 1482/1484/1030 1483/1485/1030 1481/1483/1030
f 1482/1484/1031 1484/1486/1031 1485/1487/1031 1483/1485/1031
f 1483/1485/1032 1485/1487/1032 564/566/1032 567/569/1032
f 1481/1483/1033 1483/1485/1033 567/569/1033 570/572/1033
f 1484/1486/1034 1486/1488/1034 1487/1489/1034 1485/1487/1034
f 1486/1488/1035 1488/1490/1035 1489/1491/1035 1487/1489/1035
f 1487/1489/1036 1489/1491/1036 627/629/1036 646/648/1036
f 1485/1487/1037 1487/1489/1037 646/648/1037 564/566/1037
f 1488/1490/1038 1490/1492/1038 1491/1493/1038 1489/1491/1038
f 1490/1492/1039 1476/1478/1039 1479/1481/1039 1491/1493/1039
f 1491/1493/1040 1479/1481/1040 629/631/1040 628/630/1040
f 1489/1491/1041 1491/1493/1041 628/630/1041 627/629/1041
f 778/780/1042 792/794/1042 1492/1494/1042 1493/1495/1042
f 792/794/1043 791/793/1043 1494/1496/1043 1492/1494/1043
f 1492/1494/1044 1494/1496/1044 1480/1482/1044 1477/1479/1044
f 1493/1495/1045 1492/1494/1045 1477/1479/1045 1476/1478/1045
f 791/793/1046 1052/1054/1046 1495/1497/1046 1494/1496/1046
f 1052/1054/1047 793/795/1047 1496/1498/1047 1495/1497/1047
f 1495/1497/1048 1496/1498/1048 1484/1486/1048 1482/1484/1048
f 1494/1496/1049 1495/1497/1049 1482/1484/1049 1480/1482/1049
f 793/795/1050 796/798/1050 1497/1499/1050 1496/1498/1050
f 796/798/1051 647/649/1051 1498/1500/1051 1497/1499/1051
f 1497/1499/1052 1498/1500/1052 1488/1490/1052 1486/1488/1052
f 1496/1498/1053 1497/1499/1053 1486/1488/1053 1484/1486/1053
f 647/649/1054 1049/1051/1054 1499/1501/1054 1498/1500/1054
f 1049/1051/1055 778/780/1055 1493/1495/1055 1499/1501/1055
f 1499/1501/1056 1493/1495/1056 1476/1478/1056 1490/1492/1056
f 1498/1500/1057 1499/1501/1057 1490/1492/1057 1488/1490/1057
f 1500/1502/1058 1501/1503/1058 1502/1504/1058 1503/1505/1058
f 1501/1503/1059 1504/1506/1059 1505/1507/1059 1502/1504/1059
f 1502/1504/1060 1505/1507/1060 715/717/1060 777/779/1060
f 1503/1505/1061 1502/1504/1061 777/779/1061 780/782/1061
f 1504/1506/1062 1506/1508/1062 1507/1509/1062 1505/1507/1062
f 1506/1508/1063 1508/1510/1063 1509/1511/1063 1507/1509/1063
f 1507/1509/1064 1509/1511/1064 753/755/1064 975/977/1064
f 1505/1507/1065 1507/1509/1065 975/977/1065 715/717/1065
f 1508/1510/1066 1510/1512/1066 1511/1513/1066 1509/1511/1066
f 1510/1512/1067 1512/1514/1067 1513/1515/1067 1511/1513/1067
f 1511/1513/1068 1513/1515/1068 653/655/1068 754/756/1068
f 1509/1511/1069 1511/1513/1069 754/756/1069 753/755/1069
f 1512/1514/1070 1514/1516/1070 1515/1517/1070 1513/1515/1070
f 1514/1516/1071 1500/1502/1071 1503/1505/1071 1515/1517/1071
f 1515/1517/1072 1503/1505/1072 780/782/1072 1051/1053/1072
f 1513/1515/1073 1515/1517/1073 1051/1053/1073 653/655/1073
f 1516/1518/1074 1517/1519/1074 1518/1520/1074 1519/1521/1074
f 1517/1519/1075 1520/1522/1075 1521/1523/1075 1518/1520/1075
f 1518/1520/1076 1521/1523/1076 1504/1506/1076 1501/1503/1076
f 1519/1521/1077 1518/1520/1077 1501/1503/1077 1500/1502/1077
f 1520/1522/1078 1522/1524/1078 1523/1525/1078 1521/1523/1078
f 1522/1524/1079 1524/1526/1079 1525/1527/1079 1523/1525/1079
f 1523/1525/1080 1525/1527/1080 1508/1510/1080 1506/1508/1080
f 1521/1523/1081 1523/1525/1081 1506/1508/1081 1504/1506/1081
f 1524/1526/1082 1526/1528/1082 1527/1529/1082 1525/1527/1082
f 1526/1528/1083 1528/1530/1083 1529/1531/1083 1527/1529/1083
f 1527/1529/1084 1529/1531/1084 1512/1514/1084 1510/1512/1084
f 1525/1527/1085 1527/1529/1085 1510/1512/1085 1508/1510/1085
f 1528/1530/1086 1530/1532/1086 1531/1533/1086 1529/1531/1086
f 1530/1532/1087 1516/1518/1087 1519/1521/1087 1531/1533/1087
f 1531/1533/1088 1519/1521/1088 1500/1502/1088 1514/1516/1088
f 1529/1531/1086 1531/1533/1086 1514/1516/1086 1512/1514/1086
f 1532/1534/1089 1533/1535/1089 1534/1536/1089 1535/1537/1089
f 1533/1535/1090 1536/1538/1090 1537/1539/1090 1534/1536/1090
f 1534/1536/1091 1537/1539/1091 1520/1522/1091 1517/1519/1091
f 1535/1537/1089 1534/1536/1089 1517/1519/1089 1516/1518/1089
f 1536/1538/1092 1538/1540/1092 1539/1541/1092 1537/1539/1092
f 1538/1540/1093 1540/1542/1093 1541/1543/1093 1539/1541/1093
f 1539/1541/1094 1541/1543/1094 1524/1526/1094 1522/1524/1094
f 1537/1539/1092 1539/1541/1092 1522/1524/1092 1520/1522/1092
f 1540/1542/1095 1542/1544/1095 1543/1545/1095 1541/1543/1095
f 1542/1544/1083 1544/1546/1083 1545/1547/1083 1543/1545/1083
f 1543/1545/1083 1545/1547/1083 1528/1530/1083 1526/1528/1083
f 1541/1543/1096 1543/1545/1096 1526/1528/1096 1524/1526/1096
f 1544/1546/1086 1546/1548/1086 1547/1549/1086 1545/1547/1086
f 1546/1548/1097 1532/1534/1097 1535/1537/1097 1547/1549/1097
f 1547/1549/1097 1535/1537/1097 1516/1518/1097 1530/1532/1097
f 1545/1547/1086 1547/1549/1086 1530/1532/1086 1528/1530/1086
f 1548/1550/1089 1549/1551/1089 1550/1552/1089 1551/1553/1089
f 1549/1551/1090 1552/1554/1090 1553/1555/1090 1550/1552/1090
f 1550/1552/1090 1553/1555/1090 1536/1538/1090 1533/1535/1090
f 1551/1553/1089 1550/1552/1089 1533/1535/1089 1532/1534/1089
f 1552/1554/1098 1554/1556/1098 1555/1557/1098 1553/1555/1098
f 1554/1556/1093 1556/1558/1093 1557/1559/1093 1555/1557/1093
f 1555/1557/1094 1557/1559/1094 1540/1542/1094 1538/1540/1094
f 1553/1555/1099 1555/1557/1099 1538/1540/1099 1536/1538/1099
f 1556/1558/1100 1558/1560/1100 1559/1561/1100 1557/1559/1100
f 1558/1560/1101 1560/1562/1101 1561/1563/1101 1559/1561/1101
f 1559/1561/1083 1561/1563/1083 1544/1546/1083 1542/1544/1083
f 1557/1559/1096 1559/1561/1096 1542/1544/1096 1540/1542/1096
f 1560/1562/1086 1562/1564/1086 1563/1565/1086 1561/1563/1086
f 1562/1564/1097 1548/1550/1097 1551/1553/1097 1563/1565/1097
f 1563/1565/1102 1551/1553/1102 1532/1534/1102 1546/1548/1102
f 1561/1563/1086 1563/1565/1086 1546/1548/1086 1544/1546/1086
f 1564/1566/1103 1565/1567/1103 1566/1568/1103 1567/1569/1103
f 1565/1567/1090 1568/1570/1090 1569/1571/1090 1566/1568/1090
f 1566/1568/1090 1569/1571/1090 1552/1554/1090 1549/1551/1090
f 1567/1569/1104 1566/1568/1104 1549/1551/1104 1548/1550/1104
f 1568/1570/1092 1570/1572/1092 1571/1573/1092 1569/1571/1092
f 1570/1572/1094 1572/1574/1094 1573/1575/1094 1571/1573/1094
f 1571/1573/1094 1573/1575/1094 1556/1558/1094 1554/1556/1094
f 1569/1571/1092 1571/1573/1092 1554/1556/1092 1552/1554/1092
f 1572/1574/1105 1574/1576/1105 1575/1577/1105 1573/1575/1105
f 1574/1576/1083 1576/1578/1083 1577/1579/1083 1575/1577/1083
f 1575/1577/1083 1577/1579/1083 1560/1562/1083 1558/1560/1083
f 1573/1575/1100 1575/1577/1100 1558/1560/1100 1556/1558/1100
f 1576/1578/1086 1578/1580/1086 1579/1581/1086 1577/1579/1086
f 1578/1580/1106 1564/1566/1106 1567/1569/1106 1579/1581/1106
f 1579/1581/1097 1567/1569/1097 1548/1550/1097 1562/1564/1097
f 1577/1579/1107 1579/1581/1107 1562/1564/1107 1560/1562/1107
f 1580/1582/1108 1581/1583/1108 1582/1584/1108 1583/1585/1108
f 1581/1583/1109 1584/1586/1109 1585/1587/1109 1582/1584/1109
f 1582/1584/1110 1585/1587/1110 1568/1570/1110 1565/1567/1110
f 1583/1585/1111 1582/1584/1111 1565/1567/1111 1564/1566/1111
f 1584/1586/1092 1586/1588/1092 1587/1589/1092 1585/1587/1092
f 1586/1588/1094 1588/1590/1094 1589/1591/1094 1587/1589/1094
f 1587/1589/1093 1589/1591/1093 1572/1574/1093 1570/1572/1093
f 1585/1587/1098 1587/1589/1098 1570/1572/1098 1568/1570/1098
f 1588/1590/1112 1590/1592/1112 1591/1593/1112 1589/1591/1112
f 1590/1592/1083 1592/1594/1083 1593/1595/1083 1591/1593/1083
f 1591/1593/1113 1593/1595/1113 1576/1578/1113 1574/1576/1113
f 1589/1591/1100 1591/1593/1100 1574/1576/1100 1572/1574/1100
f 1592/1594/1086 1594/1596/1086 1595/1597/1086 1593/1595/1086
f 1594/1596/1097 1580/1582/1097 1583/1585/1097 1595/1597/1097
f 1595/1597/1097 1583/1585/1097 1564/1566/1097 1578/1580/1097
f 1593/1595/1086 1595/1597/1086 1578/1580/1086 1576/1578/1086
f 1596/1598/1114 1597/1599/1114 1598/1600/1114 1599/1601/1114
f 1597/1599/1091 1600/1602/1091 1601/1603/1091 1598/1600/1091
f 1598/1600/1090 1601/1603/1090 1584/1586/1090 1581/1583/1090
f 1599/1601/1089 1598/1600/1089 1581/1583/1089 1580/1582/1089
f 1600/1602/1098 1602/1604/1098 1603/1605/1098 1601/1603/1098
f 1602/1604/1093 1604/1606/1093 1605/1607/1093 1603/1605/1093
f 1603/1605/1094 1605/1607/1094 1588/1590/1094 1586/1588/1094
f 1601/1603/1092 1603/1605/1092 1586/1588/1092 1584/1586/1092
f 1604/1606/1105 1606/1608/1105 1607/1609/1105 1605/1607/1105
f 1606/1608/1083 1608/1610/1083 1609/1611/1083 1607/1609/1083
f 1607/1609/1115 1609/1611/1115 1592/1594/1115 1590/1592/1115
f 1605/1607/1100 1607/1609/1100 1590/1592/1100 1588/1590/1100
f 1608/1610/1116 1610/1612/1116 1611/1613/1116 1609/1611/1116
f 1610/1612/1117 1596/1598/1117 1599/1601/1117 1611/1613/1117
f 1611/1613/1102 1599/1601/1102 1580/1582/1102 1594/1596/1102
f 1609/1611/1116 1611/1613/1116 1594/1596/1116 1592/1594/1116
f 1612/1614/1118 1613/1615/1118 1614/1616/1118 1615/1617/1118
f 1613/1615/1119 1616/1618/1119 1617/1619/1119 1614/1616/1119
f 1614/1616/1120 1617/1619/1120 1600/1602/1120 1597/1599/1120
f 1615/1617/1121 1614/1616/1121 1597/1599/1121 1596/1598/1121
f 1616/1618/1122 1618/1620/1122 1619/1621/1122 1617/1619/1122
f 1618/1620/1123 1620/1622/1123 1621/1623/1123 1619/1621/1123
f 1619/1621/1124 1621/1623/1124 1604/1606/1124 1602/1604/1124
f 1617/1619/1125 1619/1621/1125 1602/1604/1125 1600/1602/1125
f 1620/1622/1126 1622/1624/1126 1623/1625/1126 1621/1623/1126
f 1622/1624/1127 1624/1626/1127 1625/1627/1127 1623/1625/1127
f 1623/1625/1128 1625/1627/1128 1608/1610/1128 1606/1608/1128
f 1621/1623/1129 1623/1625/1129 1606/1608/1129 1604/1606/1129
f 1624/1626/1130 1626/1628/1130 1627/1629/1130 1625/1627/1130
f 1626/1628/1131 1612/1614/1131 1615/1617/1131 1627/1629/1131
f 1627/1629/1132 1615/1617/1132 1596/1598/1132 1610/1612/1132
f 1625/1627/1133 1627/1629/1133 1610/1612/1133 1608/1610/1133
f 1628/1630/1134 1629/1631/1134 1630/1632/1134 1631/1633/1134
f 1629/1631/1135 1632/1634/1135 1633/1635/1135 1630/1632/1135
f 1630/1632/1136 1633/1635/1136 1616/1618/1136 1613/1615/1136
f 1631/1633/1137 1630/1632/1137 1613/1615/1137 1612/1614/1137
f 1632/1634/1138 1634/1636/1138 1635/1637/1138 1633/1635/1138
f 1634/1636/1139 1636/1638/1139 1637/1639/1139 1635/1637/1139
f 1635/1637/1140 1637/1639/1140 1620/1622/1140 1618/1620/1140
f 1633/1635/1141 1635/1637/1141 1618/1620/1141 1616/1618/1141
f 1636/1638/1142 1638/1640/1142 1639/1641/1142 1637/1639/1142
f 1638/1640/1143 1640/1642/1143 1641/1643/1143 1639/1641/1143
f 1639/1641/1144 1641/1643/1144 1624/1626/1144 1622/1624/1144
f 1637/1639/1145 1639/1641/1145 1622/1624/1145 1620/1622/1145
f 1640/1642/1146 1642/1644/1146 1643/1645/1146 1641/1643/1146
f 1642/1644/1147 1628/1630/1147 1631/1633/1147 1643/1645/1147
f 1643/1645/1148 1631/1633/1148 1612/1614/1148 1626/1628/1148
f 1641/1643/1149 1643/1645/1149 1626/1628/1149 1624/1626/1149
f 1644/1646/1150 1645/1647/1150 1646/1648/1150 1647/1649/1150
f 1645/1647/1151 1648/1650/1151 1649/1651/1151 1646/1648/1151
f 1646/1648/1151 1649/1651/1151 1632/1634/1151 1629/1631/1151
f 1647/1649/1152 1646/1648/1152 1629/1631/1152 1628/1630/1152
f 1648/1650/1153 1650/1652/1153 1651/1653/1153 1649/1651/1153
f 1650/1652/1154 1652/1654/1154 1653/1655/1154 1651/1653/1154
f 1651/1653/1155 1653/1655/1155 1636/1638/1155 1634/1636/1155
f 1649/1651/1156 1651/1653/1156 1634/1636/1156 1632/1634/1156
f 1652/1654/1157 1654/1656/1157 1655/1657/1157 1653/1655/1157
f 1654/1656/1158 1656/1658/1158 1657/1659/1158 1655/1657/1158
f 1655/1657/1159 1657/1659/1159 1640/1642/1159 1638/1640/1159
f 1653/1655/1160 1655/1657/1160 1638/1640/1160 1636/1638/1160
f 1656/1658/1161 1658/1660/1161 1659/1661/1161 1657/1659/1161
f 1658/1660/1162 1644/1646/1162 1647/1649/1162 1659/1661/1162
f 1659/1661/1163 1647/1649/1163 1628/1630/1163 1642/1644/1163
f 1657/1659/1164 1659/1661/1164 1642/1644/1164 1640/1642/1164
f 1660/1662/1165 1661/1663/1165 1662/1664/1165 1663/1665/1165
f 1661/1663/1166 1664/1666/1166 1665/1667/1166 1662/1664/1166
f 1662/1664/1167 1665/1667/1167 1648/1650/1167 1645/1647/1167
f 1663/1665/1168 1662/1664/1168 1645/1647/1168 1644/1646/1168
f 1664/1666/1156 1666/1668/1156 1667/1669/1156 1665/1667/1156
f 1666/1668/1169 1668/1670/1169 1669/1671/1169 1667/1669/1169
f 1667/1669/1154 1669/1671/1154 1652/1654/1154 1650/1652/1154
f 1665/1667/1170 1667/1669/1170 1650/1652/1170 1648/1650/1170
f 1668/1670/1171 1670/1672/1171 1671/1673/1171 1669/1671/1171
f 1670/1672/1172 1672/1674/1172 1673/1675/1172 1671/1673/1172
f 1671/1673/1172 1673/1675/1172 1656/1658/1172 1654/1656/1172
f 1669/1671/1173 1671/1673/1173 1654/1656/1173 1652/1654/1173
f 1672/1674/1174 1674/1676/1174 1675/1677/1174 1673/1675/1174
f 1674/1676/1175 1660/1662/1175 1663/1665/1175 1675/1677/1175
f 1675/1677/1176 1663/1665/1176 1644/1646/1176 1658/1660/1176
f 1673/1675/1161 1675/1677/1161 1658/1660/1161 1656/1658/1161
f 1676/1678/1177 1677/1679/1177 1678/1680/1177 1679/1681/1177
f 1677/1679/1178 1680/1682/1178 1681/1683/1178 1678/1680/1178
f 1678/1680/1179 1681/1683/1179 1664/1666/1179 1661/1663/1179
f 1679/1681/1180 1678/1680/1180 1661/1663/1180 1660/1662/1180
f 1680/1682/1170 1682/1684/1170 1683/1685/1170 1681/1683/1170
f 1682/1684/1181 1684/1686/1181 1685/1687/1181 1683/1685/1181
f 1683/1685/1154 1685/1687/1154 1668/1670/1154 1666/1668/1154
f 1681/1683/1170 1683/1685/1170 1666/1668/1170 1664/1666/1170
f 1684/1686/1182 1686/1688/1182 1687/1689/1182 1685/1687/1182
f 1686/1688/1183 1688/1690/1183 1689/1691/1183 1687/1689/1183
f 1687/1689/1184 1689/1691/1184 1672/1674/1184 1670/1672/1184
f 1685/1687/1185 1687/1689/1185 1670/1672/1185 1668/1670/1185
f 1688/1690/1161 1690/1692/1161 1691/1693/1161 1689/1691/1161
f 1690/1692/1186 1676/1678/1186 1679/1681/1186 1691/1693/1186
f 1691/1693/1175 1679/1681/1175 1660/1662/1175 1674/1676/1175
f 1689/1691/1161 1691/1693/1161 1674/1676/1161 1672/1674/1161
f 1692/1694/1187 1693/1695/1187 1694/1696/1187 1695/1697/1187
f 1693/1695/1188 1696/1698/1188 1697/1699/1188 1694/1696/1188
f 1694/1696/1167 1697/1699/1167 1680/1682/1167 1677/1679/1167
f 1695/1697/1189 1694/1696/1189 1677/1679/1189 1676/1678/1189
f 1696/1698/1190 1698/1700/1190 1699/1701/1190 1697/1699/1190
f 1698/1700/1154 1700/1702/1154 1701/1703/1154 1699/1701/1154
f 1699/1701/1154 1701/1703/1154 1684/1686/1154 1682/1684/1154
f 1697/1699/1170 1699/1701/1170 1682/1684/1170 1680/1682/1170
f 1700/1702/1157 1702/1704/1157 1703/1705/1157 1701/1703/1157
f 1702/1704/1172 1704/1706/1172 1705/1707/1172 1703/1705/1172
f 1703/1705/1183 1705/1707/1183 1688/1690/1183 1686/1688/1183
f 1701/1703/1157 1703/1705/1157 1686/1688/1157 1684/1686/1157
f 1704/1706/1174 1706/1708/1174 1707/1709/1174 1705/1707/1174
f 1706/1708/1162 1692/1694/1162 1695/1697/1162 1707/1709/1162
f 1707/1709/1175 1695/1697/1175 1676/1678/1175 1690/1692/1175
f 1705/1707/1161 1707/1709/1161 1690/1692/1161 1688/1690/1161
f 1708/1710/1191 1709/1711/1191 1710/1712/1191 1711/1713/1191
f 1709/1711/1192 1712/1714/1192 1713/1715/1192 1710/1712/1192
f 1710/1712/1192 1713/1715/1192 1696/1698/1192 1693/1695/1192
f 1711/1713/1193 1710/1712/1193 1693/1695/1193 1692/1694/1193
f 1712/1714/1156 1714/1716/1156 1715/1717/1156 1713/1715/1156
f 1714/1716/1155 1716/1718/1155 1717/1719/1155 1715/1717/1155
f 1715/1717/1194 1717/1719/1194 1700/1702/1194 1698/1700/1194
f 1713/1715/1156 1715/1717/1156 1698/1700/1156 1696/1698/1156
f 1716/1718/1195 1718/1720/1195 1719/1721/1195 1717/1719/1195
f 1718/1720/1183 1720/1722/1183 1721/1723/1183 1719/1721/1183
f 1719/1721/1196 1721/1723/1196 1704/1706/1196 1702/1704/1196
f 1717/1719/1171 1719/1721/1171 1702/1704/1171 1700/1702/1171
f 1720/1722/1197 1722/1724/1197 1723/1725/1197 1721/1723/1197
f 1722/1724/1162 1708/1710/1162 1711/1713/1162 1723/1725/1162
f 1723/1725/1198 1711/1713/1198 1692/1694/1198 1706/1708/1198
f 1721/1723/1199 1723/1725/1199 1706/1708/1199 1704/1706/1199
f 1724/1726/1200 1725/1727/1200 1726/1728/1200 1727/1729/1200
f 1725/1727/1201 1728/1730/1201 1729/1731/1201 1726/1728/1201
f 1726/1728/1202 1729/1731/1202 1712/1714/1202 1709/1711/1202
f 1727/1729/1177 1726/1728/1177 1709/1711/1177 1708/1710/1177
f 1728/1730/1203 1730/1732/1203 1731/1733/1203 1729/1731/1203
f 1730/1732/1204 1732/1734/1204 1733/1735/1204 1731/1733/1204
f 1731/1733/1204 1733/1735/1204 1716/1718/1204 1714/1716/1204
f 1729/1731/1205 1731/1733/1205 1714/1716/1205 1712/1714/1205
f 1732/1734/1182 1734/1736/1182 1735/1737/1182 1733/1735/1182
f 1734/1736/1172 1736/1738/1172 1737/1739/1172 1735/1737/1172
f 1735/1737/1206 1737/1739/1206 1720/1722/1206 1718/1720/1206
f 1733/1735/1171 1735/1737/1171 1718/1720/1171 1716/1718/1171
f 1736/1738/1161 1738/1740/1161 1739/1741/1161 1737/1739/1161
f 1738/1740/1207 1724/1726/1207 1727/1729/1207 1739/1741/1207
f 1739/1741/1208 1727/1729/1208 1708/1710/1208 1722/1724/1208
f 1737/1739/1161 1739/1741/1161 1722/1724/1161 1720/1722/1161
f 1740/1742/1209 1741/1743/1209 1742/1744/1209 1743/1745/1209
f 1741/1743/1210 1744/1746/1210 1745/1747/1210 1742/1744/1210
f 1742/1744/1211 1745/1747/1211 1728/1730/1211 1725/1727/1211
f 1743/1745/1177 1742/1744/1177 1725/1727/1177 1724/1726/1177
f 1744/1746/1212 1746/1748/1212 1747/1749/1212 1745/1747/1212
f 1746/1748/1181 1748/1750/1181 1749/1751/1181 1747/1749/1181
f 1747/1749/1213 1749/1751/1213 1732/1734/1213 1730/1732/1213
f 1745/1747/1156 1747/1749/1156 1730/1732/1156 1728/1730/1156
f 1748/1750/1214 1750/1752/1214 1751/1753/1214 1749/1751/1214
f 1750/1752/1196 1752/1754/1196 1753/1755/1196 1751/1753/1196
f 1751/1753/1215 1753/1755/1215 1736/1738/1215 1734/1736/1215
f 1749/1751/1216 1751/1753/1216 1734/1736/1216 1732/1734/1216
f 1752/1754/1161 1754/1756/1161 1755/1757/1161 1753/1755/1161
f 1754/1756/1217 1740/1742/1217 1743/1745/1217 1755/1757/1217
f 1755/1757/1163 1743/1745/1163 1724/1726/1163 1738/1740/1163
f 1753/1755/1197 1755/1757/1197 1738/1740/1197 1736/1738/1197
f 1756/1758/1218 1757/1759/1218 1758/1760/1218 1759/1761/1218
f 1757/1759/1219 1760/1762/1219 1761/1763/1219 1758/1760/1219
f 1758/1760/1220 1761/1763/1220 1744/1746/1220 1741/1743/1220
f 1759/1761/1221 1758/1760/1221 1741/1743/1221 1740/1742/1221
f 1760/1762/1222 1762/1764/1222 1763/1765/1222 1761/1763/1222
f 1762/1764/1223 1764/1766/1223 1765/1767/1223 1763/1765/1223
f 1763/1765/1224 1765/1767/1224 1748/1750/1224 1746/1748/1224
f 1761/1763/1225 1763/1765/1225 1746/1748/1225 1744/1746/1225
f 1764/1766/1226 1766/1768/1226 1767/1769/1226 1765/1767/1226
f 1766/1768/1227 1768/1770/1227 1769/1771/1227 1767/1769/1227
f 1767/1769/1228 1769/1771/1228 1752/1754/1228 1750/1752/1228
f 1765/1767/1229 1767/1769/1229 1750/1752/1229 1748/1750/1229
f 1768/1770/1230 1770/1772/1230 1771/1773/1230 1769/1771/1230
f 1770/1772/1231 1756/1758/1231 1759/1761/1231 1771/1773/1231
f 1771/1773/1232 1759/1761/1232 1740/1742/1232 1754/1756/1232
f 1769/1771/1233 1771/1773/1233 1754/1756/1233 1752/1754/1233
f 1772/1774/1234 1773/1775/1234 1774/1776/1234 1775/1777/1234
f 1773/1775/1235 1776/1778/1235 1777/1779/1235 1774/1776/1235
f 1774/1776/1236 1777/1779/1236 331/333/1236 334/336/1236
f 1775/1777/1237 1774/1776/1237 334/336/1237 303/305/1237
f 1776/1778/1238 1778/1780/1238 1779/1781/1238 1777/1779/1238
f 1778/1780/1239 1780/1782/1239 1781/1783/1239 1779/1781/1239
f 1779/1781/1240 1781/1783/1240 385/387/1240 388/390/1240
f 1777/1779/1241 1779/1781/1241 388/390/1241 331/333/1241
f 1780/1782/1242 1782/1784/1242 1783/1785/1242 1781/1783/1242
f 1782/1784/1243 1784/1786/1243 1785/1787/1243 1783/1785/1243
f 1783/1785/1244 1785/1787/1244 301/303/1244 799/801/1244
f 1781/1783/1245 1783/1785/1245 799/801/1245 385/387/1245
f 1784/1786/1246 1786/1788/1246 1787/1789/1246 1785/1787/1246
f 1786/1788/1247 1772/1774/1247 1775/1777/1247 1787/1789/1247
f 1787/1789/1248 1775/1777/1248 303/305/1248 302/304/1248
f 1785/1787/1249 1787/1789/1249 302/304/1249 301/303/1249
f 1788/1790/1250 1789/1791/1250 1790/1792/1250 1791/1793/1250
f 1789/1791/1251 1792/1794/1251 1793/1795/1251 1790/1792/1251
f 1790/1792/1252 1793/1795/1252 1776/1778/1252 1773/1775/1252
f 1791/1793/1253 1790/1792/1253 1773/1775/1253 1772/1774/1253
f 1792/1794/1254 1794/1796/1254 1795/1797/1254 1793/1795/1254
f 1794/1796/1255 1796/1798/1255 1797/1799/1255 1795/1797/1255
f 1795/1797/1256 1797/1799/1256 1780/1782/1256 1778/1780/1256
f 1793/1795/1257 1795/1797/1257 1778/1780/1257 1776/1778/1257
f 1796/1798/1258 1798/1800/1258 1799/1801/1258 1797/1799/1258
f 1798/1800/1259 1800/1802/1259 1801/1803/1259 1799/1801/1259
f 1799/1801/1260 1801/1803/1260 1784/1786/1260 1782/1784/1260
f 1797/1799/1261 1799/1801/1261 1782/1784/1261 1780/1782/1261
f 1800/1802/1262 1802/1804/1262 1803/1805/1262 1801/1803/1262
f 1802/1804/1263 1788/1790/1263 1791/1793/1263 1803/1805/1263
f 1803/1805/1264 1791/1793/1264 1772/1774/1264 1786/1788/1264
f 1801/1803/1265 1803/1805/1265 1786/1788/1265 1784/1786/1265
f 1804/1806/1266 1805/1807/1266 1806/1808/1266 1807/1809/1266
f 1805/1807/1267 1808/1810/1267 1809/1811/1267 1806/1808/1267
f 1806/1808/1268 1809/1811/1268 1792/1794/1268 1789/1791/1268
f 1807/1809/1269 1806/1808/1269 1789/1791/1269 1788/1790/1269
f 1808/1810/1270 1810/1812/1270 1811/1813/1270 1809/1811/1270
f 1810/1812/1271 1812/1814/1271 1813/1815/1271 1811/1813/1271
f 1811/1813/1272 1813/1815/1272 1796/1798/1272 1794/1796/1272
f 1809/1811/1273 1811/1813/1273 1794/1796/1273 1792/1794/1273
f 1812/1814/1274 1814/1816/1274 1815/1817/1274 1813/1815/1274
f 1814/1816/1275 1816/1818/1275 1817/1819/1275 1815/1817/1275
f 1815/1817/1276 1817/1819/1276 1800/1802/1276 1798/1800/1276
f 1813/1815/1277 1815/1817/1277 1798/1800/1277 1796/1798/1277
f 1816/1818/1278 1818/1820/1278 1819/1821/1278 1817/1819/1278
f 1818/1820/1279 1804/1806/1279 1807/1809/1279 1819/1821/1279
f 1819/1821/1280 1807/1809/1280 1788/1790/1280 1802/1804/1280
f 1817/1819/1281 1819/1821/1281 1802/1804/1281 1800/1802/1281
f 1820/1822/1282 1821/1823/1282 1822/1824/1282 1823/1825/1282
f 1821/1823/1283 1824/1826/1283 1825/1827/1283 1822/1824/1283
f 1822/1824/1284 1825/1827/1284 1808/1810/1284 1805/1807/1284
f 1823/1825/1285 1822/1824/1285 1805/1807/1285 1804/1806/1285
f 1824/1826/1286 1826/1828/1286 1827/1829/1286 1825/1827/1286
f 1826/1828/1287 1828/1830/1287 1829/1831/1287 1827/1829/1287
f 1827/1829/1288 1829/1831/1288 1812/1814/1288 1810/1812/1288
f 1825/1827/1289 1827/1829/1289 1810/1812/1289 1808/1810/1289
f 1828/1830/1290 1830/1832/1290 1831/1833/1290 1829/1831/1290
f 1830/1832/1291 1832/1834/1291 1833/1835/1291 1831/1833/1291
f 1831/1833/1292 1833/1835/1292 1816/1818/1292 1814/1816/1292
f 1829/1831/1293 1831/1833/1293 1814/1816/1293 1812/1814/1293
f 1832/1834/1294 1834/1836/1294 1835/1837/1294 1833/1835/1294
f 1834/1836/1295 1820/1822/1295 1823/1825/1295 1835/1837/1295
f 1835/1837/1296 1823/1825/1296 1804/1806/1296 1818/1820/1296
f 1833/1835/1297 1835/1837/1297 1818/1820/1297 1816/1818/1297
f 1836/1838/1298 1837/1839/1298 1838/1840/1298 1839/1841/1298
f 1837/1839/1299 1840/1842/1299 1841/1843/1299 1838/1840/1299
f 1838/1840/1300 1841/1843/1300 1824/1826/1300 1821/1823/1300
f 1839/1841/1301 1838/1840/1301 1821/1823/1301 1820/1822/1301
f 1840/1842/1302 1842/1844/1302 1843/1845/1302 1841/1843/1302
f 1842/1844/1303 1844/1846/1303 1845/1847/1303 1843/1845/1303
f 1843/1845/1304 1845/1847/1304 1828/1830/1304 1826/1828/1304
f 1841/1843/1305 1843/1845/1305 1826/1828/1305 1824/1826/1305
f 1844/1846/1306 1846/1848/1306 1847/1849/1306 1845/1847/1306
f 1846/1848/1307 1848/1850/1307 1849/1851/1307 1847/1849/1307
f 1847/1849/1308 1849/1851/1308 1832/1834/1308 1830/1832/1308
f 1845/1847/1309 1847/1849/1309 1830/1832/1309 1828/1830/1309
f 1848/1850/1310 1850/1852/1310 1851/1853/1310 1849/1851/1310
f 1850/1852/1311 1836/1838/1311 1839/1841/1311 1851/1853/1311
f 1851/1853/1312 1839/1841/1312 1820/1822/1312 1834/1836/1312
f 1849/1851/1313 1851/1853/1313 1834/1836/1313 1832/1834/1313
f 1852/1854/1314 1853/1855/1314 1854/1856/1314 1855/1857/1314
f 1853/1855/1315 1856/1858/1315 1857/1859/1315 1854/1856/1315
f 1854/1856/1316 1857/1859/1316 1840/1842/1316 1837/1839/1316
f 1855/1857/1317 1854/1856/1317 1837/1839/1317 1836/1838/1317
f 1856/1858/1318 1858/1860/1318 1859/1861/1318 1857/1859/1318
f 1858/1860/1319 1860/1862/1319 1861/1863/1319 1859/1861/1319
f 1859/1861/1320 1861/1863/1320 1844/1846/1320 1842/1844/1320
f 1857/1859/1321 1859/1861/1321 1842/1844/1321 1840/1842/1321
f 1860/1862/1322 1862/1864/1322 1863/1865/1322 1861/1863/1322
f 1862/1864/1323 1864/1866/1323 1865/1867/1323 1863/1865/1323
f 1863/1865/1324 1865/1867/1324 1848/1850/1324 1846/1848/1324
f 1861/1863/1325 1863/1865/1325 1846/1848/1325 1844/1846/1325
f 1864/1866/1326 1866/1868/1326 1867/1869/1326 1865/1867/1326
f 1866/1868/1327 1852/1854/1327 1855/1857/1327 1867/1869/1327
f 1867/1869/1328 1855/1857/1328 1836/1838/1328 1850/1852/1328
f 1865/1867/1329 1867/1869/1329 1850/1852/1329 1848/1850/1329
f 1868/1870/1330 1869/1871/1330 1870/1872/1330 1871/1873/1330
f 1869/1871/1331 1872/1874/1331 1873/1875/1331 1870/1872/1331
f 1870/1872/1331 1873/1875/1331 1856/1858/1331 1853/1855/1331
f 1871/1873/1332 1870/1872/1332 1853/1855/1332 1852/1854/1332
f 1872/1874/1333 1874/1876/1333 1875/1877/1333 1873/1875/1333
f 1874/1876/1334 1876/1878/1334 1877/1879/1334 1875/1877/1334
f 1875/1877/1335 1877/1879/1335 1860/1862/1335 1858/1860/1335
f 1873/1875/1336 1875/1877/1336 1858/1860/1336 1856/1858/1336
f 1876/1878/1337 1878/1880/1337 1879/1881/1337 1877/1879/1337
f 1878/1880/1338 1880/1882/1338 1881/1883/1338 1879/1881/1338
f 1879/1881/1339 1881/1883/1339 1864/1866/1339 1862/1864/1339
f 1877/1879/1340 1879/1881/1340 1862/1864/1340 1860/1862/1340
f 1880/1882/1341 1882/1884/1341 1883/1885/1341 1881/1883/1341
f 1882/1884/1342 1868/1870/1342 1871/1873/1342 1883/1885/1342
f 1883/1885/1343 1871/1873/1343 1852/1854/1343 1866/1868/1343
f 1881/1883/1344 1883/1885/1344 1866/1868/1344 1864/1866/1344
f 1884/1886/1332 1885/1887/1332 1886/1888/1332 1887/1889/1332
f 1885/1887/1345 1888/1890/1345 1889/1891/1345 1886/1888/1345
f 1886/1888/1346 1889/1891/1346 1872/1874/1346 1869/1871/1346
f 1887/1889/1347 1886/1888/1347 1869/1871/1347 1868/1870/1347
f 1888/1890/1348 1890/1892/1348 1891/1893/1348 1889/1891/1348
f 1890/1892/1335 1892/1894/1335 1893/1895/1335 1891/1893/1335
f 1891/1893/1335 1893/1895/1335 1876/1878/1335 1874/1876/1335
f 1889/1891/1336 1891/1893/1336 1874/1876/1336 1872/1874/1336
f 1892/1894/1340 1894/1896/1340 1895/1897/1340 1893/1895/1340
f 1894/1896/1339 1896/1898/1339 1897/1899/1339 1895/1897/1339
f 1895/1897/1339 1897/1899/1339 1880/1882/1339 1878/1880/1339
f 1893/1895/1349 1895/1897/1349 1878/1880/1349 1876/1878/1349
f 1896/1898/1341 1898/1900/1341 1899/1901/1341 1897/1899/1341
f 1898/1900/1343 1884/1886/1343 1887/1889/1343 1899/1901/1343
f 1899/1901/1343 1887/1889/1343 1868/1870/1343 1882/1884/1343
f 1897/1899/1350 1899/1901/1350 1882/1884/1350 1880/1882/1350
f 855/857/1351 1130/1132/1351 1900/1902/1351 1901/1903/1351
f 1130/1132/1352 1124/1126/1352 1902/1904/1352 1900/1902/1352
f 1900/1902/1353 1902/1904/1353 1888/1890/1353 1885/1887/1353
f 1901/1903/1354 1900/1902/1354 1885/1887/1354 1884/1886/1354
f 1124/1126/1355 1127/1129/1355 1903/1905/1355 1902/1904/1355
f 1127/1129/1356 858/860/1356 1904/1906/1356 1903/1905/1356
f 1903/1905/1357 1904/1906/1357 1892/1894/1357 1890/1892/1357
f 1902/1904/1358 1903/1905/1358 1890/1892/1358 1888/1890/1358
f 858/860/1359 861/863/1359 1905/1907/1359 1904/1906/1359
f 861/863/1360 864/866/1360 1906/1908/1360 1905/1907/1360
f 1905/1907/1361 1906/1908/1361 1896/1898/1361 1894/1896/1361
f 1904/1906/1362 1905/1907/1362 1894/1896/1362 1892/1894/1362
f 864/866/1363 1133/1135/1363 1907/1909/1363 1906/1908/1363
f 1133/1135/1364 855/857/1364 1901/1903/1364 1907/1909/1364
f 1907/1909/1365 1901/1903/1365 1884/1886/1365 1898/1900/1365
f 1906/1908/1366 1907/1909/1366 1898/1900/1366 1896/1898/1366
f 1908/1910/1367 1909/1911/1367 1910/1912/1367 1911/1913/1367
f 1909/1911/1368 1912/1914/1368 1913/1915/1368 1910/1912/1368
f 1910/1912/1369 1913/1915/1369 563/565/1369 562/564/1369
f 1911/1913/1370 1910/1912/1370 562/564/1370 561/563/1370
f 1912/1914/1371 1914/1916/1371 1915/1917/1371 1913/1915/1371
f 1914/1916/1372 1916/1918/1372 1917/1919/1372 1915/1917/1372
f 1915/1917/1373 1917/1919/1373 571/573/1373 574/576/1373
f 1913/1915/1374 1915/1917/1374 574/576/1374 563/565/1374
f 1916/1918/1375 1918/1920/1375 1919/1921/1375 1917/1919/1375
f 1918/1920/1376 1920/1922/1376 1921/1923/1376 1919/1921/1376
f 1919/1921/1377 1921/1923/1377 605/607/1377 608/610/1377
f 1917/1919/1378 1919/1921/1378 608/610/1378 571/573/1378
f 1920/1922/1379 1922/1924/1379 1923/1925/1379 1921/1923/1379
f 1922/1924/1380 1908/1910/1380 1911/1913/1380 1923/1925/1380
f 1923/1925/1381 1911/1913/1381 561/563/1381 606/608/1381
f 1921/1923/1382 1923/1925/1382 606/608/1382 605/607/1382
f 1924/1926/1383 1925/1927/1383 1926/1928/1383 1927/1929/1383
f 1925/1927/1384 1928/1930/1384 1929/1931/1384 1926/1928/1384
f 1926/1928/1385 1929/1931/1385 1912/1914/1385 1909/1911/1385
f 1927/1929/1386 1926/1928/1386 1909/1911/1386 1908/1910/1386
f 1928/1930/1387 1930/1932/1387 1931/1933/1387 1929/1931/1387
f 1930/1932/1388 1932/1934/1388 1933/1935/1388 1931/1933/1388
f 1931/1933/1389 1933/1935/1389 1916/1918/1389 1914/1916/1389
f 1929/1931/1390 1931/1933/1390 1914/1916/1390 1912/1914/1390
f 1932/1934/1391 1934/1936/1391 1935/1937/1391 1933/1935/1391
f 1934/1936/1392 1936/1938/1392 1937/1939/1392 1935/1937/1392
f 1935/1937/1393 1937/1939/1393 1920/1922/1393 1918/1920/1393
f 1933/1935/1394 1935/1937/1394 1918/1920/1394 1916/1918/1394
f 1936/1938/1395 1938/1940/1395 1939/1941/1395 1937/1939/1395
f 1938/1940/1396 1924/1926/1396 1927/1929/1396 1939/1941/1396
f 1939/1941/1397 1927/1929/1397 1908/1910/1397 1922/1924/1397
f 1937/1939/1398 1939/1941/1398 1922/1924/1398 1920/1922/1398
f 1940/1942/1399 1941/1943/1399 1942/1944/1399 1943/1945/1399
f 1941/1943/1400 1944/1946/1400 1945/1947/1400 1942/1944/1400
f 1942/1944/1401 1945/1947/1401 1928/1930/1401 1925/1927/1401
f 1943/1945/1402 1942/1944/1402 1925/1927/1402 1924/1926/1402
f 1944/1946/1403 1946/1948/1403 1947/1949/1403 1945/1947/1403
f 1946/1948/1404 1948/1950/1404 1949/1951/1404 1947/1949/1404
f 1947/1949/1405 1949/1951/1405 1932/1934/1405 1930/1932/1405
f 1945/1947/1406 1947/1949/1406 1930/1932/1406 1928/1930/1406
f 1948/1950/1407 1950/1952/1407 1951/1953/1407 1949/1951/1407
f 1950/1952/1408 1952/1954/1408 1953/1955/1408 1951/1953/1408
f 1951/1953/1409 1953/1955/1409 1936/1938/1409 1934/1936/1409
f 1949/1951/1410 1951/1953/1410 1934/1936/1410 1932/1934/1410
f 1952/1954/1411 1954/1956/1411 1955/1957/1411 1953/1955/1411
f 1954/1956/1412 1940/1942/1412 1943/1945/1412 1955/1957/1412
f 1955/1957/1413 1943/1945/1413 1924/1926/1413 1938/1940/1413
f 1953/1955/1414 1955/1957/1414 1938/1940/1414 1936/1938/1414
f 1956/1958/1415 1957/1959/1415 1958/1960/1415 1959/1961/1415
f 1957/1959/1416 1960/1962/1416 1961/1963/1416 1958/1960/1416
f 1958/1960/1400 1961/1963/1400 1944/1946/1400 1941/1943/1400
f 1959/1961/1417 1958/1960/1417 1941/1943/1417 1940/1942/1417
f 1960/1962/1418 1962/1964/1418 1963/1965/1418 1961/1963/1418
f 1962/1964/1419 1964/1966/1419 1965/1967/1419 1963/1965/1419
f 1963/1965/1420 1965/1967/1420 1948/1950/1420 1946/1948/1420
f 1961/1963/1421 1963/1965/1421 1946/1948/1421 1944/1946/1421
f 1964/1966/1422 1966/1968/1422 1967/1969/1422 1965/1967/1422
f 1966/1968/1423 1968/1970/1423 1969/1971/1423 1967/1969/1423
f 1967/1969/1423 1969/1971/1423 1952/1954/1423 1950/1952/1423
f 1965/1967/1424 1967/1969/1424 1950/1952/1424 1948/1950/1424
f 1968/1970/1411 1970/1972/1411 1971/1973/1411 1969/1971/1411
f 1970/1972/1412 1956/1958/1412 1959/1961/1412 1971/1973/1412
f 1971/1973/1425 1959/1961/1425 1940/1942/1425 1954/1956/1425
f 1969/1971/1411 1971/1973/1411 1954/1956/1411 1952/1954/1411
f 958/960/1426 1096/1098/1426 1972/1974/1426 1973/1975/1426
f 1096/1098/1427 1095/1097/1427 1974/1976/1427 1972/1974/1427
f 1972/1974/1428 1974/1976/1428 1960/1962/1428 1957/1959/1428
f 1973/1975/1429 1972/1974/1429 1957/1959/1429 1956/1958/1429
f 1095/1097/1430 1121/1123/1430 1975/1977/1430 1974/1976/1430
f 1121/1123/1431 1086/1088/1431 1976/1978/1431 1975/1977/1431
f 1975/1977/1432 1976/1978/1432 1964/1966/1432 1962/1964/1432
f 1974/1976/1433 1975/1977/1433 1962/1964/1433 1960/1962/1433
f 1086/1088/1434 1085/1087/1434 1977/1979/1434 1976/1978/1434
f 1085/1087/1435 1084/1086/1435 1978/1980/1435 1977/1979/1435
f 1977/1979/1436 1978/1980/1436 1968/1970/1436 1966/1968/1436
f 1976/1978/1437 1977/1979/1437 1966/1968/1437 1964/1966/1437
f 1084/1086/1438 1118/1120/1438 1979/1981/1438 1978/1980/1438
f 1118/1120/1439 958/960/1439 1973/1975/1439 1979/1981/1439
f 1979/1981/1440 1973/1975/1440 1956/1958/1440 1970/1972/1440
f 1978/1980/1441 1979/1981/1441 1970/1972/1441 1968/1970/1441
f 1980/1982/1442 1981/1983/1442 1982/1984/1442 1983/1985/1442
f 1981/1983/1443 1984/1986/1443 1985/1987/1443 1982/1984/1443
f 1982/1984/1444 1985/1987/1444 881/883/1444 963/965/1444
f 1983/1985/1445 1982/1984/1445 963/965/1445 962/964/1445
f 1984/1986/1446 1986/1988/1446 1987/1989/1446 1985/1987/1446
f 1986/1988/1447 1988/1990/1447 1989/1991/1447 1987/1989/1447
f 1987/1989/1448 1989/1991/1448 949/951/1448 952/954/1448
f 1985/1987/1449 1987/1989/1449 952/954/1449 881/883/1449
f 1988/1990/1450 1990/1992/1450 1991/1993/1450 1989/1991/1450
f 1990/1992/1451 1992/1994/1451 1993/1995/1451 1991/1993/1451
f 1991/1993/1452 1993/1995/1452 964/966/1452 967/969/1452
f 1989/1991/1453 1991/1993/1453 967/969/1453 949/951/1453
f 1992/1994/1454 1994/1996/1454 1995/1997/1454 1993/1995/1454
f 1994/1996/1455 1980/1982/1455 1983/1985/1455 1995/1997/1455
f 1995/1997/1456 1983/1985/1456 962/964/1456 1120/1122/1456
f 1993/1995/1457 1995/1997/1457 1120/1122/1457 964/966/1457
f 1996/1998/1458 1997/1999/1458 1998/2000/1458 1999/2001/1458
f 1997/1999/1459 2000/2002/1459 2001/2003/1459 1998/2000/1459
f 1998/2000/1460 2001/2003/1460 1984/1986/1460 1981/1983/1460
f 1999/2001/1461 1998/2000/1461 1981/1983/1461 1980/1982/1461
f 2000/2002/1462 2002/2004/1462 2003/2005/1462 2001/2003/1462
f 2002/2004/1463 2004/2006/1463 2005/2007/1463 2003/2005/1463
f 2003/2005/1464 2005/2007/1464 1988/1990/1464 1986/1988/1464
f 2001/2003/1465 2003/2005/1465 1986/1988/1465 1984/1986/1465
f 2004/2006/1466 2006/2008/1466 2007/2009/1466 2005/2007/1466
f 2006/2008/1467 2008/2010/1467 2009/2011/1467 2007/2009/1467
f 2007/2009/1468 2009/2011/1468 1992/1994/1468 1990/1992/1468
f 2005/2007/1469 2007/2009/1469 1990/1992/1469 1988/1990/1469
f 2008/2010/1470 2010/2012/1470 2011/2013/1470 2009/2011/1470
f 2010/2012/1471 1996/1998/1471 1999/2001/1471 2011/2013/1471
f 2011/2013/1472 1999/2001/1472 1980/1982/1472 1994/1996/1472
f 2009/2011/1473 2011/2013/1473 1994/1996/1473 1992/1994/1473
f 2012/2014/1474 2013/2015/1474 2014/2016/1474 2015/2017/1474
f 2013/2015/1475 2016/2018/1475 2017/2019/1475 2014/2016/1475
f 2014/2016/1476 2017/2019/1476 2000/2002/1476 1997/1999/1476
f 2015/2017/1477 2014/2016/1477 1997/1999/1477 1996/1998/1477
f 2016/2018/1478 2018/2020/1478 2019/2021/1478 2017/2019/1478
f 2018/2020/1479 2020/2022/1479 2021/2023/1479 2019/2021/1479
f 2019/2021/1480 2021/2023/1480 2004/2006/1480 2002/2004/1480
f 2017/2019/1481 2019/2021/1481 2002/2004/1481 2000/2002/1481
f 2020/2022/1482 2022/2024/1482 2023/2025/1482 2021/2023/1482
f 2022/2024/1483 2024/2026/1483 2025/2027/1483 2023/2025/1483
f 2023/2025/1484 2025/2027/1484 2008/2010/1484 2006/2008/1484
f 2021/2023/1485 2023/2025/1485 2006/2008/1485 2004/2006/1485
f 2024/2026/1486 2026/2028/1486 2027/2029/1486 2025/2027/1486
f 2026/2028/1487 2012/2014/1487 2015/2017/1487 2027/2029/1487
f 2027/2029/1488 2015/2017/1488 1996/1998/1488 2010/2012/1488
f 2025/2027/1489 2027/2029/1489 2010/2012/1489 2008/2010/1489
f 2028/2030/1490 2029/2031/1490 2030/2032/1490 2031/2033/1490
f 2029/2031/1491 2032/2034/1491 2033/2035/1491 2030/2032/1491
f 2030/2032/1492 2033/2035/1492 2016/2018/1492 2013/2015/1492
f 2031/2033/1493 2030/2032/1493 2013/2015/1493 2012/2014/1493
f 2032/2034/1481 2034/2036/1481 2035/2037/1481 2033/2035/1481
f 2034/2036/1494 2036/2038/1494 2037/2039/1494 2035/2037/1494
f 2035/2037/1495 2037/2039/1495 2020/2022/1495 2018/2020/1495
f 2033/2035/1496 2035/2037/1496 2018/2020/1496 2016/2018/1496
f 2036/2038/1485 2038/2040/1485 2039/2041/1485 2037/2039/1485
f 2038/2040/1497 2040/2042/1497 2041/2043/1497 2039/2041/1497
f 2039/2041/1498 2041/2043/1498 2024/2026/1498 2022/2024/1498
f 2037/2039/1482 2039/2041/1482 2022/2024/1482 2020/2022/1482
f 2040/2042/1499 2042/2044/1499 2043/2045/1499 2041/2043/1499
f 2042/2044/1500 2028/2030/1500 2031/2033/1500 2043/2045/1500
f 2043/2045/1501 2031/2033/1501 2012/2014/1501 2026/2028/1501
f 2041/2043/1502 2043/2045/1502 2026/2028/1502 2024/2026/1502
f 2044/2046/1503 2045/2047/1503 2046/2048/1503 2047/2049/1503
f 2045/2047/1504 2048/2050/1504 2049/2051/1504 2046/2048/1504
f 2046/2048/1505 2049/2051/1505 2032/2034/1505 2029/2031/1505
f 2047/2049/1503 2046/2048/1503 2029/2031/1503 2028/2030/1503
f 2048/2050/1506 2050/2052/1506 2051/2053/1506 2049/2051/1506
f 2050/2052/1480 2052/2054/1480 2053/2055/1480 2051/2053/1480
f 2051/2053/1495 2053/2055/1495 2036/2038/1495 2034/2036/1495
f 2049/2051/1507 2051/2053/1507 2034/2036/1507 2032/2034/1507
f 2052/2054/1482 2054/2056/1482 2055/2057/1482 2053/2055/1482
f 2054/2056/1508 2056/2058/1508 2057/2059/1508 2055/2057/1508
f 2055/2057/1497 2057/2059/1497 2040/2042/1497 2038/2040/1497
f 2053/2055/1485 2055/2057/1485 2038/2040/1485 2036/2038/1485
f 2056/2058/1502 2058/2060/1502 2059/2061/1502 2057/2059/1502
f 2058/2060/1509 2044/2046/1509 2047/2049/1509 2059/2061/1509
f 2059/2061/1471 2047/2049/1471 2028/2030/1471 2042/2044/1471
f 2057/2059/1510 2059/2061/1510 2042/2044/1510 2040/2042/1510
f 2060/2062/1493 2061/2063/1493 2062/2064/1493 2063/2065/1493
f 2061/2063/1492 2064/2066/1492 2065/2067/1492 2062/2064/1492
f 2062/2064/1491 2065/2067/1491 2048/2050/1491 2045/2047/1491
f 2063/2065/1511 2062/2064/1511 2045/2047/1511 2044/2046/1511
f 2064/2066/1512 2066/2068/1512 2067/2069/1512 2065/2067/1512
f 2066/2068/1513 2068/2070/1513 2069/2071/1513 2067/2069/1513
f 2067/2069/1514 2069/2071/1514 2052/2054/1514 2050/2052/1514
f 2065/2067/1515 2067/2069/1515 2050/2052/1515 2048/2050/1515
f 2068/2070/1485 2070/2072/1485 2071/2073/1485 2069/2071/1485
f 2070/2072/1508 2072/2074/1508 2073/2075/1508 2071/2073/1508
f 2071/2073/1516 2073/2075/1516 2056/2058/1516 2054/2056/1516
f 2069/2071/1485 2071/2073/1485 2054/2056/1485 2052/2054/1485
f 2072/2074/1486 2074/2076/1486 2075/2077/1486 2073/2075/1486
f 2074/2076/1517 2060/2062/1517 2063/2065/1517 2075/2077/1517
f 2075/2077/1518 2063/2065/1518 2044/2046/1518 2058/2060/1518
f 2073/2075/1519 2075/2077/1519 2058/2060/1519 2056/2058/1519
f 2076/2078/1477 2077/2079/1477 2078/2080/1477 2079/2081/1477
f 2077/2079/1492 2080/2082/1492 2081/2083/1492 2078/2080/1492
f 2078/2080/1492 2081/2083/1492 2064/2066/1492 2061/2063/1492
f 2079/2081/1520 2078/2080/1520 2061/2063/1520 2060/2062/1520
f 2080/2082/1481 2082/2084/1481 2083/2085/1481 2081/2083/1481
f 2082/2084/1521 2084/2086/1521 2085/2087/1521 2083/2085/1521
f 2083/2085/1522 2085/2087/1522 2068/2070/1522 2066/2068/1522
f 2081/2083/1523 2083/2085/1523 2066/2068/1523 2064/2066/1523
f 2084/2086/1524 2086/2088/1524 2087/2089/1524 2085/2087/1524
f 2086/2088/1497 2088/2090/1497 2089/2091/1497 2087/2089/1497
f 2087/2089/1483 2089/2091/1483 2072/2074/1483 2070/2072/1483
f 2085/2087/1482 2087/2089/1482 2070/2072/1482 2068/2070/1482
f 2088/2090/1486 2090/2092/1486 2091/2093/1486 2089/2091/1486
f 2090/2092/1525 2076/2078/1525 2079/2081/1525 2091/2093/1525
f 2091/2093/1517 2079/2081/1517 2060/2062/1517 2074/2076/1517
f 2089/2091/1499 2091/2093/1499 2074/2076/1499 2072/2074/1499
f 2092/2094/1511 2093/2095/1511 2094/2096/1511 2095/2097/1511
f 2093/2095/1492 2096/2098/1492 2097/2099/1492 2094/2096/1492
f 2094/2096/1492 2097/2099/1492 2080/2082/1492 2077/2079/1492
f 2095/2097/1493 2094/2096/1493 2077/2079/1493 2076/2078/1493
f 2096/2098/1506 2098/2100/1506 2099/2101/1506 2097/2099/1506
f 2098/2100/1494 2100/2102/1494 2101/2103/1494 2099/2101/1494
f 2099/2101/1494 2101/2103/1494 2084/2086/1494 2082/2084/1494
f 2097/2099/1512 2099/2101/1512 2082/2084/1512 2080/2082/1512
f 2100/2102/1482 2102/2104/1482 2103/2105/1482 2101/2103/1482
f 2102/2104/1526 2104/2106/1526 2105/2107/1526 2103/2105/1526
f 2103/2105/1527 2105/2107/1527 2088/2090/1527 2086/2088/1527
f 2101/2103/1528 2103/2105/1528 2086/2088/1528 2084/2086/1528
f 2104/2106/1489 2106/2108/1489 2107/2109/1489 2105/2107/1489
f 2106/2108/1529 2092/2094/1529 2095/2097/1529 2107/2109/1529
f 2107/2109/1530 2095/2097/1530 2076/2078/1530 2090/2092/1530
f 2105/2107/1499 2107/2109/1499 2090/2092/1499 2088/2090/1499
f 2108/2110/1520 2109/2111/1520 2110/2112/1520 2111/2113/1520
f 2109/2111/1491 2112/2114/1491 2113/2115/1491 2110/2112/1491
f 2110/2112/1491 2113/2115/1491 2096/2098/1491 2093/2095/1491
f 2111/2113/1490 2110/2112/1490 2093/2095/1490 2092/2094/1490
f 2112/2114/1531 2114/2116/1531 2115/2117/1531 2113/2115/1531
f 2114/2116/1532 2116/2118/1532 2117/2119/1532 2115/2117/1532
f 2115/2117/1533 2117/2119/1533 2100/2102/1533 2098/2100/1533
f 2113/2115/1534 2115/2117/1534 2098/2100/1534 2096/2098/1534
f 2116/2118/1535 2118/2120/1535 2119/2121/1535 2117/2119/1535
f 2118/2120/1483 2120/2122/1483 2121/2123/1483 2119/2121/1483
f 2119/2121/1483 2121/2123/1483 2104/2106/1483 2102/2104/1483
f 2117/2119/1485 2119/2121/1485 2102/2104/1485 2100/2102/1485
f 2120/2122/1536 2122/2124/1536 2123/2125/1536 2121/2123/1536
f 2122/2124/1517 2108/2110/1517 2111/2113/1517 2123/2125/1517
f 2123/2125/1471 2111/2113/1471 2092/2094/1471 2106/2108/1471
f 2121/2123/1537 2123/2125/1537 2106/2108/1537 2104/2106/1537
f 2124/2126/1458 2125/2127/1458 2126/2128/1458 2127/2129/1458
f 2125/2127/1491 2128/2130/1491 2129/2131/1491 2126/2128/1491
f 2126/2128/1504 2129/2131/1504 2112/2114/1504 2109/2111/1504
f 2127/2129/1538 2126/2128/1538 2109/2111/1538 2108/2110/1538
f 2128/2130/1496 2130/2132/1496 2131/2133/1496 2129/2131/1496
f 2130/2132/1539 2132/2134/1539 2133/2135/1539 2131/2133/1539
f 2131/2133/1540 2133/2135/1540 2116/2118/1540 2114/2116/1540
f 2129/2131/1506 2131/2133/1506 2114/2116/1506 2112/2114/1506
f 2132/2134/1485 2134/2136/1485 2135/2137/1485 2133/2135/1485
f 2134/2136/1484 2136/2138/1484 2137/2139/1484 2135/2137/1484
f 2135/2137/1484 2137/2139/1484 2120/2122/1484 2118/2120/1484
f 2133/2135/1541 2135/2137/1541 2118/2120/1541 2116/2118/1541
f 2136/2138/1542 2138/2140/1542 2139/2141/1542 2137/2139/1542
f 2138/2140/1529 2124/2126/1529 2127/2129/1529 2139/2141/1529
f 2139/2141/1543 2127/2129/1543 2108/2110/1543 2122/2124/1543
f 2137/2139/1544 2139/2141/1544 2122/2124/1544 2120/2122/1544
f 2140/2142/1545 2141/2143/1545 2142/2144/1545 2143/2145/1545
f 2141/2143/1492 2144/2146/1492 2145/2147/1492 2142/2144/1492
f 2142/2144/1546 2145/2147/1546 2128/2130/1546 2125/2127/1546
f 2143/2145/1538 2142/2144/1538 2125/2127/1538 2124/2126/1538
f 2144/2146/1547 2146/2148/1547 2147/2149/1547 2145/2147/1547
f 2146/2148/1548 2148/2150/1548 2149/2151/1548 2147/2149/1548
f 2147/2149/1549 2149/2151/1549 2132/2134/1549 2130/2132/1549
f 2145/2147/1531 2147/2149/1531 2130/2132/1531 2128/2130/1531
f 2148/2150/1482 2150/2152/1482 2151/2153/1482 2149/2151/1482
f 2150/2152/1498 2152/2154/1498 2153/2155/1498 2151/2153/1498
f 2151/2153/1508 2153/2155/1508 2136/2138/1508 2134/2136/1508
f 2149/2151/1524 2151/2153/1524 2134/2136/1524 2132/2134/1524
f 2152/2154/1499 2154/2156/1499 2155/2157/1499 2153/2155/1499
f 2154/2156/1550 2140/2142/1550 2143/2145/1550 2155/2157/1550
f 2155/2157/1543 2143/2145/1543 2124/2126/1543 2138/2140/1543
f 2153/2155/1551 2155/2157/1551 2138/2140/1551 2136/2138/1551
f 2156/2158/1477 2157/2159/1477 2158/2160/1477 2159/2161/1477
f 2157/2159/1491 2160/2162/1491 2161/2163/1491 2158/2160/1491
f 2158/2160/1504 2161/2163/1504 2144/2146/1504 2141/2143/1504
f 2159/2161/1458 2158/2160/1458 2141/2143/1458 2140/2142/1458
f 2160/2162/1478 2162/2164/1478 2163/2165/1478 2161/2163/1478
f 2162/2164/1552 2164/2166/1552 2165/2167/1552 2163/2165/1552
f 2163/2165/1549 2165/2167/1549 2148/2150/1549 2146/2148/1549
f 2161/2163/1553 2163/2165/1553 2146/2148/1553 2144/2146/1553
f 2164/2166/1482 2166/2168/1482 2167/2169/1482 2165/2167/1482
f 2166/2168/1527 2168/2170/1527 2169/2171/1527 2167/2169/1527
f 2167/2169/1497 2169/2171/1497 2152/2154/1497 2150/2152/1497
f 2165/2167/1554 2167/2169/1554 2150/2152/1554 2148/2150/1554
f 2168/2170/1555 2170/2172/1555 2171/2173/1555 2169/2171/1555
f 2170/2172/1556 2156/2158/1556 2159/2161/1556 2171/2173/1556
f 2171/2173/1557 2159/2161/1557 2140/2142/1557 2154/2156/1557
f 2169/2171/1558 2171/2173/1558 2154/2156/1558 2152/2154/1558
f 2172/2174/1493 2173/2175/1493 2174/2176/1493 2175/2177/1493
f 2173/2175/1559 2176/2178/1559 2177/2179/1559 2174/2176/1559
f 2174/2176/1492 2177/2179/1492 2160/2162/1492 2157/2159/1492
f 2175/2177/1511 2174/2176/1511 2157/2159/1511 2156/2158/1511
f 2176/2178/1481 2178/2180/1481 2179/2181/1481 2177/2179/1481
f 2178/2180/1560 2180/2182/1560 2181/2183/1560 2179/2181/1560
f 2179/2181/1480 2181/2183/1480 2164/2166/1480 2162/2164/1480
f 2177/2179/1515 2179/2181/1515 2162/2164/1515 2160/2162/1515
f 2180/2182/1524 2182/2184/1524 2183/2185/1524 2181/2183/1524
f 2182/2184/1561 2184/2186/1561 2185/2187/1561 2183/2185/1561
f 2183/2185/1483 2185/2187/1483 2168/2170/1483 2166/2168/1483
f 2181/2183/1524 2183/2185/1524 2166/2168/1524 2164/2166/1524
f 2184/2186/1486 2186/2188/1486 2187/2189/1486 2185/2187/1486
f 2186/2188/1562 2172/2174/1562 2175/2177/1562 2187/2189/1562
f 2187/2189/1563 2175/2177/1563 2156/2158/1563 2170/2172/1563
f 2185/2187/1536 2187/2189/1536 2170/2172/1536 2168/2170/1536
f 2188/2190/1564 2189/2191/1564 2190/2192/1564 2191/2193/1564
f 2189/2191/1492 2192/2194/1492 2193/2195/1492 2190/2192/1492
f 2190/2192/1565 2193/2195/1565 2176/2178/1565 2173/2175/1565
f 2191/2193/1503 2190/2192/1503 2173/2175/1503 2172/2174/1503
f 2192/2194/1496 2194/2196/1496 2195/2197/1496 2193/2195/1496
f 2194/2196/1552 2196/2198/1552 2197/2199/1552 2195/2197/1552
f 2195/2197/1566 2197/2199/1566 2180/2182/1566 2178/2180/1566
f 2193/2195/1512 2195/2197/1512 2178/2180/1512 2176/2178/1512
f 2196/2198/1567 2198/2200/1567 2199/2201/1567 2197/2199/1567
f 2198/2200/1483 2200/2202/1483 2201/2203/1483 2199/2201/1483
f 2199/2201/1497 2201/2203/1497 2184/2186/1497 2182/2184/1497
f 2197/2199/1482 2199/2201/1482 2182/2184/1482 2180/2182/1482
f 2200/2202/1568 2202/2204/1568 2203/2205/1568 2201/2203/1568
f 2202/2204/1569 2188/2190/1569 2191/2193/1569 2203/2205/1569
f 2203/2205/1550 2191/2193/1550 2172/2174/1550 2186/2188/1550
f 2201/2203/1519 2203/2205/1519 2186/2188/1519 2184/2186/1519
f 2204/2206/1511 2205/2207/1511 2206/2208/1511 2207/2209/1511
f 2205/2207/1570 2208/2210/1570 2209/2211/1570 2206/2208/1570
f 2206/2208/1475 2209/2211/1475 2192/2194/1475 2189/2191/1475
f 2207/2209/1458 2206/2208/1458 2189/2191/1458 2188/2190/1458
f 2208/2210/1506 2210/2212/1506 2211/2213/1506 2209/2211/1506
f 2210/2212/1522 2212/2214/1522 2213/2215/1522 2211/2213/1522
f 2211/2213/1571 2213/2215/1571 2196/2198/1571 2194/2196/1571
f 2209/2211/1572 2211/2213/1572 2194/2196/1572 2192/2194/1572
f 2212/2214/1573 2214/2216/1573 2215/2217/1573 2213/2215/1573
f 2214/2216/1574 2216/2218/1574 2217/2219/1574 2215/2217/1574
f 2215/2217/1497 2217/2219/1497 2200/2202/1497 2198/2200/1497
f 2213/2215/1575 2215/2217/1575 2198/2200/1575 2196/2198/1575
f 2216/2218/1542 2218/2220/1542 2219/2221/1542 2217/2219/1542
f 2218/2220/1487 2204/2206/1487 2207/2209/1487 2219/2221/1487
f 2219/2221/1487 2207/2209/1487 2188/2190/1487 2202/2204/1487
f 2217/2219/1551 2219/2221/1551 2202/2204/1551 2200/2202/1551
f 1109/1111/1576 1108/1110/1576 2220/2222/1576 2221/2223/1576
f 1108/1110/1577 1107/1109/1577 2222/2224/1577 2220/2222/1577
f 2220/2222/1578 2222/2224/1578 2208/2210/1578 2205/2207/1578
f 2221/2223/1579 2220/2222/1579 2205/2207/1579 2204/2206/1579
f 1107/1109/1580 1106/1108/1580 2223/2225/1580 2222/2224/1580
f 1106/1108/1581 1105/1107/1581 2224/2226/1581 2223/2225/1581
f 2223/2225/1582 2224/2226/1582 2212/2214/1582 2210/2212/1582
f 2222/2224/1583 2223/2225/1583 2210/2212/1583 2208/2210/1583
f 1105/1107/1584 1102/1104/1584 2225/2227/1584 2224/2226/1584
f 1102/1104/1585 1101/1103/1585 2226/2228/1585 2225/2227/1585
f 2225/2227/1586 2226/2228/1586 2216/2218/1586 2214/2216/1586
f 2224/2226/1587 2225/2227/1587 2214/2216/1587 2212/2214/1587
f 1101/1103/1588 1104/1106/1588 2227/2229/1588 2226/2228/1588
f 1104/1106/1589 1109/1111/1589 2221/2223/1589 2227/2229/1589
f 2227/2229/1590 2221/2223/1590 2204/2206/1590 2218/2220/1590
f 2226/2228/1591 2227/2229/1591 2218/2220/1591 2216/2218/1591
f 2228/2230/1592 2229/2231/1592 2230/2232/1592 2231/2233/1592
f 2229/2231/1593 2232/2234/1593 2233/2235/1593 2230/2232/1593
f 2230/2232/1594 2233/2235/1594 488/490/1594 491/493/1594
f 2231/2233/1595 2230/2232/1595 491/493/1595 435/437/1595
f 2232/2234/1596 2234/2236/1596 2235/2237/1596 2233/2235/1596
f 2234/2236/1597 2236/2238/1597 2237/2239/1597 2235/2237/1597
f 2235/2237/1598 2237/2239/1598 985/987/1598 1055/1057/1598
f 2233/2235/1599 2235/2237/1599 1055/1057/1599 488/490/1599
f 2236/2238/1600 2238/2240/1600 2239/2241/1600 2237/2239/1600
f 2238/2240/1601 2240/2242/1601 2241/2243/1601 2239/2241/1601
f 2239/2241/1602 2241/2243/1602 433/435/1602 995/997/1602
f 2237/2239/1603 2239/2241/1603 995/997/1603 985/987/1603
f 2240/2242/1604 2242/2244/1604 2243/2245/1604 2241/2243/1604
f 2242/2244/1605 2228/2230/1605 2231/2233/1605 2243/2245/1605
f 2243/2245/1606 2231/2233/1606 435/437/1606 434/436/1606
f 2241/2243/1607 2243/2245/1607 434/436/1607 433/435/1607
f 2244/2246/1608 2245/2247/1608 2246/2248/1608 2247/2249/1608
f 2245/2247/1609 2248/2250/1609 2249/2251/1609 2246/2248/1609
f 2246/2248/1610 2249/2251/1610 2232/2234/1610 2229/2231/1610
f 2247/2249/1611 2246/2248/1611 2229/2231/1611 2228/2230/1611
f 2248/2250/1612 2250/2252/1612 2251/2253/1612 2249/2251/1612
f 2250/2252/1613 2252/2254/1613 2253/2255/1613 2251/2253/1613
f 2251/2253/1614 2253/2255/1614 2236/2238/1614 2234/2236/1614
f 2249/2251/1615 2251/2253/1615 2234/2236/1615 2232/2234/1615
f 2252/2254/1616 2254/2256/1616 2255/2257/1616 2253/2255/1616
f 2254/2256/1617 2256/2258/1617 2257/2259/1617 2255/2257/1617
f 2255/2257/1618 2257/2259/1618 2240/2242/1618 2238/2240/1618
f 2253/2255/1619 2255/2257/1619 2238/2240/1619 2236/2238/1619
f 2256/2258/1620 2258/2260/1620 2259/2261/1620 2257/2259/1620
f 2258/2260/1621 2244/2246/1621 2247/2249/1621 2259/2261/1621
f 2259/2261/1622 2247/2249/1622 2228/2230/1622 2242/2244/1622
f 2257/2259/1623 2259/2261/1623 2242/2244/1623 2240/2242/1623
f 2260/2262/1624 2261/2263/1624 2262/2264/1624 2263/2265/1624
f 2261/2263/1625 2264/2266/1625 2265/2267/1625 2262/2264/1625
f 2262/2264/1626 2265/2267/1626 2248/2250/1626 2245/2247/1626
f 2263/2265/1627 2262/2264/1627 2245/2247/1627 2244/2246/1627
f 2264/2266/1628 2266/2268/1628 2267/2269/1628 2265/2267/1628
f 2266/2268/1629 2268/2270/1629 2269/2271/1629 2267/2269/1629
f 2267/2269/1630 2269/2271/1630 2252/2254/1630 2250/2252/1630
f 2265/2267/1628 2267/2269/1628 2250/2252/1628 2248/2250/1628
f 2268/2270/1631 2270/2272/1631 2271/2273/1631 2269/2271/1631
f 2270/2272/1632 2272/2274/1632 2273/2275/1632 2271/2273/1632
f 2271/2273/1633 2273/2275/1633 2256/2258/1633 2254/2256/1633
f 2269/2271/1634 2271/2273/1634 2254/2256/1634 2252/2254/1634
f 2272/2274/1635 2274/2276/1635 2275/2277/1635 2273/2275/1635
f 2274/2276/1636 2260/2262/1636 2263/2265/1636 2275/2277/1636
f 2275/2277/1637 2263/2265/1637 2244/2246/1637 2258/2260/1637
f 2273/2275/1638 2275/2277/1638 2258/2260/1638 2256/2258/1638
f 2276/2278/1608 2277/2279/1608 2278/2280/1608 2279/2281/1608
f 2277/2279/1639 2280/2282/1639 2281/2283/1639 2278/2280/1639
f 2278/2280/1640 2281/2283/1640 2264/2266/1640 2261/2263/1640
f 2279/2281/1608 2278/2280/1608 2261/2263/1608 2260/2262/1608
f 2280/2282/1628 2282/2284/1628 2283/2285/1628 2281/2283/1628
f 2282/2284/1641 2284/2286/1641 2285/2287/1641 2283/2285/1641
f 2283/2285/1630 2285/2287/1630 2268/2270/1630 2266/2268/1630
f 2281/2283/1642 2283/2285/1642 2266/2268/1642 2264/2266/1642
f 2284/2286/1631 2286/2288/1631 2287/2289/1631 2285/2287/1631
f 2286/2288/1643 2288/2290/1643 2289/2291/1643 2287/2289/1643
f 2287/2289/1633 2289/2291/1633 2272/2274/1633 2270/2272/1633
f 2285/2287/1631 2287/2289/1631 2270/2272/1631 2268/2270/1631
f 2288/2290/1638 2290/2292/1638 2291/2293/1638 2289/2291/1638
f 2290/2292/1644 2276/2278/1644 2279/2281/1644 2291/2293/1644
f 2291/2293/1645 2279/2281/1645 2260/2262/1645 2274/2276/1645
f 2289/2291/1638 2291/2293/1638 2274/2276/1638 2272/2274/1638
f 2292/2294/1646 2293/2295/1646 2294/2296/1646 2295/2297/1646
f 2293/2295/1647 2296/2298/1647 2297/2299/1647 2294/2296/1647
f 2294/2296/1648 2297/2299/1648 2280/2282/1648 2277/2279/1648
f 2295/2297/1608 2294/2296/1608 2277/2279/1608 2276/2278/1608
f 2296/2298/1649 2298/2300/1649 2299/2301/1649 2297/2299/1649
f 2298/2300/1650 2300/2302/1650 2301/2303/1650 2299/2301/1650
f 2299/2301/1651 2301/2303/1651 2284/2286/1651 2282/2284/1651
f 2297/2299/1652 2299/2301/1652 2282/2284/1652 2280/2282/1652
f 2300/2302/1653 2302/2304/1653 2303/2305/1653 2301/2303/1653
f 2302/2304/1654 2304/2306/1654 2305/2307/1654 2303/2305/1654
f 2303/2305/1655 2305/2307/1655 2288/2290/1655 2286/2288/1655
f 2301/2303/1656 2303/2305/1656 2286/2288/1656 2284/2286/1656
f 2304/2306/1657 2306/2308/1657 2307/2309/1657 2305/2307/1657
f 2306/2308/1658 2292/2294/1658 2295/2297/1658 2307/2309/1658
f 2307/2309/1644 2295/2297/1644 2276/2278/1644 2290/2292/1644
f 2305/2307/1659 2307/2309/1659 2290/2292/1659 2288/2290/1659
f 2308/2310/1660 2309/2311/1660 2310/2312/1660 2311/2313/1660
f 2309/2311/1661 2312/2314/1661 2313/2315/1661 2310/2312/1661
f 2310/2312/1662 2313/2315/1662 2296/2298/1662 2293/2295/1662
f 2311/2313/1663 2310/2312/1663 2293/2295/1663 2292/2294/1663
f 2312/2314/1664 2314/2316/1664 2315/2317/1664 2313/2315/1664
f 2314/2316/1665 2316/2318/1665 2317/2319/1665 2315/2317/1665
f 2315/2317/1666 2317/2319/1666 2300/2302/1666 2298/2300/1666
f 2313/2315/1667 2315/2317/1667 2298/2300/1667 2296/2298/1667
f 2316/2318/1668 2318/2320/1668 2319/2321/1668 2317/2319/1668
f 2318/2320/1669 2320/2322/1669 2321/2323/1669 2319/2321/1669
f 2319/2321/1670 2321/2323/1670 2304/2306/1670 2302/2304/1670
f 2317/2319/1671 2319/2321/1671 2302/2304/1671 2300/2302/1671
f 2320/2322/1672 2322/2324/1672 2323/2325/1672 2321/2323/1672
f 2322/2324/1673 2308/2310/1673 2311/2313/1673 2323/2325/1673
f 2323/2325/1674 2311/2313/1674 2292/2294/1674 2306/2308/1674
f 2321/2323/1675 2323/2325/1675 2306/2308/1675 2304/2306/1675
f 2324/2326/1676 2325/2327/1676 2326/2328/1676 2327/2329/1676
f 2325/2327/1677 2328/2330/1677 2329/2331/1677 2326/2328/1677
f 2326/2328/1678 2329/2331/1678 2312/2314/1678 2309/2311/1678
f 2327/2329/1679 2326/2328/1679 2309/2311/1679 2308/2310/1679
f 2328/2330/1680 2330/2332/1680 2331/2333/1680 2329/2331/1680
f 2330/2332/1681 2332/2334/1681 2333/2335/1681 2331/2333/1681
f 2331/2333/1682 2333/2335/1682 2316/2318/1682 2314/2316/1682
f 2329/2331/1683 2331/2333/1683 2314/2316/1683 2312/2314/1683
f 2332/2334/1684 2334/2336/1684 2335/2337/1684 2333/2335/1684
f 2334/2336/1685 2336/2338/1685 2337/2339/1685 2335/2337/1685
f 2335/2337/1686 2337/2339/1686 2320/2322/1686 2318/2320/1686
f 2333/2335/1687 2335/2337/1687 2318/2320/1687 2316/2318/1687
f 2336/2338/1688 2338/2340/1688 2339/2341/1688 2337/2339/1688
f 2338/2340/1689 2324/2326/1689 2327/2329/1689 2339/2341/1689
f 2339/2341/1690 2327/2329/1690 2308/2310/1690 2322/2324/1690
f 2337/2339/1691 2339/2341/1691 2322/2324/1691 2320/2322/1691
f 2340/2342/1692 2341/2343/1692 2342/2344/1692 2343/2345/1692
f 2341/2343/1693 2344/2346/1693 2345/2347/1693 2342/2344/1693
f 2342/2344/1694 2345/2347/1694 2328/2330/1694 2325/2327/1694
f 2343/2345/1695 2342/2344/1695 2325/2327/1695 2324/2326/1695
f 2344/2346/1696 2346/2348/1696 2347/2349/1696 2345/2347/1696
f 2346/2348/1697 2348/2350/1697 2349/2351/1697 2347/2349/1697
f 2347/2349/1698 2349/2351/1698 2332/2334/1698 2330/2332/1698
f 2345/2347/1699 2347/2349/1699 2330/2332/1699 2328/2330/1699
f 2348/2350/1700 2350/2352/1700 2351/2353/1700 2349/2351/1700
f 2350/2352/1701 2352/2354/1701 2353/2355/1701 2351/2353/1701
f 2351/2353/1702 2353/2355/1702 2336/2338/1702 2334/2336/1702
f 2349/2351/1703 2351/2353/1703 2334/2336/1703 2332/2334/1703
f 2352/2354/1704 2354/2356/1704 2355/2357/1704 2353/2355/1704
f 2354/2356/1705 2340/2342/1705 2343/2345/1705 2355/2357/1705
f 2355/2357/1706 2343/2345/1706 2324/2326/1706 2338/2340/1706
f 2353/2355/1707 2355/2357/1707 2338/2340/1707 2336/2338/1707
f 2356/2358/1708 2357/2359/1708 2358/2360/1708 2359/2361/1708
f 2357/2359/1709 2360/2362/1709 2361/2363/1709 2358/2360/1709
f 2358/2360/1710 2361/2363/1710 2344/2346/1710 2341/2343/1710
f 2359/2361/1711 2358/2360/1711 2341/2343/1711 2340/2342/1711
f 2360/2362/1712 2362/2364/1712 2363/2365/1712 2361/2363/1712
f 2362/2364/1713 2364/2366/1713 2365/2367/1713 2363/2365/1713
f 2363/2365/1714 2365/2367/1714 2348/2350/1714 2346/2348/1714
f 2361/2363/1715 2363/2365/1715 2346/2348/1715 2344/2346/1715
f 2364/2366/1716 2366/2368/1716 2367/2369/1716 2365/2367/1716
f 2366/2368/1717 2368/2370/1717 2369/2371/1717 2367/2369/1717
f 2367/2369/1701 2369/2371/1701 2352/2354/1701 2350/2352/1701
f 2365/2367/1718 2367/2369/1718 2350/2352/1718 2348/2350/1718
f 2368/2370/1719 2370/2372/1719 2371/2373/1719 2369/2371/1719
f 2370/2372/1720 2356/2358/1720 2359/2361/1720 2371/2373/1720
f 2371/2373/1721 2359/2361/1721 2340/2342/1721 2354/2356/1721
f 2369/2371/1722 2371/2373/1722 2354/2356/1722 2352/2354/1722
f 2372/2374/1723 2373/2375/1723 2374/2376/1723 2375/2377/1723
f 2373/2375/1724 2376/2378/1724 2377/2379/1724 2374/2376/1724
f 2374/2376/1725 2377/2379/1725 2360/2362/1725 2357/2359/1725
f 2375/2377/1726 2374/2376/1726 2357/2359/1726 2356/2358/1726
f 2376/2378/1727 2378/2380/1727 2379/2381/1727 2377/2379/1727
f 2378/2380/1728 2380/2382/1728 2381/2383/1728 2379/2381/1728
f 2379/2381/1729 2381/2383/1729 2364/2366/1729 2362/2364/1729
f 2377/2379/1730 2379/2381/1730 2362/2364/1730 2360/2362/1730
f 2380/2382/1731 2382/2384/1731 2383/2385/1731 2381/2383/1731
f 2382/2384/1732 2384/2386/1732 2385/2387/1732 2383/2385/1732
f 2383/2385/1701 2385/2387/1701 2368/2370/1701 2366/2368/1701
f 2381/2383/1718 2383/2385/1718 2366/2368/1718 2364/2366/1718
f 2384/2386/1733 2386/2388/1733 2387/2389/1733 2385/2387/1733
f 2386/2388/1734 2372/2374/1734 2375/2377/1734 2387/2389/1734
f 2387/2389/1735 2375/2377/1735 2356/2358/1735 2370/2372/1735
f 2385/2387/1736 2387/2389/1736 2370/2372/1736 2368/2370/1736
f 2388/2390/1737 2389/2391/1737 2390/2392/1737 2391/2393/1737
f 2389/2391/1738 2392/2394/1738 2393/2395/1738 2390/2392/1738
f 2390/2392/1739 2393/2395/1739 2376/2378/1739 2373/2375/1739
f 2391/2393/1692 2390/2392/1692 2373/2375/1692 2372/2374/1692
f 2392/2394/1740 2394/2396/1740 2395/2397/1740 2393/2395/1740
f 2394/2396/1741 2396/2398/1741 2397/2399/1741 2395/2397/1741
f 2395/2397/1742 2397/2399/1742 2380/2382/1742 2378/2380/1742
f 2393/2395/1743 2395/2397/1743 2378/2380/1743 2376/2378/1743
f 2396/2398/1744 2398/2400/1744 2399/2401/1744 2397/2399/1744
f 2398/2400/1745 2400/2402/1745 2401/2403/1745 2399/2401/1745
f 2399/2401/1746 2401/2403/1746 2384/2386/1746 2382/2384/1746
f 2397/2399/1747 2399/2401/1747 2382/2384/1747 2380/2382/1747
f 2400/2402/1748 2402/2404/1748 2403/2405/1748 2401/2403/1748
f 2402/2404/1749 2388/2390/1749 2391/2393/1749 2403/2405/1749
f 2403/2405/1750 2391/2393/1750 2372/2374/1750 2386/2388/1750
f 2401/2403/1751 2403/2405/1751 2386/2388/1751 2384/2386/1751
f 2404/2406/1752 2405/2407/1752 2406/2408/1752 2407/2409/1752
f 2405/2407/1753 2408/2410/1753 2409/2411/1753 2406/2408/1753
f 2406/2408/1754 2409/2411/1754 2392/2394/1754 2389/2391/1754
f 2407/2409/1755 2406/2408/1755 2389/2391/1755 2388/2390/1755
f 2408/2410/1756 2410/2412/1756 2411/2413/1756 2409/2411/1756
f 2410/2412/1757 2412/2414/1757 2413/2415/1757 2411/2413/1757
f 2411/2413/1758 2413/2415/1758 2396/2398/1758 2394/2396/1758
f 2409/2411/1759 2411/2413/1759 2394/2396/1759 2392/2394/1759
f 2412/2414/1760 2414/2416/1760 2415/2417/1760 2413/2415/1760
f 2414/2416/1761 2416/2418/1761 2417/2419/1761 2415/2417/1761
f 2415/2417/1762 2417/2419/1762 2400/2402/1762 2398/2400/1762
f 2413/2415/1763 2415/2417/1763 2398/2400/1763 2396/2398/1763
f 2416/2418/1764 2418/2420/1764 2419/2421/1764 2417/2419/1764
f 2418/2420/1765 2404/2406/1765 2407/2409/1765 2419/2421/1765
f 2419/2421/1766 2407/2409/1766 2388/2390/1766 2402/2404/1766
f 2417/2419/1767 2419/2421/1767 2402/2404/1767 2400/2402/1767
f 2420/2422/1768 2421/2423/1768 2422/2424/1768 2423/2425/1768
f 2421/2423/1769 2424/2426/1769 2425/2427/1769 2422/2424/1769
f 2422/2424/1770 2425/2427/1770 2408/2410/1770 2405/2407/1770
f 2423/2425/1771 2422/2424/1771 2405/2407/1771 2404/2406/1771
f 2424/2426/1772 2426/2428/1772 2427/2429/1772 2425/2427/1772
f 2426/2428/1773 2428/2430/1773 2429/2431/1773 2427/2429/1773
f 2427/2429/1774 2429/2431/1774 2412/2414/1774 2410/2412/1774
f 2425/2427/1775 2427/2429/1775 2410/2412/1775 2408/2410/1775
f 2428/2430/1776 2430/2432/1776 2431/2433/1776 2429/2431/1776
f 2430/2432/1777 2432/2434/1777 2433/2435/1777 2431/2433/1777
f 2431/2433/1778 2433/2435/1778 2416/2418/1778 2414/2416/1778
f 2429/2431/1779 2431/2433/1779 2414/2416/1779 2412/2414/1779
f 2432/2434/1780 2434/2436/1780 2435/2437/1780 2433/2435/1780
f 2434/2436/1781 2420/2422/1781 2423/2425/1781 2435/2437/1781
f 2435/2437/1782 2423/2425/1782 2404/2406/1782 2418/2420/1782
f 2433/2435/1783 2435/2437/1783 2418/2420/1783 2416/2418/1783
f 2436/2438/1784 2437/2439/1784 2438/2440/1784 2439/2441/1784
f 2437/2439/1785 2440/2442/1785 2441/2443/1785 2438/2440/1785
f 2438/2440/1786 2441/2443/1786 2424/2426/1786 2421/2423/1786
f 2439/2441/1771 2438/2440/1771 2421/2423/1771 2420/2422/1771
f 2440/2442/1787 2442/2444/1787 2443/2445/1787 2441/2443/1787
f 2442/2444/1788 2444/2446/1788 2445/2447/1788 2443/2445/1788
f 2443/2445/1788 2445/2447/1788 2428/2430/1788 2426/2428/1788
f 2441/2443/1789 2443/2445/1789 2426/2428/1789 2424/2426/1789
f 2444/2446/1790 2446/2448/1790 2447/2449/1790 2445/2447/1790
f 2446/2448/1791 2448/2450/1791 2449/2451/1791 2447/2449/1791
f 2447/2449/1792 2449/2451/1792 2432/2434/1792 2430/2432/1792
f 2445/2447/1793 2447/2449/1793 2430/2432/1793 2428/2430/1793
f 2448/2450/1794 2450/2452/1794 2451/2453/1794 2449/2451/1794
f 2450/2452/1795 2436/2438/1795 2439/2441/1795 2451/2453/1795
f 2451/2453/1782 2439/2441/1782 2420/2422/1782 2434/2436/1782
f 2449/2451/1794 2451/2453/1794 2434/2436/1794 2432/2434/1794
f 2452/2454/1768 2453/2455/1768 2454/2456/1768 2455/2457/1768
f 2453/2455/1796 2456/2458/1796 2457/2459/1796 2454/2456/1796
f 2454/2456/1797 2457/2459/1797 2440/2442/1797 2437/2439/1797
f 2455/2457/1771 2454/2456/1771 2437/2439/1771 2436/2438/1771
f 2456/2458/1798 2458/2460/1798 2459/2461/1798 2457/2459/1798
f 2458/2460/1799 2460/2462/1799 2461/2463/1799 2459/2461/1799
f 2459/2461/1773 2461/2463/1773 2444/2446/1773 2442/2444/1773
f 2457/2459/1800 2459/2461/1800 2442/2444/1800 2440/2442/1800
f 2460/2462/1801 2462/2464/1801 2463/2465/1801 2461/2463/1801
f 2462/2464/1792 2464/2466/1792 2465/2467/1792 2463/2465/1792
f 2463/2465/1802 2465/2467/1802 2448/2450/1802 2446/2448/1802
f 2461/2463/1779 2463/2465/1779 2446/2448/1779 2444/2446/1779
f 2464/2466/1803 2466/2468/1803 2467/2469/1803 2465/2467/1803
f 2466/2468/1804 2452/2454/1804 2455/2457/1804 2467/2469/1804
f 2467/2469/1805 2455/2457/1805 2436/2438/1805 2450/2452/1805
f 2465/2467/1806 2467/2469/1806 2450/2452/1806 2448/2450/1806
f 2468/2470/1807 2469/2471/1807 2470/2472/1807 2471/2473/1807
f 2469/2471/1808 2472/2474/1808 2473/2475/1808 2470/2472/1808
f 2470/2472/1809 2473/2475/1809 2456/2458/1809 2453/2455/1809
f 2471/2473/1810 2470/2472/1810 2453/2455/1810 2452/2454/1810
f 2472/2474/1811 2474/2476/1811 2475/2477/1811 2473/2475/1811
f 2474/2476/1812 2476/2478/1812 2477/2479/1812 2475/2477/1812
f 2475/2477/1813 2477/2479/1813 2460/2462/1813 2458/2460/1813
f 2473/2475/1814 2475/2477/1814 2458/2460/1814 2456/2458/1814
f 2476/2478/1815 2478/2480/1815 2479/2481/1815 2477/2479/1815
f 2478/2480/1816 2480/2482/1816 2481/2483/1816 2479/2481/1816
f 2479/2481/1817 2481/2483/1817 2464/2466/1817 2462/2464/1817
f 2477/2479/1818 2479/2481/1818 2462/2464/1818 2460/2462/1818
f 2480/2482/1819 2482/2484/1819 2483/2485/1819 2481/2483/1819
f 2482/2484/1820 2468/2470/1820 2471/2473/1820 2483/2485/1820
f 2483/2485/1821 2471/2473/1821 2452/2454/1821 2466/2468/1821
f 2481/2483/1822 2483/2485/1822 2466/2468/1822 2464/2466/1822
f 2484/2486/1823 2485/2487/1823 2486/2488/1823 2487/2489/1823
f 2485/2487/1824 2488/2490/1824 2489/2491/1824 2486/2488/1824
f 2486/2488/1825 2489/2491/1825 2472/2474/1825 2469/2471/1825
f 2487/2489/1826 2486/2488/1826 2469/2471/1826 2468/2470/1826
f 2488/2490/1827 2490/2492/1827 2491/2493/1827 2489/2491/1827
f 2490/2492/1828 2492/2494/1828 2493/2495/1828 2491/2493/1828
f 2491/2493/1829 2493/2495/1829 2476/2478/1829 2474/2476/1829
f 2489/2491/1830 2491/2493/1830 2474/2476/1830 2472/2474/1830
f 2492/2494/1831 2494/2496/1831 2495/2497/1831 2493/2495/1831
f 2494/2496/1832 2496/2498/1832 2497/2499/1832 2495/2497/1832
f 2495/2497/1833 2497/2499/1833 2480/2482/1833 2478/2480/1833
f 2493/2495/1834 2495/2497/1834 2478/2480/1834 2476/2478/1834
f 2496/2498/1835 2498/2500/1835 2499/2501/1835 2497/2499/1835
f 2498/2500/1836 2484/2486/1836 2487/2489/1836 2499/2501/1836
f 2499/2501/1837 2487/2489/1837 2468/2470/1837 2482/2484/1837
f 2497/2499/1838 2499/2501/1838 2482/2484/1838 2480/2482/1838
f 2500/2502/1839 2501/2503/1839 2502/2504/1839 2503/2505/1839
f 2501/2503/1840 2504/2506/1840 2505/2507/1840 2502/2504/1840
f 2502/2504/1841 2505/2507/1841 2488/2490/1841 2485/2487/1841
f 2503/2505/1842 2502/2504/1842 2485/2487/1842 2484/2486/1842
f 2504/2506/1843 2506/2508/1843 2507/2509/1843 2505/2507/1843
f 2506/2508/1844 2508/2510/1844 2509/2511/1844 2507/2509/1844
f 2507/2509/1845 2509/2511/1845 2492/2494/1845 2490/2492/1845
f 2505/2507/1846 2507/2509/1846 2490/2492/1846 2488/2490/1846
f 2508/2510/1847 2510/2512/1847 2511/2513/1847 2509/2511/1847
f 2510/2512/1848 2512/2514/1848 2513/2515/1848 2511/2513/1848
f 2511/2513/1849 2513/2515/1849 2496/2498/1849 2494/2496/1849
f 2509/2511/1850 2511/2513/1850 2494/2496/1850 2492/2494/1850
f 2512/2514/1851 2514/2516/1851 2515/2517/1851 2513/2515/1851
f 2514/2516/1852 2500/2502/1852 2503/2505/1852 2515/2517/1852
f 2515/2517/1853 2503/2505/1853 2484/2486/1853 2498/2500/1853
f 2513/2515/1854 2515/2517/1854 2498/2500/1854 2496/2498/1854
f 2516/2518/1855 2517/2519/1855 2518/2520/1855 2519/2521/1855
f 2517/2519/1856 2520/2522/1856 2521/2523/1856 2518/2520/1856
f 2518/2520/1857 2521/2523/1857 2504/2506/1857 2501/2503/1857
f 2519/2521/1858 2518/2520/1858 2501/2503/1858 2500/2502/1858
f 2520/2522/1859 2522/2524/1859 2523/2525/1859 2521/2523/1859
f 2522/2524/1845 2524/2526/1845 2525/2527/1845 2523/2525/1845
f 2523/2525/1844 2525/2527/1844 2508/2510/1844 2506/2508/1844
f 2521/2523/1860 2523/2525/1860 2506/2508/1860 2504/2506/1860
f 2524/2526/1847 2526/2528/1847 2527/2529/1847 2525/2527/1847
f 2526/2528/1861 2528/2530/1861 2529/2531/1861 2527/2529/1861
f 2527/2529/1862 2529/2531/1862 2512/2514/1862 2510/2512/1862
f 2525/2527/1863 2527/2529/1863 2510/2512/1863 2508/2510/1863
f 2528/2530/1864 2530/2532/1864 2531/2533/1864 2529/2531/1864
f 2530/2532/1865 2516/2518/1865 2519/2521/1865 2531/2533/1865
f 2531/2533/1866 2519/2521/1866 2500/2502/1866 2514/2516/1866
f 2529/2531/1867 2531/2533/1867 2514/2516/1867 2512/2514/1867
f 2532/2534/1868 2533/2535/1868 2534/2536/1868 2535/2537/1868
f 2533/2535/1869 2536/2538/1869 2537/2539/1869 2534/2536/1869
f 2534/2536/1870 2537/2539/1870 2520/2522/1870 2517/2519/1870
f 2535/2537/1871 2534/2536/1871 2517/2519/1871 2516/2518/1871
f 2536/2538/1872 2538/2540/1872 2539/2541/1872 2537/2539/1872
f 2538/2540/1873 2540/2542/1873 2541/2543/1873 2539/2541/1873
f 2539/2541/1844 2541/2543/1844 2524/2526/1844 2522/2524/1844
f 2537/2539/1874 2539/2541/1874 2522/2524/1874 2520/2522/1874
f 2540/2542/1850 2542/2544/1850 2543/2545/1850 2541/2543/1850
f 2542/2544/1875 2544/2546/1875 2545/2547/1875 2543/2545/1875
f 2543/2545/1876 2545/2547/1876 2528/2530/1876 2526/2528/1876
f 2541/2543/1877 2543/2545/1877 2526/2528/1877 2524/2526/1877
f 2544/2546/1878 2546/2548/1878 2547/2549/1878 2545/2547/1878
f 2546/2548/1879 2532/2534/1879 2535/2537/1879 2547/2549/1879
f 2547/2549/1880 2535/2537/1880 2516/2518/1880 2530/2532/1880
f 2545/2547/1881 2547/2549/1881 2530/2532/1881 2528/2530/1881
f 2548/2550/1882 2549/2551/1882 2550/2552/1882 2551/2553/1882
f 2549/2551/1883 2552/2554/1883 2553/2555/1883 2550/2552/1883
f 2550/2552/1870 2553/2555/1870 2536/2538/1870 2533/2535/1870
f 2551/2553/1884 2550/2552/1884 2533/2535/1884 2532/2534/1884
f 2552/2554/1885 2554/2556/1885 2555/2557/1885 2553/2555/1885
f 2554/2556/1886 2556/2558/1886 2557/2559/1886 2555/2557/1886
f 2555/2557/1844 2557/2559/1844 2540/2542/1844 2538/2540/1844
f 2553/2555/1859 2555/2557/1859 2538/2540/1859 2536/2538/1859
f 2556/2558/1887 2558/2560/1887 2559/2561/1887 2557/2559/1887
f 2558/2560/1888 2560/2562/1888 2561/2563/1888 2559/2561/1888
f 2559/2561/1889 2561/2563/1889 2544/2546/1889 2542/2544/1889
f 2557/2559/1890 2559/2561/1890 2542/2544/1890 2540/2542/1890
f 2560/2562/1891 2562/2564/1891 2563/2565/1891 2561/2563/1891
f 2562/2564/1892 2548/2550/1892 2551/2553/1892 2563/2565/1892
f 2563/2565/1893 2551/2553/1893 2532/2534/1893 2546/2548/1893
f 2561/2563/1891 2563/2565/1891 2546/2548/1891 2544/2546/1891
f 2564/2566/1894 2565/2567/1894 2566/2568/1894 2567/2569/1894
f 2565/2567/1895 2568/2570/1895 2569/2571/1895 2566/2568/1895
f 2566/2568/1896 2569/2571/1896 2552/2554/1896 2549/2551/1896
f 2567/2569/1897 2566/2568/1897 2549/2551/1897 2548/2550/1897
f 2568/2570/1898 2570/2572/1898 2571/2573/1898 2569/2571/1898
f 2570/2572/1899 2572/2574/1899 2573/2575/1899 2571/2573/1899
f 2571/2573/1900 2573/2575/1900 2556/2558/1900 2554/2556/1900
f 2569/2571/1901 2571/2573/1901 2554/2556/1901 2552/2554/1901
f 2572/2574/1847 2574/2576/1847 2575/2577/1847 2573/2575/1847
f 2574/2576/1902 2576/2578/1902 2577/2579/1902 2575/2577/1902
f 2575/2577/1903 2577/2579/1903 2560/2562/1903 2558/2560/1903
f 2573/2575/1904 2575/2577/1904 2558/2560/1904 2556/2558/1904
f 2576/2578/1905 2578/2580/1905 2579/2581/1905 2577/2579/1905
f 2578/2580/1880 2564/2566/1880 2567/2569/1880 2579/2581/1880
f 2579/2581/1906 2567/2569/1906 2548/2550/1906 2562/2564/1906
f 2577/2579/1907 2579/2581/1907 2562/2564/1907 2560/2562/1907
f 2580/2582/1908 2581/2583/1908 2582/2584/1908 2583/2585/1908
f 2581/2583/1856 2584/2586/1856 2585/2587/1856 2582/2584/1856
f 2582/2584/1909 2585/2587/1909 2568/2570/1909 2565/2567/1909
f 2583/2585/1910 2582/2584/1910 2565/2567/1910 2564/2566/1910
f 2584/2586/1911 2586/2588/1911 2587/2589/1911 2585/2587/1911
f 2586/2588/1912 2588/2590/1912 2589/2591/1912 2587/2589/1912
f 2587/2589/1913 2589/2591/1913 2572/2574/1913 2570/2572/1913
f 2585/2587/1859 2587/2589/1859 2570/2572/1859 2568/2570/1859
f 2588/2590/1914 2590/2592/1914 2591/2593/1914 2589/2591/1914
f 2590/2592/1915 2592/2594/1915 2593/2595/1915 2591/2593/1915
f 2591/2593/1916 2593/2595/1916 2576/2578/1916 2574/2576/1916
f 2589/2591/1917 2591/2593/1917 2574/2576/1917 2572/2574/1917
f 2592/2594/1918 2594/2596/1918 2595/2597/1918 2593/2595/1918
f 2594/2596/1919 2580/2582/1919 2583/2585/1919 2595/2597/1919
f 2595/2597/1920 2583/2585/1920 2564/2566/1920 2578/2580/1920
f 2593/2595/1921 2595/2597/1921 2578/2580/1921 2576/2578/1921
f 2596/2598/1884 2597/2599/1884 2598/2600/1884 2599/2601/1884
f 2597/2599/1922 2600/2602/1922 2601/2603/1922 2598/2600/1922
f 2598/2600/1841 2601/2603/1841 2584/2586/1841 2581/2583/1841
f 2599/2601/1868 2598/2600/1868 2581/2583/1868 2580/2582/1868
f 2600/2602/1923 2602/2604/1923 2603/2605/1923 2601/2603/1923
f 2602/2604/1924 2604/2606/1924 2605/2607/1924 2603/2605/1924
f 2603/2605/1925 2605/2607/1925 2588/2590/1925 2586/2588/1925
f 2601/2603/1926 2603/2605/1926 2586/2588/1926 2584/2586/1926
f 2604/2606/1927 2606/2608/1927 2607/2609/1927 2605/2607/1927
f 2606/2608/1928 2608/2610/1928 2609/2611/1928 2607/2609/1928
f 2607/2609/1929 2609/2611/1929 2592/2594/1929 2590/2592/1929
f 2605/2607/1930 2607/2609/1930 2590/2592/1930 2588/2590/1930
f 2608/2610/1931 2610/2612/1931 2611/2613/1931 2609/2611/1931
f 2610/2612/1932 2596/2598/1932 2599/2601/1932 2611/2613/1932
f 2611/2613/1892 2599/2601/1892 2580/2582/1892 2594/2596/1892
f 2609/2611/1933 2611/2613/1933 2594/2596/1933 2592/2594/1933
f 2612/2614/1839 2613/2615/1839 2614/2616/1839 2615/2617/1839
f 2613/2615/1934 2616/2618/1934 2617/2619/1934 2614/2616/1934
f 2614/2616/1935 2617/2619/1935 2600/2602/1935 2597/2599/1935
f 2615/2617/1936 2614/2616/1936 2597/2599/1936 2596/2598/1936
f 2616/2618/1937 2618/2620/1937 2619/2621/1937 2617/2619/1937
f 2618/2620/1938 2620/2622/1938 2621/2623/1938 2619/2621/1938
f 2619/2621/1844 2621/2623/1844 2604/2606/1844 2602/2604/1844
f 2617/2619/1939 2619/2621/1939 2602/2604/1939 2600/2602/1939
f 2620/2622/1940 2622/2624/1940 2623/2625/1940 2621/2623/1940
f 2622/2624/1941 2624/2626/1941 2625/2627/1941 2623/2625/1941
f 2623/2625/1942 2625/2627/1942 2608/2610/1942 2606/2608/1942
f 2621/2623/1943 2623/2625/1943 2606/2608/1943 2604/2606/1943
f 2624/2626/1918 2626/2628/1918 2627/2629/1918 2625/2627/1918
f 2626/2628/1944 2612/2614/1944 2615/2617/1944 2627/2629/1944
f 2627/2629/1945 2615/2617/1945 2596/2598/1945 2610/2612/1945
f 2625/2627/1946 2627/2629/1946 2610/2612/1946 2608/2610/1946
f 2628/2630/1947 2629/2631/1947 2630/2632/1947 2631/2633/1947
f 2629/2631/1948 2632/2634/1948 2633/2635/1948 2630/2632/1948
f 2630/2632/1922 2633/2635/1922 2616/2618/1922 2613/2615/1922
f 2631/2633/1949 2630/2632/1949 2613/2615/1949 2612/2614/1949
f 2632/2634/1950 2634/2636/1950 2635/2637/1950 2633/2635/1950
f 2634/2636/1951 2636/2638/1951 2637/2639/1951 2635/2637/1951
f 2635/2637/1952 2637/2639/1952 2620/2622/1952 2618/2620/1952
f 2633/2635/1953 2635/2637/1953 2618/2620/1953 2616/2618/1953
f 2636/2638/1954 2638/2640/1954 2639/2641/1954 2637/2639/1954
f 2638/2640/1955 2640/2642/1955 2641/2643/1955 2639/2641/1955
f 2639/2641/1956 2641/2643/1956 2624/2626/1956 2622/2624/1956
f 2637/2639/1863 2639/2641/1863 2622/2624/1863 2620/2622/1863
f 2640/2642/1957 2642/2644/1957 2643/2645/1957 2641/2643/1957
f 2642/2644/1958 2628/2630/1958 2631/2633/1958 2643/2645/1958
f 2643/2645/1944 2631/2633/1944 2612/2614/1944 2626/2628/1944
f 2641/2643/1959 2643/2645/1959 2626/2628/1959 2624/2626/1959
f 2644/2646/1960 2645/2647/1960 2646/2648/1960 2647/2649/1960
f 2645/2647/1961 2648/2650/1961 2649/2651/1961 2646/2648/1961
f 2646/2648/1962 2649/2651/1962 2632/2634/1962 2629/2631/1962
f 2647/2649/1960 2646/2648/1960 2629/2631/1960 2628/2630/1960
f 2648/2650/1963 2650/2652/1963 2651/2653/1963 2649/2651/1963
f 2650/2652/1964 2652/2654/1964 2653/2655/1964 2651/2653/1964
f 2651/2653/1844 2653/2655/1844 2636/2638/1844 2634/2636/1844
f 2649/2651/1965 2651/2653/1965 2634/2636/1965 2632/2634/1965
f 2652/2654/1966 2654/2656/1966 2655/2657/1966 2653/2655/1966
f 2654/2656/1955 2656/2658/1955 2657/2659/1955 2655/2657/1955
f 2655/2657/1967 2657/2659/1967 2640/2642/1967 2638/2640/1967
f 2653/2655/1968 2655/2657/1968 2638/2640/1968 2636/2638/1968
f 2656/2658/1969 2658/2660/1969 2659/2661/1969 2657/2659/1969
f 2658/2660/1970 2644/2646/1970 2647/2649/1970 2659/2661/1970
f 2659/2661/1970 2647/2649/1970 2628/2630/1970 2642/2644/1970
f 2657/2659/1971 2659/2661/1971 2642/2644/1971 2640/2642/1971
f 2660/2662/1884 2661/2663/1884 2662/2664/1884 2663/2665/1884
f 2661/2663/1972 2664/2666/1972 2665/2667/1972 2662/2664/1972
f 2662/2664/1883 2665/2667/1883 2648/2650/1883 2645/2647/1883
f 2663/2665/1973 2662/2664/1973 2645/2647/1973 2644/2646/1973
f 2664/2666/1923 2666/2668/1923 2667/2669/1923 2665/2667/1923
f 2666/2668/1974 2668/2670/1974 2669/2671/1974 2667/2669/1974
f 2667/2669/1975 2669/2671/1975 2652/2654/1975 2650/2652/1975
f 2665/2667/1843 2667/2669/1843 2650/2652/1843 2648/2650/1843
f 2668/2670/1976 2670/2672/1976 2671/2673/1976 2669/2671/1976
f 2670/2672/1977 2672/2674/1977 2673/2675/1977 2671/2673/1977
f 2671/2673/1978 2673/2675/1978 2656/2658/1978 2654/2656/1978
f 2669/2671/1979 2671/2673/1979 2654/2656/1979 2652/2654/1979
f 2672/2674/1851 2674/2676/1851 2675/2677/1851 2673/2675/1851
f 2674/2676/1920 2660/2662/1920 2663/2665/1920 2675/2677/1920
f 2675/2677/1906 2663/2665/1906 2644/2646/1906 2658/2660/1906
f 2673/2675/1980 2675/2677/1980 2658/2660/1980 2656/2658/1980
f 2676/2678/1981 2677/2679/1981 2678/2680/1981 2679/2681/1981
f 2677/2679/1982 2680/2682/1982 2681/2683/1982 2678/2680/1982
f 2678/2680/1983 2681/2683/1983 2664/2666/1983 2661/2663/1983
f 2679/2681/1984 2678/2680/1984 2661/2663/1984 2660/2662/1984
f 2680/2682/1985 2682/2684/1985 2683/2685/1985 2681/2683/1985
f 2682/2684/1925 2684/2686/1925 2685/2687/1925 2683/2685/1925
f 2683/2685/1986 2685/2687/1986 2668/2670/1986 2666/2668/1986
f 2681/2683/1987 2683/2685/1987 2666/2668/1987 2664/2666/1987
f 2684/2686/1988 2686/2688/1988 2687/2689/1988 2685/2687/1988
f 2686/2688/1989 2688/2690/1989 2689/2691/1989 2687/2689/1989
f 2687/2689/1956 2689/2691/1956 2672/2674/1956 2670/2672/1956
f 2685/2687/1943 2687/2689/1943 2670/2672/1943 2668/2670/1943
f 2688/2690/1990 2690/2692/1990 2691/2693/1990 2689/2691/1990
f 2690/2692/1958 2676/2678/1958 2679/2681/1958 2691/2693/1958
f 2691/2693/1958 2679/2681/1958 2660/2662/1958 2674/2676/1958
f 2689/2691/1991 2691/2693/1991 2674/2676/1991 2672/2674/1991
f 2692/2694/1992 2693/2695/1992 2694/2696/1992 2695/2697/1992
f 2693/2695/1993 2696/2698/1993 2697/2699/1993 2694/2696/1993
f 2694/2696/1994 2697/2699/1994 2680/2682/1994 2677/2679/1994
f 2695/2697/1995 2694/2696/1995 2677/2679/1995 2676/2678/1995
f 2696/2698/1996 2698/2700/1996 2699/2701/1996 2697/2699/1996
f 2698/2700/1997 2700/2702/1997 2701/2703/1997 2699/2701/1997
f 2699/2701/1998 2701/2703/1998 2684/2686/1998 2682/2684/1998
f 2697/2699/1999 2699/2701/1999 2682/2684/1999 2680/2682/1999
f 2700/2702/2000 2702/2704/2000 2703/2705/2000 2701/2703/2000
f 2702/2704/1928 2704/2706/1928 2705/2707/1928 2703/2705/1928
f 2703/2705/2001 2705/2707/2001 2688/2690/2001 2686/2688/2001
f 2701/2703/1988 2703/2705/1988 2686/2688/1988 2684/2686/1988
f 2704/2706/2002 2706/2708/2002 2707/2709/2002 2705/2707/2002
f 2706/2708/2003 2692/2694/2003 2695/2697/2003 2707/2709/2003
f 2707/2709/2004 2695/2697/2004 2676/2678/2004 2690/2692/2004
f 2705/2707/2005 2707/2709/2005 2690/2692/2005 2688/2690/2005
f 2708/2710/1855 2709/2711/1855 2710/2712/1855 2711/2713/1855
f 2709/2711/1840 2712/2714/1840 2713/2715/1840 2710/2712/1840
f 2710/2712/2006 2713/2715/2006 2696/2698/2006 2693/2695/2006
f 2711/2713/2007 2710/2712/2007 2693/2695/2007 2692/2694/2007
f 2712/2714/2008 2714/2716/2008 2715/2717/2008 2713/2715/2008
f 2714/2716/2009 2716/2718/2009 2717/2719/2009 2715/2717/2009
f 2715/2717/1899 2717/2719/1899 2700/2702/1899 2698/2700/1899
f 2713/2715/2010 2715/2717/2010 2698/2700/2010 2696/2698/2010
f 2716/2718/2011 2718/2720/2011 2719/2721/2011 2717/2719/2011
f 2718/2720/1861 2720/2722/1861 2721/2723/1861 2719/2721/1861
f 2719/2721/2012 2721/2723/2012 2704/2706/2012 2702/2704/2012
f 2717/2719/2013 2719/2721/2013 2702/2704/2013 2700/2702/2013
f 2720/2722/2014 2722/2724/2014 2723/2725/2014 2721/2723/2014
f 2722/2724/1958 2708/2710/1958 2711/2713/1958 2723/2725/1958
f 2723/2725/2015 2711/2713/2015 2692/2694/2015 2706/2708/2015
f 2721/2723/1854 2723/2725/1854 2706/2708/1854 2704/2706/1854
f 941/943/2016 940/942/2016 2724/2726/2016 2725/2727/2016
f 940/942/2017 939/941/2017 2726/2728/2017 2724/2726/2017
f 2724/2726/2018 2726/2728/2018 2712/2714/2018 2709/2711/2018
f 2725/2727/2019 2724/2726/2019 2709/2711/2019 2708/2710/2019
f 939/941/2020 938/940/2020 2727/2729/2020 2726/2728/2020
f 938/940/2021 937/939/2021 2728/2730/2021 2727/2729/2021
f 2727/2729/2022 2728/2730/2022 2716/2718/2022 2714/2716/2022
f 2726/2728/2023 2727/2729/2023 2714/2716/2023 2712/2714/2023
f 937/939/2024 934/936/2024 2729/2731/2024 2728/2730/2024
f 934/936/2025 933/935/2025 2730/2732/2025 2729/2731/2025
f 2729/2731/2026 2730/2732/2026 2720/2722/2026 2718/2720/2026
f 2728/2730/2027 2729/2731/2027 2718/2720/2027 2716/2718/2027
f 933/935/2028 936/938/2028 2731/2733/2028 2730/2732/2028
f 936/938/2029 941/943/2029 2725/2727/2029 2731/2733/2029
f 2731/2733/2030 2725/2727/2030 2708/2710/2030 2722/2724/2030
f 2730/2732/2031 2731/2733/2031 2722/2724/2031 2720/2722/2031
f 2732/2734/2032 2733/2735/2032 2734/2736/2032 2735/2737/2032
f 2733/2735/2033 2736/2738/2033 2737/2739/2033 2734/2736/2033
f 2734/2736/2034 2737/2739/2034 672/674/2034 1043/1045/2034
f 2735/2737/2035 2734/2736/2035 1043/1045/2035 664/666/2035
f 2736/2738/2036 2738/2740/2036 2739/2741/2036 2737/2739/2036
f 2738/2740/2037 2740/2742/2037 2741/2743/2037 2739/2741/2037
f 2739/2741/2038 2741/2743/2038 536/538/2038 673/675/2038
f 2737/2739/2039 2739/2741/2039 673/675/2039 672/674/2039
f 2740/2742/2040 2742/2744/2040 2743/2745/2040 2741/2743/2040
f 2742/2744/2041 2744/2746/2041 2745/2747/2041 2743/2745/2041
f 2743/2745/2042 2745/2747/2042 538/540/2042 537/539/2042
f 2741/2743/2043 2743/2745/2043 537/539/2043 536/538/2043
f 2744/2746/2044 2746/2748/2044 2747/2749/2044 2745/2747/2044
f 2746/2748/2045 2732/2734/2045 2735/2737/2045 2747/2749/2045
f 2747/2749/2046 2735/2737/2046 664/666/2046 1035/1037/2046
f 2745/2747/2047 2747/2749/2047 1035/1037/2047 538/540/2047
f 2748/2750/2048 2749/2751/2048 2750/2752/2048 2751/2753/2048
f 2749/2751/2049 2752/2754/2049 2753/2755/2049 2750/2752/2049
f 2750/2752/2050 2753/2755/2050 2736/2738/2050 2733/2735/2050
f 2751/2753/2051 2750/2752/2051 2733/2735/2051 2732/2734/2051
f 2752/2754/2052 2754/2756/2052 2755/2757/2052 2753/2755/2052
f 2754/2756/2053 2756/2758/2053 2757/2759/2053 2755/2757/2053
f 2755/2757/2054 2757/2759/2054 2740/2742/2054 2738/2740/2054
f 2753/2755/2055 2755/2757/2055 2738/2740/2055 2736/2738/2055
f 2756/2758/2056 2758/2760/2056 2759/2761/2056 2757/2759/2056
f 2758/2760/2057 2760/2762/2057 2761/2763/2057 2759/2761/2057
f 2759/2761/2058 2761/2763/2058 2744/2746/2058 2742/2744/2058
f 2757/2759/2059 2759/2761/2059 2742/2744/2059 2740/2742/2059
f 2760/2762/2060 2762/2764/2060 2763/2765/2060 2761/2763/2060
f 2762/2764/2061 2748/2750/2061 2751/2753/2061 2763/2765/2061
f 2763/2765/2062 2751/2753/2062 2732/2734/2062 2746/2748/2062
f 2761/2763/2063 2763/2765/2063 2746/2748/2063 2744/2746/2063
f 2764/2766/2064 2765/2767/2064 2766/2768/2064 2767/2769/2064
f 2765/2767/2065 2768/2770/2065 2769/2771/2065 2766/2768/2065
f 2766/2768/2066 2769/2771/2066 2752/2754/2066 2749/2751/2066
f 2767/2769/2067 2766/2768/2067 2749/2751/2067 2748/2750/2067
f 2768/2770/2068 2770/2772/2068 2771/2773/2068 2769/2771/2068
f 2770/2772/2069 2772/2774/2069 2773/2775/2069 2771/2773/2069
f 2771/2773/2070 2773/2775/2070 2756/2758/2070 2754/2756/2070
f 2769/2771/2071 2771/2773/2071 2754/2756/2071 2752/2754/2071
f 2772/2774/2072 2774/2776/2072 2775/2777/2072 2773/2775/2072
f 2774/2776/2073 2776/2778/2073 2777/2779/2073 2775/2777/2073
f 2775/2777/2074 2777/2779/2074 2760/2762/2074 2758/2760/2074
f 2773/2775/2075 2775/2777/2075 2758/2760/2075 2756/2758/2075
f 2776/2778/2076 2778/2780/2076 2779/2781/2076 2777/2779/2076
f 2778/2780/2077 2764/2766/2077 2767/2769/2077 2779/2781/2077
f 2779/2781/2078 2767/2769/2078 2748/2750/2078 2762/2764/2078
f 2777/2779/2079 2779/2781/2079 2762/2764/2079 2760/2762/2079
f 2780/2782/2080 2781/2783/2080 2782/2784/2080 2783/2785/2080
f 2781/2783/2081 2784/2786/2081 2785/2787/2081 2782/2784/2081
f 2782/2784/2082 2785/2787/2082 2768/2770/2082 2765/2767/2082
f 2783/2785/2083 2782/2784/2083 2765/2767/2083 2764/2766/2083
f 2784/2786/2084 2786/2788/2084 2787/2789/2084 2785/2787/2084
f 2786/2788/2085 2788/2790/2085 2789/2791/2085 2787/2789/2085
f 2787/2789/2086 2789/2791/2086 2772/2774/2086 2770/2772/2086
f 2785/2787/2087 2787/2789/2087 2770/2772/2087 2768/2770/2087
f 2788/2790/2088 2790/2792/2088 2791/2793/2088 2789/2791/2088
f 2790/2792/2089 2792/2794/2089 2793/2795/2089 2791/2793/2089
f 2791/2793/2090 2793/2795/2090 2776/2778/2090 2774/2776/2090
f 2789/2791/2091 2791/2793/2091 2774/2776/2091 2772/2774/2091
f 2792/2794/2092 2794/2796/2092 2795/2797/2092 2793/2795/2092
f 2794/2796/2093 2780/2782/2093 2783/2785/2093 2795/2797/2093
f 2795/2797/2094 2783/2785/2094 2764/2766/2094 2778/2780/2094
f 2793/2795/2095 2795/2797/2095 2778/2780/2095 2776/2778/2095
f 2796/2798/2096 2797/2799/2096 2798/2800/2096 2799/2801/2096
f 2797/2799/2097 2800/2802/2097 2801/2803/2097 2798/2800/2097
f 2798/2800/2098 2801/2803/2098 2784/2786/2098 2781/2783/2098
f 2799/2801/2099 2798/2800/2099 2781/2783/2099 2780/2782/2099
f 2800/2802/2100 2802/2804/2100 2803/2805/2100 2801/2803/2100
f 2802/2804/2101 2804/2806/2101 2805/2807/2101 2803/2805/2101
f 2803/2805/2102 2805/2807/2102 2788/2790/2102 2786/2788/2102
f 2801/2803/2103 2803/2805/2103 2786/2788/2103 2784/2786/2103
f 2804/2806/2104 2806/2808/2104 2807/2809/2104 2805/2807/2104
f 2806/2808/2105 2808/2810/2105 2809/2811/2105 2807/2809/2105
f 2807/2809/2106 2809/2811/2106 2792/2794/2106 2790/2792/2106
f 2805/2807/2107 2807/2809/2107 2790/2792/2107 2788/2790/2107
f 2808/2810/2108 2810/2812/2108 2811/2813/2108 2809/2811/2108
f 2810/2812/2109 2796/2798/2109 2799/2801/2109 2811/2813/2109
f 2811/2813/2110 2799/2801/2110 2780/2782/2110 2794/2796/2110
f 2809/2811/2111 2811/2813/2111 2794/2796/2111 2792/2794/2111
f 2812/2814/2112 2813/2815/2112 2814/2816/2112 2815/2817/2112
f 2813/2815/2097 2816/2818/2097 2817/2819/2097 2814/2816/2097
f 2814/2816/2113 2817/2819/2113 2800/2802/2113 2797/2799/2113
f 2815/2817/2112 2814/2816/2112 2797/2799/2112 2796/2798/2112
f 2816/2818/2114 2818/2820/2114 2819/2821/2114 2817/2819/2114
f 2818/2820/2115 2820/2822/2115 2821/2823/2115 2819/2821/2115
f 2819/2821/2116 2821/2823/2116 2804/2806/2116 2802/2804/2116
f 2817/2819/2114 2819/2821/2114 2802/2804/2114 2800/2802/2114
f 2820/2822/2117 2822/2824/2117 2823/2825/2117 2821/2823/2117
f 2822/2824/2118 2824/2826/2118 2825/2827/2118 2823/2825/2118
f 2823/2825/2119 2825/2827/2119 2808/2810/2119 2806/2808/2119
f 2821/2823/2120 2823/2825/2120 2806/2808/2120 2804/2806/2120
f 2824/2826/2121 2826/2828/2121 2827/2829/2121 2825/2827/2121
f 2826/2828/2109 2812/2814/2109 2815/2817/2109 2827/2829/2109
f 2827/2829/2122 2815/2817/2122 2796/2798/2122 2810/2812/2122
f 2825/2827/2108 2827/2829/2108 2810/2812/2108 2808/2810/2108
f 2828/2830/2123 2829/2831/2123 2830/2832/2123 2831/2833/2123
f 2829/2831/2097 2832/2834/2097 2833/2835/2097 2830/2832/2097
f 2830/2832/2097 2833/2835/2097 2816/2818/2097 2813/2815/2097
f 2831/2833/2124 2830/2832/2124 2813/2815/2124 2812/2814/2124
f 2832/2834/2114 2834/2836/2114 2835/2837/2114 2833/2835/2114
f 2834/2836/2125 2836/2838/2125 2837/2839/2125 2835/2837/2125
f 2835/2837/2115 2837/2839/2115 2820/2822/2115 2818/2820/2115
f 2833/2835/2100 2835/2837/2100 2818/2820/2100 2816/2818/2100
f 2836/2838/2117 2838/2840/2117 2839/2841/2117 2837/2839/2117
f 2838/2840/2118 2840/2842/2118 2841/2843/2118 2839/2841/2118
f 2839/2841/2118 2841/2843/2118 2824/2826/2118 2822/2824/2118
f 2837/2839/2117 2839/2841/2117 2822/2824/2117 2820/2822/2117
f 2840/2842/2121 2842/2844/2121 2843/2845/2121 2841/2843/2121
f 2842/2844/2126 2828/2830/2126 2831/2833/2126 2843/2845/2126
f 2843/2845/2127 2831/2833/2127 2812/2814/2127 2826/2828/2127
f 2841/2843/2128 2843/2845/2128 2826/2828/2128 2824/2826/2128
f 2844/2846/2123 2845/2847/2123 2846/2848/2123 2847/2849/2123
f 2845/2847/2097 2848/2850/2097 2849/2851/2097 2846/2848/2097
f 2846/2848/2129 2849/2851/2129 2832/2834/2129 2829/2831/2129
f 2847/2849/2112 2846/2848/2112 2829/2831/2112 2828/2830/2112
f 2848/2850/2130 2850/2852/2130 2851/2853/2130 2849/2851/2130
f 2850/2852/2115 2852/2854/2115 2853/2855/2115 2851/2853/2115
f 2851/2853/2131 2853/2855/2131 2836/2838/2131 2834/2836/2131
f 2849/2851/2100 2851/2853/2100 2834/2836/2100 2832/2834/2100
f 2852/2854/2117 2854/2856/2117 2855/2857/2117 2853/2855/2117
f 2854/2856/2132 2856/2858/2132 2857/2859/2132 2855/2857/2132
f 2855/2857/2133 2857/2859/2133 2840/2842/2133 2838/2840/2133
f 2853/2855/2120 2855/2857/2120 2838/2840/2120 2836/2838/2120
f 2856/2858/2128 2858/2860/2128 2859/2861/2128 2857/2859/2128
f 2858/2860/2122 2844/2846/2122 2847/2849/2122 2859/2861/2122
f 2859/2861/2134 2847/2849/2134 2828/2830/2134 2842/2844/2134
f 2857/2859/2135 2859/2861/2135 2842/2844/2135 2840/2842/2135
f 2860/2862/2112 2861/2863/2112 2862/2864/2112 2863/2865/2112
f 2861/2863/2113 2864/2866/2113 2865/2867/2113 2862/2864/2113
f 2862/2864/2097 2865/2867/2097 2848/2850/2097 2845/2847/2097
f 2863/2865/2136 2862/2864/2136 2845/2847/2136 2844/2846/2136
f 2864/2866/2137 2866/2868/2137 2867/2869/2137 2865/2867/2137
f 2866/2868/2101 2868/2870/2101 2869/2871/2101 2867/2869/2101
f 2867/2869/2138 2869/2871/2138 2852/2854/2138 2850/2852/2138
f 2865/2867/2137 2867/2869/2137 2850/2852/2137 2848/2850/2137
f 2868/2870/2117 2870/2872/2117 2871/2873/2117 2869/2871/2117
f 2870/2872/2118 2872/2874/2118 2873/2875/2118 2871/2873/2118
f 2871/2873/2133 2873/2875/2133 2856/2858/2133 2854/2856/2133
f 2869/2871/2117 2871/2873/2117 2854/2856/2117 2852/2854/2117
f 2872/2874/2108 2874/2876/2108 2875/2877/2108 2873/2875/2108
f 2874/2876/2109 2860/2862/2109 2863/2865/2109 2875/2877/2109
f 2875/2877/2122 2863/2865/2122 2844/2846/2122 2858/2860/2122
f 2873/2875/2108 2875/2877/2108 2858/2860/2108 2856/2858/2108
f 2876/2878/2123 2877/2879/2123 2878/2880/2123 2879/2881/2123
f 2877/2879/2139 2880/2882/2139 2881/2883/2139 2878/2880/2139
f 2878/2880/2097 2881/2883/2097 2864/2866/2097 2861/2863/2097
f 2879/2881/2112 2878/2880/2112 2861/2863/2112 2860/2862/2112
f 2880/2882/2137 2882/2884/2137 2883/2885/2137 2881/2883/2137
f 2882/2884/2125 2884/2886/2125 2885/2887/2125 2883/2885/2125
f 2883/2885/2125 2885/2887/2125 2868/2870/2125 2866/2868/2125
f 2881/2883/2103 2883/2885/2103 2866/2868/2103 2864/2866/2103
f 2884/2886/2120 2886/2888/2120 2887/2889/2120 2885/2887/2120
f 2886/2888/2119 2888/2890/2119 2889/2891/2119 2887/2889/2119
f 2887/2889/2118 2889/2891/2118 2872/2874/2118 2870/2872/2118
f 2885/2887/2140 2887/2889/2140 2870/2872/2140 2868/2870/2140
f 2888/2890/2141 2890/2892/2141 2891/2893/2141 2889/2891/2141
f 2890/2892/2110 2876/2878/2110 2879/2881/2110 2891/2893/2110
f 2891/2893/2142 2879/2881/2142 2860/2862/2142 2874/2876/2142
f 2889/2891/2143 2891/2893/2143 2874/2876/2143 2872/2874/2143
f 2892/2894/2144 2893/2895/2144 2894/2896/2144 2895/2897/2144
f 2893/2895/2145 2896/2898/2145 2897/2899/2145 2894/2896/2145
f 2894/2896/2146 2897/2899/2146 2880/2882/2146 2877/2879/2146
f 2895/2897/2147 2894/2896/2147 2877/2879/2147 2876/2878/2147
f 2896/2898/2148 2898/2900/2148 2899/2901/2148 2897/2899/2148
f 2898/2900/2149 2900/2902/2149 2901/2903/2149 2899/2901/2149
f 2899/2901/2115 2901/2903/2115 2884/2886/2115 2882/2884/2115
f 2897/2899/2114 2899/2901/2114 2882/2884/2114 2880/2882/2114
f 2900/2902/2150 2902/2904/2150 2903/2905/2150 2901/2903/2150
f 2902/2904/2151 2904/2906/2151 2905/2907/2151 2903/2905/2151
f 2903/2905/2152 2905/2907/2152 2888/2890/2152 2886/2888/2152
f 2901/2903/2153 2903/2905/2153 2886/2888/2153 2884/2886/2153
f 2904/2906/2154 2906/2908/2154 2907/2909/2154 2905/2907/2154
f 2906/2908/2155 2892/2894/2155 2895/2897/2155 2907/2909/2155
f 2907/2909/2156 2895/2897/2156 2876/2878/2156 2890/2892/2156
f 2905/2907/2143 2907/2909/2143 2890/2892/2143 2888/2890/2143
f 2908/2910/2157 2909/2911/2157 2910/2912/2157 2911/2913/2157
f 2909/2911/2158 2912/2914/2158 2913/2915/2158 2910/2912/2158
f 2910/2912/2159 2913/2915/2159 2896/2898/2159 2893/2895/2159
f 2911/2913/2160 2910/2912/2160 2893/2895/2160 2892/2894/2160
f 2912/2914/2161 2914/2916/2161 2915/2917/2161 2913/2915/2161
f 2914/2916/2162 2916/2918/2162 2917/2919/2162 2915/2917/2162
f 2915/2917/2163 2917/2919/2163 2900/2902/2163 2898/2900/2163
f 2913/2915/2164 2915/2917/2164 2898/2900/2164 2896/2898/2164
f 2916/2918/2165 2918/2920/2165 2919/2921/2165 2917/2919/2165
f 2918/2920/2166 2920/2922/2166 2921/2923/2166 2919/2921/2166
f 2919/2921/2167 2921/2923/2167 2904/2906/2167 2902/2904/2167
f 2917/2919/2168 2919/2921/2168 2902/2904/2168 2900/2902/2168
f 2920/2922/2169 2922/2924/2169 2923/2925/2169 2921/2923/2169
f 2922/2924/2170 2908/2910/2170 2911/2913/2170 2923/2925/2170
f 2923/2925/2171 2911/2913/2171 2892/2894/2171 2906/2908/2171
f 2921/2923/2172 2923/2925/2172 2906/2908/2172 2904/2906/2172
f 2924/2926/2173 2925/2927/2173 2926/2928/2173 2927/2929/2173
f 2925/2927/2174 2928/2930/2174 2929/2931/2174 2926/2928/2174
f 2926/2928/2175 2929/2931/2175 2912/2914/2175 2909/2911/2175
f 2927/2929/2176 2926/2928/2176 2909/2911/2176 2908/2910/2176
f 2928/2930/2177 2930/2932/2177 2931/2933/2177 2929/2931/2177
f 2930/2932/2178 2932/2934/2178 2933/2935/2178 2931/2933/2178
f 2931/2933/2179 2933/2935/2179 2916/2918/2179 2914/2916/2179
f 2929/2931/2180 2931/2933/2180 2914/2916/2180 2912/2914/2180
f 2932/2934/2181 2934/2936/2181 2935/2937/2181 2933/2935/2181
f 2934/2936/2182 2936/2938/2182 2937/2939/2182 2935/2937/2182
f 2935/2937/2183 2937/2939/2183 2920/2922/2183 2918/2920/2183
f 2933/2935/2184 2935/2937/2184 2918/2920/2184 2916/2918/2184
f 2936/2938/2185 2938/2940/2185 2939/2941/2185 2937/2939/2185
f 2938/2940/2186 2924/2926/2186 2927/2929/2186 2939/2941/2186
f 2939/2941/2187 2927/2929/2187 2908/2910/2187 2922/2924/2187
f 2937/2939/2188 2939/2941/2188 2922/2924/2188 2920/2922/2188
f 2940/2942/2189 2941/2943/2189 2942/2944/2189 2943/2945/2189
f 2941/2943/2190 2944/2946/2190 2945/2947/2190 2942/2944/2190
f 2942/2944/2191 2945/2947/2191 2928/2930/2191 2925/2927/2191
f 2943/2945/2192 2942/2944/2192 2925/2927/2192 2924/2926/2192
f 2944/2946/2193 2946/2948/2193 2947/2949/2193 2945/2947/2193
f 2946/2948/2194 2948/2950/2194 2949/2951/2194 2947/2949/2194
f 2947/2949/2195 2949/2951/2195 2932/2934/2195 2930/2932/2195
f 2945/2947/2196 2947/2949/2196 2930/2932/2196 2928/2930/2196
f 2948/2950/2197 2950/2952/2197 2951/2953/2197 2949/2951/2197
f 2950/2952/2198 2952/2954/2198 2953/2955/2198 2951/2953/2198
f 2951/2953/2199 2953/2955/2199 2936/2938/2199 2934/2936/2199
f 2949/2951/2200 2951/2953/2200 2934/2936/2200 2932/2934/2200
f 2952/2954/2201 2954/2956/2201 2955/2957/2201 2953/2955/2201
f 2954/2956/2202 2940/2942/2202 2943/2945/2202 2955/2957/2202
f 2955/2957/2203 2943/2945/2203 2924/2926/2203 2938/2940/2203
f 2953/2955/2204 2955/2957/2204 2938/2940/2204 2936/2938/2204
f 2956/2958/2205 2957/2959/2205 2958/2960/2205 2959/2961/2205
f 2957/2959/2206 2960/2962/2206 2961/2963/2206 2958/2960/2206
f 2958/2960/2207 2961/2963/2207 2944/2946/2207 2941/2943/2207
f 2959/2961/2208 2958/2960/2208 2941/2943/2208 2940/2942/2208
f 2960/2962/2209 2962/2964/2209 2963/2965/2209 2961/2963/2209
f 2962/2964/2210 2964/2966/2210 2965/2967/2210 2963/2965/2210
f 2963/2965/2211 2965/2967/2211 2948/2950/2211 2946/2948/2211
f 2961/2963/2212 2963/2965/2212 2946/2948/2212 2944/2946/2212
f 2964/2966/2213 2966/2968/2213 2967/2969/2213 2965/2967/2213
f 2966/2968/2214 2968/2970/2214 2969/2971/2214 2967/2969/2214
f 2967/2969/2214 2969/2971/2214 2952/2954/2214 2950/2952/2214
f 2965/2967/2215 2967/2969/2215 2950/2952/2215 2948/2950/2215
f 2968/2970/2216 2970/2972/2216 2971/2973/2216 2969/2971/2216
f 2970/2972/2217 2956/2958/2217 2959/2961/2217 2971/2973/2217
f 2971/2973/2217 2959/2961/2217 2940/2942/2217 2954/2956/2217
f 2969/2971/2218 2971/2973/2218 2954/2956/2218 2952/2954/2218
f 2972/2974/2219 2973/2975/2219 2974/2976/2219 2975/2977/2219
f 2973/2975/2220 2976/2978/2220 2977/2979/2220 2974/2976/2220
f 2974/2976/2221 2977/2979/2221 2960/2962/2221 2957/2959/2221
f 2975/2977/2208 2974/2976/2208 2957/2959/2208 2956/2958/2208
f 2976/2978/2222 2978/2980/2222 2979/2981/2222 2977/2979/2222
f 2978/2980/2223 2980/2982/2223 2981/2983/2223 2979/2981/2223
f 2979/2981/2210 2981/2983/2210 2964/2966/2210 2962/2964/2210
f 2977/2979/2224 2979/2981/2224 2962/2964/2224 2960/2962/2224
f 2980/2982/2225 2982/2984/2225 2983/2985/2225 2981/2983/2225
f 2982/2984/2214 2984/2986/2214 2985/2987/2214 2983/2985/2214
f 2983/2985/2226 2985/2987/2226 2968/2970/2226 2966/2968/2226
f 2981/2983/2227 2983/2985/2227 2966/2968/2227 2964/2966/2227
f 2984/2986/2218 2986/2988/2218 2987/2989/2218 2985/2987/2218
f 2986/2988/2217 2972/2974/2217 2975/2977/2217 2987/2989/2217
f 2987/2989/2228 2975/2977/2228 2956/2958/2228 2970/2972/2228
f 2985/2987/2229 2987/2989/2229 2970/2972/2229 2968/2970/2229
f 2988/2990/2208 2989/2991/2208 2990/2992/2208 2991/2993/2208
f 2989/2991/2207 2992/2994/2207 2993/2995/2207 2990/2992/2207
f 2990/2992/2221 2993/2995/2221 2976/2978/2221 2973/2975/2221
f 2991/2993/2219 2990/2992/2219 2973/2975/2219 2972/2974/2219
f 2992/2994/2230 2994/2996/2230 2995/2997/2230 2993/2995/2230
f 2994/2996/2211 2996/2998/2211 2997/2999/2211 2995/2997/2211
f 2995/2997/2223 2997/2999/2223 2980/2982/2223 2978/2980/2223
f 2993/2995/2196 2995/2997/2196 2978/2980/2196 2976/2978/2196
f 2996/2998/2231 2998/3000/2231 2999/3001/2231 2997/2999/2231
f 2998/3000/2214 3000/3002/2214 3001/3003/2214 2999/3001/2214
f 2999/3001/2214 3001/3003/2214 2984/2986/2214 2982/2984/2214
f 2997/2999/2231 2999/3001/2231 2982/2984/2231 2980/2982/2231
f 3000/3002/2232 3002/3004/2232 3003/3005/2232 3001/3003/2232
f 3002/3004/2233 2988/2990/2233 2991/2993/2233 3003/3005/2233
f 3003/3005/2203 2991/2993/2203 2972/2974/2203 2986/2988/2203
f 3001/3003/2216 3003/3005/2216 2986/2988/2216 2984/2986/2216
f 3004/3006/2208 3005/3007/2208 3006/3008/2208 3007/3009/2208
f 3005/3007/2234 3008/3010/2234 3009/3011/2234 3006/3008/2234
f 3006/3008/2235 3009/3011/2235 2992/2994/2235 2989/2991/2235
f 3007/3009/2236 3006/3008/2236 2989/2991/2236 2988/2990/2236
f 3008/3010/2237 3010/3012/2237 3011/3013/2237 3009/3011/2237
f 3010/3012/2238 3012/3014/2238 3013/3015/2238 3011/3013/2238
f 3011/3013/2239 3013/3015/2239 2996/2998/2239 2994/2996/2239
f 3009/3011/2230 3011/3013/2230 2994/2996/2230 2992/2994/2230
f 3012/3014/2231 3014/3016/2231 3015/3017/2231 3013/3015/2231
f 3014/3016/2240 3016/3018/2240 3017/3019/2240 3015/3017/2240
f 3015/3017/2214 3017/3019/2214 3000/3002/2214 2998/3000/2214
f 3013/3015/2215 3015/3017/2215 2998/3000/2215 2996/2998/2215
f 3016/3018/2232 3018/3020/2232 3019/3021/2232 3017/3019/2232
f 3018/3020/2241 3004/3006/2241 3007/3009/2241 3019/3021/2241
f 3019/3021/2242 3007/3009/2242 2988/2990/2242 3002/3004/2242
f 3017/3019/2229 3019/3021/2229 3002/3004/2229 3000/3002/2229
f 3020/3022/2243 3021/3023/2243 3022/3024/2243 3023/3025/2243
f 3021/3023/2221 3024/3026/2221 3025/3027/2221 3022/3024/2221
f 3022/3024/2207 3025/3027/2207 3008/3010/2207 3005/3007/2207
f 3023/3025/2219 3022/3024/2219 3005/3007/2219 3004/3006/2219
f 3024/3026/2237 3026/3028/2237 3027/3029/2237 3025/3027/2237
f 3026/3028/2244 3028/3030/2244 3029/3031/2244 3027/3029/2244
f 3027/3029/2245 3029/3031/2245 3012/3014/2245 3010/3012/2245
f 3025/3027/2246 3027/3029/2246 3010/3012/2246 3008/3010/2246
f 3028/3030/2215 3030/3032/2215 3031/3033/2215 3029/3031/2215
f 3030/3032/2247 3032/3034/2247 3033/3035/2247 3031/3033/2247
f 3031/3033/2214 3033/3035/2214 3016/3018/2214 3014/3016/2214
f 3029/3031/2213 3031/3033/2213 3014/3016/2213 3012/3014/2213
f 3032/3034/2218 3034/3036/2218 3035/3037/2218 3033/3035/2218
f 3034/3036/2248 3020/3022/2248 3023/3025/2248 3035/3037/2248
f 3035/3037/2249 3023/3025/2249 3004/3006/2249 3018/3020/2249
f 3033/3035/2201 3035/3037/2201 3018/3020/2201 3016/3018/2201
f 3036/3038/2250 3037/3039/2250 3038/3040/2250 3039/3041/2250
f 3037/3039/2234 3040/3042/2234 3041/3043/2234 3038/3040/2234
f 3038/3040/2221 3041/3043/2221 3024/3026/2221 3021/3023/2221
f 3039/3041/2250 3038/3040/2250 3021/3023/2250 3020/3022/2250
f 3040/3042/2251 3042/3044/2251 3043/3045/2251 3041/3043/2251
f 3042/3044/2252 3044/3046/2252 3045/3047/2252 3043/3045/2252
f 3043/3045/2253 3045/3047/2253 3028/3030/2253 3026/3028/2253
f 3041/3043/2237 3043/3045/2237 3026/3028/2237 3024/3026/2237
f 3044/3046/2215 3046/3048/2215 3047/3049/2215 3045/3047/2215
f 3046/3048/2240 3048/3050/2240 3049/3051/2240 3047/3049/2240
f 3047/3049/2254 3049/3051/2254 3032/3034/2254 3030/3032/2254
f 3045/3047/2213 3047/3049/2213 3030/3032/2213 3028/3030/2213
f 3048/3050/2255 3050/3052/2255 3051/3053/2255 3049/3051/2255
f 3050/3052/2242 3036/3038/2242 3039/3041/2242 3051/3053/2242
f 3051/3053/2241 3039/3041/2241 3020/3022/2241 3034/3036/2241
f 3049/3051/2256 3051/3053/2256 3034/3036/2256 3032/3034/2256
f 3052/3054/2219 3053/3055/2219 3054/3056/2219 3055/3057/2219
f 3053/3055/2221 3056/3058/2221 3057/3059/2221 3054/3056/2221
f 3054/3056/2221 3057/3059/2221 3040/3042/2221 3037/3039/2221
f 3055/3057/2257 3054/3056/2257 3037/3039/2257 3036/3038/2257
f 3056/3058/2258 3058/3060/2258 3059/3061/2258 3057/3059/2258
f 3058/3060/2259 3060/3062/2259 3061/3063/2259 3059/3061/2259
f 3059/3061/2253 3061/3063/2253 3044/3046/2253 3042/3044/2253
f 3057/3059/2193 3059/3061/2193 3042/3044/2193 3040/3042/2193
f 3060/3062/2213 3062/3064/2213 3063/3065/2213 3061/3063/2213
f 3062/3064/2226 3064/3066/2226 3065/3067/2226 3063/3065/2226
f 3063/3065/2260 3065/3067/2260 3048/3050/2260 3046/3048/2260
f 3061/3063/2225 3063/3065/2225 3046/3048/2225 3044/3046/2225
f 3064/3066/2261 3066/3068/2261 3067/3069/2261 3065/3067/2261
f 3066/3068/2262 3052/3054/2262 3055/3057/2262 3067/3069/2262
f 3067/3069/2241 3055/3057/2241 3036/3038/2241 3050/3052/2241
f 3065/3067/2216 3067/3069/2216 3050/3052/2216 3048/3050/2216
f 3068/3070/2219 3069/3071/2219 3070/3072/2219 3071/3073/2219
f 3069/3071/2221 3072/3074/2221 3073/3075/2221 3070/3072/2221
f 3070/3072/2206 3073/3075/2206 3056/3058/2206 3053/3055/2206
f 3071/3073/2208 3070/3072/2208 3053/3055/2208 3052/3054/2208
f 3072/3074/2263 3074/3076/2263 3075/3077/2263 3073/3075/2263
f 3074/3076/2252 3076/3078/2252 3077/3079/2252 3075/3077/2252
f 3075/3077/2244 3077/3079/2244 3060/3062/2244 3058/3060/2244
f 3073/3075/2264 3075/3077/2264 3058/3060/2264 3056/3058/2264
f 3076/3078/2225 3078/3080/2225 3079/3081/2225 3077/3079/2225
f 3078/3080/2254 3080/3082/2254 3081/3083/2254 3079/3081/2254
f 3079/3081/2254 3081/3083/2254 3064/3066/2254 3062/3064/2254
f 3077/3079/2215 3079/3081/2215 3062/3064/2215 3060/3062/2215
f 3080/3082/2255 3082/3084/2255 3083/3085/2255 3081/3083/2255
f 3082/3084/2233 3068/3070/2233 3071/3073/2233 3083/3085/2233
f 3083/3085/2241 3071/3073/2241 3052/3054/2241 3066/3068/2241
f 3081/3083/2265 3083/3085/2265 3066/3068/2265 3064/3066/2265
f 3084/3086/2219 3085/3087/2219 3086/3088/2219 3087/3089/2219
f 3085/3087/2266 3088/3090/2266 3089/3091/2266 3086/3088/2266
f 3086/3088/2267 3089/3091/2267 3072/3074/2267 3069/3071/2267
f 3087/3089/2208 3086/3088/2208 3069/3071/2208 3068/3070/2208
f 3088/3090/2209 3090/3092/2209 3091/3093/2209 3089/3091/2209
f 3090/3092/2244 3092/3094/2244 3093/3095/2244 3091/3093/2244
f 3091/3093/2268 3093/3095/2268 3076/3078/2268 3074/3076/2268
f 3089/3091/2193 3091/3093/2193 3074/3076/2193 3072/3074/2193
f 3092/3094/2213 3094/3096/2213 3095/3097/2213 3093/3095/2213
f 3094/3096/2214 3096/3098/2214 3097/3099/2214 3095/3097/2214
f 3095/3097/2240 3097/3099/2240 3080/3082/2240 3078/3080/2240
f 3093/3095/2269 3095/3097/2269 3078/3080/2269 3076/3078/2269
f 3096/3098/2270 3098/3100/2270 3099/3101/2270 3097/3099/2270
f 3098/3100/2271 3084/3086/2271 3087/3089/2271 3099/3101/2271
f 3099/3101/2272 3087/3089/2272 3068/3070/2272 3082/3084/2272
f 3097/3099/2273 3099/3101/2273 3082/3084/2273 3080/3082/2273
f 3100/3102/2219 3101/3103/2219 3102/3104/2219 3103/3105/2219
f 3101/3103/2221 3104/3106/2221 3105/3107/2221 3102/3104/2221
f 3102/3104/2234 3105/3107/2234 3088/3090/2234 3085/3087/2234
f 3103/3105/2274 3102/3104/2274 3085/3087/2274 3084/3086/2274
f 3104/3106/2275 3106/3108/2275 3107/3109/2275 3105/3107/2275
f 3106/3108/2253 3108/3110/2253 3109/3111/2253 3107/3109/2253
f 3107/3109/2253 3109/3111/2253 3092/3094/2253 3090/3092/2253
f 3105/3107/2276 3107/3109/2276 3090/3092/2276 3088/3090/2276
f 3108/3110/2231 3110/3112/2231 3111/3113/2231 3109/3111/2231
f 3110/3112/2226 3112/3114/2226 3113/3115/2226 3111/3113/2226
f 3111/3113/2254 3113/3115/2254 3096/3098/2254 3094/3096/2254
f 3109/3111/2225 3111/3113/2225 3094/3096/2225 3092/3094/2225
f 3112/3114/2277 3114/3116/2277 3115/3117/2277 3113/3115/2277
f 3114/3116/2278 3100/3102/2278 3103/3105/2278 3115/3117/2278
f 3115/3117/2279 3103/3105/2279 3084/3086/2279 3098/3100/2279
f 3113/3115/2280 3115/3117/2280 3098/3100/2280 3096/3098/2280
f 3116/3118/2281 3117/3119/2281 3118/3120/2281 3119/3121/2281
f 3117/3119/2282 3120/3122/2282 3121/3123/2282 3118/3120/2282
f 3118/3120/2221 3121/3123/2221 3104/3106/2221 3101/3103/2221
f 3119/3121/2208 3118/3120/2208 3101/3103/2208 3100/3102/2208
f 3120/3122/2224 3122/3124/2224 3123/3125/2224 3121/3123/2224
f 3122/3124/2210 3124/3126/2210 3125/3127/2210 3123/3125/2210
f 3123/3125/2210 3125/3127/2210 3108/3110/2210 3106/3108/2210
f 3121/3123/2283 3123/3125/2283 3106/3108/2283 3104/3106/2283
f 3124/3126/2231 3126/3128/2231 3127/3129/2231 3125/3127/2231
f 3126/3128/2254 3128/3130/2254 3129/3131/2254 3127/3129/2254
f 3127/3129/2284 3129/3131/2284 3112/3114/2284 3110/3112/2284
f 3125/3127/2285 3127/3129/2285 3110/3112/2285 3108/3110/2285
f 3128/3130/2286 3130/3132/2286 3131/3133/2286 3129/3131/2286
f 3130/3132/2287 3116/3118/2287 3119/3121/2287 3131/3133/2287
f 3131/3133/2288 3119/3121/2288 3100/3102/2288 3114/3116/2288
f 3129/3131/2289 3131/3133/2289 3114/3116/2289 3112/3114/2289
f 3132/3134/2290 3133/3135/2290 3134/3136/2290 3135/3137/2290
f 3133/3135/2207 3136/3138/2207 3137/3139/2207 3134/3136/2207
f 3134/3136/2267 3137/3139/2267 3120/3122/2267 3117/3119/2267
f 3135/3137/2250 3134/3136/2250 3117/3119/2250 3116/3118/2250
f 3136/3138/2251 3138/3140/2251 3139/3141/2251 3137/3139/2251
f 3138/3140/2291 3140/3142/2291 3141/3143/2291 3139/3141/2291
f 3139/3141/2292 3141/3143/2292 3124/3126/2292 3122/3124/2292
f 3137/3139/2293 3139/3141/2293 3122/3124/2293 3120/3122/2293
f 3140/3142/2231 3142/3144/2231 3143/3145/2231 3141/3143/2231
f 3142/3144/2247 3144/3146/2247 3145/3147/2247 3143/3145/2247
f 3143/3145/2247 3145/3147/2247 3128/3130/2247 3126/3128/2247
f 3141/3143/2285 3143/3145/2285 3126/3128/2285 3124/3126/2285
f 3144/3146/2294 3146/3148/2294 3147/3149/2294 3145/3147/2294
f 3146/3148/2278 3132/3134/2278 3135/3137/2278 3147/3149/2278
f 3147/3149/2295 3135/3137/2295 3116/3118/2295 3130/3132/2295
f 3145/3147/2294 3147/3149/2294 3130/3132/2294 3128/3130/2294
f 932/934/2296 931/933/2296 3148/3150/2296 3149/3151/2296
f 931/933/2297 930/932/2297 3150/3152/2297 3148/3150/2297
f 3148/3150/2298 3150/3152/2298 3136/3138/2298 3133/3135/2298
f 3149/3151/2299 3148/3150/2299 3133/3135/2299 3132/3134/2299
f 930/932/2300 929/931/2300 3151/3153/2300 3150/3152/2300
f 929/931/2301 928/930/2301 3152/3154/2301 3151/3153/2301
f 3151/3153/2302 3152/3154/2302 3140/3142/2302 3138/3140/2302
f 3150/3152/2303 3151/3153/2303 3138/3140/2303 3136/3138/2303
f 928/930/2304 925/927/2304 3153/3155/2304 3152/3154/2304
f 925/927/2305 924/926/2305 3154/3156/2305 3153/3155/2305
f 3153/3155/2306 3154/3156/2306 3144/3146/2306 3142/3144/2306
f 3152/3154/2307 3153/3155/2307 3142/3144/2307 3140/3142/2307
f 924/926/2308 927/929/2308 3155/3157/2308 3154/3156/2308
f 927/929/2309 932/934/2309 3149/3151/2309 3155/3157/2309
f 3155/3157/2310 3149/3151/2310 3132/3134/2310 3146/3148/2310
f 3154/3156/2311 3155/3157/2311 3146/3148/2311 3144/3146/2311
f 3156/3158/2312 3157/3159/2312 3158/3160/2312 3159/3161/2312
f 3157/3159/2313 3160/3162/2313 3161/3163/2313 3158/3160/2313
f 3158/3160/2314 3161/3163/2314 471/473/2314 1100/1102/2314
f 3159/3161/2315 3158/3160/2315 1100/1102/2315 1071/1073/2315
f 3160/3162/2316 3162/3164/2316 3163/3165/2316 3161/3163/2316
f 3162/3164/2317 3164/3166/2317 3165/3167/2317 3163/3165/2317
f 3163/3165/2318 3165/3167/2318 475/477/2318 472/474/2318
f 3161/3163/2319 3163/3165/2319 472/474/2319 471/473/2319
f 3164/3166/2320 3166/3168/2320 3167/3169/2320 3165/3167/2320
f 3166/3168/2321 3168/3170/2321 3169/3171/2321 3167/3169/2321
f 3167/3169/2322 3169/3171/2322 1136/1138/2322 1146/1148/2322
f 3165/3167/2323 3167/3169/2323 1146/1148/2323 475/477/2323
f 3168/3170/2324 3170/3172/2324 3171/3173/2324 3169/3171/2324
f 3170/3172/2325 3156/3158/2325 3159/3161/2325 3171/3173/2325
f 3171/3173/2326 3159/3161/2326 1071/1073/2326 1137/1139/2326
f 3169/3171/2327 3171/3173/2327 1137/1139/2327 1136/1138/2327
f 3172/3174/2328 3173/3175/2328 3174/3176/2328 3175/3177/2328
f 3173/3175/2329 3176/3178/2329 3177/3179/2329 3174/3176/2329
f 3174/3176/2329 3177/3179/2329 3160/3162/2329 3157/3159/2329
f 3175/3177/2328 3174/3176/2328 3157/3159/2328 3156/3158/2328
f 3176/3178/2330 3178/3180/2330 3179/3181/2330 3177/3179/2330
f 3178/3180/2331 3180/3182/2331 3181/3183/2331 3179/3181/2331
f 3179/3181/2332 3181/3183/2332 3164/3166/2332 3162/3164/2332
f 3177/3179/2333 3179/3181/2333 3162/3164/2333 3160/3162/2333
f 3180/3182/2334 3182/3184/2334 3183/3185/2334 3181/3183/2334
f 3182/3184/2335 3184/3186/2335 3185/3187/2335 3183/3185/2335
f 3183/3185/2336 3185/3187/2336 3168/3170/2336 3166/3168/2336
f 3181/3183/2334 3183/3185/2334 3166/3168/2334 3164/3166/2334
f 3184/3186/2337 3186/3188/2337 3187/3189/2337 3185/3187/2337
f 3186/3188/2338 3172/3174/2338 3175/3177/2338 3187/3189/2338
f 3187/3189/2339 3175/3177/2339 3156/3158/2339 3170/3172/2339
f 3185/3187/2340 3187/3189/2340 3170/3172/2340 3168/3170/2340
f 3188/3190/2341 3189/3191/2341 3190/3192/2341 3191/3193/2341
f 3189/3191/2342 3192/3194/2342 3193/3195/2342 3190/3192/2342
f 3190/3192/2329 3193/3195/2329 3176/3178/2329 3173/3175/2329
f 3191/3193/2343 3190/3192/2343 3173/3175/2343 3172/3174/2343
f 3192/3194/2344 3194/3196/2344 3195/3197/2344 3193/3195/2344
f 3194/3196/2345 3196/3198/2345 3197/3199/2345 3195/3197/2345
f 3195/3197/2346 3197/3199/2346 3180/3182/2346 3178/3180/2346
f 3193/3195/2330 3195/3197/2330 3178/3180/2330 3176/3178/2330
f 3196/3198/2347 3198/3200/2347 3199/3201/2347 3197/3199/2347
f 3198/3200/2335 3200/3202/2335 3201/3203/2335 3199/3201/2335
f 3199/3201/2348 3201/3203/2348 3184/3186/2348 3182/3184/2348
f 3197/3199/2347 3199/3201/2347 3182/3184/2347 3180/3182/2347
f 3200/3202/2349 3202/3204/2349 3203/3205/2349 3201/3203/2349
f 3202/3204/2350 3188/3190/2350 3191/3193/2350 3203/3205/2350
f 3203/3205/2351 3191/3193/2351 3172/3174/2351 3186/3188/2351
f 3201/3203/2352 3203/3205/2352 3186/3188/2352 3184/3186/2352
f 3204/3206/2341 3205/3207/2341 3206/3208/2341 3207/3209/2341
f 3205/3207/2329 3208/3210/2329 3209/3211/2329 3206/3208/2329
f 3206/3208/2342 3209/3211/2342 3192/3194/2342 3189/3191/2342
f 3207/3209/2341 3206/3208/2341 3189/3191/2341 3188/3190/2341
f 3208/3210/2353 3210/3212/2353 3211/3213/2353 3209/3211/2353
f 3210/3212/2354 3212/3214/2354 3213/3215/2354 3211/3213/2354
f 3211/3213/2355 3213/3215/2355 3196/3198/2355 3194/3196/2355
f 3209/3211/2356 3211/3213/2356 3194/3196/2356 3192/3194/2356
f 3212/3214/2357 3214/3216/2357 3215/3217/2357 3213/3215/2357
f 3214/3216/2335 3216/3218/2335 3217/3219/2335 3215/3217/2335
f 3215/3217/2335 3217/3219/2335 3200/3202/2335 3198/3200/2335
f 3213/3215/2347 3215/3217/2347 3198/3200/2347 3196/3198/2347
f 3216/3218/2358 3218/3220/2358 3219/3221/2358 3217/3219/2358
f 3218/3220/2350 3204/3206/2350 3207/3209/2350 3219/3221/2350
f 3219/3221/2339 3207/3209/2339 3188/3190/2339 3202/3204/2339
f 3217/3219/2358 3219/3221/2358 3202/3204/2358 3200/3202/2358
f 3220/3222/2359 3221/3223/2359 3222/3224/2359 3223/3225/2359
f 3221/3223/2360 3224/3226/2360 3225/3227/2360 3222/3224/2360
f 3222/3224/2342 3225/3227/2342 3208/3210/2342 3205/3207/2342
f 3223/3225/2361 3222/3224/2361 3205/3207/2361 3204/3206/2361
f 3224/3226/2362 3226/3228/2362 3227/3229/2362 3225/3227/2362
f 3226/3228/2363 3228/3230/2363 3229/3231/2363 3227/3229/2363
f 3227/3229/2364 3229/3231/2364 3212/3214/2364 3210/3212/2364
f 3225/3227/2365 3227/3229/2365 3210/3212/2365 3208/3210/2365
f 3228/3230/2366 3230/3232/2366 3231/3233/2366 3229/3231/2366
f 3230/3232/2336 3232/3234/2336 3233/3235/2336 3231/3233/2336
f 3231/3233/2348 3233/3235/2348 3216/3218/2348 3214/3216/2348
f 3229/3231/2367 3231/3233/2367 3214/3216/2367 3212/3214/2367
f 3232/3234/2368 3234/3236/2368 3235/3237/2368 3233/3235/2368
f 3234/3236/2369 3220/3222/2369 3223/3225/2369 3235/3237/2369
f 3235/3237/2370 3223/3225/2370 3204/3206/2370 3218/3220/2370
f 3233/3235/2371 3235/3237/2371 3218/3220/2371 3216/3218/2371
f 3236/3238/2372 3237/3239/2372 3238/3240/2372 3239/3241/2372
f 3237/3239/2373 3240/3242/2373 3241/3243/2373 3238/3240/2373
f 3238/3240/2374 3241/3243/2374 3224/3226/2374 3221/3223/2374
f 3239/3241/2375 3238/3240/2375 3221/3223/2375 3220/3222/2375
f 3240/3242/2376 3242/3244/2376 3243/3245/2376 3241/3243/2376
f 3242/3244/2377 3244/3246/2377 3245/3247/2377 3243/3245/2377
f 3243/3245/2378 3245/3247/2378 3228/3230/2378 3226/3228/2378
f 3241/3243/2379 3243/3245/2379 3226/3228/2379 3224/3226/2379
f 3244/3246/2380 3246/3248/2380 3247/3249/2380 3245/3247/2380
f 3246/3248/2381 3248/3250/2381 3249/3251/2381 3247/3249/2381
f 3247/3249/2382 3249/3251/2382 3232/3234/2382 3230/3232/2382
f 3245/3247/2383 3247/3249/2383 3230/3232/2383 3228/3230/2383
f 3248/3250/2384 3250/3252/2384 3251/3253/2384 3249/3251/2384
f 3250/3252/2385 3236/3238/2385 3239/3241/2385 3251/3253/2385
f 3251/3253/2386 3239/3241/2386 3220/3222/2386 3234/3236/2386
f 3249/3251/2387 3251/3253/2387 3234/3236/2387 3232/3234/2387
f 3252/3254/2388 3253/3255/2388 3254/3256/2388 3255/3257/2388
f 3253/3255/2389 3256/3258/2389 3257/3259/2389 3254/3256/2389
f 3254/3256/2390 3257/3259/2390 3240/3242/2390 3237/3239/2390
f 3255/3257/2391 3254/3256/2391 3237/3239/2391 3236/3238/2391
f 3256/3258/2392 3258/3260/2392 3259/3261/2392 3257/3259/2392
f 3258/3260/2393 3260/3262/2393 3261/3263/2393 3259/3261/2393
f 3259/3261/2394 3261/3263/2394 3244/3246/2394 3242/3244/2394
f 3257/3259/2395 3259/3261/2395 3242/3244/2395 3240/3242/2395
f 3260/3262/2396 3262/3264/2396 3263/3265/2396 3261/3263/2396
f 3262/3264/2397 3264/3266/2397 3265/3267/2397 3263/3265/2397
f 3263/3265/2398 3265/3267/2398 3248/3250/2398 3246/3248/2398
f 3261/3263/2399 3263/3265/2399 3246/3248/2399 3244/3246/2399
f 3264/3266/2400 3266/3268/2400 3267/3269/2400 3265/3267/2400
f 3266/3268/2401 3252/3254/2401 3255/3257/2401 3267/3269/2401
f 3267/3269/2402 3255/3257/2402 3236/3238/2402 3250/3252/2402
f 3265/3267/2403 3267/3269/2403 3250/3252/2403 3248/3250/2403
f 3268/3270/2404 3269/3271/2404 3270/3272/2404 3271/3273/2404
f 3269/3271/2405 3272/3274/2405 3273/3275/2405 3270/3272/2405
f 3270/3272/2406 3273/3275/2406 3256/3258/2406 3253/3255/2406
f 3271/3273/2407 3270/3272/2407 3253/3255/2407 3252/3254/2407
f 3272/3274/2408 3274/3276/2408 3275/3277/2408 3273/3275/2408
f 3274/3276/2409 3276/3278/2409 3277/3279/2409 3275/3277/2409
f 3275/3277/2410 3277/3279/2410 3260/3262/2410 3258/3260/2410
f 3273/3275/2411 3275/3277/2411 3258/3260/2411 3256/3258/2411
f 3276/3278/2412 3278/3280/2412 3279/3281/2412 3277/3279/2412
f 3278/3280/2413 3280/3282/2413 3281/3283/2413 3279/3281/2413
f 3279/3281/2414 3281/3283/2414 3264/3266/2414 3262/3264/2414
f 3277/3279/2415 3279/3281/2415 3262/3264/2415 3260/3262/2415
f 3280/3282/2416 3282/3284/2416 3283/3285/2416 3281/3283/2416
f 3282/3284/2417 3268/3270/2417 3271/3273/2417 3283/3285/2417
f 3283/3285/2418 3271/3273/2418 3252/3254/2418 3266/3268/2418
f 3281/3283/2419 3283/3285/2419 3266/3268/2419 3264/3266/2419
f 3284/3286/2420 3285/3287/2420 3286/3288/2420 3287/3289/2420
f 3285/3287/2421 3288/3290/2421 3289/3291/2421 3286/3288/2421
f 3286/3288/2422 3289/3291/2422 3272/3274/2422 3269/3271/2422
f 3287/3289/2423 3286/3288/2423 3269/3271/2423 3268/3270/2423
f 3288/3290/2424 3290/3292/2424 3291/3293/2424 3289/3291/2424
f 3290/3292/2425 3292/3294/2425 3293/3295/2425 3291/3293/2425
f 3291/3293/2426 3293/3295/2426 3276/3278/2426 3274/3276/2426
f 3289/3291/2408 3291/3293/2408 3274/3276/2408 3272/3274/2408
f 3292/3294/2427 3294/3296/2427 3295/3297/2427 3293/3295/2427
f 3294/3296/2428 3296/3298/2428 3297/3299/2428 3295/3297/2428
f 3295/3297/2413 3297/3299/2413 3280/3282/2413 3278/3280/2413
f 3293/3295/2429 3295/3297/2429 3278/3280/2429 3276/3278/2429
f 3296/3298/2430 3298/3300/2430 3299/3301/2430 3297/3299/2430
f 3298/3300/2431 3284/3286/2431 3287/3289/2431 3299/3301/2431
f 3299/3301/2432 3287/3289/2432 3268/3270/2432 3282/3284/2432
f 3297/3299/2433 3299/3301/2433 3282/3284/2433 3280/3282/2433
f 3300/3302/2434 3301/3303/2434 3302/3304/2434 3303/3305/2434
f 3301/3303/2435 3304/3306/2435 3305/3307/2435 3302/3304/2435
f 3302/3304/2422 3305/3307/2422 3288/3290/2422 3285/3287/2422
f 3303/3305/2420 3302/3304/2420 3285/3287/2420 3284/3286/2420
f 3304/3306/2436 3306/3308/2436 3307/3309/2436 3305/3307/2436
f 3306/3308/2437 3308/3310/2437 3309/3311/2437 3307/3309/2437
f 3307/3309/2426 3309/3311/2426 3292/3294/2426 3290/3292/2426
f 3305/3307/2438 3307/3309/2438 3290/3292/2438 3288/3290/2438
f 3308/3310/2412 3310/3312/2412 3311/3313/2412 3309/3311/2412
f 3310/3312/2413 3312/3314/2413 3313/3315/2413 3311/3313/2413
f 3311/3313/2413 3313/3315/2413 3296/3298/2413 3294/3296/2413
f 3309/3311/2429 3311/3313/2429 3294/3296/2429 3292/3294/2429
f 3312/3314/2439 3314/3316/2439 3315/3317/2439 3313/3315/2439
f 3314/3316/2440 3300/3302/2440 3303/3305/2440 3315/3317/2440
f 3315/3317/2441 3303/3305/2441 3284/3286/2441 3298/3300/2441
f 3313/3315/2442 3315/3317/2442 3298/3300/2442 3296/3298/2442
f 3316/3318/2443 3317/3319/2443 3318/3320/2443 3319/3321/2443
f 3317/3319/2435 3320/3322/2435 3321/3323/2435 3318/3320/2435
f 3318/3320/2435 3321/3323/2435 3304/3306/2435 3301/3303/2435
f 3319/3321/2444 3318/3320/2444 3301/3303/2444 3300/3302/2444
f 3320/3322/2438 3322/3324/2438 3323/3325/2438 3321/3323/2438
f 3322/3324/2445 3324/3326/2445 3325/3327/2445 3323/3325/2445
f 3323/3325/2437 3325/3327/2437 3308/3310/2437 3306/3308/2437
f 3321/3323/2436 3323/3325/2436 3306/3308/2436 3304/3306/2436
f 3324/3326/2412 3326/3328/2412 3327/3329/2412 3325/3327/2412
f 3326/3328/2428 3328/3330/2428 3329/3331/2428 3327/3329/2428
f 3327/3329/2428 3329/3331/2428 3312/3314/2428 3310/3312/2428
f 3325/3327/2429 3327/3329/2429 3310/3312/2429 3308/3310/2429
f 3328/3330/2446 3330/3332/2446 3331/3333/2446 3329/3331/2446
f 3330/3332/2447 3316/3318/2447 3319/3321/2447 3331/3333/2447
f 3331/3333/2432 3319/3321/2432 3300/3302/2432 3314/3316/2432
f 3329/3331/2448 3331/3333/2448 3314/3316/2448 3312/3314/2448
f 3332/3334/2444 3333/3335/2444 3334/3336/2444 3335/3337/2444
f 3333/3335/2449 3336/3338/2449 3337/3339/2449 3334/3336/2449
f 3334/3336/2450 3337/3339/2450 3320/3322/2450 3317/3319/2450
f 3335/3337/2451 3334/3336/2451 3317/3319/2451 3316/3318/2451
f 3336/3338/2452 3338/3340/2452 3339/3341/2452 3337/3339/2452
f 3338/3340/2453 3340/3342/2453 3341/3343/2453 3339/3341/2453
f 3339/3341/2453 3341/3343/2453 3324/3326/2453 3322/3324/2453
f 3337/3339/2436 3339/3341/2436 3322/3324/2436 3320/3322/2436
f 3340/3342/2429 3342/3344/2429 3343/3345/2429 3341/3343/2429
f 3342/3344/2428 3344/3346/2428 3345/3347/2428 3343/3345/2428
f 3343/3345/2454 3345/3347/2454 3328/3330/2454 3326/3328/2454
f 3341/3343/2455 3343/3345/2455 3326/3328/2455 3324/3326/2455
f 3344/3346/2456 3346/3348/2456 3347/3349/2456 3345/3347/2456
f 3346/3348/2431 3332/3334/2431 3335/3337/2431 3347/3349/2431
f 3347/3349/2441 3335/3337/2441 3316/3318/2441 3330/3332/2441
f 3345/3347/2430 3347/3349/2430 3330/3332/2430 3328/3330/2430
f 3348/3350/2457 3349/3351/2457 3350/3352/2457 3351/3353/2457
f 3349/3351/2450 3352/3354/2450 3353/3355/2450 3350/3352/2450
f 3350/3352/2458 3353/3355/2458 3336/3338/2458 3333/3335/2458
f 3351/3353/2404 3350/3352/2404 3333/3335/2404 3332/3334/2404
f 3352/3354/2459 3354/3356/2459 3355/3357/2459 3353/3355/2459
f 3354/3356/2453 3356/3358/2453 3357/3359/2453 3355/3357/2453
f 3355/3357/2437 3357/3359/2437 3340/3342/2437 3338/3340/2437
f 3353/3355/2436 3355/3357/2436 3338/3340/2436 3336/3338/2436
f 3356/3358/2412 3358/3360/2412 3359/3361/2412 3357/3359/2412
f 3358/3360/2460 3360/3362/2460 3361/3363/2460 3359/3361/2460
f 3359/3361/2413 3361/3363/2413 3344/3346/2413 3342/3344/2413
f 3357/3359/2429 3359/3361/2429 3342/3344/2429 3340/3342/2429
f 3360/3362/2456 3362/3364/2456 3363/3365/2456 3361/3363/2456
f 3362/3364/2461 3348/3350/2461 3351/3353/2461 3363/3365/2461
f 3363/3365/2462 3351/3353/2462 3332/3334/2462 3346/3348/2462
f 3361/3363/2463 3363/3365/2463 3346/3348/2463 3344/3346/2463
f 3364/3366/2444 3365/3367/2444 3366/3368/2444 3367/3369/2444
f 3365/3367/2405 3368/3370/2405 3369/3371/2405 3366/3368/2405
f 3366/3368/2435 3369/3371/2435 3352/3354/2435 3349/3351/2435
f 3367/3369/2404 3366/3368/2404 3349/3351/2404 3348/3350/2404
f 3368/3370/2408 3370/3372/2408 3371/3373/2408 3369/3371/2408
f 3370/3372/2464 3372/3374/2464 3373/3375/2464 3371/3373/2464
f 3371/3373/2453 3373/3375/2453 3356/3358/2453 3354/3356/2453
f 3369/3371/2424 3371/3373/2424 3354/3356/2424 3352/3354/2424
f 3372/3374/2465 3374/3376/2465 3375/3377/2465 3373/3375/2465
f 3374/3376/2428 3376/3378/2428 3377/3379/2428 3375/3377/2428
f 3375/3377/2428 3377/3379/2428 3360/3362/2428 3358/3360/2428
f 3373/3375/2429 3375/3377/2429 3358/3360/2429 3356/3358/2429
f 3376/3378/2446 3378/3380/2446 3379/3381/2446 3377/3379/2446
f 3378/3380/2466 3364/3366/2466 3367/3369/2466 3379/3381/2466
f 3379/3381/2432 3367/3369/2432 3348/3350/2432 3362/3364/2432
f 3377/3379/2467 3379/3381/2467 3362/3364/2467 3360/3362/2467
f 3380/3382/2457 3381/3383/2457 3382/3384/2457 3383/3385/2457
f 3381/3383/2435 3384/3386/2435 3385/3387/2435 3382/3384/2435
f 3382/3384/2450 3385/3387/2450 3368/3370/2450 3365/3367/2450
f 3383/3385/2468 3382/3384/2468 3365/3367/2468 3364/3366/2468
f 3384/3386/2469 3386/3388/2469 3387/3389/2469 3385/3387/2469
f 3386/3388/2425 3388/3390/2425 3389/3391/2425 3387/3389/2425
f 3387/3389/2470 3389/3391/2470 3372/3374/2470 3370/3372/2470
f 3385/3387/2471 3387/3389/2471 3370/3372/2471 3368/3370/2471
f 3388/3390/2455 3390/3392/2455 3391/3393/2455 3389/3391/2455
f 3390/3392/2428 3392/3394/2428 3393/3395/2428 3391/3393/2428
f 3391/3393/2428 3393/3395/2428 3376/3378/2428 3374/3376/2428
f 3389/3391/2472 3391/3393/2472 3374/3376/2472 3372/3374/2472
f 3392/3394/2448 3394/3396/2448 3395/3397/2448 3393/3395/2448
f 3394/3396/2473 3380/3382/2473 3383/3385/2473 3395/3397/2473
f 3395/3397/2474 3383/3385/2474 3364/3366/2474 3378/3380/2474
f 3393/3395/2467 3395/3397/2467 3378/3380/2467 3376/3378/2467
f 3396/3398/2475 3397/3399/2475 3398/3400/2475 3399/3401/2475
f 3397/3399/2405 3400/3402/2405 3401/3403/2405 3398/3400/2405
f 3398/3400/2435 3401/3403/2435 3384/3386/2435 3381/3383/2435
f 3399/3401/2444 3398/3400/2444 3381/3383/2444 3380/3382/2444
f 3400/3402/2424 3402/3404/2424 3403/3405/2424 3401/3403/2424
f 3402/3404/2437 3404/3406/2437 3405/3407/2437 3403/3405/2437
f 3403/3405/2470 3405/3407/2470 3388/3390/2470 3386/3388/2470
f 3401/3403/2471 3403/3405/2471 3386/3388/2471 3384/3386/2471
f 3404/3406/2412 3406/3408/2412 3407/3409/2412 3405/3407/2412
f 3406/3408/2428 3408/3410/2428 3409/3411/2428 3407/3409/2428
f 3407/3409/2476 3409/3411/2476 3392/3394/2476 3390/3392/2476
f 3405/3407/2477 3407/3409/2477 3390/3392/2477 3388/3390/2477
f 3408/3410/2442 3410/3412/2442 3411/3413/2442 3409/3411/2442
f 3410/3412/2478 3396/3398/2478 3399/3401/2478 3411/3413/2478
f 3411/3413/2479 3399/3401/2479 3380/3382/2479 3394/3396/2479
f 3409/3411/2480 3411/3413/2480 3394/3396/2480 3392/3394/2480
f 3412/3414/2457 3413/3415/2457 3414/3416/2457 3415/3417/2457
f 3413/3415/2450 3416/3418/2450 3417/3419/2450 3414/3416/2450
f 3414/3416/2458 3417/3419/2458 3400/3402/2458 3397/3399/2458
f 3415/3417/2420 3414/3416/2420 3397/3399/2420 3396/3398/2420
f 3416/3418/2471 3418/3420/2471 3419/3421/2471 3417/3419/2471
f 3418/3420/2453 3420/3422/2453 3421/3423/2453 3419/3421/2453
f 3419/3421/2464 3421/3423/2464 3404/3406/2464 3402/3404/2464
f 3417/3419/2408 3419/3421/2408 3402/3404/2408 3400/3402/2408
f 3420/3422/2429 3422/3424/2429 3423/3425/2429 3421/3423/2429
f 3422/3424/2428 3424/3426/2428 3425/3427/2428 3423/3425/2428
f 3423/3425/2428 3425/3427/2428 3408/3410/2428 3406/3408/2428
f 3421/3423/2455 3423/3425/2455 3406/3408/2455 3404/3406/2455
f 3424/3426/2433 3426/3428/2433 3427/3429/2433 3425/3427/2433
f 3426/3428/2447 3412/3414/2447 3415/3417/2447 3427/3429/2447
f 3427/3429/2481 3415/3417/2481 3396/3398/2481 3410/3412/2481
f 3425/3427/2482 3427/3429/2482 3410/3412/2482 3408/3410/2482
f 3428/3430/2434 3429/3431/2434 3430/3432/2434 3431/3433/2434
f 3429/3431/2450 3432/3434/2450 3433/3435/2450 3430/3432/2450
f 3430/3432/2405 3433/3435/2405 3416/3418/2405 3413/3415/2405
f 3431/3433/2468 3430/3432/2468 3413/3415/2468 3412/3414/2468
f 3432/3434/2438 3434/3436/2438 3435/3437/2438 3433/3435/2438
f 3434/3436/2437 3436/3438/2437 3437/3439/2437 3435/3437/2437
f 3435/3437/2483 3437/3439/2483 3420/3422/2483 3418/3420/2483
f 3433/3435/2484 3435/3437/2484 3418/3420/2484 3416/3418/2484
f 3436/3438/2455 3438/3440/2455 3439/3441/2455 3437/3439/2455
f 3438/3440/2413 3440/3442/2413 3441/3443/2413 3439/3441/2413
f 3439/3441/2460 3441/3443/2460 3424/3426/2460 3422/3424/2460
f 3437/3439/2465 3439/3441/2465 3422/3424/2465 3420/3422/2465
f 3440/3442/2485 3442/3444/2485 3443/3445/2485 3441/3443/2485
f 3442/3444/2479 3428/3430/2479 3431/3433/2479 3443/3445/2479
f 3443/3445/2440 3431/3433/2440 3412/3414/2440 3426/3428/2440
f 3441/3443/2448 3443/3445/2448 3426/3428/2448 3424/3426/2448
f 3444/3446/2457 3445/3447/2457 3446/3448/2457 3447/3449/2457
f 3445/3447/2422 3448/3450/2422 3449/3451/2422 3446/3448/2422
f 3446/3448/2486 3449/3451/2486 3432/3434/2486 3429/3431/2486
f 3447/3449/2468 3446/3448/2468 3429/3431/2468 3428/3430/2468
f 3448/3450/2424 3450/3452/2424 3451/3453/2424 3449/3451/2424
f 3450/3452/2487 3452/3454/2487 3453/3455/2487 3451/3453/2487
f 3451/3453/2437 3453/3455/2437 3436/3438/2437 3434/3436/2437
f 3449/3451/2459 3451/3453/2459 3434/3436/2459 3432/3434/2459
f 3452/3454/2455 3454/3456/2455 3455/3457/2455 3453/3455/2455
f 3454/3456/2488 3456/3458/2488 3457/3459/2488 3455/3457/2488
f 3455/3457/2428 3457/3459/2428 3440/3442/2428 3438/3440/2428
f 3453/3455/2429 3455/3457/2429 3438/3440/2429 3436/3438/2429
f 3456/3458/2489 3458/3460/2489 3459/3461/2489 3457/3459/2489
f 3458/3460/2431 3444/3446/2431 3447/3449/2431 3459/3461/2431
f 3459/3461/2474 3447/3449/2474 3428/3430/2474 3442/3444/2474
f 3457/3459/2482 3459/3461/2482 3442/3444/2482 3440/3442/2482
f 3460/3462/2420 3461/3463/2420 3462/3464/2420 3463/3465/2420
f 3461/3463/2421 3464/3466/2421 3465/3467/2421 3462/3464/2421
f 3462/3464/2421 3465/3467/2421 3448/3450/2421 3445/3447/2421
f 3463/3465/2490 3462/3464/2490 3445/3447/2490 3444/3446/2490
f 3464/3466/2491 3466/3468/2491 3467/3469/2491 3465/3467/2491
f 3466/3468/2492 3468/3470/2492 3469/3471/2492 3467/3469/2492
f 3467/3469/2493 3469/3471/2493 3452/3454/2493 3450/3452/2493
f 3465/3467/2436 3467/3469/2436 3450/3452/2436 3448/3450/2436
f 3468/3470/2494 3470/3472/2494 3471/3473/2494 3469/3471/2494
f 3470/3472/2488 3472/3474/2488 3473/3475/2488 3471/3473/2488
f 3471/3473/2413 3473/3475/2413 3456/3458/2413 3454/3456/2413
f 3469/3471/2495 3471/3473/2495 3454/3456/2495 3452/3454/2495
f 3472/3474/2496 3474/3476/2496 3475/3477/2496 3473/3475/2496
f 3474/3476/2478 3460/3462/2478 3463/3465/2478 3475/3477/2478
f 3475/3477/2497 3463/3465/2497 3444/3446/2497 3458/3460/2497
f 3473/3475/2446 3475/3477/2446 3458/3460/2446 3456/3458/2446
f 3476/3478/2444 3477/3479/2444 3478/3480/2444 3479/3481/2444
f 3477/3479/2498 3480/3482/2498 3481/3483/2498 3478/3480/2498
f 3478/3480/2499 3481/3483/2499 3464/3466/2499 3461/3463/2499
f 3479/3481/2468 3478/3480/2468 3461/3463/2468 3460/3462/2468
f 3480/3482/2500 3482/3484/2500 3483/3485/2500 3481/3483/2500
f 3482/3484/2501 3484/3486/2501 3485/3487/2501 3483/3485/2501
f 3483/3485/2502 3485/3487/2502 3468/3470/2502 3466/3468/2502
f 3481/3483/2503 3483/3485/2503 3466/3468/2503 3464/3466/2503
f 3484/3486/2472 3486/3488/2472 3487/3489/2472 3485/3487/2472
f 3486/3488/2428 3488/3490/2428 3489/3491/2428 3487/3489/2428
f 3487/3489/2504 3489/3491/2504 3472/3474/2504 3470/3472/2504
f 3485/3487/2472 3487/3489/2472 3470/3472/2472 3468/3470/2472
f 3488/3490/2439 3490/3492/2439 3491/3493/2439 3489/3491/2439
f 3490/3492/2466 3476/3478/2466 3479/3481/2466 3491/3493/2466
f 3491/3493/2441 3479/3481/2441 3460/3462/2441 3474/3476/2441
f 3489/3491/2456 3491/3493/2456 3474/3476/2456 3472/3474/2456
f 923/925/2505 922/924/2505 3492/3494/2505 3493/3495/2505
f 922/924/2506 921/923/2506 3494/3496/2506 3492/3494/2506
f 3492/3494/2507 3494/3496/2507 3480/3482/2507 3477/3479/2507
f 3493/3495/2508 3492/3494/2508 3477/3479/2508 3476/3478/2508
f 921/923/2509 920/922/2509 3495/3497/2509 3494/3496/2509
f 920/922/2510 919/921/2510 3496/3498/2510 3495/3497/2510
f 3495/3497/2511 3496/3498/2511 3484/3486/2511 3482/3484/2511
f 3494/3496/2512 3495/3497/2512 3482/3484/2512 3480/3482/2512
f 919/921/2513 916/918/2513 3497/3499/2513 3496/3498/2513
f 916/918/2514 915/917/2514 3498/3500/2514 3497/3499/2514
f 3497/3499/2515 3498/3500/2515 3488/3490/2515 3486/3488/2515
f 3496/3498/2516 3497/3499/2516 3486/3488/2516 3484/3486/2516
f 915/917/2517 918/920/2517 3499/3501/2517 3498/3500/2517
f 918/920/2518 923/925/2518 3493/3495/2518 3499/3501/2518
f 3499/3501/2519 3493/3495/2519 3476/3478/2519 3490/3492/2519
f 3498/3500/2520 3499/3501/2520 3490/3492/2520 3488/3490/2520
f 3500/3502/2521 3501/3503/2521 3502/3504/2521 3503/3505/2521
f 3501/3503/2522 3504/3506/2522 3505/3507/2522 3502/3504/2522
f 3502/3504/2523 3505/3507/2523 1076/1078/2523 1116/1118/2523
f 3503/3505/2524 3502/3504/2524 1116/1118/2524 368/370/2524
f 3504/3506/2525 3506/3508/2525 3507/3509/2525 3505/3507/2525
f 3506/3508/2526 3508/3510/2526 3509/3511/2526 3507/3509/2526
f 3507/3509/2527 3509/3511/2527 1141/1143/2527 1140/1142/2527
f 3505/3507/2528 3507/3509/2528 1140/1142/2528 1076/1078/2528
f 3508/3510/2529 3510/3512/2529 3511/3513/2529 3509/3511/2529
f 3510/3512/2530 3512/3514/2530 3513/3515/2530 3511/3513/2530
f 3511/3513/2531 3513/3515/2531 364/366/2531 1147/1149/2531
f 3509/3511/2532 3511/3513/2532 1147/1149/2532 1141/1143/2532
f 3512/3514/2533 3514/3516/2533 3515/3517/2533 3513/3515/2533
f 3514/3516/2534 3500/3502/2534 3503/3505/2534 3515/3517/2534
f 3515/3517/2535 3503/3505/2535 368/370/2535 365/367/2535
f 3513/3515/2536 3515/3517/2536 365/367/2536 364/366/2536
f 3516/3518/2537 3517/3519/2537 3518/3520/2537 3519/3521/2537
f 3517/3519/2538 3520/3522/2538 3521/3523/2538 3518/3520/2538
f 3518/3520/2539 3521/3523/2539 3504/3506/2539 3501/3503/2539
f 3519/3521/2537 3518/3520/2537 3501/3503/2537 3500/3502/2537
f 3520/3522/2540 3522/3524/2540 3523/3525/2540 3521/3523/2540
f 3522/3524/2541 3524/3526/2541 3525/3527/2541 3523/3525/2541
f 3523/3525/2542 3525/3527/2542 3508/3510/2542 3506/3508/2542
f 3521/3523/2540 3523/3525/2540 3506/3508/2540 3504/3506/2540
f 3524/3526/2543 3526/3528/2543 3527/3529/2543 3525/3527/2543
f 3526/3528/2544 3528/3530/2544 3529/3531/2544 3527/3529/2544
f 3527/3529/2545 3529/3531/2545 3512/3514/2545 3510/3512/2545
f 3525/3527/2546 3527/3529/2546 3510/3512/2546 3508/3510/2546
f 3528/3530/2547 3530/3532/2547 3531/3533/2547 3529/3531/2547
f 3530/3532/2548 3516/3518/2548 3519/3521/2548 3531/3533/2548
f 3531/3533/2549 3519/3521/2549 3500/3502/2549 3514/3516/2549
f 3529/3531/2550 3531/3533/2550 3514/3516/2550 3512/3514/2550
f 3532/3534/2551 3533/3535/2551 3534/3536/2551 3535/3537/2551
f 3533/3535/2538 3536/3538/2538 3537/3539/2538 3534/3536/2538
f 3534/3536/2538 3537/3539/2538 3520/3522/2538 3517/3519/2538
f 3535/3537/2552 3534/3536/2552 3517/3519/2552 3516/3518/2552
f 3536/3538/2553 3538/3540/2553 3539/3541/2553 3537/3539/2553
f 3538/3540/2542 3540/3542/2542 3541/3543/2542 3539/3541/2542
f 3539/3541/2542 3541/3543/2542 3524/3526/2542 3522/3524/2542
f 3537/3539/2540 3539/3541/2540 3522/3524/2540 3520/3522/2540
f 3540/3542/2543 3542/3544/2543 3543/3545/2543 3541/3543/2543
f 3542/3544/2554 3544/3546/2554 3545/3547/2554 3543/3545/2554
f 3543/3545/2555 3545/3547/2555 3528/3530/2555 3526/3528/2555
f 3541/3543/2556 3543/3545/2556 3526/3528/2556 3524/3526/2556
f 3544/3546/2557 3546/3548/2557 3547/3549/2557 3545/3547/2557
f 3546/3548/2558 3532/3534/2558 3535/3537/2558 3547/3549/2558
f 3547/3549/2549 3535/3537/2549 3516/3518/2549 3530/3532/2549
f 3545/3547/2559 3547/3549/2559 3530/3532/2559 3528/3530/2559
f 3548/3550/2537 3549/3551/2537 3550/3552/2537 3551/3553/2537
f 3549/3551/2538 3552/3554/2538 3553/3555/2538 3550/3552/2538
f 3550/3552/2560 3553/3555/2560 3536/3538/2560 3533/3535/2560
f 3551/3553/2552 3550/3552/2552 3533/3535/2552 3532/3534/2552
f 3552/3554/2553 3554/3556/2553 3555/3557/2553 3553/3555/2553
f 3554/3556/2542 3556/3558/2542 3557/3559/2542 3555/3557/2542
f 3555/3557/2561 3557/3559/2561 3540/3542/2561 3538/3540/2561
f 3553/3555/2562 3555/3557/2562 3538/3540/2562 3536/3538/2562
f 3556/3558/2556 3558/3560/2556 3559/3561/2556 3557/3559/2556
f 3558/3560/2555 3560/3562/2555 3561/3563/2555 3559/3561/2555
f 3559/3561/2563 3561/3563/2563 3544/3546/2563 3542/3544/2563
f 3557/3559/2543 3559/3561/2543 3542/3544/2543 3540/3542/2543
f 3560/3562/2550 3562/3564/2550 3563/3565/2550 3561/3563/2550
f 3562/3564/2549 3548/3550/2549 3551/3553/2549 3563/3565/2549
f 3563/3565/2564 3551/3553/2564 3532/3534/2564 3546/3548/2564
f 3561/3563/2565 3563/3565/2565 3546/3548/2565 3544/3546/2565
f 3564/3566/2566 3565/3567/2566 3566/3568/2566 3567/3569/2566
f 3565/3567/2567 3568/3570/2567 3569/3571/2567 3566/3568/2567
f 3566/3568/2538 3569/3571/2538 3552/3554/2538 3549/3551/2538
f 3567/3569/2537 3566/3568/2537 3549/3551/2537 3548/3550/2537
f 3568/3570/2568 3570/3572/2568 3571/3573/2568 3569/3571/2568
f 3570/3572/2542 3572/3574/2542 3573/3575/2542 3571/3573/2542
f 3571/3573/2561 3573/3575/2561 3556/3558/2561 3554/3556/2561
f 3569/3571/2569 3571/3573/2569 3554/3556/2569 3552/3554/2569
f 3572/3574/2570 3574/3576/2570 3575/3577/2570 3573/3575/2570
f 3574/3576/2571 3576/3578/2571 3577/3579/2571 3575/3577/2571
f 3575/3577/2544 3577/3579/2544 3560/3562/2544 3558/3560/2544
f 3573/3575/2556 3575/3577/2556 3558/3560/2556 3556/3558/2556
f 3576/3578/2572 3578/3580/2572 3579/3581/2572 3577/3579/2572
f 3578/3580/2573 3564/3566/2573 3567/3569/2573 3579/3581/2573
f 3579/3581/2548 3567/3569/2548 3548/3550/2548 3562/3564/2548
f 3577/3579/2550 3579/3581/2550 3562/3564/2550 3560/3562/2550
f 3580/3582/2574 3581/3583/2574 3582/3584/2574 3583/3585/2574
f 3581/3583/2575 3584/3586/2575 3585/3587/2575 3582/3584/2575
f 3582/3584/2576 3585/3587/2576 3568/3570/2576 3565/3567/2576
f 3583/3585/2577 3582/3584/2577 3565/3567/2577 3564/3566/2577
f 3584/3586/2578 3586/3588/2578 3587/3589/2578 3585/3587/2578
f 3586/3588/2579 3588/3590/2579 3589/3591/2579 3587/3589/2579
f 3587/3589/2580 3589/3591/2580 3572/3574/2580 3570/3572/2580
f 3585/3587/2569 3587/3589/2569 3570/3572/2569 3568/3570/2569
f 3588/3590/2581 3590/3592/2581 3591/3593/2581 3589/3591/2581
f 3590/3592/2582 3592/3594/2582 3593/3595/2582 3591/3593/2582
f 3591/3593/2583 3593/3595/2583 3576/3578/2583 3574/3576/2583
f 3589/3591/2584 3591/3593/2584 3574/3576/2584 3572/3574/2584
f 3592/3594/2585 3594/3596/2585 3595/3597/2585 3593/3595/2585
f 3594/3596/2586 3580/3582/2586 3583/3585/2586 3595/3597/2586
f 3595/3597/2587 3583/3585/2587 3564/3566/2587 3578/3580/2587
f 3593/3595/2588 3595/3597/2588 3578/3580/2588 3576/3578/2588
f 3596/3598/2589 3597/3599/2589 3598/3600/2589 3599/3601/2589
f 3597/3599/2590 3600/3602/2590 3601/3603/2590 3598/3600/2590
f 3598/3600/2591 3601/3603/2591 3584/3586/2591 3581/3583/2591
f 3599/3601/2592 3598/3600/2592 3581/3583/2592 3580/3582/2592
f 3600/3602/2593 3602/3604/2593 3603/3605/2593 3601/3603/2593
f 3602/3604/2594 3604/3606/2594 3605/3607/2594 3603/3605/2594
f 3603/3605/2595 3605/3607/2595 3588/3590/2595 3586/3588/2595
f 3601/3603/2596 3603/3605/2596 3586/3588/2596 3584/3586/2596
f 3604/3606/2597 3606/3608/2597 3607/3609/2597 3605/3607/2597
f 3606/3608/2598 3608/3610/2598 3609/3611/2598 3607/3609/2598
f 3607/3609/2599 3609/3611/2599 3592/3594/2599 3590/3592/2599
f 3605/3607/2600 3607/3609/2600 3590/3592/2600 3588/3590/2600
f 3608/3610/2601 3610/3612/2601 3611/3613/2601 3609/3611/2601
f 3610/3612/2602 3596/3598/2602 3599/3601/2602 3611/3613/2602
f 3611/3613/2603 3599/3601/2603 3580/3582/2603 3594/3596/2603
f 3609/3611/2604 3611/3613/2604 3594/3596/2604 3592/3594/2604
f 3612/3614/2605 3613/3615/2605 3614/3616/2605 3615/3617/2605
f 3613/3615/2606 3616/3618/2606 3617/3619/2606 3614/3616/2606
f 3614/3616/2606 3617/3619/2606 3600/3602/2606 3597/3599/2606
f 3615/3617/2607 3614/3616/2607 3597/3599/2607 3596/3598/2607
f 3616/3618/2608 3618/3620/2608 3619/3621/2608 3617/3619/2608
f 3618/3620/2609 3620/3622/2609 3621/3623/2609 3619/3621/2609
f 3619/3621/2610 3621/3623/2610 3604/3606/2610 3602/3604/2610
f 3617/3619/2611 3619/3621/2611 3602/3604/2611 3600/3602/2611
f 3620/3622/2612 3622/3624/2612 3623/3625/2612 3621/3623/2612
f 3622/3624/2613 3624/3626/2613 3625/3627/2613 3623/3625/2613
f 3623/3625/2614 3625/3627/2614 3608/3610/2614 3606/3608/2614
f 3621/3623/2615 3623/3625/2615 3606/3608/2615 3604/3606/2615
f 3624/3626/2616 3626/3628/2616 3627/3629/2616 3625/3627/2616
f 3626/3628/2617 3612/3614/2617 3615/3617/2617 3627/3629/2617
f 3627/3629/2618 3615/3617/2618 3596/3598/2618 3610/3612/2618
f 3625/3627/2619 3627/3629/2619 3610/3612/2619 3608/3610/2619
f 3628/3630/2605 3629/3631/2605 3630/3632/2605 3631/3633/2605
f 3629/3631/2620 3632/3634/2620 3633/3635/2620 3630/3632/2620
f 3630/3632/2621 3633/3635/2621 3616/3618/2621 3613/3615/2621
f 3631/3633/2605 3630/3632/2605 3613/3615/2605 3612/3614/2605
f 3632/3634/2622 3634/3636/2622 3635/3637/2622 3633/3635/2622
f 3634/3636/2623 3636/3638/2623 3637/3639/2623 3635/3637/2623
f 3635/3637/2624 3637/3639/2624 3620/3622/2624 3618/3620/2624
f 3633/3635/2625 3635/3637/2625 3618/3620/2625 3616/3618/2625
f 3636/3638/2626 3638/3640/2626 3639/3641/2626 3637/3639/2626
f 3638/3640/2627 3640/3642/2627 3641/3643/2627 3639/3641/2627
f 3639/3641/2628 3641/3643/2628 3624/3626/2628 3622/3624/2628
f 3637/3639/2629 3639/3641/2629 3622/3624/2629 3620/3622/2629
f 3640/3642/2630 3642/3644/2630 3643/3645/2630 3641/3643/2630
f 3642/3644/2631 3628/3630/2631 3631/3633/2631 3643/3645/2631
f 3643/3645/2632 3631/3633/2632 3612/3614/2632 3626/3628/2632
f 3641/3643/2633 3643/3645/2633 3626/3628/2633 3624/3626/2633
f 3644/3646/2634 3645/3647/2634 3646/3648/2634 3647/3649/2634
f 3645/3647/2606 3648/3650/2606 3649/3651/2606 3646/3648/2606
f 3646/3648/2635 3649/3651/2635 3632/3634/2635 3629/3631/2635
f 3647/3649/2634 3646/3648/2634 3629/3631/2634 3628/3630/2634
f 3648/3650/2636 3650/3652/2636 3651/3653/2636 3649/3651/2636
f 3650/3652/2637 3652/3654/2637 3653/3655/2637 3651/3653/2637
f 3651/3653/2638 3653/3655/2638 3636/3638/2638 3634/3636/2638
f 3649/3651/2622 3651/3653/2622 3634/3636/2622 3632/3634/2622
f 3652/3654/2629 3654/3656/2629 3655/3657/2629 3653/3655/2629
f 3654/3656/2628 3656/3658/2628 3657/3659/2628 3655/3657/2628
f 3655/3657/2627 3657/3659/2627 3640/3642/2627 3638/3640/2627
f 3653/3655/2639 3655/3657/2639 3638/3640/2639 3636/3638/2639
f 3656/3658/2640 3658/3660/2640 3659/3661/2640 3657/3659/2640
f 3658/3660/2641 3644/3646/2641 3647/3649/2641 3659/3661/2641
f 3659/3661/2642 3647/3649/2642 3628/3630/2642 3642/3644/2642
f 3657/3659/2633 3659/3661/2633 3642/3644/2633 3640/3642/2633
f 3660/3662/2607 3661/3663/2607 3662/3664/2607 3663/3665/2607
f 3661/3663/2621 3664/3666/2621 3665/3667/2621 3662/3664/2621
f 3662/3664/2620 3665/3667/2620 3648/3650/2620 3645/3647/2620
f 3663/3665/2605 3662/3664/2605 3645/3647/2605 3644/3646/2605
f 3664/3666/2611 3666/3668/2611 3667/3669/2611 3665/3667/2611
f 3666/3668/2643 3668/3670/2643 3669/3671/2643 3667/3669/2643
f 3667/3669/2623 3669/3671/2623 3652/3654/2623 3650/3652/2623
f 3665/3667/2636 3667/3669/2636 3650/3652/2636 3648/3650/2636
f 3668/3670/2629 3670/3672/2629 3671/3673/2629 3669/3671/2629
f 3670/3672/2628 3672/3674/2628 3673/3675/2628 3671/3673/2628
f 3671/3673/2627 3673/3675/2627 3656/3658/2627 3654/3656/2627
f 3669/3671/2644 3671/3673/2644 3654/3656/2644 3652/3654/2644
f 3672/3674/2645 3674/3676/2645 3675/3677/2645 3673/3675/2645
f 3674/3676/2646 3660/3662/2646 3663/3665/2646 3675/3677/2646
f 3675/3677/2618 3663/3665/2618 3644/3646/2618 3658/3660/2618
f 3673/3675/2647 3675/3677/2647 3658/3660/2647 3656/3658/2647
f 3676/3678/2648 3677/3679/2648 3678/3680/2648 3679/3681/2648
f 3677/3679/2606 3680/3682/2606 3681/3683/2606 3678/3680/2606
f 3678/3680/2620 3681/3683/2620 3664/3666/2620 3661/3663/2620
f 3679/3681/2634 3678/3680/2634 3661/3663/2634 3660/3662/2634
f 3680/3682/2649 3682/3684/2649 3683/3685/2649 3681/3683/2649
f 3682/3684/2623 3684/3686/2623 3685/3687/2623 3683/3685/2623
f 3683/3685/2650 3685/3687/2650 3668/3670/2650 3666/3668/2650
f 3681/3683/2651 3683/3685/2651 3666/3668/2651 3664/3666/2651
f 3684/3686/2652 3686/3688/2652 3687/3689/2652 3685/3687/2652
f 3686/3688/2628 3688/3690/2628 3689/3691/2628 3687/3689/2628
f 3687/3689/2653 3689/3691/2653 3672/3674/2653 3670/3672/2653
f 3685/3687/2644 3687/3689/2644 3670/3672/2644 3668/3670/2644
f 3688/3690/2654 3690/3692/2654 3691/3693/2654 3689/3691/2654
f 3690/3692/2632 3676/3678/2632 3679/3681/2632 3691/3693/2632
f 3691/3693/2655 3679/3681/2655 3660/3662/2655 3674/3676/2655
f 3689/3691/2656 3691/3693/2656 3674/3676/2656 3672/3674/2656
f 3692/3694/2657 3693/3695/2657 3694/3696/2657 3695/3697/2657
f 3693/3695/2621 3696/3698/2621 3697/3699/2621 3694/3696/2621
f 3694/3696/2620 3697/3699/2620 3680/3682/2620 3677/3679/2620
f 3695/3697/2634 3694/3696/2634 3677/3679/2634 3676/3678/2634
f 3696/3698/2658 3698/3700/2658 3699/3701/2658 3697/3699/2658
f 3698/3700/2659 3700/3702/2659 3701/3703/2659 3699/3701/2659
f 3699/3701/2624 3701/3703/2624 3684/3686/2624 3682/3684/2624
f 3697/3699/2611 3699/3701/2611 3682/3684/2611 3680/3682/2611
f 3700/3702/2644 3702/3704/2644 3703/3705/2644 3701/3703/2644
f 3702/3704/2627 3704/3706/2627 3705/3707/2627 3703/3705/2627
f 3703/3705/2660 3705/3707/2660 3688/3690/2660 3686/3688/2660
f 3701/3703/2661 3703/3705/2661 3686/3688/2661 3684/3686/2661
f 3704/3706/2645 3706/3708/2645 3707/3709/2645 3705/3707/2645
f 3706/3708/2646 3692/3694/2646 3695/3697/2646 3707/3709/2646
f 3707/3709/2662 3695/3697/2662 3676/3678/2662 3690/3692/2662
f 3705/3707/2616 3707/3709/2616 3690/3692/2616 3688/3690/2616
f 3708/3710/2605 3709/3711/2605 3710/3712/2605 3711/3713/2605
f 3709/3711/2663 3712/3714/2663 3713/3715/2663 3710/3712/2663
f 3710/3712/2620 3713/3715/2620 3696/3698/2620 3693/3695/2620
f 3711/3713/2605 3710/3712/2605 3693/3695/2605 3692/3694/2605
f 3712/3714/2664 3714/3716/2664 3715/3717/2664 3713/3715/2664
f 3714/3716/2609 3716/3718/2609 3717/3719/2609 3715/3717/2609
f 3715/3717/2665 3717/3719/2665 3700/3702/2665 3698/3700/2665
f 3713/3715/2622 3715/3717/2622 3698/3700/2622 3696/3698/2622
f 3716/3718/2626 3718/3720/2626 3719/3721/2626 3717/3719/2626
f 3718/3720/2666 3720/3722/2666 3721/3723/2666 3719/3721/2666
f 3719/3721/2628 3721/3723/2628 3704/3706/2628 3702/3704/2628
f 3717/3719/2667 3719/3721/2667 3702/3704/2667 3700/3702/2667
f 3720/3722/2668 3722/3724/2668 3723/3725/2668 3721/3723/2668
f 3722/3724/2669 3708/3710/2669 3711/3713/2669 3723/3725/2669
f 3723/3725/2662 3711/3713/2662 3692/3694/2662 3706/3708/2662
f 3721/3723/2670 3723/3725/2670 3706/3708/2670 3704/3706/2670
f 3724/3726/2634 3725/3727/2634 3726/3728/2634 3727/3729/2634
f 3725/3727/2606 3728/3730/2606 3729/3731/2606 3726/3728/2606
f 3726/3728/2663 3729/3731/2663 3712/3714/2663 3709/3711/2663
f 3727/3729/2605 3726/3728/2605 3709/3711/2605 3708/3710/2605
f 3728/3730/2671 3730/3732/2671 3731/3733/2671 3729/3731/2671
f 3730/3732/2650 3732/3734/2650 3733/3735/2650 3731/3733/2650
f 3731/3733/2672 3733/3735/2672 3716/3718/2672 3714/3716/2672
f 3729/3731/2671 3731/3733/2671 3714/3716/2671 3712/3714/2671
f 3732/3734/2652 3734/3736/2652 3735/3737/2652 3733/3735/2652
f 3734/3736/2673 3736/3738/2673 3737/3739/2673 3735/3737/2673
f 3735/3737/2628 3737/3739/2628 3720/3722/2628 3718/3720/2628
f 3733/3735/2639 3735/3737/2639 3718/3720/2639 3716/3718/2639
f 3736/3738/2640 3738/3740/2640 3739/3741/2640 3737/3739/2640
f 3738/3740/2674 3724/3726/2674 3727/3729/2674 3739/3741/2674
f 3739/3741/2655 3727/3729/2655 3708/3710/2655 3722/3724/2655
f 3737/3739/2675 3739/3741/2675 3722/3724/2675 3720/3722/2675
f 3740/3742/2605 3741/3743/2605 3742/3744/2605 3743/3745/2605
f 3741/3743/2676 3744/3746/2676 3745/3747/2676 3742/3744/2676
f 3742/3744/2677 3745/3747/2677 3728/3730/2677 3725/3727/2677
f 3743/3745/2678 3742/3744/2678 3725/3727/2678 3724/3726/2678
f 3744/3746/2679 3746/3748/2679 3747/3749/2679 3745/3747/2679
f 3746/3748/2680 3748/3750/2680 3749/3751/2680 3747/3749/2680
f 3747/3749/2681 3749/3751/2681 3732/3734/2681 3730/3732/2681
f 3745/3747/2611 3747/3749/2611 3730/3732/2611 3728/3730/2611
f 3748/3750/2682 3750/3752/2682 3751/3753/2682 3749/3751/2682
f 3750/3752/2627 3752/3754/2627 3753/3755/2627 3751/3753/2627
f 3751/3753/2628 3753/3755/2628 3736/3738/2628 3734/3736/2628
f 3749/3751/2652 3751/3753/2652 3734/3736/2652 3732/3734/2652
f 3752/3754/2683 3754/3756/2683 3755/3757/2683 3753/3755/2683
f 3754/3756/2632 3740/3742/2632 3743/3745/2632 3755/3757/2632
f 3755/3757/2684 3743/3745/2684 3724/3726/2684 3738/3740/2684
f 3753/3755/2685 3755/3757/2685 3738/3740/2685 3736/3738/2685
f 3756/3758/2686 3757/3759/2686 3758/3760/2686 3759/3761/2686
f 3757/3759/2606 3760/3762/2606 3761/3763/2606 3758/3760/2606
f 3758/3760/2687 3761/3763/2687 3744/3746/2687 3741/3743/2687
f 3759/3761/2688 3758/3760/2688 3741/3743/2688 3740/3742/2688
f 3760/3762/2689 3762/3764/2689 3763/3765/2689 3761/3763/2689
f 3762/3764/2624 3764/3766/2624 3765/3767/2624 3763/3765/2624
f 3763/3765/2638 3765/3767/2638 3748/3750/2638 3746/3748/2638
f 3761/3763/2690 3763/3765/2690 3746/3748/2690 3744/3746/2690
f 3764/3766/2612 3766/3768/2612 3767/3769/2612 3765/3767/2612
f 3766/3768/2691 3768/3770/2691 3769/3771/2691 3767/3769/2691
f 3767/3769/2691 3769/3771/2691 3752/3754/2691 3750/3752/2691
f 3765/3767/2692 3767/3769/2692 3750/3752/2692 3748/3750/2692
f 3768/3770/2675 3770/3772/2675 3771/3773/2675 3769/3771/2675
f 3770/3772/2693 3756/3758/2693 3759/3761/2693 3771/3773/2693
f 3771/3773/2694 3759/3761/2694 3740/3742/2694 3754/3756/2694
f 3769/3771/2695 3771/3773/2695 3754/3756/2695 3752/3754/2695
f 914/916/2696 913/915/2696 3772/3774/2696 3773/3775/2696
f 913/915/2697 912/914/2697 3774/3776/2697 3772/3774/2697
f 3772/3774/2698 3774/3776/2698 3760/3762/2698 3757/3759/2698
f 3773/3775/2699 3772/3774/2699 3757/3759/2699 3756/3758/2699
f 912/914/2700 911/913/2700 3775/3777/2700 3774/3776/2700
f 911/913/2701 910/912/2701 3776/3778/2701 3775/3777/2701
f 3775/3777/2702 3776/3778/2702 3764/3766/2702 3762/3764/2702
f 3774/3776/2703 3775/3777/2703 3762/3764/2703 3760/3762/2703
f 910/912/2704 907/909/2704 3777/3779/2704 3776/3778/2704
f 907/909/2705 906/908/2705 3778/3780/2705 3777/3779/2705
f 3777/3779/2706 3778/3780/2706 3768/3770/2706 3766/3768/2706
f 3776/3778/2707 3777/3779/2707 3766/3768/2707 3764/3766/2707
f 906/908/2708 909/911/2708 3779/3781/2708 3778/3780/2708
f 909/911/2709 914/916/2709 3773/3775/2709 3779/3781/2709
f 3779/3781/2710 3773/3775/2710 3756/3758/2710 3770/3772/2710
f 3778/3780/2711 3779/3781/2711 3770/3772/2711 3768/3770/2711
f 3780/3782/2712 3781/3783/2712 3782/3784/2712 3783/3785/2712
f 3781/3783/2713 3784/3786/2713 3785/3787/2713 3782/3784/2713
f 3782/3784/2714 3785/3787/2714 1760/1762/2714 1757/1759/2714
f 3783/3785/2715 3782/3784/2715 1757/1759/2715 1756/1758/2715
f 3784/3786/2716 3786/3788/2716 3787/3789/2716 3785/3787/2716
f 3786/3788/2717 3788/3790/2717 3789/3791/2717 3787/3789/2717
f 3787/3789/2718 3789/3791/2718 1764/1766/2718 1762/1764/2718
f 3785/3787/2719 3787/3789/2719 1762/1764/2719 1760/1762/2719
f 3788/3790/2720 3790/3792/2720 3791/3793/2720 3789/3791/2720
f 3790/3792/2721 3792/3794/2721 3793/3795/2721 3791/3793/2721
f 3791/3793/2722 3793/3795/2722 1768/1770/2722 1766/1768/2722
f 3789/3791/2723 3791/3793/2723 1766/1768/2723 1764/1766/2723
f 3792/3794/2724 3794/3796/2724 3795/3797/2724 3793/3795/2724
f 3794/3796/2725 3780/3782/2725 3783/3785/2725 3795/3797/2725
f 3795/3797/2726 3783/3785/2726 1756/1758/2726 1770/1772/2726
f 3793/3795/2727 3795/3797/2727 1770/1772/2727 1768/1770/2727
f 3796/3798/2728 3797/3799/2728 3798/3800/2728 3799/3801/2728
f 3797/3799/2729 3800/3802/2729 3801/3803/2729 3798/3800/2729
f 3798/3800/2730 3801/3803/2730 3784/3786/2730 3781/3783/2730
f 3799/3801/2731 3798/3800/2731 3781/3783/2731 3780/3782/2731
f 3800/3802/2732 3802/3804/2732 3803/3805/2732 3801/3803/2732
f 3802/3804/2733 3804/3806/2733 3805/3807/2733 3803/3805/2733
f 3803/3805/2734 3805/3807/2734 3788/3790/2734 3786/3788/2734
f 3801/3803/2735 3803/3805/2735 3786/3788/2735 3784/3786/2735
f 3804/3806/2736 3806/3808/2736 3807/3809/2736 3805/3807/2736
f 3806/3808/2737 3808/3810/2737 3809/3811/2737 3807/3809/2737
f 3807/3809/2738 3809/3811/2738 3792/3794/2738 3790/3792/2738
f 3805/3807/2739 3807/3809/2739 3790/3792/2739 3788/3790/2739
f 3808/3810/2740 3810/3812/2740 3811/3813/2740 3809/3811/2740
f 3810/3812/2741 3796/3798/2741 3799/3801/2741 3811/3813/2741
f 3811/3813/2742 3799/3801/2742 3780/3782/2742 3794/3796/2742
f 3809/3811/2743 3811/3813/2743 3794/3796/2743 3792/3794/2743
f 3812/3814/2744 3813/3815/2744 3814/3816/2744 3815/3817/2744
f 3813/3815/2745 3816/3818/2745 3817/3819/2745 3814/3816/2745
f 3814/3816/2746 3817/3819/2746 3800/3802/2746 3797/3799/2746
f 3815/3817/2747 3814/3816/2747 3797/3799/2747 3796/3798/2747
f 3816/3818/2735 3818/3820/2735 3819/3821/2735 3817/3819/2735
f 3818/3820/2748 3820/3822/2748 3821/3823/2748 3819/3821/2748
f 3819/3821/2749 3821/3823/2749 3804/3806/2749 3802/3804/2749
f 3817/3819/2750 3819/3821/2750 3802/3804/2750 3800/3802/2750
f 3820/3822/2751 3822/3824/2751 3823/3825/2751 3821/3823/2751
f 3822/3824/2752 3824/3826/2752 3825/3827/2752 3823/3825/2752
f 3823/3825/2752 3825/3827/2752 3808/3810/2752 3806/3808/2752
f 3821/3823/2753 3823/3825/2753 3806/3808/2753 3804/3806/2753
f 3824/3826/2754 3826/3828/2754 3827/3829/2754 3825/3827/2754
f 3826/3828/2742 3812/3814/2742 3815/3817/2742 3827/3829/2742
f 3827/3829/2755 3815/3817/2755 3796/3798/2755 3810/3812/2755
f 3825/3827/2756 3827/3829/2756 3810/3812/2756 3808/3810/2756
f 3828/3830/2728 3829/3831/2728 3830/3832/2728 3831/3833/2728
f 3829/3831/2745 3832/3834/2745 3833/3835/2745 3830/3832/2745
f 3830/3832/2757 3833/3835/2757 3816/3818/2757 3813/3815/2757
f 3831/3833/2758 3830/3832/2758 3813/3815/2758 3812/3814/2758
f 3832/3834/2759 3834/3836/2759 3835/3837/2759 3833/3835/2759
f 3834/3836/2733 3836/3838/2733 3837/3839/2733 3835/3837/2733
f 3835/3837/2733 3837/3839/2733 3820/3822/2733 3818/3820/2733
f 3833/3835/2735 3835/3837/2735 3818/3820/2735 3816/3818/2735
f 3836/3838/2760 3838/3840/2760 3839/3841/2760 3837/3839/2760
f 3838/3840/2761 3840/3842/2761 3841/3843/2761 3839/3841/2761
f 3839/3841/2762 3841/3843/2762 3824/3826/2762 3822/3824/2762
f 3837/3839/2763 3839/3841/2763 3822/3824/2763 3820/3822/2763
f 3840/3842/2764 3842/3844/2764 3843/3845/2764 3841/3843/2764
f 3842/3844/2765 3828/3830/2765 3831/3833/2765 3843/3845/2765
f 3843/3845/2766 3831/3833/2766 3812/3814/2766 3826/3828/2766
f 3841/3843/2767 3843/3845/2767 3826/3828/2767 3824/3826/2767
f 3844/3846/2768 3845/3847/2768 3846/3848/2768 3847/3849/2768
f 3845/3847/2757 3848/3850/2757 3849/3851/2757 3846/3848/2757
f 3846/3848/2769 3849/3851/2769 3832/3834/2769 3829/3831/2769
f 3847/3849/2768 3846/3848/2768 3829/3831/2768 3828/3830/2768
f 3848/3850/2770 3850/3852/2770 3851/3853/2770 3849/3851/2770
f 3850/3852/2771 3852/3854/2771 3853/3855/2771 3851/3853/2771
f 3851/3853/2772 3853/3855/2772 3836/3838/2772 3834/3836/2772
f 3849/3851/2773 3851/3853/2773 3834/3836/2773 3832/3834/2773
f 3852/3854/2774 3854/3856/2774 3855/3857/2774 3853/3855/2774
f 3854/3856/2737 3856/3858/2737 3857/3859/2737 3855/3857/2737
f 3855/3857/2775 3857/3859/2775 3840/3842/2775 3838/3840/2775
f 3853/3855/2776 3855/3857/2776 3838/3840/2776 3836/3838/2776
f 3856/3858/2764 3858/3860/2764 3859/3861/2764 3857/3859/2764
f 3858/3860/2777 3844/3846/2777 3847/3849/2777 3859/3861/2777
f 3859/3861/2778 3847/3849/2778 3828/3830/2778 3842/3844/2778
f 3857/3859/2743 3859/3861/2743 3842/3844/2743 3840/3842/2743
f 3860/3862/2779 3861/3863/2779 3862/3864/2779 3863/3865/2779
f 3861/3863/2730 3864/3866/2730 3865/3867/2730 3862/3864/2730
f 3862/3864/2757 3865/3867/2757 3848/3850/2757 3845/3847/2757
f 3863/3865/2728 3862/3864/2728 3845/3847/2728 3844/3846/2728
f 3864/3866/2780 3866/3868/2780 3867/3869/2780 3865/3867/2780
f 3866/3868/2781 3868/3870/2781 3869/3871/2781 3867/3869/2781
f 3867/3869/2782 3869/3871/2782 3852/3854/2782 3850/3852/2782
f 3865/3867/2783 3867/3869/2783 3850/3852/2783 3848/3850/2783
f 3868/3870/2784 3870/3872/2784 3871/3873/2784 3869/3871/2784
f 3870/3872/2785 3872/3874/2785 3873/3875/2785 3871/3873/2785
f 3871/3873/2786 3873/3875/2786 3856/3858/2786 3854/3856/2786
f 3869/3871/2787 3871/3873/2787 3854/3856/2787 3852/3854/2787
f 3872/3874/2767 3874/3876/2767 3875/3877/2767 3873/3875/2767
f 3874/3876/2777 3860/3862/2777 3863/3865/2777 3875/3877/2777
f 3875/3877/2742 3863/3865/2742 3844/3846/2742 3858/3860/2742
f 3873/3875/2756 3875/3877/2756 3858/3860/2756 3856/3858/2756
f 3876/3878/2788 3877/3879/2788 3878/3880/2788 3879/3881/2788
f 3877/3879/2789 3880/3882/2789 3881/3883/2789 3878/3880/2789
f 3878/3880/2790 3881/3883/2790 3864/3866/2790 3861/3863/2790
f 3879/3881/2791 3878/3880/2791 3861/3863/2791 3860/3862/2791
f 3880/3882/2773 3882/3884/2773 3883/3885/2773 3881/3883/2773
f 3882/3884/2792 3884/3886/2792 3885/3887/2792 3883/3885/2792
f 3883/3885/2748 3885/3887/2748 3868/3870/2748 3866/3868/2748
f 3881/3883/2732 3883/3885/2732 3866/3868/2732 3864/3866/2732
f 3884/3886/2776 3886/3888/2776 3887/3889/2776 3885/3887/2776
f 3886/3888/2793 3888/3890/2793 3889/3891/2793 3887/3889/2793
f 3887/3889/2794 3889/3891/2794 3872/3874/2794 3870/3872/2794
f 3885/3887/2795 3887/3889/2795 3870/3872/2795 3868/3870/2795
f 3888/3890/2756 3890/3892/2756 3891/3893/2756 3889/3891/2756
f 3890/3892/2755 3876/3878/2755 3879/3881/2755 3891/3893/2755
f 3891/3893/2766 3879/3881/2766 3860/3862/2766 3874/3876/2766
f 3889/3891/2754 3891/3893/2754 3874/3876/2754 3872/3874/2754
f 3892/3894/2796 3893/3895/2796 3894/3896/2796 3895/3897/2796
f 3893/3895/2730 3896/3898/2730 3897/3899/2730 3894/3896/2730
f 3894/3896/2797 3897/3899/2797 3880/3882/2797 3877/3879/2797
f 3895/3897/2796 3894/3896/2796 3877/3879/2796 3876/3878/2796
f 3896/3898/2735 3898/3900/2735 3899/3901/2735 3897/3899/2735
f 3898/3900/2748 3900/3902/2748 3901/3903/2748 3899/3901/2748
f 3899/3901/2749 3901/3903/2749 3884/3886/2749 3882/3884/2749
f 3897/3899/2750 3899/3901/2750 3882/3884/2750 3880/3882/2750
f 3900/3902/2798 3902/3904/2798 3903/3905/2798 3901/3903/2798
f 3902/3904/2799 3904/3906/2799 3905/3907/2799 3903/3905/2799
f 3903/3905/2786 3905/3907/2786 3888/3890/2786 3886/3888/2786
f 3901/3903/2784 3903/3905/2784 3886/3888/2784 3884/3886/2784
f 3904/3906/2756 3906/3908/2756 3907/3909/2756 3905/3907/2756
f 3906/3908/2766 3892/3894/2766 3895/3897/2766 3907/3909/2766
f 3907/3909/2742 3895/3897/2742 3876/3878/2742 3890/3892/2742
f 3905/3907/2767 3907/3909/2767 3890/3892/2767 3888/3890/2767
f 3908/3910/2744 3909/3911/2744 3910/3912/2744 3911/3913/2744
f 3909/3911/2757 3912/3914/2757 3913/3915/2757 3910/3912/2757
f 3910/3912/2800 3913/3915/2800 3896/3898/2800 3893/3895/2800
f 3911/3913/2728 3910/3912/2728 3893/3895/2728 3892/3894/2728
f 3912/3914/2735 3914/3916/2735 3915/3917/2735 3913/3915/2735
f 3914/3916/2748 3916/3918/2748 3917/3919/2748 3915/3917/2748
f 3915/3917/2772 3917/3919/2772 3900/3902/2772 3898/3900/2772
f 3913/3915/2801 3915/3917/2801 3898/3900/2801 3896/3898/2801
f 3916/3918/2753 3918/3920/2753 3919/3921/2753 3917/3919/2753
f 3918/3920/2802 3920/3922/2802 3921/3923/2802 3919/3921/2802
f 3919/3921/2803 3921/3923/2803 3904/3906/2803 3902/3904/2803
f 3917/3919/2795 3919/3921/2795 3902/3904/2795 3900/3902/2795
f 3920/3922/2804 3922/3924/2804 3923/3925/2804 3921/3923/2804
f 3922/3924/2742 3908/3910/2742 3911/3913/2742 3923/3925/2742
f 3923/3925/2805 3911/3913/2805 3892/3894/2805 3906/3908/2805
f 3921/3923/2754 3923/3925/2754 3906/3908/2754 3904/3906/2754
f 3924/3926/2806 3925/3927/2806 3926/3928/2806 3927/3929/2806
f 3925/3927/2746 3928/3930/2746 3929/3931/2746 3926/3928/2746
f 3926/3928/2769 3929/3931/2769 3912/3914/2769 3909/3911/2769
f 3927/3929/2728 3926/3928/2728 3909/3911/2728 3908/3910/2728
f 3928/3930/2801 3930/3932/2801 3931/3933/2801 3929/3931/2801
f 3930/3932/2748 3932/3934/2748 3933/3935/2748 3931/3933/2748
f 3931/3933/2807 3933/3935/2807 3916/3918/2807 3914/3916/2807
f 3929/3931/2735 3931/3933/2735 3914/3916/2735 3912/3914/2735
f 3932/3934/2808 3934/3936/2808 3935/3937/2808 3933/3935/2808
f 3934/3936/2775 3936/3938/2775 3937/3939/2775 3935/3937/2775
f 3935/3937/2761 3937/3939/2761 3920/3922/2761 3918/3920/2761
f 3933/3935/2751 3935/3937/2751 3918/3920/2751 3916/3918/2751
f 3936/3938/2756 3938/3940/2756 3939/3941/2756 3937/3939/2756
f 3938/3940/2742 3924/3926/2742 3927/3929/2742 3939/3941/2742
f 3939/3941/2755 3927/3929/2755 3908/3910/2755 3922/3924/2755
f 3937/3939/2756 3939/3941/2756 3922/3924/2756 3920/3922/2756
f 3940/3942/2728 3941/3943/2728 3942/3944/2728 3943/3945/2728
f 3941/3943/2745 3944/3946/2745 3945/3947/2745 3942/3944/2745
f 3942/3944/2809 3945/3947/2809 3928/3930/2809 3925/3927/2809
f 3943/3945/2758 3942/3944/2758 3925/3927/2758 3924/3926/2758
f 3944/3946/2810 3946/3948/2810 3947/3949/2810 3945/3947/2810
f 3946/3948/2811 3948/3950/2811 3949/3951/2811 3947/3949/2811
f 3947/3949/2772 3949/3951/2772 3932/3934/2772 3930/3932/2772
f 3945/3947/2735 3947/3949/2735 3930/3932/2735 3928/3930/2735
f 3948/3950/2812 3950/3952/2812 3951/3953/2812 3949/3951/2812
f 3950/3952/2802 3952/3954/2802 3953/3955/2802 3951/3953/2802
f 3951/3953/2813 3953/3955/2813 3936/3938/2813 3934/3936/2813
f 3949/3951/2751 3951/3953/2751 3934/3936/2751 3932/3934/2751
f 3952/3954/2743 3954/3956/2743 3955/3957/2743 3953/3955/2743
f 3954/3956/2814 3940/3942/2814 3943/3945/2814 3955/3957/2814
f 3955/3957/2815 3943/3945/2815 3924/3926/2815 3938/3940/2815
f 3953/3955/2740 3955/3957/2740 3938/3940/2740 3936/3938/2740
f 3956/3958/2744 3957/3959/2744 3958/3960/2744 3959/3961/2744
f 3957/3959/2800 3960/3962/2800 3961/3963/2800 3958/3960/2800
f 3958/3960/2769 3961/3963/2769 3944/3946/2769 3941/3943/2769
f 3959/3961/2758 3958/3960/2758 3941/3943/2758 3940/3942/2758
f 3960/3962/2780 3962/3964/2780 3963/3965/2780 3961/3963/2780
f 3962/3964/2782 3964/3966/2782 3965/3967/2782 3963/3965/2782
f 3963/3965/2733 3965/3967/2733 3948/3950/2733 3946/3948/2733
f 3961/3963/2783 3963/3965/2783 3946/3948/2783 3944/3946/2783
f 3964/3966/2816 3966/3968/2816 3967/3969/2816 3965/3967/2816
f 3966/3968/2794 3968/3970/2794 3969/3971/2794 3967/3969/2794
f 3967/3969/2793 3969/3971/2793 3952/3954/2793 3950/3952/2793
f 3965/3967/2817 3967/3969/2817 3950/3952/2817 3948/3950/2817
f 3968/3970/2754 3970/3972/2754 3971/3973/2754 3969/3971/2754
f 3970/3972/2818 3956/3958/2818 3959/3961/2818 3971/3973/2818
f 3971/3973/2777 3959/3961/2777 3940/3942/2777 3954/3956/2777
f 3969/3971/2819 3971/3973/2819 3954/3956/2819 3952/3954/2819
f 3972/3974/2758 3973/3975/2758 3974/3976/2758 3975/3977/2758
f 3973/3975/2820 3976/3978/2820 3977/3979/2820 3974/3976/2820
f 3974/3976/2821 3977/3979/2821 3960/3962/2821 3957/3959/2821
f 3975/3977/2758 3974/3976/2758 3957/3959/2758 3956/3958/2758
f 3976/3978/2780 3978/3980/2780 3979/3981/2780 3977/3979/2780
f 3978/3980/2781 3980/3982/2781 3981/3983/2781 3979/3981/2781
f 3979/3981/2822 3981/3983/2822 3964/3966/2822 3962/3964/2822
f 3977/3979/2732 3979/3981/2732 3962/3964/2732 3960/3962/2732
f 3980/3982/2823 3982/3984/2823 3983/3985/2823 3981/3983/2823
f 3982/3984/2786 3984/3986/2786 3985/3987/2786 3983/3985/2786
f 3983/3985/2824 3985/3987/2824 3968/3970/2824 3966/3968/2824
f 3981/3983/2784 3983/3985/2784 3966/3968/2784 3964/3966/2784
f 3984/3986/2756 3986/3988/2756 3987/3989/2756 3985/3987/2756
f 3986/3988/2777 3972/3974/2777 3975/3977/2777 3987/3989/2777
f 3987/3989/2777 3975/3977/2777 3956/3958/2777 3970/3972/2777
f 3985/3987/2767 3987/3989/2767 3970/3972/2767 3968/3970/2767
f 3988/3990/2825 3989/3991/2825 3990/3992/2825 3991/3993/2825
f 3989/3991/2826 3992/3994/2826 3993/3995/2826 3990/3992/2826
f 3990/3992/2827 3993/3995/2827 3976/3978/2827 3973/3975/2827
f 3991/3993/2728 3990/3992/2728 3973/3975/2728 3972/3974/2728
f 3992/3994/2801 3994/3996/2801 3995/3997/2801 3993/3995/2801
f 3994/3996/2828 3996/3998/2828 3997/3999/2828 3995/3997/2828
f 3995/3997/2749 3997/3999/2749 3980/3982/2749 3978/3980/2749
f 3993/3995/2829 3995/3997/2829 3978/3980/2829 3976/3978/2829
f 3996/3998/2830 3998/4000/2830 3999/4001/2830 3997/3999/2830
f 3998/4000/2785 4000/4002/2785 4001/4003/2785 3999/4001/2785
f 3999/4001/2785 4001/4003/2785 3984/3986/2785 3982/3984/2785
f 3997/3999/2776 3999/4001/2776 3982/3984/2776 3980/3982/2776
f 4000/4002/2756 4002/4004/2756 4003/4005/2756 4001/4003/2756
f 4002/4004/2742 3988/3990/2742 3991/3993/2742 4003/4005/2742
f 4003/4005/2742 3991/3993/2742 3972/3974/2742 3986/3988/2742
f 4001/4003/2767 4003/4005/2767 3986/3988/2767 3984/3986/2767
f 4004/4006/2831 4005/4007/2831 4006/4008/2831 4007/4009/2831
f 4005/4007/2826 4008/4010/2826 4009/4011/2826 4006/4008/2826
f 4006/4008/2827 4009/4011/2827 3992/3994/2827 3989/3991/2827
f 4007/4009/2832 4006/4008/2832 3989/3991/2832 3988/3990/2832
f 4008/4010/2750 4010/4012/2750 4011/4013/2750 4009/4011/2750
f 4010/4012/2733 4012/4014/2733 4013/4015/2733 4011/4013/2733
f 4011/4013/2772 4013/4015/2772 3996/3998/2772 3994/3996/2772
f 4009/4011/2735 4011/4013/2735 3994/3996/2735 3992/3994/2735
f 4012/4014/2833 4014/4016/2833 4015/4017/2833 4013/4015/2833
f 4014/4016/2803 4016/4018/2803 4017/4019/2803 4015/4017/2803
f 4015/4017/2786 4017/4019/2786 4000/4002/2786 3998/4000/2786
f 4013/4015/2817 4015/4017/2817 3998/4000/2817 3996/3998/2817
f 4016/4018/2767 4018/4020/2767 4019/4021/2767 4017/4019/2767
f 4018/4020/2742 4004/4006/2742 4007/4009/2742 4019/4021/2742
f 4019/4021/2755 4007/4009/2755 3988/3990/2755 4002/4004/2755
f 4017/4019/2754 4019/4021/2754 4002/4004/2754 4000/4002/2754
f 4020/4022/2768 4021/4023/2768 4022/4024/2768 4023/4025/2768
f 4021/4023/2745 4024/4026/2745 4025/4027/2745 4022/4024/2745
f 4022/4024/2800 4025/4027/2800 4008/4010/2800 4005/4007/2800
f 4023/4025/2758 4022/4024/2758 4005/4007/2758 4004/4006/2758
f 4024/4026/2750 4026/4028/2750 4027/4029/2750 4025/4027/2750
f 4026/4028/2772 4028/4030/2772 4029/4031/2772 4027/4029/2772
f 4027/4029/2748 4029/4031/2748 4012/4014/2748 4010/4012/2748
f 4025/4027/2735 4027/4029/2735 4010/4012/2735 4008/4010/2735
f 4028/4030/2751 4030/4032/2751 4031/4033/2751 4029/4031/2751
f 4030/4032/2834 4032/4034/2834 4033/4035/2834 4031/4033/2834
f 4031/4033/2835 4033/4035/2835 4016/4018/2835 4014/4016/2835
f 4029/4031/2760 4031/4033/2760 4014/4016/2760 4012/4014/2760
f 4032/4034/2767 4034/4036/2767 4035/4037/2767 4033/4035/2767
f 4034/4036/2755 4020/4022/2755 4023/4025/2755 4035/4037/2755
f 4035/4037/2766 4023/4025/2766 4004/4006/2766 4018/4020/2766
f 4033/4035/2754 4035/4037/2754 4018/4020/2754 4016/4018/2754
f 4036/4038/2806 4037/4039/2806 4038/4040/2806 4039/4041/2806
f 4037/4039/2757 4040/4042/2757 4041/4043/2757 4038/4040/2757
f 4038/4040/2746 4041/4043/2746 4024/4026/2746 4021/4023/2746
f 4039/4041/2728 4038/4040/2728 4021/4023/2728 4020/4022/2728
f 4040/4042/2810 4042/4044/2810 4043/4045/2810 4041/4043/2810
f 4042/4044/2836 4044/4046/2836 4045/4047/2836 4043/4045/2836
f 4043/4045/2748 4045/4047/2748 4028/4030/2748 4026/4028/2748
f 4041/4043/2759 4043/4045/2759 4026/4028/2759 4024/4026/2759
f 4044/4046/2830 4046/4048/2830 4047/4049/2830 4045/4047/2830
f 4046/4048/2837 4048/4050/2837 4049/4051/2837 4047/4049/2837
f 4047/4049/2838 4049/4051/2838 4032/4034/2838 4030/4032/2838
f 4045/4047/2753 4047/4049/2753 4030/4032/2753 4028/4030/2753
f 4048/4050/2754 4050/4052/2754 4051/4053/2754 4049/4051/2754
f 4050/4052/2742 4036/4038/2742 4039/4041/2742 4051/4053/2742
f 4051/4053/2741 4039/4041/2741 4020/4022/2741 4034/4036/2741
f 4049/4051/2767 4051/4053/2767 4034/4036/2767 4032/4034/2767
f 905/907/2839 904/906/2839 4052/4054/2839 4053/4055/2839
f 904/906/2840 903/905/2840 4054/4056/2840 4052/4054/2840
f 4052/4054/2841 4054/4056/2841 4040/4042/2841 4037/4039/2841
f 4053/4055/2842 4052/4054/2842 4037/4039/2842 4036/4038/2842
f 903/905/2843 902/904/2843 4055/4057/2843 4054/4056/2843
f 902/904/2844 901/903/2844 4056/4058/2844 4055/4057/2844
f 4055/4057/2845 4056/4058/2845 4044/4046/2845 4042/4044/2845
f 4054/4056/2846 4055/4057/2846 4042/4044/2846 4040/4042/2846
f 901/903/2847 898/900/2847 4057/4059/2847 4056/4058/2847
f 898/900/2848 897/899/2848 4058/4060/2848 4057/4059/2848
f 4057/4059/2849 4058/4060/2849 4048/4050/2849 4046/4048/2849
f 4056/4058/2850 4057/4059/2850 4046/4048/2850 4044/4046/2850
f 897/899/2851 900/902/2851 4059/4061/2851 4058/4060/2851
f 900/902/2852 905/907/2852 4053/4055/2852 4059/4061/2852
f 4059/4061/2853 4053/4055/2853 4036/4038/2853 4050/4052/2853
f 4058/4060/2854 4059/4061/2854 4050/4052/2854 4048/4050/2854
f 4060/4062/2855 4061/4063/2855 4062/4064/2855 4063/4065/2855
f 4061/4063/2856 4064/4066/2856 4065/4067/2856 4062/4064/2856
f 4062/4064/2857 4065/4067/2857 721/723/2857 720/722/2857
f 4063/4065/2858 4062/4064/2858 720/722/2858 719/721/2858
f 4064/4066/2859 4066/4068/2859 4067/4069/2859 4065/4067/2859
f 4066/4068/2860 4068/4070/2860 4069/4071/2860 4067/4069/2860
f 4067/4069/2861 4069/4071/2861 956/958/2861 955/957/2861
f 4065/4067/2862 4067/4069/2862 955/957/2862 721/723/2862
f 4068/4070/2863 4070/4072/2863 4071/4073/2863 4069/4071/2863
f 4070/4072/2864 4072/4074/2864 4073/4075/2864 4071/4073/2864
f 4071/4073/2865 4073/4075/2865 972/974/2865 971/973/2865
f 4069/4071/2866 4071/4073/2866 971/973/2866 956/958/2866
f 4072/4074/2867 4074/4076/2867 4075/4077/2867 4073/4075/2867
f 4074/4076/2868 4060/4062/2868 4063/4065/2868 4075/4077/2868
f 4075/4077/2869 4063/4065/2869 719/721/2869 976/978/2869
f 4073/4075/2870 4075/4077/2870 976/978/2870 972/974/2870
f 4076/4078/2871 4077/4079/2871 4078/4080/2871 4079/4081/2871
f 4077/4079/2872 4080/4082/2872 4081/4083/2872 4078/4080/2872
f 4078/4080/2873 4081/4083/2873 4064/4066/2873 4061/4063/2873
f 4079/4081/2874 4078/4080/2874 4061/4063/2874 4060/4062/2874
f 4080/4082/2875 4082/4084/2875 4083/4085/2875 4081/4083/2875
f 4082/4084/2876 4084/4086/2876 4085/4087/2876 4083/4085/2876
f 4083/4085/2877 4085/4087/2877 4068/4070/2877 4066/4068/2877
f 4081/4083/2878 4083/4085/2878 4066/4068/2878 4064/4066/2878
f 4084/4086/2879 4086/4088/2879 4087/4089/2879 4085/4087/2879
f 4086/4088/2880 4088/4090/2880 4089/4091/2880 4087/4089/2880
f 4087/4089/2881 4089/4091/2881 4072/4074/2881 4070/4072/2881
f 4085/4087/2882 4087/4089/2882 4070/4072/2882 4068/4070/2882
f 4088/4090/2883 4090/4092/2883 4091/4093/2883 4089/4091/2883
f 4090/4092/2884 4076/4078/2884 4079/4081/2884 4091/4093/2884
f 4091/4093/2885 4079/4081/2885 4060/4062/2885 4074/4076/2885
f 4089/4091/2886 4091/4093/2886 4074/4076/2886 4072/4074/2886
f 4092/4094/2887 4093/4095/2887 4094/4096/2887 4095/4097/2887
f 4093/4095/2888 4096/4098/2888 4097/4099/2888 4094/4096/2888
f 4094/4096/2889 4097/4099/2889 4080/4082/2889 4077/4079/2889
f 4095/4097/2890 4094/4096/2890 4077/4079/2890 4076/4078/2890
f 4096/4098/2891 4098/4100/2891 4099/4101/2891 4097/4099/2891
f 4098/4100/2876 4100/4102/2876 4101/4103/2876 4099/4101/2876
f 4099/4101/2892 4101/4103/2892 4084/4086/2892 4082/4084/2892
f 4097/4099/2893 4099/4101/2893 4082/4084/2893 4080/4082/2893
f 4100/4102/2894 4102/4104/2894 4103/4105/2894 4101/4103/2894
f 4102/4104/2895 4104/4106/2895 4105/4107/2895 4103/4105/2895
f 4103/4105/2895 4105/4107/2895 4088/4090/2895 4086/4088/2895
f 4101/4103/2896 4103/4105/2896 4086/4088/2896 4084/4086/2896
f 4104/4106/2897 4106/4108/2897 4107/4109/2897 4105/4107/2897
f 4106/4108/2898 4092/4094/2898 4095/4097/2898 4107/4109/2898
f 4107/4109/2899 4095/4097/2899 4076/4078/2899 4090/4092/2899
f 4105/4107/2900 4107/4109/2900 4090/4092/2900 4088/4090/2900
f 4108/4110/2890 4109/4111/2890 4110/4112/2890 4111/4113/2890
f 4109/4111/2901 4112/4114/2901 4113/4115/2901 4110/4112/2901
f 4110/4112/2889 4113/4115/2889 4096/4098/2889 4093/4095/2889
f 4111/4113/2887 4110/4112/2887 4093/4095/2887 4092/4094/2887
f 4112/4114/2893 4114/4116/2893 4115/4117/2893 4113/4115/2893
f 4114/4116/2877 4116/4118/2877 4117/4119/2877 4115/4117/2877
f 4115/4117/2902 4117/4119/2902 4100/4102/2902 4098/4100/2902
f 4113/4115/2891 4115/4117/2891 4098/4100/2891 4096/4098/2891
f 4116/4118/2903 4118/4120/2903 4119/4121/2903 4117/4119/2903
f 4118/4120/2895 4120/4122/2895 4121/4123/2895 4119/4121/2895
f 4119/4121/2895 4121/4123/2895 4104/4106/2895 4102/4104/2895
f 4117/4119/2894 4119/4121/2894 4102/4104/2894 4100/4102/2894
f 4120/4122/2904 4122/4124/2904 4123/4125/2904 4121/4123/2904
f 4122/4124/2899 4108/4110/2899 4111/4113/2899 4123/4125/2899
f 4123/4125/2905 4111/4113/2905 4092/4094/2905 4106/4108/2905
f 4121/4123/2906 4123/4125/2906 4106/4108/2906 4104/4106/2906
f 1056/1058/2907 1092/1094/2907 4124/4126/2907 4125/4127/2907
f 1092/1094/2908 874/876/2908 4126/4128/2908 4124/4126/2908
f 4124/4126/2909 4126/4128/2909 4112/4114/2909 4109/4111/2909
f 4125/4127/2910 4124/4126/2910 4109/4111/2910 4108/4110/2910
f 874/876/2911 877/879/2911 4127/4129/2911 4126/4128/2911
f 877/879/2912 880/882/2912 4128/4130/2912 4127/4129/2912
f 4127/4129/2913 4128/4130/2913 4116/4118/2913 4114/4116/2913
f 4126/4128/2914 4127/4129/2914 4114/4116/2914 4112/4114/2914
f 880/882/2915 1067/1069/2915 4129/4131/2915 4128/4130/2915
f 1067/1069/2916 1060/1062/2916 4130/4132/2916 4129/4131/2916
f 4129/4131/2917 4130/4132/2917 4120/4122/2917 4118/4120/2917
f 4128/4130/2918 4129/4131/2918 4118/4120/2918 4116/4118/2918
f 1060/1062/2919 1057/1059/2919 4131/4133/2919 4130/4132/2919
f 1057/1059/2920 1056/1058/2920 4125/4127/2920 4131/4133/2920
f 4131/4133/2921 4125/4127/2921 4108/4110/2921 4122/4124/2921
f 4130/4132/2922 4131/4133/2922 4122/4124/2922 4120/4122/2922
f 4132/4134/2923 4133/4135/2923 4134/4136/2923 4135/4137/2923
f 4133/4135/2924 4136/4138/2924 4137/4139/2924 4134/4136/2924
f 4134/4136/2925 4137/4139/2925 942/944/2925 1143/1145/2925
f 4135/4137/2926 4134/4136/2926 1143/1145/2926 1064/1066/2926
f 4136/4138/2927 4138/4140/2927 4139/4141/2927 4137/4139/2927
f 4138/4140/2928 4140/4142/2928 4141/4143/2928 4139/4141/2928
f 4139/4141/2929 4141/4143/2929 946/948/2929 943/945/2929
f 4137/4139/2930 4139/4141/2930 943/945/2930 942/944/2930
f 4140/4142/2931 4142/4144/2931 4143/4145/2931 4141/4143/2931
f 4142/4144/2932 4144/4146/2932 4145/4147/2932 4143/4145/2932
f 4143/4145/2933 4145/4147/2933 1062/1064/2933 1066/1068/2933
f 4141/4143/2934 4143/4145/2934 1066/1068/2934 946/948/2934
f 4144/4146/2935 4146/4148/2935 4147/4149/2935 4145/4147/2935
f 4146/4148/2936 4132/4134/2936 4135/4137/2936 4147/4149/2936
f 4147/4149/2937 4135/4137/2937 1064/1066/2937 1063/1065/2937
f 4145/4147/2938 4147/4149/2938 1063/1065/2938 1062/1064/2938
f 4148/4150/2939 4149/4151/2939 4150/4152/2939 4151/4153/2939
f 4149/4151/2940 4152/4154/2940 4153/4155/2940 4150/4152/2940
f 4150/4152/2941 4153/4155/2941 4136/4138/2941 4133/4135/2941
f 4151/4153/2942 4150/4152/2942 4133/4135/2942 4132/4134/2942
f 4152/4154/2943 4154/4156/2943 4155/4157/2943 4153/4155/2943
f 4154/4156/2944 4156/4158/2944 4157/4159/2944 4155/4157/2944
f 4155/4157/2945 4157/4159/2945 4140/4142/2945 4138/4140/2945
f 4153/4155/2946 4155/4157/2946 4138/4140/2946 4136/4138/2946
f 4156/4158/2947 4158/4160/2947 4159/4161/2947 4157/4159/2947
f 4158/4160/2948 4160/4162/2948 4161/4163/2948 4159/4161/2948
f 4159/4161/2949 4161/4163/2949 4144/4146/2949 4142/4144/2949
f 4157/4159/2950 4159/4161/2950 4142/4144/2950 4140/4142/2950
f 4160/4162/2951 4162/4164/2951 4163/4165/2951 4161/4163/2951
f 4162/4164/2952 4148/4150/2952 4151/4153/2952 4163/4165/2952
f 4163/4165/2953 4151/4153/2953 4132/4134/2953 4146/4148/2953
f 4161/4163/2954 4163/4165/2954 4146/4148/2954 4144/4146/2954
f 4164/4166/2955 4165/4167/2955 4166/4168/2955 4167/4169/2955
f 4165/4167/2956 4168/4170/2956 4169/4171/2956 4166/4168/2956
f 4166/4168/2956 4169/4171/2956 4152/4154/2956 4149/4151/2956
f 4167/4169/2957 4166/4168/2957 4149/4151/2957 4148/4150/2957
f 4168/4170/2958 4170/4172/2958 4171/4173/2958 4169/4171/2958
f 4170/4172/2959 4172/4174/2959 4173/4175/2959 4171/4173/2959
f 4171/4173/2960 4173/4175/2960 4156/4158/2960 4154/4156/2960
f 4169/4171/2961 4171/4173/2961 4154/4156/2961 4152/4154/2961
f 4172/4174/2962 4174/4176/2962 4175/4177/2962 4173/4175/2962
f 4174/4176/2963 4176/4178/2963 4177/4179/2963 4175/4177/2963
f 4175/4177/2963 4177/4179/2963 4160/4162/2963 4158/4160/2963
f 4173/4175/2962 4175/4177/2962 4158/4160/2962 4156/4158/2962
f 4176/4178/2964 4178/4180/2964 4179/4181/2964 4177/4179/2964
f 4178/4180/2965 4164/4166/2965 4167/4169/2965 4179/4181/2965
f 4179/4181/2966 4167/4169/2966 4148/4150/2966 4162/4164/2966
f 4177/4179/2967 4179/4181/2967 4162/4164/2967 4160/4162/2967
f 4180/4182/2968 4181/4183/2968 4182/4184/2968 4183/4185/2968
f 4181/4183/2969 4184/4186/2969 4185/4187/2969 4182/4184/2969
f 4182/4184/2969 4185/4187/2969 4168/4170/2969 4165/4167/2969
f 4183/4185/2970 4182/4184/2970 4165/4167/2970 4164/4166/2970
f 4184/4186/2971 4186/4188/2971 4187/4189/2971 4185/4187/2971
f 4186/4188/2960 4188/4190/2960 4189/4191/2960 4187/4189/2960
f 4187/4189/2960 4189/4191/2960 4172/4174/2960 4170/4172/2960
f 4185/4187/2972 4187/4189/2972 4170/4172/2972 4168/4170/2972
f 4188/4190/2973 4190/4192/2973 4191/4193/2973 4189/4191/2973
f 4190/4192/2974 4192/4194/2974 4193/4195/2974 4191/4193/2974
f 4191/4193/2963 4193/4195/2963 4176/4178/2963 4174/4176/2963
f 4189/4191/2975 4191/4193/2975 4174/4176/2975 4172/4174/2975
f 4192/4194/2967 4194/4196/2967 4195/4197/2967 4193/4195/2967
f 4194/4196/2976 4180/4182/2976 4183/4185/2976 4195/4197/2976
f 4195/4197/2976 4183/4185/2976 4164/4166/2976 4178/4180/2976
f 4193/4195/2977 4195/4197/2977 4178/4180/2977 4176/4178/2977
f 4196/4198/2978 4197/4199/2978 4198/4200/2978 4199/4201/2978
f 4197/4199/2979 4200/4202/2979 4201/4203/2979 4198/4200/2979
f 4198/4200/2979 4201/4203/2979 4184/4186/2979 4181/4183/2979
f 4199/4201/2980 4198/4200/2980 4181/4183/2980 4180/4182/2980
f 4200/4202/2981 4202/4204/2981 4203/4205/2981 4201/4203/2981
f 4202/4204/2982 4204/4206/2982 4205/4207/2982 4203/4205/2982
f 4203/4205/2959 4205/4207/2959 4188/4190/2959 4186/4188/2959
f 4201/4203/2981 4203/4205/2981 4186/4188/2981 4184/4186/2981
f 4204/4206/2975 4206/4208/2975 4207/4209/2975 4205/4207/2975
f 4206/4208/2948 4208/4210/2948 4209/4211/2948 4207/4209/2948
f 4207/4209/2948 4209/4211/2948 4192/4194/2948 4190/4192/2948
f 4205/4207/2973 4207/4209/2973 4190/4192/2973 4188/4190/2973
f 4208/4210/2977 4210/4212/2977 4211/4213/2977 4209/4211/2977
f 4210/4212/2965 4196/4198/2965 4199/4201/2965 4211/4213/2965
f 4211/4213/2983 4199/4201/2983 4180/4182/2983 4194/4196/2983
f 4209/4211/2951 4211/4213/2951 4194/4196/2951 4192/4194/2951
f 4212/4214/2978 4213/4215/2978 4214/4216/2978 4215/4217/2978
f 4213/4215/2969 4216/4218/2969 4217/4219/2969 4214/4216/2969
f 4214/4216/2984 4217/4219/2984 4200/4202/2984 4197/4199/2984
f 4215/4217/2985 4214/4216/2985 4197/4199/2985 4196/4198/2985
f 4216/4218/2986 4218/4220/2986 4219/4221/2986 4217/4219/2986
f 4218/4220/2982 4220/4222/2982 4221/4223/2982 4219/4221/2982
f 4219/4221/2982 4221/4223/2982 4204/4206/2982 4202/4204/2982
f 4217/4219/2981 4219/4221/2981 4202/4204/2981 4200/4202/2981
f 4220/4222/2975 4222/4224/2975 4223/4225/2975 4221/4223/2975
f 4222/4224/2948 4224/4226/2948 4225/4227/2948 4223/4225/2948
f 4223/4225/2987 4225/4227/2987 4208/4210/2987 4206/4208/2987
f 4221/4223/2988 4223/4225/2988 4206/4208/2988 4204/4206/2988
f 4224/4226/2989 4226/4228/2989 4227/4229/2989 4225/4227/2989
f 4226/4228/2990 4212/4214/2990 4215/4217/2990 4227/4229/2990
f 4227/4229/2991 4215/4217/2991 4196/4198/2991 4210/4212/2991
f 4225/4227/2992 4227/4229/2992 4210/4212/2992 4208/4210/2992
f 4228/4230/2993 4229/4231/2993 4230/4232/2993 4231/4233/2993
f 4229/4231/2979 4232/4234/2979 4233/4235/2979 4230/4232/2979
f 4230/4232/2956 4233/4235/2956 4216/4218/2956 4213/4215/2956
f 4231/4233/2957 4230/4232/2957 4213/4215/2957 4212/4214/2957
f 4232/4234/2981 4234/4236/2981 4235/4237/2981 4233/4235/2981
f 4234/4236/2960 4236/4238/2960 4237/4239/2960 4235/4237/2960
f 4235/4237/2994 4237/4239/2994 4220/4222/2994 4218/4220/2994
f 4233/4235/2995 4235/4237/2995 4218/4220/2995 4216/4218/2995
f 4236/4238/2996 4238/4240/2996 4239/4241/2996 4237/4239/2996
f 4238/4240/2974 4240/4242/2974 4241/4243/2974 4239/4241/2974
f 4239/4241/2948 4241/4243/2948 4224/4226/2948 4222/4224/2948
f 4237/4239/2997 4239/4241/2997 4222/4224/2997 4220/4222/2997
f 4240/4242/2989 4242/4244/2989 4243/4245/2989 4241/4243/2989
f 4242/4244/2998 4228/4230/2998 4231/4233/2998 4243/4245/2998
f 4243/4245/2976 4231/4233/2976 4212/4214/2976 4226/4228/2976
f 4241/4243/2967 4243/4245/2967 4226/4228/2967 4224/4226/2967
f 4244/4246/2999 4245/4247/2999 4246/4248/2999 4247/4249/2999
f 4245/4247/3000 4248/4250/3000 4249/4251/3000 4246/4248/3000
f 4246/4248/3001 4249/4251/3001 4232/4234/3001 4229/4231/3001
f 4247/4249/3002 4246/4248/3002 4229/4231/3002 4228/4230/3002
f 4248/4250/3003 4250/4252/3003 4251/4253/3003 4249/4251/3003
f 4250/4252/2994 4252/4254/2994 4253/4255/2994 4251/4253/2994
f 4251/4253/2960 4253/4255/2960 4236/4238/2960 4234/4236/2960
f 4249/4251/3004 4251/4253/3004 4234/4236/3004 4232/4234/3004
f 4252/4254/2962 4254/4256/2962 4255/4257/2962 4253/4255/2962
f 4254/4256/3005 4256/4258/3005 4257/4259/3005 4255/4257/3005
f 4255/4257/2948 4257/4259/2948 4240/4242/2948 4238/4240/2948
f 4253/4255/2975 4255/4257/2975 4238/4240/2975 4236/4238/2975
f 4256/4258/2954 4258/4260/2954 4259/4261/2954 4257/4259/2954
f 4258/4260/3006 4244/4246/3006 4247/4249/3006 4259/4261/3006
f 4259/4261/3007 4247/4249/3007 4228/4230/3007 4242/4244/3007
f 4257/4259/2992 4259/4261/2992 4242/4244/2992 4240/4242/2992
f 4260/4262/2968 4261/4263/2968 4262/4264/2968 4263/4265/2968
f 4261/4263/3008 4264/4266/3008 4265/4267/3008 4262/4264/3008
f 4262/4264/3008 4265/4267/3008 4248/4250/3008 4245/4247/3008
f 4263/4265/3009 4262/4264/3009 4245/4247/3009 4244/4246/3009
f 4264/4266/2981 4266/4268/2981 4267/4269/2981 4265/4267/2981
f 4266/4268/2959 4268/4270/2959 4269/4271/2959 4267/4269/2959
f 4267/4269/2960 4269/4271/2960 4252/4254/2960 4250/4252/2960
f 4265/4267/2981 4267/4269/2981 4250/4252/2981 4248/4250/2981
f 4268/4270/2975 4270/4272/2975 4271/4273/2975 4269/4271/2975
f 4270/4272/2948 4272/4274/2948 4273/4275/2948 4271/4273/2948
f 4271/4273/2987 4273/4275/2987 4256/4258/2987 4254/4256/2987
f 4269/4271/2997 4271/4273/2997 4254/4256/2997 4252/4254/2997
f 4272/4274/2954 4274/4276/2954 4275/4277/2954 4273/4275/2954
f 4274/4276/3010 4260/4262/3010 4263/4265/3010 4275/4277/3010
f 4275/4277/3007 4263/4265/3007 4244/4246/3007 4258/4260/3007
f 4273/4275/2992 4275/4277/2992 4258/4260/2992 4256/4258/2992
f 4276/4278/3002 4277/4279/3002 4278/4280/3002 4279/4281/3002
f 4277/4279/3011 4280/4282/3011 4281/4283/3011 4278/4280/3011
f 4278/4280/2969 4281/4283/2969 4264/4266/2969 4261/4263/2969
f 4279/4281/3002 4278/4280/3002 4261/4263/3002 4260/4262/3002
f 4280/4282/3012 4282/4284/3012 4283/4285/3012 4281/4283/3012
f 4282/4284/3013 4284/4286/3013 4285/4287/3013 4283/4285/3013
f 4283/4285/3014 4285/4287/3014 4268/4270/3014 4266/4268/3014
f 4281/4283/3015 4283/4285/3015 4266/4268/3015 4264/4266/3015
f 4284/4286/3016 4286/4288/3016 4287/4289/3016 4285/4287/3016
f 4286/4288/3017 4288/4290/3017 4289/4291/3017 4287/4289/3017
f 4287/4289/2948 4289/4291/2948 4272/4274/2948 4270/4272/2948
f 4285/4287/2997 4287/4289/2997 4270/4272/2997 4268/4270/2997
f 4288/4290/3018 4290/4292/3018 4291/4293/3018 4289/4291/3018
f 4290/4292/3019 4276/4278/3019 4279/4281/3019 4291/4293/3019
f 4291/4293/3007 4279/4281/3007 4260/4262/3007 4274/4276/3007
f 4289/4291/3020 4291/4293/3020 4274/4276/3020 4272/4274/3020
f 4292/4294/3021 4293/4295/3021 4294/4296/3021 4295/4297/3021
f 4293/4295/3022 4296/4298/3022 4297/4299/3022 4294/4296/3022
f 4294/4296/3023 4297/4299/3023 4280/4282/3023 4277/4279/3023
f 4295/4297/3024 4294/4296/3024 4277/4279/3024 4276/4278/3024
f 4296/4298/3025 4298/4300/3025 4299/4301/3025 4297/4299/3025
f 4298/4300/3026 4300/4302/3026 4301/4303/3026 4299/4301/3026
f 4299/4301/3027 4301/4303/3027 4284/4286/3027 4282/4284/3027
f 4297/4299/3028 4299/4301/3028 4282/4284/3028 4280/4282/3028
f 4300/4302/3029 4302/4304/3029 4303/4305/3029 4301/4303/3029
f 4302/4304/3030 4304/4306/3030 4305/4307/3030 4303/4305/3030
f 4303/4305/3031 4305/4307/3031 4288/4290/3031 4286/4288/3031
f 4301/4303/3032 4303/4305/3032 4286/4288/3032 4284/4286/3032
f 4304/4306/3033 4306/4308/3033 4307/4309/3033 4305/4307/3033
f 4306/4308/3034 4292/4294/3034 4295/4297/3034 4307/4309/3034
f 4307/4309/3035 4295/4297/3035 4276/4278/3035 4290/4292/3035
f 4305/4307/3036 4307/4309/3036 4290/4292/3036 4288/4290/3036
f 4308/4310/3037 4309/4311/3037 4310/4312/3037 4311/4313/3037
f 4309/4311/3038 4312/4314/3038 4313/4315/3038 4310/4312/3038
f 4310/4312/3039 4313/4315/3039 4296/4298/3039 4293/4295/3039
f 4311/4313/3040 4310/4312/3040 4293/4295/3040 4292/4294/3040
f 4312/4314/3041 4314/4316/3041 4315/4317/3041 4313/4315/3041
f 4314/4316/3042 4316/4318/3042 4317/4319/3042 4315/4317/3042
f 4315/4317/3043 4317/4319/3043 4300/4302/3043 4298/4300/3043
f 4313/4315/3044 4315/4317/3044 4298/4300/3044 4296/4298/3044
f 4316/4318/3045 4318/4320/3045 4319/4321/3045 4317/4319/3045
f 4318/4320/3046 4320/4322/3046 4321/4323/3046 4319/4321/3046
f 4319/4321/3047 4321/4323/3047 4304/4306/3047 4302/4304/3047
f 4317/4319/3048 4319/4321/3048 4302/4304/3048 4300/4302/3048
f 4320/4322/3049 4322/4324/3049 4323/4325/3049 4321/4323/3049
f 4322/4324/3050 4308/4310/3050 4311/4313/3050 4323/4325/3050
f 4323/4325/3051 4311/4313/3051 4292/4294/3051 4306/4308/3051
f 4321/4323/3052 4323/4325/3052 4306/4308/3052 4304/4306/3052
f 4324/4326/3053 4325/4327/3053 4326/4328/3053 4327/4329/3053
f 4325/4327/3054 4328/4330/3054 4329/4331/3054 4326/4328/3054
f 4326/4328/3055 4329/4331/3055 4312/4314/3055 4309/4311/3055
f 4327/4329/3056 4326/4328/3056 4309/4311/3056 4308/4310/3056
f 4328/4330/3057 4330/4332/3057 4331/4333/3057 4329/4331/3057
f 4330/4332/3058 4332/4334/3058 4333/4335/3058 4331/4333/3058
f 4331/4333/3059 4333/4335/3059 4316/4318/3059 4314/4316/3059
f 4329/4331/3060 4331/4333/3060 4314/4316/3060 4312/4314/3060
f 4332/4334/3061 4334/4336/3061 4335/4337/3061 4333/4335/3061
f 4334/4336/3062 4336/4338/3062 4337/4339/3062 4335/4337/3062
f 4335/4337/3063 4337/4339/3063 4320/4322/3063 4318/4320/3063
f 4333/4335/3064 4335/4337/3064 4318/4320/3064 4316/4318/3064
f 4336/4338/3065 4338/4340/3065 4339/4341/3065 4337/4339/3065
f 4338/4340/3066 4324/4326/3066 4327/4329/3066 4339/4341/3066
f 4339/4341/3067 4327/4329/3067 4308/4310/3067 4322/4324/3067
f 4337/4339/3068 4339/4341/3068 4322/4324/3068 4320/4322/3068
f 4340/4342/3069 4341/4343/3069 4342/4344/3069 4343/4345/3069
f 4341/4343/3070 4344/4346/3070 4345/4347/3070 4342/4344/3070
f 4342/4344/3054 4345/4347/3054 4328/4330/3054 4325/4327/3054
f 4343/4345/3071 4342/4344/3071 4325/4327/3071 4324/4326/3071
f 4344/4346/3072 4346/4348/3072 4347/4349/3072 4345/4347/3072
f 4346/4348/3073 4348/4350/3073 4349/4351/3073 4347/4349/3073
f 4347/4349/3074 4349/4351/3074 4332/4334/3074 4330/4332/3074
f 4345/4347/3075 4347/4349/3075 4330/4332/3075 4328/4330/3075
f 4348/4350/3076 4350/4352/3076 4351/4353/3076 4349/4351/3076
f 4350/4352/3077 4352/4354/3077 4353/4355/3077 4351/4353/3077
f 4351/4353/3078 4353/4355/3078 4336/4338/3078 4334/4336/3078
f 4349/4351/3079 4351/4353/3079 4334/4336/3079 4332/4334/3079
f 4352/4354/3080 4354/4356/3080 4355/4357/3080 4353/4355/3080
f 4354/4356/3081 4340/4342/3081 4343/4345/3081 4355/4357/3081
f 4355/4357/3082 4343/4345/3082 4324/4326/3082 4338/4340/3082
f 4353/4355/3083 4355/4357/3083 4338/4340/3083 4336/4338/3083
f 4356/4358/3071 4357/4359/3071 4358/4360/3071 4359/4361/3071
f 4357/4359/3084 4360/4362/3084 4361/4363/3084 4358/4360/3084
f 4358/4360/3085 4361/4363/3085 4344/4346/3085 4341/4343/3085
f 4359/4361/3086 4358/4360/3086 4341/4343/3086 4340/4342/3086
f 4360/4362/3087 4362/4364/3087 4363/4365/3087 4361/4363/3087
f 4362/4364/3088 4364/4366/3088 4365/4367/3088 4363/4365/3088
f 4363/4365/3089 4365/4367/3089 4348/4350/3089 4346/4348/3089
f 4361/4363/3090 4363/4365/3090 4346/4348/3090 4344/4346/3090
f 4364/4366/3091 4366/4368/3091 4367/4369/3091 4365/4367/3091
f 4366/4368/3092 4368/4370/3092 4369/4371/3092 4367/4369/3092
f 4367/4369/3093 4369/4371/3093 4352/4354/3093 4350/4352/3093
f 4365/4367/3094 4367/4369/3094 4350/4352/3094 4348/4350/3094
f 4368/4370/3095 4370/4372/3095 4371/4373/3095 4369/4371/3095
f 4370/4372/3096 4356/4358/3096 4359/4361/3096 4371/4373/3096
f 4371/4373/3097 4359/4361/3097 4340/4342/3097 4354/4356/3097
f 4369/4371/3098 4371/4373/3098 4354/4356/3098 4352/4354/3098
f 4372/4374/3099 4373/4375/3099 4374/4376/3099 4375/4377/3099
f 4373/4375/3100 4376/4378/3100 4377/4379/3100 4374/4376/3100
f 4374/4376/3070 4377/4379/3070 4360/4362/3070 4357/4359/3070
f 4375/4377/3101 4374/4376/3101 4357/4359/3101 4356/4358/3101
f 4376/4378/3102 4378/4380/3102 4379/4381/3102 4377/4379/3102
f 4378/4380/3103 4380/4382/3103 4381/4383/3103 4379/4381/3103
f 4379/4381/3104 4381/4383/3104 4364/4366/3104 4362/4364/3104
f 4377/4379/3105 4379/4381/3105 4362/4364/3105 4360/4362/3105
f 4380/4382/3106 4382/4384/3106 4383/4385/3106 4381/4383/3106
f 4382/4384/3107 4384/4386/3107 4385/4387/3107 4383/4385/3107
f 4383/4385/3108 4385/4387/3108 4368/4370/3108 4366/4368/3108
f 4381/4383/3091 4383/4385/3091 4366/4368/3091 4364/4366/3091
f 4384/4386/3109 4386/4388/3109 4387/4389/3109 4385/4387/3109
f 4386/4388/3110 4372/4374/3110 4375/4377/3110 4387/4389/3110
f 4387/4389/3111 4375/4377/3111 4356/4358/3111 4370/4372/3111
f 4385/4387/3065 4387/4389/3065 4370/4372/3065 4368/4370/3065
f 4388/4390/3112 4389/4391/3112 4390/4392/3112 4391/4393/3112
f 4389/4391/3113 4392/4394/3113 4393/4395/3113 4390/4392/3113
f 4390/4392/3114 4393/4395/3114 4376/4378/3114 4373/4375/3114
f 4391/4393/3112 4390/4392/3112 4373/4375/3112 4372/4374/3112
f 4392/4394/3115 4394/4396/3115 4395/4397/3115 4393/4395/3115
f 4394/4396/3116 4396/4398/3116 4397/4399/3116 4395/4397/3116
f 4395/4397/3117 4397/4399/3117 4380/4382/3117 4378/4380/3117
f 4393/4395/3118 4395/4397/3118 4378/4380/3118 4376/4378/3118
f 4396/4398/3119 4398/4400/3119 4399/4401/3119 4397/4399/3119
f 4398/4400/3120 4400/4402/3120 4401/4403/3120 4399/4401/3120
f 4399/4401/3108 4401/4403/3108 4384/4386/3108 4382/4384/3108
f 4397/4399/3061 4399/4401/3061 4382/4384/3061 4380/4382/3061
f 4400/4402/3121 4402/4404/3121 4403/4405/3121 4401/4403/3121
f 4402/4404/3122 4388/4390/3122 4391/4393/3122 4403/4405/3122
f 4403/4405/3123 4391/4393/3123 4372/4374/3123 4386/4388/3123
f 4401/4403/3124 4403/4405/3124 4386/4388/3124 4384/4386/3124
f 4404/4406/3069 4405/4407/3069 4406/4408/3069 4407/4409/3069
f 4405/4407/3125 4408/4410/3125 4409/4411/3125 4406/4408/3125
f 4406/4408/3125 4409/4411/3125 4392/4394/3125 4389/4391/3125
f 4407/4409/3126 4406/4408/3126 4389/4391/3126 4388/4390/3126
f 4408/4410/3127 4410/4412/3127 4411/4413/3127 4409/4411/3127
f 4410/4412/3128 4412/4414/3128 4413/4415/3128 4411/4413/3128
f 4411/4413/3129 4413/4415/3129 4396/4398/3129 4394/4396/3129
f 4409/4411/3130 4411/4413/3130 4394/4396/3130 4392/4394/3130
f 4412/4414/3131 4414/4416/3131 4415/4417/3131 4413/4415/3131
f 4414/4416/3132 4416/4418/3132 4417/4419/3132 4415/4417/3132
f 4415/4417/3107 4417/4419/3107 4400/4402/3107 4398/4400/3107
f 4413/4415/3133 4415/4417/3133 4398/4400/3133 4396/4398/3133
f 4416/4418/3134 4418/4420/3134 4419/4421/3134 4417/4419/3134
f 4418/4420/3135 4404/4406/3135 4407/4409/3135 4419/4421/3135
f 4419/4421/3136 4407/4409/3136 4388/4390/3136 4402/4404/3136
f 4417/4419/3137 4419/4421/3137 4402/4404/3137 4400/4402/3137
f 4420/4422/3101 4421/4423/3101 4422/4424/3101 4423/4425/3101
f 4421/4423/3084 4424/4426/3084 4425/4427/3084 4422/4424/3084
f 4422/4424/3055 4425/4427/3055 4408/4410/3055 4405/4407/3055
f 4423/4425/3138 4422/4424/3138 4405/4407/3138 4404/4406/3138
f 4424/4426/3139 4426/4428/3139 4427/4429/3139 4425/4427/3139
f 4426/4428/3140 4428/4430/3140 4429/4431/3140 4427/4429/3140
f 4427/4429/3116 4429/4431/3116 4412/4414/3116 4410/4412/3116
f 4425/4427/3141 4427/4429/3141 4410/4412/3141 4408/4410/3141
f 4428/4430/3142 4430/4432/3142 4431/4433/3142 4429/4431/3142
f 4430/4432/3092 4432/4434/3092 4433/4435/3092 4431/4433/3092
f 4431/4433/3143 4433/4435/3143 4416/4418/3143 4414/4416/3143
f 4429/4431/3144 4431/4433/3144 4414/4416/3144 4412/4414/3144
f 4432/4434/3145 4434/4436/3145 4435/4437/3145 4433/4435/3145
f 4434/4436/3146 4420/4422/3146 4423/4425/3146 4435/4437/3146
f 4435/4437/3147 4423/4425/3147 4404/4406/3147 4418/4420/3147
f 4433/4435/3148 4435/4437/3148 4418/4420/3148 4416/4418/3148
f 4436/4438/3149 4437/4439/3149 4438/4440/3149 4439/4441/3149
f 4437/4439/3114 4440/4442/3114 4441/4443/3114 4438/4440/3114
f 4438/4440/3100 4441/4443/3100 4424/4426/3100 4421/4423/3100
f 4439/4441/3150 4438/4440/3150 4421/4423/3150 4420/4422/3150
f 4440/4442/3151 4442/4444/3151 4443/4445/3151 4441/4443/3151
f 4442/4444/3152 4444/4446/3152 4445/4447/3152 4443/4445/3152
f 4443/4445/3104 4445/4447/3104 4428/4430/3104 4426/4428/3104
f 4441/4443/3153 4443/4445/3153 4426/4428/3153 4424/4426/3153
f 4444/4446/3154 4446/4448/3154 4447/4449/3154 4445/4447/3154
f 4446/4448/3108 4448/4450/3108 4449/4451/3108 4447/4449/3108
f 4447/4449/3078 4449/4451/3078 4432/4434/3078 4430/4432/3078
f 4445/4447/3155 4447/4449/3155 4430/4432/3155 4428/4430/3155
f 4448/4450/3134 4450/4452/3134 4451/4453/3134 4449/4451/3134
f 4450/4452/3146 4436/4438/3146 4439/4441/3146 4451/4453/3146
f 4451/4453/3156 4439/4441/3156 4420/4422/3156 4434/4436/3156
f 4449/4451/3080 4451/4453/3080 4434/4436/3080 4432/4434/3080
f 4452/4454/3126 4453/4455/3126 4454/4456/3126 4455/4457/3126
f 4453/4455/3157 4456/4458/3157 4457/4459/3157 4454/4456/3157
f 4454/4456/3113 4457/4459/3113 4440/4442/3113 4437/4439/3113
f 4455/4457/3158 4454/4456/3158 4437/4439/3158 4436/4438/3158
f 4456/4458/3130 4458/4460/3130 4459/4461/3130 4457/4459/3130
f 4458/4460/3159 4460/4462/3159 4461/4463/3159 4459/4461/3159
f 4459/4461/3160 4461/4463/3160 4444/4446/3160 4442/4444/3160
f 4457/4459/3161 4459/4461/3161 4442/4444/3161 4440/4442/3161
f 4460/4462/3162 4462/4464/3162 4463/4465/3162 4461/4463/3162
f 4462/4464/3120 4464/4466/3120 4465/4467/3120 4463/4465/3120
f 4463/4465/3108 4465/4467/3108 4448/4450/3108 4446/4448/3108
f 4461/4463/3064 4463/4465/3064 4446/4448/3064 4444/4446/3064
f 4464/4466/3163 4466/4468/3163 4467/4469/3163 4465/4467/3163
f 4466/4468/3136 4452/4454/3136 4455/4457/3136 4467/4469/3136
f 4467/4469/3164 4455/4457/3164 4436/4438/3164 4450/4452/3164
f 4465/4467/3165 4467/4469/3165 4450/4452/3165 4448/4450/3165
f 4468/4470/3166 4469/4471/3166 4470/4472/3166 4471/4473/3166
f 4469/4471/3100 4472/4474/3100 4473/4475/3100 4470/4472/3100
f 4470/4472/3100 4473/4475/3100 4456/4458/3100 4453/4455/3100
f 4471/4473/3101 4470/4472/3101 4453/4455/3101 4452/4454/3101
f 4472/4474/3167 4474/4476/3167 4475/4477/3167 4473/4475/3167
f 4474/4476/3168 4476/4478/3168 4477/4479/3168 4475/4477/3168
f 4475/4477/3169 4477/4479/3169 4460/4462/3169 4458/4460/3169
f 4473/4475/3170 4475/4477/3170 4458/4460/3170 4456/4458/3170
f 4476/4478/3061 4478/4480/3061 4479/4481/3061 4477/4479/3061
f 4478/4480/3078 4480/4482/3078 4481/4483/3078 4479/4481/3078
f 4479/4481/3171 4481/4483/3171 4464/4466/3171 4462/4464/3171
f 4477/4479/3172 4479/4481/3172 4462/4464/3172 4460/4462/3172
f 4480/4482/3124 4482/4484/3124 4483/4485/3124 4481/4483/3124
f 4482/4484/3173 4468/4470/3173 4471/4473/3173 4483/4485/3173
f 4483/4485/3174 4471/4473/3174 4452/4454/3174 4466/4468/3174
f 4481/4483/3175 4483/4485/3175 4466/4468/3175 4464/4466/3175
f 4484/4486/3126 4485/4487/3126 4486/4488/3126 4487/4489/3126
f 4485/4487/3055 4488/4490/3055 4489/4491/3055 4486/4488/3055
f 4486/4488/3084 4489/4491/3084 4472/4474/3084 4469/4471/3084
f 4487/4489/3053 4486/4488/3053 4469/4471/3053 4468/4470/3053
f 4488/4490/3176 4490/4492/3176 4491/4493/3176 4489/4491/3176
f 4490/4492/3140 4492/4494/3140 4493/4495/3140 4491/4493/3140
f 4491/4493/3177 4493/4495/3177 4476/4478/3177 4474/4476/3177
f 4489/4491/3153 4491/4493/3153 4474/4476/3153 4472/4474/3153
f 4492/4494/3178 4494/4496/3178 4495/4497/3178 4493/4495/3178
f 4494/4496/3062 4496/4498/3062 4497/4499/3062 4495/4497/3062
f 4495/4497/3108 4497/4499/3108 4480/4482/3108 4478/4480/3108
f 4493/4495/3179 4495/4497/3179 4478/4480/3179 4476/4478/3179
f 4496/4498/3180 4498/4500/3180 4499/4501/3180 4497/4499/3180
f 4498/4500/3181 4484/4486/3181 4487/4489/3181 4499/4501/3181
f 4499/4501/3182 4487/4489/3182 4468/4470/3182 4482/4484/3182
f 4497/4499/3183 4499/4501/3183 4482/4484/3183 4480/4482/3183
f 4500/4502/3184 4501/4503/3184 4502/4504/3184 4503/4505/3184
f 4501/4503/3185 4504/4506/3185 4505/4507/3185 4502/4504/3185
f 4502/4504/3186 4505/4507/3186 4488/4490/3186 4485/4487/3186
f 4503/4505/3187 4502/4504/3187 4485/4487/3187 4484/4486/3187
f 4504/4506/3072 4506/4508/3072 4507/4509/3072 4505/4507/3072
f 4506/4508/3188 4508/4510/3188 4509/4511/3188 4507/4509/3188
f 4507/4509/3103 4509/4511/3103 4492/4494/3103 4490/4492/3103
f 4505/4507/3115 4507/4509/3115 4490/4492/3115 4488/4490/3115
f 4508/4510/3189 4510/4512/3189 4511/4513/3189 4509/4511/3189
f 4510/4512/3190 4512/4514/3190 4513/4515/3190 4511/4513/3190
f 4511/4513/3108 4513/4515/3108 4496/4498/3108 4494/4496/3108
f 4509/4511/3191 4511/4513/3191 4494/4496/3191 4492/4494/3191
f 4512/4514/3098 4514/4516/3098 4515/4517/3098 4513/4515/3098
f 4514/4516/3192 4500/4502/3192 4503/4505/3192 4515/4517/3192
f 4515/4517/3193 4503/4505/3193 4484/4486/3193 4498/4500/3193
f 4513/4515/3194 4515/4517/3194 4498/4500/3194 4496/4498/3194
f 4516/4518/3195 4517/4519/3195 4518/4520/3195 4519/4521/3195
f 4517/4519/3196 4520/4522/3196 4521/4523/3196 4518/4520/3196
f 4518/4520/3197 4521/4523/3197 4504/4506/3197 4501/4503/3197
f 4519/4521/3101 4518/4520/3101 4501/4503/3101 4500/4502/3101
f 4520/4522/3198 4522/4524/3198 4523/4525/3198 4521/4523/3198
f 4522/4524/3117 4524/4526/3117 4525/4527/3117 4523/4525/3117
f 4523/4525/3104 4525/4527/3104 4508/4510/3104 4506/4508/3104
f 4521/4523/3199 4523/4525/3199 4506/4508/3199 4504/4506/3199
f 4524/4526/3200 4526/4528/3200 4527/4529/3200 4525/4527/3200
f 4526/4528/3108 4528/4530/3108 4529/4531/3108 4527/4529/3108
f 4527/4529/3108 4529/4531/3108 4512/4514/3108 4510/4512/3108
f 4525/4527/3201 4527/4529/3201 4510/4512/3201 4508/4510/3201
f 4528/4530/3175 4530/4532/3175 4531/4533/3175 4529/4531/3175
f 4530/4532/3110 4516/4518/3110 4519/4521/3110 4531/4533/3110
f 4531/4533/3202 4519/4521/3202 4500/4502/3202 4514/4516/3202
f 4529/4531/3203 4531/4533/3203 4514/4516/3203 4512/4514/3203
f 4532/4534/3204 4533/4535/3204 4534/4536/3204 4535/4537/3204
f 4533/4535/3205 4536/4538/3205 4537/4539/3205 4534/4536/3205
f 4534/4536/3084 4537/4539/3084 4520/4522/3084 4517/4519/3084
f 4535/4537/3206 4534/4536/3206 4517/4519/3206 4516/4518/3206
f 4536/4538/3207 4538/4540/3207 4539/4541/3207 4537/4539/3207
f 4538/4540/3208 4540/4542/3208 4541/4543/3208 4539/4541/3208
f 4539/4541/3209 4541/4543/3209 4524/4526/3209 4522/4524/3209
f 4537/4539/3105 4539/4541/3105 4522/4524/3105 4520/4522/3105
f 4540/4542/3076 4542/4544/3076 4543/4545/3076 4541/4543/3076
f 4542/4544/3210 4544/4546/3210 4545/4547/3210 4543/4545/3210
f 4543/4545/3120 4545/4547/3120 4528/4530/3120 4526/4528/3120
f 4541/4543/3211 4543/4545/3211 4526/4528/3211 4524/4526/3211
f 4544/4546/3203 4546/4548/3203 4547/4549/3203 4545/4547/3203
f 4546/4548/3212 4532/4534/3212 4535/4537/3212 4547/4549/3212
f 4547/4549/3213 4535/4537/3213 4516/4518/3213 4530/4532/3213
f 4545/4547/3214 4547/4549/3214 4530/4532/3214 4528/4530/3214
f 4548/4550/3215 4549/4551/3215 4550/4552/3215 4551/4553/3215
f 4549/4551/3113 4552/4554/3113 4553/4555/3113 4550/4552/3113
f 4550/4552/3113 4553/4555/3113 4536/4538/3113 4533/4535/3113
f 4551/4553/3216 4550/4552/3216 4533/4535/3216 4532/4534/3216
f 4552/4554/3217 4554/4556/3217 4555/4557/3217 4553/4555/3217
f 4554/4556/3073 4556/4558/3073 4557/4559/3073 4555/4557/3073
f 4555/4557/3218 4557/4559/3218 4540/4542/3218 4538/4540/3218
f 4553/4555/3199 4555/4557/3199 4538/4540/3199 4536/4538/3199
f 4556/4558/3219 4558/4560/3219 4559/4561/3219 4557/4559/3219
f 4558/4560/3171 4560/4562/3171 4561/4563/3171 4559/4561/3171
f 4559/4561/3108 4561/4563/3108 4544/4546/3108 4542/4544/3108
f 4557/4559/3220 4559/4561/3220 4542/4544/3220 4540/4542/3220
f 4560/4562/3221 4562/4564/3221 4563/4565/3221 4561/4563/3221
f 4562/4564/3193 4548/4550/3193 4551/4553/3193 4563/4565/3193
f 4563/4565/3123 4551/4553/3123 4532/4534/3123 4546/4548/3123
f 4561/4563/3065 4563/4565/3065 4546/4548/3065 4544/4546/3065
f 4564/4566/3222 4565/4567/3222 4566/4568/3222 4567/4569/3222
f 4565/4567/3223 4568/4570/3223 4569/4571/3223 4566/4568/3223
f 4566/4568/3186 4569/4571/3186 4552/4554/3186 4549/4551/3186
f 4567/4569/3224 4566/4568/3224 4549/4551/3224 4548/4550/3224
f 4568/4570/3075 4570/4572/3075 4571/4573/3075 4569/4571/3075
f 4570/4572/3225 4572/4574/3225 4573/4575/3225 4571/4573/3225
f 4571/4573/3226 4573/4575/3226 4556/4558/3226 4554/4556/3226
f 4569/4571/3090 4571/4573/3090 4554/4556/3090 4552/4554/3090
f 4572/4574/3227 4574/4576/3227 4575/4577/3227 4573/4575/3227
f 4574/4576/3062 4576/4578/3062 4577/4579/3062 4575/4577/3062
f 4575/4577/3107 4577/4579/3107 4560/4562/3107 4558/4560/3107
f 4573/4575/3228 4575/4577/3228 4558/4560/3228 4556/4558/3228
f 4576/4578/3229 4578/4580/3229 4579/4581/3229 4577/4579/3229
f 4578/4580/3230 4564/4566/3230 4567/4569/3230 4579/4581/3230
f 4579/4581/3231 4567/4569/3231 4548/4550/3231 4562/4564/3231
f 4577/4579/3109 4579/4581/3109 4562/4564/3109 4560/4562/3109
f 4580/4582/3222 4581/4583/3222 4582/4584/3222 4583/4585/3222
f 4581/4583/3113 4584/4586/3113 4585/4587/3113 4582/4584/3113
f 4582/4584/3232 4585/4587/3232 4568/4570/3232 4565/4567/3232
f 4583/4585/3233 4582/4584/3233 4565/4567/3233 4564/4566/3233
f 4584/4586/3153 4586/4588/3153 4587/4589/3153 4585/4587/3153
f 4586/4588/3208 4588/4590/3208 4589/4591/3208 4587/4589/3208
f 4587/4589/3234 4589/4591/3234 4572/4574/3234 4570/4572/3234
f 4585/4587/3235 4587/4589/3235 4570/4572/3235 4568/4570/3235
f 4588/4590/3094 4590/4592/3094 4591/4593/3094 4589/4591/3094
f 4590/4592/3107 4592/4594/3107 4593/4595/3107 4591/4593/3107
f 4591/4593/3236 4593/4595/3236 4576/4578/3236 4574/4576/3236
f 4589/4591/3131 4591/4593/3131 4574/4576/3131 4572/4574/3131
f 4592/4594/3237 4594/4596/3237 4595/4597/3237 4593/4595/3237
f 4594/4596/3238 4580/4582/3238 4583/4585/3238 4595/4597/3238
f 4595/4597/3239 4583/4585/3239 4564/4566/3239 4578/4580/3239
f 4593/4595/3240 4595/4597/3240 4578/4580/3240 4576/4578/3240
f 4596/4598/3241 4597/4599/3241 4598/4600/3241 4599/4601/3241
f 4597/4599/3197 4600/4602/3197 4601/4603/3197 4598/4600/3197
f 4598/4600/3070 4601/4603/3070 4584/4586/3070 4581/4583/3070
f 4599/4601/3242 4598/4600/3242 4581/4583/3242 4580/4582/3242
f 4600/4602/3243 4602/4604/3243 4603/4605/3243 4601/4603/3243
f 4602/4604/3244 4604/4606/3244 4605/4607/3244 4603/4605/3244
f 4603/4605/3140 4605/4607/3140 4588/4590/3140 4586/4588/3140
f 4601/4603/3199 4603/4605/3199 4586/4588/3199 4584/4586/3199
f 4604/4606/3106 4606/4608/3106 4607/4609/3106 4605/4607/3106
f 4606/4608/3108 4608/4610/3108 4609/4611/3108 4607/4609/3108
f 4607/4609/3107 4609/4611/3107 4592/4594/3107 4590/4592/3107
f 4605/4607/3245 4607/4609/3245 4590/4592/3245 4588/4590/3245
f 4608/4610/3246 4610/4612/3246 4611/4613/3246 4609/4611/3246
f 4610/4612/3247 4596/4598/3247 4599/4601/3247 4611/4613/3247
f 4611/4613/3248 4599/4601/3248 4580/4582/3248 4594/4596/3248
f 4609/4611/3229 4611/4613/3229 4594/4596/3229 4592/4594/3229
f 896/898/3249 895/897/3249 4612/4614/3249 4613/4615/3249
f 895/897/3250 894/896/3250 4614/4616/3250 4612/4614/3250
f 4612/4614/3251 4614/4616/3251 4600/4602/3251 4597/4599/3251
f 4613/4615/3252 4612/4614/3252 4597/4599/3252 4596/4598/3252
f 894/896/3253 893/895/3253 4615/4617/3253 4614/4616/3253
f 893/895/3254 892/894/3254 4616/4618/3254 4615/4617/3254
f 4615/4617/3255 4616/4618/3255 4604/4606/3255 4602/4604/3255
f 4614/4616/3256 4615/4617/3256 4602/4604/3256 4600/4602/3256
f 892/894/3257 889/891/3257 4617/4619/3257 4616/4618/3257
f 889/891/3258 888/890/3258 4618/4620/3258 4617/4619/3258
f 4617/4619/3259 4618/4620/3259 4608/4610/3259 4606/4608/3259
f 4616/4618/3260 4617/4619/3260 4606/4608/3260 4604/4606/3260
f 888/890/3261 891/893/3261 4619/4621/3261 4618/4620/3261
f 891/893/3262 896/898/3262 4613/4615/3262 4619/4621/3262
f 4619/4621/3263 4613/4615/3263 4596/4598/3263 4610/4612/3263
f 4618/4620/3264 4619/4621/3264 4610/4612/3264 4608/4610/3264
f 4620/4622/3265 4621/4623/3265 4622/4624/3265 4623/4625/3265
f 4621/4623/3266 4624/4626/3266 4625/4627/3266 4622/4624/3266
f 4622/4624/3267 4625/4627/3267 1128/1130/3267 1155/1157/3267
f 4623/4625/3268 4622/4624/3268 1155/1157/3268 1148/1150/3268
f 4624/4626/3269 4626/4628/3269 4627/4629/3269 4625/4627/3269
f 4626/4628/3270 4628/4630/3270 4629/4631/3270 4627/4629/3270
f 4627/4629/3271 4629/4631/3271 862/864/3271 1129/1131/3271
f 4625/4627/3272 4627/4629/3272 1129/1131/3272 1128/1130/3272
f 4628/4630/3273 4630/4632/3273 4631/4633/3273 4629/4631/3273
f 4630/4632/3274 4632/4634/3274 4633/4635/3274 4631/4633/3274
f 4631/4633/3275 4633/4635/3275 1113/1115/3275 1112/1114/3275
f 4629/4631/3276 4631/4633/3276 1112/1114/3276 862/864/3276
f 4632/4634/3277 4634/4636/3277 4635/4637/3277 4633/4635/3277
f 4634/4636/3278 4620/4622/3278 4623/4625/3278 4635/4637/3278
f 4635/4637/3279 4623/4625/3279 1148/1150/3279 1151/1153/3279
f 4633/4635/3280 4635/4637/3280 1151/1153/3280 1113/1115/3280
f 4636/4638/3281 4637/4639/3281 4638/4640/3281 4639/4641/3281
f 4637/4639/3282 4640/4642/3282 4641/4643/3282 4638/4640/3282
f 4638/4640/3283 4641/4643/3283 4624/4626/3283 4621/4623/3283
f 4639/4641/3284 4638/4640/3284 4621/4623/3284 4620/4622/3284
f 4640/4642/3285 4642/4644/3285 4643/4645/3285 4641/4643/3285
f 4642/4644/3286 4644/4646/3286 4645/4647/3286 4643/4645/3286
f 4643/4645/3287 4645/4647/3287 4628/4630/3287 4626/4628/3287
f 4641/4643/3288 4643/4645/3288 4626/4628/3288 4624/4626/3288
f 4644/4646/3289 4646/4648/3289 4647/4649/3289 4645/4647/3289
f 4646/4648/3290 4648/4650/3290 4649/4651/3290 4647/4649/3290
f 4647/4649/3290 4649/4651/3290 4632/4634/3290 4630/4632/3290
f 4645/4647/3291 4647/4649/3291 4630/4632/3291 4628/4630/3291
f 4648/4650/3292 4650/4652/3292 4651/4653/3292 4649/4651/3292
f 4650/4652/3293 4636/4638/3293 4639/4641/3293 4651/4653/3293
f 4651/4653/3294 4639/4641/3294 4620/4622/3294 4634/4636/3294
f 4649/4651/3295 4651/4653/3295 4634/4636/3295 4632/4634/3295
f 4652/4654/3296 4653/4655/3296 4654/4656/3296 4655/4657/3296
f 4653/4655/3297 4656/4658/3297 4657/4659/3297 4654/4656/3297
f 4654/4656/3282 4657/4659/3282 4640/4642/3282 4637/4639/3282
f 4655/4657/3298 4654/4656/3298 4637/4639/3298 4636/4638/3298
f 4656/4658/3299 4658/4660/3299 4659/4661/3299 4657/4659/3299
f 4658/4660/3300 4660/4662/3300 4661/4663/3300 4659/4661/3300
f 4659/4661/3301 4661/4663/3301 4644/4646/3301 4642/4644/3301
f 4657/4659/3302 4659/4661/3302 4642/4644/3302 4640/4642/3302
f 4660/4662/3303 4662/4664/3303 4663/4665/3303 4661/4663/3303
f 4662/4664/3304 4664/4666/3304 4665/4667/3304 4663/4665/3304
f 4663/4665/3305 4665/4667/3305 4648/4650/3305 4646/4648/3305
f 4661/4663/3306 4663/4665/3306 4646/4648/3306 4644/4646/3306
f 4664/4666/3307 4666/4668/3307 4667/4669/3307 4665/4667/3307
f 4666/4668/3308 4652/4654/3308 4655/4657/3308 4667/4669/3308
f 4667/4669/3309 4655/4657/3309 4636/4638/3309 4650/4652/3309
f 4665/4667/3310 4667/4669/3310 4650/4652/3310 4648/4650/3310
f 4668/4670/3284 4669/4671/3284 4670/4672/3284 4671/4673/3284
f 4669/4671/3282 4672/4674/3282 4673/4675/3282 4670/4672/3282
f 4670/4672/3311 4673/4675/3311 4656/4658/3311 4653/4655/3311
f 4671/4673/3296 4670/4672/3296 4653/4655/3296 4652/4654/3296
f 4672/4674/3285 4674/4676/3285 4675/4677/3285 4673/4675/3285
f 4674/4676/3312 4676/4678/3312 4677/4679/3312 4675/4677/3312
f 4675/4677/3313 4677/4679/3313 4660/4662/3313 4658/4660/3313
f 4673/4675/3314 4675/4677/3314 4658/4660/3314 4656/4658/3314
f 4676/4678/3315 4678/4680/3315 4679/4681/3315 4677/4679/3315
f 4678/4680/3304 4680/4682/3304 4681/4683/3304 4679/4681/3304
f 4679/4681/3316 4681/4683/3316 4664/4666/3316 4662/4664/3316
f 4677/4679/3289 4679/4681/3289 4662/4664/3289 4660/4662/3289
f 4680/4682/3317 4682/4684/3317 4683/4685/3317 4681/4683/3317
f 4682/4684/3318 4668/4670/3318 4671/4673/3318 4683/4685/3318
f 4683/4685/3319 4671/4673/3319 4652/4654/3319 4666/4668/3319
f 4681/4683/3320 4683/4685/3320 4666/4668/3320 4664/4666/3320
f 4684/4686/3321 4685/4687/3321 4686/4688/3321 4687/4689/3321
f 4685/4687/3283 4688/4690/3283 4689/4691/3283 4686/4688/3283
f 4686/4688/3322 4689/4691/3322 4672/4674/3322 4669/4671/3322
f 4687/4689/3281 4686/4688/3281 4669/4671/3281 4668/4670/3281
f 4688/4690/3302 4690/4692/3302 4691/4693/3302 4689/4691/3302
f 4690/4692/3323 4692/4694/3323 4693/4695/3323 4691/4693/3323
f 4691/4693/3323 4693/4695/3323 4676/4678/3323 4674/4676/3323
f 4689/4691/3324 4691/4693/3324 4674/4676/3324 4672/4674/3324
f 4692/4694/3291 4694/4696/3291 4695/4697/3291 4693/4695/3291
f 4694/4696/3325 4696/4698/3325 4697/4699/3325 4695/4697/3325
f 4695/4697/3326 4697/4699/3326 4680/4682/3326 4678/4680/3326
f 4693/4695/3289 4695/4697/3289 4678/4680/3289 4676/4678/3289
f 4696/4698/3327 4698/4700/3327 4699/4701/3327 4697/4699/3327
f 4698/4700/3328 4684/4686/3328 4687/4689/3328 4699/4701/3328
f 4699/4701/3329 4687/4689/3329 4668/4670/3329 4682/4684/3329
f 4697/4699/3320 4699/4701/3320 4682/4684/3320 4680/4682/3320
f 4700/4702/3296 4701/4703/3296 4702/4704/3296 4703/4705/3296
f 4701/4703/3283 4704/4706/3283 4705/4707/3283 4702/4704/3283
f 4702/4704/3283 4705/4707/3283 4688/4690/3283 4685/4687/3283
f 4703/4705/3330 4702/4704/3330 4685/4687/3330 4684/4686/3330
f 4704/4706/3288 4706/4708/3288 4707/4709/3288 4705/4707/3288
f 4706/4708/3331 4708/4710/3331 4709/4711/3331 4707/4709/3331
f 4707/4709/3332 4709/4711/3332 4692/4694/3332 4690/4692/3332
f 4705/4707/3333 4707/4709/3333 4690/4692/3333 4688/4690/3333
f 4708/4710/3334 4710/4712/3334 4711/4713/3334 4709/4711/3334
f 4710/4712/3335 4712/4714/3335 4713/4715/3335 4711/4713/3335
f 4711/4713/3336 4713/4715/3336 4696/4698/3336 4694/4696/3336
f 4709/4711/3291 4711/4713/3291 4694/4696/3291 4692/4694/3291
f 4712/4714/3337 4714/4716/3337 4715/4717/3337 4713/4715/3337
f 4714/4716/3338 4700/4702/3338 4703/4705/3338 4715/4717/3338
f 4715/4717/3328 4703/4705/3328 4684/4686/3328 4698/4700/3328
f 4713/4715/3337 4715/4717/3337 4698/4700/3337 4696/4698/3337
f 4716/4718/3296 4717/4719/3296 4718/4720/3296 4719/4721/3296
f 4717/4719/3322 4720/4722/3322 4721/4723/3322 4718/4720/3322
f 4718/4720/3283 4721/4723/3283 4704/4706/3283 4701/4703/3283
f 4719/4721/3284 4718/4720/3284 4701/4703/3284 4700/4702/3284
f 4720/4722/3339 4722/4724/3339 4723/4725/3339 4721/4723/3339
f 4722/4724/3313 4724/4726/3313 4725/4727/3313 4723/4725/3313
f 4723/4725/3300 4725/4727/3300 4708/4710/3300 4706/4708/3300
f 4721/4723/3340 4723/4725/3340 4706/4708/3340 4704/4706/3340
f 4724/4726/3341 4726/4728/3341 4727/4729/3341 4725/4727/3341
f 4726/4728/3304 4728/4730/3304 4729/4731/3304 4727/4729/3304
f 4727/4729/3290 4729/4731/3290 4712/4714/3290 4710/4712/3290
f 4725/4727/3291 4727/4729/3291 4710/4712/3291 4708/4710/3291
f 4728/4730/3320 4730/4732/3320 4731/4733/3320 4729/4731/3320
f 4730/4732/3294 4716/4718/3294 4719/4721/3294 4731/4733/3294
f 4731/4733/3342 4719/4721/3342 4700/4702/3342 4714/4716/3342
f 4729/4731/3343 4731/4733/3343 4714/4716/3343 4712/4714/3343
f 4732/4734/3344 4733/4735/3344 4734/4736/3344 4735/4737/3344
f 4733/4735/3345 4736/4738/3345 4737/4739/3345 4734/4736/3345
f 4734/4736/3346 4737/4739/3346 4720/4722/3346 4717/4719/3346
f 4735/4737/3347 4734/4736/3347 4717/4719/3347 4716/4718/3347
f 4736/4738/3288 4738/4740/3288 4739/4741/3288 4737/4739/3288
f 4738/4740/3348 4740/4742/3348 4741/4743/3348 4739/4741/3348
f 4739/4741/3287 4741/4743/3287 4724/4726/3287 4722/4724/3287
f 4737/4739/3349 4739/4741/3349 4722/4724/3349 4720/4722/3349
f 4740/4742/3350 4742/4744/3350 4743/4745/3350 4741/4743/3350
f 4742/4744/3351 4744/4746/3351 4745/4747/3351 4743/4745/3351
f 4743/4745/3304 4745/4747/3304 4728/4730/3304 4726/4728/3304
f 4741/4743/3291 4743/4745/3291 4726/4728/3291 4724/4726/3291
f 4744/4746/3352 4746/4748/3352 4747/4749/3352 4745/4747/3352
f 4746/4748/3353 4732/4734/3353 4735/4737/3353 4747/4749/3353
f 4747/4749/3354 4735/4737/3354 4716/4718/3354 4730/4732/3354
f 4745/4747/3320 4747/4749/3320 4730/4732/3320 4728/4730/3320
f 4748/4750/3355 4749/4751/3355 4750/4752/3355 4751/4753/3355
f 4749/4751/3356 4752/4754/3356 4753/4755/3356 4750/4752/3356
f 4750/4752/3322 4753/4755/3322 4736/4738/3322 4733/4735/3322
f 4751/4753/3357 4750/4752/3357 4733/4735/3357 4732/4734/3357
f 4752/4754/3302 4754/4756/3302 4755/4757/3302 4753/4755/3302
f 4754/4756/3358 4756/4758/3358 4757/4759/3358 4755/4757/3358
f 4755/4757/3300 4757/4759/3300 4740/4742/3300 4738/4740/3300
f 4753/4755/3333 4755/4757/3333 4738/4740/3333 4736/4738/3333
f 4756/4758/3291 4758/4760/3291 4759/4761/3291 4757/4759/3291
f 4758/4760/3335 4760/4762/3335 4761/4763/3335 4759/4761/3335
f 4759/4761/3290 4761/4763/3290 4744/4746/3290 4742/4744/3290
f 4757/4759/3303 4759/4761/3303 4742/4744/3303 4740/4742/3303
f 4760/4762/3359 4762/4764/3359 4763/4765/3359 4761/4763/3359
f 4762/4764/3360 4748/4750/3360 4751/4753/3360 4763/4765/3360
f 4763/4765/3361 4751/4753/3361 4732/4734/3361 4746/4748/3361
f 4761/4763/3362 4763/4765/3362 4746/4748/3362 4744/4746/3362
f 4764/4766/3357 4765/4767/3357 4766/4768/3357 4767/4769/3357
f 4765/4767/3363 4768/4770/3363 4769/4771/3363 4766/4768/3363
f 4766/4768/3282 4769/4771/3282 4752/4754/3282 4749/4751/3282
f 4767/4769/3298 4766/4768/3298 4749/4751/3298 4748/4750/3298
f 4768/4770/3364 4770/4772/3364 4771/4773/3364 4769/4771/3364
f 4770/4772/3365 4772/4774/3365 4773/4775/3365 4771/4773/3365
f 4771/4773/3366 4773/4775/3366 4756/4758/3366 4754/4756/3366
f 4769/4771/3340 4771/4773/3340 4754/4756/3340 4752/4754/3340
f 4772/4774/3315 4774/4776/3315 4775/4777/3315 4773/4775/3315
f 4774/4776/3367 4776/4778/3367 4777/4779/3367 4775/4777/3367
f 4775/4777/3351 4777/4779/3351 4760/4762/3351 4758/4760/3351
f 4773/4775/3306 4775/4777/3306 4758/4760/3306 4756/4758/3306
f 4776/4778/3368 4778/4780/3368 4779/4781/3368 4777/4779/3368
f 4778/4780/3369 4764/4766/3369 4767/4769/3369 4779/4781/3369
f 4779/4781/3309 4767/4769/3309 4748/4750/3309 4762/4764/3309
f 4777/4779/3370 4779/4781/3370 4762/4764/3370 4760/4762/3370
f 4780/4782/3298 4781/4783/3298 4782/4784/3298 4783/4785/3298
f 4781/4783/3283 4784/4786/3283 4785/4787/3283 4782/4784/3283
f 4782/4784/3363 4785/4787/3363 4768/4770/3363 4765/4767/3363
f 4783/4785/3344 4782/4784/3344 4765/4767/3344 4764/4766/3344
f 4784/4786/3371 4786/4788/3371 4787/4789/3371 4785/4787/3371
f 4786/4788/3372 4788/4790/3372 4789/4791/3372 4787/4789/3372
f 4787/4789/3331 4789/4791/3331 4772/4774/3331 4770/4772/3331
f 4785/4787/3373 4787/4789/3373 4770/4772/3373 4768/4770/3373
f 4788/4790/3291 4790/4792/3291 4791/4793/3291 4789/4791/3291
f 4790/4792/3335 4792/4794/3335 4793/4795/3335 4791/4793/3335
f 4791/4793/3374 4793/4795/3374 4776/4778/3374 4774/4776/3374
f 4789/4791/3375 4791/4793/3375 4774/4776/3375 4772/4774/3375
f 4792/4794/3376 4794/4796/3376 4795/4797/3376 4793/4795/3376
f 4794/4796/3293 4780/4782/3293 4783/4785/3293 4795/4797/3293
f 4795/4797/3294 4783/4785/3294 4764/4766/3294 4778/4780/3294
f 4793/4795/3320 4795/4797/3320 4778/4780/3320 4776/4778/3320
f 4796/4798/3298 4797/4799/3298 4798/4800/3298 4799/4801/3298
f 4797/4799/3377 4800/4802/3377 4801/4803/3377 4798/4800/3377
f 4798/4800/3346 4801/4803/3346 4784/4786/3346 4781/4783/3346
f 4799/4801/3284 4798/4800/3284 4781/4783/3284 4780/4782/3284
f 4800/4802/3378 4802/4804/3378 4803/4805/3378 4801/4803/3378
f 4802/4804/3379 4804/4806/3379 4805/4807/3379 4803/4805/3379
f 4803/4805/3380 4805/4807/3380 4788/4790/3380 4786/4788/3380
f 4801/4803/3381 4803/4805/3381 4786/4788/3381 4784/4786/3381
f 4804/4806/3289 4806/4808/3289 4807/4809/3289 4805/4807/3289
f 4806/4808/3382 4808/4810/3382 4809/4811/3382 4807/4809/3382
f 4807/4809/3374 4809/4811/3374 4792/4794/3374 4790/4792/3374
f 4805/4807/3289 4807/4809/3289 4790/4792/3289 4788/4790/3289
f 4808/4810/3307 4810/4812/3307 4811/4813/3307 4809/4811/3307
f 4810/4812/3383 4796/4798/3383 4799/4801/3383 4811/4813/3383
f 4811/4813/3384 4799/4801/3384 4780/4782/3384 4794/4796/3384
f 4809/4811/3385 4811/4813/3385 4794/4796/3385 4792/4794/3385
f 4812/4814/3281 4813/4815/3281 4814/4816/3281 4815/4817/3281
f 4813/4815/3345 4816/4818/3345 4817/4819/3345 4814/4816/3345
f 4814/4816/3356 4817/4819/3356 4800/4802/3356 4797/4799/3356
f 4815/4817/3296 4814/4816/3296 4797/4799/3296 4796/4798/3296
f 4816/4818/3386 4818/4820/3386 4819/4821/3386 4817/4819/3386
f 4818/4820/3366 4820/4822/3366 4821/4823/3366 4819/4821/3366
f 4819/4821/3387 4821/4823/3387 4804/4806/3387 4802/4804/3387
f 4817/4819/3288 4819/4821/3288 4802/4804/3288 4800/4802/3288
f 4820/4822/3375 4822/4824/3375 4823/4825/3375 4821/4823/3375
f 4822/4824/3388 4824/4826/3388 4825/4827/3388 4823/4825/3388
f 4823/4825/3335 4825/4827/3335 4808/4810/3335 4806/4808/3335
f 4821/4823/3341 4823/4825/3341 4806/4808/3341 4804/4806/3341
f 4824/4826/3343 4826/4828/3343 4827/4829/3343 4825/4827/3343
f 4826/4828/3389 4812/4814/3389 4815/4817/3389 4827/4829/3389
f 4827/4829/3383 4815/4817/3383 4796/4798/3383 4810/4812/3383
f 4825/4827/3390 4827/4829/3390 4810/4812/3390 4808/4810/3390
f 4828/4830/3391 4829/4831/3391 4830/4832/3391 4831/4833/3391
f 4829/4831/3377 4832/4834/3377 4833/4835/3377 4830/4832/3377
f 4830/4832/3311 4833/4835/3311 4816/4818/3311 4813/4815/3311
f 4831/4833/3392 4830/4832/3392 4813/4815/3392 4812/4814/3392
f 4832/4834/3393 4834/4836/3393 4835/4837/3393 4833/4835/3393
f 4834/4836/3380 4836/4838/3380 4837/4839/3380 4835/4837/3380
f 4835/4837/3394 4837/4839/3394 4820/4822/3394 4818/4820/3394
f 4833/4835/3395 4835/4837/3395 4818/4820/3395 4816/4818/3395
f 4836/4838/3396 4838/4840/3396 4839/4841/3396 4837/4839/3396
f 4838/4840/3397 4840/4842/3397 4841/4843/3397 4839/4841/3397
f 4839/4841/3290 4841/4843/3290 4824/4826/3290 4822/4824/3290
f 4837/4839/3291 4839/4841/3291 4822/4824/3291 4820/4822/3291
f 4840/4842/3398 4842/4844/3398 4843/4845/3398 4841/4843/3398
f 4842/4844/3399 4828/4830/3399 4831/4833/3399 4843/4845/3399
f 4843/4845/3400 4831/4833/3400 4812/4814/3400 4826/4828/3400
f 4841/4843/3317 4843/4845/3317 4826/4828/3317 4824/4826/3317
f 4844/4846/3330 4845/4847/3330 4846/4848/3330 4847/4849/3330
f 4845/4847/3377 4848/4850/3377 4849/4851/3377 4846/4848/3377
f 4846/4848/3322 4849/4851/3322 4832/4834/3322 4829/4831/3322
f 4847/4849/3298 4846/4848/3298 4829/4831/3298 4828/4830/3298
f 4848/4850/3401 4850/4852/3401 4851/4853/3401 4849/4851/3401
f 4850/4852/3402 4852/4854/3402 4853/4855/3402 4851/4853/3402
f 4851/4853/3403 4853/4855/3403 4836/4838/3403 4834/4836/3403
f 4849/4851/3404 4851/4853/3404 4834/4836/3404 4832/4834/3404
f 4852/4854/3334 4854/4856/3334 4855/4857/3334 4853/4855/3334
f 4854/4856/3335 4856/4858/3335 4857/4859/3335 4855/4857/3335
f 4855/4857/3326 4857/4859/3326 4840/4842/3326 4838/4840/3326
f 4853/4855/3405 4855/4857/3405 4838/4840/3405 4836/4838/3405
f 4856/4858/3406 4858/4860/3406 4859/4861/3406 4857/4859/3406
f 4858/4860/3407 4844/4846/3407 4847/4849/3407 4859/4861/3407
f 4859/4861/3384 4847/4849/3384 4828/4830/3384 4842/4844/3384
f 4857/4859/3292 4859/4861/3292 4842/4844/3292 4840/4842/3292
f 4860/4862/3392 4861/4863/3392 4862/4864/3392 4863/4865/3392
f 4861/4863/3408 4864/4866/3408 4865/4867/3408 4862/4864/3408
f 4862/4864/3322 4865/4867/3322 4848/4850/3322 4845/4847/3322
f 4863/4865/3296 4862/4864/3296 4845/4847/3296 4844/4846/3296
f 4864/4866/3409 4866/4868/3409 4867/4869/3409 4865/4867/3409
f 4866/4868/3372 4868/4870/3372 4869/4871/3372 4867/4869/3372
f 4867/4869/3410 4869/4871/3410 4852/4854/3410 4850/4852/3410
f 4865/4867/3411 4867/4869/3411 4850/4852/3411 4848/4850/3411
f 4868/4870/3303 4870/4872/3303 4871/4873/3303 4869/4871/3303
f 4870/4872/3336 4872/4874/3336 4873/4875/3336 4871/4873/3336
f 4871/4873/3412 4873/4875/3412 4856/4858/3412 4854/4856/3412
f 4869/4871/3413 4871/4873/3413 4854/4856/3413 4852/4854/3413
f 4872/4874/3414 4874/4876/3414 4875/4877/3414 4873/4875/3414
f 4874/4876/3415 4860/4862/3415 4863/4865/3415 4875/4877/3415
f 4875/4877/3308 4863/4865/3308 4844/4846/3308 4858/4860/3308
f 4873/4875/3406 4875/4877/3406 4858/4860/3406 4856/4858/3406
f 4876/4878/3392 4877/4879/3392 4878/4880/3392 4879/4881/3392
f 4877/4879/3416 4880/4882/3416 4881/4883/3416 4878/4880/3416
f 4878/4880/3283 4881/4883/3283 4864/4866/3283 4861/4863/3283
f 4879/4881/3296 4878/4880/3296 4861/4863/3296 4860/4862/3296
f 4880/4882/3340 4882/4884/3340 4883/4885/3340 4881/4883/3340
f 4882/4884/3300 4884/4886/3300 4885/4887/3300 4883/4885/3300
f 4883/4885/3417 4885/4887/3417 4868/4870/3417 4866/4868/3417
f 4881/4883/3411 4883/4885/3411 4866/4868/3411 4864/4866/3411
f 4884/4886/3375 4886/4888/3375 4887/4889/3375 4885/4887/3375
f 4886/4888/3418 4888/4890/3418 4889/4891/3418 4887/4889/3418
f 4887/4889/3419 4889/4891/3419 4872/4874/3419 4870/4872/3419
f 4885/4887/3420 4887/4889/3420 4870/4872/3420 4868/4870/3420
f 4888/4890/3421 4890/4892/3421 4891/4893/3421 4889/4891/3421
f 4890/4892/3422 4876/4878/3422 4879/4881/3422 4891/4893/3422
f 4891/4893/3399 4879/4881/3399 4860/4862/3399 4874/4876/3399
f 4889/4891/3317 4891/4893/3317 4874/4876/3317 4872/4874/3317
f 4892/4894/3281 4893/4895/3281 4894/4896/3281 4895/4897/3281
f 4893/4895/3423 4896/4898/3423 4897/4899/3423 4894/4896/3423
f 4894/4896/3322 4897/4899/3322 4880/4882/3322 4877/4879/3322
f 4895/4897/3344 4894/4896/3344 4877/4879/3344 4876/4878/3344
f 4896/4898/3324 4898/4900/3324 4899/4901/3324 4897/4899/3324
f 4898/4900/3424 4900/4902/3424 4901/4903/3424 4899/4901/3424
f 4899/4901/3394 4901/4903/3394 4884/4886/3394 4882/4884/3394
f 4897/4899/3425 4899/4901/3425 4882/4884/3425 4880/4882/3425
f 4900/4902/3303 4902/4904/3303 4903/4905/3303 4901/4903/3303
f 4902/4904/3426 4904/4906/3426 4905/4907/3426 4903/4905/3426
f 4903/4905/3388 4905/4907/3388 4888/4890/3388 4886/4888/3388
f 4901/4903/3291 4903/4905/3291 4886/4888/3291 4884/4886/3291
f 4904/4906/3427 4906/4908/3427 4907/4909/3427 4905/4907/3427
f 4906/4908/3428 4892/4894/3428 4895/4897/3428 4907/4909/3428
f 4907/4909/3429 4895/4897/3429 4876/4878/3429 4890/4892/3429
f 4905/4907/3430 4907/4909/3430 4890/4892/3430 4888/4890/3430
f 4908/4910/3357 4909/4911/3357 4910/4912/3357 4911/4913/3357
f 4909/4911/3431 4912/4914/3431 4913/4915/3431 4910/4912/3431
f 4910/4912/3283 4913/4915/3283 4896/4898/3283 4893/4895/3283
f 4911/4913/3432 4910/4912/3432 4893/4895/3432 4892/4894/3432
f 4912/4914/3299 4914/4916/3299 4915/4917/3299 4913/4915/3299
f 4914/4916/3433 4916/4918/3433 4917/4919/3433 4915/4917/3433
f 4915/4917/3434 4917/4919/3434 4900/4902/3434 4898/4900/3434
f 4913/4915/3435 4915/4917/3435 4898/4900/3435 4896/4898/3435
f 4916/4918/3341 4918/4920/3341 4919/4921/3341 4917/4919/3341
f 4918/4920/3436 4920/4922/3436 4921/4923/3436 4919/4921/3436
f 4919/4921/3335 4921/4923/3335 4904/4906/3335 4902/4904/3335
f 4917/4919/3289 4919/4921/3289 4902/4904/3289 4900/4902/3289
f 4920/4922/3437 4922/4924/3437 4923/4925/3437 4921/4923/3437
f 4922/4924/3438 4908/4910/3438 4911/4913/3438 4923/4925/3438
f 4923/4925/3439 4911/4913/3439 4892/4894/3439 4906/4908/3439
f 4921/4923/3430 4923/4925/3430 4906/4908/3430 4904/4906/3430
f 4924/4926/3347 4925/4927/3347 4926/4928/3347 4927/4929/3347
f 4925/4927/3282 4928/4930/3282 4929/4931/3282 4926/4928/3282
f 4926/4928/3416 4929/4931/3416 4912/4914/3416 4909/4911/3416
f 4927/4929/3284 4926/4928/3284 4909/4911/3284 4908/4910/3284
f 4928/4930/3333 4930/4932/3333 4931/4933/3333 4929/4931/3333
f 4930/4932/3440 4932/4934/3440 4933/4935/3440 4931/4933/3440
f 4931/4933/3441 4933/4935/3441 4916/4918/3441 4914/4916/3441
f 4929/4931/3442 4931/4933/3442 4914/4916/3442 4912/4914/3442
f 4932/4934/3303 4934/4936/3303 4935/4937/3303 4933/4935/3303
f 4934/4936/3443 4936/4938/3443 4937/4939/3443 4935/4937/3443
f 4935/4937/3304 4937/4939/3304 4920/4922/3304 4918/4920/3304
f 4933/4935/3444 4935/4937/3444 4918/4920/3444 4916/4918/3444
f 4936/4938/3445 4938/4940/3445 4939/4941/3445 4937/4939/3445
f 4938/4940/3384 4924/4926/3384 4927/4929/3384 4939/4941/3384
f 4939/4941/3446 4927/4929/3446 4908/4910/3446 4922/4924/3446
f 4937/4939/3317 4939/4941/3317 4922/4924/3317 4920/4922/3317
f 4940/4942/3344 4941/4943/3344 4942/4944/3344 4943/4945/3344
f 4941/4943/3447 4944/4946/3447 4945/4947/3447 4942/4944/3447
f 4942/4944/3408 4945/4947/3408 4928/4930/3408 4925/4927/3408
f 4943/4945/3284 4942/4944/3284 4925/4927/3284 4924/4926/3284
f 4944/4946/3285 4946/4948/3285 4947/4949/3285 4945/4947/3285
f 4946/4948/3448 4948/4950/3448 4949/4951/3448 4947/4949/3448
f 4947/4949/3287 4949/4951/3287 4932/4934/3287 4930/4932/3287
f 4945/4947/3449 4947/4949/3449 4930/4932/3449 4928/4930/3449
f 4948/4950/3289 4950/4952/3289 4951/4953/3289 4949/4951/3289
f 4950/4952/3450 4952/4954/3450 4953/4955/3450 4951/4953/3450
f 4951/4953/3451 4953/4955/3451 4936/4938/3451 4934/4936/3451
f 4949/4951/3306 4951/4953/3306 4934/4936/3306 4932/4934/3306
f 4952/4954/3452 4954/4956/3452 4955/4957/3452 4953/4955/3452
f 4954/4956/3319 4940/4942/3319 4943/4945/3319 4955/4957/3319
f 4955/4957/3342 4943/4945/3342 4924/4926/3342 4938/4940/3342
f 4953/4955/3453 4955/4957/3453 4938/4940/3453 4936/4938/3453
f 4956/4958/3281 4957/4959/3281 4958/4960/3281 4959/4961/3281
f 4957/4959/3297 4960/4962/3297 4961/4963/3297 4958/4960/3297
f 4958/4960/3297 4961/4963/3297 4944/4946/3297 4941/4943/3297
f 4959/4961/3454 4958/4960/3454 4941/4943/3454 4940/4942/3454
f 4960/4962/3455 4962/4964/3455 4963/4965/3455 4961/4963/3455
f 4962/4964/3312 4964/4966/3312 4965/4967/3312 4963/4965/3312
f 4963/4965/3456 4965/4967/3456 4948/4950/3456 4946/4948/3456
f 4961/4963/3457 4963/4965/3457 4946/4948/3457 4944/4946/3457
f 4964/4966/3458 4966/4968/3458 4967/4969/3458 4965/4967/3458
f 4966/4968/3388 4968/4970/3388 4969/4971/3388 4967/4969/3388
f 4967/4969/3459 4969/4971/3459 4952/4954/3459 4950/4952/3459
f 4965/4967/3303 4967/4969/3303 4950/4952/3303 4948/4950/3303
f 4968/4970/3460 4970/4972/3460 4971/4973/3460 4969/4971/3460
f 4970/4972/3461 4956/4958/3461 4959/4961/3461 4971/4973/3461
f 4971/4973/3293 4959/4961/3293 4940/4942/3293 4954/4956/3293
f 4969/4971/3427 4971/4973/3427 4954/4956/3427 4952/4954/3427
f 4972/4974/3432 4973/4975/3432 4974/4976/3432 4975/4977/3432
f 4973/4975/3283 4976/4978/3283 4977/4979/3283 4974/4976/3283
f 4974/4976/3423 4977/4979/3423 4960/4962/3423 4957/4959/3423
f 4975/4977/3281 4974/4976/3281 4957/4959/3281 4956/4958/3281
f 4976/4978/3462 4978/4980/3462 4979/4981/3462 4977/4979/3462
f 4978/4980/3463 4980/4982/3463 4981/4983/3463 4979/4981/3463
f 4979/4981/3464 4981/4983/3464 4964/4966/3464 4962/4964/3464
f 4977/4979/3409 4979/4981/3409 4962/4964/3409 4960/4962/3409
f 4980/4982/3465 4982/4984/3465 4983/4985/3465 4981/4983/3465
f 4982/4984/3466 4984/4986/3466 4985/4987/3466 4983/4985/3466
f 4983/4985/3382 4985/4987/3382 4968/4970/3382 4966/4968/3382
f 4981/4983/3289 4983/4985/3289 4966/4968/3289 4964/4966/3289
f 4984/4986/3467 4986/4988/3467 4987/4989/3467 4985/4987/3467
f 4986/4988/3468 4972/4974/3468 4975/4977/3468 4987/4989/3468
f 4987/4989/3469 4975/4977/3469 4956/4958/3469 4970/4972/3469
f 4985/4987/3352 4987/4989/3352 4970/4972/3352 4968/4970/3352
f 4988/4990/3321 4989/4991/3321 4990/4992/3321 4991/4993/3321
f 4989/4991/3470 4992/4994/3470 4993/4995/3470 4990/4992/3470
f 4990/4992/3416 4993/4995/3416 4976/4978/3416 4973/4975/3416
f 4991/4993/3471 4990/4992/3471 4973/4975/3471 4972/4974/3471
f 4992/4994/3472 4994/4996/3472 4995/4997/3472 4993/4995/3472
f 4994/4996/3473 4996/4998/3473 4997/4999/3473 4995/4997/3473
f 4995/4997/3474 4997/4999/3474 4980/4982/3474 4978/4980/3474
f 4993/4995/3386 4995/4997/3386 4978/4980/3386 4976/4978/3386
f 4996/4998/3420 4998/5000/3420 4999/5001/3420 4997/4999/3420
f 4998/5000/3305 5000/5002/3305 5001/5003/3305 4999/5001/3305
f 4999/5001/3305 5001/5003/3305 4984/4986/3305 4982/4984/3305
f 4997/4999/3289 4999/5001/3289 4982/4984/3289 4980/4982/3289
f 5000/5002/3427 5002/5004/3427 5003/5005/3427 5001/5003/3427
f 5002/5004/3319 4988/4990/3319 4991/4993/3319 5003/5005/3319
f 5003/5005/3415 4991/4993/3415 4972/4974/3415 4986/4988/3415
f 5001/5003/3475 5003/5005/3475 4986/4988/3475 4984/4986/3475
f 5004/5006/3344 5005/5007/3344 5006/5008/3344 5007/5009/3344
f 5005/5007/3476 5008/5010/3476 5009/5011/3476 5006/5008/3476
f 5006/5008/3297 5009/5011/3297 4992/4994/3297 4989/4991/3297
f 5007/5009/3477 5006/5008/3477 4989/4991/3477 4988/4990/3477
f 5008/5010/3478 5010/5012/3478 5011/5013/3478 5009/5011/3478
f 5010/5012/3417 5012/5014/3417 5013/5015/3417 5011/5013/3417
f 5011/5013/3479 5013/5015/3479 4996/4998/3479 4994/4996/3479
f 5009/5011/3288 5011/5013/3288 4994/4996/3288 4992/4994/3288
f 5012/5014/3480 5014/5016/3480 5015/5017/3480 5013/5015/3480
f 5014/5016/3426 5016/5018/3426 5017/5019/3426 5015/5017/3426
f 5015/5017/3382 5017/5019/3382 5000/5002/3382 4998/5000/3382
f 5013/5015/3396 5015/5017/3396 4998/5000/3396 4996/4998/3396
f 5016/5018/3481 5018/5020/3481 5019/5021/3481 5017/5019/3481
f 5018/5020/3309 5004/5006/3309 5007/5009/3309 5019/5021/3309
f 5019/5021/3482 5007/5009/3482 4988/4990/3482 5002/5004/3482
f 5017/5019/3483 5019/5021/3483 5002/5004/3483 5000/5002/3483
f 873/875/3484 872/874/3484 5020/5022/3484 5021/5023/3484
f 872/874/3485 871/873/3485 5022/5024/3485 5020/5022/3485
f 5020/5022/3486 5022/5024/3486 5008/5010/3486 5005/5007/3486
f 5021/5023/3487 5020/5022/3487 5005/5007/3487 5004/5006/3487
f 871/873/3488 870/872/3488 5023/5025/3488 5022/5024/3488
f 870/872/3489 869/871/3489 5024/5026/3489 5023/5025/3489
f 5023/5025/3490 5024/5026/3490 5012/5014/3490 5010/5012/3490
f 5022/5024/3491 5023/5025/3491 5010/5012/3491 5008/5010/3491
f 869/871/3492 866/868/3492 5025/5027/3492 5024/5026/3492
f 866/868/3493 865/867/3493 5026/5028/3493 5025/5027/3493
f 5025/5027/3494 5026/5028/3494 5016/5018/3494 5014/5016/3494
f 5024/5026/3495 5025/5027/3495 5014/5016/3495 5012/5014/3495
f 865/867/3496 868/870/3496 5027/5029/3496 5026/5028/3496
f 868/870/3497 873/875/3497 5021/5023/3497 5027/5029/3497
f 5027/5029/3498 5021/5023/3498 5004/5006/3498 5018/5020/3498
f 5026/5028/3499 5027/5029/3499 5018/5020/3499 5016/5018/3499
f 5028/5030/3500 5029/5031/3500 5030/5032/3500 5031/5033/3500
f 5029/5031/3501 5032/5034/3501 5033/5035/3501 5030/5032/3501
f 5030/5032/3502 5033/5035/3502 851/853/3502 854/856/3502
f 5031/5033/3503 5030/5032/3503 854/856/3503 857/859/3503
f 5032/5034/3504 5034/5036/3504 5035/5037/3504 5033/5035/3504
f 5034/5036/3505 5036/5038/3505 5037/5039/3505 5035/5037/3505
f 5035/5037/3506 5037/5039/3506 1152/1154/3506 1156/1158/3506
f 5033/5035/3507 5035/5037/3507 1156/1158/3507 851/853/3507
f 5036/5038/3508 5038/5040/3508 5039/5041/3508 5037/5039/3508
f 5038/5040/3509 5040/5042/3509 5041/5043/3509 5039/5041/3509
f 5039/5041/3510 5041/5043/3510 1115/1117/3510 1153/1155/3510
f 5037/5039/3511 5039/5041/3511 1153/1155/3511 1152/1154/3511
f 5040/5042/3512 5042/5044/3512 5043/5045/3512 5041/5043/3512
f 5042/5044/3513 5028/5030/3513 5031/5033/3513 5043/5045/3513
f 5043/5045/3514 5031/5033/3514 857/859/3514 1135/1137/3514
f 5041/5043/3515 5043/5045/3515 1135/1137/3515 1115/1117/3515
f 5044/5046/3516 5045/5047/3516 5046/5048/3516 5047/5049/3516
f 5045/5047/3517 5048/5050/3517 5049/5051/3517 5046/5048/3517
f 5046/5048/3518 5049/5051/3518 5032/5034/3518 5029/5031/3518
f 5047/5049/3519 5046/5048/3519 5029/5031/3519 5028/5030/3519
f 5048/5050/3520 5050/5052/3520 5051/5053/3520 5049/5051/3520
f 5050/5052/3521 5052/5054/3521 5053/5055/3521 5051/5053/3521
f 5051/5053/3522 5053/5055/3522 5036/5038/3522 5034/5036/3522
f 5049/5051/3523 5051/5053/3523 5034/5036/3523 5032/5034/3523
f 5052/5054/3524 5054/5056/3524 5055/5057/3524 5053/5055/3524
f 5054/5056/3525 5056/5058/3525 5057/5059/3525 5055/5057/3525
f 5055/5057/3526 5057/5059/3526 5040/5042/3526 5038/5040/3526
f 5053/5055/3527 5055/5057/3527 5038/5040/3527 5036/5038/3527
f 5056/5058/3528 5058/5060/3528 5059/5061/3528 5057/5059/3528
f 5058/5060/3529 5044/5046/3529 5047/5049/3529 5059/5061/3529
f 5059/5061/3530 5047/5049/3530 5028/5030/3530 5042/5044/3530
f 5057/5059/3531 5059/5061/3531 5042/5044/3531 5040/5042/3531
f 5060/5062/3532 5061/5063/3532 5062/5064/3532 5063/5065/3532
f 5061/5063/3533 5064/5066/3533 5065/5067/3533 5062/5064/3533
f 5062/5064/3534 5065/5067/3534 5048/5050/3534 5045/5047/3534
f 5063/5065/3516 5062/5064/3516 5045/5047/3516 5044/5046/3516
f 5064/5066/3535 5066/5068/3535 5067/5069/3535 5065/5067/3535
f 5066/5068/3536 5068/5070/3536 5069/5071/3536 5067/5069/3536
f 5067/5069/3537 5069/5071/3537 5052/5054/3537 5050/5052/3537
f 5065/5067/3538 5067/5069/3538 5050/5052/3538 5048/5050/3538
f 5068/5070/3524 5070/5072/3524 5071/5073/3524 5069/5071/3524
f 5070/5072/3525 5072/5074/3525 5073/5075/3525 5071/5073/3525
f 5071/5073/3539 5073/5075/3539 5056/5058/3539 5054/5056/3539
f 5069/5071/3540 5071/5073/3540 5054/5056/3540 5052/5054/3540
f 5072/5074/3541 5074/5076/3541 5075/5077/3541 5073/5075/3541
f 5074/5076/3529 5060/5062/3529 5063/5065/3529 5075/5077/3529
f 5075/5077/3529 5063/5065/3529 5044/5046/3529 5058/5060/3529
f 5073/5075/3541 5075/5077/3541 5058/5060/3541 5056/5058/3541
f 5076/5078/3532 5077/5079/3532 5078/5080/3532 5079/5081/3532
f 5077/5079/3542 5080/5082/3542 5081/5083/3542 5078/5080/3542
f 5078/5080/3534 5081/5083/3534 5064/5066/3534 5061/5063/3534
f 5079/5081/3543 5078/5080/3543 5061/5063/3543 5060/5062/3543
f 5080/5082/3538 5082/5084/3538 5083/5085/3538 5081/5083/3538
f 5082/5084/3544 5084/5086/3544 5085/5087/3544 5083/5085/3544
f 5083/5085/3545 5085/5087/3545 5068/5070/3545 5066/5068/3545
f 5081/5083/3546 5083/5085/3546 5066/5068/3546 5064/5066/3546
f 5084/5086/3540 5086/5088/3540 5087/5089/3540 5085/5087/3540
f 5086/5088/3547 5088/5090/3547 5089/5091/3547 5087/5089/3547
f 5087/5089/3548 5089/5091/3548 5072/5074/3548 5070/5072/3548
f 5085/5087/3549 5087/5089/3549 5070/5072/3549 5068/5070/3549
f 5088/5090/3550 5090/5092/3550 5091/5093/3550 5089/5091/3550
f 5090/5092/3551 5076/5078/3551 5079/5081/3551 5091/5093/3551
f 5091/5093/3552 5079/5081/3552 5060/5062/3552 5074/5076/3552
f 5089/5091/3553 5091/5093/3553 5074/5076/3553 5072/5074/3553
f 5092/5094/3554 5093/5095/3554 5094/5096/3554 5095/5097/3554
f 5093/5095/3534 5096/5098/3534 5097/5099/3534 5094/5096/3534
f 5094/5096/3555 5097/5099/3555 5080/5082/3555 5077/5079/3555
f 5095/5097/3556 5094/5096/3556 5077/5079/3556 5076/5078/3556
f 5096/5098/3557 5098/5100/3557 5099/5101/3557 5097/5099/3557
f 5098/5100/3558 5100/5102/3558 5101/5103/3558 5099/5101/3558
f 5099/5101/3559 5101/5103/3559 5084/5086/3559 5082/5084/3559
f 5097/5099/3560 5099/5101/3560 5082/5084/3560 5080/5082/3560
f 5100/5102/3524 5102/5104/3524 5103/5105/3524 5101/5103/3524
f 5102/5104/3526 5104/5106/3526 5105/5107/3526 5103/5105/3526
f 5103/5105/3561 5105/5107/3561 5088/5090/3561 5086/5088/3561
f 5101/5103/3527 5103/5105/3527 5086/5088/3527 5084/5086/3527
f 5104/5106/3528 5106/5108/3528 5107/5109/3528 5105/5107/3528
f 5106/5108/3552 5092/5094/3552 5095/5097/3552 5107/5109/3552
f 5107/5109/3562 5095/5097/3562 5076/5078/3562 5090/5092/3562
f 5105/5107/3553 5107/5109/3553 5090/5092/3553 5088/5090/3553
f 5108/5110/3563 5109/5111/3563 5110/5112/3563 5111/5113/3563
f 5109/5111/3555 5112/5114/3555 5113/5115/3555 5110/5112/3555
f 5110/5112/3517 5113/5115/3517 5096/5098/3517 5093/5095/3517
f 5111/5113/3519 5110/5112/3519 5093/5095/3519 5092/5094/3519
f 5112/5114/3564 5114/5116/3564 5115/5117/3564 5113/5115/3564
f 5114/5116/3565 5116/5118/3565 5117/5119/3565 5115/5117/3565
f 5115/5117/3566 5117/5119/3566 5100/5102/3566 5098/5100/3566
f 5113/5115/3564 5115/5117/3564 5098/5100/3564 5096/5098/3564
f 5116/5118/3567 5118/5120/3567 5119/5121/3567 5117/5119/3567
f 5118/5120/3526 5120/5122/3526 5121/5123/3526 5119/5121/3526
f 5119/5121/3525 5121/5123/3525 5104/5106/3525 5102/5104/3525
f 5117/5119/3540 5119/5121/3540 5102/5104/3540 5100/5102/3540
f 5120/5122/3568 5122/5124/3568 5123/5125/3568 5121/5123/3568
f 5122/5124/3569 5108/5110/3569 5111/5113/3569 5123/5125/3569
f 5123/5125/3570 5111/5113/3570 5092/5094/3570 5106/5108/3570
f 5121/5123/3541 5123/5125/3541 5106/5108/3541 5104/5106/3541
f 5124/5126/3516 5125/5127/3516 5126/5128/3516 5127/5129/3516
f 5125/5127/3517 5128/5130/3517 5129/5131/3517 5126/5128/3517
f 5126/5128/3534 5129/5131/3534 5112/5114/3534 5109/5111/3534
f 5127/5129/3516 5126/5128/3516 5109/5111/3516 5108/5110/3516
f 5128/5130/3571 5130/5132/3571 5131/5133/3571 5129/5131/3571
f 5130/5132/3536 5132/5134/3536 5133/5135/3536 5131/5133/3536
f 5131/5133/3566 5133/5135/3566 5116/5118/3566 5114/5116/3566
f 5129/5131/3572 5131/5133/3572 5114/5116/3572 5112/5114/3572
f 5132/5134/3527 5134/5136/3527 5135/5137/3527 5133/5135/3527
f 5134/5136/3573 5136/5138/3573 5137/5139/3573 5135/5137/3573
f 5135/5137/3526 5137/5139/3526 5120/5122/3526 5118/5120/3526
f 5133/5135/3524 5135/5137/3524 5118/5120/3524 5116/5118/3524
f 5136/5138/3553 5138/5140/3553 5139/5141/3553 5137/5139/3553
f 5138/5140/3574 5124/5126/3574 5127/5129/3574 5139/5141/3574
f 5139/5141/3575 5127/5129/3575 5108/5110/3575 5122/5124/3575
f 5137/5139/3528 5139/5141/3528 5122/5124/3528 5120/5122/3528
f 5140/5142/3519 5141/5143/3519 5142/5144/3519 5143/5145/3519
f 5141/5143/3576 5144/5146/3576 5145/5147/3576 5142/5144/3576
f 5142/5144/3533 5145/5147/3533 5128/5130/3533 5125/5127/3533
f 5143/5145/3516 5142/5144/3516 5125/5127/3516 5124/5126/3516
f 5144/5146/3577 5146/5148/3577 5147/5149/3577 5145/5147/3577
f 5146/5148/3578 5148/5150/3578 5149/5151/3578 5147/5149/3578
f 5147/5149/3579 5149/5151/3579 5132/5134/3579 5130/5132/3579
f 5145/5147/3538 5147/5149/3538 5130/5132/3538 5128/5130/3538
f 5148/5150/3540 5150/5152/3540 5151/5153/3540 5149/5151/3540
f 5150/5152/3580 5152/5154/3580 5153/5155/3580 5151/5153/3580
f 5151/5153/3548 5153/5155/3548 5136/5138/3548 5134/5136/3548
f 5149/5151/3540 5151/5153/3540 5134/5136/3540 5132/5134/3540
f 5152/5154/3541 5154/5156/3541 5155/5157/3541 5153/5155/3541
f 5154/5156/3574 5140/5142/3574 5143/5145/3574 5155/5157/3574
f 5155/5157/3581 5143/5145/3581 5124/5126/3581 5138/5140/3581
f 5153/5155/3553 5155/5157/3553 5138/5140/3553 5136/5138/3553
f 5156/5158/3519 5157/5159/3519 5158/5160/3519 5159/5161/3519
f 5157/5159/3555 5160/5162/3555 5161/5163/3555 5158/5160/3555
f 5158/5160/3533 5161/5163/3533 5144/5146/3533 5141/5143/3533
f 5159/5161/3519 5158/5160/3519 5141/5143/3519 5140/5142/3519
f 5160/5162/3571 5162/5164/3571 5163/5165/3571 5161/5163/3571
f 5162/5164/3582 5164/5166/3582 5165/5167/3582 5163/5165/3582
f 5163/5165/3583 5165/5167/3583 5148/5150/3583 5146/5148/3583
f 5161/5163/3546 5163/5165/3546 5146/5148/3546 5144/5146/3546
f 5164/5166/3584 5166/5168/3584 5167/5169/3584 5165/5167/3584
f 5166/5168/3585 5168/5170/3585 5169/5171/3585 5167/5169/3585
f 5167/5169/3547 5169/5171/3547 5152/5154/3547 5150/5152/3547
f 5165/5167/3527 5167/5169/3527 5150/5152/3527 5148/5150/3527
f 5168/5170/3528 5170/5172/3528 5171/5173/3528 5169/5171/3528
f 5170/5172/3529 5156/5158/3529 5159/5161/3529 5171/5173/3529
f 5171/5173/3586 5159/5161/3586 5140/5142/3586 5154/5156/3586
f 5169/5171/3587 5171/5173/3587 5154/5156/3587 5152/5154/3587
f 5172/5174/3519 5173/5175/3519 5174/5176/3519 5175/5177/3519
f 5173/5175/3588 5176/5178/3588 5177/5179/3588 5174/5176/3588
f 5174/5176/3542 5177/5179/3542 5160/5162/3542 5157/5159/3542
f 5175/5177/3519 5174/5176/3519 5157/5159/3519 5156/5158/3519
f 5176/5178/3577 5178/5180/3577 5179/5181/3577 5177/5179/3577
f 5178/5180/3583 5180/5182/3583 5181/5183/3583 5179/5181/3583
f 5179/5181/3521 5181/5183/3521 5164/5166/3521 5162/5164/3521
f 5177/5179/3589 5179/5181/3589 5162/5164/3589 5160/5162/3589
f 5180/5182/3527 5182/5184/3527 5183/5185/3527 5181/5183/3527
f 5182/5184/3526 5184/5186/3526 5185/5187/3526 5183/5185/3526
f 5183/5185/3539 5185/5187/3539 5168/5170/3539 5166/5168/3539
f 5181/5183/3527 5183/5185/3527 5166/5168/3527 5164/5166/3527
f 5184/5186/3590 5186/5188/3590 5187/5189/3590 5185/5187/3590
f 5186/5188/3586 5172/5174/3586 5175/5177/3586 5187/5189/3586
f 5187/5189/3591 5175/5177/3591 5156/5158/3591 5170/5172/3591
f 5185/5187/3592 5187/5189/3592 5170/5172/3592 5168/5170/3592
f 5188/5190/3593 5189/5191/3593 5190/5192/3593 5191/5193/3593
f 5189/5191/3594 5192/5194/3594 5193/5195/3594 5190/5192/3594
f 5190/5192/3595 5193/5195/3595 5176/5178/3595 5173/5175/3595
f 5191/5193/3516 5190/5192/3516 5173/5175/3516 5172/5174/3516
f 5192/5194/3572 5194/5196/3572 5195/5197/3572 5193/5195/3572
f 5194/5196/3537 5196/5198/3537 5197/5199/3537 5195/5197/3537
f 5195/5197/3565 5197/5199/3565 5180/5182/3565 5178/5180/3565
f 5193/5195/3523 5195/5197/3523 5178/5180/3523 5176/5178/3523
f 5196/5198/3584 5198/5200/3584 5199/5201/3584 5197/5199/3584
f 5198/5200/3526 5200/5202/3526 5201/5203/3526 5199/5201/3526
f 5199/5201/3561 5201/5203/3561 5184/5186/3561 5182/5184/3561
f 5197/5199/3524 5199/5201/3524 5182/5184/3524 5180/5182/3524
f 5200/5202/3553 5202/5204/3553 5203/5205/3553 5201/5203/3553
f 5202/5204/3596 5188/5190/3596 5191/5193/3596 5203/5205/3596
f 5203/5205/3529 5191/5193/3529 5172/5174/3529 5186/5188/3529
f 5201/5203/3597 5203/5205/3597 5186/5188/3597 5184/5186/3597
f 5204/5206/3516 5205/5207/3516 5206/5208/3516 5207/5209/3516
f 5205/5207/3518 5208/5210/3518 5209/5211/3518 5206/5208/3518
f 5206/5208/3598 5209/5211/3598 5192/5194/3598 5189/5191/3598
f 5207/5209/3554 5206/5208/3554 5189/5191/3554 5188/5190/3554
f 5208/5210/3599 5210/5212/3599 5211/5213/3599 5209/5211/3599
f 5210/5212/3600 5212/5214/3600 5213/5215/3600 5211/5213/3600
f 5211/5213/3601 5213/5215/3601 5196/5198/3601 5194/5196/3601
f 5209/5211/3589 5211/5213/3589 5194/5196/3589 5192/5194/3589
f 5212/5214/3602 5214/5216/3602 5215/5217/3602 5213/5215/3602
f 5214/5216/3561 5216/5218/3561 5217/5219/3561 5215/5217/3561
f 5215/5217/3603 5217/5219/3603 5200/5202/3603 5198/5200/3603
f 5213/5215/3604 5215/5217/3604 5198/5200/3604 5196/5198/3604
f 5216/5218/3605 5218/5220/3605 5219/5221/3605 5217/5219/3605
f 5218/5220/3606 5204/5206/3606 5207/5209/3606 5219/5221/3606
f 5219/5221/3574 5207/5209/3574 5188/5190/3574 5202/5204/3574
f 5217/5219/3607 5219/5221/3607 5202/5204/3607 5200/5202/3607
f 5220/5222/3519 5221/5223/3519 5222/5224/3519 5223/5225/3519
f 5221/5223/3608 5224/5226/3608 5225/5227/3608 5222/5224/3608
f 5222/5224/3609 5225/5227/3609 5208/5210/3609 5205/5207/3609
f 5223/5225/3554 5222/5224/3554 5205/5207/3554 5204/5206/3554
f 5224/5226/3610 5226/5228/3610 5227/5229/3610 5225/5227/3610
f 5226/5228/3611 5228/5230/3611 5229/5231/3611 5227/5229/3611
f 5227/5229/3612 5229/5231/3612 5212/5214/3612 5210/5212/3612
f 5225/5227/3577 5227/5229/3577 5210/5212/3577 5208/5210/3577
f 5228/5230/3613 5230/5232/3613 5231/5233/3613 5229/5231/3613
f 5230/5232/3614 5232/5234/3614 5233/5235/3614 5231/5233/3614
f 5231/5233/3539 5233/5235/3539 5216/5218/3539 5214/5216/3539
f 5229/5231/3540 5231/5233/3540 5214/5216/3540 5212/5214/3540
f 5232/5234/3615 5234/5236/3615 5235/5237/3615 5233/5235/3615
f 5234/5236/3616 5220/5222/3616 5223/5225/3616 5235/5237/3616
f 5235/5237/3617 5223/5225/3617 5204/5206/3617 5218/5220/3617
f 5233/5235/3618 5235/5237/3618 5218/5220/3618 5216/5218/3618
f 5236/5238/3516 5237/5239/3516 5238/5240/3516 5239/5241/3516
f 5237/5239/3608 5240/5242/3608 5241/5243/3608 5238/5240/3608
f 5238/5240/3619 5241/5243/3619 5224/5226/3619 5221/5223/3619
f 5239/5241/3519 5238/5240/3519 5221/5223/3519 5220/5222/3519
f 5240/5242/3546 5242/5244/3546 5243/5245/3546 5241/5243/3546
f 5242/5244/3620 5244/5246/3620 5245/5247/3620 5243/5245/3620
f 5243/5245/3621 5245/5247/3621 5228/5230/3621 5226/5228/3621
f 5241/5243/3622 5243/5245/3622 5226/5228/3622 5224/5226/3622
f 5244/5246/3623 5246/5248/3623 5247/5249/3623 5245/5247/3623
f 5246/5248/3624 5248/5250/3624 5249/5251/3624 5247/5249/3624
f 5247/5249/3539 5249/5251/3539 5232/5234/3539 5230/5232/3539
f 5245/5247/3625 5247/5249/3625 5230/5232/3625 5228/5230/3625
f 5248/5250/3626 5250/5252/3626 5251/5253/3626 5249/5251/3626
f 5250/5252/3627 5236/5238/3627 5239/5241/3627 5251/5253/3627
f 5251/5253/3552 5239/5241/3552 5220/5222/3552 5234/5236/3552
f 5249/5251/3553 5251/5253/3553 5234/5236/3553 5232/5234/3553
f 5252/5254/3532 5253/5255/3532 5254/5256/3532 5255/5257/3532
f 5253/5255/3608 5256/5258/3608 5257/5259/3608 5254/5256/3608
f 5254/5256/3555 5257/5259/3555 5240/5242/3555 5237/5239/3555
f 5255/5257/3593 5254/5256/3593 5237/5239/3593 5236/5238/3593
f 5256/5258/3572 5258/5260/3572 5259/5261/3572 5257/5259/3572
f 5258/5260/3583 5260/5262/3583 5261/5263/3583 5259/5261/3583
f 5259/5261/3628 5261/5263/3628 5244/5246/3628 5242/5244/3628
f 5257/5259/3577 5259/5261/3577 5242/5244/3577 5240/5242/3577
f 5260/5262/3623 5262/5264/3623 5263/5265/3623 5261/5263/3623
f 5262/5264/3573 5264/5266/3573 5265/5267/3573 5263/5265/3573
f 5263/5265/3526 5265/5267/3526 5248/5250/3526 5246/5248/3526
f 5261/5263/3540 5263/5265/3540 5246/5248/3540 5244/5246/3540
f 5264/5266/3531 5266/5268/3531 5267/5269/3531 5265/5267/3531
f 5266/5268/3629 5252/5254/3629 5255/5257/3629 5267/5269/3629
f 5267/5269/3630 5255/5257/3630 5236/5238/3630 5250/5252/3630
f 5265/5267/3631 5267/5269/3631 5250/5252/3631 5248/5250/3631
f 5268/5270/3516 5269/5271/3516 5270/5272/3516 5271/5273/3516
f 5269/5271/3534 5272/5274/3534 5273/5275/3534 5270/5272/3534
f 5270/5272/3576 5273/5275/3576 5256/5258/3576 5253/5255/3576
f 5271/5273/3532 5270/5272/3532 5253/5255/3532 5252/5254/3532
f 5272/5274/3632 5274/5276/3632 5275/5277/3632 5273/5275/3632
f 5274/5276/3633 5276/5278/3633 5277/5279/3633 5275/5277/3633
f 5275/5277/3634 5277/5279/3634 5260/5262/3634 5258/5260/3634
f 5273/5275/3635 5275/5277/3635 5258/5260/3635 5256/5258/3635
f 5276/5278/3602 5278/5280/3602 5279/5281/3602 5277/5279/3602
f 5278/5280/3548 5280/5282/3548 5281/5283/3548 5279/5281/3548
f 5279/5281/3636 5281/5283/3636 5264/5266/3636 5262/5264/3636
f 5277/5279/3540 5279/5281/3540 5262/5264/3540 5260/5262/3540
f 5280/5282/3637 5282/5284/3637 5283/5285/3637 5281/5283/3637
f 5282/5284/3638 5268/5270/3638 5271/5273/3638 5283/5285/3638
f 5283/5285/3569 5271/5273/3569 5252/5254/3569 5266/5268/3569
f 5281/5283/3541 5283/5285/3541 5266/5268/3541 5264/5266/3541
f 5284/5286/3519 5285/5287/3519 5286/5288/3519 5287/5289/3519
f 5285/5287/3533 5288/5290/3533 5289/5291/3533 5286/5288/3533
f 5286/5288/3639 5289/5291/3639 5272/5274/3639 5269/5271/3639
f 5287/5289/3640 5286/5288/3640 5269/5271/3640 5268/5270/3640
f 5288/5290/3641 5290/5292/3641 5291/5293/3641 5289/5291/3641
f 5290/5292/3642 5292/5294/3642 5293/5295/3642 5291/5293/3642
f 5291/5293/3643 5293/5295/3643 5276/5278/3643 5274/5276/3643
f 5289/5291/3557 5291/5293/3557 5274/5276/3557 5272/5274/3557
f 5292/5294/3527 5294/5296/3527 5295/5297/3527 5293/5295/3527
f 5294/5296/3561 5296/5298/3561 5297/5299/3561 5295/5297/3561
f 5295/5297/3539 5297/5299/3539 5280/5282/3539 5278/5280/3539
f 5293/5295/3604 5295/5297/3604 5278/5280/3604 5276/5278/3604
f 5296/5298/3644 5298/5300/3644 5299/5301/3644 5297/5299/3644
f 5298/5300/3638 5284/5286/3638 5287/5289/3638 5299/5301/3638
f 5299/5301/3645 5287/5289/3645 5268/5270/3645 5282/5284/3645
f 5297/5299/3646 5299/5301/3646 5282/5284/3646 5280/5282/3646
f 5300/5302/3647 5301/5303/3647 5302/5304/3647 5303/5305/3647
f 5301/5303/3542 5304/5306/3542 5305/5307/3542 5302/5304/3542
f 5302/5304/3588 5305/5307/3588 5288/5290/3588 5285/5287/3588
f 5303/5305/3519 5302/5304/3519 5285/5287/3519 5284/5286/3519
f 5304/5306/3648 5306/5308/3648 5307/5309/3648 5305/5307/3648
f 5306/5308/3649 5308/5310/3649 5309/5311/3649 5307/5309/3649
f 5307/5309/3583 5309/5311/3583 5292/5294/3583 5290/5292/3583
f 5305/5307/3650 5307/5309/3650 5290/5292/3650 5288/5290/3650
f 5308/5310/3651 5310/5312/3651 5311/5313/3651 5309/5311/3651
f 5310/5312/3652 5312/5314/3652 5313/5315/3652 5311/5313/3652
f 5311/5313/3548 5313/5315/3548 5296/5298/3548 5294/5296/3548
f 5309/5311/3613 5311/5313/3613 5294/5296/3613 5292/5294/3613
f 5312/5314/3587 5314/5316/3587 5315/5317/3587 5313/5315/3587
f 5314/5316/3653 5300/5302/3653 5303/5305/3653 5315/5317/3653
f 5315/5317/3570 5303/5305/3570 5284/5286/3570 5298/5300/3570
f 5313/5315/3654 5315/5317/3654 5298/5300/3654 5296/5298/3654
f 5316/5318/3556 5317/5319/3556 5318/5320/3556 5319/5321/3556
f 5317/5319/3594 5320/5322/3594 5321/5323/3594 5318/5320/3594
f 5318/5320/3542 5321/5323/3542 5304/5306/3542 5301/5303/3542
f 5319/5321/3554 5318/5320/3554 5301/5303/3554 5300/5302/3554
f 5320/5322/3535 5322/5324/3535 5323/5325/3535 5321/5323/3535
f 5322/5324/3655 5324/5326/3655 5325/5327/3655 5323/5325/3655
f 5323/5325/3649 5325/5327/3649 5308/5310/3649 5306/5308/3649
f 5321/5323/3589 5323/5325/3589 5306/5308/3589 5304/5306/3589
f 5324/5326/3527 5326/5328/3527 5327/5329/3527 5325/5327/3527
f 5326/5328/3573 5328/5330/3573 5329/5331/3573 5327/5329/3573
f 5327/5329/3656 5329/5331/3656 5312/5314/3656 5310/5312/3656
f 5325/5327/3604 5327/5329/3604 5310/5312/3604 5308/5310/3604
f 5328/5330/3657 5330/5332/3657 5331/5333/3657 5329/5331/3657
f 5330/5332/3658 5316/5318/3658 5319/5321/3658 5331/5333/3658
f 5331/5333/3552 5319/5321/3552 5300/5302/3552 5314/5316/3552
f 5329/5331/3659 5331/5333/3659 5314/5316/3659 5312/5314/3659
f 5332/5334/3516 5333/5335/3516 5334/5336/3516 5335/5337/3516
f 5333/5335/3518 5336/5338/3518 5337/5339/3518 5334/5336/3518
f 5334/5336/3594 5337/5339/3594 5320/5322/3594 5317/5319/3594
f 5335/5337/3554 5334/5336/3554 5317/5319/3554 5316/5318/3554
f 5336/5338/3622 5338/5340/3622 5339/5341/3622 5337/5339/3622
f 5338/5340/3660 5340/5342/3660 5341/5343/3660 5339/5341/3660
f 5339/5341/3621 5341/5343/3621 5324/5326/3621 5322/5324/3621
f 5337/5339/3577 5339/5341/3577 5322/5324/3577 5320/5322/3577
f 5340/5342/3524 5342/5344/3524 5343/5345/3524 5341/5343/3524
f 5342/5344/3539 5344/5346/3539 5345/5347/3539 5343/5345/3539
f 5343/5345/3603 5345/5347/3603 5328/5330/3603 5326/5328/3603
f 5341/5343/3661 5343/5345/3661 5326/5328/3661 5324/5326/3661
f 5344/5346/3662 5346/5348/3662 5347/5349/3662 5345/5347/3662
f 5346/5348/3663 5332/5334/3663 5335/5337/3663 5347/5349/3663
f 5347/5349/3616 5335/5337/3616 5316/5318/3616 5330/5332/3616
f 5345/5347/3664 5347/5349/3664 5330/5332/3664 5328/5330/3664
f 5348/5350/3640 5349/5351/3640 5350/5352/3640 5351/5353/3640
f 5349/5351/3588 5352/5354/3588 5353/5355/3588 5350/5352/3588
f 5350/5352/3555 5353/5355/3555 5336/5338/3555 5333/5335/3555
f 5351/5353/3665 5350/5352/3665 5333/5335/3665 5332/5334/3665
f 5352/5354/3546 5354/5356/3546 5355/5357/3546 5353/5355/3546
f 5354/5356/3666 5356/5358/3666 5357/5359/3666 5355/5357/3666
f 5355/5357/3583 5357/5359/3583 5340/5342/3583 5338/5340/3583
f 5353/5355/3667 5355/5357/3667 5338/5340/3667 5336/5338/3667
f 5356/5358/3623 5358/5360/3623 5359/5361/3623 5357/5359/3623
f 5358/5360/3614 5360/5362/3614 5361/5363/3614 5359/5361/3614
f 5359/5361/3603 5361/5363/3603 5344/5346/3603 5342/5344/3603
f 5357/5359/3668 5359/5361/3668 5342/5344/3668 5340/5342/3668
f 5360/5362/3597 5362/5364/3597 5363/5365/3597 5361/5363/3597
f 5362/5364/3596 5348/5350/3596 5351/5353/3596 5363/5365/3596
f 5363/5365/3574 5351/5353/3574 5332/5334/3574 5346/5348/3574
f 5361/5363/3669 5363/5365/3669 5346/5348/3669 5344/5346/3669
f 5364/5366/3554 5365/5367/3554 5366/5368/3554 5367/5369/3554
f 5365/5367/3670 5368/5370/3670 5369/5371/3670 5366/5368/3670
f 5366/5368/3594 5369/5371/3594 5352/5354/3594 5349/5351/3594
f 5367/5369/3671 5366/5368/3671 5349/5351/3671 5348/5350/3671
f 5368/5370/3672 5370/5372/3672 5371/5373/3672 5369/5371/3672
f 5370/5372/3634 5372/5374/3634 5373/5375/3634 5371/5373/3634
f 5371/5373/3642 5373/5375/3642 5356/5358/3642 5354/5356/3642
f 5369/5371/3673 5371/5373/3673 5354/5356/3673 5352/5354/3673
f 5372/5374/3527 5374/5376/3527 5375/5377/3527 5373/5375/3527
f 5374/5376/3525 5376/5378/3525 5377/5379/3525 5375/5377/3525
f 5375/5377/3539 5377/5379/3539 5360/5362/3539 5358/5360/3539
f 5373/5375/3668 5375/5377/3668 5358/5360/3668 5356/5358/3668
f 5376/5378/3637 5378/5380/3637 5379/5381/3637 5377/5379/3637
f 5378/5380/3570 5364/5366/3570 5367/5369/3570 5379/5381/3570
f 5379/5381/3591 5367/5369/3591 5348/5350/3591 5362/5364/3591
f 5377/5379/3553 5379/5381/3553 5362/5364/3553 5360/5362/3553
f 5380/5382/3519 5381/5383/3519 5382/5384/3519 5383/5385/3519
f 5381/5383/3533 5384/5386/3533 5385/5387/3533 5382/5384/3533
f 5382/5384/3594 5385/5387/3594 5368/5370/3594 5365/5367/3594
f 5383/5385/3519 5382/5384/3519 5365/5367/3519 5364/5366/3519
f 5384/5386/3674 5386/5388/3674 5387/5389/3674 5385/5387/3674
f 5386/5388/3634 5388/5390/3634 5389/5391/3634 5387/5389/3634
f 5387/5389/3620 5389/5391/3620 5372/5374/3620 5370/5372/3620
f 5385/5387/3546 5387/5389/3546 5370/5372/3546 5368/5370/3546
f 5388/5390/3540 5390/5392/3540 5391/5393/3540 5389/5391/3540
f 5390/5392/3585 5392/5394/3585 5393/5395/3585 5391/5393/3585
f 5391/5393/3603 5393/5395/3603 5376/5378/3603 5374/5376/3603
f 5389/5391/3651 5391/5393/3651 5374/5376/3651 5372/5374/3651
f 5392/5394/3675 5394/5396/3675 5395/5397/3675 5393/5395/3675
f 5394/5396/3676 5380/5382/3676 5383/5385/3676 5395/5397/3676
f 5395/5397/3677 5383/5385/3677 5364/5366/3677 5378/5380/3677
f 5393/5395/3678 5395/5397/3678 5378/5380/3678 5376/5378/3678
f 5396/5398/3679 5397/5399/3679 5398/5400/3679 5399/5401/3679
f 5397/5399/3639 5400/5402/3639 5401/5403/3639 5398/5400/3639
f 5398/5400/3542 5401/5403/3542 5384/5386/3542 5381/5383/3542
f 5399/5401/3543 5398/5400/3543 5381/5383/3543 5380/5382/3543
f 5400/5402/3680 5402/5404/3680 5403/5405/3680 5401/5403/3680
f 5402/5404/3681 5404/5406/3681 5405/5407/3681 5403/5405/3681
f 5403/5405/3565 5405/5407/3565 5388/5390/3565 5386/5388/3565
f 5401/5403/3682 5403/5405/3682 5386/5388/3682 5384/5386/3682
f 5404/5406/3602 5406/5408/3602 5407/5409/3602 5405/5407/3602
f 5406/5408/3526 5408/5410/3526 5409/5411/3526 5407/5409/3526
f 5407/5409/3525 5409/5411/3525 5392/5394/3525 5390/5392/3525
f 5405/5407/3584 5407/5409/3584 5390/5392/3584 5388/5390/3584
f 5408/5410/3664 5410/5412/3664 5411/5413/3664 5409/5411/3664
f 5410/5412/3683 5396/5398/3683 5399/5401/3683 5411/5413/3683
f 5411/5413/3677 5399/5401/3677 5380/5382/3677 5394/5396/3677
f 5409/5411/3553 5411/5413/3553 5394/5396/3553 5392/5394/3553
f 5412/5414/3684 5413/5415/3684 5414/5416/3684 5415/5417/3684
f 5413/5415/3518 5416/5418/3518 5417/5419/3518 5414/5416/3518
f 5414/5416/3685 5417/5419/3685 5400/5402/3685 5397/5399/3685
f 5415/5417/3519 5414/5416/3519 5397/5399/3519 5396/5398/3519
f 5416/5418/3557 5418/5420/3557 5419/5421/3557 5417/5419/3557
f 5418/5420/3582 5420/5422/3582 5421/5423/3582 5419/5421/3582
f 5419/5421/3583 5421/5423/3583 5404/5406/3583 5402/5404/3583
f 5417/5419/3523 5419/5421/3523 5402/5404/3523 5400/5402/3523
f 5420/5422/3584 5422/5424/3584 5423/5425/3584 5421/5423/3584
f 5422/5424/3526 5424/5426/3526 5425/5427/3526 5423/5425/3526
f 5423/5425/3614 5425/5427/3614 5408/5410/3614 5406/5408/3614
f 5421/5423/3540 5423/5425/3540 5406/5408/3540 5404/5406/3540
f 5424/5426/3587 5426/5428/3587 5427/5429/3587 5425/5427/3587
f 5426/5428/3570 5412/5414/3570 5415/5417/3570 5427/5429/3570
f 5427/5429/3638 5415/5417/3638 5396/5398/3638 5410/5412/3638
f 5425/5427/3686 5427/5429/3686 5410/5412/3686 5408/5410/3686
f 5428/5430/3519 5429/5431/3519 5430/5432/3519 5431/5433/3519
f 5429/5431/3542 5432/5434/3542 5433/5435/3542 5430/5432/3542
f 5430/5432/3687 5433/5435/3687 5416/5418/3687 5413/5415/3687
f 5431/5433/3684 5430/5432/3684 5413/5415/3684 5412/5414/3684
f 5432/5434/3523 5434/5436/3523 5435/5437/3523 5433/5435/3523
f 5434/5436/3688 5436/5438/3688 5437/5439/3688 5435/5437/3688
f 5435/5437/3612 5437/5439/3612 5420/5422/3612 5418/5420/3612
f 5433/5435/3689 5435/5437/3689 5418/5420/3689 5416/5418/3689
f 5436/5438/3690 5438/5440/3690 5439/5441/3690 5437/5439/3690
f 5438/5440/3525 5440/5442/3525 5441/5443/3525 5439/5441/3525
f 5439/5441/3691 5441/5443/3691 5424/5426/3691 5422/5424/3691
f 5437/5439/3540 5439/5441/3540 5422/5424/3540 5420/5422/3540
f 5440/5442/3692 5442/5444/3692 5443/5445/3692 5441/5443/3692
f 5442/5444/3630 5428/5430/3630 5431/5433/3630 5443/5445/3630
f 5443/5445/3638 5431/5433/3638 5412/5414/3638 5426/5428/3638
f 5441/5443/3553 5443/5445/3553 5426/5428/3553 5424/5426/3553
f 850/852/3693 849/851/3693 5444/5446/3693 5445/5447/3693
f 849/851/3694 848/850/3694 5446/5448/3694 5444/5446/3694
f 5444/5446/3695 5446/5448/3695 5432/5434/3695 5429/5431/3695
f 5445/5447/3696 5444/5446/3696 5429/5431/3696 5428/5430/3696
f 848/850/3697 847/849/3697 5447/5449/3697 5446/5448/3697
f 847/849/3698 846/848/3698 5448/5450/3698 5447/5449/3698
f 5447/5449/3699 5448/5450/3699 5436/5438/3699 5434/5436/3699
f 5446/5448/3700 5447/5449/3700 5434/5436/3700 5432/5434/3700
f 846/848/3701 843/845/3701 5449/5451/3701 5448/5450/3701
f 843/845/3702 842/844/3702 5450/5452/3702 5449/5451/3702
f 5449/5451/3703 5450/5452/3703 5440/5442/3703 5438/5440/3703
f 5448/5450/3704 5449/5451/3704 5438/5440/3704 5436/5438/3704
f 842/844/3705 845/847/3705 5451/5453/3705 5450/5452/3705
f 845/847/3706 850/852/3706 5445/5447/3706 5451/5453/3706
f 5451/5453/3707 5445/5447/3707 5428/5430/3707 5442/5444/3707
f 5450/5452/3708 5451/5453/3708 5442/5444/3708 5440/5442/3708
f 5452/5454/3709 5453/5455/3709 5454/5456/3709 5455/5457/3709
f 5453/5455/3710 5456/5458/3710 5457/5459/3710 5454/5456/3710
f 5454/5456/3711 5457/5459/3711 878/880/3711 1094/1096/3711
f 5455/5457/3712 5454/5456/3712 1094/1096/3712 1093/1095/3712
f 5456/5458/3713 5458/5460/3713 5459/5461/3713 5457/5459/3713
f 5458/5460/3714 5460/5462/3714 5461/5463/3714 5459/5461/3714
f 5459/5461/3715 5461/5463/3715 948/950/3715 1081/1083/3715
f 5457/5459/3716 5459/5461/3716 1081/1083/3716 878/880/3716
f 5460/5462/3717 5462/5464/3717 5463/5465/3717 5461/5463/3717
f 5462/5464/3718 5464/5466/3718 5465/5467/3718 5463/5465/3718
f 5463/5465/3719 5465/5467/3719 942/944/3719 945/947/3719
f 5461/5463/3720 5463/5465/3720 945/947/3720 948/950/3720
f 5464/5466/3721 5466/5468/3721 5467/5469/3721 5465/5467/3721
f 5466/5468/3722 5452/5454/3722 5455/5457/3722 5467/5469/3722
f 5467/5469/3723 5455/5457/3723 1093/1095/3723 1144/1146/3723
f 5465/5467/3724 5467/5469/3724 1144/1146/3724 942/944/3724
f 5468/5470/3725 5469/5471/3725 5470/5472/3725 5471/5473/3725
f 5469/5471/3726 5472/5474/3726 5473/5475/3726 5470/5472/3726
f 5470/5472/3727 5473/5475/3727 5456/5458/3727 5453/5455/3727
f 5471/5473/3728 5470/5472/3728 5453/5455/3728 5452/5454/3728
f 5472/5474/3729 5474/5476/3729 5475/5477/3729 5473/5475/3729
f 5474/5476/3730 5476/5478/3730 5477/5479/3730 5475/5477/3730
f 5475/5477/3731 5477/5479/3731 5460/5462/3731 5458/5460/3731
f 5473/5475/3732 5475/5477/3732 5458/5460/3732 5456/5458/3732
f 5476/5478/3733 5478/5480/3733 5479/5481/3733 5477/5479/3733
f 5478/5480/3734 5480/5482/3734 5481/5483/3734 5479/5481/3734
f 5479/5481/3735 5481/5483/3735 5464/5466/3735 5462/5464/3735
f 5477/5479/3736 5479/5481/3736 5462/5464/3736 5460/5462/3736
f 5480/5482/3737 5482/5484/3737 5483/5485/3737 5481/5483/3737
f 5482/5484/3738 5468/5470/3738 5471/5473/3738 5483/5485/3738
f 5483/5485/3739 5471/5473/3739 5452/5454/3739 5466/5468/3739
f 5481/5483/3740 5483/5485/3740 5466/5468/3740 5464/5466/3740
f 5484/5486/3741 5485/5487/3741 5486/5488/3741 5487/5489/3741
f 5485/5487/3742 5488/5490/3742 5489/5491/3742 5486/5488/3742
f 5486/5488/3743 5489/5491/3743 5472/5474/3743 5469/5471/3743
f 5487/5489/3741 5486/5488/3741 5469/5471/3741 5468/5470/3741
f 5488/5490/3744 5490/5492/3744 5491/5493/3744 5489/5491/3744
f 5490/5492/3745 5492/5494/3745 5493/5495/3745 5491/5493/3745
f 5491/5493/3746 5493/5495/3746 5476/5478/3746 5474/5476/3746
f 5489/5491/3744 5491/5493/3744 5474/5476/3744 5472/5474/3744
f 5492/5494/3747 5494/5496/3747 5495/5497/3747 5493/5495/3747
f 5494/5496/3748 5496/5498/3748 5497/5499/3748 5495/5497/3748
f 5495/5497/3749 5497/5499/3749 5480/5482/3749 5478/5480/3749
f 5493/5495/3750 5495/5497/3750 5478/5480/3750 5476/5478/3750
f 5496/5498/3751 5498/5500/3751 5499/5501/3751 5497/5499/3751
f 5498/5500/3752 5484/5486/3752 5487/5489/3752 5499/5501/3752
f 5499/5501/3753 5487/5489/3753 5468/5470/3753 5482/5484/3753
f 5497/5499/3754 5499/5501/3754 5482/5484/3754 5480/5482/3754
f 5500/5502/3741 5501/5503/3741 5502/5504/3741 5503/5505/3741
f 5501/5503/3743 5504/5506/3743 5505/5507/3743 5502/5504/3743
f 5502/5504/3742 5505/5507/3742 5488/5490/3742 5485/5487/3742
f 5503/5505/3755 5502/5504/3755 5485/5487/3755 5484/5486/3755
f 5504/5506/3756 5506/5508/3756 5507/5509/3756 5505/5507/3756
f 5506/5508/3757 5508/5510/3757 5509/5511/3757 5507/5509/3757
f 5507/5509/3758 5509/5511/3758 5492/5494/3758 5490/5492/3758
f 5505/5507/3759 5507/5509/3759 5490/5492/3759 5488/5490/3759
f 5508/5510/3750 5510/5512/3750 5511/5513/3750 5509/5511/3750
f 5510/5512/3760 5512/5514/3760 5513/5515/3760 5511/5513/3760
f 5511/5513/3760 5513/5515/3760 5496/5498/3760 5494/5496/3760
f 5509/5511/3761 5511/5513/3761 5494/5496/3761 5492/5494/3761
f 5512/5514/3751 5514/5516/3751 5515/5517/3751 5513/5515/3751
f 5514/5516/3762 5500/5502/3762 5503/5505/3762 5515/5517/3762
f 5515/5517/3763 5503/5505/3763 5484/5486/3763 5498/5500/3763
f 5513/5515/3764 5515/5517/3764 5498/5500/3764 5496/5498/3764
f 5516/5518/3741 5517/5519/3741 5518/5520/3741 5519/5521/3741
f 5517/5519/3742 5520/5522/3742 5521/5523/3742 5518/5520/3742
f 5518/5520/3743 5521/5523/3743 5504/5506/3743 5501/5503/3743
f 5519/5521/3755 5518/5520/3755 5501/5503/3755 5500/5502/3755
f 5520/5522/3759 5522/5524/3759 5523/5525/3759 5521/5523/3759
f 5522/5524/3765 5524/5526/3765 5525/5527/3765 5523/5525/3765
f 5523/5525/3766 5525/5527/3766 5508/5510/3766 5506/5508/3766
f 5521/5523/3767 5523/5525/3767 5506/5508/3767 5504/5506/3767
f 5524/5526/3768 5526/5528/3768 5527/5529/3768 5525/5527/3768
f 5526/5528/3760 5528/5530/3760 5529/5531/3760 5527/5529/3760
f 5527/5529/3760 5529/5531/3760 5512/5514/3760 5510/5512/3760
f 5525/5527/3750 5527/5529/3750 5510/5512/3750 5508/5510/3750
f 5528/5530/3769 5530/5532/3769 5531/5533/3769 5529/5531/3769
f 5530/5532/3753 5516/5518/3753 5519/5521/3753 5531/5533/3753
f 5531/5533/3770 5519/5521/3770 5500/5502/3770 5514/5516/3770
f 5529/5531/3751 5531/5533/3751 5514/5516/3751 5512/5514/3751
f 5532/5534/3771 5533/5535/3771 5534/5536/3771 5535/5537/3771
f 5533/5535/3743 5536/5538/3743 5537/5539/3743 5534/5536/3743
f 5534/5536/3742 5537/5539/3742 5520/5522/3742 5517/5519/3742
f 5535/5537/3772 5534/5536/3772 5517/5519/3772 5516/5518/3772
f 5536/5538/3744 5538/5540/3744 5539/5541/3744 5537/5539/3744
f 5538/5540/3765 5540/5542/3765 5541/5543/3765 5539/5541/3765
f 5539/5541/3773 5541/5543/3773 5524/5526/3773 5522/5524/3773
f 5537/5539/3759 5539/5541/3759 5522/5524/3759 5520/5522/3759
f 5540/5542/3750 5542/5544/3750 5543/5545/3750 5541/5543/3750
f 5542/5544/3749 5544/5546/3749 5545/5547/3749 5543/5545/3749
f 5543/5545/3760 5545/5547/3760 5528/5530/3760 5526/5528/3760
f 5541/5543/3747 5543/5545/3747 5526/5528/3747 5524/5526/3747
f 5544/5546/3774 5546/5548/3774 5547/5549/3774 5545/5547/3774
f 5546/5548/3775 5532/5534/3775 5535/5537/3775 5547/5549/3775
f 5547/5549/3776 5535/5537/3776 5516/5518/3776 5530/5532/3776
f 5545/5547/3754 5547/5549/3754 5530/5532/3754 5528/5530/3754
f 5548/5550/3771 5549/5551/3771 5550/5552/3771 5551/5553/3771
f 5549/5551/3743 5552/5554/3743 5553/5555/3743 5550/5552/3743
f 5550/5552/3743 5553/5555/3743 5536/5538/3743 5533/5535/3743
f 5551/5553/3755 5550/5552/3755 5533/5535/3755 5532/5534/3755
f 5552/5554/3777 5554/5556/3777 5555/5557/3777 5553/5555/3777
f 5554/5556/3757 5556/5558/3757 5557/5559/3757 5555/5557/3757
f 5555/5557/3746 5557/5559/3746 5540/5542/3746 5538/5540/3746
f 5553/5555/3756 5555/5557/3756 5538/5540/3756 5536/5538/3756
f 5556/5558/3750 5558/5560/3750 5559/5561/3750 5557/5559/3750
f 5558/5560/3749 5560/5562/3749 5561/5563/3749 5559/5561/3749
f 5559/5561/3760 5561/5563/3760 5544/5546/3760 5542/5544/3760
f 5557/5559/3750 5559/5561/3750 5542/5544/3750 5540/5542/3750
f 5560/5562/3754 5562/5564/3754 5563/5565/3754 5561/5563/3754
f 5562/5564/3775 5548/5550/3775 5551/5553/3775 5563/5565/3775
f 5563/5565/3753 5551/5553/3753 5532/5534/3753 5546/5548/3753
f 5561/5563/3778 5563/5565/3778 5546/5548/3778 5544/5546/3778
f 5564/5566/3779 5565/5567/3779 5566/5568/3779 5567/5569/3779
f 5565/5567/3780 5568/5570/3780 5569/5571/3780 5566/5568/3780
f 5566/5568/3781 5569/5571/3781 5552/5554/3781 5549/5551/3781
f 5567/5569/3741 5566/5568/3741 5549/5551/3741 5548/5550/3741
f 5568/5570/3782 5570/5572/3782 5571/5573/3782 5569/5571/3782
f 5570/5572/3765 5572/5574/3765 5573/5575/3765 5571/5573/3765
f 5571/5573/3757 5573/5575/3757 5556/5558/3757 5554/5556/3757
f 5569/5571/3783 5571/5573/3783 5554/5556/3783 5552/5554/3783
f 5572/5574/3750 5574/5576/3750 5575/5577/3750 5573/5575/3750
f 5574/5576/3784 5576/5578/3784 5577/5579/3784 5575/5577/3784
f 5575/5577/3760 5577/5579/3760 5560/5562/3760 5558/5560/3760
f 5573/5575/3750 5575/5577/3750 5558/5560/3750 5556/5558/3750
f 5576/5578/3785 5578/5580/3785 5579/5581/3785 5577/5579/3785
f 5578/5580/3752 5564/5566/3752 5567/5569/3752 5579/5581/3752
f 5579/5581/3775 5567/5569/3775 5548/5550/3775 5562/5564/3775
f 5577/5579/3786 5579/5581/3786 5562/5564/3786 5560/5562/3786
f 5580/5582/3787 5581/5583/3787 5582/5584/3787 5583/5585/3787
f 5581/5583/3788 5584/5586/3788 5585/5587/3788 5582/5584/3788
f 5582/5584/3789 5585/5587/3789 5568/5570/3789 5565/5567/3789
f 5583/5585/3790 5582/5584/3790 5565/5567/3790 5564/5566/3790
f 5584/5586/3791 5586/5588/3791 5587/5589/3791 5585/5587/3791
f 5586/5588/3792 5588/5590/3792 5589/5591/3792 5587/5589/3792
f 5587/5589/3793 5589/5591/3793 5572/5574/3793 5570/5572/3793
f 5585/5587/3794 5587/5589/3794 5570/5572/3794 5568/5570/3794
f 5588/5590/3795 5590/5592/3795 5591/5593/3795 5589/5591/3795
f 5590/5592/3796 5592/5594/3796 5593/5595/3796 5591/5593/3796
f 5591/5593/3797 5593/5595/3797 5576/5578/3797 5574/5576/3797
f 5589/5591/3798 5591/5593/3798 5574/5576/3798 5572/5574/3798
f 5592/5594/3799 5594/5596/3799 5595/5597/3799 5593/5595/3799
f 5594/5596/3800 5580/5582/3800 5583/5585/3800 5595/5597/3800
f 5595/5597/3801 5583/5585/3801 5564/5566/3801 5578/5580/3801
f 5593/5595/3802 5595/5597/3802 5578/5580/3802 5576/5578/3802
f 5596/5598/3803 5597/5599/3803 5598/5600/3803 5599/5601/3803
f 5597/5599/3804 5600/5602/3804 5601/5603/3804 5598/5600/3804
f 5598/5600/3805 5601/5603/3805 5584/5586/3805 5581/5583/3805
f 5599/5601/3806 5598/5600/3806 5581/5583/3806 5580/5582/3806
f 5600/5602/3807 5602/5604/3807 5603/5605/3807 5601/5603/3807
f 5602/5604/3808 5604/5606/3808 5605/5607/3808 5603/5605/3808
f 5603/5605/3809 5605/5607/3809 5588/5590/3809 5586/5588/3809
f 5601/5603/3810 5603/5605/3810 5586/5588/3810 5584/5586/3810
f 5604/5606/3811 5606/5608/3811 5607/5609/3811 5605/5607/3811
f 5606/5608/3812 5608/5610/3812 5609/5611/3812 5607/5609/3812
f 5607/5609/3813 5609/5611/3813 5592/5594/3813 5590/5592/3813
f 5605/5607/3814 5607/5609/3814 5590/5592/3814 5588/5590/3814
f 5608/5610/3815 5610/5612/3815 5611/5613/3815 5609/5611/3815
f 5610/5612/3816 5596/5598/3816 5599/5601/3816 5611/5613/3816
f 5611/5613/3817 5599/5601/3817 5580/5582/3817 5594/5596/3817
f 5609/5611/3818 5611/5613/3818 5594/5596/3818 5592/5594/3818
f 5612/5614/3819 5613/5615/3819 5614/5616/3819 5615/5617/3819
f 5613/5615/3820 5616/5618/3820 5617/5619/3820 5614/5616/3820
f 5614/5616/3821 5617/5619/3821 5600/5602/3821 5597/5599/3821
f 5615/5617/3822 5614/5616/3822 5597/5599/3822 5596/5598/3822
f 5616/5618/3823 5618/5620/3823 5619/5621/3823 5617/5619/3823
f 5618/5620/3824 5620/5622/3824 5621/5623/3824 5619/5621/3824
f 5619/5621/3825 5621/5623/3825 5604/5606/3825 5602/5604/3825
f 5617/5619/3826 5619/5621/3826 5602/5604/3826 5600/5602/3826
f 5620/5622/3827 5622/5624/3827 5623/5625/3827 5621/5623/3827
f 5622/5624/3828 5624/5626/3828 5625/5627/3828 5623/5625/3828
f 5623/5625/3829 5625/5627/3829 5608/5610/3829 5606/5608/3829
f 5621/5623/3830 5623/5625/3830 5606/5608/3830 5604/5606/3830
f 5624/5626/3831 5626/5628/3831 5627/5629/3831 5625/5627/3831
f 5626/5628/3832 5612/5614/3832 5615/5617/3832 5627/5629/3832
f 5627/5629/3832 5615/5617/3832 5596/5598/3832 5610/5612/3832
f 5625/5627/3833 5627/5629/3833 5610/5612/3833 5608/5610/3833
f 5628/5630/3834 5629/5631/3834 5630/5632/3834 5631/5633/3834
f 5629/5631/3835 5632/5634/3835 5633/5635/3835 5630/5632/3835
f 5630/5632/3836 5633/5635/3836 5616/5618/3836 5613/5615/3836
f 5631/5633/3834 5630/5632/3834 5613/5615/3834 5612/5614/3834
f 5632/5634/3837 5634/5636/3837 5635/5637/3837 5633/5635/3837
f 5634/5636/3838 5636/5638/3838 5637/5639/3838 5635/5637/3838
f 5635/5637/3839 5637/5639/3839 5620/5622/3839 5618/5620/3839
f 5633/5635/3840 5635/5637/3840 5618/5620/3840 5616/5618/3840
f 5636/5638/3841 5638/5640/3841 5639/5641/3841 5637/5639/3841
f 5638/5640/3842 5640/5642/3842 5641/5643/3842 5639/5641/3842
f 5639/5641/3842 5641/5643/3842 5624/5626/3842 5622/5624/3842
f 5637/5639/3841 5639/5641/3841 5622/5624/3841 5620/5622/3841
f 5640/5642/3843 5642/5644/3843 5643/5645/3843 5641/5643/3843
f 5642/5644/3844 5628/5630/3844 5631/5633/3844 5643/5645/3844
f 5643/5645/3845 5631/5633/3845 5612/5614/3845 5626/5628/3845
f 5641/5643/3846 5643/5645/3846 5626/5628/3846 5624/5626/3846
f 5644/5646/3819 5645/5647/3819 5646/5648/3819 5647/5649/3819
f 5645/5647/3820 5648/5650/3820 5649/5651/3820 5646/5648/3820
f 5646/5648/3835 5649/5651/3835 5632/5634/3835 5629/5631/3835
f 5647/5649/3819 5646/5648/3819 5629/5631/3819 5628/5630/3819
f 5648/5650/3847 5650/5652/3847 5651/5653/3847 5649/5651/3847
f 5650/5652/3838 5652/5654/3838 5653/5655/3838 5651/5653/3838
f 5651/5653/3848 5653/5655/3848 5636/5638/3848 5634/5636/3848
f 5649/5651/3837 5651/5653/3837 5634/5636/3837 5632/5634/3837
f 5652/5654/3849 5654/5656/3849 5655/5657/3849 5653/5655/3849
f 5654/5656/3850 5656/5658/3850 5657/5659/3850 5655/5657/3850
f 5655/5657/3851 5657/5659/3851 5640/5642/3851 5638/5640/3851
f 5653/5655/3849 5655/5657/3849 5638/5640/3849 5636/5638/3849
f 5656/5658/3852 5658/5660/3852 5659/5661/3852 5657/5659/3852
f 5658/5660/3832 5644/5646/3832 5647/5649/3832 5659/5661/3832
f 5659/5661/3845 5647/5649/3845 5628/5630/3845 5642/5644/3845
f 5657/5659/3853 5659/5661/3853 5642/5644/3853 5640/5642/3853
f 5660/5662/3819 5661/5663/3819 5662/5664/3819 5663/5665/3819
f 5661/5663/3820 5664/5666/3820 5665/5667/3820 5662/5664/3820
f 5662/5664/3835 5665/5667/3835 5648/5650/3835 5645/5647/3835
f 5663/5665/3819 5662/5664/3819 5645/5647/3819 5644/5646/3819
f 5664/5666/3854 5666/5668/3854 5667/5669/3854 5665/5667/3854
f 5666/5668/3855 5668/5670/3855 5669/5671/3855 5667/5669/3855
f 5667/5669/3856 5669/5671/3856 5652/5654/3856 5650/5652/3856
f 5665/5667/3857 5667/5669/3857 5650/5652/3857 5648/5650/3857
f 5668/5670/3827 5670/5672/3827 5671/5673/3827 5669/5671/3827
f 5670/5672/3842 5672/5674/3842 5673/5675/3842 5671/5673/3842
f 5671/5673/3828 5673/5675/3828 5656/5658/3828 5654/5656/3828
f 5669/5671/3841 5671/5673/3841 5654/5656/3841 5652/5654/3841
f 5672/5674/3858 5674/5676/3858 5675/5677/3858 5673/5675/3858
f 5674/5676/3845 5660/5662/3845 5663/5665/3845 5675/5677/3845
f 5675/5677/3832 5663/5665/3832 5644/5646/3832 5658/5660/3832
f 5673/5675/3831 5675/5677/3831 5658/5660/3831 5656/5658/3831
f 5676/5678/3819 5677/5679/3819 5678/5680/3819 5679/5681/3819
f 5677/5679/3859 5680/5682/3859 5681/5683/3859 5678/5680/3859
f 5678/5680/3820 5681/5683/3820 5664/5666/3820 5661/5663/3820
f 5679/5681/3819 5678/5680/3819 5661/5663/3819 5660/5662/3819
f 5680/5682/3826 5682/5684/3826 5683/5685/3826 5681/5683/3826
f 5682/5684/3838 5684/5686/3838 5685/5687/3838 5683/5685/3838
f 5683/5685/3860 5685/5687/3860 5668/5670/3860 5666/5668/3860
f 5681/5683/3854 5683/5685/3854 5666/5668/3854 5664/5666/3854
f 5684/5686/3849 5686/5688/3849 5687/5689/3849 5685/5687/3849
f 5686/5688/3828 5688/5690/3828 5689/5691/3828 5687/5689/3828
f 5687/5689/3842 5689/5691/3842 5672/5674/3842 5670/5672/3842
f 5685/5687/3827 5687/5689/3827 5670/5672/3827 5668/5670/3827
f 5688/5690/3861 5690/5692/3861 5691/5693/3861 5689/5691/3861
f 5690/5692/3862 5676/5678/3862 5679/5681/3862 5691/5693/3862
f 5691/5693/3845 5679/5681/3845 5660/5662/3845 5674/5676/3845
f 5689/5691/3863 5691/5693/3863 5674/5676/3863 5672/5674/3863
f 5692/5694/3819 5693/5695/3819 5694/5696/3819 5695/5697/3819
f 5693/5695/3864 5696/5698/3864 5697/5699/3864 5694/5696/3864
f 5694/5696/3835 5697/5699/3835 5680/5682/3835 5677/5679/3835
f 5695/5697/3819 5694/5696/3819 5677/5679/3819 5676/5678/3819
f 5696/5698/3826 5698/5700/3826 5699/5701/3826 5697/5699/3826
f 5698/5700/3848 5700/5702/3848 5701/5703/3848 5699/5701/3848
f 5699/5701/3865 5701/5703/3865 5684/5686/3865 5682/5684/3865
f 5697/5699/3854 5699/5701/3854 5682/5684/3854 5680/5682/3854
f 5700/5702/3827 5702/5704/3827 5703/5705/3827 5701/5703/3827
f 5702/5704/3842 5704/5706/3842 5705/5707/3842 5703/5705/3842
f 5703/5705/3866 5705/5707/3866 5688/5690/3866 5686/5688/3866
f 5701/5703/3849 5703/5705/3849 5686/5688/3849 5684/5686/3849
f 5704/5706/3867 5706/5708/3867 5707/5709/3867 5705/5707/3867
f 5706/5708/3868 5692/5694/3868 5695/5697/3868 5707/5709/3868
f 5707/5709/3832 5695/5697/3832 5676/5678/3832 5690/5692/3832
f 5705/5707/3869 5707/5709/3869 5690/5692/3869 5688/5690/3869
f 5708/5710/3819 5709/5711/3819 5710/5712/3819 5711/5713/3819
f 5709/5711/3835 5712/5714/3835 5713/5715/3835 5710/5712/3835
f 5710/5712/3821 5713/5715/3821 5696/5698/3821 5693/5695/3821
f 5711/5713/3822 5710/5712/3822 5693/5695/3822 5692/5694/3822
f 5712/5714/3870 5714/5716/3870 5715/5717/3870 5713/5715/3870
f 5714/5716/3860 5716/5718/3860 5717/5719/3860 5715/5717/3860
f 5715/5717/3871 5717/5719/3871 5700/5702/3871 5698/5700/3871
f 5713/5715/3872 5715/5717/3872 5698/5700/3872 5696/5698/3872
f 5716/5718/3873 5718/5720/3873 5719/5721/3873 5717/5719/3873
f 5718/5720/3842 5720/5722/3842 5721/5723/3842 5719/5721/3842
f 5719/5721/3874 5721/5723/3874 5704/5706/3874 5702/5704/3874
f 5717/5719/3849 5719/5721/3849 5702/5704/3849 5700/5702/3849
f 5720/5722/3875 5722/5724/3875 5723/5725/3875 5721/5723/3875
f 5722/5724/3845 5708/5710/3845 5711/5713/3845 5723/5725/3845
f 5723/5725/3876 5711/5713/3876 5692/5694/3876 5706/5708/3876
f 5721/5723/3877 5723/5725/3877 5706/5708/3877 5704/5706/3877
f 5724/5726/3822 5725/5727/3822 5726/5728/3822 5727/5729/3822
f 5725/5727/3820 5728/5730/3820 5729/5731/3820 5726/5728/3820
f 5726/5728/3820 5729/5731/3820 5712/5714/3820 5709/5711/3820
f 5727/5729/3878 5726/5728/3878 5709/5711/3878 5708/5710/3878
f 5728/5730/3879 5730/5732/3879 5731/5733/3879 5729/5731/3879
f 5730/5732/3856 5732/5734/3856 5733/5735/3856 5731/5733/3856
f 5731/5733/3856 5733/5735/3856 5716/5718/3856 5714/5716/3856
f 5729/5731/3880 5731/5733/3880 5714/5716/3880 5712/5714/3880
f 5732/5734/3881 5734/5736/3881 5735/5737/3881 5733/5735/3881
f 5734/5736/3842 5736/5738/3842 5737/5739/3842 5735/5737/3842
f 5735/5737/3842 5737/5739/3842 5720/5722/3842 5718/5720/3842
f 5733/5735/3881 5735/5737/3881 5718/5720/3881 5716/5718/3881
f 5736/5738/3882 5738/5740/3882 5739/5741/3882 5737/5739/3882
f 5738/5740/3883 5724/5726/3883 5727/5729/3883 5739/5741/3883
f 5739/5741/3884 5727/5729/3884 5708/5710/3884 5722/5724/3884
f 5737/5739/3852 5739/5741/3852 5722/5724/3852 5720/5722/3852
f 5740/5742/3822 5741/5743/3822 5742/5744/3822 5743/5745/3822
f 5741/5743/3885 5744/5746/3885 5745/5747/3885 5742/5744/3885
f 5742/5744/3820 5745/5747/3820 5728/5730/3820 5725/5727/3820
f 5743/5745/3819 5742/5744/3819 5725/5727/3819 5724/5726/3819
f 5744/5746/3886 5746/5748/3886 5747/5749/3886 5745/5747/3886
f 5746/5748/3887 5748/5750/3887 5749/5751/3887 5747/5749/3887
f 5747/5749/3888 5749/5751/3888 5732/5734/3888 5730/5732/3888
f 5745/5747/3889 5747/5749/3889 5730/5732/3889 5728/5730/3889
f 5748/5750/3873 5750/5752/3873 5751/5753/3873 5749/5751/3873
f 5750/5752/3842 5752/5754/3842 5753/5755/3842 5751/5753/3842
f 5751/5753/3890 5753/5755/3890 5736/5738/3890 5734/5736/3890
f 5749/5751/3873 5751/5753/3873 5734/5736/3873 5732/5734/3873
f 5752/5754/3891 5754/5756/3891 5755/5757/3891 5753/5755/3891
f 5754/5756/3892 5740/5742/3892 5743/5745/3892 5755/5757/3892
f 5755/5757/3893 5743/5745/3893 5724/5726/3893 5738/5740/3893
f 5753/5755/3894 5755/5757/3894 5738/5740/3894 5736/5738/3894
f 5756/5758/3819 5757/5759/3819 5758/5760/3819 5759/5761/3819
f 5757/5759/3895 5760/5762/3895 5761/5763/3895 5758/5760/3895
f 5758/5760/3896 5761/5763/3896 5744/5746/3896 5741/5743/3896
f 5759/5761/3897 5758/5760/3897 5741/5743/3897 5740/5742/3897
f 5760/5762/3898 5762/5764/3898 5763/5765/3898 5761/5763/3898
f 5762/5764/3855 5764/5766/3855 5765/5767/3855 5763/5765/3855
f 5763/5765/3899 5765/5767/3899 5748/5750/3899 5746/5748/3899
f 5761/5763/3872 5763/5765/3872 5746/5748/3872 5744/5746/3872
f 5764/5766/3900 5766/5768/3900 5767/5769/3900 5765/5767/3900
f 5766/5768/3890 5768/5770/3890 5769/5771/3890 5767/5769/3890
f 5767/5769/3842 5769/5771/3842 5752/5754/3842 5750/5752/3842
f 5765/5767/3849 5767/5769/3849 5750/5752/3849 5748/5750/3849
f 5768/5770/3901 5770/5772/3901 5771/5773/3901 5769/5771/3901
f 5770/5772/3844 5756/5758/3844 5759/5761/3844 5771/5773/3844
f 5771/5773/3902 5759/5761/3902 5740/5742/3902 5754/5756/3902
f 5769/5771/3861 5771/5773/3861 5754/5756/3861 5752/5754/3861
f 5772/5774/3903 5773/5775/3903 5774/5776/3903 5775/5777/3903
f 5773/5775/3904 5776/5778/3904 5777/5779/3904 5774/5776/3904
f 5774/5776/3905 5777/5779/3905 5760/5762/3905 5757/5759/3905
f 5775/5777/3903 5774/5776/3903 5757/5759/3903 5756/5758/3903
f 5776/5778/3906 5778/5780/3906 5779/5781/3906 5777/5779/3906
f 5778/5780/3856 5780/5782/3856 5781/5783/3856 5779/5781/3856
f 5779/5781/3848 5781/5783/3848 5764/5766/3848 5762/5764/3848
f 5777/5779/3854 5779/5781/3854 5762/5764/3854 5760/5762/3854
f 5780/5782/3841 5782/5784/3841 5783/5785/3841 5781/5783/3841
f 5782/5784/3842 5784/5786/3842 5785/5787/3842 5783/5785/3842
f 5783/5785/3851 5785/5787/3851 5768/5770/3851 5766/5768/3851
f 5781/5783/3907 5783/5785/3907 5766/5768/3907 5764/5766/3907
f 5784/5786/3908 5786/5788/3908 5787/5789/3908 5785/5787/3908
f 5786/5788/3909 5772/5774/3909 5775/5777/3909 5787/5789/3909
f 5787/5789/3910 5775/5777/3910 5756/5758/3910 5770/5772/3910
f 5785/5787/3867 5787/5789/3867 5770/5772/3867 5768/5770/3867
f 841/843/3911 840/842/3911 5788/5790/3911 5789/5791/3911
f 840/842/3912 839/841/3912 5790/5792/3912 5788/5790/3912
f 5788/5790/3913 5790/5792/3913 5776/5778/3913 5773/5775/3913
f 5789/5791/3914 5788/5790/3914 5773/5775/3914 5772/5774/3914
f 839/841/3915 838/840/3915 5791/5793/3915 5790/5792/3915
f 838/840/3916 837/839/3916 5792/5794/3916 5791/5793/3916
f 5791/5793/3917 5792/5794/3917 5780/5782/3917 5778/5780/3917
f 5790/5792/3918 5791/5793/3918 5778/5780/3918 5776/5778/3918
f 837/839/3919 834/836/3919 5793/5795/3919 5792/5794/3919
f 834/836/3920 833/835/3920 5794/5796/3920 5793/5795/3920
f 5793/5795/3921 5794/5796/3921 5784/5786/3921 5782/5784/3921
f 5792/5794/3922 5793/5795/3922 5782/5784/3922 5780/5782/3922
f 833/835/3923 836/838/3923 5795/5797/3923 5794/5796/3923
f 836/838/3924 841/843/3924 5789/5791/3924 5795/5797/3924
f 5795/5797/3925 5789/5791/3925 5772/5774/3925 5786/5788/3925
f 5794/5796/3926 5795/5797/3926 5786/5788/3926 5784/5786/3926
f 5796/5798/3927 5797/5799/3927 5798/5800/3927 5799/5801/3927
f 5797/5799/3928 5800/5802/3928 5801/5803/3928 5798/5800/3928
f 5798/5800/3929 5801/5803/3929 1464/1466/3929 1461/1463/3929
f 5799/5801/3930 5798/5800/3930 1461/1463/3930 1460/1462/3930
f 5800/5802/3931 5802/5804/3931 5803/5805/3931 5801/5803/3931
f 5802/5804/3932 5804/5806/3932 5805/5807/3932 5803/5805/3932
f 5803/5805/3933 5805/5807/3933 1468/1470/3933 1466/1468/3933
f 5801/5803/3934 5803/5805/3934 1466/1468/3934 1464/1466/3934
f 5804/5806/3935 5806/5808/3935 5807/5809/3935 5805/5807/3935
f 5806/5808/3936 5808/5810/3936 5809/5811/3936 5807/5809/3936
f 5807/5809/3937 5809/5811/3937 1472/1474/3937 1470/1472/3937
f 5805/5807/3938 5807/5809/3938 1470/1472/3938 1468/1470/3938
f 5808/5810/3939 5810/5812/3939 5811/5813/3939 5809/5811/3939
f 5810/5812/3940 5796/5798/3940 5799/5801/3940 5811/5813/3940
f 5811/5813/3941 5799/5801/3941 1460/1462/3941 1474/1476/3941
f 5809/5811/3942 5811/5813/3942 1474/1476/3942 1472/1474/3942
f 5812/5814/3943 5813/5815/3943 5814/5816/3943 5815/5817/3943
f 5813/5815/3944 5816/5818/3944 5817/5819/3944 5814/5816/3944
f 5814/5816/3945 5817/5819/3945 5800/5802/3945 5797/5799/3945
f 5815/5817/3946 5814/5816/3946 5797/5799/3946 5796/5798/3946
f 5816/5818/3947 5818/5820/3947 5819/5821/3947 5817/5819/3947
f 5818/5820/3948 5820/5822/3948 5821/5823/3948 5819/5821/3948
f 5819/5821/3949 5821/5823/3949 5804/5806/3949 5802/5804/3949
f 5817/5819/3950 5819/5821/3950 5802/5804/3950 5800/5802/3950
f 5820/5822/3951 5822/5824/3951 5823/5825/3951 5821/5823/3951
f 5822/5824/3952 5824/5826/3952 5825/5827/3952 5823/5825/3952
f 5823/5825/3953 5825/5827/3953 5808/5810/3953 5806/5808/3953
f 5821/5823/3954 5823/5825/3954 5806/5808/3954 5804/5806/3954
f 5824/5826/3955 5826/5828/3955 5827/5829/3955 5825/5827/3955
f 5826/5828/3956 5812/5814/3956 5815/5817/3956 5827/5829/3956
f 5827/5829/3957 5815/5817/3957 5796/5798/3957 5810/5812/3957
f 5825/5827/3958 5827/5829/3958 5810/5812/3958 5808/5810/3958
f 5828/5830/3959 5829/5831/3959 5830/5832/3959 5831/5833/3959
f 5829/5831/3960 5832/5834/3960 5833/5835/3960 5830/5832/3960
f 5830/5832/3961 5833/5835/3961 5816/5818/3961 5813/5815/3961
f 5831/5833/3962 5830/5832/3962 5813/5815/3962 5812/5814/3962
f 5832/5834/3963 5834/5836/3963 5835/5837/3963 5833/5835/3963
f 5834/5836/3964 5836/5838/3964 5837/5839/3964 5835/5837/3964
f 5835/5837/3965 5837/5839/3965 5820/5822/3965 5818/5820/3965
f 5833/5835/3966 5835/5837/3966 5818/5820/3966 5816/5818/3966
f 5836/5838/3967 5838/5840/3967 5839/5841/3967 5837/5839/3967
f 5838/5840/3968 5840/5842/3968 5841/5843/3968 5839/5841/3968
f 5839/5841/3969 5841/5843/3969 5824/5826/3969 5822/5824/3969
f 5837/5839/3970 5839/5841/3970 5822/5824/3970 5820/5822/3970
f 5840/5842/3971 5842/5844/3971 5843/5845/3971 5841/5843/3971
f 5842/5844/3972 5828/5830/3972 5831/5833/3972 5843/5845/3972
f 5843/5845/3973 5831/5833/3973 5812/5814/3973 5826/5828/3973
f 5841/5843/3974 5843/5845/3974 5826/5828/3974 5824/5826/3974
f 5844/5846/3975 5845/5847/3975 5846/5848/3975 5847/5849/3975
f 5845/5847/3960 5848/5850/3960 5849/5851/3960 5846/5848/3960
f 5846/5848/3976 5849/5851/3976 5832/5834/3976 5829/5831/3976
f 5847/5849/3962 5846/5848/3962 5829/5831/3962 5828/5830/3962
f 5848/5850/3977 5850/5852/3977 5851/5853/3977 5849/5851/3977
f 5850/5852/3978 5852/5854/3978 5853/5855/3978 5851/5853/3978
f 5851/5853/3979 5853/5855/3979 5836/5838/3979 5834/5836/3979
f 5849/5851/3980 5851/5853/3980 5834/5836/3980 5832/5834/3980
f 5852/5854/3981 5854/5856/3981 5855/5857/3981 5853/5855/3981
f 5854/5856/3968 5856/5858/3968 5857/5859/3968 5855/5857/3968
f 5855/5857/3968 5857/5859/3968 5840/5842/3968 5838/5840/3968
f 5853/5855/3982 5855/5857/3982 5838/5840/3982 5836/5838/3982
f 5856/5858/3983 5858/5860/3983 5859/5861/3983 5857/5859/3983
f 5858/5860/3984 5844/5846/3984 5847/5849/3984 5859/5861/3984
f 5859/5861/3985 5847/5849/3985 5828/5830/3985 5842/5844/3985
f 5857/5859/3971 5859/5861/3971 5842/5844/3971 5840/5842/3971
f 5860/5862/3962 5861/5863/3962 5862/5864/3962 5863/5865/3962
f 5861/5863/3976 5864/5866/3976 5865/5867/3976 5862/5864/3976
f 5862/5864/3960 5865/5867/3960 5848/5850/3960 5845/5847/3960
f 5863/5865/3986 5862/5864/3986 5845/5847/3986 5844/5846/3986
f 5864/5866/3987 5866/5868/3987 5867/5869/3987 5865/5867/3987
f 5866/5868/3988 5868/5870/3988 5869/5871/3988 5867/5869/3988
f 5867/5869/3989 5869/5871/3989 5852/5854/3989 5850/5852/3989
f 5865/5867/3966 5867/5869/3966 5850/5852/3966 5848/5850/3966
f 5868/5870/3982 5870/5872/3982 5871/5873/3982 5869/5871/3982
f 5870/5872/3968 5872/5874/3968 5873/5875/3968 5871/5873/3968
f 5871/5873/3969 5873/5875/3969 5856/5858/3969 5854/5856/3969
f 5869/5871/3990 5871/5873/3990 5854/5856/3990 5852/5854/3990
f 5872/5874/3983 5874/5876/3983 5875/5877/3983 5873/5875/3983
f 5874/5876/3972 5860/5862/3972 5863/5865/3972 5875/5877/3972
f 5875/5877/3991 5863/5865/3991 5844/5846/3991 5858/5860/3991
f 5873/5875/3955 5875/5877/3955 5858/5860/3955 5856/5858/3955
f 5876/5878/3992 5877/5879/3992 5878/5880/3992 5879/5881/3992
f 5877/5879/3993 5880/5882/3993 5881/5883/3993 5878/5880/3993
f 5878/5880/3994 5881/5883/3994 5864/5866/3994 5861/5863/3994
f 5879/5881/3959 5878/5880/3959 5861/5863/3959 5860/5862/3959
f 5880/5882/3966 5882/5884/3966 5883/5885/3966 5881/5883/3966
f 5882/5884/3995 5884/5886/3995 5885/5887/3995 5883/5885/3995
f 5883/5885/3965 5885/5887/3965 5868/5870/3965 5866/5868/3965
f 5881/5883/3996 5883/5885/3996 5866/5868/3996 5864/5866/3996
f 5884/5886/3982 5886/5888/3982 5887/5889/3982 5885/5887/3982
f 5886/5888/3969 5888/5890/3969 5889/5891/3969 5887/5889/3969
f 5887/5889/3997 5889/5891/3997 5872/5874/3997 5870/5872/3997
f 5885/5887/3998 5887/5889/3998 5870/5872/3998 5868/5870/3998
f 5888/5890/3955 5890/5892/3955 5891/5893/3955 5889/5891/3955
f 5890/5892/3999 5876/5878/3999 5879/5881/3999 5891/5893/3999
f 5891/5893/3973 5879/5881/3973 5860/5862/3973 5874/5876/3973
f 5889/5891/4000 5891/5893/4000 5874/5876/4000 5872/5874/4000
f 5892/5894/3986 5893/5895/3986 5894/5896/3986 5895/5897/3986
f 5893/5895/3961 5896/5898/3961 5897/5899/3961 5894/5896/3961
f 5894/5896/3960 5897/5899/3960 5880/5882/3960 5877/5879/3960
f 5895/5897/3986 5894/5896/3986 5877/5879/3986 5876/5878/3986
f 5896/5898/4001 5898/5900/4001 5899/5901/4001 5897/5899/4001
f 5898/5900/3979 5900/5902/3979 5901/5903/3979 5899/5901/3979
f 5899/5901/3964 5901/5903/3964 5884/5886/3964 5882/5884/3964
f 5897/5899/3987 5899/5901/3987 5882/5884/3987 5880/5882/3987
f 5900/5902/3982 5902/5904/3982 5903/5905/3982 5901/5903/3982
f 5902/5904/3969 5904/5906/3969 5905/5907/3969 5903/5905/3969
f 5903/5905/3968 5905/5907/3968 5888/5890/3968 5886/5888/3968
f 5901/5903/4002 5903/5905/4002 5886/5888/4002 5884/5886/4002
f 5904/5906/3971 5906/5908/3971 5907/5909/3971 5905/5907/3971
f 5906/5908/3972 5892/5894/3972 5895/5897/3972 5907/5909/3972
f 5907/5909/4003 5895/5897/4003 5876/5878/4003 5890/5892/4003
f 5905/5907/4004 5907/5909/4004 5890/5892/4004 5888/5890/4004
f 5908/5910/3975 5909/5911/3975 5910/5912/3975 5911/5913/3975
f 5909/5911/3993 5912/5914/3993 5913/5915/3993 5910/5912/3993
f 5910/5912/3961 5913/5915/3961 5896/5898/3961 5893/5895/3961
f 5911/5913/3992 5910/5912/3992 5893/5895/3992 5892/5894/3992
f 5912/5914/3996 5914/5916/3996 5915/5917/3996 5913/5915/3996
f 5914/5916/4005 5916/5918/4005 5917/5919/4005 5915/5917/4005
f 5915/5917/3978 5917/5919/3978 5900/5902/3978 5898/5900/3978
f 5913/5915/4006 5915/5917/4006 5898/5900/4006 5896/5898/4006
f 5916/5918/3982 5918/5920/3982 5919/5921/3982 5917/5919/3982
f 5918/5920/4007 5920/5922/4007 5921/5923/4007 5919/5921/4007
f 5919/5921/4007 5921/5923/4007 5904/5906/4007 5902/5904/4007
f 5917/5919/4002 5919/5921/4002 5902/5904/4002 5900/5902/4002
f 5920/5922/3955 5922/5924/3955 5923/5925/3955 5921/5923/3955
f 5922/5924/3972 5908/5910/3972 5911/5913/3972 5923/5925/3972
f 5923/5925/3985 5911/5913/3985 5892/5894/3985 5906/5908/3985
f 5921/5923/3971 5923/5925/3971 5906/5908/3971 5904/5906/3971
f 5924/5926/4008 5925/5927/4008 5926/5928/4008 5927/5929/4008
f 5925/5927/3961 5928/5930/3961 5929/5931/3961 5926/5928/3961
f 5926/5928/3993 5929/5931/3993 5912/5914/3993 5909/5911/3993
f 5927/5929/3962 5926/5928/3962 5909/5911/3962 5908/5910/3962
f 5928/5930/3963 5930/5932/3963 5931/5933/3963 5929/5931/3963
f 5930/5932/4005 5932/5934/4005 5933/5935/4005 5931/5933/4005
f 5931/5933/3979 5933/5935/3979 5916/5918/3979 5914/5916/3979
f 5929/5931/3996 5931/5933/3996 5914/5916/3996 5912/5914/3996
f 5932/5934/3970 5934/5936/3970 5935/5937/3970 5933/5935/3970
f 5934/5936/3997 5936/5938/3997 5937/5939/3997 5935/5937/3997
f 5935/5937/4007 5937/5939/4007 5920/5922/4007 5918/5920/4007
f 5933/5935/3982 5935/5937/3982 5918/5920/3982 5916/5918/3982
f 5936/5938/3971 5938/5940/3971 5939/5941/3971 5937/5939/3971
f 5938/5940/3956 5924/5926/3956 5927/5929/3956 5939/5941/3956
f 5939/5941/4009 5927/5929/4009 5908/5910/4009 5922/5924/4009
f 5937/5939/3971 5939/5941/3971 5922/5924/3971 5920/5922/3971
f 5940/5942/3986 5941/5943/3986 5942/5944/3986 5943/5945/3986
f 5941/5943/3961 5944/5946/3961 5945/5947/3961 5942/5944/3961
f 5942/5944/3976 5945/5947/3976 5928/5930/3976 5925/5927/3976
f 5943/5945/3962 5942/5944/3962 5925/5927/3962 5924/5926/3962
f 5944/5946/4010 5946/5948/4010 5947/5949/4010 5945/5947/4010
f 5946/5948/4011 5948/5950/4011 5949/5951/4011 5947/5949/4011
f 5947/5949/4012 5949/5951/4012 5932/5934/4012 5930/5932/4012
f 5945/5947/3977 5947/5949/3977 5930/5932/3977 5928/5930/3977
f 5948/5950/3967 5950/5952/3967 5951/5953/3967 5949/5951/3967
f 5950/5952/4007 5952/5954/4007 5953/5955/4007 5951/5953/4007
f 5951/5953/3969 5953/5955/3969 5936/5938/3969 5934/5936/3969
f 5949/5951/3990 5951/5953/3990 5934/5936/3990 5932/5934/3990
f 5952/5954/3983 5954/5956/3983 5955/5957/3983 5953/5955/3983
f 5954/5956/4013 5940/5942/4013 5943/5945/4013 5955/5957/4013
f 5955/5957/4014 5943/5945/4014 5924/5926/4014 5938/5940/4014
f 5953/5955/3955 5955/5957/3955 5938/5940/3955 5936/5938/3955
f 5956/5958/4015 5957/5959/4015 5958/5960/4015 5959/5961/4015
f 5957/5959/3976 5960/5962/3976 5961/5963/3976 5958/5960/3976
f 5958/5960/3976 5961/5963/3976 5944/5946/3976 5941/5943/3976
f 5959/5961/4015 5958/5960/4015 5941/5943/4015 5940/5942/4015
f 5960/5962/3977 5962/5964/3977 5963/5965/3977 5961/5963/3977
f 5962/5964/4016 5964/5966/4016 5965/5967/4016 5963/5965/4016
f 5963/5965/3995 5965/5967/3995 5948/5950/3995 5946/5948/3995
f 5961/5963/4017 5963/5965/4017 5946/5948/4017 5944/5946/4017
f 5964/5966/4002 5966/5968/4002 5967/5969/4002 5965/5967/4002
f 5966/5968/3969 5968/5970/3969 5969/5971/3969 5967/5969/3969
f 5967/5969/3969 5969/5971/3969 5952/5954/3969 5950/5952/3969
f 5965/5967/3982 5967/5969/3982 5950/5952/3982 5948/5950/3982
f 5968/5970/4018 5970/5972/4018 5971/5973/4018 5969/5971/4018
f 5970/5972/3973 5956/5958/3973 5959/5961/3973 5971/5973/3973
f 5971/5973/3985 5959/5961/3985 5940/5942/3985 5954/5956/3985
f 5969/5971/3971 5971/5973/3971 5954/5956/3971 5952/5954/3971
f 5972/5974/4019 5973/5975/4019 5974/5976/4019 5975/5977/4019
f 5973/5975/3993 5976/5978/3993 5977/5979/3993 5974/5976/3993
f 5974/5976/3993 5977/5979/3993 5960/5962/3993 5957/5959/3993
f 5975/5977/4015 5974/5976/4015 5957/5959/4015 5956/5958/4015
f 5976/5978/3966 5978/5980/3966 5979/5981/3966 5977/5979/3966
f 5978/5980/3965 5980/5982/3965 5981/5983/3965 5979/5981/3965
f 5979/5981/3995 5981/5983/3995 5964/5966/3995 5962/5964/3995
f 5977/5979/3963 5979/5981/3963 5962/5964/3963 5960/5962/3963
f 5980/5982/3970 5982/5984/3970 5983/5985/3970 5981/5983/3970
f 5982/5984/4007 5984/5986/4007 5985/5987/4007 5983/5985/4007
f 5983/5985/3968 5985/5987/3968 5968/5970/3968 5966/5968/3968
f 5981/5983/3970 5983/5985/3970 5966/5968/3970 5964/5966/3970
f 5984/5986/4020 5986/5988/4020 5987/5989/4020 5985/5987/4020
f 5986/5988/4021 5972/5974/4021 5975/5977/4021 5987/5989/4021
f 5987/5989/3972 5975/5977/3972 5956/5958/3972 5970/5972/3972
f 5985/5987/4022 5987/5989/4022 5970/5972/4022 5968/5970/4022
f 5988/5990/3962 5989/5991/3962 5990/5992/3962 5991/5993/3962
f 5989/5991/3961 5992/5994/3961 5993/5995/3961 5990/5992/3961
f 5990/5992/3960 5993/5995/3960 5976/5978/3960 5973/5975/3960
f 5991/5993/4008 5990/5992/4008 5973/5975/4008 5972/5974/4008
f 5992/5994/4023 5994/5996/4023 5995/5997/4023 5993/5995/4023
f 5994/5996/3995 5996/5998/3995 5997/5999/3995 5995/5997/3995
f 5995/5997/3979 5997/5999/3979 5980/5982/3979 5978/5980/3979
f 5993/5995/3987 5995/5997/3987 5978/5980/3987 5976/5978/3987
f 5996/5998/3990 5998/6000/3990 5999/6001/3990 5997/5999/3990
f 5998/6000/4024 6000/6002/4024 6001/6003/4024 5999/6001/4024
f 5999/6001/3997 6001/6003/3997 5984/5986/3997 5982/5984/3997
f 5997/5999/3982 5999/6001/3982 5982/5984/3982 5980/5982/3982
f 6000/6002/3955 6002/6004/3955 6003/6005/3955 6001/6003/3955
f 6002/6004/4025 5988/5990/4025 5991/5993/4025 6003/6005/4025
f 6003/6005/4026 5991/5993/4026 5972/5974/4026 5986/5988/4026
f 6001/6003/4027 6003/6005/4027 5986/5988/4027 5984/5986/4027
f 6004/6006/3986 6005/6007/3986 6006/6008/3986 6007/6009/3986
f 6005/6007/4028 6008/6010/4028 6009/6011/4028 6006/6008/4028
f 6006/6008/3960 6009/6011/3960 5992/5994/3960 5989/5991/3960
f 6007/6009/3992 6006/6008/3992 5989/5991/3992 5988/5990/3992
f 6008/6010/4001 6010/6012/4001 6011/6013/4001 6009/6011/4001
f 6010/6012/3995 6012/6014/3995 6013/6015/3995 6011/6013/3995
f 6011/6013/4011 6013/6015/4011 5996/5998/4011 5994/5996/4011
f 6009/6011/3966 6011/6013/3966 5994/5996/3966 5992/5994/3966
f 6012/6014/3982 6014/6016/3982 6015/6017/3982 6013/6015/3982
f 6014/6016/3969 6016/6018/3969 6017/6019/3969 6015/6017/3969
f 6015/6017/3968 6017/6019/3968 6000/6002/3968 5998/6000/3968
f 6013/6015/3967 6015/6017/3967 5998/6000/3967 5996/5998/3967
f 6016/6018/3955 6018/6020/3955 6019/6021/3955 6017/6019/3955
f 6018/6020/4029 6004/6006/4029 6007/6009/4029 6019/6021/4029
f 6019/6021/3972 6007/6009/3972 5988/5990/3972 6002/6004/3972
f 6017/6019/4020 6019/6021/4020 6002/6004/4020 6000/6002/4020
f 6020/6022/4008 6021/6023/4008 6022/6024/4008 6023/6025/4008
f 6021/6023/4028 6024/6026/4028 6025/6027/4028 6022/6024/4028
f 6022/6024/3993 6025/6027/3993 6008/6010/3993 6005/6007/3993
f 6023/6025/4015 6022/6024/4015 6005/6007/4015 6004/6006/4015
f 6024/6026/4010 6026/6028/4010 6027/6029/4010 6025/6027/4010
f 6026/6028/3965 6028/6030/3965 6029/6031/3965 6027/6029/3965
f 6027/6029/4030 6029/6031/4030 6012/6014/4030 6010/6012/4030
f 6025/6027/3996 6027/6029/3996 6010/6012/3996 6008/6010/3996
f 6028/6030/3982 6030/6032/3982 6031/6033/3982 6029/6031/3982
f 6030/6032/4007 6032/6034/4007 6033/6035/4007 6031/6033/4007
f 6031/6033/3969 6033/6035/3969 6016/6018/3969 6014/6016/3969
f 6029/6031/4002 6031/6033/4002 6014/6016/4002 6012/6014/4002
f 6032/6034/4031 6034/6036/4031 6035/6037/4031 6033/6035/4031
f 6034/6036/4032 6020/6022/4032 6023/6025/4032 6035/6037/4032
f 6035/6037/3973 6023/6025/3973 6004/6006/3973 6018/6020/3973
f 6033/6035/3983 6035/6037/3983 6018/6020/3983 6016/6018/3983
f 6036/6038/3975 6037/6039/3975 6038/6040/3975 6039/6041/3975
f 6037/6039/3961 6040/6042/3961 6041/6043/3961 6038/6040/3961
f 6038/6040/4033 6041/6043/4033 6024/6026/4033 6021/6023/4033
f 6039/6041/4034 6038/6040/4034 6021/6023/4034 6020/6022/4034
f 6040/6042/3996 6042/6044/3996 6043/6045/3996 6041/6043/3996
f 6042/6044/3978 6044/6046/3978 6045/6047/3978 6043/6045/3978
f 6043/6045/4016 6045/6047/4016 6028/6030/4016 6026/6028/4016
f 6041/6043/3966 6043/6045/3966 6026/6028/3966 6024/6026/3966
f 6044/6046/3967 6046/6048/3967 6047/6049/3967 6045/6047/3967
f 6046/6048/3969 6048/6050/3969 6049/6051/3969 6047/6049/3969
f 6047/6049/3968 6049/6051/3968 6032/6034/3968 6030/6032/3968
f 6045/6047/3990 6047/6049/3990 6030/6032/3990 6028/6030/3990
f 6048/6050/3983 6050/6052/3983 6051/6053/3983 6049/6051/3983
f 6050/6052/3972 6036/6038/3972 6039/6041/3972 6051/6053/3972
f 6051/6053/4035 6039/6041/4035 6020/6022/4035 6034/6036/4035
f 6049/6051/3971 6051/6053/3971 6034/6036/3971 6032/6034/3971
f 6052/6054/4015 6053/6055/4015 6054/6056/4015 6055/6057/4015
f 6053/6055/3960 6056/6058/3960 6057/6059/3960 6054/6056/3960
f 6054/6056/3960 6057/6059/3960 6040/6042/3960 6037/6039/3960
f 6055/6057/3962 6054/6056/3962 6037/6039/3962 6036/6038/3962
f 6056/6058/3977 6058/6060/3977 6059/6061/3977 6057/6059/3977
f 6058/6060/4011 6060/6062/4011 6061/6063/4011 6059/6061/4011
f 6059/6061/3979 6061/6063/3979 6044/6046/3979 6042/6044/3979
f 6057/6059/4036 6059/6061/4036 6042/6044/4036 6040/6042/4036
f 6060/6062/3967 6062/6064/3967 6063/6065/3967 6061/6063/3967
f 6062/6064/3968 6064/6066/3968 6065/6067/3968 6063/6065/3968
f 6063/6065/4037 6065/6067/4037 6048/6050/4037 6046/6048/4037
f 6061/6063/3990 6063/6065/3990 6046/6048/3990 6044/6046/3990
f 6064/6066/3971 6066/6068/3971 6067/6069/3971 6065/6067/3971
f 6066/6068/3972 6052/6054/3972 6055/6057/3972 6067/6069/3972
f 6067/6069/4025 6055/6057/4025 6036/6038/4025 6050/6052/4025
f 6065/6067/4022 6067/6069/4022 6050/6052/4022 6048/6050/4022
f 6068/6070/3986 6069/6071/3986 6070/6072/3986 6071/6073/3986
f 6069/6071/3960 6072/6074/3960 6073/6075/3960 6070/6072/3960
f 6070/6072/3961 6073/6075/3961 6056/6058/3961 6053/6055/3961
f 6071/6073/3986 6070/6072/3986 6053/6055/3986 6052/6054/3986
f 6072/6074/4038 6074/6076/4038 6075/6077/4038 6073/6075/4038
f 6074/6076/3979 6076/6078/3979 6077/6079/3979 6075/6077/3979
f 6075/6077/4005 6077/6079/4005 6060/6062/4005 6058/6060/4005
f 6073/6075/3966 6075/6077/3966 6058/6060/3966 6056/6058/3966
f 6076/6078/4002 6078/6080/4002 6079/6081/4002 6077/6079/4002
f 6078/6080/3997 6080/6082/3997 6081/6083/3997 6079/6081/3997
f 6079/6081/3968 6081/6083/3968 6064/6066/3968 6062/6064/3968
f 6077/6079/3982 6079/6081/3982 6062/6064/3982 6060/6062/3982
f 6080/6082/3955 6082/6084/3955 6083/6085/3955 6081/6083/3955
f 6082/6084/3973 6068/6070/3973 6071/6073/3973 6083/6085/3973
f 6083/6085/3972 6071/6073/3972 6052/6054/3972 6066/6068/3972
f 6081/6083/4039 6083/6085/4039 6066/6068/4039 6064/6066/4039
f 6084/6086/3962 6085/6087/3962 6086/6088/3962 6087/6089/3962
f 6085/6087/3960 6088/6090/3960 6089/6091/3960 6086/6088/3960
f 6086/6088/3960 6089/6091/3960 6072/6074/3960 6069/6071/3960
f 6087/6089/3986 6086/6088/3986 6069/6071/3986 6068/6070/3986
f 6088/6090/4040 6090/6092/4040 6091/6093/4040 6089/6091/4040
f 6090/6092/3988 6092/6094/3988 6093/6095/3988 6091/6093/3988
f 6091/6093/4005 6093/6095/4005 6076/6078/4005 6074/6076/4005
f 6089/6091/3966 6091/6093/3966 6074/6076/3966 6072/6074/3966
f 6092/6094/3982 6094/6096/3982 6095/6097/3982 6093/6095/3982
f 6094/6096/4007 6096/6098/4007 6097/6099/4007 6095/6097/4007
f 6095/6097/3997 6097/6099/3997 6080/6082/3997 6078/6080/3997
f 6093/6095/3982 6095/6097/3982 6078/6080/3982 6076/6078/3982
f 6096/6098/3955 6098/6100/3955 6099/6101/3955 6097/6099/3955
f 6098/6100/4025 6084/6086/4025 6087/6089/4025 6099/6101/4025
f 6099/6101/4009 6087/6089/4009 6068/6070/4009 6082/6084/4009
f 6097/6099/3971 6099/6101/3971 6082/6084/3971 6080/6082/3971
f 6100/6102/4015 6101/6103/4015 6102/6104/4015 6103/6105/4015
f 6101/6103/3960 6104/6106/3960 6105/6107/3960 6102/6104/3960
f 6102/6104/3961 6105/6107/3961 6088/6090/3961 6085/6087/3961
f 6103/6105/3986 6102/6104/3986 6085/6087/3986 6084/6086/3986
f 6104/6106/3966 6106/6108/3966 6107/6109/3966 6105/6107/3966
f 6106/6108/4016 6108/6110/4016 6109/6111/4016 6107/6109/4016
f 6107/6109/3964 6109/6111/3964 6092/6094/3964 6090/6092/3964
f 6105/6107/4010 6107/6109/4010 6090/6092/4010 6088/6090/4010
f 6108/6110/3990 6110/6112/3990 6111/6113/3990 6109/6111/3990
f 6110/6112/3969 6112/6114/3969 6113/6115/3969 6111/6113/3969
f 6111/6113/3969 6113/6115/3969 6096/6098/3969 6094/6096/3969
f 6109/6111/4002 6111/6113/4002 6094/6096/4002 6092/6094/4002
f 6112/6114/3955 6114/6116/3955 6115/6117/3955 6113/6115/3955
f 6114/6116/4013 6100/6102/4013 6103/6105/4013 6115/6117/4013
f 6115/6117/3973 6103/6105/3973 6084/6086/3973 6098/6100/3973
f 6113/6115/3955 6115/6117/3955 6098/6100/3955 6096/6098/3955
f 832/834/4041 831/833/4041 6116/6118/4041 6117/6119/4041
f 831/833/4042 830/832/4042 6118/6120/4042 6116/6118/4042
f 6116/6118/4043 6118/6120/4043 6104/6106/4043 6101/6103/4043
f 6117/6119/4044 6116/6118/4044 6101/6103/4044 6100/6102/4044
f 830/832/4045 829/831/4045 6119/6121/4045 6118/6120/4045
f 829/831/4046 828/830/4046 6120/6122/4046 6119/6121/4046
f 6119/6121/4047 6120/6122/4047 6108/6110/4047 6106/6108/4047
f 6118/6120/4048 6119/6121/4048 6106/6108/4048 6104/6106/4048
f 828/830/4049 825/827/4049 6121/6123/4049 6120/6122/4049
f 825/827/4050 824/826/4050 6122/6124/4050 6121/6123/4050
f 6121/6123/4051 6122/6124/4051 6112/6114/4051 6110/6112/4051
f 6120/6122/4052 6121/6123/4052 6110/6112/4052 6108/6110/4052
f 824/826/4053 827/829/4053 6123/6125/4053 6122/6124/4053
f 827/829/4054 832/834/4054 6117/6119/4054 6123/6125/4054
f 6123/6125/4055 6117/6119/4055 6100/6102/4055 6114/6116/4055
f 6122/6124/4056 6123/6125/4056 6114/6116/4056 6112/6114/4056
f 6124/6126/4057 6125/6127/4057 6126/6128/4057 6127/6129/4057
f 6125/6127/4058 6128/6130/4058 6129/6131/4058 6126/6128/4058
f 6126/6128/4059 6129/6131/4059 697/699/4059 700/702/4059
f 6127/6129/4060 6126/6128/4060 700/702/4060 703/705/4060
f 6128/6130/4061 6130/6132/4061 6131/6133/4061 6129/6131/4061
f 6130/6132/4062 6132/6134/4062 6133/6135/4062 6131/6133/4062
f 6131/6133/4063 6133/6135/4063 644/646/4063 708/710/4063
f 6129/6131/4064 6131/6133/4064 708/710/4064 697/699/4064
f 6132/6134/4065 6134/6136/4065 6135/6137/4065 6133/6135/4065
f 6134/6136/4066 6136/6138/4066 6137/6139/4066 6135/6137/4066
f 6135/6137/4067 6137/6139/4067 709/711/4067 712/714/4067
f 6133/6135/4068 6135/6137/4068 712/714/4068 644/646/4068
f 6136/6138/4069 6138/6140/4069 6139/6141/4069 6137/6139/4069
f 6138/6140/4070 6124/6126/4070 6127/6129/4070 6139/6141/4070
f 6139/6141/4071 6127/6129/4071 703/705/4071 1079/1081/4071
f 6137/6139/4072 6139/6141/4072 1079/1081/4072 709/711/4072
f 6140/6142/4073 6141/6143/4073 6142/6144/4073 6143/6145/4073
f 6141/6143/4074 6144/6146/4074 6145/6147/4074 6142/6144/4074
f 6142/6144/4075 6145/6147/4075 6128/6130/4075 6125/6127/4075
f 6143/6145/4076 6142/6144/4076 6125/6127/4076 6124/6126/4076
f 6144/6146/4077 6146/6148/4077 6147/6149/4077 6145/6147/4077
f 6146/6148/4078 6148/6150/4078 6149/6151/4078 6147/6149/4078
f 6147/6149/4079 6149/6151/4079 6132/6134/4079 6130/6132/4079
f 6145/6147/4080 6147/6149/4080 6130/6132/4080 6128/6130/4080
f 6148/6150/4081 6150/6152/4081 6151/6153/4081 6149/6151/4081
f 6150/6152/4082 6152/6154/4082 6153/6155/4082 6151/6153/4082
f 6151/6153/4083 6153/6155/4083 6136/6138/4083 6134/6136/4083
f 6149/6151/4084 6151/6153/4084 6134/6136/4084 6132/6134/4084
f 6152/6154/4085 6154/6156/4085 6155/6157/4085 6153/6155/4085
f 6154/6156/4086 6140/6142/4086 6143/6145/4086 6155/6157/4086
f 6155/6157/4087 6143/6145/4087 6124/6126/4087 6138/6140/4087
f 6153/6155/4085 6155/6157/4085 6138/6140/4085 6136/6138/4085
f 6156/6158/4088 6157/6159/4088 6158/6160/4088 6159/6161/4088
f 6157/6159/4089 6160/6162/4089 6161/6163/4089 6158/6160/4089
f 6158/6160/4075 6161/6163/4075 6144/6146/4075 6141/6143/4075
f 6159/6161/4073 6158/6160/4073 6141/6143/4073 6140/6142/4073
f 6160/6162/4090 6162/6164/4090 6163/6165/4090 6161/6163/4090
f 6162/6164/4091 6164/6166/4091 6165/6167/4091 6163/6165/4091
f 6163/6165/4079 6165/6167/4079 6148/6150/4079 6146/6148/4079
f 6161/6163/4092 6163/6165/4092 6146/6148/4092 6144/6146/4092
f 6164/6166/4084 6166/6168/4084 6167/6169/4084 6165/6167/4084
f 6166/6168/4093 6168/6170/4093 6169/6171/4093 6167/6169/4093
f 6167/6169/4094 6169/6171/4094 6152/6154/4094 6150/6152/4094
f 6165/6167/4095 6167/6169/4095 6150/6152/4095 6148/6150/4095
f 6168/6170/4096 6170/6172/4096 6171/6173/4096 6169/6171/4096
f 6170/6172/4097 6156/6158/4097 6159/6161/4097 6171/6173/4097
f 6171/6173/4098 6159/6161/4098 6140/6142/4098 6154/6156/4098
f 6169/6171/4099 6171/6173/4099 6154/6156/4099 6152/6154/4099
f 6172/6174/4100 6173/6175/4100 6174/6176/4100 6175/6177/4100
f 6173/6175/4074 6176/6178/4074 6177/6179/4074 6174/6176/4074
f 6174/6176/4101 6177/6179/4101 6160/6162/4101 6157/6159/4101
f 6175/6177/4076 6174/6176/4076 6157/6159/4076 6156/6158/4076
f 6176/6178/4090 6178/6180/4090 6179/6181/4090 6177/6179/4090
f 6178/6180/4078 6180/6182/4078 6181/6183/4078 6179/6181/4078
f 6179/6181/4078 6181/6183/4078 6164/6166/4078 6162/6164/4078
f 6177/6179/4102 6179/6181/4102 6162/6164/4102 6160/6162/4102
f 6180/6182/4081 6182/6184/4081 6183/6185/4081 6181/6183/4081
f 6182/6184/4094 6184/6186/4094 6185/6187/4094 6183/6185/4094
f 6183/6185/4094 6185/6187/4094 6168/6170/4094 6166/6168/4094
f 6181/6183/4103 6183/6185/4103 6166/6168/4103 6164/6166/4103
f 6184/6186/4085 6186/6188/4085 6187/6189/4085 6185/6187/4085
f 6186/6188/4104 6172/6174/4104 6175/6177/4104 6187/6189/4104
f 6187/6189/4105 6175/6177/4105 6156/6158/4105 6170/6172/4105
f 6185/6187/4085 6187/6189/4085 6170/6172/4085 6168/6170/4085
f 6188/6190/4088 6189/6191/4088 6190/6192/4088 6191/6193/4088
f 6189/6191/4075 6192/6194/4075 6193/6195/4075 6190/6192/4075
f 6190/6192/4074 6193/6195/4074 6176/6178/4074 6173/6175/4074
f 6191/6193/4088 6190/6192/4088 6173/6175/4088 6172/6174/4088
f 6192/6194/4106 6194/6196/4106 6195/6197/4106 6193/6195/4106
f 6194/6196/4078 6196/6198/4078 6197/6199/4078 6195/6197/4078
f 6195/6197/4079 6197/6199/4079 6180/6182/4079 6178/6180/4079
f 6193/6195/4107 6195/6197/4107 6178/6180/4107 6176/6178/4107
f 6196/6198/4108 6198/6200/4108 6199/6201/4108 6197/6199/4108
f 6198/6200/4083 6200/6202/4083 6201/6203/4083 6199/6201/4083
f 6199/6201/4094 6201/6203/4094 6184/6186/4094 6182/6184/4094
f 6197/6199/4084 6199/6201/4084 6182/6184/4084 6180/6182/4084
f 6200/6202/4109 6202/6204/4109 6203/6205/4109 6201/6203/4109
f 6202/6204/4110 6188/6190/4110 6191/6193/4110 6203/6205/4110
f 6203/6205/4087 6191/6193/4087 6172/6174/4087 6186/6188/4087
f 6201/6203/4111 6203/6205/4111 6186/6188/4111 6184/6186/4111
f 6204/6206/4088 6205/6207/4088 6206/6208/4088 6207/6209/4088
f 6205/6207/4075 6208/6210/4075 6209/6211/4075 6206/6208/4075
f 6206/6208/4075 6209/6211/4075 6192/6194/4075 6189/6191/4075
f 6207/6209/4112 6206/6208/4112 6189/6191/4112 6188/6190/4112
f 6208/6210/4090 6210/6212/4090 6211/6213/4090 6209/6211/4090
f 6210/6212/4091 6212/6214/4091 6213/6215/4091 6211/6213/4091
f 6211/6213/4078 6213/6215/4078 6196/6198/4078 6194/6196/4078
f 6209/6211/4106 6211/6213/4106 6194/6196/4106 6192/6194/4106
f 6212/6214/4081 6214/6216/4081 6215/6217/4081 6213/6215/4081
f 6214/6216/4113 6216/6218/4113 6217/6219/4113 6215/6217/4113
f 6215/6217/4082 6217/6219/4082 6200/6202/4082 6198/6200/4082
f 6213/6215/4095 6215/6217/4095 6198/6200/4095 6196/6198/4095
f 6216/6218/4111 6218/6220/4111 6219/6221/4111 6217/6219/4111
f 6218/6220/4098 6204/6206/4098 6207/6209/4098 6219/6221/4098
f 6219/6221/4086 6207/6209/4086 6188/6190/4086 6202/6204/4086
f 6217/6219/4085 6219/6221/4085 6202/6204/4085 6200/6202/4085
f 6220/6222/4100 6221/6223/4100 6222/6224/4100 6223/6225/4100
f 6221/6223/4074 6224/6226/4074 6225/6227/4074 6222/6224/4074
f 6222/6224/4114 6225/6227/4114 6208/6210/4114 6205/6207/4114
f 6223/6225/4112 6222/6224/4112 6205/6207/4112 6204/6206/4112
f 6224/6226/4092 6226/6228/4092 6227/6229/4092 6225/6227/4092
f 6226/6228/4115 6228/6230/4115 6229/6231/4115 6227/6229/4115
f 6227/6229/4116 6229/6231/4116 6212/6214/4116 6210/6212/4116
f 6225/6227/4092 6227/6229/4092 6210/6212/4092 6208/6210/4092
f 6228/6230/4095 6230/6232/4095 6231/6233/4095 6229/6231/4095
f 6230/6232/4113 6232/6234/4113 6233/6235/4113 6231/6233/4113
f 6231/6233/4117 6233/6235/4117 6216/6218/4117 6214/6216/4117
f 6229/6231/4095 6231/6233/4095 6214/6216/4095 6212/6214/4095
f 6232/6234/4085 6234/6236/4085 6235/6237/4085 6233/6235/4085
f 6234/6236/4086 6220/6222/4086 6223/6225/4086 6235/6237/4086
f 6235/6237/4086 6223/6225/4086 6204/6206/4086 6218/6220/4086
f 6233/6235/4085 6235/6237/4085 6218/6220/4085 6216/6218/4085
f 6236/6238/4073 6237/6239/4073 6238/6240/4073 6239/6241/4073
f 6237/6239/4075 6240/6242/4075 6241/6243/4075 6238/6240/4075
f 6238/6240/4074 6241/6243/4074 6224/6226/4074 6221/6223/4074
f 6239/6241/4112 6238/6240/4112 6221/6223/4112 6220/6222/4112
f 6240/6242/4102 6242/6244/4102 6243/6245/4102 6241/6243/4102
f 6242/6244/4118 6244/6246/4118 6245/6247/4118 6243/6245/4118
f 6243/6245/4091 6245/6247/4091 6228/6230/4091 6226/6228/4091
f 6241/6243/4119 6243/6245/4119 6226/6228/4119 6224/6226/4119
f 6244/6246/4103 6246/6248/4103 6247/6249/4103 6245/6247/4103
f 6246/6248/4120 6248/6250/4120 6249/6251/4120 6247/6249/4120
f 6247/6249/4121 6249/6251/4121 6232/6234/4121 6230/6232/4121
f 6245/6247/4084 6247/6249/4084 6230/6232/4084 6228/6230/4084
f 6248/6250/4122 6250/6252/4122 6251/6253/4122 6249/6251/4122
f 6250/6252/4086 6236/6238/4086 6239/6241/4086 6251/6253/4086
f 6251/6253/4123 6239/6241/4123 6220/6222/4123 6234/6236/4123
f 6249/6251/4124 6251/6253/4124 6234/6236/4124 6232/6234/4124
f 6252/6254/4100 6253/6255/4100 6254/6256/4100 6255/6257/4100
f 6253/6255/4074 6256/6258/4074 6257/6259/4074 6254/6256/4074
f 6254/6256/4075 6257/6259/4075 6240/6242/4075 6237/6239/4075
f 6255/6257/4125 6254/6256/4125 6237/6239/4125 6236/6238/4125
f 6256/6258/4077 6258/6260/4077 6259/6261/4077 6257/6259/4077
f 6258/6260/4116 6260/6262/4116 6261/6263/4116 6259/6261/4116
f 6259/6261/4091 6261/6263/4091 6244/6246/4091 6242/6244/4091
f 6257/6259/4106 6259/6261/4106 6242/6244/4106 6240/6242/4106
f 6260/6262/4095 6262/6264/4095 6263/6265/4095 6261/6263/4095
f 6262/6264/4094 6264/6266/4094 6265/6267/4094 6263/6265/4094
f 6263/6265/4126 6265/6267/4126 6248/6250/4126 6246/6248/4126
f 6261/6263/4103 6263/6265/4103 6246/6248/4103 6244/6246/4103
f 6264/6266/4111 6266/6268/4111 6267/6269/4111 6265/6267/4111
f 6266/6268/4098 6252/6254/4098 6255/6257/4098 6267/6269/4098
f 6267/6269/4087 6255/6257/4087 6236/6238/4087 6250/6252/4087
f 6265/6267/4127 6267/6269/4127 6250/6252/4127 6248/6250/4127
f 6268/6270/4100 6269/6271/4100 6270/6272/4100 6271/6273/4100
f 6269/6271/4074 6272/6274/4074 6273/6275/4074 6270/6272/4074
f 6270/6272/4074 6273/6275/4074 6256/6258/4074 6253/6255/4074
f 6271/6273/4088 6270/6272/4088 6253/6255/4088 6252/6254/4088
f 6272/6274/4128 6274/6276/4128 6275/6277/4128 6273/6275/4128
f 6274/6276/4078 6276/6278/4078 6277/6279/4078 6275/6277/4078
f 6275/6277/4129 6277/6279/4129 6260/6262/4129 6258/6260/4129
f 6273/6275/4090 6275/6277/4090 6258/6260/4090 6256/6258/4090
f 6276/6278/4081 6278/6280/4081 6279/6281/4081 6277/6279/4081
f 6278/6280/4094 6280/6282/4094 6281/6283/4094 6279/6281/4094
f 6279/6281/4121 6281/6283/4121 6264/6266/4121 6262/6264/4121
f 6277/6279/4095 6279/6281/4095 6262/6264/4095 6260/6262/4095
f 6280/6282/4130 6282/6284/4130 6283/6285/4130 6281/6283/4130
f 6282/6284/4086 6268/6270/4086 6271/6273/4086 6283/6285/4086
f 6283/6285/4105 6271/6273/4105 6252/6254/4105 6266/6268/4105
f 6281/6283/4085 6283/6285/4085 6266/6268/4085 6264/6266/4085
f 6284/6286/4088 6285/6287/4088 6286/6288/4088 6287/6289/4088
f 6285/6287/4131 6288/6290/4131 6289/6291/4131 6286/6288/4131
f 6286/6288/4132 6289/6291/4132 6272/6274/4132 6269/6271/4132
f 6287/6289/4133 6286/6288/4133 6269/6271/4133 6268/6270/4133
f 6288/6290/4134 6290/6292/4134 6291/6293/4134 6289/6291/4134
f 6290/6292/4079 6292/6294/4079 6293/6295/4079 6291/6293/4079
f 6291/6293/4091 6293/6295/4091 6276/6278/4091 6274/6276/4091
f 6289/6291/4077 6291/6293/4077 6274/6276/4077 6272/6274/4077
f 6292/6294/4084 6294/6296/4084 6295/6297/4084 6293/6295/4084
f 6294/6296/4113 6296/6298/4113 6297/6299/4113 6295/6297/4113
f 6295/6297/4113 6297/6299/4113 6280/6282/4113 6278/6280/4113
f 6293/6295/4095 6295/6297/4095 6278/6280/4095 6276/6278/4095
f 6296/6298/4122 6298/6300/4122 6299/6301/4122 6297/6299/4122
f 6298/6300/4086 6284/6286/4086 6287/6289/4086 6299/6301/4086
f 6299/6301/4086 6287/6289/4086 6268/6270/4086 6282/6284/4086
f 6297/6299/4135 6299/6301/4135 6282/6284/4135 6280/6282/4135
f 6300/6302/4112 6301/6303/4112 6302/6304/4112 6303/6305/4112
f 6301/6303/4136 6304/6306/4136 6305/6307/4136 6302/6304/4136
f 6302/6304/4075 6305/6307/4075 6288/6290/4075 6285/6287/4075
f 6303/6305/4112 6302/6304/4112 6285/6287/4112 6284/6286/4112
f 6304/6306/4137 6306/6308/4137 6307/6309/4137 6305/6307/4137
f 6306/6308/4138 6308/6310/4138 6309/6311/4138 6307/6309/4138
f 6307/6309/4091 6309/6311/4091 6292/6294/4091 6290/6292/4091
f 6305/6307/4139 6307/6309/4139 6290/6292/4139 6288/6290/4139
f 6308/6310/4140 6310/6312/4140 6311/6313/4140 6309/6311/4140
f 6310/6312/4082 6312/6314/4082 6313/6315/4082 6311/6313/4082
f 6311/6313/4126 6313/6315/4126 6296/6298/4126 6294/6296/4126
f 6309/6311/4141 6311/6313/4141 6294/6296/4141 6292/6294/4141
f 6312/6314/4135 6314/6316/4135 6315/6317/4135 6313/6315/4135
f 6314/6316/4123 6300/6302/4123 6303/6305/4123 6315/6317/4123
f 6315/6317/4098 6303/6305/4098 6284/6286/4098 6298/6300/4098
f 6313/6315/4142 6315/6317/4142 6298/6300/4142 6296/6298/4142
f 6316/6318/4073 6317/6319/4073 6318/6320/4073 6319/6321/4073
f 6317/6319/4075 6320/6322/4075 6321/6323/4075 6318/6320/4075
f 6318/6320/4075 6321/6323/4075 6304/6306/4075 6301/6303/4075
f 6319/6321/4100 6318/6320/4100 6301/6303/4100 6300/6302/4100
f 6320/6322/4143 6322/6324/4143 6323/6325/4143 6321/6323/4143
f 6322/6324/4144 6324/6326/4144 6325/6327/4144 6323/6325/4144
f 6323/6325/4138 6325/6327/4138 6308/6310/4138 6306/6308/4138
f 6321/6323/4102 6323/6325/4102 6306/6308/4102 6304/6306/4102
f 6324/6326/4081 6326/6328/4081 6327/6329/4081 6325/6327/4081
f 6326/6328/4145 6328/6330/4145 6329/6331/4145 6327/6329/4145
f 6327/6329/4113 6329/6331/4113 6312/6314/4113 6310/6312/4113
f 6325/6327/4095 6327/6329/4095 6310/6312/4095 6308/6310/4095
f 6328/6330/4146 6330/6332/4146 6331/6333/4146 6329/6331/4146
f 6330/6332/4105 6316/6318/4105 6319/6321/4105 6331/6333/4105
f 6331/6333/4110 6319/6321/4110 6300/6302/4110 6314/6316/4110
f 6329/6331/4147 6331/6333/4147 6314/6316/4147 6312/6314/4147
f 6332/6334/4073 6333/6335/4073 6334/6336/4073 6335/6337/4073
f 6333/6335/4101 6336/6338/4101 6337/6339/4101 6334/6336/4101
f 6334/6336/4132 6337/6339/4132 6320/6322/4132 6317/6319/4132
f 6335/6337/4076 6334/6336/4076 6317/6319/4076 6316/6318/4076
f 6336/6338/4102 6338/6340/4102 6339/6341/4102 6337/6339/4102
f 6338/6340/4138 6340/6342/4138 6341/6343/4138 6339/6341/4138
f 6339/6341/4148 6341/6343/4148 6324/6326/4148 6322/6324/4148
f 6337/6339/4149 6339/6341/4149 6322/6324/4149 6320/6322/4149
f 6340/6342/4103 6342/6344/4103 6343/6345/4103 6341/6343/4103
f 6342/6344/4150 6344/6346/4150 6345/6347/4150 6343/6345/4150
f 6343/6345/4126 6345/6347/4126 6328/6330/4126 6326/6328/4126
f 6341/6343/4095 6343/6345/4095 6326/6328/4095 6324/6326/4095
f 6344/6346/4146 6346/6348/4146 6347/6349/4146 6345/6347/4146
f 6346/6348/4151 6332/6334/4151 6335/6337/4151 6347/6349/4151
f 6347/6349/4152 6335/6337/4152 6316/6318/4152 6330/6332/4152
f 6345/6347/4153 6347/6349/4153 6330/6332/4153 6328/6330/4153
f 6348/6350/4100 6349/6351/4100 6350/6352/4100 6351/6353/4100
f 6349/6351/4074 6352/6354/4074 6353/6355/4074 6350/6352/4074
f 6350/6352/4154 6353/6355/4154 6336/6338/4154 6333/6335/4154
f 6351/6353/4100 6350/6352/4100 6333/6335/4100 6332/6334/4100
f 6352/6354/4102 6354/6356/4102 6355/6357/4102 6353/6355/4102
f 6354/6356/4079 6356/6358/4079 6357/6359/4079 6355/6357/4079
f 6355/6357/4078 6357/6359/4078 6340/6342/4078 6338/6340/4078
f 6353/6355/4077 6355/6357/4077 6338/6340/4077 6336/6338/4077
f 6356/6358/4103 6358/6360/4103 6359/6361/4103 6357/6359/4103
f 6358/6360/4155 6360/6362/4155 6361/6363/4155 6359/6361/4155
f 6359/6361/4156 6361/6363/4156 6344/6346/4156 6342/6344/4156
f 6357/6359/4081 6359/6361/4081 6342/6344/4081 6340/6342/4081
f 6360/6362/4157 6362/6364/4157 6363/6365/4157 6361/6363/4157
f 6362/6364/4087 6348/6350/4087 6351/6353/4087 6363/6365/4087
f 6363/6365/4086 6351/6353/4086 6332/6334/4086 6346/6348/4086
f 6361/6363/4142 6363/6365/4142 6346/6348/4142 6344/6346/4142
f 6364/6366/4088 6365/6367/4088 6366/6368/4088 6367/6369/4088
f 6365/6367/4158 6368/6370/4158 6369/6371/4158 6366/6368/4158
f 6366/6368/4159 6369/6371/4159 6352/6354/4159 6349/6351/4159
f 6367/6369/4160 6366/6368/4160 6349/6351/4160 6348/6350/4160
f 6368/6370/4161 6370/6372/4161 6371/6373/4161 6369/6371/4161
f 6370/6372/4091 6372/6374/4091 6373/6375/4091 6371/6373/4091
f 6371/6373/4078 6373/6375/4078 6356/6358/4078 6354/6356/4078
f 6369/6371/4102 6371/6373/4102 6354/6356/4102 6352/6354/4102
f 6372/6374/4095 6374/6376/4095 6375/6377/4095 6373/6375/4095
f 6374/6376/4093 6376/6378/4093 6377/6379/4093 6375/6377/4093
f 6375/6377/4083 6377/6379/4083 6360/6362/4083 6358/6360/4083
f 6373/6375/4084 6375/6377/4084 6358/6360/4084 6356/6358/4084
f 6376/6378/4085 6378/6380/4085 6379/6381/4085 6377/6379/4085
f 6378/6380/4087 6364/6366/4087 6367/6369/4087 6379/6381/4087
f 6379/6381/4123 6367/6369/4123 6348/6350/4123 6362/6364/4123
f 6377/6379/4085 6379/6381/4085 6362/6364/4085 6360/6362/4085
f 6380/6382/4162 6381/6383/4162 6382/6384/4162 6383/6385/4162
f 6381/6383/4163 6384/6386/4163 6385/6387/4163 6382/6384/4163
f 6382/6384/4074 6385/6387/4074 6368/6370/4074 6365/6367/4074
f 6383/6385/4088 6382/6384/4088 6365/6367/4088 6364/6366/4088
f 6384/6386/4077 6386/6388/4077 6387/6389/4077 6385/6387/4077
f 6386/6388/4129 6388/6390/4129 6389/6391/4129 6387/6389/4129
f 6387/6389/4115 6389/6391/4115 6372/6374/4115 6370/6372/4115
f 6385/6387/4164 6387/6389/4164 6370/6372/4164 6368/6370/4164
f 6388/6390/4108 6390/6392/4108 6391/6393/4108 6389/6391/4108
f 6390/6392/4165 6392/6394/4165 6393/6395/4165 6391/6393/4165
f 6391/6393/4126 6393/6395/4126 6376/6378/4126 6374/6376/4126
f 6389/6391/4166 6391/6393/4166 6374/6376/4166 6372/6374/4166
f 6392/6394/4167 6394/6396/4167 6395/6397/4167 6393/6395/4167
f 6394/6396/4168 6380/6382/4168 6383/6385/4168 6395/6397/4168
f 6395/6397/4087 6383/6385/4087 6364/6366/4087 6378/6380/4087
f 6393/6395/4169 6395/6397/4169 6378/6380/4169 6376/6378/4169
f 6396/6398/4125 6397/6399/4125 6398/6400/4125 6399/6401/4125
f 6397/6399/4075 6400/6402/4075 6401/6403/4075 6398/6400/4075
f 6398/6400/4136 6401/6403/4136 6384/6386/4136 6381/6383/4136
f 6399/6401/4076 6398/6400/4076 6381/6383/4076 6380/6382/4076
f 6400/6402/4170 6402/6404/4170 6403/6405/4170 6401/6403/4170
f 6402/6404/4115 6404/6406/4115 6405/6407/4115 6403/6405/4115
f 6403/6405/4171 6405/6407/4171 6388/6390/4171 6386/6388/4171
f 6401/6403/4119 6403/6405/4119 6386/6388/4119 6384/6386/4119
f 6404/6406/4166 6406/6408/4166 6407/6409/4166 6405/6407/4166
f 6406/6408/4156 6408/6410/4156 6409/6411/4156 6407/6409/4156
f 6407/6409/4083 6409/6411/4083 6392/6394/4083 6390/6392/4083
f 6405/6407/4084 6407/6409/4084 6390/6392/4084 6388/6390/4084
f 6408/6410/4153 6410/6412/4153 6411/6413/4153 6409/6411/4153
f 6410/6412/4152 6396/6398/4152 6399/6401/4152 6411/6413/4152
f 6411/6413/4168 6399/6401/4168 6380/6382/4168 6394/6396/4168
f 6409/6411/4146 6411/6413/4146 6394/6396/4146 6392/6394/4146
f 6412/6414/4100 6413/6415/4100 6414/6416/4100 6415/6417/4100
f 6413/6415/4074 6416/6418/4074 6417/6419/4074 6414/6416/4074
f 6414/6416/4131 6417/6419/4131 6400/6402/4131 6397/6399/4131
f 6415/6417/4088 6414/6416/4088 6397/6399/4088 6396/6398/4088
f 6416/6418/4077 6418/6420/4077 6419/6421/4077 6417/6419/4077
f 6418/6420/4091 6420/6422/4091 6421/6423/4091 6419/6421/4091
f 6419/6421/4118 6421/6423/4118 6404/6406/4118 6402/6404/4118
f 6417/6419/4119 6419/6421/4119 6402/6404/4119 6400/6402/4119
f 6420/6422/4172 6422/6424/4172 6423/6425/4172 6421/6423/4172
f 6422/6424/4093 6424/6426/4093 6425/6427/4093 6423/6425/4093
f 6423/6425/4083 6425/6427/4083 6408/6410/4083 6406/6408/4083
f 6421/6423/4081 6423/6425/4081 6406/6408/4081 6404/6406/4081
f 6424/6426/4099 6426/6428/4099 6427/6429/4099 6425/6427/4099
f 6426/6428/4173 6412/6414/4173 6415/6417/4173 6427/6429/4173
f 6427/6429/4110 6415/6417/4110 6396/6398/4110 6410/6412/4110
f 6425/6427/4111 6427/6429/4111 6410/6412/4111 6408/6410/4111
f 6428/6430/4073 6429/6431/4073 6430/6432/4073 6431/6433/4073
f 6429/6431/4075 6432/6434/4075 6433/6435/4075 6430/6432/4075
f 6430/6432/4174 6433/6435/4174 6416/6418/4174 6413/6415/4174
f 6431/6433/4160 6430/6432/4160 6413/6415/4160 6412/6414/4160
f 6432/6434/4149 6434/6436/4149 6435/6437/4149 6433/6435/4149
f 6434/6436/4079 6436/6438/4079 6437/6439/4079 6435/6437/4079
f 6435/6437/4138 6437/6439/4138 6420/6422/4138 6418/6420/4138
f 6433/6435/4090 6435/6437/4090 6418/6420/4090 6416/6418/4090
f 6436/6438/4103 6438/6440/4103 6439/6441/4103 6437/6439/4103
f 6438/6440/4175 6440/6442/4175 6441/6443/4175 6439/6441/4175
f 6439/6441/4176 6441/6443/4176 6424/6426/4176 6422/6424/4176
f 6437/6439/4095 6439/6441/4095 6422/6424/4095 6420/6422/4095
f 6440/6442/4167 6442/6444/4167 6443/6445/4167 6441/6443/4167
f 6442/6444/4086 6428/6430/4086 6431/6433/4086 6443/6445/4086
f 6443/6445/4087 6431/6433/4087 6412/6414/4087 6426/6428/4087
f 6441/6443/4177 6443/6445/4177 6426/6428/4177 6424/6426/4177
f 6444/6446/4125 6445/6447/4125 6446/6448/4125 6447/6449/4125
f 6445/6447/4075 6448/6450/4075 6449/6451/4075 6446/6448/4075
f 6446/6448/4163 6449/6451/4163 6432/6434/4163 6429/6431/4163
f 6447/6449/4178 6446/6448/4178 6429/6431/4178 6428/6430/4178
f 6448/6450/4179 6450/6452/4179 6451/6453/4179 6449/6451/4179
f 6450/6452/4138 6452/6454/4138 6453/6455/4138 6451/6453/4138
f 6451/6453/4079 6453/6455/4079 6436/6438/4079 6434/6436/4079
f 6449/6451/4134 6451/6453/4134 6434/6436/4134 6432/6434/4134
f 6452/6454/4081 6454/6456/4081 6455/6457/4081 6453/6455/4081
f 6454/6456/4126 6456/6458/4126 6457/6459/4126 6455/6457/4126
f 6455/6457/4082 6457/6459/4082 6440/6442/4082 6438/6440/4082
f 6453/6455/4084 6455/6457/4084 6438/6440/4084 6436/6438/4084
f 6456/6458/4085 6458/6460/4085 6459/6461/4085 6457/6459/4085
f 6458/6460/4104 6444/6446/4104 6447/6449/4104 6459/6461/4104
f 6459/6461/4110 6447/6449/4110 6428/6430/4110 6442/6444/4110
f 6457/6459/4085 6459/6461/4085 6442/6444/4085 6440/6442/4085
f 823/825/4180 822/824/4180 6460/6462/4180 6461/6463/4180
f 822/824/4181 821/823/4181 6462/6464/4181 6460/6462/4181
f 6460/6462/4182 6462/6464/4182 6448/6450/4182 6445/6447/4182
f 6461/6463/4183 6460/6462/4183 6445/6447/4183 6444/6446/4183
f 821/823/4184 820/822/4184 6463/6465/4184 6462/6464/4184
f 820/822/4185 819/821/4185 6464/6466/4185 6463/6465/4185
f 6463/6465/4186 6464/6466/4186 6452/6454/4186 6450/6452/4186
f 6462/6464/4187 6463/6465/4187 6450/6452/4187 6448/6450/4187
f 819/821/4188 816/818/4188 6465/6467/4188 6464/6466/4188
f 816/818/4189 815/817/4189 6466/6468/4189 6465/6467/4189
f 6465/6467/4190 6466/6468/4190 6456/6458/4190 6454/6456/4190
f 6464/6466/4191 6465/6467/4191 6454/6456/4191 6452/6454/4191
f 815/817/4192 818/820/4192 6467/6469/4192 6466/6468/4192
f 818/820/4193 823/825/4193 6461/6463/4193 6467/6469/4193
f 6467/6469/4194 6461/6463/4194 6444/6446/4194 6458/6460/4194
f 6466/6468/4195 6467/6469/4195 6458/6460/4195 6456/6458/4195
f 6468/6470/4196 6469/6471/4196 6470/6472/4196 6471/6473/4196
f 6469/6471/4197 6472/6474/4197 6473/6475/4197 6470/6472/4197
f 6470/6472/4198 6473/6475/4198 887/889/4198 886/888/4198
f 6471/6473/4199 6470/6472/4199 886/888/4199 885/887/4199
f 6472/6474/4200 6474/6476/4200 6475/6477/4200 6473/6475/4200
f 6474/6476/4201 6476/6478/4201 6477/6479/4201 6475/6477/4201
f 6475/6477/4202 6477/6479/4202 968/970/4202 1123/1125/4202
f 6473/6475/4203 6475/6477/4203 1123/1125/4203 887/889/4203
f 6476/6478/4204 6478/6480/4204 6479/6481/4204 6477/6479/4204
f 6478/6480/4205 6480/6482/4205 6481/6483/4205 6479/6481/4205
f 6479/6481/4206 6481/6483/4206 949/951/4206 969/971/4206
f 6477/6479/4207 6479/6481/4207 969/971/4207 968/970/4207
f 6480/6482/4208 6482/6484/4208 6483/6485/4208 6481/6483/4208
f 6482/6484/4209 6468/6470/4209 6471/6473/4209 6483/6485/4209
f 6483/6485/4210 6471/6473/4210 885/887/4210 950/952/4210
f 6481/6483/4211 6483/6485/4211 950/952/4211 949/951/4211
f 6484/6486/4212 6485/6487/4212 6486/6488/4212 6487/6489/4212
f 6485/6487/4213 6488/6490/4213 6489/6491/4213 6486/6488/4213
f 6486/6488/4214 6489/6491/4214 6472/6474/4214 6469/6471/4214
f 6487/6489/4215 6486/6488/4215 6469/6471/4215 6468/6470/4215
f 6488/6490/4216 6490/6492/4216 6491/6493/4216 6489/6491/4216
f 6490/6492/4217 6492/6494/4217 6493/6495/4217 6491/6493/4217
f 6491/6493/4218 6493/6495/4218 6476/6478/4218 6474/6476/4218
f 6489/6491/4219 6491/6493/4219 6474/6476/4219 6472/6474/4219
f 6492/6494/4220 6494/6496/4220 6495/6497/4220 6493/6495/4220
f 6494/6496/4221 6496/6498/4221 6497/6499/4221 6495/6497/4221
f 6495/6497/4222 6497/6499/4222 6480/6482/4222 6478/6480/4222
f 6493/6495/4223 6495/6497/4223 6478/6480/4223 6476/6478/4223
f 6496/6498/4224 6498/6500/4224 6499/6501/4224 6497/6499/4224
f 6498/6500/4225 6484/6486/4225 6487/6489/4225 6499/6501/4225
f 6499/6501/4226 6487/6489/4226 6468/6470/4226 6482/6484/4226
f 6497/6499/4227 6499/6501/4227 6482/6484/4227 6480/6482/4227
f 6500/6502/4228 6501/6503/4228 6502/6504/4228 6503/6505/4228
f 6501/6503/4229 6504/6506/4229 6505/6507/4229 6502/6504/4229
f 6502/6504/4229 6505/6507/4229 6488/6490/4229 6485/6487/4229
f 6503/6505/4230 6502/6504/4230 6485/6487/4230 6484/6486/4230
f 6504/6506/4231 6506/6508/4231 6507/6509/4231 6505/6507/4231
f 6506/6508/4232 6508/6510/4232 6509/6511/4232 6507/6509/4232
f 6507/6509/4233 6509/6511/4233 6492/6494/4233 6490/6492/4233
f 6505/6507/4231 6507/6509/4231 6490/6492/4231 6488/6490/4231
f 6508/6510/4234 6510/6512/4234 6511/6513/4234 6509/6511/4234
f 6510/6512/4235 6512/6514/4235 6513/6515/4235 6511/6513/4235
f 6511/6513/4236 6513/6515/4236 6496/6498/4236 6494/6496/4236
f 6509/6511/4237 6511/6513/4237 6494/6496/4237 6492/6494/4237
f 6512/6514/4238 6514/6516/4238 6515/6517/4238 6513/6515/4238
f 6514/6516/4239 6500/6502/4239 6503/6505/4239 6515/6517/4239
f 6515/6517/4240 6503/6505/4240 6484/6486/4240 6498/6500/4240
f 6513/6515/4238 6515/6517/4238 6498/6500/4238 6496/6498/4238
f 6516/6518/4241 6517/6519/4241 6518/6520/4241 6519/6521/4241
f 6517/6519/4242 6520/6522/4242 6521/6523/4242 6518/6520/4242
f 6518/6520/4243 6521/6523/4243 6504/6506/4243 6501/6503/4243
f 6519/6521/4244 6518/6520/4244 6501/6503/4244 6500/6502/4244
f 6520/6522/4245 6522/6524/4245 6523/6525/4245 6521/6523/4245
f 6522/6524/4233 6524/6526/4233 6525/6527/4233 6523/6525/4233
f 6523/6525/4233 6525/6527/4233 6508/6510/4233 6506/6508/4233
f 6521/6523/4231 6523/6525/4231 6506/6508/4231 6504/6506/4231
f 6524/6526/4246 6526/6528/4246 6527/6529/4246 6525/6527/4246
f 6526/6528/4247 6528/6530/4247 6529/6531/4247 6527/6529/4247
f 6527/6529/4247 6529/6531/4247 6512/6514/4247 6510/6512/4247
f 6525/6527/4234 6527/6529/4234 6510/6512/4234 6508/6510/4234
f 6528/6530/4238 6530/6532/4238 6531/6533/4238 6529/6531/4238
f 6530/6532/4248 6516/6518/4248 6519/6521/4248 6531/6533/4248
f 6531/6533/4240 6519/6521/4240 6500/6502/4240 6514/6516/4240
f 6529/6531/4249 6531/6533/4249 6514/6516/4249 6512/6514/4249
f 6532/6534/4250 6533/6535/4250 6534/6536/4250 6535/6537/4250
f 6533/6535/4243 6536/6538/4243 6537/6539/4243 6534/6536/4243
f 6534/6536/4251 6537/6539/4251 6520/6522/4251 6517/6519/4251
f 6535/6537/4244 6534/6536/4244 6517/6519/4244 6516/6518/4244
f 6536/6538/4219 6538/6540/4219 6539/6541/4219 6537/6539/4219
f 6538/6540/4233 6540/6542/4233 6541/6543/4233 6539/6541/4233
f 6539/6541/4233 6541/6543/4233 6524/6526/4233 6522/6524/4233
f 6537/6539/4252 6539/6541/4252 6522/6524/4252 6520/6522/4252
f 6540/6542/4253 6542/6544/4253 6543/6545/4253 6541/6543/4253
f 6542/6544/4247 6544/6546/4247 6545/6547/4247 6543/6545/4247
f 6543/6545/4247 6545/6547/4247 6528/6530/4247 6526/6528/4247
f 6541/6543/4254 6543/6545/4254 6526/6528/4254 6524/6526/4254
f 6544/6546/4255 6546/6548/4255 6547/6549/4255 6545/6547/4255
f 6546/6548/4256 6532/6534/4256 6535/6537/4256 6547/6549/4256
f 6547/6549/4256 6535/6537/4256 6516/6518/4256 6530/6532/4256
f 6545/6547/4257 6547/6549/4257 6530/6532/4257 6528/6530/4257
f 6548/6550/4258 6549/6551/4258 6550/6552/4258 6551/6553/4258
f 6549/6551/4213 6552/6554/4213 6553/6555/4213 6550/6552/4213
f 6550/6552/4213 6553/6555/4213 6536/6538/4213 6533/6535/4213
f 6551/6553/4259 6550/6552/4259 6533/6535/4259 6532/6534/4259
f 6552/6554/4219 6554/6556/4219 6555/6557/4219 6553/6555/4219
f 6554/6556/4260 6556/6558/4260 6557/6559/4260 6555/6557/4260
f 6555/6557/4261 6557/6559/4261 6540/6542/4261 6538/6540/4261
f 6553/6555/4252 6555/6557/4252 6538/6540/4252 6536/6538/4252
f 6556/6558/4262 6558/6560/4262 6559/6561/4262 6557/6559/4262
f 6558/6560/4263 6560/6562/4263 6561/6563/4263 6559/6561/4263
f 6559/6561/4264 6561/6563/4264 6544/6546/4264 6542/6544/4264
f 6557/6559/4237 6559/6561/4237 6542/6544/4237 6540/6542/4237
f 6560/6562/4249 6562/6564/4249 6563/6565/4249 6561/6563/4249
f 6562/6564/4265 6548/6550/4265 6551/6553/4265 6563/6565/4265
f 6563/6565/4256 6551/6553/4256 6532/6534/4256 6546/6548/4256
f 6561/6563/4266 6563/6565/4266 6546/6548/4266 6544/6546/4266
f 6564/6566/4230 6565/6567/4230 6566/6568/4230 6567/6569/4230
f 6565/6567/4251 6568/6570/4251 6569/6571/4251 6566/6568/4251
f 6566/6568/4267 6569/6571/4267 6552/6554/4267 6549/6551/4267
f 6567/6569/4244 6566/6568/4244 6549/6551/4244 6548/6550/4244
f 6568/6570/4268 6570/6572/4268 6571/6573/4268 6569/6571/4268
f 6570/6572/4233 6572/6574/4233 6573/6575/4233 6571/6573/4233
f 6571/6573/4233 6573/6575/4233 6556/6558/4233 6554/6556/4233
f 6569/6571/4269 6571/6573/4269 6554/6556/4269 6552/6554/4269
f 6572/6574/4270 6574/6576/4270 6575/6577/4270 6573/6575/4270
f 6574/6576/4271 6576/6578/4271 6577/6579/4271 6575/6577/4271
f 6575/6577/4272 6577/6579/4272 6560/6562/4272 6558/6560/4272
f 6573/6575/4254 6575/6577/4254 6558/6560/4254 6556/6558/4254
f 6576/6578/4257 6578/6580/4257 6579/6581/4257 6577/6579/4257
f 6578/6580/4265 6564/6566/4265 6567/6569/4265 6579/6581/4265
f 6579/6581/4265 6567/6569/4265 6548/6550/4265 6562/6564/4265
f 6577/6579/4273 6579/6581/4273 6562/6564/4273 6560/6562/4273
f 6580/6582/4274 6581/6583/4274 6582/6584/4274 6583/6585/4274
f 6581/6583/4251 6584/6586/4251 6585/6587/4251 6582/6584/4251
f 6582/6584/4243 6585/6587/4243 6568/6570/4243 6565/6567/4243
f 6583/6585/4230 6582/6584/4230 6565/6567/4230 6564/6566/4230
f 6584/6586/4216 6586/6588/4216 6587/6589/4216 6585/6587/4216
f 6586/6588/4233 6588/6590/4233 6589/6591/4233 6587/6589/4233
f 6587/6589/4233 6589/6591/4233 6572/6574/4233 6570/6572/4233
f 6585/6587/4231 6587/6589/4231 6570/6572/4231 6568/6570/4231
f 6588/6590/4254 6590/6592/4254 6591/6593/4254 6589/6591/4254
f 6590/6592/4247 6592/6594/4247 6593/6595/4247 6591/6593/4247
f 6591/6593/4275 6593/6595/4275 6576/6578/4275 6574/6576/4275
f 6589/6591/4253 6591/6593/4253 6574/6576/4253 6572/6574/4253
f 6592/6594/4276 6594/6596/4276 6595/6597/4276 6593/6595/4276
f 6594/6596/4256 6580/6582/4256 6583/6585/4256 6595/6597/4256
f 6595/6597/4277 6583/6585/4277 6564/6566/4277 6578/6580/4277
f 6593/6595/4238 6595/6597/4238 6578/6580/4238 6576/6578/4238
f 6596/6598/4244 6597/6599/4244 6598/6600/4244 6599/6601/4244
f 6597/6599/4243 6600/6602/4243 6601/6603/4243 6598/6600/4243
f 6598/6600/4229 6601/6603/4229 6584/6586/4229 6581/6583/4229
f 6599/6601/4250 6598/6600/4250 6581/6583/4250 6580/6582/4250
f 6600/6602/4278 6602/6604/4278 6603/6605/4278 6601/6603/4278
f 6602/6604/4261 6604/6606/4261 6605/6607/4261 6603/6605/4261
f 6603/6605/4261 6605/6607/4261 6588/6590/4261 6586/6588/4261
f 6601/6603/4279 6603/6605/4279 6586/6588/4279 6584/6586/4279
f 6604/6606/4246 6606/6608/4246 6607/6609/4246 6605/6607/4246
f 6606/6608/4280 6608/6610/4280 6609/6611/4280 6607/6609/4280
f 6607/6609/4281 6609/6611/4281 6592/6594/4281 6590/6592/4281
f 6605/6607/4254 6607/6609/4254 6590/6592/4254 6588/6590/4254
f 6608/6610/4238 6610/6612/4238 6611/6613/4238 6609/6611/4238
f 6610/6612/4248 6596/6598/4248 6599/6601/4248 6611/6613/4248
f 6611/6613/4256 6599/6601/4256 6580/6582/4256 6594/6596/4256
f 6609/6611/4276 6611/6613/4276 6594/6596/4276 6592/6594/4276
f 6612/6614/4230 6613/6615/4230 6614/6616/4230 6615/6617/4230
f 6613/6615/4242 6616/6618/4242 6617/6619/4242 6614/6616/4242
f 6614/6616/4251 6617/6619/4251 6600/6602/4251 6597/6599/4251
f 6615/6617/4282 6614/6616/4282 6597/6599/4282 6596/6598/4282
f 6616/6618/4252 6618/6620/4252 6619/6621/4252 6617/6619/4252
f 6618/6620/4261 6620/6622/4261 6621/6623/4261 6619/6621/4261
f 6619/6621/4233 6621/6623/4233 6604/6606/4233 6602/6604/4233
f 6617/6619/4283 6619/6621/4283 6602/6604/4283 6600/6602/4283
f 6620/6622/4284 6622/6624/4284 6623/6625/4284 6621/6623/4284
f 6622/6624/4247 6624/6626/4247 6625/6627/4247 6623/6625/4247
f 6623/6625/4271 6625/6627/4271 6608/6610/4271 6606/6608/4271
f 6621/6623/4253 6623/6625/4253 6606/6608/4253 6604/6606/4253
f 6624/6626/4238 6626/6628/4238 6627/6629/4238 6625/6627/4238
f 6626/6628/4239 6612/6614/4239 6615/6617/4239 6627/6629/4239
f 6627/6629/4285 6615/6617/4285 6596/6598/4285 6610/6612/4285
f 6625/6627/4255 6627/6629/4255 6610/6612/4255 6608/6610/4255
f 6628/6630/4244 6629/6631/4244 6630/6632/4244 6631/6633/4244
f 6629/6631/4213 6632/6634/4213 6633/6635/4213 6630/6632/4213
f 6630/6632/4242 6633/6635/4242 6616/6618/4242 6613/6615/4242
f 6631/6633/4274 6630/6632/4274 6613/6615/4274 6612/6614/4274
f 6632/6634/4279 6634/6636/4279 6635/6637/4279 6633/6635/4279
f 6634/6636/4232 6636/6638/4232 6637/6639/4232 6635/6637/4232
f 6635/6637/4261 6637/6639/4261 6620/6622/4261 6618/6620/4261
f 6633/6635/4268 6635/6637/4268 6618/6620/4268 6616/6618/4268
f 6636/6638/4253 6638/6640/4253 6639/6641/4253 6637/6639/4253
f 6638/6640/4286 6640/6642/4286 6641/6643/4286 6639/6641/4286
f 6639/6641/4286 6641/6643/4286 6624/6626/4286 6622/6624/4286
f 6637/6639/4270 6639/6641/4270 6622/6624/4270 6620/6622/4270
f 6640/6642/4238 6642/6644/4238 6643/6645/4238 6641/6643/4238
f 6642/6644/4248 6628/6630/4248 6631/6633/4248 6643/6645/4248
f 6643/6645/4265 6631/6633/4265 6612/6614/4265 6626/6628/4265
f 6641/6643/4273 6643/6645/4273 6626/6628/4273 6624/6626/4273
f 6644/6646/4244 6645/6647/4244 6646/6648/4244 6647/6649/4244
f 6645/6647/4251 6648/6650/4251 6649/6651/4251 6646/6648/4251
f 6646/6648/4213 6649/6651/4213 6632/6634/4213 6629/6631/4213
f 6647/6649/4287 6646/6648/4287 6629/6631/4287 6628/6630/4287
f 6648/6650/4269 6650/6652/4269 6651/6653/4269 6649/6651/4269
f 6650/6652/4233 6652/6654/4233 6653/6655/4233 6651/6653/4233
f 6651/6653/4232 6653/6655/4232 6636/6638/4232 6634/6636/4232
f 6649/6651/4252 6651/6653/4252 6634/6636/4252 6632/6634/4252
f 6652/6654/4288 6654/6656/4288 6655/6657/4288 6653/6655/4288
f 6654/6656/4289 6656/6658/4289 6657/6659/4289 6655/6657/4289
f 6655/6657/4281 6657/6659/4281 6640/6642/4281 6638/6640/4281
f 6653/6655/4253 6655/6657/4253 6638/6640/4253 6636/6638/4253
f 6656/6658/4255 6658/6660/4255 6659/6661/4255 6657/6659/4255
f 6658/6660/4265 6644/6646/4265 6647/6649/4265 6659/6661/4265
f 6659/6661/4265 6647/6649/4265 6628/6630/4265 6642/6644/4265
f 6657/6659/4276 6659/6661/4276 6642/6644/4276 6640/6642/4276
f 6660/6662/4290 6661/6663/4290 6662/6664/4290 6663/6665/4290
f 6661/6663/4243 6664/6666/4243 6665/6667/4243 6662/6664/4243
f 6662/6664/4243 6665/6667/4243 6648/6650/4243 6645/6647/4243
f 6663/6665/4228 6662/6664/4228 6645/6647/4228 6644/6646/4228
f 6664/6666/4268 6666/6668/4268 6667/6669/4268 6665/6667/4268
f 6666/6668/4291 6668/6670/4291 6669/6671/4291 6667/6669/4291
f 6667/6669/4233 6669/6671/4233 6652/6654/4233 6650/6652/4233
f 6665/6667/4252 6667/6669/4252 6650/6652/4252 6648/6650/4252
f 6668/6670/4292 6670/6672/4292 6671/6673/4292 6669/6671/4292
f 6670/6672/4293 6672/6674/4293 6673/6675/4293 6671/6673/4293
f 6671/6673/4271 6673/6675/4271 6656/6658/4271 6654/6656/4271
f 6669/6671/4253 6671/6673/4253 6654/6656/4253 6652/6654/4253
f 6672/6674/4238 6674/6676/4238 6675/6677/4238 6673/6675/4238
f 6674/6676/4265 6660/6662/4265 6663/6665/4265 6675/6677/4265
f 6675/6677/4277 6663/6665/4277 6644/6646/4277 6658/6660/4277
f 6673/6675/4273 6675/6677/4273 6658/6660/4273 6656/6658/4273
f 6676/6678/4259 6677/6679/4259 6678/6680/4259 6679/6681/4259
f 6677/6679/4294 6680/6682/4294 6681/6683/4294 6678/6680/4294
f 6678/6680/4295 6681/6683/4295 6664/6666/4295 6661/6663/4295
f 6679/6681/4250 6678/6680/4250 6661/6663/4250 6660/6662/4250
f 6680/6682/4216 6682/6684/4216 6683/6685/4216 6681/6683/4216
f 6682/6684/4296 6684/6686/4296 6685/6687/4296 6683/6685/4296
f 6683/6685/4261 6685/6687/4261 6668/6670/4261 6666/6668/4261
f 6681/6683/4268 6683/6685/4268 6666/6668/4268 6664/6666/4268
f 6684/6686/4288 6686/6688/4288 6687/6689/4288 6685/6687/4288
f 6686/6688/4286 6688/6690/4286 6689/6691/4286 6687/6689/4286
f 6687/6689/4281 6689/6691/4281 6672/6674/4281 6670/6672/4281
f 6685/6687/4237 6687/6689/4237 6670/6672/4237 6668/6670/4237
f 6688/6690/4297 6690/6692/4297 6691/6693/4297 6689/6691/4297
f 6690/6692/4256 6676/6678/4256 6679/6681/4256 6691/6693/4256
f 6691/6693/4285 6679/6681/4285 6660/6662/4285 6674/6676/4285
f 6689/6691/4298 6691/6693/4298 6674/6676/4298 6672/6674/4298
f 6692/6694/4244 6693/6695/4244 6694/6696/4244 6695/6697/4244
f 6693/6695/4213 6696/6698/4213 6697/6699/4213 6694/6696/4213
f 6694/6696/4251 6697/6699/4251 6680/6682/4251 6677/6679/4251
f 6695/6697/4250 6694/6696/4250 6677/6679/4250 6676/6678/4250
f 6696/6698/4268 6698/6700/4268 6699/6701/4268 6697/6699/4268
f 6698/6700/4296 6700/6702/4296 6701/6703/4296 6699/6701/4296
f 6699/6701/4233 6701/6703/4233 6684/6686/4233 6682/6684/4233
f 6697/6699/4299 6699/6701/4299 6682/6684/4299 6680/6682/4299
f 6700/6702/4300 6702/6704/4300 6703/6705/4300 6701/6703/4300
f 6702/6704/4301 6704/6706/4301 6705/6707/4301 6703/6705/4301
f 6703/6705/4235 6705/6707/4235 6688/6690/4235 6686/6688/4235
f 6701/6703/4234 6703/6705/4234 6686/6688/4234 6684/6686/4234
f 6704/6706/4238 6706/6708/4238 6707/6709/4238 6705/6707/4238
f 6706/6708/4248 6692/6694/4248 6695/6697/4248 6707/6709/4248
f 6707/6709/4265 6695/6697/4265 6676/6678/4265 6690/6692/4265
f 6705/6707/4257 6707/6709/4257 6690/6692/4257 6688/6690/4257
f 6708/6710/4228 6709/6711/4228 6710/6712/4228 6711/6713/4228
f 6709/6711/4243 6712/6714/4243 6713/6715/4243 6710/6712/4243
f 6710/6712/4229 6713/6715/4229 6696/6698/4229 6693/6695/4229
f 6711/6713/4274 6710/6712/4274 6693/6695/4274 6692/6694/4274
f 6712/6714/4216 6714/6716/4216 6715/6717/4216 6713/6715/4216
f 6714/6716/4296 6716/6718/4296 6717/6719/4296 6715/6717/4296
f 6715/6717/4233 6717/6719/4233 6700/6702/4233 6698/6700/4233
f 6713/6715/4268 6715/6717/4268 6698/6700/4268 6696/6698/4268
f 6716/6718/4270 6718/6720/4270 6719/6721/4270 6717/6719/4270
f 6718/6720/4235 6720/6722/4235 6721/6723/4235 6719/6721/4235
f 6719/6721/4272 6721/6723/4272 6704/6706/4272 6702/6704/4272
f 6717/6719/4234 6719/6721/4234 6702/6704/4234 6700/6702/4234
f 6720/6722/4255 6722/6724/4255 6723/6725/4255 6721/6723/4255
f 6722/6724/4285 6708/6710/4285 6711/6713/4285 6723/6725/4285
f 6723/6725/4248 6711/6713/4248 6692/6694/4248 6706/6708/4248
f 6721/6723/4238 6723/6725/4238 6706/6708/4238 6704/6706/4238
f 6724/6726/4244 6725/6727/4244 6726/6728/4244 6727/6729/4244
f 6725/6727/4251 6728/6730/4251 6729/6731/4251 6726/6728/4251
f 6726/6728/4251 6729/6731/4251 6712/6714/4251 6709/6711/4251
f 6727/6729/4230 6726/6728/4230 6709/6711/4230 6708/6710/4230
f 6728/6730/4302 6730/6732/4302 6731/6733/4302 6729/6731/4302
f 6730/6732/4296 6732/6734/4296 6733/6735/4296 6731/6733/4296
f 6731/6733/4303 6733/6735/4303 6716/6718/4303 6714/6716/4303
f 6729/6731/4252 6731/6733/4252 6714/6716/4252 6712/6714/4252
f 6732/6734/4304 6734/6736/4304 6735/6737/4304 6733/6735/4304
f 6734/6736/4272 6736/6738/4272 6737/6739/4272 6735/6737/4272
f 6735/6737/4236 6737/6739/4236 6720/6722/4236 6718/6720/4236
f 6733/6735/4300 6735/6737/4300 6718/6720/4300 6716/6718/4300
f 6736/6738/4305 6738/6740/4305 6739/6741/4305 6737/6739/4305
f 6738/6740/4265 6724/6726/4265 6727/6729/4265 6739/6741/4265
f 6739/6741/4277 6727/6729/4277 6708/6710/4277 6722/6724/4277
f 6737/6739/4266 6739/6741/4266 6722/6724/4266 6720/6722/4266
f 6740/6742/4274 6741/6743/4274 6742/6744/4274 6743/6745/4274
f 6741/6743/4306 6744/6746/4306 6745/6747/4306 6742/6744/4306
f 6742/6744/4243 6745/6747/4243 6728/6730/4243 6725/6727/4243
f 6743/6745/4244 6742/6744/4244 6725/6727/4244 6724/6726/4244
f 6744/6746/4278 6746/6748/4278 6747/6749/4278 6745/6747/4278
f 6746/6748/4296 6748/6750/4296 6749/6751/4296 6747/6749/4296
f 6747/6749/4296 6749/6751/4296 6732/6734/4296 6730/6732/4296
f 6745/6747/4283 6747/6749/4283 6730/6732/4283 6728/6730/4283
f 6748/6750/4284 6750/6752/4284 6751/6753/4284 6749/6751/4284
f 6750/6752/4307 6752/6754/4307 6753/6755/4307 6751/6753/4307
f 6751/6753/4308 6753/6755/4308 6736/6738/4308 6734/6736/4308
f 6749/6751/4288 6751/6753/4288 6734/6736/4288 6732/6734/4288
f 6752/6754/4276 6754/6756/4276 6755/6757/4276 6753/6755/4276
f 6754/6756/4309 6740/6742/4309 6743/6745/4309 6755/6757/4309
f 6755/6757/4240 6743/6745/4240 6724/6726/4240 6738/6740/4240
f 6753/6755/4238 6755/6757/4238 6738/6740/4238 6736/6738/4238
f 6756/6758/4310 6757/6759/4310 6758/6760/4310 6759/6761/4310
f 6757/6759/4251 6760/6762/4251 6761/6763/4251 6758/6760/4251
f 6758/6760/4243 6761/6763/4243 6744/6746/4243 6741/6743/4243
f 6759/6761/4287 6758/6760/4287 6741/6743/4287 6740/6742/4287
f 6760/6762/4268 6762/6764/4268 6763/6765/4268 6761/6763/4268
f 6762/6764/4233 6764/6766/4233 6765/6767/4233 6763/6765/4233
f 6763/6765/4261 6765/6767/4261 6748/6750/4261 6746/6748/4261
f 6761/6763/4216 6763/6765/4216 6746/6748/4216 6744/6746/4216
f 6764/6766/4254 6766/6768/4254 6767/6769/4254 6765/6767/4254
f 6766/6768/4311 6768/6770/4311 6769/6771/4311 6767/6769/4311
f 6767/6769/4286 6769/6771/4286 6752/6754/4286 6750/6752/4286
f 6765/6767/4234 6767/6769/4234 6750/6752/4234 6748/6750/4234
f 6768/6770/4305 6770/6772/4305 6771/6773/4305 6769/6771/4305
f 6770/6772/4265 6756/6758/4265 6759/6761/4265 6771/6773/4265
f 6771/6773/4285 6759/6761/4285 6740/6742/4285 6754/6756/4285
f 6769/6771/4266 6771/6773/4266 6754/6756/4266 6752/6754/4266
f 6772/6774/4287 6773/6775/4287 6774/6776/4287 6775/6777/4287
f 6773/6775/4306 6776/6778/4306 6777/6779/4306 6774/6776/4306
f 6774/6776/4251 6777/6779/4251 6760/6762/4251 6757/6759/4251
f 6775/6777/4287 6774/6776/4287 6757/6759/4287 6756/6758/4287
f 6776/6778/4252 6778/6780/4252 6779/6781/4252 6777/6779/4252
f 6778/6780/4312 6780/6782/4312 6781/6783/4312 6779/6781/4312
f 6779/6781/4296 6781/6783/4296 6764/6766/4296 6762/6764/4296
f 6777/6779/4252 6779/6781/4252 6762/6764/4252 6760/6762/4252
f 6780/6782/4284 6782/6784/4284 6783/6785/4284 6781/6783/4284
f 6782/6784/4272 6784/6786/4272 6785/6787/4272 6783/6785/4272
f 6783/6785/4289 6785/6787/4289 6768/6770/4289 6766/6768/4289
f 6781/6783/4313 6783/6785/4313 6766/6768/4313 6764/6766/4313
f 6784/6786/4257 6786/6788/4257 6787/6789/4257 6785/6787/4257
f 6786/6788/4265 6772/6774/4265 6775/6777/4265 6787/6789/4265
f 6787/6789/4239 6775/6777/4239 6756/6758/4239 6770/6772/4239
f 6785/6787/4298 6787/6789/4298 6770/6772/4298 6768/6770/4298
f 6788/6790/4314 6789/6791/4314 6790/6792/4314 6791/6793/4314
f 6789/6791/4213 6792/6794/4213 6793/6795/4213 6790/6792/4213
f 6790/6792/4242 6793/6795/4242 6776/6778/4242 6773/6775/4242
f 6791/6793/4228 6790/6792/4228 6773/6775/4228 6772/6774/4228
f 6792/6794/4302 6794/6796/4302 6795/6797/4302 6793/6795/4302
f 6794/6796/4291 6796/6798/4291 6797/6799/4291 6795/6797/4291
f 6795/6797/4261 6797/6799/4261 6780/6782/4261 6778/6780/4261
f 6793/6795/4315 6795/6797/4315 6778/6780/4315 6776/6778/4315
f 6796/6798/4237 6798/6800/4237 6799/6801/4237 6797/6799/4237
f 6798/6800/4316 6800/6802/4316 6801/6803/4316 6799/6801/4316
f 6799/6801/4236 6801/6803/4236 6784/6786/4236 6782/6784/4236
f 6797/6799/4237 6799/6801/4237 6782/6784/4237 6780/6782/4237
f 6800/6802/4317 6802/6804/4317 6803/6805/4317 6801/6803/4317
f 6802/6804/4285 6788/6790/4285 6791/6793/4285 6803/6805/4285
f 6803/6805/4248 6791/6793/4248 6772/6774/4248 6786/6788/4248
f 6801/6803/4238 6803/6805/4238 6786/6788/4238 6784/6786/4238
f 6804/6806/4310 6805/6807/4310 6806/6808/4310 6807/6809/4310
f 6805/6807/4318 6808/6810/4318 6809/6811/4318 6806/6808/4318
f 6806/6808/4243 6809/6811/4243 6792/6794/4243 6789/6791/4243
f 6807/6809/4319 6806/6808/4319 6789/6791/4319 6788/6790/4319
f 6808/6810/4231 6810/6812/4231 6811/6813/4231 6809/6811/4231
f 6810/6812/4261 6812/6814/4261 6813/6815/4261 6811/6813/4261
f 6811/6813/4296 6813/6815/4296 6796/6798/4296 6794/6796/4296
f 6809/6811/4231 6811/6813/4231 6794/6796/4231 6792/6794/4231
f 6812/6814/4288 6814/6816/4288 6815/6817/4288 6813/6815/4288
f 6814/6816/4286 6816/6818/4286 6817/6819/4286 6815/6817/4286
f 6815/6817/4320 6817/6819/4320 6800/6802/4320 6798/6800/4320
f 6813/6815/4270 6815/6817/4270 6798/6800/4270 6796/6798/4270
f 6816/6818/4273 6818/6820/4273 6819/6821/4273 6817/6819/4273
f 6818/6820/4240 6804/6806/4240 6807/6809/4240 6819/6821/4240
f 6819/6821/4265 6807/6809/4265 6788/6790/4265 6802/6804/4265
f 6817/6819/4238 6819/6821/4238 6802/6804/4238 6800/6802/4238
f 6820/6822/4274 6821/6823/4274 6822/6824/4274 6823/6825/4274
f 6821/6823/4213 6824/6826/4213 6825/6827/4213 6822/6824/4213
f 6822/6824/4251 6825/6827/4251 6808/6810/4251 6805/6807/4251
f 6823/6825/4287 6822/6824/4287 6805/6807/4287 6804/6806/4287
f 6824/6826/4231 6826/6828/4231 6827/6829/4231 6825/6827/4231
f 6826/6828/4296 6828/6830/4296 6829/6831/4296 6827/6829/4296
f 6827/6829/4233 6829/6831/4233 6812/6814/4233 6810/6812/4233
f 6825/6827/4252 6827/6829/4252 6810/6812/4252 6808/6810/4252
f 6828/6830/4292 6830/6832/4292 6831/6833/4292 6829/6831/4292
f 6830/6832/4247 6832/6834/4247 6833/6835/4247 6831/6833/4247
f 6831/6833/4271 6833/6835/4271 6816/6818/4271 6814/6816/4271
f 6829/6831/4253 6831/6833/4253 6814/6816/4253 6812/6814/4253
f 6832/6834/4321 6834/6836/4321 6835/6837/4321 6833/6835/4321
f 6834/6836/4240 6820/6822/4240 6823/6825/4240 6835/6837/4240
f 6835/6837/4322 6823/6825/4322 6804/6806/4322 6818/6820/4322
f 6833/6835/4323 6835/6837/4323 6818/6820/4323 6816/6818/4323
f 6836/6838/4310 6837/6839/4310 6838/6840/4310 6839/6841/4310
f 6837/6839/4242 6840/6842/4242 6841/6843/4242 6838/6840/4242
f 6838/6840/4242 6841/6843/4242 6824/6826/4242 6821/6823/4242
f 6839/6841/4228 6838/6840/4228 6821/6823/4228 6820/6822/4228
f 6840/6842/4216 6842/6844/4216 6843/6845/4216 6841/6843/4216
f 6842/6844/4324 6844/6846/4324 6845/6847/4324 6843/6845/4324
f 6843/6845/4232 6845/6847/4232 6828/6830/4232 6826/6828/4232
f 6841/6843/4231 6843/6845/4231 6826/6828/4231 6824/6826/4231
f 6844/6846/4325 6846/6848/4325 6847/6849/4325 6845/6847/4325
f 6846/6848/4271 6848/6850/4271 6849/6851/4271 6847/6849/4271
f 6847/6849/4281 6849/6851/4281 6832/6834/4281 6830/6832/4281
f 6845/6847/4284 6847/6849/4284 6830/6832/4284 6828/6830/4284
f 6848/6850/4238 6850/6852/4238 6851/6853/4238 6849/6851/4238
f 6850/6852/4256 6836/6838/4256 6839/6841/4256 6851/6853/4256
f 6851/6853/4265 6839/6841/4265 6820/6822/4265 6834/6836/4265
f 6849/6851/4255 6851/6853/4255 6834/6836/4255 6832/6834/4255
f 6852/6854/4259 6853/6855/4259 6854/6856/4259 6855/6857/4259
f 6853/6855/4326 6856/6858/4326 6857/6859/4326 6854/6856/4326
f 6854/6856/4242 6857/6859/4242 6840/6842/4242 6837/6839/4242
f 6855/6857/4259 6854/6856/4259 6837/6839/4259 6836/6838/4259
f 6856/6858/4231 6858/6860/4231 6859/6861/4231 6857/6859/4231
f 6858/6860/4261 6860/6862/4261 6861/6863/4261 6859/6861/4261
f 6859/6861/4232 6861/6863/4232 6844/6846/4232 6842/6844/4232
f 6857/6859/4327 6859/6861/4327 6842/6844/4327 6840/6842/4327
f 6860/6862/4234 6862/6864/4234 6863/6865/4234 6861/6863/4234
f 6862/6864/4289 6864/6866/4289 6865/6867/4289 6863/6865/4289
f 6863/6865/4293 6865/6867/4293 6848/6850/4293 6846/6848/4293
f 6861/6863/4237 6863/6865/4237 6846/6848/4237 6844/6846/4237
f 6864/6866/4238 6866/6868/4238 6867/6869/4238 6865/6867/4238
f 6866/6868/4256 6852/6854/4256 6855/6857/4256 6867/6869/4256
f 6867/6869/4328 6855/6857/4328 6836/6838/4328 6850/6852/4328
f 6865/6867/4266 6867/6869/4266 6850/6852/4266 6848/6850/4266
f 814/816/4329 813/815/4329 6868/6870/4329 6869/6871/4329
f 813/815/4330 812/814/4330 6870/6872/4330 6868/6870/4330
f 6868/6870/4331 6870/6872/4331 6856/6858/4331 6853/6855/4331
f 6869/6871/4332 6868/6870/4332 6853/6855/4332 6852/6854/4332
f 812/814/4333 811/813/4333 6871/6873/4333 6870/6872/4333
f 811/813/4334 810/812/4334 6872/6874/4334 6871/6873/4334
f 6871/6873/4335 6872/6874/4335 6860/6862/4335 6858/6860/4335
f 6870/6872/4336 6871/6873/4336 6858/6860/4336 6856/6858/4336
f 810/812/4337 807/809/4337 6873/6875/4337 6872/6874/4337
f 807/809/4338 806/808/4338 6874/6876/4338 6873/6875/4338
f 6873/6875/4339 6874/6876/4339 6864/6866/4339 6862/6864/4339
f 6872/6874/4340 6873/6875/4340 6862/6864/4340 6860/6862/4340
f 806/808/4341 809/811/4341 6875/6877/4341 6874/6876/4341
f 809/811/4342 814/816/4342 6869/6871/4342 6875/6877/4342
f 6875/6877/4343 6869/6871/4343 6852/6854/4343 6866/6868/4343
f 6874/6876/4344 6875/6877/4344 6866/6868/4344 6864/6866/4344
f 6876/6878/4345 6877/6879/4345 6878/6880/4345 6879/6881/4345 6880/6882/4345 6881/6883/4345 6882/6884/4345 6883/6885/4345 6884/6886/4345 6885/6887/4345
f 6878/6880/4346 6886/6888/4346 6887/6889/4346 6888/6890/4346 6889/6891/4346 6890/6892/4346 6879/6881/4346
f 6891/6893/4347 6887/6889/4347 6886/6888/4347 6892/6894/4347 6893/6895/4347
f 6894/6896/4348 6895/6897/4348 6893/6895/4348 6892/6894/4348 6896/6898/4348 6897/6899/4348 6898/6900/4348 6899/6901/4348
f 6900/6902/4349 6901/6903/4349 6902/6904/4349 6903/6905/4349 6904/6906/4349 6905/6907/4349 6906/6908/4349 6907/6909/4349 6897/6899/4349 6908/6910/4349 6909/6911/4349 6910/6912/4349 6911/6913/4349 6912/6914/4349 6913/6915/4349
f 6914/6916/4350 6908/6910/4350 6897/6899/4350 6896/6898/4350 6915/6917/4350 6902/6904/4350 6901/6903/4350 6916/6918/4350
f 6917/6919/4351 6918/6920/4351 6919/6921/4351 6920/6922/4351 6921/6923/4351 6915/6917/4351 6922/6924/4351 6923/6925/4351 6924/6926/4351
f 6883/6885/4352 6882/6884/4352 6925/6927/4352 6926/6928/4352 6927/6929/4352 6928/6930/4352 6929/6931/4352 6877/6879/4352 6876/6878/4352 6930/6932/4352 6931/6933/4352 6932/6934/4352 6933/6935/4352 6934/6936/4352 6935/6937/4352
f 6936/6938/4353 6937/6939/4353 6922/6940/4353 6938/6941/4353 6939/6942/4353 6940/6943/4353 6941/6944/4353 6942/6945/4353 6943/6946/4353 6944/6947/4353 6945/6948/4353
f 6946/6949/4354 6947/6950/4354 6948/6951/4354 6949/6952/4354 6950/6953/4354 6937/6939/4354
f 6951/6954/4355 6952/6955/4355 6878/6880/4355 6877/6879/4355 6953/6956/4355 6954/6957/4355 6955/6958/4355 6956/6959/4355 6957/6960/4355 6958/6961/4355 6959/6962/4355 6960/6963/4355 6961/6964/4355
f 6962/6965/4356 6957/6960/4356 6956/6959/4356 6963/6966/4356 6964/6967/4356 6965/6968/4356 6966/6969/4356 6886/6888/4356 6878/6880/4356 6952/6955/4356 6967/6970/4356 6968/6971/4356
f 6969/6972/4357 6970/6973/4357 6892/6894/4357 6886/6888/4357 6966/6969/4357
f 6971/6974/4358 6896/6898/4358 6892/6894/4358 6970/6973/4358 6972/6975/4358 6973/6976/4358 6974/6977/4358 6975/6978/4358
f 6976/6979/4359 6977/6980/4359 6978/6981/4359 6979/6982/4359 6915/6917/4359 6896/6898/4359 6971/6974/4359 6980/6983/4359 6981/6984/4359
f 6982/6985/4360 6922/6924/4360 6915/6917/4360 6983/6986/4360 6984/6987/4360 6985/6988/4360 6986/6989/4360 6987/6990/4360 6988/6991/4360
f 6989/6992/4361 6953/6956/4361 6877/6879/4361 6929/6931/4361 6990/6993/4361 6991/6994/4361 6992/6995/4361
f 6993/6996/4362 6994/6997/4362 6995/6998/4362 6996/6999/4362 6997/7000/4362 6998/7001/4362 6999/7002/4362 6922/6940/4362 6937/6939/4362 7000/7003/4362 7001/7004/4362
f 7002/7005/4363 6937/6939/4363 6950/6953/4363 7003/7006/4363 7004/7007/4363 7005/7008/4363
f 7006/7009/4364 7007/7010/4364 7008/7011/4364 7009/7012/4364 7010/7013/4364 7011/7014/4364 7012/7015/4364 7013/7016/4364 7014/7017/4364 7015/7018/4364
f 7008/7011/4365 7016/7019/4365 7017/7020/4365 7018/7021/4365 7019/7022/4365 7020/7023/4365 7009/7012/4365
f 7021/7024/4366 7017/7020/4366 7016/7019/4366 7022/7025/4366 7023/7026/4366
f 7024/7027/4367 7025/7028/4367 7023/7026/4367 7022/7025/4367 7026/7029/4367 7027/7030/4367 7028/7031/4367 7029/7032/4367
f 7030/7033/4368 7031/7034/4368 7032/7035/4368 7033/7036/4368 7034/7037/4368 7035/7038/4368 7036/7039/4368 7037/7040/4368 7027/7030/4368 7038/7041/4368 7039/7042/4368 7040/7043/4368 7041/7044/4368 7042/7045/4368 7043/7046/4368
f 7044/7047/4369 7038/7041/4369 7027/7030/4369 7026/7029/4369 7045/7048/4369 7032/7035/4369 7031/7034/4369 7046/7049/4369
f 7047/7050/4370 7048/7051/4370 7049/7052/4370 7050/7053/4370 7051/7054/4370 7045/7048/4370 7052/7055/4370 7053/7056/4370 7054/7057/4370
f 7013/7016/4371 7012/7015/4371 7055/7058/4371 7056/7059/4371 7057/7060/4371 7058/7061/4371 7059/7062/4371 7007/7010/4371 7006/7009/4371 7060/7063/4371 7061/7064/4371 7062/7065/4371 7063/7066/4371 7064/7067/4371 7065/7068/4371
f 7066/7069/4372 7067/7070/4372 7052/7071/4372 7068/7072/4372 7069/7073/4372 7070/7074/4372 7071/7075/4372 7072/7076/4372 7073/7077/4372 7074/7078/4372 7075/7079/4372
f 7076/7080/4373 7077/7081/4373 7078/7082/4373 7079/7083/4373 7080/7084/4373 7067/7070/4373
f 7081/7085/4374 7082/7086/4374 7008/7011/4374 7007/7010/4374 7083/7087/4374 7084/7088/4374 7085/7089/4374 7086/7090/4374 7087/7091/4374 7088/7092/4374 7089/7093/4374 7090/7094/4374 7091/7095/4374
f 7092/7096/4375 7087/7091/4375 7086/7090/4375 7093/7097/4375 7094/7098/4375 7095/7099/4375 7096/7100/4375 7016/7019/4375 7008/7011/4375 7082/7086/4375 7097/7101/4375 7098/7102/4375
f 7099/7103/4376 7100/7104/4376 7022/7025/4376 7016/7019/4376 7096/7100/4376
f 7101/7105/4377 7026/7029/4377 7022/7025/4377 7100/7104/4377 7102/7106/4377 7103/7107/4377 7104/7108/4377 7105/7109/4377
f 7106/7110/4378 7107/7111/4378 7108/7112/4378 7109/7113/4378 7045/7048/4378 7026/7029/4378 7101/7105/4378 7110/7114/4378 7111/7115/4378
f 7112/7116/4379 7052/7055/4379 7045/7048/4379 7113/7117/4379 7114/7118/4379 7115/7119/4379 7116/7120/4379 7117/7121/4379 7118/7122/4379
f 7119/7123/4380 7083/7087/4380 7007/7010/4380 7059/7062/4380 7120/7124/4380 7121/7125/4380 7122/7126/4380
f 7123/7127/4381 7124/7128/4381 7125/7129/4381 7126/7130/4381 7127/7131/4381 7128/7132/4381 7129/7133/4381 7052/7071/4381 7067/7070/4381 7130/7134/4381 7131/7135/4381
f 7132/7136/4382 7067/7070/4382 7080/7084/4382 7133/7137/4382 7134/7138/4382 7135/7139/4382
f 7136/7140/4383 7137/7141/4383 7138/7142/4383 7139/7143/4383 7140/7144/4383 7141/7145/4383 7142/7146/4383 7143/7147/4383 7144/7148/4383 7145/7149/4383
f 7138/7142/4384 7146/7150/4384 7147/7151/4384 7148/7152/4384 7149/7153/4384 7150/7154/4384 7139/7143/4384
f 7151/7155/4385 7147/7151/4385 7146/7150/4385 7152/7156/4385 7153/7157/4385
f 7154/7158/4386 7155/7159/4386 7153/7157/4386 7152/7156/4386 7156/7160/4386 7157/7161/4386 7158/7162/4386 7159/7163/4386
f 7160/7164/4387 7161/7165/4387 7162/7166/4387 7163/7167/4387 7164/7168/4387 7165/7169/4387 7166/7170/4387 7167/7171/4387 7157/7161/4387 7168/7172/4387 7169/7173/4387 7170/7174/4387 7171/7175/4387 7172/7176/4387 7173/7177/4387
f 7174/7178/4388 7168/7172/4388 7157/7161/4388 7156/7160/4388 7175/7179/4388 7162/7166/4388 7161/7165/4388 7176/7180/4388
f 7177/7181/4389 7178/7182/4389 7179/7183/4389 7180/7184/4389 7181/7185/4389 7175/7179/4389 7182/7186/4389 7183/7187/4389 7184/7188/4389
f 7143/7147/4390 7142/7146/4390 7185/7189/4390 7186/7190/4390 7187/7191/4390 7188/7192/4390 7189/7193/4390 7137/7141/4390 7136/7140/4390 7190/7194/4390 7191/7195/4390 7192/7196/4390 7193/7197/4390 7194/7198/4390 7195/7199/4390
f 7196/7200/4391 7197/7201/4391 7182/7202/4391 7198/7203/4391 7199/7204/4391 7200/7205/4391 7201/7206/4391 7202/7207/4391 7203/7208/4391 7204/7209/4391 7205/7210/4391
f 7206/7211/4392 7207/7212/4392 7208/7213/4392 7209/7214/4392 7210/7215/4392 7197/7201/4392
f 7211/7216/4393 7212/7217/4393 7138/7142/4393 7137/7141/4393 7213/7218/4393 7214/7219/4393 7215/7220/4393 7216/7221/4393 7217/7222/4393 7218/7223/4393 7219/7224/4393 7220/7225/4393 7221/7226/4393
f 7222/7227/4394 7217/7222/4394 7216/7221/4394 7223/7228/4394 7224/7229/4394 7225/7230/4394 7226/7231/4394 7146/7150/4394 7138/7142/4394 7212/7217/4394 7227/7232/4394 7228/7233/4394
f 7229/7234/4395 7230/7235/4395 7152/7156/4395 7146/7150/4395 7226/7231/4395
f 7231/7236/4396 7156/7160/4396 7152/7156/4396 7230/7235/4396 7232/7237/4396 7233/7238/4396 7234/7239/4396 7235/7240/4396
f 7236/7241/4397 7237/7242/4397 7238/7243/4397 7239/7244/4397 7175/7179/4397 7156/7160/4397 7231/7236/4397 7240/7245/4397 7241/7246/4397
f 7242/7247/4398 7182/7186/4398 7175/7179/4398 7243/7248/4398 7244/7249/4398 7245/7250/4398 7246/7251/4398 7247/7252/4398 7248/7253/4398
f 7249/7254/4399 7213/7218/4399 7137/7141/4399 7189/7193/4399 7250/7255/4399 7251/7256/4399 7252/7257/4399
f 7253/7258/4400 7254/7259/4400 7255/7260/4400 7256/7261/4400 7257/7262/4400 7258/7263/4400 7259/7264/4400 7182/7202/4400 7197/7201/4400 7260/7265/4400 7261/7266/4400
f 7262/7267/4401 7197/7201/4401 7210/7215/4401 7263/7268/4401 7264/7269/4401 7265/7270/4401
f 7266/7271/4402 7267/7272/4402 7268/7273/4402 7269/7274/4402 7270/7275/4402 7271/7276/4402 7272/7277/4402 7273/7278/4402 7274/7279/4402 7275/7280/4402
f 7268/7273/4403 7276/7281/4403 7277/7282/4403 7278/7283/4403 7279/7284/4403 7280/7285/4403 7269/7274/4403
f 7281/7286/4404 7277/7282/4404 7276/7281/4404 7282/7287/4404 7283/7288/4404
f 7284/7289/4405 7285/7290/4405 7283/7288/4405 7282/7287/4405 7286/7291/4405 7287/7292/4405 7288/7293/4405 7289/7294/4405
f 7290/7295/4406 7291/7296/4406 7292/7297/4406 7293/7298/4406 7294/7299/4406 7295/7300/4406 7296/7301/4406 7297/7302/4406 7287/7292/4406 7298/7303/4406 7299/7304/4406 7300/7305/4406 7301/7306/4406 7302/7307/4406 7303/7308/4406
f 7304/7309/4407 7298/7303/4407 7287/7292/4407 7286/7291/4407 7305/7310/4407 7292/7297/4407 7291/7296/4407 7306/7311/4407
f 7307/7312/4408 7308/7313/4408 7309/7314/4408 7310/7315/4408 7311/7316/4408 7305/7310/4408 7312/7317/4408 7313/7318/4408 7314/7319/4408
f 7273/7278/4409 7272/7277/4409 7315/7320/4409 7316/7321/4409 7317/7322/4409 7318/7323/4409 7319/7324/4409 7267/7272/4409 7266/7271/4409 7320/7325/4409 7321/7326/4409 7322/7327/4409 7323/7328/4409 7324/7329/4409 7325/7330/4409
f 7326/7331/4410 7327/7332/4410 7312/7333/4410 7328/7334/4410 7329/7335/4410 7330/7336/4410 7331/7337/4410 7332/7338/4410 7333/7339/4410 7334/7340/4410 7335/7341/4410
f 7336/7342/4411 7337/7343/4411 7338/7344/4411 7339/7345/4411 7340/7346/4411 7327/7332/4411
f 7341/7347/4412 7342/7348/4412 7268/7273/4412 7267/7272/4412 7343/7349/4412 7344/7350/4412 7345/7351/4412 7346/7352/4412 7347/7353/4412 7348/7354/4412 7349/7355/4412 7350/7356/4412 7351/7357/4412
f 7352/7358/4413 7347/7353/4413 7346/7352/4413 7353/7359/4413 7354/7360/4413 7355/7361/4413 7356/7362/4413 7276/7281/4413 7268/7273/4413 7342/7348/4413 7357/7363/4413 7358/7364/4413
f 7359/7365/4414 7360/7366/4414 7282/7287/4414 7276/7281/4414 7356/7362/4414
f 7361/7367/4415 7286/7291/4415 7282/7287/4415 7360/7366/4415 7362/7368/4415 7363/7369/4415 7364/7370/4415 7365/7371/4415
f 7366/7372/4416 7367/7373/4416 7368/7374/4416 7369/7375/4416 7305/7310/4416 7286/7291/4416 7361/7367/4416 7370/7376/4416 7371/7377/4416
f 7372/7378/4417 7312/7317/4417 7305/7310/4417 7373/7379/4417 7374/7380/4417 7375/7381/4417 7376/7382/4417 7377/7383/4417 7378/7384/4417
f 7379/7385/4418 7343/7349/4418 7267/7272/4418 7319/7324/4418 7380/7386/4418 7381/7387/4418 7382/7388/4418
f 7383/7389/4419 7384/7390/4419 7385/7391/4419 7386/7392/4419 7387/7393/4419 7388/7394/4419 7389/7395/4419 7312/7333/4419 7327/7332/4419 7390/7396/4419 7391/7397/4419
f 7392/7398/4420 7327/7332/4420 7340/7346/4420 7393/7399/4420 7394/7400/4420 7395/7401/4420
f 7396/7402/4421 7397/7403/4421 7398/7404/4421 7399/7405/4421 7400/7406/4421 7401/7407/4421 7402/7408/4421 7403/7409/4421 7404/7410/4421 7405/7411/4421
f 7398/7404/4422 7406/7412/4422 7407/7413/4422 7408/7414/4422 7409/7415/4422 7410/7416/4422 7399/7405/4422
f 7411/7417/4423 7407/7413/4423 7406/7412/4423 7412/7418/4423 7413/7419/4423
f 7414/7420/4424 7415/7421/4424 7413/7419/4424 7412/7418/4424 7416/7422/4424 7417/7423/4424 7418/7424/4424 7419/7425/4424
f 7420/7426/4425 7421/7427/4425 7422/7428/4425 7423/7429/4425 7424/7430/4425 7425/7431/4425 7426/7432/4425 7427/7433/4425 7417/7423/4425 7428/7434/4425 7429/7435/4425 7430/7436/4425 7431/7437/4425 7432/7438/4425 7433/7439/4425
f 7434/7440/4426 7428/7434/4426 7417/7423/4426 7416/7422/4426 7435/7441/4426 7422/7428/4426 7421/7427/4426 7436/7442/4426
f 7437/7443/4427 7438/7444/4427 7439/7445/4427 7440/7446/4427 7441/7447/4427 7435/7441/4427 7442/7448/4427 7443/7449/4427 7444/7450/4427
f 7403/7409/4428 7402/7408/4428 7445/7451/4428 7446/7452/4428 7447/7453/4428 7448/7454/4428 7449/7455/4428 7397/7403/4428 7396/7402/4428 7450/7456/4428 7451/7457/4428 7452/7458/4428 7453/7459/4428 7454/7460/4428 7455/7461/4428
f 7456/7462/4429 7457/7463/4429 7442/7464/4429 7458/7465/4429 7459/7466/4429 7460/7467/4429 7461/7468/4429 7462/7469/4429 7463/7470/4429 7464/7471/4429 7465/7472/4429
f 7466/7473/4430 7467/7474/4430 7468/7475/4430 7469/7476/4430 7470/7477/4430 7457/7463/4430
f 7471/7478/4431 7472/7479/4431 7398/7404/4431 7397/7403/4431 7473/7480/4431 7474/7481/4431 7475/7482/4431 7476/7483/4431 7477/7484/4431 7478/7485/4431 7479/7486/4431 7480/7487/4431 7481/7488/4431
f 7482/7489/4432 7477/7484/4432 7476/7483/4432 7483/7490/4432 7484/7491/4432 7485/7492/4432 7486/7493/4432 7406/7412/4432 7398/7404/4432 7472/7479/4432 7487/7494/4432 7488/7495/4432
f 7489/7496/4433 7490/7497/4433 7412/7418/4433 7406/7412/4433 7486/7493/4433
f 7491/7498/4434 7416/7422/4434 7412/7418/4434 7490/7497/4434 7492/7499/4434 7493/7500/4434 7494/7501/4434 7495/7502/4434
f 7496/7503/4435 7497/7504/4435 7498/7505/4435 7499/7506/4435 7435/7441/4435 7416/7422/4435 7491/7498/4435 7500/7507/4435 7501/7508/4435
f 7502/7509/4436 7442/7448/4436 7435/7441/4436 7503/7510/4436 7504/7511/4436 7505/7512/4436 7506/7513/4436 7507/7514/4436 7508/7515/4436
f 7509/7516/4437 7473/7480/4437 7397/7403/4437 7449/7455/4437 7510/7517/4437 7511/7518/4437 7512/7519/4437
f 7513/7520/4438 7514/7521/4438 7515/7522/4438 7516/7523/4438 7517/7524/4438 7518/7525/4438 7519/7526/4438 7442/7464/4438 7457/7463/4438 7520/7527/4438 7521/7528/4438
f 7522/7529/4439 7457/7463/4439 7470/7477/4439 7523/7530/4439 7524/7531/4439 7525/7532/4439
f 7526/7533/4440 7527/7534/4440 7528/7535/4440 7529/7536/4440 7530/7537/4440 7531/7538/4440 7532/7539/4440 7533/7540/4440 7534/7541/4440 7535/7542/4440
f 7528/7535/4441 7536/7543/4441 7537/7544/4441 7538/7545/4441 7539/7546/4441 7540/7547/4441 7529/7536/4441
f 7541/7548/4442 7537/7544/4442 7536/7543/4442 7542/7549/4442 7543/7550/4442
f 7544/7551/4443 7545/7552/4443 7543/7550/4443 7542/7549/4443 7546/7553/4443 7547/7554/4443 7548/7555/4443 7549/7556/4443
f 7550/7557/4444 7551/7558/4444 7552/7559/4444 7553/7560/4444 7554/7561/4444 7555/7562/4444 7556/7563/4444 7557/7564/4444 7547/7554/4444 7558/7565/4444 7559/7566/4444 7560/7567/4444 7561/7568/4444 7562/7569/4444 7563/7570/4444
f 7564/7571/4445 7558/7565/4445 7547/7554/4445 7546/7553/4445 7565/7572/4445 7552/7559/4445 7551/7558/4445 7566/7573/4445
f 7567/7574/4446 7568/7575/4446 7569/7576/4446 7570/7577/4446 7571/7578/4446 7565/7572/4446 7572/7579/4446 7573/7580/4446 7574/7581/4446
f 7533/7540/4447 7532/7539/4447 7575/7582/4447 7576/7583/4447 7577/7584/4447 7578/7585/4447 7579/7586/4447 7527/7534/4447 7526/7533/4447 7580/7587/4447 7581/7588/4447 7582/7589/4447 7583/7590/4447 7584/7591/4447 7585/7592/4447
f 7586/7593/4448 7587/7594/4448 7572/7595/4448 7588/7596/4448 7589/7597/4448 7590/7598/4448 7591/7599/4448 7592/7600/4448 7593/7601/4448 7594/7602/4448 7595/7603/4448
f 7596/7604/4449 7597/7605/4449 7598/7606/4449 7599/7607/4449 7600/7608/4449 7587/7594/4449
f 7601/7609/4450 7602/7610/4450 7528/7535/4450 7527/7534/4450 7603/7611/4450 7604/7612/4450 7605/7613/4450 7606/7614/4450 7607/7615/4450 7608/7616/4450 7609/7617/4450 7610/7618/4450 7611/7619/4450
f 7612/7620/4451 7607/7615/4451 7606/7614/4451 7613/7621/4451 7614/7622/4451 7615/7623/4451 7616/7624/4451 7536/7543/4451 7528/7535/4451 7602/7610/4451 7617/7625/4451 7618/7626/4451
f 7619/7627/4452 7620/7628/4452 7542/7549/4452 7536/7543/4452 7616/7624/4452
f 7621/7629/4453 7546/7553/4453 7542/7549/4453 7620/7628/4453 7622/7630/4453 7623/7631/4453 7624/7632/4453 7625/7633/4453
f 7626/7634/4454 7627/7635/4454 7628/7636/4454 7629/7637/4454 7565/7572/4454 7546/7553/4454 7621/7629/4454 7630/7638/4454 7631/7639/4454
f 7632/7640/4455 7572/7579/4455 7565/7572/4455 7633/7641/4455 7634/7642/4455 7635/7643/4455 7636/7644/4455 7637/7645/4455 7638/7646/4455
f 7639/7647/4456 7603/7611/4456 7527/7534/4456 7579/7586/4456 7640/7648/4456 7641/7649/4456 7642/7650/4456
f 7643/7651/4457 7644/7652/4457 7645/7653/4457 7646/7654/4457 7647/7655/4457 7648/7656/4457 7649/7657/4457 7572/7595/4457 7587/7594/4457 7650/7658/4457 7651/7659/4457
f 7652/7660/4458 7587/7594/4458 7600/7608/4458 7653/7661/4458 7654/7662/4458 7655/7663/4458
f 7656/7664/4459 7657/7665/4459 7658/7666/4459 7659/7667/4459 7660/7668/4459 7661/7669/4459 7662/7670/4459 7663/7671/4459 7664/7672/4459 7665/7673/4459
f 7658/7666/4460 7666/7674/4460 7667/7675/4460 7668/7676/4460 7669/7677/4460 7670/7678/4460 7659/7667/4460
f 7671/7679/4461 7667/7675/4461 7666/7674/4461 7672/7680/4461 7673/7681/4461
f 7674/7682/4462 7675/7683/4462 7673/7681/4462 7672/7680/4462 7676/7684/4462 7677/7685/4462 7678/7686/4462 7679/7687/4462
f 7680/7688/4463 7681/7689/4463 7682/7690/4463 7683/7691/4463 7684/7692/4463 7685/7693/4463 7686/7694/4463 7687/7695/4463 7677/7685/4463 7688/7696/4463 7689/7697/4463 7690/7698/4463 7691/7699/4463 7692/7700/4463 7693/7701/4463
f 7694/7702/4464 7688/7696/4464 7677/7685/4464 7676/7684/4464 7695/7703/4464 7682/7690/4464 7681/7689/4464 7696/7704/4464
f 7697/7705/4465 7698/7706/4465 7699/7707/4465 7700/7708/4465 7701/7709/4465 7695/7703/4465 7702/7710/4465 7703/7711/4465 7704/7712/4465
f 7663/7671/4466 7662/7670/4466 7705/7713/4466 7706/7714/4466 7707/7715/4466 7708/7716/4466 7709/7717/4466 7657/7665/4466 7656/7664/4466 7710/7718/4466 7711/7719/4466 7712/7720/4466 7713/7721/4466 7714/7722/4466 7715/7723/4466
f 7716/7724/4467 7717/7725/4467 7702/7726/4467 7718/7727/4467 7719/7728/4467 7720/7729/4467 7721/7730/4467 7722/7731/4467 7723/7732/4467 7724/7733/4467 7725/7734/4467
f 7726/7735/4468 7727/7736/4468 7728/7737/4468 7729/7738/4468 7730/7739/4468 7717/7725/4468
f 7731/7740/4469 7732/7741/4469 7658/7666/4469 7657/7665/4469 7733/7742/4469 7734/7743/4469 7735/7744/4469 7736/7745/4469 7737/7746/4469 7738/7747/4469 7739/7748/4469 7740/7749/4469 7741/7750/4469
f 7742/7751/4470 7737/7746/4470 7736/7745/4470 7743/7752/4470 7744/7753/4470 7745/7754/4470 7746/7755/4470 7666/7674/4470 7658/7666/4470 7732/7741/4470 7747/7756/4470 7748/7757/4470
f 7749/7758/4471 7750/7759/4471 7672/7680/4471 7666/7674/4471 7746/7755/4471
f 7751/7760/4472 7676/7684/4472 7672/7680/4472 7750/7759/4472 7752/7761/4472 7753/7762/4472 7754/7763/4472 7755/7764/4472
f 7756/7765/4473 7757/7766/4473 7758/7767/4473 7759/7768/4473 7695/7703/4473 7676/7684/4473 7751/7760/4473 7760/7769/4473 7761/7770/4473
f 7762/7771/4474 7702/7710/4474 7695/7703/4474 7763/7772/4474 7764/7773/4474 7765/7774/4474 7766/7775/4474 7767/7776/4474 7768/7777/4474
f 7769/7778/4475 7733/7742/4475 7657/7665/4475 7709/7717/4475 7770/7779/4475 7771/7780/4475 7772/7781/4475
f 7773/7782/4476 7774/7783/4476 7775/7784/4476 7776/7785/4476 7777/7786/4476 7778/7787/4476 7779/7788/4476 7702/7726/4476 7717/7725/4476 7780/7789/4476 7781/7790/4476
f 7782/7791/4477 7717/7725/4477 7730/7739/4477 7783/7792/4477 7784/7793/4477 7785/7794/4477
usemtl Material.022
f 7786/7795/4478 7787/7796/4478 7788/7797/4478 7789/7798/4478 7790/7799/4478 7791/7800/4478 7792/7801/4478 7793/7802/4478 7794/7803/4478 7795/7804/4478 7796/7805/4478 7797/7806/4478 7798/7807/4478
f 7799/7808/4479 7794/7803/4479 7793/7802/4479 7800/7809/4479 7801/7810/4479 7802/7811/4479 7803/7812/4479 7804/7813/4479 7788/7797/4479 7787/7796/4479 7805/7814/4479 7806/7815/4479
f 7807/7816/4480 7801/7810/4480 7800/7809/4480 7808/7817/4480 7809/7818/4480
f 7810/7819/4481 7811/7820/4481 7809/7818/4481 7808/7817/4481 7812/7821/4481 7813/7822/4481 7814/7823/4481
f 7815/7824/4482 7816/7825/4482 7817/7826/4482 7818/7827/4482 7813/7822/4482 7812/7821/4482 7819/7828/4482 7820/7829/4482 7821/7830/4482
f 7822/7831/4483 7823/7832/4483 7824/7833/4483 7825/7834/4483 7826/7835/4483 7827/7836/4483 7828/7837/4483 7829/7838/4483 7830/7839/4483 7831/7840/4483 7832/7841/4483
f 7829/7838/4484 7819/7828/4484 7833/7842/4484 7823/7832/4484 7822/7831/4484 7834/7843/4484 7835/7844/4484 7836/7845/4484 7837/7846/4484 7830/7839/4484
f 7838/7847/4485 7792/7801/4485 7791/7800/4485 7839/7848/4485 7840/7849/4485 7841/7850/4485 7842/7851/4485
f 7843/7852/4486 7844/7853/4486 7845/7854/4486 7846/7855/4486 7847/7856/4486 7848/7857/4486 7849/7858/4486 7850/7859/4486 7851/7860/4486 7833/7861/4486 7852/7862/4486
f 7853/7863/4487 7854/7864/4487 7855/7865/4487 7856/7866/4487 7857/7867/4487 7851/7860/4487
f 7858/7868/4488 7859/7869/4488 7860/7870/4488 7793/7802/4488 7792/7801/4488 7861/7871/4488
f 7862/7872/4489 7800/7809/4489 7793/7802/4489 7860/7870/4489 7863/7873/4489 7864/7874/4489 7865/7875/4489
f 7866/7876/4490 7867/7877/4490 7808/7817/4490 7800/7809/4490 7862/7872/4490 7868/7878/4490 7869/7879/4490 7870/7880/4490 7871/7881/4490 7872/7882/4490 7873/7883/4490 7874/7884/4490
f 7875/7885/4491 7812/7821/4491 7808/7817/4491 7867/7877/4491 7876/7886/4491 7877/7887/4491 7878/7888/4491 7870/7880/4491 7869/7879/4491 7879/7889/4491 7880/7890/4491 7881/7891/4491
f 7882/7892/4492 7883/7893/4492 7884/7894/4492 7885/7895/4492 7819/7828/4492 7812/7821/4492 7875/7885/4492 7886/7896/4492 7887/7897/4492
f 7888/7898/4493 7833/7842/4493 7819/7828/4493 7889/7899/4493 7890/7900/4493 7891/7901/4493 7892/7902/4493 7893/7903/4493 7894/7904/4493
f 7895/7905/4494 7861/7871/4494 7792/7801/4494 7838/7847/4494 7896/7906/4494 7897/7907/4494 7898/7908/4494
f 7899/7909/4495 7900/7910/4495 7901/7911/4495 7902/7912/4495 7903/7913/4495 7904/7914/4495 7833/7861/4495 7851/7860/4495 7905/7915/4495 7906/7916/4495 7907/7917/4495
f 7908/7918/4496 7851/7860/4496 7857/7867/4496 7909/7919/4496 7910/7920/4496 7911/7921/4496
f 7912/7922/4497 7913/7923/4497 7914/7924/4497 7915/7925/4497 7916/7926/4497 7917/7927/4497 7918/7928/4497 7919/7929/4497 7920/7930/4497 7921/7931/4497 7922/7932/4497 7923/7933/4497 7924/7934/4497
f 7925/7935/4498 7920/7930/4498 7919/7929/4498 7926/7936/4498 7927/7937/4498 7928/7938/4498 7929/7939/4498 7930/7940/4498 7914/7924/4498 7913/7923/4498 7931/7941/4498 7932/7942/4498
f 7933/7943/4499 7927/7937/4499 7926/7936/4499 7934/7944/4499 7935/7945/4499
f 7936/7946/4500 7937/7947/4500 7935/7945/4500 7934/7944/4500 7938/7948/4500 7939/7949/4500 7940/7950/4500
f 7941/7951/4501 7942/7952/4501 7943/7953/4501 7944/7954/4501 7939/7949/4501 7938/7948/4501 7945/7955/4501 7946/7956/4501 7947/7957/4501
f 7948/7958/4502 7949/7959/4502 7950/7960/4502 7951/7961/4502 7952/7962/4502 7953/7963/4502 7954/7964/4502 7955/7965/4502 7956/7966/4502 7957/7967/4502 7958/7968/4502
f 7955/7965/4503 7945/7955/4503 7959/7969/4503 7949/7959/4503 7948/7958/4503 7960/7970/4503 7961/7971/4503 7962/7972/4503 7963/7973/4503 7956/7966/4503
f 7964/7974/4504 7918/7928/4504 7917/7927/4504 7965/7975/4504 7966/7976/4504 7967/7977/4504 7968/7978/4504
f 7969/7979/4505 7970/7980/4505 7971/7981/4505 7972/7982/4505 7973/7983/4505 7974/7984/4505 7975/7985/4505 7976/7986/4505 7977/7987/4505 7959/7988/4505 7978/7989/4505
f 7979/7990/4506 7980/7991/4506 7981/7992/4506 7982/7993/4506 7983/7994/4506 7977/7987/4506
f 7984/7995/4507 7985/7996/4507 7986/7997/4507 7919/7929/4507 7918/7928/4507 7987/7998/4507
f 7988/7999/4508 7926/7936/4508 7919/7929/4508 7986/7997/4508 7989/8000/4508 7990/8001/4508 7991/8002/4508
f 7992/8003/4509 7993/8004/4509 7934/7944/4509 7926/7936/4509 7988/7999/4509 7994/8005/4509 7995/8006/4509 7996/8007/4509 7997/8008/4509 7998/8009/4509 7999/8010/4509 8000/8011/4509
f 8001/8012/4510 7938/7948/4510 7934/7944/4510 7993/8004/4510 8002/8013/4510 8003/8014/4510 8004/8015/4510 7996/8007/4510 7995/8006/4510 8005/8016/4510 8006/8017/4510 8007/8018/4510
f 8008/8019/4511 8009/8020/4511 8010/8021/4511 8011/8022/4511 7945/7955/4511 7938/7948/4511 8001/8012/4511 8012/8023/4511 8013/8024/4511
f 8014/8025/4512 7959/7969/4512 7945/7955/4512 8015/8026/4512 8016/8027/4512 8017/8028/4512 8018/8029/4512 8019/8030/4512 8020/8031/4512
f 8021/8032/4513 7987/7998/4513 7918/7928/4513 7964/7974/4513 8022/8033/4513 8023/8034/4513 8024/8035/4513
f 8025/8036/4514 8026/8037/4514 8027/8038/4514 8028/8039/4514 8029/8040/4514 8030/8041/4514 7959/7988/4514 7977/7987/4514 8031/8042/4514 8032/8043/4514 8033/8044/4514
f 8034/8045/4515 7977/7987/4515 7983/7994/4515 8035/8046/4515 8036/8047/4515 8037/8048/4515
f 8038/8049/4516 8039/8050/4516 8040/8051/4516 8041/8052/4516 8042/8053/4516 8043/8054/4516 8044/8055/4516 8045/8056/4516 8046/8057/4516 8047/8058/4516 8048/8059/4516 8049/8060/4516 8050/8061/4516
f 8051/8062/4517 8046/8057/4517 8045/8056/4517 8052/8063/4517 8053/8064/4517 8054/8065/4517 8055/8066/4517 8056/8067/4517 8040/8051/4517 8039/8050/4517 8057/8068/4517 8058/8069/4517
f 8059/8070/4518 8053/8064/4518 8052/8063/4518 8060/8071/4518 8061/8072/4518
f 8062/8073/4519 8063/8074/4519 8061/8072/4519 8060/8071/4519 8064/8075/4519 8065/8076/4519 8066/8077/4519
f 8067/8078/4520 8068/8079/4520 8069/8080/4520 8070/8081/4520 8065/8076/4520 8064/8075/4520 8071/8082/4520 8072/8083/4520 8073/8084/4520
f 8074/8085/4521 8075/8086/4521 8076/8087/4521 8077/8088/4521 8078/8089/4521 8079/8090/4521 8080/8091/4521 8081/8092/4521 8082/8093/4521 8083/8094/4521 8084/8095/4521
f 8081/8092/4522 8071/8082/4522 8085/8096/4522 8075/8086/4522 8074/8085/4522 8086/8097/4522 8087/8098/4522 8088/8099/4522 8089/8100/4522 8082/8093/4522
f 8090/8101/4523 8044/8055/4523 8043/8054/4523 8091/8102/4523 8092/8103/4523 8093/8104/4523 8094/8105/4523
f 8095/8106/4524 8096/8107/4524 8097/8108/4524 8098/8109/4524 8099/8110/4524 8100/8111/4524 8101/8112/4524 8102/8113/4524 8103/8114/4524 8085/8115/4524 8104/8116/4524
f 8105/8117/4525 8106/8118/4525 8107/8119/4525 8108/8120/4525 8109/8121/4525 8103/8114/4525
f 8110/8122/4526 8111/8123/4526 8112/8124/4526 8045/8056/4526 8044/8055/4526 8113/8125/4526
f 8114/8126/4527 8052/8063/4527 8045/8056/4527 8112/8124/4527 8115/8127/4527 8116/8128/4527 8117/8129/4527
f 8118/8130/4528 8119/8131/4528 8060/8071/4528 8052/8063/4528 8114/8126/4528 8120/8132/4528 8121/8133/4528 8122/8134/4528 8123/8135/4528 8124/8136/4528 8125/8137/4528 8126/8138/4528
f 8127/8139/4529 8064/8075/4529 8060/8071/4529 8119/8131/4529 8128/8140/4529 8129/8141/4529 8130/8142/4529 8122/8134/4529 8121/8133/4529 8131/8143/4529 8132/8144/4529 8133/8145/4529
f 8134/8146/4530 8135/8147/4530 8136/8148/4530 8137/8149/4530 8071/8082/4530 8064/8075/4530 8127/8139/4530 8138/8150/4530 8139/8151/4530
f 8140/8152/4531 8085/8096/4531 8071/8082/4531 8141/8153/4531 8142/8154/4531 8143/8155/4531 8144/8156/4531 8145/8157/4531 8146/8158/4531
f 8147/8159/4532 8113/8125/4532 8044/8055/4532 8090/8101/4532 8148/8160/4532 8149/8161/4532 8150/8162/4532
f 8151/8163/4533 8152/8164/4533 8153/8165/4533 8154/8166/4533 8155/8167/4533 8156/8168/4533 8085/8115/4533 8103/8114/4533 8157/8169/4533 8158/8170/4533 8159/8171/4533
f 8160/8172/4534 8103/8114/4534 8109/8121/4534 8161/8173/4534 8162/8174/4534 8163/8175/4534
f 8164/8176/4535 8165/8177/4535 8166/8178/4535 8167/8179/4535 8168/8180/4535 8169/8181/4535 8170/8182/4535 8171/8183/4535 8172/8184/4535 8173/8185/4535 8174/8186/4535 8175/8187/4535 8176/8188/4535
f 8177/8189/4536 8172/8184/4536 8171/8183/4536 8178/8190/4536 8179/8191/4536 8180/8192/4536 8181/8193/4536 8182/8194/4536 8166/8178/4536 8165/8177/4536 8183/8195/4536 8184/8196/4536
f 8185/8197/4537 8179/8191/4537 8178/8190/4537 8186/8198/4537 8187/8199/4537
f 8188/8200/4538 8189/8201/4538 8187/8199/4538 8186/8198/4538 8190/8202/4538 8191/8203/4538 8192/8204/4538
f 8193/8205/4539 8194/8206/4539 8195/8207/4539 8196/8208/4539 8191/8203/4539 8190/8202/4539 8197/8209/4539 8198/8210/4539 8199/8211/4539
f 8200/8212/4540 8201/8213/4540 8202/8214/4540 8203/8215/4540 8204/8216/4540 8205/8217/4540 8206/8218/4540 8207/8219/4540 8208/8220/4540 8209/8221/4540 8210/8222/4540
f 8207/8219/4541 8197/8209/4541 8211/8223/4541 8201/8213/4541 8200/8212/4541 8212/8224/4541 8213/8225/4541 8214/8226/4541 8215/8227/4541 8208/8220/4541
f 8216/8228/4542 8170/8182/4542 8169/8181/4542 8217/8229/4542 8218/8230/4542 8219/8231/4542 8220/8232/4542
f 8221/8233/4543 8222/8234/4543 8223/8235/4543 8224/8236/4543 8225/8237/4543 8226/8238/4543 8227/8239/4543 8228/8240/4543 8229/8241/4543 8211/8242/4543 8230/8243/4543
f 8231/8244/4544 8232/8245/4544 8233/8246/4544 8234/8247/4544 8235/8248/4544 8229/8241/4544
f 8236/8249/4545 8237/8250/4545 8238/8251/4545 8171/8183/4545 8170/8182/4545 8239/8252/4545
f 8240/8253/4546 8178/8190/4546 8171/8183/4546 8238/8251/4546 8241/8254/4546 8242/8255/4546 8243/8256/4546
f 8244/8257/4547 8245/8258/4547 8186/8198/4547 8178/8190/4547 8240/8253/4547 8246/8259/4547 8247/8260/4547 8248/8261/4547 8249/8262/4547 8250/8263/4547 8251/8264/4547 8252/8265/4547
f 8253/8266/4548 8190/8202/4548 8186/8198/4548 8245/8258/4548 8254/8267/4548 8255/8268/4548 8256/8269/4548 8248/8261/4548 8247/8260/4548 8257/8270/4548 8258/8271/4548 8259/8272/4548
f 8260/8273/4549 8261/8274/4549 8262/8275/4549 8263/8276/4549 8197/8209/4549 8190/8202/4549 8253/8266/4549 8264/8277/4549 8265/8278/4549
f 8266/8279/4550 8211/8223/4550 8197/8209/4550 8267/8280/4550 8268/8281/4550 8269/8282/4550 8270/8283/4550 8271/8284/4550 8272/8285/4550
f 8273/8286/4551 8239/8252/4551 8170/8182/4551 8216/8228/4551 8274/8287/4551 8275/8288/4551 8276/8289/4551
f 8277/8290/4552 8278/8291/4552 8279/8292/4552 8280/8293/4552 8281/8294/4552 8282/8295/4552 8211/8242/4552 8229/8241/4552 8283/8296/4552 8284/8297/4552 8285/8298/4552
f 8286/8299/4553 8229/8241/4553 8235/8248/4553 8287/8300/4553 8288/8301/4553 8289/8302/4553
