mtllib LOW_POLY_set.mtl
o lp_Plane_013_Plane_022
v -6.797271 1.090857 4.503437
v -6.774521 0.939318 4.716982
v -6.755034 0.826080 4.689084
v -6.757261 0.814272 4.561920
v -6.826543 0.844010 4.910264
v -6.801624 0.721739 4.778026
v -6.769035 0.574735 4.645979
v -6.979832 0.745497 4.984108
v -6.912838 0.670136 4.861758
v -7.232301 0.670317 4.924591
v -6.947606 0.541973 4.850654
v -6.821012 1.915429 4.543874
v -6.689630 1.866910 4.564102
v -6.741514 1.708214 4.529166
v -6.875454 1.757657 4.508573
v -6.608985 1.818391 4.669775
v -6.659153 1.658847 4.636704
v -6.709213 1.496796 4.601801
v -6.794275 1.546494 4.493400
v -6.930959 1.596803 4.472583
v -6.956310 1.915429 4.771728
v -6.928416 1.933624 4.634195
v -6.984908 1.776215 4.600612
v -7.013181 1.757758 4.740625
v -7.042367 1.615808 4.566225
v -7.070075 1.597616 4.707728
v -7.031897 0.582572 4.176875
v -6.908916 0.845283 4.306062
v -6.812419 0.749074 4.411366
v -6.813882 0.541330 4.370989
v -6.912572 1.188004 4.835207
v -6.820560 1.020273 4.894079
v -6.801278 1.030391 4.757996
v -6.802236 1.156339 4.701927
v -6.744283 1.818391 4.897628
v -6.875665 1.866910 4.877400
v -6.930638 1.708493 4.847965
v -6.796516 1.659152 4.868360
v -6.983558 1.548730 4.814542
v -6.845419 1.499235 4.833771
v -7.236050 1.183694 4.177706
v -7.141636 1.236070 4.281643
v -7.012412 1.208711 4.319694
v -7.015022 1.116295 4.287660
v -7.094188 1.301093 4.372420
v -6.921441 1.256247 4.396358
v -6.860048 2.297388 4.806724
v -6.846075 2.480968 4.682794
v -6.825575 2.394000 4.631675
v -6.837014 2.255108 4.665200
v -6.796642 2.646382 4.544951
v -6.765911 2.461303 4.548736
v -6.721048 2.276086 4.563033
v -6.636878 1.800197 4.807307
v -6.687244 1.640492 4.776519
v -6.735466 1.479416 4.741717
v -6.849897 1.385409 4.454139
v -6.992452 1.437407 4.432979
v -6.756469 1.328036 4.563028
v -7.277709 1.142117 4.820225
v -7.438818 0.997328 4.625049
v -7.388861 0.900688 4.730217
v -7.286205 0.939653 4.906814
v -7.564902 0.870073 4.378212
v -7.435349 0.777513 4.652919
v -7.499898 0.692706 4.378660
v -7.477382 0.681430 4.564485
v -7.485674 0.514212 4.394941
v -7.453271 0.541430 4.654811
v -7.104274 1.457311 4.531330
v -7.130961 1.439473 4.674733
v -7.186756 1.330712 4.499677
v -7.225981 1.301806 4.655610
v -7.033593 1.393262 4.779490
v -6.886512 1.341417 4.799568
v -7.089225 1.272182 4.767856
v -6.777448 1.317417 4.705615
v -7.762727 1.321726 4.112002
v -7.838456 1.199524 4.110616
v -7.701584 1.115368 4.248258
v -7.622013 1.242781 4.250031
v -7.845529 1.077322 4.035205
v -7.709073 0.983630 4.173155
v -7.571012 1.064942 4.404132
v -7.457611 1.208028 4.428958
v -7.259755 1.230144 4.739296
v -7.148421 1.225435 4.789036
v -7.088421 1.204176 4.865501
v -8.222225 2.914970 6.247693
v -8.328311 3.004395 6.222712
v -8.413608 2.949063 6.167909
v -8.377921 2.857601 6.161548
v -8.404520 3.057220 6.122941
v -8.507783 2.981884 6.101434
v -8.532878 2.870799 6.041925
v -7.579642 1.321726 3.914601
v -7.655659 1.367552 4.027701
v -7.512782 1.288194 4.157407
v -7.430205 1.240067 4.043067
v -7.371190 1.239839 4.263752
v -7.277782 1.254579 4.388923
v -7.264196 1.241673 4.305149
v -7.342576 1.251369 4.564146
v -7.278842 1.272111 4.479999
v -7.347346 1.226331 4.655686
v -7.401980 1.170807 4.624706
v -7.473159 1.078268 4.551920
v -7.662444 1.077322 3.837805
v -7.586715 1.199524 3.839190
v -7.439129 1.111464 3.965271
v -7.519150 0.984416 3.961787
v -7.271949 1.025506 4.085087
v -7.368746 0.885670 4.067682
v -6.516625 2.638855 4.507234
v -6.395432 2.610760 4.722794
v -6.407743 2.467728 4.724887
v -6.475301 2.402983 4.617234
v -6.342601 2.620688 4.944769
v -6.406041 2.398905 4.853517
v -6.485631 2.192569 4.726295
v -7.769512 1.031497 3.922105
v -7.630893 0.936537 4.049499
v -7.497883 0.830656 4.157796
v -8.211415 3.055975 6.035269
v -8.263239 3.011582 5.982157
v -8.325556 3.047730 6.017221
v -8.300689 3.076826 6.069554
v -8.354213 3.006512 5.922525
v -8.395309 3.064121 6.010239
v -8.031815 1.486736 3.853157
v -8.103720 1.370705 3.851841
v -7.973097 1.286412 3.979269
v -7.899309 1.405481 3.980619
v -8.110435 1.254675 3.780238
v -7.979989 1.167342 3.905790
v -7.857976 1.486736 3.665725
v -7.930154 1.530248 3.773113
v -7.794986 1.450132 3.898479
v -7.720917 1.405481 3.788278
v -7.936596 1.254675 3.592807
v -7.864691 1.370705 3.594122
v -7.727808 1.286412 3.714800
v -7.801597 1.167342 3.713450
v -6.618130 2.446981 4.513031
v -6.555478 2.345706 4.563746
v -6.590016 2.194904 4.597505
v -8.038257 1.211164 3.672850
v -7.905920 1.122691 3.795590
v -8.271329 1.631633 3.621017
v -8.343616 1.524698 3.616947
v -8.228796 1.451318 3.729716
v -8.158215 1.564000 3.731351
v -8.355772 1.419423 3.544660
v -8.236063 1.338844 3.659393
v -6.677010 2.663052 4.457974
v -6.687477 2.528880 4.495959
v -8.110980 1.636055 3.439102
v -8.175322 1.673633 3.544376
v -8.059198 1.606493 3.653259
v -7.989376 1.564552 3.548182
v -6.449487 2.874283 4.726034
v -6.354114 2.763855 4.842216
v -6.395441 2.717829 4.720763
v -6.452404 2.787320 4.593968
v -8.195424 1.423845 3.362746
v -8.123137 1.530779 3.366815
v -7.996643 1.452078 3.477859
v -8.067225 1.339397 3.476224
v -6.312819 4.194036 5.300710
v -6.373315 4.196682 5.416361
v -6.318789 4.193788 5.451616
v -6.269271 4.238299 5.417810
v -6.411592 4.148270 5.508852
v -6.332277 4.141078 5.521379
v -6.235023 4.184072 5.521518
v -8.291431 1.381845 3.439386
v -8.166241 1.296904 3.554317
v -8.436368 1.742275 3.465644
v -8.520530 1.660328 3.450470
v -8.442683 1.590084 3.519769
v -8.364260 1.686831 3.529431
v -8.557547 1.588035 3.366774
v -8.466490 1.498483 3.440968
v -6.729260 2.820209 4.834550
v -6.809742 2.746809 4.664817
v -6.831786 2.591967 4.736197
v -6.803066 2.540053 4.850718
v -8.310648 1.768018 3.282920
v -8.350787 1.784067 3.392820
v -8.272268 1.729007 3.453833
v -8.218615 1.700553 3.345061
v -6.214346 3.768503 5.243454
v -6.342988 3.855408 5.239096
v -6.260649 3.988080 5.241556
v -6.134910 3.940172 5.270240
v -6.488427 3.916944 5.283894
v -6.406354 4.048325 5.250782
v -6.172317 4.141821 5.260552
v -6.062374 4.105399 5.293829
v -8.431827 1.613778 3.184050
v -8.347665 1.695725 3.199224
v -8.242421 1.608951 3.266260
v -8.320845 1.512204 3.256598
v -8.517407 1.571987 3.256874
v -8.412835 1.470028 3.332196
v -6.879741 1.306833 5.171062
v -6.815746 1.207904 5.271060
v -6.803983 1.081554 5.087333
v -6.878304 1.203706 5.018661
v -6.857985 1.082397 5.358311
v -6.837200 0.941113 5.153722
v -7.209745 0.770452 4.137950
v -7.385767 0.701408 4.207345
v -7.319341 0.516308 4.202649
v -7.161136 1.239478 5.136488
v -7.024162 1.315898 5.118556
v -7.029681 1.234091 4.994335
v -7.170662 1.166312 5.014907
v -7.143172 1.007993 5.324903
v -7.205271 1.110445 5.224322
v -7.210537 1.013288 5.086114
v -7.143173 0.874243 5.156106
v -6.996855 1.002452 5.376825
v -6.981275 0.859855 5.183599
v -6.956457 5.290558 3.566388
v -6.884304 5.303350 3.564819
v -6.904522 5.330197 3.481284
v -6.988056 5.303350 3.501502
v -6.819418 5.290558 3.533220
v -6.820987 5.303350 3.461066
v -6.852586 5.290558 3.396181
v -6.924740 5.303350 3.397750
v -6.989625 5.290558 3.429349
v -7.293612 5.085546 5.448447
v -7.271263 5.100238 5.363408
v -7.375884 5.131069 5.359088
v -7.380204 5.100238 5.463708
v -7.286525 5.085546 5.276816
v -7.371563 5.100238 5.254467
v -7.458155 5.085547 5.269729
v -7.480504 5.100239 5.354768
v -7.465243 5.085546 5.441360
v -5.992360 4.613575 5.333687
v -5.997044 4.632176 5.398068
v -5.913932 4.625342 5.395727
v -5.928732 4.598744 5.318052
v -5.988741 4.613575 5.462084
v -5.924334 4.598744 5.474111
v -5.872715 4.558563 5.458815
v -5.856022 4.565312 5.394094
v -5.876334 4.558563 5.330417
v -6.435827 3.728737 5.358763
v -6.460483 3.809103 5.329360
v -6.395625 3.790297 5.265157
v -6.356100 3.727483 5.266863
v -9.253668 3.942884 5.625861
v -9.235302 3.955271 5.590775
v -9.278368 3.937216 5.568619
v -9.289108 3.923126 5.617175
v -9.217434 3.942884 5.555432
v -9.245108 3.923126 5.531648
v -9.269817 3.889941 5.528482
v -9.298914 3.890980 5.558048
v -9.306051 3.889941 5.598912
v -6.563888 2.608187 5.117270
v -6.602938 2.391312 5.037610
v -6.482313 2.368188 4.983747
v -6.433825 2.581281 5.084944
v -6.644922 2.166785 4.971536
v -6.534025 2.148894 4.891931
v -8.085377 2.575991 6.106174
v -8.163437 2.733766 6.172840
v -8.286887 2.690857 6.131692
v -8.179297 2.517766 6.091373
v -8.392250 2.670056 6.035398
v -8.262690 2.489470 6.015298
v -8.776638 2.273266 3.319782
v -8.710084 2.295823 3.353166
v -8.684497 2.272202 3.317832
v -8.708527 2.276802 3.283007
v -8.658980 2.268354 3.378110
v -8.649014 2.245008 3.305948
v -8.665934 2.247845 3.249387
v -6.670905 2.688472 5.031859
v -6.720247 2.458462 4.978706
v -6.770796 2.221877 4.937630
v -7.522631 4.681296 6.690048
v -7.559502 4.696143 6.725270
v -7.510445 4.686749 6.768295
v -7.477885 4.666643 6.714615
v -7.589613 4.681297 6.766421
v -7.559419 4.666643 6.807580
v -7.522494 4.632827 6.825288
v -7.477801 4.637144 6.796926
v -7.455511 4.632827 6.748915
v -7.082768 0.938720 4.193417
v -9.313970 3.028311 2.531475
v -9.246943 3.055072 2.482811
v -9.299829 3.001038 2.403791
v -9.366821 2.975794 2.486470
v -9.176399 3.028311 2.439401
v -9.197855 2.975794 2.373382
v -9.234037 2.899219 2.353284
v -9.317734 2.896516 2.377041
v -9.371607 2.899219 2.445358
v -9.179489 3.314873 4.093832
v -9.222141 3.331791 4.061962
v -9.260592 3.310046 4.116105
v -9.198125 3.290318 4.140425
v -9.266284 3.314873 4.032191
v -9.304136 3.290318 4.065137
v -9.313754 3.246962 4.099032
v -9.280120 3.248845 4.143600
v -9.226958 3.246962 4.160673
v -8.823410 2.181715 3.388938
v -8.822895 2.235276 3.357839
v -8.821342 2.192682 3.323375
v -8.818301 2.147312 3.316284
v -8.819325 2.207282 3.286788
v -8.819633 2.151054 3.255946
v -8.489028 2.875693 5.857660
v -8.368405 2.724943 5.861598
v -8.412641 2.681494 5.930072
v -8.540571 2.848911 5.923952
v -8.245296 2.572544 5.844722
v -8.284133 2.513561 5.915290
v -8.292438 2.788828 5.862846
v -8.165100 2.640291 5.848635
v -8.417927 2.934270 5.858937
v -8.216004 2.858459 5.917141
v -8.078606 2.700243 5.933938
v -6.320838 3.785630 5.582847
v -6.167728 3.771456 5.561368
v -6.150022 3.958808 5.548380
v -6.270515 3.986267 5.572422
v -6.079774 3.762850 5.469335
v -6.064713 3.935499 5.477113
v -6.032039 4.106943 5.486240
v -6.117571 4.142149 5.535143
v -6.093888 3.761264 5.343896
v -6.061188 3.925951 5.365914
v -6.012094 4.093358 5.387154
v -8.087362 2.832582 6.041924
v -8.087793 2.774521 6.124825
v -8.038352 2.637036 6.041278
v -8.076887 2.945171 6.124691
v -8.105042 2.915182 6.206404
v -6.519708 3.947220 5.510487
v -6.425300 3.881884 5.542773
v -6.373262 4.011766 5.563473
v -6.466716 4.046800 5.545439
v -8.163984 2.925787 5.989721
v -8.124661 3.002122 6.057556
v -6.422123 3.736642 5.484678
v -6.468184 3.825604 5.445251
v -6.540597 3.905205 5.407412
v -8.719469 2.198172 3.466530
v -8.675345 2.124275 3.434043
v -8.628024 2.156651 3.399579
v -8.674346 2.233655 3.438852
v -8.626961 2.045526 3.414648
v -8.576355 2.076536 3.371639
v -8.562603 2.093264 3.300228
v -8.608770 2.179008 3.336397
v -8.777874 2.180415 3.447031
v -8.735504 2.100114 3.417048
v -8.778470 2.087955 3.362078
v -8.734898 2.000416 3.340909
v -8.691538 2.014865 3.399508
v -8.781351 2.086928 3.291001
v -8.775616 2.109828 3.219636
v -8.686324 2.080782 3.193953
v -8.729457 2.016305 3.264297
v -8.622869 2.176814 3.271526
v -8.658733 2.182358 3.211655
v -8.599267 2.087791 3.235863
v -6.586221 1.962416 4.839785
v -6.556941 1.981172 4.701241
v -6.692668 1.980087 4.927939
v -6.821690 2.028944 4.906077
v -6.902283 2.077652 4.799624
v -6.874914 2.091019 4.663045
v -6.768507 2.075274 4.572882
v -6.638597 2.025872 4.594438
v -7.466765 0.117272 4.407678
v -7.407583 0.117272 4.659913
v -7.480307 0.280929 4.700802
v -7.517355 0.267808 4.391848
v -7.235435 0.117272 4.854773
v -7.248916 0.302017 4.914424
v -6.986133 0.117272 4.793653
v -6.944398 0.282132 4.874235
v -6.794849 0.117272 4.620901
v -6.742873 0.273966 4.640263
v -6.853733 0.117272 4.369145
v -6.779882 0.263132 4.333584
v -7.024857 0.117272 4.176823
v -7.010265 0.267781 4.128178
v -7.275183 0.117272 4.235405
v -7.316135 0.259705 4.162295
v -6.813404 2.968003 4.339509
v -6.711387 2.941835 4.279301
v -6.688636 2.810044 4.377034
v -6.794062 2.832498 4.442652
v -6.593516 2.968003 4.284861
v -6.564632 2.833050 4.386142
v -6.531232 3.037783 4.361343
v -6.499801 2.906189 4.469074
v -6.551360 3.107563 4.458844
v -6.517533 2.976580 4.574879
v -6.653256 3.133731 4.520452
v -6.623634 3.003460 4.642502
v -6.771006 3.107563 4.516293
v -6.746567 2.971908 4.644168
v -6.586718 2.925241 4.773111
v -6.833411 3.037783 4.438410
v -6.812420 2.901935 4.553078
v -6.856221 3.214784 4.144591
v -6.757614 3.188748 4.088259
v -6.734822 3.066963 4.182436
v -6.835217 3.093375 4.240032
v -6.644161 3.214784 4.093266
v -6.619248 3.093375 4.187582
v -6.584605 3.284209 4.165430
v -6.558528 3.163804 4.261282
v -6.604571 3.353636 4.256840
v -6.578791 3.234234 4.354717
v -6.703178 3.379670 4.313173
v -6.679172 3.260645 4.412488
v -6.816631 3.353636 4.308166
v -6.794729 3.234234 4.407517
v -6.876187 3.284209 4.236002
v -6.855465 3.163804 4.333642
v -6.896939 3.450383 3.959686
v -6.801877 3.425284 3.905379
v -6.779938 3.308042 3.996026
v -6.876757 3.333605 4.051337
v -6.692503 3.450383 3.910206
v -6.668542 3.333605 4.000942
v -6.635087 3.517313 3.979775
v -6.610065 3.401772 4.071797
v -6.654336 3.584243 4.067899
v -6.629669 3.469940 4.161550
v -6.749398 3.609342 4.122207
v -6.726488 3.495502 4.216862
v -6.858772 3.584243 4.117380
v -6.837884 3.469939 4.211945
v -6.916187 3.517313 4.047811
v -6.896361 3.401772 4.141090
v -6.936443 3.678957 3.780294
v -6.844820 3.654766 3.727952
v -6.823491 3.540787 3.816076
v -6.916822 3.565429 3.869395
v -6.739403 3.678957 3.732604
v -6.716108 3.565429 3.820816
v -6.684065 3.743465 3.799657
v -6.659739 3.631140 3.889118
v -6.702617 3.807975 3.884593
v -6.678637 3.696851 3.975638
v -6.794240 3.832165 3.936935
v -6.771967 3.721492 4.028956
v -6.899657 3.807974 3.932283
v -6.879350 3.696851 4.024217
v -6.954995 3.743465 3.865231
v -6.935720 3.631140 3.955914
v -6.975640 3.906812 3.602550
v -6.887610 3.885260 3.551156
v -6.866006 3.768207 3.640420
v -6.955911 3.791733 3.691920
v -6.785822 3.906812 3.556608
v -6.762501 3.791733 3.645108
v -6.731887 3.964284 3.623787
v -6.708105 3.854469 3.711248
v -6.749133 4.021755 3.708195
v -6.726236 3.917205 3.794943
v -6.837163 4.043306 3.759588
v -6.816142 3.940732 3.846442
v -6.938951 4.021755 3.754137
v -6.919646 3.917205 3.841754
v -6.992887 3.964283 3.686958
v -6.974043 3.854469 3.775614
v -7.009982 4.152691 3.447713
v -6.925725 4.140862 3.393679
v -6.909174 4.009729 3.462060
v -6.995139 4.027109 3.514528
v -6.826085 4.152691 3.403204
v -6.808732 4.027110 3.469412
v -6.771092 4.184235 3.479604
v -6.754476 4.073456 3.540712
v -6.785062 4.215779 3.572695
v -6.770123 4.119802 3.628931
v -6.869319 4.227608 3.626729
v -6.856088 4.137182 3.681398
v -6.968960 4.215779 3.617204
v -6.956531 4.119802 3.674047
v -7.023952 4.184235 3.540804
v -7.010786 4.073455 3.602747
v -6.253099 2.906946 5.154592
v -6.348438 2.879458 5.255103
v -6.390607 2.745179 5.175693
v -6.297029 2.776037 5.073277
v -6.484433 2.906946 5.280424
v -6.524501 2.773381 5.199193
v -6.582098 2.980247 5.202802
v -6.623388 2.850611 5.114735
v -6.592968 3.053549 5.078517
v -6.638906 2.933877 4.981863
v -6.497508 3.081037 4.979406
v -6.541143 2.969759 4.887500
v -6.361393 3.053549 4.955484
v -6.405479 2.939498 4.868044
v -6.263849 2.980247 5.031707
v -6.308928 2.858951 4.950222
v -6.161529 3.180146 5.310579
v -6.260124 3.155277 5.415676
v -6.305381 3.012628 5.333523
v -6.208139 3.039540 5.231273
v -6.401583 3.180697 5.442953
v -6.443794 3.039608 5.360801
v -6.503743 3.247851 5.364015
v -6.542883 3.111476 5.285005
v -6.515883 3.314797 5.235435
v -6.553597 3.183318 5.160702
v -6.417287 3.339666 5.130339
v -6.456340 3.210229 5.058627
v -6.275829 3.314246 5.103062
v -6.317913 3.183249 5.031523
v -6.173669 3.247093 5.182001
v -6.218838 3.111381 5.107144
v -6.084366 3.476780 5.447767
v -6.180711 3.465138 5.557415
v -6.214169 3.310076 5.498666
v -6.115352 3.329471 5.389913
v -6.324532 3.479941 5.581314
v -6.358671 3.331176 5.524635
v -6.432864 3.515794 5.492023
v -6.465208 3.385491 5.439518
v -6.451135 3.550462 5.352652
v -6.480500 3.439167 5.303880
v -6.354790 3.562105 5.243004
v -6.381683 3.458563 5.195127
v -6.210969 3.547302 5.219105
v -6.237181 3.437462 5.169158
v -6.102636 3.511449 5.308396
v -6.130644 3.383147 5.254275
v -6.170187 3.612132 5.571618
v -6.079009 3.614964 5.467311
v -6.309342 3.619996 5.593427
v -6.414347 3.632061 5.504168
v -6.433179 3.645425 5.369188
v -6.342923 3.649436 5.264883
v -6.204515 3.645048 5.242981
v -6.098012 3.629483 5.332360
v -8.687218 1.925655 3.249288
v -8.698533 1.909706 3.332130
v -8.631054 1.963627 3.195573
v -8.581135 1.855424 3.179682
v -8.646487 1.817955 3.238435
v -8.663597 1.809310 3.331151
v -8.557043 1.996677 3.213837
v -8.510708 2.012006 3.280611
v -8.452374 1.931159 3.270432
v -8.501272 1.901727 3.196691
v -8.523254 1.999019 3.362113
v -8.579923 1.966185 3.413023
v -8.535053 1.887299 3.421534
v -8.469592 1.923641 3.362964
v -8.651975 1.928958 3.397520
v -8.614807 1.839869 3.404708
v -8.593423 1.693889 3.232559
v -8.620524 1.696664 3.336033
v -8.517458 1.733718 3.165985
v -8.432972 1.797373 3.183316
v -8.387141 1.847186 3.264408
v -8.414256 1.850101 3.367859
v -8.490234 1.810413 3.434410
v -8.574707 1.746617 3.417101
v -9.265539 3.174845 4.123070
v -9.198791 3.190114 4.145553
v -9.308758 3.190114 4.067455
v -9.274600 3.112258 4.015847
v -9.229575 3.095638 4.072430
v -9.161318 3.112258 4.096298
v -9.299829 3.234061 4.011038
v -9.248615 3.276156 3.982769
v -9.212645 3.200892 3.928610
v -9.264862 3.156575 3.957144
v -9.182755 3.293278 4.006504
v -9.138648 3.276156 4.060867
v -9.099363 3.200892 4.009060
v -9.144387 3.217511 3.952478
v -9.148465 3.234061 4.118536
v -9.109100 3.156575 4.067764
v -9.192305 3.020178 4.019950
v -9.125071 3.036548 4.043461
v -9.236654 3.036548 3.964216
v -9.200856 2.965122 3.915505
v -9.157144 2.948987 3.970439
v -9.090874 2.965122 3.993613
v -9.227063 3.080202 3.906392
v -9.175628 3.123855 3.878285
v -9.140705 3.051176 3.830808
v -9.191402 3.008149 3.858511
v -9.108394 3.140225 3.901796
v -9.064044 3.123855 3.957530
v -9.030724 3.051176 3.908916
v -9.074436 3.067311 3.853981
v -9.073635 3.080202 4.015354
v -9.040176 3.008149 3.965909
v -9.123159 2.880182 3.922588
v -9.057823 2.896090 3.945435
v -9.166258 2.896090 3.868426
v -9.132508 2.828752 3.822504
v -9.090011 2.813065 3.875911
v -9.025583 2.828752 3.898440
v -9.156937 2.938511 3.812235
v -9.106953 2.980932 3.784921
v -9.074030 2.912413 3.740161
v -9.123318 2.870582 3.767095
v -9.041616 2.996840 3.807768
v -8.998519 2.980932 3.861930
v -8.967105 2.912413 3.816098
v -9.009603 2.928100 3.762690
v -9.007839 2.938511 3.918122
v -8.976296 2.870583 3.871507
v -9.057516 2.747275 3.830156
v -8.993980 2.762744 3.852374
v -9.099425 2.762744 3.777488
v -9.066900 2.697848 3.733231
v -9.025569 2.682592 3.785172
v -8.962911 2.697848 3.807083
v -9.090362 2.803996 3.722846
v -9.041757 2.845248 3.696285
v -9.010027 2.779212 3.653148
v -9.057961 2.738530 3.679342
v -8.978221 2.860717 3.718503
v -8.936312 2.845248 3.771171
v -8.906037 2.779212 3.727000
v -8.947368 2.794468 3.675059
v -8.945375 2.803996 3.825813
v -8.914976 2.738530 3.780889
v -8.994085 2.618848 3.740840
v -8.932291 2.633894 3.762449
v -9.034846 2.633894 3.689615
v -9.003206 2.570765 3.646563
v -8.963008 2.555927 3.697082
v -8.902066 2.570765 3.718392
v -9.026031 2.674015 3.636470
v -8.978758 2.714137 3.610638
v -8.947891 2.649900 3.568676
v -8.994514 2.610333 3.594151
v -8.916963 2.729182 3.632246
v -8.876202 2.714137 3.683471
v -8.846752 2.649900 3.640504
v -8.886950 2.664738 3.589986
v -8.885017 2.674015 3.736617
v -8.855446 2.610332 3.692916
v -8.932289 2.493731 3.653827
v -8.872190 2.508363 3.674842
v -8.971931 2.508364 3.604007
v -8.940985 2.446617 3.561897
v -8.901893 2.432188 3.611025
v -8.842628 2.446617 3.631749
v -8.963358 2.547384 3.552320
v -8.917381 2.586404 3.527197
v -8.887192 2.523574 3.486153
v -8.932530 2.485096 3.510928
v -8.857284 2.601037 3.548212
v -8.817640 2.586404 3.598032
v -8.788836 2.523574 3.556005
v -8.827928 2.538004 3.506877
v -8.826215 2.547384 3.649718
v -8.797290 2.485095 3.606974
v -8.871784 2.371222 3.568646
v -8.813348 2.385460 3.589068
v -8.910322 2.385378 3.520294
v -8.879862 2.324183 3.479680
v -8.841935 2.310734 3.526720
v -8.784328 2.324845 3.546765
v -8.901964 2.423165 3.470229
v -8.857245 2.461014 3.445916
v -8.827291 2.397017 3.408520
v -8.871472 2.360352 3.431676
v -8.798820 2.475335 3.466235
v -8.760294 2.461262 3.514483
v -8.731936 2.399004 3.473950
v -8.769773 2.411791 3.427738
v -8.768641 2.423393 3.564652
v -8.740236 2.362173 3.522781
v -8.811806 2.249289 3.485486
v -8.754604 2.263864 3.505227
v -8.850304 2.260963 3.439483
v -8.842274 2.296175 3.395592
v -8.798168 2.331657 3.373445
v -8.740466 2.348041 3.391572
v -8.701921 2.336388 3.433268
v -8.710761 2.300525 3.481079
v -8.887877 2.240348 3.138688
v -8.840817 2.218127 3.089586
v -8.799221 2.157878 3.155072
v -8.844620 2.185863 3.198827
v -8.776470 2.236306 3.065781
v -8.735749 2.169251 3.132451
v -8.732542 2.289732 3.086282
v -8.695215 2.226118 3.151441
v -8.730385 2.344500 3.133881
v -8.694685 2.284410 3.194017
v -8.777426 2.366256 3.182339
v -8.739687 2.309523 3.235982
v -8.841756 2.347614 3.205501
v -8.801369 2.294344 3.257154
v -8.885701 2.294652 3.185644
v -8.843003 2.241614 3.239182
v -8.997579 2.375552 2.992516
v -8.944153 2.353248 2.935215
v -8.889717 2.283182 3.016546
v -8.939668 2.304357 3.069948
v -8.870811 2.375552 2.907671
v -8.821177 2.303852 2.990851
v -8.820486 2.435030 2.931440
v -8.774176 2.359590 3.013020
v -8.817699 2.494508 2.987026
v -8.771607 2.415497 3.064819
v -8.871124 2.516813 3.044328
v -8.821556 2.436614 3.118142
v -8.944467 2.494509 3.071871
v -8.890093 2.415886 3.143756
v -8.994792 2.435030 3.048102
v -8.937097 2.360205 3.121668
v -9.129745 2.537906 2.815610
v -9.068307 2.512257 2.749715
v -9.003793 2.429631 2.846106
v -9.061068 2.453542 2.907535
v -8.983965 2.537906 2.718041
v -8.925167 2.453542 2.816578
v -8.926093 2.606304 2.745374
v -8.871217 2.517305 2.842060
v -8.922888 2.674703 2.809297
v -8.868229 2.581069 2.901650
v -8.984325 2.700352 2.875191
v -8.925503 2.604980 2.963079
v -9.068667 2.674703 2.906866
v -9.004129 2.581069 2.992607
v -9.126539 2.606305 2.879532
v -9.058080 2.517305 2.967126
v -9.281414 2.724220 2.612597
v -9.210781 2.694731 2.536840
v -9.137383 2.600727 2.646506
v -9.203279 2.628237 2.717182
v -9.113817 2.724220 2.500426
v -9.046922 2.628237 2.612534
v -9.047285 2.802854 2.531851
v -8.984851 2.701598 2.641851
v -9.043600 2.881488 2.605340
v -8.981413 2.774959 2.710411
v -9.114232 2.910976 2.681096
v -9.047309 2.802470 2.781087
v -9.211196 2.881488 2.717510
v -9.137771 2.774960 2.815060
v -9.277729 2.802854 2.686086
v -9.199841 2.701598 2.785742
v -9.281482 2.793432 2.431205
v -9.352384 2.822442 2.509603
v -9.181973 2.822442 2.395550
v -9.114920 2.903582 2.426122
v -9.110578 2.982351 2.502223
v -9.183123 3.013732 2.578166
v -9.280988 2.982351 2.616277
v -9.349686 2.903582 2.583249
v -8.006358 3.163249 6.222785
v -8.040749 3.148366 6.303242
v -8.081514 3.038330 6.262949
v -8.046834 3.055232 6.181612
v -8.117377 3.163182 6.346922
v -8.164760 3.052870 6.306438
v -8.195464 3.202720 6.320568
v -8.251574 3.096972 6.276583
v -8.231398 3.242308 6.247986
v -8.293343 3.138542 6.199996
v -8.195618 3.257259 6.168392
v -8.249034 3.154429 6.122904
v -8.117601 3.242511 6.125575
v -8.164207 3.139156 6.083084
v -8.040903 3.202906 6.151066
v -8.083649 3.097448 6.109563
v -7.925095 3.370534 6.296992
v -7.958404 3.356055 6.375419
v -7.998975 3.253569 6.339841
v -7.965196 3.268244 6.260373
v -8.031814 3.370534 6.418674
v -8.073525 3.268236 6.383584
v -8.105292 3.409146 6.394595
v -8.148318 3.307351 6.358978
v -8.138751 3.447757 6.324885
v -8.182424 3.346473 6.288209
v -8.105442 3.462237 6.246459
v -8.148471 3.361156 6.208849
v -8.032032 3.447757 6.203204
v -8.073747 3.346498 6.165214
v -7.958553 3.409146 6.227283
v -7.999127 3.307374 6.189712
v -7.847246 3.569108 6.368081
v -7.879685 3.555007 6.444458
v -7.918694 3.456417 6.410245
v -7.885824 3.470706 6.332853
v -7.951177 3.569108 6.486582
v -7.991136 3.470706 6.452930
v -8.022736 3.606711 6.463133
v -8.063646 3.508808 6.429169
v -8.055320 3.644313 6.395245
v -8.096663 3.546911 6.360378
v -8.022882 3.658414 6.318869
v -8.063794 3.561199 6.282987
v -7.951389 3.644313 6.276743
v -7.991352 3.546911 6.240302
v -7.879831 3.606710 6.300193
v -7.918842 3.508808 6.264063
v -7.771781 3.761604 6.436994
v -7.803376 3.747869 6.511384
v -7.841270 3.652096 6.478148
v -7.809257 3.666012 6.402772
v -7.873008 3.761604 6.552413
v -7.911826 3.666012 6.519722
v -7.942705 3.798228 6.529573
v -7.982448 3.703122 6.496579
v -7.974442 3.834853 6.463451
v -8.014606 3.740232 6.429581
v -7.942848 3.848587 6.389061
v -7.982592 3.754148 6.354204
v -7.873215 3.834852 6.348032
v -7.912036 3.740232 6.312631
v -7.803518 3.798228 6.370872
v -7.841414 3.703122 6.335773
v -7.698143 3.949438 6.504238
v -7.728915 3.936061 6.576689
v -7.765939 3.842485 6.544217
v -7.734758 3.856040 6.470801
v -7.796732 3.949437 6.616649
v -7.834660 3.856040 6.584709
v -7.864614 3.985107 6.594405
v -7.903443 3.892185 6.562168
v -7.895524 4.020778 6.530005
v -7.934765 3.928329 6.496912
v -7.864752 4.034153 6.457554
v -7.903584 3.941883 6.423497
v -7.796934 4.020778 6.417594
v -7.834864 3.928329 6.383005
v -7.729053 3.985107 6.439838
v -7.766080 3.892184 6.405546
v -7.625984 4.133500 6.570131
v -7.655949 4.120475 6.640683
v -7.692262 4.028697 6.608835
v -7.661896 4.041898 6.537338
v -7.721988 4.133500 6.679595
v -7.759186 4.041898 6.648269
v -7.788089 4.168235 6.657934
v -7.826173 4.077097 6.626317
v -7.818189 4.202970 6.595223
v -7.856676 4.112298 6.562767
v -7.788224 4.215995 6.524672
v -7.826310 4.125498 6.491269
v -7.722185 4.202970 6.485760
v -7.759385 4.112298 6.451836
v -7.656084 4.168235 6.507421
v -7.692399 4.077097 6.473787
v -7.555063 4.314404 6.634894
v -7.584234 4.301724 6.703579
v -7.619947 4.211464 6.672258
v -7.590381 4.224317 6.602643
v -7.648526 4.314404 6.741462
v -7.685110 4.224317 6.710653
v -7.712878 4.348221 6.720374
v -7.750332 4.258590 6.689280
v -7.742181 4.382035 6.659323
v -7.780032 4.292863 6.627402
v -7.713010 4.394717 6.590638
v -7.750465 4.305716 6.557788
v -7.648717 4.382035 6.552755
v -7.685303 4.292863 6.519392
v -7.584366 4.348220 6.573844
v -7.620080 4.258590 6.540766
v -7.485205 4.492598 6.698687
v -7.513595 4.480256 6.765532
v -7.548790 4.391307 6.734666
v -7.520010 4.403817 6.666904
v -7.576166 4.492598 6.802401
v -7.612218 4.403817 6.772039
v -7.638794 4.525507 6.781878
v -7.675705 4.437179 6.751235
v -7.667313 4.558418 6.722461
v -7.704615 4.470540 6.691004
v -7.638923 4.570759 6.655616
v -7.675835 4.483050 6.623242
v -7.576352 4.558418 6.618748
v -7.612406 4.470540 6.585868
v -7.513723 4.525507 6.639271
v -7.548919 4.437178 6.606673
v -7.483013 4.565890 6.792355
v -7.456584 4.576639 6.728778
v -7.542598 4.576639 6.826852
v -7.601467 4.608704 6.807818
v -7.628788 4.638879 6.751259
v -7.601588 4.651517 6.688360
v -7.542774 4.638879 6.653186
v -7.483134 4.608704 6.672895
v -8.717321 3.079562 5.942993
v -8.702597 3.060427 5.864858
v -8.634007 2.970156 5.897468
v -8.646340 2.991329 5.982478
v -8.649081 3.079495 5.806790
v -8.579688 2.990494 5.836454
v -8.585522 3.130371 5.807416
v -8.513254 3.043797 5.837402
v -8.547032 3.181299 5.859441
v -8.470416 3.099141 5.892749
v -8.560369 3.200501 5.938439
v -8.481728 3.122782 5.978162
v -8.612494 3.181501 5.997369
v -8.530043 3.104531 6.044983
v -8.677443 3.130557 5.995881
v -8.601382 3.049616 6.040676
v -8.837687 3.238026 5.875670
v -8.822724 3.220121 5.803036
v -8.764092 3.142090 5.833203
v -8.779381 3.160575 5.908251
v -8.772328 3.238027 5.748631
v -8.712110 3.160567 5.777048
v -8.712831 3.285775 5.749117
v -8.650690 3.209841 5.777563
v -8.677841 3.333524 5.797243
v -8.614431 3.259120 5.827320
v -8.692804 3.351429 5.869877
v -8.629547 3.277614 5.902474
v -8.743199 3.333524 5.924282
v -8.681356 3.259146 5.958737
v -8.802698 3.285775 5.923796
v -8.742949 3.209864 5.958115
v -8.948080 3.385120 5.814006
v -8.934025 3.368300 5.745775
v -8.879237 3.295359 5.773962
v -8.893740 3.312714 5.844360
v -8.886683 3.385120 5.694668
v -8.830393 3.312714 5.721231
v -8.830791 3.429975 5.695125
v -8.772726 3.358993 5.721702
v -8.797924 3.474828 5.740333
v -8.738813 3.405271 5.768347
v -8.811979 3.491649 5.808564
v -8.753316 3.422626 5.838745
v -8.859321 3.474828 5.859671
v -8.802160 3.405271 5.891476
v -8.915213 3.429974 5.859214
v -8.859827 3.358992 5.891005
v -9.052664 3.524472 5.755588
v -9.039467 3.508680 5.691527
v -8.987370 3.439321 5.718330
v -9.000991 3.455622 5.784451
v -8.995020 3.524472 5.643545
v -8.941494 3.455621 5.668804
v -8.942545 3.566584 5.643973
v -8.887331 3.499088 5.669246
v -8.911687 3.608696 5.686418
v -8.855479 3.542555 5.713056
v -8.924883 3.624488 5.750478
v -8.869101 3.558855 5.779177
v -8.969330 3.608696 5.798460
v -8.914976 3.542555 5.828703
v -9.021805 3.566584 5.798032
v -8.969140 3.499088 5.828261
v -9.152885 3.658013 5.699605
v -9.140512 3.643208 5.639542
v -9.090475 3.576590 5.665285
v -9.103256 3.591884 5.727327
v -9.098839 3.658013 5.594553
v -9.047428 3.591885 5.618814
v -9.049639 3.697498 5.594955
v -8.996606 3.632669 5.619229
v -9.020705 3.736981 5.634751
v -8.966721 3.673455 5.660336
v -9.033079 3.751788 5.694814
v -8.979501 3.688749 5.722378
v -9.074752 3.736982 5.739802
v -9.022547 3.673455 5.768849
v -9.123953 3.697498 5.739400
v -9.073369 3.632669 5.768435
v -9.249640 3.786934 5.645558
v -9.238062 3.773079 5.589355
v -9.189681 3.708668 5.614245
v -9.201653 3.722995 5.672363
v -9.199066 3.786934 5.547257
v -9.149358 3.722996 5.570714
v -9.153027 3.823882 5.547633
v -9.101751 3.761200 5.571103
v -9.125953 3.860828 5.584872
v -9.073754 3.799406 5.609610
v -9.137530 3.874685 5.641076
v -9.085727 3.813733 5.667727
v -9.176526 3.860829 5.683174
v -9.126051 3.799406 5.711259
v -9.222566 3.823882 5.682798
v -9.173657 3.761201 5.710870
v -9.281315 3.835295 5.567102
v -9.291530 3.847509 5.619573
v -9.244564 3.847509 5.528284
v -9.202332 3.882482 5.528350
v -9.176667 3.916131 5.563216
v -9.187939 3.929669 5.615142
v -9.223633 3.916132 5.654504
v -9.266922 3.882482 5.653894
v -6.734305 4.081755 5.490393
v -6.750833 4.048730 5.384922
v -6.639621 3.979126 5.390974
v -6.623329 4.012874 5.495214
v -6.724198 4.082778 5.281363
v -6.609096 4.012507 5.286880
v -6.663747 4.173103 5.244880
v -6.541676 4.108983 5.251798
v -6.607635 4.262662 5.286697
v -6.481463 4.204510 5.294100
v -6.592573 4.294664 5.391934
v -6.475561 4.232493 5.398919
v -6.620672 4.259593 5.495259
v -6.509437 4.193181 5.499568
v -6.679658 4.170290 5.531976
v -6.569221 4.101998 5.535549
v -6.964417 4.224125 5.484079
v -6.981636 4.189964 5.375369
v -6.865325 4.118700 5.380174
v -6.848386 4.152337 5.487263
v -6.955513 4.224126 5.268448
v -6.839431 4.152465 5.274871
v -6.896053 4.315222 5.230404
v -6.780513 4.242445 5.237448
v -6.839932 4.406319 5.273221
v -6.725022 4.332330 5.279661
v -6.822714 4.440480 5.381931
v -6.708265 4.365839 5.386720
v -6.848837 4.406319 5.488852
v -6.734344 4.331946 5.491994
v -6.908297 4.315222 5.526896
v -6.793078 4.242093 5.529447
v -7.207553 4.377458 5.477317
v -7.227729 4.344854 5.365206
v -7.100644 4.263416 5.370454
v -7.082860 4.297770 5.480818
v -7.198379 4.377458 5.255140
v -7.073822 4.297770 5.261933
v -7.130623 4.464400 5.216209
v -7.012653 4.389376 5.223348
v -7.066308 4.551343 5.260594
v -6.954875 4.480982 5.266845
v -7.046133 4.583946 5.372705
v -6.937092 4.515335 5.377208
v -7.075483 4.551343 5.482771
v -6.963913 4.480982 5.485730
v -7.143239 4.464400 5.521702
v -7.025082 4.389376 5.524314
v -7.436471 4.583136 5.470644
v -7.467710 4.563480 5.355296
v -7.361342 4.441762 5.359689
v -7.335934 4.469249 5.473611
v -7.427067 4.583136 5.242917
v -7.326627 4.469249 5.248249
v -7.329461 4.635550 5.204176
v -7.244718 4.542548 5.209304
v -7.235383 4.687965 5.250833
v -7.166299 4.615847 5.254870
v -7.204144 4.707621 5.366180
v -7.140891 4.643334 5.368792
v -7.244787 4.687965 5.478559
v -7.175606 4.615847 5.480231
v -7.342392 4.635550 5.517300
v -7.257514 4.542548 5.519176
v -5.939272 4.371983 5.307382
v -5.905428 4.358625 5.395452
v -5.959021 4.235156 5.395498
v -5.997496 4.247293 5.304699
v -5.932807 4.373006 5.485042
v -5.985749 4.249916 5.488116
v -6.012218 4.410887 5.520539
v -6.068036 4.288200 5.526007
v -6.094602 4.448001 5.489326
v -6.157123 4.326471 5.495626
v -6.129910 4.460337 5.401021
v -6.198680 4.339342 5.403037
v -6.103997 4.444933 5.311198
v -6.180079 4.319367 5.307767
v -6.023122 4.408074 5.275935
v -6.090774 4.281419 5.271787
v -5.859859 4.473085 5.394198
v -5.891082 4.485063 5.312056
v -5.886225 4.485190 5.477938
v -5.959714 4.521954 5.511162
v -6.036279 4.556123 5.482132
v -6.066501 4.570472 5.399927
v -6.041503 4.555739 5.316192
v -5.966646 4.521603 5.282963
v -7.116251 1.448938 5.605686
v -7.234272 1.357362 5.605551
v -7.095654 1.178506 5.513914
v -6.966367 1.264496 5.505762
v -7.347264 1.322607 5.518016
v -7.225832 1.162132 5.439668
v -7.383874 1.374682 5.385044
v -7.275507 1.236061 5.317363
v -7.333853 1.474131 5.284948
v -7.227971 1.348211 5.219871
v -7.215832 1.565708 5.285083
v -7.098920 1.433760 5.211792
v -7.102839 1.600463 5.372618
v -6.968979 1.449695 5.286110
v -7.066230 1.548388 5.505590
v -6.919068 1.376206 5.408342
v -7.357275 1.724455 5.732387
v -7.463326 1.635331 5.728508
v -7.357429 1.507571 5.673166
v -7.246820 1.599574 5.676688
v -7.561880 1.594091 5.640239
v -7.460631 1.465951 5.582441
v -7.590246 1.633492 5.510440
v -7.490847 1.508074 5.448499
v -7.541885 1.721780 5.415196
v -7.440883 1.600306 5.349899
v -7.435834 1.810905 5.419074
v -7.330274 1.692309 5.353421
v -7.337281 1.852145 5.507343
v -7.227071 1.733929 5.444146
v -7.308915 1.812743 5.637142
v -7.196856 1.691806 5.578089
v -7.557339 1.949709 5.831664
v -7.655766 1.866992 5.828065
v -7.561806 1.753881 5.779455
v -7.459656 1.839726 5.783191
v -7.747235 1.828716 5.746141
v -7.656734 1.714158 5.694433
v -7.773562 1.865285 5.625673
v -7.684056 1.752110 5.569409
v -7.728678 1.947227 5.537276
v -7.637475 1.837150 5.477669
v -7.630250 2.029944 5.540875
v -7.535325 1.922996 5.481404
v -7.538782 2.068219 5.622799
v -7.440397 1.962719 5.566426
v -7.512455 2.031650 5.743267
v -7.413074 1.924767 5.691451
v -7.742548 2.158237 5.923571
v -7.833918 2.081451 5.920229
v -7.746264 1.975934 5.874883
v -7.651423 2.055638 5.878351
v -7.918828 2.045921 5.844180
v -7.834402 1.939053 5.795943
v -7.943267 2.079868 5.732349
v -7.859769 1.974290 5.679863
v -7.901601 2.155934 5.650290
v -7.816521 2.053247 5.594686
v -7.810231 2.232720 5.653632
v -7.721678 2.132951 5.598154
v -7.725321 2.268250 5.729681
v -7.633541 2.169832 5.677094
v -7.700882 2.234303 5.841512
v -7.608173 2.134595 5.793174
v -7.917724 2.355470 6.010498
v -8.002419 2.284294 6.007401
v -7.919196 2.184110 5.964347
v -7.831204 2.258057 5.967565
v -8.081124 2.251359 5.936908
v -8.000966 2.149893 5.891109
v -8.103778 2.282826 5.833248
v -8.024502 2.182585 5.783414
v -8.065157 2.353334 5.757184
v -7.984376 2.255838 5.704389
v -7.980462 2.424510 5.760281
v -7.896385 2.329785 5.707607
v -7.901756 2.457446 5.830774
v -7.814615 2.364002 5.780845
v -7.879102 2.425979 5.934434
v -7.791079 2.331310 5.888540
v -8.085801 2.387239 6.049596
v -8.002380 2.454756 6.054068
v -8.162838 2.355828 5.980426
v -8.184690 2.385471 5.880193
v -8.147149 2.452518 5.806996
v -8.065239 2.521433 5.810345
v -7.987456 2.555000 5.880053
v -7.964078 2.522386 5.981377
v -7.492671 4.875225 5.468881
v -7.529970 4.871778 5.352725
v -7.517324 4.713714 5.353247
v -7.482110 4.724360 5.469247
v -7.483221 4.875225 5.240040
v -7.472665 4.724360 5.240546
v -7.369387 4.884418 5.201760
v -7.364396 4.752745 5.202062
v -7.259096 4.893611 5.249295
v -7.259669 4.781131 5.249341
v -7.221797 4.897058 5.365451
v -7.224454 4.791775 5.365341
v -7.268546 4.893611 5.478136
v -7.269113 4.781131 5.478043
v -7.382380 4.884418 5.516416
v -7.377382 4.752745 5.516527
v -7.526185 5.009888 5.352881
v -7.489632 5.008871 5.464098
v -7.480587 5.008871 5.245057
v -7.369660 5.011468 5.208382
v -7.262135 5.011169 5.254078
v -7.225582 5.013049 5.365295
v -7.271181 5.011169 5.473119
v -7.382107 5.011468 5.509795
v -7.017776 4.409595 3.412934
v -6.934627 4.407609 3.356899
v -6.933067 4.275774 3.363346
v -7.016476 4.281970 3.418626
v -6.835057 4.409595 3.368710
v -6.833611 4.281970 3.374367
v -6.778903 4.414892 3.450881
v -6.777926 4.298493 3.454471
v -6.791268 4.420188 3.549635
v -6.790818 4.315017 3.551172
v -6.874416 4.422175 3.605670
v -6.874227 4.321213 3.606453
v -6.973986 4.420188 3.593859
v -6.973683 4.315017 3.595432
v -7.030140 4.414892 3.511688
v -7.029367 4.298493 3.515328
v -7.017993 4.648403 3.412037
v -6.934926 4.648403 3.355666
v -6.934888 4.530737 3.355820
v -7.017966 4.530986 3.412149
v -6.835275 4.648403 3.367814
v -6.835248 4.530986 3.367925
v -6.778903 4.648403 3.450881
v -6.778903 4.531648 3.450881
v -6.791051 4.648403 3.550532
v -6.791078 4.532310 3.550420
v -6.874118 4.648403 3.606903
v -6.874155 4.532558 3.606749
v -6.973769 4.648403 3.594756
v -6.973796 4.532310 3.594643
v -7.030140 4.648403 3.511688
v -7.030140 4.531648 3.511688
v -7.017993 4.881913 3.412037
v -6.934926 4.881914 3.355666
v -6.934926 4.765158 3.355666
v -7.017993 4.765158 3.412037
v -6.835275 4.881913 3.367814
v -6.835275 4.765158 3.367813
v -6.778903 4.881914 3.450881
v -6.778903 4.765158 3.450881
v -6.791051 4.881913 3.550532
v -6.791051 4.765158 3.550532
v -6.874118 4.881914 3.606903
v -6.874118 4.765158 3.606903
v -6.973769 4.881913 3.594756
v -6.973769 4.765158 3.594755
v -7.030140 4.881914 3.511688
v -7.030140 4.765158 3.511688
v -7.017993 5.115424 3.412037
v -6.934926 5.115424 3.355666
v -6.934926 4.998669 3.355666
v -7.017993 4.998669 3.412037
v -6.835275 5.115424 3.367814
v -6.835275 4.998669 3.367813
v -6.778903 5.115424 3.450881
v -6.778903 4.998669 3.450881
v -6.791051 5.115424 3.550532
v -6.791051 4.998669 3.550532
v -6.874118 5.115424 3.606903
v -6.874118 4.998669 3.606903
v -6.973769 5.115424 3.594756
v -6.973769 4.998669 3.594755
v -7.030140 5.115424 3.511688
v -7.030140 4.998669 3.511688
v -6.933646 5.226054 3.360953
v -7.013134 5.224792 3.415003
v -6.838240 5.224792 3.372673
v -6.784190 5.226054 3.452160
v -6.795910 5.224792 3.547566
v -6.875398 5.226054 3.601616
v -6.970803 5.224792 3.589896
v -7.024854 5.226054 3.510409
vn 0.9886 0.1500 -0.0109
vn 0.9503 -0.0315 0.3098
vn 0.9826 -0.0832 0.1661
vn 0.6340 -0.4831 0.6039
vn 0.1643 -0.5226 0.8366
vn 0.7126 -0.3282 0.6200
vn 0.2031 0.1466 -0.9681
vn 0.7647 -0.1095 -0.6350
vn 0.7627 -0.1028 -0.6385
vn 0.2025 0.1474 -0.9681
vn -0.9224 0.3604 -0.1391
vn -0.5637 0.3608 -0.7430
vn -0.5634 0.3609 -0.7432
vn -0.9235 0.3582 -0.1370
vn 0.7035 0.0689 -0.7074
vn 0.8613 0.0962 -0.4989
vn 0.9748 -0.0501 -0.2175
vn 0.8348 0.4087 0.3690
vn 0.9722 0.0544 0.2279
vn 0.9905 0.1297 0.0464
vn -0.1917 -0.1154 0.9746
vn -0.7528 0.1433 0.6425
vn -0.7507 0.1231 0.6491
vn -0.1938 -0.1447 0.9703
vn 0.4478 0.4341 -0.7817
vn 0.2992 0.6588 -0.6902
vn 0.6795 0.1092 -0.7255
vn -0.9784 -0.0232 -0.2055
vn -0.8606 -0.0744 -0.5037
vn -0.6710 -0.1755 -0.7204
vn 0.9348 -0.3236 0.1461
vn 0.5752 -0.3263 0.7502
vn 0.5704 -0.3347 0.7500
vn 0.9381 -0.3159 0.1419
vn 0.2047 0.1627 -0.9652
vn 0.7508 -0.0791 -0.6557
vn 0.7088 0.0086 -0.7053
vn 0.2184 0.2749 -0.9364
vn -0.8431 0.2025 0.4981
vn -0.8951 0.0422 0.4440
vn -0.8291 -0.0991 0.5503
vn -0.9467 -0.1679 0.2748
vn -0.9892 -0.0773 0.1247
vn -0.8239 0.0671 0.5628
vn -0.9154 0.3821 -0.1265
vn -0.5608 0.3890 -0.7309
vn -0.5318 0.5868 -0.6106
vn -0.8184 0.5673 -0.0916
vn -0.1900 -0.1589 0.9688
vn -0.7254 0.1091 0.6796
vn -0.6079 0.2650 0.7485
vn -0.2009 0.1445 0.9689
vn 0.9494 -0.2857 0.1304
vn 0.5768 -0.3155 0.7535
vn 0.7133 -0.0443 0.6995
vn 0.9787 -0.1776 0.1030
vn -0.5565 0.3366 0.7596
vn -0.7667 -0.2942 0.5706
vn -0.8196 -0.1662 0.5484
vn -0.6391 0.3908 0.6625
vn -0.2849 0.7511 0.5955
vn -0.3282 0.7326 0.5963
vn 0.0184 0.8205 0.5713
vn -0.4091 -0.2297 0.8831
vn -0.5531 0.3590 0.7518
vn -0.6075 -0.2742 0.7455
vn 0.4930 0.8699 -0.0156
vn 0.0289 0.8736 0.4859
vn -0.0043 0.9588 0.2839
vn 0.3578 0.9290 -0.0947
vn -0.1664 0.9860 0.0080
vn -0.1707 0.9116 -0.3739
vn 0.0466 0.9131 -0.4051
vn -0.3110 0.9454 -0.0977
vn -0.4578 0.8890 -0.0125
vn -0.3326 0.8823 -0.3332
vn -0.4979 0.8010 0.3325
vn -0.6677 0.6943 0.2687
vn -0.6566 0.5216 0.5448
vn -0.7967 0.4633 0.3882
vn -0.8628 -0.0403 0.5040
vn -0.8152 0.1742 0.5524
vn 0.5070 -0.3011 -0.8076
vn 0.7159 0.3302 -0.6152
vn 0.6267 0.3234 -0.7090
vn 0.4650 -0.2414 -0.8518
vn 0.8647 -0.0805 -0.4958
vn 0.9713 -0.1583 -0.1777
vn 0.9246 -0.2631 -0.2756
vn -0.5470 -0.8367 -0.0279
vn -0.0707 -0.8354 -0.5450
vn -0.1108 -0.7878 -0.6059
vn -0.5882 -0.8075 -0.0452
vn 0.0347 0.8079 -0.5883
vn 0.2464 0.8591 -0.4485
vn -0.0526 0.9904 -0.1282
vn -0.5429 0.3277 0.7732
vn -0.7588 -0.3097 0.5730
vn 0.5123 0.8588 -0.0036
vn 0.0349 0.8588 0.5112
vn 0.5143 -0.3097 -0.7997
vn 0.7303 0.3277 -0.5995
vn 0.1310 -0.3018 -0.9443
vn 0.5271 -0.2277 -0.8187
vn 0.7109 -0.3332 -0.6194
vn -0.5409 -0.8408 -0.0229
vn -0.0635 -0.8408 -0.5376
vn -0.5452 0.3347 0.7686
vn -0.7588 -0.3081 0.5738
vn -0.7588 -0.3095 0.5731
vn -0.5432 0.3285 0.7726
vn -0.5293 -0.1430 -0.8363
vn 0.1884 -0.1940 -0.9627
vn -0.2491 -0.2173 -0.9438
vn 0.5060 0.8625 -0.0033
vn 0.0257 0.8634 0.5039
vn 0.0338 0.8594 0.5102
vn 0.5116 0.8592 -0.0037
vn 0.8912 0.3187 -0.3227
vn 0.9651 -0.0619 -0.2545
vn 0.8778 -0.0632 -0.4748
vn 0.5090 -0.3103 -0.8029
vn 0.7302 0.3275 -0.5996
vn 0.7303 0.3276 -0.5995
vn 0.5137 -0.3097 -0.8002
vn -0.3712 0.9285 -0.0132
vn -0.1135 0.8590 0.4992
vn -0.3452 0.7799 0.5221
vn -0.5417 -0.8401 -0.0279
vn -0.0690 -0.8364 -0.5437
vn -0.0642 -0.8402 -0.5385
vn -0.5410 -0.8407 -0.0235
vn -0.4701 0.3130 0.8253
vn -0.7637 -0.2889 0.5773
vn -0.7596 -0.3029 0.5755
vn -0.5380 0.3463 0.7685
vn -0.9065 0.2658 0.3281
vn -0.9816 0.1243 -0.1450
vn -0.9699 0.1407 0.1989
vn 0.5500 0.8325 0.0665
vn 0.1071 0.8050 0.5835
vn 0.0206 0.8640 0.5031
vn 0.4999 0.8661 0.0084
vn 0.1397 0.0209 -0.9900
vn -0.1826 -0.0004 -0.9832
vn -0.0639 0.2605 -0.9634
vn 0.2545 0.0008 -0.9671
vn 0.3832 -0.2241 -0.8961
vn 0.6921 0.3622 -0.6244
vn 0.7255 0.3307 -0.6036
vn 0.4855 -0.3040 -0.8197
vn -0.6447 -0.7545 -0.1230
vn -0.2182 -0.7142 -0.6651
vn -0.0939 -0.8176 -0.5680
vn -0.5541 -0.8310 -0.0491
vn 0.8941 0.3854 -0.2280
vn 0.9675 -0.1628 0.1933
vn 0.9929 -0.1155 0.0284
vn 0.8852 0.4178 -0.2048
vn -0.1766 -0.5841 -0.7922
vn -0.1457 -0.1846 -0.9720
vn -0.7745 -0.1910 -0.6031
vn -0.7942 -0.5121 -0.3271
vn -0.4591 0.7639 -0.4535
vn 0.2477 0.8037 -0.5410
vn 0.1352 0.9739 -0.1825
vn -0.3678 0.9293 0.0331
vn -0.9158 -0.3134 0.2514
vn -0.9675 0.2331 -0.0977
vn -0.8892 0.2812 0.3609
vn -0.8737 -0.1608 0.4591
vn 0.4851 -0.6902 0.5369
vn -0.2023 -0.7826 0.5887
vn -0.0070 -0.8037 0.5950
vn 0.5716 -0.7343 0.3662
vn -0.1925 0.9292 0.3154
vn 0.3154 0.9292 0.1925
vn 0.1925 0.9292 -0.3154
vn -0.3154 0.9292 -0.1925
vn 0.2377 0.9364 0.2582
vn 0.2582 0.9364 -0.2377
vn -0.2377 0.9364 -0.2582
vn -0.2582 0.9364 0.2377
vn 0.1019 0.9458 -0.3082
vn 0.1191 0.9458 0.3020
vn 0.6705 0.6844 0.2864
vn 0.6533 0.6844 -0.3237
vn -0.6879 -0.4346 -0.5813
vn -0.5211 -0.2616 -0.8124
vn -0.1398 -0.1963 -0.9705
vn -0.4673 0.8766 0.1149
vn -0.1783 0.8766 -0.4470
vn -0.5962 0.4542 -0.6620
vn -0.8853 0.4542 -0.1001
vn 0.2203 -0.4160 0.8823
vn 0.4101 -0.3813 0.8285
vn 0.8740 -0.4065 0.2661
vn 0.8239 -0.3928 0.4085
vn -0.0793 -0.3467 0.9346
vn -0.2667 -0.3812 0.8852
vn -0.5694 -0.4284 0.7016
vn -0.5241 -0.4725 0.7085
vn 0.0056 0.9652 -0.2615
vn 0.5444 0.8197 -0.1781
vn 0.5126 0.8434 -0.1611
vn -0.5917 -0.1199 0.7972
vn -0.8575 0.1718 0.4849
vn -0.8080 0.0776 0.5841
vn -0.4091 -0.1279 0.9035
vn 0.3242 0.9389 -0.1159
vn -0.0726 0.9389 0.3366
vn 0.3250 0.6517 0.6853
vn 0.7218 0.6517 0.2328
vn 0.4144 -0.0867 -0.9060
vn 0.5310 0.2810 -0.7994
vn 0.6650 0.2117 -0.7162
vn 0.4646 0.1072 -0.8790
vn -0.5414 0.8080 -0.2325
vn -0.0086 0.8080 -0.5892
vn -0.2318 0.3079 -0.9227
vn -0.7647 0.3079 -0.5661
vn 0.0704 0.8906 0.4492
vn -0.4473 0.8906 0.0816
vn -0.7305 0.4856 0.4802
vn -0.2128 0.4856 0.8479
vn -0.9987 -0.0345 -0.0373
vn -0.8560 0.4648 -0.2261
vn -0.9997 -0.0226 -0.0114
vn -0.5813 -0.4750 -0.6607
vn -0.6131 -0.4151 -0.6721
vn -0.7994 -0.5979 0.0594
vn -0.8012 -0.5846 0.1281
vn -0.0316 0.0766 -0.9966
vn 0.0232 -0.0072 -0.9997
vn 0.3768 0.3428 -0.8605
vn 0.4252 0.3600 -0.8304
vn 0.1685 0.0299 0.9853
vn 0.6800 -0.0513 0.7315
vn 0.5517 -0.0917 0.8290
vn 0.0869 0.1502 0.9848
vn 0.9899 -0.1368 -0.0379
vn 0.6974 -0.1302 -0.7048
vn 0.8018 -0.2182 -0.5564
vn 0.9605 -0.2438 0.1340
vn 0.9688 0.2430 -0.0479
vn 0.9884 -0.0631 0.1379
vn 0.4527 -0.3010 0.8393
vn 0.7018 -0.0582 0.7100
vn -0.3029 -0.0914 0.9486
vn -0.2106 0.0349 0.9769
vn -0.0686 0.2876 0.9553
vn -0.0792 0.3511 0.9330
vn 0.6767 0.4078 -0.6130
vn 0.4635 0.4636 -0.7551
vn 0.4527 0.4369 -0.7773
vn 0.8030 0.2275 -0.5509
vn -0.9295 -0.3639 0.0598
vn -0.6947 -0.2802 0.6625
vn -0.6807 -0.5487 0.4853
vn -0.8256 -0.5291 -0.1959
vn 0.5780 -0.0411 0.8150
vn 0.5691 0.1158 0.8141
vn 0.8644 0.3848 0.3237
vn 0.8668 0.3146 0.3870
vn -0.1228 -0.4310 0.8939
vn -0.6527 -0.5103 0.5599
vn -0.6495 -0.4640 0.6024
vn -0.1210 -0.2825 0.9516
vn -0.8622 -0.4948 0.1086
vn -0.8142 -0.5632 -0.1412
vn -0.6067 -0.5660 -0.5582
vn -0.8629 -0.5011 -0.0654
vn 0.8446 0.4017 -0.3540
vn 0.8709 0.4778 -0.1153
vn 0.8131 0.4673 -0.3471
vn 0.6237 0.1986 -0.7560
vn 0.9310 -0.3223 0.1716
vn 0.5385 -0.3418 0.7702
vn 0.5727 -0.3266 0.7519
vn 0.9339 -0.3246 0.1500
vn -0.2594 -0.1222 0.9580
vn -0.7775 0.1176 0.6179
vn -0.7562 0.1404 0.6391
vn -0.1994 -0.1124 0.9735
vn -0.9591 0.2050 -0.1951
vn -0.6499 0.1363 -0.7477
vn -0.5780 0.3293 -0.7466
vn -0.9291 0.3389 -0.1483
vn 0.1786 -0.0644 -0.9818
vn 0.7517 -0.1902 -0.6315
vn 0.7622 -0.1221 -0.6357
vn 0.1992 0.1164 -0.9730
vn -0.9135 -0.3717 0.1653
vn -0.6560 -0.3546 0.6663
vn -0.7409 0.0894 0.6656
vn -0.9860 0.1237 0.1116
vn 0.1534 -0.3785 0.9128
vn 0.6579 -0.3917 0.6433
vn 0.7527 0.0603 0.6556
vn 0.1942 0.0168 0.9808
vn 0.9102 -0.3865 -0.1488
vn 0.6485 -0.3808 -0.6591
vn 0.6653 0.1680 -0.7274
vn 0.9827 0.1131 -0.1469
vn -0.1458 -0.3909 -0.9088
vn -0.6596 -0.3994 -0.6367
vn -0.7496 0.0990 -0.6545
vn -0.1177 0.1479 -0.9820
vn -0.5209 -0.5637 -0.6410
vn 0.1646 -0.5692 -0.8056
vn 0.1746 -0.4789 -0.8603
vn -0.5158 -0.4236 -0.7447
vn 0.8452 -0.1980 -0.4964
vn 0.9686 0.2485 0.0091
vn 0.9399 0.3088 -0.1457
vn 0.8613 -0.1245 -0.4925
vn 0.5160 0.6420 0.5670
vn -0.1653 0.6574 0.7352
vn -0.2534 0.7657 0.5912
vn 0.4353 0.8229 0.3651
vn -0.8598 0.2526 0.4438
vn -0.9805 -0.1891 -0.0540
vn -0.9940 -0.0584 -0.0927
vn -0.8945 0.2828 0.3464
vn -0.5139 -0.5831 -0.6292
vn 0.1687 -0.5829 -0.7948
vn 0.1678 -0.5831 -0.7949
vn -0.5162 -0.5841 -0.6263
vn 0.8437 -0.2105 -0.4939
vn 0.9711 0.2363 0.0326
vn 0.9712 0.2362 0.0320
vn 0.8434 -0.2103 -0.4945
vn 0.5092 0.6092 0.6080
vn -0.1735 0.6105 0.7728
vn -0.1699 0.6209 0.7653
vn 0.5140 0.6114 0.6017
vn -0.8490 0.2371 0.4723
vn -0.9761 -0.2107 -0.0529
vn -0.9761 -0.2112 -0.0503
vn -0.8505 0.2410 0.4675
vn -0.5136 -0.5829 -0.6296
vn 0.1688 -0.5829 -0.7948
vn 0.8437 -0.2105 -0.4938
vn 0.5086 0.6087 0.6090
vn -0.1738 0.6087 0.7741
vn -0.8487 0.2363 0.4731
vn -0.9761 -0.2105 -0.0533
vn -0.5131 -0.5790 -0.6337
vn 0.1666 -0.5790 -0.7981
vn 0.1686 -0.5823 -0.7953
vn -0.5136 -0.5823 -0.6302
vn 0.8430 -0.2107 -0.4950
vn 0.9705 0.2386 0.0336
vn 0.9711 0.2366 0.0327
vn 0.8436 -0.2105 -0.4939
vn 0.5058 0.6146 0.6054
vn -0.1730 0.6146 0.7696
vn -0.1738 0.6095 0.7735
vn 0.5083 0.6095 0.6084
vn -0.8477 0.2386 0.4737
vn -0.9760 -0.2107 -0.0547
vn -0.9761 -0.2105 -0.0535
vn -0.8486 0.2366 0.4731
vn -0.5286 -0.4453 -0.7227
vn 0.1396 -0.4453 -0.8845
vn 0.1590 -0.5578 -0.8146
vn -0.5139 -0.5578 -0.6517
vn 0.8326 -0.1651 -0.5287
vn 0.9782 0.1929 0.0769
vn 0.9705 0.2372 0.0423
vn 0.8400 -0.2059 -0.5019
vn 0.5206 0.4933 0.6968
vn -0.1444 0.4933 0.8578
vn -0.1662 0.6084 0.7760
vn 0.5027 0.6084 0.6141
vn -0.8348 0.1929 0.5157
vn -0.9822 -0.1651 -0.0895
vn -0.9766 -0.2059 -0.0623
vn -0.8438 0.2372 0.4814
vn 0.6931 -0.5246 0.4944
vn 0.0457 -0.5241 0.8504
vn 0.0846 -0.4795 0.8734
vn 0.7517 -0.5024 0.4271
vn -0.7128 -0.2101 0.6692
vn -0.9609 0.1813 0.2090
vn -0.9254 0.1877 0.3293
vn -0.6995 -0.1644 0.6955
vn -0.6490 0.6161 -0.4463
vn 0.0069 0.6211 -0.7837
vn 0.1579 0.8867 -0.4346
vn -0.5811 0.7941 -0.1781
vn 0.7128 0.2103 -0.6692
vn 0.9562 -0.1990 -0.2145
vn 0.9640 -0.1309 -0.2313
vn 0.8148 0.3103 -0.4897
vn 0.6833 -0.5160 0.5165
vn 0.0698 -0.5159 0.8538
vn 0.0584 -0.5254 0.8488
vn 0.6835 -0.5233 0.5088
vn -0.6822 -0.2072 0.7011
vn -0.9679 0.1730 0.1824
vn -0.9670 0.1742 0.1857
vn -0.6939 -0.2137 0.6877
vn -0.6888 0.4982 -0.5266
vn -0.0745 0.4983 -0.8638
vn -0.0533 0.5263 -0.8486
vn -0.6799 0.5284 -0.5084
vn 0.6728 0.1745 -0.7190
vn 0.9578 -0.2065 -0.2000
vn 0.9564 -0.2079 -0.2052
vn 0.6813 0.1808 -0.7093
vn 0.7162 -0.3787 0.5862
vn 0.1125 -0.3747 0.9203
vn 0.0815 -0.4914 0.8671
vn 0.6878 -0.4928 0.5329
vn -0.6577 -0.1334 0.7414
vn -0.9691 0.1745 0.1743
vn -0.9681 0.1742 0.1800
vn -0.6743 -0.1976 0.7115
vn -0.7006 0.4372 -0.5639
vn -0.1006 0.4352 -0.8947
vn -0.0811 0.4931 -0.8662
vn -0.6879 0.4927 -0.5330
vn 0.6628 0.1680 -0.7297
vn 0.9761 -0.1420 -0.1647
vn 0.9612 -0.1991 -0.1907
vn 0.6693 0.1746 -0.7222
vn 0.7389 0.0140 0.6737
vn 0.1512 0.0674 0.9862
vn 0.1505 -0.1036 0.9832
vn 0.7507 -0.1187 0.6499
vn -0.6754 0.0338 0.7367
vn -0.9918 -0.0355 0.1229
vn -0.9764 0.1472 0.1578
vn -0.6403 0.0115 0.7681
vn -0.7507 -0.1077 -0.6518
vn -0.1589 -0.0061 -0.9873
vn -0.1385 0.2506 -0.9581
vn -0.7383 0.2526 -0.6254
vn 0.6437 0.0503 -0.7636
vn 0.9920 -0.0058 -0.1264
vn 0.9904 -0.0153 -0.1373
vn 0.6523 0.1320 -0.7464
vn -0.9121 -0.3730 -0.1703
vn -0.6416 -0.2544 -0.7236
vn -0.6141 -0.1622 -0.7723
vn -0.9252 -0.3253 -0.1954
vn 0.2907 0.2272 -0.9294
vn 0.6920 0.5030 -0.5178
vn 0.6330 0.5024 -0.5890
vn 0.1112 0.2156 -0.9701
vn 0.8293 0.5043 0.2406
vn 0.5313 0.2824 0.7988
vn 0.4978 0.3657 0.7864
vn 0.8015 0.5624 0.2033
vn -0.1660 -0.1084 0.9802
vn -0.7133 -0.3439 0.6107
vn -0.7482 -0.2648 0.6084
vn -0.2040 -0.0081 0.9789
vn -0.9052 -0.3667 -0.2150
vn -0.5804 -0.2131 -0.7859
vn -0.4505 -0.4375 -0.7782
vn -0.8146 -0.5411 -0.2090
vn 0.0909 0.1706 -0.9811
vn 0.6060 0.4939 -0.6235
vn 0.6282 0.4399 -0.6418
vn 0.1915 -0.0027 -0.9815
vn 0.7802 0.5958 0.1905
vn 0.4726 0.4070 0.7816
vn 0.3308 0.5958 0.7318
vn 0.6880 0.7092 0.1538
vn -0.2245 0.0326 0.9739
vn -0.7593 -0.2565 0.5981
vn -0.7660 -0.2683 0.5842
vn -0.3220 0.1648 0.9323
vn -0.2618 -0.3324 0.9061
vn -0.7692 -0.3324 0.5457
vn -0.7135 -0.5771 0.3972
vn -0.1399 -0.5771 0.8046
vn -0.9859 0.0417 -0.1621
vn -0.7084 0.4388 -0.5529
vn -0.6155 0.2442 -0.7493
vn -0.9293 -0.2046 -0.3076
vn 0.0313 0.8129 -0.5815
vn 0.5388 0.8129 -0.2212
vn 0.6946 0.6167 -0.3705
vn 0.1209 0.6167 -0.7778
vn 0.7554 0.4388 0.4866
vn 0.4779 0.0417 0.8774
vn 0.5966 -0.2046 0.7761
vn 0.9103 0.2442 0.3343
vn -0.1262 -0.6077 0.7841
vn -0.6987 -0.6077 0.3775
vn -0.9149 -0.2344 -0.3287
vn -0.6018 0.2136 -0.7696
vn 0.1362 0.5868 -0.7982
vn 0.7087 0.5869 -0.3916
vn 0.7087 0.5868 -0.3916
vn 0.9249 0.2136 0.3146
vn 0.6118 -0.2344 0.7555
vn 0.1362 0.5869 -0.7982
vn -0.1262 -0.6076 0.7842
vn -0.6986 -0.6073 0.3782
vn -0.6972 -0.6057 0.3835
vn -0.1254 -0.6069 0.7849
vn -0.9146 -0.2346 -0.3293
vn -0.5994 0.2107 -0.7722
vn -0.5836 0.1940 -0.7885
vn -0.9128 -0.2357 -0.3336
vn 0.1372 0.5823 -0.8013
vn 0.7087 0.5856 -0.3935
vn 0.7070 0.5783 -0.4071
vn 0.1410 0.5536 -0.8208
vn 0.9248 0.2136 0.3149
vn 0.6117 -0.2344 0.7556
vn 0.6109 -0.2345 0.7562
vn 0.9242 0.2136 0.3166
vn -0.1254 -0.5970 0.7924
vn -0.6915 -0.5969 0.4069
vn -0.6759 -0.5632 0.4754
vn -0.1300 -0.5425 0.8299
vn -0.9156 -0.2214 -0.3356
vn -0.5651 0.1870 -0.8035
vn -0.6808 0.2840 -0.6752
vn -0.9511 -0.1408 -0.2750
vn 0.1312 0.5238 -0.8417
vn 0.6856 0.5852 -0.4330
vn 0.6028 0.6854 -0.4085
vn 0.0993 0.6637 -0.7414
vn 0.9180 0.2212 0.3292
vn 0.6066 -0.2248 0.7626
vn 0.5918 -0.1626 0.7895
vn 0.8929 0.2597 0.3679
vn -0.6374 -0.7326 -0.2386
vn -0.0717 -0.7403 -0.6685
vn -0.2819 -0.7279 -0.6250
vn -0.7010 -0.6878 -0.1884
vn 0.6802 -0.2780 -0.6783
vn 0.9222 0.2276 -0.3128
vn 0.9069 0.2626 -0.3294
vn 0.7210 -0.1535 -0.6757
vn 0.6495 0.6992 0.2987
vn 0.0559 0.7108 0.7011
vn 0.0553 0.9073 0.4169
vn 0.6156 0.7713 0.1617
vn -0.6269 0.2426 0.7404
vn -0.8746 -0.2825 0.3941
vn -0.9322 -0.1827 0.3125
vn -0.7874 0.3379 0.5156
vn -0.5951 -0.7616 -0.2566
vn -0.0126 -0.7614 -0.6482
vn -0.0252 -0.7524 -0.6583
vn -0.6064 -0.7532 -0.2550
vn 0.6780 -0.3062 -0.6683
vn 0.9225 0.2392 -0.3030
vn 0.9230 0.2346 -0.3051
vn 0.6763 -0.3004 -0.6726
vn 0.6407 0.6952 0.3258
vn 0.0577 0.6951 0.7166
vn 0.0588 0.6925 0.7191
vn 0.6447 0.6932 0.3224
vn -0.6307 0.2391 0.7382
vn -0.8754 -0.3069 0.3735
vn -0.8728 -0.3042 0.3816
vn -0.6242 0.2348 0.7451
vn -0.5936 -0.7628 -0.2565
vn -0.0108 -0.7628 -0.6466
vn -0.0109 -0.7628 -0.6466
vn 0.6782 -0.3071 -0.6676
vn 0.9224 0.2398 -0.3028
vn 0.6402 0.6955 0.3262
vn 0.0575 0.6955 0.7162
vn -0.6316 0.2398 0.7373
vn -0.8758 -0.3071 0.3725
vn -0.5936 -0.7628 -0.2566
vn -0.6987 -0.5311 -0.4794
vn -0.1768 -0.5311 -0.8287
vn -0.0270 -0.7388 -0.6733
vn -0.6122 -0.7388 -0.2817
vn 0.5223 -0.0688 -0.8500
vn 0.7409 0.4209 -0.5233
vn 0.9066 0.2655 -0.3280
vn 0.6614 -0.2836 -0.6943
vn 0.4547 0.8832 0.1148
vn -0.0672 0.8832 0.4641
vn 0.0395 0.7208 0.6920
vn 0.6247 0.7208 0.3004
vn -0.7663 0.4209 0.4854
vn -0.9849 -0.0688 0.1588
vn -0.8941 -0.2836 0.3467
vn -0.6489 0.2655 0.7130
vn 0.8593 -0.4259 0.2832
vn 0.3641 -0.4455 0.8179
vn 0.3168 -0.4637 0.8274
vn 0.9082 -0.3324 0.2544
vn -0.3924 -0.1657 0.9047
vn -0.8113 0.2193 0.5419
vn -0.7144 0.2938 0.6351
vn -0.3969 -0.2060 0.8945
vn -0.7758 0.5625 -0.2858
vn -0.3175 0.4983 -0.8068
vn -0.2011 0.6073 -0.7686
vn -0.4970 0.7949 -0.3481
vn 0.3960 0.1918 -0.8980
vn 0.8535 -0.1382 -0.5024
vn 0.8498 -0.0146 -0.5269
vn 0.4128 0.2806 -0.8665
vn 0.8544 -0.4362 0.2825
vn 0.3905 -0.4366 0.8105
vn 0.3840 -0.4393 0.8121
vn 0.8538 -0.4368 0.2832
vn -0.3815 -0.1572 0.9109
vn -0.8438 0.1803 0.5056
vn -0.8363 0.1915 0.5138
vn -0.3847 -0.1586 0.9093
vn -0.8434 0.4620 -0.2742
vn -0.3805 0.4593 -0.8027
vn -0.3647 0.4695 -0.8041
vn -0.8289 0.4886 -0.2725
vn 0.3899 0.1782 -0.9035
vn 0.8536 -0.1569 -0.4967
vn 0.8533 -0.1569 -0.4972
vn 0.3911 0.1784 -0.9029
vn 0.8545 -0.4361 0.2824
vn 0.3914 -0.4361 0.8103
vn 0.3915 -0.4361 0.8103
vn -0.3810 -0.1569 0.9112
vn -0.8450 0.1782 0.5042
vn -0.8458 0.4574 -0.2748
vn -0.3828 0.4574 -0.8027
vn 0.3897 0.1782 -0.9035
vn 0.8537 -0.1569 -0.4966
vn -0.8450 0.1782 0.5043
vn -0.8450 0.1781 0.5043
vn 0.9123 -0.1209 0.3913
vn 0.5070 -0.1208 0.8534
vn 0.4043 -0.4012 0.8219
vn 0.8676 -0.4012 0.2937
vn -0.2585 0.1558 0.9534
vn -0.6646 0.4491 0.5972
vn -0.8303 0.2124 0.5153
vn -0.3660 -0.1228 0.9225
vn -0.6654 0.7257 -0.1748
vn -0.2601 0.7258 -0.6369
vn -0.3677 0.4909 -0.7898
vn -0.8310 0.4909 -0.2616
vn 0.5054 0.4491 -0.7368
vn 0.9115 0.1558 -0.3807
vn 0.8668 -0.1228 -0.4832
vn 0.4026 0.2124 -0.8904
vn -0.7915 -0.6109 0.0197
vn -0.4868 -0.5964 -0.6382
vn -0.5333 -0.5464 -0.6457
vn -0.7745 -0.6222 0.1143
vn 0.1670 -0.1937 -0.9667
vn 0.6196 0.2703 -0.7369
vn 0.5044 0.3247 -0.8001
vn 0.1011 -0.1046 -0.9894
vn 0.7310 0.6791 -0.0674
vn 0.4090 0.7329 0.5437
vn 0.3343 0.9127 0.2350
vn 0.6224 0.7640 -0.1701
vn -0.2581 0.2817 0.9241
vn -0.6611 -0.2168 0.7182
vn -0.6416 -0.2407 0.7283
vn -0.3747 0.3307 0.8662
vn -0.7964 -0.6047 -0.0141
vn -0.4756 -0.6043 -0.6392
vn -0.4759 -0.6050 -0.6384
vn -0.7950 -0.6066 -0.0068
vn 0.1790 -0.2132 -0.9605
vn 0.6430 0.2560 -0.7218
vn 0.6416 0.2559 -0.7231
vn 0.1796 -0.2131 -0.9604
vn 0.7612 0.6485 -0.0048
vn 0.4390 0.6509 0.6194
vn 0.4273 0.6725 0.6043
vn 0.7546 0.6559 -0.0211
vn -0.2148 0.2573 0.9421
vn -0.6767 -0.2135 0.7046
vn -0.6723 -0.2145 0.7086
vn -0.2248 0.2641 0.9379
vn -0.7967 -0.6042 -0.0152
vn -0.4755 -0.6043 -0.6393
vn -0.4755 -0.6042 -0.6394
vn 0.6432 0.2560 -0.7216
vn 0.7625 0.6470 -0.0024
vn 0.4414 0.6470 0.6218
vn -0.2131 0.2560 0.9429
vn -0.6774 -0.2132 0.7040
vn -0.7967 -0.6043 -0.0152
vn -0.4755 -0.6042 -0.6393
vn 0.4413 0.6470 0.6218
vn -0.9296 -0.3442 -0.1316
vn -0.6476 -0.3442 -0.6798
vn -0.4957 -0.5764 -0.6497
vn -0.8168 -0.5764 -0.0255
vn 0.0029 0.0445 -0.9990
vn 0.4107 0.4565 -0.7892
vn 0.6211 0.2826 -0.7310
vn 0.1569 -0.1866 -0.9698
vn 0.5292 0.8452 -0.0744
vn 0.2472 0.8452 0.4738
vn 0.4189 0.6725 0.6102
vn 0.7400 0.6725 -0.0140
vn -0.4033 0.4565 0.7930
vn -0.8111 0.0445 0.5832
vn -0.6979 -0.1866 0.6915
vn -0.2336 0.2826 0.9303
vn -0.5105 -0.7930 0.3324
vn -0.4704 -0.7931 -0.3870
vn -0.5582 -0.7515 -0.3518
vn -0.5655 -0.7368 0.3707
vn -0.1129 -0.2872 -0.9512
vn 0.2006 0.2980 -0.9332
vn 0.0890 0.3057 -0.9480
vn -0.1374 -0.2002 -0.9701
vn 0.4384 0.8517 -0.2870
vn 0.4291 0.7988 0.4217
vn 0.2722 0.8338 0.4804
vn 0.1757 0.9801 -0.0927
vn 0.1415 0.2883 0.9470
vn -0.2182 -0.2953 0.9301
vn -0.2510 -0.2324 0.9397
vn 0.0674 0.3162 0.9463
vn -0.5030 -0.7986 0.3305
vn -0.4733 -0.7987 -0.3716
vn -0.4676 -0.7995 -0.3772
vn -0.5027 -0.7991 0.3298
vn -0.1351 -0.3046 -0.9428
vn 0.2382 0.2888 -0.9273
vn 0.2304 0.2915 -0.9284
vn -0.1255 -0.3040 -0.9444
vn 0.5249 0.7851 -0.3289
vn 0.4969 0.7833 0.3735
vn 0.4793 0.7886 0.3852
vn 0.5019 0.8024 -0.3228
vn 0.1617 0.2882 0.9438
vn -0.2138 -0.3045 0.9282
vn -0.2136 -0.3044 0.9283
vn 0.1582 0.2872 0.9447
vn -0.5175 -0.7910 0.3264
vn -0.4889 -0.7910 -0.3679
vn -0.4764 -0.7973 -0.3706
vn -0.5053 -0.7973 0.3301
vn -0.1415 -0.3065 -0.9413
vn 0.2392 0.2922 -0.9260
vn 0.2393 0.2887 -0.9270
vn -0.1372 -0.3047 -0.9425
vn 0.5154 0.7924 -0.3264
vn 0.4867 0.7924 0.3678
vn 0.4979 0.7836 0.3716
vn 0.5269 0.7836 -0.3292
vn 0.1621 0.2922 0.9425
vn -0.2186 -0.3065 0.9264
vn -0.2145 -0.3047 0.9280
vn 0.1621 0.2887 0.9436
vn -0.7201 -0.6228 0.3060
vn -0.6924 -0.6228 -0.3643
vn -0.5337 -0.7644 -0.3617
vn -0.5617 -0.7644 0.3165
vn -0.2296 -0.2530 -0.9398
vn 0.3144 0.2420 -0.9179
vn 0.2506 0.2945 -0.9222
vn -0.1610 -0.3057 -0.9384
vn 0.6908 0.6553 -0.3054
vn 0.6633 0.6553 0.3614
vn 0.4925 0.7934 0.3577
vn 0.5204 0.7934 -0.3159
vn 0.2377 0.2420 0.9407
vn -0.3063 -0.2530 0.9177
vn -0.2378 -0.3057 0.9219
vn 0.1737 0.2945 0.9397
vn 0.8399 -0.3743 -0.3929
vn 0.8716 -0.3726 0.3184
vn 0.9064 -0.3259 0.2689
vn 0.8371 -0.3179 -0.4452
vn 0.3597 -0.1270 0.9244
vn -0.2643 0.1738 0.9486
vn -0.1380 0.1792 0.9741
vn 0.4160 -0.1153 0.9020
vn -0.7994 0.4465 0.4019
vn -0.8242 0.4858 -0.2911
vn -0.7411 0.6618 -0.1131
vn -0.7237 0.5177 0.4564
vn -0.3022 0.2002 -0.9320
vn 0.2957 -0.1224 -0.9474
vn 0.2857 -0.0736 -0.9555
vn -0.2183 0.2419 -0.9454
vn 0.9399 -0.0685 -0.3346
vn 0.9576 -0.0678 0.2802
vn 0.8800 -0.3458 0.3257
vn 0.8574 -0.3476 -0.3795
vn 0.4502 0.1806 0.8745
vn -0.1051 0.4435 0.8901
vn -0.2650 0.2052 0.9421
vn 0.3689 -0.0955 0.9245
vn -0.6440 0.6922 0.3257
vn -0.6606 0.6931 -0.2884
vn -0.8199 0.4729 -0.3226
vn -0.8015 0.4615 0.3803
vn -0.1546 0.4436 -0.8828
vn 0.3990 0.1796 -0.8992
vn 0.3146 -0.0965 -0.9443
vn -0.3099 0.2140 -0.9264
vn 0.2419 -0.2952 0.9243
vn -0.3418 -0.6170 0.7088
vn -0.2841 -0.6753 0.6806
vn 0.3573 -0.4455 0.8209
vn -0.7989 -0.6009 -0.0265
vn -0.7222 -0.2640 -0.6393
vn -0.8410 -0.0903 -0.5335
vn -0.8649 -0.5006 0.0376
vn -0.2385 0.2911 -0.9265
vn 0.3144 0.6629 -0.6795
vn 0.2846 0.7012 -0.6537
vn -0.3452 0.4332 -0.8326
vn 0.7682 0.6380 0.0535
vn 0.7293 0.2569 0.6341
vn 0.8478 0.0872 0.5231
vn 0.8441 0.5360 -0.0168
vn 0.1842 -0.2590 0.9482
vn -0.3709 -0.6099 0.7004
vn -0.3645 -0.6101 0.7035
vn 0.1990 -0.2667 0.9430
vn -0.7876 -0.6160 -0.0155
vn -0.7319 -0.2721 -0.6247
vn -0.7208 -0.2808 -0.6337
vn -0.7868 -0.6169 -0.0207
vn -0.2266 0.3088 -0.9237
vn 0.3255 0.6632 -0.6739
vn 0.3242 0.6613 -0.6765
vn -0.2222 0.2953 -0.9292
vn 0.7424 0.6686 0.0418
vn 0.6896 0.3213 0.6490
vn 0.6991 0.3055 0.6465
vn 0.7470 0.6631 0.0470
vn 0.1814 -0.2572 0.9492
vn -0.3718 -0.6097 0.7000
vn -0.7878 -0.6157 -0.0147
vn -0.7338 -0.2704 -0.6233
vn -0.7338 -0.2705 -0.6233
vn -0.2277 0.3110 -0.9227
vn 0.3256 0.6635 -0.6736
vn -0.2276 0.3110 -0.9227
vn 0.7416 0.6696 0.0412
vn 0.6875 0.3243 0.6497
vn 0.3256 0.6636 -0.6736
vn 0.0992 -0.2859 0.9531
vn -0.4484 -0.5358 0.7155
vn -0.3846 -0.5971 0.7040
vn 0.1719 -0.2602 0.9502
vn -0.7944 -0.6073 0.0088
vn -0.6718 -0.3422 -0.6569
vn -0.7238 -0.2824 -0.6296
vn -0.7890 -0.6143 -0.0119
vn -0.1277 0.2031 -0.9708
vn 0.3920 0.5427 -0.7428
vn 0.3384 0.6461 -0.6842
vn -0.2117 0.2946 -0.9319
vn 0.8418 0.5397 -0.0089
vn 0.7437 0.1917 0.6405
vn 0.6987 0.3068 0.6462
vn 0.7584 0.6509 0.0332
vn -0.9509 -0.0706 0.3013
vn -0.9228 -0.0706 -0.3787
vn -0.8803 -0.2932 -0.3731
vn -0.9080 -0.2932 0.2992
vn -0.3235 -0.0205 -0.9460
vn 0.4026 0.0060 -0.9154
vn 0.3934 0.0951 -0.9144
vn -0.3098 -0.1129 -0.9441
vn 0.9547 -0.0141 -0.2973
vn 0.9269 -0.0141 0.3750
vn 0.8996 0.2293 0.3718
vn 0.9271 0.2293 -0.2963
vn 0.3258 0.0060 0.9454
vn -0.4004 -0.0205 0.9161
vn -0.3866 -0.1129 0.9153
vn 0.3167 0.0951 0.9438
vn -0.8779 0.4010 0.2618
vn -0.8533 0.4010 -0.3333
vn -0.9221 0.0291 -0.3858
vn -0.9508 0.0291 0.3085
vn -0.2655 0.4068 -0.8741
vn 0.3320 0.4116 -0.8488
vn 0.3914 0.0481 -0.9190
vn -0.3182 0.0452 -0.9470
vn 0.8723 0.4123 -0.2630
vn 0.8476 0.4122 0.3340
vn 0.9216 0.0339 0.3868
vn 0.9503 0.0339 -0.3095
vn 0.2609 0.4116 0.8733
vn -0.3366 0.4068 0.8492
vn -0.3952 0.0452 0.9175
vn 0.3143 0.0481 0.9481
vn -0.5566 -0.0449 -0.8296
vn 0.1157 -0.0449 -0.9923
vn 0.1192 -0.2106 -0.9703
vn -0.5497 -0.2106 -0.8084
vn 0.8242 -0.0133 -0.5662
vn 0.9918 0.0093 0.1271
vn 0.9893 0.0843 0.1187
vn 0.8249 -0.0755 -0.5602
vn 0.5560 0.0111 0.8311
vn -0.1144 0.0111 0.9934
vn -0.1189 0.2059 0.9713
vn 0.5499 0.2059 0.8095
vn -0.8239 0.0093 0.5666
vn -0.9919 -0.0133 -0.1267
vn -0.9898 -0.0755 -0.1210
vn -0.8256 0.0843 0.5579
vn -0.5614 -0.0011 -0.8276
vn 0.1208 -0.0011 -0.9927
vn 0.1193 -0.0073 -0.9928
vn -0.5601 -0.0074 -0.8284
vn 0.8273 -0.0002 -0.5617
vn 0.9926 -0.0002 0.1212
vn 0.9924 -0.0013 0.1229
vn 0.8264 -0.0012 -0.5630
vn 0.5614 -0.0011 0.8276
vn -0.1208 -0.0011 0.9927
vn -0.1191 -0.0081 0.9928
vn 0.5599 -0.0081 0.8285
vn -0.8273 -0.0002 0.5617
vn -0.9926 -0.0002 -0.1212
vn -0.9924 -0.0012 -0.1228
vn -0.8264 -0.0013 0.5631
vn -0.5615 0.0000 -0.8275
vn 0.1210 0.0000 -0.9927
vn 0.8275 0.0000 -0.5615
vn 0.9927 0.0000 0.1210
vn 0.5615 0.0000 0.8275
vn -0.1210 -0.0000 0.9927
vn -0.8275 0.0000 0.5615
vn -0.9927 0.0000 -0.1210
vn -0.4976 0.3898 -0.7749
vn 0.0882 0.3898 -0.9167
vn 0.1216 0.0467 -0.9915
vn -0.5615 0.0467 -0.8261
vn 0.7749 0.3898 -0.4976
vn 0.9167 0.3898 0.0882
vn 0.9915 0.0467 0.1216
vn 0.8261 0.0467 -0.5615
vn 0.4976 0.3898 0.7749
vn -0.0882 0.3898 0.9167
vn -0.1216 0.0467 0.9915
vn 0.5615 0.0467 0.8261
vn -0.7749 0.3898 0.4976
vn -0.9167 0.3898 -0.0882
vn -0.9915 0.0467 -0.1216
vn -0.8261 0.0467 0.5615
usemtl Material.001
f 1//1 2//1 3//1 4//1
f 5//2 6//2 3//2 2//2
f 7//3 4//3 3//3 6//3
f 5//4 8//4 9//4 6//4
f 10//5 11//5 9//5 8//5
f 7//6 6//6 9//6 11//6
f 12//7 13//7 14//7 15//7
f 13//8 16//8 17//8 14//8
f 14//9 17//9 18//9 19//9
f 15//10 14//10 19//10 20//10
f 21//11 22//11 23//11 24//11
f 22//12 12//12 15//12 23//12
f 23//13 15//13 20//13 25//13
f 24//14 23//14 25//14 26//14
f 27//15 28//15 29//15 30//15
f 1//16 4//16 29//16 28//16
f 7//17 30//17 29//17 4//17
f 31//18 32//18 33//18 34//18
f 5//19 2//19 33//19 32//19
f 1//20 34//20 33//20 2//20
f 35//21 36//21 37//21 38//21
f 36//22 21//22 24//22 37//22
f 37//23 24//23 26//23 39//23
f 38//24 37//24 39//24 40//24
f 41//25 42//25 43//25 44//25
f 45//26 46//26 43//26 42//26
f 1//27 44//27 43//27 46//27
f 47//28 48//28 49//28 50//28
f 51//29 52//29 49//29 48//29
f 53//30 50//30 49//30 52//30
f 16//31 54//31 55//31 17//31
f 54//32 35//32 38//32 55//32
f 55//33 38//33 40//33 56//33
f 17//34 55//34 56//34 18//34
f 20//35 19//35 57//35 58//35
f 19//36 18//36 59//36 57//36
f 57//37 59//37 1//37 46//37
f 58//38 57//38 46//38 45//38
f 60//39 61//39 62//39 63//39
f 64//40 65//40 62//40 61//40
f 10//41 63//41 62//41 65//41
f 64//42 66//42 67//42 65//42
f 68//43 69//43 67//43 66//43
f 10//44 65//44 67//44 69//44
f 26//45 25//45 70//45 71//45
f 25//46 20//46 58//46 70//46
f 70//47 58//47 45//47 72//47
f 71//48 70//48 72//48 73//48
f 40//49 39//49 74//49 75//49
f 39//50 26//50 71//50 74//50
f 74//51 71//51 73//51 76//51
f 75//52 74//52 76//52 31//52
f 18//53 56//53 77//53 59//53
f 56//54 40//54 75//54 77//54
f 77//55 75//55 31//55 34//55
f 59//56 77//56 34//56 1//56
f 78//57 79//57 80//57 81//57
f 79//58 82//58 83//58 80//58
f 80//59 83//59 64//59 84//59
f 81//60 80//60 84//60 85//60
f 73//61 86//61 87//61 76//61
f 60//62 88//62 87//62 86//62
f 31//63 76//63 87//63 88//63
f 89//64 90//64 91//64 92//64
f 93//65 94//65 91//65 90//65
f 95//66 92//66 91//66 94//66
f 96//67 97//67 98//67 99//67
f 97//68 78//68 81//68 98//68
f 98//69 81//69 85//69 100//69
f 99//70 98//70 100//70 41//70
f 85//71 101//71 102//71 100//71
f 45//72 42//72 102//72 101//72
f 41//73 100//73 102//73 42//73
f 85//74 103//74 104//74 101//74
f 73//75 72//75 104//75 103//75
f 45//76 101//76 104//76 72//76
f 73//77 103//77 105//77 86//77
f 85//78 106//78 105//78 103//78
f 60//79 86//79 105//79 106//79
f 85//80 84//80 107//80 106//80
f 64//81 61//81 107//81 84//81
f 60//82 106//82 107//82 61//82
f 108//83 109//83 110//83 111//83
f 109//84 96//84 99//84 110//84
f 110//85 99//85 41//85 112//85
f 111//86 110//86 112//86 113//86
f 114//87 115//87 116//87 117//87
f 118//88 119//88 116//88 115//88
f 120//89 117//89 116//89 119//89
f 82//90 121//90 122//90 83//90
f 121//91 108//91 111//91 122//91
f 122//92 111//92 113//92 123//92
f 83//93 122//93 123//93 64//93
f 124//94 125//94 126//94 127//94
f 128//95 129//95 126//95 125//95
f 93//96 127//96 126//96 129//96
f 130//97 131//97 132//97 133//97
f 131//98 134//98 135//98 132//98
f 132//98 135//98 82//98 79//98
f 133//97 132//97 79//97 78//97
f 136//99 137//99 138//99 139//99
f 137//100 130//100 133//100 138//100
f 138//100 133//100 78//100 97//100
f 139//99 138//99 97//99 96//99
f 140//101 141//101 142//101 143//101
f 141//102 136//102 139//102 142//102
f 142//102 139//102 96//102 109//102
f 143//101 142//101 109//101 108//101
f 53//103 144//103 145//103 146//103
f 114//104 117//104 145//104 144//104
f 120//105 146//105 145//105 117//105
f 134//106 147//106 148//106 135//106
f 147//107 140//107 143//107 148//107
f 148//107 143//107 108//107 121//107
f 135//106 148//106 121//106 82//106
f 149//108 150//108 151//108 152//108
f 150//109 153//109 154//109 151//109
f 151//110 154//110 134//110 131//110
f 152//111 151//111 131//111 130//111
f 51//112 155//112 156//112 52//112
f 114//113 144//113 156//113 155//113
f 53//114 52//114 156//114 144//114
f 157//115 158//115 159//115 160//115
f 158//116 149//116 152//116 159//116
f 159//117 152//117 130//117 137//117
f 160//118 159//118 137//118 136//118
f 161//119 162//119 163//119 164//119
f 118//120 115//120 163//120 162//120
f 114//121 164//121 163//121 115//121
f 165//122 166//122 167//122 168//122
f 166//123 157//123 160//123 167//123
f 167//124 160//124 136//124 141//124
f 168//125 167//125 141//125 140//125
f 169//126 170//126 171//126 172//126
f 173//127 174//127 171//127 170//127
f 175//128 172//128 171//128 174//128
f 153//129 176//129 177//129 154//129
f 176//130 165//130 168//130 177//130
f 177//131 168//131 140//131 147//131
f 154//132 177//132 147//132 134//132
f 178//133 179//133 180//133 181//133
f 179//134 182//134 183//134 180//134
f 180//135 183//135 153//135 150//135
f 181//136 180//136 150//136 149//136
f 184//137 185//137 186//137 187//137
f 51//138 48//138 186//138 185//138
f 47//139 187//139 186//139 48//139
f 188//140 189//140 190//140 191//140
f 189//141 178//141 181//141 190//141
f 190//142 181//142 149//142 158//142
f 191//143 190//143 158//143 157//143
f 192//144 193//144 194//144 195//144
f 193//145 196//145 197//145 194//145
f 194//146 197//146 169//146 198//146
f 195//147 194//147 198//147 199//147
f 200//148 201//148 202//148 203//148
f 201//149 188//149 191//149 202//149
f 202//150 191//150 157//150 166//150
f 203//151 202//151 166//151 165//151
f 182//152 204//152 205//152 183//152
f 204//153 200//153 203//153 205//153
f 205//154 203//154 165//154 176//154
f 183//155 205//155 176//155 153//155
f 206//156 207//156 208//156 209//156
f 207//157 210//157 211//157 208//157
f 208//158 211//158 5//158 32//158
f 209//159 208//159 32//159 31//159
f 113//160 212//160 213//160 123//160
f 212//161 27//161 214//161 213//161
f 213//162 214//162 68//162 66//162
f 123//163 213//163 66//163 64//163
f 215//164 216//164 217//164 218//164
f 216//165 206//165 209//165 217//165
f 217//166 209//166 31//166 88//166
f 218//167 217//167 88//167 60//167
f 219//168 220//168 221//168 222//168
f 220//169 215//169 218//169 221//169
f 221//170 218//170 60//170 63//170
f 222//171 221//171 63//171 10//171
f 210//172 223//172 224//172 211//172
f 223//173 219//173 222//173 224//173
f 224//174 222//174 10//174 8//174
f 211//175 224//175 8//175 5//175
f 225//176 226//176 227//176 228//176
f 226//177 229//177 230//177 227//177
f 227//178 230//178 231//178 232//178
f 228//179 227//179 232//179 233//179
f 234//180 235//180 236//180 237//180
f 235//181 238//181 239//181 236//181
f 236//182 239//182 240//182 241//182
f 237//183 236//183 241//183 242//183
f 243//184 244//184 245//184 246//184
f 244//185 247//185 248//185 245//185
f 245//186 248//186 249//186 250//186
f 246//187 245//187 250//187 251//187
f 252//188 253//188 254//188 255//188
f 196//189 193//189 254//189 253//189
f 192//190 255//190 254//190 193//190
f 256//191 257//191 258//191 259//191
f 257//192 260//192 261//192 258//192
f 258//193 261//193 262//193 263//193
f 259//194 258//194 263//194 264//194
f 265//195 266//195 267//195 268//195
f 266//196 269//196 270//196 267//196
f 267//197 270//197 120//197 119//197
f 268//198 267//198 119//198 118//198
f 271//199 272//199 273//199 274//199
f 272//200 89//200 92//200 273//200
f 273//201 92//201 95//201 275//201
f 274//202 273//202 275//202 276//202
f 277//203 278//203 279//203 280//203
f 281//204 282//204 279//204 278//204
f 283//205 280//205 279//205 282//205
f 265//206 284//206 285//206 266//206
f 284//207 184//207 187//207 285//207
f 285//208 187//208 47//208 286//208
f 266//209 285//209 286//209 269//209
f 287//210 288//210 289//210 290//210
f 288//211 291//211 292//211 289//211
f 289//212 292//212 293//212 294//212
f 290//213 289//213 294//213 295//213
f 113//214 112//214 296//214 212//214
f 112//215 41//215 44//215 296//215
f 296//216 44//216 1//216 28//216
f 212//217 296//217 28//217 27//217
f 297//218 298//218 299//218 300//218
f 298//219 301//219 302//219 299//219
f 299//220 302//220 303//220 304//220
f 300//221 299//221 304//221 305//221
f 306//222 307//222 308//222 309//222
f 307//223 310//223 311//223 308//223
f 308//224 311//224 312//224 313//224
f 309//225 308//225 313//225 314//225
f 315//226 316//226 317//226 318//226
f 277//227 319//227 317//227 316//227
f 320//228 318//228 317//228 319//228
f 321//229 322//229 323//229 324//229
f 322//230 325//230 326//230 323//230
f 323//231 326//231 276//231 275//231
f 324//232 323//232 275//232 95//232
f 325//233 322//233 327//233 328//233
f 322//234 321//234 329//234 327//234
f 327//235 329//235 128//235 330//235
f 328//236 327//236 330//236 331//236
f 332//237 333//237 334//237 335//237
f 333//238 336//238 337//238 334//238
f 334//239 337//239 338//239 339//239
f 335//240 334//240 339//240 175//240
f 336//241 340//241 341//241 337//241
f 340//242 192//242 195//242 341//242
f 341//243 195//243 199//243 342//243
f 337//244 341//244 342//244 338//244
f 331//245 343//245 344//245 345//245
f 343//246 346//246 347//246 344//246
f 344//247 347//247 89//247 272//247
f 345//248 344//248 272//248 271//248
f 348//249 349//249 350//249 351//249
f 349//250 332//250 335//250 350//250
f 350//251 335//251 175//251 174//251
f 351//252 350//252 174//252 173//252
f 331//253 330//253 352//253 343//253
f 330//254 128//254 125//254 352//254
f 352//255 125//255 124//255 353//255
f 343//256 352//256 353//256 346//256
f 252//257 354//257 355//257 253//257
f 354//258 332//258 349//258 355//258
f 355//259 349//259 348//259 356//259
f 253//260 355//260 356//260 196//260
f 357//261 358//261 359//261 360//261
f 358//262 361//262 362//262 359//262
f 359//263 362//263 363//263 364//263
f 360//264 359//264 364//264 281//264
f 357//265 365//265 366//265 358//265
f 365//266 315//266 367//266 366//266
f 366//267 367//267 368//267 369//267
f 358//268 366//268 369//268 361//268
f 315//269 318//269 370//269 367//269
f 318//270 320//270 371//270 370//270
f 370//271 371//271 372//271 373//271
f 367//272 370//272 373//272 368//272
f 283//273 282//273 374//273 375//273
f 282//274 281//274 364//274 374//274
f 374//275 364//275 363//275 376//275
f 375//276 374//276 376//276 372//276
f 120//277 270//277 377//277 378//277
f 270//278 269//278 379//278 377//278
f 377//279 379//279 35//279 54//279
f 378//280 377//280 54//280 16//280
f 269//281 286//281 380//281 379//281
f 286//282 47//282 381//282 380//282
f 380//283 381//283 21//283 36//283
f 379//284 380//284 36//284 35//284
f 47//285 50//285 382//285 381//285
f 50//286 53//286 383//286 382//286
f 382//287 383//287 12//287 22//287
f 381//288 382//288 22//288 21//288
f 53//289 146//289 384//289 383//289
f 146//290 120//290 378//290 384//290
f 384//291 378//291 16//291 13//291
f 383//292 384//292 13//292 12//292
f 385//293 386//293 387//293 388//293
f 386//294 389//294 390//294 387//294
f 387//295 390//295 10//295 69//295
f 388//296 387//296 69//296 68//296
f 389//297 391//297 392//297 390//297
f 391//298 393//298 394//298 392//298
f 392//299 394//299 7//299 11//299
f 390//300 392//300 11//300 10//300
f 393//301 395//301 396//301 394//301
f 395//302 397//302 398//302 396//302
f 396//303 398//303 27//303 30//303
f 394//304 396//304 30//304 7//304
f 397//305 399//305 400//305 398//305
f 399//306 385//306 388//306 400//306
f 400//307 388//307 68//307 214//307
f 398//308 400//308 214//308 27//308
f 401//309 402//309 403//309 404//309
f 402//310 405//310 406//310 403//310
f 403//311 406//311 114//311 155//311
f 404//312 403//312 155//312 51//312
f 405//313 407//313 408//313 406//313
f 407//314 409//314 410//314 408//314
f 408//315 410//315 161//315 164//315
f 406//316 408//316 164//316 114//316
f 409//317 411//317 412//317 410//317
f 411//318 413//318 414//318 412//318
f 412//319 414//319 184//319 415//319
f 410//320 412//320 415//320 161//320
f 413//321 416//321 417//321 414//321
f 416//322 401//322 404//322 417//322
f 417//323 404//323 51//323 185//323
f 414//324 417//324 185//324 184//324
f 418//325 419//325 420//325 421//325
f 419//326 422//326 423//326 420//326
f 420//327 423//327 405//327 402//327
f 421//328 420//328 402//328 401//328
f 422//329 424//329 425//329 423//329
f 424//330 426//330 427//330 425//330
f 425//331 427//331 409//331 407//331
f 423//332 425//332 407//332 405//332
f 426//333 428//333 429//333 427//333
f 428//334 430//334 431//334 429//334
f 429//335 431//335 413//335 411//335
f 427//336 429//336 411//336 409//336
f 430//337 432//337 433//337 431//337
f 432//338 418//338 421//338 433//338
f 433//339 421//339 401//339 416//339
f 431//340 433//340 416//340 413//340
f 434//341 435//341 436//341 437//341
f 435//342 438//342 439//342 436//342
f 436//342 439//342 422//342 419//342
f 437//341 436//341 419//341 418//341
f 438//343 440//343 441//343 439//343
f 440//330 442//330 443//330 441//330
f 441//330 443//330 426//330 424//330
f 439//343 441//343 424//343 422//343
f 442//344 444//344 445//344 443//344
f 444//345 446//345 447//345 445//345
f 445//345 447//345 430//345 428//345
f 443//344 445//344 428//344 426//344
f 446//346 448//346 449//346 447//346
f 448//347 434//347 437//347 449//347
f 449//347 437//347 418//347 432//347
f 447//346 449//346 432//346 430//346
f 450//341 451//341 452//341 453//341
f 451//342 454//342 455//342 452//342
f 452//342 455//342 438//342 435//342
f 453//341 452//341 435//341 434//341
f 454//343 456//343 457//343 455//343
f 456//330 458//330 459//330 457//330
f 457//330 459//330 442//330 440//330
f 455//343 457//343 440//343 438//343
f 458//344 460//344 461//344 459//344
f 460//345 462//345 463//345 461//345
f 461//345 463//345 446//345 444//345
f 459//344 461//344 444//344 442//344
f 462//346 464//346 465//346 463//346
f 464//347 450//347 453//347 465//347
f 465//347 453//347 434//347 448//347
f 463//346 465//346 448//346 446//346
f 466//348 467//348 468//348 469//348
f 467//349 470//349 471//349 468//349
f 468//350 471//350 454//350 451//350
f 469//351 468//351 451//351 450//351
f 470//352 472//352 473//352 471//352
f 472//353 474//353 475//353 473//353
f 473//354 475//354 458//354 456//354
f 471//355 473//355 456//355 454//355
f 474//356 476//356 477//356 475//356
f 476//357 478//357 479//357 477//357
f 477//358 479//358 462//358 460//358
f 475//359 477//359 460//359 458//359
f 478//360 480//360 481//360 479//360
f 480//361 466//361 469//361 481//361
f 481//362 469//362 450//362 464//362
f 479//363 481//363 464//363 462//363
f 482//364 483//364 484//364 485//364
f 483//365 486//365 487//365 484//365
f 484//366 487//366 470//366 467//366
f 485//367 484//367 467//367 466//367
f 486//368 488//368 489//368 487//368
f 488//369 490//369 491//369 489//369
f 489//370 491//370 474//370 472//370
f 487//371 489//371 472//371 470//371
f 490//372 492//372 493//372 491//372
f 492//373 494//373 495//373 493//373
f 493//374 495//374 478//374 476//374
f 491//375 493//375 476//375 474//375
f 494//376 496//376 497//376 495//376
f 496//377 482//377 485//377 497//377
f 497//378 485//378 466//378 480//378
f 495//379 497//379 480//379 478//379
f 498//380 499//380 500//380 501//380
f 499//381 502//381 503//381 500//381
f 500//382 503//382 265//382 268//382
f 501//383 500//383 268//383 118//383
f 502//384 504//384 505//384 503//384
f 504//385 506//385 507//385 505//385
f 505//386 507//386 184//386 284//386
f 503//387 505//387 284//387 265//387
f 506//388 508//388 509//388 507//388
f 508//389 510//389 511//389 509//389
f 509//390 511//390 161//390 415//390
f 507//391 509//391 415//391 184//391
f 510//392 512//392 513//392 511//392
f 512//393 498//393 501//393 513//393
f 513//394 501//394 118//394 162//394
f 511//395 513//395 162//395 161//395
f 514//396 515//396 516//396 517//396
f 515//397 518//397 519//397 516//397
f 516//398 519//398 502//398 499//398
f 517//399 516//399 499//399 498//399
f 518//400 520//400 521//400 519//400
f 520//401 522//401 523//401 521//401
f 521//402 523//402 506//402 504//402
f 519//403 521//403 504//403 502//403
f 522//404 524//404 525//404 523//404
f 524//405 526//405 527//405 525//405
f 525//406 527//406 510//406 508//406
f 523//407 525//407 508//407 506//407
f 526//408 528//408 529//408 527//408
f 528//409 514//409 517//409 529//409
f 529//410 517//410 498//410 512//410
f 527//411 529//411 512//411 510//411
f 530//412 531//412 532//412 533//412
f 531//413 534//413 535//413 532//413
f 532//414 535//414 518//414 515//414
f 533//415 532//415 515//415 514//415
f 534//416 536//416 537//416 535//416
f 536//417 538//417 539//417 537//417
f 537//418 539//418 522//418 520//418
f 535//419 537//419 520//419 518//419
f 538//420 540//420 541//420 539//420
f 540//421 542//421 543//421 541//421
f 541//422 543//422 526//422 524//422
f 539//423 541//423 524//423 522//423
f 542//424 544//424 545//424 543//424
f 544//425 530//425 533//425 545//425
f 545//426 533//426 514//426 528//426
f 543//427 545//427 528//427 526//427
f 336//428 333//428 546//428 547//428
f 333//429 332//429 548//429 546//429
f 546//430 548//430 534//430 531//430
f 547//431 546//431 531//431 530//431
f 332//432 354//432 549//432 548//432
f 354//433 252//433 550//433 549//433
f 549//434 550//434 538//434 536//434
f 548//435 549//435 536//435 534//435
f 252//436 255//436 551//436 550//436
f 255//437 192//437 552//437 551//437
f 551//438 552//438 542//438 540//438
f 550//439 551//439 540//439 538//439
f 192//440 340//440 553//440 552//440
f 340//441 336//441 547//441 553//441
f 553//442 547//442 530//442 544//442
f 552//443 553//443 544//443 542//443
f 368//444 373//444 554//444 555//444
f 373//445 372//445 556//445 554//445
f 554//446 556//446 557//446 558//446
f 555//447 554//447 558//447 559//447
f 372//448 376//448 560//448 556//448
f 376//449 363//449 561//449 560//449
f 560//450 561//450 562//450 563//450
f 556//451 560//451 563//451 557//451
f 363//452 362//452 564//452 561//452
f 362//453 361//453 565//453 564//453
f 564//454 565//454 566//454 567//454
f 561//455 564//455 567//455 562//455
f 361//456 369//456 568//456 565//456
f 369//457 368//457 555//457 568//457
f 568//458 555//458 559//458 569//458
f 565//459 568//459 569//459 566//459
f 559//460 558//460 570//460 571//460
f 558//461 557//461 572//461 570//461
f 570//462 572//462 200//462 204//462
f 571//463 570//463 204//463 182//463
f 557//464 563//464 573//464 572//464
f 563//465 562//465 574//465 573//465
f 573//466 574//466 188//466 201//466
f 572//467 573//467 201//467 200//467
f 562//468 567//468 575//468 574//468
f 567//469 566//469 576//469 575//469
f 575//470 576//470 178//470 189//470
f 574//471 575//471 189//471 188//471
f 566//472 569//472 577//472 576//472
f 569//473 559//473 571//473 577//473
f 577//474 571//474 182//474 179//474
f 576//475 577//475 179//475 178//475
f 314//476 313//476 578//476 579//476
f 313//477 312//477 580//477 578//477
f 578//478 580//478 581//478 582//478
f 579//479 578//479 582//479 583//479
f 312//480 311//480 584//480 580//480
f 311//481 310//481 585//481 584//481
f 584//482 585//482 586//482 587//482
f 580//483 584//483 587//483 581//483
f 310//484 307//484 588//484 585//484
f 307//485 306//485 589//485 588//485
f 588//486 589//486 590//486 591//486
f 585//487 588//487 591//487 586//487
f 306//488 309//488 592//488 589//488
f 309//489 314//489 579//489 592//489
f 592//490 579//490 583//490 593//490
f 589//491 592//491 593//491 590//491
f 583//492 582//492 594//492 595//492
f 582//493 581//493 596//493 594//493
f 594//493 596//493 597//493 598//493
f 595//492 594//492 598//492 599//492
f 581//494 587//494 600//494 596//494
f 587//495 586//495 601//495 600//495
f 600//495 601//495 602//495 603//495
f 596//494 600//494 603//494 597//494
f 586//496 591//496 604//496 601//496
f 591//497 590//497 605//497 604//497
f 604//498 605//498 606//498 607//498
f 601//496 604//496 607//496 602//496
f 590//499 593//499 608//499 605//499
f 593//500 583//500 595//500 608//500
f 608//500 595//500 599//500 609//500
f 605//499 608//499 609//499 606//499
f 599//492 598//492 610//492 611//492
f 598//493 597//493 612//493 610//493
f 610//493 612//493 613//493 614//493
f 611//492 610//492 614//492 615//492
f 597//494 603//494 616//494 612//494
f 603//495 602//495 617//495 616//495
f 616//495 617//495 618//495 619//495
f 612//494 616//494 619//494 613//494
f 602//496 607//496 620//496 617//496
f 607//497 606//497 621//497 620//497
f 620//498 621//498 622//498 623//498
f 617//496 620//496 623//496 618//496
f 606//499 609//499 624//499 621//499
f 609//500 599//500 611//500 624//500
f 624//500 611//500 615//500 625//500
f 621//499 624//499 625//499 622//499
f 615//492 614//492 626//492 627//492
f 614//493 613//493 628//493 626//493
f 626//493 628//493 629//493 630//493
f 627//492 626//492 630//492 631//492
f 613//494 619//494 632//494 628//494
f 619//495 618//495 633//495 632//495
f 632//495 633//495 634//495 635//495
f 628//494 632//494 635//494 629//494
f 618//496 623//496 636//496 633//496
f 623//497 622//497 637//497 636//497
f 636//498 637//498 638//498 639//498
f 633//501 636//501 639//501 634//501
f 622//499 625//499 640//499 637//499
f 625//500 615//500 627//500 640//500
f 640//500 627//500 631//500 641//500
f 637//499 640//499 641//499 638//499
f 631//492 630//492 642//492 643//492
f 630//493 629//493 644//493 642//493
f 642//493 644//493 645//493 646//493
f 643//492 642//492 646//492 647//492
f 629//494 635//494 648//494 644//494
f 635//495 634//495 649//495 648//495
f 648//495 649//495 650//495 651//495
f 644//494 648//494 651//494 645//494
f 634//496 639//496 652//496 649//496
f 639//497 638//497 653//497 652//497
f 652//498 653//498 654//498 655//498
f 649//496 652//496 655//496 650//496
f 638//499 641//499 656//499 653//499
f 641//500 631//500 643//500 656//500
f 656//500 643//500 647//500 657//500
f 653//499 656//499 657//499 654//499
f 647//492 646//492 658//492 659//492
f 646//493 645//493 660//493 658//493
f 658//493 660//493 661//493 662//493
f 659//492 658//492 662//492 663//492
f 645//494 651//494 664//494 660//494
f 651//495 650//495 665//495 664//495
f 664//495 665//495 666//495 667//495
f 660//494 664//494 667//494 661//494
f 650//501 655//501 668//501 665//501
f 655//497 654//497 669//497 668//497
f 668//498 669//498 670//498 671//498
f 665//501 668//501 671//501 666//501
f 654//499 657//499 672//499 669//499
f 657//500 647//500 659//500 672//500
f 672//500 659//500 663//500 673//500
f 669//499 672//499 673//499 670//499
f 663//502 662//502 674//502 675//502
f 662//503 661//503 676//503 674//503
f 674//504 676//504 677//504 678//504
f 675//505 674//505 678//505 679//505
f 661//506 667//506 680//506 676//506
f 667//507 666//507 681//507 680//507
f 680//508 681//508 682//508 683//508
f 676//509 680//509 683//509 677//509
f 666//510 671//510 684//510 681//510
f 671//511 670//511 685//511 684//511
f 684//512 685//512 686//512 687//512
f 681//513 684//513 687//513 682//513
f 670//514 673//514 688//514 685//514
f 673//515 663//515 675//515 688//515
f 688//516 675//516 679//516 689//516
f 685//517 688//517 689//517 686//517
f 679//518 678//518 690//518 691//518
f 678//519 677//519 692//519 690//519
f 690//520 692//520 315//520 365//520
f 691//521 690//521 365//521 357//521
f 677//522 683//522 693//522 692//522
f 683//523 682//523 694//523 693//523
f 693//524 694//524 277//524 316//524
f 692//525 693//525 316//525 315//525
f 682//526 687//526 695//526 694//526
f 687//527 686//527 696//527 695//527
f 695//528 696//528 281//528 278//528
f 694//529 695//529 278//529 277//529
f 686//530 689//530 697//530 696//530
f 689//531 679//531 691//531 697//531
f 697//532 691//532 357//532 360//532
f 696//533 697//533 360//533 281//533
f 698//534 699//534 700//534 701//534
f 699//535 702//535 703//535 700//535
f 700//536 703//536 372//536 371//536
f 701//537 700//537 371//537 320//537
f 702//538 704//538 705//538 703//538
f 704//539 706//539 707//539 705//539
f 705//540 707//540 283//540 375//540
f 703//541 705//541 375//541 372//541
f 706//542 708//542 709//542 707//542
f 708//543 710//543 711//543 709//543
f 709//544 711//544 277//544 280//544
f 707//545 709//545 280//545 283//545
f 710//546 712//546 713//546 711//546
f 712//547 698//547 701//547 713//547
f 713//548 701//548 320//548 319//548
f 711//549 713//549 319//549 277//549
f 714//550 715//550 716//550 717//550
f 715//551 718//551 719//551 716//551
f 716//552 719//552 702//552 699//552
f 717//553 716//553 699//553 698//553
f 718//554 720//554 721//554 719//554
f 720//555 722//555 723//555 721//555
f 721//556 723//556 706//556 704//556
f 719//557 721//557 704//557 702//557
f 722//558 724//558 725//558 723//558
f 724//559 726//559 727//559 725//559
f 725//560 727//560 710//560 708//560
f 723//561 725//561 708//561 706//561
f 726//562 728//562 729//562 727//562
f 728//563 714//563 717//563 729//563
f 729//564 717//564 698//564 712//564
f 727//565 729//565 712//565 710//565
f 730//566 731//566 732//566 733//566
f 731//567 734//567 735//567 732//567
f 732//568 735//568 718//568 715//568
f 733//566 732//566 715//566 714//566
f 734//569 736//569 737//569 735//569
f 736//570 738//570 739//570 737//570
f 737//570 739//570 722//570 720//570
f 735//569 737//569 720//569 718//569
f 738//571 740//571 741//571 739//571
f 740//572 742//572 743//572 741//572
f 741//572 743//572 726//572 724//572
f 739//571 741//571 724//571 722//571
f 742//573 744//573 745//573 743//573
f 744//574 730//574 733//574 745//574
f 745//574 733//574 714//574 728//574
f 743//573 745//573 728//573 726//573
f 746//566 747//566 748//566 749//566
f 747//568 750//568 751//568 748//568
f 748//568 751//568 734//568 731//568
f 749//575 748//575 731//575 730//575
f 750//569 752//569 753//569 751//569
f 752//570 754//570 755//570 753//570
f 753//570 755//570 738//570 736//570
f 751//569 753//569 736//569 734//569
f 754//571 756//571 757//571 755//571
f 756//572 758//572 759//572 757//572
f 757//572 759//572 742//572 740//572
f 755//571 757//571 740//571 738//571
f 758//573 760//573 761//573 759//573
f 760//574 746//574 749//574 761//574
f 761//574 749//574 730//574 744//574
f 759//573 761//573 744//573 742//573
f 305//576 304//576 762//576 763//576
f 304//577 303//577 764//577 762//577
f 762//578 764//578 750//578 747//578
f 763//579 762//579 747//579 746//579
f 303//580 302//580 765//580 764//580
f 302//581 301//581 766//581 765//581
f 765//582 766//582 754//582 752//582
f 764//583 765//583 752//583 750//583
f 301//584 298//584 767//584 766//584
f 298//585 297//585 768//585 767//585
f 767//586 768//586 758//586 756//586
f 766//587 767//587 756//587 754//587
f 297//588 300//588 769//588 768//588
f 300//589 305//589 763//589 769//589
f 769//590 763//590 746//590 760//590
f 768//591 769//591 760//591 758//591
f 770//592 771//592 772//592 773//592
f 771//593 774//593 775//593 772//593
f 772//594 775//594 89//594 347//594
f 773//595 772//595 347//595 346//595
f 774//596 776//596 777//596 775//596
f 776//597 778//597 779//597 777//597
f 777//598 779//598 93//598 90//598
f 775//599 777//599 90//599 89//599
f 778//600 780//600 781//600 779//600
f 780//601 782//601 783//601 781//601
f 781//602 783//602 124//602 127//602
f 779//603 781//603 127//603 93//603
f 782//604 784//604 785//604 783//604
f 784//605 770//605 773//605 785//605
f 785//606 773//606 346//606 353//606
f 783//607 785//607 353//607 124//607
f 786//608 787//608 788//608 789//608
f 787//609 790//609 791//609 788//609
f 788//610 791//610 774//610 771//610
f 789//611 788//611 771//611 770//611
f 790//612 792//612 793//612 791//612
f 792//613 794//613 795//613 793//613
f 793//614 795//614 778//614 776//614
f 791//615 793//615 776//615 774//615
f 794//616 796//616 797//616 795//616
f 796//617 798//617 799//617 797//617
f 797//618 799//618 782//618 780//618
f 795//619 797//619 780//619 778//619
f 798//620 800//620 801//620 799//620
f 800//621 786//621 789//621 801//621
f 801//622 789//622 770//622 784//622
f 799//623 801//623 784//623 782//623
f 802//624 803//624 804//624 805//624
f 803//625 806//625 807//625 804//625
f 804//626 807//626 790//626 787//626
f 805//624 804//624 787//624 786//624
f 806//627 808//627 809//627 807//627
f 808//628 810//628 811//628 809//628
f 809//628 811//628 794//628 792//628
f 807//627 809//627 792//627 790//627
f 810//629 812//629 813//629 811//629
f 812//630 814//630 815//630 813//630
f 813//630 815//630 798//630 796//630
f 811//629 813//629 796//629 794//629
f 814//631 816//631 817//631 815//631
f 816//632 802//632 805//632 817//632
f 817//632 805//632 786//632 800//632
f 815//631 817//631 800//631 798//631
f 818//624 819//624 820//624 821//624
f 819//625 822//625 823//625 820//625
f 820//625 823//625 806//625 803//625
f 821//624 820//624 803//624 802//624
f 822//627 824//627 825//627 823//627
f 824//633 826//633 827//633 825//633
f 825//633 827//633 810//633 808//633
f 823//627 825//627 808//627 806//627
f 826//629 828//629 829//629 827//629
f 828//630 830//630 831//630 829//630
f 829//630 831//630 814//630 812//630
f 827//629 829//629 812//629 810//629
f 830//631 832//631 833//631 831//631
f 832//632 818//632 821//632 833//632
f 833//632 821//632 802//632 816//632
f 831//631 833//631 816//631 814//631
f 834//624 835//624 836//624 837//624
f 835//626 838//626 839//626 836//626
f 836//625 839//625 822//625 819//625
f 837//624 836//624 819//624 818//624
f 838//627 840//627 841//627 839//627
f 840//633 842//633 843//633 841//633
f 841//634 843//634 826//634 824//634
f 839//627 841//627 824//627 822//627
f 842//629 844//629 845//629 843//629
f 844//630 846//630 847//630 845//630
f 845//630 847//630 830//630 828//630
f 843//629 845//629 828//629 826//629
f 846//631 848//631 849//631 847//631
f 848//632 834//632 837//632 849//632
f 849//632 837//632 818//632 832//632
f 847//631 849//631 832//631 830//631
f 850//624 851//624 852//624 853//624
f 851//625 854//625 855//625 852//625
f 852//626 855//626 838//626 835//626
f 853//624 852//624 835//624 834//624
f 854//627 856//627 857//627 855//627
f 856//633 858//633 859//633 857//633
f 857//633 859//633 842//633 840//633
f 855//627 857//627 840//627 838//627
f 858//629 860//629 861//629 859//629
f 860//630 862//630 863//630 861//630
f 861//630 863//630 846//630 844//630
f 859//629 861//629 844//629 842//629
f 862//631 864//631 865//631 863//631
f 864//632 850//632 853//632 865//632
f 865//632 853//632 834//632 848//632
f 863//631 865//631 848//631 846//631
f 866//624 867//624 868//624 869//624
f 867//625 870//625 871//625 868//625
f 868//626 871//626 854//626 851//626
f 869//624 868//624 851//624 850//624
f 870//627 872//627 873//627 871//627
f 872//633 874//633 875//633 873//633
f 873//633 875//633 858//633 856//633
f 871//627 873//627 856//627 854//627
f 874//629 876//629 877//629 875//629
f 876//630 878//630 879//630 877//630
f 877//630 879//630 862//630 860//630
f 875//629 877//629 860//629 858//629
f 878//631 880//631 881//631 879//631
f 880//632 866//632 869//632 881//632
f 881//632 869//632 850//632 864//632
f 879//631 881//631 864//631 862//631
f 882//624 883//624 884//624 885//624
f 883//625 886//625 887//625 884//625
f 884//625 887//625 870//625 867//625
f 885//624 884//624 867//624 866//624
f 886//627 888//627 889//627 887//627
f 888//633 890//633 891//633 889//633
f 889//628 891//628 874//628 872//628
f 887//627 889//627 872//627 870//627
f 890//629 892//629 893//629 891//629
f 892//630 894//630 895//630 893//630
f 893//630 895//630 878//630 876//630
f 891//629 893//629 876//629 874//629
f 894//631 896//631 897//631 895//631
f 896//632 882//632 885//632 897//632
f 897//632 885//632 866//632 880//632
f 895//631 897//631 880//631 878//631
f 295//635 294//635 898//635 899//635
f 294//636 293//636 900//636 898//636
f 898//637 900//637 886//637 883//637
f 899//638 898//638 883//638 882//638
f 293//639 292//639 901//639 900//639
f 292//640 291//640 902//640 901//640
f 901//641 902//641 890//641 888//641
f 900//642 901//642 888//642 886//642
f 291//643 288//643 903//643 902//643
f 288//644 287//644 904//644 903//644
f 903//645 904//645 894//645 892//645
f 902//646 903//646 892//646 890//646
f 287//647 290//647 905//647 904//647
f 290//648 295//648 899//648 905//648
f 905//649 899//649 882//649 896//649
f 904//650 905//650 896//650 894//650
f 906//651 907//651 908//651 909//651
f 907//652 910//652 911//652 908//652
f 908//653 911//653 321//653 324//653
f 909//654 908//654 324//654 95//654
f 910//655 912//655 913//655 911//655
f 912//656 914//656 915//656 913//656
f 913//657 915//657 128//657 329//657
f 911//658 913//658 329//658 321//658
f 914//659 916//659 917//659 915//659
f 916//660 918//660 919//660 917//660
f 917//661 919//661 93//661 129//661
f 915//662 917//662 129//662 128//662
f 918//663 920//663 921//663 919//663
f 920//664 906//664 909//664 921//664
f 921//665 909//665 95//665 94//665
f 919//666 921//666 94//666 93//666
f 922//667 923//667 924//667 925//667
f 923//668 926//668 927//668 924//668
f 924//669 927//669 910//669 907//669
f 925//670 924//670 907//670 906//670
f 926//671 928//671 929//671 927//671
f 928//672 930//672 931//672 929//672
f 929//673 931//673 914//673 912//673
f 927//674 929//674 912//674 910//674
f 930//675 932//675 933//675 931//675
f 932//676 934//676 935//676 933//676
f 933//677 935//677 918//677 916//677
f 931//678 933//678 916//678 914//678
f 934//679 936//679 937//679 935//679
f 936//680 922//680 925//680 937//680
f 937//681 925//681 906//681 920//681
f 935//682 937//682 920//682 918//682
f 938//683 939//683 940//683 941//683
f 939//684 942//684 943//684 940//684
f 940//685 943//685 926//685 923//685
f 941//683 940//683 923//683 922//683
f 942//671 944//671 945//671 943//671
f 944//686 946//686 947//686 945//686
f 945//686 947//686 930//686 928//686
f 943//671 945//671 928//671 926//671
f 946//687 948//687 949//687 947//687
f 948//688 950//688 951//688 949//688
f 949//688 951//688 934//688 932//688
f 947//687 949//687 932//687 930//687
f 950//689 952//689 953//689 951//689
f 952//690 938//690 941//690 953//690
f 953//690 941//690 922//690 936//690
f 951//689 953//689 936//689 934//689
f 954//683 955//683 956//683 957//683
f 955//685 958//685 959//685 956//685
f 956//685 959//685 942//685 939//685
f 957//683 956//683 939//683 938//683
f 958//671 960//671 961//671 959//671
f 960//686 962//686 963//686 961//686
f 961//686 963//686 946//686 944//686
f 959//671 961//671 944//671 942//671
f 962//687 964//687 965//687 963//687
f 964//688 966//688 967//688 965//688
f 965//688 967//688 950//688 948//688
f 963//687 965//687 948//687 946//687
f 966//689 968//689 969//689 967//689
f 968//690 954//690 957//690 969//690
f 969//690 957//690 938//690 952//690
f 967//689 969//689 952//689 950//689
f 970//691 971//691 972//691 973//691
f 971//692 974//692 975//692 972//692
f 972//692 975//692 958//692 955//692
f 973//683 972//683 955//683 954//683
f 974//671 976//671 977//671 975//671
f 976//686 978//686 979//686 977//686
f 977//686 979//686 962//686 960//686
f 975//671 977//671 960//671 958//671
f 978//687 980//687 981//687 979//687
f 980//688 982//688 983//688 981//688
f 981//688 983//688 966//688 964//688
f 979//687 981//687 964//687 962//687
f 982//689 984//689 985//689 983//689
f 984//690 970//690 973//690 985//690
f 985//690 973//690 954//690 968//690
f 983//689 985//689 968//689 966//689
f 986//683 987//683 988//683 989//683
f 987//685 990//685 991//685 988//685
f 988//685 991//685 974//685 971//685
f 989//683 988//683 971//683 970//683
f 990//671 992//671 993//671 991//671
f 992//686 994//686 995//686 993//686
f 993//686 995//686 978//686 976//686
f 991//671 993//671 976//671 974//671
f 994//687 996//687 997//687 995//687
f 996//693 998//693 999//693 997//693
f 997//688 999//688 982//688 980//688
f 995//687 997//687 980//687 978//687
f 998//689 1000//689 1001//689 999//689
f 1000//690 986//690 989//690 1001//690
f 1001//690 989//690 970//690 984//690
f 999//689 1001//689 984//689 982//689
f 264//694 263//694 1002//694 1003//694
f 263//695 262//695 1004//695 1002//695
f 1002//696 1004//696 990//696 987//696
f 1003//697 1002//697 987//697 986//697
f 262//698 261//698 1005//698 1004//698
f 261//699 260//699 1006//699 1005//699
f 1005//700 1006//700 994//700 992//700
f 1004//701 1005//701 992//701 990//701
f 260//702 257//702 1007//702 1006//702
f 257//703 256//703 1008//703 1007//703
f 1007//704 1008//704 998//704 996//704
f 1006//705 1007//705 996//705 994//705
f 256//706 259//706 1009//706 1008//706
f 259//707 264//707 1003//707 1009//707
f 1009//708 1003//708 986//708 1000//708
f 1008//709 1009//709 1000//709 998//709
f 1010//710 1011//710 1012//710 1013//710
f 1011//711 1014//711 1015//711 1012//711
f 1012//712 1015//712 196//712 356//712
f 1013//713 1012//713 356//713 348//713
f 1014//714 1016//714 1017//714 1015//714
f 1016//715 1018//715 1019//715 1017//715
f 1017//716 1019//716 169//716 197//716
f 1015//717 1017//717 197//717 196//717
f 1018//718 1020//718 1021//718 1019//718
f 1020//719 1022//719 1023//719 1021//719
f 1021//720 1023//720 173//720 170//720
f 1019//721 1021//721 170//721 169//721
f 1022//722 1024//722 1025//722 1023//722
f 1024//723 1010//723 1013//723 1025//723
f 1025//724 1013//724 348//724 351//724
f 1023//725 1025//725 351//725 173//725
f 1026//726 1027//726 1028//726 1029//726
f 1027//727 1030//727 1031//727 1028//727
f 1028//728 1031//728 1014//728 1011//728
f 1029//729 1028//729 1011//729 1010//729
f 1030//730 1032//730 1033//730 1031//730
f 1032//731 1034//731 1035//731 1033//731
f 1033//732 1035//732 1018//732 1016//732
f 1031//733 1033//733 1016//733 1014//733
f 1034//734 1036//734 1037//734 1035//734
f 1036//735 1038//735 1039//735 1037//735
f 1037//736 1039//736 1022//736 1020//736
f 1035//737 1037//737 1020//737 1018//737
f 1038//738 1040//738 1041//738 1039//738
f 1040//739 1026//739 1029//739 1041//739
f 1041//740 1029//740 1010//740 1024//740
f 1039//741 1041//741 1024//741 1022//741
f 1042//742 1043//742 1044//742 1045//742
f 1043//743 1046//743 1047//743 1044//743
f 1044//744 1047//744 1030//744 1027//744
f 1045//745 1044//745 1027//745 1026//745
f 1046//746 1048//746 1049//746 1047//746
f 1048//747 1050//747 1051//747 1049//747
f 1049//748 1051//748 1034//748 1032//748
f 1047//749 1049//749 1032//749 1030//749
f 1050//750 1052//750 1053//750 1051//750
f 1052//751 1054//751 1055//751 1053//751
f 1053//752 1055//752 1038//752 1036//752
f 1051//753 1053//753 1036//753 1034//753
f 1054//754 1056//754 1057//754 1055//754
f 1056//755 1042//755 1045//755 1057//755
f 1057//756 1045//756 1026//756 1040//756
f 1055//757 1057//757 1040//757 1038//757
f 1058//758 1059//758 1060//758 1061//758
f 1059//759 1062//759 1063//759 1060//759
f 1060//760 1063//760 1046//760 1043//760
f 1061//761 1060//761 1043//761 1042//761
f 1062//762 1064//762 1065//762 1063//762
f 1064//763 1066//763 1067//763 1065//763
f 1065//764 1067//764 1050//764 1048//764
f 1063//765 1065//765 1048//765 1046//765
f 1066//766 1068//766 1069//766 1067//766
f 1068//767 1070//767 1071//767 1069//767
f 1069//768 1071//768 1054//768 1052//768
f 1067//769 1069//769 1052//769 1050//769
f 1070//770 1072//770 1073//770 1071//770
f 1072//771 1058//771 1061//771 1073//771
f 1073//772 1061//772 1042//772 1056//772
f 1071//773 1073//773 1056//773 1054//773
f 1074//774 1075//774 1076//774 1077//774
f 1075//775 1078//775 1079//775 1076//775
f 1076//776 1079//776 338//776 342//776
f 1077//777 1076//777 342//777 199//777
f 1078//778 1080//778 1081//778 1079//778
f 1080//779 1082//779 1083//779 1081//779
f 1081//780 1083//780 175//780 339//780
f 1079//781 1081//781 339//781 338//781
f 1082//782 1084//782 1085//782 1083//782
f 1084//783 1086//783 1087//783 1085//783
f 1085//784 1087//784 169//784 172//784
f 1083//785 1085//785 172//785 175//785
f 1086//786 1088//786 1089//786 1087//786
f 1088//787 1074//787 1077//787 1089//787
f 1089//788 1077//788 199//788 198//788
f 1087//789 1089//789 198//789 169//789
f 251//790 250//790 1090//790 1091//790
f 250//791 249//791 1092//791 1090//791
f 1090//792 1092//792 1078//792 1075//792
f 1091//793 1090//793 1075//793 1074//793
f 249//794 248//794 1093//794 1092//794
f 248//795 247//795 1094//795 1093//795
f 1093//796 1094//796 1082//796 1080//796
f 1092//797 1093//797 1080//797 1078//797
f 247//798 244//798 1095//798 1094//798
f 244//799 243//799 1096//799 1095//799
f 1095//800 1096//800 1086//800 1084//800
f 1094//801 1095//801 1084//801 1082//801
f 243//802 246//802 1097//802 1096//802
f 246//803 251//803 1091//803 1097//803
f 1097//804 1091//804 1074//804 1088//804
f 1096//805 1097//805 1088//805 1086//805
f 1098//806 1099//806 1100//806 1101//806
f 1099//807 1102//807 1103//807 1100//807
f 1100//808 1103//808 219//808 223//808
f 1101//809 1100//809 223//809 210//809
f 1102//810 1104//810 1105//810 1103//810
f 1104//811 1106//811 1107//811 1105//811
f 1105//812 1107//812 215//812 220//812
f 1103//813 1105//813 220//813 219//813
f 1106//814 1108//814 1109//814 1107//814
f 1108//815 1110//815 1111//815 1109//815
f 1109//816 1111//816 206//816 216//816
f 1107//817 1109//817 216//817 215//817
f 1110//818 1112//818 1113//818 1111//818
f 1112//819 1098//819 1101//819 1113//819
f 1113//820 1101//820 210//820 207//820
f 1111//821 1113//821 207//821 206//821
f 1114//822 1115//822 1116//822 1117//822
f 1115//823 1118//823 1119//823 1116//823
f 1116//824 1119//824 1102//824 1099//824
f 1117//825 1116//825 1099//825 1098//825
f 1118//826 1120//826 1121//826 1119//826
f 1120//827 1122//827 1123//827 1121//827
f 1121//828 1123//828 1106//828 1104//828
f 1119//829 1121//829 1104//829 1102//829
f 1122//830 1124//830 1125//830 1123//830
f 1124//831 1126//831 1127//831 1125//831
f 1125//832 1127//832 1110//832 1108//832
f 1123//833 1125//833 1108//833 1106//833
f 1126//834 1128//834 1129//834 1127//834
f 1128//835 1114//835 1117//835 1129//835
f 1129//836 1117//836 1098//836 1112//836
f 1127//837 1129//837 1112//837 1110//837
f 1130//838 1131//838 1132//838 1133//838
f 1131//839 1134//839 1135//839 1132//839
f 1132//839 1135//839 1118//839 1115//839
f 1133//838 1132//838 1115//838 1114//838
f 1134//840 1136//840 1137//840 1135//840
f 1136//841 1138//841 1139//841 1137//841
f 1137//842 1139//842 1122//842 1120//842
f 1135//840 1137//840 1120//840 1118//840
f 1138//843 1140//843 1141//843 1139//843
f 1140//844 1142//844 1143//844 1141//844
f 1141//844 1143//844 1126//844 1124//844
f 1139//845 1141//845 1124//845 1122//845
f 1142//846 1144//846 1145//846 1143//846
f 1144//847 1130//847 1133//847 1145//847
f 1145//847 1133//847 1114//847 1128//847
f 1143//846 1145//846 1128//846 1126//846
f 1146//838 1147//838 1148//838 1149//838
f 1147//839 1150//839 1151//839 1148//839
f 1148//839 1151//839 1134//839 1131//839
f 1149//838 1148//838 1131//838 1130//838
f 1150//840 1152//840 1153//840 1151//840
f 1152//841 1154//841 1155//841 1153//841
f 1153//842 1155//842 1138//842 1136//842
f 1151//840 1153//840 1136//840 1134//840
f 1154//843 1156//843 1157//843 1155//843
f 1156//848 1158//848 1159//848 1157//848
f 1157//844 1159//844 1142//844 1140//844
f 1155//843 1157//843 1140//843 1138//843
f 1158//846 1160//846 1161//846 1159//846
f 1160//847 1146//847 1149//847 1161//847
f 1161//847 1149//847 1130//847 1144//847
f 1159//846 1161//846 1144//846 1142//846
f 1162//838 1163//838 1164//838 1165//838
f 1163//839 1166//839 1167//839 1164//839
f 1164//839 1167//839 1150//839 1147//839
f 1165//838 1164//838 1147//838 1146//838
f 1166//840 1168//840 1169//840 1167//840
f 1168//841 1170//841 1171//841 1169//841
f 1169//842 1171//842 1154//842 1152//842
f 1167//840 1169//840 1152//840 1150//840
f 1170//845 1172//845 1173//845 1171//845
f 1172//844 1174//844 1175//844 1173//844
f 1173//844 1175//844 1158//844 1156//844
f 1171//843 1173//843 1156//843 1154//843
f 1174//846 1176//846 1177//846 1175//846
f 1176//847 1162//847 1165//847 1177//847
f 1177//847 1165//847 1146//847 1160//847
f 1175//846 1177//846 1160//846 1158//846
f 271//849 274//849 1178//849 1179//849
f 274//850 276//850 1180//850 1178//850
f 1178//851 1180//851 1166//851 1163//851
f 1179//852 1178//852 1163//852 1162//852
f 276//853 326//853 1181//853 1180//853
f 326//854 325//854 1182//854 1181//854
f 1181//855 1182//855 1170//855 1168//855
f 1180//856 1181//856 1168//856 1166//856
f 325//857 328//857 1183//857 1182//857
f 328//858 331//858 1184//858 1183//858
f 1183//859 1184//859 1174//859 1172//859
f 1182//860 1183//860 1172//860 1170//860
f 331//861 345//861 1185//861 1184//861
f 345//862 271//862 1179//862 1185//862
f 1185//863 1179//863 1162//863 1176//863
f 1184//864 1185//864 1176//864 1174//864
f 1186//865 1187//865 1188//865 1189//865
f 1187//866 1190//866 1191//866 1188//866
f 1188//867 1191//867 1062//867 1059//867
f 1189//868 1188//868 1059//868 1058//868
f 1190//869 1192//869 1193//869 1191//869
f 1192//870 1194//870 1195//870 1193//870
f 1193//871 1195//871 1066//871 1064//871
f 1191//872 1193//872 1064//872 1062//872
f 1194//873 1196//873 1197//873 1195//873
f 1196//874 1198//874 1199//874 1197//874
f 1197//875 1199//875 1070//875 1068//875
f 1195//876 1197//876 1068//876 1066//876
f 1198//877 1200//877 1201//877 1199//877
f 1200//878 1186//878 1189//878 1201//878
f 1201//879 1189//879 1058//879 1072//879
f 1199//880 1201//880 1072//880 1070//880
f 242//881 241//881 1202//881 1203//881
f 241//882 240//882 1204//882 1202//882
f 1202//883 1204//883 1190//883 1187//883
f 1203//884 1202//884 1187//884 1186//884
f 240//885 239//885 1205//885 1204//885
f 239//886 238//886 1206//886 1205//886
f 1205//887 1206//887 1194//887 1192//887
f 1204//888 1205//888 1192//888 1190//888
f 238//889 235//889 1207//889 1206//889
f 235//890 234//890 1208//890 1207//890
f 1207//891 1208//891 1198//891 1196//891
f 1206//892 1207//892 1196//892 1194//892
f 234//893 237//893 1209//893 1208//893
f 237//894 242//894 1203//894 1209//894
f 1209//895 1203//895 1186//895 1200//895
f 1208//896 1209//896 1200//896 1198//896
f 1210//897 1211//897 1212//897 1213//897
f 1211//898 1214//898 1215//898 1212//898
f 1212//899 1215//899 486//899 483//899
f 1213//900 1212//900 483//900 482//900
f 1214//901 1216//901 1217//901 1215//901
f 1216//902 1218//902 1219//902 1217//902
f 1217//903 1219//903 490//903 488//903
f 1215//904 1217//904 488//904 486//904
f 1218//905 1220//905 1221//905 1219//905
f 1220//906 1222//906 1223//906 1221//906
f 1221//907 1223//907 494//907 492//907
f 1219//908 1221//908 492//908 490//908
f 1222//909 1224//909 1225//909 1223//909
f 1224//910 1210//910 1213//910 1225//910
f 1225//911 1213//911 482//911 496//911
f 1223//912 1225//912 496//912 494//912
f 1226//913 1227//913 1228//913 1229//913
f 1227//914 1230//914 1231//914 1228//914
f 1228//915 1231//915 1214//915 1211//915
f 1229//916 1228//916 1211//916 1210//916
f 1230//917 1232//917 1233//917 1231//917
f 1232//918 1234//918 1235//918 1233//918
f 1233//919 1235//919 1218//919 1216//919
f 1231//920 1233//920 1216//920 1214//920
f 1234//921 1236//921 1237//921 1235//921
f 1236//922 1238//922 1239//922 1237//922
f 1237//923 1239//923 1222//923 1220//923
f 1235//924 1237//924 1220//924 1218//924
f 1238//925 1240//925 1241//925 1239//925
f 1240//926 1226//926 1229//926 1241//926
f 1241//927 1229//927 1210//927 1224//927
f 1239//928 1241//928 1224//928 1222//928
f 1242//929 1243//929 1244//929 1245//929
f 1243//930 1246//930 1247//930 1244//930
f 1244//930 1247//930 1230//930 1227//930
f 1245//929 1244//929 1227//929 1226//929
f 1246//931 1248//931 1249//931 1247//931
f 1248//932 1250//932 1251//932 1249//932
f 1249//932 1251//932 1234//932 1232//932
f 1247//931 1249//931 1232//931 1230//931
f 1250//933 1252//933 1253//933 1251//933
f 1252//934 1254//934 1255//934 1253//934
f 1253//934 1255//934 1238//934 1236//934
f 1251//933 1253//933 1236//933 1234//933
f 1254//935 1256//935 1257//935 1255//935
f 1256//936 1242//936 1245//936 1257//936
f 1257//936 1245//936 1226//936 1240//936
f 1255//935 1257//935 1240//935 1238//935
f 1258//929 1259//929 1260//929 1261//929
f 1259//930 1262//930 1263//930 1260//930
f 1260//930 1263//930 1246//930 1243//930
f 1261//929 1260//929 1243//929 1242//929
f 1262//931 1264//931 1265//931 1263//931
f 1264//932 1266//932 1267//932 1265//932
f 1265//932 1267//932 1250//932 1248//932
f 1263//931 1265//931 1248//931 1246//931
f 1266//933 1268//933 1269//933 1267//933
f 1268//934 1270//934 1271//934 1269//934
f 1269//934 1271//934 1254//934 1252//934
f 1267//933 1269//933 1252//933 1250//933
f 1270//935 1272//935 1273//935 1271//935
f 1272//936 1258//936 1261//936 1273//936
f 1273//936 1261//936 1242//936 1256//936
f 1271//935 1273//935 1256//935 1254//935
f 233//937 232//937 1274//937 1275//937
f 232//938 231//938 1276//938 1274//938
f 1274//939 1276//939 1262//939 1259//939
f 1275//940 1274//940 1259//940 1258//940
f 231//941 230//941 1277//941 1276//941
f 230//942 229//942 1278//942 1277//942
f 1277//943 1278//943 1266//943 1264//943
f 1276//944 1277//944 1264//944 1262//944
f 229//945 226//945 1279//945 1278//945
f 226//946 225//946 1280//946 1279//946
f 1279//947 1280//947 1270//947 1268//947
f 1278//948 1279//948 1268//948 1266//948
f 225//949 228//949 1281//949 1280//949
f 228//950 233//950 1275//950 1281//950
f 1281//951 1275//951 1258//951 1272//951
f 1280//952 1281//952 1272//952 1270//952
