mtllib LOW_POLY_set.mtl
o lp_palm_6_Cube_038
v 111.260590 11.479396 -10.149985
v 112.029152 10.445133 -10.340530
v 111.843918 10.346151 -10.538353
v 111.044540 11.358280 -10.388675
v 112.284851 9.790515 -10.391129
v 112.186928 9.574934 -10.512968
v 111.961800 9.688614 -10.428035
v 111.629707 10.191487 -10.422486
v 110.819481 11.132489 -10.259499
v 111.556351 10.011663 -10.029889
v 110.724770 10.927876 -9.789544
v 111.987244 9.416160 -10.188788
v 111.947487 9.522263 -9.843420
v 111.609528 9.957042 -9.598568
v 110.795464 10.853354 -9.278522
v 111.816261 10.024822 -9.409097
v 111.011513 10.974468 -9.039832
v 112.169983 9.378013 -9.820921
v 112.270531 9.624164 -9.806515
v 112.008980 10.210688 -9.516612
v 111.236572 11.200260 -9.169009
v 112.103828 10.359309 -9.917562
v 111.331284 11.404873 -9.638964
v 112.369659 9.536786 -10.145101
v 109.244240 12.189138 -9.892017
v 108.921371 12.249608 -9.457603
v 108.870895 12.625653 -9.351836
v 109.280640 12.465780 -9.905565
v 109.224991 11.965453 -9.105912
v 109.257179 12.193078 -8.947197
v 109.503441 12.313575 -9.000037
v 109.260826 12.674016 -9.328527
v 109.522690 12.537260 -9.786141
v 112.438057 8.726185 -10.374082
v 110.225143 12.001700 -8.958219
v 110.307564 12.223973 -9.430956
v 110.249504 12.284786 -9.953077
v 109.804024 11.621151 -9.076815
v 110.001053 11.767370 -8.828058
v 109.828384 11.904237 -10.071673
v 109.728065 11.700312 -9.594152
v 110.034576 12.156916 -10.197051
v 106.918457 12.481942 -8.165704
v 105.807671 11.901633 -7.810600
v 105.959518 11.682773 -7.699752
v 107.094704 12.219831 -8.029495
v 105.275337 11.446774 -7.731909
v 105.276230 11.187388 -7.671680
v 105.496864 11.203182 -7.819623
v 106.025421 11.482327 -7.896501
v 107.129509 11.957092 -8.248755
v 105.891647 11.394460 -8.304219
v 106.980499 11.857844 -8.738286
v 105.274307 11.042620 -8.057960
v 105.272087 11.202184 -8.384537
v 105.708633 11.480920 -8.692653
v 106.752342 11.955417 -9.196672
v 105.525337 11.680844 -8.790952
v 106.576096 12.217527 -9.332881
v 105.010147 11.186207 -8.340405
v 105.050560 11.445776 -8.296822
v 105.490883 11.900227 -8.606752
v 106.541283 12.480268 -9.113621
v 105.593201 11.969158 -8.186484
v 106.690292 12.579514 -8.624090
v 105.012070 11.330976 -7.954126
v 108.866119 12.233297 -9.049289
v 109.049110 12.247280 -9.562063
v 109.256203 12.571889 -9.645039
v 108.981911 12.482582 -8.999395
v 108.563873 12.231956 -9.808902
v 108.613426 12.480946 -9.925467
v 108.487473 12.682751 -9.779298
v 108.955963 12.796860 -9.525972
v 108.789719 12.684093 -9.019685
v 104.598969 10.612576 -7.788487
v 107.725975 12.756233 -9.593262
v 107.894844 12.864241 -9.103878
v 108.108490 12.757932 -8.631930
v 107.905754 12.209489 -9.663830
v 107.755363 12.486894 -9.813860
v 108.288269 12.211188 -8.702497
v 108.142235 12.111884 -9.200984
v 108.281723 12.489231 -8.491002
v 110.282265 12.286039 -11.461985
v 110.949959 11.583871 -12.119282
v 110.752251 11.417219 -12.139264
v 110.048698 12.085500 -11.490795
v 111.276169 11.091173 -12.347271
v 111.212090 10.862650 -12.378339
v 111.092621 10.914150 -12.177607
v 110.741058 11.251179 -11.940378
v 110.061020 11.859088 -11.280590
v 110.986504 11.149517 -11.649806
v 110.347389 11.744539 -10.927894
v 111.334747 10.733538 -12.053096
v 111.483391 10.873035 -11.797765
v 111.291786 11.193233 -11.405054
v 110.716728 11.790098 -10.643221
v 111.507080 11.337800 -11.405553
v 110.950302 11.990638 -10.614411
v 111.674675 10.813980 -11.928696
v 111.666939 11.050058 -11.967428
v 111.500694 11.525926 -11.583958
v 110.937973 12.217050 -10.824615
v 111.272827 11.605503 -11.895010
v 110.651604 12.331598 -11.177312
v 111.552017 10.943092 -12.253939
v 109.009026 12.399446 -10.008785
v 109.055443 12.441869 -9.523286
v 108.971344 12.763668 -9.401932
v 108.936821 12.639441 -10.024366
v 109.534485 12.344161 -9.498029
v 109.577415 12.572042 -9.401686
v 109.655884 12.728806 -9.581285
v 109.203445 12.910803 -9.624785
v 109.130424 12.784091 -10.092041
v 111.708549 10.238645 -12.491224
v 110.209351 12.663093 -10.017409
v 109.908478 12.788786 -10.363317
v 109.544365 12.733059 -10.663799
v 110.005112 12.211476 -9.856174
v 110.225487 12.429919 -9.807644
v 109.340118 12.281443 -10.502563
v 109.627426 12.167332 -10.141446
v 109.310417 12.526198 -10.697120
v 108.463226 12.503139 -7.210487
v 107.843796 12.056293 -6.339918
v 107.969162 11.834115 -6.366843
v 108.611717 12.237104 -7.237117
v 107.463409 11.701690 -5.990594
v 107.453995 11.466773 -5.962667
v 107.515030 11.480308 -6.190866
v 107.863609 11.681964 -6.544335
v 108.462074 12.037124 -7.413601
v 107.525146 11.678973 -6.736936
v 108.064346 12.037819 -7.651490
v 107.204117 11.397873 -6.222160
v 107.041237 11.585281 -6.429013
v 107.195869 11.829907 -6.879966
v 107.667053 12.213268 -7.813211
v 107.053970 12.036885 -6.826856
v 107.518562 12.479303 -7.786581
v 106.893135 11.591038 -6.244579
v 106.989616 11.806664 -6.228743
v 107.176064 12.204237 -6.675550
v 107.668205 12.679284 -7.610096
v 107.497993 12.192026 -6.456763
v 108.065933 12.678590 -7.372208
v 107.143013 11.659938 -5.985086
v 109.179337 12.222256 -8.963499
v 109.004326 12.291820 -9.409605
v 109.147530 12.566114 -9.573608
v 109.326866 12.420457 -8.988858
v 108.542252 12.363409 -9.283726
v 108.550171 12.592542 -9.379258
v 108.587509 12.759345 -9.199236
v 109.059494 12.774519 -9.306600
v 109.224594 12.618192 -8.879008
v 106.845169 11.051023 -5.660926
v 108.211136 12.872022 -8.619863
v 108.623245 12.876994 -8.393522
v 109.017410 12.693384 -8.214598
v 108.193016 12.388220 -8.797067
v 108.056038 12.667031 -8.794280
v 108.999290 12.209582 -8.391802
v 108.598312 12.211250 -8.637366
v 109.165520 12.421214 -8.236609
v 108.391823 12.075537 -11.921047
v 108.234673 11.260990 -12.925294
v 108.036331 11.115806 -12.774206
v 108.152657 11.900577 -11.746387
v 108.201820 10.689429 -13.336030
v 108.083206 10.454249 -13.296913
v 108.162399 10.510007 -13.049047
v 108.152344 10.914871 -12.602747
v 108.283340 11.628284 -11.581773
v 108.547585 10.729221 -12.568583
v 108.756134 11.414650 -11.531551
v 108.407761 10.256500 -13.136500
v 108.750168 10.355329 -13.065009
v 108.980705 10.696877 -12.625244
v 109.269608 11.368734 -11.608559
v 109.171677 10.817023 -12.805039
v 109.508774 11.543695 -11.783217
v 108.778984 10.271145 -13.315809
v 108.789589 10.534750 -13.351993
v 109.063034 11.042995 -12.947790
v 109.378090 11.815988 -11.947833
v 108.660423 11.203608 -13.010663
v 108.905304 12.029622 -11.998055
v 108.454430 10.468893 -13.476221
v 108.605133 12.267562 -9.787138
v 109.033394 12.253524 -9.450970
v 109.130348 12.607070 -9.306922
v 108.586197 12.544318 -9.754171
v 109.395477 12.059571 -9.808602
v 109.549736 12.290751 -9.780339
v 109.497932 12.467614 -9.990081
v 109.158302 12.750983 -9.672216
v 108.707581 12.675604 -9.968616
v 108.243858 9.696758 -13.747611
v 109.556923 12.345155 -10.765582
v 109.080795 12.572799 -10.799567
v 108.556702 12.608377 -10.738418
v 109.440369 11.870112 -10.454167
v 109.688789 12.064847 -10.603993
v 108.440147 12.133335 -10.427003
v 108.920403 11.919108 -10.371039
v 108.312408 12.427060 -10.566613
v 109.477257 11.627277 -7.068747
v 109.201820 10.778894 -6.119498
v 109.304230 10.564790 -6.283559
v 109.600731 11.368713 -7.259059
v 108.944199 10.240531 -5.744983
v 108.931725 9.980491 -5.800951
v 108.892883 10.083740 -6.043125
v 109.105927 10.458584 -6.464198
v 109.354393 11.207384 -7.436858
v 108.670921 10.494526 -6.500573
v 108.838287 11.258302 -7.489193
v 108.553505 9.979151 -5.965645
v 108.305191 10.238267 -6.023237
v 108.277679 10.676364 -6.436170
v 108.368263 11.466680 -7.403487
v 108.169029 10.863278 -6.245144
v 108.244789 11.725244 -7.213174
v 108.236038 10.163415 -5.777409
v 108.356506 10.395059 -5.725096
v 108.373566 10.996675 -6.091469
v 108.491127 11.886572 -7.035376
v 108.802338 10.933542 -6.028130
v 109.007233 11.835655 -6.983040
v 108.614250 10.164754 -5.612714
v 109.408218 12.035325 -9.181724
v 109.032234 12.255742 -9.508328
v 109.123817 12.619507 -9.628464
v 109.561569 12.268238 -9.198288
v 108.617981 12.243112 -9.154982
v 108.598160 12.521557 -9.165687
v 108.728348 12.636085 -8.946847
v 109.166786 12.734830 -9.254584
v 109.518585 12.428299 -8.973589
v 108.413658 9.373640 -5.393430
v 108.608719 12.509388 -8.179049
v 109.134804 12.470016 -8.142142
v 109.608810 12.246424 -8.212892
v 108.478882 12.059625 -8.521225
v 108.357376 12.341493 -8.354286
v 109.478966 11.796660 -8.555068
v 108.956139 11.851112 -8.613000
v 109.733566 11.979636 -8.400856
v 110.438019 11.030591 -8.541396
v 110.661568 10.130637 -8.024065
v 110.613983 10.008321 -8.219242
v 110.384499 10.881004 -8.772452
v 110.633842 9.609497 -7.784138
v 110.566238 9.419847 -7.865283
v 110.428551 9.555788 -7.963377
v 110.385216 9.958492 -8.241428
v 110.121071 10.785153 -8.779194
v 110.102425 9.972825 -8.023906
v 109.781769 10.810779 -8.524695
v 110.247292 9.438601 -7.760377
v 110.094971 9.641182 -7.606896
v 109.915085 10.078841 -7.739026
v 109.561325 10.928443 -8.181023
v 109.969635 10.173269 -7.530653
v 109.614845 11.078029 -7.949966
v 110.171356 9.520934 -7.443293
v 110.300262 9.694891 -7.427657
v 110.191437 10.250986 -7.521663
v 109.878273 11.173881 -7.943225
v 110.481194 10.208765 -7.725990
v 110.217575 11.148255 -8.197723
v 110.490311 9.502180 -7.548200
v 109.344620 11.847076 -9.645296
v 108.969086 12.076988 -9.588490
v 109.006119 12.393276 -9.629598
v 109.458115 12.040088 -9.686857
v 108.896072 11.961902 -9.165952
v 108.911263 12.180075 -9.102471
v 109.118912 12.223804 -9.020161
v 109.240761 12.396282 -9.410751
v 109.567467 12.108978 -9.499505
v 110.387039 8.824230 -7.482431
v 109.429581 11.936489 -8.537595
v 109.768372 11.924027 -8.803903
v 109.997246 11.791171 -9.144231
v 109.118286 11.661285 -8.762971
v 109.163620 11.834661 -8.541583
v 109.685951 11.515967 -9.369608
v 109.340012 11.545329 -9.114036
v 109.944763 11.634695 -9.376355
v 109.508568 11.611731 -11.099847
v 109.763351 10.899445 -11.582293
v 109.590042 10.811232 -11.541314
v 109.302299 11.504251 -11.054716
v 109.881897 10.451658 -11.727163
v 109.794121 10.292011 -11.705909
v 109.752457 10.374095 -11.547395
v 109.593048 10.713100 -11.368538
v 109.315155 11.358620 -10.868264
v 109.809669 10.624973 -11.177920
v 109.571053 11.260293 -10.636416
v 109.923622 10.210217 -11.466578
v 110.100693 10.313465 -11.322808
v 110.083839 10.627653 -11.052020
v 109.899490 11.256884 -10.491411
v 110.262711 10.694118 -11.107498
v 110.105766 11.364364 -10.536543
v 110.206352 10.220241 -11.440051
v 110.230133 10.391028 -11.502577
v 110.254135 10.813997 -11.265775
v 110.092911 11.509995 -10.722994
v 110.043083 10.880375 -11.470891
v 109.837006 11.608321 -10.954843
v 110.076851 10.302034 -11.679382
v 108.869820 12.090662 -9.849966
v 109.000198 12.166778 -9.506538
v 109.011429 12.432366 -9.452259
v 108.851624 12.278800 -9.886013
v 109.338081 12.009136 -9.547976
v 109.422501 12.179409 -9.517845
v 109.470543 12.260406 -9.685531
v 109.161682 12.473110 -9.674237
v 109.002281 12.341932 -9.987522
v 110.037468 9.728861 -11.773050
v 109.781937 12.061694 -10.082590
v 109.518471 12.171646 -10.308852
v 109.189323 12.164869 -10.464776
v 109.593315 11.785078 -9.864796
v 109.796432 11.910336 -9.896046
v 109.000702 11.888253 -10.246982
v 109.258919 11.791004 -10.009152
v 108.980957 12.052313 -10.421960
v 107.274429 12.046454 -10.398059
v 106.608627 11.451575 -10.928097
v 106.606163 11.301514 -10.753824
v 107.266830 11.866069 -10.191696
v 106.361122 11.025813 -11.198160
v 106.333717 10.823173 -11.141212
v 106.523956 10.861674 -11.055609
v 106.777725 11.148850 -10.765930
v 107.444290 11.659942 -10.226359
v 107.006088 11.054546 -11.012636
v 107.722885 11.553148 -10.515532
v 106.604164 10.701808 -11.283554
v 106.818047 10.820765 -11.438648
v 107.192207 11.091196 -11.305760
v 107.937782 11.591297 -10.869093
v 107.174240 11.222492 -11.493711
v 107.945374 11.771682 -11.075457
v 106.681862 10.774746 -11.594641
v 106.655220 10.984904 -11.581198
v 107.023102 11.393920 -11.467927
v 107.767914 11.977809 -11.040793
v 106.774315 11.469459 -11.234900
v 107.489319 12.084602 -10.751620
v 106.411415 10.896110 -11.452300
v 108.685265 12.089277 -9.421600
v 109.109360 12.114519 -9.510959
v 109.233795 12.395231 -9.445397
v 108.685600 12.301339 -9.353648
v 109.080719 12.034268 -9.936655
v 109.167717 12.234276 -9.981569
v 109.006111 12.379186 -10.030777
v 109.018402 12.535020 -9.625707
v 108.610657 12.434195 -9.515722
v 106.166763 10.280440 -11.574387
v 108.564598 12.340770 -10.475153
v 108.293755 12.457047 -10.173760
v 108.064125 12.410386 -9.823322
v 108.714302 11.933188 -10.316681
v 108.741096 12.128718 -10.513207
v 108.213829 12.002806 -9.664850
v 108.499756 11.896188 -9.955692
v 108.052414 12.224516 -9.616245
v 108.056572 12.100926 -8.048772
v 107.421913 11.646164 -7.606712
v 107.538704 11.485365 -7.606926
v 108.193802 11.907806 -8.045383
v 107.086357 11.321305 -7.474712
v 107.092300 11.138012 -7.471294
v 107.193832 11.171687 -7.620146
v 107.520317 11.377611 -7.772882
v 108.147186 11.760637 -8.225123
v 107.323975 11.371855 -8.001882
v 107.919060 11.758101 -8.502359
v 106.982986 11.092677 -7.729629
v 106.901680 11.244712 -7.911174
v 107.108574 11.480528 -8.183040
v 107.656952 11.883172 -8.713465
v 106.974365 11.626422 -8.169084
v 107.519730 12.076292 -8.716854
v 106.746452 11.224456 -7.815804
v 106.794205 11.394330 -7.765740
v 107.010170 11.749081 -8.016869
v 107.566338 12.223461 -8.537114
v 107.189102 11.739931 -7.774129
v 107.794464 12.225998 -8.259877
v 106.855766 11.269791 -7.557469
v 109.048813 12.078851 -9.150838
v 109.029861 12.160327 -9.516538
v 109.152557 12.393508 -9.581203
v 109.145653 12.241926 -9.118344
v 108.655960 12.177044 -9.542171
v 108.666710 12.361637 -9.595431
v 108.633659 12.476377 -9.444669
v 109.002663 12.525253 -9.397670
v 109.026505 12.378182 -9.053336
v 106.608162 10.756776 -7.437630
v 108.202568 12.490625 -9.115930
v 108.443619 12.499360 -8.842953
v 108.699745 12.366356 -8.620677
v 108.275742 12.133445 -9.279012
v 108.151894 12.339108 -9.295909
v 108.772919 12.009175 -8.783759
v 108.544312 12.007855 -9.067364
v 108.836037 12.168106 -8.614408
v 106.816444 12.229258 -9.293318
v 105.902084 11.594754 -9.480919
v 105.991173 11.422455 -9.323203
v 106.917488 12.022188 -9.104256
v 105.522980 11.140722 -9.632154
v 105.526299 10.917011 -9.575762
v 105.752380 10.959152 -9.592471
v 106.147339 11.261879 -9.434189
v 107.067177 11.804951 -9.242939
v 106.233910 11.178730 -9.794230
v 107.179047 11.711835 -9.670488
v 105.707840 10.799979 -9.860559
v 105.829689 10.942992 -10.113327
v 106.256287 11.239105 -10.168250
v 107.196899 11.777835 -10.116929
v 106.140503 11.391240 -10.329302
v 107.095856 11.984903 -10.305991
v 105.617813 10.897882 -10.192333
v 105.600281 11.124562 -10.153009
v 106.011032 11.571980 -10.214979
v 106.946167 12.202141 -10.167308
v 105.897766 11.634966 -9.858276
v 106.834297 12.295257 -9.739758
v 105.436272 11.014915 -9.907535
v 108.672554 12.259992 -9.107586
v 109.028557 12.303231 -9.414325
v 109.182343 12.607618 -9.400944
v 108.709427 12.486509 -9.030639
v 108.776512 12.238262 -9.807957
v 108.836159 12.460019 -9.884486
v 108.657097 12.615734 -9.837392
v 108.882980 12.763421 -9.450211
v 108.553139 12.637464 -9.137021
v 105.137314 10.346889 -9.931183
v 108.002930 12.586426 -10.028708
v 107.904900 12.689379 -9.593083
v 107.871368 12.613925 -9.142350
v 108.227448 12.139438 -9.981516
v 108.149895 12.362915 -10.170458
v 108.095894 12.166938 -9.095158
v 108.213860 12.074293 -9.528144
v 107.968864 12.400757 -8.950769
v 108.186691 13.209314 -10.426799
v 107.904839 13.229282 -11.023325
v 107.821556 13.114798 -10.986816
v 108.085159 13.073819 -10.385386
v 107.787491 13.148685 -11.350764
v 107.719467 13.041199 -11.395800
v 107.797958 12.983153 -11.302772
v 107.887993 12.986835 -11.010977
v 108.152496 12.921815 -10.437761
v 108.069199 12.923310 -11.122308
v 108.371239 12.845898 -10.564868
v 107.884506 12.927695 -11.455613
v 108.066322 12.956918 -11.451821
v 108.266205 12.949860 -11.221038
v 108.602798 12.877792 -10.687863
v 108.339920 13.064120 -11.274723
v 108.704330 13.013288 -10.729277
v 108.037140 13.010142 -11.572239
v 108.055847 13.122450 -11.499814
v 108.283043 13.192307 -11.233385
v 108.636993 13.165291 -10.676901
v 108.092285 13.255608 -11.139232
v 108.418251 13.241209 -10.549795
v 107.872108 13.123646 -11.512425
v 108.617119 12.579132 -9.647036
v 108.870987 12.481200 -9.600889
v 108.964111 12.571309 -9.449080
v 108.632797 12.671968 -9.541325
v 108.977974 12.543854 -9.847456
v 109.072723 12.628960 -9.785664
v 109.029701 12.763545 -9.792990
v 108.934052 12.749033 -9.534489
v 108.668846 12.798822 -9.592570
v 107.675652 12.912474 -11.828971
v 108.934944 12.978896 -10.115201
v 108.718002 13.054539 -9.977247
v 108.478271 13.023542 -9.861559
v 108.890778 12.689816 -10.143838
v 109.001823 12.824924 -10.171465
v 108.434105 12.734462 -9.890196
v 108.657227 12.656746 -10.016654
v 108.373405 12.886360 -9.822436
v 109.634125 12.915411 -8.833707
v 109.916924 12.919987 -8.388557
v 109.952904 12.811165 -8.411144
v 109.679169 12.786122 -8.859259
v 110.024574 12.860800 -8.131075
v 110.058990 12.767672 -8.089037
v 109.977081 12.732602 -8.149619
v 109.878098 12.730130 -8.372641
v 109.601677 12.689352 -8.795798
v 109.738228 12.730968 -8.263613
v 109.432213 12.690323 -8.670006
v 109.915627 12.722381 -8.016285
v 109.782356 12.784279 -8.008159
v 109.603668 12.802960 -8.173276
v 109.274925 12.776066 -8.558430
v 109.576767 12.910986 -8.137896
v 109.229889 12.905354 -8.532877
v 109.828484 12.828845 -7.921581
v 109.829849 12.912477 -7.989614
v 109.642487 12.992817 -8.189192
v 109.307381 13.002125 -8.596337
v 109.791443 12.991183 -8.285427
v 109.476837 13.001154 -8.722130
v 109.971848 12.874136 -7.994333
v 109.091545 12.461853 -9.343503
v 108.872299 12.438855 -9.348886
v 108.803764 12.515062 -9.471071
v 109.087646 12.527097 -9.435815
v 108.829704 12.531341 -9.153287
v 108.768433 12.611812 -9.203917
v 108.830055 12.705746 -9.216517
v 108.872726 12.651478 -9.425973
v 109.091896 12.636257 -9.406733
v 110.111656 12.696959 -7.737151
v 108.981392 12.877013 -8.994286
v 109.148270 12.875297 -9.128445
v 109.312759 12.789073 -9.235014
v 108.958099 12.649076 -8.943074
v 108.904251 12.778974 -8.927580
v 109.289474 12.561135 -9.183803
v 109.116219 12.561639 -9.057974
v 109.360237 12.657962 -9.258838
v 110.459694 11.764245 -7.320292
v 110.896713 10.842115 -6.510737
v 110.971535 10.680676 -6.737858
v 110.553375 11.568956 -7.587508
v 111.001808 10.236429 -6.166406
v 111.041122 9.989437 -6.257833
v 110.869934 10.081363 -6.439660
v 110.753387 10.519701 -6.836493
v 110.311745 11.339812 -7.673676
v 110.358643 10.407762 -6.683212
v 109.836914 11.215090 -7.498538
v 110.647652 9.865810 -6.249270
v 110.337036 10.027559 -6.151938
v 110.002365 10.443872 -6.430997
v 109.417557 11.249530 -7.190883
v 109.942192 10.576747 -6.182088
v 109.323868 11.444818 -6.923667
v 110.410301 9.925746 -5.917238
v 110.468918 10.182625 -5.878685
v 110.145691 10.766287 -6.105240
v 109.565506 11.673964 -6.837499
v 110.555084 10.849661 -6.236733
v 110.040337 11.798685 -7.012636
v 110.803772 10.049373 -5.925801
v 109.336418 12.193883 -9.106242
v 108.808334 12.284904 -9.203513
v 108.727119 12.661945 -9.283432
v 109.391617 12.465315 -9.142544
v 108.619865 12.121535 -8.719356
v 108.518036 12.377113 -8.670877
v 108.693283 12.521660 -8.508550
v 108.897842 12.772711 -8.946511
v 109.409843 12.594007 -8.895435
v 110.960381 9.230275 -5.788914
v 108.972778 12.336954 -7.796057
v 109.445816 12.476414 -7.987024
v 109.879616 12.428514 -8.285683
v 108.839165 11.881219 -8.128746
v 108.729950 12.099856 -7.879046
v 109.746002 11.972778 -8.618372
v 109.261955 11.849291 -8.444827
v 109.977821 12.225849 -8.552805
v 111.270584 11.337078 -8.987584
v 111.969208 10.300985 -8.619983
v 111.848083 10.146511 -8.831434
v 111.131340 11.149164 -9.239814
v 112.171219 9.663018 -8.399405
v 112.098755 9.420177 -8.481178
v 111.868851 9.551133 -8.509697
v 111.595940 10.029959 -8.753510
v 110.858704 10.968342 -9.133546
v 111.387543 9.971663 -8.372693
v 110.603622 10.908659 -8.682919
v 111.794319 9.360625 -8.209249
v 111.656860 9.562403 -7.939973
v 111.297180 10.045841 -7.950578
v 110.502991 10.987252 -8.177555
v 111.438599 10.168281 -7.730940
v 110.642235 11.175165 -7.925327
v 111.847809 9.433517 -7.806758
v 111.959229 9.674288 -7.829680
v 111.670441 10.316869 -7.817050
v 110.914864 11.355988 -8.031594
v 111.899139 10.343130 -8.189681
v 111.169952 11.415670 -8.482222
v 112.152245 9.493071 -8.078688
v 109.343735 12.068325 -9.610873
v 108.906738 12.249227 -9.340834
v 108.857635 12.639173 -9.366817
v 109.405922 12.329376 -9.688492
v 109.058685 12.083479 -8.844791
v 109.058403 12.347851 -8.754534
v 109.318062 12.450474 -8.755538
v 109.222954 12.696643 -9.232021
v 109.603119 12.435320 -9.521620
v 112.220215 8.651758 -8.036757
v 109.960526 12.172555 -8.395144
v 110.206360 12.248178 -8.857233
v 110.321274 12.153377 -9.364663
v 109.567543 11.769218 -8.533393
v 109.687767 11.983864 -8.285291
v 109.928291 11.750040 -9.502912
v 109.665588 11.693159 -9.047471
v 110.184181 11.957474 -9.619413
v 107.967255 13.089760 -8.705948
v 107.331192 13.091744 -8.529604
v 107.348572 12.959941 -8.468765
v 107.985542 12.933267 -8.631396
v 106.985664 13.011491 -8.488921
v 106.925774 12.895502 -8.454736
v 107.029289 12.848955 -8.527556
v 107.332390 12.850971 -8.564871
v 107.940971 12.803046 -8.738347
v 107.252922 12.835263 -8.771517
v 107.852242 12.784317 -8.986425
v 106.892479 12.824013 -8.648329
v 106.929405 12.890707 -8.816001
v 107.191620 12.909814 -8.971386
v 107.773369 12.873106 -9.222354
v 107.155632 13.040590 -9.025932
v 107.755081 13.029598 -9.296906
v 106.807541 12.944927 -8.796187
v 106.885780 13.053243 -8.777367
v 107.190422 13.150587 -8.936119
v 107.799652 13.159820 -9.189955
v 107.251282 13.165266 -8.723181
v 107.888382 13.178549 -8.941876
v 106.840836 13.016417 -8.602594
v 108.789864 12.511434 -9.129363
v 108.877052 12.466432 -9.387317
v 109.045845 12.563247 -9.431753
v 108.899673 12.597775 -9.106406
v 108.655556 12.567575 -9.517222
v 108.735931 12.666220 -9.579259
v 108.725517 12.788826 -9.509421
v 108.962341 12.736165 -9.377807
v 108.859825 12.732683 -9.121563
v 106.487709 12.791368 -8.512889
v 108.398857 13.001472 -9.424277
v 108.498566 13.019547 -9.176188
v 108.568832 12.930421 -8.933421
v 108.353363 12.712357 -9.450374
v 108.350319 12.869511 -9.531869
v 108.523338 12.641306 -8.959517
v 108.435966 12.621705 -9.212099
v 108.584213 12.771740 -8.856418
v 110.195992 12.584378 -9.419266
v 110.761520 12.298973 -9.233777
v 110.731171 12.184875 -9.320012
v 110.162979 12.447752 -9.522347
v 111.006325 12.073892 -9.103814
v 111.024017 11.941727 -9.124494
v 110.889397 11.949061 -9.127471
v 110.647064 12.085177 -9.253995
v 110.085365 12.317174 -9.436864
v 110.584267 12.047645 -9.044443
v 110.005142 12.275139 -9.188743
v 110.912849 11.873531 -8.961125
v 110.818504 11.958674 -8.827801
v 110.547150 12.098725 -8.831659
v 109.966408 12.333304 -8.934021
v 110.594238 12.203443 -8.741161
v 109.999420 12.469931 -8.830938
v 110.940094 11.953106 -8.769753
v 110.935432 12.083504 -8.804144
v 110.661606 12.312521 -8.811441
v 110.077034 12.600509 -8.916422
v 110.741142 12.340672 -9.016731
v 110.157257 12.642544 -9.164544
v 111.051262 12.021300 -8.933122
v 109.131256 12.447034 -9.613951
v 108.906227 12.458712 -9.454600
v 108.795448 12.621743 -9.486036
v 109.097160 12.571247 -9.672668
v 109.035927 12.459960 -9.210998
v 108.980942 12.587006 -9.181414
v 109.075279 12.688769 -9.209027
v 108.954201 12.737662 -9.452199
v 109.170609 12.675843 -9.611980
v 111.272415 11.660193 -8.869220
v 109.445282 12.732553 -9.066350
v 109.517197 12.778791 -9.320332
v 109.565918 12.716195 -9.576309
v 109.351318 12.454468 -9.079659
v 109.369545 12.598715 -8.978619
v 109.471954 12.438109 -9.589618
v 109.387894 12.396128 -9.338645
v 109.535553 12.576204 -9.680357
v 108.941811 12.396428 -9.563265
v 108.931480 12.420659 -9.477689
v 109.042336 12.415491 -9.476599
v 109.028038 12.379733 -9.580681
v 108.940125 12.396428 -9.391926
v 109.025993 12.379733 -9.372817
v 109.097626 12.328960 -9.390377
v 109.122551 12.338807 -9.475810
v 109.099312 12.328959 -9.561715
v 100.737625 0.152365 -9.971778
v 100.739906 0.030045 -9.558243
v 100.257874 0.259712 -9.562984
v 100.384636 0.382632 -10.065865
v 100.729492 0.152367 -9.144835
v 100.374725 0.382633 -9.057708
v 100.137817 0.730042 -9.150653
v 100.019455 0.735221 -9.565330
v 100.145950 0.730043 -9.977596
v 108.606323 11.000502 -9.635909
v 108.657936 10.976977 -9.480378
v 108.565804 10.740793 -9.481285
v 108.512421 10.766741 -9.644049
v 108.603279 11.000503 -9.325893
v 108.509232 10.766741 -9.319601
v 108.401588 10.523467 -9.313557
v 108.459755 10.494592 -9.482327
v 108.404922 10.523467 -9.652209
v 108.461014 11.063233 -9.269159
v 108.362015 10.835934 -9.260209
v 108.319893 11.125965 -9.328680
v 108.216003 10.905128 -9.322485
v 108.100250 10.677473 -9.316521
v 108.250298 10.600470 -9.251541
v 108.268280 11.149490 -9.484210
v 108.162613 10.931074 -9.485250
v 108.322937 11.125965 -9.638696
v 108.219193 10.905127 -9.646933
v 108.103584 10.677473 -9.655172
v 108.045418 10.706350 -9.486403
v 108.465202 11.063233 -9.695431
v 108.366402 10.835935 -9.706326
v 108.254875 10.600470 -9.717188
v 108.762909 11.397971 -9.621852
v 108.810623 11.376930 -9.478877
v 108.738182 11.186988 -9.479589
v 108.688507 11.208989 -9.628554
v 108.760101 11.397972 -9.336868
v 108.685585 11.208990 -9.331631
v 108.628601 11.454082 -9.284721
v 108.548668 11.267662 -9.277299
v 108.498146 11.510190 -9.339444
v 108.412842 11.326332 -9.334312
v 108.450424 11.531232 -9.482419
v 108.363167 11.348336 -9.483277
v 108.500946 11.510190 -9.624428
v 108.415764 11.326333 -9.631236
v 108.632454 11.454082 -9.676575
v 108.552681 11.267661 -9.685568
v 108.901230 11.749378 -9.609378
v 108.945229 11.729979 -9.477553
v 108.879204 11.556814 -9.478203
v 108.833382 11.577019 -9.615497
v 108.898643 11.749377 -9.346620
v 108.830696 11.577020 -9.341837
v 108.777397 11.801112 -9.298540
v 108.704414 11.630898 -9.291762
v 108.657112 11.852845 -9.348995
v 108.579140 11.684778 -9.344311
v 108.613121 11.872247 -9.480819
v 108.533318 11.704985 -9.481604
v 108.659698 11.852846 -9.611753
v 108.581833 11.684778 -9.617970
v 108.780945 11.801112 -9.659832
v 108.708115 11.630899 -9.668045
v 109.031166 12.079473 -9.597660
v 109.071663 12.061615 -9.476310
v 109.009262 11.897945 -9.476924
v 108.967041 11.916567 -9.603443
v 109.028786 12.079473 -9.355780
v 108.964561 11.916566 -9.351259
v 108.917168 12.127097 -9.311521
v 108.848190 11.966217 -9.305114
v 108.806442 12.174719 -9.357966
v 108.732750 12.015870 -9.353539
v 108.765945 12.192576 -9.479317
v 108.690521 12.034489 -9.480058
v 108.808823 12.174719 -9.599847
v 108.735229 12.015870 -9.605722
v 108.920441 12.127095 -9.644106
v 108.851601 11.966217 -9.651867
v 109.123695 12.216128 -9.475799
v 109.085640 12.230911 -9.587658
v 109.083443 12.230911 -9.364709
v 108.981285 12.276487 -9.323900
v 108.878510 12.318702 -9.366725
v 108.841888 12.336845 -9.478569
v 108.880699 12.318702 -9.589673
v 108.984299 12.276486 -9.630467
v 107.883049 9.575409 -9.681248
v 107.943153 9.537930 -9.487408
v 107.796860 9.276814 -9.488847
v 107.735321 9.316440 -9.689129
v 107.879250 9.575409 -9.294787
v 107.731392 9.316441 -9.289813
v 107.574333 9.053015 -9.284627
v 107.641228 9.010829 -9.490376
v 107.578392 9.053015 -9.697402
v 107.713181 9.675352 -9.223952
v 107.561302 9.422108 -9.216606
v 107.548538 9.775293 -9.298039
v 107.392685 9.527775 -9.293143
v 107.228386 9.278008 -9.288029
v 107.400604 9.165512 -9.208933
v 107.488434 9.812773 -9.491879
v 107.331139 9.567402 -9.493426
v 107.552338 9.775295 -9.684500
v 107.396606 9.527775 -9.692460
v 107.232445 9.278008 -9.700805
v 107.165550 9.320194 -9.495054
v 107.718407 9.675352 -9.755335
v 107.566696 9.422107 -9.765667
v 107.406181 9.165511 -9.776499
v 108.154457 10.055135 -9.666692
v 108.211456 10.020978 -9.484769
v 108.080132 9.784471 -9.486060
v 108.021652 9.820333 -9.673810
v 108.150887 10.055136 -9.304003
v 108.017967 9.820333 -9.299498
v 107.993469 10.146222 -9.237540
v 107.856407 9.915969 -9.230895
v 107.837387 10.237308 -9.307086
v 107.696236 10.011602 -9.302662
v 107.780388 10.271467 -9.489008
v 107.637749 10.047466 -9.490411
v 107.840950 10.237308 -9.669775
v 107.699913 10.011602 -9.676974
v 107.998375 10.146223 -9.736238
v 107.861473 9.915969 -9.745576
v 108.339737 10.255339 -9.483508
v 108.283829 10.287100 -9.659657
v 108.280373 10.287099 -9.308493
v 108.126045 10.371790 -9.244161
v 107.973007 10.456482 -9.311516
v 107.917107 10.488241 -9.487664
v 107.976463 10.456482 -9.662679
v 108.130791 10.371790 -9.727011
v 106.514000 7.453078 -9.752654
v 106.588371 7.398604 -9.500731
v 106.381187 7.084710 -9.502768
v 106.304420 7.141400 -9.763534
v 106.509064 7.453078 -9.250319
v 106.299309 7.141400 -9.243563
v 106.083534 6.824051 -9.236591
v 106.167976 6.764964 -9.504865
v 106.088829 6.824052 -9.774747
v 106.303230 7.598342 -9.158146
v 106.086838 7.292575 -9.148148
v 106.099258 7.743607 -9.254349
v 105.876282 7.443748 -9.247723
v 105.647301 7.139185 -9.240882
v 105.864426 6.981618 -9.137832
v 106.024887 7.798080 -9.506271
v 105.799515 7.500439 -9.508488
v 106.104202 7.743607 -9.756683
v 105.881393 7.443748 -9.767694
v 105.652596 7.139185 -9.779037
v 105.568153 7.198272 -9.510763
v 106.310028 7.598343 -9.848857
v 106.093864 7.292575 -9.863109
v 105.871704 6.981618 -9.877796
v 106.892494 8.017016 -9.732981
v 106.962234 7.966137 -9.497054
v 106.781021 7.691037 -9.498837
v 106.709000 7.743607 -9.742522
v 106.887871 8.017017 -9.262545
v 106.704216 7.743607 -9.256613
v 106.694855 8.152697 -9.176228
v 106.504890 7.883798 -9.167457
v 106.503571 8.288374 -9.266323
v 106.307358 8.023987 -9.260515
v 106.433830 8.339255 -9.502250
v 106.235329 8.076558 -9.504202
v 106.508202 8.288376 -9.736760
v 106.312134 8.023987 -9.746426
v 106.701218 8.152697 -9.823077
v 106.511459 7.883797 -9.835582
v 107.243118 8.539440 -9.714777
v 107.308762 8.492170 -9.493647
v 107.137314 8.231918 -9.495333
v 107.069748 8.281130 -9.723766
v 107.238777 8.539440 -9.273849
v 107.065269 8.281131 -9.268271
v 107.057121 8.665498 -9.192953
v 106.878288 8.412361 -9.184696
v 106.877083 8.791555 -9.277406
v 106.692993 8.543592 -9.271933
v 106.811432 8.838827 -9.498537
v 106.625427 8.592804 -9.500366
v 106.881416 8.791555 -9.718334
v 106.697472 8.543593 -9.727427
v 107.063080 8.665499 -9.799230
v 106.884453 8.412361 -9.811002
v 107.477562 8.750097 -9.491986
v 107.413429 8.794947 -9.705976
v 107.409233 8.794947 -9.279301
v 107.231842 8.914547 -9.201035
v 107.056015 9.034145 -9.282774
v 106.991890 9.078996 -9.496762
v 107.060211 9.034145 -9.709449
v 107.237610 8.914547 -9.787714
v 105.219589 5.578909 -9.820307
v 105.308746 5.510500 -9.513314
v 105.071678 5.166642 -9.515646
v 104.979935 5.237823 -9.832818
v 105.213570 5.578909 -9.208135
v 104.973717 5.237822 -9.200338
v 104.729279 4.895502 -9.192667
v 104.829842 4.821370 -9.518023
v 104.735695 4.895502 -9.845297
v 104.966652 5.761333 -9.095768
v 104.719620 5.427638 -9.084236
v 104.722000 5.943758 -9.212968
v 104.467850 5.617453 -9.205313
v 104.210052 5.290869 -9.197772
v 104.468460 5.093185 -9.072851
v 104.632835 6.012166 -9.519961
v 104.376114 5.688634 -9.522486
v 104.728020 5.943758 -9.825141
v 104.474068 5.617453 -9.837793
v 104.216469 5.290869 -9.850402
v 104.115906 5.365001 -9.525044
v 104.974930 5.761333 -9.937507
v 104.728172 5.427638 -9.953896
v 104.477280 5.093185 -9.970217
v 105.663544 6.212518 -9.797003
v 105.747459 6.148709 -9.509000
v 105.533051 5.836785 -9.511108
v 105.446548 5.902811 -9.808396
v 105.657898 6.212518 -9.222704
v 105.440720 5.902811 -9.215579
v 105.425537 6.382677 -9.117297
v 105.201172 6.078883 -9.106771
v 105.195282 6.552836 -9.227253
v 104.963814 6.254954 -9.220269
v 105.111374 6.616646 -9.515255
v 104.877312 6.320982 -9.517556
v 105.200935 6.552836 -9.801552
v 104.969643 6.254953 -9.813086
v 105.433296 6.382678 -9.906958
v 105.209190 6.078883 -9.921894
v 105.957443 6.454737 -9.506935
v 105.875954 6.516232 -9.785867
v 105.870483 6.516232 -9.229659
v 105.644836 6.680212 -9.127580
v 105.421249 6.844194 -9.234077
v 105.339752 6.905687 -9.513009
v 105.426720 6.844194 -9.790285
v 105.652359 6.680212 -9.892365
v 102.484062 1.932091 -10.002879
v 102.607880 1.815905 -9.539873
v 102.201080 1.283628 -9.543875
v 102.067696 1.412076 -10.048672
v 102.474976 1.932091 -9.079394
v 102.057793 1.412076 -9.041799
v 101.595154 0.868250 -9.013924
v 101.746185 0.729942 -9.548348
v 101.605690 0.868249 -10.085638
v 102.130989 2.241924 -8.909608
v 101.687035 1.754604 -8.856638
v 101.790405 2.551758 -9.086126
v 101.319992 2.097132 -9.049054
v 100.817757 1.605885 -9.021569
v 101.204483 1.237067 -8.816800
v 101.666588 2.667946 -9.549130
v 101.186600 2.225578 -9.553851
v 101.799492 2.551758 -10.009611
v 101.329895 2.097132 -10.055926
v 100.828300 1.605885 -10.093284
v 100.677269 1.744191 -9.558860
v 102.143478 2.241924 -10.179398
v 101.700653 1.754604 -10.241087
v 101.218971 1.237068 -10.290407
v 103.190659 2.831001 -9.927551
v 103.299400 2.735758 -9.533074
v 102.972557 2.299788 -9.536288
v 102.857468 2.404384 -9.960531
v 103.182922 2.831001 -9.140811
v 102.849144 2.404384 -9.114390
v 102.881187 3.084987 -8.996250
v 102.529579 2.683308 -8.958866
v 102.582359 3.338972 -9.146717
v 102.213135 2.962232 -9.120645
v 102.473618 3.434216 -9.541194
v 102.098045 3.066828 -9.544888
v 102.590096 3.338971 -9.933457
v 102.221451 2.962231 -9.966785
v 102.891830 3.084986 -10.078018
v 102.541023 2.683308 -10.122311
v 101.247803 0.232835 -9.553249
v 101.116653 0.376134 -10.080346
v 101.106316 0.376134 -9.028832
v 100.720688 0.735790 -8.834888
v 100.350395 1.106998 -9.036266
v 100.207802 1.238747 -9.563477
v 100.360733 1.106998 -10.087780
v 100.734917 0.735790 -10.281837
v 103.758125 3.580679 -9.892570
v 103.861404 3.495781 -9.527548
v 103.593048 3.131463 -9.530187
v 103.487740 3.220398 -9.906464
v 103.750969 3.580679 -9.164627
v 103.480362 3.220396 -9.156052
v 103.464661 3.807071 -9.030940
v 103.188309 3.457552 -9.018209
v 103.181046 4.033463 -9.170232
v 102.899017 3.694708 -9.161769
v 103.077766 4.118361 -9.535253
v 102.793709 3.783642 -9.538047
v 103.188202 4.033463 -9.898173
v 102.906403 3.694709 -9.912181
v 103.474510 3.807072 -10.031860
v 103.198456 3.457552 -10.050025
v 104.255463 4.245785 -9.868693
v 104.354050 4.166180 -9.522702
v 104.112793 3.837793 -9.525075
v 104.011772 3.919846 -9.880404
v 104.248672 4.245784 -9.178718
v 104.004807 3.919846 -9.171801
v 103.975456 4.458065 -9.052022
v 103.724831 4.138646 -9.041677
v 103.704788 4.670346 -9.184066
v 103.447464 4.357447 -9.177281
v 103.606201 4.749951 -9.530057
v 103.346451 4.439497 -9.532612
v 103.711571 4.670347 -9.874042
v 103.454437 4.357447 -9.885885
v 103.984787 4.458066 -10.000738
v 103.734413 4.138646 -10.016008
v 104.591370 4.490139 -9.520369
v 104.495018 4.567121 -9.857151
v 104.488411 4.567121 -9.185547
v 104.221436 4.772404 -9.062234
v 103.956924 4.977687 -9.190773
v 103.860580 5.054668 -9.527555
v 103.963531 4.977687 -9.862377
v 104.230515 4.772404 -9.985690
v 109.198586 11.095633 -9.973338
v 109.054123 11.451858 -10.048416
v 109.506630 11.536171 -10.208895
v 109.582878 11.082450 -10.047821
v 109.067688 11.832103 -9.955507
v 109.423294 11.980308 -10.026083
v 109.804214 11.962558 -9.936702
v 109.952049 11.610900 -10.025489
v 109.935112 11.226088 -9.954533
v 110.112015 11.628192 -9.565344
v 110.022453 11.149267 -9.580537
v 109.862869 12.047125 -9.558800
v 109.788811 11.941716 -9.188925
v 109.933273 11.585491 -9.113848
v 109.919716 11.205246 -9.206756
v 109.480774 11.501178 -8.953368
v 109.564102 11.057041 -9.136180
v 109.404518 11.954899 -9.114442
v 109.052284 11.811261 -9.207731
v 109.035347 11.426449 -9.136774
v 109.183189 11.074791 -9.225561
v 108.875381 11.409157 -9.596919
v 109.124535 10.990224 -9.603464
v 108.964943 11.888082 -9.581726
v 109.603592 10.900403 -9.596101
v 109.383812 12.136946 -9.566163
v 108.249596 11.104816 -9.069688
v 108.131531 11.395960 -9.131049
v 108.501358 11.464869 -9.262209
v 108.563683 11.094042 -9.130563
v 108.142616 11.706735 -9.055115
v 108.433250 11.827863 -9.112797
v 108.744576 11.813356 -9.039745
v 108.865402 11.525946 -9.112311
v 108.851562 11.211437 -9.054317
v 108.996147 11.540078 -8.736234
v 108.922943 11.148651 -8.748651
v 108.792519 11.882472 -8.730885
v 108.731987 11.796322 -8.428586
v 108.850060 11.505178 -8.367225
v 108.838974 11.194403 -8.443159
v 108.480225 11.436269 -8.236065
v 108.548332 11.073276 -8.385477
v 108.417908 11.807096 -8.367710
v 108.130028 11.689701 -8.443955
v 108.116180 11.375193 -8.385962
v 108.237007 11.087782 -8.458529
v 107.985443 11.361060 -8.762040
v 108.189072 11.018665 -8.767389
v 108.058640 11.752486 -8.749622
v 108.580612 10.945254 -8.761371
v 108.400978 11.955883 -8.736903
vt 0.475492 0.000000
vt 0.550246 0.000000
vt 0.551097 0.125000
vt 0.482981 0.125000
vt 0.625000 0.000000
vt 0.625000 0.125000
vt 0.625000 0.250000
vt 0.551267 0.250000
vt 0.483661 0.250000
vt 0.551267 0.375000
vt 0.483661 0.375000
vt 0.625000 0.375000
vt 0.625000 0.500000
vt 0.551616 0.500000
vt 0.483661 0.500000
vt 0.552663 0.625000
vt 0.483661 0.625000
vt 0.638957 0.625000
vt 0.625000 0.750000
vt 0.551616 0.750000
vt 0.483661 0.750000
vt 0.551097 0.875000
vt 0.482981 0.875000
vt 0.625000 0.875000
vt 0.625000 1.000000
vt 0.550246 1.000000
vt 0.475492 1.000000
vt 0.125000 0.500000
vt 0.250000 0.500000
vt 0.247924 0.625000
vt 0.125000 0.625000
vt 0.375000 0.500000
vt 0.354235 0.625000
vt 0.375000 0.750000
vt 0.250000 0.750000
vt 0.125000 0.750000
vt 0.750000 0.500000
vt 0.751396 0.625000
vt 0.875000 0.500000
vt 0.875000 0.625000
vt 0.875000 0.750000
vt 0.750000 0.750000
vt 0.425748 0.750000
vt 0.426097 0.875000
vt 0.375000 0.875000
vt 0.425246 1.000000
vt 0.375000 1.000000
vt 0.425748 0.500000
vt 0.424191 0.625000
vt 0.375000 0.250000
vt 0.426267 0.250000
vt 0.426267 0.375000
vt 0.375000 0.375000
vt 0.375000 0.000000
vt 0.425246 0.000000
vt 0.426097 0.125000
vt 0.375000 0.125000
vt 0.475492 0.000000
vt 0.550246 0.000000
vt 0.551097 0.125000
vt 0.482981 0.125000
vt 0.625000 0.000000
vt 0.625000 0.125000
vt 0.625000 0.250000
vt 0.551267 0.250000
vt 0.483661 0.250000
vt 0.551267 0.375000
vt 0.483661 0.375000
vt 0.625000 0.375000
vt 0.625000 0.500000
vt 0.551616 0.500000
vt 0.483661 0.500000
vt 0.552663 0.625000
vt 0.483661 0.625000
vt 0.638957 0.625000
vt 0.625000 0.750000
vt 0.551616 0.750000
vt 0.483661 0.750000
vt 0.551097 0.875000
vt 0.482981 0.875000
vt 0.625000 0.875000
vt 0.625000 1.000000
vt 0.550246 1.000000
vt 0.475492 1.000000
vt 0.125000 0.500000
vt 0.250000 0.500000
vt 0.247924 0.625000
vt 0.125000 0.625000
vt 0.375000 0.500000
vt 0.354235 0.625000
vt 0.375000 0.750000
vt 0.250000 0.750000
vt 0.125000 0.750000
vt 0.750000 0.500000
vt 0.751396 0.625000
vt 0.875000 0.500000
vt 0.875000 0.625000
vt 0.875000 0.750000
vt 0.750000 0.750000
vt 0.425748 0.750000
vt 0.426097 0.875000
vt 0.375000 0.875000
vt 0.425246 1.000000
vt 0.375000 1.000000
vt 0.425748 0.500000
vt 0.424191 0.625000
vt 0.375000 0.250000
vt 0.426267 0.250000
vt 0.426267 0.375000
vt 0.375000 0.375000
vt 0.375000 0.000000
vt 0.425246 0.000000
vt 0.426097 0.125000
vt 0.375000 0.125000
vt 0.475492 0.000000
vt 0.550246 0.000000
vt 0.551097 0.125000
vt 0.482981 0.125000
vt 0.625000 0.000000
vt 0.625000 0.125000
vt 0.625000 0.250000
vt 0.551267 0.250000
vt 0.483661 0.250000
vt 0.551267 0.375000
vt 0.483661 0.375000
vt 0.625000 0.375000
vt 0.625000 0.500000
vt 0.551616 0.500000
vt 0.483661 0.500000
vt 0.552663 0.625000
vt 0.483661 0.625000
vt 0.638957 0.625000
vt 0.625000 0.750000
vt 0.551616 0.750000
vt 0.483661 0.750000
vt 0.551097 0.875000
vt 0.482981 0.875000
vt 0.625000 0.875000
vt 0.625000 1.000000
vt 0.550246 1.000000
vt 0.475492 1.000000
vt 0.125000 0.500000
vt 0.250000 0.500000
vt 0.247924 0.625000
vt 0.125000 0.625000
vt 0.375000 0.500000
vt 0.354235 0.625000
vt 0.375000 0.750000
vt 0.250000 0.750000
vt 0.125000 0.750000
vt 0.750000 0.500000
vt 0.751396 0.625000
vt 0.875000 0.500000
vt 0.875000 0.625000
vt 0.875000 0.750000
vt 0.750000 0.750000
vt 0.425748 0.750000
vt 0.426097 0.875000
vt 0.375000 0.875000
vt 0.425246 1.000000
vt 0.375000 1.000000
vt 0.425748 0.500000
vt 0.424191 0.625000
vt 0.375000 0.250000
vt 0.426267 0.250000
vt 0.426267 0.375000
vt 0.375000 0.375000
vt 0.375000 0.000000
vt 0.425246 0.000000
vt 0.426097 0.125000
vt 0.375000 0.125000
vt 0.475492 0.000000
vt 0.550246 0.000000
vt 0.551097 0.125000
vt 0.482981 0.125000
vt 0.625000 0.000000
vt 0.625000 0.125000
vt 0.625000 0.250000
vt 0.551267 0.250000
vt 0.483661 0.250000
vt 0.551267 0.375000
vt 0.483661 0.375000
vt 0.625000 0.375000
vt 0.625000 0.500000
vt 0.551616 0.500000
vt 0.483661 0.500000
vt 0.552663 0.625000
vt 0.483661 0.625000
vt 0.638957 0.625000
vt 0.625000 0.750000
vt 0.551616 0.750000
vt 0.483661 0.750000
vt 0.551097 0.875000
vt 0.482981 0.875000
vt 0.625000 0.875000
vt 0.625000 1.000000
vt 0.550246 1.000000
vt 0.475492 1.000000
vt 0.125000 0.500000
vt 0.250000 0.500000
vt 0.247924 0.625000
vt 0.125000 0.625000
vt 0.375000 0.500000
vt 0.354235 0.625000
vt 0.375000 0.750000
vt 0.250000 0.750000
vt 0.125000 0.750000
vt 0.750000 0.500000
vt 0.751396 0.625000
vt 0.875000 0.500000
vt 0.875000 0.625000
vt 0.875000 0.750000
vt 0.750000 0.750000
vt 0.425748 0.750000
vt 0.426097 0.875000
vt 0.375000 0.875000
vt 0.425246 1.000000
vt 0.375000 1.000000
vt 0.425748 0.500000
vt 0.424191 0.625000
vt 0.375000 0.250000
vt 0.426267 0.250000
vt 0.426267 0.375000
vt 0.375000 0.375000
vt 0.375000 0.000000
vt 0.425246 0.000000
vt 0.426097 0.125000
vt 0.375000 0.125000
vt 0.475492 0.000000
vt 0.550246 0.000000
vt 0.551097 0.125000
vt 0.482981 0.125000
vt 0.625000 0.000000
vt 0.625000 0.125000
vt 0.625000 0.250000
vt 0.551267 0.250000
vt 0.483661 0.250000
vt 0.551267 0.375000
vt 0.483661 0.375000
vt 0.625000 0.375000
vt 0.625000 0.500000
vt 0.551616 0.500000
vt 0.483661 0.500000
vt 0.552663 0.625000
vt 0.483661 0.625000
vt 0.638957 0.625000
vt 0.625000 0.750000
vt 0.551616 0.750000
vt 0.483661 0.750000
vt 0.551097 0.875000
vt 0.482981 0.875000
vt 0.625000 0.875000
vt 0.625000 1.000000
vt 0.550246 1.000000
vt 0.475492 1.000000
vt 0.125000 0.500000
vt 0.250000 0.500000
vt 0.247924 0.625000
vt 0.125000 0.625000
vt 0.375000 0.500000
vt 0.354235 0.625000
vt 0.375000 0.750000
vt 0.250000 0.750000
vt 0.125000 0.750000
vt 0.750000 0.500000
vt 0.751396 0.625000
vt 0.875000 0.500000
vt 0.875000 0.625000
vt 0.875000 0.750000
vt 0.750000 0.750000
vt 0.425748 0.750000
vt 0.426097 0.875000
vt 0.375000 0.875000
vt 0.425246 1.000000
vt 0.375000 1.000000
vt 0.425748 0.500000
vt 0.424191 0.625000
vt 0.375000 0.250000
vt 0.426267 0.250000
vt 0.426267 0.375000
vt 0.375000 0.375000
vt 0.375000 0.000000
vt 0.425246 0.000000
vt 0.426097 0.125000
vt 0.375000 0.125000
vt 0.475492 0.000000
vt 0.550246 0.000000
vt 0.551097 0.125000
vt 0.482981 0.125000
vt 0.625000 0.000000
vt 0.625000 0.125000
vt 0.625000 0.250000
vt 0.551267 0.250000
vt 0.483661 0.250000
vt 0.551267 0.375000
vt 0.483661 0.375000
vt 0.625000 0.375000
vt 0.625000 0.500000
vt 0.551616 0.500000
vt 0.483661 0.500000
vt 0.552663 0.625000
vt 0.483661 0.625000
vt 0.638957 0.625000
vt 0.625000 0.750000
vt 0.551616 0.750000
vt 0.483661 0.750000
vt 0.551097 0.875000
vt 0.482981 0.875000
vt 0.625000 0.875000
vt 0.625000 1.000000
vt 0.550246 1.000000
vt 0.475492 1.000000
vt 0.125000 0.500000
vt 0.250000 0.500000
vt 0.247924 0.625000
vt 0.125000 0.625000
vt 0.375000 0.500000
vt 0.354235 0.625000
vt 0.375000 0.750000
vt 0.250000 0.750000
vt 0.125000 0.750000
vt 0.750000 0.500000
vt 0.751396 0.625000
vt 0.875000 0.500000
vt 0.875000 0.625000
vt 0.875000 0.750000
vt 0.750000 0.750000
vt 0.425748 0.750000
vt 0.426097 0.875000
vt 0.375000 0.875000
vt 0.425246 1.000000
vt 0.375000 1.000000
vt 0.425748 0.500000
vt 0.424191 0.625000
vt 0.375000 0.250000
vt 0.426267 0.250000
vt 0.426267 0.375000
vt 0.375000 0.375000
vt 0.375000 0.000000
vt 0.425246 0.000000
vt 0.426097 0.125000
vt 0.375000 0.125000
vt 0.475492 0.000000
vt 0.550246 0.000000
vt 0.551097 0.125000
vt 0.482981 0.125000
vt 0.625000 0.000000
vt 0.625000 0.125000
vt 0.625000 0.250000
vt 0.551267 0.250000
vt 0.483661 0.250000
vt 0.551267 0.375000
vt 0.483661 0.375000
vt 0.625000 0.375000
vt 0.625000 0.500000
vt 0.551616 0.500000
vt 0.483661 0.500000
vt 0.552663 0.625000
vt 0.483661 0.625000
vt 0.638957 0.625000
vt 0.625000 0.750000
vt 0.551616 0.750000
vt 0.483661 0.750000
vt 0.551097 0.875000
vt 0.482981 0.875000
vt 0.625000 0.875000
vt 0.625000 1.000000
vt 0.550246 1.000000
vt 0.475492 1.000000
vt 0.125000 0.500000
vt 0.250000 0.500000
vt 0.247924 0.625000
vt 0.125000 0.625000
vt 0.375000 0.500000
vt 0.354235 0.625000
vt 0.375000 0.750000
vt 0.250000 0.750000
vt 0.125000 0.750000
vt 0.750000 0.500000
vt 0.751396 0.625000
vt 0.875000 0.500000
vt 0.875000 0.625000
vt 0.875000 0.750000
vt 0.750000 0.750000
vt 0.425748 0.750000
vt 0.426097 0.875000
vt 0.375000 0.875000
vt 0.425246 1.000000
vt 0.375000 1.000000
vt 0.425748 0.500000
vt 0.424191 0.625000
vt 0.375000 0.250000
vt 0.426267 0.250000
vt 0.426267 0.375000
vt 0.375000 0.375000
vt 0.375000 0.000000
vt 0.425246 0.000000
vt 0.426097 0.125000
vt 0.375000 0.125000
vt 0.475492 0.000000
vt 0.550246 0.000000
vt 0.551097 0.125000
vt 0.482981 0.125000
vt 0.625000 0.000000
vt 0.625000 0.125000
vt 0.625000 0.250000
vt 0.551267 0.250000
vt 0.483661 0.250000
vt 0.551267 0.375000
vt 0.483661 0.375000
vt 0.625000 0.375000
vt 0.625000 0.500000
vt 0.551616 0.500000
vt 0.483661 0.500000
vt 0.552663 0.625000
vt 0.483661 0.625000
vt 0.638957 0.625000
vt 0.625000 0.750000
vt 0.551616 0.750000
vt 0.483661 0.750000
vt 0.551097 0.875000
vt 0.482981 0.875000
vt 0.625000 0.875000
vt 0.625000 1.000000
vt 0.550246 1.000000
vt 0.475492 1.000000
vt 0.125000 0.500000
vt 0.250000 0.500000
vt 0.247924 0.625000
vt 0.125000 0.625000
vt 0.375000 0.500000
vt 0.354235 0.625000
vt 0.375000 0.750000
vt 0.250000 0.750000
vt 0.125000 0.750000
vt 0.750000 0.500000
vt 0.751396 0.625000
vt 0.875000 0.500000
vt 0.875000 0.625000
vt 0.875000 0.750000
vt 0.750000 0.750000
vt 0.425748 0.750000
vt 0.426097 0.875000
vt 0.375000 0.875000
vt 0.425246 1.000000
vt 0.375000 1.000000
vt 0.425748 0.500000
vt 0.424191 0.625000
vt 0.375000 0.250000
vt 0.426267 0.250000
vt 0.426267 0.375000
vt 0.375000 0.375000
vt 0.375000 0.000000
vt 0.425246 0.000000
vt 0.426097 0.125000
vt 0.375000 0.125000
vt 0.475492 0.000000
vt 0.550246 0.000000
vt 0.551097 0.125000
vt 0.482981 0.125000
vt 0.625000 0.000000
vt 0.625000 0.125000
vt 0.625000 0.250000
vt 0.551267 0.250000
vt 0.483661 0.250000
vt 0.551267 0.375000
vt 0.483661 0.375000
vt 0.625000 0.375000
vt 0.625000 0.500000
vt 0.551616 0.500000
vt 0.483661 0.500000
vt 0.552663 0.625000
vt 0.483661 0.625000
vt 0.638957 0.625000
vt 0.625000 0.750000
vt 0.551616 0.750000
vt 0.483661 0.750000
vt 0.551097 0.875000
vt 0.482981 0.875000
vt 0.625000 0.875000
vt 0.625000 1.000000
vt 0.550246 1.000000
vt 0.475492 1.000000
vt 0.125000 0.500000
vt 0.250000 0.500000
vt 0.247924 0.625000
vt 0.125000 0.625000
vt 0.375000 0.500000
vt 0.354235 0.625000
vt 0.375000 0.750000
vt 0.250000 0.750000
vt 0.125000 0.750000
vt 0.750000 0.500000
vt 0.751396 0.625000
vt 0.875000 0.500000
vt 0.875000 0.625000
vt 0.875000 0.750000
vt 0.750000 0.750000
vt 0.425748 0.750000
vt 0.426097 0.875000
vt 0.375000 0.875000
vt 0.425246 1.000000
vt 0.375000 1.000000
vt 0.425748 0.500000
vt 0.424191 0.625000
vt 0.375000 0.250000
vt 0.426267 0.250000
vt 0.426267 0.375000
vt 0.375000 0.375000
vt 0.375000 0.000000
vt 0.425246 0.000000
vt 0.426097 0.125000
vt 0.375000 0.125000
vt 0.475492 0.000000
vt 0.550246 0.000000
vt 0.551097 0.125000
vt 0.482981 0.125000
vt 0.625000 0.000000
vt 0.625000 0.125000
vt 0.625000 0.250000
vt 0.551267 0.250000
vt 0.483661 0.250000
vt 0.551267 0.375000
vt 0.483661 0.375000
vt 0.625000 0.375000
vt 0.625000 0.500000
vt 0.551616 0.500000
vt 0.483661 0.500000
vt 0.552663 0.625000
vt 0.483661 0.625000
vt 0.638957 0.625000
vt 0.625000 0.750000
vt 0.551616 0.750000
vt 0.483661 0.750000
vt 0.551097 0.875000
vt 0.482981 0.875000
vt 0.625000 0.875000
vt 0.625000 1.000000
vt 0.550246 1.000000
vt 0.475492 1.000000
vt 0.125000 0.500000
vt 0.250000 0.500000
vt 0.247924 0.625000
vt 0.125000 0.625000
vt 0.375000 0.500000
vt 0.354235 0.625000
vt 0.375000 0.750000
vt 0.250000 0.750000
vt 0.125000 0.750000
vt 0.750000 0.500000
vt 0.751396 0.625000
vt 0.875000 0.500000
vt 0.875000 0.625000
vt 0.875000 0.750000
vt 0.750000 0.750000
vt 0.425748 0.750000
vt 0.426097 0.875000
vt 0.375000 0.875000
vt 0.425246 1.000000
vt 0.375000 1.000000
vt 0.425748 0.500000
vt 0.424191 0.625000
vt 0.375000 0.250000
vt 0.426267 0.250000
vt 0.426267 0.375000
vt 0.375000 0.375000
vt 0.375000 0.000000
vt 0.425246 0.000000
vt 0.426097 0.125000
vt 0.375000 0.125000
vt 0.475492 0.000000
vt 0.550246 0.000000
vt 0.551097 0.125000
vt 0.482981 0.125000
vt 0.625000 0.000000
vt 0.625000 0.125000
vt 0.625000 0.250000
vt 0.551267 0.250000
vt 0.483661 0.250000
vt 0.551267 0.375000
vt 0.483661 0.375000
vt 0.625000 0.375000
vt 0.625000 0.500000
vt 0.551616 0.500000
vt 0.483661 0.500000
vt 0.552663 0.625000
vt 0.483661 0.625000
vt 0.638957 0.625000
vt 0.625000 0.750000
vt 0.551616 0.750000
vt 0.483661 0.750000
vt 0.551097 0.875000
vt 0.482981 0.875000
vt 0.625000 0.875000
vt 0.625000 1.000000
vt 0.550246 1.000000
vt 0.475492 1.000000
vt 0.125000 0.500000
vt 0.250000 0.500000
vt 0.247924 0.625000
vt 0.125000 0.625000
vt 0.375000 0.500000
vt 0.354235 0.625000
vt 0.375000 0.750000
vt 0.250000 0.750000
vt 0.125000 0.750000
vt 0.750000 0.500000
vt 0.751396 0.625000
vt 0.875000 0.500000
vt 0.875000 0.625000
vt 0.875000 0.750000
vt 0.750000 0.750000
vt 0.425748 0.750000
vt 0.426097 0.875000
vt 0.375000 0.875000
vt 0.425246 1.000000
vt 0.375000 1.000000
vt 0.425748 0.500000
vt 0.424191 0.625000
vt 0.375000 0.250000
vt 0.426267 0.250000
vt 0.426267 0.375000
vt 0.375000 0.375000
vt 0.375000 0.000000
vt 0.425246 0.000000
vt 0.426097 0.125000
vt 0.375000 0.125000
vt 0.475492 0.000000
vt 0.550246 0.000000
vt 0.551097 0.125000
vt 0.482981 0.125000
vt 0.625000 0.000000
vt 0.625000 0.125000
vt 0.625000 0.250000
vt 0.551267 0.250000
vt 0.483661 0.250000
vt 0.551267 0.375000
vt 0.483661 0.375000
vt 0.625000 0.375000
vt 0.625000 0.500000
vt 0.551616 0.500000
vt 0.483661 0.500000
vt 0.552663 0.625000
vt 0.483661 0.625000
vt 0.638957 0.625000
vt 0.625000 0.750000
vt 0.551616 0.750000
vt 0.483661 0.750000
vt 0.551097 0.875000
vt 0.482981 0.875000
vt 0.625000 0.875000
vt 0.625000 1.000000
vt 0.550246 1.000000
vt 0.475492 1.000000
vt 0.125000 0.500000
vt 0.250000 0.500000
vt 0.247924 0.625000
vt 0.125000 0.625000
vt 0.375000 0.500000
vt 0.354235 0.625000
vt 0.375000 0.750000
vt 0.250000 0.750000
vt 0.125000 0.750000
vt 0.750000 0.500000
vt 0.751396 0.625000
vt 0.875000 0.500000
vt 0.875000 0.625000
vt 0.875000 0.750000
vt 0.750000 0.750000
vt 0.425748 0.750000
vt 0.426097 0.875000
vt 0.375000 0.875000
vt 0.425246 1.000000
vt 0.375000 1.000000
vt 0.425748 0.500000
vt 0.424191 0.625000
vt 0.375000 0.250000
vt 0.426267 0.250000
vt 0.426267 0.375000
vt 0.375000 0.375000
vt 0.375000 0.000000
vt 0.425246 0.000000
vt 0.426097 0.125000
vt 0.375000 0.125000
vt 0.475492 0.000000
vt 0.550246 0.000000
vt 0.551097 0.125000
vt 0.482981 0.125000
vt 0.625000 0.000000
vt 0.625000 0.125000
vt 0.625000 0.250000
vt 0.551267 0.250000
vt 0.483661 0.250000
vt 0.551267 0.375000
vt 0.483661 0.375000
vt 0.625000 0.375000
vt 0.625000 0.500000
vt 0.551616 0.500000
vt 0.483661 0.500000
vt 0.552663 0.625000
vt 0.483661 0.625000
vt 0.638957 0.625000
vt 0.625000 0.750000
vt 0.551616 0.750000
vt 0.483661 0.750000
vt 0.551097 0.875000
vt 0.482981 0.875000
vt 0.625000 0.875000
vt 0.625000 1.000000
vt 0.550246 1.000000
vt 0.475492 1.000000
vt 0.125000 0.500000
vt 0.250000 0.500000
vt 0.247924 0.625000
vt 0.125000 0.625000
vt 0.375000 0.500000
vt 0.354235 0.625000
vt 0.375000 0.750000
vt 0.250000 0.750000
vt 0.125000 0.750000
vt 0.750000 0.500000
vt 0.751396 0.625000
vt 0.875000 0.500000
vt 0.875000 0.625000
vt 0.875000 0.750000
vt 0.750000 0.750000
vt 0.425748 0.750000
vt 0.426097 0.875000
vt 0.375000 0.875000
vt 0.425246 1.000000
vt 0.375000 1.000000
vt 0.425748 0.500000
vt 0.424191 0.625000
vt 0.375000 0.250000
vt 0.426267 0.250000
vt 0.426267 0.375000
vt 0.375000 0.375000
vt 0.375000 0.000000
vt 0.425246 0.000000
vt 0.426097 0.125000
vt 0.375000 0.125000
vt 0.475492 0.000000
vt 0.550246 0.000000
vt 0.551097 0.125000
vt 0.482981 0.125000
vt 0.625000 0.000000
vt 0.625000 0.125000
vt 0.625000 0.250000
vt 0.551267 0.250000
vt 0.483661 0.250000
vt 0.551267 0.375000
vt 0.483661 0.375000
vt 0.625000 0.375000
vt 0.625000 0.500000
vt 0.551616 0.500000
vt 0.483661 0.500000
vt 0.552663 0.625000
vt 0.483661 0.625000
vt 0.638957 0.625000
vt 0.625000 0.750000
vt 0.551616 0.750000
vt 0.483661 0.750000
vt 0.551097 0.875000
vt 0.482981 0.875000
vt 0.625000 0.875000
vt 0.625000 1.000000
vt 0.550246 1.000000
vt 0.475492 1.000000
vt 0.125000 0.500000
vt 0.250000 0.500000
vt 0.247924 0.625000
vt 0.125000 0.625000
vt 0.375000 0.500000
vt 0.354235 0.625000
vt 0.375000 0.750000
vt 0.250000 0.750000
vt 0.125000 0.750000
vt 0.750000 0.500000
vt 0.751396 0.625000
vt 0.875000 0.500000
vt 0.875000 0.625000
vt 0.875000 0.750000
vt 0.750000 0.750000
vt 0.425748 0.750000
vt 0.426097 0.875000
vt 0.375000 0.875000
vt 0.425246 1.000000
vt 0.375000 1.000000
vt 0.425748 0.500000
vt 0.424191 0.625000
vt 0.375000 0.250000
vt 0.426267 0.250000
vt 0.426267 0.375000
vt 0.375000 0.375000
vt 0.375000 0.000000
vt 0.425246 0.000000
vt 0.426097 0.125000
vt 0.375000 0.125000
vt 0.475492 0.000000
vt 0.550246 0.000000
vt 0.551097 0.125000
vt 0.482981 0.125000
vt 0.625000 0.000000
vt 0.625000 0.125000
vt 0.625000 0.250000
vt 0.551267 0.250000
vt 0.483661 0.250000
vt 0.551267 0.375000
vt 0.483661 0.375000
vt 0.625000 0.375000
vt 0.625000 0.500000
vt 0.551616 0.500000
vt 0.483661 0.500000
vt 0.552663 0.625000
vt 0.483661 0.625000
vt 0.638957 0.625000
vt 0.625000 0.750000
vt 0.551616 0.750000
vt 0.483661 0.750000
vt 0.551097 0.875000
vt 0.482981 0.875000
vt 0.625000 0.875000
vt 0.625000 1.000000
vt 0.550246 1.000000
vt 0.475492 1.000000
vt 0.125000 0.500000
vt 0.250000 0.500000
vt 0.247924 0.625000
vt 0.125000 0.625000
vt 0.375000 0.500000
vt 0.354235 0.625000
vt 0.375000 0.750000
vt 0.250000 0.750000
vt 0.125000 0.750000
vt 0.750000 0.500000
vt 0.751396 0.625000
vt 0.875000 0.500000
vt 0.875000 0.625000
vt 0.875000 0.750000
vt 0.750000 0.750000
vt 0.425748 0.750000
vt 0.426097 0.875000
vt 0.375000 0.875000
vt 0.425246 1.000000
vt 0.375000 1.000000
vt 0.425748 0.500000
vt 0.424191 0.625000
vt 0.375000 0.250000
vt 0.426267 0.250000
vt 0.426267 0.375000
vt 0.375000 0.375000
vt 0.375000 0.000000
vt 0.425246 0.000000
vt 0.426097 0.125000
vt 0.375000 0.125000
vt 0.475492 0.000000
vt 0.550246 0.000000
vt 0.551097 0.125000
vt 0.482981 0.125000
vt 0.625000 0.000000
vt 0.625000 0.125000
vt 0.625000 0.250000
vt 0.551267 0.250000
vt 0.483661 0.250000
vt 0.551267 0.375000
vt 0.483661 0.375000
vt 0.625000 0.375000
vt 0.625000 0.500000
vt 0.551616 0.500000
vt 0.483661 0.500000
vt 0.552663 0.625000
vt 0.483661 0.625000
vt 0.638957 0.625000
vt 0.625000 0.750000
vt 0.551616 0.750000
vt 0.483661 0.750000
vt 0.551097 0.875000
vt 0.482981 0.875000
vt 0.625000 0.875000
vt 0.625000 1.000000
vt 0.550246 1.000000
vt 0.475492 1.000000
vt 0.125000 0.500000
vt 0.250000 0.500000
vt 0.247924 0.625000
vt 0.125000 0.625000
vt 0.375000 0.500000
vt 0.354235 0.625000
vt 0.375000 0.750000
vt 0.250000 0.750000
vt 0.125000 0.750000
vt 0.750000 0.500000
vt 0.751396 0.625000
vt 0.875000 0.500000
vt 0.875000 0.625000
vt 0.875000 0.750000
vt 0.750000 0.750000
vt 0.425748 0.750000
vt 0.426097 0.875000
vt 0.375000 0.875000
vt 0.425246 1.000000
vt 0.375000 1.000000
vt 0.425748 0.500000
vt 0.424191 0.625000
vt 0.375000 0.250000
vt 0.426267 0.250000
vt 0.426267 0.375000
vt 0.375000 0.375000
vt 0.375000 0.000000
vt 0.425246 0.000000
vt 0.426097 0.125000
vt 0.375000 0.125000
vt 0.475492 0.000000
vt 0.550246 0.000000
vt 0.551097 0.125000
vt 0.482981 0.125000
vt 0.625000 0.000000
vt 0.625000 0.125000
vt 0.625000 0.250000
vt 0.551267 0.250000
vt 0.483661 0.250000
vt 0.551267 0.375000
vt 0.483661 0.375000
vt 0.625000 0.375000
vt 0.625000 0.500000
vt 0.551616 0.500000
vt 0.483661 0.500000
vt 0.552663 0.625000
vt 0.483661 0.625000
vt 0.638957 0.625000
vt 0.625000 0.750000
vt 0.551616 0.750000
vt 0.483661 0.750000
vt 0.551097 0.875000
vt 0.482981 0.875000
vt 0.625000 0.875000
vt 0.625000 1.000000
vt 0.550246 1.000000
vt 0.475492 1.000000
vt 0.125000 0.500000
vt 0.250000 0.500000
vt 0.247924 0.625000
vt 0.125000 0.625000
vt 0.375000 0.500000
vt 0.354235 0.625000
vt 0.375000 0.750000
vt 0.250000 0.750000
vt 0.125000 0.750000
vt 0.750000 0.500000
vt 0.751396 0.625000
vt 0.875000 0.500000
vt 0.875000 0.625000
vt 0.875000 0.750000
vt 0.750000 0.750000
vt 0.425748 0.750000
vt 0.426097 0.875000
vt 0.375000 0.875000
vt 0.425246 1.000000
vt 0.375000 1.000000
vt 0.425748 0.500000
vt 0.424191 0.625000
vt 0.375000 0.250000
vt 0.426267 0.250000
vt 0.426267 0.375000
vt 0.375000 0.375000
vt 0.375000 0.000000
vt 0.425246 0.000000
vt 0.426097 0.125000
vt 0.375000 0.125000
vt 0.000000 0.000000
vt 0.000000 0.000000
vt 0.000000 0.000000
vt 0.000000 0.000000
vt 0.000000 0.000000
vt 0.000000 0.000000
vt 0.000000 0.000000
vt 0.000000 0.000000
vt 0.000000 0.000000
vt 0.000000 0.000000
vt 0.000000 0.000000
vt 0.000000 0.000000
vt 0.000000 0.000000
vt 0.000000 0.000000
vt 0.000000 0.000000
vt 0.000000 0.000000
vt 0.000000 0.000000
vt 0.000000 0.000000
vt 0.000000 0.000000
vt 0.000000 0.000000
vt 0.000000 0.000000
vt 0.000000 0.000000
vt 0.000000 0.000000
vt 0.000000 0.000000
vt 0.000000 0.000000
vt 0.000000 0.000000
vt 0.000000 0.000000
vt 0.000000 0.000000
vt 0.000000 0.000000
vt 0.000000 0.000000
vt 0.000000 0.000000
vt 0.000000 0.000000
vt 0.000000 0.000000
vt 0.000000 0.000000
vt 0.000000 0.000000
vt 0.000000 0.000000
vt 0.000000 0.000000
vt 0.000000 0.000000
vt 0.000000 0.000000
vt 0.000000 0.000000
vt 0.000000 0.000000
vt 0.000000 0.000000
vt 0.000000 0.000000
vt 0.000000 0.000000
vt 0.000000 0.000000
vt 0.000000 0.000000
vt 0.000000 0.000000
vt 0.000000 0.000000
vt 0.000000 0.000000
vt 0.000000 0.000000
vt 0.000000 0.000000
vt 0.000000 0.000000
vt 0.000000 0.000000
vt 0.000000 0.000000
vt 0.000000 0.000000
vt 0.000000 0.000000
vt 0.000000 0.000000
vt 0.000000 0.000000
vt 0.000000 0.000000
vt 0.000000 0.000000
vt 0.000000 0.000000
vt 0.000000 0.000000
vt 0.000000 0.000000
vt 0.000000 0.000000
vt 0.000000 0.000000
vt 0.000000 0.000000
vt 0.000000 0.000000
vt 0.000000 0.000000
vt 0.000000 0.000000
vt 0.000000 0.000000
vt 0.000000 0.000000
vt 0.000000 0.000000
vt 0.000000 0.000000
vt 0.000000 0.000000
vt 0.000000 0.000000
vt 0.000000 0.000000
vt 0.000000 0.000000
vt 0.000000 0.000000
vt 0.000000 0.000000
vt 0.000000 0.000000
vt 0.000000 0.000000
vt 0.000000 0.000000
vt 0.000000 0.000000
vt 0.000000 0.000000
vt 0.000000 0.000000
vt 0.000000 0.000000
vt 0.000000 0.000000
vt 0.000000 0.000000
vt 0.000000 0.000000
vt 0.000000 0.000000
vt 0.000000 0.000000
vt 0.000000 0.000000
vt 0.000000 0.000000
vt 0.000000 0.000000
vt 0.000000 0.000000
vt 0.000000 0.000000
vt 0.000000 0.000000
vt 0.000000 0.000000
vt 0.000000 0.000000
vt 0.000000 0.000000
vt 0.000000 0.000000
vt 0.000000 0.000000
vt 0.000000 0.000000
vt 0.000000 0.000000
vt 0.000000 0.000000
vt 0.000000 0.000000
vt 0.000000 0.000000
vt 0.000000 0.000000
vt 0.000000 0.000000
vt 0.000000 0.000000
vt 0.000000 0.000000
vt 0.000000 0.000000
vt 0.000000 0.000000
vt 0.000000 0.000000
vt 0.000000 0.000000
vt 0.000000 0.000000
vt 0.000000 0.000000
vt 0.000000 0.000000
vt 0.000000 0.000000
vt 0.000000 0.000000
vt 0.000000 0.000000
vt 0.000000 0.000000
vt 0.000000 0.000000
vt 0.000000 0.000000
vt 0.000000 0.000000
vt 0.000000 0.000000
vt 0.000000 0.000000
vt 0.000000 0.000000
vt 0.000000 0.000000
vt 0.000000 0.000000
vt 0.000000 0.000000
vt 0.000000 0.000000
vt 0.000000 0.000000
vt 0.000000 0.000000
vt 0.000000 0.000000
vt 0.000000 0.000000
vt 0.000000 0.000000
vt 0.000000 0.000000
vt 0.000000 0.000000
vt 0.000000 0.000000
vt 0.000000 0.000000
vt 0.000000 0.000000
vt 0.000000 0.000000
vt 0.000000 0.000000
vt 0.000000 0.000000
vt 0.000000 0.000000
vt 0.000000 0.000000
vt 0.000000 0.000000
vt 0.000000 0.000000
vt 0.000000 0.000000
vt 0.000000 0.000000
vt 0.000000 0.000000
vt 0.000000 0.000000
vt 0.000000 0.000000
vt 0.000000 0.000000
vt 0.000000 0.000000
vt 0.000000 0.000000
vt 0.000000 0.000000
vt 0.000000 0.000000
vt 0.000000 0.000000
vt 0.000000 0.000000
vt 0.000000 0.000000
vt 0.000000 0.000000
vt 0.000000 0.000000
vt 0.000000 0.000000
vt 0.000000 0.000000
vt 0.000000 0.000000
vt 0.000000 0.000000
vt 0.000000 0.000000
vt 0.000000 0.000000
vt 0.000000 0.000000
vt 0.000000 0.000000
vt 0.000000 0.000000
vt 0.000000 0.000000
vt 0.000000 0.000000
vt 0.000000 0.000000
vt 0.000000 0.000000
vt 0.000000 0.000000
vt 0.000000 0.000000
vt 0.000000 0.000000
vt 0.000000 0.000000
vt 0.000000 0.000000
vt 0.000000 0.000000
vt 0.000000 0.000000
vt 0.000000 0.000000
vt 0.000000 0.000000
vt 0.000000 0.000000
vt 0.000000 0.000000
vt 0.000000 0.000000
vt 0.000000 0.000000
vt 0.000000 0.000000
vt 0.000000 0.000000
vt 0.000000 0.000000
vt 0.000000 0.000000
vt 0.000000 0.000000
vt 0.000000 0.000000
vt 0.000000 0.000000
vt 0.000000 0.000000
vt 0.000000 0.000000
vt 0.000000 0.000000
vt 0.000000 0.000000
vt 0.000000 0.000000
vt 0.000000 0.000000
vt 0.000000 0.000000
vt 0.000000 0.000000
vt 0.000000 0.000000
vt 0.000000 0.000000
vt 0.000000 0.000000
vt 0.000000 0.000000
vt 0.000000 0.000000
vt 0.000000 0.000000
vt 0.000000 0.000000
vt 0.000000 0.000000
vt 0.000000 0.000000
vt 0.000000 0.000000
vt 0.000000 0.000000
vt 0.000000 0.000000
vt 0.000000 0.000000
vt 0.000000 0.000000
vt 0.000000 0.000000
vt 0.000000 0.000000
vt 0.000000 0.000000
vt 0.000000 0.000000
vt 0.000000 0.000000
vt 0.000000 0.000000
vt 0.000000 0.000000
vt 0.000000 0.000000
vt 0.000000 0.000000
vt 0.000000 0.000000
vt 0.000000 0.000000
vt 0.000000 0.000000
vt 0.000000 0.000000
vt 0.000000 0.000000
vt 0.000000 0.000000
vt 0.000000 0.000000
vt 0.000000 0.000000
vt 0.000000 0.000000
vt 0.000000 0.000000
vt 0.000000 0.000000
vt 0.000000 0.000000
vt 0.000000 0.000000
vt 0.000000 0.000000
vt 0.000000 0.000000
vt 0.000000 0.000000
vt 0.000000 0.000000
vt 0.000000 0.000000
vt 0.000000 0.000000
vt 0.000000 0.000000
vt 0.000000 0.000000
vt 0.000000 0.000000
vt 0.000000 0.000000
vt 0.000000 0.000000
vt 0.000000 0.000000
vt 0.000000 0.000000
vt 0.000000 0.000000
vt 0.000000 0.000000
vt 0.000000 0.000000
vt 0.000000 0.000000
vt 0.000000 0.000000
vt 0.000000 0.000000
vt 0.000000 0.000000
vt 0.000000 0.000000
vt 0.000000 0.000000
vt 0.000000 0.000000
vt 0.000000 0.000000
vt 0.000000 0.000000
vt 0.000000 0.000000
vt 0.000000 0.000000
vt 0.000000 0.000000
vt 0.000000 0.000000
vt 0.000000 0.000000
vt 0.000000 0.000000
vt 0.000000 0.000000
vt 0.000000 0.000000
vt 0.000000 0.000000
vt 0.000000 0.000000
vt 0.000000 0.000000
vt 0.000000 0.000000
vt 0.000000 0.000000
vt 0.000000 0.000000
vt 0.000000 0.000000
vt 0.000000 0.000000
vt 0.000000 0.000000
vt 0.000000 0.000000
vt 0.000000 0.000000
vt 0.000000 0.000000
vt 0.000000 0.000000
vt 0.000000 0.000000
vt 0.000000 0.000000
vt 0.000000 0.000000
vt 0.000000 0.000000
vt 0.000000 0.000000
vt 0.000000 0.000000
vt 0.000000 0.000000
vt 0.000000 0.000000
vt 0.000000 0.000000
vt 0.000000 0.000000
vt 0.000000 0.000000
vt 0.000000 0.000000
vt 0.000000 0.000000
vt 0.000000 0.000000
vt 0.000000 0.000000
vt 0.000000 0.000000
vt 0.000000 0.000000
vt 0.000000 0.000000
vt 0.000000 0.000000
vt 0.000000 0.000000
vt 0.000000 0.000000
vt 0.000000 0.000000
vt 0.000000 0.000000
vt 0.000000 0.000000
vt 0.000000 0.000000
vt 0.000000 0.000000
vt 0.000000 0.000000
vt 0.000000 0.000000
vt 0.000000 0.000000
vt 0.000000 0.000000
vt 0.000000 0.000000
vt 0.000000 0.000000
vt 0.000000 0.000000
vt 0.000000 0.000000
vt 0.000000 0.000000
vt 0.000000 0.000000
vt 0.000000 0.000000
vt 0.000000 0.000000
vt 0.000000 0.000000
vt 0.000000 0.000000
vt 0.000000 0.000000
vt 0.000000 0.000000
vt 0.000000 0.000000
vt 0.000000 0.000000
vt 0.000000 0.000000
vt 0.000000 0.000000
vt 0.000000 0.000000
vt 0.000000 0.000000
vt 0.000000 0.000000
vt 0.000000 0.000000
vt 0.000000 0.000000
vt 0.000000 0.000000
vt 0.000000 0.000000
vt 0.000000 0.000000
vt 0.000000 0.000000
vt 0.000000 0.000000
vt 0.000000 0.000000
vt 0.000000 0.000000
vt 0.000000 0.000000
vt 0.375000 0.000000
vt 0.500000 0.000000
vt 0.500000 0.125000
vt 0.375000 0.125000
vt 0.625000 0.000000
vt 0.625000 0.125000
vt 0.625000 0.250000
vt 0.500000 0.250000
vt 0.375000 0.250000
vt 0.500000 0.375000
vt 0.375000 0.375000
vt 0.625000 0.375000
vt 0.625000 0.500000
vt 0.500000 0.500000
vt 0.375000 0.500000
vt 0.500000 0.625000
vt 0.375000 0.625000
vt 0.625000 0.625000
vt 0.625000 0.750000
vt 0.500000 0.750000
vt 0.375000 0.750000
vt 0.500000 0.875000
vt 0.375000 0.875000
vt 0.625000 0.875000
vt 0.625000 1.000000
vt 0.500000 1.000000
vt 0.375000 1.000000
vt 0.125000 0.500000
vt 0.250000 0.500000
vt 0.250000 0.625000
vt 0.125000 0.625000
vt 0.250000 0.750000
vt 0.125000 0.750000
vt 0.750000 0.500000
vt 0.750000 0.625000
vt 0.875000 0.500000
vt 0.875000 0.625000
vt 0.875000 0.750000
vt 0.750000 0.750000
vt 0.375000 0.000000
vt 0.500000 0.000000
vt 0.500000 0.125000
vt 0.375000 0.125000
vt 0.625000 0.000000
vt 0.625000 0.125000
vt 0.625000 0.250000
vt 0.500000 0.250000
vt 0.375000 0.250000
vt 0.500000 0.375000
vt 0.375000 0.375000
vt 0.625000 0.375000
vt 0.625000 0.500000
vt 0.500000 0.500000
vt 0.375000 0.500000
vt 0.500000 0.625000
vt 0.375000 0.625000
vt 0.625000 0.625000
vt 0.625000 0.750000
vt 0.500000 0.750000
vt 0.375000 0.750000
vt 0.500000 0.875000
vt 0.375000 0.875000
vt 0.625000 0.875000
vt 0.625000 1.000000
vt 0.500000 1.000000
vt 0.375000 1.000000
vt 0.125000 0.500000
vt 0.250000 0.500000
vt 0.250000 0.625000
vt 0.125000 0.625000
vt 0.250000 0.750000
vt 0.125000 0.750000
vt 0.750000 0.500000
vt 0.750000 0.625000
vt 0.875000 0.500000
vt 0.875000 0.625000
vt 0.875000 0.750000
vt 0.750000 0.750000
vn 0.4977 0.4993 -0.7093
vn 0.5828 0.2583 -0.7705
vn -0.3885 -0.2198 -0.8949
vn -0.3717 -0.1599 -0.9145
vn -0.7299 -0.5601 -0.3919
vn -0.7788 -0.4806 -0.4031
vn -0.7900 -0.6107 0.0541
vn -0.7396 -0.6730 0.0050
vn -0.4106 -0.6123 0.6756
vn -0.4257 -0.6527 0.6266
vn 0.5439 -0.1933 0.8166
vn 0.4586 0.0449 0.8875
vn 0.7913 0.4869 0.3697
vn 0.9310 0.2511 0.2650
vn 0.9387 0.3410 -0.0507
vn 0.8009 0.5984 -0.0219
vn -0.7941 0.0682 -0.6040
vn -0.8214 -0.2495 0.5128
vn -0.1277 0.6168 0.7767
vn -0.1003 0.9348 -0.3408
vn -0.7163 -0.6347 0.2900
vn -0.6942 -0.3779 -0.6127
vn 0.8939 0.1218 -0.4314
vn 0.8718 -0.1350 0.4709
vn 0.3567 0.7880 0.5018
vn 0.6170 0.6668 0.4179
vn 0.6266 0.7789 0.0239
vn 0.3689 0.9295 0.0047
vn -0.4024 -0.5505 0.7314
vn -0.3675 -0.6481 0.6669
vn 0.3402 0.1873 0.9215
vn 0.0832 0.3675 0.9263
vn -0.5383 -0.7577 -0.3690
vn -0.6064 -0.6772 -0.4168
vn -0.6159 -0.7873 -0.0298
vn -0.5447 -0.8314 -0.1097
vn 0.1203 0.7988 -0.5895
vn 0.3792 0.6397 -0.6686
vn -0.3286 -0.1954 -0.9240
vn -0.3617 -0.0780 -0.9290
vn 0.0324 0.4741 0.8799
vn -0.1451 0.2918 0.9454
vn 0.4362 -0.5905 0.6790
vn 0.4583 -0.5367 0.7085
vn 0.4108 -0.9097 0.0603
vn 0.4945 -0.8670 0.0606
vn 0.3187 -0.8678 -0.3812
vn 0.2582 -0.9104 -0.3232
vn -0.1531 -0.5394 -0.8280
vn -0.1488 -0.5931 -0.7913
vn -0.7553 0.2891 -0.5882
vn -0.5815 0.4714 -0.6631
vn -0.4929 0.8697 -0.0246
vn -0.7012 0.7057 0.1011
vn -0.5799 0.7063 0.4062
vn -0.3423 0.8704 0.3539
vn 0.8408 -0.4563 0.2912
vn 0.4115 -0.4582 -0.7879
vn 0.2205 0.6642 -0.7143
vn 0.6502 0.6661 0.3655
vn 0.1852 -0.7952 -0.5774
vn 0.5322 -0.7936 0.2948
vn -0.5574 0.4027 0.7260
vn -0.9043 0.4012 -0.1458
vn -0.0168 0.9618 -0.2732
vn -0.2703 0.9559 -0.1146
vn -0.1189 0.9566 0.2661
vn 0.1743 0.9627 0.2071
vn -0.1425 -0.4688 -0.8717
vn -0.2045 -0.5525 -0.8080
vn -0.4203 0.5475 -0.7236
vn -0.1187 0.5853 -0.8021
vn 0.1467 -0.9852 0.0885
vn 0.2561 -0.9596 0.1164
vn 0.1073 -0.9603 -0.2576
vn 0.0470 -0.9857 -0.1621
vn 0.4641 0.5879 0.6626
vn 0.1910 0.5502 0.8129
vn 0.4072 -0.5498 0.7293
vn 0.4959 -0.4660 0.7328
vn -0.3105 0.4742 -0.8238
vn -0.2112 0.2615 -0.9418
vn -0.7746 -0.4940 -0.3949
vn -0.7971 -0.4369 -0.4169
vn -0.5514 -0.8141 0.1823
vn -0.6189 -0.7561 0.2128
vn -0.2789 -0.7919 0.5433
vn -0.2563 -0.8451 0.4691
vn 0.3853 -0.5613 0.7325
vn 0.3568 -0.6131 0.7049
vn 0.9690 0.1374 0.2053
vn 0.8768 0.3493 0.3304
vn 0.6030 0.7592 -0.2451
vn 0.7081 0.5587 -0.4318
vn 0.4733 0.5834 -0.6600
vn 0.3117 0.7898 -0.5282
vn -0.9516 -0.2859 0.1125
vn -0.1212 -0.3733 0.9198
vn 0.2158 0.6919 0.6890
vn -0.6152 0.7793 -0.1188
vn -0.0655 -0.7467 0.6619
vn -0.7367 -0.6761 0.0094
vn 0.2674 0.2907 -0.9187
vn 0.9384 0.2201 -0.2665
vn 0.2971 0.9400 0.1680
vn 0.4567 0.8861 -0.0791
vn 0.1637 0.9169 -0.3639
vn -0.0726 0.9788 -0.1913
vn 0.4064 -0.4900 0.7712
vn 0.4206 -0.5839 0.6944
vn 0.7714 0.4547 0.4453
vn 0.5412 0.5492 0.6367
vn -0.3406 -0.9386 0.0548
vn -0.4453 -0.8925 0.0720
vn -0.1575 -0.9227 0.3517
vn -0.1477 -0.9589 0.2422
vn -0.5860 0.6679 -0.4590
vn -0.4110 0.5791 -0.7041
vn -0.7625 -0.4594 -0.4556
vn -0.8284 -0.3601 -0.4290
vn 0.6888 0.3147 0.6530
vn 0.5658 0.1453 0.8117
vn 0.6472 -0.7403 0.1819
vn 0.6931 -0.6949 0.1916
vn 0.1637 -0.9475 -0.2749
vn 0.2337 -0.9151 -0.3286
vn -0.1831 -0.8228 -0.5381
vn -0.1981 -0.8673 -0.4567
vn -0.7563 -0.3738 -0.5369
vn -0.7397 -0.4330 -0.5152
vn -0.8808 0.4658 0.0845
vn -0.7667 0.6372 -0.0786
vn -0.2085 0.9116 0.3543
vn -0.3114 0.7535 0.5791
vn -0.0237 0.6897 0.7237
vn 0.1485 0.8325 0.5338
vn 0.7178 -0.5899 -0.3699
vn -0.3002 -0.3644 -0.8816
vn -0.1740 0.7445 -0.6446
vn 0.8446 0.5188 -0.1326
vn -0.3947 -0.7040 -0.5904
vn 0.4281 -0.8863 -0.1769
vn 0.1420 0.3367 0.9308
vn -0.6804 0.5189 0.5175
vn -0.0031 0.9895 -0.1443
vn -0.0870 0.9859 0.1427
vn 0.2721 0.9064 0.3232
vn 0.4500 0.8891 0.0834
vn -0.7632 -0.2985 -0.5730
vn -0.7835 -0.3842 -0.4883
vn -0.6730 0.7037 -0.2277
vn -0.4954 0.7199 -0.4861
vn -0.0264 -0.9964 -0.0806
vn 0.0770 -0.9882 -0.1320
vn -0.2757 -0.9101 -0.3093
vn -0.2627 -0.9440 -0.1994
vn 0.8862 0.4138 0.2084
vn 0.7764 0.3826 0.5008
vn 0.6667 -0.7055 0.2406
vn 0.7503 -0.6339 0.1878
vn -0.7125 0.5948 -0.3723
vn -0.7672 0.3815 -0.5155
vn -0.8955 -0.3245 0.3045
vn -0.9162 -0.2626 0.3027
vn -0.3904 -0.7302 0.5607
vn -0.4040 -0.6655 0.6276
vn 0.0557 -0.7865 0.6151
vn 0.0086 -0.8352 0.5499
vn 0.6825 -0.6834 0.2593
vn 0.6342 -0.7271 0.2630
vn 0.8284 -0.0384 -0.5589
vn 0.8929 0.1723 -0.4159
vn 0.3707 0.6742 -0.6388
vn 0.2731 0.4786 -0.8345
vn -0.0443 0.5621 -0.8259
vn -0.0230 0.7778 -0.6281
vn -0.6168 -0.1411 0.7744
vn 0.5060 -0.4366 0.7439
vn 0.7614 0.5791 0.2915
vn -0.3621 0.8748 0.3220
vn 0.2930 -0.7874 0.5423
vn -0.6145 -0.5486 0.5670
vn -0.4208 0.3322 -0.8441
vn 0.4863 0.0934 -0.8688
vn 0.4900 0.8603 -0.1407
vn 0.4125 0.8060 -0.4245
vn 0.0164 0.9103 -0.4137
vn -0.0098 0.9918 -0.1271
vn 0.7371 -0.6205 0.2677
vn 0.6752 -0.7075 0.2085
vn 0.9221 0.2815 -0.2653
vn 0.9194 0.3924 0.0284
vn -0.3605 -0.8737 0.3267
vn -0.4110 -0.8134 0.4116
vn -0.0220 -0.9158 0.4011
vn -0.0998 -0.9423 0.3196
vn -0.6046 0.7934 0.0698
vn -0.6765 0.7022 -0.2219
vn -0.9243 -0.2866 0.2520
vn -0.9323 -0.1812 0.3130
vn 0.9093 0.1412 0.3914
vn 0.8503 -0.0801 0.5202
vn 0.6219 -0.7036 -0.3439
vn 0.6703 -0.6603 -0.3387
vn -0.0150 -0.7902 -0.6126
vn 0.0294 -0.7366 -0.6757
vn -0.4302 -0.6157 -0.6602
vn -0.4140 -0.6853 -0.5991
vn -0.9281 -0.2400 -0.2846
vn -0.9076 -0.3014 -0.2921
vn -0.7451 0.3394 0.5742
vn -0.6958 0.5632 0.4457
vn 0.0037 0.7270 0.6867
vn -0.0099 0.4966 0.8679
vn 0.3075 0.4132 0.8572
vn 0.3974 0.6234 0.6734
vn 0.4747 -0.3771 -0.7953
vn -0.6479 -0.0819 -0.7573
vn -0.3735 0.8964 -0.2385
vn 0.7498 0.6011 -0.2765
vn -0.6378 -0.5041 -0.5822
vn 0.2695 -0.7427 -0.6129
vn 0.5213 0.0269 0.8529
vn -0.3857 0.2653 0.8836
vn -0.0031 0.9790 0.2036
vn 0.0346 0.8756 0.4817
vn 0.4306 0.7715 0.4683
vn 0.4966 0.8477 0.1867
vn -0.9445 -0.1579 -0.2880
vn -0.9342 -0.2677 -0.2356
vn -0.6658 0.6819 0.3027
vn -0.6057 0.7955 0.0163
vn -0.1142 -0.9149 -0.3871
vn -0.0396 -0.8821 -0.4694
vn -0.4287 -0.7798 -0.4562
vn -0.3749 -0.8464 -0.3783
vn 0.9181 0.3948 -0.0353
vn 0.9326 0.2616 0.2486
vn 0.6651 -0.6883 -0.2898
vn 0.7247 -0.5968 -0.3445
vn 0.9578 0.0777 -0.2767
vn 0.9632 -0.1748 -0.2042
vn 0.1485 -0.5322 -0.8335
vn 0.1948 -0.4892 -0.8501
vn -0.5171 -0.5764 -0.6327
vn -0.5160 -0.5040 -0.6926
vn -0.8360 -0.4221 -0.3506
vn -0.7949 -0.5053 -0.3359
vn -0.9182 -0.2043 0.3393
vn -0.9165 -0.2595 0.3046
vn -0.1477 0.1096 0.9829
vn -0.1599 0.3638 0.9177
vn 0.5466 0.4937 0.6764
vn 0.6185 0.2201 0.7543
vn 0.8395 0.1636 0.5181
vn 0.8208 0.4235 0.3834
vn -0.2034 -0.0980 -0.9742
vn -0.9850 0.1021 -0.1388
vn -0.3044 0.9017 0.3071
vn 0.4778 0.7015 -0.5288
vn -0.9271 -0.3514 -0.1308
vn -0.2953 -0.5131 -0.8059
vn 0.9424 -0.1904 0.2751
vn 0.3108 -0.0288 0.9500
vn 0.2698 0.8748 0.4023
vn 0.4608 0.6974 0.5490
vn 0.7365 0.6268 0.2543
vn 0.6178 0.7858 0.0305
vn -0.9209 -0.1260 0.3689
vn -0.8956 -0.2455 0.3709
vn -0.2112 0.5207 0.8272
vn -0.3320 0.7164 0.6136
vn -0.4663 -0.7675 -0.4400
vn -0.4577 -0.7075 -0.5386
vn -0.7285 -0.6381 -0.2491
vn -0.6478 -0.7210 -0.2460
vn 0.7290 0.4449 -0.5202
vn 0.9018 0.2358 -0.3622
vn 0.2180 -0.5305 -0.8191
vn 0.2414 -0.4236 -0.8731
vn -0.3982 0.4116 -0.8198
vn -0.3754 0.1665 -0.9118
vn -0.9306 -0.3440 -0.1252
vn -0.9457 -0.2869 -0.1529
vn -0.6438 -0.6220 0.4456
vn -0.6887 -0.5458 0.4772
vn -0.2933 -0.6146 0.7322
vn -0.3006 -0.6818 0.6669
vn 0.4294 -0.5263 0.7339
vn 0.3852 -0.5731 0.7233
vn 0.9970 -0.0724 -0.0267
vn 0.9827 0.1712 0.0707
vn 0.6664 0.5479 -0.5057
vn 0.6804 0.3033 -0.6671
vn 0.4074 0.3508 -0.8432
vn 0.3277 0.6069 -0.7241
vn -0.9336 -0.0287 0.3571
vn 0.0321 -0.1968 0.9799
vn 0.5115 0.7111 0.4825
vn -0.4549 0.8793 -0.1408
vn -0.0530 -0.6057 0.7939
vn -0.8336 -0.4698 0.2905
vn 0.0902 0.0824 -0.9925
vn 0.8705 -0.0535 -0.4893
vn 0.5127 0.8546 -0.0823
vn 0.5934 0.7289 -0.3414
vn 0.2527 0.7882 -0.5611
vn 0.0828 0.9295 -0.3595
vn 0.4731 -0.4575 0.7529
vn 0.4491 -0.5620 0.6946
vn 0.9317 0.3142 0.1819
vn 0.7788 0.4881 0.3939
vn -0.4998 -0.8108 0.3047
vn -0.5857 -0.7388 0.3335
vn -0.2510 -0.7970 0.5493
vn -0.2755 -0.8498 0.4493
vn -0.5320 0.7163 -0.4514
vn -0.4433 0.5537 -0.7049
vn -0.9268 -0.3225 -0.1927
vn -0.9628 -0.2075 -0.1732
vn -0.7678 0.4937 0.4083
vn -0.9030 0.2864 0.3203
vn -0.3202 -0.4945 0.8080
vn -0.3377 -0.4371 0.8336
vn 0.2174 -0.8282 0.5165
vn 0.2572 -0.7724 0.5808
vn 0.5458 -0.8125 0.2050
vn 0.4679 -0.8631 0.1903
vn 0.6658 -0.5767 -0.4734
vn 0.6400 -0.6281 -0.4426
vn 0.0986 0.1471 -0.9842
vn 0.2399 0.3536 -0.9041
vn -0.2874 0.7761 -0.5613
vn -0.4911 0.5832 -0.6471
vn -0.6904 0.6109 -0.3876
vn -0.5346 0.8105 -0.2393
vn 0.2104 -0.3049 0.9288
vn 0.9151 -0.4030 0.0109
vn 0.6818 0.6742 -0.2837
vn -0.0234 0.7723 0.6348
vn 0.6408 -0.7674 -0.0199
vn 0.0712 -0.6882 0.7220
vn -0.9333 0.3228 -0.1574
vn -0.3639 0.2436 -0.8990
vn 0.1633 0.9392 -0.3020
vn -0.1020 0.8955 -0.4331
vn -0.3506 0.9301 -0.1093
vn -0.1504 0.9829 0.1066
vn 0.7041 -0.5064 -0.4977
vn 0.6233 -0.5976 -0.5044
vn 0.3693 0.4536 -0.8110
vn 0.5885 0.5386 -0.6029
vn 0.0630 -0.9454 0.3199
vn 0.0934 -0.9015 0.4226
vn 0.3376 -0.9355 0.1045
vn 0.2266 -0.9681 0.1068
vn -0.3681 0.6717 0.6430
vn -0.6341 0.5933 0.4959
vn -0.3808 -0.4579 0.8033
vn -0.3437 -0.3606 0.8671
vn 0.3959 0.2919 0.8707
vn 0.2467 0.0970 0.9642
vn 0.6278 -0.7042 0.3315
vn 0.6627 -0.6568 0.3598
vn 0.3479 -0.8957 -0.2770
vn 0.4277 -0.8523 -0.3011
vn 0.0960 -0.7694 -0.6316
vn 0.0600 -0.8237 -0.5638
vn -0.4910 -0.3685 -0.7894
vn -0.4760 -0.4283 -0.7681
vn -0.9047 0.3848 -0.1827
vn -0.7626 0.5815 -0.2833
vn -0.4122 0.8478 0.3335
vn -0.5656 0.6583 0.4967
vn -0.3365 0.6011 0.7249
vn -0.1281 0.7768 0.6166
vn 0.8596 -0.4884 -0.1499
vn 0.0494 -0.2859 -0.9570
vn -0.0319 0.7960 -0.6044
vn 0.7788 0.5934 0.2032
vn -0.0981 -0.6620 -0.7430
vn 0.5567 -0.8257 -0.0907
vn -0.2109 0.2409 0.9474
vn -0.8656 0.4045 0.2953
vn -0.0636 0.9963 -0.0581
vn -0.2366 0.9544 0.1822
vn 0.0492 0.8829 0.4669
vn 0.2971 0.9061 0.3011
vn -0.4938 -0.2904 -0.8196
vn -0.5314 -0.3863 -0.7539
vn -0.6329 0.6711 -0.3861
vn -0.3829 0.7294 -0.5668
vn 0.1109 -0.9803 -0.1633
vn 0.2239 -0.9586 -0.1758
vn -0.0568 -0.8884 -0.4555
vn -0.0772 -0.9333 -0.3507
vn 0.7169 0.4546 0.5286
vn 0.5208 0.3828 0.7631
vn 0.6229 -0.6748 0.3959
vn 0.7109 -0.5916 0.3804
vn -0.4716 0.4544 0.7557
vn -0.6332 0.2485 0.7330
vn 0.1107 -0.5414 0.8334
vn 0.1080 -0.4858 0.8674
vn 0.4383 -0.8473 0.3001
vn 0.5044 -0.7937 0.3400
vn 0.5742 -0.8083 -0.1302
vn 0.4988 -0.8600 -0.1080
vn 0.3507 -0.5365 -0.7676
vn 0.3429 -0.5900 -0.7310
vn -0.3910 0.1979 -0.8989
vn -0.2279 0.4035 -0.8861
vn -0.5213 0.7958 -0.3081
vn -0.7417 0.6025 -0.2948
vn -0.7898 0.6126 0.0298
vn -0.5811 0.8083 0.0947
vn 0.6338 -0.3454 0.6921
vn 0.8042 -0.3810 -0.4562
vn 0.4606 0.7036 -0.5412
vn 0.2900 0.7392 0.6078
vn 0.5483 -0.7499 -0.3701
vn 0.4105 -0.7211 0.5580
vn -0.8914 0.3078 0.3327
vn -0.7537 0.2790 -0.5951
vn -0.0009 0.9566 -0.2913
vn -0.2966 0.9132 -0.2796
vn -0.3568 0.9257 0.1255
vn -0.0768 0.9725 0.2199
vn 0.3725 -0.4642 -0.8036
vn 0.2983 -0.5568 -0.7752
vn -0.0693 0.5019 -0.8621
vn 0.2236 0.5817 -0.7821
vn 0.2074 -0.9582 0.1969
vn 0.2840 -0.9188 0.2742
vn 0.3431 -0.9311 -0.1237
vn 0.2470 -0.9665 -0.0697
vn -0.0077 0.6300 0.7765
vn -0.3120 0.5526 0.7728
vn 0.0555 -0.5061 0.8607
vn 0.1191 -0.4112 0.9037
vn -0.6980 0.6250 0.3496
vn -0.8217 0.5552 0.1286
vn -0.8049 -0.5240 0.2785
vn -0.8162 -0.4786 0.3238
vn -0.3100 -0.9501 0.0356
vn -0.2943 -0.9471 0.1283
vn 0.1199 -0.9876 -0.1018
vn 0.0495 -0.9852 -0.1640
vn 0.6242 -0.6193 -0.4763
vn 0.5734 -0.6588 -0.4870
vn 0.6159 0.4146 -0.6699
vn 0.7485 0.4836 -0.4538
vn 0.2608 0.9579 -0.1201
vn 0.0837 0.9320 -0.3526
vn -0.2023 0.9600 -0.1938
vn -0.0940 0.9926 0.0770
vn -0.3785 -0.6715 0.6370
vn 0.6331 -0.7704 0.0751
vn 0.8873 0.3093 0.3421
vn -0.1249 0.4082 0.9043
vn 0.3232 -0.9188 -0.2265
vn -0.4944 -0.8389 0.2276
vn -0.5964 0.7663 -0.2390
vn 0.2209 0.6863 -0.6929
vn 0.5448 0.7794 0.3094
vn 0.3813 0.9189 0.1013
vn 0.0244 0.9538 0.2995
vn 0.0945 0.8234 0.5595
vn 0.6872 -0.5731 -0.4465
vn 0.5992 -0.6046 -0.5249
vn 0.8354 0.4685 -0.2875
vn 0.9338 0.3575 -0.0108
vn -0.3701 -0.9003 -0.2292
vn -0.3847 -0.9158 -0.1154
vn -0.0341 -0.9501 -0.3101
vn -0.1352 -0.9232 -0.3597
vn -0.4393 0.4918 0.7518
vn -0.6050 0.6093 0.5125
vn -0.8420 -0.4638 0.2756
vn -0.8169 -0.4260 0.3889
vn 0.7837 0.3679 -0.5005
vn 0.9132 0.2909 -0.2852
vn 0.5966 -0.7518 -0.2810
vn 0.6132 -0.7163 -0.3331
vn 0.0446 -0.9968 0.0665
vn 0.0181 -0.9996 -0.0236
vn -0.3580 -0.8997 0.2496
vn -0.2818 -0.9101 0.3037
vn -0.6949 -0.3692 0.6172
vn -0.6551 -0.4196 0.6283
vn -0.3923 0.6374 0.6632
vn -0.5299 0.7164 0.4538
vn 0.0157 0.9998 0.0108
vn 0.2091 0.9514 0.2260
vn 0.4689 0.8825 0.0373
vn 0.3379 0.9143 -0.2233
vn 0.1028 -0.8141 -0.5716
vn -0.8159 -0.5702 0.0958
vn -0.8136 0.5025 -0.2924
vn 0.1057 0.2586 -0.9602
vn -0.5180 -0.7648 0.3831
vn 0.2245 -0.9618 -0.1564
vn 0.8015 0.5939 0.0698
vn 0.0592 0.7909 0.6091
vn -0.3594 0.8612 -0.3595
vn -0.1391 0.9719 -0.1901
vn 0.1850 0.8859 -0.4255
vn 0.0496 0.7527 -0.6565
vn -0.7471 -0.3107 0.5876
vn -0.6606 -0.3567 0.6606
vn -0.6390 0.7080 0.3006
vn -0.7987 0.5993 0.0532
vn 0.1502 -0.9373 0.3146
vn 0.1450 -0.9683 0.2032
vn -0.1733 -0.8838 0.4345
vn -0.0631 -0.8807 0.4695
vn 0.4482 0.2684 -0.8527
vn 0.6691 0.3609 -0.6496
vn 0.6482 -0.7040 -0.2902
vn 0.6189 -0.6732 -0.4047
vn 0.9042 0.4271 -0.0000
vn 0.9757 0.1948 0.0998
vn 0.5749 -0.4405 -0.6895
vn 0.6057 -0.3836 -0.6972
vn -0.0596 -0.7284 -0.6826
vn -0.0657 -0.6608 -0.7477
vn -0.4825 -0.7029 -0.5226
vn -0.4213 -0.7649 -0.4873
vn -0.8437 -0.5299 0.0854
vn -0.8120 -0.5806 0.0593
vn -0.4709 0.0488 0.8808
vn -0.5513 0.2801 0.7859
vn 0.1014 0.6626 0.7421
vn 0.2376 0.4354 0.8683
vn 0.5253 0.4645 0.7129
vn 0.4584 0.6986 0.5493
vn 0.1538 -0.1683 -0.9737
vn -0.8641 -0.2711 -0.4240
vn -0.6814 0.7249 0.1015
vn 0.3372 0.8277 -0.4485
vn -0.6554 -0.6706 -0.3475
vn 0.1674 -0.5876 -0.7917
vn 0.8157 0.1734 0.5518
vn -0.0067 0.0904 0.9959
vn -0.1936 0.9132 0.3585
vn -0.0072 0.8196 0.5729
vn 0.3519 0.8559 0.3790
vn 0.2596 0.9590 0.1139
vn -0.8828 -0.4582 0.1038
vn -0.8190 -0.5597 0.1267
vn -0.6242 0.4066 0.6671
vn -0.7345 0.5432 0.4067
vn -0.0064 -0.8865 -0.4626
vn 0.0103 -0.8278 -0.5609
vn -0.3424 -0.8634 -0.3705
vn -0.2428 -0.9104 -0.3350
vn 0.6472 0.6827 -0.3393
vn 0.8252 0.5530 -0.1155
vn 0.6313 -0.4133 -0.6563
vn 0.6308 -0.3054 -0.7134
vn 0.7365 0.2762 -0.6175
vn 0.8157 0.0289 -0.5777
vn -0.1037 -0.4756 -0.8735
vn -0.0765 -0.4239 -0.9025
vn -0.6139 -0.6583 -0.4356
vn -0.6498 -0.5861 -0.4839
vn -0.8156 -0.5773 -0.0383
vn -0.7578 -0.6506 -0.0489
vn -0.6531 -0.3932 0.6471
vn -0.6555 -0.4463 0.6092
vn 0.2402 0.0595 0.9689
vn 0.1574 0.3070 0.9386
vn 0.6727 0.5826 0.4561
vn 0.8177 0.3280 0.4730
vn 0.9322 0.3219 0.1653
vn 0.8148 0.5750 0.0744
vn -0.5543 -0.1199 -0.8236
vn -0.9593 -0.0984 0.2647
vn -0.3131 0.8151 0.4875
vn 0.0921 0.7935 -0.6015
vn -0.8224 -0.5306 0.2054
vn -0.4951 -0.5480 -0.6743
vn 0.9913 0.0007 -0.1319
vn 0.6641 0.0181 0.7474
vn 0.2459 0.9041 0.3495
vn 0.5081 0.7667 0.3925
vn 0.6509 0.7591 0.0086
vn 0.4262 0.8945 -0.1350
vn -0.6577 -0.3177 0.6830
vn -0.6128 -0.4295 0.6634
vn 0.0470 0.4518 0.8909
vn -0.1822 0.6226 0.7610
vn -0.4569 -0.8384 -0.2973
vn -0.4993 -0.7761 -0.3852
vn -0.6396 -0.7687 -0.0080
vn -0.5509 -0.8334 -0.0446
vn 0.3674 0.5934 -0.7161
vn 0.6235 0.4211 -0.6587
vn -0.0358 -0.4602 -0.8871
vn -0.0556 -0.3497 -0.9352
vn 0.2406 0.4368 0.8668
vn -0.0010 0.3582 0.9336
vn 0.1140 -0.7009 0.7041
vn 0.1580 -0.6620 0.7326
vn -0.0511 -0.9942 0.0942
vn 0.0429 -0.9945 0.0951
vn -0.1113 -0.9301 -0.3501
vn -0.1849 -0.9383 -0.2922
vn -0.3781 -0.4380 -0.8156
vn -0.3990 -0.4865 -0.7772
vn -0.5361 0.5819 -0.6116
vn -0.2977 0.6619 -0.6879
vn -0.0404 0.9974 -0.0592
vn -0.3014 0.9512 0.0667
vn -0.1950 0.9067 0.3741
vn 0.0916 0.9422 0.3222
vn 0.5374 -0.7797 0.3213
vn 0.1609 -0.6223 -0.7660
vn 0.5040 0.4650 -0.7279
vn 0.8807 0.3076 0.3602
vn -0.1957 -0.8112 -0.5510
vn 0.1087 -0.9385 0.3279
vn -0.3157 0.6376 0.7027
vn -0.6199 0.7648 -0.1758
vn 0.4265 0.8532 -0.3003
vn 0.1974 0.9693 -0.1469
vn 0.3303 0.9137 0.2367
vn 0.5941 0.7831 0.1837
vn -0.3361 -0.3815 -0.8611
vn -0.4299 -0.4254 -0.7964
vn -0.1193 0.6538 -0.7472
vn 0.1667 0.5469 -0.8205
vn -0.3206 -0.9397 0.1190
vn -0.2118 -0.9660 0.1485
vn -0.3423 -0.9114 -0.2283
vn -0.4081 -0.9032 -0.1334
vn 0.6778 0.3333 0.6554
vn 0.4169 0.4297 0.8010
vn 0.1065 -0.6497 0.7527
vn 0.2237 -0.6156 0.7556
vn 0.4761 0.4501 -0.7555
vn 0.6599 0.2704 -0.7010
vn 0.0346 -0.6180 -0.7854
vn 0.0333 -0.5655 -0.8241
vn -0.2981 -0.9204 -0.2532
vn -0.3666 -0.8797 -0.3029
vn -0.4761 -0.8648 0.1596
vn -0.3931 -0.9075 0.1483
vn -0.3473 -0.5139 0.7844
vn -0.3295 -0.5687 0.7537
vn 0.2801 0.3219 0.9044
vn 0.0940 0.5020 0.8598
vn 0.3860 0.8814 0.2724
vn 0.6294 0.7191 0.2946
vn 0.7049 0.7088 -0.0247
vn 0.4797 0.8686 -0.1238
vn -0.5198 -0.4833 -0.7045
vn -0.7870 -0.4470 0.4252
vn -0.5932 0.6772 0.4354
vn -0.3257 0.6410 -0.6950
vn -0.4795 -0.7840 0.3942
vn -0.2635 -0.8133 -0.5188
vn 0.8713 0.3966 -0.2889
vn 0.6554 0.4259 0.6238
vn -0.1470 0.9687 0.1999
vn 0.1517 0.9646 0.2155
vn 0.2460 0.9519 -0.1830
vn -0.0280 0.9526 -0.3029
vn -0.3813 -0.4424 0.8117
vn -0.2937 -0.5263 0.7980
vn -0.0730 0.5758 0.8143
vn -0.3653 0.6086 0.7044
vn -0.0653 -0.9903 -0.1223
vn -0.1390 -0.9681 -0.2087
vn -0.2316 -0.9555 0.1827
vn -0.1273 -0.9819 0.1400
vn -0.0026 0.5594 -0.8289
vn 0.3075 0.5242 -0.7941
vn 0.0871 -0.5780 -0.8114
vn 0.0160 -0.4963 -0.8680
vn 0.0803 0.9499 -0.3021
vn 0.0744 0.9499 0.3037
vn 0.6312 0.7113 0.3091
vn 0.6372 0.7113 -0.2967
vn -0.4358 -0.8529 -0.2874
vn -0.4414 -0.8529 0.2788
vn -0.8460 -0.4569 0.2748
vn -0.8405 -0.4569 -0.2914
vn 0.8760 -0.3402 -0.3419
vn 0.8691 -0.3402 0.3590
vn 0.8568 -0.3703 0.3589
vn 0.8636 -0.3703 -0.3420
vn 0.3281 -0.1063 0.9386
vn -0.3155 0.1744 0.9328
vn -0.3110 0.1822 0.9328
vn 0.3234 -0.1193 0.9387
vn -0.8464 0.4077 0.3426
vn -0.8395 0.4078 -0.3592
vn -0.8268 0.4330 -0.3590
vn -0.8338 0.4330 0.3426
vn -0.2971 0.1744 -0.9388
vn 0.3465 -0.1064 -0.9320
vn 0.3418 -0.1193 -0.9322
vn -0.2926 0.1822 -0.9387
vn 0.8784 -0.3337 -0.3422
vn 0.8715 -0.3337 0.3594
vn 0.8713 -0.3342 0.3593
vn 0.8782 -0.3342 -0.3421
vn 0.3282 -0.1034 0.9389
vn -0.3168 0.1730 0.9326
vn -0.3166 0.1730 0.9327
vn 0.3284 -0.1036 0.9388
vn -0.8485 0.4033 0.3426
vn -0.8416 0.4033 -0.3592
vn -0.2984 0.1730 -0.9386
vn 0.3466 -0.1034 -0.9323
vn 0.3468 -0.1036 -0.9322
vn -0.2982 0.1730 -0.9387
vn 0.8784 -0.3337 -0.3423
vn 0.8715 -0.3336 0.3595
vn 0.8784 -0.3336 -0.3422
vn 0.3282 -0.1033 0.9389
vn -0.8486 0.4032 0.3425
vn -0.8417 0.4033 -0.3592
vn -0.8417 0.4032 -0.3592
vn -0.8486 0.4032 0.3426
vn 0.3466 -0.1033 -0.9323
vn 0.8715 -0.3336 0.3594
vn 0.8784 -0.3336 -0.3423
vn -0.8485 0.4033 0.3425
vn 0.9549 -0.0192 -0.2964
vn 0.9488 -0.0195 0.3152
vn 0.8842 -0.2984 0.3594
vn 0.8911 -0.2985 -0.3419
vn 0.4130 0.2077 0.8867
vn -0.1492 0.4485 0.8812
vn -0.3019 0.2072 0.9306
vn 0.3428 -0.0690 0.9369
vn -0.6737 0.6757 0.2992
vn -0.6677 0.6757 -0.3124
vn -0.8250 0.4367 -0.3588
vn -0.8319 0.4367 0.3425
vn -0.1318 0.4486 -0.8840
vn 0.4303 0.2078 -0.8784
vn 0.3611 -0.0690 -0.9300
vn -0.2835 0.2072 -0.9363
vn 0.8204 -0.4577 -0.3427
vn 0.8135 -0.4576 0.3588
vn 0.8048 -0.4729 0.3587
vn 0.8117 -0.4729 -0.3428
vn 0.3064 -0.1567 0.9389
vn -0.2956 0.2045 0.9332
vn -0.2913 0.2106 0.9332
vn 0.3036 -0.1623 0.9389
vn -0.7917 0.5053 0.3432
vn -0.7848 0.5053 -0.3587
vn -0.7745 0.5211 -0.3586
vn -0.7814 0.5211 0.3433
vn -0.2772 0.2045 -0.9388
vn 0.3248 -0.1567 -0.9327
vn 0.3220 -0.1623 -0.9327
vn -0.2729 0.2106 -0.9387
vn 0.8221 -0.4546 -0.3429
vn 0.8152 -0.4546 0.3590
vn 0.8151 -0.4548 0.3589
vn 0.8220 -0.4548 -0.3429
vn 0.3066 -0.1555 0.9391
vn -0.2967 0.2037 0.9330
vn -0.2965 0.2035 0.9331
vn 0.3067 -0.1556 0.9390
vn -0.7933 0.5029 0.3431
vn -0.7864 0.5030 -0.3586
vn -0.7866 0.5026 -0.3587
vn -0.7934 0.5027 0.3432
vn -0.2782 0.2037 -0.9387
vn 0.3250 -0.1555 -0.9328
vn 0.3252 -0.1556 -0.9328
vn -0.2781 0.2035 -0.9388
vn 0.8405 -0.4199 -0.3425
vn 0.8336 -0.4198 0.3590
vn 0.8179 -0.4497 0.3590
vn 0.8248 -0.4496 -0.3428
vn 0.3139 -0.1405 0.9390
vn -0.3031 0.1952 0.9327
vn -0.2978 0.2028 0.9328
vn 0.3075 -0.1534 0.9391
vn -0.8107 0.4747 0.3426
vn -0.8038 0.4747 -0.3585
vn -0.7887 0.4995 -0.3584
vn -0.7956 0.4995 0.3428
vn -0.2847 0.1952 -0.9385
vn 0.3322 -0.1405 -0.9327
vn 0.3260 -0.1533 -0.9329
vn -0.2794 0.2028 -0.9385
vn 0.7849 -0.5158 -0.3432
vn 0.7780 -0.5159 0.3586
vn 0.7756 -0.5195 0.3586
vn 0.7825 -0.5195 -0.3433
vn 0.2948 -0.1780 0.9388
vn -0.2781 0.2274 0.9332
vn -0.2768 0.2290 0.9332
vn 0.2941 -0.1793 0.9388
vn -0.7499 0.5653 0.3436
vn -0.7430 0.5653 -0.3583
vn -0.7400 0.5693 -0.3583
vn -0.7469 0.5693 0.3437
vn -0.2597 0.2274 -0.9385
vn 0.3133 -0.1780 -0.9328
vn 0.3125 -0.1793 -0.9328
vn -0.2584 0.2290 -0.9385
vn 0.7854 -0.5151 -0.3433
vn 0.7785 -0.5151 0.3586
vn 0.7854 -0.5152 -0.3432
vn 0.2949 -0.1777 0.9388
vn -0.2784 0.2271 0.9332
vn 0.2949 -0.1778 0.9388
vn -0.7505 0.5645 0.3436
vn -0.7436 0.5646 -0.3583
vn -0.7436 0.5645 -0.3583
vn -0.7505 0.5646 0.3436
vn -0.2600 0.2271 -0.9385
vn 0.3133 -0.1777 -0.9329
vn 0.3133 -0.1778 -0.9329
vn 0.7854 -0.5152 -0.3433
vn 0.7784 -0.5152 0.3586
vn 0.2948 -0.1777 0.9389
vn -0.2785 0.2273 0.9332
vn -0.2784 0.2272 0.9332
vn 0.2949 -0.1777 0.9389
vn -0.7504 0.5647 0.3435
vn -0.7435 0.5647 -0.3582
vn -0.2601 0.2273 -0.9385
vn 0.3132 -0.1777 -0.9329
vn 0.7965 -0.4978 -0.3431
vn 0.7896 -0.4978 0.3587
vn 0.7800 -0.5128 0.3587
vn 0.7869 -0.5127 -0.3433
vn 0.2984 -0.1713 0.9389
vn -0.2841 0.2206 0.9331
vn -0.2794 0.2265 0.9331
vn 0.2953 -0.1768 0.9389
vn -0.7634 0.5471 0.3433
vn -0.7565 0.5471 -0.3583
vn -0.7452 0.5625 -0.3581
vn -0.7521 0.5625 0.3434
vn -0.2657 0.2206 -0.9385
vn 0.3168 -0.1713 -0.9329
vn 0.3136 -0.1768 -0.9329
vn -0.2610 0.2265 -0.9384
vn 0.7744 -0.5315 -0.3433
vn 0.7675 -0.5315 0.3585
vn 0.7635 -0.5372 0.3584
vn 0.7704 -0.5372 -0.3434
vn 0.2917 -0.1836 0.9387
vn -0.2725 0.2340 0.9333
vn -0.2711 0.2355 0.9333
vn 0.2901 -0.1860 0.9387
vn -0.7369 0.5820 0.3438
vn -0.7300 0.5820 -0.3582
vn -0.7263 0.5867 -0.3581
vn -0.7332 0.5867 0.3438
vn -0.2541 0.2340 -0.9384
vn 0.3101 -0.1836 -0.9328
vn 0.3085 -0.1860 -0.9329
vn -0.2527 0.2355 -0.9384
vn 0.7751 -0.5304 -0.3433
vn 0.7682 -0.5304 0.3585
vn 0.7682 -0.5305 0.3585
vn 0.7751 -0.5305 -0.3433
vn 0.2919 -0.1830 0.9388
vn -0.2728 0.2338 0.9332
vn 0.2919 -0.1831 0.9388
vn -0.7376 0.5812 0.3437
vn -0.7307 0.5812 -0.3581
vn -0.7307 0.5812 -0.3582
vn -0.2544 0.2338 -0.9384
vn 0.3103 -0.1830 -0.9329
vn 0.3103 -0.1831 -0.9328
vn 0.7782 -0.5258 -0.3433
vn 0.7713 -0.5258 0.3586
vn 0.7686 -0.5298 0.3585
vn 0.7755 -0.5298 -0.3434
vn 0.2928 -0.1814 0.9388
vn -0.2746 0.2318 0.9332
vn -0.2731 0.2336 0.9332
vn 0.2919 -0.1828 0.9388
vn -0.7415 0.5762 0.3437
vn -0.7346 0.5762 -0.3582
vn -0.7312 0.5805 -0.3581
vn -0.7381 0.5805 0.3437
vn -0.2562 0.2318 -0.9384
vn 0.3112 -0.1814 -0.9329
vn 0.3103 -0.1828 -0.9329
vn -0.2547 0.2336 -0.9384
vn 0.7478 -0.5688 -0.3425
vn 0.7409 -0.5688 0.3572
vn 0.7202 -0.5945 0.3575
vn 0.7271 -0.5945 -0.3433
vn 0.3043 -0.1760 0.9362
vn -0.2129 0.2957 0.9313
vn -0.2252 0.2821 0.9326
vn 0.2874 -0.1962 0.9375
vn -0.6383 0.6887 0.3437
vn -0.6314 0.6887 -0.3562
vn -0.6399 0.6806 -0.3569
vn -0.6468 0.6806 0.3442
vn -0.1946 0.2957 -0.9353
vn 0.3227 -0.1760 -0.9300
vn 0.3058 -0.1962 -0.9317
vn -0.2068 0.2821 -0.9368
vn 0.7529 -0.5617 -0.3429
vn 0.7460 -0.5617 0.3577
vn 0.7447 -0.5637 0.3574
vn 0.7516 -0.5637 -0.3426
vn 0.3009 -0.1768 0.9371
vn -0.2258 0.2851 0.9315
vn -0.2131 0.2970 0.9308
vn 0.3060 -0.1725 0.9363
vn -0.6586 0.6695 0.3435
vn -0.6517 0.6695 -0.3564
vn -0.6327 0.6878 -0.3559
vn -0.6395 0.6878 0.3434
vn -0.2075 0.2851 -0.9358
vn 0.3193 -0.1768 -0.9310
vn 0.3244 -0.1725 -0.9301
vn -0.1948 0.2970 -0.9348
vn 0.6642 -0.6632 -0.3450
vn 0.6573 -0.6632 0.3580
vn 0.3786 -0.8727 0.3085
vn 0.3846 -0.8727 -0.3010
vn 0.2311 -0.2574 0.9383
vn -0.2750 0.2309 0.9333
vn -0.4756 -0.0420 0.8787
vn -0.0390 -0.4693 0.8822
vn -0.6897 0.6367 0.3449
vn -0.6828 0.6367 -0.3584
vn -0.8771 0.3629 -0.3147
vn -0.8831 0.3629 0.2974
vn -0.2566 0.2309 -0.9385
vn 0.2495 -0.2574 -0.9335
vn -0.0216 -0.4693 -0.8828
vn -0.4582 -0.0420 -0.8878
vn 0.7574 -0.5553 -0.3433
vn 0.7505 -0.5553 0.3582
vn 0.7487 -0.5580 0.3580
vn 0.7555 -0.5580 -0.3432
vn 0.2864 -0.1925 0.9386
vn -0.2642 0.2430 0.9334
vn -0.2488 0.2605 0.9329
vn 0.2922 -0.1861 0.9381
vn -0.7174 0.6059 0.3439
vn -0.7105 0.6059 -0.3580
vn -0.6871 0.6325 -0.3575
vn -0.6940 0.6325 0.3439
vn -0.2458 0.2430 -0.9384
vn 0.3048 -0.1925 -0.9328
vn 0.3106 -0.1861 -0.9321
vn -0.2304 0.2605 -0.9376
vn 0.7580 -0.5544 -0.3435
vn 0.7511 -0.5544 0.3584
vn 0.7510 -0.5546 0.3583
vn 0.7579 -0.5546 -0.3435
vn 0.2851 -0.1934 0.9388
vn -0.2671 0.2399 0.9333
vn -0.2670 0.2398 0.9334
vn 0.2852 -0.1935 0.9387
vn -0.7216 0.6009 0.3439
vn -0.7147 0.6009 -0.3580
vn -0.2487 0.2399 -0.9384
vn 0.3035 -0.1934 -0.9330
vn 0.3036 -0.1935 -0.9329
vn -0.2486 0.2398 -0.9384
vn 0.7633 -0.5471 -0.3435
vn 0.7564 -0.5471 0.3584
vn 0.7519 -0.5534 0.3584
vn 0.7588 -0.5534 -0.3436
vn 0.2872 -0.1902 0.9388
vn -0.2689 0.2381 0.9333
vn -0.2674 0.2397 0.9333
vn 0.2854 -0.1929 0.9388
vn -0.7265 0.5949 0.3438
vn -0.7196 0.5949 -0.3580
vn -0.7154 0.6001 -0.3580
vn -0.7223 0.6001 0.3438
vn -0.2505 0.2381 -0.9384
vn 0.3056 -0.1902 -0.9330
vn 0.3038 -0.1929 -0.9330
vn -0.2490 0.2397 -0.9384
vn -0.2292 -0.3295 -0.9159
vn -0.3363 0.2730 -0.9013
vn 0.2663 0.3797 -0.8859
vn 0.3734 -0.2228 -0.9005
vn 0.9472 -0.1355 -0.2905
vn 0.8401 0.4670 -0.2759
vn 0.8275 0.4499 0.3358
vn 0.9346 -0.1526 0.3212
vn 0.3363 -0.2730 0.9013
vn 0.2292 0.3295 0.9159
vn -0.3734 0.2228 0.9005
vn -0.2663 -0.3797 0.8859
vn -0.8401 -0.4669 0.2759
vn -0.9472 0.1355 0.2905
vn -0.9346 0.1526 -0.3212
vn -0.8275 -0.4499 -0.3358
vn 0.4653 -0.8254 -0.3197
vn 0.4527 -0.8425 0.2921
vn -0.1499 -0.9492 0.2767
vn -0.1373 -0.9322 -0.3350
vn 0.1373 0.9321 0.3351
vn 0.1499 0.9492 -0.2767
vn -0.4527 0.8425 -0.2921
vn -0.4653 0.8254 0.3197
vn 0.8401 0.4669 -0.2759
vn -0.2663 -0.3797 0.8860
vn -0.9472 0.1356 0.2905
vn 0.1373 0.9322 0.3350
usemtl Material.028
f 1/1/1 2/2/1 3/3/1 4/4/1
f 2/2/2 5/5/2 6/6/2 3/3/2
f 3/3/3 6/6/3 7/7/3 8/8/3
f 4/4/4 3/3/4 8/8/4 9/9/4
f 9/9/5 8/8/5 10/10/5 11/11/5
f 8/8/6 7/7/6 12/12/6 10/10/6
f 10/10/7 12/12/7 13/13/7 14/14/7
f 11/11/8 10/10/8 14/14/8 15/15/8
f 15/15/9 14/14/9 16/16/9 17/17/9
f 14/14/10 13/13/10 18/18/10 16/16/10
f 16/16/11 18/18/11 19/19/11 20/20/11
f 17/17/12 16/16/12 20/20/12 21/21/12
f 21/21/13 20/20/13 22/22/13 23/23/13
f 20/20/14 19/19/14 24/24/14 22/22/14
f 22/22/15 24/24/15 5/25/15 2/26/15
f 23/23/16 22/22/16 2/26/16 1/27/16
f 25/28/17 26/29/17 27/30/17 28/31/17
f 26/29/18 29/32/18 30/33/18 27/30/18
f 27/30/19 30/33/19 31/34/19 32/35/19
f 28/31/20 27/30/20 32/35/20 33/36/20
f 13/13/21 12/37/21 34/38/21 18/18/21
f 12/37/22 7/39/22 6/40/22 34/38/22
f 34/38/23 6/40/23 5/41/23 24/42/23
f 18/18/24 34/38/24 24/42/24 19/19/24
f 31/34/25 35/43/25 36/44/25 32/45/25
f 35/43/26 21/21/26 23/23/26 36/44/26
f 36/44/27 23/23/27 1/27/27 37/46/27
f 32/45/28 36/44/28 37/46/28 33/47/28
f 29/32/29 38/48/29 39/49/29 30/33/29
f 38/48/30 15/15/30 17/17/30 39/49/30
f 39/49/31 17/17/31 21/21/31 35/43/31
f 30/33/32 39/49/32 35/43/32 31/34/32
f 25/50/33 40/51/33 41/52/33 26/53/33
f 40/51/34 9/9/34 11/11/34 41/52/34
f 41/52/35 11/11/35 15/15/35 38/48/35
f 26/53/36 41/52/36 38/48/36 29/32/36
f 33/54/37 37/55/37 42/56/37 28/57/37
f 37/55/38 1/1/38 4/4/38 42/56/38
f 42/56/39 4/4/39 9/9/39 40/51/39
f 28/57/40 42/56/40 40/51/40 25/50/40
f 43/58/41 44/59/41 45/60/41 46/61/41
f 44/59/42 47/62/42 48/63/42 45/60/42
f 45/60/43 48/63/43 49/64/43 50/65/43
f 46/61/44 45/60/44 50/65/44 51/66/44
f 51/66/45 50/65/45 52/67/45 53/68/45
f 50/65/46 49/64/46 54/69/46 52/67/46
f 52/67/47 54/69/47 55/70/47 56/71/47
f 53/68/48 52/67/48 56/71/48 57/72/48
f 57/72/49 56/71/49 58/73/49 59/74/49
f 56/71/50 55/70/50 60/75/50 58/73/50
f 58/73/51 60/75/51 61/76/51 62/77/51
f 59/74/52 58/73/52 62/77/52 63/78/52
f 63/78/53 62/77/53 64/79/53 65/80/53
f 62/77/54 61/76/54 66/81/54 64/79/54
f 64/79/55 66/81/55 47/82/55 44/83/55
f 65/80/56 64/79/56 44/83/56 43/84/56
f 67/85/57 68/86/57 69/87/57 70/88/57
f 68/86/58 71/89/58 72/90/58 69/87/58
f 69/87/59 72/90/59 73/91/59 74/92/59
f 70/88/60 69/87/60 74/92/60 75/93/60
f 55/70/61 54/94/61 76/95/61 60/75/61
f 54/94/62 49/96/62 48/97/62 76/95/62
f 76/95/63 48/97/63 47/98/63 66/99/63
f 60/75/64 76/95/64 66/99/64 61/76/64
f 73/91/65 77/100/65 78/101/65 74/102/65
f 77/100/66 63/78/66 65/80/66 78/101/66
f 78/101/67 65/80/67 43/84/67 79/103/67
f 74/102/68 78/101/68 79/103/68 75/104/68
f 71/89/69 80/105/69 81/106/69 72/90/69
f 80/105/70 57/72/70 59/74/70 81/106/70
f 81/106/71 59/74/71 63/78/71 77/100/71
f 72/90/72 81/106/72 77/100/72 73/91/72
f 67/107/73 82/108/73 83/109/73 68/110/73
f 82/108/74 51/66/74 53/68/74 83/109/74
f 83/109/75 53/68/75 57/72/75 80/105/75
f 68/110/76 83/109/76 80/105/76 71/89/76
f 75/111/77 79/112/77 84/113/77 70/114/77
f 79/112/78 43/58/78 46/61/78 84/113/78
f 84/113/79 46/61/79 51/66/79 82/108/79
f 70/114/80 84/113/80 82/108/80 67/107/80
usemtl Material.024
f 85/115/81 86/116/81 87/117/81 88/118/81
f 86/116/82 89/119/82 90/120/82 87/117/82
f 87/117/83 90/120/83 91/121/83 92/122/83
f 88/118/84 87/117/84 92/122/84 93/123/84
f 93/123/85 92/122/85 94/124/85 95/125/85
f 92/122/86 91/121/86 96/126/86 94/124/86
f 94/124/87 96/126/87 97/127/87 98/128/87
f 95/125/88 94/124/88 98/128/88 99/129/88
f 99/129/89 98/128/89 100/130/89 101/131/89
f 98/128/90 97/127/90 102/132/90 100/130/90
f 100/130/91 102/132/91 103/133/91 104/134/91
f 101/131/92 100/130/92 104/134/92 105/135/92
f 105/135/93 104/134/93 106/136/93 107/137/93
f 104/134/94 103/133/94 108/138/94 106/136/94
f 106/136/95 108/138/95 89/139/95 86/140/95
f 107/137/96 106/136/96 86/140/96 85/141/96
f 109/142/97 110/143/97 111/144/97 112/145/97
f 110/143/98 113/146/98 114/147/98 111/144/98
f 111/144/99 114/147/99 115/148/99 116/149/99
f 112/145/100 111/144/100 116/149/100 117/150/100
f 97/127/101 96/151/101 118/152/101 102/132/101
f 96/151/102 91/153/102 90/154/102 118/152/102
f 118/152/103 90/154/103 89/155/103 108/156/103
f 102/132/104 118/152/104 108/156/104 103/133/104
f 115/148/105 119/157/105 120/158/105 116/159/105
f 119/157/106 105/135/106 107/137/106 120/158/106
f 120/158/107 107/137/107 85/141/107 121/160/107
f 116/159/108 120/158/108 121/160/108 117/161/108
f 113/146/109 122/162/109 123/163/109 114/147/109
f 122/162/110 99/129/110 101/131/110 123/163/110
f 123/163/111 101/131/111 105/135/111 119/157/111
f 114/147/112 123/163/112 119/157/112 115/148/112
f 109/164/113 124/165/113 125/166/113 110/167/113
f 124/165/114 93/123/114 95/125/114 125/166/114
f 125/166/115 95/125/115 99/129/115 122/162/115
f 110/167/116 125/166/116 122/162/116 113/146/116
f 117/168/117 121/169/117 126/170/117 112/171/117
f 121/169/118 85/115/118 88/118/118 126/170/118
f 126/170/119 88/118/119 93/123/119 124/165/119
f 112/171/120 126/170/120 124/165/120 109/164/120
f 127/172/121 128/173/121 129/174/121 130/175/121
f 128/173/122 131/176/122 132/177/122 129/174/122
f 129/174/123 132/177/123 133/178/123 134/179/123
f 130/175/124 129/174/124 134/179/124 135/180/124
f 135/180/125 134/179/125 136/181/125 137/182/125
f 134/179/126 133/178/126 138/183/126 136/181/126
f 136/181/127 138/183/127 139/184/127 140/185/127
f 137/182/128 136/181/128 140/185/128 141/186/128
f 141/186/129 140/185/129 142/187/129 143/188/129
f 140/185/130 139/184/130 144/189/130 142/187/130
f 142/187/131 144/189/131 145/190/131 146/191/131
f 143/188/132 142/187/132 146/191/132 147/192/132
f 147/192/133 146/191/133 148/193/133 149/194/133
f 146/191/134 145/190/134 150/195/134 148/193/134
f 148/193/135 150/195/135 131/196/135 128/197/135
f 149/194/136 148/193/136 128/197/136 127/198/136
f 151/199/137 152/200/137 153/201/137 154/202/137
f 152/200/138 155/203/138 156/204/138 153/201/138
f 153/201/139 156/204/139 157/205/139 158/206/139
f 154/202/140 153/201/140 158/206/140 159/207/140
f 139/184/141 138/208/141 160/209/141 144/189/141
f 138/208/142 133/210/142 132/211/142 160/209/142
f 160/209/143 132/211/143 131/212/143 150/213/143
f 144/189/144 160/209/144 150/213/144 145/190/144
f 157/205/145 161/214/145 162/215/145 158/216/145
f 161/214/146 147/192/146 149/194/146 162/215/146
f 162/215/147 149/194/147 127/198/147 163/217/147
f 158/216/148 162/215/148 163/217/148 159/218/148
f 155/203/149 164/219/149 165/220/149 156/204/149
f 164/219/150 141/186/150 143/188/150 165/220/150
f 165/220/151 143/188/151 147/192/151 161/214/151
f 156/204/152 165/220/152 161/214/152 157/205/152
f 151/221/153 166/222/153 167/223/153 152/224/153
f 166/222/154 135/180/154 137/182/154 167/223/154
f 167/223/155 137/182/155 141/186/155 164/219/155
f 152/224/156 167/223/156 164/219/156 155/203/156
f 159/225/157 163/226/157 168/227/157 154/228/157
f 163/226/158 127/172/158 130/175/158 168/227/158
f 168/227/159 130/175/159 135/180/159 166/222/159
f 154/228/160 168/227/160 166/222/160 151/221/160
f 169/229/161 170/230/161 171/231/161 172/232/161
f 170/230/162 173/233/162 174/234/162 171/231/162
f 171/231/163 174/234/163 175/235/163 176/236/163
f 172/232/164 171/231/164 176/236/164 177/237/164
f 177/237/165 176/236/165 178/238/165 179/239/165
f 176/236/166 175/235/166 180/240/166 178/238/166
f 178/238/167 180/240/167 181/241/167 182/242/167
f 179/239/168 178/238/168 182/242/168 183/243/168
f 183/243/169 182/242/169 184/244/169 185/245/169
f 182/242/170 181/241/170 186/246/170 184/244/170
f 184/244/171 186/246/171 187/247/171 188/248/171
f 185/245/172 184/244/172 188/248/172 189/249/172
f 189/249/173 188/248/173 190/250/173 191/251/173
f 188/248/174 187/247/174 192/252/174 190/250/174
f 190/250/175 192/252/175 173/253/175 170/254/175
f 191/251/176 190/250/176 170/254/176 169/255/176
f 193/256/177 194/257/177 195/258/177 196/259/177
f 194/257/178 197/260/178 198/261/178 195/258/178
f 195/258/179 198/261/179 199/262/179 200/263/179
f 196/259/180 195/258/180 200/263/180 201/264/180
f 181/241/181 180/265/181 202/266/181 186/246/181
f 180/265/182 175/267/182 174/268/182 202/266/182
f 202/266/183 174/268/183 173/269/183 192/270/183
f 186/246/184 202/266/184 192/270/184 187/247/184
f 199/262/185 203/271/185 204/272/185 200/273/185
f 203/271/186 189/249/186 191/251/186 204/272/186
f 204/272/187 191/251/187 169/255/187 205/274/187
f 200/273/188 204/272/188 205/274/188 201/275/188
f 197/260/189 206/276/189 207/277/189 198/261/189
f 206/276/190 183/243/190 185/245/190 207/277/190
f 207/277/191 185/245/191 189/249/191 203/271/191
f 198/261/192 207/277/192 203/271/192 199/262/192
f 193/278/193 208/279/193 209/280/193 194/281/193
f 208/279/194 177/237/194 179/239/194 209/280/194
f 209/280/195 179/239/195 183/243/195 206/276/195
f 194/281/196 209/280/196 206/276/196 197/260/196
f 201/282/197 205/283/197 210/284/197 196/285/197
f 205/283/198 169/229/198 172/232/198 210/284/198
f 210/284/199 172/232/199 177/237/199 208/279/199
f 196/285/200 210/284/200 208/279/200 193/278/200
f 211/286/201 212/287/201 213/288/201 214/289/201
f 212/287/202 215/290/202 216/291/202 213/288/202
f 213/288/203 216/291/203 217/292/203 218/293/203
f 214/289/204 213/288/204 218/293/204 219/294/204
f 219/294/205 218/293/205 220/295/205 221/296/205
f 218/293/206 217/292/206 222/297/206 220/295/206
f 220/295/207 222/297/207 223/298/207 224/299/207
f 221/296/208 220/295/208 224/299/208 225/300/208
f 225/300/209 224/299/209 226/301/209 227/302/209
f 224/299/210 223/298/210 228/303/210 226/301/210
f 226/301/211 228/303/211 229/304/211 230/305/211
f 227/302/212 226/301/212 230/305/212 231/306/212
f 231/306/213 230/305/213 232/307/213 233/308/213
f 230/305/214 229/304/214 234/309/214 232/307/214
f 232/307/215 234/309/215 215/310/215 212/311/215
f 233/308/216 232/307/216 212/311/216 211/312/216
f 235/313/217 236/314/217 237/315/217 238/316/217
f 236/314/218 239/317/218 240/318/218 237/315/218
f 237/315/219 240/318/219 241/319/219 242/320/219
f 238/316/220 237/315/220 242/320/220 243/321/220
f 223/298/221 222/322/221 244/323/221 228/303/221
f 222/322/222 217/324/222 216/325/222 244/323/222
f 244/323/223 216/325/223 215/326/223 234/327/223
f 228/303/224 244/323/224 234/327/224 229/304/224
f 241/319/225 245/328/225 246/329/225 242/330/225
f 245/328/226 231/306/226 233/308/226 246/329/226
f 246/329/227 233/308/227 211/312/227 247/331/227
f 242/330/228 246/329/228 247/331/228 243/332/228
f 239/317/229 248/333/229 249/334/229 240/318/229
f 248/333/230 225/300/230 227/302/230 249/334/230
f 249/334/231 227/302/231 231/306/231 245/328/231
f 240/318/232 249/334/232 245/328/232 241/319/232
f 235/335/233 250/336/233 251/337/233 236/338/233
f 250/336/234 219/294/234 221/296/234 251/337/234
f 251/337/235 221/296/235 225/300/235 248/333/235
f 236/338/236 251/337/236 248/333/236 239/317/236
f 243/339/237 247/340/237 252/341/237 238/342/237
f 247/340/238 211/286/238 214/289/238 252/341/238
f 252/341/239 214/289/239 219/294/239 250/336/239
f 238/342/240 252/341/240 250/336/240 235/335/240
f 253/343/241 254/344/241 255/345/241 256/346/241
f 254/344/242 257/347/242 258/348/242 255/345/242
f 255/345/243 258/348/243 259/349/243 260/350/243
f 256/346/244 255/345/244 260/350/244 261/351/244
f 261/351/245 260/350/245 262/352/245 263/353/245
f 260/350/246 259/349/246 264/354/246 262/352/246
f 262/352/247 264/354/247 265/355/247 266/356/247
f 263/353/248 262/352/248 266/356/248 267/357/248
f 267/357/249 266/356/249 268/358/249 269/359/249
f 266/356/250 265/355/250 270/360/250 268/358/250
f 268/358/251 270/360/251 271/361/251 272/362/251
f 269/359/252 268/358/252 272/362/252 273/363/252
f 273/363/253 272/362/253 274/364/253 275/365/253
f 272/362/254 271/361/254 276/366/254 274/364/254
f 274/364/255 276/366/255 257/367/255 254/368/255
f 275/365/256 274/364/256 254/368/256 253/369/256
f 277/370/257 278/371/257 279/372/257 280/373/257
f 278/371/258 281/374/258 282/375/258 279/372/258
f 279/372/259 282/375/259 283/376/259 284/377/259
f 280/373/260 279/372/260 284/377/260 285/378/260
f 265/355/261 264/379/261 286/380/261 270/360/261
f 264/379/262 259/381/262 258/382/262 286/380/262
f 286/380/263 258/382/263 257/383/263 276/384/263
f 270/360/264 286/380/264 276/384/264 271/361/264
f 283/376/265 287/385/265 288/386/265 284/387/265
f 287/385/266 273/363/266 275/365/266 288/386/266
f 288/386/267 275/365/267 253/369/267 289/388/267
f 284/387/268 288/386/268 289/388/268 285/389/268
f 281/374/269 290/390/269 291/391/269 282/375/269
f 290/390/270 267/357/270 269/359/270 291/391/270
f 291/391/271 269/359/271 273/363/271 287/385/271
f 282/375/272 291/391/272 287/385/272 283/376/272
f 277/392/273 292/393/273 293/394/273 278/395/273
f 292/393/274 261/351/274 263/353/274 293/394/274
f 293/394/275 263/353/275 267/357/275 290/390/275
f 278/395/276 293/394/276 290/390/276 281/374/276
f 285/396/277 289/397/277 294/398/277 280/399/277
f 289/397/278 253/343/278 256/346/278 294/398/278
f 294/398/279 256/346/279 261/351/279 292/393/279
f 280/399/280 294/398/280 292/393/280 277/392/280
f 295/400/281 296/401/281 297/402/281 298/403/281
f 296/401/282 299/404/282 300/405/282 297/402/282
f 297/402/283 300/405/283 301/406/283 302/407/283
f 298/403/284 297/402/284 302/407/284 303/408/284
f 303/408/285 302/407/285 304/409/285 305/410/285
f 302/407/286 301/406/286 306/411/286 304/409/286
f 304/409/287 306/411/287 307/412/287 308/413/287
f 305/410/288 304/409/288 308/413/288 309/414/288
f 309/414/289 308/413/289 310/415/289 311/416/289
f 308/413/290 307/412/290 312/417/290 310/415/290
f 310/415/291 312/417/291 313/418/291 314/419/291
f 311/416/292 310/415/292 314/419/292 315/420/292
f 315/420/293 314/419/293 316/421/293 317/422/293
f 314/419/294 313/418/294 318/423/294 316/421/294
f 316/421/295 318/423/295 299/424/295 296/425/295
f 317/422/296 316/421/296 296/425/296 295/426/296
f 319/427/297 320/428/297 321/429/297 322/430/297
f 320/428/298 323/431/298 324/432/298 321/429/298
f 321/429/299 324/432/299 325/433/299 326/434/299
f 322/430/300 321/429/300 326/434/300 327/435/300
f 307/412/301 306/436/301 328/437/301 312/417/301
f 306/436/302 301/438/302 300/439/302 328/437/302
f 328/437/303 300/439/303 299/440/303 318/441/303
f 312/417/304 328/437/304 318/441/304 313/418/304
f 325/433/305 329/442/305 330/443/305 326/444/305
f 329/442/306 315/420/306 317/422/306 330/443/306
f 330/443/307 317/422/307 295/426/307 331/445/307
f 326/444/308 330/443/308 331/445/308 327/446/308
f 323/431/309 332/447/309 333/448/309 324/432/309
f 332/447/310 309/414/310 311/416/310 333/448/310
f 333/448/311 311/416/311 315/420/311 329/442/311
f 324/432/312 333/448/312 329/442/312 325/433/312
f 319/449/313 334/450/313 335/451/313 320/452/313
f 334/450/314 303/408/314 305/410/314 335/451/314
f 335/451/315 305/410/315 309/414/315 332/447/315
f 320/452/316 335/451/316 332/447/316 323/431/316
f 327/453/317 331/454/317 336/455/317 322/456/317
f 331/454/318 295/400/318 298/403/318 336/455/318
f 336/455/319 298/403/319 303/408/319 334/450/319
f 322/456/320 336/455/320 334/450/320 319/449/320
f 337/457/321 338/458/321 339/459/321 340/460/321
f 338/458/322 341/461/322 342/462/322 339/459/322
f 339/459/323 342/462/323 343/463/323 344/464/323
f 340/460/324 339/459/324 344/464/324 345/465/324
f 345/465/325 344/464/325 346/466/325 347/467/325
f 344/464/326 343/463/326 348/468/326 346/466/326
f 346/466/327 348/468/327 349/469/327 350/470/327
f 347/467/328 346/466/328 350/470/328 351/471/328
f 351/471/329 350/470/329 352/472/329 353/473/329
f 350/470/330 349/469/330 354/474/330 352/472/330
f 352/472/331 354/474/331 355/475/331 356/476/331
f 353/473/332 352/472/332 356/476/332 357/477/332
f 357/477/333 356/476/333 358/478/333 359/479/333
f 356/476/334 355/475/334 360/480/334 358/478/334
f 358/478/335 360/480/335 341/481/335 338/482/335
f 359/479/336 358/478/336 338/482/336 337/483/336
f 361/484/337 362/485/337 363/486/337 364/487/337
f 362/485/338 365/488/338 366/489/338 363/486/338
f 363/486/339 366/489/339 367/490/339 368/491/339
f 364/487/340 363/486/340 368/491/340 369/492/340
f 349/469/341 348/493/341 370/494/341 354/474/341
f 348/493/342 343/495/342 342/496/342 370/494/342
f 370/494/343 342/496/343 341/497/343 360/498/343
f 354/474/344 370/494/344 360/498/344 355/475/344
f 367/490/345 371/499/345 372/500/345 368/501/345
f 371/499/346 357/477/346 359/479/346 372/500/346
f 372/500/347 359/479/347 337/483/347 373/502/347
f 368/501/348 372/500/348 373/502/348 369/503/348
f 365/488/349 374/504/349 375/505/349 366/489/349
f 374/504/350 351/471/350 353/473/350 375/505/350
f 375/505/351 353/473/351 357/477/351 371/499/351
f 366/489/352 375/505/352 371/499/352 367/490/352
f 361/506/353 376/507/353 377/508/353 362/509/353
f 376/507/354 345/465/354 347/467/354 377/508/354
f 377/508/355 347/467/355 351/471/355 374/504/355
f 362/509/356 377/508/356 374/504/356 365/488/356
f 369/510/357 373/511/357 378/512/357 364/513/357
f 373/511/358 337/457/358 340/460/358 378/512/358
f 378/512/359 340/460/359 345/465/359 376/507/359
f 364/513/360 378/512/360 376/507/360 361/506/360
f 379/514/361 380/515/361 381/516/361 382/517/361
f 380/515/362 383/518/362 384/519/362 381/516/362
f 381/516/363 384/519/363 385/520/363 386/521/363
f 382/517/364 381/516/364 386/521/364 387/522/364
f 387/522/365 386/521/365 388/523/365 389/524/365
f 386/521/366 385/520/366 390/525/366 388/523/366
f 388/523/367 390/525/367 391/526/367 392/527/367
f 389/524/368 388/523/368 392/527/368 393/528/368
f 393/528/369 392/527/369 394/529/369 395/530/369
f 392/527/370 391/526/370 396/531/370 394/529/370
f 394/529/371 396/531/371 397/532/371 398/533/371
f 395/530/372 394/529/372 398/533/372 399/534/372
f 399/534/373 398/533/373 400/535/373 401/536/373
f 398/533/374 397/532/374 402/537/374 400/535/374
f 400/535/375 402/537/375 383/538/375 380/539/375
f 401/536/376 400/535/376 380/539/376 379/540/376
f 403/541/377 404/542/377 405/543/377 406/544/377
f 404/542/378 407/545/378 408/546/378 405/543/378
f 405/543/379 408/546/379 409/547/379 410/548/379
f 406/544/380 405/543/380 410/548/380 411/549/380
f 391/526/381 390/550/381 412/551/381 396/531/381
f 390/550/382 385/552/382 384/553/382 412/551/382
f 412/551/383 384/553/383 383/554/383 402/555/383
f 396/531/384 412/551/384 402/555/384 397/532/384
f 409/547/385 413/556/385 414/557/385 410/558/385
f 413/556/386 399/534/386 401/536/386 414/557/386
f 414/557/387 401/536/387 379/540/387 415/559/387
f 410/558/388 414/557/388 415/559/388 411/560/388
f 407/545/389 416/561/389 417/562/389 408/546/389
f 416/561/390 393/528/390 395/530/390 417/562/390
f 417/562/391 395/530/391 399/534/391 413/556/391
f 408/546/392 417/562/392 413/556/392 409/547/392
f 403/563/393 418/564/393 419/565/393 404/566/393
f 418/564/394 387/522/394 389/524/394 419/565/394
f 419/565/395 389/524/395 393/528/395 416/561/395
f 404/566/396 419/565/396 416/561/396 407/545/396
f 411/567/397 415/568/397 420/569/397 406/570/397
f 415/568/398 379/514/398 382/517/398 420/569/398
f 420/569/399 382/517/399 387/522/399 418/564/399
f 406/570/400 420/569/400 418/564/400 403/563/400
f 421/571/401 422/572/401 423/573/401 424/574/401
f 422/572/402 425/575/402 426/576/402 423/573/402
f 423/573/403 426/576/403 427/577/403 428/578/403
f 424/574/404 423/573/404 428/578/404 429/579/404
f 429/579/405 428/578/405 430/580/405 431/581/405
f 428/578/406 427/577/406 432/582/406 430/580/406
f 430/580/407 432/582/407 433/583/407 434/584/407
f 431/581/408 430/580/408 434/584/408 435/585/408
f 435/585/409 434/584/409 436/586/409 437/587/409
f 434/584/410 433/583/410 438/588/410 436/586/410
f 436/586/411 438/588/411 439/589/411 440/590/411
f 437/587/412 436/586/412 440/590/412 441/591/412
f 441/591/413 440/590/413 442/592/413 443/593/413
f 440/590/414 439/589/414 444/594/414 442/592/414
f 442/592/415 444/594/415 425/595/415 422/596/415
f 443/593/416 442/592/416 422/596/416 421/597/416
f 445/598/417 446/599/417 447/600/417 448/601/417
f 446/599/418 449/602/418 450/603/418 447/600/418
f 447/600/419 450/603/419 451/604/419 452/605/419
f 448/601/420 447/600/420 452/605/420 453/606/420
f 433/583/421 432/607/421 454/608/421 438/588/421
f 432/607/422 427/609/422 426/610/422 454/608/422
f 454/608/423 426/610/423 425/611/423 444/612/423
f 438/588/424 454/608/424 444/612/424 439/589/424
f 451/604/425 455/613/425 456/614/425 452/615/425
f 455/613/426 441/591/426 443/593/426 456/614/426
f 456/614/427 443/593/427 421/597/427 457/616/427
f 452/615/428 456/614/428 457/616/428 453/617/428
f 449/602/429 458/618/429 459/619/429 450/603/429
f 458/618/430 435/585/430 437/587/430 459/619/430
f 459/619/431 437/587/431 441/591/431 455/613/431
f 450/603/432 459/619/432 455/613/432 451/604/432
f 445/620/433 460/621/433 461/622/433 446/623/433
f 460/621/434 429/579/434 431/581/434 461/622/434
f 461/622/435 431/581/435 435/585/435 458/618/435
f 446/623/436 461/622/436 458/618/436 449/602/436
f 453/624/437 457/625/437 462/626/437 448/627/437
f 457/625/438 421/571/438 424/574/438 462/626/438
f 462/626/439 424/574/439 429/579/439 460/621/439
f 448/627/440 462/626/440 460/621/440 445/620/440
f 463/628/441 464/629/441 465/630/441 466/631/441
f 464/629/442 467/632/442 468/633/442 465/630/442
f 465/630/443 468/633/443 469/634/443 470/635/443
f 466/631/444 465/630/444 470/635/444 471/636/444
f 471/636/445 470/635/445 472/637/445 473/638/445
f 470/635/446 469/634/446 474/639/446 472/637/446
f 472/637/447 474/639/447 475/640/447 476/641/447
f 473/638/448 472/637/448 476/641/448 477/642/448
f 477/642/449 476/641/449 478/643/449 479/644/449
f 476/641/450 475/640/450 480/645/450 478/643/450
f 478/643/451 480/645/451 481/646/451 482/647/451
f 479/644/452 478/643/452 482/647/452 483/648/452
f 483/648/453 482/647/453 484/649/453 485/650/453
f 482/647/454 481/646/454 486/651/454 484/649/454
f 484/649/455 486/651/455 467/652/455 464/653/455
f 485/650/456 484/649/456 464/653/456 463/654/456
f 487/655/457 488/656/457 489/657/457 490/658/457
f 488/656/458 491/659/458 492/660/458 489/657/458
f 489/657/459 492/660/459 493/661/459 494/662/459
f 490/658/460 489/657/460 494/662/460 495/663/460
f 475/640/461 474/664/461 496/665/461 480/645/461
f 474/664/462 469/666/462 468/667/462 496/665/462
f 496/665/463 468/667/463 467/668/463 486/669/463
f 480/645/464 496/665/464 486/669/464 481/646/464
f 493/661/465 497/670/465 498/671/465 494/672/465
f 497/670/466 483/648/466 485/650/466 498/671/466
f 498/671/467 485/650/467 463/654/467 499/673/467
f 494/672/468 498/671/468 499/673/468 495/674/468
f 491/659/469 500/675/469 501/676/469 492/660/469
f 500/675/470 477/642/470 479/644/470 501/676/470
f 501/676/471 479/644/471 483/648/471 497/670/471
f 492/660/472 501/676/472 497/670/472 493/661/472
f 487/677/473 502/678/473 503/679/473 488/680/473
f 502/678/474 471/636/474 473/638/474 503/679/474
f 503/679/475 473/638/475 477/642/475 500/675/475
f 488/680/476 503/679/476 500/675/476 491/659/476
f 495/681/477 499/682/477 504/683/477 490/684/477
f 499/682/478 463/628/478 466/631/478 504/683/478
f 504/683/479 466/631/479 471/636/479 502/678/479
f 490/684/480 504/683/480 502/678/480 487/677/480
f 505/685/481 506/686/481 507/687/481 508/688/481
f 506/686/482 509/689/482 510/690/482 507/687/482
f 507/687/483 510/690/483 511/691/483 512/692/483
f 508/688/484 507/687/484 512/692/484 513/693/484
f 513/693/485 512/692/485 514/694/485 515/695/485
f 512/692/486 511/691/486 516/696/486 514/694/486
f 514/694/487 516/696/487 517/697/487 518/698/487
f 515/695/488 514/694/488 518/698/488 519/699/488
f 519/699/489 518/698/489 520/700/489 521/701/489
f 518/698/490 517/697/490 522/702/490 520/700/490
f 520/700/491 522/702/491 523/703/491 524/704/491
f 521/701/492 520/700/492 524/704/492 525/705/492
f 525/705/493 524/704/493 526/706/493 527/707/493
f 524/704/494 523/703/494 528/708/494 526/706/494
f 526/706/495 528/708/495 509/709/495 506/710/495
f 527/707/496 526/706/496 506/710/496 505/711/496
f 529/712/497 530/713/497 531/714/497 532/715/497
f 530/713/498 533/716/498 534/717/498 531/714/498
f 531/714/499 534/717/499 535/718/499 536/719/499
f 532/715/500 531/714/500 536/719/500 537/720/500
f 517/697/501 516/721/501 538/722/501 522/702/501
f 516/721/502 511/723/502 510/724/502 538/722/502
f 538/722/503 510/724/503 509/725/503 528/726/503
f 522/702/504 538/722/504 528/726/504 523/703/504
f 535/718/505 539/727/505 540/728/505 536/729/505
f 539/727/506 525/705/506 527/707/506 540/728/506
f 540/728/507 527/707/507 505/711/507 541/730/507
f 536/729/508 540/728/508 541/730/508 537/731/508
f 533/716/509 542/732/509 543/733/509 534/717/509
f 542/732/510 519/699/510 521/701/510 543/733/510
f 543/733/511 521/701/511 525/705/511 539/727/511
f 534/717/512 543/733/512 539/727/512 535/718/512
f 529/734/513 544/735/513 545/736/513 530/737/513
f 544/735/514 513/693/514 515/695/514 545/736/514
f 545/736/515 515/695/515 519/699/515 542/732/515
f 530/737/516 545/736/516 542/732/516 533/716/516
f 537/738/517 541/739/517 546/740/517 532/741/517
f 541/739/518 505/685/518 508/688/518 546/740/518
f 546/740/519 508/688/519 513/693/519 544/735/519
f 532/741/520 546/740/520 544/735/520 529/734/520
f 547/742/521 548/743/521 549/744/521 550/745/521
f 548/743/522 551/746/522 552/747/522 549/744/522
f 549/744/523 552/747/523 553/748/523 554/749/523
f 550/745/524 549/744/524 554/749/524 555/750/524
f 555/750/525 554/749/525 556/751/525 557/752/525
f 554/749/526 553/748/526 558/753/526 556/751/526
f 556/751/527 558/753/527 559/754/527 560/755/527
f 557/752/528 556/751/528 560/755/528 561/756/528
f 561/756/529 560/755/529 562/757/529 563/758/529
f 560/755/530 559/754/530 564/759/530 562/757/530
f 562/757/531 564/759/531 565/760/531 566/761/531
f 563/758/532 562/757/532 566/761/532 567/762/532
f 567/762/533 566/761/533 568/763/533 569/764/533
f 566/761/534 565/760/534 570/765/534 568/763/534
f 568/763/535 570/765/535 551/766/535 548/767/535
f 569/764/536 568/763/536 548/767/536 547/768/536
f 571/769/537 572/770/537 573/771/537 574/772/537
f 572/770/538 575/773/538 576/774/538 573/771/538
f 573/771/539 576/774/539 577/775/539 578/776/539
f 574/772/540 573/771/540 578/776/540 579/777/540
f 559/754/541 558/778/541 580/779/541 564/759/541
f 558/778/542 553/780/542 552/781/542 580/779/542
f 580/779/543 552/781/543 551/782/543 570/783/543
f 564/759/544 580/779/544 570/783/544 565/760/544
f 577/775/545 581/784/545 582/785/545 578/786/545
f 581/784/546 567/762/546 569/764/546 582/785/546
f 582/785/547 569/764/547 547/768/547 583/787/547
f 578/786/548 582/785/548 583/787/548 579/788/548
f 575/773/549 584/789/549 585/790/549 576/774/549
f 584/789/550 561/756/550 563/758/550 585/790/550
f 585/790/551 563/758/551 567/762/551 581/784/551
f 576/774/552 585/790/552 581/784/552 577/775/552
f 571/791/553 586/792/553 587/793/553 572/794/553
f 586/792/554 555/750/554 557/752/554 587/793/554
f 587/793/555 557/752/555 561/756/555 584/789/555
f 572/794/556 587/793/556 584/789/556 575/773/556
f 579/795/557 583/796/557 588/797/557 574/798/557
f 583/796/558 547/742/558 550/745/558 588/797/558
f 588/797/559 550/745/559 555/750/559 586/792/559
f 574/798/560 588/797/560 586/792/560 571/791/560
f 589/799/561 590/800/561 591/801/561 592/802/561
f 590/800/562 593/803/562 594/804/562 591/801/562
f 591/801/563 594/804/563 595/805/563 596/806/563
f 592/802/564 591/801/564 596/806/564 597/807/564
f 597/807/565 596/806/565 598/808/565 599/809/565
f 596/806/566 595/805/566 600/810/566 598/808/566
f 598/808/567 600/810/567 601/811/567 602/812/567
f 599/809/568 598/808/568 602/812/568 603/813/568
f 603/813/569 602/812/569 604/814/569 605/815/569
f 602/812/570 601/811/570 606/816/570 604/814/570
f 604/814/571 606/816/571 607/817/571 608/818/571
f 605/815/572 604/814/572 608/818/572 609/819/572
f 609/819/573 608/818/573 610/820/573 611/821/573
f 608/818/574 607/817/574 612/822/574 610/820/574
f 610/820/575 612/822/575 593/823/575 590/824/575
f 611/821/576 610/820/576 590/824/576 589/825/576
f 613/826/577 614/827/577 615/828/577 616/829/577
f 614/827/578 617/830/578 618/831/578 615/828/578
f 615/828/579 618/831/579 619/832/579 620/833/579
f 616/829/580 615/828/580 620/833/580 621/834/580
f 601/811/581 600/835/581 622/836/581 606/816/581
f 600/835/582 595/837/582 594/838/582 622/836/582
f 622/836/583 594/838/583 593/839/583 612/840/583
f 606/816/584 622/836/584 612/840/584 607/817/584
f 619/832/585 623/841/585 624/842/585 620/843/585
f 623/841/586 609/819/586 611/821/586 624/842/586
f 624/842/587 611/821/587 589/825/587 625/844/587
f 620/843/588 624/842/588 625/844/588 621/845/588
f 617/830/589 626/846/589 627/847/589 618/831/589
f 626/846/590 603/813/590 605/815/590 627/847/590
f 627/847/591 605/815/591 609/819/591 623/841/591
f 618/831/592 627/847/592 623/841/592 619/832/592
f 613/848/593 628/849/593 629/850/593 614/851/593
f 628/849/594 597/807/594 599/809/594 629/850/594
f 629/850/595 599/809/595 603/813/595 626/846/595
f 614/851/596 629/850/596 626/846/596 617/830/596
f 621/852/597 625/853/597 630/854/597 616/855/597
f 625/853/598 589/799/598 592/802/598 630/854/598
f 630/854/599 592/802/599 597/807/599 628/849/599
f 616/855/600 630/854/600 628/849/600 613/848/600
f 631/856/601 632/857/601 633/858/601 634/859/601
f 632/857/602 635/860/602 636/861/602 633/858/602
f 633/858/603 636/861/603 637/862/603 638/863/603
f 634/859/604 633/858/604 638/863/604 639/864/604
f 639/864/605 638/863/605 640/865/605 641/866/605
f 638/863/606 637/862/606 642/867/606 640/865/606
f 640/865/607 642/867/607 643/868/607 644/869/607
f 641/866/608 640/865/608 644/869/608 645/870/608
f 645/870/609 644/869/609 646/871/609 647/872/609
f 644/869/610 643/868/610 648/873/610 646/871/610
f 646/871/611 648/873/611 649/874/611 650/875/611
f 647/872/612 646/871/612 650/875/612 651/876/612
f 651/876/613 650/875/613 652/877/613 653/878/613
f 650/875/614 649/874/614 654/879/614 652/877/614
f 652/877/615 654/879/615 635/880/615 632/881/615
f 653/878/616 652/877/616 632/881/616 631/882/616
f 655/883/617 656/884/617 657/885/617 658/886/617
f 656/884/618 659/887/618 660/888/618 657/885/618
f 657/885/619 660/888/619 661/889/619 662/890/619
f 658/886/620 657/885/620 662/890/620 663/891/620
f 643/868/621 642/892/621 664/893/621 648/873/621
f 642/892/622 637/894/622 636/895/622 664/893/622
f 664/893/623 636/895/623 635/896/623 654/897/623
f 648/873/624 664/893/624 654/897/624 649/874/624
f 661/889/625 665/898/625 666/899/625 662/900/625
f 665/898/626 651/876/626 653/878/626 666/899/626
f 666/899/627 653/878/627 631/882/627 667/901/627
f 662/900/628 666/899/628 667/901/628 663/902/628
f 659/887/629 668/903/629 669/904/629 660/888/629
f 668/903/630 645/870/630 647/872/630 669/904/630
f 669/904/631 647/872/631 651/876/631 665/898/631
f 660/888/632 669/904/632 665/898/632 661/889/632
f 655/905/633 670/906/633 671/907/633 656/908/633
f 670/906/634 639/864/634 641/866/634 671/907/634
f 671/907/635 641/866/635 645/870/635 668/903/635
f 656/908/636 671/907/636 668/903/636 659/887/636
f 663/909/637 667/910/637 672/911/637 658/912/637
f 667/910/638 631/856/638 634/859/638 672/911/638
f 672/911/639 634/859/639 639/864/639 670/906/639
f 658/912/640 672/911/640 670/906/640 655/905/640
f 673/913/641 674/914/641 675/915/641 676/916/641
f 674/914/642 677/917/642 678/918/642 675/915/642
f 675/915/643 678/918/643 679/919/643 680/920/643
f 676/916/644 675/915/644 680/920/644 681/921/644
f 681/921/645 680/920/645 682/922/645 683/923/645
f 680/920/646 679/919/646 684/924/646 682/922/646
f 682/922/647 684/924/647 685/925/647 686/926/647
f 683/923/648 682/922/648 686/926/648 687/927/648
f 687/927/649 686/926/649 688/928/649 689/929/649
f 686/926/650 685/925/650 690/930/650 688/928/650
f 688/928/651 690/930/651 691/931/651 692/932/651
f 689/929/652 688/928/652 692/932/652 693/933/652
f 693/933/653 692/932/653 694/934/653 695/935/653
f 692/932/654 691/931/654 696/936/654 694/934/654
f 694/934/655 696/936/655 677/937/655 674/938/655
f 695/935/656 694/934/656 674/938/656 673/939/656
f 697/940/657 698/941/657 699/942/657 700/943/657
f 698/941/658 701/944/658 702/945/658 699/942/658
f 699/942/659 702/945/659 703/946/659 704/947/659
f 700/943/660 699/942/660 704/947/660 705/948/660
f 685/925/661 684/949/661 706/950/661 690/930/661
f 684/949/662 679/951/662 678/952/662 706/950/662
f 706/950/663 678/952/663 677/953/663 696/954/663
f 690/930/664 706/950/664 696/954/664 691/931/664
f 703/946/665 707/955/665 708/956/665 704/957/665
f 707/955/666 693/933/666 695/935/666 708/956/666
f 708/956/667 695/935/667 673/939/667 709/958/667
f 704/957/668 708/956/668 709/958/668 705/959/668
f 701/944/669 710/960/669 711/961/669 702/945/669
f 710/960/670 687/927/670 689/929/670 711/961/670
f 711/961/671 689/929/671 693/933/671 707/955/671
f 702/945/672 711/961/672 707/955/672 703/946/672
f 697/962/673 712/963/673 713/964/673 698/965/673
f 712/963/674 681/921/674 683/923/674 713/964/674
f 713/964/675 683/923/675 687/927/675 710/960/675
f 698/965/676 713/964/676 710/960/676 701/944/676
f 705/966/677 709/967/677 714/968/677 700/969/677
f 709/967/678 673/913/678 676/916/678 714/968/678
f 714/968/679 676/916/679 681/921/679 712/963/679
f 700/969/680 714/968/680 712/963/680 697/962/680
usemtl Material.023
f 715/970/681 716/971/681 717/972/681 718/973/681
f 716/971/682 719/974/682 720/975/682 717/972/682
f 717/972/683 720/975/683 721/976/683 722/977/683
f 718/973/684 717/972/684 722/977/684 723/978/684
f 724/979/685 725/980/685 726/981/685 727/982/685
f 725/980/686 728/983/686 729/984/686 726/981/686
f 726/981/687 729/984/687 730/985/687 731/986/687
f 727/982/688 726/981/688 731/986/688 732/987/688
f 733/988/689 734/989/689 735/990/689 736/991/689
f 734/989/690 737/992/690 738/993/690 735/990/690
f 735/990/691 738/993/691 739/994/691 740/995/691
f 736/991/692 735/990/692 740/995/692 741/996/692
f 737/992/693 742/997/693 743/998/693 738/993/693
f 742/997/694 744/999/694 745/1000/694 743/998/694
f 743/998/695 745/1000/695 746/1001/695 747/1002/695
f 738/993/696 743/998/696 747/1002/696 739/994/696
f 744/999/697 748/1003/697 749/1004/697 745/1000/697
f 748/1003/698 750/1005/698 751/1006/698 749/1004/698
f 749/1004/699 751/1006/699 752/1007/699 753/1008/699
f 745/1000/700 749/1004/700 753/1008/700 746/1001/700
f 750/1005/701 754/1009/701 755/1010/701 751/1006/701
f 754/1009/702 733/988/702 736/991/702 755/1010/702
f 755/1010/703 736/991/703 741/996/703 756/1011/703
f 751/1006/704 755/1010/704 756/1011/704 752/1007/704
f 757/1012/705 758/1013/705 759/1014/705 760/1015/705
f 758/1013/706 761/1016/706 762/1017/706 759/1014/706
f 759/1014/707 762/1017/707 737/992/707 734/989/707
f 760/1015/708 759/1014/708 734/989/708 733/988/708
f 761/1016/709 763/1018/709 764/1019/709 762/1017/709
f 763/1018/710 765/1020/710 766/1021/710 764/1019/710
f 764/1019/711 766/1021/711 744/999/711 742/997/711
f 762/1017/712 764/1019/712 742/997/712 737/992/712
f 765/1020/713 767/1022/713 768/1023/713 766/1021/713
f 767/1022/714 769/1024/714 770/1025/714 768/1023/714
f 768/1023/714 770/1025/714 750/1005/714 748/1003/714
f 766/1021/713 768/1023/713 748/1003/713 744/999/713
f 769/1024/715 771/1026/715 772/1027/715 770/1025/715
f 771/1026/716 757/1012/716 760/1015/716 772/1027/716
f 772/1027/717 760/1015/717 733/988/717 754/1009/717
f 770/1025/718 772/1027/718 754/1009/718 750/1005/718
f 773/1028/719 774/1029/719 775/1030/719 776/1031/719
f 774/1029/720 777/1032/720 778/1033/720 775/1030/720
f 775/1030/720 778/1033/720 761/1016/720 758/1013/720
f 776/1031/721 775/1030/721 758/1013/721 757/1012/721
f 777/1032/722 779/1034/722 780/1035/722 778/1033/722
f 779/1034/710 781/1036/710 782/1037/710 780/1035/710
f 780/1035/710 782/1037/710 765/1020/710 763/1018/710
f 778/1033/709 780/1035/709 763/1018/709 761/1016/709
f 781/1036/723 783/1038/723 784/1039/723 782/1037/723
f 783/1038/724 785/1040/724 786/1041/724 784/1039/724
f 784/1039/725 786/1041/725 769/1024/725 767/1022/725
f 782/1037/726 784/1039/726 767/1022/726 765/1020/726
f 785/1040/715 787/1042/715 788/1043/715 786/1041/715
f 787/1042/727 773/1028/727 776/1031/727 788/1043/727
f 788/1043/727 776/1031/727 757/1012/727 771/1026/727
f 786/1041/715 788/1043/715 771/1026/715 769/1024/715
f 789/1044/721 790/1045/721 791/1046/721 792/1047/721
f 790/1045/728 793/1048/728 794/1049/728 791/1046/728
f 791/1046/720 794/1049/720 777/1032/720 774/1029/720
f 792/1047/729 791/1046/729 774/1029/729 773/1028/729
f 793/1048/709 795/1050/709 796/1051/709 794/1049/709
f 795/1050/710 797/1052/710 798/1053/710 796/1051/710
f 796/1051/710 798/1053/710 781/1036/710 779/1034/710
f 794/1049/722 796/1051/722 779/1034/722 777/1032/722
f 797/1052/726 799/1054/726 800/1055/726 798/1053/726
f 799/1054/725 801/1056/725 802/1057/725 800/1055/725
f 800/1055/725 802/1057/725 785/1040/725 783/1038/725
f 798/1053/730 800/1055/730 783/1038/730 781/1036/730
f 801/1056/715 803/1058/715 804/1059/715 802/1057/715
f 803/1058/716 789/1044/716 792/1047/716 804/1059/716
f 804/1059/716 792/1047/716 773/1028/716 787/1042/716
f 802/1057/715 804/1059/715 787/1042/715 785/1040/715
f 723/978/731 722/977/731 805/1060/731 806/1061/731
f 722/977/732 721/976/732 807/1062/732 805/1060/732
f 805/1060/733 807/1062/733 793/1048/733 790/1045/733
f 806/1061/734 805/1060/734 790/1045/734 789/1044/734
f 721/976/735 720/975/735 808/1063/735 807/1062/735
f 720/975/736 719/974/736 809/1064/736 808/1063/736
f 808/1063/737 809/1064/737 797/1052/737 795/1050/737
f 807/1062/738 808/1063/738 795/1050/738 793/1048/738
f 719/974/739 716/971/739 810/1065/739 809/1064/739
f 716/971/740 715/970/740 811/1066/740 810/1065/740
f 810/1065/741 811/1066/741 801/1056/741 799/1054/741
f 809/1064/742 810/1065/742 799/1054/742 797/1052/742
f 715/970/743 718/973/743 812/1067/743 811/1066/743
f 718/973/744 723/978/744 806/1061/744 812/1067/744
f 812/1067/745 806/1061/745 789/1044/745 803/1058/745
f 811/1066/746 812/1067/746 803/1058/746 801/1056/746
f 813/1068/747 814/1069/747 815/1070/747 816/1071/747
f 814/1069/748 817/1072/748 818/1073/748 815/1070/748
f 815/1070/749 818/1073/749 819/1074/749 820/1075/749
f 816/1071/750 815/1070/750 820/1075/750 821/1076/750
f 817/1072/751 822/1077/751 823/1078/751 818/1073/751
f 822/1077/752 824/1079/752 825/1080/752 823/1078/752
f 823/1078/753 825/1080/753 826/1081/753 827/1082/753
f 818/1073/754 823/1078/754 827/1082/754 819/1074/754
f 824/1079/755 828/1083/755 829/1084/755 825/1080/755
f 828/1083/756 830/1085/756 831/1086/756 829/1084/756
f 829/1084/757 831/1086/757 832/1087/757 833/1088/757
f 825/1080/758 829/1084/758 833/1088/758 826/1081/758
f 830/1085/759 834/1089/759 835/1090/759 831/1086/759
f 834/1089/760 813/1068/760 816/1071/760 835/1090/760
f 835/1090/761 816/1071/761 821/1076/761 836/1091/761
f 831/1086/762 835/1090/762 836/1091/762 832/1087/762
f 837/1092/763 838/1093/763 839/1094/763 840/1095/763
f 838/1093/764 841/1096/764 842/1097/764 839/1094/764
f 839/1094/765 842/1097/765 817/1072/765 814/1069/765
f 840/1095/766 839/1094/766 814/1069/766 813/1068/766
f 841/1096/767 843/1098/767 844/1099/767 842/1097/767
f 843/1098/768 845/1100/768 846/1101/768 844/1099/768
f 844/1099/769 846/1101/769 824/1079/769 822/1077/769
f 842/1097/770 844/1099/770 822/1077/770 817/1072/770
f 845/1100/771 847/1102/771 848/1103/771 846/1101/771
f 847/1102/772 849/1104/772 850/1105/772 848/1103/772
f 848/1103/773 850/1105/773 830/1085/773 828/1083/773
f 846/1101/774 848/1103/774 828/1083/774 824/1079/774
f 849/1104/775 851/1106/775 852/1107/775 850/1105/775
f 851/1106/776 837/1092/776 840/1095/776 852/1107/776
f 852/1107/777 840/1095/777 813/1068/777 834/1089/777
f 850/1105/778 852/1107/778 834/1089/778 830/1085/778
f 741/996/779 740/995/779 853/1108/779 854/1109/779
f 740/995/780 739/994/780 855/1110/780 853/1108/780
f 853/1108/781 855/1110/781 841/1096/781 838/1093/781
f 854/1109/782 853/1108/782 838/1093/782 837/1092/782
f 739/994/783 747/1002/783 856/1111/783 855/1110/783
f 747/1002/784 746/1001/784 857/1112/784 856/1111/784
f 856/1111/785 857/1112/785 845/1100/785 843/1098/785
f 855/1110/786 856/1111/786 843/1098/786 841/1096/786
f 746/1001/787 753/1008/787 858/1113/787 857/1112/787
f 753/1008/788 752/1007/788 859/1114/788 858/1113/788
f 858/1113/789 859/1114/789 849/1104/789 847/1102/789
f 857/1112/790 858/1113/790 847/1102/790 845/1100/790
f 752/1007/791 756/1011/791 860/1115/791 859/1114/791
f 756/1011/792 741/996/792 854/1109/792 860/1115/792
f 860/1115/793 854/1109/793 837/1092/793 851/1106/793
f 859/1114/794 860/1115/794 851/1106/794 849/1104/794
f 861/1116/795 862/1117/795 863/1118/795 864/1119/795
f 862/1117/796 865/1120/796 866/1121/796 863/1118/796
f 863/1118/797 866/1121/797 867/1122/797 868/1123/797
f 864/1119/798 863/1118/798 868/1123/798 869/1124/798
f 865/1120/799 870/1125/799 871/1126/799 866/1121/799
f 870/1125/800 872/1127/800 873/1128/800 871/1126/800
f 871/1126/801 873/1128/801 874/1129/801 875/1130/801
f 866/1121/802 871/1126/802 875/1130/802 867/1122/802
f 872/1127/803 876/1131/803 877/1132/803 873/1128/803
f 876/1131/804 878/1133/804 879/1134/804 877/1132/804
f 877/1132/805 879/1134/805 880/1135/805 881/1136/805
f 873/1128/806 877/1132/806 881/1136/806 874/1129/806
f 878/1133/807 882/1137/807 883/1138/807 879/1134/807
f 882/1137/808 861/1116/808 864/1119/808 883/1138/808
f 883/1138/809 864/1119/809 869/1124/809 884/1139/809
f 879/1134/810 883/1138/810 884/1139/810 880/1135/810
f 885/1140/811 886/1141/811 887/1142/811 888/1143/811
f 886/1141/812 889/1144/812 890/1145/812 887/1142/812
f 887/1142/812 890/1145/812 865/1120/812 862/1117/812
f 888/1143/813 887/1142/813 862/1117/813 861/1116/813
f 889/1144/814 891/1146/814 892/1147/814 890/1145/814
f 891/1146/815 893/1148/815 894/1149/815 892/1147/815
f 892/1147/815 894/1149/815 872/1127/815 870/1125/815
f 890/1145/816 892/1147/816 870/1125/816 865/1120/816
f 893/1148/817 895/1150/817 896/1151/817 894/1149/817
f 895/1150/818 897/1152/818 898/1153/818 896/1151/818
f 896/1151/819 898/1153/819 878/1133/819 876/1131/819
f 894/1149/820 896/1151/820 876/1131/820 872/1127/820
f 897/1152/821 899/1154/821 900/1155/821 898/1153/821
f 899/1154/822 885/1140/822 888/1143/822 900/1155/822
f 900/1155/823 888/1143/823 861/1116/823 882/1137/823
f 898/1153/821 900/1155/821 882/1137/821 878/1133/821
f 901/1156/824 902/1157/824 903/1158/824 904/1159/824
f 902/1157/825 905/1160/825 906/1161/825 903/1158/825
f 903/1158/812 906/1161/812 889/1144/812 886/1141/812
f 904/1159/811 903/1158/811 886/1141/811 885/1140/811
f 905/1160/826 907/1162/826 908/1163/826 906/1161/826
f 907/1162/827 909/1164/827 910/1165/827 908/1163/827
f 908/1163/828 910/1165/828 893/1148/828 891/1146/828
f 906/1161/829 908/1163/829 891/1146/829 889/1144/829
f 909/1164/830 911/1166/830 912/1167/830 910/1165/830
f 911/1166/831 913/1168/831 914/1169/831 912/1167/831
f 912/1167/818 914/1169/818 897/1152/818 895/1150/818
f 910/1165/817 912/1167/817 895/1150/817 893/1148/817
f 913/1168/832 915/1170/832 916/1171/832 914/1169/832
f 915/1170/833 901/1156/833 904/1159/833 916/1171/833
f 916/1171/822 904/1159/822 885/1140/822 899/1154/822
f 914/1169/821 916/1171/821 899/1154/821 897/1152/821
f 821/1076/834 820/1075/834 917/1172/834 918/1173/834
f 820/1075/835 819/1074/835 919/1174/835 917/1172/835
f 917/1172/836 919/1174/836 905/1160/836 902/1157/836
f 918/1173/837 917/1172/837 902/1157/837 901/1156/837
f 819/1074/838 827/1082/838 920/1175/838 919/1174/838
f 827/1082/839 826/1081/839 921/1176/839 920/1175/839
f 920/1175/840 921/1176/840 909/1164/840 907/1162/840
f 919/1174/841 920/1175/841 907/1162/841 905/1160/841
f 826/1081/842 833/1088/842 922/1177/842 921/1176/842
f 833/1088/843 832/1087/843 923/1178/843 922/1177/843
f 922/1177/844 923/1178/844 913/1168/844 911/1166/844
f 921/1176/845 922/1177/845 911/1166/845 909/1164/845
f 832/1087/846 836/1091/846 924/1179/846 923/1178/846
f 836/1091/847 821/1076/847 918/1173/847 924/1179/847
f 924/1179/848 918/1173/848 901/1156/848 915/1170/848
f 923/1178/849 924/1179/849 915/1170/849 913/1168/849
f 925/1180/850 926/1181/850 927/1182/850 928/1183/850
f 926/1181/851 929/1184/851 930/1185/851 927/1182/851
f 927/1182/852 930/1185/852 931/1186/852 932/1187/852
f 928/1183/853 927/1182/853 932/1187/853 933/1188/853
f 929/1184/854 934/1189/854 935/1190/854 930/1185/854
f 934/1189/855 936/1191/855 937/1192/855 935/1190/855
f 935/1190/856 937/1192/856 938/1193/856 939/1194/856
f 930/1185/857 935/1190/857 939/1194/857 931/1186/857
f 936/1191/858 940/1195/858 941/1196/858 937/1192/858
f 940/1195/859 942/1197/859 943/1198/859 941/1196/859
f 941/1196/860 943/1198/860 944/1199/860 945/1200/860
f 937/1192/861 941/1196/861 945/1200/861 938/1193/861
f 942/1197/862 946/1201/862 947/1202/862 943/1198/862
f 946/1201/863 925/1180/863 928/1183/863 947/1202/863
f 947/1202/864 928/1183/864 933/1188/864 948/1203/864
f 943/1198/865 947/1202/865 948/1203/865 944/1199/865
f 949/1204/866 950/1205/866 951/1206/866 952/1207/866
f 950/1205/867 953/1208/867 954/1209/867 951/1206/867
f 951/1206/868 954/1209/868 929/1184/868 926/1181/868
f 952/1207/869 951/1206/869 926/1181/869 925/1180/869
f 953/1208/870 955/1210/870 956/1211/870 954/1209/870
f 955/1210/871 957/1212/871 958/1213/871 956/1211/871
f 956/1211/871 958/1213/871 936/1191/871 934/1189/871
f 954/1209/872 956/1211/872 934/1189/872 929/1184/872
f 957/1212/873 959/1214/873 960/1215/873 958/1213/873
f 959/1214/874 961/1216/874 962/1217/874 960/1215/874
f 960/1215/875 962/1217/875 942/1197/875 940/1195/875
f 958/1213/873 960/1215/873 940/1195/873 936/1191/873
f 961/1216/876 963/1218/876 964/1219/876 962/1217/876
f 963/1218/877 949/1204/877 952/1207/877 964/1219/877
f 964/1219/878 952/1207/878 925/1180/878 946/1201/878
f 962/1217/876 964/1219/876 946/1201/876 942/1197/876
f 869/1124/879 868/1123/879 965/1220/879 966/1221/879
f 868/1123/880 867/1122/880 967/1222/880 965/1220/880
f 965/1220/881 967/1222/881 953/1208/881 950/1205/881
f 966/1221/882 965/1220/882 950/1205/882 949/1204/882
f 867/1122/883 875/1130/883 968/1223/883 967/1222/883
f 875/1130/884 874/1129/884 969/1224/884 968/1223/884
f 968/1223/885 969/1224/885 957/1212/885 955/1210/885
f 967/1222/886 968/1223/886 955/1210/886 953/1208/886
f 874/1129/887 881/1136/887 970/1225/887 969/1224/887
f 881/1136/888 880/1135/888 971/1226/888 970/1225/888
f 970/1225/889 971/1226/889 961/1216/889 959/1214/889
f 969/1224/890 970/1225/890 959/1214/890 957/1212/890
f 880/1135/891 884/1139/891 972/1227/891 971/1226/891
f 884/1139/892 869/1124/892 966/1221/892 972/1227/892
f 972/1227/893 966/1221/893 949/1204/893 963/1218/893
f 971/1226/894 972/1227/894 963/1218/894 961/1216/894
f 973/1228/895 974/1229/895 975/1230/895 976/1231/895
f 974/1229/896 977/1232/896 978/1233/896 975/1230/896
f 975/1230/897 978/1233/897 979/1234/897 980/1235/897
f 976/1231/898 975/1230/898 980/1235/898 981/1236/898
f 977/1232/899 982/1237/899 983/1238/899 978/1233/899
f 982/1237/900 984/1239/900 985/1240/900 983/1238/900
f 983/1238/901 985/1240/901 986/1241/901 987/1242/901
f 978/1233/902 983/1238/902 987/1242/902 979/1234/902
f 984/1239/903 988/1243/903 989/1244/903 985/1240/903
f 988/1243/904 990/1245/904 991/1246/904 989/1244/904
f 989/1244/905 991/1246/905 992/1247/905 993/1248/905
f 985/1240/906 989/1244/906 993/1248/906 986/1241/906
f 990/1245/907 994/1249/907 995/1250/907 991/1246/907
f 994/1249/908 973/1228/908 976/1231/908 995/1250/908
f 995/1250/909 976/1231/909 981/1236/909 996/1251/909
f 991/1246/910 995/1250/910 996/1251/910 992/1247/910
f 997/1252/911 998/1253/911 999/1254/911 1000/1255/911
f 998/1253/912 1001/1256/912 1002/1257/912 999/1254/912
f 999/1254/913 1002/1257/913 977/1232/913 974/1229/913
f 1000/1255/914 999/1254/914 974/1229/914 973/1228/914
f 1001/1256/915 1003/1258/915 1004/1259/915 1002/1257/915
f 1003/1258/916 1005/1260/916 1006/1261/916 1004/1259/916
f 1004/1259/917 1006/1261/917 984/1239/917 982/1237/917
f 1002/1257/918 1004/1259/918 982/1237/918 977/1232/918
f 1005/1260/919 1007/1262/919 1008/1263/919 1006/1261/919
f 1007/1262/920 1009/1264/920 1010/1265/920 1008/1263/920
f 1008/1263/921 1010/1265/921 990/1245/921 988/1243/921
f 1006/1261/922 1008/1263/922 988/1243/922 984/1239/922
f 1009/1264/923 1011/1266/923 1012/1267/923 1010/1265/923
f 1011/1266/924 997/1252/924 1000/1255/924 1012/1267/924
f 1012/1267/925 1000/1255/925 973/1228/925 994/1249/925
f 1010/1265/926 1012/1267/926 994/1249/926 990/1245/926
f 981/1236/927 980/1235/927 1013/1268/927 1014/1269/927
f 980/1235/928 979/1234/928 1015/1270/928 1013/1268/928
f 1013/1268/929 1015/1270/929 728/983/929 725/980/929
f 1014/1269/930 1013/1268/930 725/980/930 724/979/930
f 979/1234/931 987/1242/931 1016/1271/931 1015/1270/931
f 987/1242/932 986/1241/932 1017/1272/932 1016/1271/932
f 1016/1271/933 1017/1272/933 730/985/933 729/984/933
f 1015/1270/934 1016/1271/934 729/984/934 728/983/934
f 986/1241/935 993/1248/935 1018/1273/935 1017/1272/935
f 993/1248/936 992/1247/936 1019/1274/936 1018/1273/936
f 1018/1273/937 1019/1274/937 732/987/937 731/986/937
f 1017/1272/938 1018/1273/938 731/986/938 730/985/938
f 992/1247/939 996/1251/939 1020/1275/939 1019/1274/939
f 996/1251/940 981/1236/940 1014/1269/940 1020/1275/940
f 1020/1275/941 1014/1269/941 724/979/941 727/982/941
f 1019/1274/942 1020/1275/942 727/982/942 732/987/942
f 1021/1276/943 1022/1277/943 1023/1278/943 1024/1279/943
f 1022/1277/944 1025/1280/944 1026/1281/944 1023/1278/944
f 1023/1278/945 1026/1281/945 1001/1256/945 998/1253/945
f 1024/1279/946 1023/1278/946 998/1253/946 997/1252/946
f 1025/1280/947 1027/1282/947 1028/1283/947 1026/1281/947
f 1027/1282/948 1029/1284/948 1030/1285/948 1028/1283/948
f 1028/1283/949 1030/1285/949 1005/1260/949 1003/1258/949
f 1026/1281/950 1028/1283/950 1003/1258/950 1001/1256/950
f 1029/1284/951 1031/1286/951 1032/1287/951 1030/1285/951
f 1031/1286/952 1033/1288/952 1034/1289/952 1032/1287/952
f 1032/1287/953 1034/1289/953 1009/1264/953 1007/1262/953
f 1030/1285/954 1032/1287/954 1007/1262/954 1005/1260/954
f 1033/1288/955 1035/1290/955 1036/1291/955 1034/1289/955
f 1035/1290/956 1021/1276/956 1024/1279/956 1036/1291/956
f 1036/1291/957 1024/1279/957 997/1252/957 1011/1266/957
f 1034/1289/958 1036/1291/958 1011/1266/958 1009/1264/958
f 1037/1292/959 1038/1293/959 1039/1294/959 1040/1295/959
f 1038/1293/960 1041/1296/960 1042/1297/960 1039/1294/960
f 1039/1294/961 1042/1297/961 1025/1280/961 1022/1277/961
f 1040/1295/962 1039/1294/962 1022/1277/962 1021/1276/962
f 1041/1296/963 1043/1298/963 1044/1299/963 1042/1297/963
f 1043/1298/964 1045/1300/964 1046/1301/964 1044/1299/964
f 1044/1299/965 1046/1301/965 1029/1284/965 1027/1282/965
f 1042/1297/966 1044/1299/966 1027/1282/966 1025/1280/966
f 1045/1300/967 1047/1302/967 1048/1303/967 1046/1301/967
f 1047/1302/968 1049/1304/968 1050/1305/968 1048/1303/968
f 1048/1303/968 1050/1305/968 1033/1288/968 1031/1286/968
f 1046/1301/967 1048/1303/967 1031/1286/967 1029/1284/967
f 1049/1304/969 1051/1306/969 1052/1307/969 1050/1305/969
f 1051/1306/970 1037/1292/970 1040/1295/970 1052/1307/970
f 1052/1307/971 1040/1295/971 1021/1276/971 1035/1290/971
f 1050/1305/972 1052/1307/972 1035/1290/972 1033/1288/972
f 933/1188/973 932/1187/973 1053/1308/973 1054/1309/973
f 932/1187/974 931/1186/974 1055/1310/974 1053/1308/974
f 1053/1308/975 1055/1310/975 1041/1296/975 1038/1293/975
f 1054/1309/976 1053/1308/976 1038/1293/976 1037/1292/976
f 931/1186/977 939/1194/977 1056/1311/977 1055/1310/977
f 939/1194/978 938/1193/978 1057/1312/978 1056/1311/978
f 1056/1311/979 1057/1312/979 1045/1300/979 1043/1298/979
f 1055/1310/980 1056/1311/980 1043/1298/980 1041/1296/980
f 938/1193/981 945/1200/981 1058/1313/981 1057/1312/981
f 945/1200/982 944/1199/982 1059/1314/982 1058/1313/982
f 1058/1313/983 1059/1314/983 1049/1304/983 1047/1302/983
f 1057/1312/984 1058/1313/984 1047/1302/984 1045/1300/984
f 944/1199/985 948/1203/985 1060/1315/985 1059/1314/985
f 948/1203/986 933/1188/986 1054/1309/986 1060/1315/986
f 1060/1315/987 1054/1309/987 1037/1292/987 1051/1306/987
f 1059/1314/988 1060/1315/988 1051/1306/988 1049/1304/988
usemtl Material.025
f 1061/1316/989 1062/1317/989 1063/1318/989 1064/1319/989
f 1062/1317/990 1065/1320/990 1066/1321/990 1063/1318/990
f 1063/1318/991 1066/1321/991 1067/1322/991 1068/1323/991
f 1064/1319/992 1063/1318/992 1068/1323/992 1069/1324/992
f 1069/1324/993 1068/1323/993 1070/1325/993 1071/1326/993
f 1068/1323/994 1067/1322/994 1072/1327/994 1070/1325/994
f 1070/1325/995 1072/1327/995 1073/1328/995 1074/1329/995
f 1071/1326/996 1070/1325/996 1074/1329/996 1075/1330/996
f 1075/1330/997 1074/1329/997 1076/1331/997 1077/1332/997
f 1074/1329/998 1073/1328/998 1078/1333/998 1076/1331/998
f 1076/1331/999 1078/1333/999 1079/1334/999 1080/1335/999
f 1077/1332/1000 1076/1331/1000 1080/1335/1000 1081/1336/1000
f 1081/1336/1001 1080/1335/1001 1082/1337/1001 1083/1338/1001
f 1080/1335/1002 1079/1334/1002 1084/1339/1002 1082/1337/1002
f 1082/1337/1003 1084/1339/1003 1065/1340/1003 1062/1341/1003
f 1083/1338/1004 1082/1337/1004 1062/1341/1004 1061/1342/1004
f 1069/1343/1005 1071/1344/1005 1085/1345/1005 1064/1346/1005
f 1071/1344/1006 1075/1330/1006 1077/1332/1006 1085/1345/1006
f 1085/1345/1007 1077/1332/1007 1081/1336/1007 1083/1347/1007
f 1064/1346/1008 1085/1345/1008 1083/1347/1008 1061/1348/1008
f 1073/1328/1009 1072/1349/1009 1086/1350/1009 1078/1333/1009
f 1072/1349/1010 1067/1351/1010 1066/1352/1010 1086/1350/1010
f 1086/1350/1011 1066/1352/1011 1065/1353/1011 1084/1354/1011
f 1078/1333/1012 1086/1350/1012 1084/1354/1012 1079/1334/1012
f 1087/1355/989 1088/1356/989 1089/1357/989 1090/1358/989
f 1088/1356/990 1091/1359/990 1092/1360/990 1089/1357/990
f 1089/1357/991 1092/1360/991 1093/1361/991 1094/1362/991
f 1090/1358/992 1089/1357/992 1094/1362/992 1095/1363/992
f 1095/1363/993 1094/1362/993 1096/1364/993 1097/1365/993
f 1094/1362/1013 1093/1361/1013 1098/1366/1013 1096/1364/1013
f 1096/1364/995 1098/1366/995 1099/1367/995 1100/1368/995
f 1097/1365/996 1096/1364/996 1100/1368/996 1101/1369/996
f 1101/1369/997 1100/1368/997 1102/1370/997 1103/1371/997
f 1100/1368/998 1099/1367/998 1104/1372/998 1102/1370/998
f 1102/1370/999 1104/1372/999 1105/1373/999 1106/1374/999
f 1103/1371/1014 1102/1370/1014 1106/1374/1014 1107/1375/1014
f 1107/1375/1001 1106/1374/1001 1108/1376/1001 1109/1377/1001
f 1106/1374/1015 1105/1373/1015 1110/1378/1015 1108/1376/1015
f 1108/1376/1003 1110/1378/1003 1091/1379/1003 1088/1380/1003
f 1109/1377/1004 1108/1376/1004 1088/1380/1004 1087/1381/1004
f 1095/1382/1005 1097/1383/1005 1111/1384/1005 1090/1385/1005
f 1097/1383/1006 1101/1369/1006 1103/1371/1006 1111/1384/1006
f 1111/1384/1007 1103/1371/1007 1107/1375/1007 1109/1386/1007
f 1090/1385/1008 1111/1384/1008 1109/1386/1008 1087/1387/1008
f 1099/1367/1016 1098/1388/1016 1112/1389/1016 1104/1372/1016
f 1098/1388/1010 1093/1390/1010 1092/1391/1010 1112/1389/1010
f 1112/1389/1011 1092/1391/1011 1091/1392/1011 1110/1393/1011
f 1104/1372/1012 1112/1389/1012 1110/1393/1012 1105/1373/1012
