mtllib LOW_POLY_set.mtl
o lp_tree_4_Cube_033
v 61.572083 14.077906 9.135214
v 61.510860 13.209887 8.979997
v 61.394478 13.270525 8.877209
v 61.388340 14.058352 9.022706
v 61.241768 12.529371 9.091188
v 61.145554 12.600142 8.888037
v 61.181412 13.370974 8.789347
v 61.127335 14.055937 8.904586
v 60.968319 12.724751 8.736808
v 61.310387 14.918188 9.882771
v 61.745911 14.075818 9.222252
v 61.080471 14.674158 9.458284
v 61.604019 13.174813 9.079622
v 61.340630 12.511220 9.307059
v 60.949890 11.868423 9.778611
v 60.800404 11.912572 9.254992
v 60.687035 11.983023 8.943627
v 60.542885 12.141702 8.731898
v 60.397484 12.363748 8.605521
v 60.630791 12.877635 8.612280
v 60.781586 13.538609 8.684355
v 60.719330 14.126508 8.774666
v 60.734730 14.492535 9.033315
v 60.560040 14.443674 8.896067
v 60.909012 14.557379 9.215384
v 61.501835 12.546215 9.438198
v 61.727798 13.155464 9.147406
v 61.871456 13.157975 9.191682
v 61.668713 12.588261 9.499026
v 61.928493 13.990974 9.251020
v 62.077866 13.931520 9.269243
v 62.011696 13.183046 9.222761
v 61.813782 12.619487 9.524337
v 62.196831 13.937662 9.296093
v 61.350246 12.066999 9.984356
v 61.818760 14.721401 9.814821
v 61.992661 14.653387 9.856821
v 62.109028 14.656255 9.901629
v 62.209335 14.686147 9.933781
v 62.298290 13.976352 9.331697
v 62.141663 13.219204 9.251619
v 61.943996 12.642447 9.537307
v 61.732430 12.212023 10.098526
v 61.858650 12.237806 10.106999
v 61.574863 12.161999 10.067162
v 60.556679 14.856319 13.522636
v 59.637547 15.084301 13.378227
v 59.652573 15.044875 13.514991
v 60.514820 14.805826 13.664519
v 58.803574 15.036427 13.330883
v 58.848476 14.951262 13.485091
v 59.655033 15.028393 13.660729
v 60.475536 14.783365 13.813647
v 58.865791 14.902177 13.638362
v 61.702114 14.543645 13.499254
v 60.557549 14.976661 13.348880
v 61.400593 14.336661 13.797686
v 59.611450 15.175062 13.235666
v 58.755459 15.180085 13.145332
v 57.882973 15.035484 13.025302
v 58.067390 14.774217 13.354801
v 58.152298 14.664618 13.524754
v 58.192856 14.612597 13.680900
v 58.224144 14.584810 13.842440
v 58.872440 14.866812 13.805338
v 59.641953 15.002032 13.821979
v 60.427319 14.771853 13.971606
v 61.093792 14.356912 14.005534
v 60.984402 14.403608 14.111704
v 61.219830 14.318177 13.913985
v 57.190090 13.978682 9.749949
v 57.192772 13.292217 9.616329
v 56.956467 13.273927 9.814700
v 56.942905 13.887918 9.972920
v 57.266598 12.629305 9.554183
v 57.007980 12.661979 9.731778
v 56.746334 13.259794 10.085593
v 56.731350 13.804888 10.226385
v 56.803959 12.735463 10.041818
v 57.806023 14.781610 9.974840
v 57.466724 14.067600 9.564186
v 57.279770 14.588616 10.128458
v 57.436768 13.308096 9.438289
v 57.558990 12.616359 9.380508
v 57.825272 11.994064 9.564210
v 57.360146 12.076582 9.753273
v 57.077717 12.163716 9.917274
v 56.865791 12.338890 10.203159
v 56.714546 12.486723 10.459766
v 56.631683 12.790432 10.427135
v 56.552433 13.243899 10.437553
v 56.551338 13.742047 10.520025
v 56.748161 14.285925 10.454291
v 56.602867 14.121749 10.608103
v 56.970085 14.453282 10.270904
v 60.142803 11.656631 10.634043
v 60.103371 11.942083 11.584894
v 59.332664 11.890521 11.559430
v 59.438835 11.702744 10.561684
v 60.147785 12.054966 12.442596
v 59.321697 11.986232 12.431398
v 58.561691 11.804467 11.523909
v 58.665180 11.722782 10.526091
v 58.521961 11.907266 12.403807
v 60.784554 11.753805 10.676346
v 60.158730 11.538192 9.822406
v 60.754559 11.952030 11.592311
v 60.839092 12.049132 12.435632
v 60.997391 12.191669 13.136830
v 60.230213 12.063434 13.076499
v 59.421413 11.951567 13.072600
v 58.620163 11.884032 13.081455
v 57.853439 12.108194 13.115702
v 57.857140 11.878121 12.367280
v 57.906425 11.723379 11.484734
v 57.928310 11.750541 10.488253
v 58.669521 11.688250 9.708703
v 59.423527 11.552397 9.763084
v 58.845955 15.366776 12.923040
v 59.567055 15.324770 13.042068
v 59.523346 15.477163 12.773845
v 58.960144 15.516411 12.661308
v 60.340511 15.215466 13.076086
v 60.114910 15.422536 12.765123
v 59.495720 15.607370 12.477377
v 59.062737 15.635118 12.396077
v 59.943920 15.576046 12.461088
v 58.245361 15.360216 12.663353
v 61.058117 15.117279 12.944237
v 60.615005 15.400976 12.582116
v 60.304256 15.567565 12.322111
v 60.114548 15.658988 12.158195
v 59.846699 15.684300 12.191375
v 59.484226 15.711767 12.190880
v 59.131126 15.725898 12.149261
v 58.733997 15.656088 12.216435
v 58.884781 15.724050 12.086294
v 58.518921 15.537514 12.409434
v 56.371662 12.735321 12.097817
v 56.272945 13.338035 12.093848
v 56.135025 13.211776 11.429886
v 56.323330 12.673414 11.454749
v 56.432034 14.026616 12.041285
v 56.275517 13.889666 11.432980
v 56.338043 13.218112 10.869675
v 56.469788 12.747309 10.881518
v 56.383583 13.776026 10.908516
v 56.637539 12.479077 12.479033
v 56.597557 12.891108 12.576385
v 56.565971 12.296203 12.095534
v 56.626343 13.559983 12.593864
v 56.704659 14.165709 12.509046
v 56.783226 14.512011 12.373123
v 56.664196 14.554267 11.995469
v 56.544701 14.492363 11.432845
v 56.549049 14.282331 10.927557
v 56.649544 12.383540 10.846813
v 56.561775 12.249155 11.446926
v 57.452713 11.807602 10.434827
v 57.417110 11.688379 11.446975
v 57.057564 11.732231 11.424443
v 57.141991 11.923576 10.462624
v 57.375397 11.861797 12.311451
v 57.030540 11.904939 12.249611
v 56.787514 11.902253 11.423760
v 56.864407 12.116224 10.686465
v 56.771343 12.031982 12.161245
v 57.354740 12.223093 12.913701
v 57.032990 12.274978 12.792429
v 56.794151 12.367386 12.641377
v 57.418617 15.163516 12.185039
v 57.333431 15.200368 11.459734
v 57.058167 15.090314 11.445505
v 57.149193 15.058457 12.116716
v 57.272854 15.052889 10.714717
v 56.993423 14.910565 10.765016
v 56.797649 14.886013 11.436073
v 56.897728 14.876357 12.037979
v 56.753876 14.651375 10.859512
v 57.702709 15.266071 12.213118
v 57.426888 14.882886 12.822407
v 57.610874 15.307960 11.475474
v 57.610558 15.188017 10.727245
v 56.955193 14.673597 12.520741
v 57.172211 14.798922 12.674572
v 57.297192 12.796735 13.215862
v 57.196110 13.526927 13.305898
v 57.042290 13.592520 13.152956
v 57.046616 12.853175 13.079201
v 57.218960 14.270569 13.191666
v 57.065338 14.283962 13.025087
v 56.873569 13.628124 12.931667
v 56.824383 12.910030 12.883906
v 56.905701 14.251725 12.815583
v 57.545677 12.742998 13.361679
v 57.338963 13.462955 13.433832
v 57.373718 14.223639 13.350212
v 58.880531 12.868690 8.467314
v 58.893360 13.523987 8.548204
v 59.517212 13.687813 8.421339
v 59.444489 12.947731 8.355371
v 59.003315 14.114696 8.744797
v 59.587761 14.242947 8.657215
v 60.170841 13.731369 8.519416
v 60.073269 12.980385 8.429921
v 60.170204 14.260209 8.661541
v 58.579964 12.466541 8.593395
v 58.432007 12.841242 8.619484
v 58.921078 12.387460 8.524204
v 58.335571 13.413847 8.707181
v 58.502178 14.022826 8.854136
v 58.685944 14.349661 8.953527
v 59.080910 14.469680 8.924976
v 59.621838 14.571483 8.891945
v 60.164558 14.559224 8.883175
v 59.927326 12.284714 8.504419
v 59.405186 12.350595 8.485352
v 57.773567 12.644048 9.145702
v 57.637131 13.312832 9.235159
v 57.791519 13.323261 9.037452
v 57.949883 12.694674 8.938375
v 57.703205 14.056008 9.352308
v 57.927654 14.029286 9.163100
v 57.970634 13.354572 8.860886
v 58.148365 12.769110 8.765945
v 58.171368 14.015917 8.997042
v 58.118969 12.076559 9.142907
v 58.085114 14.587343 9.487467
v 58.341354 14.493811 9.245861
v 58.538349 14.417921 9.072870
v 58.460548 12.320856 8.696675
v 58.314884 12.186260 8.877496
v 58.834370 14.963364 9.504653
v 59.627811 15.080450 9.516086
v 59.638741 14.925805 9.290768
v 58.957062 14.805748 9.281456
v 60.381622 14.976388 9.515868
v 60.309204 14.830729 9.279243
v 59.636902 14.771879 9.089979
v 59.046177 14.657329 9.093543
v 60.229321 14.709568 9.076206
v 58.721867 15.163468 9.783122
v 59.599060 15.264303 9.775795
v 60.419422 15.185448 9.803873
v 60.055065 11.502989 9.242193
v 59.358418 11.513880 9.201472
v 59.352440 11.653210 8.860251
v 59.963257 11.603609 8.879652
v 58.720848 11.696087 9.177992
v 58.802006 11.831209 8.851287
v 59.374249 11.938574 8.641148
v 59.918503 11.875841 8.654055
v 58.878395 12.068710 8.650395
v 59.838013 15.765115 11.906886
v 59.845741 15.832769 11.590601
v 59.492172 15.873833 11.590764
v 59.485691 15.799263 11.898835
v 59.849003 15.867513 11.267827
v 59.500072 15.907518 11.274823
v 59.144505 15.867887 11.578073
v 59.141735 15.800795 11.878818
v 59.154358 15.898691 11.269703
v 60.164925 15.705997 11.920614
v 60.189022 15.761520 11.587574
v 60.171711 15.800909 11.249713
v 60.121643 15.810280 11.008142
v 59.860439 15.848664 10.976822
v 59.507793 15.879291 10.972720
v 59.154964 15.873359 10.987485
v 58.899307 15.841989 11.018790
v 58.846703 15.844311 11.244823
v 58.822899 15.816107 11.556273
v 58.840515 15.766597 11.863061
v 60.269688 15.448284 10.105934
v 59.565128 15.473873 10.066343
v 59.539101 15.654774 10.380466
v 60.089588 15.635556 10.422487
v 58.835445 15.423252 10.103908
v 58.979542 15.636204 10.433666
v 59.520695 15.792292 10.684947
v 59.947224 15.768709 10.713782
v 59.091743 15.786079 10.727941
v 60.890293 15.373255 10.330520
v 58.227959 15.315377 10.358573
v 58.513752 15.599012 10.632234
v 58.747272 15.761436 10.864700
v 60.296421 15.739043 10.852048
v 60.560173 15.602841 10.621636
v 57.944267 15.417555 10.872343
v 57.902031 15.457114 11.492579
v 58.211948 15.605433 11.510791
v 58.270557 15.609642 11.025870
v 57.990391 15.428287 12.105675
v 58.288700 15.575140 11.993847
v 58.521847 15.727723 11.532722
v 58.573193 15.750931 11.157244
v 58.574215 15.689653 11.908082
v 61.228279 15.265294 12.305244
v 61.234127 15.370300 11.597357
v 60.895683 15.536732 11.595782
v 60.843353 15.465716 12.139544
v 61.140308 15.395062 10.917556
v 60.810417 15.579430 11.058450
v 60.532604 15.665277 11.589694
v 60.480133 15.608852 12.003243
v 60.477154 15.710291 11.173436
v 61.586117 15.011930 12.472198
v 61.508907 15.190086 11.589762
v 61.449707 15.168543 10.756203
v 60.868477 12.913199 14.325836
v 60.994080 13.437776 14.287421
v 60.839443 13.495152 14.452914
v 60.728821 13.017026 14.528997
v 61.016514 13.948310 14.276276
v 60.856087 13.964161 14.413908
v 60.635006 13.541782 14.592445
v 60.541000 13.119872 14.686123
v 60.654324 13.956098 14.538895
v 60.658085 12.434763 14.166257
v 60.958778 12.843079 14.109188
v 60.591343 12.533496 14.406170
v 61.105270 13.375415 14.119656
v 61.133377 13.900576 14.142550
v 60.861553 14.419776 14.238628
v 60.706985 14.376175 14.373738
v 60.536163 14.294038 14.496593
v 60.389668 14.212704 14.581883
v 60.410759 13.952327 14.638031
v 60.369614 13.570609 14.701469
v 60.305161 13.180847 14.805299
v 60.349060 12.832234 14.772112
v 60.231331 12.945237 14.857059
v 60.478134 12.686614 14.616383
v 61.205700 12.702928 13.577190
v 61.420490 13.233814 13.704252
v 61.301014 13.266730 13.831449
v 61.106667 12.748306 13.746835
v 61.513908 13.790601 13.805028
v 61.357670 13.801600 13.914730
v 61.200394 13.316138 13.967791
v 61.030899 12.792903 13.918655
v 61.236965 13.844618 14.022118
v 61.345043 12.671588 13.412713
v 60.836853 12.282185 13.504378
v 61.561562 13.224464 13.583652
v 61.706059 13.826601 13.658869
v 60.698025 12.385386 13.947737
v 60.750320 12.339868 13.740036
v 57.500721 14.127679 13.511866
v 57.455357 13.415256 13.572582
v 57.546463 13.392656 13.720194
v 57.601238 14.066612 13.651056
v 57.718082 12.715788 13.560959
v 57.824249 12.705002 13.769189
v 57.615593 13.395209 13.873375
v 57.672050 14.061345 13.780280
v 57.896278 12.704722 13.978297
v 58.121937 12.103358 13.555754
v 58.257576 12.095095 13.836940
v 58.331055 12.097697 14.078481
v 58.382275 12.125010 14.325109
v 57.967018 12.727061 14.203697
v 57.690891 13.418436 14.044073
v 57.739388 14.081996 13.918710
v 58.759434 11.861726 13.533825
v 59.502369 11.949013 13.499676
v 59.554447 11.997714 13.794142
v 58.865520 11.886297 13.838785
v 60.230732 12.084080 13.481704
v 60.212288 12.128329 13.757154
v 59.592384 12.071898 14.029078
v 58.930058 11.929996 14.084642
v 60.207680 12.179131 13.982374
v 60.204899 12.247240 14.208382
v 59.625679 12.169161 14.256474
v 58.974945 11.997396 14.324574
v 62.323692 13.948492 13.411879
v 62.211361 13.323474 13.424418
v 62.344269 13.349227 13.420353
v 62.431973 13.997159 13.385773
v 62.117764 12.754058 13.260045
v 62.266987 12.757536 13.267413
v 62.524250 13.375012 13.407596
v 62.577343 14.048167 13.337886
v 62.469780 12.754635 13.274361
v 62.277782 14.483996 13.087095
v 62.229366 13.898662 13.424804
v 62.353268 14.532722 13.062522
v 62.098839 13.296033 13.422772
v 61.993038 12.745235 13.251945
v 61.904865 12.317836 12.905611
v 62.026810 12.321126 12.910730
v 62.173973 12.317557 12.917425
v 62.374977 12.307683 12.925899
v 62.658562 12.292874 12.934729
v 62.756641 12.746949 13.273763
v 62.782516 13.400662 13.377257
v 62.786755 14.101587 13.263271
v 62.574192 14.618919 12.996834
v 62.764137 14.653241 12.948875
v 62.445126 14.577128 13.033846
v 61.893394 13.806252 13.543177
v 61.716148 13.225042 13.493096
v 61.859592 13.240646 13.443877
v 62.023605 13.813913 13.469181
v 61.541748 12.684483 13.310446
v 61.719719 12.709287 13.261891
v 61.985386 13.266994 13.423770
v 62.131248 13.849108 13.434616
v 61.866398 12.731129 13.247108
v 62.015118 14.409116 13.303122
v 61.393795 12.250398 12.984228
v 61.621059 12.286658 12.923061
v 61.779022 12.308464 12.903876
v 62.201637 14.431309 13.117224
v 62.119450 14.396688 13.179549
v 61.271320 12.051023 12.391307
v 61.191944 11.966822 11.595287
v 61.455448 11.995062 11.599580
v 61.522541 12.074491 12.353252
v 61.222900 11.887370 10.739326
v 61.482296 11.970551 10.791962
v 61.619160 12.021795 11.604074
v 61.682720 12.095888 12.339752
v 61.647583 12.017765 10.815742
v 61.769199 12.043968 10.823053
v 61.735313 12.041441 11.608386
v 61.800949 12.109143 12.340549
v 61.711521 15.038179 10.702628
v 61.702351 15.083483 11.571847
v 61.832878 15.051844 11.566041
v 61.865372 14.996222 10.716113
v 61.791492 14.889059 12.451876
v 61.914299 14.857110 12.408031
v 61.938187 15.065510 11.568878
v 61.980114 15.006826 10.740312
v 62.013851 14.874630 12.384044
v 62.103848 14.912321 12.376985
v 62.034073 15.097801 11.573792
v 62.083008 15.039195 10.756124
v 59.981033 13.166713 14.924507
v 60.001217 13.568149 14.817944
v 59.559971 13.537152 14.957081
v 59.578945 13.136432 15.016087
v 60.067863 13.993702 14.718111
v 59.592331 14.028692 14.756740
v 59.068523 13.541078 14.918346
v 59.137074 13.107981 15.032259
v 59.076328 14.030892 14.672174
v 59.979443 12.889329 14.930695
v 60.101028 14.307161 14.595762
v 59.618637 14.397041 14.578142
v 59.091129 14.383427 14.517898
v 58.743744 14.290163 14.470403
v 58.651466 14.000865 14.563148
v 58.610981 13.554543 14.752823
v 58.715969 13.061628 14.978004
v 59.196266 12.804068 15.039664
v 58.868073 12.791282 15.035836
v 59.605572 12.839973 14.999067
v 57.844185 14.093359 14.082859
v 57.807205 13.461614 14.234724
v 57.990368 13.512246 14.419403
v 58.048058 14.065700 14.262552
v 58.071217 12.792381 14.438536
v 58.224869 12.895598 14.651570
v 58.259178 13.543601 14.591007
v 58.330212 14.022679 14.429932
v 58.432091 12.994701 14.832710
v 58.292953 14.546347 14.019079
v 58.469448 12.232994 14.583858
v 58.595642 12.426779 14.803022
v 58.737984 12.631779 14.958889
v 58.595676 14.382987 14.359205
v 58.429283 14.473616 14.199855
v 59.023010 12.124674 14.581131
v 59.645565 12.282425 14.514494
v 59.636955 12.424892 14.747300
v 59.098469 12.342267 14.805269
v 60.167095 12.371503 14.460463
v 60.103352 12.523211 14.683615
v 59.623589 12.612889 14.909225
v 59.166691 12.573371 14.958265
v 60.033073 12.693583 14.843491
v 60.360382 14.742448 14.137040
v 59.621880 14.943057 14.003607
v 59.618755 14.839330 14.200455
v 60.274460 14.658838 14.302902
v 58.894939 14.823495 13.989629
v 58.951115 14.743839 14.179192
v 59.624992 14.659811 14.396620
v 60.179008 14.510841 14.458773
v 59.030960 14.604867 14.359280
v 63.075191 14.149622 13.158861
v 63.137230 13.414017 13.324445
v 63.541912 13.397341 13.235571
v 63.407188 14.153926 13.010116
v 63.140285 12.729888 13.257907
v 63.557354 12.715389 13.191027
v 63.923271 13.357889 13.062288
v 63.733952 14.085821 12.818359
v 63.925171 12.727690 13.021729
v 63.028069 14.665598 12.882764
v 63.035637 12.271966 12.935203
v 63.442009 12.262719 12.886288
v 63.800690 12.301455 12.752897
v 64.032692 12.390972 12.588843
v 64.180458 12.736770 12.706335
v 64.207779 13.319731 12.733171
v 64.002029 13.988655 12.563192
v 63.583801 14.535447 12.582260
v 63.776791 14.415603 12.407081
v 63.319996 14.628063 12.767994
v 61.913876 12.115829 12.344414
v 61.845055 12.053706 11.613531
v 61.977718 12.059297 11.621227
v 62.050659 12.116331 12.350218
v 61.885246 12.059134 10.828657
v 62.025711 12.065630 10.837098
v 62.158218 12.060590 11.634039
v 62.237587 12.112330 12.359892
v 62.217281 12.063992 10.850851
v 61.981750 12.252838 10.114698
v 62.131348 12.260474 10.128733
v 62.336361 12.261169 10.153367
v 62.624153 12.252639 10.192492
v 62.485371 12.053365 10.872539
v 62.410149 12.060361 11.654960
v 62.499908 12.105565 12.375482
v 62.185898 15.069842 10.768615
v 62.129261 15.127614 11.579505
v 62.238850 15.146910 11.586213
v 62.308186 15.089363 10.782776
v 62.193172 14.945288 12.374215
v 62.296928 14.970043 12.371446
v 62.380104 15.149949 11.595834
v 62.470581 15.094896 10.803249
v 62.433430 14.984402 12.366928
v 62.308517 14.712280 9.966417
v 62.621639 14.984718 12.358244
v 62.567734 15.131119 11.612073
v 62.690796 15.079351 10.837572
v 62.597420 14.738548 10.064886
v 62.838123 14.736870 10.140785
v 62.429466 14.729664 10.007786
v 62.074089 12.662489 9.557430
v 62.264706 13.256660 9.291418
v 62.405262 13.296434 9.352011
v 62.231609 12.682284 9.593489
v 62.394211 14.016152 9.382706
v 62.507645 14.053515 9.457235
v 62.592167 13.340725 9.441428
v 62.445812 12.703340 9.652200
v 62.665901 14.089658 9.561488
v 62.902985 14.118027 9.685302
v 62.857807 13.381148 9.554943
v 62.742851 12.719663 9.734324
v 64.306778 12.764782 11.000008
v 64.424538 13.348671 10.968462
v 64.427971 13.326258 11.592078
v 64.312897 12.709280 11.606463
v 64.283142 13.963846 11.050303
v 64.260880 13.985588 11.589515
v 64.358162 13.306835 12.214024
v 64.288818 12.700438 12.210388
v 64.141693 13.990554 12.125031
v 64.030571 12.441498 10.649930
v 64.199883 12.790780 10.502251
v 64.020111 12.338043 11.051644
v 64.294891 13.356913 10.431841
v 64.162369 13.950617 10.580207
v 63.951015 14.354946 10.792414
v 63.972569 14.459954 11.132813
v 63.873024 14.514486 11.617992
v 63.777565 14.520424 12.079156
v 64.018127 12.284712 12.203042
v 63.994061 12.268223 11.634250
v 62.849487 12.093944 12.389920
v 62.747604 12.058069 11.681286
v 63.144226 12.056432 11.692144
v 63.245251 12.086601 12.366795
v 62.842796 12.035093 10.904496
v 63.247295 12.040814 10.953747
v 63.574829 12.085373 11.670757
v 63.647442 12.116812 12.282648
v 63.651226 12.120535 11.019640
v 63.003967 12.233705 10.250841
v 63.414852 12.238426 10.347881
v 63.785194 12.316487 10.495807
v 62.969215 15.027697 10.898678
v 62.806728 15.079530 11.643884
v 63.066948 14.962362 11.688229
v 63.279667 14.922179 10.988005
v 62.878494 14.961702 12.339497
v 63.168076 14.884375 12.294119
v 63.412689 14.784696 11.686234
v 63.626839 14.750999 11.085512
v 63.464611 14.739692 12.197608
v 63.158863 14.716382 10.237644
v 63.750118 14.516945 10.614764
v 63.488167 14.649815 10.388103
v 63.129326 12.716457 9.836280
v 63.222462 13.397466 9.677547
v 63.632511 13.384684 9.829462
v 63.544575 12.708690 9.977444
v 63.237919 14.123629 9.812883
v 63.605633 14.087371 9.975780
v 64.013412 13.366149 10.061016
v 63.925224 12.744673 10.182406
v 63.927013 14.010599 10.224657
v 60.339844 10.858637 14.817581
v 60.213810 11.004655 14.932459
v 60.145885 11.031067 14.554528
v 60.225700 10.853477 14.474438
v 60.237270 11.246679 14.917336
v 60.208900 11.267009 14.559745
v 60.231503 11.055033 14.201010
v 60.250355 10.862339 14.129039
v 60.331276 11.279737 14.249331
v 60.751312 10.810337 14.917578
v 60.609715 10.875916 15.079554
v 60.611004 10.780091 14.696448
v 60.473587 11.038329 15.231567
v 60.440350 11.280201 15.229207
v 60.556019 11.505671 15.041207
v 60.431900 11.520060 14.755795
v 60.357342 11.513357 14.435706
v 60.339043 11.482783 14.180765
v 60.419827 11.435497 13.958126
v 60.380421 11.270517 13.892550
v 60.372631 11.070783 13.844150
v 60.402122 10.877906 13.810009
v 60.476559 10.750037 14.060348
v 60.512959 10.773371 13.829844
v 60.500202 10.751387 14.380722
v 60.710037 10.881398 13.539486
v 60.706013 11.096530 13.530825
v 61.247864 11.155924 13.315866
v 61.186466 10.932682 13.342986
v 60.623844 11.310147 13.560045
v 61.132034 11.390731 13.293272
v 61.803234 11.244756 13.220509
v 61.745968 11.070227 13.247065
v 61.776020 11.456741 13.277863
v 60.769657 10.753936 13.666573
v 60.570694 11.522135 13.697250
v 61.025379 11.625691 13.392159
v 61.642193 11.680191 13.370548
v 62.150650 11.643899 13.498167
v 62.264877 11.508172 13.381122
v 62.296955 11.328653 13.278265
v 62.235058 11.171929 13.265492
v 61.766582 10.962016 13.386143
v 62.156006 11.050242 13.338690
v 61.227219 10.810827 13.496782
v 62.584003 11.196683 13.488686
v 62.658428 11.383381 13.506467
v 62.856621 11.403207 13.869081
v 62.799557 11.192509 13.863183
v 62.567585 11.580364 13.589654
v 62.710899 11.633852 13.901945
v 62.878094 11.381842 14.273692
v 62.825089 11.153374 14.266787
v 62.751781 11.638804 14.264231
v 62.335281 11.067017 13.549314
v 62.290756 11.735996 13.681779
v 62.367264 11.814981 13.962248
v 62.409634 11.874155 14.289384
v 62.341408 11.838696 14.596524
v 62.577087 11.601803 14.676859
v 62.630699 11.355934 14.641662
v 62.587101 11.184140 14.595396
v 62.548668 11.042589 14.262595
v 62.457481 11.069931 14.522738
v 62.519043 11.076838 13.894148
v 62.156872 11.105176 14.875819
v 62.152702 11.314581 14.986515
v 61.513401 11.255362 15.246798
v 61.596092 11.012934 15.085550
v 62.071987 11.616381 15.071536
v 61.382988 11.556108 15.276926
v 60.931999 11.143484 15.331870
v 61.047211 10.931312 15.163828
v 60.854012 11.410126 15.324013
v 62.116508 10.997730 14.677855
v 61.789749 11.922096 14.712327
v 61.228195 11.893173 14.903247
v 60.842449 11.693523 15.004900
v 61.101841 10.827286 14.916772
v 61.609459 10.895286 14.838857
v 60.860832 10.739232 13.927830
v 61.362022 10.840158 13.770991
v 61.499458 10.916626 14.126966
v 60.948254 10.767454 14.262705
v 61.905720 10.988044 13.645863
v 62.066811 11.045909 13.995569
v 61.574398 10.886175 14.505225
v 61.042648 10.792879 14.608238
v 62.111206 10.982183 14.367636
v 61.763790 11.829501 13.698071
v 61.123394 11.799327 13.803249
v 61.193520 11.895302 14.104441
v 61.802994 11.930794 14.003201
v 60.540676 11.648137 14.040440
v 60.666100 11.717220 14.279984
v 61.213272 11.935110 14.471745
v 61.782318 11.969347 14.366943
v 60.757717 11.742114 14.600660
v 60.129498 9.844273 11.064716
v 60.252308 10.080498 11.114456
v 60.393150 9.977962 11.342388
v 60.253868 9.709257 11.284012
v 60.198849 10.318853 11.240361
v 60.331673 10.251505 11.492870
v 60.433655 10.200897 11.689848
v 60.500702 9.897484 11.517368
v 60.342091 9.592303 11.445100
v 59.660297 9.847113 11.262682
v 59.882053 9.756176 11.129802
v 59.972496 9.606755 11.356180
v 59.719810 9.711569 11.512933
v 60.020210 9.454696 11.508147
v 59.734756 9.556842 11.676435
v 61.564701 8.936497 11.696446
v 60.538494 8.656012 11.372894
v 60.533012 9.016987 11.439578
v 60.923889 9.272099 11.514586
v 59.517918 8.912632 11.682663
v 60.132351 9.137147 11.474212
v 60.538273 9.424459 11.495655
v 59.492420 8.861645 13.643225
v 59.282368 9.295919 13.110862
v 59.254948 9.124310 12.674901
v 59.199028 8.685723 12.674264
v 59.252769 9.723948 12.732497
v 59.311546 9.359437 12.273333
v 59.396847 10.020084 12.437120
v 59.412643 9.676189 12.167492
v 59.851635 10.337399 12.338649
v 59.530407 9.674402 11.985715
v 60.690353 10.401641 14.159906
v 60.745689 10.235347 14.222981
v 60.767540 10.180808 14.122013
v 60.696621 10.368122 14.039508
v 60.706497 10.108099 14.347640
v 60.703220 10.015730 14.239805
v 60.744934 9.893286 14.071853
v 60.831039 10.100535 13.956923
v 60.743435 10.317268 13.852997
v 60.438282 10.505763 14.324129
v 60.561291 10.508740 14.206818
v 60.514980 10.464109 14.049068
v 60.335865 10.427804 14.133704
v 60.510818 10.411514 13.827191
v 60.279160 10.345619 13.883152
v 58.633610 11.445202 13.437877
v 58.685894 11.489827 13.483058
v 58.702137 11.434748 13.497247
v 58.700218 11.378076 13.486978
v 58.711426 11.503084 13.522300
v 58.726624 11.450569 13.544215
v 58.729248 11.357183 13.582139
v 60.454426 10.212223 14.511863
v 60.399090 10.378515 14.448788
v 60.271679 10.262344 14.251393
v 60.342728 10.074647 14.333797
v 60.194111 10.135307 13.997270
v 60.282768 9.915513 14.100382
v 60.556892 10.468073 12.200396
v 60.524162 10.399949 12.024862
v 60.291225 10.357740 12.026186
v 61.156189 10.393592 12.025564
v 60.810413 10.237175 11.868028
v 60.589985 10.192169 11.806422
v 61.535690 10.097628 11.897380
v 61.524696 9.740999 11.796367
v 61.342228 9.725981 11.743774
v 61.746754 9.846640 11.960346
v 61.683956 9.482077 11.836306
v 61.877857 9.753873 12.241400
v 61.796215 9.472416 12.081202
v 61.873672 9.745427 12.696203
v 61.817673 9.296515 12.300462
v 61.736092 9.400897 13.136786
v 61.821918 9.128910 12.734927
v 61.512558 8.895338 13.660353
v 61.861000 8.689382 12.714373
v 60.583488 10.105122 14.464952
v 60.524235 9.979044 14.324338
v 60.514332 9.824328 14.127001
v 60.904236 9.986241 13.756998
v 60.806469 10.245150 13.628106
v 60.797363 9.740882 13.881183
v 60.891003 9.534006 13.762625
v 61.034550 9.797127 13.627912
v 60.998806 10.121340 13.422442
v 59.418144 9.820723 13.413070
v 59.278164 9.755419 13.166327
v 59.327942 9.474835 13.322264
v 59.458340 9.441148 13.549314
v 60.517609 10.365678 13.581639
v 60.219139 10.289800 13.624580
v 60.595245 10.357212 13.353354
v 60.054512 10.332020 13.314833
v 60.117737 10.019505 13.758065
v 60.229092 9.752979 13.881477
v 59.973705 9.871792 13.607017
v 60.129108 9.553453 13.754306
v 60.514359 9.652016 13.926685
v 60.514256 9.438280 13.807242
v 59.541092 11.084524 10.308241
v 59.639309 11.079388 10.315895
v 59.608185 11.168182 10.314972
v 59.531765 11.195330 10.310893
v 59.734684 11.091986 10.241212
v 59.644299 11.223484 10.288996
v 59.523220 11.312828 10.333282
v 60.623138 10.454607 13.071231
v 60.373817 10.469131 12.861542
v 59.943085 10.467493 12.866059
v 61.229980 10.491156 12.880507
v 60.556889 10.490183 12.640034
v 61.191589 10.596919 12.445126
v 60.754734 10.524414 12.430087
v 58.846874 10.928238 13.391239
v 58.762802 10.830957 13.481895
v 58.928101 10.684207 13.454895
v 59.017643 10.817242 13.352944
v 58.630833 10.751900 13.474780
v 58.789597 10.561103 13.432749
v 59.014622 10.351179 13.396135
v 59.165432 10.514978 13.430762
v 59.264645 10.682158 13.309002
v 58.719162 10.976835 13.130516
v 58.823524 10.985600 13.245214
v 58.995106 10.878527 13.172146
v 58.887058 10.843749 13.021478
v 59.242580 10.748877 13.081173
v 59.126839 10.691393 12.887641
v 58.503117 10.800498 13.214057
v 58.587193 10.897781 13.123402
v 58.748581 10.720615 12.999872
v 58.659061 10.587554 13.102365
v 58.976238 10.527369 12.857343
v 58.877232 10.359970 12.983431
v 58.526466 10.743137 13.360082
v 58.681576 10.526297 13.282621
v 58.899086 10.293472 13.206932
v 61.210251 9.537468 13.649330
v 61.355640 9.622223 13.523774
v 61.078026 9.259499 13.769978
v 58.699348 11.508267 13.810590
v 58.665863 11.563936 13.816029
v 58.626530 11.487453 13.778449
v 58.646042 11.426113 13.759159
v 58.640690 11.624371 13.760225
v 58.586082 11.484364 13.728271
v 58.580425 11.331431 13.690029
v 59.433483 10.305489 13.410385
v 59.572464 10.508493 13.260782
v 59.252415 10.114532 13.369938
v 59.646900 10.020945 13.454955
v 61.150620 10.258682 13.192573
v 60.792995 10.396331 13.199970
v 59.547089 10.587108 12.962410
v 59.412533 10.512213 12.700705
v 59.219189 10.308300 12.680995
v 59.098782 10.108543 12.857248
v 59.121853 10.044611 13.142579
v 61.904427 0.857430 14.099872
v 60.507938 0.857430 14.607948
v 60.509701 0.420432 14.429025
v 61.775597 0.424941 13.968483
v 59.121712 0.857430 14.072507
v 59.253101 0.424941 13.943677
v 59.551537 0.183893 13.651055
v 60.515236 0.138157 13.865970
v 61.482975 0.183893 13.670049
v 61.931793 0.857430 11.317158
v 62.439869 0.857430 12.713646
v 62.260944 0.420432 12.711885
v 61.800404 0.424941 11.445988
v 61.697891 0.138157 12.706349
v 61.501968 0.183893 11.738609
v 58.537888 11.627832 13.541992
v 58.511215 11.571498 13.488224
v 58.491177 11.521134 13.499441
v 58.494793 11.515225 13.546575
v 58.525272 11.513005 13.459937
v 58.495174 11.468113 13.480229
v 58.472717 11.393108 13.515197
v 58.566803 11.473866 13.442587
v 58.527016 11.443627 13.457778
v 58.528763 11.393917 13.449341
v 59.149078 0.857430 11.289793
v 60.545567 0.857430 10.781716
v 60.543808 0.420432 10.960640
v 59.277908 0.424941 11.421182
v 60.538269 0.138157 11.523695
v 59.570530 0.183893 11.719616
v 58.613636 0.857430 12.676019
v 58.792561 0.420432 12.677778
v 59.355618 0.138157 12.683315
v 62.096256 2.219599 14.295509
v 60.505322 2.219599 14.874331
v 60.506531 1.411869 14.751242
v 62.007618 1.411869 14.205111
v 58.926075 2.219599 14.264334
v 59.016476 1.411869 14.175696
v 62.127430 2.219599 11.125330
v 62.706249 2.219599 12.716265
v 62.583164 1.411869 12.715055
v 62.037033 1.411869 11.213968
v 58.957253 2.219599 11.094155
v 60.548187 2.219599 10.515334
v 60.546974 1.411869 10.638422
v 59.045891 1.411869 11.184554
v 58.347256 2.219599 12.673399
v 58.470345 1.411869 12.674610
v 62.105072 4.697484 14.304501
v 60.505199 4.697484 14.886573
v 60.504856 3.384535 14.921630
v 62.130318 3.384535 14.330247
v 58.917084 4.697484 14.273149
v 58.891338 3.384535 14.298395
v 62.136421 4.697484 11.116514
v 62.718494 4.697484 12.716385
v 62.753551 3.384535 12.716730
v 62.162167 3.384535 11.091269
v 58.948437 4.697484 11.085164
v 60.548306 4.697484 10.503092
v 60.548653 3.384535 10.468035
v 58.923191 3.384535 11.059418
v 58.335014 4.697484 12.673279
v 58.299957 3.384535 12.672935
v 59.481834 11.074760 10.098723
v 59.428677 11.218581 10.182564
v 59.422962 11.287220 10.154549
v 59.465614 11.268616 10.093666
v 59.395069 11.329542 10.240767
v 59.399563 11.384571 10.197378
v 59.461300 11.433511 10.149827
v 61.866413 6.996664 14.061104
v 60.508457 6.996665 14.555161
v 60.506344 5.918368 14.770222
v 62.021286 5.918368 14.219049
v 59.160480 6.996664 14.034493
v 59.002537 5.918368 14.189363
v 61.893024 6.996664 11.355171
v 62.387081 6.996665 12.713126
v 62.602142 5.918368 12.715241
v 62.050972 5.918368 11.200301
v 59.187092 6.996664 11.328561
v 60.545048 6.996665 10.834504
v 60.547161 5.918368 10.619443
v 59.032223 5.918368 11.170615
v 58.666424 6.996665 12.676538
v 58.451363 5.918368 12.674423
v 60.511375 8.679571 13.971888
v 60.510918 7.929317 14.248484
v 61.654339 7.940546 13.840923
v 59.374828 7.938109 13.818317
v 62.087364 7.930481 12.710183
v 61.679813 7.942222 11.566187
v 60.542084 7.927448 11.135439
v 59.396793 7.940556 11.543719
v 58.966595 7.929614 12.678049
v 63.435375 12.304989 11.765163
v 63.437641 12.309076 11.790355
v 63.466370 12.317660 11.781300
v 63.457314 12.309076 11.752572
v 63.450233 12.304989 11.812290
v 63.475422 12.309076 11.810027
v 63.497360 12.304989 11.797436
v 63.495094 12.309076 11.772244
v 63.482506 12.304989 11.750308
v 62.309612 12.240885 11.890348
v 62.324242 12.246452 11.859783
v 62.284958 12.258137 11.850557
v 62.275730 12.246452 11.889843
v 62.324749 12.240885 11.825901
v 62.294182 12.246451 11.811273
v 62.260300 12.240885 11.810767
v 62.245670 12.246453 11.841332
v 62.245167 12.240885 11.875215
v 58.616745 11.944271 13.007685
v 58.652138 11.955086 13.016937
v 58.652924 11.960844 12.973454
v 58.610012 11.942073 12.972369
v 58.689816 11.950961 13.011051
v 58.699078 11.950566 12.976358
v 58.693893 11.934522 12.941910
v 58.656952 11.937552 12.931790
v 58.620819 11.927833 12.938543
v 59.128658 11.994911 14.016953
v 59.095303 11.998121 14.043785
v 59.133636 12.015346 14.074257
v 59.166145 12.005490 14.035005
v 59.077320 11.993277 14.082463
v 59.103554 12.003494 14.114870
v 59.142197 12.003726 14.133569
v 59.174397 12.010861 14.106090
v 59.193539 12.005363 14.068059
v 61.579361 10.499614 14.192696
v 61.613083 10.583976 14.269312
v 61.597080 10.587648 14.341786
v 61.541328 10.536443 14.365753
v 61.603699 10.639145 14.320938
v 61.591095 10.632219 14.400324
v 61.519615 10.622290 14.491364
v 61.677311 11.253530 13.654827
v 61.697369 11.258387 13.668122
v 61.707867 11.268575 13.641601
v 61.681343 11.258386 13.631104
v 61.721092 11.253531 13.672155
v 61.734390 11.258386 13.652098
v 61.738422 11.253530 13.628374
v 61.718365 11.258386 13.615078
v 61.694641 11.253530 13.611046
v 61.030056 11.019878 14.713278
v 61.013718 11.028275 14.693277
v 60.987995 11.016420 14.712116
v 61.014484 11.006315 14.730914
v 60.999580 11.019878 14.671665
v 60.978065 11.006315 14.681190
v 60.970383 10.983125 14.693048
v 60.978832 10.984359 14.718828
v 61.000862 10.983124 14.734661
v 61.219971 10.658556 14.625073
v 61.158134 10.651145 14.581476
v 61.166855 10.585203 14.593261
v 61.227257 10.575129 14.616758
v 61.105976 10.655433 14.471634
v 61.108772 10.555242 14.567692
v 61.181847 10.466267 14.590748
v 61.566349 10.907411 14.396275
v 61.559269 10.915527 14.427310
v 61.598507 10.910449 14.432566
v 61.598053 10.899035 14.394323
v 61.557930 10.907412 14.459112
v 61.588005 10.899035 14.469339
v 61.614487 10.879782 14.466688
v 61.626785 10.882542 14.436354
v 61.622902 10.879782 14.403851
v 59.747223 11.657171 9.215628
v 59.766903 11.674536 9.211266
v 59.761806 11.666947 9.179814
v 59.740433 11.645682 9.192612
v 59.791985 11.678352 9.203263
v 59.794224 11.671137 9.177753
v 59.792694 11.651512 9.159854
v 59.767754 11.642283 9.159100
v 59.747932 11.630333 9.172218
v 61.380409 10.675407 14.142822
v 61.384323 10.585047 14.077374
v 61.316265 10.556584 14.119842
v 61.268341 10.603060 14.176008
v 61.412628 10.507023 14.072822
v 61.309998 10.486801 14.133970
v 61.171562 10.499571 14.196730
v 59.098732 11.813004 10.704285
v 59.076363 11.821637 10.687055
v 59.055695 11.800468 10.709139
v 59.088863 11.792822 10.723438
v 59.057693 11.813004 10.665876
v 59.039234 11.792822 10.676989
v 59.037327 11.765351 10.687637
v 59.051731 11.764007 10.713372
v 59.078362 11.765351 10.726046
v 59.650768 11.173800 9.890276
v 59.574116 11.138104 9.982322
v 59.543922 11.265120 9.992087
v 59.623421 11.267037 9.883867
v 59.562641 11.387229 10.023723
v 59.647270 11.359356 9.903868
v 62.712730 11.517344 12.161210
v 62.849327 11.475332 12.173469
v 62.851902 11.659185 12.098076
v 62.743889 11.672018 12.106205
v 62.967445 11.463082 12.094451
v 62.958187 11.658619 12.067972
v 62.968685 11.802078 12.004579
v 62.848484 11.789568 12.020523
v 62.728539 11.797006 12.026546
v 61.569698 10.695813 14.227149
v 61.597290 10.660612 14.266779
v 61.617455 10.611527 14.233664
v 61.625107 10.601662 14.175660
v 63.010750 11.606118 12.021057
v 63.007393 11.673581 12.039932
v 63.042000 11.704896 11.981961
v 63.027523 11.754416 12.008605
v 61.511524 10.723280 14.310389
v 61.560894 10.691862 14.299722
v 61.476128 10.749659 14.339592
v 61.535843 10.718409 14.321259
v 61.583073 10.690451 14.358642
v 61.589298 10.666643 14.347389
v 61.588173 10.658386 14.427393
v 61.591709 10.680722 14.431847
v 61.557388 10.694839 14.500447
v 61.547962 10.671900 14.502126
v 61.475834 10.711472 14.531975
v 61.433891 10.684015 14.549831
v 61.490078 10.730478 14.525554
v 61.435246 10.762825 14.494944
v 61.426205 10.747631 14.497451
v 61.369064 10.755242 14.521209
v 58.543808 11.652449 13.509565
v 58.522823 11.596395 13.478360
v 58.547279 11.663946 13.486053
v 58.527653 11.609552 13.457516
v 58.551323 11.553521 13.433070
v 58.542885 11.536568 13.451216
v 61.388939 10.444744 14.425985
v 61.390594 10.395719 14.287266
v 61.365154 10.534823 14.543323
v 61.206848 10.354094 14.484331
v 61.211250 10.312868 14.350900
v 59.719543 9.627954 13.604019
v 59.925861 9.274978 13.754429
v 58.593540 11.503763 13.440095
v 58.608509 11.529134 13.427617
v 58.664890 11.546973 13.442564
v 58.647762 11.514555 13.450635
v 58.674858 11.580687 13.485762
v 58.672394 11.567232 13.491890
v 58.686413 11.603548 13.472515
v 58.664639 11.661762 13.498376
v 58.660286 11.648350 13.518488
v 58.665413 11.643979 13.537599
v 59.840900 10.199099 12.099592
v 59.628323 9.768526 11.935555
v 59.837482 10.226939 11.992977
v 59.673290 9.891008 11.884812
v 59.668713 9.354294 11.680961
v 61.505089 9.860920 13.242268
v 61.684246 10.142564 12.942253
v 60.512459 9.143780 13.831001
v 62.745956 11.663320 11.801362
v 62.706387 11.671584 11.841241
v 62.722546 11.726292 11.834631
v 62.741100 11.742325 11.807335
v 62.673756 11.688592 11.879049
v 62.703629 11.758146 11.850496
v 62.747547 11.815130 11.848969
v 60.994644 9.774664 11.668777
v 60.693050 9.827335 11.618489
v 58.603909 11.673862 13.526132
v 58.613106 11.669649 13.556628
v 58.605556 11.683967 13.502414
v 62.650196 11.696362 12.018258
v 62.675034 11.624313 12.077774
v 62.692345 11.682317 12.086301
v 62.670849 11.746575 12.041669
v 60.012627 9.302089 11.524143
v 60.386406 9.509973 11.496727
v 60.561619 9.857586 11.590883
v 60.489513 10.181875 11.774816
v 62.681934 11.610978 11.862575
v 62.658031 11.593367 11.913589
v 62.707256 11.575138 11.850338
v 62.645893 11.475851 11.921625
v 60.194057 10.324045 11.993218
v 60.153782 10.333797 11.894033
v 60.526752 0.042175 12.694832
v 59.763996 11.227942 10.135306
v 59.674480 11.318032 10.223761
v 59.785927 11.339435 10.011522
v 59.672798 11.403181 10.143033
v 59.571423 11.464084 10.253255
v 59.568558 11.398025 10.307862
v 58.532391 11.497093 13.636646
v 58.582191 11.621034 13.644186
v 58.500626 11.350490 13.609630
v 61.481655 10.467035 14.108974
v 61.347713 10.416626 14.187622
v 61.189903 10.369501 14.241547
v 59.713078 11.392833 9.949053
v 59.621231 11.433051 10.074676
v 59.527828 11.485447 10.193548
v 61.241913 10.771890 14.402757
v 61.308479 10.722381 14.285628
v 61.216743 10.665808 14.288665
v 61.172062 10.726316 14.408410
v 61.116169 10.601939 14.304435
v 61.395691 10.743744 14.320191
v 61.478153 10.717386 14.186409
v 61.312096 10.784148 14.442673
v 61.452660 10.741872 14.367957
v 62.887760 11.425653 11.857035
v 62.956841 11.590419 11.864985
v 62.990803 11.571562 11.945354
v 62.963184 11.398767 11.972305
v 63.002697 11.699406 11.864322
v 63.029457 11.683486 11.923044
v 59.477421 11.071040 10.229929
v 59.463875 11.198410 10.253197
v 59.436275 11.308336 10.298159
v 62.813107 11.636301 11.784063
v 62.786953 11.551399 11.828052
v 62.879715 11.657876 11.781953
v 62.877216 11.573617 11.817566
v 62.749065 11.418482 11.854129
v 61.335148 10.622658 14.592566
v 61.294739 10.701378 14.606666
v 58.782318 11.514668 13.710104
v 58.746933 11.489672 13.765797
v 58.701794 11.409545 13.712833
v 58.748260 11.442945 13.654493
v 58.670864 11.311901 13.658146
v 59.796665 11.158082 9.954342
v 59.826832 11.232066 9.982586
v 59.786633 11.145175 10.062629
v 59.744080 11.090013 10.011414
v 59.758900 11.025574 10.130605
v 59.702919 10.989229 10.056619
v 62.649456 11.674431 11.956039
v 62.656181 11.593235 12.004710
v 62.637318 11.481478 12.060734
v 58.722637 11.562732 13.564946
v 58.749153 11.508285 13.605355
v 58.736538 11.642394 13.649477
v 58.778461 11.574641 13.669622
v 62.747936 11.839697 11.939440
v 62.842964 11.836431 11.936103
v 62.836441 11.835044 11.849297
v 62.939011 11.846079 11.927322
v 62.925774 11.816521 11.840020
v 59.722847 11.135438 9.918930
v 59.657413 11.081108 9.985490
v 59.599716 10.992708 10.042172
v 61.449951 10.747890 14.399472
v 61.434208 10.768166 14.414966
v 58.643482 11.667962 13.625659
v 58.687981 11.644525 13.582688
v 58.689907 11.675434 13.707500
v 62.773121 11.870023 11.334012
v 62.805672 11.878260 11.327325
v 62.804665 11.841968 11.305653
v 62.765472 11.839177 11.321271
v 62.838707 11.870023 11.330958
v 62.845139 11.839176 11.317561
v 62.838100 11.805672 11.317937
v 62.804935 11.800095 11.311507
v 62.772514 11.805672 11.320991
v 62.915291 11.724337 11.796731
v 62.932598 11.657627 11.825795
v 62.972000 11.749125 11.838703
v 58.692284 11.573059 13.521772
v 59.976250 10.412629 11.378384
v 60.077679 10.366906 11.666322
v 59.727959 10.327374 11.448611
v 59.794998 10.274993 11.755188
v 59.605995 10.088307 11.393729
v 59.657024 9.995699 11.680114
v 59.534733 10.098847 10.791438
v 59.703163 10.032037 10.692372
v 59.790718 9.896107 10.906915
v 59.596764 9.973927 11.020238
v 59.893730 10.096004 10.648180
v 60.007938 9.973217 10.850924
v 59.990559 10.269843 10.694485
v 60.116135 10.179412 10.895180
v 59.952763 10.444746 10.794511
v 60.070099 10.386007 11.003170
v 59.784336 10.511559 10.893577
v 59.876041 10.464182 11.117136
v 59.593769 10.447590 10.937769
v 59.658710 10.387426 11.173769
v 59.496941 10.273753 10.891464
v 59.550625 10.180878 11.128871
v 59.437927 10.382765 10.384968
v 59.562099 10.336826 10.306334
v 59.619919 10.173863 10.481722
v 59.475430 10.229806 10.569386
v 59.711372 10.365533 10.296483
v 59.787842 10.220898 10.454566
v 59.796112 10.461828 10.371605
v 59.877659 10.356531 10.513717
v 59.778305 10.564585 10.479908
v 59.850327 10.495507 10.615926
v 59.654133 10.610522 10.558542
v 59.705837 10.551449 10.703590
v 59.504860 10.581816 10.568393
v 59.537914 10.504416 10.730746
v 59.420124 10.485520 10.493272
v 59.448093 10.368781 10.671596
v 58.559433 11.072198 13.580603
v 58.469585 11.097301 13.512325
v 58.468796 10.936449 13.439918
v 58.567078 10.924026 13.527157
v 58.448345 11.149302 13.409905
v 58.445953 10.991249 13.319225
v 58.518993 11.199625 13.332377
v 58.523830 11.060356 13.235636
v 58.631302 11.221031 13.318861
v 58.647129 11.104256 13.230021
v 58.721149 11.195929 13.387138
v 58.745411 11.091832 13.317260
v 58.742390 11.143928 13.489558
v 58.768253 11.037034 13.437951
v 58.671741 11.093606 13.567086
v 58.690376 10.967925 13.521541
v 58.481831 11.224719 13.568112
v 58.563156 11.196228 13.627872
v 58.461189 11.271281 13.477160
v 58.524712 11.308872 13.406402
v 58.626560 11.322951 13.390526
v 58.707134 11.292400 13.447993
v 58.727585 11.245942 13.538859
v 58.664200 11.205922 13.610898
v 59.458828 10.748422 10.196308
v 59.557369 10.716242 10.130175
v 59.547169 10.527971 10.194976
v 59.437809 10.565924 10.266758
v 59.679401 10.717252 10.138689
v 59.681488 10.540298 10.197145
v 59.752083 10.755662 10.227416
v 59.760452 10.602530 10.282692
v 59.742046 10.805759 10.337750
v 59.748043 10.674374 10.394343
v 59.643505 10.837940 10.403884
v 59.638683 10.712324 10.466125
v 59.521473 10.836929 10.395370
v 59.504368 10.700000 10.463957
v 59.448792 10.798521 10.306642
v 59.425400 10.637766 10.378409
v 59.572258 10.870394 10.085314
v 59.478909 10.902598 10.146498
v 59.684277 10.866569 10.096076
v 59.750187 10.895729 10.181114
v 59.739895 10.937136 10.287097
v 59.648453 10.962654 10.349786
v 59.537178 10.966002 10.339994
v 59.470249 10.940077 10.254163
v 60.917992 10.210949 14.382082
v 60.890678 10.244718 14.520771
v 60.720543 10.189352 14.518828
v 60.788742 10.168296 14.383729
v 60.849236 10.362505 14.597298
v 60.641727 10.305164 14.587488
v 60.817493 10.502319 14.555210
v 60.600010 10.457088 14.537161
v 60.811535 10.585643 14.432175
v 60.613422 10.557730 14.410395
v 60.838852 10.552795 14.292839
v 60.681625 10.536790 14.275214
v 60.880302 10.435925 14.215667
v 60.760441 10.421093 14.206473
v 60.912037 10.295193 14.258401
v 60.802158 10.269053 14.256882
v 61.046932 10.291722 14.511023
v 61.056725 10.254124 14.376074
v 61.020317 10.403607 14.591387
v 60.989449 10.528473 14.556952
v 60.976482 10.602835 14.442386
v 60.987717 10.567410 14.303196
v 61.015594 10.457249 14.221172
v 61.042553 10.327348 14.259106
v 62.244446 10.415335 11.954062
v 62.372837 10.338436 12.193759
v 62.087036 10.060241 12.262965
v 61.950172 10.151549 11.991475
v 62.386314 10.418671 12.464959
v 62.101612 10.144089 12.580606
v 62.259697 10.628804 12.602758
v 61.959282 10.400192 12.742310
v 62.079880 10.837689 12.548972
v 61.747471 10.655733 12.678629
v 61.951488 10.914586 12.309277
v 61.612331 10.746778 12.392717
v 61.938011 10.834352 12.038075
v 61.599094 10.646924 12.079020
v 62.064629 10.624218 11.900276
v 61.754105 10.396009 11.929015
v 62.748344 10.920006 11.876920
v 62.863308 10.886404 12.048020
v 62.656860 10.612041 12.114193
v 62.534290 10.668172 11.907669
v 62.866264 10.937551 12.251651
v 62.665031 10.678289 12.352842
v 62.739033 11.053843 12.365287
v 62.537010 10.843355 12.479145
v 62.567577 11.163555 12.338398
v 62.359962 11.004627 12.438509
v 62.452610 11.197159 12.167297
v 62.237389 11.060758 12.231985
v 62.449654 11.146011 11.963666
v 62.229221 10.994511 11.993336
v 62.576889 11.029720 11.850031
v 62.357243 10.829444 11.867032
v 62.944420 11.157238 12.004025
v 62.845905 11.172311 11.869346
v 62.944557 11.196220 12.167306
v 62.828644 11.266318 12.262726
v 62.676796 11.329269 12.247255
v 62.578571 11.340693 12.113377
v 62.579277 11.305159 11.949121
v 62.694122 11.233042 11.854102
v 62.556694 11.772007 11.968204
v 62.560776 11.754063 11.915252
v 62.612633 11.723489 11.929604
v 62.608932 11.742350 11.985133
v 62.580559 11.771687 11.865530
v 62.633141 11.741199 11.874953
v 62.605911 11.818830 11.850149
v 62.659607 11.790654 11.855612
v 62.622349 11.866215 11.873507
v 62.678856 11.839959 11.876585
v 62.618366 11.884480 11.927094
v 62.675915 11.859442 11.935742
v 62.598675 11.867177 11.977449
v 62.655350 11.840727 11.992966
v 62.573227 11.819711 11.992197
v 62.626591 11.791588 12.009396
v 62.452839 11.823747 11.940868
v 62.456707 11.806824 11.890890
v 62.508026 11.780823 11.902932
v 62.504051 11.798233 11.954347
v 62.475487 11.823748 11.844415
v 62.527336 11.798195 11.855060
v 62.499622 11.868878 11.830999
v 62.552135 11.844541 11.841113
v 62.515263 11.914009 11.853754
v 62.568207 11.890913 11.864429
v 62.511395 11.930933 11.903732
v 62.564243 11.908366 11.915923
v 62.492611 11.914009 11.950208
v 62.544945 11.891033 11.963875
v 62.468475 11.868878 11.963623
v 62.520134 11.844649 11.977742
v 62.350525 11.875905 11.914026
v 62.353031 11.860934 11.866544
v 62.405979 11.832718 11.878978
v 62.402363 11.849041 11.927594
v 62.371922 11.875905 11.822909
v 62.424381 11.849041 11.833834
v 62.397785 11.915824 11.810957
v 62.448223 11.892573 11.820884
v 62.415627 11.955745 11.833172
v 62.463810 11.936105 11.843093
v 62.413120 11.970716 11.880654
v 62.460194 11.952428 11.891709
v 62.394226 11.955745 11.924289
v 62.441792 11.936105 11.936852
v 62.368366 11.915825 11.936242
v 62.417950 11.892573 11.949803
v 62.256668 11.947765 11.889703
v 62.253975 11.939121 11.843282
v 62.297890 11.894762 11.853595
v 62.297836 11.907072 11.900336
v 62.277050 11.947764 11.802913
v 62.318649 11.907072 11.811716
v 62.315235 11.970818 11.794709
v 62.350159 11.939898 11.801582
v 62.345772 11.993870 11.819052
v 62.373863 11.972722 11.824682
v 62.348469 12.002514 11.865473
v 62.373814 11.985032 11.871424
v 62.325394 11.993870 11.905842
v 62.353054 11.972723 11.913302
v 62.287209 11.970818 11.914045
v 62.321545 11.939897 11.923436
v 63.107117 11.796379 11.843424
v 63.129349 11.780577 11.887439
v 63.077385 11.745792 11.904199
v 63.053375 11.761539 11.856028
v 63.136353 11.796862 11.935716
v 63.085384 11.763372 11.955601
v 63.121761 11.840066 11.959124
v 63.069958 11.809052 11.980128
v 63.096077 11.882906 11.947693
v 63.039883 11.854143 11.967765
v 63.073505 11.898224 11.903067
v 63.013962 11.870842 11.916417
v 63.066162 11.881456 11.854178
v 63.005756 11.851557 11.861265
v 63.081093 11.838737 11.831382
v 63.024578 11.805199 11.840111
v 63.207294 11.851513 11.816930
v 63.227333 11.836695 11.856645
v 63.179546 11.809341 11.871696
v 63.158546 11.824790 11.830077
v 63.233688 11.851512 11.900671
v 63.186203 11.824851 11.917768
v 63.220398 11.891029 11.922121
v 63.172295 11.866188 11.940201
v 63.197212 11.930546 11.912169
v 63.147995 11.907481 11.929721
v 63.177174 11.945366 11.872455
v 63.126949 11.922871 11.888026
v 63.170815 11.930544 11.828428
v 63.120251 11.907299 11.841878
v 63.184105 11.891031 11.806978
v 63.134205 11.866022 11.819522
v 63.299473 11.901970 11.791904
v 63.317757 11.888449 11.828142
v 63.273293 11.862998 11.842158
v 63.254147 11.877158 11.804211
v 63.323559 11.901970 11.868315
v 63.279366 11.877158 11.884225
v 63.311432 11.938026 11.887887
v 63.266666 11.914917 11.904721
v 63.290272 11.974083 11.878806
v 63.244511 11.952675 11.895212
v 63.271988 11.987606 11.842568
v 63.225365 11.966834 11.857265
v 63.266186 11.974084 11.802396
v 63.219288 11.952675 11.815197
v 63.278313 11.938026 11.782824
v 63.231987 11.914916 11.794702
v 63.388645 11.951627 11.767600
v 63.406082 11.940091 11.800302
v 63.361347 11.913531 11.814403
v 63.343800 11.926340 11.779858
v 63.410549 11.951627 11.837090
v 63.366779 11.926340 11.852764
v 63.397366 11.982394 11.855570
v 63.354939 11.960488 11.871525
v 63.375969 12.013160 11.847991
v 63.334484 11.994642 11.862945
v 63.358532 12.024698 11.815289
v 63.316936 12.007446 11.828401
v 63.354065 12.013161 11.778501
v 63.311501 11.994642 11.790039
v 63.367249 11.982394 11.760021
v 63.323341 11.960488 11.771278
v 63.467892 12.013307 11.745675
v 63.487530 12.006885 11.774629
v 63.451717 11.970364 11.785917
v 63.433395 11.979678 11.755259
v 63.488045 12.013307 11.809612
v 63.454285 11.979677 11.821541
v 63.466320 12.030435 11.829638
v 63.437202 12.004515 11.840590
v 63.437038 12.047563 11.825689
v 63.412281 12.029350 11.834782
v 63.417397 12.053985 11.796735
v 63.393959 12.038666 11.804123
v 63.416885 12.047562 11.761752
v 63.391388 12.029352 11.768499
v 63.438606 12.030435 11.741725
v 63.408474 12.004514 11.749452
v 62.769611 11.717427 11.664019
v 62.821083 11.698189 11.657285
v 62.822468 11.678653 11.724237
v 62.768513 11.699930 11.732643
v 62.873241 11.717591 11.659183
v 62.878143 11.699284 11.726295
v 62.893749 11.769254 11.669769
v 62.902115 11.755745 11.739794
v 62.875305 11.820797 11.682178
v 62.886070 11.813946 11.757334
v 62.823593 11.839872 11.688935
v 62.829494 11.833984 11.765869
v 62.771191 11.820309 11.687061
v 62.771610 11.812922 11.762825
v 62.750927 11.768807 11.676451
v 62.750710 11.756606 11.747331
v 62.766567 11.746625 11.533322
v 62.814991 11.728745 11.527442
v 62.817970 11.713659 11.591331
v 62.768032 11.732129 11.597456
v 62.863750 11.746625 11.528798
v 62.868298 11.732148 11.592786
v 62.882420 11.794300 11.537597
v 62.887638 11.781439 11.602015
v 62.864647 11.841974 11.548093
v 62.869366 11.830718 11.612997
v 62.816227 11.859854 11.553973
v 62.819393 11.849164 11.619125
v 62.767467 11.841974 11.552618
v 62.769035 11.830657 11.617673
v 62.748795 11.794300 11.543818
v 62.749729 11.781384 11.608440
v 62.763763 11.774718 11.409532
v 62.809242 11.757926 11.404009
v 62.812088 11.743485 11.465093
v 62.765152 11.760816 11.470793
v 62.855038 11.774718 11.405281
v 62.859348 11.760816 11.466407
v 62.872574 11.819495 11.413546
v 62.877449 11.807026 11.474936
v 62.855881 11.864274 11.423404
v 62.860222 11.853238 11.485110
v 62.810402 11.881065 11.428927
v 62.813286 11.870567 11.490809
v 62.764606 11.864274 11.427654
v 62.766022 11.853238 11.489496
v 62.747070 11.819496 11.419390
v 62.747925 11.807027 11.480967
v 62.806614 11.773825 11.347538
v 62.764328 11.789330 11.353326
v 62.849255 11.789330 11.349371
v 62.865551 11.831122 11.356413
v 62.850037 11.872654 11.366233
v 62.807693 11.888422 11.370728
v 62.765114 11.872654 11.370187
v 62.748753 11.831122 11.361852
v 59.396114 11.458436 10.432567
v 59.344551 11.439505 10.400521
v 59.392345 11.385571 10.349232
v 59.449741 11.404776 10.383204
v 59.309170 11.458436 10.351187
v 59.354267 11.405795 10.296650
v 59.314442 11.508920 10.312875
v 59.359901 11.459395 10.255630
v 59.352322 11.559403 10.305080
v 59.401802 11.513109 10.243933
v 59.403889 11.578335 10.337125
v 59.457985 11.535494 10.277740
v 59.439270 11.559404 10.386459
v 59.496155 11.515617 10.330703
v 59.433994 11.508920 10.424771
v 59.490845 11.460655 10.372864
v 59.302341 11.547700 10.522927
v 59.256592 11.530905 10.494496
v 59.299244 11.486582 10.448926
v 59.347816 11.504415 10.479109
v 59.225201 11.547700 10.450726
v 59.265919 11.504415 10.402456
v 59.229881 11.592491 10.416734
v 59.270885 11.551965 10.366370
v 59.263489 11.637280 10.409818
v 59.306568 11.599516 10.359029
v 59.309238 11.654077 10.438249
v 59.355137 11.617349 10.389212
v 59.340630 11.637280 10.482020
v 59.388462 11.599517 10.435680
v 59.335949 11.592491 10.516011
v 59.383495 11.551966 10.471767
v 59.217407 11.628551 10.604773
v 59.176926 11.613689 10.579615
v 59.215942 11.573145 10.537926
v 59.259007 11.588952 10.564687
v 59.149147 11.628551 10.540883
v 59.186398 11.588952 10.496726
v 59.153286 11.668185 10.510805
v 59.190800 11.631113 10.464731
v 59.183025 11.707817 10.504685
v 59.222435 11.673271 10.458221
v 59.223511 11.722680 10.529843
v 59.265495 11.689081 10.484983
v 59.251286 11.707817 10.568575
v 59.295044 11.673271 10.526183
v 59.247147 11.668185 10.598653
v 59.290638 11.631113 10.558178
v 59.138317 11.703838 10.680985
v 59.102737 11.690776 10.658875
v 59.139252 11.652834 10.619864
v 59.177246 11.666783 10.643474
v 59.078327 11.703838 10.624836
v 59.113186 11.666783 10.583515
v 59.081966 11.738670 10.598402
v 59.117069 11.703978 10.555287
v 59.108101 11.773502 10.593024
v 59.144978 11.741173 10.549544
v 59.143681 11.786565 10.615133
v 59.182972 11.755123 10.573154
v 59.168091 11.773502 10.649174
v 59.209042 11.741173 10.609503
v 59.164452 11.738670 10.675607
v 59.205154 11.703979 10.637731
v 59.069748 11.727595 10.694122
v 59.102188 11.738985 10.713631
v 59.048138 11.738986 10.663042
v 59.051041 11.770728 10.639659
v 59.074966 11.801752 10.634380
v 59.106621 11.813861 10.654727
v 59.129017 11.801750 10.684969
v 59.125328 11.770728 10.709190
v 59.760639 11.188422 9.721764
v 59.828415 11.158890 9.761885
v 59.778980 11.156441 9.843094
v 59.710663 11.187081 9.804405
v 59.896397 11.188422 9.801661
v 59.847687 11.185116 9.882324
v 59.922119 11.267182 9.816182
v 59.873821 11.263680 9.898749
v 59.896938 11.345941 9.800741
v 59.847527 11.345800 9.887068
v 59.829163 11.375477 9.760618
v 59.778591 11.377897 9.845909
v 59.761181 11.345942 9.720842
v 59.710701 11.348103 9.805298
v 59.735458 11.267183 9.706322
v 59.685211 11.267648 9.790092
v 59.857525 11.187347 9.556765
v 59.927696 11.159992 9.588958
v 59.877068 11.158544 9.678691
v 59.808990 11.187804 9.639561
v 59.996635 11.190401 9.625563
v 59.945168 11.188186 9.718071
v 60.021072 11.267989 9.644343
v 59.970730 11.266800 9.733125
v 59.993343 11.344431 9.637324
v 59.945229 11.345269 9.718736
v 59.923168 11.371786 9.605130
v 59.877155 11.374531 9.679605
v 59.854233 11.341379 9.568525
v 59.809055 11.344887 9.640224
v 59.829796 11.263791 9.549746
v 59.783489 11.266273 9.625172
v 59.924675 11.216408 9.401714
v 59.999660 11.202719 9.397764
v 59.976887 11.168446 9.490402
v 59.902519 11.190823 9.474618
v 60.068958 11.237009 9.418999
v 60.047310 11.200647 9.520327
v 60.088428 11.304845 9.455819
v 60.069191 11.275259 9.547752
v 60.053795 11.364956 9.486158
v 60.036781 11.346186 9.558038
v 59.978809 11.378646 9.490108
v 59.962414 11.368563 9.542254
v 59.909512 11.344354 9.468874
v 59.891991 11.336361 9.512329
v 59.890041 11.276520 9.432054
v 59.870106 11.261748 9.484903
v 59.874870 11.351330 9.304401
v 59.931503 11.359189 9.275847
v 59.976528 11.275229 9.326243
v 59.909199 11.277175 9.345864
v 59.986221 11.394779 9.283037
v 60.039509 11.310928 9.339320
v 60.004555 11.439903 9.326691
v 60.058147 11.367448 9.381689
v 59.981125 11.468731 9.378355
v 60.027920 11.411310 9.426512
v 59.924496 11.460875 9.406910
v 59.960594 11.413254 9.446133
v 59.869774 11.425284 9.399720
v 59.897610 11.377557 9.433057
v 59.851444 11.380161 9.356066
v 59.878971 11.321037 9.390687
v 59.817886 11.467235 9.245799
v 59.861710 11.478055 9.217922
v 59.892776 11.425871 9.242114
v 59.843811 11.414549 9.272329
v 59.905018 11.508464 9.221731
v 59.941013 11.459387 9.246655
v 59.920666 11.542317 9.259467
v 59.958260 11.497383 9.288179
v 59.903637 11.560709 9.306229
v 59.939056 11.518567 9.339334
v 59.859814 11.549889 9.334106
v 59.890087 11.507243 9.369548
v 59.816505 11.519478 9.330297
v 59.841854 11.473727 9.365007
v 59.800858 11.485627 9.292561
v 59.824608 11.435730 9.323483
v 59.772366 11.559716 9.199303
v 59.807617 11.568420 9.176880
v 59.833759 11.524746 9.196714
v 59.794365 11.515021 9.221774
v 59.842449 11.592880 9.179944
v 59.872688 11.552083 9.200139
v 59.855038 11.620109 9.210297
v 59.886753 11.582512 9.234060
v 59.841339 11.634903 9.247910
v 59.871449 11.599045 9.276094
v 59.806087 11.626201 9.270333
v 59.832054 11.589320 9.301154
v 59.771255 11.601739 9.267269
v 59.793121 11.561983 9.297729
v 59.758667 11.574512 9.236916
v 59.779057 11.531552 9.263808
v 59.783993 11.608791 9.160519
v 59.753868 11.600859 9.180049
v 59.814281 11.629444 9.163361
v 59.824818 11.653291 9.189287
v 59.813324 11.665666 9.221947
v 59.782677 11.658534 9.240971
v 59.752911 11.637080 9.238633
v 59.741856 11.614036 9.212203
v 58.568623 11.612442 13.323119
v 58.626778 11.593011 13.320437
v 58.618774 11.559318 13.383489
v 58.559586 11.579752 13.386569
v 58.682800 11.612442 13.336271
v 58.675953 11.578934 13.399526
v 58.701363 11.664257 13.363423
v 58.695255 11.632374 13.427567
v 58.677113 11.716072 13.385644
v 58.670830 11.686017 13.450684
v 58.618958 11.735503 13.388325
v 58.611408 11.706182 13.453588
v 58.562935 11.716073 13.372492
v 58.553989 11.686290 13.437373
v 58.544369 11.664257 13.345339
v 58.534924 11.633124 13.409509
v 58.586273 11.677466 13.195484
v 58.641464 11.659026 13.192940
v 58.634216 11.626445 13.255865
v 58.577560 11.645373 13.258477
v 58.694630 11.677465 13.207966
v 58.688789 11.645373 13.271291
v 58.712250 11.726642 13.233735
v 58.706875 11.695852 13.297742
v 58.689232 11.775816 13.254823
v 58.683250 11.746330 13.319389
v 58.634041 11.794256 13.257367
v 58.626598 11.765260 13.322001
v 58.580875 11.775816 13.242341
v 58.572021 11.746330 13.306576
v 58.563255 11.726643 13.216572
v 58.553936 11.695853 13.280125
v 58.603378 11.742233 13.070345
v 58.655842 11.726179 13.066277
v 58.648602 11.691426 13.130745
v 58.594830 11.709209 13.133430
v 58.706219 11.742990 13.081312
v 58.700382 11.709304 13.145479
v 58.722721 11.786955 13.108841
v 58.717518 11.756866 13.170965
v 58.700661 11.830633 13.132257
v 58.695068 11.804396 13.191933
v 58.648197 11.846689 13.136327
v 58.641296 11.822176 13.194618
v 58.597820 11.829877 13.121291
v 58.589516 11.804300 13.179883
v 58.581318 11.785913 13.093761
v 58.572380 11.756736 13.154398
v 58.615307 11.827195 12.957234
v 58.665779 11.819734 12.945946
v 58.662704 11.766907 12.999698
v 58.611362 11.779383 13.007104
v 58.713783 11.832077 12.963817
v 58.711700 11.781793 13.015978
v 58.728958 11.859400 13.003931
v 58.727390 11.818729 13.049223
v 58.707199 11.884892 13.041577
v 58.705452 11.854761 13.079141
v 58.656723 11.892354 13.052866
v 58.654114 11.867237 13.086547
v 58.608719 11.880011 13.034995
v 58.605114 11.852351 13.070267
v 58.593548 11.852688 12.994881
v 58.589424 11.815414 13.037022
v 58.884697 11.598131 13.803194
v 58.855164 11.577364 13.856805
v 58.799473 11.542018 13.813137
v 58.830059 11.563540 13.758685
v 58.811096 11.598131 13.899286
v 58.754490 11.562737 13.856367
v 58.777924 11.653513 13.902466
v 58.720768 11.619043 13.859686
v 58.772350 11.708895 13.869611
v 58.713638 11.676332 13.824681
v 58.801888 11.729664 13.816000
v 58.745010 11.699800 13.769640
v 58.845951 11.708895 13.773518
v 58.790302 11.678051 13.725743
v 58.879124 11.653513 13.770338
v 58.824535 11.620272 13.724415
v 58.993885 11.661179 13.888977
v 58.965187 11.640997 13.941074
v 58.910580 11.609415 13.899250
v 58.939693 11.629887 13.846401
v 58.922367 11.661180 13.982355
v 58.867142 11.629887 13.941128
v 58.890129 11.714997 13.985445
v 58.834442 11.684482 13.944262
v 58.884716 11.768813 13.953517
v 58.828945 11.739075 13.911873
v 58.913414 11.788996 13.901422
v 58.858063 11.759548 13.859025
v 58.956234 11.768813 13.860139
v 58.901497 11.739075 13.817147
v 58.988468 11.714996 13.857050
v 58.934200 11.684482 13.814013
v 59.103931 11.726697 13.975409
v 59.077259 11.708482 14.026972
v 59.019737 11.672878 13.982861
v 59.047874 11.692600 13.931390
v 59.034313 11.726549 14.066036
v 58.977360 11.692582 14.023424
v 58.999557 11.774904 14.066364
v 58.945152 11.745138 14.026134
v 58.990910 11.823311 14.032707
v 58.939392 11.797706 13.994333
v 59.017582 11.841529 13.981143
v 58.967529 11.817424 13.942862
v 59.060528 11.823460 13.942079
v 59.009907 11.797723 13.902298
v 59.095284 11.775107 13.941751
v 59.042114 11.745165 13.899588
v 59.204426 11.814718 14.054760
v 59.183578 11.804578 14.109160
v 59.137348 11.751558 14.073181
v 59.161171 11.766464 14.020392
v 59.135925 11.813764 14.142784
v 59.092251 11.765995 14.109563
v 59.087345 11.839359 14.131585
v 59.050957 11.805033 14.104408
v 59.064453 11.865311 14.087378
v 59.035507 11.844246 14.065813
v 59.085300 11.875453 14.032977
v 59.059330 11.859153 14.013025
v 59.132954 11.866265 13.999353
v 59.104427 11.844716 13.976643
v 59.181534 11.840671 14.010553
v 59.145721 11.805677 13.981798
v 61.607723 10.792932 14.380150
v 61.618401 10.784323 14.435347
v 61.603016 10.725783 14.433470
v 61.591343 10.735487 14.369040
v 61.593193 10.793582 14.486435
v 61.573055 10.737579 14.494128
v 61.542343 10.817975 14.501491
v 61.512791 10.768075 14.514568
v 61.497093 10.841880 14.476360
v 61.460110 10.797001 14.487000
v 61.486824 10.849839 14.420286
v 61.450359 10.804611 14.419639
v 61.512444 10.839931 14.368320
v 61.482243 10.790722 14.356050
v 61.562881 10.816187 14.354143
v 61.540585 10.762320 14.338541
v 61.630753 10.839572 14.436899
v 61.621769 10.846138 14.391426
v 61.610069 10.846218 14.478485
v 61.568935 10.866026 14.489659
v 61.531658 10.884695 14.468332
v 61.523239 10.892252 14.422818
v 61.543457 10.884452 14.381054
v 61.585056 10.865801 14.370058
v 61.139969 10.793035 14.669867
v 61.094086 10.780177 14.632499
v 61.132000 10.719933 14.600530
v 61.185303 10.730272 14.643805
v 61.072575 10.796439 14.577330
v 61.106148 10.739297 14.533129
v 61.092148 10.835724 14.537291
v 61.131824 10.783483 14.486720
v 61.137154 10.873831 14.531382
v 61.185291 10.823465 14.480563
v 61.183449 10.886958 14.567227
v 61.240688 10.834903 14.519390
v 61.205376 10.870963 14.620874
v 61.268169 10.814784 14.580735
v 61.185387 10.831411 14.662436
v 61.240471 10.770411 14.632366
v 61.056816 10.903255 14.714719
v 61.022469 10.891828 14.686868
v 61.056858 10.837268 14.661442
v 61.096622 10.850197 14.693708
v 61.006279 10.903255 14.645720
v 61.038128 10.850622 14.613775
v 61.021011 10.933725 14.615056
v 61.055172 10.885724 14.578386
v 61.054691 10.964196 14.610266
v 61.094166 10.920679 14.572902
v 61.089035 10.975622 14.638117
v 61.133984 10.933641 14.604979
v 61.105225 10.964197 14.679264
v 61.152767 10.920321 14.652454
v 61.090496 10.933725 14.709929
v 61.135674 10.885185 14.688032
v 60.992687 10.942231 14.708680
v 61.021572 10.951185 14.731590
v 60.979561 10.951185 14.674228
v 60.991478 10.976994 14.649098
v 61.019810 11.001850 14.644751
v 61.047916 11.011753 14.668232
v 61.061821 11.001849 14.702114
v 61.049126 10.976992 14.727814
v 61.522793 10.567776 13.912605
v 61.592663 10.541574 13.932675
v 61.553604 10.507420 14.019972
v 61.479095 10.536746 13.996418
v 61.657341 10.567774 13.965859
v 61.626591 10.535720 14.058512
v 61.675648 10.637642 13.993331
v 61.648174 10.613680 14.085576
v 61.643501 10.707507 14.000833
v 61.612431 10.690664 14.096552
v 61.573631 10.733707 13.980762
v 61.534874 10.718094 14.074376
v 61.508949 10.707507 13.947578
v 61.463280 10.688607 14.036903
v 61.490643 10.637642 13.920107
v 61.445389 10.612120 14.004307
v 61.598255 10.628626 13.751093
v 61.658401 10.607468 13.766582
v 61.625515 10.573770 13.849666
v 61.560886 10.597830 13.831325
v 61.712852 10.628626 13.796450
v 61.685192 10.597830 13.880524
v 61.726753 10.685053 13.824125
v 61.701893 10.661989 13.906437
v 61.697678 10.741480 13.834791
v 61.671982 10.726150 13.913902
v 61.637535 10.762638 13.819302
v 61.607353 10.750210 13.895561
v 61.583080 10.741479 13.789434
v 61.547676 10.726151 13.864703
v 61.569180 10.685054 13.761760
v 61.530975 10.661989 13.838789
v 61.663216 10.716264 13.612200
v 61.717075 10.704691 13.618336
v 61.691513 10.647643 13.682915
v 61.634846 10.664508 13.672047
v 61.760544 10.716263 13.650722
v 61.740273 10.664508 13.713774
v 61.764942 10.747129 13.692945
v 61.749489 10.709477 13.748251
v 61.732838 10.777995 13.720724
v 61.719173 10.754449 13.767081
v 61.678978 10.789570 13.714588
v 61.662506 10.771313 13.756213
v 61.635509 10.777994 13.682201
v 61.613747 10.754448 13.725354
v 61.631111 10.747129 13.639978
v 61.604530 10.709477 13.690877
v 61.681381 10.869565 13.583584
v 61.730232 10.867600 13.585093
v 61.728275 10.784254 13.590037
v 61.676979 10.790372 13.586981
v 61.766884 10.869565 13.617424
v 61.767769 10.790373 13.622914
v 61.766647 10.874809 13.664865
v 61.769054 10.806680 13.669413
v 61.734352 10.880051 13.699617
v 61.736294 10.822990 13.702435
v 61.685501 10.882017 13.698109
v 61.684998 10.829104 13.699379
v 61.648849 10.880050 13.665777
v 61.645504 10.822989 13.666502
v 61.649086 10.874809 13.618336
v 61.644218 10.806680 13.620004
v 61.684612 10.991511 13.587880
v 61.728813 10.991511 13.588680
v 61.729794 10.935543 13.586199
v 61.683315 10.935788 13.585279
v 61.761589 10.991511 13.618346
v 61.764313 10.935788 13.617337
v 61.760788 10.991511 13.662546
v 61.763554 10.936443 13.663640
v 61.731121 10.991511 13.695321
v 61.732418 10.937099 13.697922
v 61.686920 10.991511 13.694521
v 61.685940 10.937345 13.697002
v 61.654144 10.991511 13.664855
v 61.651421 10.937099 13.665864
v 61.654945 10.991511 13.620655
v 61.652180 10.936443 13.619560
v 61.686840 11.092535 13.593029
v 61.726803 11.092539 13.593754
v 61.727783 11.043176 13.591274
v 61.685753 11.043175 13.590513
v 61.756439 11.092535 13.620575
v 61.758953 11.043175 13.619486
v 61.755714 11.092539 13.660538
v 61.758194 11.043176 13.661519
v 61.728893 11.092535 13.690171
v 61.729980 11.043175 13.692688
v 61.688931 11.092539 13.689447
v 61.687946 11.043176 13.691927
v 61.659294 11.092535 13.662626
v 61.656780 11.043175 13.663715
v 61.660019 11.092539 13.622663
v 61.657539 11.043176 13.621681
v 61.688911 11.186275 13.597808
v 61.724941 11.186275 13.598460
v 61.725857 11.140133 13.596144
v 61.687893 11.140134 13.595456
v 61.751659 11.186275 13.622643
v 61.754013 11.140134 13.621626
v 61.751007 11.186275 13.658675
v 61.753323 11.140133 13.659592
v 61.726822 11.186275 13.685392
v 61.727840 11.140134 13.687745
v 61.690792 11.186275 13.684740
v 61.689877 11.140133 13.687057
v 61.664074 11.186275 13.660558
v 61.661720 11.140134 13.661575
v 61.664726 11.186275 13.624526
v 61.662411 11.140133 13.623610
v 61.723446 11.228953 13.602235
v 61.690567 11.228474 13.601633
v 61.747833 11.228474 13.624300
v 61.747231 11.228953 13.657181
v 61.725166 11.228474 13.681567
v 61.692287 11.228953 13.680966
v 61.667900 11.228474 13.658901
v 61.668503 11.228953 13.626019
v 59.219967 11.930744 14.069322
v 59.201660 11.930232 14.125502
v 59.201626 11.867332 14.124117
v 59.220699 11.872101 14.068563
v 59.151543 11.928779 14.156696
v 59.152313 11.870586 14.156062
v 59.096302 11.927161 14.139765
v 59.099171 11.881005 14.140989
v 59.066719 11.926278 14.090068
v 59.071674 11.891990 14.093103
v 59.085022 11.926791 14.033887
v 59.090744 11.896759 14.037549
v 59.135139 11.928243 14.002692
v 59.140057 11.893505 14.005605
v 59.190380 11.929862 14.019625
v 59.193199 11.883086 14.020678
v 59.195168 11.981433 14.121639
v 59.212452 11.979715 14.067638
v 59.146935 11.977654 14.151248
v 59.093266 11.971822 14.134419
v 59.064346 11.965746 14.086214
v 59.081520 11.965046 14.032148
v 59.129864 11.967807 14.002604
v 59.183422 11.974657 14.019368
v 58.662575 11.884713 12.921247
v 58.614868 11.886040 12.934802
v 58.708309 11.893215 12.939652
v 58.722927 11.910896 12.982641
v 58.702560 11.924440 13.023917
v 58.654697 11.927131 13.037387
v 58.609116 11.917263 13.019068
v 58.594349 11.900948 12.975992
v 62.233044 12.059072 11.883701
v 62.227451 12.057575 11.837053
v 62.233124 11.996440 11.838386
v 62.237713 12.001072 11.884854
v 62.253223 12.059072 11.797771
v 62.257919 12.001073 11.798817
v 62.298828 12.063058 11.791481
v 62.300880 12.013423 11.791884
v 62.336868 12.067045 11.817413
v 62.336266 12.025773 11.817216
v 62.342461 12.068541 11.864061
v 62.340855 12.030406 11.863685
v 62.316689 12.067045 11.903344
v 62.316063 12.025773 11.903254
v 62.271084 12.063058 11.909635
v 62.273098 12.013423 11.910186
v 62.231903 12.164673 11.883433
v 62.225880 12.164675 11.836684
v 62.226074 12.113181 11.836731
v 62.232044 12.113367 11.883467
v 62.252083 12.164673 11.797503
v 62.252224 12.113367 11.797537
v 62.298828 12.164675 11.791481
v 62.298828 12.113865 11.791481
v 62.338013 12.164673 11.817682
v 62.337868 12.114364 11.817649
v 62.344032 12.164675 11.864431
v 62.343838 12.114550 11.864385
v 62.317833 12.164673 11.903612
v 62.317688 12.114364 11.903579
v 62.271084 12.164675 11.909635
v 62.271084 12.113865 11.909635
v 62.228367 12.212814 11.837269
v 62.234173 12.212265 11.882026
v 62.253490 12.212265 11.799775
v 62.298244 12.212814 11.793967
v 62.335739 12.212265 11.819090
v 62.341549 12.212814 11.863847
v 62.316425 12.212265 11.901340
v 62.271667 12.212814 11.907148
v 63.487083 12.096782 11.740230
v 63.508469 12.095688 11.768029
v 63.504200 12.050579 11.769374
v 63.483486 12.053978 11.741289
v 63.506889 12.096782 11.803066
v 63.503334 12.053978 11.804263
v 63.479984 12.099697 11.824499
v 63.478275 12.063047 11.825142
v 63.445652 12.102614 11.822369
v 63.445774 12.072113 11.822406
v 63.424267 12.103707 11.794569
v 63.425060 12.075515 11.794320
v 63.425846 12.102614 11.759532
v 63.425926 12.072113 11.759431
v 63.452751 12.099698 11.738099
v 63.450985 12.063046 11.738552
v 63.487885 12.174349 11.739978
v 63.509567 12.174350 11.767682
v 63.509430 12.136520 11.767726
v 63.487785 12.136659 11.740009
v 63.507690 12.174349 11.802814
v 63.507591 12.136659 11.802846
v 63.479984 12.174350 11.824499
v 63.479984 12.137022 11.824500
v 63.444855 12.174349 11.822621
v 63.444954 12.137388 11.822589
v 63.423168 12.174350 11.794916
v 63.423306 12.137524 11.794873
v 63.425045 12.174349 11.759784
v 63.425148 12.137388 11.759752
v 63.452751 12.174350 11.738099
v 63.452751 12.137022 11.738099
v 63.487885 12.249000 11.739978
v 63.509567 12.249000 11.767682
v 63.509567 12.211674 11.767682
v 63.487885 12.211674 11.739978
v 63.507690 12.249000 11.802814
v 63.507690 12.211674 11.802814
v 63.479984 12.249000 11.824499
v 63.479984 12.211674 11.824500
v 63.444855 12.249000 11.822621
v 63.444855 12.211674 11.822621
v 63.423168 12.249000 11.794916
v 63.423168 12.211674 11.794916
v 63.425045 12.249000 11.759784
v 63.425045 12.211674 11.759784
v 63.452751 12.249000 11.738099
v 63.452751 12.211674 11.738099
v 63.507751 12.284365 11.768255
v 63.486961 12.283963 11.741747
v 63.505920 12.283963 11.801893
v 63.479412 12.284365 11.822681
v 63.445774 12.283963 11.820851
v 63.424988 12.284365 11.794343
v 63.426815 12.283963 11.760705
v 63.453323 12.284365 11.739917
vt 0.562269 0.249932
vt 0.499892 0.249674
vt 0.500000 0.246528
vt 0.562500 0.247613
vt 0.437486 0.249715
vt 0.437500 0.247613
vt 0.500000 0.237413
vt 0.562500 0.240967
vt 0.437500 0.240967
vt 0.625000 0.250000
vt 0.559896 0.252604
vt 0.625000 0.250000
vt 0.499132 0.250868
vt 0.437392 0.250109
vt 0.375000 0.250000
vt 0.375000 0.250000
vt 0.375000 0.250000
vt 0.375000 0.250000
vt 0.375000 0.250000
vt 0.437500 0.221354
vt 0.500000 0.215278
vt 0.562500 0.221354
vt 0.625000 0.250000
vt 0.625000 0.250000
vt 0.625000 0.250000
vt 0.437175 0.250326
vt 0.497396 0.252604
vt 0.495660 0.254340
vt 0.436957 0.250543
vt 0.552924 0.259576
vt 0.547418 0.265082
vt 0.494900 0.255100
vt 0.436863 0.250638
vt 0.545234 0.267266
vt 0.375000 0.250000
vt 0.595812 0.279188
vt 0.586806 0.288194
vt 0.583767 0.291233
vt 0.583333 0.291667
vt 0.544922 0.267578
vt 0.494792 0.255208
vt 0.436849 0.250651
vt 0.375000 0.250000
vt 0.375000 0.250000
vt 0.375000 0.250000
vt 0.611602 0.571598
vt 0.618791 0.623782
vt 0.615934 0.624614
vt 0.608266 0.576992
vt 0.615191 0.674509
vt 0.609327 0.671851
vt 0.614752 0.624952
vt 0.606958 0.579123
vt 0.607090 0.670733
vt 0.602273 0.500000
vt 0.616673 0.564694
vt 0.590035 0.529134
vt 0.622589 0.622589
vt 0.624699 0.676677
vt 0.625000 0.727273
vt 0.595866 0.715035
vt 0.586806 0.710262
vt 0.583767 0.708575
vt 0.583333 0.708333
vt 0.606771 0.670573
vt 0.614583 0.625000
vt 0.606771 0.579427
vt 0.583575 0.541233
vt 0.583333 0.541667
vt 0.585262 0.538194
vt 0.562500 0.000000
vt 0.500000 0.000000
vt 0.500000 0.000000
vt 0.562500 0.000000
vt 0.437500 0.000000
vt 0.437500 0.000000
vt 0.500000 0.000000
vt 0.562500 0.000000
vt 0.437500 0.000000
vt 0.625000 0.000000
vt 0.562500 0.000000
vt 0.625000 0.000000
vt 0.500000 0.000000
vt 0.437500 0.000000
vt 0.375000 0.000000
vt 0.375000 0.000000
vt 0.375000 0.000000
vt 0.375000 0.000000
vt 0.375000 0.000000
vt 0.437500 0.000000
vt 0.500000 0.000000
vt 0.562500 0.000000
vt 0.625000 0.000000
vt 0.625000 0.000000
vt 0.625000 0.000000
vt 0.196452 0.571643
vt 0.250000 0.576181
vt 0.250000 0.625000
vt 0.199653 0.625000
vt 0.303792 0.576492
vt 0.300564 0.625000
vt 0.250000 0.673819
vt 0.196452 0.678357
vt 0.303792 0.673508
vt 0.125000 0.500000
vt 0.189996 0.528978
vt 0.153700 0.564996
vt 0.250000 0.536944
vt 0.310059 0.536920
vt 0.375000 0.530000
vt 0.348958 0.575325
vt 0.342014 0.625000
vt 0.348958 0.674675
vt 0.375000 0.720000
vt 0.310059 0.713080
vt 0.250000 0.713056
vt 0.189996 0.721022
vt 0.153700 0.685004
vt 0.125000 0.750000
vt 0.159722 0.625000
vt 0.634748 0.673941
vt 0.626797 0.621202
vt 0.633102 0.619599
vt 0.644471 0.669259
vt 0.621894 0.562242
vt 0.627014 0.561825
vt 0.644471 0.617911
vt 0.657113 0.664045
vt 0.634992 0.561614
vt 0.654580 0.714589
vt 0.619277 0.500000
vt 0.624325 0.500000
vt 0.627411 0.500000
vt 0.625000 0.500000
vt 0.654580 0.561511
vt 0.666763 0.617091
vt 0.677503 0.661093
vt 0.677503 0.697304
vt 0.687500 0.687500
vt 0.666763 0.706694
vt 0.437500 0.821533
vt 0.500000 0.825087
vt 0.500000 0.878472
vt 0.437500 0.877387
vt 0.562500 0.821533
vt 0.562500 0.877387
vt 0.500000 0.937934
vt 0.437500 0.937799
vt 0.562500 0.937798
vt 0.375000 0.750000
vt 0.437500 0.778700
vt 0.375000 0.812500
vt 0.500000 0.784722
vt 0.562500 0.778700
vt 0.625000 0.750000
vt 0.625000 0.812500
vt 0.625000 0.875000
vt 0.625000 0.937500
vt 0.625000 1.000000
vt 0.562500 1.000000
vt 0.500000 1.000000
vt 0.437500 1.000000
vt 0.375000 0.937500
vt 0.375000 1.000000
vt 0.375000 0.875000
vt 0.187717 0.740767
vt 0.250000 0.735816
vt 0.250000 0.745972
vt 0.187500 0.747543
vt 0.312283 0.735727
vt 0.312500 0.746016
vt 0.250000 0.749497
vt 0.187500 0.749693
vt 0.312500 0.749719
vt 0.125000 0.750000
vt 0.375000 0.739339
vt 0.375000 0.747778
vt 0.375000 0.752218
vt 0.312500 0.750000
vt 0.250000 0.750000
vt 0.187500 0.750000
vt 0.125000 0.750000
vt 0.125000 0.750000
vt 0.125000 0.750000
vt 0.687717 0.746259
vt 0.750000 0.748674
vt 0.750000 0.749614
vt 0.687500 0.748999
vt 0.812283 0.749617
vt 0.812500 0.749952
vt 0.750000 0.749952
vt 0.687500 0.750092
vt 0.812500 0.749994
vt 0.689996 0.741565
vt 0.625000 0.744277
vt 0.750000 0.746721
vt 0.810004 0.747095
vt 0.875000 0.750000
vt 0.875000 0.750000
vt 0.875000 0.750000
vt 0.875000 0.750000
vt 0.875000 0.750000
vt 0.812500 0.750000
vt 0.750000 0.750000
vt 0.687500 0.750000
vt 0.625000 0.752411
vt 0.625000 0.749325
vt 0.437717 0.744676
vt 0.500000 0.747511
vt 0.500000 0.752531
vt 0.437500 0.750742
vt 0.562283 0.746358
vt 0.562500 0.751317
vt 0.500000 0.762469
vt 0.437500 0.759045
vt 0.562500 0.759117
vt 0.439941 0.738929
vt 0.500000 0.744498
vt 0.560004 0.741287
vt 0.437500 0.071235
vt 0.500000 0.074653
vt 0.500000 0.125000
vt 0.437500 0.125000
vt 0.562500 0.071235
vt 0.562500 0.125000
vt 0.500000 0.175347
vt 0.437500 0.178765
vt 0.562500 0.178765
vt 0.375000 0.000000
vt 0.437500 0.028646
vt 0.375000 0.062500
vt 0.500000 0.034722
vt 0.562500 0.028646
vt 0.625000 0.000000
vt 0.625000 0.062500
vt 0.625000 0.125000
vt 0.625000 0.187500
vt 0.375000 0.187500
vt 0.375000 0.125000
vt 0.437500 0.000298
vt 0.500000 0.000434
vt 0.500000 0.003472
vt 0.437500 0.002387
vt 0.562500 0.000298
vt 0.562500 0.002387
vt 0.500000 0.012587
vt 0.437500 0.009033
vt 0.562500 0.009033
vt 0.375000 0.000000
vt 0.625000 0.000000
vt 0.625000 0.000000
vt 0.625000 0.000000
vt 0.375000 0.000000
vt 0.375000 0.000000
vt 0.874770 0.687269
vt 0.874892 0.624892
vt 0.875000 0.625000
vt 0.875000 0.687500
vt 0.874987 0.562486
vt 0.875000 0.562500
vt 0.875000 0.625000
vt 0.875000 0.687500
vt 0.875000 0.562500
vt 0.872396 0.684896
vt 0.875000 0.750000
vt 0.874132 0.624132
vt 0.874892 0.562392
vt 0.875000 0.500000
vt 0.875000 0.500000
vt 0.875000 0.500000
vt 0.875000 0.500000
vt 0.875000 0.500000
vt 0.875000 0.562500
vt 0.875000 0.625000
vt 0.875000 0.687500
vt 0.875000 0.750000
vt 0.875000 0.750000
vt 0.875000 0.750000
vt 0.134033 0.562717
vt 0.137587 0.625000
vt 0.128472 0.625000
vt 0.127387 0.562500
vt 0.134033 0.687283
vt 0.127387 0.687500
vt 0.125434 0.625000
vt 0.125298 0.562500
vt 0.125298 0.687500
vt 0.125000 0.500000
vt 0.125000 0.750000
vt 0.125000 0.750000
vt 0.125000 0.750000
vt 0.125000 0.750000
vt 0.125000 0.687500
vt 0.125000 0.625000
vt 0.125000 0.562500
vt 0.125000 0.500000
vt 0.125000 0.500000
vt 0.125000 0.500000
vt 0.696779 0.561596
vt 0.750000 0.561680
vt 0.750000 0.618441
vt 0.704005 0.617766
vt 0.803221 0.561596
vt 0.795995 0.617766
vt 0.750000 0.665823
vt 0.709936 0.663615
vt 0.790064 0.663616
vt 0.687500 0.500000
vt 0.750000 0.500000
vt 0.812500 0.500000
vt 0.875000 0.500000
vt 0.845474 0.561511
vt 0.833237 0.617091
vt 0.822497 0.661093
vt 0.812500 0.687500
vt 0.787081 0.696617
vt 0.750000 0.701196
vt 0.712919 0.696617
vt 0.874366 0.562164
vt 0.871878 0.622311
vt 0.866512 0.619985
vt 0.871986 0.561873
vt 0.864870 0.677668
vt 0.855481 0.670368
vt 0.855481 0.617959
vt 0.865100 0.561620
vt 0.842881 0.664184
vt 0.875000 0.500000
vt 0.845366 0.720366
vt 0.833237 0.708237
vt 0.822497 0.697497
vt 0.875000 0.500000
vt 0.875000 0.500000
vt 0.803004 0.739395
vt 0.750000 0.743080
vt 0.750000 0.736111
vt 0.795995 0.729806
vt 0.696996 0.736023
vt 0.704005 0.728745
vt 0.750000 0.723500
vt 0.790064 0.717008
vt 0.709936 0.716876
vt 0.621259 0.437283
vt 0.623674 0.375000
vt 0.624614 0.375000
vt 0.623999 0.437500
vt 0.624617 0.312717
vt 0.624952 0.312500
vt 0.624952 0.375000
vt 0.625092 0.437500
vt 0.624994 0.312500
vt 0.616565 0.435004
vt 0.621721 0.375000
vt 0.622094 0.314996
vt 0.625000 0.250000
vt 0.625000 0.250000
vt 0.625000 0.250000
vt 0.625000 0.250000
vt 0.625000 0.312500
vt 0.625000 0.375000
vt 0.625000 0.437500
vt 0.454673 0.518794
vt 0.500000 0.511020
vt 0.500000 0.515239
vt 0.456392 0.522750
vt 0.545327 0.518794
vt 0.543608 0.522750
vt 0.500000 0.526669
vt 0.460235 0.533311
vt 0.539765 0.533311
vt 0.416667 0.541667
vt 0.454427 0.518229
vt 0.417113 0.542113
vt 0.500000 0.510417
vt 0.545573 0.518229
vt 0.582887 0.542113
vt 0.579765 0.545235
vt 0.572063 0.552937
vt 0.562500 0.562500
vt 0.537081 0.553383
vt 0.500000 0.548804
vt 0.462919 0.553383
vt 0.427937 0.552937
vt 0.437500 0.562500
vt 0.420235 0.545235
vt 0.446368 0.514910
vt 0.498782 0.506697
vt 0.499614 0.509236
vt 0.451883 0.517222
vt 0.549509 0.509870
vt 0.546851 0.515694
vt 0.499952 0.510269
vt 0.454109 0.518103
vt 0.545733 0.517912
vt 0.439640 0.510770
vt 0.401584 0.537354
vt 0.497589 0.503090
vt 0.551677 0.500386
vt 0.416124 0.541510
vt 0.412326 0.540417
vt 0.553250 0.736389
vt 0.500000 0.742085
vt 0.500000 0.740378
vt 0.547960 0.733196
vt 0.446520 0.734938
vt 0.451931 0.732730
vt 0.500000 0.739683
vt 0.545871 0.731949
vt 0.454115 0.731891
vt 0.401584 0.712646
vt 0.412326 0.709583
vt 0.416124 0.708490
vt 0.416667 0.708333
vt 0.454427 0.731771
vt 0.500000 0.739583
vt 0.545573 0.731771
vt 0.375638 0.673210
vt 0.367622 0.625000
vt 0.380208 0.625000
vt 0.388129 0.671432
vt 0.375638 0.576790
vt 0.388129 0.578568
vt 0.384766 0.625000
vt 0.392592 0.670680
vt 0.392592 0.579320
vt 0.393229 0.579427
vt 0.385417 0.625000
vt 0.393229 0.670573
vt 0.544922 0.482422
vt 0.494792 0.494792
vt 0.494792 0.494792
vt 0.544922 0.482422
vt 0.436849 0.499349
vt 0.436849 0.499349
vt 0.494792 0.494792
vt 0.544922 0.482422
vt 0.436849 0.499349
vt 0.583333 0.458333
vt 0.544922 0.482422
vt 0.583333 0.458333
vt 0.494792 0.494792
vt 0.436849 0.499349
vt 0.375000 0.500000
vt 0.375000 0.500000
vt 0.375000 0.500000
vt 0.375000 0.500000
vt 0.375000 0.500000
vt 0.436849 0.499349
vt 0.494792 0.494792
vt 0.544922 0.482422
vt 0.583333 0.458333
vt 0.583333 0.458333
vt 0.583333 0.458333
vt 0.549197 0.490868
vt 0.496287 0.499210
vt 0.495274 0.496215
vt 0.546308 0.484987
vt 0.437253 0.505172
vt 0.436909 0.501163
vt 0.494852 0.494970
vt 0.545095 0.482743
vt 0.436857 0.499576
vt 0.590035 0.470866
vt 0.375000 0.510770
vt 0.375000 0.503090
vt 0.375000 0.500386
vt 0.583575 0.458767
vt 0.585262 0.461806
vt 0.312283 0.514286
vt 0.250000 0.514184
vt 0.250000 0.504028
vt 0.312500 0.504093
vt 0.187717 0.509233
vt 0.187500 0.502457
vt 0.250000 0.500503
vt 0.312500 0.500512
vt 0.187500 0.500307
vt 0.125000 0.500000
vt 0.125000 0.500000
vt 0.125000 0.500000
vt 0.125000 0.500000
vt 0.187500 0.500000
vt 0.250000 0.500000
vt 0.312500 0.500000
vt 0.614960 0.321750
vt 0.618683 0.375000
vt 0.615934 0.375000
vt 0.609327 0.327040
vt 0.611588 0.428250
vt 0.608266 0.422960
vt 0.614752 0.375000
vt 0.607090 0.329129
vt 0.606958 0.420871
vt 0.606771 0.420573
vt 0.614583 0.375000
vt 0.606771 0.329427
vt 0.460480 0.585480
vt 0.500000 0.583357
vt 0.500000 0.625000
vt 0.458357 0.625000
vt 0.539520 0.585480
vt 0.541643 0.625000
vt 0.500000 0.666643
vt 0.460480 0.664520
vt 0.539520 0.664520
vt 0.428383 0.587919
vt 0.571617 0.587919
vt 0.576196 0.625000
vt 0.571617 0.662081
vt 0.562500 0.687500
vt 0.537081 0.696617
vt 0.500000 0.701196
vt 0.462919 0.696617
vt 0.428383 0.662081
vt 0.437500 0.687500
vt 0.423804 0.625000
vt 0.545327 0.731206
vt 0.500000 0.738981
vt 0.500000 0.734761
vt 0.543608 0.727250
vt 0.454673 0.731206
vt 0.456392 0.727250
vt 0.500000 0.723331
vt 0.539765 0.716689
vt 0.460235 0.716689
vt 0.582887 0.707887
vt 0.417113 0.707887
vt 0.420235 0.704765
vt 0.427937 0.697063
vt 0.572063 0.697063
vt 0.579765 0.704765
vt 0.393794 0.670327
vt 0.386019 0.625000
vt 0.390239 0.625000
vt 0.397750 0.668608
vt 0.393794 0.579673
vt 0.397750 0.581392
vt 0.401669 0.625000
vt 0.408311 0.664765
vt 0.408311 0.585235
vt 0.606206 0.579673
vt 0.613981 0.625000
vt 0.609761 0.625000
vt 0.602250 0.581392
vt 0.606206 0.670327
vt 0.602250 0.668608
vt 0.598332 0.625000
vt 0.591689 0.585235
vt 0.591689 0.664765
vt 0.544666 0.481867
vt 0.494707 0.494273
vt 0.494117 0.490644
vt 0.542872 0.477985
vt 0.436838 0.499027
vt 0.436765 0.496769
vt 0.492851 0.480372
vt 0.538872 0.467569
vt 0.436606 0.489856
vt 0.582887 0.457887
vt 0.375000 0.499892
vt 0.375000 0.499132
vt 0.375000 0.497396
vt 0.375000 0.500000
vt 0.436511 0.470420
vt 0.492091 0.458237
vt 0.536093 0.447497
vt 0.572063 0.447063
vt 0.562500 0.437500
vt 0.579765 0.454765
vt 0.312500 0.500000
vt 0.250000 0.500000
vt 0.250000 0.500000
vt 0.312500 0.500000
vt 0.187500 0.500000
vt 0.187500 0.500000
vt 0.250000 0.500000
vt 0.312500 0.500000
vt 0.187500 0.500000
vt 0.125000 0.500000
vt 0.125000 0.500000
vt 0.125000 0.500000
vt 0.125000 0.500000
vt 0.187500 0.500000
vt 0.250000 0.500000
vt 0.312500 0.500000
vt 0.606771 0.329427
vt 0.614583 0.375000
vt 0.614583 0.375000
vt 0.606771 0.329427
vt 0.606771 0.420573
vt 0.606771 0.420573
vt 0.614583 0.375000
vt 0.606771 0.329427
vt 0.606771 0.420573
vt 0.583333 0.291667
vt 0.606771 0.420573
vt 0.614583 0.375000
vt 0.606771 0.329427
vt 0.583333 0.291667
vt 0.583333 0.291667
vt 0.583333 0.291667
vt 0.436849 0.250651
vt 0.494792 0.255208
vt 0.494792 0.255208
vt 0.436849 0.250651
vt 0.544922 0.267578
vt 0.544922 0.267578
vt 0.494792 0.255208
vt 0.436849 0.250651
vt 0.544922 0.267578
vt 0.375000 0.250000
vt 0.544922 0.267578
vt 0.494792 0.255208
vt 0.436849 0.250651
vt 0.375000 0.250000
vt 0.375000 0.250000
vt 0.375000 0.250000
vt 0.436596 0.321779
vt 0.492766 0.329005
vt 0.493441 0.375000
vt 0.436680 0.375000
vt 0.538616 0.334936
vt 0.540823 0.375000
vt 0.492766 0.420995
vt 0.436596 0.428221
vt 0.538615 0.415064
vt 0.375000 0.250000
vt 0.436511 0.279526
vt 0.375000 0.312500
vt 0.492091 0.291763
vt 0.536093 0.302503
vt 0.562500 0.312500
vt 0.571617 0.337919
vt 0.576196 0.375000
vt 0.571617 0.412081
vt 0.375000 0.437500
vt 0.375000 0.375000
vt 0.312500 0.499987
vt 0.250000 0.500000
vt 0.250000 0.500000
vt 0.312500 0.499891
vt 0.187500 0.500000
vt 0.187500 0.500000
vt 0.250000 0.500000
vt 0.312500 0.499769
vt 0.187500 0.500000
vt 0.125000 0.500000
vt 0.125000 0.500000
vt 0.125000 0.500000
vt 0.125000 0.500000
vt 0.187500 0.500000
vt 0.250000 0.500000
vt 0.312500 0.500000
vt 0.606206 0.329673
vt 0.613981 0.375000
vt 0.609761 0.375000
vt 0.602250 0.331392
vt 0.606206 0.420327
vt 0.602250 0.418608
vt 0.598332 0.375000
vt 0.591689 0.335235
vt 0.591689 0.414765
vt 0.582887 0.292113
vt 0.572063 0.302937
vt 0.579765 0.295235
vt 0.436838 0.250960
vt 0.494707 0.255727
vt 0.494117 0.259356
vt 0.436765 0.253123
vt 0.544666 0.268133
vt 0.542872 0.272015
vt 0.492851 0.269628
vt 0.436606 0.259913
vt 0.538872 0.282431
vt 0.375000 0.250000
vt 0.375000 0.250000
vt 0.375000 0.250000
vt 0.437500 0.062500
vt 0.500000 0.062500
vt 0.500000 0.125000
vt 0.437500 0.125000
vt 0.562500 0.062500
vt 0.562500 0.125000
vt 0.500000 0.187500
vt 0.437500 0.187500
vt 0.562500 0.187500
vt 0.375000 0.000000
vt 0.437500 0.000000
vt 0.375000 0.062500
vt 0.500000 0.000000
vt 0.562500 0.000000
vt 0.625000 0.000000
vt 0.625000 0.062500
vt 0.625000 0.125000
vt 0.625000 0.187500
vt 0.625000 0.250000
vt 0.562500 0.250000
vt 0.500000 0.250000
vt 0.437500 0.250000
vt 0.375000 0.187500
vt 0.375000 0.250000
vt 0.375000 0.125000
vt 0.437500 0.312500
vt 0.500000 0.312500
vt 0.500000 0.375000
vt 0.437500 0.375000
vt 0.562500 0.312500
vt 0.562500 0.375000
vt 0.500000 0.437500
vt 0.437500 0.437500
vt 0.562500 0.437500
vt 0.375000 0.312500
vt 0.625000 0.312500
vt 0.625000 0.375000
vt 0.625000 0.437500
vt 0.625000 0.500000
vt 0.562500 0.500000
vt 0.500000 0.500000
vt 0.437500 0.500000
vt 0.375000 0.437500
vt 0.375000 0.500000
vt 0.375000 0.375000
vt 0.437500 0.562500
vt 0.500000 0.562500
vt 0.500000 0.625000
vt 0.437500 0.625000
vt 0.562500 0.562500
vt 0.562500 0.625000
vt 0.500000 0.687500
vt 0.437500 0.687500
vt 0.562500 0.687500
vt 0.375000 0.562500
vt 0.625000 0.562500
vt 0.625000 0.625000
vt 0.625000 0.687500
vt 0.625000 0.750000
vt 0.562500 0.750000
vt 0.500000 0.750000
vt 0.437500 0.750000
vt 0.375000 0.687500
vt 0.375000 0.750000
vt 0.375000 0.625000
vt 0.437500 0.812500
vt 0.500000 0.812500
vt 0.500000 0.875000
vt 0.437500 0.875000
vt 0.562500 0.812500
vt 0.562500 0.875000
vt 0.500000 0.937500
vt 0.437500 0.937500
vt 0.562500 0.937500
vt 0.375000 0.812500
vt 0.625000 0.812500
vt 0.625000 0.875000
vt 0.625000 0.937500
vt 0.625000 1.000000
vt 0.562500 1.000000
vt 0.500000 1.000000
vt 0.437500 1.000000
vt 0.375000 0.937500
vt 0.375000 1.000000
vt 0.375000 0.875000
vt 0.187500 0.562500
vt 0.250000 0.562500
vt 0.250000 0.625000
vt 0.187500 0.625000
vt 0.312500 0.562500
vt 0.312500 0.625000
vt 0.250000 0.687500
vt 0.187500 0.687500
vt 0.312500 0.687500
vt 0.125000 0.500000
vt 0.187500 0.500000
vt 0.125000 0.562500
vt 0.250000 0.500000
vt 0.312500 0.500000
vt 0.312500 0.750000
vt 0.250000 0.750000
vt 0.187500 0.750000
vt 0.125000 0.687500
vt 0.125000 0.750000
vt 0.125000 0.625000
vt 0.687500 0.562500
vt 0.750000 0.562500
vt 0.750000 0.625000
vt 0.687500 0.625000
vt 0.812500 0.562500
vt 0.812500 0.625000
vt 0.750000 0.687500
vt 0.687500 0.687500
vt 0.812500 0.687500
vt 0.687500 0.500000
vt 0.750000 0.500000
vt 0.812500 0.500000
vt 0.875000 0.500000
vt 0.875000 0.562500
vt 0.875000 0.625000
vt 0.875000 0.687500
vt 0.875000 0.750000
vt 0.812500 0.750000
vt 0.750000 0.750000
vt 0.687500 0.750000
vt 0.000000 0.000000
vt 0.000000 0.000000
vt 0.000000 0.000000
vt 0.000000 0.000000
vt 0.000000 0.000000
vt 0.000000 0.000000
vt 0.000000 0.000000
vt 0.000000 0.000000
vt 0.000000 0.000000
vt 0.000000 0.000000
vt 0.000000 0.000000
vt 0.000000 0.000000
vt 0.000000 0.000000
vt 0.000000 0.000000
vt 0.000000 0.000000
vt 0.000000 0.000000
vt 0.000000 0.000000
vt 0.000000 0.000000
vt 0.000000 0.000000
vt 0.000000 0.000000
vt 0.000000 0.000000
vt 0.000000 0.000000
vt 0.000000 0.000000
vt 0.000000 0.000000
vt 0.000000 0.000000
vt 0.000000 0.000000
vt 0.000000 0.000000
vt 0.000000 0.000000
vt 0.000000 0.000000
vt 0.000000 0.000000
vt 0.000000 0.000000
vt 0.000000 0.000000
vt 0.000000 0.000000
vt 0.000000 0.000000
vt 0.000000 0.000000
vt 0.000000 0.000000
vt 0.000000 0.000000
vt 0.000000 0.000000
vt 0.000000 0.000000
vt 0.000000 0.000000
vt 0.000000 0.000000
vt 0.000000 0.000000
vt 0.000000 0.000000
vt 0.000000 0.000000
vt 0.000000 0.000000
vt 0.000000 0.000000
vt 0.000000 0.000000
vt 0.000000 0.000000
vt 0.000000 0.000000
vt 0.000000 0.000000
vt 0.000000 0.000000
vt 0.000000 0.000000
vt 0.000000 0.000000
vt 0.000000 0.000000
vt 0.000000 0.000000
vt 0.000000 0.000000
vt 0.000000 0.000000
vt 0.000000 0.000000
vt 0.000000 0.000000
vt 0.000000 0.000000
vt 0.000000 0.000000
vt 0.000000 0.000000
vt 0.000000 0.000000
vt 0.000000 0.000000
vt 0.000000 0.000000
vt 0.000000 0.000000
vt 0.000000 0.000000
vt 0.000000 0.000000
vt 0.000000 0.000000
vt 0.000000 0.000000
vt 0.000000 0.000000
vt 0.000000 0.000000
vt 0.000000 0.000000
vt 0.000000 0.000000
vt 0.000000 0.000000
vt 0.000000 0.000000
vt 0.000000 0.000000
vt 0.000000 0.000000
vt 0.000000 0.000000
vt 0.000000 0.000000
vt 0.000000 0.000000
vt 0.000000 0.000000
vt 0.000000 0.000000
vt 0.000000 0.000000
vt 0.000000 0.000000
vt 0.000000 0.000000
vt 0.000000 0.000000
vt 0.000000 0.000000
vt 0.000000 0.000000
vt 0.000000 0.000000
vt 0.000000 0.000000
vt 0.000000 0.000000
vt 0.000000 0.000000
vt 0.000000 0.000000
vt 0.000000 0.000000
vt 0.000000 0.000000
vt 0.000000 0.000000
vt 0.000000 0.000000
vt 0.000000 0.000000
vt 0.000000 0.000000
vt 0.000000 0.000000
vt 0.000000 0.000000
vt 0.000000 0.000000
vt 0.000000 0.000000
vt 0.000000 0.000000
vt 0.000000 0.000000
vt 0.000000 0.000000
vt 0.000000 0.000000
vt 0.000000 0.000000
vt 0.000000 0.000000
vt 0.000000 0.000000
vt 0.000000 0.000000
vt 0.000000 0.000000
vt 0.000000 0.000000
vt 0.000000 0.000000
vt 0.000000 0.000000
vt 0.000000 0.000000
vt 0.000000 0.000000
vt 0.000000 0.000000
vt 0.000000 0.000000
vt 0.000000 0.000000
vt 0.000000 0.000000
vt 0.000000 0.000000
vt 0.000000 0.000000
vt 0.000000 0.000000
vt 0.000000 0.000000
vt 0.000000 0.000000
vt 0.000000 0.000000
vt 0.000000 0.000000
vt 0.000000 0.000000
vt 0.000000 0.000000
vt 0.000000 0.000000
vt 0.000000 0.000000
vt 0.000000 0.000000
vt 0.000000 0.000000
vt 0.000000 0.000000
vt 0.000000 0.000000
vt 0.000000 0.000000
vt 0.000000 0.000000
vt 0.000000 0.000000
vt 0.000000 0.000000
vt 0.000000 0.000000
vt 0.000000 0.000000
vt 0.000000 0.000000
vt 0.000000 0.000000
vt 0.000000 0.000000
vt 0.000000 0.000000
vt 0.000000 0.000000
vt 0.000000 0.000000
vt 0.000000 0.000000
vt 0.000000 0.000000
vt 0.000000 0.000000
vt 0.000000 0.000000
vt 0.000000 0.000000
vt 0.000000 0.000000
vt 0.000000 0.000000
vt 0.000000 0.000000
vt 0.000000 0.000000
vt 0.000000 0.000000
vt 0.000000 0.000000
vt 0.000000 0.000000
vt 0.000000 0.000000
vt 0.000000 0.000000
vt 0.000000 0.000000
vt 0.000000 0.000000
vt 0.000000 0.000000
vt 0.000000 0.000000
vt 0.000000 0.000000
vt 0.000000 0.000000
vt 0.000000 0.000000
vt 0.000000 0.000000
vt 0.000000 0.000000
vt 0.000000 0.000000
vt 0.000000 0.000000
vt 0.000000 0.000000
vt 0.000000 0.000000
vt 0.000000 0.000000
vt 0.000000 0.000000
vt 0.000000 0.000000
vt 0.000000 0.000000
vt 0.000000 0.000000
vt 0.000000 0.000000
vt 0.000000 0.000000
vt 0.000000 0.000000
vt 0.000000 0.000000
vt 0.000000 0.000000
vt 0.000000 0.000000
vt 0.000000 0.000000
vt 0.000000 0.000000
vt 0.000000 0.000000
vt 0.000000 0.000000
vt 0.000000 0.000000
vt 0.000000 0.000000
vt 0.000000 0.000000
vt 0.000000 0.000000
vt 0.000000 0.000000
vt 0.000000 0.000000
vt 0.000000 0.000000
vt 0.000000 0.000000
vt 0.000000 0.000000
vt 0.000000 0.000000
vt 0.000000 0.000000
vt 0.000000 0.000000
vt 0.000000 0.000000
vt 0.000000 0.000000
vt 0.000000 0.000000
vt 0.000000 0.000000
vt 0.000000 0.000000
vt 0.000000 0.000000
vt 0.000000 0.000000
vt 0.000000 0.000000
vt 0.000000 0.000000
vt 0.000000 0.000000
vt 0.000000 0.000000
vt 0.000000 0.000000
vt 0.000000 0.000000
vt 0.000000 0.000000
vt 0.000000 0.000000
vt 0.000000 0.000000
vt 0.000000 0.000000
vt 0.000000 0.000000
vt 0.000000 0.000000
vt 0.000000 0.000000
vt 0.000000 0.000000
vt 0.000000 0.000000
vt 0.000000 0.000000
vt 0.000000 0.000000
vt 0.000000 0.000000
vt 0.000000 0.000000
vt 0.000000 0.000000
vt 0.000000 0.000000
vt 0.000000 0.000000
vt 0.000000 0.000000
vt 0.000000 0.000000
vt 0.000000 0.000000
vt 0.000000 0.000000
vt 0.000000 0.000000
vt 0.000000 0.000000
vt 0.000000 0.000000
vt 0.000000 0.000000
vt 0.000000 0.000000
vt 0.000000 0.000000
vt 0.000000 0.000000
vt 0.000000 0.000000
vt 0.000000 0.000000
vt 0.000000 0.000000
vt 0.000000 0.000000
vt 0.000000 0.000000
vt 0.000000 0.000000
vt 0.000000 0.000000
vt 0.000000 0.000000
vt 0.000000 0.000000
vt 0.000000 0.000000
vt 0.000000 0.000000
vt 0.000000 0.000000
vt 0.000000 0.000000
vt 0.000000 0.000000
vt 0.000000 0.000000
vt 0.000000 0.000000
vt 0.000000 0.000000
vt 0.000000 0.000000
vt 0.000000 0.000000
vt 0.000000 0.000000
vt 0.000000 0.000000
vt 0.000000 0.000000
vt 0.000000 0.000000
vt 0.000000 0.000000
vt 0.000000 0.000000
vt 0.000000 0.000000
vt 0.000000 0.000000
vt 0.000000 0.000000
vt 0.000000 0.000000
vt 0.000000 0.000000
vt 0.000000 0.000000
vt 0.000000 0.000000
vt 0.000000 0.000000
vt 0.000000 0.000000
vt 0.000000 0.000000
vt 0.000000 0.000000
vt 0.000000 0.000000
vt 0.000000 0.000000
vt 0.000000 0.000000
vt 0.000000 0.000000
vt 0.000000 0.000000
vt 0.000000 0.000000
vt 0.000000 0.000000
vt 0.000000 0.000000
vt 0.000000 0.000000
vt 0.000000 0.000000
vt 0.000000 0.000000
vt 0.000000 0.000000
vt 0.000000 0.000000
vt 0.000000 0.000000
vt 0.000000 0.000000
vt 0.000000 0.000000
vt 0.000000 0.000000
vt 0.000000 0.000000
vt 0.000000 0.000000
vt 0.000000 0.000000
vt 0.000000 0.000000
vt 0.000000 0.000000
vt 0.000000 0.000000
vt 0.000000 0.000000
vt 0.000000 0.000000
vt 0.000000 0.000000
vt 0.000000 0.000000
vt 0.000000 0.000000
vt 0.000000 0.000000
vt 0.000000 0.000000
vt 0.000000 0.000000
vt 0.000000 0.000000
vt 0.000000 0.000000
vt 0.000000 0.000000
vt 0.000000 0.000000
vt 0.000000 0.000000
vt 0.000000 0.000000
vt 0.000000 0.000000
vt 0.000000 0.000000
vt 0.000000 0.000000
vt 0.000000 0.000000
vt 0.000000 0.000000
vt 0.000000 0.000000
vt 0.000000 0.000000
vt 0.000000 0.000000
vt 0.000000 0.000000
vt 0.000000 0.000000
vt 0.000000 0.000000
vt 0.000000 0.000000
vt 0.000000 0.000000
vt 0.000000 0.000000
vt 0.000000 0.000000
vt 0.000000 0.000000
vt 0.000000 0.000000
vt 0.000000 0.000000
vt 0.000000 0.000000
vt 0.000000 0.000000
vt 0.000000 0.000000
vt 0.000000 0.000000
vt 0.000000 0.000000
vt 0.000000 0.000000
vt 0.000000 0.000000
vt 0.000000 0.000000
vt 0.000000 0.000000
vt 0.000000 0.000000
vt 0.000000 0.000000
vt 0.000000 0.000000
vt 0.000000 0.000000
vt 0.000000 0.000000
vt 0.000000 0.000000
vt 0.000000 0.000000
vt 0.000000 0.000000
vt 0.000000 0.000000
vt 0.000000 0.000000
vt 0.000000 0.000000
vt 0.000000 0.000000
vt 0.000000 0.000000
vt 0.000000 0.000000
vt 0.000000 0.000000
vt 0.000000 0.000000
vt 0.000000 0.000000
vt 0.000000 0.000000
vt 0.000000 0.000000
vt 0.000000 0.000000
vt 0.000000 0.000000
vt 0.000000 0.000000
vt 0.000000 0.000000
vt 0.000000 0.000000
vt 0.000000 0.000000
vt 0.000000 0.000000
vt 0.000000 0.000000
vt 0.000000 0.000000
vt 0.000000 0.000000
vt 0.000000 0.000000
vt 0.000000 0.000000
vt 0.000000 0.000000
vt 0.000000 0.000000
vt 0.000000 0.000000
vt 0.000000 0.000000
vt 0.000000 0.000000
vt 0.000000 0.000000
vt 0.000000 0.000000
vt 0.000000 0.000000
vt 0.000000 0.000000
vt 0.000000 0.000000
vt 0.000000 0.000000
vt 0.000000 0.000000
vt 0.000000 0.000000
vt 0.000000 0.000000
vt 0.000000 0.000000
vt 0.000000 0.000000
vt 0.000000 0.000000
vt 0.000000 0.000000
vt 0.000000 0.000000
vt 0.000000 0.000000
vt 0.000000 0.000000
vt 0.000000 0.000000
vt 0.000000 0.000000
vt 0.000000 0.000000
vt 0.000000 0.000000
vt 0.000000 0.000000
vt 0.000000 0.000000
vt 0.000000 0.000000
vt 0.000000 0.000000
vt 0.000000 0.000000
vt 0.000000 0.000000
vt 0.000000 0.000000
vt 0.000000 0.000000
vt 0.000000 0.000000
vt 0.000000 0.000000
vt 0.000000 0.000000
vt 0.000000 0.000000
vt 0.000000 0.000000
vt 0.000000 0.000000
vt 0.000000 0.000000
vt 0.000000 0.000000
vt 0.000000 0.000000
vt 0.000000 0.000000
vt 0.000000 0.000000
vt 0.000000 0.000000
vt 0.000000 0.000000
vt 0.000000 0.000000
vt 0.000000 0.000000
vt 0.000000 0.000000
vt 0.000000 0.000000
vt 0.000000 0.000000
vt 0.000000 0.000000
vt 0.000000 0.000000
vt 0.000000 0.000000
vt 0.000000 0.000000
vt 0.000000 0.000000
vt 0.000000 0.000000
vt 0.000000 0.000000
vt 0.000000 0.000000
vt 0.000000 0.000000
vt 0.000000 0.000000
vt 0.000000 0.000000
vt 0.000000 0.000000
vt 0.000000 0.000000
vt 0.000000 0.000000
vt 0.000000 0.000000
vt 0.000000 0.000000
vt 0.000000 0.000000
vt 0.000000 0.000000
vt 0.000000 0.000000
vt 0.000000 0.000000
vt 0.000000 0.000000
vt 0.000000 0.000000
vt 0.000000 0.000000
vt 0.000000 0.000000
vt 0.000000 0.000000
vt 0.000000 0.000000
vt 0.000000 0.000000
vt 0.000000 0.000000
vt 0.000000 0.000000
vt 0.000000 0.000000
vt 0.000000 0.000000
vt 0.000000 0.000000
vt 0.000000 0.000000
vt 0.000000 0.000000
vt 0.000000 0.000000
vt 0.000000 0.000000
vt 0.000000 0.000000
vt 0.000000 0.000000
vt 0.000000 0.000000
vt 0.000000 0.000000
vt 0.000000 0.000000
vt 0.000000 0.000000
vt 0.000000 0.000000
vt 0.000000 0.000000
vt 0.000000 0.000000
vt 0.000000 0.000000
vt 0.000000 0.000000
vt 0.000000 0.000000
vt 0.000000 0.000000
vt 0.000000 0.000000
vt 0.000000 0.000000
vt 0.000000 0.000000
vt 0.000000 0.000000
vt 0.000000 0.000000
vt 0.000000 0.000000
vt 0.000000 0.000000
vt 0.000000 0.000000
vt 0.000000 0.000000
vt 0.000000 0.000000
vt 0.000000 0.000000
vt 0.000000 0.000000
vt 0.000000 0.000000
vt 0.000000 0.000000
vt 0.000000 0.000000
vt 0.000000 0.000000
vt 0.000000 0.000000
vt 0.000000 0.000000
vt 0.000000 0.000000
vt 0.000000 0.000000
vt 0.000000 0.000000
vt 0.000000 0.000000
vt 0.000000 0.000000
vt 0.000000 0.000000
vt 0.000000 0.000000
vt 0.000000 0.000000
vt 0.000000 0.000000
vt 0.000000 0.000000
vt 0.000000 0.000000
vt 0.000000 0.000000
vt 0.000000 0.000000
vt 0.000000 0.000000
vt 0.000000 0.000000
vt 0.000000 0.000000
vt 0.000000 0.000000
vt 0.000000 0.000000
vt 0.000000 0.000000
vt 0.000000 0.000000
vt 0.000000 0.000000
vt 0.000000 0.000000
vt 0.000000 0.000000
vt 0.000000 0.000000
vt 0.000000 0.000000
vt 0.000000 0.000000
vt 0.000000 0.000000
vt 0.000000 0.000000
vt 0.000000 0.000000
vt 0.000000 0.000000
vt 0.000000 0.000000
vt 0.000000 0.000000
vt 0.000000 0.000000
vt 0.000000 0.000000
vt 0.000000 0.000000
vt 0.000000 0.000000
vt 0.000000 0.000000
vt 0.000000 0.000000
vt 0.000000 0.000000
vt 0.000000 0.000000
vt 0.000000 0.000000
vt 0.000000 0.000000
vt 0.000000 0.000000
vt 0.000000 0.000000
vt 0.000000 0.000000
vt 0.000000 0.000000
vt 0.000000 0.000000
vt 0.000000 0.000000
vt 0.000000 0.000000
vt 0.000000 0.000000
vt 0.000000 0.000000
vt 0.000000 0.000000
vt 0.000000 0.000000
vt 0.000000 0.000000
vt 0.000000 0.000000
vt 0.000000 0.000000
vt 0.000000 0.000000
vt 0.000000 0.000000
vt 0.000000 0.000000
vt 0.000000 0.000000
vt 0.000000 0.000000
vt 0.000000 0.000000
vt 0.000000 0.000000
vt 0.000000 0.000000
vt 0.000000 0.000000
vt 0.000000 0.000000
vt 0.000000 0.000000
vt 0.000000 0.000000
vt 0.000000 0.000000
vt 0.000000 0.000000
vt 0.000000 0.000000
vt 0.000000 0.000000
vt 0.000000 0.000000
vt 0.000000 0.000000
vt 0.000000 0.000000
vt 0.000000 0.000000
vt 0.000000 0.000000
vt 0.000000 0.000000
vt 0.000000 0.000000
vt 0.000000 0.000000
vt 0.000000 0.000000
vt 0.000000 0.000000
vt 0.000000 0.000000
vt 0.000000 0.000000
vt 0.000000 0.000000
vt 0.000000 0.000000
vt 0.000000 0.000000
vt 0.000000 0.000000
vt 0.000000 0.000000
vt 0.000000 0.000000
vt 0.000000 0.000000
vt 0.000000 0.000000
vt 0.000000 0.000000
vt 0.000000 0.000000
vt 0.000000 0.000000
vt 0.000000 0.000000
vt 0.000000 0.000000
vt 0.000000 0.000000
vt 0.000000 0.000000
vt 0.000000 0.000000
vt 0.000000 0.000000
vt 0.000000 0.000000
vt 0.000000 0.000000
vt 0.000000 0.000000
vt 0.000000 0.000000
vt 0.000000 0.000000
vt 0.000000 0.000000
vt 0.000000 0.000000
vt 0.000000 0.000000
vt 0.000000 0.000000
vt 0.000000 0.000000
vt 0.000000 0.000000
vt 0.000000 0.000000
vt 0.000000 0.000000
vt 0.000000 0.000000
vt 0.000000 0.000000
vt 0.000000 0.000000
vt 0.000000 0.000000
vt 0.000000 0.000000
vt 0.000000 0.000000
vt 0.000000 0.000000
vt 0.000000 0.000000
vt 0.000000 0.000000
vt 0.000000 0.000000
vt 0.000000 0.000000
vt 0.000000 0.000000
vt 0.000000 0.000000
vt 0.000000 0.000000
vt 0.000000 0.000000
vt 0.000000 0.000000
vt 0.000000 0.000000
vt 0.000000 0.000000
vt 0.000000 0.000000
vt 0.000000 0.000000
vt 0.000000 0.000000
vt 0.000000 0.000000
vt 0.000000 0.000000
vt 0.000000 0.000000
vt 0.000000 0.000000
vt 0.000000 0.000000
vt 0.000000 0.000000
vt 0.000000 0.000000
vt 0.000000 0.000000
vt 0.000000 0.000000
vt 0.000000 0.000000
vt 0.000000 0.000000
vt 0.000000 0.000000
vt 0.000000 0.000000
vt 0.000000 0.000000
vt 0.000000 0.000000
vt 0.000000 0.000000
vt 0.000000 0.000000
vt 0.000000 0.000000
vt 0.000000 0.000000
vt 0.000000 0.000000
vt 0.000000 0.000000
vt 0.000000 0.000000
vt 0.000000 0.000000
vt 0.000000 0.000000
vt 0.000000 0.000000
vt 0.000000 0.000000
vt 0.000000 0.000000
vt 0.000000 0.000000
vt 0.000000 0.000000
vt 0.000000 0.000000
vt 0.000000 0.000000
vt 0.000000 0.000000
vt 0.000000 0.000000
vt 0.000000 0.000000
vt 0.000000 0.000000
vt 0.000000 0.000000
vt 0.000000 0.000000
vt 0.000000 0.000000
vt 0.000000 0.000000
vt 0.000000 0.000000
vt 0.000000 0.000000
vt 0.000000 0.000000
vt 0.000000 0.000000
vt 0.000000 0.000000
vt 0.000000 0.000000
vt 0.000000 0.000000
vt 0.000000 0.000000
vt 0.000000 0.000000
vt 0.000000 0.000000
vt 0.000000 0.000000
vt 0.000000 0.000000
vt 0.000000 0.000000
vt 0.000000 0.000000
vt 0.000000 0.000000
vt 0.000000 0.000000
vt 0.000000 0.000000
vt 0.000000 0.000000
vt 0.000000 0.000000
vt 0.000000 0.000000
vt 0.000000 0.000000
vt 0.000000 0.000000
vt 0.000000 0.000000
vt 0.000000 0.000000
vt 0.000000 0.000000
vt 0.000000 0.000000
vt 0.000000 0.000000
vt 0.000000 0.000000
vt 0.000000 0.000000
vt 0.000000 0.000000
vt 0.000000 0.000000
vt 0.000000 0.000000
vt 0.000000 0.000000
vt 0.000000 0.000000
vt 0.000000 0.000000
vt 0.000000 0.000000
vt 0.000000 0.000000
vt 0.000000 0.000000
vt 0.000000 0.000000
vt 0.000000 0.000000
vt 0.000000 0.000000
vt 0.000000 0.000000
vt 0.000000 0.000000
vt 0.000000 0.000000
vt 0.000000 0.000000
vt 0.000000 0.000000
vt 0.000000 0.000000
vt 0.000000 0.000000
vt 0.000000 0.000000
vt 0.000000 0.000000
vt 0.000000 0.000000
vt 0.000000 0.000000
vt 0.000000 0.000000
vt 0.000000 0.000000
vt 0.000000 0.000000
vt 0.000000 0.000000
vt 0.000000 0.000000
vt 0.000000 0.000000
vt 0.000000 0.000000
vt 0.000000 0.000000
vt 0.000000 0.000000
vt 0.000000 0.000000
vt 0.000000 0.000000
vt 0.000000 0.000000
vt 0.000000 0.000000
vt 0.000000 0.000000
vt 0.000000 0.000000
vt 0.000000 0.000000
vt 0.000000 0.000000
vt 0.000000 0.000000
vt 0.000000 0.000000
vt 0.000000 0.000000
vt 0.000000 0.000000
vt 0.000000 0.000000
vt 0.000000 0.000000
vt 0.000000 0.000000
vt 0.000000 0.000000
vt 0.000000 0.000000
vt 0.000000 0.000000
vt 0.000000 0.000000
vt 0.000000 0.000000
vt 0.000000 0.000000
vt 0.000000 0.000000
vt 0.000000 0.000000
vt 0.000000 0.000000
vt 0.000000 0.000000
vt 0.000000 0.000000
vt 0.000000 0.000000
vt 0.000000 0.000000
vt 0.000000 0.000000
vt 0.000000 0.000000
vt 0.000000 0.000000
vt 0.000000 0.000000
vt 0.000000 0.000000
vt 0.000000 0.000000
vt 0.000000 0.000000
vt 0.000000 0.000000
vt 0.000000 0.000000
vt 0.000000 0.000000
vt 0.000000 0.000000
vt 0.000000 0.000000
vt 0.000000 0.000000
vt 0.000000 0.000000
vt 0.000000 0.000000
vt 0.000000 0.000000
vt 0.000000 0.000000
vt 0.000000 0.000000
vt 0.000000 0.000000
vt 0.000000 0.000000
vt 0.000000 0.000000
vt 0.000000 0.000000
vt 0.000000 0.000000
vt 0.000000 0.000000
vt 0.000000 0.000000
vt 0.000000 0.000000
vt 0.000000 0.000000
vt 0.000000 0.000000
vt 0.000000 0.000000
vt 0.000000 0.000000
vt 0.000000 0.000000
vt 0.000000 0.000000
vt 0.000000 0.000000
vt 0.000000 0.000000
vt 0.000000 0.000000
vt 0.000000 0.000000
vt 0.000000 0.000000
vt 0.000000 0.000000
vt 0.000000 0.000000
vt 0.000000 0.000000
vt 0.000000 0.000000
vt 0.000000 0.000000
vt 0.000000 0.000000
vt 0.000000 0.000000
vt 0.000000 0.000000
vt 0.000000 0.000000
vt 0.000000 0.000000
vt 0.000000 0.000000
vt 0.000000 0.000000
vt 0.000000 0.000000
vt 0.000000 0.000000
vt 0.000000 0.000000
vt 0.000000 0.000000
vt 0.000000 0.000000
vt 0.000000 0.000000
vt 0.000000 0.000000
vt 0.000000 0.000000
vt 0.000000 0.000000
vt 0.000000 0.000000
vt 0.000000 0.000000
vt 0.000000 0.000000
vt 0.000000 0.000000
vt 0.000000 0.000000
vt 0.000000 0.000000
vt 0.000000 0.000000
vt 0.000000 0.000000
vt 0.000000 0.000000
vt 0.000000 0.000000
vt 0.000000 0.000000
vt 0.000000 0.000000
vt 0.000000 0.000000
vt 0.000000 0.000000
vt 0.000000 0.000000
vt 0.000000 0.000000
vt 0.000000 0.000000
vt 0.000000 0.000000
vt 0.000000 0.000000
vt 0.000000 0.000000
vt 0.000000 0.000000
vt 0.000000 0.000000
vt 0.000000 0.000000
vt 0.000000 0.000000
vt 0.000000 0.000000
vt 0.000000 0.000000
vt 0.000000 0.000000
vt 0.000000 0.000000
vt 0.000000 0.000000
vt 0.000000 0.000000
vt 0.000000 0.000000
vt 0.000000 0.000000
vt 0.000000 0.000000
vt 0.000000 0.000000
vt 0.000000 0.000000
vt 0.000000 0.000000
vt 0.000000 0.000000
vt 0.000000 0.000000
vt 0.000000 0.000000
vt 0.000000 0.000000
vt 0.000000 0.000000
vt 0.000000 0.000000
vt 0.000000 0.000000
vt 0.000000 0.000000
vt 0.000000 0.000000
vt 0.000000 0.000000
vt 0.000000 0.000000
vt 0.000000 0.000000
vt 0.000000 0.000000
vt 0.000000 0.000000
vt 0.000000 0.000000
vt 0.000000 0.000000
vt 0.000000 0.000000
vt 0.000000 0.000000
vt 0.000000 0.000000
vt 0.000000 0.000000
vt 0.000000 0.000000
vt 0.000000 0.000000
vt 0.000000 0.000000
vt 0.000000 0.000000
vt 0.000000 0.000000
vt 0.000000 0.000000
vt 0.000000 0.000000
vt 0.000000 0.000000
vt 0.000000 0.000000
vt 0.000000 0.000000
vt 0.000000 0.000000
vt 0.000000 0.000000
vt 0.000000 0.000000
vt 0.000000 0.000000
vt 0.000000 0.000000
vt 0.000000 0.000000
vt 0.000000 0.000000
vt 0.000000 0.000000
vt 0.000000 0.000000
vt 0.000000 0.000000
vt 0.000000 0.000000
vt 0.000000 0.000000
vt 0.000000 0.000000
vt 0.000000 0.000000
vt 0.000000 0.000000
vt 0.000000 0.000000
vt 0.000000 0.000000
vt 0.000000 0.000000
vt 0.000000 0.000000
vt 0.000000 0.000000
vt 0.000000 0.000000
vt 0.000000 0.000000
vt 0.000000 0.000000
vt 0.000000 0.000000
vt 0.000000 0.000000
vt 0.000000 0.000000
vt 0.000000 0.000000
vt 0.000000 0.000000
vt 0.000000 0.000000
vt 0.000000 0.000000
vt 0.000000 0.000000
vt 0.000000 0.000000
vt 0.000000 0.000000
vt 0.000000 0.000000
vt 0.000000 0.000000
vt 0.000000 0.000000
vt 0.000000 0.000000
vt 0.000000 0.000000
vt 0.000000 0.000000
vt 0.000000 0.000000
vt 0.000000 0.000000
vt 0.000000 0.000000
vt 0.000000 0.000000
vt 0.000000 0.000000
vt 0.000000 0.000000
vt 0.000000 0.000000
vt 0.000000 0.000000
vt 0.000000 0.000000
vt 0.000000 0.000000
vt 0.000000 0.000000
vt 0.000000 0.000000
vt 0.000000 0.000000
vt 0.000000 0.000000
vt 0.000000 0.000000
vt 0.000000 0.000000
vt 0.000000 0.000000
vt 0.000000 0.000000
vt 0.000000 0.000000
vt 0.000000 0.000000
vt 0.000000 0.000000
vt 0.000000 0.000000
vt 0.000000 0.000000
vt 0.000000 0.000000
vt 0.000000 0.000000
vt 0.000000 0.000000
vt 0.000000 0.000000
vt 0.000000 0.000000
vt 0.000000 0.000000
vt 0.000000 0.000000
vt 0.000000 0.000000
vt 0.000000 0.000000
vt 0.000000 0.000000
vt 0.000000 0.000000
vt 0.000000 0.000000
vt 0.000000 0.000000
vt 0.000000 0.000000
vt 0.000000 0.000000
vt 0.000000 0.000000
vt 0.000000 0.000000
vt 0.000000 0.000000
vt 0.000000 0.000000
vt 0.000000 0.000000
vt 0.000000 0.000000
vt 0.000000 0.000000
vt 0.000000 0.000000
vt 0.000000 0.000000
vt 0.000000 0.000000
vt 0.000000 0.000000
vt 0.000000 0.000000
vt 0.000000 0.000000
vt 0.000000 0.000000
vt 0.000000 0.000000
vt 0.000000 0.000000
vt 0.000000 0.000000
vt 0.000000 0.000000
vt 0.000000 0.000000
vt 0.000000 0.000000
vt 0.000000 0.000000
vt 0.000000 0.000000
vt 0.000000 0.000000
vt 0.000000 0.000000
vt 0.000000 0.000000
vt 0.000000 0.000000
vt 0.000000 0.000000
vt 0.000000 0.000000
vt 0.000000 0.000000
vt 0.000000 0.000000
vt 0.000000 0.000000
vt 0.000000 0.000000
vt 0.000000 0.000000
vt 0.000000 0.000000
vt 0.000000 0.000000
vt 0.000000 0.000000
vt 0.000000 0.000000
vt 0.000000 0.000000
vt 0.000000 0.000000
vt 0.000000 0.000000
vt 0.000000 0.000000
vt 0.000000 0.000000
vt 0.000000 0.000000
vt 0.000000 0.000000
vt 0.000000 0.000000
vt 0.000000 0.000000
vt 0.000000 0.000000
vt 0.000000 0.000000
vt 0.000000 0.000000
vt 0.000000 0.000000
vt 0.000000 0.000000
vt 0.000000 0.000000
vt 0.000000 0.000000
vt 0.000000 0.000000
vt 0.000000 0.000000
vt 0.000000 0.000000
vt 0.000000 0.000000
vt 0.000000 0.000000
vt 0.000000 0.000000
vt 0.000000 0.000000
vt 0.000000 0.000000
vt 0.000000 0.000000
vt 0.000000 0.000000
vt 0.000000 0.000000
vt 0.000000 0.000000
vt 0.000000 0.000000
vt 0.000000 0.000000
vt 0.000000 0.000000
vt 0.000000 0.000000
vt 0.000000 0.000000
vt 0.000000 0.000000
vt 0.000000 0.000000
vt 0.000000 0.000000
vt 0.000000 0.000000
vt 0.000000 0.000000
vt 0.000000 0.000000
vt 0.000000 0.000000
vt 0.000000 0.000000
vt 0.000000 0.000000
vt 0.000000 0.000000
vt 0.000000 0.000000
vt 0.000000 0.000000
vt 0.000000 0.000000
vt 0.000000 0.000000
vt 0.000000 0.000000
vt 0.000000 0.000000
vt 0.000000 0.000000
vt 0.000000 0.000000
vt 0.000000 0.000000
vt 0.000000 0.000000
vt 0.000000 0.000000
vt 0.000000 0.000000
vt 0.000000 0.000000
vt 0.000000 0.000000
vt 0.000000 0.000000
vt 0.000000 0.000000
vt 0.000000 0.000000
vt 0.000000 0.000000
vt 0.000000 0.000000
vt 0.000000 0.000000
vt 0.000000 0.000000
vt 0.000000 0.000000
vt 0.000000 0.000000
vt 0.000000 0.000000
vt 0.000000 0.000000
vt 0.000000 0.000000
vt 0.000000 0.000000
vt 0.000000 0.000000
vt 0.000000 0.000000
vt 0.000000 0.000000
vt 0.000000 0.000000
vt 0.000000 0.000000
vt 0.000000 0.000000
vt 0.000000 0.000000
vt 0.000000 0.000000
vt 0.000000 0.000000
vt 0.000000 0.000000
vt 0.000000 0.000000
vt 0.000000 0.000000
vt 0.000000 0.000000
vt 0.000000 0.000000
vt 0.000000 0.000000
vt 0.000000 0.000000
vt 0.000000 0.000000
vt 0.000000 0.000000
vt 0.000000 0.000000
vt 0.000000 0.000000
vt 0.000000 0.000000
vt 0.000000 0.000000
vt 0.000000 0.000000
vt 0.000000 0.000000
vt 0.000000 0.000000
vt 0.000000 0.000000
vt 0.000000 0.000000
vt 0.000000 0.000000
vt 0.000000 0.000000
vt 0.000000 0.000000
vt 0.000000 0.000000
vt 0.000000 0.000000
vt 0.000000 0.000000
vt 0.000000 0.000000
vt 0.000000 0.000000
vt 0.000000 0.000000
vt 0.000000 0.000000
vt 0.000000 0.000000
vt 0.000000 0.000000
vt 0.000000 0.000000
vt 0.000000 0.000000
vt 0.000000 0.000000
vt 0.000000 0.000000
vt 0.000000 0.000000
vt 0.000000 0.000000
vt 0.000000 0.000000
vt 0.000000 0.000000
vt 0.000000 0.000000
vt 0.000000 0.000000
vt 0.000000 0.000000
vt 0.000000 0.000000
vt 0.000000 0.000000
vt 0.000000 0.000000
vt 0.000000 0.000000
vt 0.000000 0.000000
vt 0.000000 0.000000
vt 0.000000 0.000000
vt 0.000000 0.000000
vt 0.000000 0.000000
vt 0.000000 0.000000
vt 0.000000 0.000000
vt 0.000000 0.000000
vt 0.000000 0.000000
vt 0.000000 0.000000
vt 0.000000 0.000000
vt 0.000000 0.000000
vt 0.000000 0.000000
vt 0.000000 0.000000
vt 0.000000 0.000000
vt 0.000000 0.000000
vt 0.000000 0.000000
vt 0.000000 0.000000
vt 0.000000 0.000000
vt 0.000000 0.000000
vt 0.000000 0.000000
vt 0.000000 0.000000
vt 0.000000 0.000000
vt 0.000000 0.000000
vt 0.000000 0.000000
vt 0.000000 0.000000
vt 0.000000 0.000000
vt 0.000000 0.000000
vt 0.000000 0.000000
vt 0.000000 0.000000
vt 0.000000 0.000000
vt 0.000000 0.000000
vt 0.000000 0.000000
vt 0.000000 0.000000
vt 0.000000 0.000000
vt 0.000000 0.000000
vt 0.000000 0.000000
vt 0.000000 0.000000
vt 0.000000 0.000000
vt 0.000000 0.000000
vt 0.000000 0.000000
vt 0.000000 0.000000
vt 0.000000 0.000000
vt 0.000000 0.000000
vt 0.000000 0.000000
vt 0.000000 0.000000
vt 0.000000 0.000000
vt 0.000000 0.000000
vt 0.000000 0.000000
vt 0.000000 0.000000
vt 0.000000 0.000000
vt 0.000000 0.000000
vt 0.000000 0.000000
vt 0.000000 0.000000
vt 0.000000 0.000000
vt 0.000000 0.000000
vt 0.000000 0.000000
vt 0.000000 0.000000
vt 0.000000 0.000000
vt 0.000000 0.000000
vt 0.000000 0.000000
vt 0.000000 0.000000
vt 0.000000 0.000000
vt 0.000000 0.000000
vt 0.000000 0.000000
vt 0.000000 0.000000
vt 0.000000 0.000000
vt 0.000000 0.000000
vt 0.000000 0.000000
vt 0.000000 0.000000
vt 0.000000 0.000000
vt 0.000000 0.000000
vt 0.000000 0.000000
vt 0.000000 0.000000
vt 0.000000 0.000000
vt 0.000000 0.000000
vt 0.000000 0.000000
vt 0.000000 0.000000
vt 0.000000 0.000000
vt 0.000000 0.000000
vt 0.000000 0.000000
vt 0.000000 0.000000
vt 0.000000 0.000000
vt 0.000000 0.000000
vt 0.000000 0.000000
vt 0.000000 0.000000
vt 0.000000 0.000000
vt 0.000000 0.000000
vt 0.000000 0.000000
vt 0.000000 0.000000
vt 0.000000 0.000000
vt 0.000000 0.000000
vt 0.000000 0.000000
vt 0.000000 0.000000
vt 0.000000 0.000000
vt 0.000000 0.000000
vt 0.000000 0.000000
vt 0.000000 0.000000
vt 0.000000 0.000000
vt 0.000000 0.000000
vt 0.000000 0.000000
vt 0.000000 0.000000
vt 0.000000 0.000000
vt 0.000000 0.000000
vt 0.000000 0.000000
vt 0.000000 0.000000
vt 0.000000 0.000000
vt 0.000000 0.000000
vt 0.000000 0.000000
vt 0.000000 0.000000
vt 0.000000 0.000000
vt 0.000000 0.000000
vt 0.000000 0.000000
vt 0.000000 0.000000
vt 0.000000 0.000000
vt 0.000000 0.000000
vt 0.000000 0.000000
vt 0.000000 0.000000
vt 0.000000 0.000000
vt 0.000000 0.000000
vt 0.000000 0.000000
vt 0.000000 0.000000
vt 0.000000 0.000000
vt 0.000000 0.000000
vt 0.000000 0.000000
vt 0.000000 0.000000
vt 0.000000 0.000000
vt 0.000000 0.000000
vt 0.000000 0.000000
vt 0.000000 0.000000
vt 0.000000 0.000000
vt 0.000000 0.000000
vt 0.000000 0.000000
vt 0.000000 0.000000
vt 0.000000 0.000000
vt 0.000000 0.000000
vt 0.000000 0.000000
vt 0.000000 0.000000
vt 0.000000 0.000000
vt 0.000000 0.000000
vt 0.000000 0.000000
vt 0.000000 0.000000
vt 0.000000 0.000000
vt 0.000000 0.000000
vt 0.000000 0.000000
vt 0.000000 0.000000
vt 0.000000 0.000000
vt 0.000000 0.000000
vt 0.000000 0.000000
vt 0.000000 0.000000
vt 0.000000 0.000000
vt 0.000000 0.000000
vt 0.000000 0.000000
vt 0.000000 0.000000
vt 0.000000 0.000000
vt 0.000000 0.000000
vt 0.000000 0.000000
vt 0.000000 0.000000
vt 0.000000 0.000000
vt 0.000000 0.000000
vt 0.000000 0.000000
vt 0.000000 0.000000
vt 0.000000 0.000000
vt 0.000000 0.000000
vt 0.000000 0.000000
vt 0.000000 0.000000
vt 0.000000 0.000000
vt 0.000000 0.000000
vt 0.000000 0.000000
vt 0.000000 0.000000
vt 0.000000 0.000000
vt 0.000000 0.000000
vt 0.000000 0.000000
vt 0.000000 0.000000
vt 0.000000 0.000000
vt 0.000000 0.000000
vt 0.000000 0.000000
vt 0.000000 0.000000
vt 0.000000 0.000000
vt 0.000000 0.000000
vt 0.000000 0.000000
vt 0.000000 0.000000
vt 0.000000 0.000000
vt 0.000000 0.000000
vt 0.000000 0.000000
vt 0.000000 0.000000
vt 0.000000 0.000000
vt 0.000000 0.000000
vt 0.000000 0.000000
vt 0.000000 0.000000
vt 0.000000 0.000000
vt 0.000000 0.000000
vt 0.000000 0.000000
vt 0.000000 0.000000
vt 0.000000 0.000000
vt 0.000000 0.000000
vt 0.000000 0.000000
vt 0.000000 0.000000
vt 0.000000 0.000000
vt 0.000000 0.000000
vt 0.000000 0.000000
vt 0.000000 0.000000
vt 0.000000 0.000000
vt 0.000000 0.000000
vt 0.000000 0.000000
vt 0.000000 0.000000
vt 0.000000 0.000000
vt 0.000000 0.000000
vt 0.000000 0.000000
vt 0.000000 0.000000
vt 0.000000 0.000000
vt 0.000000 0.000000
vt 0.000000 0.000000
vt 0.000000 0.000000
vt 0.000000 0.000000
vt 0.000000 0.000000
vt 0.000000 0.000000
vt 0.000000 0.000000
vt 0.000000 0.000000
vt 0.000000 0.000000
vt 0.000000 0.000000
vt 0.000000 0.000000
vt 0.000000 0.000000
vt 0.000000 0.000000
vt 0.000000 0.000000
vt 0.000000 0.000000
vt 0.000000 0.000000
vt 0.000000 0.000000
vt 0.000000 0.000000
vt 0.000000 0.000000
vt 0.000000 0.000000
vt 0.000000 0.000000
vt 0.000000 0.000000
vt 0.000000 0.000000
vt 0.000000 0.000000
vt 0.000000 0.000000
vt 0.000000 0.000000
vt 0.000000 0.000000
vt 0.000000 0.000000
vt 0.000000 0.000000
vt 0.000000 0.000000
vt 0.000000 0.000000
vt 0.000000 0.000000
vt 0.000000 0.000000
vt 0.000000 0.000000
vt 0.000000 0.000000
vt 0.000000 0.000000
vt 0.000000 0.000000
vt 0.000000 0.000000
vt 0.000000 0.000000
vt 0.000000 0.000000
vt 0.000000 0.000000
vt 0.000000 0.000000
vt 0.000000 0.000000
vt 0.000000 0.000000
vt 0.000000 0.000000
vt 0.000000 0.000000
vt 0.000000 0.000000
vt 0.000000 0.000000
vt 0.000000 0.000000
vt 0.000000 0.000000
vt 0.000000 0.000000
vt 0.000000 0.000000
vt 0.000000 0.000000
vt 0.000000 0.000000
vt 0.000000 0.000000
vt 0.000000 0.000000
vt 0.000000 0.000000
vt 0.000000 0.000000
vt 0.000000 0.000000
vt 0.000000 0.000000
vt 0.000000 0.000000
vt 0.000000 0.000000
vt 0.000000 0.000000
vt 0.000000 0.000000
vt 0.000000 0.000000
vt 0.000000 0.000000
vt 0.000000 0.000000
vt 0.000000 0.000000
vt 0.000000 0.000000
vt 0.000000 0.000000
vt 0.000000 0.000000
vt 0.000000 0.000000
vt 0.000000 0.000000
vt 0.000000 0.000000
vt 0.000000 0.000000
vt 0.000000 0.000000
vt 0.000000 0.000000
vt 0.000000 0.000000
vt 0.000000 0.000000
vt 0.000000 0.000000
vt 0.000000 0.000000
vt 0.000000 0.000000
vt 0.000000 0.000000
vt 0.000000 0.000000
vt 0.000000 0.000000
vt 0.000000 0.000000
vt 0.000000 0.000000
vt 0.000000 0.000000
vt 0.000000 0.000000
vt 0.000000 0.000000
vt 0.000000 0.000000
vt 0.000000 0.000000
vt 0.000000 0.000000
vt 0.000000 0.000000
vt 0.000000 0.000000
vt 0.000000 0.000000
vt 0.000000 0.000000
vt 0.000000 0.000000
vt 0.000000 0.000000
vt 0.000000 0.000000
vt 0.000000 0.000000
vt 0.000000 0.000000
vt 0.000000 0.000000
vt 0.000000 0.000000
vt 0.000000 0.000000
vt 0.000000 0.000000
vt 0.000000 0.000000
vt 0.000000 0.000000
vt 0.000000 0.000000
vt 0.000000 0.000000
vt 0.000000 0.000000
vt 0.000000 0.000000
vt 0.000000 0.000000
vt 0.000000 0.000000
vt 0.000000 0.000000
vt 0.000000 0.000000
vt 0.000000 0.000000
vt 0.000000 0.000000
vt 0.000000 0.000000
vt 0.000000 0.000000
vt 0.000000 0.000000
vt 0.000000 0.000000
vt 0.000000 0.000000
vt 0.000000 0.000000
vt 0.000000 0.000000
vt 0.000000 0.000000
vt 0.000000 0.000000
vt 0.000000 0.000000
vt 0.000000 0.000000
vt 0.000000 0.000000
vt 0.000000 0.000000
vt 0.000000 0.000000
vt 0.000000 0.000000
vt 0.000000 0.000000
vt 0.000000 0.000000
vt 0.000000 0.000000
vt 0.000000 0.000000
vt 0.000000 0.000000
vt 0.000000 0.000000
vt 0.000000 0.000000
vt 0.000000 0.000000
vt 0.000000 0.000000
vt 0.000000 0.000000
vt 0.000000 0.000000
vt 0.000000 0.000000
vt 0.000000 0.000000
vt 0.000000 0.000000
vt 0.000000 0.000000
vt 0.000000 0.000000
vt 0.000000 0.000000
vt 0.000000 0.000000
vt 0.000000 0.000000
vt 0.000000 0.000000
vt 0.000000 0.000000
vt 0.000000 0.000000
vt 0.000000 0.000000
vt 0.000000 0.000000
vt 0.000000 0.000000
vt 0.000000 0.000000
vt 0.000000 0.000000
vt 0.000000 0.000000
vt 0.000000 0.000000
vt 0.000000 0.000000
vt 0.000000 0.000000
vt 0.000000 0.000000
vt 0.000000 0.000000
vt 0.000000 0.000000
vt 0.000000 0.000000
vt 0.000000 0.000000
vt 0.000000 0.000000
vt 0.000000 0.000000
vt 0.000000 0.000000
vt 0.000000 0.000000
vt 0.000000 0.000000
vt 0.000000 0.000000
vt 0.000000 0.000000
vt 0.000000 0.000000
vt 0.000000 0.000000
vt 0.000000 0.000000
vt 0.000000 0.000000
vn 0.5896 0.1253 -0.7979
vn 0.7044 -0.3270 -0.6300
vn 0.4225 0.1747 -0.8893
vn 0.4604 -0.1338 -0.8776
vn 0.3870 0.6772 -0.6258
vn 0.5781 0.0705 -0.8129
vn 0.7398 -0.4246 -0.5219
vn 0.7219 -0.6258 -0.2952
vn 0.6871 -0.5791 -0.4388
vn 0.5050 -0.4042 -0.7626
vn 0.3325 -0.1899 -0.9238
vn 0.3001 0.0074 -0.9539
vn 0.3231 0.1796 -0.9292
vn 0.3707 0.5255 -0.7658
vn 0.3884 0.6017 -0.6980
vn 0.3948 0.6539 -0.6454
vn 0.3398 -0.5209 -0.7831
vn 0.2184 0.0545 -0.9743
vn 0.2637 -0.5273 -0.8078
vn 0.2131 0.0418 -0.9761
vn 0.5617 -0.6881 -0.4593
vn 0.5181 -0.4858 -0.7040
vn 0.3216 0.0705 -0.9443
vn 0.2217 0.6457 -0.7307
vn 0.3703 0.6071 -0.7030
vn 0.2016 0.6390 -0.7423
vn 0.0354 0.6478 -0.7610
vn 0.2561 0.0401 -0.9658
vn 0.2483 -0.5102 -0.8234
vn 0.2002 -0.8124 -0.5476
vn 0.3110 -0.7898 -0.5287
vn 0.4442 -0.7407 -0.5040
vn 0.1910 0.9286 0.3181
vn -0.0977 0.9074 0.4087
vn 0.2468 0.9562 0.1571
vn -0.1404 0.9651 0.2209
vn 0.2134 0.7336 0.6452
vn 0.1146 0.8305 0.5451
vn -0.0685 0.8044 0.5902
vn -0.2206 0.7159 0.6624
vn -0.2709 0.7734 0.5731
vn -0.3456 0.8710 0.3492
vn -0.3766 0.9007 0.2166
vn -0.1671 0.9695 0.1791
vn 0.2519 0.9542 0.1616
vn 0.5114 0.8372 0.1936
vn 0.4826 0.8315 0.2753
vn 0.3427 0.7910 0.5069
vn -0.6687 0.1548 -0.7272
vn -0.6040 0.0312 -0.7963
vn -0.7842 0.1368 -0.6053
vn -0.8148 -0.0136 -0.5795
vn -0.4816 0.5586 -0.6753
vn -0.5866 0.1538 -0.7952
vn -0.5483 -0.0053 -0.8363
vn -0.4366 -0.3968 -0.8074
vn -0.5537 -0.3607 -0.7505
vn -0.8364 -0.3006 -0.4583
vn -0.8894 -0.2832 -0.3588
vn -0.8932 -0.1007 -0.4383
vn -0.8665 0.0917 -0.4907
vn -0.8391 0.2449 -0.4858
vn -0.7578 0.3182 -0.5696
vn -0.6107 0.4398 -0.6585
vn -0.0120 -0.9719 0.2351
vn 0.0719 -0.9904 0.1180
vn 0.0360 -0.9899 0.1374
vn 0.0992 -0.9884 0.1149
vn 0.2857 -0.9578 0.0324
vn 0.0702 -0.9650 0.2526
vn 0.0030 -0.9925 0.1223
vn 0.0797 -0.9920 0.0978
vn 0.1101 -0.9933 -0.0361
vn 0.0916 -0.9941 -0.0574
vn -0.1337 -0.9795 0.1509
vn 0.0739 -0.9862 0.1478
vn 0.0366 -0.9989 0.0296
vn -0.1935 -0.9753 -0.1061
vn -0.1075 -0.9877 0.1137
vn -0.0563 -0.9848 0.1644
vn -0.0336 0.8702 0.4915
vn 0.0947 0.8650 0.4928
vn -0.0169 0.9150 0.4032
vn 0.0850 0.9115 0.4025
vn -0.2223 0.8125 0.5389
vn -0.0596 0.7793 0.6238
vn 0.0892 0.7893 0.6075
vn 0.2232 0.8016 0.5546
vn 0.1998 0.8756 0.4399
vn 0.1710 0.9124 0.3718
vn 0.1419 0.9315 0.3350
vn 0.0746 0.9362 0.3434
vn -0.0037 0.9392 0.3433
vn -0.1087 0.9372 0.3315
vn -0.1556 0.9171 0.3670
vn -0.1928 0.8878 0.4179
vn -0.9566 -0.2363 0.1703
vn -0.9600 0.2169 0.1773
vn -0.9060 -0.2983 -0.3004
vn -0.9460 0.1521 -0.2864
vn -0.8654 -0.2863 0.4111
vn -0.8504 -0.0523 0.5236
vn -0.8549 0.2073 0.4757
vn -0.8559 0.3778 0.3532
vn -0.9024 0.4061 0.1438
vn -0.9086 0.3597 -0.2123
vn -0.8979 0.2626 -0.3532
vn -0.9028 0.0864 -0.4213
vn -0.8951 -0.2050 -0.3959
vn -0.8880 -0.3484 -0.3000
vn -0.8607 -0.4432 -0.2505
vn -0.8912 -0.4476 0.0740
vn -0.2300 -0.9591 -0.1649
vn -0.1430 -0.9707 0.1930
vn -0.6019 -0.7620 -0.2389
vn -0.5030 -0.8510 0.1508
vn -0.1802 -0.9432 -0.2791
vn -0.0159 -0.9972 -0.0731
vn 0.0340 -0.9819 0.1862
vn -0.1932 -0.9001 0.3906
vn -0.2584 -0.8160 0.5171
vn -0.5376 -0.6879 0.4877
vn -0.7702 -0.5063 0.3880
vn -0.8175 -0.5721 0.0659
vn -0.8216 -0.5188 -0.2363
vn -0.8363 -0.4894 -0.2470
vn -0.7313 -0.6376 -0.2422
vn -0.3959 -0.8650 -0.3083
vn -0.3779 0.9212 0.0930
vn -0.4173 0.8931 -0.1683
vn -0.6110 0.7829 0.1172
vn -0.6852 0.7073 -0.1740
vn -0.4011 0.8463 0.3506
vn -0.3553 0.9301 0.0931
vn -0.3569 0.9219 -0.1506
vn -0.3740 0.7506 -0.5447
vn -0.4960 0.6643 -0.5591
vn -0.7377 0.5098 -0.4426
vn -0.8430 0.4072 -0.3516
vn -0.8509 0.4960 -0.1729
vn -0.8238 0.5516 0.1306
vn -0.7848 0.5348 0.3133
vn -0.6297 0.6907 0.3555
vn -0.4481 0.8102 0.3779
vn -0.6030 -0.1310 0.7869
vn -0.6957 0.1411 0.7043
vn -0.7325 -0.0341 0.6799
vn -0.7864 0.1444 0.6006
vn -0.4570 -0.4783 0.7499
vn -0.6023 -0.2139 0.7691
vn -0.6642 0.1224 0.7374
vn -0.4895 0.5687 0.6610
vn -0.5672 0.5499 0.6131
vn -0.7051 0.4783 0.5235
vn -0.8049 0.3866 0.4502
vn -0.8278 0.1622 0.5371
vn -0.8069 0.0176 0.5904
vn -0.7767 -0.2183 0.5908
vn -0.6331 -0.3101 0.7092
vn -0.4377 -0.4225 0.7937
vn -0.2184 0.1154 -0.9690
vn -0.2493 0.3761 -0.8924
vn 0.1277 0.0884 -0.9879
vn 0.0622 0.3251 -0.9436
vn -0.2745 -0.0949 -0.9569
vn -0.3072 0.1089 -0.9454
vn -0.2900 0.3247 -0.9003
vn -0.2381 0.4452 -0.8632
vn -0.1970 0.5320 -0.8235
vn -0.0058 0.5883 -0.8086
vn 0.2465 0.5209 -0.8172
vn 0.2836 0.2107 -0.9355
vn 0.2976 0.0567 -0.9530
vn 0.2606 -0.1352 -0.9559
vn 0.0752 -0.1663 -0.9832
vn -0.1337 -0.1694 -0.9764
vn -0.7660 -0.0814 -0.6377
vn -0.6938 0.2121 -0.6882
vn -0.6672 -0.0661 -0.7419
vn -0.6097 0.2913 -0.7372
vn -0.6740 -0.4371 -0.5955
vn -0.7222 -0.0627 -0.6889
vn -0.6786 0.1593 -0.7170
vn -0.5626 0.5828 -0.5864
vn -0.4841 0.5378 -0.6902
vn -0.4455 0.5330 -0.7194
vn -0.3754 0.4750 -0.7959
vn -0.3978 0.3077 -0.8644
vn -0.4266 0.0415 -0.9035
vn -0.4585 -0.1550 -0.8751
vn -0.5826 -0.3102 -0.7512
vn -0.6530 -0.3929 -0.6474
vn -0.1199 0.7977 -0.5911
vn 0.1110 0.8264 -0.5520
vn -0.1385 0.7664 -0.6272
vn 0.0900 0.8145 -0.5731
vn -0.3889 0.7229 -0.5711
vn -0.1025 0.7969 -0.5954
vn 0.1041 0.8073 -0.5809
vn 0.2798 0.7591 -0.5878
vn 0.2884 0.7706 -0.5684
vn 0.2887 0.7735 -0.5642
vn 0.2513 0.7374 -0.6270
vn 0.0353 0.7404 -0.6713
vn -0.1523 0.6746 -0.7223
vn -0.2590 0.6346 -0.7281
vn -0.3022 0.6836 -0.6644
vn -0.3255 0.6951 -0.6410
vn -0.0292 -0.9473 -0.3189
vn -0.2571 -0.8833 -0.3919
vn -0.0389 -0.6240 -0.7804
vn -0.1758 -0.5962 -0.7833
vn 0.4297 -0.8968 -0.1058
vn -0.0222 -0.9975 0.0677
vn -0.2243 -0.9740 0.0302
vn -0.3943 -0.8904 -0.2274
vn -0.4762 -0.7113 -0.5170
vn -0.4102 -0.5222 -0.7477
vn -0.2857 -0.3425 -0.8950
vn -0.1051 -0.3488 -0.9313
vn -0.0139 -0.3481 -0.9374
vn 0.2553 -0.3406 -0.9049
vn 0.3563 -0.5840 -0.7294
vn 0.4577 -0.8185 -0.3471
vn 0.1008 0.9696 0.2232
vn 0.1151 0.9875 0.1078
vn -0.0169 0.9739 0.2264
vn -0.0238 0.9945 0.1020
vn 0.1441 0.9585 0.2462
vn 0.1844 0.9639 0.1919
vn 0.2048 0.9732 0.1049
vn 0.1776 0.9836 -0.0304
vn 0.0996 0.9922 -0.0755
vn -0.0223 0.9955 -0.0916
vn -0.1509 0.9861 -0.0695
vn -0.1718 0.9815 0.0841
vn -0.1455 0.9710 0.1899
vn -0.0977 0.9667 0.2366
vn -0.0029 0.9608 0.2773
vn 0.0792 0.9572 0.2784
vn 0.0628 0.8707 -0.4878
vn -0.0818 0.8568 -0.5091
vn 0.0689 0.9152 -0.3972
vn -0.0639 0.9036 -0.4237
vn 0.2875 0.7915 -0.5393
vn 0.0811 0.7915 -0.6058
vn -0.0917 0.7956 -0.5989
vn -0.3967 0.7445 -0.5370
vn -0.3082 0.8305 -0.4639
vn -0.2266 0.8958 -0.3824
vn -0.1699 0.9408 -0.2933
vn -0.0370 0.9532 -0.3001
vn 0.0783 0.9579 -0.2762
vn 0.1725 0.9560 -0.2372
vn 0.2023 0.9255 -0.3203
vn 0.2431 0.8830 -0.4016
vn -0.4559 0.8873 -0.0700
vn -0.4199 0.9007 0.1118
vn -0.3908 0.9202 -0.0206
vn -0.3548 0.9263 0.1271
vn -0.4400 0.7633 -0.4731
vn -0.4927 0.8625 -0.1156
vn -0.4580 0.8825 0.1073
vn -0.4113 0.8546 0.3170
vn -0.3400 0.9016 0.2674
vn -0.2919 0.9237 0.2481
vn -0.2340 0.9458 0.2252
vn -0.2714 0.9507 0.1499
vn -0.3080 0.9507 0.0375
vn -0.3149 0.9411 -0.1228
vn -0.3629 0.9053 -0.2209
vn -0.4139 0.8424 -0.3451
vn 0.4205 0.8955 0.1455
vn 0.4616 0.8869 -0.0188
vn 0.3183 0.9345 0.1593
vn 0.3535 0.9348 0.0338
vn 0.4537 0.8309 0.3221
vn 0.5395 0.8328 0.1241
vn 0.5598 0.8268 -0.0548
vn 0.5145 0.8078 -0.2877
vn 0.4207 0.8839 -0.2042
vn 0.3413 0.9309 -0.1299
vn 0.2944 0.9540 -0.0561
vn 0.2842 0.9555 0.0795
vn 0.2575 0.9514 0.1691
vn 0.2325 0.9415 0.2439
vn 0.2663 0.9252 0.2702
vn 0.3327 0.8945 0.2985
vn 0.7547 -0.1038 0.6478
vn 0.6944 0.0091 0.7195
vn 0.6061 0.0122 0.7953
vn 0.5489 0.0650 0.8334
vn 0.7594 -0.4803 0.4389
vn 0.8371 -0.2021 0.5084
vn 0.7887 -0.0454 0.6131
vn 0.7404 0.2741 0.6137
vn 0.6150 0.2767 0.7384
vn 0.4886 0.2655 0.8311
vn 0.3732 0.2346 0.8976
vn 0.3809 0.1061 0.9185
vn 0.4303 0.1332 0.8928
vn 0.4921 -0.0209 0.8703
vn 0.5978 -0.2112 0.7733
vn 0.6821 -0.3562 0.6386
vn 0.6887 -0.3916 0.6102
vn 0.6171 -0.2126 0.7576
vn 0.7686 -0.3382 0.5431
vn 0.7025 -0.1516 0.6954
vn 0.5865 -0.6524 0.4800
vn 0.6135 -0.4268 0.6644
vn 0.6183 -0.2406 0.7483
vn 0.6163 0.1592 0.7713
vn 0.5497 0.1362 0.8242
vn 0.6537 0.1909 0.7323
vn 0.7594 0.2466 0.6020
vn 0.7851 -0.0931 0.6123
vn 0.8263 -0.2751 0.4915
vn 0.7592 -0.5534 0.3427
vn 0.7116 -0.5907 0.3804
vn 0.6492 -0.6112 0.4527
vn -0.8108 0.1124 0.5745
vn -0.8420 -0.3163 0.4371
vn -0.8883 0.1272 0.4414
vn -0.8824 -0.3190 0.3458
vn -0.4504 0.5616 0.6941
vn -0.7476 0.1049 0.6559
vn -0.7590 -0.2856 0.5852
vn -0.7214 -0.5067 0.4721
vn -0.7770 -0.5136 0.3639
vn -0.8024 -0.5363 0.2618
vn -0.8111 -0.5218 0.2644
vn -0.8871 -0.2885 0.3603
vn -0.9067 0.1371 0.3989
vn -0.6820 0.6907 0.2407
vn -0.6369 0.6692 0.3829
vn -0.5018 0.5939 0.6289
vn 0.1415 -0.9864 0.0833
vn 0.1918 -0.9704 0.1469
vn 0.1946 -0.9614 0.1942
vn 0.1936 -0.9502 0.2441
vn -0.3088 -0.9445 0.1124
vn 0.0982 -0.9938 -0.0527
vn 0.1587 -0.9873 0.0059
vn 0.2168 -0.9589 0.1828
vn 0.3254 -0.9123 0.2488
vn 0.3753 -0.8931 0.2480
vn 0.3895 -0.8805 0.2701
vn 0.1702 -0.9294 0.3275
vn 0.2480 -0.9260 0.2848
vn -0.2351 -0.9443 0.2303
vn -0.2944 -0.9400 0.1726
vn -0.3332 -0.9286 0.1633
vn 0.1186 0.0181 0.9928
vn 0.0163 -0.2658 0.9639
vn 0.1693 0.0596 0.9838
vn 0.0287 -0.2326 0.9721
vn -0.1067 0.5089 0.8542
vn 0.0554 -0.0024 0.9985
vn 0.0046 -0.2874 0.9578
vn -0.0109 -0.6273 0.7787
vn -0.0374 -0.6200 0.7837
vn -0.0495 -0.6114 0.7898
vn -0.0352 -0.6014 0.7981
vn 0.0618 -0.1861 0.9806
vn 0.1977 0.1218 0.9727
vn 0.1514 0.5010 0.8521
vn 0.0905 0.5132 0.8535
vn -0.0056 0.5161 0.8565
vn 0.4165 -0.1813 0.8909
vn 0.3125 -0.3868 0.8676
vn 0.2512 -0.0975 0.9630
vn 0.1799 -0.3523 0.9184
vn 0.5614 0.1935 0.8046
vn 0.4940 -0.2233 0.8403
vn 0.4497 -0.4163 0.7902
vn 0.3668 -0.6422 0.6730
vn 0.2894 -0.6375 0.7140
vn 0.1752 -0.6413 0.7470
vn 0.0389 -0.6343 0.7721
vn 0.0409 -0.3120 0.9492
vn 0.0602 -0.0249 0.9979
vn -0.0919 0.4944 0.8644
vn 0.2910 0.4091 0.8648
vn 0.6315 0.2167 0.7445
vn 0.1056 -0.9899 0.0945
vn 0.2008 -0.9773 0.0681
vn 0.1488 -0.9849 0.0885
vn 0.2172 -0.9758 0.0250
vn 0.1248 -0.9656 0.2280
vn 0.0242 -0.9939 0.1075
vn 0.1533 -0.9754 0.1581
vn 0.3923 -0.9151 -0.0934
vn 0.3822 -0.9082 -0.1709
vn 0.3146 -0.9259 -0.2090
vn 0.2138 -0.9492 -0.2310
vn 0.1889 -0.9820 0.0084
vn 0.1367 -0.9871 0.0833
vn 0.0835 -0.9384 0.3353
vn 0.1598 -0.9331 0.3221
vn 0.1788 -0.9377 0.2979
vn 0.2515 0.9665 -0.0506
vn 0.2734 0.9437 0.1862
vn -0.1006 0.9923 -0.0720
vn -0.1224 0.9640 0.2359
vn 0.3339 0.8954 -0.2944
vn 0.4552 0.8891 -0.0483
vn 0.5038 0.8535 0.1329
vn 0.5230 0.7952 0.3069
vn 0.4302 0.8257 0.3648
vn -0.0013 0.8571 0.5151
vn -0.3022 0.7806 0.5471
vn -0.3394 0.9090 0.2419
vn -0.3003 0.9501 -0.0843
vn -0.1784 0.8959 -0.4069
vn 0.0565 0.9273 -0.3701
vn 0.3482 0.8915 -0.2898
vn 0.2455 0.1956 0.9494
vn 0.1835 0.2878 0.9399
vn -0.0289 0.2001 0.9794
vn -0.1080 0.4154 0.9032
vn 0.3101 0.0616 0.9487
vn 0.3102 0.2132 0.9265
vn 0.2710 0.1559 0.9499
vn 0.2011 0.2871 0.9366
vn 0.0719 0.3975 0.9148
vn -0.1292 0.4218 0.8975
vn -0.2419 0.3834 0.8913
vn -0.2771 0.4173 0.8655
vn -0.2423 0.2932 0.9248
vn -0.0835 0.0821 0.9931
vn 0.0670 -0.0064 0.9977
vn 0.2028 -0.0096 0.9792
vn -0.6735 0.2362 0.7005
vn -0.7486 -0.0665 0.6597
vn -0.4931 0.3116 0.8122
vn -0.6106 0.1057 0.7849
vn -0.6344 0.6749 0.3769
vn -0.8483 0.1637 0.5035
vn -0.8467 -0.2050 0.4911
vn -0.7752 -0.4386 0.4546
vn -0.6806 -0.3187 0.6597
vn -0.5791 -0.2080 0.7883
vn -0.4453 -0.0625 0.8932
vn -0.4456 0.2644 0.8553
vn -0.3683 0.3680 0.8538
vn -0.3435 0.4027 0.8484
vn -0.4163 0.4841 0.7696
vn -0.5051 0.5808 0.6384
vn 0.2243 -0.7811 0.5827
vn 0.2184 -0.8038 0.5533
vn 0.1582 -0.6063 0.7793
vn 0.2371 -0.6179 0.7497
vn -0.1791 -0.8764 0.4471
vn 0.2692 -0.8856 0.3784
vn 0.1742 -0.8903 0.4207
vn 0.3729 -0.8127 0.4476
vn 0.3730 -0.6803 0.6309
vn 0.3813 -0.5217 0.7632
vn 0.3338 -0.3109 0.8899
vn 0.2139 -0.3462 0.9134
vn 0.1265 -0.3503 0.9280
vn -0.0260 -0.3667 0.9300
vn -0.0855 -0.5480 0.8321
vn -0.1270 -0.6976 0.7051
vn 0.1539 0.8620 0.4830
vn -0.1477 0.8855 0.4405
vn 0.1008 0.7155 0.6913
vn -0.1193 0.7442 0.6572
vn 0.4600 0.8220 0.3358
vn 0.2100 0.9336 0.2904
vn -0.1671 0.9493 0.2665
vn -0.3771 0.8782 0.2944
vn -0.3586 0.7828 0.5085
vn -0.3237 0.6580 0.6799
vn -0.2602 0.5239 0.8111
vn -0.1057 0.5637 0.8192
vn 0.0640 0.5548 0.8295
vn 0.2072 0.4949 0.8439
vn 0.2737 0.5968 0.7543
vn 0.3587 0.7219 0.5918
vn 0.2991 0.2786 0.9127
vn 0.1828 -0.0772 0.9801
vn 0.4702 0.3577 0.8068
vn 0.4137 -0.0535 0.9089
vn 0.2095 0.4837 0.8498
vn 0.2153 0.1949 0.9569
vn 0.0912 -0.1271 0.9877
vn -0.0128 -0.5854 0.8107
vn 0.0970 -0.5805 0.8085
vn 0.3483 -0.5771 0.7387
vn 0.6534 -0.5102 0.5592
vn 0.7645 -0.0517 0.6426
vn 0.7150 0.3767 0.5889
vn 0.7009 0.5190 0.4892
vn 0.5603 0.4898 0.6680
vn 0.3645 0.4702 0.8038
vn 0.0185 -0.9967 0.0795
vn 0.0445 -0.9990 -0.0050
vn -0.0120 -0.9971 0.0758
vn -0.0005 -1.0000 -0.0062
vn 0.0270 -0.9404 0.3389
vn 0.0813 -0.9934 0.0807
vn 0.1206 -0.9927 0.0007
vn 0.1348 -0.9607 -0.2428
vn 0.0667 -0.9649 -0.2541
vn 0.0234 -0.9639 -0.2651
vn -0.0028 -0.9608 -0.2771
vn -0.0209 -0.9998 0.0005
vn -0.0185 -0.9974 0.0690
vn -0.0521 -0.9412 0.3338
vn -0.0495 -0.9391 0.3400
vn -0.0252 -0.9393 0.3421
vn -0.1573 0.9841 -0.0826
vn -0.2008 0.9518 0.2319
vn -0.0210 0.9972 -0.0725
vn -0.0650 0.9736 0.2189
vn -0.1587 0.8954 -0.4160
vn -0.2835 0.9550 -0.0866
vn -0.3163 0.9184 0.2379
vn -0.2988 0.7846 0.5432
vn -0.2038 0.8197 0.5353
vn -0.0981 0.8486 0.5199
vn -0.0051 0.8679 0.4968
vn 0.0442 0.9792 0.1982
vn 0.0907 0.9943 -0.0554
vn 0.1325 0.9009 -0.4134
vn 0.0589 0.9061 -0.4191
vn -0.0420 0.9070 -0.4190
vn 0.3556 -0.4510 -0.8186
vn 0.4585 0.0449 -0.8875
vn 0.3742 -0.3983 -0.8375
vn 0.4745 0.0757 -0.8770
vn 0.1737 -0.8110 -0.5586
vn 0.3044 -0.4867 -0.8188
vn 0.3724 0.0345 -0.9274
vn 0.1040 0.6488 -0.7539
vn 0.2169 0.6372 -0.7396
vn 0.2791 0.6165 -0.7362
vn 0.2806 0.5976 -0.7511
vn 0.4104 0.1195 -0.9040
vn 0.3395 -0.3326 -0.8799
vn 0.1470 -0.7352 -0.6618
vn 0.1619 -0.7738 -0.6124
vn 0.1657 -0.7986 -0.5786
vn 0.9814 -0.1910 -0.0197
vn 0.9720 0.2343 0.0159
vn 0.9863 -0.1481 0.0721
vn 0.9466 0.2811 0.1581
vn 0.8311 -0.5309 -0.1655
vn 0.9544 -0.1965 -0.2248
vn 0.9375 0.2571 -0.2345
vn 0.8105 0.5423 -0.2214
vn 0.8279 0.5580 0.0569
vn 0.8026 0.5728 0.1666
vn 0.8080 0.5450 0.2240
vn 0.9033 0.3336 0.2698
vn 0.9645 -0.0848 0.2500
vn 0.8515 -0.4959 0.1708
vn 0.8239 -0.5668 0.0037
vn 0.8172 -0.5745 -0.0468
vn -0.0106 -0.9987 0.0492
vn 0.0032 -0.9997 0.0259
vn 0.0755 -0.9964 0.0375
vn 0.1290 -0.9916 0.0027
vn -0.0490 -0.9436 0.3274
vn -0.0238 -0.9979 0.0598
vn -0.0309 -0.9994 0.0158
vn -0.0130 -0.9574 -0.2885
vn 0.0633 -0.9566 -0.2844
vn 0.2602 -0.9313 -0.2550
vn 0.5212 -0.8325 -0.1880
vn 0.4524 -0.8910 -0.0383
vn 0.4063 -0.9137 0.0038
vn 0.4536 -0.8671 0.2058
vn 0.1670 -0.9439 0.2850
vn 0.0085 -0.9498 0.3128
vn 0.3566 0.9337 0.0331
vn 0.3321 0.9382 0.0970
vn 0.4375 0.8944 0.0928
vn 0.4527 0.8909 0.0361
vn 0.2090 0.9004 -0.3816
vn 0.2006 0.9792 -0.0291
vn 0.1424 0.9757 0.1664
vn 0.0936 0.8811 0.4636
vn 0.2811 0.8758 0.3924
vn 0.4921 0.8223 0.2857
vn 0.6279 0.7467 0.2195
vn 0.5439 0.8371 0.0580
vn 0.5704 0.8155 0.0985
vn 0.6738 0.7080 -0.2114
vn 0.5280 0.8192 -0.2239
vn 0.3510 0.8871 -0.2998
vn 0.3186 -0.2492 -0.9146
vn 0.3788 0.1819 -0.9074
vn 0.4868 -0.2404 -0.8397
vn 0.5706 0.2294 -0.7885
vn 0.1293 -0.6887 -0.7134
vn 0.2798 -0.2750 -0.9198
vn 0.3283 0.1556 -0.9317
vn 0.2742 0.5863 -0.7622
vn 0.4035 0.5809 -0.7069
vn 0.6328 0.5688 -0.5255
vn 0.7397 0.5611 -0.3716
vn 0.7953 0.2766 -0.5395
vn 0.7661 -0.2159 -0.6054
vn 0.6506 -0.5619 -0.5109
vn 0.4072 -0.6274 -0.6637
vn 0.2073 -0.6544 -0.7272
vn -0.7779 -0.6025 0.1787
vn -0.9740 0.1791 0.1389
vn -0.9681 -0.1915 -0.1617
vn -0.8998 0.3485 -0.2626
vn -0.1702 -0.9561 0.2386
vn -0.4264 -0.7713 0.4725
vn -0.7974 0.0057 0.6034
vn -0.6690 0.6581 0.3454
vn -0.7923 0.5957 0.1323
vn -0.9503 0.2519 -0.1829
vn -0.9659 0.1219 -0.2285
vn -0.9253 0.2901 -0.2441
vn -0.9174 -0.0055 -0.3978
vn -0.5494 -0.7989 -0.2447
vn -0.3966 -0.9179 -0.0110
vn -0.2617 -0.9552 0.1384
vn -0.3720 -0.0271 -0.9278
vn -0.3938 -0.1605 -0.9051
vn -0.1511 -0.0878 -0.9846
vn -0.0978 0.0460 -0.9941
vn -0.4530 -0.6902 -0.5643
vn -0.6730 -0.0091 -0.7396
vn -0.7454 -0.0089 -0.6666
vn -0.8314 0.2394 -0.5015
vn -0.5292 0.2406 -0.8137
vn -0.0615 0.3572 -0.9320
vn 0.1747 0.5837 -0.7930
vn 0.0965 0.3894 -0.9160
vn 0.0910 -0.0740 -0.9931
vn 0.1256 -0.6901 -0.7128
vn 0.0858 -0.7747 -0.6265
vn -0.1560 -0.7657 -0.6239
vn 0.8462 -0.2520 -0.4696
vn 0.7359 0.5236 -0.4293
vn 0.9678 -0.2404 -0.0743
vn 0.8705 0.4885 -0.0603
vn 0.4252 -0.7898 -0.4421
vn 0.5421 -0.1415 -0.8283
vn 0.4035 0.5078 -0.7611
vn 0.2474 0.7619 -0.5986
vn 0.3846 0.8602 -0.3349
vn 0.5012 0.8539 -0.1400
vn 0.5923 0.7570 0.2761
vn 0.8363 0.2749 0.4744
vn 0.7904 -0.2642 0.5526
vn 0.4135 -0.8541 0.3155
vn 0.3695 -0.9222 -0.1141
vn 0.3822 -0.9010 -0.2051
vn 0.3762 -0.4236 0.8240
vn 0.3352 -0.0622 0.9401
vn 0.2082 -0.5127 0.8329
vn 0.1173 0.0041 0.9931
vn 0.3969 -0.8164 0.4194
vn 0.5604 -0.3642 0.7438
vn 0.6014 -0.0278 0.7985
vn 0.3361 0.7654 0.5488
vn 0.1362 0.7836 0.6061
vn -0.1600 0.7159 0.6796
vn -0.3665 0.6933 0.6205
vn -0.2114 -0.0266 0.9770
vn -0.0353 -0.6628 0.7480
vn 0.0417 -0.9157 0.3997
vn 0.1881 -0.8860 0.4237
vn 0.3009 -0.8581 0.4161
vn 0.2480 -0.9665 0.0658
vn 0.2575 -0.9634 0.0745
vn 0.2066 -0.9769 -0.0551
vn 0.1629 -0.9754 -0.1483
vn -0.0784 -0.9946 -0.0682
vn 0.1502 -0.9880 -0.0364
vn 0.2594 -0.9652 -0.0330
vn 0.1929 -0.9804 -0.0414
vn 0.1306 -0.9909 0.0317
vn 0.0695 -0.9880 -0.1377
vn 0.2005 -0.9742 0.1034
vn 0.1937 -0.9807 0.0254
vn 0.1606 -0.9861 0.0433
vn 0.0495 -0.9935 0.1026
vn 0.0483 -0.9966 0.0666
vn 0.0189 -0.9989 0.0419
vn -0.0982 0.9514 -0.2918
vn -0.3355 0.9280 -0.1620
vn -0.0772 0.9913 -0.1064
vn -0.3609 0.9321 -0.0292
vn 0.1600 0.8584 -0.4874
vn -0.0998 0.9222 -0.3736
vn -0.3773 0.8718 -0.3123
vn -0.7647 0.5588 -0.3209
vn -0.5838 0.8119 0.0061
vn -0.5228 0.8473 0.0938
vn -0.4922 0.8407 0.2258
vn -0.3856 0.9112 0.1447
vn -0.0255 0.9931 0.1147
vn 0.1706 0.9754 0.1395
vn 0.1587 0.9769 -0.1432
vn 0.1623 0.9336 -0.3195
vn 0.7598 -0.2675 -0.5926
vn 0.8546 0.3819 -0.3518
vn 0.8556 0.3845 -0.3465
vn 0.7605 -0.2592 -0.5953
vn -0.5190 -0.7956 -0.3124
vn 0.1390 -0.8030 -0.5795
vn 0.1351 -0.7217 -0.6789
vn -0.5610 -0.6464 -0.5172
vn 0.2461 0.0684 -0.9668
vn -0.2336 0.0075 -0.9723
vn 0.0273 0.1359 -0.9903
vn -0.9727 -0.0317 0.2299
vn -0.9994 -0.0003 -0.0348
vn -0.9662 0.0080 -0.2578
vn -0.9401 0.1913 -0.2822
vn -0.5914 0.5462 -0.5932
vn -0.8668 0.1766 -0.4663
vn 0.9433 0.3318 -0.0122
vn 0.9636 -0.1706 0.2057
vn 0.9175 -0.1373 0.3734
vn 0.9015 0.4131 0.1288
vn -0.2669 0.9391 -0.2166
vn 0.4829 0.8224 -0.3006
vn 0.4162 0.8908 -0.1822
vn -0.3069 0.9249 -0.2243
vn 0.6587 0.0581 -0.7501
vn 0.8514 0.0746 -0.5191
vn 0.9334 -0.0608 -0.3536
vn -0.8226 -0.0614 0.5653
vn -0.8327 0.4967 0.2448
vn -0.9105 0.4069 0.0735
vn -0.9104 -0.1893 0.3679
vn -0.2132 0.9391 -0.2697
vn 0.0089 0.8244 -0.5659
vn -0.0454 0.7169 -0.6956
vn 0.0533 0.3576 -0.9324
vn 0.5157 0.2067 -0.8315
vn 0.3461 0.1326 -0.9288
vn 0.9062 -0.0167 -0.4226
vn 0.9884 -0.1382 -0.0631
vn 0.9290 -0.1625 -0.3326
vn 0.9914 -0.0766 0.1063
vn 0.9497 -0.0189 0.3127
vn 0.9708 -0.0840 -0.2249
vn 0.4461 -0.7248 0.5250
vn -0.2980 -0.6508 0.6983
vn -0.3535 -0.7278 0.5876
vn 0.3831 -0.7195 0.5793
vn 0.9062 0.4078 0.1116
vn 0.8986 -0.1694 0.4047
vn 0.7313 -0.0129 0.6820
vn 0.8172 0.4159 0.3989
vn -0.8672 0.0979 0.4883
vn -0.9929 -0.0232 0.1168
vn -0.9218 -0.0457 0.3851
vn -0.2829 0.9456 -0.1608
vn 0.3952 0.9031 -0.1678
vn 0.4560 0.8899 0.0124
vn -0.1188 0.9896 0.0813
vn -0.9052 -0.1969 0.3766
vn -0.9068 0.4074 0.1080
vn -0.7879 0.4447 0.4260
vn -0.7369 -0.0234 0.6756
vn 0.3384 -0.7011 0.6277
vn -0.3490 -0.7100 0.6117
vn -0.2685 -0.4448 0.8544
vn 0.2406 -0.4369 0.8667
vn -0.0713 -0.0231 0.9972
vn 0.5580 0.1336 0.8190
vn 0.1935 -0.0105 0.9810
vn -0.0576 0.9661 0.2516
vn -0.0275 0.9959 0.0864
vn -0.0933 0.9836 -0.1546
vn -0.1073 0.9768 0.1854
vn -0.0529 0.9336 -0.3544
vn -0.1978 0.9790 -0.0492
vn 0.4365 0.3603 0.8244
vn 0.0256 -0.1767 0.9839
vn -0.0166 -0.1779 0.9839
vn 0.3672 0.3962 0.8415
vn 0.3600 0.8308 -0.4245
vn 0.5727 0.7931 0.2075
vn 0.5051 0.8378 0.2073
vn 0.2993 0.8549 -0.4237
vn -0.6732 -0.1063 -0.7318
vn -0.2225 0.4225 -0.8786
vn -0.2331 0.3952 -0.8885
vn -0.6225 -0.1874 -0.7598
vn -0.5710 -0.6030 0.5571
vn -0.8248 -0.5586 -0.0871
vn -0.7465 -0.6536 -0.1248
vn -0.5291 -0.6632 0.5294
vn 0.4918 0.4643 0.7366
vn 0.3198 0.2661 0.9093
vn 0.4591 0.2309 0.8578
vn -0.3021 -0.3262 0.8957
vn -0.7982 0.1598 0.5807
vn -0.6190 -0.2408 0.7476
vn 0.3602 0.3896 0.8476
vn -0.0511 -0.1608 0.9857
vn -0.2079 0.0120 0.9781
vn 0.1244 0.3835 0.9151
vn 0.3068 0.7268 0.6145
vn 0.1930 0.8368 0.5123
vn -0.0321 0.9457 0.3233
vn 0.2877 0.8656 -0.4099
vn 0.5106 0.8395 0.1858
vn 0.3216 0.9242 0.2059
vn 0.1707 0.9407 -0.2932
vn -0.6662 -0.1947 -0.7199
vn -0.2980 0.3966 -0.8683
vn -0.4442 0.4340 -0.7838
vn -0.8213 -0.0967 -0.5623
vn -0.5648 -0.6342 0.5280
vn -0.7622 -0.6401 -0.0968
vn -0.9051 -0.4231 0.0419
vn -0.7626 -0.3596 0.5377
vn 0.3196 -0.3596 0.8767
vn -0.3367 -0.3596 0.8702
vn -0.1679 -0.8664 0.4702
vn 0.1586 -0.8664 0.4735
vn 0.8767 -0.3596 -0.3196
vn 0.8702 -0.3596 0.3367
vn 0.4702 -0.8664 0.1679
vn 0.4735 -0.8664 -0.1586
vn -0.9252 0.3676 0.0941
vn -0.7297 0.1646 -0.6637
vn -0.9866 0.1301 -0.0981
vn -0.4661 0.0158 -0.8846
vn -0.1836 0.0043 -0.9830
vn -0.7126 -0.0307 -0.7009
vn -0.3196 -0.3596 -0.8767
vn 0.3367 -0.3596 -0.8702
vn 0.1679 -0.8664 -0.4702
vn -0.1586 -0.8664 -0.4735
vn -0.8767 -0.3596 0.3196
vn -0.8702 -0.3596 -0.3367
vn -0.4702 -0.8664 -0.1679
vn -0.4735 -0.8664 0.1586
vn 0.3385 -0.1413 0.9303
vn -0.3567 -0.1413 0.9235
vn -0.3502 -0.2352 0.9067
vn 0.3323 -0.2352 0.9134
vn 0.9303 -0.1413 -0.3385
vn 0.9235 -0.1413 0.3567
vn 0.9067 -0.2352 0.3502
vn 0.9134 -0.2352 -0.3323
vn -0.3385 -0.1413 -0.9303
vn 0.3567 -0.1413 -0.9235
vn 0.3502 -0.2352 -0.9067
vn -0.3323 -0.2352 -0.9134
vn -0.9303 -0.1413 0.3385
vn -0.9235 -0.1413 -0.3567
vn -0.9067 -0.2352 -0.3502
vn -0.9134 -0.2352 0.3323
vn 0.3418 0.0250 0.9394
vn -0.3602 0.0250 0.9325
vn -0.3601 -0.0380 0.9322
vn 0.3417 -0.0380 0.9391
vn 0.9394 0.0250 -0.3418
vn 0.9325 0.0250 0.3602
vn 0.9322 -0.0380 0.3601
vn 0.9391 -0.0380 -0.3417
vn -0.3418 0.0250 -0.9394
vn 0.3602 0.0250 -0.9325
vn 0.3601 -0.0380 -0.9322
vn -0.3417 -0.0380 -0.9391
vn -0.9394 0.0250 0.3418
vn -0.9325 0.0250 -0.3602
vn -0.9322 -0.0380 -0.3601
vn -0.9391 -0.0380 0.3417
vn -0.8876 -0.1298 -0.4419
vn -0.9600 -0.1471 -0.2384
vn -0.7333 0.1709 -0.6581
vn 0.3361 0.1836 0.9238
vn -0.3542 0.1836 0.9170
vn -0.3589 0.0889 0.9291
vn 0.3405 0.0889 0.9360
vn 0.9238 0.1836 -0.3361
vn 0.9170 0.1836 0.3542
vn 0.9291 0.0889 0.3589
vn 0.9360 0.0889 -0.3405
vn -0.3361 0.1836 -0.9238
vn 0.3542 0.1836 -0.9170
vn 0.3589 0.0889 -0.9291
vn -0.3405 0.0889 -0.9360
vn -0.9238 0.1836 0.3361
vn -0.9170 0.1836 -0.3542
vn -0.9291 0.0889 -0.3589
vn -0.9360 0.0889 0.3405
vn 0.2803 0.2702 0.9211
vn -0.2987 0.2682 0.9159
vn -0.3413 0.2890 0.8944
vn 0.3235 0.2891 0.9010
vn 0.9378 0.2042 -0.2809
vn 0.9184 0.2304 0.3216
vn 0.8951 0.2847 0.3432
vn 0.9029 0.2823 -0.3241
vn -0.2811 0.2259 -0.9327
vn 0.2944 0.2188 -0.9303
vn 0.3413 0.2838 -0.8961
vn -0.3238 0.2842 -0.9024
vn -0.9303 0.2247 0.2898
vn -0.9286 0.2137 -0.3033
vn -0.8961 0.2829 -0.3420
vn -0.9019 0.2848 0.3248
vn -0.3024 0.9401 -0.1575
vn -0.1575 0.9401 0.3024
vn 0.3024 0.9401 0.1574
vn 0.1574 0.9401 -0.3024
vn 0.1821 0.9383 0.2940
vn 0.2940 0.9383 -0.1822
vn -0.1821 0.9383 -0.2940
vn -0.2939 0.9383 0.1821
vn -0.3606 0.9302 0.0692
vn 0.1717 0.9811 0.0894
vn 0.2097 0.8673 -0.4514
vn -0.3287 0.8183 -0.4714
vn -0.1374 0.9367 -0.3221
vn -0.3682 0.9293 -0.0275
vn -0.0765 0.9763 0.2023
vn 0.1544 0.9837 -0.0922
vn 0.7542 -0.6008 0.2651
vn 0.9816 -0.0518 0.1838
vn 0.6935 -0.5347 0.4830
vn -0.3780 0.9112 0.1636
vn 0.1636 0.9113 0.3778
vn 0.3780 0.9112 -0.1636
vn -0.1636 0.9113 -0.3779
vn -0.0846 0.8599 0.5034
vn -0.5056 0.8598 -0.0713
vn -0.9087 0.3523 0.2241
vn -0.4878 0.3523 0.7987
vn -0.4815 -0.0313 0.8759
vn -0.7648 0.3127 0.5633
vn -0.3722 -0.0665 0.9258
vn 0.1916 0.9493 -0.2493
vn 0.1193 0.9493 0.2910
vn 0.6055 0.7118 0.3560
vn 0.6779 0.7117 -0.1842
vn -0.7028 0.7052 -0.0936
vn -0.1749 0.9550 -0.2394
vn -0.1665 0.6385 -0.7514
vn -0.6944 0.3887 -0.6055
vn -0.5441 0.4327 -0.7188
vn -0.4875 -0.1286 -0.8636
vn -0.5042 0.1281 -0.8540
vn -0.1459 0.7505 0.6445
vn -0.6335 0.7505 0.1882
vn -0.8755 0.1843 0.4467
vn -0.3879 0.1844 0.9031
vn -0.7571 -0.1882 -0.6256
vn -0.7696 -0.1021 -0.6303
vn -0.7387 0.2308 -0.6333
vn -0.7606 0.2908 -0.5804
vn 0.0634 0.3532 0.9334
vn 0.4356 0.2406 0.8674
vn 0.1552 0.4489 0.8800
vn 0.0993 0.5269 0.8441
vn 0.8706 0.4894 -0.0508
vn 0.9749 0.2039 0.0892
vn 0.9387 -0.3401 0.0563
vn 0.6944 0.0541 0.7175
vn 0.8706 -0.0574 0.4887
vn 0.3001 0.3360 0.8928
vn 0.6242 0.7724 0.1178
vn 0.3594 0.8263 -0.4337
vn 0.7344 0.6264 -0.2614
vn 0.7704 0.6370 0.0287
vn 0.9721 0.2103 0.1038
vn 0.9966 0.0719 -0.0404
vn 0.8326 -0.2681 0.4846
vn 0.7189 -0.4882 0.4949
vn 0.3530 -0.2387 0.9047
vn 0.3568 -0.0210 0.9340
vn -0.2719 0.4122 0.8696
vn 0.1861 0.6378 0.7473
vn -0.9305 0.3639 0.0405
vn -0.9407 0.3391 0.0125
vn -0.8947 -0.1504 -0.4206
vn -0.6844 0.1381 -0.7159
vn 0.5708 -0.7702 0.2847
vn 0.5617 -0.6166 0.5517
vn 0.4538 -0.6096 0.6500
vn 0.4912 -0.8235 0.2840
vn -0.1985 0.4517 0.8698
vn -0.3866 0.2693 0.8821
vn -0.3515 0.1514 0.9239
vn -0.2928 0.2513 0.9225
vn -0.2756 0.0272 -0.9609
vn -0.3491 -0.4149 -0.8402
vn 0.3116 -0.4673 -0.8274
vn 0.0595 0.0784 -0.9951
vn 0.9233 -0.1572 -0.3505
vn 0.8994 -0.4202 0.1204
vn 0.8847 0.0393 0.4645
vn 0.9890 0.1476 -0.0001
vn -0.7842 0.5330 -0.3178
vn -0.9074 0.3966 0.1392
vn -0.8381 0.1999 -0.5076
vn -0.7301 0.2785 -0.6239
vn 0.4454 0.5840 0.6787
vn 0.5112 0.5206 0.6839
vn 0.7590 0.2637 0.5954
vn 0.8316 0.1946 0.5202
vn 0.2006 0.1415 0.9694
vn 0.0923 0.0843 0.9922
vn -0.1114 0.0812 0.9905
vn -0.2166 0.1399 0.9662
vn -0.7583 0.0610 -0.6491
vn -0.6949 0.0545 -0.7170
vn -0.6642 0.2976 -0.6857
vn 0.2225 0.4427 -0.8686
vn 0.3130 0.1821 -0.9321
vn 0.1704 0.2492 -0.9533
vn 0.1916 0.4698 -0.8617
vn 0.4321 0.9013 0.0312
vn 0.3764 0.7939 0.4775
vn -0.3943 0.8511 0.3466
vn -0.4621 0.7969 0.3891
vn -0.8303 0.1315 0.5415
vn -0.5320 0.2947 0.7938
vn -0.2220 0.5047 0.8343
vn -0.3691 0.0924 -0.9248
vn -0.4504 0.0419 -0.8918
vn 0.0115 -0.2749 -0.9614
vn -0.0803 0.1145 -0.9902
vn 0.1731 0.2026 -0.9639
vn 0.6729 -0.1600 -0.7222
vn 0.7978 0.4216 -0.4311
vn 0.2538 0.5085 -0.8228
vn -0.8434 0.0250 -0.5367
vn -0.6555 -0.0768 -0.7512
vn -0.7953 -0.0518 -0.6040
vn 0.0039 0.8208 -0.5712
vn 0.3931 0.9174 -0.0619
vn -0.2561 0.9398 0.2260
vn -0.3619 0.8461 -0.3914
vn -0.0737 -0.9947 0.0723
vn -0.0723 -0.9947 -0.0737
vn 0.0737 -0.9947 -0.0723
vn 0.0723 -0.9947 0.0737
vn 0.7606 0.2489 0.5996
vn 0.7966 0.3944 0.4581
vn 0.7553 0.4337 0.4913
vn 0.5750 0.1628 0.8018
vn -0.8524 0.3297 0.4059
vn -0.9255 0.1064 0.3636
vn -0.7926 -0.0336 0.6088
vn -0.8436 0.2638 0.4677
vn -0.1805 -0.7206 -0.6695
vn 0.3344 -0.9214 -0.1978
vn 0.2070 -0.8948 -0.3956
vn -0.2713 -0.4848 -0.8315
vn 0.5106 0.8577 0.0603
vn -0.2388 0.8779 -0.4152
vn -0.2432 0.8172 -0.5225
vn 0.4895 0.8719 -0.0150
vn -0.4692 0.6960 -0.5436
vn -0.5172 0.6668 -0.5365
vn -0.5559 0.5129 -0.6542
vn -0.6838 0.6238 -0.3786
vn -0.1723 0.9241 -0.3412
vn -0.0259 0.9305 -0.3654
vn 0.2792 0.9601 -0.0179
vn 0.2136 0.9717 -0.1010
vn 0.8148 -0.2625 -0.5169
vn 0.8188 -0.3597 -0.4474
vn 0.9378 -0.3363 -0.0865
vn 0.9751 -0.2217 -0.0085
vn -0.9537 -0.2790 0.1124
vn -0.7058 -0.1433 0.6937
vn -0.4853 -0.3183 0.8144
vn -0.8370 -0.4042 0.3689
vn -0.3519 -0.3371 -0.8732
vn 0.0483 -0.4320 -0.9006
vn -0.0031 -0.2270 -0.9739
vn -0.4889 -0.1513 -0.8591
vn 0.2542 -0.0587 0.9654
vn 0.3551 -0.3582 0.8635
vn 0.4652 -0.2514 0.8488
vn 0.3910 0.3566 0.8485
vn 0.7710 -0.5839 0.2543
vn 0.3658 -0.6503 0.6658
vn 0.2514 -0.6100 0.7515
vn 0.8086 -0.4676 0.3572
vn 0.8657 -0.5002 0.0206
vn 0.9188 0.1035 0.3808
vn 0.9622 -0.0305 0.2708
vn 0.8343 -0.4348 -0.3388
vn -0.9816 -0.0797 0.1734
vn -0.9876 -0.0230 -0.1556
vn -0.9915 0.1207 -0.0478
vn -0.8917 0.1862 0.4125
vn 0.9024 0.1091 -0.4168
vn 0.8458 0.2368 -0.4780
vn 0.9404 -0.1828 -0.2866
vn 0.9753 -0.0980 -0.1981
vn -0.0915 0.9858 -0.1408
vn 0.0642 0.8825 0.4659
vn -0.0324 0.8683 0.4950
vn 0.0297 0.9835 -0.1782
vn -0.2923 -0.6954 -0.6565
vn 0.3414 -0.8103 -0.4764
vn 0.1897 -0.5406 -0.8196
vn -0.4853 -0.4045 -0.7752
vn 0.0346 0.9987 -0.0374
vn -0.9819 -0.1382 -0.1296
vn -0.7804 -0.5137 -0.3564
vn 0.0612 0.9664 -0.2495
vn 0.3635 0.9178 -0.1595
vn -0.5199 0.8114 0.2670
vn -0.5487 0.7986 0.2473
vn 0.3126 0.9209 -0.2329
vn -0.3273 0.4641 -0.8231
vn 0.2493 0.4641 -0.8500
vn 0.2440 -0.1016 -0.9644
vn -0.3326 -0.1016 -0.9376
vn 0.6158 -0.2585 -0.7443
vn 0.5641 0.0976 -0.8199
vn 0.5565 -0.1872 -0.8095
vn 0.5327 -0.2133 -0.8190
vn 0.7815 0.4025 -0.4768
vn 0.7566 0.4278 -0.4945
vn 0.8046 0.2159 -0.5532
vn 0.6376 0.1962 -0.7450
vn 0.4092 0.9123 0.0135
vn -0.2469 0.9424 0.2255
vn -0.2422 0.9435 0.2262
vn 0.4226 0.9063 0.0015
vn -0.8863 0.3771 0.2687
vn -0.9609 -0.2631 0.0861
vn -0.9840 -0.1740 -0.0392
vn -0.8970 0.3673 0.2459
vn -0.5023 -0.8086 -0.3063
vn 0.1401 -0.8097 -0.5698
vn 0.1404 -0.8111 -0.5678
vn -0.5048 -0.8107 -0.2967
vn 0.7592 -0.2683 -0.5930
vn 0.8486 0.3846 -0.3634
vn 0.8536 0.3788 -0.3576
vn 0.7584 -0.2699 -0.5933
vn 0.3899 0.9201 0.0373
vn -0.2443 0.9224 0.2991
vn -0.2492 0.9294 0.2723
vn 0.3992 0.9162 0.0348
vn -0.8598 0.3819 0.3389
vn -0.9562 -0.2708 0.1109
vn -0.9565 -0.2715 0.1068
vn -0.8715 0.3808 0.3089
vn -0.5503 -0.6943 -0.4638
vn 0.0894 -0.7139 -0.6945
vn 0.1303 -0.7985 -0.5877
vn -0.5096 -0.7936 -0.3324
vn 0.7677 -0.2320 -0.5973
vn 0.8889 0.3838 -0.2502
vn 0.8449 0.4024 -0.3524
vn 0.7632 -0.2585 -0.5921
vn 0.4521 0.8698 0.1976
vn -0.1603 0.8850 0.4371
vn -0.2265 0.9259 0.3022
vn 0.3845 0.9223 0.0381
vn -0.8313 0.4056 0.3801
vn -0.9786 -0.2043 0.0247
vn -0.9594 -0.2635 0.1000
vn -0.8504 0.3940 0.3487
vn -0.6425 -0.3012 0.7046
vn -0.9845 -0.0720 0.1600
vn -0.9523 -0.3029 0.0376
vn -0.6377 -0.4405 0.6319
vn -0.8026 0.3133 -0.5076
vn -0.2202 0.5607 -0.7982
vn -0.2355 0.4990 -0.8340
vn -0.7794 0.1133 -0.6162
vn 0.5988 0.5362 -0.5949
vn 0.9622 0.2650 -0.0633
vn 0.8278 0.5539 0.0896
vn 0.5122 0.6973 -0.5014
vn 0.7712 -0.1141 0.6263
vn 0.1648 -0.3213 0.9325
vn 0.1095 -0.2390 0.9648
vn 0.6543 0.1411 0.7429
vn -0.6757 -0.1897 0.7124
vn -0.9630 0.0320 0.2676
vn -0.9778 -0.0049 0.2093
vn -0.6293 -0.2602 0.7323
vn -0.7595 0.2859 -0.5843
vn -0.2429 0.3983 -0.8845
vn -0.2028 0.5567 -0.8056
vn -0.7876 0.3660 -0.4956
vn 0.6783 0.2814 -0.6788
vn 0.9695 0.1160 -0.2159
vn 0.9736 0.2011 -0.1076
vn 0.6174 0.4765 -0.6259
vn 0.8135 -0.2500 0.5251
vn 0.2039 -0.4211 0.8838
vn 0.1824 -0.3510 0.9184
vn 0.7837 -0.1770 0.5954
vn -0.5909 -0.2321 -0.7727
vn 0.0561 -0.3204 -0.9456
vn 0.0480 -0.4940 -0.8681
vn -0.5927 -0.4383 -0.6757
vn 0.7908 -0.1769 -0.5860
vn 0.9955 0.0739 0.0601
vn 0.9733 0.2249 -0.0448
vn 0.7769 -0.1957 -0.5985
vn 0.5968 0.3390 0.7273
vn -0.0605 0.4492 0.8914
vn -0.0756 0.6619 0.7458
vn 0.5751 0.5958 0.5606
vn -0.7977 0.3425 0.4963
vn -0.9878 0.0704 -0.1386
vn -0.9941 -0.0513 -0.0958
vn -0.8086 0.3791 0.4499
vn -0.5551 -0.1925 -0.8092
vn 0.0984 -0.3345 -0.9372
vn 0.0754 -0.2807 -0.9568
vn -0.5847 -0.1768 -0.7918
vn 0.8146 -0.2710 -0.5128
vn 0.9895 0.0353 0.1401
vn 0.9962 0.0419 0.0759
vn 0.8020 -0.1830 -0.5685
vn 0.5840 0.2570 0.7700
vn -0.0692 0.2667 0.9613
vn -0.0677 0.3998 0.9141
vn 0.5961 0.2984 0.7454
vn -0.7907 0.1673 0.5889
vn -0.9982 0.0197 -0.0574
vn -0.9877 0.0961 -0.1233
vn -0.7943 0.3159 0.5189
vn 0.2979 -0.9107 0.2863
vn 0.1163 -0.4804 0.8693
vn -0.0661 -0.5071 0.8593
vn 0.4028 -0.8392 0.3653
vn -0.1278 0.2701 0.9543
vn -0.1949 0.7925 0.5778
vn -0.4868 0.6955 0.5285
vn -0.4480 0.1758 0.8766
vn -0.0952 0.9701 -0.2232
vn 0.0215 0.5393 -0.8418
vn 0.2777 0.6338 -0.7219
vn -0.1619 0.9680 -0.1915
vn 0.0945 -0.2802 -0.9553
vn 0.2260 -0.7868 -0.5743
vn 0.6449 -0.6285 -0.4349
vn 0.5675 -0.1175 -0.8149
vn 0.3849 -0.8799 0.2788
vn 0.2882 -0.5731 0.7671
vn 0.1795 -0.5181 0.8363
vn 0.2944 -0.9143 0.2784
vn -0.1023 0.2116 0.9720
vn -0.3274 0.7154 0.6173
vn -0.1255 0.8220 0.5555
vn -0.0410 0.2685 0.9624
vn -0.2762 0.9177 -0.2857
vn -0.2245 0.5985 -0.7690
vn -0.0260 0.5686 -0.8222
vn -0.0816 0.9653 -0.2479
vn -0.0451 -0.3101 -0.9496
vn 0.2065 -0.8343 -0.5111
vn 0.2155 -0.8088 -0.5472
vn 0.0767 -0.2695 -0.9599
vn 0.5393 -0.6760 -0.5023
vn 0.7130 -0.6835 0.1565
vn 0.8516 -0.5227 0.0396
vn 0.7342 -0.4519 -0.5066
vn 0.5387 -0.2129 0.8152
vn 0.1552 0.3632 0.9187
vn 0.2194 0.4243 0.8785
vn 0.6489 -0.1375 0.7483
vn -0.3078 0.8507 0.4261
vn -0.4846 0.8420 -0.2371
vn -0.3994 0.8563 -0.3276
vn -0.2267 0.9244 0.3068
vn -0.3203 0.3531 -0.8791
vn 0.0579 -0.2026 -0.9775
vn 0.2282 -0.0585 -0.9718
vn -0.1520 0.3261 -0.9330
vn 0.6144 -0.5879 -0.5262
vn 0.8072 -0.5752 0.1324
vn 0.7075 -0.6866 0.1672
vn 0.5233 -0.6901 -0.5000
vn 0.5899 -0.1426 0.7948
vn 0.1258 0.3891 0.9126
vn 0.1361 0.3660 0.9206
vn 0.5314 -0.2159 0.8191
vn -0.3931 0.8078 0.4392
vn -0.5699 0.7977 -0.1974
vn -0.4933 0.8414 -0.2208
vn -0.3224 0.8421 0.4324
vn -0.3858 0.3705 -0.8449
vn 0.0629 -0.1643 -0.9844
vn 0.0355 -0.2148 -0.9760
vn -0.3471 0.3708 -0.8614
vn 0.7996 -0.1497 -0.5816
vn 0.9968 -0.0789 0.0132
vn 0.9597 -0.2746 0.0593
vn 0.7541 -0.3144 -0.5765
vn 0.6296 0.1983 0.7512
vn 0.0562 0.3965 0.9163
vn 0.1008 0.4110 0.9060
vn 0.6738 0.0523 0.7371
vn -0.7465 0.4293 0.5083
vn -0.9316 0.3552 -0.0767
vn -0.7719 0.6198 -0.1413
vn -0.5655 0.6613 0.4929
vn -0.5455 0.1222 -0.8292
vn 0.0549 -0.0401 -0.9977
vn 0.1005 -0.0550 -0.9934
vn -0.4772 0.3011 -0.8256
vn -0.5388 -0.8087 0.2358
vn -0.3827 -0.8201 -0.4254
vn -0.6760 -0.6298 -0.3826
vn -0.8114 -0.5583 0.1730
vn -0.0427 -0.3176 -0.9473
vn 0.2349 0.3322 -0.9135
vn -0.1446 0.2606 -0.9546
vn -0.2631 -0.2504 -0.9317
vn 0.4180 0.8688 -0.2652
vn 0.3039 0.8634 0.4027
vn 0.2631 0.8594 0.4385
vn 0.2488 0.9303 -0.2696
vn -0.0998 0.3558 0.9292
vn -0.4292 -0.2766 0.8598
vn -0.6675 -0.0968 0.7383
vn -0.1719 0.4301 0.8862
vn -0.4834 -0.8399 0.2470
vn -0.3237 -0.8397 -0.4359
vn -0.3289 -0.8394 -0.4327
vn -0.4835 -0.8397 0.2471
vn 0.0423 -0.3070 -0.9508
vn 0.3244 0.3333 -0.8852
vn 0.3067 0.3368 -0.8902
vn 0.0220 -0.3100 -0.9505
vn 0.4295 0.8649 -0.2599
vn 0.2705 0.8649 0.4228
vn 0.2861 0.8625 0.4174
vn 0.4354 0.8619 -0.2600
vn -0.0995 0.3328 0.9377
vn -0.3823 -0.3069 0.8716
vn -0.3818 -0.3066 0.8719
vn -0.0928 0.3355 0.9375
vn -0.4976 -0.8336 0.2397
vn -0.3389 -0.8336 -0.4362
vn -0.3253 -0.8389 -0.4365
vn -0.4855 -0.8389 0.2460
vn 0.0422 -0.3087 -0.9502
vn 0.3253 0.3395 -0.8826
vn 0.3270 0.3333 -0.8843
vn 0.0452 -0.3071 -0.9506
vn 0.4060 0.8763 -0.2595
vn 0.2480 0.8763 0.4130
vn 0.2654 0.8668 0.4223
vn 0.4255 0.8668 -0.2600
vn -0.1016 0.3395 0.9351
vn -0.3852 -0.3087 0.8697
vn -0.3827 -0.3070 0.8714
vn -0.1008 0.3333 0.9374
vn -0.7173 -0.6751 0.1722
vn -0.5657 -0.6752 -0.4735
vn -0.3882 -0.8105 -0.4386
vn -0.5429 -0.8105 0.2200
vn -0.0455 -0.2598 -0.9646
vn 0.4248 0.3098 -0.8506
vn 0.3362 0.3521 -0.8735
vn 0.0250 -0.3084 -0.9509
vn 0.6019 0.7753 -0.1915
vn 0.4538 0.7753 0.4393
vn 0.2447 0.8851 0.3959
vn 0.3953 0.8851 -0.2455
vn 0.0018 0.3098 0.9508
vn -0.4701 -0.2598 0.8435
vn -0.4009 -0.3084 0.8627
vn -0.0877 0.3521 0.9318
vn 0.3919 -0.7923 -0.4677
vn 0.5873 -0.7891 0.1797
vn 0.8066 -0.5882 0.0577
vn 0.6333 -0.6066 -0.4805
vn 0.4993 -0.2746 0.8218
vn 0.1576 0.3498 0.9235
vn 0.1969 0.3506 0.9156
vn 0.6798 -0.1699 0.7134
vn -0.2898 0.8543 0.4315
vn -0.4511 0.8620 -0.2313
vn -0.3324 0.9064 -0.2607
vn -0.2675 0.8216 0.5034
vn -0.2994 0.3285 -0.8958
vn 0.0055 -0.3059 -0.9520
vn 0.2391 -0.2633 -0.9346
vn 0.0247 0.2073 -0.9780
vn 0.3233 -0.8219 -0.4690
vn 0.5334 -0.8220 0.1996
vn 0.5335 -0.8219 0.1997
vn 0.3289 -0.8215 -0.4659
vn 0.4662 -0.2957 0.8338
vn 0.1735 0.3361 0.9257
vn 0.1655 0.3394 0.9260
vn 0.4657 -0.2954 0.8342
vn -0.2467 0.8613 0.4441
vn -0.4555 0.8615 -0.2244
vn -0.4603 0.8590 -0.2243
vn -0.2638 0.8589 0.4389
vn -0.3841 0.3366 -0.8597
vn -0.0924 -0.2959 -0.9508
vn -0.0699 -0.2994 -0.9516
vn -0.3642 0.3407 -0.8668
vn 0.3225 -0.8220 -0.4694
vn 0.5334 -0.8220 0.1997
vn 0.5334 -0.8219 0.1997
vn 0.3225 -0.8219 -0.4695
vn 0.4662 -0.2958 0.8338
vn 0.1748 0.3357 0.9256
vn 0.4662 -0.2958 0.8337
vn -0.2438 0.8618 0.4447
vn -0.4547 0.8619 -0.2244
vn -0.4547 0.8619 -0.2245
vn -0.2438 0.8619 0.4446
vn -0.3876 0.3356 -0.8586
vn -0.0961 -0.2958 -0.9504
vn -0.0962 -0.2958 -0.9504
vn -0.3876 0.3357 -0.8585
vn 0.3346 -0.8169 -0.4698
vn 0.5435 -0.8169 0.1931
vn 0.5349 -0.8212 0.1988
vn 0.3242 -0.8212 -0.4696
vn 0.4680 -0.2970 0.8323
vn 0.1750 0.3426 0.9231
vn 0.1749 0.3364 0.9253
vn 0.4665 -0.2959 0.8336
vn -0.2285 0.8713 0.4343
vn -0.4361 0.8714 -0.2247
vn -0.4523 0.8631 -0.2246
vn -0.2417 0.8631 0.4433
vn -0.3859 0.3426 -0.8566
vn -0.0938 -0.2970 -0.9503
vn -0.0958 -0.2959 -0.9504
vn -0.3873 0.3364 -0.8584
vn 0.5249 -0.6789 -0.5134
vn 0.7245 -0.6788 0.1197
vn 0.5783 -0.7972 0.1734
vn 0.3744 -0.7972 -0.4736
vn 0.5349 -0.2554 0.8054
vn 0.0831 0.3263 0.9416
vn 0.1615 0.3561 0.9204
vn 0.4797 -0.2963 0.8259
vn -0.3950 0.7944 0.4613
vn -0.5882 0.7944 -0.1514
vn -0.4262 0.8795 -0.2118
vn -0.2277 0.8795 0.4179
vn -0.4719 0.3262 -0.8191
vn -0.0236 -0.2553 -0.9666
vn -0.0807 -0.2963 -0.9517
vn -0.3954 0.3561 -0.8466
vn -0.3782 -0.8932 -0.2432
vn 0.3438 -0.8994 -0.2700
vn 0.2716 -0.7877 -0.5530
vn -0.4075 -0.7295 -0.5493
vn 0.9242 -0.3426 -0.1689
vn 0.9445 0.3186 -0.0798
vn 0.9333 0.1638 -0.3196
vn 0.8751 -0.3460 -0.3384
vn 0.3446 0.9379 0.0408
vn -0.3478 0.9327 0.0955
vn -0.2676 0.9624 -0.0455
vn 0.2442 0.9656 -0.0897
vn -0.9370 0.3462 0.0475
vn -0.9503 -0.3024 -0.0734
vn -0.9519 -0.1157 -0.2836
vn -0.9391 0.2843 -0.1929
vn -0.3609 -0.9113 -0.1980
vn 0.3411 -0.9113 -0.2307
vn 0.3442 -0.9109 -0.2276
vn -0.3634 -0.9111 -0.1946
vn 0.9302 -0.3382 -0.1427
vn 0.9368 0.3499 -0.0067
vn 0.9373 0.3475 -0.0264
vn 0.9298 -0.3388 -0.1441
vn 0.3576 0.9242 0.1343
vn -0.3439 0.9238 0.1686
vn -0.3478 0.9261 0.1465
vn 0.3558 0.9289 0.1025
vn -0.9330 0.3500 0.0834
vn -0.9397 -0.3377 -0.0544
vn -0.9411 -0.3345 -0.0484
vn -0.9331 0.3503 0.0812
vn -0.3606 -0.9113 -0.1986
vn 0.3406 -0.9113 -0.2313
vn -0.3606 -0.9113 -0.1987
vn 0.9303 -0.3381 -0.1425
vn 0.9367 0.3500 -0.0033
vn 0.9368 0.3499 -0.0032
vn 0.9302 -0.3381 -0.1425
vn 0.3579 0.9232 0.1400
vn -0.3433 0.9232 0.1726
vn 0.3579 0.9232 0.1399
vn -0.9330 0.3499 0.0838
vn -0.9395 -0.3381 -0.0554
vn -0.9395 -0.3380 -0.0554
vn -0.9330 0.3500 0.0838
vn -0.3288 -0.7871 -0.5219
vn 0.2789 -0.7871 -0.5502
vn 0.3387 -0.9013 -0.2700
vn -0.3623 -0.9013 -0.2374
vn 0.8574 -0.2247 -0.4630
vn 0.8629 0.3717 -0.3424
vn 0.9328 0.3578 -0.0424
vn 0.9264 -0.3300 -0.1815
vn 0.2951 0.9339 -0.2020
vn -0.3126 0.9339 -0.1736
vn -0.3450 0.9291 0.1330
vn 0.3559 0.9291 0.1003
vn -0.8910 0.3716 -0.2608
vn -0.8966 -0.2248 -0.3814
vn -0.9392 -0.3300 -0.0947
vn -0.9327 0.3578 0.0445
vn -0.1373 -0.7426 0.6555
vn -0.6458 -0.7419 0.1804
vn -0.7327 -0.6120 0.2977
vn -0.2539 -0.6196 0.7428
vn -0.8524 -0.2576 -0.4551
vn -0.5965 0.3189 -0.7365
vn -0.6629 0.2651 -0.7002
vn -0.9065 -0.2031 -0.3702
vn 0.0368 0.8183 -0.5736
vn 0.5560 0.8267 -0.0861
vn 0.5212 0.8508 -0.0668
vn -0.0781 0.7785 -0.6228
vn 0.7761 0.3315 0.5365
vn 0.5208 -0.2474 0.8171
vn 0.5278 -0.1099 0.8422
vn 0.7658 0.3693 0.5265
vn -0.1146 -0.7636 0.6354
vn -0.6265 -0.7636 0.1563
vn -0.1145 -0.7636 0.6355
vn -0.8414 -0.2682 -0.4692
vn -0.5873 0.3263 -0.7407
vn -0.8413 -0.2683 -0.4692
vn 0.0511 0.8217 -0.5676
vn 0.5631 0.8217 -0.0885
vn 0.5630 0.8217 -0.0885
vn 0.7779 0.3263 0.5371
vn 0.5238 -0.2682 0.8085
vn 0.7779 0.3263 0.5370
vn -0.5873 0.3262 -0.7407
vn 0.7779 0.3264 0.5370
vn 0.7779 0.3262 0.5371
vn -0.1145 -0.7636 0.6354
vn -0.8414 -0.2683 -0.4692
vn -0.5873 0.3264 -0.7407
vn 0.0511 0.8217 -0.5677
vn 0.5630 0.8217 -0.0884
vn 0.0511 0.8216 -0.5677
vn 0.7779 0.3264 0.5371
vn 0.7779 0.3262 0.5370
vn -0.2907 -0.5782 0.7624
vn -0.7415 -0.5782 0.3404
vn -0.6441 -0.7445 0.1755
vn -0.1326 -0.7446 0.6542
vn -0.9555 -0.0849 -0.2826
vn -0.7317 0.4388 -0.5217
vn -0.6044 0.3430 -0.7191
vn -0.8582 -0.2508 -0.4479
vn -0.0959 0.9321 -0.3493
vn 0.3548 0.9321 0.0726
vn 0.5433 0.8368 -0.0679
vn 0.0318 0.8368 -0.5466
vn 0.5689 0.4387 0.6956
vn 0.3451 -0.0849 0.9347
vn 0.5036 -0.2508 0.8267
vn 0.7574 0.3430 0.5555
vn -0.2962 -0.9337 -0.2013
vn 0.3101 -0.9380 0.1546
vn 0.3584 -0.9326 -0.0432
vn -0.2583 -0.8907 -0.3742
vn 0.8091 -0.3583 0.4659
vn 0.8109 0.3398 0.4765
vn 0.8381 0.2533 0.4831
vn 0.8324 -0.4148 0.3674
vn 0.3177 0.9324 0.1727
vn -0.2912 0.9358 -0.1986
vn -0.2556 0.9243 -0.2834
vn 0.4012 0.8960 0.1903
vn -0.8018 0.3485 -0.4855
vn -0.8030 -0.3458 -0.4854
vn -0.7783 -0.3020 -0.5505
vn -0.7824 0.3309 -0.5276
vn -0.2946 -0.9395 -0.1747
vn 0.3201 -0.9337 0.1606
vn 0.3024 -0.9361 0.1799
vn -0.3044 -0.9367 -0.1731
vn 0.8166 -0.3593 0.4518
vn 0.8124 0.3442 0.4707
vn 0.8087 0.3503 0.4725
vn 0.8076 -0.3521 0.4732
vn 0.3019 0.9397 0.1607
vn -0.2872 0.9325 -0.2190
vn -0.2976 0.9360 -0.1881
vn 0.3055 0.9367 0.1712
vn -0.7855 0.3604 -0.5031
vn -0.8082 -0.3439 -0.4781
vn -0.8081 -0.3503 -0.4735
vn -0.8032 0.3520 -0.4805
vn -0.1888 -0.9060 -0.3789
vn 0.4800 -0.8539 -0.2010
vn 0.3694 -0.9243 0.0962
vn -0.2596 -0.9453 -0.1977
vn 0.9444 -0.3157 0.0921
vn 0.8835 0.3586 0.3014
vn 0.8306 0.3290 0.4493
vn 0.8457 -0.3732 0.3816
vn 0.2052 0.9396 0.2739
vn -0.4345 0.9005 0.0161
vn -0.2932 0.9219 -0.2534
vn 0.2764 0.9491 0.1510
vn -0.8906 0.3748 -0.2578
vn -0.8627 -0.3200 -0.3915
vn -0.8172 -0.3229 -0.4774
vn -0.7637 0.3888 -0.5153
vn -0.2704 -0.5815 -0.7673
vn 0.3573 -0.3430 -0.8687
vn 0.4693 -0.5472 -0.6931
vn -0.1905 -0.7065 -0.6816
vn 0.8181 0.1679 -0.5500
vn 0.7961 0.6050 -0.0131
vn 0.8627 0.5035 0.0480
vn 0.9208 -0.0348 -0.3885
vn 0.2209 0.7208 0.6570
vn -0.3787 0.3862 0.8411
vn -0.4762 0.5732 0.6668
vn 0.1812 0.8109 0.5564
vn -0.8533 -0.1192 0.5076
vn -0.8706 -0.4757 -0.1257
vn -0.8897 -0.4099 -0.2009
vn -0.9360 0.0667 0.3457
vn -0.3430 -0.5535 -0.7589
vn 0.2717 -0.2684 -0.9242
vn 0.3001 -0.2930 -0.9078
vn -0.3229 -0.5600 -0.7630
vn 0.7717 0.2778 -0.5721
vn 0.7597 0.6500 0.0184
vn 0.7691 0.6391 0.0080
vn 0.7877 0.2430 -0.5662
vn 0.2397 0.7159 0.6558
vn -0.3708 0.4229 0.8269
vn -0.3643 0.3999 0.8410
vn 0.2377 0.7128 0.6598
vn -0.8722 -0.1230 0.4734
vn -0.8645 -0.4874 -0.1229
vn -0.8647 -0.4874 -0.1214
vn -0.8605 -0.1352 0.4912
vn -0.3463 -0.5518 -0.7586
vn 0.2658 -0.2623 -0.9277
vn -0.3463 -0.5519 -0.7586
vn 0.7677 0.2849 -0.5739
vn 0.7581 0.6519 0.0196
vn 0.7580 0.6519 0.0196
vn 0.2399 0.7164 0.6552
vn -0.3722 0.4267 0.8243
vn -0.3722 0.4268 0.8242
vn 0.2399 0.7164 0.6551
vn -0.8742 -0.1204 0.4705
vn -0.8644 -0.4875 -0.1231
vn -0.8644 -0.4874 -0.1231
vn -0.8741 -0.1205 0.4705
vn -0.4441 -0.2813 -0.8507
vn 0.0823 -0.0323 -0.9961
vn 0.2482 -0.2353 -0.9397
vn -0.3616 -0.5239 -0.7712
vn 0.5700 0.4995 -0.6523
vn 0.5618 0.8150 -0.1418
vn 0.7379 0.6749 0.0037
vn 0.7477 0.3091 -0.5877
vn 0.0583 0.8777 0.4756
vn -0.4681 0.6286 0.6211
vn -0.3874 0.4503 0.8044
vn 0.2224 0.7390 0.6359
vn -0.9559 0.0971 0.2773
vn -0.9475 -0.2187 -0.2332
vn -0.8772 -0.4596 -0.1389
vn -0.8868 -0.0940 0.4525
vn -0.3039 -0.8261 -0.4745
vn 0.3969 -0.8288 -0.3943
vn 0.3895 -0.7923 -0.4696
vn -0.3356 -0.7674 -0.5463
vn 0.9491 -0.3089 -0.0620
vn 0.9165 0.3194 0.2410
vn 0.9219 0.2521 0.2940
vn 0.9408 -0.3382 -0.0208
vn 0.3073 0.8532 0.4214
vn -0.3922 0.8553 0.3387
vn -0.3909 0.8552 0.3405
vn 0.3248 0.8357 0.4429
vn -0.9445 0.3280 0.0202
vn -0.9104 -0.3019 -0.2828
vn -0.9145 -0.2760 -0.2957
vn -0.9441 0.3292 0.0198
vn -0.2997 -0.8327 -0.4657
vn 0.3977 -0.8327 -0.3853
vn 0.9499 -0.3052 -0.0671
vn 0.9152 0.3278 0.2345
vn 0.9499 -0.3051 -0.0671
vn 0.3051 0.8553 0.4189
vn -0.3923 0.8553 0.3385
vn 0.3051 0.8553 0.4188
vn -0.9445 0.3278 0.0203
vn -0.9098 -0.3052 -0.2813
vn -0.9445 0.3279 0.0203
vn -0.2942 -0.8284 -0.4766
vn 0.3970 -0.8264 -0.3993
vn 0.3977 -0.8317 -0.3874
vn -0.2990 -0.8320 -0.4673
vn 0.9490 -0.3070 -0.0721
vn 0.9138 0.3318 0.2344
vn 0.9150 0.3282 0.2345
vn 0.9498 -0.3053 -0.0677
vn 0.3008 0.8641 0.4036
vn -0.3869 0.8647 0.3203
vn -0.3917 0.8565 0.3361
vn 0.3047 0.8564 0.4169
vn -0.9418 0.3357 0.0180
vn -0.9091 -0.3062 -0.2824
vn -0.9097 -0.3053 -0.2815
vn -0.9442 0.3287 0.0199
vn -0.2591 -0.6840 -0.6819
vn 0.4072 -0.6643 -0.6269
vn 0.3966 -0.8021 -0.4465
vn -0.2795 -0.8089 -0.5172
vn 0.9519 -0.2410 -0.1893
vn 0.9019 0.3099 0.3010
vn 0.9088 0.3384 0.2441
vn 0.9475 -0.3053 -0.0955
vn 0.2585 0.7557 0.6018
vn -0.3976 0.7456 0.5348
vn -0.3781 0.8683 0.3210
vn 0.2837 0.8685 0.4066
vn -0.9466 0.2873 0.1465
vn -0.9019 -0.2749 -0.3331
vn -0.9065 -0.3055 -0.2913
vn -0.9371 0.3475 0.0337
vn 0.5479 -0.8362 -0.0224
vn 0.1196 -0.8392 0.5305
vn 0.2427 -0.7648 0.5968
vn 0.6659 -0.7411 0.0858
vn -0.4412 -0.3132 0.8410
vn -0.6824 0.3192 0.6576
vn -0.7432 0.2687 0.6128
vn -0.3978 -0.3064 0.8648
vn -0.5118 0.8569 0.0620
vn -0.0596 0.8698 -0.4897
vn 0.0553 0.8994 -0.4336
vn -0.5888 0.8003 0.1131
vn 0.4946 0.3267 -0.8054
vn 0.7128 -0.3070 -0.6306
vn 0.8213 -0.2594 -0.5081
vn 0.6612 0.2979 -0.6885
vn 0.5236 -0.8509 -0.0411
vn 0.0967 -0.8509 0.5163
vn 0.0967 -0.8510 0.5163
vn 0.5237 -0.8509 -0.0412
vn -0.4464 -0.3155 0.8374
vn -0.6712 0.3271 0.6652
vn -0.5027 0.8626 0.0572
vn -0.0757 0.8626 -0.5003
vn -0.0757 0.8626 -0.5002
vn 0.4674 0.3271 -0.8213
vn 0.6921 -0.3155 -0.6491
vn 0.6922 -0.3155 -0.6491
vn 0.5368 -0.8433 -0.0249
vn 0.1157 -0.8437 0.5242
vn 0.0994 -0.8498 0.5177
vn 0.5258 -0.8497 -0.0389
vn -0.4418 -0.3184 0.8387
vn -0.6681 0.3353 0.6642
vn -0.6708 0.3280 0.6652
vn -0.4458 -0.3158 0.8376
vn -0.4792 0.8751 0.0673
vn -0.0608 0.8750 -0.4802
vn -0.0736 0.8642 -0.4978
vn -0.4997 0.8642 0.0587
vn 0.4669 0.3345 -0.8186
vn 0.6952 -0.3186 -0.6444
vn 0.6926 -0.3157 -0.6486
vn 0.4674 0.3279 -0.8210
vn 0.6982 -0.7047 0.1263
vn 0.3018 -0.7077 0.6388
vn 0.1621 -0.8234 0.5439
vn 0.5692 -0.8221 0.0145
vn -0.3691 -0.2898 0.8831
vn -0.7286 0.3323 0.5989
vn -0.6710 0.3531 0.6520
vn -0.4251 -0.3232 0.8455
vn -0.5457 0.8374 -0.0317
vn -0.1769 0.8375 -0.5171
vn -0.0560 0.8915 -0.4495
vn -0.4480 0.8916 0.0662
vn 0.3943 0.3315 -0.8571
vn 0.7635 -0.2863 -0.5788
vn 0.7075 -0.3235 -0.6283
vn 0.4549 0.3506 -0.8187
vn 0.9481 -0.2358 -0.2132
vn 0.8516 -0.2405 0.4657
vn 0.8504 -0.2361 0.4702
vn 0.9675 -0.1878 -0.1693
vn 0.3200 0.0356 0.9467
vn -0.2572 0.4005 0.8795
vn -0.2503 0.3986 0.8823
vn 0.3515 0.0337 0.9356
vn -0.7483 0.6322 0.2011
vn -0.6947 0.5533 -0.4596
vn -0.7855 0.3623 -0.5017
vn -0.8577 0.5029 0.1070
vn -0.1222 0.3166 -0.9406
vn 0.5183 0.0250 -0.8548
vn 0.6182 0.1496 -0.7716
vn -0.0892 0.3774 -0.9217
vn 0.9853 0.0610 -0.1596
vn 0.9085 0.0613 0.4133
vn 0.8623 -0.2063 0.4624
vn 0.9540 -0.2065 -0.2174
vn 0.3551 0.3016 0.8848
vn -0.1568 0.5591 0.8141
vn -0.2921 0.3877 0.8743
vn 0.2994 0.0578 0.9524
vn -0.5698 0.7937 0.2131
vn -0.4987 0.7887 -0.3594
vn -0.6702 0.5973 -0.4406
vn -0.7400 0.6312 0.2325
vn 0.0556 0.5500 -0.8333
vn 0.5720 0.2983 -0.7641
vn 0.5187 0.0431 -0.8539
vn -0.0989 0.3405 -0.9350
vn -0.4141 -0.6022 0.6825
vn -0.8021 -0.5802 0.1413
vn -0.8793 -0.3305 0.3429
vn -0.5041 -0.4209 0.7541
vn -0.8393 -0.0988 -0.5347
vn -0.4310 0.4202 -0.7985
vn -0.4600 0.5689 -0.6817
vn -0.8509 0.2275 -0.4734
vn 0.2298 0.7874 -0.5720
vn 0.6518 0.7572 -0.0423
vn 0.5274 0.8494 -0.0207
vn 0.1301 0.8729 -0.4702
vn 0.6977 0.3169 0.6425
vn 0.3100 -0.1725 0.9350
vn 0.2918 -0.1154 0.9495
vn 0.6423 0.3107 0.7007
vn -0.3908 -0.5784 0.7161
vn -0.8016 -0.5777 0.1540
vn -0.7931 -0.5929 0.1396
vn -0.3894 -0.5982 0.7004
vn -0.8181 -0.1599 -0.5524
vn -0.4237 0.3387 -0.8401
vn -0.4246 0.3586 -0.8313
vn -0.8210 -0.1535 -0.5499
vn 0.2483 0.7504 -0.6126
vn 0.6611 0.7485 -0.0519
vn 0.6653 0.7447 -0.0520
vn 0.2475 0.7571 -0.6046
vn 0.6771 0.3337 0.6558
vn 0.2826 -0.1628 0.9453
vn 0.2949 -0.1716 0.9400
vn 0.6896 0.3256 0.6468
vn -0.5229 -0.3802 0.7629
vn -0.8851 -0.3802 0.2683
vn -0.8156 -0.5540 0.1669
vn -0.4052 -0.5541 0.7272
vn -0.8994 0.0306 -0.4360
vn -0.5524 0.4675 -0.6901
vn -0.4368 0.3529 -0.8274
vn -0.8299 -0.1419 -0.5395
vn 0.1147 0.8784 -0.4639
vn 0.4769 0.8784 0.0306
vn 0.6427 0.7651 -0.0403
vn 0.2324 0.7651 -0.6006
vn 0.4912 0.4675 0.7350
vn 0.1442 0.0306 0.9891
vn 0.2639 -0.1419 0.9541
vn 0.6570 0.3530 0.6661
vn -0.2062 -0.8771 -0.4338
vn 0.4336 -0.8871 -0.1582
vn 0.3973 -0.9122 -0.1005
vn -0.1903 -0.8366 -0.5138
vn 0.9267 -0.3217 0.1943
vn 0.8670 0.3571 0.3476
vn 0.8865 0.3715 0.2759
vn 0.9118 -0.3527 0.2101
vn 0.2645 0.9295 0.2569
vn -0.3783 0.9257 0.0001
vn -0.3237 0.9346 -0.1477
vn 0.2483 0.9650 0.0841
vn -0.8610 0.3602 -0.3589
vn -0.7954 -0.3051 -0.5238
vn -0.6968 -0.2265 -0.6806
vn -0.7619 0.3744 -0.5285
vn -0.2009 -0.8786 -0.4333
vn 0.4431 -0.8785 -0.1785
vn 0.4420 -0.8814 -0.1666
vn -0.2083 -0.8814 -0.4239
vn 0.9283 -0.3199 0.1895
vn 0.8593 0.3668 0.3564
vn 0.8613 0.3586 0.3599
vn 0.9284 -0.3186 0.1910
vn 0.2655 0.9280 0.2613
vn -0.3724 0.9280 0.0088
vn -0.3862 0.9220 0.0263
vn 0.2636 0.9220 0.2835
vn -0.8705 0.3667 -0.3283
vn -0.8066 -0.3197 -0.4972
vn -0.8077 -0.3186 -0.4962
vn -0.8743 0.3586 -0.3271
vn -0.0842 -0.7317 -0.6764
vn 0.5243 -0.7318 -0.4355
vn 0.4525 -0.8618 -0.2294
vn -0.1729 -0.8618 -0.4769
vn 0.9603 -0.2639 0.0905
vn 0.8035 0.3795 0.4586
vn 0.8464 0.3903 0.3624
vn 0.9318 -0.3189 0.1735
vn 0.1525 0.8714 0.4663
vn -0.4303 0.8714 0.2356
vn -0.3492 0.9370 0.0067
vn 0.2500 0.9370 0.2438
vn -0.8997 0.3795 -0.2155
vn -0.7621 -0.2639 -0.5912
vn -0.7981 -0.3189 -0.5112
vn -0.8651 0.3903 -0.3150
vn 0.0412 -0.0528 -0.9978
vn 0.6528 -0.0528 -0.7557
vn 0.6259 -0.3326 -0.7054
vn 0.0264 -0.3326 -0.9427
vn 0.9996 0.0212 -0.0160
vn 0.7302 0.0653 0.6801
vn 0.7438 0.2012 0.6374
vn 0.9958 -0.0905 -0.0157
vn -0.0426 0.0366 0.9984
vn -0.6523 0.0366 0.7571
vn -0.6218 0.3702 0.6901
vn -0.0189 0.3702 0.9288
vn -0.9979 0.0653 -0.0039
vn -0.7179 0.0212 -0.6958
vn -0.7153 -0.0905 -0.6929
vn -0.9786 0.2012 -0.0443
vn 0.0191 0.0454 -0.9988
vn 0.6696 0.0454 -0.7413
vn 0.6651 0.0206 -0.7465
vn 0.0259 0.0206 -0.9995
vn 0.9986 0.0495 0.0169
vn 0.7401 0.0501 0.6706
vn 0.7375 0.0479 0.6736
vn 0.9990 0.0443 0.0078
vn -0.0188 0.0467 0.9987
vn -0.6698 0.0467 0.7411
vn -0.6658 0.0246 0.7457
vn -0.0249 0.0246 0.9994
vn -0.9986 0.0501 -0.0176
vn -0.7396 0.0496 -0.6712
vn -0.7337 0.0443 -0.6780
vn -0.9988 0.0479 -0.0136
vn 0.0181 0.0505 -0.9986
vn 0.6702 0.0505 -0.7405
vn 0.9986 0.0505 0.0181
vn 0.7404 0.0505 0.6702
vn 0.7404 0.0506 0.6702
vn 0.9986 0.0504 0.0181
vn -0.0181 0.0505 0.9986
vn -0.6702 0.0504 0.7405
vn -0.6702 0.0506 0.7405
vn -0.9986 0.0505 -0.0181
vn -0.7404 0.0506 -0.6702
vn -0.9986 0.0504 -0.0181
vn 0.0180 0.0505 -0.9986
vn 0.7405 0.0505 0.6702
vn 0.9986 0.0506 0.0181
vn -0.6702 0.0505 0.7405
vn -0.7404 0.0505 -0.6702
vn -0.7405 0.0505 -0.6702
vn -0.9986 0.0506 -0.0181
vn 0.0400 0.3784 -0.9248
vn 0.6037 0.3784 -0.7017
vn 0.6688 0.0892 -0.7381
vn 0.0175 0.0891 -0.9959
vn 0.9247 0.3785 0.0400
vn 0.7017 0.3784 0.6037
vn 0.7380 0.0891 0.6688
vn 0.9959 0.0893 0.0175
vn -0.0400 0.3784 0.9248
vn -0.6037 0.3785 0.7017
vn -0.6688 0.0891 0.7381
vn -0.0175 0.0891 0.9959
vn -0.9247 0.3785 -0.0400
vn -0.7016 0.3785 -0.6037
vn -0.7381 0.0891 -0.6688
vn -0.9959 0.0893 -0.0175
vn 0.9483 -0.0002 0.3173
vn 0.5359 -0.0108 0.8442
vn 0.4986 -0.3326 0.8005
vn 0.9020 -0.3257 0.2834
vn -0.2836 -0.0044 0.9589
vn -0.8643 -0.0575 0.4996
vn -0.8490 0.1229 0.5138
vn -0.2921 -0.1344 0.9469
vn -0.9289 -0.1874 -0.3195
vn -0.5303 -0.1714 -0.8303
vn -0.5049 0.3101 -0.8056
vn -0.9086 0.3018 -0.2889
vn 0.2817 -0.0199 -0.9593
vn 0.8641 0.0277 -0.5026
vn 0.8511 -0.1155 -0.5121
vn 0.2946 0.1428 -0.9449
vn 0.7517 0.6104 0.2497
vn 0.4075 0.5997 0.6888
vn 0.5157 0.1359 0.8459
vn 0.9415 0.1484 0.3025
vn -0.3341 0.5332 0.7772
vn -0.7692 0.4720 0.4309
vn -0.8585 0.0008 0.5129
vn -0.3003 0.0851 0.9500
vn -0.8557 0.4175 -0.3057
vn -0.5115 0.4286 -0.7447
vn -0.5209 -0.0788 -0.8499
vn -0.9478 -0.0936 -0.3048
vn 0.2229 0.5032 -0.8349
vn 0.6619 0.5644 -0.4934
vn 0.8486 0.1204 -0.5151
vn 0.2929 0.0385 -0.9554
vn -0.2466 0.1455 -0.9581
vn 0.3087 0.1923 -0.9315
vn 0.4021 -0.3066 -0.8627
vn -0.2591 -0.3502 -0.9001
vn 0.8431 0.3795 -0.3809
vn 0.8235 0.5205 0.2257
vn 0.8996 0.2566 0.3533
vn 0.9464 -0.0331 -0.3214
vn 0.2255 0.5536 0.8017
vn -0.3904 0.4882 0.7805
vn -0.4094 0.3568 0.8397
vn 0.2622 0.4125 0.8724
vn -0.9206 0.3520 0.1693
vn -0.8645 0.2261 -0.4489
vn -0.9014 -0.1533 -0.4049
vn -0.9527 0.1260 0.2767
vn -0.9900 -0.0836 0.1137
vn -0.8359 -0.0835 -0.5425
vn -0.7860 -0.3266 -0.5249
vn -0.9375 -0.3267 0.1202
vn -0.1436 -0.0223 -0.9894
vn 0.5713 0.0072 -0.8207
vn 0.5531 0.1257 -0.8236
vn -0.1324 -0.1172 -0.9842
vn 0.9939 -0.0268 -0.1069
vn 0.8425 -0.0268 0.5381
vn 0.8066 0.2670 0.5274
vn 0.9570 0.2672 -0.1133
vn 0.1463 0.0072 0.9892
vn -0.5690 -0.0224 0.8220
vn -0.5567 -0.1173 0.8224
vn 0.1287 0.1257 0.9837
vn -0.9919 -0.0031 0.1273
vn -0.8316 -0.0032 -0.5554
vn -0.8336 -0.0207 -0.5520
vn -0.9922 -0.0208 0.1232
vn -0.1283 -0.0005 -0.9917
vn 0.5563 -0.0005 -0.8310
vn 0.5601 -0.0037 -0.8284
vn -0.1326 -0.0035 -0.9912
vn 0.9919 -0.0033 -0.1272
vn 0.8316 -0.0032 0.5554
vn 0.8340 -0.0245 0.5513
vn 0.9922 -0.0245 -0.1224
vn 0.1283 -0.0005 0.9917
vn -0.5563 -0.0004 0.8310
vn -0.5599 -0.0035 0.8286
vn 0.1329 -0.0037 0.9911
vn -0.9048 0.4154 0.0933
vn -0.7687 0.4154 -0.4863
vn -0.8298 0.0504 -0.5558
vn -0.9904 0.0504 0.1283
vn -0.0933 0.4153 -0.9049
vn 0.4863 0.4155 -0.7687
vn 0.5558 0.0503 -0.8298
vn -0.1284 0.0503 -0.9904
vn 0.9047 0.4156 -0.0933
vn 0.7687 0.4154 0.4863
vn 0.8298 0.0503 0.5558
vn 0.9905 0.0502 -0.1283
vn 0.0933 0.4154 0.9048
vn -0.4864 0.4153 0.7688
vn -0.5558 0.0503 0.8298
vn 0.1283 0.0503 0.9905
vn 0.7923 -0.0874 -0.6039
vn 0.9954 -0.0872 0.0404
vn 0.9360 -0.3479 0.0536
vn 0.7361 -0.3479 -0.5806
vn 0.6280 -0.0235 0.7779
vn -0.0705 0.0118 0.9974
vn -0.0433 0.1501 0.9877
vn 0.6132 -0.1231 0.7802
vn -0.7992 -0.0145 0.6009
vn -0.9993 -0.0144 -0.0340
vn -0.9406 0.3356 -0.0520
vn -0.7408 0.3356 0.5819
vn -0.6297 0.0118 -0.7767
vn 0.0684 -0.0236 -0.9974
vn 0.0550 -0.1232 -0.9909
vn -0.6018 0.1502 -0.7844
vn 0.7878 -0.0031 -0.6159
vn 0.9986 -0.0031 0.0528
vn 0.9986 -0.0205 0.0490
vn 0.7900 -0.0203 -0.6128
vn 0.6168 -0.0005 0.7871
vn -0.0539 -0.0005 0.9985
vn -0.0583 -0.0036 0.9983
vn 0.6200 -0.0035 0.7846
vn -0.7878 -0.0031 0.6160
vn -0.9986 -0.0031 -0.0529
vn -0.9985 -0.0239 -0.0483
vn -0.7904 -0.0238 0.6121
vn -0.6168 -0.0005 -0.7871
vn 0.0539 -0.0005 -0.9985
vn 0.0580 -0.0034 -0.9983
vn -0.6202 -0.0036 -0.7844
vn 0.7875 0.0000 -0.6163
vn 0.9986 0.0000 0.0533
vn 0.6163 0.0000 0.7875
vn -0.0534 0.0000 0.9986
vn -0.7874 0.0000 0.6164
vn -0.9986 0.0000 -0.0533
vn -0.6163 0.0000 -0.7875
vn 0.0534 0.0000 -0.9986
vn 0.7282 0.4210 -0.5408
vn 0.9068 0.4207 0.0254
vn 0.9972 0.0513 0.0541
vn 0.7860 0.0512 -0.6161
vn 0.5408 0.4209 0.7283
vn -0.0255 0.4209 0.9068
vn -0.0541 0.0512 0.9972
vn 0.6161 0.0512 0.7860
vn -0.7282 0.4210 0.5408
vn -0.9068 0.4207 -0.0254
vn -0.9972 0.0511 -0.0540
vn -0.7860 0.0510 0.6162
vn -0.5408 0.4209 -0.7283
vn 0.0254 0.4209 -0.9067
vn 0.0540 0.0511 -0.9972
vn -0.6161 0.0511 -0.7860
usemtl Material.026
f 1/1/1 2/2/1 3/3/1 4/4/1
f 2/2/2 5/5/2 6/6/2 3/3/2
f 4/4/3 3/3/3 7/7/3 8/8/3
f 3/3/4 6/6/4 9/9/4 7/7/4
f 10/10/5 11/11/5 1/1/5 12/12/5
f 11/11/6 13/13/6 2/2/6 1/1/6
f 13/13/7 14/14/7 5/5/7 2/2/7
f 14/14/8 15/15/8 16/16/8 5/5/8
f 5/5/9 16/16/9 17/17/9 6/6/9
f 6/6/10 17/17/10 18/18/10 9/9/10
f 9/9/11 18/18/11 19/19/11 20/20/11
f 7/7/12 9/9/12 20/20/12 21/21/12
f 8/8/13 7/7/13 21/21/13 22/22/13
f 23/23/14 8/8/14 22/22/14 24/24/14
f 25/25/15 4/4/15 8/8/15 23/23/15
f 12/12/16 1/1/16 4/4/16 25/25/16
f 26/26/17 27/27/17 28/28/17 29/29/17
f 27/27/18 30/30/18 31/31/18 28/28/18
f 29/29/19 28/28/19 32/32/19 33/33/19
f 28/28/20 31/31/20 34/34/20 32/32/20
f 15/15/21 14/14/21 26/26/21 35/35/21
f 14/14/22 13/13/22 27/27/22 26/26/22
f 13/13/23 11/11/23 30/30/23 27/27/23
f 11/11/24 10/10/24 36/36/24 30/30/24
f 30/30/25 36/36/25 37/37/25 31/31/25
f 31/31/26 37/37/26 38/38/26 34/34/26
f 34/34/27 38/38/27 39/39/27 40/40/27
f 32/32/28 34/34/28 40/40/28 41/41/28
f 33/33/29 32/32/29 41/41/29 42/42/29
f 43/43/30 33/33/30 42/42/30 44/44/30
f 45/45/31 29/29/31 33/33/31 43/43/31
f 35/35/32 26/26/32 29/29/32 45/45/32
f 46/46/33 47/47/33 48/48/33 49/49/33
f 47/47/34 50/50/34 51/51/34 48/48/34
f 49/49/35 48/48/35 52/52/35 53/53/35
f 48/48/36 51/51/36 54/54/36 52/52/36
f 55/55/37 56/56/37 46/46/37 57/57/37
f 56/56/38 58/58/38 47/47/38 46/46/38
f 58/58/39 59/59/39 50/50/39 47/47/39
f 59/59/40 60/60/40 61/61/40 50/50/40
f 50/50/41 61/61/41 62/62/41 51/51/41
f 51/51/42 62/62/42 63/63/42 54/54/42
f 54/54/43 63/63/43 64/64/43 65/65/43
f 52/52/44 54/54/44 65/65/44 66/66/44
f 53/53/45 52/52/45 66/66/45 67/67/45
f 68/68/46 53/53/46 67/67/46 69/69/46
f 70/70/47 49/49/47 53/53/47 68/68/47
f 57/57/48 46/46/48 49/49/48 70/70/48
f 71/71/49 72/72/49 73/73/49 74/74/49
f 72/72/50 75/75/50 76/76/50 73/73/50
f 74/74/51 73/73/51 77/77/51 78/78/51
f 73/73/52 76/76/52 79/79/52 77/77/52
f 80/80/53 81/81/53 71/71/53 82/82/53
f 81/81/54 83/83/54 72/72/54 71/71/54
f 83/83/55 84/84/55 75/75/55 72/72/55
f 84/84/56 85/85/56 86/86/56 75/75/56
f 75/75/57 86/86/57 87/87/57 76/76/57
f 76/76/58 87/87/58 88/88/58 79/79/58
f 79/79/59 88/88/59 89/89/59 90/90/59
f 77/77/60 79/79/60 90/90/60 91/91/60
f 78/78/61 77/77/61 91/91/61 92/92/61
f 93/93/62 78/78/62 92/92/62 94/94/62
f 95/95/63 74/74/63 78/78/63 93/93/63
f 82/82/64 71/71/64 74/74/64 95/95/64
f 96/96/65 97/97/65 98/98/65 99/99/65
f 97/97/66 100/100/66 101/101/66 98/98/66
f 99/99/67 98/98/67 102/102/67 103/103/67
f 98/98/68 101/101/68 104/104/68 102/102/68
f 15/105/69 105/106/69 96/96/69 106/107/69
f 105/106/70 107/108/70 97/97/70 96/96/70
f 107/108/71 108/109/71 100/100/71 97/97/71
f 108/109/72 109/110/72 110/111/72 100/100/72
f 100/100/73 110/111/73 111/112/73 101/101/73
f 101/101/74 111/112/74 112/113/74 104/104/74
f 104/104/75 112/113/75 113/114/75 114/115/75
f 102/102/76 104/104/76 114/115/76 115/116/76
f 103/103/77 102/102/77 115/116/77 116/117/77
f 117/118/78 103/103/78 116/117/78 85/119/78
f 118/120/79 99/99/79 103/103/79 117/118/79
f 106/107/80 96/96/80 99/99/80 118/120/80
f 119/121/81 120/122/81 121/123/81 122/124/81
f 120/122/82 123/125/82 124/126/82 121/123/82
f 122/124/83 121/123/83 125/127/83 126/128/83
f 121/123/84 124/126/84 127/129/84 125/127/84
f 60/60/85 59/59/85 119/121/85 128/130/85
f 59/59/86 58/58/86 120/122/86 119/121/86
f 58/58/87 56/56/87 123/125/87 120/122/87
f 56/56/88 55/55/88 129/131/88 123/125/88
f 123/125/89 129/131/89 130/132/89 124/126/89
f 124/126/90 130/132/90 131/133/90 127/129/90
f 127/129/91 131/133/91 132/134/91 133/135/91
f 125/127/92 127/129/92 133/135/92 134/136/92
f 126/128/93 125/127/93 134/136/93 135/137/93
f 136/138/94 126/128/94 135/137/94 137/139/94
f 138/140/95 122/124/95 126/128/95 136/138/95
f 128/130/96 119/121/96 122/124/96 138/140/96
f 139/141/97 140/142/97 141/143/97 142/144/97
f 140/142/98 143/145/98 144/146/98 141/143/98
f 142/144/99 141/143/99 145/147/99 146/148/99
f 141/143/100 144/146/100 147/149/100 145/147/100
f 148/150/101 149/151/101 139/141/101 150/152/101
f 149/151/102 151/153/102 140/142/102 139/141/102
f 151/153/103 152/154/103 143/145/103 140/142/103
f 152/154/104 153/155/104 154/156/104 143/145/104
f 143/145/105 154/156/105 155/157/105 144/146/105
f 144/146/106 155/157/106 156/158/106 147/149/106
f 147/149/107 156/158/107 94/159/107 92/160/107
f 145/147/108 147/149/108 92/160/108 91/161/108
f 146/148/109 145/147/109 91/161/109 90/162/109
f 157/163/110 146/148/110 90/162/110 89/164/110
f 158/165/111 142/144/111 146/148/111 157/163/111
f 150/152/112 139/141/112 142/144/112 158/165/112
f 159/166/113 160/167/113 161/168/113 162/169/113
f 160/167/114 163/170/114 164/171/114 161/168/114
f 162/169/115 161/168/115 165/172/115 166/173/115
f 161/168/116 164/171/116 167/174/116 165/172/116
f 85/119/117 116/117/117 159/166/117 86/175/117
f 116/117/118 115/116/118 160/167/118 159/166/118
f 115/116/119 114/115/119 163/170/119 160/167/119
f 114/115/120 113/114/120 168/176/120 163/170/120
f 163/170/121 168/176/121 169/177/121 164/171/121
f 164/171/122 169/177/122 170/178/122 167/174/122
f 167/174/123 170/178/123 148/150/123 150/179/123
f 165/172/124 167/174/124 150/179/124 158/180/124
f 166/173/125 165/172/125 158/180/125 157/181/125
f 88/182/126 166/173/126 157/181/126 89/183/126
f 87/184/127 162/169/127 166/173/127 88/182/127
f 86/175/128 159/166/128 162/169/128 87/184/128
f 171/185/129 172/186/129 173/187/129 174/188/129
f 172/186/130 175/189/130 176/190/130 173/187/130
f 174/188/131 173/187/131 177/191/131 178/192/131
f 173/187/132 176/190/132 179/193/132 177/191/132
f 60/60/133 180/194/133 171/185/133 181/195/133
f 180/194/134 182/196/134 172/186/134 171/185/134
f 182/196/135 183/197/135 175/189/135 172/186/135
f 183/197/136 80/198/136 82/199/136 175/189/136
f 175/189/137 82/199/137 95/200/137 176/190/137
f 176/190/138 95/200/138 93/201/138 179/193/138
f 179/193/139 93/201/139 94/202/139 156/203/139
f 177/191/140 179/193/140 156/203/140 155/204/140
f 178/192/141 177/191/141 155/204/141 154/205/141
f 184/206/142 178/192/142 154/205/142 153/155/142
f 185/207/143 174/188/143 178/192/143 184/206/143
f 181/195/144 171/185/144 174/188/144 185/207/144
f 186/208/145 187/209/145 188/210/145 189/211/145
f 187/209/146 190/212/146 191/213/146 188/210/146
f 189/211/147 188/210/147 192/214/147 193/215/147
f 188/210/148 191/213/148 194/216/148 192/214/148
f 113/114/149 195/217/149 186/208/149 168/176/149
f 195/217/150 196/218/150 187/209/150 186/208/150
f 196/218/151 197/219/151 190/212/151 187/209/151
f 197/219/152 60/60/152 181/195/152 190/212/152
f 190/212/153 181/195/153 185/207/153 191/213/153
f 191/213/154 185/207/154 184/206/154 194/216/154
f 194/216/155 184/206/155 153/155/155 152/154/155
f 192/214/156 194/216/156 152/154/156 151/153/156
f 193/215/157 192/214/157 151/153/157 149/151/157
f 170/178/158 193/215/158 149/151/158 148/150/158
f 169/177/159 189/211/159 193/215/159 170/178/159
f 168/176/160 186/208/160 189/211/160 169/177/160
f 198/220/161 199/221/161 200/222/161 201/223/161
f 199/221/162 202/224/162 203/225/162 200/222/162
f 201/223/163 200/222/163 204/226/163 205/227/163
f 200/222/164 203/225/164 206/228/164 204/226/164
f 207/229/165 208/230/165 198/220/165 209/231/165
f 208/230/166 210/232/166 199/221/166 198/220/166
f 210/232/167 211/233/167 202/224/167 199/221/167
f 211/233/168 212/234/168 213/235/168 202/224/168
f 202/224/169 213/235/169 214/236/169 203/225/169
f 203/225/170 214/236/170 215/237/170 206/228/170
f 206/228/171 215/237/171 24/24/171 22/22/171
f 204/226/172 206/228/172 22/22/172 21/21/172
f 205/227/173 204/226/173 21/21/173 20/20/173
f 216/238/174 205/227/174 20/20/174 19/19/174
f 217/239/175 201/223/175 205/227/175 216/238/175
f 209/231/176 198/220/176 201/223/176 217/239/176
f 218/240/177 219/241/177 220/242/177 221/243/177
f 219/241/178 222/244/178 223/245/178 220/242/178
f 221/243/179 220/242/179 224/246/179 225/247/179
f 220/242/180 223/245/180 226/248/180 224/246/180
f 85/85/181 84/84/181 218/240/181 227/249/181
f 84/84/182 83/83/182 219/241/182 218/240/182
f 83/83/183 81/81/183 222/244/183 219/241/183
f 81/81/184 80/80/184 228/250/184 222/244/184
f 222/244/185 228/250/185 229/251/185 223/245/185
f 223/245/186 229/251/186 230/252/186 226/248/186
f 226/248/187 230/252/187 212/234/187 211/233/187
f 224/246/188 226/248/188 211/233/188 210/232/188
f 225/247/189 224/246/189 210/232/189 208/230/189
f 231/253/190 225/247/190 208/230/190 207/229/190
f 232/254/191 221/243/191 225/247/191 231/253/191
f 227/249/192 218/240/192 221/243/192 232/254/192
f 233/255/193 234/256/193 235/257/193 236/258/193
f 234/256/194 237/259/194 238/260/194 235/257/194
f 236/258/195 235/257/195 239/261/195 240/262/195
f 235/257/196 238/260/196 241/263/196 239/261/196
f 80/198/197 242/264/197 233/255/197 228/265/197
f 242/264/198 243/266/198 234/256/198 233/255/198
f 243/266/199 244/267/199 237/259/199 234/256/199
f 244/267/200 10/268/200 12/269/200 237/259/200
f 237/259/201 12/269/201 25/270/201 238/260/201
f 238/260/202 25/270/202 23/271/202 241/263/202
f 241/263/203 23/271/203 24/272/203 215/273/203
f 239/261/204 241/263/204 215/273/204 214/274/204
f 240/262/205 239/261/205 214/274/205 213/275/205
f 230/276/206 240/262/206 213/275/206 212/277/206
f 229/278/207 236/258/207 240/262/207 230/276/207
f 228/265/208 233/255/208 236/258/208 229/278/208
f 245/279/209 246/280/209 247/281/209 248/282/209
f 246/280/210 249/283/210 250/284/210 247/281/210
f 248/282/211 247/281/211 251/285/211 252/286/211
f 247/281/212 250/284/212 253/287/212 251/285/212
f 15/105/213 106/107/213 245/279/213 16/288/213
f 106/107/214 118/120/214 246/280/214 245/279/214
f 118/120/215 117/118/215 249/283/215 246/280/215
f 117/118/216 85/119/216 227/289/216 249/283/216
f 249/283/217 227/289/217 232/290/217 250/284/217
f 250/284/218 232/290/218 231/291/218 253/287/218
f 253/287/219 231/291/219 207/292/219 209/293/219
f 251/285/220 253/287/220 209/293/220 217/294/220
f 252/286/221 251/285/221 217/294/221 216/295/221
f 18/296/222 252/286/222 216/295/222 19/297/222
f 17/298/223 248/282/223 252/286/223 18/296/223
f 16/288/224 245/279/224 248/282/224 17/298/224
f 254/299/225 255/300/225 256/301/225 257/302/225
f 255/300/226 258/303/226 259/304/226 256/301/226
f 257/302/227 256/301/227 260/305/227 261/306/227
f 256/301/228 259/304/228 262/307/228 260/305/228
f 132/134/229 263/308/229 254/299/229 133/135/229
f 263/308/230 264/309/230 255/300/230 254/299/230
f 264/309/231 265/310/231 258/303/231 255/300/231
f 265/310/232 266/311/232 267/312/232 258/303/232
f 258/303/233 267/312/233 268/313/233 259/304/233
f 259/304/234 268/313/234 269/314/234 262/307/234
f 262/307/235 269/314/235 270/315/235 271/316/235
f 260/305/236 262/307/236 271/316/236 272/317/236
f 261/306/237 260/305/237 272/317/237 273/318/237
f 135/137/238 261/306/238 273/318/238 137/139/238
f 134/136/239 257/302/239 261/306/239 135/137/239
f 133/135/240 254/299/240 257/302/240 134/136/240
f 274/319/241 275/320/241 276/321/241 277/322/241
f 275/320/242 278/323/242 279/324/242 276/321/242
f 277/322/243 276/321/243 280/325/243 281/326/243
f 276/321/244 279/324/244 282/327/244 280/325/244
f 10/268/245 244/267/245 274/319/245 283/328/245
f 244/267/246 243/266/246 275/320/246 274/319/246
f 243/266/247 242/264/247 278/323/247 275/320/247
f 242/264/248 80/198/248 284/329/248 278/323/248
f 278/323/249 284/329/249 285/330/249 279/324/249
f 279/324/250 285/330/250 286/331/250 282/327/250
f 282/327/251 286/331/251 270/315/251 269/314/251
f 280/325/252 282/327/252 269/314/252 268/313/252
f 281/326/253 280/325/253 268/313/253 267/312/253
f 287/332/254 281/326/254 267/312/254 266/311/254
f 288/333/255 277/322/255 281/326/255 287/332/255
f 283/328/256 274/319/256 277/322/256 288/333/256
f 289/334/257 290/335/257 291/336/257 292/337/257
f 290/335/258 293/338/258 294/339/258 291/336/258
f 292/337/259 291/336/259 295/340/259 296/341/259
f 291/336/260 294/339/260 297/342/260 295/340/260
f 80/198/261 183/197/261 289/334/261 284/329/261
f 183/197/262 182/196/262 290/335/262 289/334/262
f 182/196/263 180/194/263 293/338/263 290/335/263
f 180/194/264 60/60/264 128/130/264 293/338/264
f 293/338/265 128/130/265 138/140/265 294/339/265
f 294/339/266 138/140/266 136/138/266 297/342/266
f 297/342/267 136/138/267 137/139/267 273/318/267
f 295/340/268 297/342/268 273/318/268 272/317/268
f 296/341/269 295/340/269 272/317/269 271/316/269
f 286/331/270 296/341/270 271/316/270 270/315/270
f 285/330/271 292/337/271 296/341/271 286/331/271
f 284/329/272 289/334/272 292/337/272 285/330/272
f 298/343/273 299/344/273 300/345/273 301/346/273
f 299/344/274 302/347/274 303/348/274 300/345/274
f 301/346/275 300/345/275 304/349/275 305/350/275
f 300/345/276 303/348/276 306/351/276 304/349/276
f 55/55/277 307/352/277 298/343/277 129/131/277
f 307/352/278 308/353/278 299/344/278 298/343/278
f 308/353/279 309/354/279 302/347/279 299/344/279
f 309/354/280 10/10/280 283/355/280 302/347/280
f 302/347/281 283/355/281 288/356/281 303/348/281
f 303/348/282 288/356/282 287/357/282 306/351/282
f 306/351/283 287/357/283 266/358/283 265/359/283
f 304/349/284 306/351/284 265/359/284 264/360/284
f 305/350/285 304/349/285 264/360/285 263/361/285
f 131/133/286 305/350/286 263/361/286 132/134/286
f 130/132/287 301/346/287 305/350/287 131/133/287
f 129/131/288 298/343/288 301/346/288 130/132/288
f 310/362/289 311/363/289 312/364/289 313/365/289
f 311/363/290 314/366/290 315/367/290 312/364/290
f 313/365/291 312/364/291 316/368/291 317/369/291
f 312/364/292 315/367/292 318/370/292 316/368/292
f 319/371/293 320/372/293 310/362/293 321/373/293
f 320/372/294 322/374/294 311/363/294 310/362/294
f 322/374/295 323/375/295 314/366/295 311/363/295
f 323/375/296 69/69/296 324/376/296 314/366/296
f 314/366/297 324/376/297 325/377/297 315/367/297
f 315/367/298 325/377/298 326/378/298 318/370/298
f 318/370/299 326/378/299 327/379/299 328/380/299
f 316/368/300 318/370/300 328/380/300 329/381/300
f 317/369/301 316/368/301 329/381/301 330/382/301
f 331/383/302 317/369/302 330/382/302 332/384/302
f 333/385/303 313/365/303 317/369/303 331/383/303
f 321/373/304 310/362/304 313/365/304 333/385/304
f 334/386/305 335/387/305 336/388/305 337/389/305
f 335/387/306 338/390/306 339/391/306 336/388/306
f 337/389/307 336/388/307 340/392/307 341/393/307
f 336/388/308 339/391/308 342/394/308 340/392/308
f 109/110/309 343/395/309 334/386/309 344/396/309
f 343/395/310 345/397/310 335/387/310 334/386/310
f 345/397/311 346/398/311 338/390/311 335/387/311
f 346/398/312 55/55/312 57/57/312 338/390/312
f 338/390/313 57/57/313 70/70/313 339/391/313
f 339/391/314 70/70/314 68/68/314 342/394/314
f 342/394/315 68/68/315 69/69/315 323/375/315
f 340/392/316 342/394/316 323/375/316 322/374/316
f 341/393/317 340/392/317 322/374/317 320/372/317
f 347/399/318 341/393/318 320/372/318 319/371/318
f 348/400/319 337/389/319 341/393/319 347/399/319
f 344/396/320 334/386/320 337/389/320 348/400/320
f 349/401/321 350/402/321 351/403/321 352/404/321
f 350/402/322 353/405/322 354/406/322 351/403/322
f 352/404/323 351/403/323 355/407/323 356/408/323
f 351/403/324 354/406/324 357/409/324 355/407/324
f 60/60/325 197/219/325 349/401/325 61/61/325
f 197/219/326 196/218/326 350/402/326 349/401/326
f 196/218/327 195/217/327 353/405/327 350/402/327
f 195/217/328 113/114/328 358/410/328 353/405/328
f 353/405/329 358/410/329 359/411/329 354/406/329
f 354/406/330 359/411/330 360/412/330 357/409/330
f 357/409/331 360/412/331 361/413/331 362/414/331
f 355/407/332 357/409/332 362/414/332 363/415/332
f 356/408/333 355/407/333 363/415/333 364/416/333
f 63/63/334 356/408/334 364/416/334 64/64/334
f 62/62/335 352/404/335 356/408/335 63/63/335
f 61/61/336 349/401/336 352/404/336 62/62/336
f 365/417/337 366/418/337 367/419/337 368/420/337
f 366/418/338 369/421/338 370/422/338 367/419/338
f 368/420/339 367/419/339 371/423/339 372/424/339
f 367/419/340 370/422/340 373/425/340 371/423/340
f 113/114/341 112/113/341 365/417/341 358/410/341
f 112/113/342 111/112/342 366/418/342 365/417/342
f 111/112/343 110/111/343 369/421/343 366/418/343
f 110/111/344 109/110/344 344/396/344 369/421/344
f 369/421/345 344/396/345 348/400/345 370/422/345
f 370/422/346 348/400/346 347/399/346 373/425/346
f 373/425/347 347/399/347 319/371/347 374/426/347
f 371/423/348 373/425/348 374/426/348 375/427/348
f 372/424/349 371/423/349 375/427/349 376/428/349
f 360/412/350 372/424/350 376/428/350 361/413/350
f 359/411/351 368/420/351 372/424/351 360/412/351
f 358/410/352 365/417/352 368/420/352 359/411/352
f 377/429/353 378/430/353 379/431/353 380/432/353
f 378/430/354 381/433/354 382/434/354 379/431/354
f 380/432/355 379/431/355 383/435/355 384/436/355
f 379/431/356 382/434/356 385/437/356 383/435/356
f 386/438/357 387/439/357 377/429/357 388/440/357
f 387/439/358 389/441/358 378/430/358 377/429/358
f 389/441/359 390/442/359 381/433/359 378/430/359
f 390/442/360 391/443/360 392/444/360 381/433/360
f 381/433/361 392/444/361 393/445/361 382/434/361
f 382/434/362 393/445/362 394/446/362 385/437/362
f 385/437/363 394/446/363 395/447/363 396/448/363
f 383/435/364 385/437/364 396/448/364 397/449/364
f 384/436/365 383/435/365 397/449/365 398/450/365
f 399/451/366 384/436/366 398/450/366 400/452/366
f 401/453/367 380/432/367 384/436/367 399/451/367
f 388/440/368 377/429/368 380/432/368 401/453/368
f 402/454/369 403/455/369 404/456/369 405/457/369
f 403/455/370 406/458/370 407/459/370 404/456/370
f 405/457/371 404/456/371 408/460/371 409/461/371
f 404/456/372 407/459/372 410/462/372 408/460/372
f 55/55/373 346/398/373 402/454/373 411/463/373
f 346/398/374 345/397/374 403/455/374 402/454/374
f 345/397/375 343/395/375 406/458/375 403/455/375
f 343/395/376 109/110/376 412/464/376 406/458/376
f 406/458/377 412/464/377 413/465/377 407/459/377
f 407/459/378 413/465/378 414/466/378 410/462/378
f 410/462/379 414/466/379 391/443/379 390/442/379
f 408/460/380 410/462/380 390/442/380 389/441/380
f 409/461/381 408/460/381 389/441/381 387/439/381
f 415/467/382 409/461/382 387/439/382 386/438/382
f 416/468/383 405/457/383 409/461/383 415/467/383
f 411/463/384 402/454/384 405/457/384 416/468/384
f 417/469/385 418/470/385 419/471/385 420/472/385
f 418/470/386 421/473/386 422/474/386 419/471/386
f 420/472/387 419/471/387 423/475/387 424/476/387
f 419/471/388 422/474/388 425/477/388 423/475/388
f 109/110/389 108/109/389 417/469/389 412/464/389
f 108/109/390 107/108/390 418/470/390 417/469/390
f 107/108/391 105/106/391 421/473/391 418/470/391
f 105/106/392 15/105/392 35/478/392 421/473/392
f 421/473/393 35/478/393 45/479/393 422/474/393
f 422/474/394 45/479/394 43/480/394 425/477/394
f 425/477/395 43/480/395 44/481/395 426/482/395
f 423/475/396 425/477/396 426/482/396 427/483/396
f 424/476/397 423/475/397 427/483/397 428/484/397
f 414/466/398 424/476/398 428/484/398 391/443/398
f 413/465/399 420/472/399 424/476/399 414/466/399
f 412/464/400 417/469/400 420/472/400 413/465/400
f 429/485/401 430/486/401 431/487/401 432/488/401
f 430/486/402 433/489/402 434/490/402 431/487/402
f 432/488/403 431/487/403 435/491/403 436/492/403
f 431/487/404 434/490/404 437/493/404 435/491/404
f 10/10/405 309/354/405 429/485/405 36/36/405
f 309/354/406 308/353/406 430/486/406 429/485/406
f 308/353/407 307/352/407 433/489/407 430/486/407
f 307/352/408 55/55/408 411/463/408 433/489/408
f 433/489/409 411/463/409 416/468/409 434/490/409
f 434/490/410 416/468/410 415/467/410 437/493/410
f 437/493/411 415/467/411 386/438/411 438/494/411
f 435/491/412 437/493/412 438/494/412 439/495/412
f 436/492/413 435/491/413 439/495/413 440/496/413
f 38/38/414 436/492/414 440/496/414 39/39/414
f 37/37/415 432/488/415 436/492/415 38/38/415
f 36/36/416 429/485/416 432/488/416 37/37/416
f 441/497/417 442/498/417 443/499/417 444/500/417
f 442/498/418 445/501/418 446/502/418 443/499/418
f 444/500/419 443/499/419 447/503/419 448/504/419
f 443/499/420 446/502/420 449/505/420 447/503/420
f 332/384/421 330/382/421 441/497/421 450/506/421
f 330/382/422 329/381/422 442/498/422 441/497/422
f 329/381/423 328/380/423 445/501/423 442/498/423
f 328/380/424 327/379/424 451/507/424 445/501/424
f 445/501/425 451/507/425 452/508/425 446/502/425
f 446/502/426 452/508/426 453/509/426 449/505/426
f 449/505/427 453/509/427 454/510/427 455/511/427
f 447/503/428 449/505/428 455/511/428 456/512/428
f 448/504/429 447/503/429 456/512/429 457/513/429
f 458/514/430 448/504/430 457/513/430 459/515/430
f 460/516/431 444/500/431 448/504/431 458/514/431
f 450/506/432 441/497/432 444/500/432 460/516/432
f 461/517/433 462/518/433 463/519/433 464/520/433
f 462/518/434 465/521/434 466/522/434 463/519/434
f 464/520/435 463/519/435 467/523/435 468/524/435
f 463/519/436 466/522/436 469/525/436 467/523/436
f 64/64/437 364/416/437 461/517/437 470/526/437
f 364/416/438 363/415/438 462/518/438 461/517/438
f 363/415/439 362/414/439 465/521/439 462/518/439
f 362/414/440 361/413/440 471/527/440 465/521/440
f 465/521/441 471/527/441 472/528/441 466/522/441
f 466/522/442 472/528/442 473/529/442 469/525/442
f 469/525/443 473/529/443 459/515/443 457/513/443
f 467/523/444 469/525/444 457/513/444 456/512/444
f 468/524/445 467/523/445 456/512/445 455/511/445
f 474/530/446 468/524/446 455/511/446 454/510/446
f 475/531/447 464/520/447 468/524/447 474/530/447
f 470/526/448 461/517/448 464/520/448 475/531/448
f 476/532/449 477/533/449 478/534/449 479/535/449
f 477/533/450 480/536/450 481/537/450 478/534/450
f 479/535/451 478/534/451 482/538/451 483/539/451
f 478/534/452 481/537/452 484/540/452 482/538/452
f 361/413/453 376/428/453 476/532/453 471/527/453
f 376/428/454 375/427/454 477/533/454 476/532/454
f 375/427/455 374/426/455 480/536/455 477/533/455
f 374/426/456 319/371/456 321/373/456 480/536/456
f 480/536/457 321/373/457 333/385/457 481/537/457
f 481/537/458 333/385/458 331/383/458 484/540/458
f 484/540/459 331/383/459 332/384/459 450/506/459
f 482/538/460 484/540/460 450/506/460 460/516/460
f 483/539/461 482/538/461 460/516/461 458/514/461
f 473/529/462 483/539/462 458/514/462 459/515/462
f 472/528/463 479/535/463 483/539/463 473/529/463
f 471/527/464 476/532/464 479/535/464 472/528/464
f 485/541/465 486/542/465 487/543/465 488/544/465
f 486/542/466 489/545/466 490/546/466 487/543/466
f 488/544/467 487/543/467 491/547/467 492/548/467
f 487/543/468 490/546/468 493/549/468 491/547/468
f 69/69/469 67/67/469 485/541/469 324/376/469
f 67/67/470 66/66/470 486/542/470 485/541/470
f 66/66/471 65/65/471 489/545/471 486/542/471
f 65/65/472 64/64/472 470/526/472 489/545/472
f 489/545/473 470/526/473 475/531/473 490/546/473
f 490/546/474 475/531/474 474/530/474 493/549/474
f 493/549/475 474/530/475 454/510/475 453/509/475
f 491/547/476 493/549/476 453/509/476 452/508/476
f 492/548/477 491/547/477 452/508/477 451/507/477
f 326/378/478 492/548/478 451/507/478 327/379/478
f 325/377/479 488/544/479 492/548/479 326/378/479
f 324/376/480 485/541/480 488/544/480 325/377/480
f 494/550/481 495/551/481 496/552/481 497/553/481
f 495/551/482 498/554/482 499/555/482 496/552/482
f 497/553/483 496/552/483 500/556/483 501/557/483
f 496/552/484 499/555/484 502/558/484 500/556/484
f 400/452/485 398/450/485 494/550/485 503/559/485
f 398/450/486 397/449/486 495/551/486 494/550/486
f 397/449/487 396/448/487 498/554/487 495/551/487
f 396/448/488 395/447/488 504/560/488 498/554/488
f 498/554/489 504/560/489 505/561/489 499/555/489
f 499/555/490 505/561/490 506/562/490 502/558/490
f 502/558/491 506/562/491 507/563/491 508/564/491
f 500/556/492 502/558/492 508/564/492 509/565/492
f 501/557/493 500/556/493 509/565/493 510/566/493
f 511/567/494 501/557/494 510/566/494 512/568/494
f 513/569/495 497/553/495 501/557/495 511/567/495
f 503/559/496 494/550/496 497/553/496 513/569/496
f 514/570/497 515/571/497 516/572/497 517/573/497
f 515/571/498 518/574/498 519/575/498 516/572/498
f 517/573/499 516/572/499 520/576/499 521/577/499
f 516/572/500 519/575/500 522/578/500 520/576/500
f 391/443/501 428/484/501 514/570/501 392/444/501
f 428/484/502 427/483/502 515/571/502 514/570/502
f 427/483/503 426/482/503 518/574/503 515/571/503
f 426/482/504 44/481/504 523/579/504 518/574/504
f 518/574/505 523/579/505 524/580/505 519/575/505
f 519/575/506 524/580/506 525/581/506 522/578/506
f 522/578/507 525/581/507 526/582/507 527/583/507
f 520/576/508 522/578/508 527/583/508 528/584/508
f 521/577/509 520/576/509 528/584/509 529/585/509
f 394/446/510 521/577/510 529/585/510 395/447/510
f 393/445/511 517/573/511 521/577/511 394/446/511
f 392/444/512 514/570/512 517/573/512 393/445/512
f 530/586/513 531/587/513 532/588/513 533/589/513
f 531/587/514 534/590/514 535/591/514 532/588/514
f 533/589/515 532/588/515 536/592/515 537/593/515
f 532/588/516 535/591/516 538/594/516 536/592/516
f 39/39/517 440/496/517 530/586/517 539/595/517
f 440/496/518 439/495/518 531/587/518 530/586/518
f 439/495/519 438/494/519 534/590/519 531/587/519
f 438/494/520 386/438/520 388/440/520 534/590/520
f 534/590/521 388/440/521 401/453/521 535/591/521
f 535/591/522 401/453/522 399/451/522 538/594/522
f 538/594/523 399/451/523 400/452/523 540/596/523
f 536/592/524 538/594/524 540/596/524 541/597/524
f 537/593/525 536/592/525 541/597/525 542/598/525
f 543/599/526 537/593/526 542/598/526 544/600/526
f 545/601/527 533/589/527 537/593/527 543/599/527
f 539/595/528 530/586/528 533/589/528 545/601/528
f 546/602/529 547/603/529 548/604/529 549/605/529
f 547/603/530 550/606/530 551/607/530 548/604/530
f 549/605/531 548/604/531 552/608/531 553/609/531
f 548/604/532 551/607/532 554/610/532 552/608/532
f 44/44/533 42/42/533 546/602/533 523/611/533
f 42/42/534 41/41/534 547/603/534 546/602/534
f 41/41/535 40/40/535 550/606/535 547/603/535
f 40/40/536 39/39/536 539/595/536 550/606/536
f 550/606/537 539/595/537 545/601/537 551/607/537
f 551/607/538 545/601/538 543/599/538 554/610/538
f 554/610/539 543/599/539 544/600/539 555/612/539
f 552/608/540 554/610/540 555/612/540 556/613/540
f 553/609/541 552/608/541 556/613/541 557/614/541
f 525/615/542 553/609/542 557/614/542 526/616/542
f 524/617/543 549/605/543 553/609/543 525/615/543
f 523/611/544 546/602/544 549/605/544 524/617/544
f 558/618/545 559/619/545 560/620/545 561/621/545
f 559/619/546 562/622/546 563/623/546 560/620/546
f 561/621/547 560/620/547 564/624/547 565/625/547
f 560/620/548 563/623/548 566/626/548 564/624/548
f 567/627/549 568/628/549 558/618/549 569/629/549
f 568/628/550 570/630/550 559/619/550 558/618/550
f 570/630/551 571/631/551 562/622/551 559/619/551
f 571/631/552 572/632/552 573/633/552 562/622/552
f 562/622/553 573/633/553 574/634/553 563/623/553
f 563/623/554 574/634/554 575/635/554 566/626/554
f 566/626/555 575/635/555 512/568/555 510/566/555
f 564/624/556 566/626/556 510/566/556 509/565/556
f 565/625/557 564/624/557 509/565/557 508/564/557
f 576/636/558 565/625/558 508/564/558 507/563/558
f 577/637/559 561/621/559 565/625/559 576/636/559
f 569/629/560 558/618/560 561/621/560 577/637/560
f 578/638/561 579/639/561 580/640/561 581/641/561
f 579/639/562 582/642/562 583/643/562 580/640/562
f 581/641/563 580/640/563 584/644/563 585/645/563
f 580/640/564 583/643/564 586/646/564 584/644/564
f 395/447/565 529/585/565 578/638/565 504/560/565
f 529/585/566 528/584/566 579/639/566 578/638/566
f 528/584/567 527/583/567 582/642/567 579/639/567
f 527/583/568 526/582/568 587/647/568 582/642/568
f 582/642/569 587/647/569 588/648/569 583/643/569
f 583/643/570 588/648/570 589/649/570 586/646/570
f 586/646/571 589/649/571 567/650/571 569/651/571
f 584/644/572 586/646/572 569/651/572 577/652/572
f 585/645/573 584/644/573 577/652/573 576/653/573
f 506/562/574 585/645/574 576/653/574 507/563/574
f 505/561/575 581/641/575 585/645/575 506/562/575
f 504/560/576 578/638/576 581/641/576 505/561/576
f 590/654/577 591/655/577 592/656/577 593/657/577
f 591/655/578 594/658/578 595/659/578 592/656/578
f 593/657/579 592/656/579 596/660/579 597/661/579
f 592/656/580 595/659/580 598/662/580 596/660/580
f 544/600/581 542/598/581 590/654/581 599/663/581
f 542/598/582 541/597/582 591/655/582 590/654/582
f 541/597/583 540/596/583 594/658/583 591/655/583
f 540/596/584 400/452/584 503/559/584 594/658/584
f 594/658/585 503/559/585 513/569/585 595/659/585
f 595/659/586 513/569/586 511/567/586 598/662/586
f 598/662/587 511/567/587 512/568/587 575/635/587
f 596/660/588 598/662/588 575/635/588 574/634/588
f 597/661/589 596/660/589 574/634/589 573/633/589
f 600/664/590 597/661/590 573/633/590 572/632/590
f 601/665/591 593/657/591 597/661/591 600/664/591
f 599/663/592 590/654/592 593/657/592 601/665/592
f 602/666/593 603/667/593 604/668/593 605/669/593
f 603/667/594 606/670/594 607/671/594 604/668/594
f 605/669/595 604/668/595 608/672/595 609/673/595
f 604/668/596 607/671/596 610/674/596 608/672/596
f 526/616/597 557/614/597 602/666/597 587/675/597
f 557/614/598 556/613/598 603/667/598 602/666/598
f 556/613/599 555/612/599 606/670/599 603/667/599
f 555/612/600 544/600/600 599/663/600 606/670/600
f 606/670/601 599/663/601 601/665/601 607/671/601
f 607/671/602 601/665/602 600/664/602 610/674/602
f 610/674/603 600/664/603 572/632/603 571/631/603
f 608/672/604 610/674/604 571/631/604 570/630/604
f 609/673/605 608/672/605 570/630/605 568/628/605
f 589/676/606 609/673/606 568/628/606 567/627/606
f 588/677/607 605/669/607 609/673/607 589/676/607
f 587/675/608 602/666/608 605/669/608 588/677/608
f 611/678/609 612/679/609 613/680/609 614/681/609
f 612/679/610 615/682/610 616/683/610 613/680/610
f 614/681/611 613/680/611 617/684/611 618/685/611
f 613/680/612 616/683/612 619/686/612 617/684/612
f 620/687/613 621/688/613 611/678/613 622/689/613
f 621/688/614 623/690/614 612/679/614 611/678/614
f 623/690/615 624/691/615 615/682/615 612/679/615
f 624/691/616 625/692/616 626/693/616 615/682/616
f 615/682/617 626/693/617 627/694/617 616/683/617
f 616/683/618 627/694/618 628/695/618 619/686/618
f 619/686/619 628/695/619 629/696/619 630/697/619
f 617/684/620 619/686/620 630/697/620 631/698/620
f 618/685/621 617/684/621 631/698/621 632/699/621
f 633/700/622 618/685/622 632/699/622 634/701/622
f 635/702/623 614/681/623 618/685/623 633/700/623
f 622/689/624 611/678/624 614/681/624 635/702/624
f 636/703/625 637/704/625 638/705/625 639/706/625
f 637/704/626 640/707/626 641/708/626 638/705/626
f 639/706/627 638/705/627 642/709/627 643/710/627
f 638/705/628 641/708/628 644/711/628 642/709/628
f 634/701/629 632/699/629 636/703/629 645/712/629
f 632/699/630 631/698/630 637/704/630 636/703/630
f 631/698/631 630/697/631 640/707/631 637/704/631
f 630/697/632 629/696/632 646/713/632 640/707/632
f 640/707/633 646/713/633 647/714/633 641/708/633
f 641/708/634 647/714/634 648/715/634 644/711/634
f 644/711/635 648/715/635 649/716/635 650/717/635
f 642/709/636 644/711/636 650/717/636 651/718/636
f 643/710/637 642/709/637 651/718/637 652/719/637
f 653/720/638 643/710/638 652/719/638 654/721/638
f 655/722/639 639/706/639 643/710/639 653/720/639
f 645/712/640 636/703/640 639/706/640 655/722/640
f 656/723/641 657/724/641 658/725/641 659/726/641
f 657/724/642 660/727/642 661/728/642 658/725/642
f 659/726/643 658/725/643 662/729/643 663/730/643
f 658/725/644 661/728/644 664/731/644 662/729/644
f 654/721/645 652/719/645 656/723/645 665/732/645
f 652/719/646 651/718/646 657/724/646 656/723/646
f 651/718/647 650/717/647 660/727/647 657/724/647
f 650/717/648 649/716/648 666/733/648 660/727/648
f 660/727/649 666/733/649 667/734/649 661/728/649
f 661/728/650 667/734/650 668/735/650 664/731/650
f 664/731/651 668/735/651 669/736/651 670/737/651
f 662/729/652 664/731/652 670/737/652 671/738/652
f 663/730/653 662/729/653 671/738/653 672/739/653
f 673/740/654 663/730/654 672/739/654 674/741/654
f 675/742/655 659/726/655 663/730/655 673/740/655
f 665/732/656 656/723/656 659/726/656 675/742/656
f 676/743/657 677/744/657 678/745/657 679/746/657
f 677/744/658 680/747/658 681/748/658 678/745/658
f 679/746/659 678/745/659 682/749/659 683/750/659
f 678/745/660 681/748/660 684/751/660 682/749/660
f 674/741/661 672/739/661 676/743/661 685/752/661
f 672/739/662 671/738/662 677/744/662 676/743/662
f 671/738/663 670/737/663 680/747/663 677/744/663
f 670/737/664 669/736/664 686/753/664 680/747/664
f 680/747/665 686/753/665 687/754/665 681/748/665
f 681/748/666 687/754/666 688/755/666 684/751/666
f 684/751/667 688/755/667 625/756/667 624/757/667
f 682/749/668 684/751/668 624/757/668 623/758/668
f 683/750/669 682/749/669 623/758/669 621/759/669
f 689/760/670 683/750/670 621/759/670 620/761/670
f 690/762/671 679/746/671 683/750/671 689/760/671
f 685/752/672 676/743/672 679/746/672 690/762/672
f 691/763/673 692/764/673 693/765/673 694/766/673
f 692/764/674 695/767/674 696/768/674 693/765/674
f 694/766/675 693/765/675 697/769/675 698/770/675
f 693/765/676 696/768/676 699/771/676 697/769/676
f 634/772/677 645/773/677 691/763/677 633/774/677
f 645/773/678 655/775/678 692/764/678 691/763/678
f 655/775/679 653/776/679 695/767/679 692/764/679
f 653/776/680 654/721/680 665/732/680 695/767/680
f 695/767/681 665/732/681 675/742/681 696/768/681
f 696/768/682 675/742/682 673/740/682 699/771/682
f 699/771/683 673/740/683 674/741/683 685/777/683
f 697/769/684 699/771/684 685/777/684 690/778/684
f 698/770/685 697/769/685 690/778/685 689/779/685
f 622/780/686 698/770/686 689/779/686 620/781/686
f 635/782/687 694/766/687 698/770/687 622/780/687
f 633/774/688 691/763/688 694/766/688 635/782/688
f 700/783/689 701/784/689 702/785/689 703/786/689
f 701/784/690 704/787/690 705/788/690 702/785/690
f 703/786/691 702/785/691 706/789/691 707/790/691
f 702/785/692 705/788/692 708/791/692 706/789/692
f 649/716/693 648/792/693 700/783/693 666/733/693
f 648/792/694 647/793/694 701/784/694 700/783/694
f 647/793/695 646/794/695 704/787/695 701/784/695
f 646/794/696 629/795/696 628/796/696 704/787/696
f 704/787/697 628/796/697 627/797/697 705/788/697
f 705/788/698 627/797/698 626/798/698 708/791/698
f 708/791/699 626/798/699 625/799/699 688/800/699
f 706/789/700 708/791/700 688/800/700 687/801/700
f 707/790/701 706/789/701 687/801/701 686/802/701
f 668/735/702 707/790/702 686/802/702 669/736/702
f 667/734/703 703/786/703 707/790/703 668/735/703
f 666/733/704 700/783/704 703/786/704 667/734/704
usemtl Material.027
f 709/803/705 710/804/705 711/805/705 712/806/705
f 710/804/706 713/807/706 714/808/706 711/805/706
f 711/805/707 714/808/707 715/809/707 716/810/707
f 712/806/708 711/805/708 716/810/708 717/811/708
f 718/812/709 719/813/709 720/814/709 721/815/709
f 719/813/710 709/803/710 712/806/710 720/814/710
f 720/814/711 712/806/711 717/811/711 722/816/711
f 721/815/712 720/814/712 722/816/712 723/817/712
f 724/818/713 725/819/713 726/820/713 727/821/713
f 728/822/714 729/823/714 726/820/714 725/819/714
f 730/824/715 727/821/715 726/820/715 729/823/715
f 731/825/716 732/826/716 733/827/716 734/828/716
f 735/829/717 736/830/717 733/827/717 732/826/717
f 728/822/718 734/828/718 733/827/718 736/830/718
f 735/829/719 737/831/719 738/832/719 736/830/719
f 739/833/720 740/834/720 738/832/720 737/831/720
f 728/822/721 736/830/721 738/832/721 740/834/721
f 741/835/722 742/836/722 743/837/722 744/838/722
f 742/836/723 745/839/723 746/840/723 743/837/723
f 743/837/724 746/840/724 747/841/724 748/842/724
f 744/838/725 743/837/725 748/842/725 749/843/725
f 750/844/726 751/845/726 752/846/726 753/847/726
f 751/845/727 741/835/727 744/838/727 752/846/727
f 752/846/728 744/838/728 749/843/728 754/848/728
f 753/847/729 752/846/729 754/848/729 755/849/729
f 756/850/730 757/851/730 758/852/730 759/853/730
f 760/854/731 761/855/731 758/852/731 757/851/731
f 762/856/732 759/853/732 758/852/732 761/855/732
f 763/857/733 764/858/733 765/859/733 766/860/733
f 764/858/734 750/844/734 753/847/734 765/859/734
f 765/859/735 753/847/735 755/849/735 767/861/735
f 766/860/736 765/859/736 767/861/736 768/862/736
f 739/833/737 769/863/737 770/864/737 771/865/737
f 772/866/738 773/867/738 770/864/738 769/863/738
f 774/868/739 771/865/739 770/864/739 773/867/739
f 772/866/740 775/869/740 776/870/740 777/871/740
f 778/872/741 779/873/741 776/870/741 775/869/741
f 724/818/742 777/871/742 776/870/742 779/873/742
f 778/872/743 780/874/743 781/875/743 779/873/743
f 782/876/744 783/877/744 781/875/744 780/874/744
f 724/818/745 779/873/745 781/875/745 783/877/745
f 782/876/746 784/878/746 785/879/746 783/877/746
f 786/880/747 787/881/747 785/879/747 784/878/747
f 724/818/748 783/877/748 785/879/748 787/881/748
f 745/839/749 788/882/749 789/883/749 746/840/749
f 788/882/750 763/857/750 766/860/750 789/883/750
f 789/883/751 766/860/751 768/862/751 790/884/751
f 746/840/752 789/883/752 790/884/752 747/841/752
f 749/843/753 748/842/753 791/885/753 792/886/753
f 748/842/754 747/841/754 793/887/754 791/885/754
f 791/885/755 793/887/755 794/888/755 795/889/755
f 792/886/756 791/885/756 795/889/756 796/890/756
f 797/891/757 798/892/757 799/893/757 800/894/757
f 735/829/758 732/826/758 799/893/758 798/892/758
f 731/825/759 800/894/759 799/893/759 732/826/759
f 755/849/760 754/848/760 801/895/760 802/896/760
f 754/848/761 749/843/761 792/886/761 801/895/761
f 801/895/762 792/886/762 796/890/762 803/897/762
f 802/896/763 801/895/763 803/897/763 804/898/763
f 768/862/764 767/861/764 805/899/764 806/900/764
f 767/861/765 755/849/765 802/896/765 805/899/765
f 805/899/766 802/896/766 804/898/766 807/901/766
f 806/900/767 805/899/767 807/901/767 808/902/767
f 747/841/768 790/884/768 809/903/768 793/887/768
f 790/884/769 768/862/769 806/900/769 809/903/769
f 809/903/770 806/900/770 808/902/770 810/904/770
f 793/887/771 809/903/771 810/904/771 794/888/771
f 811/905/772 812/906/772 813/907/772 814/908/772
f 815/909/773 816/910/773 813/907/773 812/906/773
f 817/911/774 814/908/774 813/907/774 816/910/774
f 804/898/775 818/912/775 819/913/775 820/914/775
f 821/915/776 822/916/776 819/913/776 818/912/776
f 739/833/777 820/914/777 819/913/777 822/916/777
f 821/915/778 823/917/778 824/918/778 822/916/778
f 772/866/779 769/863/779 824/918/779 823/917/779
f 739/833/780 822/916/780 824/918/780 769/863/780
f 825/919/781 826/920/781 827/921/781 828/922/781
f 826/920/782 829/923/782 830/924/782 827/921/782
f 827/921/783 830/924/783 831/925/783 832/926/783
f 828/922/784 827/921/784 832/926/784 833/927/784
f 834/928/785 835/929/785 836/930/785 837/931/785
f 835/929/786 825/919/786 828/922/786 836/930/786
f 836/930/787 828/922/787 833/927/787 838/932/787
f 837/931/788 836/930/788 838/932/788 839/933/788
f 840/934/789 841/935/789 842/936/789 843/937/789
f 841/935/790 834/928/790 837/931/790 842/936/790
f 842/936/791 837/931/791 839/933/791 844/938/791
f 843/937/792 842/936/792 844/938/792 845/939/792
f 829/923/793 846/940/793 847/941/793 830/924/793
f 846/940/794 840/934/794 843/937/794 847/941/794
f 847/941/795 843/937/795 845/939/795 848/942/795
f 830/924/796 847/941/796 848/942/796 831/925/796
f 796/890/797 795/889/797 849/943/797 850/944/797
f 794/888/798 851/945/798 849/943/798 795/889/798
f 786/880/799 850/944/799 849/943/799 851/945/799
f 852/946/800 853/947/800 854/948/800 855/949/800
f 856/950/801 857/951/801 854/948/801 853/947/801
f 858/952/802 855/949/802 854/948/802 857/951/802
f 833/927/803 832/926/803 859/953/803 860/954/803
f 832/926/804 831/925/804 861/955/804 859/953/804
f 859/953/805 861/955/805 797/891/805 862/956/805
f 860/954/806 859/953/806 862/956/806 804/898/806
f 796/890/807 863/957/807 864/958/807 803/897/807
f 821/915/808 818/912/808 864/958/808 863/957/808
f 804/898/809 803/897/809 864/958/809 818/912/809
f 839/933/810 838/932/810 865/959/810 866/960/810
f 838/932/811 833/927/811 860/954/811 865/959/811
f 865/959/812 860/954/812 804/898/812 820/914/812
f 866/960/813 865/959/813 820/914/813 739/833/813
f 845/939/814 844/938/814 867/961/814 868/962/814
f 844/938/815 839/933/815 866/960/815 867/961/815
f 867/961/816 866/960/816 739/833/816 737/831/816
f 868/962/817 867/961/817 737/831/817 735/829/817
f 831/925/818 848/942/818 869/963/818 861/955/818
f 848/942/819 845/939/819 868/962/819 869/963/819
f 869/963/820 868/962/820 735/829/820 798/892/820
f 861/955/821 869/963/821 798/892/821 797/891/821
f 870/964/822 871/965/822 872/966/822 873/967/822
f 871/965/823 874/968/823 875/969/823 872/966/823
f 872/966/824 875/969/824 876/970/824 877/971/824
f 873/967/825 872/966/825 877/971/825 878/972/825
f 879/973/826 880/974/826 881/975/826 882/976/826
f 880/974/827 870/964/827 873/967/827 881/975/827
f 881/975/828 873/967/828 878/972/828 883/977/828
f 882/976/829 881/975/829 883/977/829 884/978/829
f 885/979/830 886/980/830 887/981/830 888/982/830
f 889/983/831 890/984/831 887/981/831 886/980/831
f 891/985/832 888/982/832 887/981/832 890/984/832
f 889/983/833 892/986/833 893/987/833 890/984/833
f 756/850/834 894/988/834 893/987/834 892/986/834
f 891/985/835 890/984/835 893/987/835 894/988/835
f 895/989/836 896/990/836 897/991/836 898/992/836
f 896/990/837 879/973/837 882/976/837 897/991/837
f 897/991/838 882/976/838 884/978/838 899/993/838
f 898/992/839 897/991/839 899/993/839 900/994/839
f 874/968/840 901/995/840 902/996/840 875/969/840
f 901/995/841 895/989/841 898/992/841 902/996/841
f 902/996/842 898/992/842 900/994/842 903/997/842
f 875/969/843 902/996/843 903/997/843 876/970/843
f 904/998/844 905/999/844 906/1000/844 907/1001/844
f 905/999/845 908/1002/845 909/1003/845 906/1000/845
f 906/1000/846 909/1003/846 874/968/846 871/965/846
f 907/1001/847 906/1000/847 871/965/847 870/964/847
f 910/1004/848 911/1005/848 912/1006/848 913/1007/848
f 911/1005/849 904/998/849 907/1001/849 912/1006/849
f 912/1006/850 907/1001/850 870/964/850 880/974/850
f 913/1007/851 912/1006/851 880/974/851 879/973/851
f 914/1008/852 915/1009/852 916/1010/852 917/1011/852
f 915/1009/853 910/1004/853 913/1007/853 916/1010/853
f 916/1010/854 913/1007/854 879/973/854 896/990/854
f 917/1011/855 916/1010/855 896/990/855 895/989/855
f 908/1002/856 918/1012/856 919/1013/856 909/1003/856
f 918/1012/857 914/1008/857 917/1011/857 919/1013/857
f 919/1013/858 917/1011/858 895/989/858 901/995/858
f 909/1003/859 919/1013/859 901/995/859 874/968/859
f 920/1014/860 921/1015/860 922/1016/860 923/1017/860
f 921/1015/861 924/1018/861 925/1019/861 922/1016/861
f 922/1016/862 925/1019/862 908/1002/862 905/999/862
f 923/1017/863 922/1016/863 905/999/863 904/998/863
f 926/1020/864 927/1021/864 928/1022/864 929/1023/864
f 927/1021/865 920/1014/865 923/1017/865 928/1022/865
f 928/1022/866 923/1017/866 904/998/866 911/1005/866
f 929/1023/867 928/1022/867 911/1005/867 910/1004/867
f 930/1024/868 931/1025/868 932/1026/868 933/1027/868
f 931/1025/869 926/1020/869 929/1023/869 932/1026/869
f 932/1026/870 929/1023/870 910/1004/870 915/1009/870
f 933/1027/871 932/1026/871 915/1009/871 914/1008/871
f 924/1018/872 934/1028/872 935/1029/872 925/1019/872
f 934/1028/873 930/1024/873 933/1027/873 935/1029/873
f 935/1029/874 933/1027/874 914/1008/874 918/1012/874
f 925/1019/875 935/1029/875 918/1012/875 908/1002/875
f 936/1030/876 937/1031/876 938/1032/876 939/1033/876
f 940/1034/877 941/1035/877 938/1032/877 937/1031/877
f 942/1036/878 939/1033/878 938/1032/878 941/1035/878
f 943/1037/879 944/1038/879 945/1039/879 946/1040/879
f 944/1038/880 947/1041/880 948/1042/880 945/1039/880
f 945/1039/881 948/1042/881 924/1018/881 921/1015/881
f 946/1040/882 945/1039/882 921/1015/882 920/1014/882
f 949/1043/883 950/1044/883 951/1045/883 952/1046/883
f 950/1044/884 943/1037/884 946/1040/884 951/1045/884
f 951/1045/885 946/1040/885 920/1014/885 927/1021/885
f 952/1046/886 951/1045/886 927/1021/886 926/1020/886
f 953/1047/887 954/1048/887 955/1049/887 956/1050/887
f 954/1048/888 949/1043/888 952/1046/888 955/1049/888
f 955/1049/889 952/1046/889 926/1020/889 931/1025/889
f 956/1050/890 955/1049/890 931/1025/890 930/1024/890
f 947/1041/891 957/1051/891 958/1052/891 948/1042/891
f 957/1051/892 953/1047/892 956/1050/892 958/1052/892
f 958/1052/893 956/1050/893 930/1024/893 934/1028/893
f 948/1042/894 958/1052/894 934/1028/894 924/1018/894
f 786/880/895 959/1053/895 960/1054/895 961/1055/895
f 959/1053/896 731/825/896 962/1056/896 960/1054/896
f 960/1054/897 962/1056/897 947/1041/897 944/1038/897
f 961/1055/898 960/1054/898 944/1038/898 943/1037/898
f 724/818/899 787/881/899 963/1057/899 964/1058/899
f 787/881/900 786/880/900 961/1055/900 963/1057/900
f 963/1057/901 961/1055/901 943/1037/901 950/1044/901
f 964/1058/902 963/1057/902 950/1044/902 949/1043/902
f 728/822/903 725/819/903 965/1059/903 966/1060/903
f 725/819/904 724/818/904 964/1058/904 965/1059/904
f 965/1059/905 964/1058/905 949/1043/905 954/1048/905
f 966/1060/906 965/1059/906 954/1048/906 953/1047/906
f 731/825/907 734/828/907 967/1061/907 962/1056/907
f 734/828/908 728/822/908 966/1060/908 967/1061/908
f 967/1061/909 966/1060/909 953/1047/909 957/1051/909
f 962/1056/910 967/1061/910 957/1051/910 947/1041/910
f 968/1062/911 969/1063/911 970/1064/911 971/1065/911
f 969/1063/912 972/1066/912 973/1067/912 970/1064/912
f 970/1064/913 973/1067/913 974/1068/913 975/1069/913
f 971/1065/914 970/1064/914 975/1069/914 976/1070/914
f 977/1071/915 978/1072/915 979/1073/915 980/1074/915
f 978/1072/916 981/1075/916 982/1076/916 979/1073/916
f 979/1073/917 982/1076/917 983/1077/917 984/1078/917
f 980/1074/918 979/1073/918 984/1078/918 985/1079/918
f 986/1080/919 987/1081/919 988/1082/919 989/1083/919
f 987/1081/920 990/1084/920 991/1085/920 988/1082/920
f 988/1082/921 991/1085/921 992/1086/921 993/1087/921
f 989/1083/922 988/1082/922 993/1087/922 994/1088/922
f 995/1089/923 996/1090/923 997/1091/923 998/1092/923
f 996/1090/924 999/1093/924 1000/1094/924 997/1091/924
f 997/1091/925 1000/1094/925 1001/1095/925 1002/1096/925
f 998/1092/926 997/1091/926 1002/1096/926 1003/1097/926
f 1004/1098/927 1005/1099/927 1006/1100/927 1007/1101/927
f 1008/1102/928 1009/1103/928 1006/1100/928 1005/1099/928
f 1010/1104/929 1007/1101/929 1006/1100/929 1009/1103/929
f 1011/1105/930 1012/1106/930 1013/1107/930 1014/1108/930
f 1012/1106/931 1015/1109/931 1016/1110/931 1013/1107/931
f 1013/1107/932 1016/1110/932 1017/1111/932 1018/1112/932
f 1014/1108/933 1013/1107/933 1018/1112/933 1019/1113/933
f 1020/1114/934 1021/1115/934 1022/1116/934 1023/1117/934
f 1021/1115/935 1024/1118/935 1025/1119/935 1022/1116/935
f 1022/1116/936 1025/1119/936 1026/1120/936 1027/1121/936
f 1023/1117/937 1022/1116/937 1027/1121/937 1028/1122/937
f 1029/1123/938 1030/1124/938 1031/1125/938 1032/1126/938
f 1033/1127/939 1034/1128/939 1031/1125/939 1030/1124/939
f 1035/1129/940 1032/1126/940 1031/1125/940 1034/1128/940
f 1036/1130/941 1037/1131/941 1038/1132/941 1039/1133/941
f 1037/1131/942 1040/1134/942 1041/1135/942 1038/1132/942
f 1038/1132/943 1041/1135/943 1042/1136/943 1043/1137/943
f 1039/1133/944 1038/1132/944 1043/1137/944 1044/1138/944
f 1045/1139/945 1046/1140/945 1047/1141/945 1048/1142/945
f 1046/1140/946 1049/1143/946 1050/1144/946 1047/1141/946
f 1047/1141/947 1050/1144/947 1051/1145/947 1052/1146/947
f 1048/1142/948 1047/1141/948 1052/1146/948 1053/1147/948
f 1054/1148/949 1055/1149/949 1056/1150/949 1057/1151/949
f 1058/1152/950 1059/1153/950 1056/1150/950 1055/1149/950
f 1060/1154/951 1057/1151/951 1056/1150/951 1059/1153/951
f 1061/1155/952 1062/1156/952 1063/1157/952 1064/1158/952
f 1062/1156/953 1065/1159/953 1066/1160/953 1063/1157/953
f 1063/1157/954 1066/1160/954 1067/1161/954 1068/1162/954
f 1064/1158/955 1063/1157/955 1068/1162/955 1069/1163/955
f 1070/1164/956 1071/1165/956 1072/1166/956 1073/1167/956
f 1071/1165/957 936/1030/957 939/1033/957 1072/1166/957
f 1072/1166/958 939/1033/958 942/1036/958 1074/1168/958
f 1073/1167/959 1072/1166/959 1074/1168/959 1075/1169/959
f 1076/1170/960 1077/1171/960 1078/1172/960 1079/1173/960
f 1077/1171/961 1080/1174/961 1081/1175/961 1078/1172/961
f 1078/1172/962 1081/1175/962 1082/1176/962 1083/1177/962
f 1079/1173/963 1078/1172/963 1083/1177/963 1084/1178/963
f 1085/1179/964 1086/1180/964 1087/1181/964 1088/1182/964
f 1008/1102/965 1005/1099/965 1087/1181/965 1086/1180/965
f 1004/1098/966 1088/1182/966 1087/1181/966 1005/1099/966
f 1080/1174/967 1089/1183/967 1090/1184/967 1081/1175/967
f 1091/1185/968 1092/1186/968 1090/1184/968 1089/1183/968
f 1082/1176/969 1081/1175/969 1090/1184/969 1092/1186/969
f 1085/1179/970 1093/1187/970 1094/1188/970 1086/1180/970
f 1093/1187/971 1095/1189/971 1096/1190/971 1094/1188/971
f 1094/1188/972 1096/1190/972 1097/1191/972 1098/1192/972
f 1086/1180/973 1094/1188/973 1098/1192/973 1008/1102/973
f 1008/1102/974 1098/1192/974 1099/1193/974 1009/1103/974
f 1098/1192/975 1097/1191/975 1100/1194/975 1099/1193/975
f 1099/1193/976 1100/1194/976 1101/1195/976 1102/1196/976
f 1009/1103/977 1099/1193/977 1102/1196/977 1010/1104/977
f 1010/1104/978 1102/1196/978 1103/1197/978 1104/1198/978
f 1102/1196/979 1101/1195/979 1105/1199/979 1103/1197/979
f 1103/1197/980 1105/1199/980 1106/1200/980 1107/1201/980
f 1104/1198/981 1103/1197/981 1107/1201/981 1108/1202/981
f 885/979/982 1109/1203/982 1110/1204/982 886/980/982
f 1109/1203/983 1111/1205/983 1112/1206/983 1110/1204/983
f 1110/1204/984 1112/1206/984 1113/1207/984 1114/1208/984
f 886/980/985 1110/1204/985 1114/1208/985 889/983/985
f 1004/1098/986 1007/1101/986 1115/1209/986 1116/1210/986
f 1007/1101/987 1010/1104/987 1117/1211/987 1115/1209/987
f 1115/1209/988 1117/1211/988 1035/1129/988 1118/1212/988
f 1116/1210/989 1115/1209/989 1118/1212/989 1119/1213/989
f 804/898/990 862/956/990 1120/1214/990 807/901/990
f 862/956/991 797/891/991 800/894/991 1120/1214/991
f 1120/1214/992 800/894/992 731/825/992 1121/1215/992
f 807/901/993 1120/1214/993 1121/1215/993 808/902/993
f 889/983/994 1114/1208/994 1122/1216/994 892/986/994
f 1114/1208/995 1113/1207/995 1123/1217/995 1122/1216/995
f 1122/1216/996 1123/1217/996 1124/1218/996 1125/1219/996
f 892/986/997 1122/1216/997 1125/1219/997 756/850/997
f 756/850/998 1125/1219/998 1126/1220/998 1127/1221/998
f 1125/1219/999 1124/1218/999 1128/1222/999 1126/1220/999
f 1126/1220/1000 1128/1222/1000 1129/1223/1000 1130/1224/1000
f 1127/1221/1001 1126/1220/1001 1130/1224/1001 1131/1225/1001
f 739/833/1002 1132/1226/1002 1133/1227/1002 740/834/1002
f 1132/1226/1003 1134/1228/1003 1135/1229/1003 1133/1227/1003
f 1133/1227/1004 1135/1229/1004 723/817/1004 1136/1230/1004
f 740/834/1005 1133/1227/1005 1136/1230/1005 728/822/1005
f 821/915/1006 863/957/1006 1137/1231/1006 1138/1232/1006
f 863/957/1007 796/890/1007 850/944/1007 1137/1231/1007
f 1137/1231/1008 850/944/1008 786/880/1008 784/878/1008
f 1138/1232/1009 1137/1231/1009 784/878/1009 782/876/1009
f 786/880/1010 851/945/1010 1139/1233/1010 959/1053/1010
f 851/945/1011 794/888/1011 810/904/1011 1139/1233/1011
f 1139/1233/1012 810/904/1012 808/902/1012 1121/1215/1012
f 959/1053/1013 1139/1233/1013 1121/1215/1013 731/825/1013
f 1140/1234/1014 1141/1235/1014 1142/1236/1014 1143/1237/1014
f 1144/1238/1015 1145/1239/1015 1142/1236/1015 1141/1235/1015
f 1146/1240/1016 1143/1237/1016 1142/1236/1016 1145/1239/1016
f 772/866/1017 777/871/1017 1147/1241/1017 773/867/1017
f 777/871/1018 724/818/1018 727/821/1018 1147/1241/1018
f 1147/1241/1019 727/821/1019 730/824/1019 1148/1242/1019
f 773/867/1020 1147/1241/1020 1148/1242/1020 774/868/1020
f 1131/1225/1021 1130/1224/1021 1149/1243/1021 1150/1244/1021
f 1130/1224/1022 1129/1223/1022 1151/1245/1022 1149/1243/1022
f 1149/1243/1023 1151/1245/1023 1111/1205/1023 1109/1203/1023
f 1150/1244/1024 1149/1243/1024 1109/1203/1024 885/979/1024
f 1152/1246/1025 1153/1247/1025 1154/1248/1025 1155/1249/1025
f 1076/1170/1026 1079/1173/1026 1154/1248/1026 1153/1247/1026
f 1084/1178/1027 1155/1249/1027 1154/1248/1027 1079/1173/1027
f 728/822/1028 1136/1230/1028 1156/1250/1028 729/823/1028
f 1136/1230/1029 723/817/1029 722/816/1029 1156/1250/1029
f 1156/1250/1030 722/816/1030 717/811/1030 1157/1251/1030
f 729/823/1031 1156/1250/1031 1157/1251/1031 730/824/1031
f 730/824/1032 1157/1251/1032 1158/1252/1032 1148/1242/1032
f 1157/1251/1033 717/811/1033 716/810/1033 1158/1252/1033
f 1158/1252/1034 716/810/1034 715/809/1034 1159/1253/1034
f 1148/1242/1035 1158/1252/1035 1159/1253/1035 774/868/1035
f 1144/1238/1036 1141/1235/1036 1160/1254/1036 1161/1255/1036
f 1140/1234/1037 1162/1256/1037 1160/1254/1037 1141/1235/1037
f 1163/1257/1038 1161/1255/1038 1160/1254/1038 1162/1256/1038
f 774/868/1039 1159/1253/1039 1164/1258/1039 771/865/1039
f 1159/1253/1040 715/809/1040 1165/1259/1040 1164/1258/1040
f 1164/1258/1041 1165/1259/1041 1134/1228/1041 1132/1226/1041
f 771/865/1042 1164/1258/1042 1132/1226/1042 739/833/1042
f 876/970/1043 903/997/1043 1166/1260/1043 877/971/1043
f 903/997/1044 900/994/1044 899/993/1044 1166/1260/1044
f 1166/1260/1045 899/993/1045 884/978/1045 883/977/1045
f 877/971/1046 1166/1260/1046 883/977/1046 878/972/1046
f 815/909/1047 1167/1261/1047 1168/1262/1047 816/910/1047
f 1167/1261/1048 1169/1263/1048 1170/1264/1048 1168/1262/1048
f 1168/1262/1049 1170/1264/1049 1171/1265/1049 1172/1266/1049
f 816/910/1050 1168/1262/1050 1172/1266/1050 817/911/1050
f 885/979/1051 888/982/1051 1173/1267/1051 1174/1268/1051
f 888/982/1052 891/985/1052 1175/1269/1052 1173/1267/1052
f 1173/1267/1053 1175/1269/1053 858/952/1053 857/951/1053
f 1174/1268/1054 1173/1267/1054 857/951/1054 856/950/1054
f 1058/1152/1055 1176/1270/1055 1177/1271/1055 1059/1153/1055
f 1176/1270/1056 1004/1098/1056 1116/1210/1056 1177/1271/1056
f 1177/1271/1057 1116/1210/1057 1119/1213/1057 1178/1272/1057
f 1059/1153/1058 1177/1271/1058 1178/1272/1058 1060/1154/1058
f 1169/1263/1059 1179/1273/1059 1180/1274/1059 1170/1264/1059
f 1179/1273/1060 1075/1169/1060 1074/1168/1060 1180/1274/1060
f 1180/1274/1061 1074/1168/1061 942/1036/1061 1181/1275/1061
f 1170/1264/1062 1180/1274/1062 1181/1275/1062 1171/1265/1062
f 1182/1276/1063 1183/1277/1063 1184/1278/1063 1185/1279/1063
f 1183/1277/1064 1054/1148/1064 1057/1151/1064 1184/1278/1064
f 1184/1278/1065 1057/1151/1065 1060/1154/1065 1186/1280/1065
f 1185/1279/1066 1184/1278/1066 1186/1280/1066 1033/1127/1066
f 1054/1148/1067 1183/1277/1067 1187/1281/1067 1188/1282/1067
f 1183/1277/1068 1182/1276/1068 1189/1283/1068 1187/1281/1068
f 1187/1281/1069 1189/1283/1069 1108/1202/1069 1190/1284/1069
f 1188/1282/1070 1187/1281/1070 1190/1284/1070 1085/1179/1070
f 1191/1285/1071 1192/1286/1071 1193/1287/1071 1194/1288/1071
f 1192/1286/1072 1195/1289/1072 1196/1290/1072 1193/1287/1072
f 1193/1287/1073 1196/1290/1073 1091/1185/1073 1089/1183/1073
f 1194/1288/1074 1193/1287/1074 1089/1183/1074 1080/1174/1074
f 936/1030/1075 1197/1291/1075 1198/1292/1075 937/1031/1075
f 1197/1291/1076 811/905/1076 814/908/1076 1198/1292/1076
f 1198/1292/1077 814/908/1077 817/911/1077 1199/1293/1077
f 937/1031/1078 1198/1292/1078 1199/1293/1078 940/1034/1078
f 1140/1234/1079 1200/1294/1079 1201/1295/1079 1162/1256/1079
f 1200/1294/1080 1202/1296/1080 1203/1297/1080 1201/1295/1080
f 1201/1295/1081 1203/1297/1081 1191/1285/1081 1204/1298/1081
f 1162/1256/1082 1201/1295/1082 1204/1298/1082 1163/1257/1082
f 1029/1123/1083 1032/1126/1083 1205/1299/1083 1206/1300/1083
f 1032/1126/1084 1035/1129/1084 1117/1211/1084 1205/1299/1084
f 1205/1299/1085 1117/1211/1085 1010/1104/1085 1104/1198/1085
f 1206/1300/1086 1205/1299/1086 1104/1198/1086 1108/1202/1086
f 1207/1301/1087 1208/1302/1087 1209/1303/1087 1210/1304/1087
f 1208/1302/1088 852/946/1088 855/949/1088 1209/1303/1088
f 1209/1303/1089 855/949/1089 858/952/1089 1211/1305/1089
f 1210/1304/1090 1209/1303/1090 1211/1305/1090 762/856/1090
f 1212/1306/1091 1213/1307/1091 1214/1308/1091 1215/1309/1091
f 1213/1307/1092 1169/1263/1092 1167/1261/1092 1214/1308/1092
f 1214/1308/1093 1167/1261/1093 815/909/1093 1216/1310/1093
f 1215/1309/1094 1214/1308/1094 1216/1310/1094 1217/1311/1094
f 1152/1246/1095 1218/1312/1095 1219/1313/1095 1153/1247/1095
f 1218/1312/1096 1144/1238/1096 1161/1255/1096 1219/1313/1096
f 1219/1313/1097 1161/1255/1097 1163/1257/1097 1220/1314/1097
f 1153/1247/1098 1219/1313/1098 1220/1314/1098 1076/1170/1098
f 760/854/1099 1221/1315/1099 1222/1316/1099 761/855/1099
f 1221/1315/1100 1223/1317/1100 1224/1318/1100 1222/1316/1100
f 1222/1316/1101 1224/1318/1101 1207/1301/1101 1210/1304/1101
f 761/855/1102 1222/1316/1102 1210/1304/1102 762/856/1102
f 1146/1240/1103 1225/1319/1103 1226/1320/1103 1227/1321/1103
f 1225/1319/1104 1084/1178/1104 1083/1177/1104 1226/1320/1104
f 1226/1320/1105 1083/1177/1105 1082/1176/1105 1228/1322/1105
f 1227/1321/1106 1226/1320/1106 1228/1322/1106 1229/1323/1106
f 1070/1164/1107 1230/1324/1107 1231/1325/1107 1071/1165/1107
f 1230/1324/1108 1212/1306/1108 1215/1309/1108 1231/1325/1108
f 1231/1325/1109 1215/1309/1109 1217/1311/1109 1232/1326/1109
f 1071/1165/1110 1231/1325/1110 1232/1326/1110 936/1030/1110
f 1108/1202/1111 1107/1201/1111 1233/1327/1111 1190/1284/1111
f 1107/1201/1112 1106/1200/1112 1234/1328/1112 1233/1327/1112
f 1233/1327/1113 1234/1328/1113 1095/1189/1113 1093/1187/1113
f 1190/1284/1114 1233/1327/1114 1093/1187/1114 1085/1179/1114
f 1131/1225/1115 1150/1244/1115 1235/1329/1115 1236/1330/1115
f 1150/1244/1116 885/979/1116 1174/1268/1116 1235/1329/1116
f 1235/1329/1117 1174/1268/1117 856/950/1117 1237/1331/1117
f 1236/1330/1118 1235/1329/1118 1237/1331/1118 1223/1317/1118
f 1238/1332/1119 1239/1333/1119 1240/1334/1119 1241/1335/1119
f 1239/1333/1120 1242/1336/1120 1243/1337/1120 1240/1334/1120
f 1240/1334/1121 1243/1337/1121 1244/1338/1121 1245/1339/1121
f 1241/1335/1122 1240/1334/1122 1245/1339/1122 1246/1340/1122
f 1202/1296/1123 1247/1341/1123 1248/1342/1123 1203/1297/1123
f 1247/1341/1124 1229/1323/1124 1249/1343/1124 1248/1342/1124
f 1248/1342/1125 1249/1343/1125 1195/1289/1125 1192/1286/1125
f 1203/1297/1126 1248/1342/1126 1192/1286/1126 1191/1285/1126
f 1131/1225/1127 1236/1330/1127 1250/1344/1127 1127/1221/1127
f 1236/1330/1128 1223/1317/1128 1221/1315/1128 1250/1344/1128
f 1250/1344/1129 1221/1315/1129 760/854/1129 757/851/1129
f 1127/1221/1130 1250/1344/1130 757/851/1130 756/850/1130
f 713/807/1131 1251/1345/1131 1252/1346/1131 714/808/1131
f 1251/1345/1132 1253/1347/1132 1254/1348/1132 1252/1346/1132
f 1252/1346/1133 1254/1348/1133 1134/1228/1133 1165/1259/1133
f 714/808/1134 1252/1346/1134 1165/1259/1134 715/809/1134
f 1253/1347/1135 1255/1349/1135 1256/1350/1135 1254/1348/1135
f 1255/1349/1136 718/812/1136 721/815/1136 1256/1350/1136
f 1256/1350/1137 721/815/1137 723/817/1137 1135/1229/1137
f 1254/1348/1138 1256/1350/1138 1135/1229/1138 1134/1228/1138
f 1257/1351/1139 1258/1352/1139 1259/1353/1139 1260/1354/1139
f 1258/1352/1140 1261/1355/1140 1262/1356/1140 1259/1353/1140
f 1259/1353/1141 1262/1356/1141 709/803/1141 719/813/1141
f 1260/1354/1142 1259/1353/1142 719/813/1142 718/812/1142
f 1261/1355/1143 1263/1357/1143 1264/1358/1143 1262/1356/1143
f 1263/1357/1144 1265/1359/1144 1266/1360/1144 1264/1358/1144
f 1264/1358/1145 1266/1360/1145 713/807/1145 710/804/1145
f 1262/1356/1146 1264/1358/1146 710/804/1146 709/803/1146
f 1265/1359/1147 1267/1361/1147 1268/1362/1147 1266/1360/1147
f 1267/1361/1148 1269/1363/1148 1270/1364/1148 1268/1362/1148
f 1268/1362/1149 1270/1364/1149 1253/1347/1149 1251/1345/1149
f 1266/1360/1150 1268/1362/1150 1251/1345/1150 713/807/1150
f 1269/1363/1151 1271/1365/1151 1272/1366/1151 1270/1364/1151
f 1271/1365/1152 1257/1351/1152 1260/1354/1152 1272/1366/1152
f 1272/1366/1153 1260/1354/1153 718/812/1153 1255/1349/1153
f 1270/1364/1154 1272/1366/1154 1255/1349/1154 1253/1347/1154
f 1273/1367/1155 1274/1368/1155 1275/1369/1155 1276/1370/1155
f 1274/1368/1156 1277/1371/1156 1278/1372/1156 1275/1369/1156
f 1275/1369/1157 1278/1372/1157 1261/1355/1157 1258/1352/1157
f 1276/1370/1158 1275/1369/1158 1258/1352/1158 1257/1351/1158
f 1277/1371/1159 1279/1373/1159 1280/1374/1159 1278/1372/1159
f 1279/1373/1160 1281/1375/1160 1282/1376/1160 1280/1374/1160
f 1280/1374/1161 1282/1376/1161 1265/1359/1161 1263/1357/1161
f 1278/1372/1162 1280/1374/1162 1263/1357/1162 1261/1355/1162
f 1281/1375/1163 1283/1377/1163 1284/1378/1163 1282/1376/1163
f 1283/1377/1164 1285/1379/1164 1286/1380/1164 1284/1378/1164
f 1284/1378/1165 1286/1380/1165 1269/1363/1165 1267/1361/1165
f 1282/1376/1166 1284/1378/1166 1267/1361/1166 1265/1359/1166
f 1285/1379/1167 1287/1381/1167 1288/1382/1167 1286/1380/1167
f 1287/1381/1168 1273/1367/1168 1276/1370/1168 1288/1382/1168
f 1288/1382/1169 1276/1370/1169 1257/1351/1169 1271/1365/1169
f 1286/1380/1170 1288/1382/1170 1271/1365/1170 1269/1363/1170
f 1289/1383/1171 1290/1384/1171 1291/1385/1171 1292/1386/1171
f 1290/1384/1172 1293/1387/1172 1294/1388/1172 1291/1385/1172
f 1291/1385/1173 1294/1388/1173 840/934/1173 846/940/1173
f 1292/1386/1174 1291/1385/1174 846/940/1174 829/923/1174
f 1293/1387/1175 1295/1389/1175 1296/1390/1175 1294/1388/1175
f 1295/1389/1176 1297/1391/1176 1298/1392/1176 1296/1390/1176
f 1296/1390/1177 1298/1392/1177 834/928/1177 841/935/1177
f 1294/1388/1178 1296/1390/1178 841/935/1178 840/934/1178
f 1297/1391/1179 1299/1393/1179 1300/1394/1179 1298/1392/1179
f 1299/1393/1180 1301/1395/1180 1302/1396/1180 1300/1394/1180
f 1300/1394/1181 1302/1396/1181 825/919/1181 835/929/1181
f 1298/1392/1182 1300/1394/1182 835/929/1182 834/928/1182
f 1301/1395/1183 1303/1397/1183 1304/1398/1183 1302/1396/1183
f 1303/1397/1184 1289/1383/1184 1292/1386/1184 1304/1398/1184
f 1304/1398/1185 1292/1386/1185 829/923/1185 826/920/1185
f 1302/1396/1186 1304/1398/1186 826/920/1186 825/919/1186
f 858/952/1187 1175/1269/1187 1305/1399/1187 1306/1400/1187
f 1175/1269/1188 891/985/1188 1307/1401/1188 1305/1399/1188
f 1305/1399/1189 1307/1401/1189 1293/1387/1189 1290/1384/1189
f 1306/1400/1190 1305/1399/1190 1290/1384/1190 1289/1383/1190
f 891/985/1191 894/988/1191 1308/1402/1191 1307/1401/1191
f 894/988/1192 756/850/1192 1309/1403/1192 1308/1402/1192
f 1308/1402/1193 1309/1403/1193 1297/1391/1193 1295/1389/1193
f 1307/1401/1194 1308/1402/1194 1295/1389/1194 1293/1387/1194
f 756/850/1195 759/853/1195 1310/1404/1195 1309/1403/1195
f 759/853/1196 762/856/1196 1311/1405/1196 1310/1404/1196
f 1310/1404/1197 1311/1405/1197 1301/1395/1197 1299/1393/1197
f 1309/1403/1198 1310/1404/1198 1299/1393/1198 1297/1391/1198
f 762/856/1199 1211/1305/1199 1312/1406/1199 1311/1405/1199
f 1211/1305/1200 858/952/1200 1306/1400/1200 1312/1406/1200
f 1312/1406/1201 1306/1400/1201 1289/1383/1201 1303/1397/1201
f 1311/1405/1202 1312/1406/1202 1303/1397/1202 1301/1395/1202
f 1313/1407/1203 1314/1408/1203 1315/1409/1203 1316/1410/1203
f 1314/1408/1204 1317/1411/1204 1318/1412/1204 1315/1409/1204
f 1315/1409/1205 1318/1412/1205 1277/1371/1205 1274/1368/1205
f 1316/1410/1206 1315/1409/1206 1274/1368/1206 1273/1367/1206
f 1317/1411/1207 1319/1413/1207 1320/1414/1207 1318/1412/1207
f 1319/1413/1208 1321/1415/1208 1322/1416/1208 1320/1414/1208
f 1320/1414/1209 1322/1416/1209 1281/1375/1209 1279/1373/1209
f 1318/1412/1210 1320/1414/1210 1279/1373/1210 1277/1371/1210
f 1321/1415/1211 1323/1417/1211 1324/1418/1211 1322/1416/1211
f 1323/1417/1212 1325/1419/1212 1326/1420/1212 1324/1418/1212
f 1324/1418/1213 1326/1420/1213 1285/1379/1213 1283/1377/1213
f 1322/1416/1214 1324/1418/1214 1283/1377/1214 1281/1375/1214
f 1325/1419/1215 1327/1421/1215 1328/1422/1215 1326/1420/1215
f 1327/1421/1216 1313/1407/1216 1316/1410/1216 1328/1422/1216
f 1328/1422/1217 1316/1410/1217 1273/1367/1217 1287/1381/1217
f 1326/1420/1218 1328/1422/1218 1287/1381/1218 1285/1379/1218
f 936/1030/1219 1232/1326/1219 1329/1423/1219 1330/1424/1219
f 1232/1326/1220 1217/1311/1220 1331/1425/1220 1329/1423/1220
f 1329/1423/1221 1331/1425/1221 1317/1411/1221 1314/1408/1221
f 1330/1424/1222 1329/1423/1222 1314/1408/1222 1313/1407/1222
f 1217/1311/1223 1216/1310/1223 1332/1426/1223 1331/1425/1223
f 1216/1310/1224 815/909/1224 1333/1427/1224 1332/1426/1224
f 1332/1426/1225 1333/1427/1225 1321/1415/1225 1319/1413/1225
f 1331/1425/1226 1332/1426/1226 1319/1413/1226 1317/1411/1226
f 815/909/1227 812/906/1227 1334/1428/1227 1333/1427/1227
f 812/906/1228 811/905/1228 1335/1429/1228 1334/1428/1228
f 1334/1428/1229 1335/1429/1229 1325/1419/1229 1323/1417/1229
f 1333/1427/1230 1334/1428/1230 1323/1417/1230 1321/1415/1230
f 811/905/1231 1197/1291/1231 1336/1430/1231 1335/1429/1231
f 1197/1291/1232 936/1030/1232 1330/1424/1232 1336/1430/1232
f 1336/1430/1233 1330/1424/1233 1313/1407/1233 1327/1421/1233
f 1335/1429/1234 1336/1430/1234 1327/1421/1234 1325/1419/1234
f 1337/1431/1235 1338/1432/1235 1339/1433/1235 1340/1434/1235
f 1338/1432/1236 1341/1435/1236 1342/1436/1236 1339/1433/1236
f 1339/1433/1237 1342/1436/1237 763/857/1237 788/882/1237
f 1340/1434/1238 1339/1433/1238 788/882/1238 745/839/1238
f 1341/1435/1239 1343/1437/1239 1344/1438/1239 1342/1436/1239
f 1343/1437/1240 1345/1439/1240 1346/1440/1240 1344/1438/1240
f 1344/1438/1241 1346/1440/1241 750/844/1241 764/858/1241
f 1342/1436/1242 1344/1438/1242 764/858/1242 763/857/1242
f 1345/1439/1243 1347/1441/1243 1348/1442/1243 1346/1440/1243
f 1347/1441/1244 1349/1443/1244 1350/1444/1244 1348/1442/1244
f 1348/1442/1245 1350/1444/1245 741/835/1245 751/845/1245
f 1346/1440/1246 1348/1442/1246 751/845/1246 750/844/1246
f 1349/1443/1247 1351/1445/1247 1352/1446/1247 1350/1444/1247
f 1351/1445/1248 1337/1431/1248 1340/1434/1248 1352/1446/1248
f 1352/1446/1249 1340/1434/1249 745/839/1249 742/836/1249
f 1350/1444/1250 1352/1446/1250 742/836/1250 741/835/1250
f 1119/1213/1251 1118/1212/1251 1353/1447/1251 1354/1448/1251
f 1118/1212/1252 1035/1129/1252 1355/1449/1252 1353/1447/1252
f 1353/1447/1253 1355/1449/1253 1341/1435/1253 1338/1432/1253
f 1354/1448/1254 1353/1447/1254 1338/1432/1254 1337/1431/1254
f 1035/1129/1255 1034/1128/1255 1356/1450/1255 1355/1449/1255
f 1034/1128/1256 1033/1127/1256 1357/1451/1256 1356/1450/1256
f 1356/1450/1257 1357/1451/1257 1345/1439/1257 1343/1437/1257
f 1355/1449/1258 1356/1450/1258 1343/1437/1258 1341/1435/1258
f 1033/1127/1259 1186/1280/1259 1358/1452/1259 1357/1451/1259
f 1186/1280/1260 1060/1154/1260 1359/1453/1260 1358/1452/1260
f 1358/1452/1261 1359/1453/1261 1349/1443/1261 1347/1441/1261
f 1357/1451/1262 1358/1452/1262 1347/1441/1262 1345/1439/1262
f 1060/1154/1263 1178/1272/1263 1360/1454/1263 1359/1453/1263
f 1178/1272/1264 1119/1213/1264 1354/1448/1264 1360/1454/1264
f 1360/1454/1265 1354/1448/1265 1337/1431/1265 1351/1445/1265
f 1359/1453/1266 1360/1454/1266 1351/1445/1266 1349/1443/1266
f 1361/1455/1267 1362/1456/1267 1363/1457/1267 1364/1458/1267
f 1362/1456/1268 1365/1459/1268 1366/1460/1268 1363/1457/1268
f 1363/1457/1269 1366/1460/1269 782/876/1269 780/874/1269
f 1364/1458/1270 1363/1457/1270 780/874/1270 778/872/1270
f 1365/1459/1271 1367/1461/1271 1368/1462/1271 1366/1460/1271
f 1367/1461/1272 1369/1463/1272 1370/1464/1272 1368/1462/1272
f 1368/1462/1273 1370/1464/1273 821/915/1273 1138/1232/1273
f 1366/1460/1274 1368/1462/1274 1138/1232/1274 782/876/1274
f 1369/1463/1275 1371/1465/1275 1372/1466/1275 1370/1464/1275
f 1371/1465/1276 1373/1467/1276 1374/1468/1276 1372/1466/1276
f 1372/1466/1277 1374/1468/1277 772/866/1277 823/917/1277
f 1370/1464/1278 1372/1466/1278 823/917/1278 821/915/1278
f 1373/1467/1279 1375/1469/1279 1376/1470/1279 1374/1468/1279
f 1375/1469/1280 1361/1455/1280 1364/1458/1280 1376/1470/1280
f 1376/1470/1281 1364/1458/1281 778/872/1281 775/869/1281
f 1374/1468/1282 1376/1470/1282 775/869/1282 772/866/1282
f 1377/1471/1283 1378/1472/1283 1379/1473/1283 1380/1474/1283
f 1378/1472/1284 1381/1475/1284 1382/1476/1284 1379/1473/1284
f 1379/1473/1285 1382/1476/1285 1365/1459/1285 1362/1456/1285
f 1380/1474/1286 1379/1473/1286 1362/1456/1286 1361/1455/1286
f 1381/1475/1287 1383/1477/1287 1384/1478/1287 1382/1476/1287
f 1383/1477/1288 1385/1479/1288 1386/1480/1288 1384/1478/1288
f 1384/1478/1289 1386/1480/1289 1369/1463/1289 1367/1461/1289
f 1382/1476/1290 1384/1478/1290 1367/1461/1290 1365/1459/1290
f 1385/1479/1291 1387/1481/1291 1388/1482/1291 1386/1480/1291
f 1387/1481/1292 1389/1483/1292 1390/1484/1292 1388/1482/1292
f 1388/1482/1293 1390/1484/1293 1373/1467/1293 1371/1465/1293
f 1386/1480/1294 1388/1482/1294 1371/1465/1294 1369/1463/1294
f 1389/1483/1295 1391/1485/1295 1392/1486/1295 1390/1484/1295
f 1391/1485/1296 1377/1471/1296 1380/1474/1296 1392/1486/1296
f 1392/1486/1297 1380/1474/1297 1361/1455/1297 1375/1469/1297
f 1390/1484/1298 1392/1486/1298 1375/1469/1298 1373/1467/1298
f 1191/1285/1299 1194/1288/1299 1393/1487/1299 1394/1488/1299
f 1194/1288/1300 1080/1174/1300 1395/1489/1300 1393/1487/1300
f 1393/1487/1301 1395/1489/1301 1381/1475/1301 1378/1472/1301
f 1394/1488/1302 1393/1487/1302 1378/1472/1302 1377/1471/1302
f 1080/1174/1303 1077/1171/1303 1396/1490/1303 1395/1489/1303
f 1077/1171/1304 1076/1170/1304 1397/1491/1304 1396/1490/1304
f 1396/1490/1305 1397/1491/1305 1385/1479/1305 1383/1477/1305
f 1395/1489/1306 1396/1490/1306 1383/1477/1306 1381/1475/1306
f 1076/1170/1307 1220/1314/1307 1398/1492/1307 1397/1491/1307
f 1220/1314/1308 1163/1257/1308 1399/1493/1308 1398/1492/1308
f 1398/1492/1309 1399/1493/1309 1389/1483/1309 1387/1481/1309
f 1397/1491/1310 1398/1492/1310 1387/1481/1310 1385/1479/1310
f 1163/1257/1311 1204/1298/1311 1400/1494/1311 1399/1493/1311
f 1204/1298/1312 1191/1285/1312 1394/1488/1312 1400/1494/1312
f 1400/1494/1313 1394/1488/1313 1377/1471/1313 1391/1485/1313
f 1399/1493/1314 1400/1494/1314 1391/1485/1314 1389/1483/1314
f 1401/1495/1315 1402/1496/1315 1403/1497/1315 1404/1498/1315
f 1402/1496/1316 1405/1499/1316 1406/1500/1316 1403/1497/1316
f 1403/1497/1317 1406/1500/1317 1144/1238/1317 1218/1312/1317
f 1404/1498/1318 1403/1497/1318 1218/1312/1318 1152/1246/1318
f 1405/1499/1319 1407/1501/1319 1408/1502/1319 1406/1500/1319
f 1407/1501/1320 1409/1503/1320 1410/1504/1320 1408/1502/1320
f 1408/1502/1321 1410/1504/1321 1146/1240/1321 1145/1239/1321
f 1406/1500/1322 1408/1502/1322 1145/1239/1322 1144/1238/1322
f 1409/1503/1323 1411/1505/1323 1412/1506/1323 1410/1504/1323
f 1411/1505/1324 1413/1507/1324 1414/1508/1324 1412/1506/1324
f 1412/1506/1325 1414/1508/1325 1084/1178/1325 1225/1319/1325
f 1410/1504/1326 1412/1506/1326 1225/1319/1326 1146/1240/1326
f 1413/1507/1327 1415/1509/1327 1416/1510/1327 1414/1508/1327
f 1415/1509/1328 1401/1495/1328 1404/1498/1328 1416/1510/1328
f 1416/1510/1329 1404/1498/1329 1152/1246/1329 1155/1249/1329
f 1414/1508/1330 1416/1510/1330 1155/1249/1330 1084/1178/1330
f 1417/1511/1331 1418/1512/1331 1419/1513/1331 1420/1514/1331
f 1418/1512/1332 1421/1515/1332 1422/1516/1332 1419/1513/1332
f 1419/1513/1333 1422/1516/1333 1405/1499/1333 1402/1496/1333
f 1420/1514/1334 1419/1513/1334 1402/1496/1334 1401/1495/1334
f 1421/1515/1335 1423/1517/1335 1424/1518/1335 1422/1516/1335
f 1423/1517/1336 1425/1519/1336 1426/1520/1336 1424/1518/1336
f 1424/1518/1337 1426/1520/1337 1409/1503/1337 1407/1501/1337
f 1422/1516/1338 1424/1518/1338 1407/1501/1338 1405/1499/1338
f 1425/1519/1339 1427/1521/1339 1428/1522/1339 1426/1520/1339
f 1427/1521/1340 1429/1523/1340 1430/1524/1340 1428/1522/1340
f 1428/1522/1341 1430/1524/1341 1413/1507/1341 1411/1505/1341
f 1426/1520/1342 1428/1522/1342 1411/1505/1342 1409/1503/1342
f 1429/1523/1343 1431/1525/1343 1432/1526/1343 1430/1524/1343
f 1431/1525/1344 1417/1511/1344 1420/1514/1344 1432/1526/1344
f 1432/1526/1345 1420/1514/1345 1401/1495/1345 1415/1509/1345
f 1430/1524/1346 1432/1526/1346 1415/1509/1346 1413/1507/1346
f 1433/1527/1347 1434/1528/1347 1435/1529/1347 1436/1530/1347
f 1434/1528/1348 1437/1531/1348 1438/1532/1348 1435/1529/1348
f 1435/1529/1349 1438/1532/1349 1421/1515/1349 1418/1512/1349
f 1436/1530/1350 1435/1529/1350 1418/1512/1350 1417/1511/1350
f 1437/1531/1351 1439/1533/1351 1440/1534/1351 1438/1532/1351
f 1439/1533/1352 1441/1535/1352 1442/1536/1352 1440/1534/1352
f 1440/1534/1353 1442/1536/1353 1425/1519/1353 1423/1517/1353
f 1438/1532/1354 1440/1534/1354 1423/1517/1354 1421/1515/1354
f 1441/1535/1355 1443/1537/1355 1444/1538/1355 1442/1536/1355
f 1443/1537/1356 1445/1539/1356 1446/1540/1356 1444/1538/1356
f 1444/1538/1357 1446/1540/1357 1429/1523/1357 1427/1521/1357
f 1442/1536/1358 1444/1538/1358 1427/1521/1358 1425/1519/1358
f 1445/1539/1359 1447/1541/1359 1448/1542/1359 1446/1540/1359
f 1447/1541/1360 1433/1527/1360 1436/1530/1360 1448/1542/1360
f 1448/1542/1361 1436/1530/1361 1417/1511/1361 1431/1525/1361
f 1446/1540/1362 1448/1542/1362 1431/1525/1362 1429/1523/1362
f 1449/1543/1363 1450/1544/1363 1451/1545/1363 1452/1546/1363
f 1450/1544/1364 1453/1547/1364 1454/1548/1364 1451/1545/1364
f 1451/1545/1365 1454/1548/1365 1437/1531/1365 1434/1528/1365
f 1452/1546/1366 1451/1545/1366 1434/1528/1366 1433/1527/1366
f 1453/1547/1367 1455/1549/1367 1456/1550/1367 1454/1548/1367
f 1455/1549/1368 1457/1551/1368 1458/1552/1368 1456/1550/1368
f 1456/1550/1369 1458/1552/1369 1441/1535/1369 1439/1533/1369
f 1454/1548/1370 1456/1550/1370 1439/1533/1370 1437/1531/1370
f 1457/1551/1371 1459/1553/1371 1460/1554/1371 1458/1552/1371
f 1459/1553/1372 1461/1555/1372 1462/1556/1372 1460/1554/1372
f 1460/1554/1373 1462/1556/1373 1445/1539/1373 1443/1537/1373
f 1458/1552/1374 1460/1554/1374 1443/1537/1374 1441/1535/1374
f 1461/1555/1375 1463/1557/1375 1464/1558/1375 1462/1556/1375
f 1463/1557/1376 1449/1543/1376 1452/1546/1376 1464/1558/1376
f 1464/1558/1377 1452/1546/1377 1433/1527/1377 1447/1541/1377
f 1462/1556/1378 1464/1558/1378 1447/1541/1378 1445/1539/1378
f 1465/1559/1379 1466/1560/1379 1467/1561/1379 1468/1562/1379
f 1466/1560/1380 1469/1563/1380 1470/1564/1380 1467/1561/1380
f 1467/1561/1381 1470/1564/1381 1091/1185/1381 1196/1290/1381
f 1468/1562/1382 1467/1561/1382 1196/1290/1382 1195/1289/1382
f 1469/1563/1383 1471/1565/1383 1472/1566/1383 1470/1564/1383
f 1471/1565/1384 1473/1567/1384 1474/1568/1384 1472/1566/1384
f 1472/1566/1385 1474/1568/1385 1082/1176/1385 1092/1186/1385
f 1470/1564/1386 1472/1566/1386 1092/1186/1386 1091/1185/1386
f 1473/1567/1387 1475/1569/1387 1476/1570/1387 1474/1568/1387
f 1475/1569/1388 1477/1571/1388 1478/1572/1388 1476/1570/1388
f 1476/1570/1389 1478/1572/1389 1229/1323/1389 1228/1322/1389
f 1474/1568/1390 1476/1570/1390 1228/1322/1390 1082/1176/1390
f 1477/1571/1391 1479/1573/1391 1480/1574/1391 1478/1572/1391
f 1479/1573/1392 1465/1559/1392 1468/1562/1392 1480/1574/1392
f 1480/1574/1393 1468/1562/1393 1195/1289/1393 1249/1343/1393
f 1478/1572/1394 1480/1574/1394 1249/1343/1394 1229/1323/1394
f 1481/1575/1395 1482/1576/1395 1483/1577/1395 1484/1578/1395
f 1482/1576/1396 1485/1579/1396 1486/1580/1396 1483/1577/1396
f 1483/1577/1397 1486/1580/1397 1469/1563/1397 1466/1560/1397
f 1484/1578/1398 1483/1577/1398 1466/1560/1398 1465/1559/1398
f 1485/1579/1399 1487/1581/1399 1488/1582/1399 1486/1580/1399
f 1487/1581/1400 1489/1583/1400 1490/1584/1400 1488/1582/1400
f 1488/1582/1401 1490/1584/1401 1473/1567/1401 1471/1565/1401
f 1486/1580/1402 1488/1582/1402 1471/1565/1402 1469/1563/1402
f 1489/1583/1403 1491/1585/1403 1492/1586/1403 1490/1584/1403
f 1491/1585/1404 1493/1587/1404 1494/1588/1404 1492/1586/1404
f 1492/1586/1405 1494/1588/1405 1477/1571/1405 1475/1569/1405
f 1490/1584/1406 1492/1586/1406 1475/1569/1406 1473/1567/1406
f 1493/1587/1407 1495/1589/1407 1496/1590/1407 1494/1588/1407
f 1495/1589/1408 1481/1575/1408 1484/1578/1408 1496/1590/1408
f 1496/1590/1409 1484/1578/1409 1465/1559/1409 1479/1573/1409
f 1494/1588/1410 1496/1590/1410 1479/1573/1410 1477/1571/1410
f 1497/1591/1411 1498/1592/1411 1499/1593/1411 1500/1594/1411
f 1498/1592/1412 1501/1595/1412 1502/1596/1412 1499/1593/1412
f 1499/1593/1413 1502/1596/1413 1485/1579/1413 1482/1576/1413
f 1500/1594/1414 1499/1593/1414 1482/1576/1414 1481/1575/1414
f 1501/1595/1415 1503/1597/1415 1504/1598/1415 1502/1596/1415
f 1503/1597/1416 1505/1599/1416 1506/1600/1416 1504/1598/1416
f 1504/1598/1416 1506/1600/1416 1489/1583/1416 1487/1581/1416
f 1502/1596/1417 1504/1598/1417 1487/1581/1417 1485/1579/1417
f 1505/1599/1418 1507/1601/1418 1508/1602/1418 1506/1600/1418
f 1507/1601/1419 1509/1603/1419 1510/1604/1419 1508/1602/1419
f 1508/1602/1420 1510/1604/1420 1493/1587/1420 1491/1585/1420
f 1506/1600/1421 1508/1602/1421 1491/1585/1421 1489/1583/1421
f 1509/1603/1422 1511/1605/1422 1512/1606/1422 1510/1604/1422
f 1511/1605/1423 1497/1591/1423 1500/1594/1423 1512/1606/1423
f 1512/1606/1424 1500/1594/1424 1481/1575/1424 1495/1589/1424
f 1510/1604/1425 1512/1606/1425 1495/1589/1425 1493/1587/1425
f 1513/1607/1426 1514/1608/1426 1515/1609/1426 1516/1610/1426
f 1514/1608/1427 1517/1611/1427 1518/1612/1427 1515/1609/1427
f 1515/1609/1428 1518/1612/1428 1501/1595/1428 1498/1592/1428
f 1516/1610/1429 1515/1609/1429 1498/1592/1429 1497/1591/1429
f 1517/1611/1430 1519/1613/1430 1520/1614/1430 1518/1612/1430
f 1519/1613/1431 1521/1615/1431 1522/1616/1431 1520/1614/1431
f 1520/1614/1432 1522/1616/1432 1505/1599/1432 1503/1597/1432
f 1518/1612/1433 1520/1614/1433 1503/1597/1433 1501/1595/1433
f 1521/1615/1434 1523/1617/1434 1524/1618/1434 1522/1616/1434
f 1523/1617/1435 1525/1619/1435 1526/1620/1435 1524/1618/1435
f 1524/1618/1436 1526/1620/1436 1509/1603/1436 1507/1601/1436
f 1522/1616/1437 1524/1618/1437 1507/1601/1437 1505/1599/1437
f 1525/1619/1438 1527/1621/1438 1528/1622/1438 1526/1620/1438
f 1527/1621/1439 1513/1607/1439 1516/1610/1439 1528/1622/1439
f 1528/1622/1440 1516/1610/1440 1497/1591/1440 1511/1605/1440
f 1526/1620/1441 1528/1622/1441 1511/1605/1441 1509/1603/1441
f 1529/1623/1442 1530/1624/1442 1531/1625/1442 1532/1626/1442
f 1530/1624/1443 1533/1627/1443 1534/1628/1443 1531/1625/1443
f 1531/1625/1444 1534/1628/1444 1517/1611/1444 1514/1608/1444
f 1532/1626/1445 1531/1625/1445 1514/1608/1445 1513/1607/1445
f 1533/1627/1446 1535/1629/1446 1536/1630/1446 1534/1628/1446
f 1535/1629/1447 1537/1631/1447 1538/1632/1447 1536/1630/1447
f 1536/1630/1448 1538/1632/1448 1521/1615/1448 1519/1613/1448
f 1534/1628/1449 1536/1630/1449 1519/1613/1449 1517/1611/1449
f 1537/1631/1450 1539/1633/1450 1540/1634/1450 1538/1632/1450
f 1539/1633/1451 1541/1635/1451 1542/1636/1451 1540/1634/1451
f 1540/1634/1452 1542/1636/1452 1525/1619/1452 1523/1617/1452
f 1538/1632/1453 1540/1634/1453 1523/1617/1453 1521/1615/1453
f 1541/1635/1454 1543/1637/1454 1544/1638/1454 1542/1636/1454
f 1543/1637/1455 1529/1623/1455 1532/1626/1455 1544/1638/1455
f 1544/1638/1456 1532/1626/1456 1513/1607/1456 1527/1621/1456
f 1542/1636/1457 1544/1638/1457 1527/1621/1457 1525/1619/1457
f 1545/1639/1458 1546/1640/1458 1547/1641/1458 1548/1642/1458
f 1546/1640/1459 1549/1643/1459 1550/1644/1459 1547/1641/1459
f 1547/1641/1460 1550/1644/1460 1202/1296/1460 1200/1294/1460
f 1548/1642/1461 1547/1641/1461 1200/1294/1461 1140/1234/1461
f 1549/1643/1462 1551/1645/1462 1552/1646/1462 1550/1644/1462
f 1551/1645/1463 1553/1647/1463 1554/1648/1463 1552/1646/1463
f 1552/1646/1464 1554/1648/1464 1229/1323/1464 1247/1341/1464
f 1550/1644/1465 1552/1646/1465 1247/1341/1465 1202/1296/1465
f 1553/1647/1466 1555/1649/1466 1556/1650/1466 1554/1648/1466
f 1555/1649/1467 1557/1651/1467 1558/1652/1467 1556/1650/1467
f 1556/1650/1468 1558/1652/1468 1146/1240/1468 1227/1321/1468
f 1554/1648/1469 1556/1650/1469 1227/1321/1469 1229/1323/1469
f 1557/1651/1470 1559/1653/1470 1560/1654/1470 1558/1652/1470
f 1559/1653/1471 1545/1639/1471 1548/1642/1471 1560/1654/1471
f 1560/1654/1472 1548/1642/1472 1140/1234/1472 1143/1237/1472
f 1558/1652/1473 1560/1654/1473 1143/1237/1473 1146/1240/1473
f 1561/1655/1474 1562/1656/1474 1563/1657/1474 1564/1658/1474
f 1562/1656/1475 1565/1659/1475 1566/1660/1475 1563/1657/1475
f 1563/1657/1476 1566/1660/1476 1549/1643/1476 1546/1640/1476
f 1564/1658/1477 1563/1657/1477 1546/1640/1477 1545/1639/1477
f 1565/1659/1478 1567/1661/1478 1568/1662/1478 1566/1660/1478
f 1567/1661/1479 1569/1663/1479 1570/1664/1479 1568/1662/1479
f 1568/1662/1480 1570/1664/1480 1553/1647/1480 1551/1645/1480
f 1566/1660/1481 1568/1662/1481 1551/1645/1481 1549/1643/1481
f 1569/1663/1482 1571/1665/1482 1572/1666/1482 1570/1664/1482
f 1571/1665/1483 1573/1667/1483 1574/1668/1483 1572/1666/1483
f 1572/1666/1484 1574/1668/1484 1557/1651/1484 1555/1649/1484
f 1570/1664/1485 1572/1666/1485 1555/1649/1485 1553/1647/1485
f 1573/1667/1486 1575/1669/1486 1576/1670/1486 1574/1668/1486
f 1575/1669/1487 1561/1655/1487 1564/1658/1487 1576/1670/1487
f 1576/1670/1488 1564/1658/1488 1545/1639/1488 1559/1653/1488
f 1574/1668/1489 1576/1670/1489 1559/1653/1489 1557/1651/1489
f 1577/1671/1490 1578/1672/1490 1579/1673/1490 1580/1674/1490
f 1578/1672/1491 1581/1675/1491 1582/1676/1491 1579/1673/1491
f 1579/1673/1491 1582/1676/1491 1565/1659/1491 1562/1656/1491
f 1580/1674/1492 1579/1673/1492 1562/1656/1492 1561/1655/1492
f 1581/1675/1493 1583/1677/1493 1584/1678/1493 1582/1676/1493
f 1583/1677/1494 1585/1679/1494 1586/1680/1494 1584/1678/1494
f 1584/1678/1495 1586/1680/1495 1569/1663/1495 1567/1661/1495
f 1582/1676/1496 1584/1678/1496 1567/1661/1496 1565/1659/1496
f 1585/1679/1497 1587/1681/1497 1588/1682/1497 1586/1680/1497
f 1587/1681/1498 1589/1683/1498 1590/1684/1498 1588/1682/1498
f 1588/1682/1498 1590/1684/1498 1573/1667/1498 1571/1665/1498
f 1586/1680/1499 1588/1682/1499 1571/1665/1499 1569/1663/1499
f 1589/1683/1500 1591/1685/1500 1592/1686/1500 1590/1684/1500
f 1591/1685/1501 1577/1671/1501 1580/1674/1501 1592/1686/1501
f 1592/1686/1502 1580/1674/1502 1561/1655/1502 1575/1669/1502
f 1590/1684/1503 1592/1686/1503 1575/1669/1503 1573/1667/1503
f 1246/1340/1504 1245/1339/1504 1593/1687/1504 1594/1688/1504
f 1245/1339/1505 1244/1338/1505 1595/1689/1505 1593/1687/1505
f 1593/1687/1506 1595/1689/1506 1581/1675/1506 1578/1672/1506
f 1594/1688/1507 1593/1687/1507 1578/1672/1507 1577/1671/1507
f 1244/1338/1508 1243/1337/1508 1596/1690/1508 1595/1689/1508
f 1243/1337/1509 1242/1336/1509 1597/1691/1509 1596/1690/1509
f 1596/1690/1510 1597/1691/1510 1585/1679/1510 1583/1677/1510
f 1595/1689/1511 1596/1690/1511 1583/1677/1511 1581/1675/1511
f 1242/1336/1512 1239/1333/1512 1598/1692/1512 1597/1691/1512
f 1239/1333/1513 1238/1332/1513 1599/1693/1513 1598/1692/1513
f 1598/1692/1514 1599/1693/1514 1589/1683/1514 1587/1681/1514
f 1597/1691/1515 1598/1692/1515 1587/1681/1515 1585/1679/1515
f 1238/1332/1516 1241/1335/1516 1600/1694/1516 1599/1693/1516
f 1241/1335/1517 1246/1340/1517 1594/1688/1517 1600/1694/1517
f 1600/1694/1518 1594/1688/1518 1577/1671/1518 1591/1685/1518
f 1599/1693/1519 1600/1694/1519 1591/1685/1519 1589/1683/1519
f 1601/1695/1520 1602/1696/1520 1603/1697/1520 1604/1698/1520
f 1602/1696/1521 1605/1699/1521 1606/1700/1521 1603/1697/1521
f 1603/1697/1522 1606/1700/1522 940/1034/1522 1199/1293/1522
f 1604/1698/1523 1603/1697/1523 1199/1293/1523 817/911/1523
f 1605/1699/1524 1607/1701/1524 1608/1702/1524 1606/1700/1524
f 1607/1701/1525 1609/1703/1525 1610/1704/1525 1608/1702/1525
f 1608/1702/1526 1610/1704/1526 942/1036/1526 941/1035/1526
f 1606/1700/1527 1608/1702/1527 941/1035/1527 940/1034/1527
f 1609/1703/1528 1611/1705/1528 1612/1706/1528 1610/1704/1528
f 1611/1705/1529 1613/1707/1529 1614/1708/1529 1612/1706/1529
f 1612/1706/1530 1614/1708/1530 1171/1265/1530 1181/1275/1530
f 1610/1704/1531 1612/1706/1531 1181/1275/1531 942/1036/1531
f 1613/1707/1532 1615/1709/1532 1616/1710/1532 1614/1708/1532
f 1615/1709/1533 1601/1695/1533 1604/1698/1533 1616/1710/1533
f 1616/1710/1534 1604/1698/1534 817/911/1534 1172/1266/1534
f 1614/1708/1535 1616/1710/1535 1172/1266/1535 1171/1265/1535
f 1617/1711/1536 1618/1712/1536 1619/1713/1536 1620/1714/1536
f 1618/1712/1537 1621/1715/1537 1622/1716/1537 1619/1713/1537
f 1619/1713/1537 1622/1716/1537 1605/1699/1537 1602/1696/1537
f 1620/1714/1538 1619/1713/1538 1602/1696/1538 1601/1695/1538
f 1621/1715/1539 1623/1717/1539 1624/1718/1539 1622/1716/1539
f 1623/1717/1540 1625/1719/1540 1626/1720/1540 1624/1718/1540
f 1624/1718/1540 1626/1720/1540 1609/1703/1540 1607/1701/1540
f 1622/1716/1541 1624/1718/1541 1607/1701/1541 1605/1699/1541
f 1625/1719/1542 1627/1721/1542 1628/1722/1542 1626/1720/1542
f 1627/1721/1543 1629/1723/1543 1630/1724/1543 1628/1722/1543
f 1628/1722/1544 1630/1724/1544 1613/1707/1544 1611/1705/1544
f 1626/1720/1542 1628/1722/1542 1611/1705/1542 1609/1703/1542
f 1629/1723/1545 1631/1725/1545 1632/1726/1545 1630/1724/1545
f 1631/1725/1546 1617/1711/1546 1620/1714/1546 1632/1726/1546
f 1632/1726/1546 1620/1714/1546 1601/1695/1546 1615/1709/1546
f 1630/1724/1547 1632/1726/1547 1615/1709/1547 1613/1707/1547
f 1633/1727/1536 1634/1728/1536 1635/1729/1536 1636/1730/1536
f 1634/1728/1537 1637/1731/1537 1638/1732/1537 1635/1729/1537
f 1635/1729/1537 1638/1732/1537 1621/1715/1537 1618/1712/1537
f 1636/1730/1536 1635/1729/1536 1618/1712/1536 1617/1711/1536
f 1637/1731/1539 1639/1733/1539 1640/1734/1539 1638/1732/1539
f 1639/1733/1548 1641/1735/1548 1642/1736/1548 1640/1734/1548
f 1640/1734/1548 1642/1736/1548 1625/1719/1548 1623/1717/1548
f 1638/1732/1539 1640/1734/1539 1623/1717/1539 1621/1715/1539
f 1641/1735/1542 1643/1737/1542 1644/1738/1542 1642/1736/1542
f 1643/1737/1544 1645/1739/1544 1646/1740/1544 1644/1738/1544
f 1644/1738/1544 1646/1740/1544 1629/1723/1544 1627/1721/1544
f 1642/1736/1542 1644/1738/1542 1627/1721/1542 1625/1719/1542
f 1645/1739/1549 1647/1741/1549 1648/1742/1549 1646/1740/1549
f 1647/1741/1546 1633/1727/1546 1636/1730/1546 1648/1742/1546
f 1648/1742/1546 1636/1730/1546 1617/1711/1546 1631/1725/1546
f 1646/1740/1550 1648/1742/1550 1631/1725/1550 1629/1723/1550
f 1649/1743/1551 1650/1744/1551 1651/1745/1551 1652/1746/1551
f 1650/1744/1537 1653/1747/1537 1654/1748/1537 1651/1745/1537
f 1651/1745/1537 1654/1748/1537 1637/1731/1537 1634/1728/1537
f 1652/1746/1538 1651/1745/1538 1634/1728/1538 1633/1727/1538
f 1653/1747/1552 1655/1749/1552 1656/1750/1552 1654/1748/1552
f 1655/1749/1553 1657/1751/1553 1658/1752/1553 1656/1750/1553
f 1656/1750/1540 1658/1752/1540 1641/1735/1540 1639/1733/1540
f 1654/1748/1539 1656/1750/1539 1639/1733/1539 1637/1731/1539
f 1657/1751/1554 1659/1753/1554 1660/1754/1554 1658/1752/1554
f 1659/1753/1555 1661/1755/1555 1662/1756/1555 1660/1754/1555
f 1660/1754/1544 1662/1756/1544 1645/1739/1544 1643/1737/1544
f 1658/1752/1556 1660/1754/1556 1643/1737/1556 1641/1735/1556
f 1661/1755/1557 1663/1757/1557 1664/1758/1557 1662/1756/1557
f 1663/1757/1546 1649/1743/1546 1652/1746/1546 1664/1758/1546
f 1664/1758/1546 1652/1746/1546 1633/1727/1546 1647/1741/1546
f 1662/1756/1558 1664/1758/1558 1647/1741/1558 1645/1739/1558
f 1069/1163/1559 1068/1162/1559 1665/1759/1559 1666/1760/1559
f 1068/1162/1560 1067/1161/1560 1667/1761/1560 1665/1759/1560
f 1665/1759/1561 1667/1761/1561 1653/1747/1561 1650/1744/1561
f 1666/1760/1562 1665/1759/1562 1650/1744/1562 1649/1743/1562
f 1067/1161/1563 1066/1160/1563 1668/1762/1563 1667/1761/1563
f 1066/1160/1564 1065/1159/1564 1669/1763/1564 1668/1762/1564
f 1668/1762/1565 1669/1763/1565 1657/1751/1565 1655/1749/1565
f 1667/1761/1566 1668/1762/1566 1655/1749/1566 1653/1747/1566
f 1065/1159/1567 1062/1156/1567 1670/1764/1567 1669/1763/1567
f 1062/1156/1568 1061/1155/1568 1671/1765/1568 1670/1764/1568
f 1670/1764/1569 1671/1765/1569 1661/1755/1569 1659/1753/1569
f 1669/1763/1570 1670/1764/1570 1659/1753/1570 1657/1751/1570
f 1061/1155/1571 1064/1158/1571 1672/1766/1571 1671/1765/1571
f 1064/1158/1572 1069/1163/1572 1666/1760/1572 1672/1766/1572
f 1672/1766/1573 1666/1760/1573 1649/1743/1573 1663/1757/1573
f 1671/1765/1574 1672/1766/1574 1663/1757/1574 1661/1755/1574
f 1673/1767/1575 1674/1768/1575 1675/1769/1575 1676/1770/1575
f 1674/1768/1576 1677/1771/1576 1678/1772/1576 1675/1769/1576
f 1675/1769/1577 1678/1772/1577 1212/1306/1577 1230/1324/1577
f 1676/1770/1578 1675/1769/1578 1230/1324/1578 1070/1164/1578
f 1677/1771/1579 1679/1773/1579 1680/1774/1579 1678/1772/1579
f 1679/1773/1580 1681/1775/1580 1682/1776/1580 1680/1774/1580
f 1680/1774/1581 1682/1776/1581 1169/1263/1581 1213/1307/1581
f 1678/1772/1582 1680/1774/1582 1213/1307/1582 1212/1306/1582
f 1681/1775/1583 1683/1777/1583 1684/1778/1583 1682/1776/1583
f 1683/1777/1584 1685/1779/1584 1686/1780/1584 1684/1778/1584
f 1684/1778/1585 1686/1780/1585 1075/1169/1585 1179/1273/1585
f 1682/1776/1586 1684/1778/1586 1179/1273/1586 1169/1263/1586
f 1685/1779/1587 1687/1781/1587 1688/1782/1587 1686/1780/1587
f 1687/1781/1588 1673/1767/1588 1676/1770/1588 1688/1782/1588
f 1688/1782/1589 1676/1770/1589 1070/1164/1589 1073/1167/1589
f 1686/1780/1590 1688/1782/1590 1073/1167/1590 1075/1169/1590
f 1689/1783/1591 1690/1784/1591 1691/1785/1591 1692/1786/1591
f 1690/1784/1592 1693/1787/1592 1694/1788/1592 1691/1785/1592
f 1691/1785/1593 1694/1788/1593 1677/1771/1593 1674/1768/1593
f 1692/1786/1594 1691/1785/1594 1674/1768/1594 1673/1767/1594
f 1693/1787/1595 1695/1789/1595 1696/1790/1595 1694/1788/1595
f 1695/1789/1596 1697/1791/1596 1698/1792/1596 1696/1790/1596
f 1696/1790/1597 1698/1792/1597 1681/1775/1597 1679/1773/1597
f 1694/1788/1598 1696/1790/1598 1679/1773/1598 1677/1771/1598
f 1697/1791/1599 1699/1793/1599 1700/1794/1599 1698/1792/1599
f 1699/1793/1600 1701/1795/1600 1702/1796/1600 1700/1794/1600
f 1700/1794/1601 1702/1796/1601 1685/1779/1601 1683/1777/1601
f 1698/1792/1602 1700/1794/1602 1683/1777/1602 1681/1775/1602
f 1701/1795/1603 1703/1797/1603 1704/1798/1603 1702/1796/1603
f 1703/1797/1604 1689/1783/1604 1692/1786/1604 1704/1798/1604
f 1704/1798/1605 1692/1786/1605 1673/1767/1605 1687/1781/1605
f 1702/1796/1606 1704/1798/1606 1687/1781/1606 1685/1779/1606
f 1705/1799/1607 1706/1800/1607 1707/1801/1607 1708/1802/1607
f 1706/1800/1608 1709/1803/1608 1710/1804/1608 1707/1801/1608
f 1707/1801/1609 1710/1804/1609 1693/1787/1609 1690/1784/1609
f 1708/1802/1610 1707/1801/1610 1690/1784/1610 1689/1783/1610
f 1709/1803/1611 1711/1805/1611 1712/1806/1611 1710/1804/1611
f 1711/1805/1612 1713/1807/1612 1714/1808/1612 1712/1806/1612
f 1712/1806/1613 1714/1808/1613 1697/1791/1613 1695/1789/1613
f 1710/1804/1614 1712/1806/1614 1695/1789/1614 1693/1787/1614
f 1713/1807/1615 1715/1809/1615 1716/1810/1615 1714/1808/1615
f 1715/1809/1616 1717/1811/1616 1718/1812/1616 1716/1810/1616
f 1716/1810/1617 1718/1812/1617 1701/1795/1617 1699/1793/1617
f 1714/1808/1618 1716/1810/1618 1699/1793/1618 1697/1791/1618
f 1717/1811/1619 1719/1813/1619 1720/1814/1619 1718/1812/1619
f 1719/1813/1620 1705/1799/1620 1708/1802/1620 1720/1814/1620
f 1720/1814/1621 1708/1802/1621 1689/1783/1621 1703/1797/1621
f 1718/1812/1622 1720/1814/1622 1703/1797/1622 1701/1795/1622
f 1721/1815/1623 1722/1816/1623 1723/1817/1623 1724/1818/1623
f 1722/1816/1624 1725/1819/1624 1726/1820/1624 1723/1817/1624
f 1723/1817/1625 1726/1820/1625 1709/1803/1625 1706/1800/1625
f 1724/1818/1626 1723/1817/1626 1706/1800/1626 1705/1799/1626
f 1725/1819/1627 1727/1821/1627 1728/1822/1627 1726/1820/1627
f 1727/1821/1628 1729/1823/1628 1730/1824/1628 1728/1822/1628
f 1728/1822/1629 1730/1824/1629 1713/1807/1629 1711/1805/1629
f 1726/1820/1630 1728/1822/1630 1711/1805/1630 1709/1803/1630
f 1729/1823/1631 1731/1825/1631 1732/1826/1631 1730/1824/1631
f 1731/1825/1632 1733/1827/1632 1734/1828/1632 1732/1826/1632
f 1732/1826/1633 1734/1828/1633 1717/1811/1633 1715/1809/1633
f 1730/1824/1634 1732/1826/1634 1715/1809/1634 1713/1807/1634
f 1733/1827/1635 1735/1829/1635 1736/1830/1635 1734/1828/1635
f 1735/1829/1636 1721/1815/1636 1724/1818/1636 1736/1830/1636
f 1736/1830/1637 1724/1818/1637 1705/1799/1637 1719/1813/1637
f 1734/1828/1638 1736/1830/1638 1719/1813/1638 1717/1811/1638
f 1737/1831/1639 1738/1832/1639 1739/1833/1639 1740/1834/1639
f 1738/1832/1640 1741/1835/1640 1742/1836/1640 1739/1833/1640
f 1739/1833/1641 1742/1836/1641 1725/1819/1641 1722/1816/1641
f 1740/1834/1642 1739/1833/1642 1722/1816/1642 1721/1815/1642
f 1741/1835/1643 1743/1837/1643 1744/1838/1643 1742/1836/1643
f 1743/1837/1644 1745/1839/1644 1746/1840/1644 1744/1838/1644
f 1744/1838/1645 1746/1840/1645 1729/1823/1645 1727/1821/1645
f 1742/1836/1646 1744/1838/1646 1727/1821/1646 1725/1819/1646
f 1745/1839/1647 1747/1841/1647 1748/1842/1647 1746/1840/1647
f 1747/1841/1648 1749/1843/1648 1750/1844/1648 1748/1842/1648
f 1748/1842/1649 1750/1844/1649 1733/1827/1649 1731/1825/1649
f 1746/1840/1650 1748/1842/1650 1731/1825/1650 1729/1823/1650
f 1749/1843/1651 1751/1845/1651 1752/1846/1651 1750/1844/1651
f 1751/1845/1652 1737/1831/1652 1740/1834/1652 1752/1846/1652
f 1752/1846/1653 1740/1834/1653 1721/1815/1653 1735/1829/1653
f 1750/1844/1654 1752/1846/1654 1735/1829/1654 1733/1827/1654
f 1753/1847/1655 1754/1848/1655 1755/1849/1655 1756/1850/1655
f 1754/1848/1656 1757/1851/1656 1758/1852/1656 1755/1849/1656
f 1755/1849/1656 1758/1852/1656 1741/1835/1656 1738/1832/1656
f 1756/1850/1657 1755/1849/1657 1738/1832/1657 1737/1831/1657
f 1757/1851/1658 1759/1853/1658 1760/1854/1658 1758/1852/1658
f 1759/1853/1659 1761/1855/1659 1762/1856/1659 1760/1854/1659
f 1760/1854/1660 1762/1856/1660 1745/1839/1660 1743/1837/1660
f 1758/1852/1658 1760/1854/1658 1743/1837/1658 1741/1835/1658
f 1761/1855/1661 1763/1857/1661 1764/1858/1661 1762/1856/1661
f 1763/1857/1662 1765/1859/1662 1766/1860/1662 1764/1858/1662
f 1764/1858/1663 1766/1860/1663 1749/1843/1663 1747/1841/1663
f 1762/1856/1664 1764/1858/1664 1747/1841/1664 1745/1839/1664
f 1765/1859/1665 1767/1861/1665 1768/1862/1665 1766/1860/1665
f 1767/1861/1666 1753/1847/1666 1756/1850/1666 1768/1862/1666
f 1768/1862/1667 1756/1850/1667 1737/1831/1667 1751/1845/1667
f 1766/1860/1668 1768/1862/1668 1751/1845/1668 1749/1843/1668
f 1053/1147/1669 1052/1146/1669 1769/1863/1669 1770/1864/1669
f 1052/1146/1670 1051/1145/1670 1771/1865/1670 1769/1863/1670
f 1769/1863/1671 1771/1865/1671 1757/1851/1671 1754/1848/1671
f 1770/1864/1672 1769/1863/1672 1754/1848/1672 1753/1847/1672
f 1051/1145/1673 1050/1144/1673 1772/1866/1673 1771/1865/1673
f 1050/1144/1674 1049/1143/1674 1773/1867/1674 1772/1866/1674
f 1772/1866/1675 1773/1867/1675 1761/1855/1675 1759/1853/1675
f 1771/1865/1676 1772/1866/1676 1759/1853/1676 1757/1851/1676
f 1049/1143/1677 1046/1140/1677 1774/1868/1677 1773/1867/1677
f 1046/1140/1678 1045/1139/1678 1775/1869/1678 1774/1868/1678
f 1774/1868/1679 1775/1869/1679 1765/1859/1679 1763/1857/1679
f 1773/1867/1680 1774/1868/1680 1763/1857/1680 1761/1855/1680
f 1045/1139/1681 1048/1142/1681 1776/1870/1681 1775/1869/1681
f 1048/1142/1682 1053/1147/1682 1770/1864/1682 1776/1870/1682
f 1776/1870/1683 1770/1864/1683 1753/1847/1683 1767/1861/1683
f 1775/1869/1684 1776/1870/1684 1767/1861/1684 1765/1859/1684
f 1777/1871/1685 1778/1872/1685 1779/1873/1685 1780/1874/1685
f 1778/1872/1686 1781/1875/1686 1782/1876/1686 1779/1873/1686
f 1779/1873/1687 1782/1876/1687 1124/1218/1687 1123/1217/1687
f 1780/1874/1688 1779/1873/1688 1123/1217/1688 1113/1207/1688
f 1781/1875/1689 1783/1877/1689 1784/1878/1689 1782/1876/1689
f 1783/1877/1690 1785/1879/1690 1786/1880/1690 1784/1878/1690
f 1784/1878/1691 1786/1880/1691 1129/1223/1691 1128/1222/1691
f 1782/1876/1692 1784/1878/1692 1128/1222/1692 1124/1218/1692
f 1785/1879/1693 1787/1881/1693 1788/1882/1693 1786/1880/1693
f 1787/1881/1694 1789/1883/1694 1790/1884/1694 1788/1882/1694
f 1788/1882/1695 1790/1884/1695 1111/1205/1695 1151/1245/1695
f 1786/1880/1696 1788/1882/1696 1151/1245/1696 1129/1223/1696
f 1789/1883/1697 1791/1885/1697 1792/1886/1697 1790/1884/1697
f 1791/1885/1698 1777/1871/1698 1780/1874/1698 1792/1886/1698
f 1792/1886/1699 1780/1874/1699 1113/1207/1699 1112/1206/1699
f 1790/1884/1700 1792/1886/1700 1112/1206/1700 1111/1205/1700
f 1793/1887/1701 1794/1888/1701 1795/1889/1701 1796/1890/1701
f 1794/1888/1702 1797/1891/1702 1798/1892/1702 1795/1889/1702
f 1795/1889/1702 1798/1892/1702 1781/1875/1702 1778/1872/1702
f 1796/1890/1701 1795/1889/1701 1778/1872/1701 1777/1871/1701
f 1797/1891/1703 1799/1893/1703 1800/1894/1703 1798/1892/1703
f 1799/1893/1704 1801/1895/1704 1802/1896/1704 1800/1894/1704
f 1800/1894/1704 1802/1896/1704 1785/1879/1704 1783/1877/1704
f 1798/1892/1705 1800/1894/1705 1783/1877/1705 1781/1875/1705
f 1801/1895/1706 1803/1897/1706 1804/1898/1706 1802/1896/1706
f 1803/1897/1707 1805/1899/1707 1806/1900/1707 1804/1898/1707
f 1804/1898/1707 1806/1900/1707 1789/1883/1707 1787/1881/1707
f 1802/1896/1708 1804/1898/1708 1787/1881/1708 1785/1879/1708
f 1805/1899/1709 1807/1901/1709 1808/1902/1709 1806/1900/1709
f 1807/1901/1710 1793/1887/1710 1796/1890/1710 1808/1902/1710
f 1808/1902/1710 1796/1890/1710 1777/1871/1710 1791/1885/1710
f 1806/1900/1711 1808/1902/1711 1791/1885/1711 1789/1883/1711
f 1809/1903/1712 1810/1904/1712 1811/1905/1712 1812/1906/1712
f 1810/1904/1713 1813/1907/1713 1814/1908/1713 1811/1905/1713
f 1811/1905/1714 1814/1908/1714 1797/1891/1714 1794/1888/1714
f 1812/1906/1715 1811/1905/1715 1794/1888/1715 1793/1887/1715
f 1813/1907/1716 1815/1909/1716 1816/1910/1716 1814/1908/1716
f 1815/1909/1717 1817/1911/1717 1818/1912/1717 1816/1910/1717
f 1816/1910/1718 1818/1912/1718 1801/1895/1718 1799/1893/1718
f 1814/1908/1719 1816/1910/1719 1799/1893/1719 1797/1891/1719
f 1817/1911/1720 1819/1913/1720 1820/1914/1720 1818/1912/1720
f 1819/1913/1721 1821/1915/1721 1822/1916/1721 1820/1914/1721
f 1820/1914/1722 1822/1916/1722 1805/1899/1722 1803/1897/1722
f 1818/1912/1723 1820/1914/1723 1803/1897/1723 1801/1895/1723
f 1821/1915/1724 1823/1917/1724 1824/1918/1724 1822/1916/1724
f 1823/1917/1725 1809/1903/1725 1812/1906/1725 1824/1918/1725
f 1824/1918/1726 1812/1906/1726 1793/1887/1726 1807/1901/1726
f 1822/1916/1727 1824/1918/1727 1807/1901/1727 1805/1899/1727
f 1825/1919/1728 1826/1920/1728 1827/1921/1728 1828/1922/1728
f 1826/1920/1729 1829/1923/1729 1830/1924/1729 1827/1921/1729
f 1827/1921/1730 1830/1924/1730 1813/1907/1730 1810/1904/1730
f 1828/1922/1731 1827/1921/1731 1810/1904/1731 1809/1903/1731
f 1829/1923/1732 1831/1925/1732 1832/1926/1732 1830/1924/1732
f 1831/1925/1733 1833/1927/1733 1834/1928/1733 1832/1926/1733
f 1832/1926/1734 1834/1928/1734 1817/1911/1734 1815/1909/1734
f 1830/1924/1735 1832/1926/1735 1815/1909/1735 1813/1907/1735
f 1833/1927/1736 1835/1929/1736 1836/1930/1736 1834/1928/1736
f 1835/1929/1737 1837/1931/1737 1838/1932/1737 1836/1930/1737
f 1836/1930/1738 1838/1932/1738 1821/1915/1738 1819/1913/1738
f 1834/1928/1739 1836/1930/1739 1819/1913/1739 1817/1911/1739
f 1837/1931/1740 1839/1933/1740 1840/1934/1740 1838/1932/1740
f 1839/1933/1741 1825/1919/1741 1828/1922/1741 1840/1934/1741
f 1840/1934/1742 1828/1922/1742 1809/1903/1742 1823/1917/1742
f 1838/1932/1743 1840/1934/1743 1823/1917/1743 1821/1915/1743
f 1841/1935/1744 1842/1936/1744 1843/1937/1744 1844/1938/1744
f 1842/1936/1745 1845/1939/1745 1846/1940/1745 1843/1937/1745
f 1843/1937/1746 1846/1940/1746 852/946/1746 1208/1302/1746
f 1844/1938/1747 1843/1937/1747 1208/1302/1747 1207/1301/1747
f 1845/1939/1748 1847/1941/1748 1848/1942/1748 1846/1940/1748
f 1847/1941/1749 1849/1943/1749 1850/1944/1749 1848/1942/1749
f 1848/1942/1750 1850/1944/1750 856/950/1750 853/947/1750
f 1846/1940/1751 1848/1942/1751 853/947/1751 852/946/1751
f 1849/1943/1752 1851/1945/1752 1852/1946/1752 1850/1944/1752
f 1851/1945/1753 1853/1947/1753 1854/1948/1753 1852/1946/1753
f 1852/1946/1754 1854/1948/1754 1223/1317/1754 1237/1331/1754
f 1850/1944/1755 1852/1946/1755 1237/1331/1755 856/950/1755
f 1853/1947/1756 1855/1949/1756 1856/1950/1756 1854/1948/1756
f 1855/1949/1757 1841/1935/1757 1844/1938/1757 1856/1950/1757
f 1856/1950/1758 1844/1938/1758 1207/1301/1758 1224/1318/1758
f 1854/1948/1759 1856/1950/1759 1224/1318/1759 1223/1317/1759
f 1857/1951/1760 1858/1952/1760 1859/1953/1760 1860/1954/1760
f 1858/1952/1761 1861/1955/1761 1862/1956/1761 1859/1953/1761
f 1859/1953/1762 1862/1956/1762 1845/1939/1762 1842/1936/1762
f 1860/1954/1763 1859/1953/1763 1842/1936/1763 1841/1935/1763
f 1861/1955/1764 1863/1957/1764 1864/1958/1764 1862/1956/1764
f 1863/1957/1765 1865/1959/1765 1866/1960/1765 1864/1958/1765
f 1864/1958/1765 1866/1960/1765 1849/1943/1765 1847/1941/1765
f 1862/1956/1764 1864/1958/1764 1847/1941/1764 1845/1939/1764
f 1865/1959/1766 1867/1961/1766 1868/1962/1766 1866/1960/1766
f 1867/1961/1767 1869/1963/1767 1870/1964/1767 1868/1962/1767
f 1868/1962/1768 1870/1964/1768 1853/1947/1768 1851/1945/1768
f 1866/1960/1766 1868/1962/1766 1851/1945/1766 1849/1943/1766
f 1869/1963/1769 1871/1965/1769 1872/1966/1769 1870/1964/1769
f 1871/1965/1770 1857/1951/1770 1860/1954/1770 1872/1966/1770
f 1872/1966/1771 1860/1954/1771 1841/1935/1771 1855/1949/1771
f 1870/1964/1769 1872/1966/1769 1855/1949/1769 1853/1947/1769
f 1873/1967/1772 1874/1968/1772 1875/1969/1772 1876/1970/1772
f 1874/1968/1773 1877/1971/1773 1878/1972/1773 1875/1969/1773
f 1875/1969/1774 1878/1972/1774 1861/1955/1774 1858/1952/1774
f 1876/1970/1775 1875/1969/1775 1858/1952/1775 1857/1951/1775
f 1877/1971/1776 1879/1973/1776 1880/1974/1776 1878/1972/1776
f 1879/1973/1777 1881/1975/1777 1882/1976/1777 1880/1974/1777
f 1880/1974/1778 1882/1976/1778 1865/1959/1778 1863/1957/1778
f 1878/1972/1779 1880/1974/1779 1863/1957/1779 1861/1955/1779
f 1881/1975/1780 1883/1977/1780 1884/1978/1780 1882/1976/1780
f 1883/1977/1781 1885/1979/1781 1886/1980/1781 1884/1978/1781
f 1884/1978/1782 1886/1980/1782 1869/1963/1782 1867/1961/1782
f 1882/1976/1783 1884/1978/1783 1867/1961/1783 1865/1959/1783
f 1885/1979/1784 1887/1981/1784 1888/1982/1784 1886/1980/1784
f 1887/1981/1785 1873/1967/1785 1876/1970/1785 1888/1982/1785
f 1888/1982/1786 1876/1970/1786 1857/1951/1786 1871/1965/1786
f 1886/1980/1787 1888/1982/1787 1871/1965/1787 1869/1963/1787
f 1889/1983/1788 1890/1984/1788 1891/1985/1788 1892/1986/1788
f 1890/1984/1789 1893/1987/1789 1894/1988/1789 1891/1985/1789
f 1891/1985/1790 1894/1988/1790 1877/1971/1790 1874/1968/1790
f 1892/1986/1791 1891/1985/1791 1874/1968/1791 1873/1967/1791
f 1893/1987/1792 1895/1989/1792 1896/1990/1792 1894/1988/1792
f 1895/1989/1793 1897/1991/1793 1898/1992/1793 1896/1990/1793
f 1896/1990/1794 1898/1992/1794 1881/1975/1794 1879/1973/1794
f 1894/1988/1795 1896/1990/1795 1879/1973/1795 1877/1971/1795
f 1897/1991/1796 1899/1993/1796 1900/1994/1796 1898/1992/1796
f 1899/1993/1797 1901/1995/1797 1902/1996/1797 1900/1994/1797
f 1900/1994/1798 1902/1996/1798 1885/1979/1798 1883/1977/1798
f 1898/1992/1799 1900/1994/1799 1883/1977/1799 1881/1975/1799
f 1901/1995/1800 1903/1997/1800 1904/1998/1800 1902/1996/1800
f 1903/1997/1801 1889/1983/1801 1892/1986/1801 1904/1998/1801
f 1904/1998/1802 1892/1986/1802 1873/1967/1802 1887/1981/1802
f 1902/1996/1803 1904/1998/1803 1887/1981/1803 1885/1979/1803
f 1905/1999/1804 1906/2000/1804 1907/2001/1804 1908/2002/1804
f 1906/2000/1805 1909/2003/1805 1910/2004/1805 1907/2001/1805
f 1907/2001/1806 1910/2004/1806 1101/1195/1806 1100/1194/1806
f 1908/2002/1807 1907/2001/1807 1100/1194/1807 1097/1191/1807
f 1909/2003/1808 1911/2005/1808 1912/2006/1808 1910/2004/1808
f 1911/2005/1809 1913/2007/1809 1914/2008/1809 1912/2006/1809
f 1912/2006/1810 1914/2008/1810 1106/1200/1810 1105/1199/1810
f 1910/2004/1811 1912/2006/1811 1105/1199/1811 1101/1195/1811
f 1913/2007/1812 1915/2009/1812 1916/2010/1812 1914/2008/1812
f 1915/2009/1813 1917/2011/1813 1918/2012/1813 1916/2010/1813
f 1916/2010/1814 1918/2012/1814 1095/1189/1814 1234/1328/1814
f 1914/2008/1815 1916/2010/1815 1234/1328/1815 1106/1200/1815
f 1917/2011/1816 1919/2013/1816 1920/2014/1816 1918/2012/1816
f 1919/2013/1817 1905/1999/1817 1908/2002/1817 1920/2014/1817
f 1920/2014/1818 1908/2002/1818 1097/1191/1818 1096/1190/1818
f 1918/2012/1819 1920/2014/1819 1096/1190/1819 1095/1189/1819
f 1044/1138/1820 1043/1137/1820 1921/2015/1820 1922/2016/1820
f 1043/1137/1821 1042/1136/1821 1923/2017/1821 1921/2015/1821
f 1921/2015/1822 1923/2017/1822 1909/2003/1822 1906/2000/1822
f 1922/2016/1823 1921/2015/1823 1906/2000/1823 1905/1999/1823
f 1042/1136/1824 1041/1135/1824 1924/2018/1824 1923/2017/1824
f 1041/1135/1825 1040/1134/1825 1925/2019/1825 1924/2018/1825
f 1924/2018/1826 1925/2019/1826 1913/2007/1826 1911/2005/1826
f 1923/2017/1827 1924/2018/1827 1911/2005/1827 1909/2003/1827
f 1040/1134/1828 1037/1131/1828 1926/2020/1828 1925/2019/1828
f 1037/1131/1829 1036/1130/1829 1927/2021/1829 1926/2020/1829
f 1926/2020/1830 1927/2021/1830 1917/2011/1830 1915/2009/1830
f 1925/2019/1831 1926/2020/1831 1915/2009/1831 1913/2007/1831
f 1036/1130/1832 1039/1133/1832 1928/2022/1832 1927/2021/1832
f 1039/1133/1833 1044/1138/1833 1922/2016/1833 1928/2022/1833
f 1928/2022/1834 1922/2016/1834 1905/1999/1834 1919/2013/1834
f 1927/2021/1835 1928/2022/1835 1919/2013/1835 1917/2011/1835
f 1929/2023/1836 1930/2024/1836 1931/2025/1836 1932/2026/1836
f 1930/2024/1837 1933/2027/1837 1934/2028/1837 1931/2025/1837
f 1931/2025/1838 1934/2028/1838 1033/1127/1838 1030/1124/1838
f 1932/2026/1839 1931/2025/1839 1030/1124/1839 1029/1123/1839
f 1933/2027/1840 1935/2029/1840 1936/2030/1840 1934/2028/1840
f 1935/2029/1841 1937/2031/1841 1938/2032/1841 1936/2030/1841
f 1936/2030/1842 1938/2032/1842 1182/1276/1842 1185/1279/1842
f 1934/2028/1843 1936/2030/1843 1185/1279/1843 1033/1127/1843
f 1937/2031/1844 1939/2033/1844 1940/2034/1844 1938/2032/1844
f 1939/2033/1845 1941/2035/1845 1942/2036/1845 1940/2034/1845
f 1940/2034/1846 1942/2036/1846 1108/1202/1846 1189/1283/1846
f 1938/2032/1847 1940/2034/1847 1189/1283/1847 1182/1276/1847
f 1941/2035/1848 1943/2037/1848 1944/2038/1848 1942/2036/1848
f 1943/2037/1849 1929/2023/1849 1932/2026/1849 1944/2038/1849
f 1944/2038/1850 1932/2026/1850 1029/1123/1850 1206/1300/1850
f 1942/2036/1851 1944/2038/1851 1206/1300/1851 1108/1202/1851
f 1945/2039/1852 1946/2040/1852 1947/2041/1852 1948/2042/1852
f 1946/2040/1853 1949/2043/1853 1950/2044/1853 1947/2041/1853
f 1947/2041/1854 1950/2044/1854 1933/2027/1854 1930/2024/1854
f 1948/2042/1855 1947/2041/1855 1930/2024/1855 1929/2023/1855
f 1949/2043/1856 1951/2045/1856 1952/2046/1856 1950/2044/1856
f 1951/2045/1857 1953/2047/1857 1954/2048/1857 1952/2046/1857
f 1952/2046/1858 1954/2048/1858 1937/2031/1858 1935/2029/1858
f 1950/2044/1859 1952/2046/1859 1935/2029/1859 1933/2027/1859
f 1953/2047/1860 1955/2049/1860 1956/2050/1860 1954/2048/1860
f 1955/2049/1861 1957/2051/1861 1958/2052/1861 1956/2050/1861
f 1956/2050/1862 1958/2052/1862 1941/2035/1862 1939/2033/1862
f 1954/2048/1863 1956/2050/1863 1939/2033/1863 1937/2031/1863
f 1957/2051/1864 1959/2053/1864 1960/2054/1864 1958/2052/1864
f 1959/2053/1865 1945/2039/1865 1948/2042/1865 1960/2054/1865
f 1960/2054/1866 1948/2042/1866 1929/2023/1866 1943/2037/1866
f 1958/2052/1867 1960/2054/1867 1943/2037/1867 1941/2035/1867
f 1028/1122/1868 1027/1121/1868 1961/2055/1868 1962/2056/1868
f 1027/1121/1869 1026/1120/1869 1963/2057/1869 1961/2055/1869
f 1961/2055/1870 1963/2057/1870 1949/2043/1870 1946/2040/1870
f 1962/2056/1871 1961/2055/1871 1946/2040/1871 1945/2039/1871
f 1026/1120/1872 1025/1119/1872 1964/2058/1872 1963/2057/1872
f 1025/1119/1873 1024/1118/1873 1965/2059/1873 1964/2058/1873
f 1964/2058/1874 1965/2059/1874 1953/2047/1874 1951/2045/1874
f 1963/2057/1875 1964/2058/1875 1951/2045/1875 1949/2043/1875
f 1024/1118/1876 1021/1115/1876 1966/2060/1876 1965/2059/1876
f 1021/1115/1877 1020/1114/1877 1967/2061/1877 1966/2060/1877
f 1966/2060/1878 1967/2061/1878 1957/2051/1878 1955/2049/1878
f 1965/2059/1879 1966/2060/1879 1955/2049/1879 1953/2047/1879
f 1020/1114/1880 1023/1117/1880 1968/2062/1880 1967/2061/1880
f 1023/1117/1881 1028/1122/1881 1962/2056/1881 1968/2062/1881
f 1968/2062/1882 1962/2056/1882 1945/2039/1882 1959/2053/1882
f 1967/2061/1883 1968/2062/1883 1959/2053/1883 1957/2051/1883
f 1969/2063/1884 1970/2064/1884 1971/2065/1884 1972/2066/1884
f 1970/2064/1885 1973/2067/1885 1974/2068/1885 1971/2065/1885
f 1971/2065/1886 1974/2068/1886 1004/1098/1886 1176/1270/1886
f 1972/2066/1887 1971/2065/1887 1176/1270/1887 1058/1152/1887
f 1973/2067/1888 1975/2069/1888 1976/2070/1888 1974/2068/1888
f 1975/2069/1889 1977/2071/1889 1978/2072/1889 1976/2070/1889
f 1976/2070/1890 1978/2072/1890 1085/1179/1890 1088/1182/1890
f 1974/2068/1891 1976/2070/1891 1088/1182/1891 1004/1098/1891
f 1977/2071/1892 1979/2073/1892 1980/2074/1892 1978/2072/1892
f 1979/2073/1893 1981/2075/1893 1982/2076/1893 1980/2074/1893
f 1980/2074/1894 1982/2076/1894 1054/1148/1894 1188/1282/1894
f 1978/2072/1895 1980/2074/1895 1188/1282/1895 1085/1179/1895
f 1981/2075/1896 1983/2077/1896 1984/2078/1896 1982/2076/1896
f 1983/2077/1897 1969/2063/1897 1972/2066/1897 1984/2078/1897
f 1984/2078/1898 1972/2066/1898 1058/1152/1898 1055/1149/1898
f 1982/2076/1899 1984/2078/1899 1055/1149/1899 1054/1148/1899
f 1985/2079/1900 1986/2080/1900 1987/2081/1900 1988/2082/1900
f 1986/2080/1901 1989/2083/1901 1990/2084/1901 1987/2081/1901
f 1987/2081/1902 1990/2084/1902 1973/2067/1902 1970/2064/1902
f 1988/2082/1903 1987/2081/1903 1970/2064/1903 1969/2063/1903
f 1989/2083/1904 1991/2085/1904 1992/2086/1904 1990/2084/1904
f 1991/2085/1905 1993/2087/1905 1994/2088/1905 1992/2086/1905
f 1992/2086/1906 1994/2088/1906 1977/2071/1906 1975/2069/1906
f 1990/2084/1907 1992/2086/1907 1975/2069/1907 1973/2067/1907
f 1993/2087/1908 1995/2089/1908 1996/2090/1908 1994/2088/1908
f 1995/2089/1909 1997/2091/1909 1998/2092/1909 1996/2090/1909
f 1996/2090/1910 1998/2092/1910 1981/2075/1910 1979/2073/1910
f 1994/2088/1911 1996/2090/1911 1979/2073/1911 1977/2071/1911
f 1997/2091/1912 1999/2093/1912 2000/2094/1912 1998/2092/1912
f 1999/2093/1913 1985/2079/1913 1988/2082/1913 2000/2094/1913
f 2000/2094/1914 1988/2082/1914 1969/2063/1914 1983/2077/1914
f 1998/2092/1915 2000/2094/1915 1983/2077/1915 1981/2075/1915
f 2001/2095/1916 2002/2096/1916 2003/2097/1916 2004/2098/1916
f 2002/2096/1917 2005/2099/1917 2006/2100/1917 2003/2097/1917
f 2003/2097/1918 2006/2100/1918 1989/2083/1918 1986/2080/1918
f 2004/2098/1919 2003/2097/1919 1986/2080/1919 1985/2079/1919
f 2005/2099/1920 2007/2101/1920 2008/2102/1920 2006/2100/1920
f 2007/2101/1921 2009/2103/1921 2010/2104/1921 2008/2102/1921
f 2008/2102/1922 2010/2104/1922 1993/2087/1922 1991/2085/1922
f 2006/2100/1923 2008/2102/1923 1991/2085/1923 1989/2083/1923
f 2009/2103/1924 2011/2105/1924 2012/2106/1924 2010/2104/1924
f 2011/2105/1925 2013/2107/1925 2014/2108/1925 2012/2106/1925
f 2012/2106/1926 2014/2108/1926 1997/2091/1926 1995/2089/1926
f 2010/2104/1927 2012/2106/1927 1995/2089/1927 1993/2087/1927
f 2013/2107/1928 2015/2109/1928 2016/2110/1928 2014/2108/1928
f 2015/2109/1929 2001/2095/1929 2004/2098/1929 2016/2110/1929
f 2016/2110/1930 2004/2098/1930 1985/2079/1930 1999/2093/1930
f 2014/2108/1931 2016/2110/1931 1999/2093/1931 1997/2091/1931
f 2017/2111/1932 2018/2112/1932 2019/2113/1932 2020/2114/1932
f 2018/2112/1933 2021/2115/1933 2022/2116/1933 2019/2113/1933
f 2019/2113/1934 2022/2116/1934 2005/2099/1934 2002/2096/1934
f 2020/2114/1935 2019/2113/1935 2002/2096/1935 2001/2095/1935
f 2021/2115/1936 2023/2117/1936 2024/2118/1936 2022/2116/1936
f 2023/2117/1937 2025/2119/1937 2026/2120/1937 2024/2118/1937
f 2024/2118/1938 2026/2120/1938 2009/2103/1938 2007/2101/1938
f 2022/2116/1939 2024/2118/1939 2007/2101/1939 2005/2099/1939
f 2025/2119/1940 2027/2121/1940 2028/2122/1940 2026/2120/1940
f 2027/2121/1941 2029/2123/1941 2030/2124/1941 2028/2122/1941
f 2028/2122/1942 2030/2124/1942 2013/2107/1942 2011/2105/1942
f 2026/2120/1943 2028/2122/1943 2011/2105/1943 2009/2103/1943
f 2029/2123/1944 2031/2125/1944 2032/2126/1944 2030/2124/1944
f 2031/2125/1945 2017/2111/1945 2020/2114/1945 2032/2126/1945
f 2032/2126/1946 2020/2114/1946 2001/2095/1946 2015/2109/1946
f 2030/2124/1947 2032/2126/1947 2015/2109/1947 2013/2107/1947
f 2033/2127/1948 2034/2128/1948 2035/2129/1948 2036/2130/1948
f 2034/2128/1949 2037/2131/1949 2038/2132/1949 2035/2129/1949
f 2035/2129/1950 2038/2132/1950 2021/2115/1950 2018/2112/1950
f 2036/2130/1951 2035/2129/1951 2018/2112/1951 2017/2111/1951
f 2037/2131/1952 2039/2133/1952 2040/2134/1952 2038/2132/1952
f 2039/2133/1953 2041/2135/1953 2042/2136/1953 2040/2134/1953
f 2040/2134/1954 2042/2136/1954 2025/2119/1954 2023/2117/1954
f 2038/2132/1955 2040/2134/1955 2023/2117/1955 2021/2115/1955
f 2041/2135/1956 2043/2137/1956 2044/2138/1956 2042/2136/1956
f 2043/2137/1957 2045/2139/1957 2046/2140/1957 2044/2138/1957
f 2044/2138/1958 2046/2140/1958 2029/2123/1958 2027/2121/1958
f 2042/2136/1959 2044/2138/1959 2027/2121/1959 2025/2119/1959
f 2045/2139/1960 2047/2141/1960 2048/2142/1960 2046/2140/1960
f 2047/2141/1961 2033/2127/1961 2036/2130/1961 2048/2142/1961
f 2048/2142/1962 2036/2130/1962 2017/2111/1962 2031/2125/1962
f 2046/2140/1963 2048/2142/1963 2031/2125/1963 2029/2123/1963
f 2049/2143/1964 2050/2144/1964 2051/2145/1964 2052/2146/1964
f 2050/2144/1965 2053/2147/1965 2054/2148/1965 2051/2145/1965
f 2051/2145/1965 2054/2148/1965 2037/2131/1965 2034/2128/1965
f 2052/2146/1964 2051/2145/1964 2034/2128/1964 2033/2127/1964
f 2053/2147/1966 2055/2149/1966 2056/2150/1966 2054/2148/1966
f 2055/2149/1967 2057/2151/1967 2058/2152/1967 2056/2150/1967
f 2056/2150/1968 2058/2152/1968 2041/2135/1968 2039/2133/1968
f 2054/2148/1969 2056/2150/1969 2039/2133/1969 2037/2131/1969
f 2057/2151/1970 2059/2153/1970 2060/2154/1970 2058/2152/1970
f 2059/2153/1971 2061/2155/1971 2062/2156/1971 2060/2154/1971
f 2060/2154/1972 2062/2156/1972 2045/2139/1972 2043/2137/1972
f 2058/2152/1970 2060/2154/1970 2043/2137/1970 2041/2135/1970
f 2061/2155/1973 2063/2157/1973 2064/2158/1973 2062/2156/1973
f 2063/2157/1974 2049/2143/1974 2052/2146/1974 2064/2158/1974
f 2064/2158/1974 2052/2146/1974 2033/2127/1974 2047/2141/1974
f 2062/2156/1975 2064/2158/1975 2047/2141/1975 2045/2139/1975
f 2065/2159/1976 2066/2160/1976 2067/2161/1976 2068/2162/1976
f 2066/2160/1965 2069/2163/1965 2070/2164/1965 2067/2161/1965
f 2067/2161/1965 2070/2164/1965 2053/2147/1965 2050/2144/1965
f 2068/2162/1964 2067/2161/1964 2050/2144/1964 2049/2143/1964
f 2069/2163/1966 2071/2165/1966 2072/2166/1966 2070/2164/1966
f 2071/2165/1967 2073/2167/1967 2074/2168/1967 2072/2166/1967
f 2072/2166/1977 2074/2168/1977 2057/2151/1977 2055/2149/1977
f 2070/2164/1978 2072/2166/1978 2055/2149/1978 2053/2147/1978
f 2073/2167/1970 2075/2169/1970 2076/2170/1970 2074/2168/1970
f 2075/2169/1979 2077/2171/1979 2078/2172/1979 2076/2170/1979
f 2076/2170/1979 2078/2172/1979 2061/2155/1979 2059/2153/1979
f 2074/2168/1970 2076/2170/1970 2059/2153/1970 2057/2151/1970
f 2077/2171/1973 2079/2173/1973 2080/2174/1973 2078/2172/1973
f 2079/2173/1980 2065/2159/1980 2068/2162/1980 2080/2174/1980
f 2080/2174/1981 2068/2162/1981 2049/2143/1981 2063/2157/1981
f 2078/2172/1982 2080/2174/1982 2063/2157/1982 2061/2155/1982
f 1019/1113/1983 1018/1112/1983 2081/2175/1983 2082/2176/1983
f 1018/1112/1984 1017/1111/1984 2083/2177/1984 2081/2175/1984
f 2081/2175/1985 2083/2177/1985 2069/2163/1985 2066/2160/1985
f 2082/2176/1986 2081/2175/1986 2066/2160/1986 2065/2159/1986
f 1017/1111/1987 1016/1110/1987 2084/2178/1987 2083/2177/1987
f 1016/1110/1988 1015/1109/1988 2085/2179/1988 2084/2178/1988
f 2084/2178/1989 2085/2179/1989 2073/2167/1989 2071/2165/1989
f 2083/2177/1990 2084/2178/1990 2071/2165/1990 2069/2163/1990
f 1015/1109/1991 1012/1106/1991 2086/2180/1991 2085/2179/1991
f 1012/1106/1992 1011/1105/1992 2087/2181/1992 2086/2180/1992
f 2086/2180/1993 2087/2181/1993 2077/2171/1993 2075/2169/1993
f 2085/2179/1994 2086/2180/1994 2075/2169/1994 2073/2167/1994
f 1011/1105/1995 1014/1108/1995 2088/2182/1995 2087/2181/1995
f 1014/1108/1996 1019/1113/1996 2082/2176/1996 2088/2182/1996
f 2088/2182/1997 2082/2176/1997 2065/2159/1997 2079/2173/1997
f 2087/2181/1998 2088/2182/1998 2079/2173/1998 2077/2171/1998
f 2089/2183/1999 2090/2184/1999 2091/2185/1999 2092/2186/1999
f 2090/2184/2000 2093/2187/2000 2094/2188/2000 2091/2185/2000
f 2091/2185/2001 2094/2188/2001 1893/1987/2001 1890/1984/2001
f 2092/2186/2002 2091/2185/2002 1890/1984/2002 1889/1983/2002
f 2093/2187/2003 2095/2189/2003 2096/2190/2003 2094/2188/2003
f 2095/2189/2004 2097/2191/2004 2098/2192/2004 2096/2190/2004
f 2096/2190/2005 2098/2192/2005 1897/1991/2005 1895/1989/2005
f 2094/2188/2006 2096/2190/2006 1895/1989/2006 1893/1987/2006
f 2097/2191/2007 2099/2193/2007 2100/2194/2007 2098/2192/2007
f 2099/2193/2008 2101/2195/2008 2102/2196/2008 2100/2194/2008
f 2100/2194/2009 2102/2196/2009 1901/1995/2009 1899/1993/2009
f 2098/2192/2010 2100/2194/2010 1899/1993/2010 1897/1991/2010
f 2101/2195/2011 2103/2197/2011 2104/2198/2011 2102/2196/2011
f 2103/2197/2012 2089/2183/2012 2092/2186/2012 2104/2198/2012
f 2104/2198/2013 2092/2186/2013 1889/1983/2013 1903/1997/2013
f 2102/2196/2014 2104/2198/2014 1903/1997/2014 1901/1995/2014
f 1003/1097/2015 1002/1096/2015 2105/2199/2015 2106/2200/2015
f 1002/1096/2016 1001/1095/2016 2107/2201/2016 2105/2199/2016
f 2105/2199/2017 2107/2201/2017 2093/2187/2017 2090/2184/2017
f 2106/2200/2018 2105/2199/2018 2090/2184/2018 2089/2183/2018
f 1001/1095/2019 1000/1094/2019 2108/2202/2019 2107/2201/2019
f 1000/1094/2020 999/1093/2020 2109/2203/2020 2108/2202/2020
f 2108/2202/2021 2109/2203/2021 2097/2191/2021 2095/2189/2021
f 2107/2201/2022 2108/2202/2022 2095/2189/2022 2093/2187/2022
f 999/1093/2023 996/1090/2023 2110/2204/2023 2109/2203/2023
f 996/1090/2024 995/1089/2024 2111/2205/2024 2110/2204/2024
f 2110/2204/2025 2111/2205/2025 2101/2195/2025 2099/2193/2025
f 2109/2203/2026 2110/2204/2026 2099/2193/2026 2097/2191/2026
f 995/1089/2027 998/1092/2027 2112/2206/2027 2111/2205/2027
f 998/1092/2028 1003/1097/2028 2106/2200/2028 2112/2206/2028
f 2112/2206/2029 2106/2200/2029 2089/2183/2029 2103/2197/2029
f 2111/2205/2030 2112/2206/2030 2103/2197/2030 2101/2195/2030
f 994/1088/2031 993/1087/2031 2113/2207/2031 2114/2208/2031
f 993/1087/2032 992/1086/2032 2115/2209/2032 2113/2207/2032
f 2113/2207/2033 2115/2209/2033 1829/1923/2033 1826/1920/2033
f 2114/2208/2034 2113/2207/2034 1826/1920/2034 1825/1919/2034
f 992/1086/2035 991/1085/2035 2116/2210/2035 2115/2209/2035
f 991/1085/2036 990/1084/2036 2117/2211/2036 2116/2210/2036
f 2116/2210/2037 2117/2211/2037 1833/1927/2037 1831/1925/2037
f 2115/2209/2038 2116/2210/2038 1831/1925/2038 1829/1923/2038
f 990/1084/2039 987/1081/2039 2118/2212/2039 2117/2211/2039
f 987/1081/2040 986/1080/2040 2119/2213/2040 2118/2212/2040
f 2118/2212/2041 2119/2213/2041 1837/1931/2041 1835/1929/2041
f 2117/2211/2042 2118/2212/2042 1835/1929/2042 1833/1927/2042
f 986/1080/2043 989/1083/2043 2120/2214/2043 2119/2213/2043
f 989/1083/2044 994/1088/2044 2114/2208/2044 2120/2214/2044
f 2120/2214/2045 2114/2208/2045 1825/1919/2045 1839/1933/2045
f 2119/2213/2046 2120/2214/2046 1839/1933/2046 1837/1931/2046
f 2121/2215/2047 2122/2216/2047 2123/2217/2047 2124/2218/2047
f 2122/2216/2048 2125/2219/2048 2126/2220/2048 2123/2217/2048
f 2123/2217/2049 2126/2220/2049 1453/1547/2049 1450/1544/2049
f 2124/2218/2050 2123/2217/2050 1450/1544/2050 1449/1543/2050
f 2125/2219/2051 2127/2221/2051 2128/2222/2051 2126/2220/2051
f 2127/2221/2052 2129/2223/2052 2130/2224/2052 2128/2222/2052
f 2128/2222/2053 2130/2224/2053 1457/1551/2053 1455/1549/2053
f 2126/2220/2054 2128/2222/2054 1455/1549/2054 1453/1547/2054
f 2129/2223/2055 2131/2225/2055 2132/2226/2055 2130/2224/2055
f 2131/2225/2056 2133/2227/2056 2134/2228/2056 2132/2226/2056
f 2132/2226/2057 2134/2228/2057 1461/1555/2057 1459/1553/2057
f 2130/2224/2058 2132/2226/2058 1459/1553/2058 1457/1551/2058
f 2133/2227/2059 2135/2229/2059 2136/2230/2059 2134/2228/2059
f 2135/2229/2060 2121/2215/2060 2124/2218/2060 2136/2230/2060
f 2136/2230/2061 2124/2218/2061 1449/1543/2061 1463/1557/2061
f 2134/2228/2062 2136/2230/2062 1463/1557/2062 1461/1555/2062
f 2137/2231/2063 2138/2232/2063 2139/2233/2063 2140/2234/2063
f 2138/2232/2064 2141/2235/2064 2142/2236/2064 2139/2233/2064
f 2139/2233/2065 2142/2236/2065 2125/2219/2065 2122/2216/2065
f 2140/2234/2066 2139/2233/2066 2122/2216/2066 2121/2215/2066
f 2141/2235/2067 2143/2237/2067 2144/2238/2067 2142/2236/2067
f 2143/2237/2068 2145/2239/2068 2146/2240/2068 2144/2238/2068
f 2144/2238/2069 2146/2240/2069 2129/2223/2069 2127/2221/2069
f 2142/2236/2070 2144/2238/2070 2127/2221/2070 2125/2219/2070
f 2145/2239/2071 2147/2241/2071 2148/2242/2071 2146/2240/2071
f 2147/2241/2072 2149/2243/2072 2150/2244/2072 2148/2242/2072
f 2148/2242/2073 2150/2244/2073 2133/2227/2073 2131/2225/2073
f 2146/2240/2074 2148/2242/2074 2131/2225/2074 2129/2223/2074
f 2149/2243/2075 2151/2245/2075 2152/2246/2075 2150/2244/2075
f 2151/2245/2076 2137/2231/2076 2140/2234/2076 2152/2246/2076
f 2152/2246/2077 2140/2234/2077 2121/2215/2077 2135/2229/2077
f 2150/2244/2078 2152/2246/2078 2135/2229/2078 2133/2227/2078
f 985/1079/2079 984/1078/2079 2153/2247/2079 2154/2248/2079
f 984/1078/2080 983/1077/2080 2155/2249/2080 2153/2247/2080
f 2153/2247/2081 2155/2249/2081 2141/2235/2081 2138/2232/2081
f 2154/2248/2082 2153/2247/2082 2138/2232/2082 2137/2231/2082
f 983/1077/2083 982/1076/2083 2156/2250/2083 2155/2249/2083
f 982/1076/2084 981/1075/2084 2157/2251/2084 2156/2250/2084
f 2156/2250/2085 2157/2251/2085 2145/2239/2085 2143/2237/2085
f 2155/2249/2086 2156/2250/2086 2143/2237/2086 2141/2235/2086
f 981/1075/2087 978/1072/2087 2158/2252/2087 2157/2251/2087
f 978/1072/2088 977/1071/2088 2159/2253/2088 2158/2252/2088
f 2158/2252/2089 2159/2253/2089 2149/2243/2089 2147/2241/2089
f 2157/2251/2090 2158/2252/2090 2147/2241/2090 2145/2239/2090
f 977/1071/2091 980/1074/2091 2160/2254/2091 2159/2253/2091
f 980/1074/2092 985/1079/2092 2154/2248/2092 2160/2254/2092
f 2160/2254/2093 2154/2248/2093 2137/2231/2093 2151/2245/2093
f 2159/2253/2094 2160/2254/2094 2151/2245/2094 2149/2243/2094
f 2161/2255/2095 2162/2256/2095 2163/2257/2095 2164/2258/2095
f 2162/2256/2096 2165/2259/2096 2166/2260/2096 2163/2257/2096
f 2163/2257/2097 2166/2260/2097 1533/1627/2097 1530/1624/2097
f 2164/2258/2098 2163/2257/2098 1530/1624/2098 1529/1623/2098
f 2165/2259/2099 2167/2261/2099 2168/2262/2099 2166/2260/2099
f 2167/2261/2100 2169/2263/2100 2170/2264/2100 2168/2262/2100
f 2168/2262/2101 2170/2264/2101 1537/1631/2101 1535/1629/2101
f 2166/2260/2102 2168/2262/2102 1535/1629/2102 1533/1627/2102
f 2169/2263/2103 2171/2265/2103 2172/2266/2103 2170/2264/2103
f 2171/2265/2104 2173/2267/2104 2174/2268/2104 2172/2266/2104
f 2172/2266/2105 2174/2268/2105 1541/1635/2105 1539/1633/2105
f 2170/2264/2106 2172/2266/2106 1539/1633/2106 1537/1631/2106
f 2173/2267/2107 2175/2269/2107 2176/2270/2107 2174/2268/2107
f 2175/2269/2108 2161/2255/2108 2164/2258/2108 2176/2270/2108
f 2176/2270/2109 2164/2258/2109 1529/1623/2109 1543/1637/2109
f 2174/2268/2110 2176/2270/2110 1543/1637/2110 1541/1635/2110
f 2177/2271/2111 2178/2272/2111 2179/2273/2111 2180/2274/2111
f 2178/2272/2112 2181/2275/2112 2182/2276/2112 2179/2273/2112
f 2179/2273/2113 2182/2276/2113 2165/2259/2113 2162/2256/2113
f 2180/2274/2114 2179/2273/2114 2162/2256/2114 2161/2255/2114
f 2181/2275/2115 2183/2277/2115 2184/2278/2115 2182/2276/2115
f 2183/2277/2116 2185/2279/2116 2186/2280/2116 2184/2278/2116
f 2184/2278/2117 2186/2280/2117 2169/2263/2117 2167/2261/2117
f 2182/2276/2118 2184/2278/2118 2167/2261/2118 2165/2259/2118
f 2185/2279/2119 2187/2281/2119 2188/2282/2119 2186/2280/2119
f 2187/2281/2120 2189/2283/2120 2190/2284/2120 2188/2282/2120
f 2188/2282/2121 2190/2284/2121 2173/2267/2121 2171/2265/2121
f 2186/2280/2122 2188/2282/2122 2171/2265/2122 2169/2263/2122
f 2189/2283/2123 2191/2285/2123 2192/2286/2123 2190/2284/2123
f 2191/2285/2124 2177/2271/2124 2180/2274/2124 2192/2286/2124
f 2192/2286/2125 2180/2274/2125 2161/2255/2125 2175/2269/2125
f 2190/2284/2126 2192/2286/2126 2175/2269/2126 2173/2267/2126
f 2193/2287/2127 2194/2288/2127 2195/2289/2127 2196/2290/2127
f 2194/2288/2128 2197/2291/2128 2198/2292/2128 2195/2289/2128
f 2195/2289/2128 2198/2292/2128 2181/2275/2128 2178/2272/2128
f 2196/2290/2127 2195/2289/2127 2178/2272/2127 2177/2271/2127
f 2197/2291/2129 2199/2293/2129 2200/2294/2129 2198/2292/2129
f 2199/2293/2130 2201/2295/2130 2202/2296/2130 2200/2294/2130
f 2200/2294/2130 2202/2296/2130 2185/2279/2130 2183/2277/2130
f 2198/2292/2129 2200/2294/2129 2183/2277/2129 2181/2275/2129
f 2201/2295/2131 2203/2297/2131 2204/2298/2131 2202/2296/2131
f 2203/2297/2132 2205/2299/2132 2206/2300/2132 2204/2298/2132
f 2204/2298/2132 2206/2300/2132 2189/2283/2132 2187/2281/2132
f 2202/2296/2131 2204/2298/2131 2187/2281/2131 2185/2279/2131
f 2205/2299/2133 2207/2301/2133 2208/2302/2133 2206/2300/2133
f 2207/2301/2134 2193/2287/2134 2196/2290/2134 2208/2302/2134
f 2208/2302/2134 2196/2290/2134 2177/2271/2134 2191/2285/2134
f 2206/2300/2133 2208/2302/2133 2191/2285/2133 2189/2283/2133
f 976/1070/2135 975/1069/2135 2209/2303/2135 2210/2304/2135
f 975/1069/2136 974/1068/2136 2211/2305/2136 2209/2303/2136
f 2209/2303/2137 2211/2305/2137 2197/2291/2137 2194/2288/2137
f 2210/2304/2138 2209/2303/2138 2194/2288/2138 2193/2287/2138
f 974/1068/2139 973/1067/2139 2212/2306/2139 2211/2305/2139
f 973/1067/2140 972/1066/2140 2213/2307/2140 2212/2306/2140
f 2212/2306/2141 2213/2307/2141 2201/2295/2141 2199/2293/2141
f 2211/2305/2142 2212/2306/2142 2199/2293/2142 2197/2291/2142
f 972/1066/2143 969/1063/2143 2214/2308/2143 2213/2307/2143
f 969/1063/2144 968/1062/2144 2215/2309/2144 2214/2308/2144
f 2214/2308/2145 2215/2309/2145 2205/2299/2145 2203/2297/2145
f 2213/2307/2146 2214/2308/2146 2203/2297/2146 2201/2295/2146
f 968/1062/2147 971/1065/2147 2216/2310/2147 2215/2309/2147
f 971/1065/2148 976/1070/2148 2210/2304/2148 2216/2310/2148
f 2216/2310/2149 2210/2304/2149 2193/2287/2149 2207/2301/2149
f 2215/2309/2150 2216/2310/2150 2207/2301/2150 2205/2299/2150
