mtllib LOW_POLY_set.mtl
o lp_banan_2_Plane_002
v 97.306297 5.973411 12.953593
v 97.293961 5.753974 12.899219
v 97.007095 5.759031 12.897057
v 96.754524 6.572752 13.006207
v 97.317665 9.970170 14.360621
v 97.312027 9.870778 14.294933
v 96.515388 10.042315 14.327226
v 96.603828 10.240662 14.459551
v 97.317360 9.657895 14.161613
v 97.322586 9.441868 14.032988
v 96.475960 9.623985 14.084781
v 96.492668 9.715758 14.135126
v 97.332001 9.222002 13.913956
v 97.341240 8.999744 13.803259
v 96.435944 9.235592 13.878929
v 96.449562 9.374183 13.951434
v 97.349884 8.774351 13.699339
v 97.358383 8.548380 13.603234
v 96.393784 8.974831 13.644373
v 96.364479 9.063515 13.683600
v 97.360832 8.319712 13.508038
v 97.363289 8.091089 13.412746
v 96.382271 8.589329 13.598696
v 96.390068 8.710980 13.649604
v 97.357315 7.858386 13.315565
v 97.351059 7.621580 13.231260
v 96.406960 8.259522 13.467720
v 96.386635 8.418053 13.439349
v 97.339897 7.374101 13.167995
v 97.328140 7.105846 13.118777
v 96.449936 7.841156 13.357630
v 96.422112 8.037242 13.401114
v 97.302940 6.277509 13.005732
v 97.306580 6.095126 12.976697
v 96.621956 6.997871 13.160514
v 96.554070 7.157247 13.203695
v 98.115128 7.080048 13.308382
v 98.074913 6.935147 13.271491
v 98.186470 7.552696 13.395960
v 98.178413 7.397225 13.346990
v 97.307442 6.539155 13.041286
v 97.317543 6.819735 13.077601
v 98.291298 8.346479 13.542577
v 98.281487 8.215439 13.349054
v 98.293671 8.708339 13.690881
v 98.302086 8.497279 13.693350
v 98.135010 9.759346 14.186179
v 98.167480 9.587873 14.093262
v 97.991203 10.286327 14.417706
v 98.037094 10.132339 14.295273
v 97.789528 10.562038 14.715935
v 97.959480 10.297364 14.529988
v 97.339821 10.977118 14.929310
v 97.938461 6.576186 13.097018
v 97.621040 5.753624 12.907362
v 98.229637 9.192377 14.036435
v 98.260773 9.065735 13.977856
v 98.264496 8.064127 13.452298
v 98.250336 7.967005 13.428476
v 97.345535 7.498633 13.197185
v 98.296165 8.374427 13.641983
v 96.571297 7.181864 13.279408
v 96.515739 7.328580 13.326540
v 96.488678 7.597086 13.380619
v 96.423645 7.740073 13.337655
v 98.167747 9.468779 14.031693
v 97.373619 1.021874 12.356768
v 97.282074 1.020591 12.354507
v 97.201797 1.021926 12.353792
v 97.319702 4.057681 11.636919
v 97.324753 3.868606 11.685497
v 97.482452 3.869897 11.685324
v 97.802071 4.571662 11.581376
v 97.332077 7.505247 10.378796
v 97.336639 7.419770 10.436628
v 98.027733 7.561439 10.401140
v 97.951782 7.732639 10.285219
v 97.331261 7.236764 10.554240
v 97.325928 7.050987 10.667818
v 98.060265 7.201214 10.614972
v 98.046165 7.280334 10.570582
v 97.316856 6.861826 10.773155
v 97.307861 6.670510 10.871296
v 98.093262 6.866550 10.796809
v 98.082069 6.985972 10.732741
v 97.299301 6.476407 10.963595
v 97.290810 6.281724 11.049131
v 98.129387 6.642684 11.002226
v 98.155205 6.718860 10.967159
v 97.287521 6.084648 11.133862
v 97.284233 5.887612 11.218675
v 98.136543 6.309181 11.045526
v 98.130417 6.414099 11.000287
v 97.288231 5.686991 11.305103
v 97.292336 5.482688 11.380420
v 98.113441 6.025052 11.162409
v 98.132545 6.162456 11.185258
v 97.300446 5.268893 11.437584
v 97.308807 5.036963 11.482785
v 98.073616 5.664170 11.262217
v 98.098999 5.833329 11.222409
v 97.324699 4.320500 11.588723
v 97.320274 4.162866 11.615705
v 97.919212 4.937216 11.442553
v 97.978989 5.074255 11.403078
v 96.625610 5.019245 11.324583
v 96.659531 4.893787 11.357677
v 96.567032 5.428300 11.244568
v 96.573105 5.294073 11.288463
v 97.322678 4.546782 11.555367
v 97.315948 4.789499 11.521207
v 96.481644 6.115166 11.110480
v 96.490501 6.003506 11.279308
v 96.481453 6.427106 10.978469
v 96.472420 6.244366 10.978487
v 96.623772 7.331126 10.537931
v 96.594948 7.183809 10.620340
v 96.750908 7.784044 10.331140
v 96.710815 7.652269 10.439034
v 96.925621 8.018217 10.068651
v 96.777649 7.792234 10.233557
v 97.316902 8.371879 9.876455
v 96.776070 4.583508 11.511343
v 97.144936 3.870075 11.682539
v 96.538300 6.842369 10.673933
v 96.510735 6.733525 10.726149
v 96.503227 5.871306 11.191272
v 96.514870 5.787313 11.212763
v 97.296371 5.376502 11.411111
v 96.476921 6.138430 11.024148
v 97.963707 5.094971 11.337389
v 98.012672 5.221110 11.294709
v 98.037910 5.452890 11.245012
v 98.095711 5.576609 11.280327
v 96.594193 7.081279 10.674845
v 97.237175 1.014802 12.106384
v 97.316475 1.014089 12.107596
v 97.386024 1.014755 12.107604
v 97.318306 4.046182 11.776379
v 97.323341 3.857821 11.824772
v 97.480446 3.859107 11.824599
v 97.798859 4.558220 11.721045
v 97.330635 7.480717 10.523008
v 97.335182 7.395564 10.580624
v 98.023666 7.536696 10.545270
v 97.947998 7.707250 10.429788
v 97.329826 7.213250 10.697791
v 97.324516 7.028174 10.810940
v 98.056068 7.177834 10.758294
v 98.042030 7.256654 10.714071
v 97.315475 6.839728 10.915879
v 97.306511 6.649135 11.013649
v 98.088951 6.844434 10.939444
v 98.077797 6.963405 10.875618
v 97.297989 6.455765 11.105599
v 97.289528 6.261819 11.190811
v 98.124931 6.621414 11.144084
v 98.150650 6.697302 11.109149
v 97.286255 6.065488 11.275222
v 97.282982 5.869196 11.359715
v 98.132065 6.289172 11.187220
v 98.125961 6.393693 11.142152
v 97.286957 5.669333 11.445817
v 97.291046 5.465802 11.520848
v 98.109047 6.006115 11.303661
v 98.128082 6.143001 11.326424
v 97.299133 5.252816 11.577796
v 97.307457 5.021762 11.622827
v 98.069382 5.646598 11.403092
v 98.094658 5.815118 11.363435
v 97.323288 4.308007 11.728364
v 97.318886 4.150969 11.755244
v 97.915558 4.922392 11.582747
v 97.975105 5.058914 11.543421
v 96.626846 5.004111 11.465222
v 96.660629 4.879128 11.498191
v 96.568489 5.411620 11.385510
v 96.574539 5.277901 11.429238
v 97.321274 4.533434 11.695135
v 97.314575 4.775233 11.661103
v 96.483421 6.095890 11.251929
v 96.492249 5.984652 11.420118
v 96.483231 6.406651 11.120416
v 96.474228 6.224602 11.120434
v 96.625015 7.307255 10.681543
v 96.596291 7.160494 10.763641
v 96.751671 7.758461 10.475533
v 96.711723 7.627184 10.583021
v 96.925720 7.991749 10.214037
v 96.778305 7.766621 10.378319
v 97.315521 8.344073 10.022568
v 96.776733 4.570020 11.651277
v 97.144203 3.859284 11.821825
v 96.539864 6.820343 10.817032
v 96.512405 6.711912 10.869050
v 96.504921 5.852952 11.332415
v 96.516518 5.769277 11.353825
v 97.295067 5.360018 11.551423
v 96.478722 6.119066 11.165923
v 97.959885 5.079551 11.477981
v 98.008659 5.205213 11.435461
v 98.033798 5.436117 11.385953
v 98.091385 5.559368 11.421134
v 96.595543 7.058351 10.817940
v 97.236099 1.014802 12.244068
v 97.315094 1.014093 12.245276
v 97.384377 1.014757 12.245283
v 97.777977 3.721241 12.280526
v 97.734665 3.553072 12.283861
v 97.731064 3.554221 12.424081
v 97.815872 4.178387 12.710728
v 98.896286 6.787584 12.321500
v 98.844757 6.711560 12.324177
v 98.859848 6.837563 12.939480
v 98.964722 6.989832 12.874710
v 98.740311 6.548790 12.316598
v 98.639458 6.383555 12.309150
v 98.668953 6.517170 12.963308
v 98.708755 6.587541 12.951833
v 98.546021 6.215312 12.298577
v 98.458977 6.045150 12.288239
v 98.506493 6.219512 12.988319
v 98.563721 6.325729 12.979890
v 98.377113 5.872510 12.278429
v 98.301270 5.699356 12.268840
v 98.322998 6.020401 13.015540
v 98.353561 6.088153 13.039330
v 98.226013 5.524071 12.263901
v 98.150681 5.348823 12.258960
v 98.284325 5.723776 13.020876
v 98.324692 5.817092 13.016501
v 98.073746 5.170385 12.260450
v 98.006683 4.988674 12.262304
v 98.180954 5.471064 12.997548
v 98.160187 5.593275 13.013991
v 97.955666 4.798521 12.268160
v 97.915276 4.592237 12.274513
v 98.093163 5.150088 12.959765
v 98.127953 5.300542 12.983278
v 97.820709 3.954998 12.286120
v 97.796822 3.814794 12.281546
v 97.936508 4.503519 12.818186
v 97.970177 4.625405 12.872275
v 98.072212 4.576477 11.670852
v 98.041977 4.464892 11.700218
v 98.144745 4.940300 11.620676
v 98.105576 4.820916 11.625029
v 97.850410 4.156258 12.285118
v 97.880943 4.372136 12.279949
v 98.265999 5.551214 11.547948
v 98.115685 5.451901 11.551805
v 98.383377 5.828661 11.550921
v 98.383575 5.666128 11.542892
v 98.771667 6.632718 11.687956
v 98.699081 6.501689 11.660360
v 98.952499 7.035553 11.805920
v 98.857521 6.918349 11.767702
v 99.181717 7.243832 11.967506
v 99.038620 7.042838 11.832015
v 99.343277 7.558386 12.319976
v 97.902573 4.188922 11.800173
v 97.741577 3.554379 12.124058
v 98.652786 6.198004 11.608724
v 98.607018 6.101196 11.582970
v 98.193649 5.334320 11.565210
v 98.174271 5.259615 11.575049
v 97.979301 4.894230 12.265163
v 98.342865 5.571906 11.545809
v 98.028946 4.643829 12.860252
v 98.065727 4.756021 12.904804
v 98.109314 4.962171 12.928424
v 98.076538 5.072209 12.978977
v 98.650642 6.410497 11.658391
v 97.362541 1.014834 12.195971
v 97.359573 1.014200 12.266447
v 97.357910 1.014793 12.328281
v 96.508560 3.107033 12.219906
v 96.572060 2.983724 12.217674
v 96.575081 2.984642 12.101710
v 96.412399 3.463356 11.863194
v 94.790222 4.796216 12.171626
v 94.862602 4.766614 12.170008
v 94.813782 4.852826 11.660599
v 94.654327 4.900430 11.712842
v 95.000694 4.692383 12.177401
v 95.126747 4.607800 12.184574
v 95.086899 4.714709 11.643146
v 95.033981 4.749892 11.652206
v 95.247330 4.522420 12.194296
v 95.360664 4.435616 12.203767
v 95.307152 4.570556 11.624258
v 95.227890 4.619587 11.630580
v 95.469666 4.347923 12.212770
v 95.574837 4.260951 12.221565
v 95.509201 4.491352 11.603317
v 95.466873 4.526419 11.583291
v 95.682632 4.175573 12.226542
v 95.794952 4.094248 12.231565
v 95.622055 4.326498 11.599926
v 95.564995 4.372849 11.603075
v 95.916389 4.016849 12.231352
v 96.038162 3.940296 12.230865
v 95.772804 4.200428 11.620473
v 95.753197 4.273661 11.606632
v 96.146667 3.850292 12.226974
v 96.239159 3.733540 12.222538
v 95.936226 4.035489 11.653135
v 95.863686 4.113710 11.633051
v 96.437584 3.283372 12.214676
v 96.478554 3.177285 12.218810
v 96.258873 3.687248 11.773068
v 96.203575 3.763974 11.727859
v 96.095078 3.676906 12.720807
v 96.145004 3.606557 12.696939
v 95.929596 3.880753 12.760847
v 96.001945 3.823615 12.757870
v 96.381683 3.434932 12.215023
v 96.317680 3.590446 12.218737
v 95.648178 4.202537 12.818510
v 95.795685 4.175969 12.816433
v 95.482925 4.344755 12.814689
v 95.524506 4.247297 12.821740
v 94.957924 4.762020 12.697046
v 95.057961 4.699195 12.720694
v 94.643059 4.930754 12.596780
v 94.777359 4.895546 12.629499
v 94.355019 4.987542 12.460801
v 94.556274 4.905418 12.574533
v 94.141487 5.185962 12.167511
v 96.308945 3.427254 12.615559
v 96.565216 2.983703 12.349808
v 95.172791 4.515881 12.764432
v 95.235832 4.467174 12.786252
v 95.767418 4.091980 12.805241
v 95.805351 4.053611 12.797432
v 96.094803 3.897388 12.228996
v 95.581429 4.199184 12.819796
v 96.147629 3.760652 11.737385
v 96.084549 3.821174 11.699995
v 95.979378 3.924395 11.679522
v 95.973648 3.995369 11.637575
v 95.121101 4.650071 12.722835
v 97.304558 1.014550 12.296743
v 97.307480 1.014486 12.238469
v 97.309105 1.015210 12.187334
v 97.021423 6.417272 12.016414
v 97.049927 6.242382 12.035616
v 97.155441 6.246247 11.937788
v 97.323517 6.896750 11.707693
v 96.340889 9.629210 11.352878
v 96.377533 9.548138 11.384097
v 96.821999 9.690928 10.939467
v 96.703819 9.852176 10.918311
v 96.441994 9.374658 11.456179
v 96.503914 9.198885 11.525393
v 96.966805 9.351194 11.042824
v 96.931938 9.425549 11.026153
v 96.558136 9.020437 11.591243
v 96.607887 8.840440 11.652128
v 97.092766 9.036577 11.125891
v 97.048714 9.148809 11.096437
v 96.654236 8.658244 11.708693
v 96.696426 8.475907 11.760669
v 97.238350 8.821577 11.228684
v 97.235909 8.893394 11.193333
v 96.741539 8.291526 11.808750
v 96.786713 8.107176 11.856890
v 97.261185 8.515484 11.235342
v 97.231812 8.613518 11.214544
v 96.837654 7.919592 11.901403
v 96.881691 7.729291 11.938233
v 97.310661 8.249645 11.312531
v 97.341232 8.373809 11.323278
v 96.916924 7.531451 11.959948
v 96.944412 7.317779 11.972559
v 97.336342 7.914595 11.384586
v 97.333122 8.071362 11.351306
v 97.001831 6.659473 11.995171
v 97.011436 6.514290 12.007509
v 97.325554 7.239596 11.561900
v 97.344734 7.367675 11.505799
v 96.388474 7.299068 12.289592
v 96.428383 7.183492 12.283957
v 96.310448 7.675192 12.294335
v 96.338173 7.550541 12.312709
v 96.985764 6.867432 11.986238
v 96.966492 7.090326 11.980565
v 96.188278 8.306967 12.294440
v 96.295891 8.195786 12.395700
v 96.114555 8.598603 12.223083
v 96.103706 8.432016 12.218934
v 95.960670 9.449514 11.888994
v 95.988556 9.310148 11.954021
v 95.929581 9.875977 11.696291
v 95.966125 9.749123 11.786148
v 95.890060 10.107203 11.425222
v 95.887222 9.889460 11.615000
v 96.042267 10.446920 11.073184
v 96.593468 6.894109 12.297724
v 96.927734 6.240834 12.145210
v 95.974846 8.995156 12.006687
v 95.985878 8.892577 12.052829
v 96.246368 8.080624 12.321976
v 96.265266 8.003098 12.324620
v 96.900620 7.630898 11.950550
v 96.132225 8.333002 12.240970
v 97.294334 7.390032 11.472525
v 97.303993 7.508183 11.420405
v 97.296204 7.722545 11.383959
v 97.360054 7.834188 11.378302
v 96.019127 9.213644 11.985404
v 97.176910 1.195319 12.218513
v 97.230743 1.195948 12.170115
v 97.277328 1.197736 12.127035
v 96.901451 4.780934 11.798634
v 96.934822 4.609015 11.827931
v 97.039955 4.610189 11.730422
v 97.189056 5.248276 11.463667
v 96.132721 7.915664 10.951385
v 96.171486 7.837944 10.987164
v 96.610771 7.966756 10.536676
v 96.488487 8.122421 10.506224
v 96.240532 7.671544 11.068970
v 96.307114 7.502624 11.148060
v 96.764534 7.639218 10.659286
v 96.727715 7.711160 10.638369
v 96.366119 7.330628 11.223958
v 96.420723 7.156672 11.295010
v 96.898857 7.334922 10.760253
v 96.851814 7.443508 10.724413
v 96.472008 6.980181 11.361891
v 96.519165 6.803165 11.424218
v 97.049820 7.131370 10.875031
v 97.045395 7.200634 10.835685
v 96.569298 6.623972 11.482792
v 96.619484 6.444814 11.541420
v 97.081345 6.828130 10.899504
v 97.049309 6.923527 10.873101
v 96.675529 6.262398 11.596633
v 96.724777 6.076634 11.644361
v 97.138107 6.569782 10.991776
v 97.164963 6.694719 10.995224
v 96.765503 5.882239 11.677496
v 96.798988 5.671355 11.702500
v 97.173172 6.241648 11.082975
v 97.165520 6.395458 11.040735
v 96.875023 5.019904 11.763382
v 96.888733 4.876574 11.784120
v 97.181496 5.580659 11.298679
v 97.197014 5.705263 11.235418
v 96.245361 5.655244 12.018848
v 96.288437 5.541170 12.019988
v 96.156853 6.027182 12.001627
v 96.188019 5.905134 12.027169
v 96.853073 5.225653 11.742371
v 96.827484 5.446346 11.723728
v 96.017059 6.651720 11.964879
v 96.127235 6.550192 12.072074
v 95.935402 6.935355 11.876901
v 95.929390 6.769197 11.882490
v 95.758316 7.757343 11.495014
v 95.789970 7.623394 11.567814
v 95.715454 8.169162 11.278496
v 95.755333 8.049345 11.375259
v 95.669937 8.382086 10.995428
v 95.673035 8.176609 11.196861
v 95.812363 8.703657 10.625521
v 96.461105 5.259046 12.050565
v 96.812996 4.610351 11.937007
v 95.785271 7.312935 11.638559
v 95.799126 7.213968 11.690430
v 96.081360 6.429988 12.005467
v 96.102402 6.353618 12.012619
v 96.746429 5.980083 11.662349
v 95.960594 6.672873 11.910180
v 97.146248 5.724099 11.201019
v 97.152565 5.838792 11.142297
v 97.138710 6.049540 11.093548
v 97.199097 6.162032 11.081416
v 95.823128 7.530167 11.604653
v 97.136307 2.014169 12.162894
v 97.189980 2.013521 12.114730
v 97.236397 2.014127 12.071785
v 97.498215 6.106291 12.090545
v 97.477577 5.950870 12.113985
v 97.561905 5.951896 12.210315
v 97.772675 6.525289 12.370849
v 98.157532 8.956740 11.528367
v 98.127533 8.884882 11.559492
v 98.513695 9.001167 11.967110
v 98.538147 9.145107 11.863885
v 98.058990 8.731312 11.613566
v 97.993034 8.575674 11.665431
v 98.412613 8.699661 12.090466
v 98.429527 8.765771 12.060497
v 97.930214 8.417664 11.710517
v 97.871902 8.258224 11.751744
v 98.330444 8.420298 12.197795
v 98.359573 8.519950 12.160287
v 97.817482 8.096785 11.790041
v 97.767242 7.935178 11.824752
v 98.231857 8.229692 12.322867
v 98.264511 8.292995 12.322181
v 97.720360 7.771666 11.862148
v 97.673424 7.608182 11.899589
v 98.220390 7.957440 12.340531
v 98.241219 8.044497 12.315737
v 97.629509 7.441720 11.942234
v 97.592560 7.272767 11.978909
v 98.146202 7.721938 12.380404
v 98.137878 7.832294 12.408313
v 97.569145 7.096928 12.008076
v 97.553772 6.906921 12.030473
v 98.076065 7.424987 12.398694
v 98.108269 7.563869 12.397945
v 97.521530 6.321465 12.075623
v 97.507957 6.192492 12.082676
v 97.907784 6.827749 12.379140
v 97.959236 6.940574 12.398648
v 97.285889 6.899722 11.528005
v 97.288002 6.796551 11.562696
v 97.289764 7.234859 11.461553
v 97.270706 7.124104 11.484731
v 97.533249 6.506365 12.063251
v 97.542397 6.704625 12.048056
v 97.303040 7.797588 11.358040
v 97.208473 7.699567 11.450235
v 97.373093 8.056311 11.296676
v 97.374352 7.908189 11.285789
v 97.687798 8.808652 11.175243
v 97.627022 8.685581 11.197252
v 97.866806 9.184949 11.155954
v 97.783936 9.073343 11.185131
v 98.112518 9.386410 11.129591
v 97.940369 9.195925 11.120478
v 98.427055 9.681556 11.276608
v 97.266846 6.538192 11.706770
v 97.383263 5.952225 12.002551
v 97.575447 8.406446 11.181179
v 97.532486 8.315903 11.188984
v 97.273407 7.596326 11.407155
v 97.269318 7.527286 11.423264
v 97.579529 7.185330 11.994626
v 97.352432 7.820288 11.309785
v 97.990463 6.960291 12.354875
v 98.038460 7.064425 12.365744
v 98.074532 7.254504 12.361473
v 98.079735 7.353204 12.419282
v 97.596779 8.600048 11.222852
v 97.269203 1.196556 12.201029
v 97.310852 1.195910 12.250120
v 97.347984 1.196437 12.292648
v 98.074440 5.023745 13.221204
v 98.009300 4.841141 13.152220
v 97.889809 4.836852 13.267647
v 97.819839 5.520808 13.714420
v 99.449791 8.261019 14.828922
v 99.392899 8.186922 14.773035
v 98.913216 8.299406 15.330980
v 99.077980 8.450152 15.394233
v 99.287041 8.027339 14.646902
v 99.183655 7.863951 14.523219
v 98.684769 7.979557 15.127134
v 98.738380 8.050668 15.164944
v 99.088539 7.695263 14.402206
v 98.998230 7.522650 14.286111
v 98.482483 7.678305 14.952146
v 98.553635 7.785978 15.014409
v 98.911385 7.345770 14.174084
v 98.829254 7.166686 14.066962
v 98.276443 7.496225 14.783767
v 98.292633 7.565123 14.843266
v 98.743408 6.984770 13.963764
v 98.657509 6.802915 13.860514
v 98.193253 7.164116 14.691959
v 98.245033 7.261209 14.741244
v 98.564415 6.617509 13.760683
v 98.478699 6.425678 13.668379
v 98.087219 6.901236 14.533650
v 98.075577 7.046969 14.557666
v 98.401611 6.219648 13.590487
v 98.330376 5.992158 13.518015
v 97.995377 6.556142 14.360687
v 98.028328 6.719324 14.441533
v 98.142006 5.281742 13.311662
v 98.103943 5.126591 13.257783
v 97.881569 5.858682 13.973373
v 97.883652 5.987774 14.072788
v 98.960251 5.960478 13.132409
v 98.893196 5.838439 13.108299
v 99.119400 6.363183 13.228463
v 99.064522 6.235701 13.174389
v 98.199150 5.506032 13.378945
v 98.262741 5.747159 13.446603
v 99.376595 7.038990 13.399015
v 99.233200 6.964288 13.259582
v 99.515060 7.327626 13.556883
v 99.496307 7.140466 13.514547
v 99.849358 8.145267 14.161218
v 99.791550 8.014751 14.050819
v 99.964455 8.556248 14.494492
v 99.899117 8.448140 14.360188
v 100.052704 8.727873 14.860628
v 100.015244 8.540489 14.587309
v 99.942787 9.031162 15.356465
v 98.651062 5.552549 13.019720
v 98.148216 4.848297 13.023502
v 99.748337 7.679201 13.903349
v 99.716599 7.580929 13.823584
v 99.268127 6.807261 13.307704
v 99.232117 6.725791 13.283980
v 98.438759 6.323895 13.628008
v 99.445320 7.042485 13.463564
v 97.945251 5.993937 14.113962
v 97.956314 6.111466 14.205713
v 98.005241 6.336546 14.305964
v 97.953346 6.469836 14.346375
v 99.738693 7.922555 13.990167
v 97.374390 2.016497 12.221000
v 97.313187 2.013253 12.277819
v 97.260445 2.011481 12.328679
v 96.974747 3.975825 12.454398
v 96.994270 3.848310 12.430902
v 96.924896 3.850498 12.350929
v 96.742455 4.325609 12.232826
v 96.383850 6.306638 12.993451
v 96.409874 6.248542 12.965905
v 96.090317 6.349886 12.630403
v 96.067505 6.465688 12.719528
v 96.469109 6.124113 12.917343
v 96.526230 5.997877 12.870541
v 96.178993 6.105554 12.520703
v 96.163872 6.159127 12.547194
v 96.580757 5.869445 12.829264
v 96.631577 5.739661 12.791119
v 96.251617 5.878802 12.424769
v 96.225861 5.959711 12.458348
v 96.679192 5.608087 12.755325
v 96.723335 5.476212 12.722472
v 96.336533 5.726144 12.316642
v 96.308563 5.777953 12.318782
v 96.764748 5.342785 12.687335
v 96.806206 5.209383 12.652162
v 96.350235 5.501766 12.294718
v 96.331589 5.572734 12.317482
v 96.845222 5.073615 12.612592
v 96.878502 4.935521 12.577859
v 96.415337 5.309315 12.255702
v 96.420647 5.401413 12.235655
v 96.900658 4.791327 12.549088
v 96.916359 4.635118 12.525495
v 96.477943 5.065427 12.232847
v 96.449188 5.179711 12.237086
v 96.952126 4.152921 12.472459
v 96.965340 4.046715 12.463195
v 96.626144 4.573792 12.233574
v 96.581947 4.666798 12.220277
v 97.136063 4.619575 12.941848
v 97.136024 4.535209 12.910365
v 97.127487 4.894720 13.005839
v 97.145035 4.804093 12.983763
v 96.939568 4.305237 12.487642
v 96.928917 4.468558 12.505531
v 97.107529 5.356834 13.106590
v 97.187584 5.279748 13.028131
v 97.045418 5.567956 13.164020
v 97.046585 5.445211 13.169003
v 96.773209 6.181751 13.283407
v 96.825432 6.081542 13.262145
v 96.619362 6.489549 13.308763
v 96.689705 6.399346 13.281981
v 96.412987 6.651636 13.334942
v 96.558220 6.496546 13.338068
v 96.148926 6.894825 13.220029
v 97.158020 4.325892 12.784359
v 97.071815 3.847831 12.523469
v 96.872276 5.851166 13.268099
v 96.909218 5.777189 13.259381
v 97.135292 5.192262 13.060667
v 97.139793 5.135696 13.045499
v 96.890671 4.863874 12.562555
v 97.066154 5.373539 13.146882
v 96.555649 4.681435 12.256863
v 96.514412 4.767076 12.250488
v 96.481667 4.923525 12.259007
v 96.476074 5.006597 12.213868
v 96.851852 6.011997 13.238798
v 97.202507 1.926385 12.296713
v 97.168259 1.926554 12.255931
v 97.137711 1.927583 12.220626
v 97.682991 2.388774 12.609808
v 97.651192 2.307802 12.582793
v 97.598412 2.308405 12.637724
v 97.571815 2.622755 12.825436
v 98.495377 3.497983 13.393525
v 98.459541 3.478545 13.362286
v 98.257835 3.535156 13.631056
v 98.358322 3.566416 13.676260
v 98.395805 3.429801 13.297598
v 98.337822 3.374259 13.238346
v 98.117599 3.444461 13.518682
v 98.147285 3.467564 13.537700
v 98.283615 3.318194 13.180277
v 98.232811 3.261194 13.125533
v 98.002373 3.349802 13.430392
v 98.043625 3.381999 13.462394
v 98.183907 3.203610 13.072937
v 98.136772 3.146499 13.022135
v 97.895065 3.297793 13.351154
v 97.906746 3.320819 13.379599
v 98.086670 3.090436 12.972025
v 98.034393 3.037033 12.919892
v 97.838814 3.189541 13.302868
v 97.867889 3.219977 13.326585
v 97.975380 2.986208 12.866263
v 97.916077 2.935940 12.812622
v 97.774757 3.106756 13.226197
v 97.778152 3.154845 13.241590
v 97.861710 2.876838 12.766500
v 97.814873 2.800173 12.727729
v 97.709915 2.998449 13.138041
v 97.736229 3.049813 13.179885
v 97.715111 2.504568 12.643749
v 97.697060 2.434906 12.623616
v 97.606430 2.769774 12.937091
v 97.613258 2.820157 12.983497
v 98.105240 2.762983 12.549714
v 98.070457 2.716789 12.539207
v 98.203247 2.896841 12.603507
v 98.166824 2.859321 12.572937
v 97.742386 2.604090 12.668313
v 97.775085 2.706209 12.694830
v 98.365311 3.108142 12.700043
v 98.292816 3.090695 12.635786
v 98.443802 3.201530 12.775014
v 98.426743 3.137533 12.753194
v 98.646484 3.475528 13.064386
v 98.608406 3.434274 13.008652
v 98.754898 3.586329 13.252352
v 98.704208 3.563209 13.177052
v 98.834488 3.623619 13.445775
v 98.787155 3.569691 13.301542
v 98.808327 3.753911 13.682560
v 97.954903 2.599049 12.506155
v 97.712975 2.307789 12.521711
v 98.572044 3.313900 12.936622
v 98.551109 3.281917 12.898141
v 98.301582 3.035544 12.653721
v 98.279716 3.010349 12.640726
v 97.887772 2.907763 12.788467
v 98.398270 3.105940 12.728953
v 97.644623 2.817976 13.003627
v 97.658684 2.857718 13.049678
v 97.700653 2.925498 13.106147
v 97.684875 2.972104 13.129034
v 98.578720 3.402017 12.979674
v 97.330765 1.014735 12.220331
v 97.303558 1.014693 12.247311
v 97.280144 1.015168 12.271405
v 97.665955 2.577189 11.768785
v 97.639931 2.485111 11.808460
v 97.709320 2.485797 11.860309
v 97.924881 2.843262 11.863990
v 98.436394 3.838538 10.742083
v 98.406166 3.816433 10.786904
v 98.737762 3.880809 10.976818
v 98.774681 3.916356 10.857081
v 98.342110 3.761004 10.867901
v 98.283379 3.697844 10.941648
v 98.630630 3.777675 11.150840
v 98.647926 3.803947 11.114673
v 98.225456 3.634089 11.010964
v 98.170807 3.569270 11.075974
v 98.547157 3.670033 11.293255
v 98.577484 3.706645 11.242211
v 98.118317 3.503788 11.138539
v 98.067596 3.438844 11.198860
v 98.472794 3.610889 11.425459
v 98.503258 3.637074 11.408292
v 98.018082 3.375090 11.262428
v 97.966583 3.314363 11.328733
v 98.426193 3.487789 11.495717
v 98.448883 3.522400 11.459577
v 97.914345 3.256568 11.402856
v 97.862129 3.199404 11.477297
v 98.348663 3.393650 11.578755
v 98.365555 3.448335 11.572769
v 97.817711 3.132196 11.545122
v 97.780525 3.045015 11.603419
v 98.258278 3.270487 11.664295
v 98.301804 3.328896 11.628733
v 97.699753 2.708865 11.727773
v 97.679565 2.629648 11.750966
v 98.046028 3.010448 11.809267
v 98.097435 3.067741 11.795050
v 97.538910 3.002725 11.300715
v 97.531929 2.950194 11.341442
v 97.585861 3.154942 11.182568
v 97.556473 3.112276 11.227960
v 97.723640 2.822038 11.693548
v 97.748978 2.938164 11.652928
v 97.672066 3.395225 10.986145
v 97.609718 3.375386 11.076963
v 97.745659 3.501422 10.887054
v 97.723427 3.428648 10.909362
v 98.043770 3.813003 10.617737
v 97.986221 3.766090 10.668522
v 98.240677 3.939000 10.469028
v 98.162811 3.912710 10.536792
v 98.447784 3.981405 10.352075
v 98.291664 3.920081 10.425718
v 98.718658 4.129569 10.348380
v 97.510841 2.816305 11.476479
v 97.562332 2.485096 11.747304
v 97.910034 3.629205 10.719662
v 97.869545 3.592835 10.748684
v 97.628731 3.312670 11.064560
v 97.617134 3.284019 11.091052
v 97.838844 3.167363 11.512632
v 97.700066 3.392722 10.944899
v 98.115753 3.065260 11.756838
v 98.165749 3.110453 11.734508
v 98.223579 3.187530 11.679222
v 98.251625 3.240528 11.693819
v 97.957687 3.729409 10.706091
v 97.275856 1.014687 12.220901
v 97.310112 1.014639 12.247816
v 97.340591 1.015179 12.270855
v 96.636902 10.348546 14.536926
v 96.754990 10.497680 14.648042
v 96.530380 7.407048 13.269599
v 98.261978 9.140653 13.658477
v 98.293045 9.008916 13.601239
v 96.420250 9.058996 13.794973
v 98.296844 8.113402 13.466051
v 96.364326 8.556963 13.509376
v 98.153564 7.378963 13.290381
v 98.119621 7.183236 13.234602
v 96.455971 9.408948 13.970372
v 96.475975 9.583042 14.062901
v 98.091331 9.889051 14.260674
v 97.923447 7.825581 10.217380
v 97.821564 7.954616 10.120531
v 98.001060 5.289748 11.343351
v 96.512665 6.801564 11.002011
v 96.485107 6.688295 11.053116
v 98.106033 6.714309 10.871158
v 96.475502 5.914112 11.179108
v 98.152489 6.281884 11.123070
v 96.594894 5.278610 11.337487
v 96.623116 5.109373 11.387489
v 98.076660 7.015945 10.716043
v 98.060074 7.165971 10.634327
v 96.662109 7.442363 10.471808
v 97.919777 7.799840 10.362204
v 97.818283 7.928388 10.265721
v 97.997093 5.273592 11.483919
v 96.514320 6.779694 11.143869
v 96.486870 6.666853 11.194780
v 98.101669 6.692769 11.013511
v 96.477303 5.895596 11.320297
v 98.147949 6.261978 11.264472
v 96.596245 5.262496 11.478078
v 96.624352 5.093899 11.527890
v 98.072411 6.993265 10.858982
v 98.055885 7.142723 10.777576
v 96.663200 7.418071 10.615670
v 99.025711 7.072497 12.851136
v 99.114243 7.187263 12.762862
v 98.022758 4.817069 12.893320
v 98.361702 6.161713 11.578112
v 98.316917 6.060969 11.552395
v 98.440086 6.084105 12.997904
v 98.205124 5.372393 11.540854
v 98.215004 5.699497 13.033202
v 98.061470 4.807163 11.643233
v 98.016342 4.656639 11.667130
v 98.578697 6.352388 12.975484
v 98.651749 6.485824 12.962678
v 98.829544 6.731654 11.723616
v 94.564880 4.928097 11.731599
v 94.435486 4.964633 11.803543
v 96.102371 3.866855 11.709574
v 95.412209 4.549459 12.791453
v 95.471596 4.495482 12.813210
v 95.399834 4.505471 11.617093
v 95.747070 4.111984 12.825212
v 95.681358 4.324961 11.590158
v 96.043648 3.825665 12.743122
v 96.121696 3.740934 12.724022
v 95.206970 4.631415 11.634052
v 95.108910 4.697716 11.643845
v 94.871193 4.800346 12.666827
v 96.645256 9.940216 10.895549
v 96.520424 10.061533 10.900948
v 97.328171 7.567722 11.463748
v 96.159912 8.938831 12.239445
v 96.170151 8.832286 12.284600
v 97.143379 8.893894 11.159481
v 96.221397 8.119833 12.333327
v 97.319199 8.486467 11.275773
v 96.382736 7.534030 12.331104
v 96.428154 7.377520 12.337954
v 97.035538 9.176970 11.090240
v 96.977737 9.317988 11.053983
v 95.948296 9.555248 11.827019
v 96.427689 8.206930 10.478449
v 96.299889 8.324256 10.476735
v 97.174850 5.901202 11.181931
v 95.970772 7.275833 11.873336
v 95.983948 7.172843 11.924458
v 96.953293 7.196496 10.801983
v 96.055344 6.468910 12.014469
v 97.139870 6.803309 10.941408
v 96.232834 5.891075 12.046430
v 96.282547 5.737194 12.062372
v 96.837898 7.470762 10.716606
v 96.776360 7.607174 10.672321
v 95.743065 7.858486 11.427212
v 98.561302 9.223467 11.813113
v 98.561668 9.332386 11.702977
v 98.000282 7.117898 12.386614
v 97.362900 8.358779 11.339329
v 97.320770 8.264698 11.346416
v 98.296974 8.293587 12.240784
v 97.264595 7.631569 11.384983
v 98.182495 7.931861 12.390840
v 97.252945 7.109386 11.523746
v 97.243156 6.969978 11.562687
v 98.365875 8.544990 12.148957
v 98.401871 8.670234 12.099638
v 97.744919 8.901752 11.166672
v 99.161148 8.530369 15.441591
v 99.326035 8.643309 15.463671
v 97.939888 6.193870 14.174917
v 99.526924 7.716301 13.635574
v 99.495361 7.613225 13.555770
v 98.398163 7.539350 14.877056
v 99.303902 6.849263 13.304791
v 98.121735 7.153996 14.641266
v 99.010666 6.230731 13.151235
v 98.929688 6.068001 13.101981
v 98.573914 7.812948 15.028600
v 98.666100 7.948011 15.105881
v 99.883217 8.242304 14.259526
v 96.046959 6.528728 12.763521
v 96.044571 6.615759 12.857516
v 96.545250 4.812419 12.234849
v 97.049393 5.819274 13.136993
v 97.085693 5.742342 13.128770
v 96.281387 5.775742 12.385946
v 97.141960 5.220923 13.079988
v 96.382156 5.482562 12.252602
v 97.160095 4.793256 12.951188
v 97.170471 4.679233 12.915265
v 96.220222 5.980004 12.468365
v 96.188354 6.081641 12.512370
v 96.724518 6.257606 13.292766
v 98.410019 3.584584 13.706736
v 98.504639 3.608575 13.729076
v 97.654274 2.887714 13.037147
v 98.467834 3.335949 12.817579
v 98.448647 3.300505 12.780746
v 97.954231 3.307065 13.392863
v 98.320290 3.048680 12.653035
v 97.805717 3.188531 13.281369
v 98.140068 2.860667 12.561645
v 98.093750 2.805028 12.536376
v 98.055313 3.389766 13.469965
v 98.107224 3.433303 13.508603
v 98.675194 3.500695 13.117423
v 98.801819 3.937016 10.794464
v 98.813759 3.964298 10.684562
v 98.152222 3.144564 11.741240
v 97.790321 3.654279 10.853961
v 97.751442 3.613974 10.880783
v 98.511559 3.621433 11.352842
v 97.625336 3.327607 11.043541
v 98.406578 3.486641 11.536079
v 97.547485 3.113807 11.259738
v 97.525467 3.050536 11.315557
v 98.584389 3.715477 11.227961
v 98.620712 3.764986 11.163957
v 98.099594 3.841622 10.577897
v 98.071228 6.876216 13.166376
v 98.221863 7.770263 13.388683
v 98.202637 9.466072 13.881284
v 98.224281 9.336607 13.817667
v 98.283554 8.887638 13.764647
v 96.404381 8.880426 13.719586
v 96.402390 8.130192 13.386308
v 96.410461 8.178024 13.321179
v 96.396378 8.273554 13.350812
v 98.242867 7.780203 13.300071
v 98.253906 7.662278 13.280717
v 96.499031 9.779642 14.170953
v 96.528381 9.973888 14.285278
v 96.663017 4.843756 11.449268
v 96.538216 5.617085 11.248968
v 96.565071 7.080704 10.805387
v 96.545731 6.969387 10.861925
v 96.491127 6.581575 10.912731
v 98.118881 6.560273 10.938102
v 98.116943 5.913811 11.234166
v 98.110825 5.955943 11.290154
v 98.123581 6.038267 11.263440
v 96.520760 5.626740 11.325767
v 96.510384 5.524895 11.343779
v 98.040909 7.335359 10.538967
v 98.016235 7.502699 10.438243
v 96.664108 4.829286 11.589437
v 96.539780 5.599691 11.389894
v 96.566528 7.057779 10.947989
v 96.547272 6.946883 11.004313
v 96.492867 6.560537 11.054927
v 98.114471 6.539315 11.080202
v 98.112541 5.895296 11.375147
v 98.106445 5.937269 11.430923
v 98.119156 6.019281 11.404311
v 96.522385 5.609310 11.466401
v 96.512047 5.507850 11.484345
v 98.036789 7.311471 10.682576
v 98.012207 7.478179 10.582232
v 97.960457 4.420393 11.701139
v 98.141518 5.108210 11.594949
v 98.535271 6.409986 11.629389
v 98.485466 6.310979 11.610852
v 98.441589 5.966050 11.561091
v 98.380257 5.947104 13.007728
v 98.117073 5.372125 12.998955
v 98.067436 5.409597 12.992181
v 98.090889 5.482819 13.004159
v 98.073654 5.116797 11.577597
v 98.057884 5.026214 11.567942
v 98.736992 6.636482 12.947912
v 98.827133 6.785318 12.928371
v 96.220139 3.589778 12.696733
v 95.879128 3.975883 12.781624
v 95.216156 4.675587 12.747500
v 95.280563 4.621927 12.763354
v 95.402534 4.417154 12.805616
v 95.485611 4.437589 11.609675
v 95.851089 4.156481 11.619936
v 95.878014 4.186574 11.625692
v 95.838036 4.223386 11.615443
v 95.935547 3.999382 12.796379
v 95.979729 3.954791 12.804766
v 94.994812 4.772681 11.655128
v 94.862404 4.832235 11.670193
v 96.486160 7.132758 12.340272
v 96.298851 7.846389 12.325223
v 96.080505 9.205176 12.090586
v 96.099663 9.100237 12.134376
v 96.084366 8.743204 12.181441
v 97.189407 8.750001 11.187985
v 97.354546 8.144296 11.352326
v 97.386253 8.179369 11.395750
v 97.380409 8.256088 11.374402
v 96.335007 7.850503 12.387837
v 96.336540 7.756542 12.400858
v 96.910278 9.477379 11.011243
v 96.835747 9.635117 10.968233
v 96.347328 5.495679 12.078955
v 96.140343 6.198835 12.022361
v 95.884315 7.529644 11.709756
v 95.906334 7.428429 11.759426
v 95.901268 7.075808 11.827054
v 97.003212 7.056438 10.838726
v 97.184761 6.468637 11.037498
v 97.215256 6.506945 11.078641
v 97.207268 6.581799 11.052935
v 96.176117 6.207615 12.084394
v 96.180321 6.115011 12.102822
v 96.704681 7.761190 10.620517
v 96.626007 7.913347 10.568539
v 97.235641 6.751923 11.612220
v 97.265381 7.387690 11.451841
v 97.501572 8.593779 11.274676
v 97.460457 8.501038 11.289746
v 97.413223 8.184441 11.272065
v 98.268127 8.165751 12.279814
v 98.107994 7.628578 12.417553
v 98.069153 7.660238 12.444921
v 98.089523 7.728154 12.440889
v 97.208862 7.392102 11.482425
v 97.195724 7.308750 11.482695
v 98.444176 8.811780 12.042038
v 98.486870 8.951906 11.978146
v 98.817879 5.808778 13.033755
v 99.164581 6.558933 13.241121
v 99.667160 7.954054 13.872879
v 99.625725 7.853983 13.795461
v 99.576469 7.470122 13.642456
v 98.318840 7.396790 14.807112
v 98.017540 6.804058 14.461723
v 97.987953 6.860821 14.424355
v 98.008942 6.938475 14.469389
v 99.124146 6.587728 13.173838
v 99.104851 6.487891 13.133116
v 98.772743 8.099785 15.195101
v 98.887123 8.248375 15.283838
v 97.180199 4.500457 12.868445
v 97.145287 5.021148 13.018111
v 96.930878 6.009662 13.196200
v 96.966354 5.934037 13.181410
v 97.010178 5.672587 13.187659
v 96.307350 5.671574 12.350345
v 96.448502 5.233734 12.222630
v 96.480247 5.261233 12.201032
v 96.462349 5.316951 12.206115
v 97.192078 5.026480 12.993195
v 97.204216 4.957791 12.990771
v 96.150986 6.196433 12.563636
v 96.113297 6.309875 12.620063
v 98.033913 2.705770 12.506063
v 98.236931 2.959309 12.615755
v 98.543510 3.418772 12.925650
v 98.519272 3.383536 12.889460
v 98.478790 3.249071 12.814986
v 97.909332 3.262489 13.358508
v 97.736534 3.077899 13.191821
v 97.726021 3.097660 13.177115
v 97.740883 3.121832 13.199776
v 98.216080 2.974739 12.583631
v 98.198357 2.945458 12.560016
v 98.167580 3.482529 13.553612
v 98.238495 3.521636 13.604889
v 97.499657 2.937665 11.387334
v 97.594955 3.225978 11.142843
v 97.901657 3.748461 10.753401
v 97.864220 3.708392 10.785827
v 97.785858 3.555484 10.841957
v 98.479095 3.570743 11.408334
v 98.315231 3.360834 11.626710
v 98.300110 3.383306 11.640640
v 98.323601 3.410793 11.620689
v 97.561630 3.243525 11.170876
v 97.537468 3.210228 11.194190
v 98.663033 3.820963 11.089537
v 98.710953 3.865434 11.002319
v 97.226105 0.997188 12.320134
v 97.213669 0.984354 12.259178
v 97.288567 0.960218 12.259914
v 97.287117 0.986383 12.334113
v 97.227303 0.997188 12.198478
v 97.288582 0.986383 12.185701
v 97.348915 1.000515 12.199674
v 97.362030 0.988413 12.260637
v 97.347717 1.000515 12.321330
v 99.481735 9.038868 12.478369
v 99.527451 8.983308 12.283110
v 99.606262 9.231270 12.308321
v 99.518105 9.227779 12.555489
v 99.552788 9.055088 12.089388
v 99.611542 9.249031 12.046309
v 99.608414 9.444742 12.116353
v 99.602188 9.493504 12.318687
v 99.537361 9.428520 12.505335
v 98.136246 8.470591 12.271974
v 98.126137 8.483540 12.226225
v 98.060364 8.431309 12.225002
v 98.071869 8.419431 12.271497
v 98.137939 8.470501 12.180897
v 98.073380 8.419124 12.178963
v 98.014816 8.360725 12.177522
v 98.000328 8.371567 12.224218
v 98.013542 8.361345 12.271402
v 98.167465 8.435837 12.164381
v 98.106354 8.386986 12.162221
v 98.196365 8.401203 12.182020
v 98.138763 8.354961 12.180180
v 98.088699 8.304547 12.178819
v 98.051994 8.332520 12.160567
v 98.206467 8.388256 12.227769
v 98.150269 8.343086 12.226674
v 98.194672 8.401293 12.273096
v 98.137253 8.355269 12.272714
v 98.087425 8.305171 12.272700
v 98.101913 8.294326 12.226003
v 98.165138 8.435959 12.289611
v 98.104279 8.387409 12.289456
v 98.050247 8.333375 12.289655
v 98.247665 8.554951 12.272873
v 98.238419 8.568113 12.228434
v 98.185280 8.528262 12.227385
v 98.194725 8.514992 12.272449
v 98.249405 8.554962 12.184389
v 98.196480 8.514992 12.182721
v 98.276703 8.519885 12.168324
v 98.224335 8.479600 12.166433
v 98.303345 8.484802 12.185442
v 98.251541 8.444212 12.183794
v 98.312584 8.471643 12.229881
v 98.260986 8.430941 12.228859
v 98.301598 8.484792 12.273927
v 98.249786 8.444212 12.273521
v 98.274307 8.519870 12.289991
v 98.221924 8.479604 12.289808
v 98.346642 8.629583 12.273666
v 98.337639 8.642398 12.230397
v 98.288879 8.605888 12.229432
v 98.297997 8.592903 12.273276
v 98.348335 8.629595 12.187513
v 98.299713 8.592915 12.185977
v 98.374916 8.595440 12.171871
v 98.326645 8.558307 12.170128
v 98.400856 8.561283 12.188539
v 98.352928 8.523695 12.187016
v 98.409851 8.548469 12.231808
v 98.362045 8.510710 12.230861
v 98.399155 8.561273 12.274693
v 98.351212 8.523684 12.274316
v 98.372581 8.595425 12.290334
v 98.324280 8.558290 12.290165
v 98.440224 8.700151 12.274417
v 98.431458 8.712639 12.232254
v 98.385094 8.677927 12.231337
v 98.393974 8.665277 12.274046
v 98.441879 8.700163 12.190467
v 98.395653 8.665288 12.189007
v 98.467773 8.666883 12.175225
v 98.421883 8.631577 12.173568
v 98.493050 8.633598 12.191465
v 98.447487 8.597860 12.190019
v 98.501823 8.621112 12.233628
v 98.456367 8.585212 12.232728
v 98.491402 8.633586 12.275415
v 98.445816 8.597849 12.275059
v 98.465500 8.666867 12.290657
v 98.419579 8.631561 12.290497
v 98.530098 8.767918 12.275137
v 98.521553 8.780090 12.234037
v 98.476906 8.746663 12.233153
v 98.485558 8.734336 12.274780
v 98.531708 8.767929 12.193303
v 98.487198 8.734347 12.191896
v 98.556953 8.735489 12.178446
v 98.512764 8.701489 12.176849
v 98.581596 8.703043 12.194277
v 98.537712 8.668629 12.192883
v 98.590141 8.690870 12.235376
v 98.546371 8.656301 12.234509
v 98.579979 8.703032 12.276111
v 98.536087 8.668617 12.275766
v 98.554741 8.735474 12.290968
v 98.510521 8.701475 12.290814
v 98.617142 8.833554 12.275835
v 98.608810 8.845421 12.235765
v 98.565498 8.812991 12.234907
v 98.573936 8.800974 12.275489
v 98.618713 8.833565 12.196050
v 98.575523 8.800983 12.194686
v 98.643326 8.801936 12.181565
v 98.600449 8.768950 12.180017
v 98.667351 8.770304 12.197000
v 98.624779 8.736915 12.195648
v 98.675682 8.758438 12.237070
v 98.633217 8.724895 12.236229
v 98.665779 8.770293 12.276785
v 98.623192 8.736904 12.276450
v 98.641167 8.801923 12.291269
v 98.598267 8.768936 12.291120
v 98.701927 8.897480 12.276514
v 98.693802 8.909050 12.237446
v 98.651566 8.877428 12.236610
v 98.659790 8.865712 12.276176
v 98.703453 8.897490 12.198726
v 98.661339 8.865721 12.197396
v 98.727448 8.866653 12.184603
v 98.685646 8.834490 12.183093
v 98.750870 8.835812 12.199651
v 98.709366 8.803256 12.198334
v 98.758995 8.824242 12.238720
v 98.717590 8.791540 12.237900
v 98.749336 8.835800 12.277441
v 98.707809 8.803246 12.277114
v 98.725342 8.866640 12.291562
v 98.683510 8.834476 12.291417
v 98.784813 8.959982 12.277179
v 98.776894 8.971262 12.239090
v 98.735565 8.940319 12.238273
v 98.743584 8.928895 12.276848
v 98.786308 8.959991 12.201342
v 98.745094 8.928905 12.200041
v 98.809700 8.929928 12.187573
v 98.768791 8.898457 12.186096
v 98.832535 8.899860 12.202244
v 98.791916 8.868003 12.200954
v 98.840454 8.888580 12.240332
v 98.799942 8.856581 12.239530
v 98.831039 8.899850 12.278081
v 98.790405 8.867996 12.277762
v 98.807648 8.929914 12.291849
v 98.766708 8.898443 12.291706
v 98.866089 9.021265 12.277830
v 98.858368 9.032260 12.240704
v 98.817818 9.001902 12.239901
v 98.825638 8.990764 12.277506
v 98.867538 9.021276 12.203907
v 98.827110 8.990776 12.202630
v 98.890343 8.991970 12.190485
v 98.850204 8.961093 12.189036
v 98.912605 8.962661 12.204786
v 98.872749 8.931406 12.203521
v 98.920326 8.951667 12.241913
v 98.880569 8.920269 12.241125
v 98.911148 8.962651 12.278710
v 98.871277 8.931396 12.278397
v 98.888344 8.991957 12.292130
v 98.848183 8.961079 12.291990
v 98.945953 9.081490 12.278470
v 98.938431 9.092205 12.242288
v 98.898560 9.062356 12.241499
v 98.906189 9.051502 12.278151
v 98.947372 9.081499 12.206427
v 98.907623 9.051512 12.205173
v 98.969597 9.052940 12.193348
v 98.930138 9.022581 12.191923
v 98.991287 9.024377 12.207285
v 98.952110 8.993646 12.206041
v 98.998810 9.013660 12.243467
v 98.959732 8.982792 12.242693
v 98.989868 9.024367 12.279328
v 98.950668 8.993637 12.279020
v 98.967644 9.052926 12.292407
v 98.928162 9.022566 12.292270
v 99.024582 9.140778 12.279100
v 99.017250 9.151217 12.243848
v 98.977989 9.121822 12.243071
v 98.985413 9.111244 12.278786
v 99.025963 9.140787 12.208908
v 98.986816 9.111254 12.207672
v 99.047615 9.112962 12.196165
v 99.008751 9.083061 12.194761
v 99.068748 9.085132 12.209744
v 99.030167 9.054866 12.208519
v 99.076080 9.074692 12.244996
v 99.037590 9.044289 12.244234
v 99.067368 9.085123 12.279936
v 99.028763 9.054857 12.279633
v 99.045715 9.112948 12.292679
v 99.006828 9.083050 12.292543
v 99.102097 9.199226 12.279721
v 99.094955 9.209394 12.245386
v 99.056236 9.180405 12.244619
v 99.063477 9.170101 12.279412
v 99.103447 9.199235 12.211355
v 99.064835 9.170112 12.210136
v 99.124535 9.172134 12.198943
v 99.086205 9.142649 12.197559
v 99.145119 9.145027 12.212169
v 99.107063 9.115182 12.210960
v 99.152260 9.134859 12.246505
v 99.114296 9.104878 12.245752
v 99.143768 9.145019 12.280535
v 99.105698 9.115172 12.280237
v 99.122681 9.172121 12.292948
v 99.084328 9.142635 12.292813
v 99.180161 9.257669 12.280439
v 99.174362 9.268131 12.247087
v 99.133766 9.238361 12.246170
v 99.140671 9.228256 12.280042
v 99.182304 9.258084 12.213932
v 99.142097 9.228317 12.212587
v 99.201027 9.230818 12.201724
v 99.162682 9.201462 12.200323
v 99.218948 9.203396 12.214457
v 99.182732 9.174585 12.213356
v 99.224739 9.192936 12.247808
v 99.189629 9.164482 12.247229
v 99.216797 9.202981 12.280965
v 99.181297 9.174526 12.280812
v 99.198074 9.230247 12.293172
v 99.160713 9.201380 12.293075
v 99.309769 9.352632 12.353293
v 99.324036 9.388925 12.265873
v 99.225662 9.306557 12.250277
v 99.227142 9.292125 12.289932
v 99.337357 9.359469 12.174950
v 99.233719 9.293953 12.210201
v 99.341263 9.273088 12.136838
v 99.247665 9.258245 12.194693
v 99.334824 9.184144 12.165606
v 99.259140 9.221853 12.209083
v 99.320564 9.147852 12.253027
v 99.260620 9.207418 12.248739
v 99.307243 9.177307 12.343950
v 99.252571 9.220024 12.288815
v 99.303337 9.263687 12.382061
v 99.238625 9.255732 12.304323
v 97.433365 7.013061 12.293818
v 97.414322 7.019635 12.237761
v 97.380066 6.933801 12.238669
v 97.399673 6.928375 12.295275
v 97.434349 7.011499 12.182254
v 97.400681 6.926855 12.182593
v 97.373344 6.838247 12.182779
v 97.352005 6.843526 12.239629
v 97.372299 6.839707 12.296978
v 97.486633 6.991593 12.162071
v 97.454491 6.910077 12.162172
v 97.538544 6.972271 12.183724
v 97.507919 6.893867 12.184006
v 97.484360 6.813984 12.184113
v 97.429047 6.825842 12.162034
v 97.557594 6.965697 12.239781
v 97.527527 6.888441 12.240612
v 97.537560 6.973833 12.295287
v 97.506912 6.895386 12.296688
v 97.483315 6.815444 12.298311
v 97.504654 6.810165 12.241462
v 97.485283 6.993740 12.315470
v 97.453102 6.912165 12.317109
v 97.427612 6.827850 12.319057
v 97.496864 7.165560 12.291220
v 97.478325 7.172579 12.236143
v 97.447258 7.098537 12.236926
v 97.465981 7.091527 12.292485
v 97.497818 7.164000 12.181620
v 97.466942 7.089956 12.181925
v 97.548698 7.142910 12.161808
v 97.518333 7.068877 12.161936
v 97.599228 7.122405 12.183096
v 97.569359 7.048387 12.183410
v 97.617760 7.115385 12.238173
v 97.588081 7.041378 12.238968
v 97.598267 7.123965 12.292697
v 97.568398 7.049957 12.293970
v 97.547386 7.145054 12.312510
v 97.517006 7.071037 12.313958
v 97.556396 7.308181 12.288782
v 97.538177 7.315081 12.234636
v 97.508530 7.244496 12.235383
v 97.526909 7.237537 12.289990
v 97.557335 7.306647 12.181035
v 97.527855 7.235990 12.181325
v 97.607361 7.285914 12.161558
v 97.578308 7.215080 12.161681
v 97.657028 7.265756 12.182487
v 97.628395 7.194750 12.182789
v 97.675255 7.258856 12.236633
v 97.646774 7.187791 12.237395
v 97.656090 7.267289 12.290234
v 97.627449 7.196297 12.291454
v 97.606071 7.288023 12.309711
v 97.577003 7.217206 12.311096
v 97.614128 7.446477 12.286419
v 97.596214 7.453262 12.233176
v 97.567383 7.384613 12.233902
v 97.585449 7.377772 12.287593
v 97.615051 7.444969 12.180470
v 97.586380 7.376250 12.180750
v 97.664246 7.424582 12.161317
v 97.635986 7.355690 12.161437
v 97.713081 7.404759 12.181896
v 97.685234 7.335704 12.182189
v 97.731003 7.397975 12.235138
v 97.703308 7.328860 12.235881
v 97.712158 7.406269 12.287846
v 97.684303 7.337224 12.289032
v 97.662971 7.426655 12.306997
v 97.634705 7.357783 12.308346
v 97.670586 7.581721 12.284106
v 97.652969 7.588394 12.231748
v 97.624725 7.521159 12.232458
v 97.642494 7.514431 12.285256
v 97.671494 7.580238 12.179914
v 97.643417 7.512935 12.180190
v 97.719872 7.560189 12.161080
v 97.692192 7.492717 12.161199
v 97.767899 7.540697 12.181318
v 97.740623 7.473061 12.181605
v 97.785522 7.534024 12.233677
v 97.758392 7.466334 12.234405
v 97.766991 7.542180 12.285509
v 97.739708 7.474557 12.286673
v 97.718620 7.562230 12.304343
v 97.690933 7.494774 12.305664
v 97.726059 7.714606 12.281835
v 97.708733 7.721166 12.230344
v 97.680962 7.655046 12.231043
v 97.698433 7.648428 12.282966
v 97.726952 7.713148 12.179371
v 97.699333 7.646956 12.179642
v 97.774521 7.693431 12.160848
v 97.747307 7.627076 12.160964
v 97.821754 7.674261 12.180750
v 97.794937 7.607746 12.181033
v 97.839088 7.667699 12.232242
v 97.812408 7.601127 12.232957
v 97.820862 7.675719 12.283215
v 97.794037 7.609214 12.284357
v 97.773293 7.695437 12.301737
v 97.746063 7.629097 12.303036
v 97.780731 7.845569 12.279596
v 97.763687 7.852021 12.228960
v 97.736305 7.786812 12.229650
v 97.753487 7.780305 12.280712
v 97.781609 7.844134 12.178834
v 97.754372 7.778860 12.179101
v 97.828392 7.824745 12.160620
v 97.801544 7.759307 12.160733
v 97.874840 7.805894 12.180191
v 97.848389 7.740298 12.180470
v 97.891876 7.799441 12.230826
v 97.865570 7.733791 12.231531
v 97.873962 7.807327 12.280953
v 97.847504 7.741745 12.282081
v 97.827179 7.826717 12.299168
v 97.800331 7.761296 12.300447
v 97.834724 7.974912 12.277385
v 97.817970 7.981257 12.227594
v 97.790909 7.916826 12.228275
v 97.807808 7.910427 12.278487
v 97.835587 7.973502 12.178304
v 97.808678 7.909006 12.178568
v 97.881592 7.954437 12.160394
v 97.855064 7.889778 12.160506
v 97.927261 7.935900 12.179639
v 97.901123 7.871084 12.179914
v 97.944023 7.929554 12.229429
v 97.918022 7.864684 12.230126
v 97.926399 7.937309 12.278720
v 97.900253 7.872508 12.279833
v 97.880402 7.956375 12.296630
v 97.853867 7.891733 12.297895
v 97.888138 8.102859 12.275198
v 97.871658 8.109098 12.226243
v 97.844879 8.045340 12.226916
v 97.861496 8.039048 12.276289
v 97.888985 8.101473 12.177780
v 97.862358 8.037650 12.178041
v 97.934212 8.082727 12.160170
v 97.907967 8.018745 12.160282
v 97.979118 8.064504 12.179092
v 97.953255 8.000364 12.179365
v 97.995598 8.058264 12.228047
v 97.969872 7.994075 12.228736
v 97.978271 8.065889 12.276509
v 97.952400 8.001764 12.277612
v 97.933044 8.084635 12.294120
v 97.906792 8.020668 12.295371
v 97.942024 8.231306 12.273025
v 97.926247 8.238170 12.224894
v 97.898483 8.172860 12.225571
v 97.914772 8.166581 12.274112
v 97.942932 8.230066 12.177254
v 97.915619 8.165222 12.177519
v 97.986382 8.209875 12.159948
v 97.960342 8.146414 12.160059
v 98.029495 8.190150 12.178557
v 98.004738 8.128118 12.178822
v 98.045273 8.183286 12.226688
v 98.021019 8.121840 12.227363
v 98.028587 8.191390 12.274328
v 98.003883 8.129478 12.275414
v 97.985138 8.211580 12.291634
v 97.959167 8.148285 12.292873
v 97.957443 8.305728 12.224297
v 97.972168 8.297387 12.272003
v 97.973221 8.296418 12.177082
v 98.014084 8.272701 12.159943
v 98.054558 8.249350 12.178399
v 98.069283 8.241006 12.226107
v 98.053505 8.250315 12.273320
v 98.012642 8.274033 12.290460
v 97.268257 5.290690 12.336490
v 97.239059 5.291191 12.256265
v 97.230431 5.157043 12.257648
v 97.260315 5.156398 12.339798
v 97.269760 5.289039 12.176630
v 97.261871 5.155039 12.176103
v 97.254677 5.020512 12.175801
v 97.222694 5.022282 12.258719
v 97.253075 5.021449 12.342251
v 97.349899 5.285193 12.147445
v 97.343933 5.151253 12.146215
v 97.429466 5.281968 12.178205
v 97.425415 5.147977 12.177715
v 97.420982 5.013570 12.177439
v 97.338127 5.016865 12.145411
v 97.458664 5.281468 12.258430
v 97.455307 5.147333 12.259865
v 97.427963 5.283620 12.338065
v 97.423866 5.149336 12.341411
v 97.419380 5.014507 12.343889
v 97.451363 5.012737 12.260971
v 97.347832 5.287465 12.367250
v 97.341797 5.153121 12.371298
v 97.335930 5.018153 12.374280
v 97.282326 5.524992 12.330456
v 97.254410 5.525410 12.253754
v 97.247063 5.413306 12.254955
v 97.275597 5.412871 12.333344
v 97.283760 5.523261 12.177617
v 97.277054 5.411121 12.177145
v 97.360374 5.519515 12.149714
v 97.355354 5.407303 12.148627
v 97.436455 5.516418 12.179125
v 97.433105 5.404140 12.178685
v 97.464371 5.516002 12.255826
v 97.461639 5.403706 12.257073
v 97.435020 5.518150 12.331963
v 97.431648 5.405890 12.334884
v 97.358406 5.521896 12.359867
v 97.353348 5.409709 12.363401
v 97.294930 5.734756 12.325052
v 97.268158 5.735156 12.251506
v 97.261406 5.632139 12.252610
v 97.288734 5.631731 12.327706
v 97.296295 5.733095 12.178501
v 97.290138 5.630035 12.178067
v 97.369759 5.729505 12.151745
v 97.365150 5.626368 12.150747
v 97.442711 5.726535 12.179946
v 97.439636 5.623337 12.179543
v 97.469475 5.726135 12.253492
v 97.466965 5.622929 12.254639
v 97.441338 5.728196 12.326498
v 97.438232 5.625032 12.329182
v 97.367874 5.731788 12.353253
v 97.363228 5.628699 12.356502
v 97.306816 5.932657 12.319955
v 97.281128 5.933042 12.249385
v 97.274727 5.835292 12.250433
v 97.300941 5.834901 12.322474
v 97.308128 5.931064 12.179335
v 97.302284 5.833274 12.178923
v 97.378616 5.927618 12.153662
v 97.374245 5.829756 12.152716
v 97.448616 5.924769 12.180721
v 97.445702 5.826849 12.180338
v 97.474297 5.924386 12.251291
v 97.471916 5.826456 12.252378
v 97.447304 5.926362 12.321342
v 97.444359 5.828475 12.323889
v 97.376808 5.929809 12.347014
v 97.372398 5.831993 12.350097
v 97.318207 6.122401 12.315067
v 97.293564 6.122769 12.247352
v 97.287407 6.028780 12.248359
v 97.312561 6.028405 12.317489
v 97.319473 6.120872 12.180134
v 97.313858 6.026844 12.179738
v 97.387115 6.117565 12.155499
v 97.382904 6.023468 12.154590
v 97.454277 6.114832 12.181465
v 97.451477 6.020678 12.181096
v 97.478928 6.114463 12.249180
v 97.476631 6.020302 12.250226
v 97.453018 6.116361 12.316398
v 97.450188 6.022239 12.318846
v 97.385376 6.119668 12.341032
v 97.381134 6.025614 12.343996
v 97.329231 6.305952 12.310339
v 97.305595 6.306305 12.245384
v 97.299629 6.215224 12.246361
v 97.323761 6.214864 12.312685
v 97.330444 6.304486 12.180908
v 97.325005 6.213366 12.180524
v 97.395332 6.301314 12.157277
v 97.391251 6.210127 12.156395
v 97.459755 6.298692 12.182184
v 97.457039 6.207450 12.181827
v 97.483398 6.298339 12.247139
v 97.481178 6.207089 12.248152
v 97.458542 6.300159 12.311615
v 97.455803 6.208947 12.313989
v 97.393661 6.303330 12.335245
v 97.389549 6.212187 12.338118
v 97.339958 6.484536 12.305738
v 97.317299 6.484875 12.243470
v 97.311485 6.396153 12.244421
v 97.334633 6.395808 12.308023
v 97.341125 6.483129 12.181661
v 97.335815 6.394371 12.181287
v 97.403320 6.480089 12.159006
v 97.399353 6.391265 12.158148
v 97.465088 6.477575 12.182883
v 97.462440 6.388698 12.182535
v 97.487747 6.477237 12.245152
v 97.485588 6.388351 12.246140
v 97.463921 6.478981 12.306962
v 97.461250 6.390134 12.309274
v 97.401726 6.482022 12.329615
v 97.397720 6.393240 12.332412
v 97.350655 6.660617 12.301228
v 97.329025 6.661532 12.241576
v 97.323082 6.572845 12.242527
v 97.345261 6.572440 12.303477
v 97.351761 6.659242 12.182378
v 97.346390 6.571060 12.182027
v 97.411125 6.654707 12.160697
v 97.407249 6.567882 12.159857
v 97.470078 6.650690 12.183584
v 97.467674 6.565219 12.183229
v 97.491707 6.649774 12.243236
v 97.489845 6.564815 12.244180
v 97.468964 6.652064 12.302434
v 97.466537 6.566599 12.304679
v 97.409607 6.656598 12.324115
v 97.405685 6.569778 12.326850
v 97.336563 6.752116 12.240605
v 97.357559 6.749953 12.299008
v 97.358635 6.748548 12.182673
v 97.416252 6.740646 12.161489
v 97.473465 6.733270 12.183929
v 97.494453 6.731108 12.242332
v 97.472389 6.734676 12.300264
v 97.414772 6.742579 12.321448
v 97.174889 2.800492 12.334046
v 97.147430 2.801430 12.258526
v 97.144440 2.704014 12.258497
v 97.171776 2.703408 12.333664
v 97.176369 2.800492 12.183561
v 97.173248 2.703408 12.183883
v 97.171600 2.606517 12.184011
v 97.142845 2.606675 12.258481
v 97.170135 2.606517 12.333503
v 97.251839 2.797992 12.156085
v 97.248390 2.701793 12.156534
v 97.326759 2.795491 12.185040
v 97.322975 2.700178 12.185354
v 97.321068 2.605670 12.185482
v 97.246613 2.606094 12.156717
v 97.354218 2.794554 12.260560
v 97.350311 2.699572 12.260522
v 97.325279 2.795491 12.335526
v 97.321503 2.700178 12.335136
v 97.319595 2.605670 12.334972
v 97.348351 2.605512 12.260502
v 97.249809 2.797992 12.363002
v 97.246361 2.701793 12.362484
v 97.244591 2.606094 12.362267
v 97.181908 3.003219 12.334926
v 97.154160 3.004322 12.258593
v 97.150749 2.901580 12.258559
v 97.178352 2.900502 12.334480
v 97.183403 3.003219 12.182819
v 97.179840 2.900502 12.183196
v 97.259682 3.000277 12.155047
v 97.255707 2.897627 12.155574
v 97.335396 2.997335 12.184315
v 97.331009 2.894753 12.184683
v 97.363152 2.996232 12.260648
v 97.358612 2.893675 12.260603
v 97.333900 2.997335 12.336421
v 97.329521 2.894753 12.335966
v 97.257622 3.000277 12.364193
v 97.253654 2.897627 12.363588
v 97.189209 3.213833 12.335842
v 97.161148 3.214949 12.258661
v 97.157631 3.108905 12.258627
v 97.185532 3.107796 12.335381
v 97.190720 3.213833 12.182047
v 97.187035 3.107796 12.182436
v 97.267845 3.210859 12.153967
v 97.263733 3.104838 12.154510
v 97.344398 3.207885 12.183558
v 97.339867 3.101880 12.183939
v 97.372459 3.206769 12.260739
v 97.367775 3.100771 12.260694
v 97.342888 3.207884 12.337354
v 97.338364 3.101880 12.336884
v 97.265762 3.210859 12.365435
v 97.261665 3.104838 12.364810
v 97.196678 3.429324 12.336780
v 97.168304 3.430452 12.258732
v 97.164711 3.322186 12.258696
v 97.192924 3.321065 12.336308
v 97.198204 3.429324 12.181257
v 97.194443 3.321064 12.181654
v 97.276192 3.426317 12.152861
v 97.272003 3.318074 12.153416
v 97.353607 3.423309 12.182785
v 97.348984 3.315083 12.183174
v 97.381989 3.422181 12.260833
v 97.377197 3.313961 12.260786
v 97.352081 3.423309 12.338307
v 97.347466 3.315083 12.337829
v 97.274094 3.426317 12.366704
v 97.269905 3.318074 12.366066
v 97.204269 3.648438 12.337732
v 97.175575 3.649578 12.258803
v 97.171928 3.539614 12.258767
v 97.200462 3.538480 12.337254
v 97.205818 3.648438 12.180454
v 97.201996 3.538480 12.180857
v 97.284683 3.645396 12.151737
v 97.280426 3.535455 12.152301
v 97.362976 3.642354 12.181999
v 97.358276 3.532431 12.182394
v 97.391670 3.641214 12.260928
v 97.386810 3.531296 12.260880
v 97.361427 3.642354 12.339278
v 97.356743 3.532431 12.338791
v 97.282562 3.645396 12.367995
v 97.278313 3.535455 12.367347
v 97.211960 3.870457 12.338697
v 97.182945 3.871611 12.258876
v 97.179245 3.760264 12.258839
v 97.208107 3.759117 12.338214
v 97.213524 3.870457 12.179640
v 97.209663 3.759117 12.180048
v 97.293289 3.867381 12.150598
v 97.288979 3.756058 12.151169
v 97.372467 3.864305 12.181203
v 97.367706 3.752999 12.181602
v 97.401482 3.863152 12.261024
v 97.396561 3.751853 12.260977
v 97.370903 3.864305 12.340261
v 97.366150 3.752999 12.339768
v 97.291138 3.867381 12.369303
v 97.286835 3.756058 12.368647
v 97.219742 4.094912 12.339674
v 97.190392 4.096078 12.258948
v 97.186661 3.983563 12.258912
v 97.215843 3.982403 12.339185
v 97.221321 4.094912 12.178817
v 97.217415 3.982403 12.179229
v 97.301987 4.091801 12.149446
v 97.297630 3.979310 12.150023
v 97.382057 4.088690 12.180398
v 97.377251 3.976216 12.180801
v 97.411407 4.087523 12.261123
v 97.406433 3.975056 12.261073
v 97.380478 4.088690 12.341255
v 97.375679 3.976215 12.340756
v 97.299812 4.091801 12.370625
v 97.295464 3.979310 12.369962
v 97.227592 4.321468 12.340659
v 97.197914 4.322648 12.259023
v 97.194145 4.209117 12.258986
v 97.223656 4.207944 12.340166
v 97.229195 4.321468 12.177986
v 97.225250 4.207944 12.178402
v 97.310768 4.318322 12.148284
v 97.306366 4.204815 12.148867
v 97.391747 4.315175 12.179585
v 97.386894 4.201687 12.179992
v 97.421425 4.313996 12.261221
v 97.416405 4.200514 12.261171
v 97.390144 4.315175 12.342258
v 97.385300 4.201687 12.341755
v 97.308571 4.318322 12.371960
v 97.304184 4.204815 12.371291
v 97.235504 4.549873 12.341653
v 97.205498 4.551066 12.259097
v 97.201698 4.436639 12.259060
v 97.231544 4.435452 12.341155
v 97.237122 4.549873 12.177148
v 97.233154 4.435452 12.177568
v 97.319618 4.546692 12.147112
v 97.315186 4.432289 12.147699
v 97.401505 4.543511 12.178765
v 97.396614 4.429125 12.179175
v 97.431519 4.542318 12.261320
v 97.426460 4.427939 12.261271
v 97.399887 4.543510 12.343269
v 97.395004 4.429125 12.342763
v 97.317398 4.546692 12.373305
v 97.312973 4.432289 12.372632
v 97.243484 4.780056 12.342653
v 97.213135 4.781199 12.259172
v 97.209305 4.665915 12.259135
v 97.239487 4.664722 12.342152
v 97.245117 4.779898 12.176305
v 97.241112 4.664703 12.176727
v 97.328529 4.776608 12.145932
v 97.324066 4.661495 12.146523
v 97.411331 4.773378 12.177940
v 97.406410 4.658294 12.178353
v 97.441689 4.772234 12.261421
v 97.436592 4.657102 12.261370
v 97.409706 4.773536 12.344288
v 97.404785 4.658314 12.343778
v 97.326286 4.776825 12.374661
v 97.321831 4.661521 12.373982
v 97.217209 4.898083 12.259144
v 97.247696 4.897069 12.342979
v 97.249313 4.896574 12.175924
v 97.333084 4.893118 12.145423
v 97.416237 4.889847 12.177567
v 97.446724 4.888833 12.261402
v 97.414612 4.890342 12.344622
v 97.330849 4.893797 12.375123
v 97.201653 1.165133 12.339549
v 97.172279 1.164308 12.258771
v 97.179276 1.058529 12.258840
v 97.207603 1.060555 12.336555
v 97.203239 1.165133 12.178586
v 97.209122 1.060555 12.181696
v 97.283989 1.167334 12.149197
v 97.286842 1.061443 12.153329
v 97.364143 1.169535 12.180168
v 97.363922 1.064790 12.183219
v 97.393517 1.170360 12.260946
v 97.392311 1.064357 12.260935
v 97.362556 1.169535 12.341131
v 97.362404 1.064790 12.338078
v 97.281807 1.167334 12.370521
v 97.284744 1.061443 12.366445
v 97.196663 1.380918 12.338601
v 97.167610 1.380102 12.258725
v 97.169922 1.273329 12.258747
v 97.199135 1.274149 12.339070
v 97.198227 1.380918 12.179435
v 97.200706 1.274149 12.179015
v 97.278076 1.383094 12.150373
v 97.280998 1.276337 12.149792
v 97.357330 1.385270 12.181000
v 97.360703 1.278526 12.180588
v 97.386383 1.386087 12.260877
v 97.389915 1.279347 12.260911
v 97.355766 1.385270 12.340166
v 97.359131 1.278526 12.340644
v 97.275925 1.383094 12.369227
v 97.278839 1.276337 12.369867
v 97.191803 1.590838 12.337680
v 97.163071 1.590031 12.258680
v 97.165329 1.485550 12.258702
v 97.194221 1.486362 12.338139
v 97.193352 1.590838 12.180261
v 97.195778 1.486362 12.179850
v 97.272316 1.592991 12.151519
v 97.275185 1.488526 12.150949
v 97.350708 1.595143 12.181808
v 97.354004 1.490691 12.181406
v 97.379440 1.595950 12.260808
v 97.382896 1.491503 12.260841
v 97.349159 1.595143 12.339227
v 97.352448 1.490691 12.339695
v 97.270187 1.592990 12.367970
v 97.273041 1.488526 12.368595
v 97.187012 1.797591 12.336772
v 97.158600 1.796793 12.258636
v 97.160828 1.693738 12.258658
v 97.189400 1.694541 12.337224
v 97.188545 1.797591 12.181075
v 97.190941 1.694541 12.180670
v 97.266655 1.799720 12.152647
v 97.269478 1.696682 12.152084
v 97.344185 1.801850 12.182606
v 97.347435 1.698823 12.182209
v 97.372604 1.802648 12.260741
v 97.376007 1.699626 12.260775
v 97.342651 1.801849 12.338303
v 97.345894 1.698823 12.338763
v 97.264549 1.799720 12.366731
v 97.267357 1.696682 12.367348
v 97.182281 2.002076 12.335874
v 97.154175 2.001287 12.258593
v 97.156380 1.899287 12.258615
v 97.184639 1.900081 12.336322
v 97.183792 2.002076 12.181879
v 97.186165 1.900081 12.181478
v 97.261047 2.004182 12.153763
v 97.263847 1.902199 12.153206
v 97.337730 2.006287 12.183393
v 97.340950 1.904316 12.183001
v 97.365837 2.007077 12.260674
v 97.369209 1.905110 12.260708
v 97.336220 2.006287 12.337388
v 97.339424 1.904316 12.337844
v 97.258965 2.004182 12.365504
v 97.261749 1.902198 12.366116
v 97.177589 2.204787 12.334983
v 97.149788 2.204006 12.258550
v 97.151978 2.102846 12.258571
v 97.179932 2.103631 12.335427
v 97.179085 2.204787 12.182677
v 97.181435 2.103631 12.182279
v 97.255493 2.206870 12.154868
v 97.258263 2.105725 12.154317
v 97.331337 2.208953 12.184175
v 97.334526 2.107819 12.183784
v 97.359131 2.209734 12.260609
v 97.362480 2.108605 12.260641
v 97.329842 2.208953 12.336481
v 97.333023 2.107819 12.336933
v 97.253433 2.206870 12.364289
v 97.256195 2.105725 12.364896
v 97.172928 2.406453 12.334100
v 97.145432 2.405834 12.258507
v 97.147606 2.304876 12.258528
v 97.175255 2.305633 12.334540
v 97.174408 2.406453 12.183469
v 97.176743 2.305633 12.183074
v 97.249977 2.408103 12.155966
v 97.252731 2.307653 12.155418
v 97.324989 2.409753 12.184950
v 97.328156 2.309673 12.184563
v 97.352486 2.410372 12.260543
v 97.355804 2.310431 12.260575
v 97.323509 2.409753 12.335581
v 97.326668 2.309673 12.336030
v 97.247940 2.408103 12.363084
v 97.250679 2.307653 12.363686
v 97.143471 2.506938 12.258488
v 97.170830 2.507227 12.333695
v 97.172302 2.507226 12.183832
v 97.247498 2.507994 12.156470
v 97.322136 2.508761 12.185307
v 97.349487 2.509049 12.260513
v 97.320663 2.508761 12.335169
v 97.245468 2.507994 12.362531
v 99.482750 9.511271 12.297791
v 99.439217 9.431637 12.475056
v 99.504181 9.446733 12.110135
v 99.496887 9.266998 12.025957
v 99.459785 9.081936 12.085927
v 99.420151 9.001633 12.263889
v 99.394821 9.066841 12.450847
v 99.406013 9.245905 12.535723
v 99.933266 9.419926 12.071623
v 100.571281 9.287666 12.151840
v 100.544014 9.037684 12.066273
v 99.893745 9.160864 11.981318
v 101.066345 9.140250 12.261483
v 101.140602 8.926983 12.235399
v 100.992691 8.758102 12.271162
v 100.477280 8.799955 12.164192
v 99.835060 8.910395 12.084529
v 100.445694 8.717216 12.414618
v 99.791107 8.826317 12.344970
v 101.072350 8.704515 12.477222
v 100.954376 8.775290 12.658194
v 100.428383 8.821892 12.658135
v 99.783974 8.933311 12.600571
v 100.476723 9.067869 12.745966
v 99.823502 9.192375 12.690875
v 101.093887 8.947938 12.707243
v 101.028030 9.157438 12.648514
v 100.522377 9.309603 12.645782
v 99.882179 9.442843 12.587665
v 100.575043 9.388336 12.397620
v 99.926140 9.526922 12.327225
v 101.162140 9.170406 12.465422
v 99.467972 9.047824 12.107348
v 99.436249 9.015400 12.301442
v 99.471725 9.250135 12.294529
v 99.504501 9.237868 12.059620
v 99.429649 9.065011 12.494379
v 99.457794 9.258822 12.531464
v 99.503311 9.447161 12.484700
v 99.526047 9.481291 12.289641
v 99.541626 9.429974 12.097670
v 101.341545 8.894839 12.495420
v 99.570213 9.490531 12.543483
v 99.611893 9.571350 12.294142
v 99.619110 9.468595 12.049541
v 99.476212 9.002819 12.555836
v 99.513573 9.250883 12.642487
v 99.525116 8.980883 12.061893
v 99.482544 8.900230 12.311140
v 99.580864 9.220698 11.962793
vt 0.916667 0.500000
vt 1.000000 0.500000
vt 1.000000 1.000000
vt 0.916667 1.000000
vt 0.083333 0.500000
vt 0.166667 0.500000
vt 0.166667 1.000000
vt 0.083333 1.000000
vt 0.208333 0.500000
vt 0.250000 0.500000
vt 0.250000 1.000000
vt 0.208333 1.000000
vt 0.291667 0.500000
vt 0.333333 0.500000
vt 0.333333 1.000000
vt 0.291667 1.000000
vt 0.375000 0.500000
vt 0.416667 0.500000
vt 0.416667 1.000000
vt 0.375000 1.000000
vt 0.458333 0.500000
vt 0.500000 0.500000
vt 0.500000 1.000000
vt 0.458333 1.000000
vt 0.541667 0.500000
vt 0.583333 0.500000
vt 0.583333 1.000000
vt 0.541667 1.000000
vt 0.625000 0.500000
vt 0.666667 0.500000
vt 0.666667 1.000000
vt 0.625000 1.000000
vt 0.791667 0.500000
vt 0.833333 0.500000
vt 0.833333 1.000000
vt 0.791667 1.000000
vt 0.791667 0.000000
vt 0.833333 0.000000
vt 0.708333 0.000000
vt 0.750000 0.000000
vt 0.750000 0.500000
vt 0.708333 0.500000
vt 0.541667 0.000000
vt 0.583333 0.000000
vt 0.458333 0.000000
vt 0.500000 0.000000
vt 0.208333 0.000000
vt 0.250000 0.000000
vt 0.083333 0.000000
vt 0.166667 0.000000
vt 0.000000 0.000000
vt 0.083333 0.000000
vt 0.000000 0.500000
vt 0.916667 0.000000
vt 1.000000 0.000000
vt 0.333333 0.000000
vt 0.375000 0.000000
vt 0.604167 0.000000
vt 0.625000 0.000000
vt 0.604167 0.500000
vt 0.541667 0.000000
vt 0.791667 1.000000
vt 0.750000 1.000000
vt 0.708333 1.000000
vt 0.666667 1.000000
vt 0.291667 0.000000
vt 1.000000 0.000000
vt 1.000000 0.500000
vt 1.000000 1.000000
vt 0.916667 0.500000
vt 1.000000 0.500000
vt 1.000000 1.000000
vt 0.916667 1.000000
vt 0.083333 0.500000
vt 0.166667 0.500000
vt 0.166667 1.000000
vt 0.083333 1.000000
vt 0.208333 0.500000
vt 0.250000 0.500000
vt 0.250000 1.000000
vt 0.208333 1.000000
vt 0.291667 0.500000
vt 0.333333 0.500000
vt 0.333333 1.000000
vt 0.291667 1.000000
vt 0.375000 0.500000
vt 0.416667 0.500000
vt 0.416667 1.000000
vt 0.375000 1.000000
vt 0.458333 0.500000
vt 0.500000 0.500000
vt 0.500000 1.000000
vt 0.458333 1.000000
vt 0.541667 0.500000
vt 0.583333 0.500000
vt 0.583333 1.000000
vt 0.541667 1.000000
vt 0.625000 0.500000
vt 0.666667 0.500000
vt 0.666667 1.000000
vt 0.625000 1.000000
vt 0.791667 0.500000
vt 0.833333 0.500000
vt 0.833333 1.000000
vt 0.791667 1.000000
vt 0.791667 0.000000
vt 0.833333 0.000000
vt 0.708333 0.000000
vt 0.750000 0.000000
vt 0.750000 0.500000
vt 0.708333 0.500000
vt 0.541667 0.000000
vt 0.583333 0.000000
vt 0.458333 0.000000
vt 0.500000 0.000000
vt 0.208333 0.000000
vt 0.250000 0.000000
vt 0.083333 0.000000
vt 0.166667 0.000000
vt 0.000000 0.000000
vt 0.083333 0.000000
vt 0.000000 0.500000
vt 0.916667 0.000000
vt 1.000000 0.000000
vt 0.333333 0.000000
vt 0.375000 0.000000
vt 0.604167 0.000000
vt 0.625000 0.000000
vt 0.604167 0.500000
vt 0.541667 0.000000
vt 0.791667 1.000000
vt 0.750000 1.000000
vt 0.708333 1.000000
vt 0.666667 1.000000
vt 0.291667 0.000000
vt 1.000000 0.000000
vt 1.000000 0.500000
vt 1.000000 1.000000
vt 0.916667 0.500000
vt 1.000000 0.500000
vt 1.000000 1.000000
vt 0.916667 1.000000
vt 0.083333 0.500000
vt 0.166667 0.500000
vt 0.166667 1.000000
vt 0.083333 1.000000
vt 0.208333 0.500000
vt 0.250000 0.500000
vt 0.250000 1.000000
vt 0.208333 1.000000
vt 0.291667 0.500000
vt 0.333333 0.500000
vt 0.333333 1.000000
vt 0.291667 1.000000
vt 0.375000 0.500000
vt 0.416667 0.500000
vt 0.416667 1.000000
vt 0.375000 1.000000
vt 0.458333 0.500000
vt 0.500000 0.500000
vt 0.500000 1.000000
vt 0.458333 1.000000
vt 0.541667 0.500000
vt 0.583333 0.500000
vt 0.583333 1.000000
vt 0.541667 1.000000
vt 0.625000 0.500000
vt 0.666667 0.500000
vt 0.666667 1.000000
vt 0.625000 1.000000
vt 0.791667 0.500000
vt 0.833333 0.500000
vt 0.833333 1.000000
vt 0.791667 1.000000
vt 0.791667 0.000000
vt 0.833333 0.000000
vt 0.708333 0.000000
vt 0.750000 0.000000
vt 0.750000 0.500000
vt 0.708333 0.500000
vt 0.541667 0.000000
vt 0.583333 0.000000
vt 0.458333 0.000000
vt 0.500000 0.000000
vt 0.208333 0.000000
vt 0.250000 0.000000
vt 0.083333 0.000000
vt 0.166667 0.000000
vt 0.000000 0.000000
vt 0.083333 0.000000
vt 0.000000 0.500000
vt 0.916667 0.000000
vt 1.000000 0.000000
vt 0.333333 0.000000
vt 0.375000 0.000000
vt 0.604167 0.000000
vt 0.625000 0.000000
vt 0.604167 0.500000
vt 0.541667 0.000000
vt 0.791667 1.000000
vt 0.750000 1.000000
vt 0.708333 1.000000
vt 0.666667 1.000000
vt 0.291667 0.000000
vt 1.000000 0.000000
vt 1.000000 0.500000
vt 1.000000 1.000000
vt 0.916667 0.500000
vt 1.000000 0.500000
vt 1.000000 1.000000
vt 0.916667 1.000000
vt 0.083333 0.500000
vt 0.166667 0.500000
vt 0.166667 1.000000
vt 0.083333 1.000000
vt 0.208333 0.500000
vt 0.250000 0.500000
vt 0.250000 1.000000
vt 0.208333 1.000000
vt 0.291667 0.500000
vt 0.333333 0.500000
vt 0.333333 1.000000
vt 0.291667 1.000000
vt 0.375000 0.500000
vt 0.416667 0.500000
vt 0.416667 1.000000
vt 0.375000 1.000000
vt 0.458333 0.500000
vt 0.500000 0.500000
vt 0.500000 1.000000
vt 0.458333 1.000000
vt 0.541667 0.500000
vt 0.583333 0.500000
vt 0.583333 1.000000
vt 0.541667 1.000000
vt 0.625000 0.500000
vt 0.666667 0.500000
vt 0.666667 1.000000
vt 0.625000 1.000000
vt 0.791667 0.500000
vt 0.833333 0.500000
vt 0.833333 1.000000
vt 0.791667 1.000000
vt 0.791667 0.000000
vt 0.833333 0.000000
vt 0.708333 0.000000
vt 0.750000 0.000000
vt 0.750000 0.500000
vt 0.708333 0.500000
vt 0.541667 0.000000
vt 0.583333 0.000000
vt 0.458333 0.000000
vt 0.500000 0.000000
vt 0.208333 0.000000
vt 0.250000 0.000000
vt 0.083333 0.000000
vt 0.166667 0.000000
vt 0.000000 0.000000
vt 0.083333 0.000000
vt 0.000000 0.500000
vt 0.916667 0.000000
vt 1.000000 0.000000
vt 0.333333 0.000000
vt 0.375000 0.000000
vt 0.604167 0.000000
vt 0.625000 0.000000
vt 0.604167 0.500000
vt 0.541667 0.000000
vt 0.791667 1.000000
vt 0.750000 1.000000
vt 0.708333 1.000000
vt 0.666667 1.000000
vt 0.291667 0.000000
vt 1.000000 0.000000
vt 1.000000 0.500000
vt 1.000000 1.000000
vt 0.916667 0.500000
vt 1.000000 0.500000
vt 1.000000 1.000000
vt 0.916667 1.000000
vt 0.083333 0.500000
vt 0.166667 0.500000
vt 0.166667 1.000000
vt 0.083333 1.000000
vt 0.208333 0.500000
vt 0.250000 0.500000
vt 0.250000 1.000000
vt 0.208333 1.000000
vt 0.291667 0.500000
vt 0.333333 0.500000
vt 0.333333 1.000000
vt 0.291667 1.000000
vt 0.375000 0.500000
vt 0.416667 0.500000
vt 0.416667 1.000000
vt 0.375000 1.000000
vt 0.458333 0.500000
vt 0.500000 0.500000
vt 0.500000 1.000000
vt 0.458333 1.000000
vt 0.541667 0.500000
vt 0.583333 0.500000
vt 0.583333 1.000000
vt 0.541667 1.000000
vt 0.625000 0.500000
vt 0.666667 0.500000
vt 0.666667 1.000000
vt 0.625000 1.000000
vt 0.791667 0.500000
vt 0.833333 0.500000
vt 0.833333 1.000000
vt 0.791667 1.000000
vt 0.791667 0.000000
vt 0.833333 0.000000
vt 0.708333 0.000000
vt 0.750000 0.000000
vt 0.750000 0.500000
vt 0.708333 0.500000
vt 0.541667 0.000000
vt 0.583333 0.000000
vt 0.458333 0.000000
vt 0.500000 0.000000
vt 0.208333 0.000000
vt 0.250000 0.000000
vt 0.083333 0.000000
vt 0.166667 0.000000
vt 0.000000 0.000000
vt 0.083333 0.000000
vt 0.000000 0.500000
vt 0.916667 0.000000
vt 1.000000 0.000000
vt 0.333333 0.000000
vt 0.375000 0.000000
vt 0.604167 0.000000
vt 0.625000 0.000000
vt 0.604167 0.500000
vt 0.541667 0.000000
vt 0.791667 1.000000
vt 0.750000 1.000000
vt 0.708333 1.000000
vt 0.666667 1.000000
vt 0.291667 0.000000
vt 1.000000 0.000000
vt 1.000000 0.500000
vt 1.000000 1.000000
vt 0.916667 0.500000
vt 1.000000 0.500000
vt 1.000000 1.000000
vt 0.916667 1.000000
vt 0.083333 0.500000
vt 0.166667 0.500000
vt 0.166667 1.000000
vt 0.083333 1.000000
vt 0.208333 0.500000
vt 0.250000 0.500000
vt 0.250000 1.000000
vt 0.208333 1.000000
vt 0.291667 0.500000
vt 0.333333 0.500000
vt 0.333333 1.000000
vt 0.291667 1.000000
vt 0.375000 0.500000
vt 0.416667 0.500000
vt 0.416667 1.000000
vt 0.375000 1.000000
vt 0.458333 0.500000
vt 0.500000 0.500000
vt 0.500000 1.000000
vt 0.458333 1.000000
vt 0.541667 0.500000
vt 0.583333 0.500000
vt 0.583333 1.000000
vt 0.541667 1.000000
vt 0.625000 0.500000
vt 0.666667 0.500000
vt 0.666667 1.000000
vt 0.625000 1.000000
vt 0.791667 0.500000
vt 0.833333 0.500000
vt 0.833333 1.000000
vt 0.791667 1.000000
vt 0.791667 0.000000
vt 0.833333 0.000000
vt 0.708333 0.000000
vt 0.750000 0.000000
vt 0.750000 0.500000
vt 0.708333 0.500000
vt 0.541667 0.000000
vt 0.583333 0.000000
vt 0.458333 0.000000
vt 0.500000 0.000000
vt 0.208333 0.000000
vt 0.250000 0.000000
vt 0.083333 0.000000
vt 0.166667 0.000000
vt 0.000000 0.000000
vt 0.083333 0.000000
vt 0.000000 0.500000
vt 0.916667 0.000000
vt 1.000000 0.000000
vt 0.333333 0.000000
vt 0.375000 0.000000
vt 0.604167 0.000000
vt 0.625000 0.000000
vt 0.604167 0.500000
vt 0.541667 0.000000
vt 0.791667 1.000000
vt 0.750000 1.000000
vt 0.708333 1.000000
vt 0.666667 1.000000
vt 0.291667 0.000000
vt 1.000000 0.000000
vt 1.000000 0.500000
vt 1.000000 1.000000
vt 0.916667 0.500000
vt 1.000000 0.500000
vt 1.000000 1.000000
vt 0.916667 1.000000
vt 0.083333 0.500000
vt 0.166667 0.500000
vt 0.166667 1.000000
vt 0.083333 1.000000
vt 0.208333 0.500000
vt 0.250000 0.500000
vt 0.250000 1.000000
vt 0.208333 1.000000
vt 0.291667 0.500000
vt 0.333333 0.500000
vt 0.333333 1.000000
vt 0.291667 1.000000
vt 0.375000 0.500000
vt 0.416667 0.500000
vt 0.416667 1.000000
vt 0.375000 1.000000
vt 0.458333 0.500000
vt 0.500000 0.500000
vt 0.500000 1.000000
vt 0.458333 1.000000
vt 0.541667 0.500000
vt 0.583333 0.500000
vt 0.583333 1.000000
vt 0.541667 1.000000
vt 0.625000 0.500000
vt 0.666667 0.500000
vt 0.666667 1.000000
vt 0.625000 1.000000
vt 0.791667 0.500000
vt 0.833333 0.500000
vt 0.833333 1.000000
vt 0.791667 1.000000
vt 0.791667 0.000000
vt 0.833333 0.000000
vt 0.708333 0.000000
vt 0.750000 0.000000
vt 0.750000 0.500000
vt 0.708333 0.500000
vt 0.541667 0.000000
vt 0.583333 0.000000
vt 0.458333 0.000000
vt 0.500000 0.000000
vt 0.208333 0.000000
vt 0.250000 0.000000
vt 0.083333 0.000000
vt 0.166667 0.000000
vt 0.000000 0.000000
vt 0.083333 0.000000
vt 0.000000 0.500000
vt 0.916667 0.000000
vt 1.000000 0.000000
vt 0.333333 0.000000
vt 0.375000 0.000000
vt 0.604167 0.000000
vt 0.625000 0.000000
vt 0.604167 0.500000
vt 0.541667 0.000000
vt 0.791667 1.000000
vt 0.750000 1.000000
vt 0.708333 1.000000
vt 0.666667 1.000000
vt 0.291667 0.000000
vt 1.000000 0.000000
vt 1.000000 0.500000
vt 1.000000 1.000000
vt 0.916667 0.500000
vt 1.000000 0.500000
vt 1.000000 1.000000
vt 0.916667 1.000000
vt 0.083333 0.500000
vt 0.166667 0.500000
vt 0.166667 1.000000
vt 0.083333 1.000000
vt 0.208333 0.500000
vt 0.250000 0.500000
vt 0.250000 1.000000
vt 0.208333 1.000000
vt 0.291667 0.500000
vt 0.333333 0.500000
vt 0.333333 1.000000
vt 0.291667 1.000000
vt 0.375000 0.500000
vt 0.416667 0.500000
vt 0.416667 1.000000
vt 0.375000 1.000000
vt 0.458333 0.500000
vt 0.500000 0.500000
vt 0.500000 1.000000
vt 0.458333 1.000000
vt 0.541667 0.500000
vt 0.583333 0.500000
vt 0.583333 1.000000
vt 0.541667 1.000000
vt 0.625000 0.500000
vt 0.666667 0.500000
vt 0.666667 1.000000
vt 0.625000 1.000000
vt 0.791667 0.500000
vt 0.833333 0.500000
vt 0.833333 1.000000
vt 0.791667 1.000000
vt 0.791667 0.000000
vt 0.833333 0.000000
vt 0.708333 0.000000
vt 0.750000 0.000000
vt 0.750000 0.500000
vt 0.708333 0.500000
vt 0.541667 0.000000
vt 0.583333 0.000000
vt 0.458333 0.000000
vt 0.500000 0.000000
vt 0.208333 0.000000
vt 0.250000 0.000000
vt 0.083333 0.000000
vt 0.166667 0.000000
vt 0.000000 0.000000
vt 0.083333 0.000000
vt 0.000000 0.500000
vt 0.916667 0.000000
vt 1.000000 0.000000
vt 0.333333 0.000000
vt 0.375000 0.000000
vt 0.604167 0.000000
vt 0.625000 0.000000
vt 0.604167 0.500000
vt 0.541667 0.000000
vt 0.791667 1.000000
vt 0.750000 1.000000
vt 0.708333 1.000000
vt 0.666667 1.000000
vt 0.291667 0.000000
vt 1.000000 0.000000
vt 1.000000 0.500000
vt 1.000000 1.000000
vt 0.916667 0.500000
vt 1.000000 0.500000
vt 1.000000 1.000000
vt 0.916667 1.000000
vt 0.083333 0.500000
vt 0.166667 0.500000
vt 0.166667 1.000000
vt 0.083333 1.000000
vt 0.208333 0.500000
vt 0.250000 0.500000
vt 0.250000 1.000000
vt 0.208333 1.000000
vt 0.291667 0.500000
vt 0.333333 0.500000
vt 0.333333 1.000000
vt 0.291667 1.000000
vt 0.375000 0.500000
vt 0.416667 0.500000
vt 0.416667 1.000000
vt 0.375000 1.000000
vt 0.458333 0.500000
vt 0.500000 0.500000
vt 0.500000 1.000000
vt 0.458333 1.000000
vt 0.541667 0.500000
vt 0.583333 0.500000
vt 0.583333 1.000000
vt 0.541667 1.000000
vt 0.625000 0.500000
vt 0.666667 0.500000
vt 0.666667 1.000000
vt 0.625000 1.000000
vt 0.791667 0.500000
vt 0.833333 0.500000
vt 0.833333 1.000000
vt 0.791667 1.000000
vt 0.791667 0.000000
vt 0.833333 0.000000
vt 0.708333 0.000000
vt 0.750000 0.000000
vt 0.750000 0.500000
vt 0.708333 0.500000
vt 0.541667 0.000000
vt 0.583333 0.000000
vt 0.458333 0.000000
vt 0.500000 0.000000
vt 0.208333 0.000000
vt 0.250000 0.000000
vt 0.083333 0.000000
vt 0.166667 0.000000
vt 0.000000 0.000000
vt 0.083333 0.000000
vt 0.000000 0.500000
vt 0.916667 0.000000
vt 1.000000 0.000000
vt 0.333333 0.000000
vt 0.375000 0.000000
vt 0.604167 0.000000
vt 0.625000 0.000000
vt 0.604167 0.500000
vt 0.541667 0.000000
vt 0.791667 1.000000
vt 0.750000 1.000000
vt 0.708333 1.000000
vt 0.666667 1.000000
vt 0.291667 0.000000
vt 1.000000 0.000000
vt 1.000000 0.500000
vt 1.000000 1.000000
vt 0.916667 0.500000
vt 1.000000 0.500000
vt 1.000000 1.000000
vt 0.916667 1.000000
vt 0.083333 0.500000
vt 0.166667 0.500000
vt 0.166667 1.000000
vt 0.083333 1.000000
vt 0.208333 0.500000
vt 0.250000 0.500000
vt 0.250000 1.000000
vt 0.208333 1.000000
vt 0.291667 0.500000
vt 0.333333 0.500000
vt 0.333333 1.000000
vt 0.291667 1.000000
vt 0.375000 0.500000
vt 0.416667 0.500000
vt 0.416667 1.000000
vt 0.375000 1.000000
vt 0.458333 0.500000
vt 0.500000 0.500000
vt 0.500000 1.000000
vt 0.458333 1.000000
vt 0.541667 0.500000
vt 0.583333 0.500000
vt 0.583333 1.000000
vt 0.541667 1.000000
vt 0.625000 0.500000
vt 0.666667 0.500000
vt 0.666667 1.000000
vt 0.625000 1.000000
vt 0.791667 0.500000
vt 0.833333 0.500000
vt 0.833333 1.000000
vt 0.791667 1.000000
vt 0.791667 0.000000
vt 0.833333 0.000000
vt 0.708333 0.000000
vt 0.750000 0.000000
vt 0.750000 0.500000
vt 0.708333 0.500000
vt 0.541667 0.000000
vt 0.583333 0.000000
vt 0.458333 0.000000
vt 0.500000 0.000000
vt 0.208333 0.000000
vt 0.250000 0.000000
vt 0.083333 0.000000
vt 0.166667 0.000000
vt 0.000000 0.000000
vt 0.083333 0.000000
vt 0.000000 0.500000
vt 0.916667 0.000000
vt 1.000000 0.000000
vt 0.333333 0.000000
vt 0.375000 0.000000
vt 0.604167 0.000000
vt 0.625000 0.000000
vt 0.604167 0.500000
vt 0.541667 0.000000
vt 0.791667 1.000000
vt 0.750000 1.000000
vt 0.708333 1.000000
vt 0.666667 1.000000
vt 0.291667 0.000000
vt 1.000000 0.000000
vt 1.000000 0.500000
vt 1.000000 1.000000
vt 0.916667 0.500000
vt 1.000000 0.500000
vt 1.000000 1.000000
vt 0.916667 1.000000
vt 0.083333 0.500000
vt 0.166667 0.500000
vt 0.166667 1.000000
vt 0.083333 1.000000
vt 0.208333 0.500000
vt 0.250000 0.500000
vt 0.250000 1.000000
vt 0.208333 1.000000
vt 0.291667 0.500000
vt 0.333333 0.500000
vt 0.333333 1.000000
vt 0.291667 1.000000
vt 0.375000 0.500000
vt 0.416667 0.500000
vt 0.416667 1.000000
vt 0.375000 1.000000
vt 0.458333 0.500000
vt 0.500000 0.500000
vt 0.500000 1.000000
vt 0.458333 1.000000
vt 0.541667 0.500000
vt 0.583333 0.500000
vt 0.583333 1.000000
vt 0.541667 1.000000
vt 0.625000 0.500000
vt 0.666667 0.500000
vt 0.666667 1.000000
vt 0.625000 1.000000
vt 0.791667 0.500000
vt 0.833333 0.500000
vt 0.833333 1.000000
vt 0.791667 1.000000
vt 0.791667 0.000000
vt 0.833333 0.000000
vt 0.708333 0.000000
vt 0.750000 0.000000
vt 0.750000 0.500000
vt 0.708333 0.500000
vt 0.541667 0.000000
vt 0.583333 0.000000
vt 0.458333 0.000000
vt 0.500000 0.000000
vt 0.208333 0.000000
vt 0.250000 0.000000
vt 0.083333 0.000000
vt 0.166667 0.000000
vt 0.000000 0.000000
vt 0.083333 0.000000
vt 0.000000 0.500000
vt 0.916667 0.000000
vt 1.000000 0.000000
vt 0.333333 0.000000
vt 0.375000 0.000000
vt 0.604167 0.000000
vt 0.625000 0.000000
vt 0.604167 0.500000
vt 0.541667 0.000000
vt 0.791667 1.000000
vt 0.750000 1.000000
vt 0.708333 1.000000
vt 0.666667 1.000000
vt 0.291667 0.000000
vt 1.000000 0.000000
vt 1.000000 0.500000
vt 1.000000 1.000000
vt 0.916667 0.500000
vt 1.000000 0.500000
vt 1.000000 1.000000
vt 0.916667 1.000000
vt 0.083333 0.500000
vt 0.166667 0.500000
vt 0.166667 1.000000
vt 0.083333 1.000000
vt 0.208333 0.500000
vt 0.250000 0.500000
vt 0.250000 1.000000
vt 0.208333 1.000000
vt 0.291667 0.500000
vt 0.333333 0.500000
vt 0.333333 1.000000
vt 0.291667 1.000000
vt 0.375000 0.500000
vt 0.416667 0.500000
vt 0.416667 1.000000
vt 0.375000 1.000000
vt 0.458333 0.500000
vt 0.500000 0.500000
vt 0.500000 1.000000
vt 0.458333 1.000000
vt 0.541667 0.500000
vt 0.583333 0.500000
vt 0.583333 1.000000
vt 0.541667 1.000000
vt 0.625000 0.500000
vt 0.666667 0.500000
vt 0.666667 1.000000
vt 0.625000 1.000000
vt 0.791667 0.500000
vt 0.833333 0.500000
vt 0.833333 1.000000
vt 0.791667 1.000000
vt 0.791667 0.000000
vt 0.833333 0.000000
vt 0.708333 0.000000
vt 0.750000 0.000000
vt 0.750000 0.500000
vt 0.708333 0.500000
vt 0.541667 0.000000
vt 0.583333 0.000000
vt 0.458333 0.000000
vt 0.500000 0.000000
vt 0.208333 0.000000
vt 0.250000 0.000000
vt 0.083333 0.000000
vt 0.166667 0.000000
vt 0.000000 0.000000
vt 0.083333 0.000000
vt 0.000000 0.500000
vt 0.916667 0.000000
vt 1.000000 0.000000
vt 0.333333 0.000000
vt 0.375000 0.000000
vt 0.604167 0.000000
vt 0.625000 0.000000
vt 0.604167 0.500000
vt 0.541667 0.000000
vt 0.791667 1.000000
vt 0.750000 1.000000
vt 0.708333 1.000000
vt 0.666667 1.000000
vt 0.291667 0.000000
vt 1.000000 0.000000
vt 1.000000 0.500000
vt 1.000000 1.000000
vt 0.083333 1.000000
vt 0.000000 1.000000
vt 0.750000 1.000000
vt 0.375000 0.000000
vt 0.416667 0.000000
vt 0.375000 1.000000
vt 0.604167 0.000000
vt 0.500000 1.000000
vt 0.750000 0.000000
vt 0.791667 0.000000
vt 0.291667 1.000000
vt 0.250000 1.000000
vt 0.166667 0.000000
vt 0.083333 1.000000
vt 0.000000 1.000000
vt 0.750000 1.000000
vt 0.375000 0.000000
vt 0.416667 0.000000
vt 0.375000 1.000000
vt 0.604167 0.000000
vt 0.500000 1.000000
vt 0.750000 0.000000
vt 0.791667 0.000000
vt 0.291667 1.000000
vt 0.250000 1.000000
vt 0.166667 0.000000
vt 0.083333 1.000000
vt 0.000000 1.000000
vt 0.750000 1.000000
vt 0.375000 0.000000
vt 0.416667 0.000000
vt 0.375000 1.000000
vt 0.604167 0.000000
vt 0.500000 1.000000
vt 0.750000 0.000000
vt 0.791667 0.000000
vt 0.291667 1.000000
vt 0.250000 1.000000
vt 0.166667 0.000000
vt 0.083333 1.000000
vt 0.000000 1.000000
vt 0.750000 1.000000
vt 0.375000 0.000000
vt 0.416667 0.000000
vt 0.375000 1.000000
vt 0.604167 0.000000
vt 0.500000 1.000000
vt 0.750000 0.000000
vt 0.791667 0.000000
vt 0.291667 1.000000
vt 0.250000 1.000000
vt 0.166667 0.000000
vt 0.083333 1.000000
vt 0.000000 1.000000
vt 0.750000 1.000000
vt 0.375000 0.000000
vt 0.416667 0.000000
vt 0.375000 1.000000
vt 0.604167 0.000000
vt 0.500000 1.000000
vt 0.750000 0.000000
vt 0.791667 0.000000
vt 0.291667 1.000000
vt 0.250000 1.000000
vt 0.166667 0.000000
vt 0.083333 1.000000
vt 0.000000 1.000000
vt 0.750000 1.000000
vt 0.375000 0.000000
vt 0.416667 0.000000
vt 0.375000 1.000000
vt 0.604167 0.000000
vt 0.500000 1.000000
vt 0.750000 0.000000
vt 0.791667 0.000000
vt 0.291667 1.000000
vt 0.250000 1.000000
vt 0.166667 0.000000
vt 0.083333 1.000000
vt 0.000000 1.000000
vt 0.750000 1.000000
vt 0.375000 0.000000
vt 0.416667 0.000000
vt 0.375000 1.000000
vt 0.604167 0.000000
vt 0.500000 1.000000
vt 0.750000 0.000000
vt 0.791667 0.000000
vt 0.291667 1.000000
vt 0.250000 1.000000
vt 0.166667 0.000000
vt 0.083333 1.000000
vt 0.000000 1.000000
vt 0.750000 1.000000
vt 0.375000 0.000000
vt 0.416667 0.000000
vt 0.375000 1.000000
vt 0.604167 0.000000
vt 0.500000 1.000000
vt 0.750000 0.000000
vt 0.791667 0.000000
vt 0.291667 1.000000
vt 0.250000 1.000000
vt 0.166667 0.000000
vt 0.083333 1.000000
vt 0.000000 1.000000
vt 0.750000 1.000000
vt 0.375000 0.000000
vt 0.416667 0.000000
vt 0.375000 1.000000
vt 0.604167 0.000000
vt 0.500000 1.000000
vt 0.750000 0.000000
vt 0.791667 0.000000
vt 0.291667 1.000000
vt 0.250000 1.000000
vt 0.166667 0.000000
vt 0.083333 1.000000
vt 0.000000 1.000000
vt 0.750000 1.000000
vt 0.375000 0.000000
vt 0.416667 0.000000
vt 0.375000 1.000000
vt 0.604167 0.000000
vt 0.500000 1.000000
vt 0.750000 0.000000
vt 0.791667 0.000000
vt 0.291667 1.000000
vt 0.250000 1.000000
vt 0.166667 0.000000
vt 0.083333 1.000000
vt 0.000000 1.000000
vt 0.750000 1.000000
vt 0.375000 0.000000
vt 0.416667 0.000000
vt 0.375000 1.000000
vt 0.604167 0.000000
vt 0.500000 1.000000
vt 0.750000 0.000000
vt 0.791667 0.000000
vt 0.291667 1.000000
vt 0.250000 1.000000
vt 0.166667 0.000000
vt 0.083333 1.000000
vt 0.000000 1.000000
vt 0.750000 1.000000
vt 0.375000 0.000000
vt 0.416667 0.000000
vt 0.375000 1.000000
vt 0.604167 0.000000
vt 0.500000 1.000000
vt 0.750000 0.000000
vt 0.791667 0.000000
vt 0.291667 1.000000
vt 0.250000 1.000000
vt 0.166667 0.000000
vt 0.833333 0.000000
vt 0.666667 0.000000
vt 0.291667 0.000000
vt 0.333333 0.000000
vt 0.416667 0.000000
vt 0.416667 1.000000
vt 0.604167 1.000000
vt 0.604167 1.000000
vt 0.583333 1.000000
vt 0.666667 0.000000
vt 0.708333 0.000000
vt 0.208333 1.000000
vt 0.166667 1.000000
vt 0.833333 0.000000
vt 0.666667 0.000000
vt 0.291667 0.000000
vt 0.333333 0.000000
vt 0.416667 0.000000
vt 0.416667 1.000000
vt 0.604167 1.000000
vt 0.604167 1.000000
vt 0.583333 1.000000
vt 0.666667 0.000000
vt 0.708333 0.000000
vt 0.208333 1.000000
vt 0.166667 1.000000
vt 0.833333 0.000000
vt 0.666667 0.000000
vt 0.291667 0.000000
vt 0.333333 0.000000
vt 0.416667 0.000000
vt 0.416667 1.000000
vt 0.604167 1.000000
vt 0.604167 1.000000
vt 0.583333 1.000000
vt 0.666667 0.000000
vt 0.708333 0.000000
vt 0.208333 1.000000
vt 0.166667 1.000000
vt 0.833333 0.000000
vt 0.666667 0.000000
vt 0.291667 0.000000
vt 0.333333 0.000000
vt 0.416667 0.000000
vt 0.416667 1.000000
vt 0.604167 1.000000
vt 0.604167 1.000000
vt 0.583333 1.000000
vt 0.666667 0.000000
vt 0.708333 0.000000
vt 0.208333 1.000000
vt 0.166667 1.000000
vt 0.833333 0.000000
vt 0.666667 0.000000
vt 0.291667 0.000000
vt 0.333333 0.000000
vt 0.416667 0.000000
vt 0.416667 1.000000
vt 0.604167 1.000000
vt 0.604167 1.000000
vt 0.583333 1.000000
vt 0.666667 0.000000
vt 0.708333 0.000000
vt 0.208333 1.000000
vt 0.166667 1.000000
vt 0.833333 0.000000
vt 0.666667 0.000000
vt 0.291667 0.000000
vt 0.333333 0.000000
vt 0.416667 0.000000
vt 0.416667 1.000000
vt 0.604167 1.000000
vt 0.604167 1.000000
vt 0.583333 1.000000
vt 0.666667 0.000000
vt 0.708333 0.000000
vt 0.208333 1.000000
vt 0.166667 1.000000
vt 0.833333 0.000000
vt 0.666667 0.000000
vt 0.291667 0.000000
vt 0.333333 0.000000
vt 0.416667 0.000000
vt 0.416667 1.000000
vt 0.604167 1.000000
vt 0.604167 1.000000
vt 0.583333 1.000000
vt 0.666667 0.000000
vt 0.708333 0.000000
vt 0.208333 1.000000
vt 0.166667 1.000000
vt 0.833333 0.000000
vt 0.666667 0.000000
vt 0.291667 0.000000
vt 0.333333 0.000000
vt 0.416667 0.000000
vt 0.416667 1.000000
vt 0.604167 1.000000
vt 0.604167 1.000000
vt 0.583333 1.000000
vt 0.666667 0.000000
vt 0.708333 0.000000
vt 0.208333 1.000000
vt 0.166667 1.000000
vt 0.833333 0.000000
vt 0.666667 0.000000
vt 0.291667 0.000000
vt 0.333333 0.000000
vt 0.416667 0.000000
vt 0.416667 1.000000
vt 0.604167 1.000000
vt 0.604167 1.000000
vt 0.583333 1.000000
vt 0.666667 0.000000
vt 0.708333 0.000000
vt 0.208333 1.000000
vt 0.166667 1.000000
vt 0.833333 0.000000
vt 0.666667 0.000000
vt 0.291667 0.000000
vt 0.333333 0.000000
vt 0.416667 0.000000
vt 0.416667 1.000000
vt 0.604167 1.000000
vt 0.604167 1.000000
vt 0.583333 1.000000
vt 0.666667 0.000000
vt 0.708333 0.000000
vt 0.208333 1.000000
vt 0.166667 1.000000
vt 0.833333 0.000000
vt 0.666667 0.000000
vt 0.291667 0.000000
vt 0.333333 0.000000
vt 0.416667 0.000000
vt 0.416667 1.000000
vt 0.604167 1.000000
vt 0.604167 1.000000
vt 0.583333 1.000000
vt 0.666667 0.000000
vt 0.708333 0.000000
vt 0.208333 1.000000
vt 0.166667 1.000000
vt 0.833333 0.000000
vt 0.666667 0.000000
vt 0.291667 0.000000
vt 0.333333 0.000000
vt 0.416667 0.000000
vt 0.416667 1.000000
vt 0.604167 1.000000
vt 0.604167 1.000000
vt 0.583333 1.000000
vt 0.666667 0.000000
vt 0.708333 0.000000
vt 0.208333 1.000000
vt 0.166667 1.000000
vt 0.000000 0.000000
vt 0.000000 0.000000
vt 0.000000 0.000000
vt 0.000000 0.000000
vt 0.000000 0.000000
vt 0.000000 0.000000
vt 0.000000 0.000000
vt 0.000000 0.000000
vt 0.000000 0.000000
vt 0.000000 0.000000
vt 0.000000 0.000000
vt 0.000000 0.000000
vt 0.000000 0.000000
vt 0.000000 0.000000
vt 0.000000 0.000000
vt 0.000000 0.000000
vt 0.000000 0.000000
vt 0.000000 0.000000
vt 0.000000 0.000000
vt 0.000000 0.000000
vt 0.000000 0.000000
vt 0.000000 0.000000
vt 0.000000 0.000000
vt 0.000000 0.000000
vt 0.000000 0.000000
vt 0.000000 0.000000
vt 0.000000 0.000000
vt 0.000000 0.000000
vt 0.000000 0.000000
vt 0.000000 0.000000
vt 0.000000 0.000000
vt 0.000000 0.000000
vt 0.000000 0.000000
vt 0.000000 0.000000
vt 0.000000 0.000000
vt 0.000000 0.000000
vt 0.000000 0.000000
vt 0.000000 0.000000
vt 0.000000 0.000000
vt 0.000000 0.000000
vt 0.000000 0.000000
vt 0.000000 0.000000
vt 0.000000 0.000000
vt 0.000000 0.000000
vt 0.000000 0.000000
vt 0.000000 0.000000
vt 0.000000 0.000000
vt 0.000000 0.000000
vt 0.000000 0.000000
vt 0.000000 0.000000
vt 0.000000 0.000000
vt 0.000000 0.000000
vt 0.000000 0.000000
vt 0.000000 0.000000
vt 0.000000 0.000000
vt 0.000000 0.000000
vt 0.000000 0.000000
vt 0.000000 0.000000
vt 0.000000 0.000000
vt 0.000000 0.000000
vt 0.000000 0.000000
vt 0.000000 0.000000
vt 0.000000 0.000000
vt 0.000000 0.000000
vt 0.000000 0.000000
vt 0.000000 0.000000
vt 0.000000 0.000000
vt 0.000000 0.000000
vt 0.000000 0.000000
vt 0.000000 0.000000
vt 0.000000 0.000000
vt 0.000000 0.000000
vt 0.000000 0.000000
vt 0.000000 0.000000
vt 0.000000 0.000000
vt 0.000000 0.000000
vt 0.000000 0.000000
vt 0.000000 0.000000
vt 0.000000 0.000000
vt 0.000000 0.000000
vt 0.000000 0.000000
vt 0.000000 0.000000
vt 0.000000 0.000000
vt 0.000000 0.000000
vt 0.000000 0.000000
vt 0.000000 0.000000
vt 0.000000 0.000000
vt 0.000000 0.000000
vt 0.000000 0.000000
vt 0.000000 0.000000
vt 0.000000 0.000000
vt 0.000000 0.000000
vt 0.000000 0.000000
vt 0.000000 0.000000
vt 0.000000 0.000000
vt 0.000000 0.000000
vt 0.000000 0.000000
vt 0.000000 0.000000
vt 0.000000 0.000000
vt 0.000000 0.000000
vt 0.000000 0.000000
vt 0.000000 0.000000
vt 0.000000 0.000000
vt 0.000000 0.000000
vt 0.000000 0.000000
vt 0.000000 0.000000
vt 0.000000 0.000000
vt 0.000000 0.000000
vt 0.000000 0.000000
vt 0.000000 0.000000
vt 0.000000 0.000000
vt 0.000000 0.000000
vt 0.000000 0.000000
vt 0.000000 0.000000
vt 0.000000 0.000000
vt 0.000000 0.000000
vt 0.000000 0.000000
vt 0.000000 0.000000
vt 0.000000 0.000000
vt 0.000000 0.000000
vt 0.000000 0.000000
vt 0.000000 0.000000
vt 0.000000 0.000000
vt 0.000000 0.000000
vt 0.000000 0.000000
vt 0.000000 0.000000
vt 0.000000 0.000000
vt 0.000000 0.000000
vt 0.000000 0.000000
vt 0.000000 0.000000
vt 0.000000 0.000000
vt 0.000000 0.000000
vt 0.000000 0.000000
vt 0.000000 0.000000
vt 0.000000 0.000000
vt 0.000000 0.000000
vt 0.000000 0.000000
vt 0.000000 0.000000
vt 0.000000 0.000000
vt 0.000000 0.000000
vt 0.000000 0.000000
vt 0.000000 0.000000
vt 0.000000 0.000000
vt 0.000000 0.000000
vt 0.000000 0.000000
vt 0.000000 0.000000
vt 0.000000 0.000000
vt 0.000000 0.000000
vt 0.000000 0.000000
vt 0.000000 0.000000
vt 0.000000 0.000000
vt 0.000000 0.000000
vt 0.000000 0.000000
vt 0.000000 0.000000
vt 0.000000 0.000000
vt 0.000000 0.000000
vt 0.000000 0.000000
vt 0.000000 0.000000
vt 0.000000 0.000000
vt 0.000000 0.000000
vt 0.000000 0.000000
vt 0.000000 0.000000
vt 0.000000 0.000000
vt 0.000000 0.000000
vt 0.000000 0.000000
vt 0.000000 0.000000
vt 0.000000 0.000000
vt 0.000000 0.000000
vt 0.000000 0.000000
vt 0.000000 0.000000
vt 0.000000 0.000000
vt 0.000000 0.000000
vt 0.000000 0.000000
vt 0.000000 0.000000
vt 0.000000 0.000000
vt 0.000000 0.000000
vt 0.000000 0.000000
vt 0.000000 0.000000
vt 0.000000 0.000000
vt 0.000000 0.000000
vt 0.000000 0.000000
vt 0.000000 0.000000
vt 0.000000 0.000000
vt 0.000000 0.000000
vt 0.000000 0.000000
vt 0.000000 0.000000
vt 0.000000 0.000000
vt 0.000000 0.000000
vt 0.000000 0.000000
vt 0.000000 0.000000
vt 0.000000 0.000000
vt 0.000000 0.000000
vt 0.000000 0.000000
vt 0.000000 0.000000
vt 0.000000 0.000000
vt 0.000000 0.000000
vt 0.000000 0.000000
vt 0.000000 0.000000
vt 0.000000 0.000000
vt 0.000000 0.000000
vt 0.000000 0.000000
vt 0.000000 0.000000
vt 0.000000 0.000000
vt 0.000000 0.000000
vt 0.000000 0.000000
vt 0.000000 0.000000
vt 0.000000 0.000000
vt 0.000000 0.000000
vt 0.000000 0.000000
vt 0.000000 0.000000
vt 0.000000 0.000000
vt 0.000000 0.000000
vt 0.000000 0.000000
vt 0.000000 0.000000
vt 0.000000 0.000000
vt 0.000000 0.000000
vt 0.000000 0.000000
vt 0.000000 0.000000
vt 0.000000 0.000000
vt 0.000000 0.000000
vt 0.000000 0.000000
vt 0.000000 0.000000
vt 0.000000 0.000000
vt 0.000000 0.000000
vt 0.000000 0.000000
vt 0.000000 0.000000
vt 0.000000 0.000000
vt 0.000000 0.000000
vt 0.000000 0.000000
vt 0.000000 0.000000
vt 0.000000 0.000000
vt 0.000000 0.000000
vt 0.000000 0.000000
vt 0.000000 0.000000
vt 0.000000 0.000000
vt 0.000000 0.000000
vt 0.000000 0.000000
vt 0.000000 0.000000
vt 0.000000 0.000000
vt 0.000000 0.000000
vt 0.000000 0.000000
vt 0.000000 0.000000
vt 0.000000 0.000000
vt 0.000000 0.000000
vt 0.000000 0.000000
vt 0.000000 0.000000
vt 0.000000 0.000000
vt 0.000000 0.000000
vt 0.000000 0.000000
vt 0.000000 0.000000
vt 0.000000 0.000000
vt 0.000000 0.000000
vt 0.000000 0.000000
vt 0.000000 0.000000
vt 0.000000 0.000000
vt 0.000000 0.000000
vt 0.000000 0.000000
vt 0.000000 0.000000
vt 0.000000 0.000000
vt 0.000000 0.000000
vt 0.000000 0.000000
vt 0.000000 0.000000
vt 0.000000 0.000000
vt 0.000000 0.000000
vt 0.000000 0.000000
vt 0.000000 0.000000
vt 0.000000 0.000000
vt 0.000000 0.000000
vt 0.000000 0.000000
vt 0.000000 0.000000
vt 0.000000 0.000000
vt 0.000000 0.000000
vt 0.000000 0.000000
vt 0.000000 0.000000
vt 0.000000 0.000000
vt 0.000000 0.000000
vt 0.000000 0.000000
vt 0.000000 0.000000
vt 0.000000 0.000000
vt 0.000000 0.000000
vt 0.000000 0.000000
vt 0.000000 0.000000
vt 0.000000 0.000000
vt 0.000000 0.000000
vt 0.000000 0.000000
vt 0.000000 0.000000
vt 0.000000 0.000000
vt 0.000000 0.000000
vt 0.000000 0.000000
vt 0.000000 0.000000
vt 0.000000 0.000000
vt 0.000000 0.000000
vt 0.000000 0.000000
vt 0.000000 0.000000
vt 0.000000 0.000000
vt 0.000000 0.000000
vt 0.000000 0.000000
vt 0.000000 0.000000
vt 0.000000 0.000000
vt 0.000000 0.000000
vt 0.000000 0.000000
vt 0.000000 0.000000
vt 0.000000 0.000000
vt 0.000000 0.000000
vt 0.000000 0.000000
vt 0.000000 0.000000
vt 0.000000 0.000000
vt 0.000000 0.000000
vt 0.000000 0.000000
vt 0.000000 0.000000
vt 0.000000 0.000000
vt 0.000000 0.000000
vt 0.000000 0.000000
vt 0.000000 0.000000
vt 0.000000 0.000000
vt 0.000000 0.000000
vt 0.000000 0.000000
vt 0.000000 0.000000
vt 0.000000 0.000000
vt 0.000000 0.000000
vt 0.000000 0.000000
vt 0.000000 0.000000
vt 0.000000 0.000000
vt 0.000000 0.000000
vt 0.000000 0.000000
vt 0.000000 0.000000
vt 0.000000 0.000000
vt 0.000000 0.000000
vt 0.000000 0.000000
vt 0.000000 0.000000
vt 0.000000 0.000000
vt 0.000000 0.000000
vt 0.000000 0.000000
vt 0.000000 0.000000
vt 0.000000 0.000000
vt 0.000000 0.000000
vt 0.000000 0.000000
vt 0.000000 0.000000
vt 0.000000 0.000000
vt 0.000000 0.000000
vt 0.000000 0.000000
vt 0.000000 0.000000
vt 0.000000 0.000000
vt 0.000000 0.000000
vt 0.000000 0.000000
vt 0.000000 0.000000
vt 0.000000 0.000000
vt 0.000000 0.000000
vt 0.000000 0.000000
vt 0.000000 0.000000
vt 0.000000 0.000000
vt 0.000000 0.000000
vt 0.000000 0.000000
vt 0.000000 0.000000
vt 0.000000 0.000000
vt 0.000000 0.000000
vt 0.000000 0.000000
vt 0.000000 0.000000
vt 0.000000 0.000000
vt 0.000000 0.000000
vt 0.000000 0.000000
vt 0.000000 0.000000
vt 0.000000 0.000000
vt 0.000000 0.000000
vt 0.000000 0.000000
vt 0.000000 0.000000
vt 0.000000 0.000000
vt 0.000000 0.000000
vt 0.000000 0.000000
vt 0.000000 0.000000
vt 0.000000 0.000000
vt 0.000000 0.000000
vt 0.000000 0.000000
vt 0.000000 0.000000
vt 0.000000 0.000000
vt 0.000000 0.000000
vt 0.000000 0.000000
vt 0.000000 0.000000
vt 0.000000 0.000000
vt 0.000000 0.000000
vt 0.000000 0.000000
vt 0.000000 0.000000
vt 0.000000 0.000000
vt 0.000000 0.000000
vt 0.000000 0.000000
vt 0.000000 0.000000
vt 0.000000 0.000000
vt 0.000000 0.000000
vt 0.000000 0.000000
vt 0.000000 0.000000
vt 0.000000 0.000000
vt 0.000000 0.000000
vt 0.000000 0.000000
vt 0.000000 0.000000
vt 0.000000 0.000000
vt 0.000000 0.000000
vt 0.000000 0.000000
vt 0.000000 0.000000
vt 0.000000 0.000000
vt 0.000000 0.000000
vt 0.000000 0.000000
vt 0.000000 0.000000
vt 0.000000 0.000000
vt 0.000000 0.000000
vt 0.000000 0.000000
vt 0.000000 0.000000
vt 0.000000 0.000000
vt 0.000000 0.000000
vt 0.000000 0.000000
vt 0.000000 0.000000
vt 0.000000 0.000000
vt 0.000000 0.000000
vt 0.000000 0.000000
vt 0.000000 0.000000
vt 0.000000 0.000000
vt 0.000000 0.000000
vt 0.000000 0.000000
vt 0.000000 0.000000
vt 0.000000 0.000000
vt 0.000000 0.000000
vt 0.000000 0.000000
vt 0.000000 0.000000
vt 0.000000 0.000000
vt 0.000000 0.000000
vt 0.000000 0.000000
vt 0.000000 0.000000
vt 0.000000 0.000000
vt 0.000000 0.000000
vt 0.000000 0.000000
vt 0.000000 0.000000
vt 0.000000 0.000000
vt 0.000000 0.000000
vt 0.000000 0.000000
vt 0.000000 0.000000
vt 0.000000 0.000000
vt 0.000000 0.000000
vt 0.000000 0.000000
vt 0.000000 0.000000
vt 0.000000 0.000000
vt 0.000000 0.000000
vt 0.000000 0.000000
vt 0.000000 0.000000
vt 0.000000 0.000000
vt 0.000000 0.000000
vt 0.000000 0.000000
vt 0.000000 0.000000
vt 0.000000 0.000000
vt 0.000000 0.000000
vt 0.000000 0.000000
vt 0.000000 0.000000
vt 0.000000 0.000000
vt 0.000000 0.000000
vt 0.000000 0.000000
vt 0.000000 0.000000
vt 0.000000 0.000000
vt 0.000000 0.000000
vt 0.000000 0.000000
vt 0.000000 0.000000
vt 0.000000 0.000000
vt 0.000000 0.000000
vt 0.000000 0.000000
vt 0.000000 0.000000
vt 0.000000 0.000000
vt 0.000000 0.000000
vt 0.000000 0.000000
vt 0.000000 0.000000
vt 0.000000 0.000000
vt 0.000000 0.000000
vt 0.000000 0.000000
vt 0.000000 0.000000
vt 0.000000 0.000000
vt 0.000000 0.000000
vt 0.000000 0.000000
vt 0.000000 0.000000
vt 0.000000 0.000000
vt 0.000000 0.000000
vt 0.000000 0.000000
vt 0.000000 0.000000
vt 0.000000 0.000000
vt 0.000000 0.000000
vt 0.000000 0.000000
vt 0.000000 0.000000
vt 0.000000 0.000000
vt 0.000000 0.000000
vt 0.000000 0.000000
vt 0.000000 0.000000
vt 0.000000 0.000000
vt 0.000000 0.000000
vt 0.000000 0.000000
vt 0.000000 0.000000
vt 0.000000 0.000000
vt 0.000000 0.000000
vt 0.000000 0.000000
vt 0.000000 0.000000
vt 0.000000 0.000000
vt 0.000000 0.000000
vt 0.000000 0.000000
vt 0.000000 0.000000
vt 0.000000 0.000000
vt 0.000000 0.000000
vt 0.000000 0.000000
vt 0.000000 0.000000
vt 0.000000 0.000000
vt 0.000000 0.000000
vt 0.000000 0.000000
vt 0.000000 0.000000
vt 0.000000 0.000000
vt 0.000000 0.000000
vt 0.000000 0.000000
vt 0.000000 0.000000
vt 0.000000 0.000000
vt 0.000000 0.000000
vt 0.000000 0.000000
vt 0.000000 0.000000
vt 0.000000 0.000000
vt 0.000000 0.000000
vt 0.000000 0.000000
vt 0.000000 0.000000
vt 0.000000 0.000000
vt 0.000000 0.000000
vt 0.000000 0.000000
vt 0.000000 0.000000
vt 0.000000 0.000000
vt 0.000000 0.000000
vt 0.000000 0.000000
vt 0.000000 0.000000
vt 0.000000 0.000000
vt 0.000000 0.000000
vt 0.000000 0.000000
vt 0.000000 0.000000
vt 0.000000 0.000000
vt 0.000000 0.000000
vt 0.000000 0.000000
vt 0.000000 0.000000
vt 0.000000 0.000000
vt 0.000000 0.000000
vt 0.000000 0.000000
vt 0.000000 0.000000
vt 0.000000 0.000000
vt 0.000000 0.000000
vt 0.000000 0.000000
vt 0.000000 0.000000
vt 0.000000 0.000000
vt 0.000000 0.000000
vt 0.000000 0.000000
vt 0.000000 0.000000
vt 0.000000 0.000000
vt 0.000000 0.000000
vt 0.000000 0.000000
vt 0.000000 0.000000
vt 0.000000 0.000000
vt 0.000000 0.000000
vt 0.000000 0.000000
vt 0.000000 0.000000
vt 0.000000 0.000000
vt 0.000000 0.000000
vt 0.000000 0.000000
vt 0.000000 0.000000
vt 0.000000 0.000000
vt 0.000000 0.000000
vt 0.000000 0.000000
vt 0.000000 0.000000
vt 0.000000 0.000000
vt 0.000000 0.000000
vt 0.000000 0.000000
vt 0.000000 0.000000
vt 0.000000 0.000000
vt 0.000000 0.000000
vt 0.000000 0.000000
vt 0.000000 0.000000
vt 0.000000 0.000000
vt 0.000000 0.000000
vt 0.000000 0.000000
vt 0.000000 0.000000
vt 0.000000 0.000000
vt 0.000000 0.000000
vt 0.000000 0.000000
vt 0.000000 0.000000
vt 0.000000 0.000000
vt 0.000000 0.000000
vt 0.000000 0.000000
vt 0.000000 0.000000
vt 0.000000 0.000000
vt 0.000000 0.000000
vt 0.000000 0.000000
vt 0.000000 0.000000
vt 0.000000 0.000000
vt 0.000000 0.000000
vt 0.000000 0.000000
vt 0.000000 0.000000
vt 0.000000 0.000000
vt 0.000000 0.000000
vt 0.000000 0.000000
vt 0.000000 0.000000
vt 0.000000 0.000000
vt 0.000000 0.000000
vt 0.000000 0.000000
vt 0.000000 0.000000
vt 0.000000 0.000000
vt 0.000000 0.000000
vt 0.000000 0.000000
vt 0.000000 0.000000
vt 0.000000 0.000000
vt 0.000000 0.000000
vt 0.000000 0.000000
vt 0.000000 0.000000
vt 0.000000 0.000000
vt 0.000000 0.000000
vt 0.000000 0.000000
vt 0.000000 0.000000
vt 0.000000 0.000000
vt 0.000000 0.000000
vt 0.000000 0.000000
vt 0.000000 0.000000
vt 0.000000 0.000000
vt 0.000000 0.000000
vt 0.000000 0.000000
vt 0.000000 0.000000
vt 0.000000 0.000000
vt 0.000000 0.000000
vt 0.000000 0.000000
vt 0.000000 0.000000
vt 0.000000 0.000000
vt 0.000000 0.000000
vt 0.000000 0.000000
vt 0.000000 0.000000
vt 0.000000 0.000000
vt 0.000000 0.000000
vt 0.000000 0.000000
vt 0.000000 0.000000
vt 0.000000 0.000000
vt 0.000000 0.000000
vt 0.000000 0.000000
vt 0.000000 0.000000
vt 0.000000 0.000000
vt 0.000000 0.000000
vt 0.000000 0.000000
vt 0.000000 0.000000
vt 0.000000 0.000000
vt 0.000000 0.000000
vt 0.000000 0.000000
vt 0.000000 0.000000
vt 0.000000 0.000000
vt 0.000000 0.000000
vt 0.000000 0.000000
vt 0.000000 0.000000
vt 0.000000 0.000000
vt 0.000000 0.000000
vt 0.000000 0.000000
vt 0.000000 0.000000
vt 0.000000 0.000000
vt 0.000000 0.000000
vt 0.000000 0.000000
vt 0.000000 0.000000
vt 0.000000 0.000000
vt 0.000000 0.000000
vt 0.000000 0.000000
vt 0.000000 0.000000
vt 0.000000 0.000000
vt 0.000000 0.000000
vt 0.000000 0.000000
vt 0.000000 0.000000
vt 0.000000 0.000000
vt 0.000000 0.000000
vt 0.000000 0.000000
vt 0.000000 0.000000
vt 0.000000 0.000000
vt 0.000000 0.000000
vt 0.000000 0.000000
vt 0.000000 0.000000
vt 0.000000 0.000000
vt 0.000000 0.000000
vt 0.000000 0.000000
vt 0.000000 0.000000
vt 0.000000 0.000000
vt 0.000000 0.000000
vt 0.000000 0.000000
vt 0.000000 0.000000
vt 0.000000 0.000000
vt 0.000000 0.000000
vt 0.000000 0.000000
vt 0.000000 0.000000
vt 0.000000 0.000000
vt 0.000000 0.000000
vt 0.000000 0.000000
vt 0.000000 0.000000
vt 0.000000 0.000000
vt 0.000000 0.000000
vt 0.000000 0.000000
vt 0.000000 0.000000
vt 0.000000 0.000000
vt 0.000000 0.000000
vt 0.000000 0.000000
vt 0.000000 0.000000
vt 0.000000 0.000000
vt 0.000000 0.000000
vt 0.000000 0.000000
vt 0.000000 0.000000
vt 0.000000 0.000000
vt 0.000000 0.000000
vt 0.000000 0.000000
vt 0.000000 0.000000
vt 0.000000 0.000000
vt 0.000000 0.000000
vt 0.000000 0.000000
vt 0.000000 0.000000
vt 0.000000 0.000000
vt 0.000000 0.000000
vt 0.000000 0.000000
vt 0.000000 0.000000
vt 0.000000 0.000000
vt 0.000000 0.000000
vt 0.000000 0.000000
vt 0.000000 0.000000
vt 0.000000 0.000000
vt 0.000000 0.000000
vt 0.000000 0.000000
vt 0.000000 0.000000
vt 0.000000 0.000000
vt 0.000000 0.000000
vt 0.000000 0.000000
vt 0.000000 0.000000
vt 0.000000 0.000000
vt 0.000000 0.000000
vt 0.000000 0.000000
vt 0.000000 0.000000
vt 0.000000 0.000000
vt 0.000000 0.000000
vt 0.000000 0.000000
vt 0.000000 0.000000
vt 0.000000 0.000000
vt 0.000000 0.000000
vt 0.000000 0.000000
vt 0.000000 0.000000
vt 0.000000 0.000000
vt 0.000000 0.000000
vt 0.000000 0.000000
vt 0.000000 0.000000
vt 0.000000 0.000000
vt 0.000000 0.000000
vt 0.000000 0.000000
vt 0.000000 0.000000
vt 0.000000 0.000000
vt 0.000000 0.000000
vt 0.000000 0.000000
vt 0.000000 0.000000
vt 0.000000 0.000000
vt 0.000000 0.000000
vt 0.000000 0.000000
vt 0.000000 0.000000
vt 0.000000 0.000000
vt 0.000000 0.000000
vt 0.000000 0.000000
vt 0.000000 0.000000
vt 0.000000 0.000000
vt 0.000000 0.000000
vt 0.000000 0.000000
vt 0.000000 0.000000
vt 0.000000 0.000000
vt 0.000000 0.000000
vt 0.000000 0.000000
vt 0.000000 0.000000
vt 0.000000 0.000000
vt 0.000000 0.000000
vt 0.000000 0.000000
vt 0.000000 0.000000
vt 0.000000 0.000000
vt 0.000000 0.000000
vt 0.000000 0.000000
vt 0.000000 0.000000
vt 0.000000 0.000000
vt 0.000000 0.000000
vt 0.000000 0.000000
vt 0.000000 0.000000
vt 0.000000 0.000000
vt 0.000000 0.000000
vt 0.000000 0.000000
vt 0.000000 0.000000
vt 0.000000 0.000000
vt 0.000000 0.000000
vt 0.000000 0.000000
vt 0.000000 0.000000
vt 0.000000 0.000000
vt 0.000000 0.000000
vt 0.000000 0.000000
vt 0.000000 0.000000
vt 0.000000 0.000000
vt 0.000000 0.000000
vt 0.000000 0.000000
vt 0.000000 0.000000
vt 0.000000 0.000000
vt 0.000000 0.000000
vt 0.000000 0.000000
vt 0.000000 0.000000
vt 0.000000 0.000000
vt 0.000000 0.000000
vt 0.000000 0.000000
vt 0.000000 0.000000
vt 0.000000 0.000000
vt 0.000000 0.000000
vt 0.000000 0.000000
vt 0.000000 0.000000
vt 0.000000 0.000000
vt 0.000000 0.000000
vt 0.000000 0.000000
vt 0.000000 0.000000
vt 0.000000 0.000000
vt 0.000000 0.000000
vt 0.000000 0.000000
vt 0.000000 0.000000
vt 0.000000 0.000000
vt 0.000000 0.000000
vt 0.000000 0.000000
vt 0.000000 0.000000
vt 0.000000 0.000000
vt 0.000000 0.000000
vt 0.000000 0.000000
vt 0.000000 0.000000
vt 0.000000 0.000000
vt 0.000000 0.000000
vt 0.000000 0.000000
vt 0.000000 0.000000
vt 0.000000 0.000000
vt 0.000000 0.000000
vt 0.000000 0.000000
vt 0.000000 0.000000
vt 0.000000 0.000000
vt 0.000000 0.000000
vt 0.000000 0.000000
vt 0.000000 0.000000
vt 0.000000 0.000000
vt 0.000000 0.000000
vt 0.000000 0.000000
vt 0.000000 0.000000
vt 0.000000 0.000000
vt 0.000000 0.000000
vt 0.000000 0.000000
vt 0.000000 0.000000
vt 0.000000 0.000000
vt 0.000000 0.000000
vt 0.000000 0.000000
vt 0.000000 0.000000
vt 0.000000 0.000000
vt 0.000000 0.000000
vt 0.000000 0.000000
vt 0.000000 0.000000
vt 0.000000 0.000000
vt 0.000000 0.000000
vt 0.000000 0.000000
vt 0.000000 0.000000
vt 0.000000 0.000000
vt 0.000000 0.000000
vt 0.000000 0.000000
vt 0.000000 0.000000
vt 0.000000 0.000000
vt 0.000000 0.000000
vt 0.000000 0.000000
vt 0.000000 0.000000
vt 0.000000 0.000000
vt 0.000000 0.000000
vt 0.000000 0.000000
vt 0.000000 0.000000
vt 0.000000 0.000000
vt 0.000000 0.000000
vt 0.000000 0.000000
vt 0.000000 0.000000
vt 0.000000 0.000000
vt 0.000000 0.000000
vt 0.000000 0.000000
vt 0.000000 0.000000
vt 0.000000 0.000000
vt 0.000000 0.000000
vt 0.000000 0.000000
vt 0.000000 0.000000
vt 0.385081 0.000000
vt 0.505040 0.000000
vt 0.509031 0.125000
vt 0.420195 0.125000
vt 0.625000 0.000000
vt 0.625000 0.125000
vt 0.625000 0.250000
vt 0.509829 0.250000
vt 0.423387 0.250000
vt 0.509829 0.375000
vt 0.423387 0.375000
vt 0.625000 0.375000
vt 0.625000 0.500000
vt 0.509864 0.500000
vt 0.423387 0.500000
vt 0.509969 0.625000
vt 0.423387 0.625000
vt 0.626400 0.625000
vt 0.625000 0.750000
vt 0.509864 0.750000
vt 0.423387 0.750000
vt 0.509031 0.875000
vt 0.420195 0.875000
vt 0.625000 0.875000
vt 0.625000 1.000000
vt 0.505040 1.000000
vt 0.385081 1.000000
vt 0.125000 0.500000
vt 0.250000 0.500000
vt 0.246668 0.625000
vt 0.125000 0.625000
vt 0.375000 0.500000
vt 0.341678 0.625000
vt 0.375000 0.750000
vt 0.250000 0.750000
vt 0.125000 0.750000
vt 0.750000 0.500000
vt 0.750140 0.625000
vt 0.875000 0.500000
vt 0.875000 0.625000
vt 0.875000 0.750000
vt 0.750000 0.750000
vt 0.383996 0.750000
vt 0.384031 0.875000
vt 0.375000 0.875000
vt 0.380040 1.000000
vt 0.375000 1.000000
vt 0.383996 0.500000
vt 0.381496 0.625000
vt 0.375000 0.250000
vt 0.384829 0.250000
vt 0.384829 0.375000
vt 0.375000 0.375000
vt 0.375000 0.000000
vt 0.380040 0.000000
vt 0.384031 0.125000
vt 0.375000 0.125000
vn 0.0637 0.1704 -0.9833
vn 0.0830 0.5335 -0.8417
vn 0.0587 0.5002 -0.8639
vn 0.0417 0.4519 -0.8911
vn 0.1369 0.4052 -0.9039
vn 0.0205 0.3848 -0.9228
vn -0.1004 0.1359 -0.9856
vn -0.1076 0.1911 -0.9757
vn -0.0047 0.2058 -0.9786
vn 0.1846 0.1742 -0.9673
vn 0.1807 0.1815 -0.9666
vn -0.2021 0.5959 -0.7773
vn 0.1511 0.2078 -0.9664
vn -0.0292 0.4940 -0.8690
vn -0.1998 0.5634 -0.8016
vn 0.0065 0.5109 -0.8596
vn 0.0133 0.2240 -0.9745
vn 0.1389 0.4279 -0.8931
vn 0.1336 0.2192 -0.9665
vn 0.1103 0.3800 -0.9184
vn -0.1599 0.1767 -0.9712
vn -0.3212 -0.0447 -0.9460
vn -0.0163 0.4698 -0.8826
vn 0.0244 0.1143 -0.9932
vn 0.0098 0.1143 -0.9934
vn -0.0695 0.1921 0.9789
vn -0.0708 0.5438 0.8362
vn -0.0466 0.5105 0.8586
vn -0.0298 0.4624 0.8862
vn -0.1254 0.4168 0.9003
vn -0.0090 0.3955 0.9184
vn 0.1101 0.1461 0.9831
vn 0.1177 0.2011 0.9725
vn 0.0150 0.2169 0.9761
vn -0.1747 0.1870 0.9667
vn -0.1707 0.1942 0.9660
vn 0.2143 0.6027 0.7686
vn -0.1408 0.2202 0.9652
vn 0.0413 0.5035 0.8630
vn 0.2120 0.5706 0.7934
vn 0.0057 0.5207 0.8537
vn -0.0003 0.2365 0.9716
vn -0.1272 0.4394 0.8893
vn -0.1233 0.2315 0.9650
vn -0.0988 0.3915 0.9149
vn 0.1699 0.1861 0.9677
vn 0.3288 -0.0370 0.9437
vn 0.0283 0.4796 0.8770
vn -0.0147 0.1463 0.9891
vn -0.0005 0.1463 0.9892
vn 0.1178 0.2011 0.9725
vn -0.1747 0.1869 0.9667
vn -0.1409 0.2202 0.9652
vn -0.0002 0.2365 0.9716
vn -0.0988 0.3914 0.9149
vn 0.1699 0.1862 0.9677
vn -0.9767 0.1921 -0.0956
vn -0.8340 0.5438 -0.0932
vn -0.8571 0.5104 -0.0696
vn -0.8851 0.4624 -0.0535
vn -0.8967 0.4168 -0.1494
vn -0.9178 0.3955 -0.0336
vn -0.9857 0.1461 0.0838
vn -0.9753 0.2011 0.0917
vn -0.9761 0.2169 -0.0111
vn -0.9617 0.1869 -0.2005
vn -0.9611 0.1943 -0.1965
vn -0.7741 0.6028 0.1936
vn -0.9611 0.2202 -0.1666
vn -0.8638 0.5036 0.0181
vn -0.7988 0.5706 0.1906
vn -0.8536 0.5207 -0.0172
vn -0.9713 0.2365 -0.0263
vn -0.8855 0.4394 -0.1510
vn -0.9614 0.2315 -0.1491
vn -0.9119 0.3915 -0.1233
vn -0.9719 0.1861 0.1439
vn -0.9521 -0.0370 0.3035
vn -0.8775 0.4796 0.0048
vn -0.9884 0.1463 -0.0412
vn -0.9889 0.1463 -0.0270
vn 0.9147 0.3880 0.1130
vn 0.3385 0.9334 0.1190
vn 0.5527 0.8241 0.1236
vn 0.5702 0.8114 0.1284
vn 0.5958 0.7723 0.2204
vn 0.5956 0.7922 0.1332
vn 0.7251 0.6877 0.0362
vn 0.7641 0.6409 -0.0734
vn 0.8712 0.4829 0.0890
vn 0.8725 0.4219 0.2466
vn 0.8175 0.5161 0.2555
vn 0.3504 0.9196 -0.1778
vn 0.7484 0.6523 0.1202
vn 0.5514 0.8314 -0.0685
vn 0.3199 0.9277 -0.1923
vn 0.4681 0.8747 0.1258
vn 0.8814 0.4686 0.0605
vn 0.6091 0.7882 0.0878
vn 0.6897 0.7068 0.1570
vn 0.5749 0.8158 0.0631
vn 0.8750 0.4722 -0.1067
vn 0.8981 0.2954 -0.3258
vn 0.5921 0.8038 -0.0569
vn 0.9355 0.3499 0.0479
vn 0.9363 0.3501 0.0295
vn 0.6193 0.1292 0.7745
vn 0.5315 0.4890 0.6916
vn 0.5635 0.4549 0.6896
vn 0.5932 0.4055 0.6955
vn 0.5313 0.3573 0.7681
vn 0.6284 0.3370 0.7011
vn 0.7525 0.0863 0.6529
vn 0.7525 0.1421 0.6431
vn 0.6801 0.1556 0.7165
vn 0.5336 0.1229 0.8367
vn 0.5362 0.1302 0.8340
vn 0.6965 0.5574 0.4519
vn 0.5584 0.1567 0.8146
vn 0.6308 0.4493 0.6327
vn 0.7107 0.5237 0.4698
vn 0.5989 0.4663 0.6511
vn 0.6664 0.1752 0.7248
vn 0.5232 0.3804 0.7626
vn 0.5715 0.1684 0.8032
vn 0.5600 0.3316 0.7593
vn 0.7870 0.1284 0.6034
vn 0.8809 -0.0898 0.4647
vn 0.6301 0.4243 0.6504
vn 0.6670 0.0437 0.7438
vn 0.6781 0.0439 0.7337
vn 0.6139 0.1920 0.7656
vn 0.5160 0.5438 0.6618
vn 0.5490 0.5105 0.6619
vn 0.5800 0.4624 0.6706
vn 0.5195 0.4168 0.7459
vn 0.6172 0.3955 0.6802
vn 0.7486 0.1462 0.6467
vn 0.7469 0.2011 0.6338
vn 0.6740 0.2168 0.7062
vn 0.5284 0.1869 0.8281
vn 0.5308 0.1942 0.8249
vn 0.6793 0.6027 0.4186
vn 0.5522 0.2202 0.8041
vn 0.6164 0.5035 0.6054
vn 0.6945 0.5706 0.4383
vn 0.5840 0.5207 0.6227
vn 0.6598 0.2365 0.7133
vn 0.5106 0.4394 0.7391
vn 0.5650 0.2315 0.7920
vn 0.5489 0.3915 0.7386
vn 0.7820 0.1861 0.5949
vn 0.8823 -0.0370 0.4692
vn 0.6164 0.4796 0.6245
vn 0.6610 0.1463 0.7360
vn 0.6715 0.1463 0.7264
vn -0.7895 0.1382 0.5980
vn -0.6976 0.4972 0.5159
vn -0.6972 0.4626 0.5477
vn -0.7048 0.4131 0.5767
vn -0.7765 0.3669 0.5124
vn -0.7126 0.3445 0.6111
vn -0.6726 0.0920 0.7343
vn -0.6618 0.1475 0.7350
vn -0.7328 0.1631 0.6606
vn -0.8494 0.1337 0.5106
vn -0.8466 0.1409 0.5133
vn -0.4616 0.5596 0.6883
vn -0.8274 0.1670 0.5363
vn -0.6423 0.4555 0.6164
vn -0.4804 0.5262 0.7017
vn -0.6595 0.4731 0.5842
vn -0.7403 0.1829 0.6469
vn -0.7703 0.3900 0.5045
vn -0.8161 0.1782 0.5498
vn -0.7689 0.3408 0.5410
vn -0.6233 0.1328 0.7706
vn -0.4915 -0.0887 0.8664
vn -0.6604 0.4308 0.6150
vn -0.7620 0.0452 0.6460
vn -0.7522 0.0452 0.6574
vn -0.5903 0.4104 -0.6951
vn -0.4455 0.7206 -0.5312
vn -0.4826 0.6924 -0.5363
vn -0.5199 0.6512 -0.5528
vn -0.4667 0.6132 -0.6373
vn -0.5657 0.5927 -0.5734
vn -0.7287 0.3605 -0.5822
vn -0.7196 0.4114 -0.5593
vn -0.6460 0.4310 -0.6300
vn -0.5068 0.4061 -0.7604
vn -0.5082 0.4129 -0.7558
vn -0.5972 0.7532 -0.2758
vn -0.5258 0.4370 -0.7298
vn -0.5498 0.6837 -0.4798
vn -0.6166 0.7276 -0.3007
vn -0.5156 0.6995 -0.4948
vn -0.6293 0.4496 -0.6339
vn -0.4548 0.6328 -0.6267
vn -0.5368 0.4474 -0.7153
vn -0.4991 0.5910 -0.6338
vn -0.7560 0.3940 -0.5227
vn -0.8839 0.1660 -0.4373
vn -0.5532 0.6640 -0.5030
vn -0.6428 0.3663 -0.6728
vn -0.6531 0.3658 -0.6631
vn 0.7896 0.1722 -0.5890
vn 0.6907 0.5265 -0.4957
vn 0.6910 0.4931 -0.5285
vn 0.6998 0.4446 -0.5591
vn 0.7720 0.3976 -0.4960
vn 0.7090 0.3773 -0.5957
vn 0.6742 0.1283 -0.7273
vn 0.6624 0.1836 -0.7263
vn 0.7327 0.1981 -0.6511
vn 0.8491 0.1659 -0.5014
vn 0.8462 0.1733 -0.5040
vn 0.4544 0.5903 -0.6672
vn 0.8267 0.1995 -0.5261
vn 0.6367 0.4871 -0.5978
vn 0.4739 0.5576 -0.6815
vn 0.6534 0.5040 -0.5649
vn 0.7398 0.2175 -0.6367
vn 0.7653 0.4204 -0.4875
vn 0.8152 0.2110 -0.5394
vn 0.7650 0.3724 -0.5255
vn 0.6244 0.1694 -0.7625
vn 0.4971 -0.0512 -0.8662
vn 0.6552 0.4629 -0.5971
vn 0.7604 0.1269 -0.6369
vn 0.7513 0.1270 -0.6477
vn -0.5997 0.3880 -0.6998
vn -0.1699 0.9334 -0.3160
vn -0.3252 0.8241 -0.4638
vn -0.3348 0.8114 -0.4790
vn -0.2918 0.7722 -0.5644
vn -0.3503 0.7922 -0.4997
vn -0.5114 0.6877 -0.5153
vn -0.6140 0.6409 -0.4606
vn -0.5838 0.4827 -0.6528
vn -0.4785 0.4219 -0.7701
vn -0.4319 0.5162 -0.7396
vn -0.3787 0.9196 -0.1048
vn -0.4720 0.6523 -0.5931
vn -0.4536 0.8314 -0.3209
vn -0.3659 0.9277 -0.0734
vn -0.2611 0.8747 -0.4084
vn -0.6105 0.4686 -0.6385
vn -0.3909 0.7882 -0.4754
vn -0.4039 0.7068 -0.5808
vn -0.3822 0.8158 -0.4340
vn -0.7186 0.4720 -0.5107
vn -0.8831 0.2956 -0.3644
vn -0.4759 0.8038 -0.3569
vn -0.6590 0.3499 -0.6658
vn -0.6719 0.3501 -0.6526
vn -0.6205 0.3881 0.6815
vn -0.2926 0.9334 0.2076
vn -0.4201 0.8241 0.3799
vn -0.4341 0.8115 0.3913
vn -0.5240 0.7723 0.3592
vn -0.4527 0.7921 0.4093
vn -0.4483 0.6877 0.5711
vn -0.3814 0.6409 0.6662
vn -0.5758 0.4828 0.6598
vn -0.7051 0.4219 0.5699
vn -0.6807 0.5162 0.5198
vn -0.0573 0.9196 0.3888
vn -0.5303 0.6523 0.5415
vn -0.2625 0.8314 0.4897
vn -0.0277 0.9278 0.3722
vn -0.3731 0.8747 0.3095
vn -0.5584 0.4685 0.6846
vn -0.4235 0.7882 0.4466
vn -0.5266 0.7067 0.4725
vn -0.3835 0.8158 0.4328
vn -0.4182 0.4722 0.7760
vn -0.2527 0.2954 0.9214
vn -0.2955 0.8038 0.5163
vn -0.5795 0.3499 0.7361
vn -0.5647 0.3501 0.7474
vn 0.0314 0.5038 -0.8632
vn -0.0104 0.2981 -0.9545
vn -0.1866 0.3696 -0.9103
vn 0.0353 0.4226 -0.9056
vn 0.3762 -0.3059 -0.8746
vn 0.1132 0.4118 -0.9042
vn 0.0835 0.1884 -0.9785
vn 0.0457 0.4717 -0.8806
vn -0.0437 0.5136 -0.8569
vn -0.0192 0.5139 0.8577
vn 0.0213 0.3088 0.9509
vn 0.1978 0.3781 0.9044
vn -0.0236 0.4332 0.9010
vn -0.3716 -0.2923 0.8812
vn -0.1016 0.4231 0.9003
vn -0.0734 0.2003 0.9770
vn -0.0337 0.4821 0.8755
vn 0.0559 0.5229 0.8506
vn -0.0192 0.5139 0.8576
vn 0.0559 0.5228 0.8506
vn -0.8568 0.5139 -0.0422
vn -0.9511 0.3089 -0.0041
vn -0.9094 0.3781 0.1735
vn -0.9000 0.4332 -0.0477
vn -0.8709 -0.2922 -0.3950
vn -0.8973 0.4231 -0.1257
vn -0.9747 0.2003 -0.0995
vn -0.8743 0.4820 -0.0572
vn -0.8518 0.5229 0.0331
vn 0.4758 0.8777 -0.0570
vn 0.7482 0.6620 0.0430
vn 0.6589 0.7300 -0.1815
vn 0.5976 0.7905 0.1340
vn 0.9046 0.0947 0.4156
vn 0.5312 0.8231 0.2008
vn 0.8649 0.4776 0.1547
vn 0.5661 0.8159 0.1175
vn 0.4564 0.8866 -0.0748
vn 0.5830 0.4588 0.6705
vn 0.6702 0.2491 0.6991
vn 0.7701 0.3244 0.5493
vn 0.6069 0.3755 0.7005
vn 0.3173 -0.3537 0.8799
vn 0.5490 0.3641 0.7524
vn 0.6153 0.1374 0.7762
vn 0.5836 0.4257 0.6915
vn 0.6336 0.4696 0.6149
vn 0.5684 0.5139 0.6425
vn 0.6615 0.3089 0.6834
vn 0.7594 0.3782 0.5294
vn 0.5946 0.4332 0.6773
vn 0.3258 -0.2923 0.8991
vn 0.5369 0.4231 0.7298
vn 0.6097 0.2003 0.7669
vn 0.5699 0.4821 0.6655
vn 0.6187 0.5228 0.5864
vn -0.6785 0.4661 0.5678
vn -0.7135 0.2562 0.6521
vn -0.5652 0.3280 0.7570
vn -0.7107 0.3832 0.5900
vn -0.8950 -0.3401 0.2887
vn -0.7611 0.3732 0.5305
vn -0.7910 0.1465 0.5940
vn -0.7002 0.4334 0.5674
vn -0.6242 0.4754 0.6200
vn -0.5012 0.6946 -0.5161
vn -0.6211 0.5147 -0.5910
vn -0.7075 0.5657 -0.4236
vn -0.5383 0.6260 -0.5643
vn -0.3704 -0.0732 -0.9260
vn -0.4829 0.6187 -0.6197
vn -0.5851 0.4181 -0.6949
vn -0.5071 0.6681 -0.5444
vn -0.5494 0.6992 -0.4575
vn 0.6725 0.4968 -0.5486
vn 0.7117 0.2905 -0.6397
vn 0.5626 0.3628 -0.7429
vn 0.7062 0.4153 -0.5734
vn 0.9024 -0.3141 -0.2950
vn 0.7566 0.4043 -0.5140
vn 0.7909 0.1803 -0.5848
vn 0.6947 0.4644 -0.5492
vn 0.6182 0.5068 -0.6008
vn -0.3900 0.8777 -0.2785
vn -0.5240 0.6619 -0.5360
vn -0.6092 0.7299 -0.3099
vn -0.3513 0.7905 -0.5017
vn -0.3883 0.0948 -0.9166
vn -0.2572 0.8231 -0.5063
vn -0.5348 0.4776 -0.6971
vn -0.3391 0.8159 -0.4683
vn -0.3876 0.8866 -0.2522
vn -0.2283 0.8777 0.4214
vn -0.4672 0.6620 0.5860
vn -0.2323 0.7300 0.6427
vn -0.4546 0.7905 0.4105
vn -0.8617 0.0949 0.4984
vn -0.4707 0.8231 0.3177
vn -0.6258 0.4774 0.6168
vn -0.4228 0.8159 0.3943
vn -0.2025 0.8866 0.4158
vn 0.2583 0.3541 -0.8988
vn 0.0303 0.2049 -0.9783
vn 0.1659 0.1715 -0.9711
vn -0.1511 0.4283 -0.8909
vn 0.0210 0.3831 -0.9235
vn 0.0200 0.3826 -0.9237
vn -0.1859 0.0529 -0.9812
vn 0.0753 0.2819 -0.9565
vn 0.0836 0.1477 -0.9855
vn 0.0725 0.5152 -0.8540
vn -0.2473 0.3667 0.8969
vn -0.0200 0.2163 0.9761
vn -0.1560 0.1841 0.9704
vn 0.1628 0.4369 0.8847
vn -0.0095 0.3938 0.9192
vn -0.0085 0.3933 0.9194
vn 0.1947 0.0622 0.9789
vn -0.0645 0.2934 0.9538
vn -0.0738 0.1597 0.9844
vn -0.0603 0.5255 0.8486
vn -0.8899 0.3668 -0.2712
vn -0.9752 0.2164 -0.0461
vn -0.9659 0.1842 -0.1819
vn -0.8887 0.4369 0.1390
vn -0.9186 0.3937 -0.0341
vn -0.9188 0.3933 -0.0331
vn -0.9837 0.0622 0.1684
vn -0.9517 0.2934 -0.0900
vn -0.9821 0.1597 -0.1001
vn -0.8467 0.5256 -0.0830
vn 0.7567 0.5709 0.3185
vn 0.9004 0.4176 0.1218
vn 0.7524 0.6200 0.2225
vn 0.6258 0.7613 -0.1697
vn 0.6428 0.7660 -0.0086
vn 0.6211 0.7729 0.1300
vn 0.8141 0.5704 -0.1086
vn 0.6217 0.7691 0.1485
vn 0.8243 0.5428 0.1610
vn 0.4427 0.8880 0.1241
vn 0.4381 0.3053 0.8455
vn 0.6543 0.1545 0.7403
vn 0.5498 0.1201 0.8266
vn 0.7327 0.3837 0.5621
vn 0.6285 0.3353 0.7019
vn 0.6293 0.3348 0.7013
vn 0.8093 0.0045 0.5874
vn 0.6088 0.2320 0.7587
vn 0.6189 0.0965 0.7795
vn 0.5471 0.4702 0.6925
vn 0.4276 0.3668 0.8262
vn 0.6483 0.2163 0.7300
vn 0.5446 0.1841 0.8182
vn 0.7203 0.4369 0.5387
vn 0.6173 0.3938 0.6811
vn 0.6182 0.3933 0.6806
vn 0.8078 0.0623 0.5862
vn 0.6005 0.2935 0.7438
vn 0.6145 0.1598 0.7726
vn 0.5321 0.5256 0.6638
vn -0.8520 0.3171 0.4165
vn -0.7559 0.1625 0.6342
vn -0.8398 0.1307 0.5269
vn -0.5759 0.3877 0.7197
vn -0.7134 0.3428 0.6111
vn -0.7129 0.3423 0.6120
vn -0.6103 0.0084 0.7921
vn -0.7715 0.2407 0.5889
vn -0.7951 0.1055 0.5972
vn -0.6993 0.4783 0.5313
vn -0.3831 0.5678 -0.7286
vn -0.6208 0.4317 -0.6544
vn -0.5232 0.4036 -0.7506
vn -0.6610 0.6197 -0.4231
vn -0.5660 0.5912 -0.5745
vn -0.5669 0.5908 -0.5740
vn -0.7980 0.2751 -0.5363
vn -0.5633 0.5032 -0.6553
vn -0.5952 0.3803 -0.7079
vn -0.4639 0.7053 -0.5360
vn 0.8480 0.3461 -0.4014
vn 0.7557 0.1970 -0.6246
vn 0.8397 0.1633 -0.5179
vn 0.5720 0.4216 -0.7036
vn 0.7098 0.3756 -0.5958
vn 0.7093 0.3752 -0.5967
vn 0.6137 0.0457 -0.7882
vn 0.7697 0.2740 -0.5766
vn 0.7958 0.1396 -0.5892
vn 0.6928 0.5082 -0.5117
vn -0.3445 0.5709 -0.7452
vn -0.5833 0.4177 -0.6967
vn -0.4060 0.6200 -0.6714
vn -0.5767 0.7613 -0.2963
vn -0.4808 0.7660 -0.4268
vn -0.3713 0.7730 -0.5144
vn -0.6746 0.5706 -0.4682
vn -0.3594 0.7690 -0.5287
vn -0.5006 0.5428 -0.6744
vn -0.2435 0.8880 -0.3900
vn -0.6970 0.5709 0.4338
vn -0.6193 0.4177 0.6648
vn -0.6161 0.6200 0.4857
vn -0.2229 0.7613 0.6089
vn -0.3642 0.7660 0.5297
vn -0.4647 0.7729 0.4319
vn -0.3814 0.5706 0.7273
vn -0.4802 0.7691 0.4218
vn -0.6074 0.5429 0.5799
vn -0.3570 0.8880 0.2897
vn -0.2676 -0.9198 0.2871
vn -0.2619 -0.9198 -0.2924
vn 0.3175 -0.9039 -0.2867
vn 0.3117 -0.9039 0.2929
vn 0.8995 -0.3094 0.3086
vn 0.9549 -0.2970 0.0058
vn 0.9996 0.0115 0.0240
vn 0.9432 -0.0024 0.3322
vn -0.5886 0.7354 0.3358
vn -0.5754 0.7348 -0.3592
vn -0.6552 0.6646 -0.3593
vn -0.6664 0.6670 0.3332
vn -0.1959 0.2840 -0.9386
vn 0.2473 -0.2696 -0.9307
vn 0.2737 -0.2458 -0.9299
vn -0.2304 0.2563 -0.9387
vn 0.5951 -0.7301 -0.3359
vn 0.5812 -0.7301 0.3593
vn 0.6608 -0.6588 0.3596
vn 0.6727 -0.6606 -0.3333
vn 0.2115 -0.2698 0.9394
vn -0.2311 0.2844 0.9305
vn -0.2601 0.2615 0.9295
vn 0.2436 -0.2413 0.9394
vn -0.5684 0.7493 0.3399
vn -0.5546 0.7493 -0.3619
vn -0.5575 0.7476 -0.3610
vn -0.5712 0.7476 0.3389
vn -0.1861 0.2859 -0.9400
vn 0.2420 -0.2709 -0.9317
vn 0.2421 -0.2716 -0.9315
vn -0.1875 0.2864 -0.9396
vn 0.5867 -0.7351 -0.3396
vn 0.5729 -0.7352 0.3623
vn 0.5707 -0.7373 0.3614
vn 0.5847 -0.7372 -0.3387
vn 0.2051 -0.2712 0.9404
vn -0.2230 0.2856 0.9320
vn -0.2240 0.2862 0.9316
vn 0.2052 -0.2721 0.9401
vn -0.5680 0.7495 0.3402
vn -0.5541 0.7496 -0.3620
vn -0.5679 0.7495 0.3402
vn -0.1859 0.2858 -0.9401
vn 0.2420 -0.2708 -0.9317
vn 0.5872 -0.7347 -0.3397
vn 0.5732 -0.7349 0.3623
vn 0.5871 -0.7348 -0.3397
vn 0.2051 -0.2711 0.9404
vn -0.2228 0.2856 0.9321
vn -0.5678 0.7496 0.3400
vn -0.5679 0.7496 0.3401
vn -0.1860 0.2858 -0.9401
vn 0.5871 -0.7348 -0.3398
vn 0.5733 -0.7348 0.3624
vn 0.5731 -0.7350 0.3623
vn 0.2051 -0.2710 0.9405
vn -0.2229 0.2856 0.9321
vn -0.5679 0.7496 0.3400
vn 0.5733 -0.7349 0.3624
vn 0.5733 -0.7349 0.3623
vn 0.2052 -0.2711 0.9404
vn -0.5541 0.7497 -0.3619
vn -0.5542 0.7496 -0.3620
vn -0.5679 0.7495 0.3401
vn 0.5871 -0.7348 -0.3396
vn 0.5732 -0.7350 0.3623
vn -0.2228 0.2855 0.9321
vn -0.5541 0.7496 -0.3619
vn -0.1860 0.2859 -0.9401
vn 0.5872 -0.7348 -0.3397
vn 0.5732 -0.7349 0.3624
vn 0.5870 -0.7349 -0.3396
vn -0.2228 0.2857 0.9321
vn -0.5680 0.7495 0.3401
vn -0.5540 0.7497 -0.3619
vn 0.2051 -0.2711 0.9405
vn -0.5541 0.7497 -0.3620
vn -0.1859 0.2859 -0.9400
vn 0.5871 -0.7347 -0.3397
vn -0.1859 0.2859 -0.9401
vn 0.5870 -0.7349 -0.3397
vn -0.5631 0.7544 0.3373
vn -0.5467 0.7556 -0.3608
vn -0.5529 0.7506 -0.3618
vn -0.5671 0.7503 0.3398
vn -0.1854 0.2899 -0.9389
vn 0.2432 -0.2718 -0.9311
vn 0.2422 -0.2709 -0.9317
vn -0.1858 0.2863 -0.9399
vn 0.5945 -0.7307 -0.3357
vn 0.5829 -0.7279 0.3612
vn 0.5746 -0.7339 0.3623
vn 0.5882 -0.7342 -0.3393
vn 0.2105 -0.2717 0.9391
vn -0.2231 0.2862 0.9318
vn 0.2058 -0.2711 0.9403
vn -0.6617 0.7169 0.2196
vn -0.5778 0.7450 -0.3334
vn -0.5493 0.7569 -0.3541
vn -0.5915 0.7433 0.3125
vn -0.5017 0.2853 -0.8166
vn -0.5197 -0.2967 -0.8012
vn 0.0610 -0.3665 -0.9284
vn -0.2729 0.2654 -0.9247
vn -0.6108 -0.7123 -0.3458
vn -0.6939 -0.7108 0.1150
vn 0.3422 -0.8740 0.3450
vn 0.3582 -0.8722 -0.3331
vn -0.7391 -0.3585 0.5703
vn -0.7244 0.1982 0.6603
vn -0.3629 0.2178 0.9060
vn -0.0026 -0.4039 0.9148
vn -0.8730 0.3526 0.3370
vn -0.8669 0.3427 -0.3621
vn -0.8915 0.2738 -0.3609
vn -0.8978 0.2832 0.3373
vn -0.3173 0.1232 -0.9403
vn 0.3388 -0.1352 -0.9311
vn 0.3492 -0.1040 -0.9313
vn -0.3268 0.0995 -0.9399
vn 0.8763 -0.3440 -0.3373
vn 0.8702 -0.3341 0.3622
vn 0.8963 -0.2575 0.3609
vn 0.9026 -0.2671 -0.3377
vn 0.3223 -0.1087 0.9404
vn -0.3337 0.1495 0.9307
vn -0.3437 0.1247 0.9308
vn 0.3323 -0.0789 0.9399
vn -0.8664 0.3672 0.3384
vn -0.8603 0.3571 -0.3637
vn -0.8610 0.3559 -0.3632
vn -0.8672 0.3658 0.3379
vn -0.3138 0.1270 -0.9409
vn 0.3359 -0.1395 -0.9315
vn 0.3362 -0.1398 -0.9314
vn -0.3143 0.1269 -0.9408
vn 0.8721 -0.3533 -0.3385
vn 0.8660 -0.3433 0.3636
vn 0.8656 -0.3446 0.3632
vn 0.8718 -0.3545 -0.3382
vn 0.3196 -0.1128 0.9408
vn -0.3301 0.1537 0.9313
vn -0.3307 0.1536 0.9312
vn 0.3198 -0.1131 0.9407
vn -0.8663 0.3675 0.3384
vn -0.8602 0.3576 -0.3637
vn -0.8602 0.3574 -0.3638
vn -0.8663 0.3674 0.3384
vn -0.3137 0.1270 -0.9410
vn 0.3360 -0.1394 -0.9315
vn 0.3359 -0.1394 -0.9315
vn -0.3137 0.1271 -0.9410
vn 0.8722 -0.3532 -0.3386
vn 0.8660 -0.3431 0.3636
vn 0.8660 -0.3432 0.3636
vn 0.8722 -0.3532 -0.3385
vn -0.3300 0.1537 0.9314
vn -0.8663 0.3675 0.3383
vn -0.8602 0.3574 -0.3637
vn -0.8663 0.3674 0.3383
vn 0.8721 -0.3532 -0.3386
vn 0.8661 -0.3430 0.3637
vn 0.3196 -0.1127 0.9408
vn -0.8602 0.3575 -0.3637
vn 0.8722 -0.3531 -0.3386
vn 0.8722 -0.3531 -0.3385
vn -0.8664 0.3673 0.3383
vn 0.8661 -0.3430 0.3636
vn 0.8661 -0.3432 0.3636
vn -0.3301 0.1537 0.9314
vn -0.8664 0.3673 0.3384
vn -0.8602 0.3573 -0.3637
vn 0.8661 -0.3432 0.3635
vn -0.8602 0.3575 -0.3638
vn 0.8660 -0.3434 0.3636
vn -0.8653 0.3707 0.3374
vn -0.8590 0.3610 -0.3630
vn -0.8600 0.3579 -0.3637
vn -0.8661 0.3679 0.3383
vn -0.3143 0.1280 -0.9407
vn 0.3371 -0.1392 -0.9311
vn 0.3360 -0.1395 -0.9315
vn -0.3138 0.1272 -0.9409
vn 0.8741 -0.3495 -0.3374
vn 0.8680 -0.3392 0.3626
vn 0.8664 -0.3424 0.3635
vn 0.8724 -0.3527 -0.3384
vn 0.3211 -0.1125 0.9404
vn -0.3306 0.1543 0.9311
vn -0.3301 0.1538 0.9313
vn 0.3198 -0.1127 0.9408
vn -0.7901 0.5145 0.3333
vn -0.7818 0.5084 -0.3611
vn -0.8482 0.3873 -0.3614
vn -0.8548 0.3964 0.3349
vn -0.2841 0.1900 -0.9398
vn 0.3161 -0.1896 -0.9296
vn 0.3367 -0.1468 -0.9301
vn -0.3118 0.1387 -0.9400
vn 0.8034 -0.4935 -0.3331
vn 0.7954 -0.4869 0.3608
vn 0.8619 -0.3567 0.3604
vn 0.8682 -0.3666 -0.3345
vn 0.2952 -0.1732 0.9396
vn -0.3052 0.2060 0.9297
vn -0.3284 0.1632 0.9303
vn 0.3205 -0.1215 0.9394
vn -0.9377 0.0639 0.3416
vn -0.9311 0.0562 -0.3604
vn -0.9314 0.0506 -0.3604
vn -0.9381 0.0566 0.3417
vn -0.3411 0.0238 -0.9397
vn 0.3603 -0.0075 -0.9328
vn 0.3602 -0.0100 -0.9328
vn -0.3413 0.0204 -0.9397
vn 0.9393 -0.0271 -0.3420
vn 0.9327 -0.0194 0.3601
vn 0.9326 -0.0244 0.3602
vn 0.9392 -0.0304 -0.3419
vn 0.3427 0.0129 0.9393
vn -0.3587 0.0442 0.9324
vn -0.3591 0.0362 0.9326
vn 0.3424 0.0059 0.9395
vn -0.9376 0.0651 0.3416
vn -0.9310 0.0572 -0.3605
vn -0.9310 0.0571 -0.3605
vn -0.3411 0.0243 -0.9397
vn 0.3603 -0.0071 -0.9328
vn 0.9393 -0.0266 -0.3420
vn 0.9327 -0.0187 0.3601
vn 0.9393 -0.0267 -0.3421
vn 0.3428 0.0141 0.9393
vn -0.3586 0.0455 0.9324
vn 0.9393 -0.0267 -0.3420
vn 0.9328 -0.0187 0.3600
vn -0.3586 0.0456 0.9324
vn 0.3428 0.0142 0.9393
vn -0.9310 0.0572 -0.3604
vn -0.9310 0.0573 -0.3604
vn -0.3410 0.0244 -0.9397
vn 0.9328 -0.0186 0.3600
vn -0.9376 0.0651 0.3415
vn -0.3411 0.0244 -0.9397
vn 0.9393 -0.0266 -0.3419
vn -0.9310 0.0571 -0.3604
vn -0.9376 0.0652 0.3415
vn 0.9327 -0.0188 0.3601
vn 0.9327 -0.0187 0.3600
vn 0.9393 -0.0266 -0.3421
vn -0.9376 0.0650 0.3416
vn -0.9376 0.0652 0.3416
vn 0.3603 -0.0070 -0.9328
vn -0.3410 0.0243 -0.9397
vn -0.9376 0.0664 0.3413
vn -0.9311 0.0584 -0.3601
vn -0.9376 0.0654 0.3416
vn -0.3412 0.0245 -0.9397
vn 0.3610 -0.0067 -0.9325
vn 0.3604 -0.0070 -0.9328
vn 0.9396 -0.0248 -0.3415
vn 0.9330 -0.0167 0.3595
vn 0.9328 -0.0185 0.3600
vn 0.9394 -0.0264 -0.3419
vn 0.3435 0.0145 0.9390
vn -0.3587 0.0457 0.9323
vn 0.3429 0.0142 0.9393
vn -0.9271 0.1601 0.3390
vn -0.9206 0.1515 -0.3599
vn -0.9303 0.0732 -0.3595
vn -0.9368 0.0811 0.3404
vn -0.3375 0.0566 -0.9396
vn 0.3605 -0.0474 -0.9316
vn 0.3625 -0.0120 -0.9319
vn -0.3412 0.0292 -0.9395
vn 0.9325 -0.1245 -0.3390
vn 0.9260 -0.1161 0.3591
vn 0.9331 -0.0285 0.3584
vn 0.9397 -0.0364 -0.3402
vn 0.3430 -0.0245 0.9390
vn -0.3550 0.0795 0.9315
vn -0.3587 0.0507 0.9321
vn 0.3449 0.0093 0.9386
vn -0.9393 0.0288 0.3419
vn -0.9324 0.0287 -0.3603
vn -0.9327 0.0153 -0.3602
vn -0.9396 0.0153 0.3418
vn -0.3419 0.0079 -0.9397
vn 0.3600 -0.0173 -0.9328
vn 0.3603 -0.0085 -0.9328
vn -0.3419 0.0045 -0.9397
vn 0.9390 -0.0385 -0.3418
vn 0.9321 -0.0385 0.3602
vn 0.9327 -0.0196 0.3602
vn 0.9396 -0.0194 -0.3418
vn 0.3416 -0.0173 0.9397
vn -0.3603 0.0079 0.9328
vn -0.3603 0.0045 0.9328
vn 0.3419 -0.0085 0.9397
vn -0.9392 0.0311 0.3419
vn -0.9323 0.0310 -0.3603
vn -0.9323 0.0311 -0.3603
vn -0.9392 0.0309 0.3419
vn -0.3418 0.0084 -0.9397
vn 0.3599 -0.0187 -0.9328
vn 0.3599 -0.0188 -0.9328
vn 0.9388 -0.0414 -0.3419
vn 0.9319 -0.0414 0.3603
vn 0.3414 -0.0187 0.9397
vn -0.3603 0.0084 0.9328
vn -0.9392 0.0310 0.3419
vn 0.3598 -0.0187 -0.9328
vn 0.9388 -0.0413 -0.3419
vn 0.9319 -0.0413 0.3603
vn 0.9388 -0.0414 -0.3420
vn -0.3602 0.0084 0.9328
vn -0.3603 0.0085 0.9328
vn 0.3414 -0.0188 0.9397
vn -0.3419 0.0084 -0.9397
vn -0.3602 0.0085 0.9328
vn 0.3415 -0.0187 0.9397
vn 0.3598 -0.0188 -0.9328
vn -0.3418 0.0085 -0.9397
vn 0.9319 -0.0415 0.3603
vn -0.9388 0.0426 0.3419
vn -0.9320 0.0399 -0.3603
vn -0.9323 0.0324 -0.3603
vn -0.9392 0.0329 0.3419
vn -0.3416 0.0138 -0.9397
vn 0.3600 -0.0148 -0.9328
vn 0.3599 -0.0181 -0.9328
vn -0.3418 0.0093 -0.9397
vn 0.9390 -0.0363 -0.3419
vn 0.9322 -0.0336 0.3603
vn 0.9320 -0.0402 0.3603
vn 0.9388 -0.0407 -0.3419
vn 0.3419 -0.0076 0.9397
vn -0.3598 0.0210 0.9328
vn -0.3602 0.0104 0.9328
vn 0.3415 -0.0170 0.9397
vn -0.9375 -0.0624 0.3424
vn -0.9306 -0.0624 -0.3608
vn -0.8726 -0.3729 -0.3154
vn -0.8787 -0.3728 0.2982
vn -0.3413 -0.0465 -0.9388
vn 0.3617 -0.0273 -0.9319
vn 0.3249 -0.3401 -0.8825
vn -0.2884 -0.3570 -0.8884
vn 0.9395 -0.0113 -0.3424
vn 0.9326 -0.0113 0.3608
vn 0.8917 -0.3244 0.3156
vn 0.8978 -0.3244 -0.2980
vn 0.3433 -0.0273 0.9388
vn -0.3597 -0.0465 0.9319
vn -0.3059 -0.3570 0.8826
vn 0.3075 -0.3402 0.8887
vn -0.9395 -0.0202 0.3419
vn -0.9326 -0.0202 -0.3603
vn -0.9395 -0.0203 0.3419
vn -0.3419 -0.0042 -0.9397
vn 0.3600 0.0149 -0.9328
vn 0.3600 0.0150 -0.9328
vn -0.3419 -0.0043 -0.9397
vn 0.9392 0.0310 -0.3419
vn 0.9323 0.0310 0.3603
vn 0.9323 0.0309 0.3603
vn 0.3416 0.0150 0.9397
vn -0.3603 -0.0042 0.9328
vn 0.3416 0.0149 0.9397
vn -0.9326 -0.0203 -0.3603
vn 0.9392 0.0309 -0.3419
vn -0.3603 -0.0043 0.9328
vn 0.3601 0.0149 -0.9328
vn 0.9323 0.0308 0.3603
vn 0.3601 0.0150 -0.9328
vn 0.9392 0.0311 -0.3419
vn 0.9323 0.0311 0.3603
vn -0.9397 -0.0058 0.3419
vn -0.9328 -0.0058 -0.3602
vn -0.9327 -0.0182 -0.3603
vn -0.9396 -0.0182 0.3419
vn -0.3420 -0.0007 -0.9397
vn 0.3604 0.0056 -0.9328
vn 0.3602 0.0137 -0.9328
vn -0.3419 -0.0037 -0.9397
vn 0.9397 0.0111 -0.3418
vn 0.9328 0.0110 0.3602
vn 0.9324 0.0284 0.3602
vn 0.9393 0.0283 -0.3418
vn 0.3419 0.0057 0.9397
vn -0.3604 -0.0007 0.9328
vn -0.3603 -0.0038 0.9328
vn 0.3417 0.0137 0.9397
vn 0.0022 0.9291 0.3698
vn 0.1171 0.9559 -0.2694
vn -0.5345 0.7784 -0.3293
vn -0.6290 0.7532 0.1925
vn 0.1453 0.3745 -0.9158
vn 0.0510 -0.2740 -0.9604
vn -0.5961 -0.1601 -0.7868
vn -0.5146 0.3634 -0.7766
vn -0.1588 -0.9037 -0.3976
vn -0.2797 -0.9292 0.2416
vn -0.8222 -0.5639 0.0777
vn -0.7338 -0.5545 -0.3926
vn -0.2930 -0.3533 0.8885
vn -0.1930 0.2946 0.9359
vn -0.7616 0.2974 0.5758
vn -0.8360 -0.2117 0.5063
vn 0.1796 0.3001 -0.9368
vn 0.2950 0.2521 -0.9217
vn 0.1715 -0.3882 -0.9054
vn 0.0465 -0.3907 -0.9193
vn -0.1215 -0.9381 -0.3243
vn -0.0033 -0.9583 -0.2858
vn -0.0675 -0.9295 0.3627
vn -0.1907 -0.9071 0.3753
vn -0.1377 -0.3081 0.9413
vn -0.0123 -0.3058 0.9520
vn 0.1111 0.3345 0.9358
vn -0.0046 0.3827 0.9238
vn 0.1634 0.9302 0.3288
vn 0.2859 0.9046 0.3162
vn 0.3502 0.8758 -0.3323
vn 0.2326 0.8991 -0.3708
vn -0.9790 0.1479 -0.1402
vn -0.9862 0.1511 -0.0676
vn -0.9724 0.2229 -0.0694
vn -0.9652 0.2197 -0.1420
vn 0.4580 -0.6316 0.6255
vn 0.5661 -0.6801 -0.4659
vn 0.7738 0.3976 -0.4932
vn 0.6657 0.4460 0.5982
vn -0.6763 0.7310 0.0911
vn 0.0989 0.9418 0.3213
vn 0.1680 0.9108 -0.3771
vn -0.6390 0.7143 -0.2854
vn -0.8624 -0.0138 0.5061
vn -0.2020 -0.2952 0.9338
vn -0.0691 0.3943 0.9164
vn -0.7908 0.3579 0.4966
vn -0.8612 -0.4389 -0.2563
vn -0.1858 -0.9253 -0.3306
vn -0.2550 -0.8943 0.3678
vn -0.8985 -0.4221 0.1203
vn -0.6751 0.3061 -0.6712
vn 0.1150 0.3118 -0.9432
vn -0.0179 -0.3778 -0.9257
vn -0.7468 -0.0658 -0.6618
usemtl Material.024
f 1/1/1 2/2/1 3/3/1 4/4/1
f 5/5/2 6/6/2 7/7/2 8/8/2
f 9/9/3 10/10/3 11/11/3 12/12/3
f 13/13/4 14/14/4 15/15/4 16/16/4
f 17/17/5 18/18/5 19/19/5 20/20/5
f 21/21/6 22/22/6 23/23/6 24/24/6
f 25/25/7 26/26/7 27/27/7 28/28/7
f 29/29/8 30/30/8 31/31/8 32/32/8
f 33/33/9 34/34/9 35/35/9 36/36/9
f 37/37/10 38/38/10 34/34/10 33/33/10
f 39/39/11 40/40/11 41/41/11 42/42/11
f 43/43/12 44/44/12 26/26/12 25/25/12
f 45/45/13 46/46/13 22/22/13 21/21/13
f 47/47/14 48/48/14 10/10/14 9/9/14
f 49/49/15 50/50/15 6/6/15 5/5/15
f 51/51/16 52/52/16 5/5/16 53/53/16
f 54/54/17 55/55/17 2/2/17 1/1/17
f 56/56/18 57/57/18 17/17/18 14/14/18
f 58/58/19 59/59/19 29/29/19 60/60/19
f 46/46/20 61/61/20 25/25/20 22/22/20
f 41/41/21 33/33/21 62/62/21 63/63/21
f 30/30/22 42/42/22 64/64/22 65/65/22
f 48/48/23 66/66/23 13/13/23 10/10/23
f 2/2/24 55/55/24 67/67/24 68/68/24
f 3/3/25 2/2/25 68/68/25 69/69/25
f 70/70/26 71/71/26 72/72/26 73/73/26
f 74/74/27 75/75/27 76/76/27 77/77/27
f 78/78/28 79/79/28 80/80/28 81/81/28
f 82/82/29 83/83/29 84/84/29 85/85/29
f 86/86/30 87/87/30 88/88/30 89/89/30
f 90/90/31 91/91/31 92/92/31 93/93/31
f 94/94/32 95/95/32 96/96/32 97/97/32
f 98/98/33 99/99/33 100/100/33 101/101/33
f 102/102/34 103/103/34 104/104/34 105/105/34
f 106/106/35 107/107/35 103/103/35 102/102/35
f 108/108/36 109/109/36 110/110/36 111/111/36
f 112/112/37 113/113/37 95/95/37 94/94/37
f 114/114/38 115/115/38 91/91/38 90/90/38
f 116/116/39 117/117/39 79/79/39 78/78/39
f 118/118/40 119/119/40 75/75/40 74/74/40
f 120/120/41 121/121/41 74/74/41 122/122/41
f 123/123/42 124/124/42 71/71/42 70/70/42
f 125/125/43 126/126/43 86/86/43 83/83/43
f 127/127/44 128/128/44 98/98/44 129/129/44
f 115/115/45 130/130/45 94/94/45 91/91/45
f 110/110/46 102/102/46 131/131/46 132/132/46
f 99/99/47 111/111/47 133/133/47 134/134/47
f 117/117/48 135/135/48 82/82/48 79/79/48
f 71/71/49 124/124/49 136/136/49 137/137/49
f 72/72/50 71/71/50 137/137/50 138/138/50
f 139/139/26 140/140/26 141/141/26 142/142/26
f 143/143/27 144/144/27 145/145/27 146/146/27
f 147/147/28 148/148/28 149/149/28 150/150/28
f 151/151/29 152/152/29 153/153/29 154/154/29
f 155/155/30 156/156/30 157/157/30 158/158/30
f 159/159/31 160/160/31 161/161/31 162/162/31
f 163/163/32 164/164/32 165/165/32 166/166/32
f 167/167/51 168/168/51 169/169/51 170/170/51
f 171/171/34 172/172/34 173/173/34 174/174/34
f 175/175/52 176/176/52 172/172/52 171/171/52
f 177/177/36 178/178/36 179/179/36 180/180/36
f 181/181/37 182/182/37 164/164/37 163/163/37
f 183/183/53 184/184/53 160/160/53 159/159/53
f 185/185/39 186/186/39 148/148/39 147/147/39
f 187/187/40 188/188/40 144/144/40 143/143/40
f 189/189/41 190/190/41 143/143/41 191/191/41
f 192/192/54 193/193/54 140/140/54 139/139/54
f 194/194/43 195/195/43 155/155/43 152/152/43
f 196/196/44 197/197/44 167/167/44 198/198/44
f 184/184/55 199/199/55 163/163/55 160/160/55
f 179/179/56 171/171/56 200/200/56 201/201/56
f 168/168/47 180/180/47 202/202/47 203/203/47
f 186/186/48 204/204/48 151/151/48 148/148/48
f 140/140/49 193/193/49 205/205/49 206/206/49
f 141/141/50 140/140/50 206/206/50 207/207/50
f 208/208/57 209/209/57 210/210/57 211/211/57
f 212/212/58 213/213/58 214/214/58 215/215/58
f 216/216/59 217/217/59 218/218/59 219/219/59
f 220/220/60 221/221/60 222/222/60 223/223/60
f 224/224/61 225/225/61 226/226/61 227/227/61
f 228/228/62 229/229/62 230/230/62 231/231/62
f 232/232/63 233/233/63 234/234/63 235/235/63
f 236/236/64 237/237/64 238/238/64 239/239/64
f 240/240/65 241/241/65 242/242/65 243/243/65
f 244/244/66 245/245/66 241/241/66 240/240/66
f 246/246/67 247/247/67 248/248/67 249/249/67
f 250/250/68 251/251/68 233/233/68 232/232/68
f 252/252/69 253/253/69 229/229/69 228/228/69
f 254/254/70 255/255/70 217/217/70 216/216/70
f 256/256/71 257/257/71 213/213/71 212/212/71
f 258/258/72 259/259/72 212/212/72 260/260/72
f 261/261/73 262/262/73 209/209/73 208/208/73
f 263/263/74 264/264/74 224/224/74 221/221/74
f 265/265/75 266/266/75 236/236/75 267/267/75
f 253/253/76 268/268/76 232/232/76 229/229/76
f 248/248/77 240/240/77 269/269/77 270/270/77
f 237/237/78 249/249/78 271/271/78 272/272/78
f 255/255/79 273/273/79 220/220/79 217/217/79
f 209/209/80 262/262/80 274/274/80 275/275/80
f 210/210/81 209/209/81 275/275/81 276/276/81
f 277/277/82 278/278/82 279/279/82 280/280/82
f 281/281/83 282/282/83 283/283/83 284/284/83
f 285/285/84 286/286/84 287/287/84 288/288/84
f 289/289/85 290/290/85 291/291/85 292/292/85
f 293/293/86 294/294/86 295/295/86 296/296/86
f 297/297/87 298/298/87 299/299/87 300/300/87
f 301/301/88 302/302/88 303/303/88 304/304/88
f 305/305/89 306/306/89 307/307/89 308/308/89
f 309/309/90 310/310/90 311/311/90 312/312/90
f 313/313/91 314/314/91 310/310/91 309/309/91
f 315/315/92 316/316/92 317/317/92 318/318/92
f 319/319/93 320/320/93 302/302/93 301/301/93
f 321/321/94 322/322/94 298/298/94 297/297/94
f 323/323/95 324/324/95 286/286/95 285/285/95
f 325/325/96 326/326/96 282/282/96 281/281/96
f 327/327/97 328/328/97 281/281/97 329/329/97
f 330/330/98 331/331/98 278/278/98 277/277/98
f 332/332/99 333/333/99 293/293/99 290/290/99
f 334/334/100 335/335/100 305/305/100 336/336/100
f 322/322/101 337/337/101 301/301/101 298/298/101
f 317/317/102 309/309/102 338/338/102 339/339/102
f 306/306/103 318/318/103 340/340/103 341/341/103
f 324/324/104 342/342/104 289/289/104 286/286/104
f 278/278/105 331/331/105 343/343/105 344/344/105
f 279/279/106 278/278/106 344/344/106 345/345/106
f 346/346/107 347/347/107 348/348/107 349/349/107
f 350/350/108 351/351/108 352/352/108 353/353/108
f 354/354/109 355/355/109 356/356/109 357/357/109
f 358/358/110 359/359/110 360/360/110 361/361/110
f 362/362/111 363/363/111 364/364/111 365/365/111
f 366/366/112 367/367/112 368/368/112 369/369/112
f 370/370/113 371/371/113 372/372/113 373/373/113
f 374/374/114 375/375/114 376/376/114 377/377/114
f 378/378/115 379/379/115 380/380/115 381/381/115
f 382/382/116 383/383/116 379/379/116 378/378/116
f 384/384/117 385/385/117 386/386/117 387/387/117
f 388/388/118 389/389/118 371/371/118 370/370/118
f 390/390/119 391/391/119 367/367/119 366/366/119
f 392/392/120 393/393/120 355/355/120 354/354/120
f 394/394/121 395/395/121 351/351/121 350/350/121
f 396/396/122 397/397/122 350/350/122 398/398/122
f 399/399/123 400/400/123 347/347/123 346/346/123
f 401/401/124 402/402/124 362/362/124 359/359/124
f 403/403/125 404/404/125 374/374/125 405/405/125
f 391/391/126 406/406/126 370/370/126 367/367/126
f 386/386/127 378/378/127 407/407/127 408/408/127
f 375/375/128 387/387/128 409/409/128 410/410/128
f 393/393/129 411/411/129 358/358/129 355/355/129
f 347/347/130 400/400/130 412/412/130 413/413/130
f 348/348/131 347/347/131 413/413/131 414/414/131
f 415/415/132 416/416/132 417/417/132 418/418/132
f 419/419/133 420/420/133 421/421/133 422/422/133
f 423/423/134 424/424/134 425/425/134 426/426/134
f 427/427/135 428/428/135 429/429/135 430/430/135
f 431/431/136 432/432/136 433/433/136 434/434/136
f 435/435/137 436/436/137 437/437/137 438/438/137
f 439/439/138 440/440/138 441/441/138 442/442/138
f 443/443/139 444/444/139 445/445/139 446/446/139
f 447/447/140 448/448/140 449/449/140 450/450/140
f 451/451/141 452/452/141 448/448/141 447/447/141
f 453/453/142 454/454/142 455/455/142 456/456/142
f 457/457/143 458/458/143 440/440/143 439/439/143
f 459/459/144 460/460/144 436/436/144 435/435/144
f 461/461/145 462/462/145 424/424/145 423/423/145
f 463/463/146 464/464/146 420/420/146 419/419/146
f 465/465/147 466/466/147 419/419/147 467/467/147
f 468/468/148 469/469/148 416/416/148 415/415/148
f 470/470/149 471/471/149 431/431/149 428/428/149
f 472/472/150 473/473/150 443/443/150 474/474/150
f 460/460/151 475/475/151 439/439/151 436/436/151
f 455/455/152 447/447/152 476/476/152 477/477/152
f 444/444/153 456/456/153 478/478/153 479/479/153
f 462/462/154 480/480/154 427/427/154 424/424/154
f 416/416/155 469/469/155 481/481/155 482/482/155
f 417/417/156 416/416/156 482/482/156 483/483/156
f 484/484/157 485/485/157 486/486/157 487/487/157
f 488/488/158 489/489/158 490/490/158 491/491/158
f 492/492/159 493/493/159 494/494/159 495/495/159
f 496/496/160 497/497/160 498/498/160 499/499/160
f 500/500/161 501/501/161 502/502/161 503/503/161
f 504/504/162 505/505/162 506/506/162 507/507/162
f 508/508/163 509/509/163 510/510/163 511/511/163
f 512/512/164 513/513/164 514/514/164 515/515/164
f 516/516/165 517/517/165 518/518/165 519/519/165
f 520/520/166 521/521/166 517/517/166 516/516/166
f 522/522/167 523/523/167 524/524/167 525/525/167
f 526/526/168 527/527/168 509/509/168 508/508/168
f 528/528/169 529/529/169 505/505/169 504/504/169
f 530/530/170 531/531/170 493/493/170 492/492/170
f 532/532/171 533/533/171 489/489/171 488/488/171
f 534/534/172 535/535/172 488/488/172 536/536/172
f 537/537/173 538/538/173 485/485/173 484/484/173
f 539/539/174 540/540/174 500/500/174 497/497/174
f 541/541/175 542/542/175 512/512/175 543/543/175
f 529/529/176 544/544/176 508/508/176 505/505/176
f 524/524/177 516/516/177 545/545/177 546/546/177
f 513/513/178 525/525/178 547/547/178 548/548/178
f 531/531/179 549/549/179 496/496/179 493/493/179
f 485/485/180 538/538/180 550/550/180 551/551/180
f 486/486/181 485/485/181 551/551/181 552/552/181
f 553/553/182 554/554/182 555/555/182 556/556/182
f 557/557/183 558/558/183 559/559/183 560/560/183
f 561/561/184 562/562/184 563/563/184 564/564/184
f 565/565/185 566/566/185 567/567/185 568/568/185
f 569/569/186 570/570/186 571/571/186 572/572/186
f 573/573/187 574/574/187 575/575/187 576/576/187
f 577/577/188 578/578/188 579/579/188 580/580/188
f 581/581/189 582/582/189 583/583/189 584/584/189
f 585/585/190 586/586/190 587/587/190 588/588/190
f 589/589/191 590/590/191 586/586/191 585/585/191
f 591/591/192 592/592/192 593/593/192 594/594/192
f 595/595/193 596/596/193 578/578/193 577/577/193
f 597/597/194 598/598/194 574/574/194 573/573/194
f 599/599/195 600/600/195 562/562/195 561/561/195
f 601/601/196 602/602/196 558/558/196 557/557/196
f 603/603/197 604/604/197 557/557/197 605/605/197
f 606/606/198 607/607/198 554/554/198 553/553/198
f 608/608/199 609/609/199 569/569/199 566/566/199
f 610/610/200 611/611/200 581/581/200 612/612/200
f 598/598/201 613/613/201 577/577/201 574/574/201
f 593/593/202 585/585/202 614/614/202 615/615/202
f 582/582/203 594/594/203 616/616/203 617/617/203
f 600/600/204 618/618/204 565/565/204 562/562/204
f 554/554/205 607/607/205 619/619/205 620/620/205
f 555/555/206 554/554/206 620/620/206 621/621/206
f 622/622/207 623/623/207 624/624/207 625/625/207
f 626/626/208 627/627/208 628/628/208 629/629/208
f 630/630/209 631/631/209 632/632/209 633/633/209
f 634/634/210 635/635/210 636/636/210 637/637/210
f 638/638/211 639/639/211 640/640/211 641/641/211
f 642/642/212 643/643/212 644/644/212 645/645/212
f 646/646/213 647/647/213 648/648/213 649/649/213
f 650/650/214 651/651/214 652/652/214 653/653/214
f 654/654/215 655/655/215 656/656/215 657/657/215
f 658/658/216 659/659/216 655/655/216 654/654/216
f 660/660/217 661/661/217 662/662/217 663/663/217
f 664/664/218 665/665/218 647/647/218 646/646/218
f 666/666/219 667/667/219 643/643/219 642/642/219
f 668/668/220 669/669/220 631/631/220 630/630/220
f 670/670/221 671/671/221 627/627/221 626/626/221
f 672/672/222 673/673/222 626/626/222 674/674/222
f 675/675/223 676/676/223 623/623/223 622/622/223
f 677/677/224 678/678/224 638/638/224 635/635/224
f 679/679/225 680/680/225 650/650/225 681/681/225
f 667/667/226 682/682/226 646/646/226 643/643/226
f 662/662/227 654/654/227 683/683/227 684/684/227
f 651/651/228 663/663/228 685/685/228 686/686/228
f 669/669/229 687/687/229 634/634/229 631/631/229
f 623/623/230 676/676/230 688/688/230 689/689/230
f 624/624/231 623/623/231 689/689/231 690/690/231
f 691/691/232 692/692/232 693/693/232 694/694/232
f 695/695/233 696/696/233 697/697/233 698/698/233
f 699/699/234 700/700/234 701/701/234 702/702/234
f 703/703/235 704/704/235 705/705/235 706/706/235
f 707/707/236 708/708/236 709/709/236 710/710/236
f 711/711/237 712/712/237 713/713/237 714/714/237
f 715/715/238 716/716/238 717/717/238 718/718/238
f 719/719/239 720/720/239 721/721/239 722/722/239
f 723/723/240 724/724/240 725/725/240 726/726/240
f 727/727/241 728/728/241 724/724/241 723/723/241
f 729/729/242 730/730/242 731/731/242 732/732/242
f 733/733/243 734/734/243 716/716/243 715/715/243
f 735/735/244 736/736/244 712/712/244 711/711/244
f 737/737/245 738/738/245 700/700/245 699/699/245
f 739/739/246 740/740/246 696/696/246 695/695/246
f 741/741/247 742/742/247 695/695/247 743/743/247
f 744/744/248 745/745/248 692/692/248 691/691/248
f 746/746/249 747/747/249 707/707/249 704/704/249
f 748/748/250 749/749/250 719/719/250 750/750/250
f 736/736/251 751/751/251 715/715/251 712/712/251
f 731/731/252 723/723/252 752/752/252 753/753/252
f 720/720/253 732/732/253 754/754/253 755/755/253
f 738/738/254 756/756/254 703/703/254 700/700/254
f 692/692/255 745/745/255 757/757/255 758/758/255
f 693/693/256 692/692/256 758/758/256 759/759/256
f 760/760/257 761/761/257 762/762/257 763/763/257
f 764/764/258 765/765/258 766/766/258 767/767/258
f 768/768/259 769/769/259 770/770/259 771/771/259
f 772/772/260 773/773/260 774/774/260 775/775/260
f 776/776/261 777/777/261 778/778/261 779/779/261
f 780/780/262 781/781/262 782/782/262 783/783/262
f 784/784/263 785/785/263 786/786/263 787/787/263
f 788/788/264 789/789/264 790/790/264 791/791/264
f 792/792/265 793/793/265 794/794/265 795/795/265
f 796/796/266 797/797/266 793/793/266 792/792/266
f 798/798/267 799/799/267 800/800/267 801/801/267
f 802/802/268 803/803/268 785/785/268 784/784/268
f 804/804/269 805/805/269 781/781/269 780/780/269
f 806/806/270 807/807/270 769/769/270 768/768/270
f 808/808/271 809/809/271 765/765/271 764/764/271
f 810/810/272 811/811/272 764/764/272 812/812/272
f 813/813/273 814/814/273 761/761/273 760/760/273
f 815/815/274 816/816/274 776/776/274 773/773/274
f 817/817/275 818/818/275 788/788/275 819/819/275
f 805/805/276 820/820/276 784/784/276 781/781/276
f 800/800/277 792/792/277 821/821/277 822/822/277
f 789/789/278 801/801/278 823/823/278 824/824/278
f 807/807/279 825/825/279 772/772/279 769/769/279
f 761/761/280 814/814/280 826/826/280 827/827/280
f 762/762/281 761/761/281 827/827/281 828/828/281
usemtl Material.028
f 53/53/282 5/5/282 829/829/282 830/830/282
f 42/42/283 41/41/283 831/831/283 64/64/283
f 832/832/284 833/833/284 18/18/284 17/17/284
f 14/14/285 17/17/285 834/834/285 15/15/285
f 44/44/286 835/835/286 60/60/286 26/26/286
f 22/22/287 25/25/287 28/28/287 836/836/287
f 837/837/288 838/838/288 33/33/288 41/41/288
f 10/10/289 13/13/289 839/839/289 840/840/289
f 841/841/290 47/47/290 9/9/290 6/6/290
f 122/122/291 74/74/291 842/842/291 843/843/291
f 111/111/292 110/110/292 844/844/292 133/133/292
f 845/845/293 846/846/293 87/87/293 86/86/293
f 83/83/294 86/86/294 847/847/294 84/84/294
f 113/113/295 848/848/295 129/129/295 95/95/295
f 91/91/296 94/94/296 97/97/296 849/849/296
f 850/850/297 851/851/297 102/102/297 110/110/297
f 79/79/298 82/82/298 852/852/298 853/853/298
f 854/854/299 116/116/299 78/78/299 75/75/299
f 191/191/300 143/143/300 855/855/300 856/856/300
f 180/180/292 179/179/292 857/857/292 202/202/292
f 858/858/293 859/859/293 156/156/293 155/155/293
f 152/152/294 155/155/294 860/860/294 153/153/294
f 182/182/295 861/861/295 198/198/295 164/164/295
f 160/160/296 163/163/296 166/166/296 862/862/296
f 863/863/297 864/864/297 171/171/297 179/179/297
f 148/148/298 151/151/298 865/865/298 866/866/298
f 867/867/301 185/185/301 147/147/301 144/144/301
f 260/260/302 212/212/302 868/868/302 869/869/302
f 249/249/303 248/248/303 870/870/303 271/271/303
f 871/871/304 872/872/304 225/225/304 224/224/304
f 221/221/305 224/224/305 873/873/305 222/222/305
f 251/251/306 874/874/306 267/267/306 233/233/306
f 229/229/307 232/232/307 235/235/307 875/875/307
f 876/876/308 877/877/308 240/240/308 248/248/308
f 217/217/309 220/220/309 878/878/309 879/879/309
f 880/880/310 254/254/310 216/216/310 213/213/310
f 329/329/311 281/281/311 881/881/311 882/882/311
f 318/318/312 317/317/312 883/883/312 340/340/312
f 884/884/313 885/885/313 294/294/313 293/293/313
f 290/290/314 293/293/314 886/886/314 291/291/314
f 320/320/315 887/887/315 336/336/315 302/302/315
f 298/298/316 301/301/316 304/304/316 888/888/316
f 889/889/317 890/890/317 309/309/317 317/317/317
f 286/286/318 289/289/318 891/891/318 892/892/318
f 893/893/319 323/323/319 285/285/319 282/282/319
f 398/398/320 350/350/320 894/894/320 895/895/320
f 387/387/321 386/386/321 896/896/321 409/409/321
f 897/897/322 898/898/322 363/363/322 362/362/322
f 359/359/323 362/362/323 899/899/323 360/360/323
f 389/389/324 900/900/324 405/405/324 371/371/324
f 367/367/325 370/370/325 373/373/325 901/901/325
f 902/902/326 903/903/326 378/378/326 386/386/326
f 355/355/327 358/358/327 904/904/327 905/905/327
f 906/906/328 392/392/328 354/354/328 351/351/328
f 467/467/329 419/419/329 907/907/329 908/908/329
f 456/456/330 455/455/330 909/909/330 478/478/330
f 910/910/331 911/911/331 432/432/331 431/431/331
f 428/428/332 431/431/332 912/912/332 429/429/332
f 458/458/333 913/913/333 474/474/333 440/440/333
f 436/436/334 439/439/334 442/442/334 914/914/334
f 915/915/335 916/916/335 447/447/335 455/455/335
f 424/424/336 427/427/336 917/917/336 918/918/336
f 919/919/337 461/461/337 423/423/337 420/420/337
f 536/536/338 488/488/338 920/920/338 921/921/338
f 525/525/339 524/524/339 922/922/339 547/547/339
f 923/923/340 924/924/340 501/501/340 500/500/340
f 497/497/341 500/500/341 925/925/341 498/498/341
f 527/527/342 926/926/342 543/543/342 509/509/342
f 505/505/343 508/508/343 511/511/343 927/927/343
f 928/928/344 929/929/344 516/516/344 524/524/344
f 493/493/345 496/496/345 930/930/345 931/931/345
f 932/932/346 530/530/346 492/492/346 489/489/346
f 605/605/347 557/557/347 933/933/347 934/934/347
f 594/594/348 593/593/348 935/935/348 616/616/348
f 936/936/349 937/937/349 570/570/349 569/569/349
f 566/566/350 569/569/350 938/938/350 567/567/350
f 596/596/351 939/939/351 612/612/351 578/578/351
f 574/574/352 577/577/352 580/580/352 940/940/352
f 941/941/353 942/942/353 585/585/353 593/593/353
f 562/562/354 565/565/354 943/943/354 944/944/354
f 945/945/355 599/599/355 561/561/355 558/558/355
f 674/674/356 626/626/356 946/946/356 947/947/356
f 663/663/357 662/662/357 948/948/357 685/685/357
f 949/949/358 950/950/358 639/639/358 638/638/358
f 635/635/359 638/638/359 951/951/359 636/636/359
f 665/665/360 952/952/360 681/681/360 647/647/360
f 643/643/361 646/646/361 649/649/361 953/953/361
f 954/954/362 955/955/362 654/654/362 662/662/362
f 631/631/363 634/634/363 956/956/363 957/957/363
f 958/958/364 668/668/364 630/630/364 627/627/364
f 743/743/365 695/695/365 959/959/365 960/960/365
f 732/732/366 731/731/366 961/961/366 754/754/366
f 962/962/367 963/963/367 708/708/367 707/707/367
f 704/704/368 707/707/368 964/964/368 705/705/368
f 734/734/369 965/965/369 750/750/369 716/716/369
f 712/712/370 715/715/370 718/718/370 966/966/370
f 967/967/371 968/968/371 723/723/371 731/731/371
f 700/700/372 703/703/372 969/969/372 970/970/372
f 971/971/373 737/737/373 699/699/373 696/696/373
f 812/812/374 764/764/374 972/972/374 973/973/374
f 801/801/375 800/800/375 974/974/375 823/823/375
f 975/975/376 976/976/376 777/777/376 776/776/376
f 773/773/377 776/776/377 977/977/377 774/774/377
f 803/803/378 978/978/378 819/819/378 785/785/378
f 781/781/379 784/784/379 787/787/379 979/979/379
f 980/980/380 981/981/380 792/792/380 800/800/380
f 769/769/381 772/772/381 982/982/381 983/983/381
f 984/984/382 806/806/382 768/768/382 765/765/382
usemtl Material.022
f 34/34/383 1/1/383 4/4/383 35/35/383
f 985/985/384 54/54/384 1/1/384 34/34/384
f 59/59/385 986/986/385 30/30/385 29/29/385
f 987/987/386 988/988/386 14/14/386 13/13/386
f 989/989/387 45/45/387 21/21/387 18/18/387
f 18/18/388 21/21/388 24/24/388 990/990/388
f 60/60/389 29/29/389 32/32/389 991/991/389
f 26/26/390 60/60/390 992/992/390 993/993/390
f 994/994/391 995/995/391 42/42/391 30/30/391
f 6/6/392 9/9/392 996/996/392 997/997/392
f 103/103/393 70/70/393 73/73/393 104/104/393
f 998/998/394 123/123/394 70/70/394 103/103/394
f 128/128/395 999/999/395 99/99/395 98/98/395
f 1000/1000/396 1001/1001/396 83/83/396 82/82/396
f 1002/1002/397 114/114/397 90/90/397 87/87/397
f 87/87/398 90/90/398 93/93/398 1003/1003/398
f 129/129/399 98/98/399 101/101/399 1004/1004/399
f 95/95/400 129/129/400 1005/1005/400 1006/1006/400
f 1007/1007/401 1008/1008/401 111/111/401 99/99/401
f 75/75/402 78/78/402 1009/1009/402 1010/1010/402
f 172/172/393 139/139/393 142/142/393 173/173/393
f 1011/1011/394 192/192/394 139/139/394 172/172/394
f 197/197/395 1012/1012/395 168/168/395 167/167/395
f 1013/1013/396 1014/1014/396 152/152/396 151/151/396
f 1015/1015/397 183/183/397 159/159/397 156/156/397
f 156/156/398 159/159/398 162/162/398 1016/1016/398
f 198/198/399 167/167/399 170/170/399 1017/1017/399
f 164/164/400 198/198/400 1018/1018/400 1019/1019/400
f 1020/1020/401 1021/1021/401 180/180/401 168/168/401
f 144/144/402 147/147/402 1022/1022/402 1023/1023/402
f 241/241/403 208/208/403 211/211/403 242/242/403
f 1024/1024/404 261/261/404 208/208/404 241/241/404
f 266/266/405 1025/1025/405 237/237/405 236/236/405
f 1026/1026/406 1027/1027/406 221/221/406 220/220/406
f 1028/1028/407 252/252/407 228/228/407 225/225/407
f 225/225/408 228/228/408 231/231/408 1029/1029/408
f 267/267/409 236/236/409 239/239/409 1030/1030/409
f 233/233/410 267/267/410 1031/1031/410 1032/1032/410
f 1033/1033/411 1034/1034/411 249/249/411 237/237/411
f 213/213/412 216/216/412 1035/1035/412 1036/1036/412
f 310/310/413 277/277/413 280/280/413 311/311/413
f 1037/1037/414 330/330/414 277/277/414 310/310/414
f 335/335/415 1038/1038/415 306/306/415 305/305/415
f 1039/1039/416 1040/1040/416 290/290/416 289/289/416
f 1041/1041/417 321/321/417 297/297/417 294/294/417
f 294/294/418 297/297/418 300/300/418 1042/1042/418
f 336/336/419 305/305/419 308/308/419 1043/1043/419
f 302/302/420 336/336/420 1044/1044/420 1045/1045/420
f 1046/1046/421 1047/1047/421 318/318/421 306/306/421
f 282/282/422 285/285/422 1048/1048/422 1049/1049/422
f 379/379/423 346/346/423 349/349/423 380/380/423
f 1050/1050/424 399/399/424 346/346/424 379/379/424
f 404/404/425 1051/1051/425 375/375/425 374/374/425
f 1052/1052/426 1053/1053/426 359/359/426 358/358/426
f 1054/1054/427 390/390/427 366/366/427 363/363/427
f 363/363/428 366/366/428 369/369/428 1055/1055/428
f 405/405/429 374/374/429 377/377/429 1056/1056/429
f 371/371/430 405/405/430 1057/1057/430 1058/1058/430
f 1059/1059/431 1060/1060/431 387/387/431 375/375/431
f 351/351/432 354/354/432 1061/1061/432 1062/1062/432
f 448/448/433 415/415/433 418/418/433 449/449/433
f 1063/1063/434 468/468/434 415/415/434 448/448/434
f 473/473/435 1064/1064/435 444/444/435 443/443/435
f 1065/1065/436 1066/1066/436 428/428/436 427/427/436
f 1067/1067/437 459/459/437 435/435/437 432/432/437
f 432/432/438 435/435/438 438/438/438 1068/1068/438
f 474/474/439 443/443/439 446/446/439 1069/1069/439
f 440/440/440 474/474/440 1070/1070/440 1071/1071/440
f 1072/1072/441 1073/1073/441 456/456/441 444/444/441
f 420/420/442 423/423/442 1074/1074/442 1075/1075/442
f 517/517/443 484/484/443 487/487/443 518/518/443
f 1076/1076/444 537/537/444 484/484/444 517/517/444
f 542/542/445 1077/1077/445 513/513/445 512/512/445
f 1078/1078/446 1079/1079/446 497/497/446 496/496/446
f 1080/1080/447 528/528/447 504/504/447 501/501/447
f 501/501/448 504/504/448 507/507/448 1081/1081/448
f 543/543/449 512/512/449 515/515/449 1082/1082/449
f 509/509/450 543/543/450 1083/1083/450 1084/1084/450
f 1085/1085/451 1086/1086/451 525/525/451 513/513/451
f 489/489/452 492/492/452 1087/1087/452 1088/1088/452
f 586/586/453 553/553/453 556/556/453 587/587/453
f 1089/1089/454 606/606/454 553/553/454 586/586/454
f 611/611/455 1090/1090/455 582/582/455 581/581/455
f 1091/1091/456 1092/1092/456 566/566/456 565/565/456
f 1093/1093/457 597/597/457 573/573/457 570/570/457
f 570/570/458 573/573/458 576/576/458 1094/1094/458
f 612/612/459 581/581/459 584/584/459 1095/1095/459
f 578/578/460 612/612/460 1096/1096/460 1097/1097/460
f 1098/1098/461 1099/1099/461 594/594/461 582/582/461
f 558/558/462 561/561/462 1100/1100/462 1101/1101/462
f 655/655/463 622/622/463 625/625/463 656/656/463
f 1102/1102/464 675/675/464 622/622/464 655/655/464
f 680/680/465 1103/1103/465 651/651/465 650/650/465
f 1104/1104/466 1105/1105/466 635/635/466 634/634/466
f 1106/1106/467 666/666/467 642/642/467 639/639/467
f 639/639/468 642/642/468 645/645/468 1107/1107/468
f 681/681/469 650/650/469 653/653/469 1108/1108/469
f 647/647/470 681/681/470 1109/1109/470 1110/1110/470
f 1111/1111/471 1112/1112/471 663/663/471 651/651/471
f 627/627/472 630/630/472 1113/1113/472 1114/1114/472
f 724/724/473 691/691/473 694/694/473 725/725/473
f 1115/1115/474 744/744/474 691/691/474 724/724/474
f 749/749/475 1116/1116/475 720/720/475 719/719/475
f 1117/1117/476 1118/1118/476 704/704/476 703/703/476
f 1119/1119/477 735/735/477 711/711/477 708/708/477
f 708/708/478 711/711/478 714/714/478 1120/1120/478
f 750/750/479 719/719/479 722/722/479 1121/1121/479
f 716/716/480 750/750/480 1122/1122/480 1123/1123/480
f 1124/1124/481 1125/1125/481 732/732/481 720/720/481
f 696/696/482 699/699/482 1126/1126/482 1127/1127/482
f 793/793/483 760/760/483 763/763/483 794/794/483
f 1128/1128/484 813/813/484 760/760/484 793/793/484
f 818/818/485 1129/1129/485 789/789/485 788/788/485
f 1130/1130/486 1131/1131/486 773/773/486 772/772/486
f 1132/1132/487 804/804/487 780/780/487 777/777/487
f 777/777/488 780/780/488 783/783/488 1133/1133/488
f 819/819/489 788/788/489 791/791/489 1134/1134/489
f 785/785/490 819/819/490 1135/1135/490 1136/1136/490
f 1137/1137/491 1138/1138/491 801/801/491 789/789/491
f 765/765/492 768/768/492 1139/1139/492 1140/1140/492
f 1141/1141/493 1142/1142/493 1143/1143/493 1144/1144/493
f 1142/1142/494 1145/1145/494 1146/1146/494 1143/1143/494
f 1143/1143/495 1146/1146/495 1147/1147/495 1148/1148/495
f 1144/1144/496 1143/1143/496 1148/1148/496 1149/1149/496
f 1150/1150/497 1151/1151/497 1152/1152/497 1153/1153/497
f 1151/1151/498 1154/1154/498 1155/1155/498 1152/1152/498
f 1152/1152/499 1155/1155/499 1156/1156/499 1157/1157/499
f 1153/1153/500 1152/1152/500 1157/1157/500 1158/1158/500
f 1159/1159/501 1160/1160/501 1161/1161/501 1162/1162/501
f 1160/1160/502 1163/1163/502 1164/1164/502 1161/1161/502
f 1161/1161/503 1164/1164/503 1165/1165/503 1166/1166/503
f 1162/1162/504 1161/1161/504 1166/1166/504 1167/1167/504
f 1163/1163/505 1168/1168/505 1169/1169/505 1164/1164/505
f 1168/1168/506 1170/1170/506 1171/1171/506 1169/1169/506
f 1169/1169/507 1171/1171/507 1172/1172/507 1173/1173/507
f 1164/1164/508 1169/1169/508 1173/1173/508 1165/1165/508
f 1170/1170/509 1174/1174/509 1175/1175/509 1171/1171/509
f 1174/1174/510 1176/1176/510 1177/1177/510 1175/1175/510
f 1175/1175/511 1177/1177/511 1178/1178/511 1179/1179/511
f 1171/1171/512 1175/1175/512 1179/1179/512 1172/1172/512
f 1176/1176/513 1180/1180/513 1181/1181/513 1177/1177/513
f 1180/1180/514 1159/1159/514 1162/1162/514 1181/1181/514
f 1181/1181/515 1162/1162/515 1167/1167/515 1182/1182/515
f 1177/1177/516 1181/1181/516 1182/1182/516 1178/1178/516
f 1183/1183/517 1184/1184/517 1185/1185/517 1186/1186/517
f 1184/1184/518 1187/1187/518 1188/1188/518 1185/1185/518
f 1185/1185/519 1188/1188/519 1163/1163/519 1160/1160/519
f 1186/1186/520 1185/1185/520 1160/1160/520 1159/1159/520
f 1187/1187/521 1189/1189/521 1190/1190/521 1188/1188/521
f 1189/1189/522 1191/1191/522 1192/1192/522 1190/1190/522
f 1190/1190/523 1192/1192/523 1170/1170/523 1168/1168/523
f 1188/1188/524 1190/1190/524 1168/1168/524 1163/1163/524
f 1191/1191/525 1193/1193/525 1194/1194/525 1192/1192/525
f 1193/1193/526 1195/1195/526 1196/1196/526 1194/1194/526
f 1194/1194/527 1196/1196/527 1176/1176/527 1174/1174/527
f 1192/1192/528 1194/1194/528 1174/1174/528 1170/1170/528
f 1195/1195/529 1197/1197/529 1198/1198/529 1196/1196/529
f 1197/1197/530 1183/1183/530 1186/1186/530 1198/1198/530
f 1198/1198/531 1186/1186/531 1159/1159/531 1180/1180/531
f 1196/1196/532 1198/1198/532 1180/1180/532 1176/1176/532
f 1199/1199/533 1200/1200/533 1201/1201/533 1202/1202/533
f 1200/1200/534 1203/1203/534 1204/1204/534 1201/1201/534
f 1201/1201/534 1204/1204/534 1187/1187/534 1184/1184/534
f 1202/1202/535 1201/1201/535 1184/1184/535 1183/1183/535
f 1203/1203/536 1205/1205/536 1206/1206/536 1204/1204/536
f 1205/1205/522 1207/1207/522 1208/1208/522 1206/1206/522
f 1206/1206/537 1208/1208/537 1191/1191/537 1189/1189/537
f 1204/1204/536 1206/1206/536 1189/1189/536 1187/1187/536
f 1207/1207/538 1209/1209/538 1210/1210/538 1208/1208/538
f 1209/1209/539 1211/1211/539 1212/1212/539 1210/1210/539
f 1210/1210/539 1212/1212/539 1195/1195/539 1193/1193/539
f 1208/1208/540 1210/1210/540 1193/1193/540 1191/1191/540
f 1211/1211/541 1213/1213/541 1214/1214/541 1212/1212/541
f 1213/1213/542 1199/1199/542 1202/1202/542 1214/1214/542
f 1214/1214/542 1202/1202/542 1183/1183/542 1197/1197/542
f 1212/1212/541 1214/1214/541 1197/1197/541 1195/1195/541
f 1215/1215/543 1216/1216/543 1217/1217/543 1218/1218/543
f 1216/1216/534 1219/1219/534 1220/1220/534 1217/1217/534
f 1217/1217/534 1220/1220/534 1203/1203/534 1200/1200/534
f 1218/1218/544 1217/1217/544 1200/1200/544 1199/1199/544
f 1219/1219/545 1221/1221/545 1222/1222/545 1220/1220/545
f 1221/1221/537 1223/1223/537 1224/1224/537 1222/1222/537
f 1222/1222/537 1224/1224/537 1207/1207/537 1205/1205/537
f 1220/1220/536 1222/1222/536 1205/1205/536 1203/1203/536
f 1223/1223/546 1225/1225/546 1226/1226/546 1224/1224/546
f 1225/1225/547 1227/1227/547 1228/1228/547 1226/1226/547
f 1226/1226/548 1228/1228/548 1211/1211/548 1209/1209/548
f 1224/1224/540 1226/1226/540 1209/1209/540 1207/1207/540
f 1227/1227/549 1229/1229/549 1230/1230/549 1228/1228/549
f 1229/1229/542 1215/1215/542 1218/1218/542 1230/1230/542
f 1230/1230/550 1218/1218/550 1199/1199/550 1213/1213/550
f 1228/1228/541 1230/1230/541 1213/1213/541 1211/1211/541
f 1231/1231/551 1232/1232/551 1233/1233/551 1234/1234/551
f 1232/1232/534 1235/1235/534 1236/1236/534 1233/1233/534
f 1233/1233/534 1236/1236/534 1219/1219/534 1216/1216/534
f 1234/1234/551 1233/1233/551 1216/1216/551 1215/1215/551
f 1235/1235/536 1237/1237/536 1238/1238/536 1236/1236/536
f 1237/1237/522 1239/1239/522 1240/1240/522 1238/1238/522
f 1238/1238/522 1240/1240/522 1223/1223/522 1221/1221/522
f 1236/1236/536 1238/1238/536 1221/1221/536 1219/1219/536
f 1239/1239/540 1241/1241/540 1242/1242/540 1240/1240/540
f 1241/1241/552 1243/1243/552 1244/1244/552 1242/1242/552
f 1242/1242/553 1244/1244/553 1227/1227/553 1225/1225/553
f 1240/1240/546 1242/1242/546 1225/1225/546 1223/1223/546
f 1243/1243/554 1245/1245/554 1246/1246/554 1244/1244/554
f 1245/1245/542 1231/1231/542 1234/1234/542 1246/1246/542
f 1246/1246/542 1234/1234/542 1215/1215/542 1229/1229/542
f 1244/1244/549 1246/1246/549 1229/1229/549 1227/1227/549
f 1247/1247/551 1248/1248/551 1249/1249/551 1250/1250/551
f 1248/1248/555 1251/1251/555 1252/1252/555 1249/1249/555
f 1249/1249/556 1252/1252/556 1235/1235/556 1232/1232/556
f 1250/1250/557 1249/1249/557 1232/1232/557 1231/1231/557
f 1251/1251/536 1253/1253/536 1254/1254/536 1252/1252/536
f 1253/1253/537 1255/1255/537 1256/1256/537 1254/1254/537
f 1254/1254/537 1256/1256/537 1239/1239/537 1237/1237/537
f 1252/1252/536 1254/1254/536 1237/1237/536 1235/1235/536
f 1255/1255/558 1257/1257/558 1258/1258/558 1256/1256/558
f 1257/1257/553 1259/1259/553 1260/1260/553 1258/1258/553
f 1258/1258/559 1260/1260/559 1243/1243/559 1241/1241/559
f 1256/1256/540 1258/1258/540 1241/1241/540 1239/1239/540
f 1259/1259/554 1261/1261/554 1262/1262/554 1260/1260/554
f 1261/1261/560 1247/1247/560 1250/1250/560 1262/1262/560
f 1262/1262/542 1250/1250/542 1231/1231/542 1245/1245/542
f 1260/1260/541 1262/1262/541 1245/1245/541 1243/1243/541
f 1263/1263/557 1264/1264/557 1265/1265/557 1266/1266/557
f 1264/1264/555 1267/1267/555 1268/1268/555 1265/1265/555
f 1265/1265/561 1268/1268/561 1251/1251/561 1248/1248/561
f 1266/1266/551 1265/1265/551 1248/1248/551 1247/1247/551
f 1267/1267/562 1269/1269/562 1270/1270/562 1268/1268/562
f 1269/1269/537 1271/1271/537 1272/1272/537 1270/1270/537
f 1270/1270/522 1272/1272/522 1255/1255/522 1253/1253/522
f 1268/1268/536 1270/1270/536 1253/1253/536 1251/1251/536
f 1271/1271/563 1273/1273/563 1274/1274/563 1272/1272/563
f 1273/1273/564 1275/1275/564 1276/1276/564 1274/1274/564
f 1274/1274/547 1276/1276/547 1259/1259/547 1257/1257/547
f 1272/1272/565 1274/1274/565 1257/1257/565 1255/1255/565
f 1275/1275/549 1277/1277/549 1278/1278/549 1276/1276/549
f 1277/1277/542 1263/1263/542 1266/1266/542 1278/1278/542
f 1278/1278/566 1266/1266/566 1247/1247/566 1261/1261/566
f 1276/1276/554 1278/1278/554 1261/1261/554 1259/1259/554
f 1279/1279/567 1280/1280/567 1281/1281/567 1282/1282/567
f 1280/1280/568 1283/1283/568 1284/1284/568 1281/1281/568
f 1281/1281/561 1284/1284/561 1267/1267/561 1264/1264/561
f 1282/1282/551 1281/1281/551 1264/1264/551 1263/1263/551
f 1283/1283/536 1285/1285/536 1286/1286/536 1284/1284/536
f 1285/1285/537 1287/1287/537 1288/1288/537 1286/1286/537
f 1286/1286/522 1288/1288/522 1271/1271/522 1269/1269/522
f 1284/1284/536 1286/1286/536 1269/1269/536 1267/1267/536
f 1287/1287/540 1289/1289/540 1290/1290/540 1288/1288/540
f 1289/1289/552 1291/1291/552 1292/1292/552 1290/1290/552
f 1290/1290/552 1292/1292/552 1275/1275/552 1273/1273/552
f 1288/1288/540 1290/1290/540 1273/1273/540 1271/1271/540
f 1291/1291/569 1293/1293/569 1294/1294/569 1292/1292/569
f 1293/1293/542 1279/1279/542 1282/1282/542 1294/1294/542
f 1294/1294/542 1282/1282/542 1263/1263/542 1277/1277/542
f 1292/1292/541 1294/1294/541 1277/1277/541 1275/1275/541
f 1295/1295/557 1296/1296/557 1297/1297/557 1298/1298/557
f 1296/1296/561 1299/1299/561 1300/1300/561 1297/1297/561
f 1297/1297/534 1300/1300/534 1283/1283/534 1280/1280/534
f 1298/1298/544 1297/1297/544 1280/1280/544 1279/1279/544
f 1299/1299/545 1301/1301/545 1302/1302/545 1300/1300/545
f 1301/1301/537 1303/1303/537 1304/1304/537 1302/1302/537
f 1302/1302/537 1304/1304/537 1287/1287/537 1285/1285/537
f 1300/1300/545 1302/1302/545 1285/1285/545 1283/1283/545
f 1303/1303/540 1305/1305/540 1306/1306/540 1304/1304/540
f 1305/1305/539 1307/1307/539 1308/1308/539 1306/1306/539
f 1306/1306/553 1308/1308/553 1291/1291/553 1289/1289/553
f 1304/1304/540 1306/1306/540 1289/1289/540 1287/1287/540
f 1307/1307/541 1309/1309/541 1310/1310/541 1308/1308/541
f 1309/1309/542 1295/1295/542 1298/1298/542 1310/1310/542
f 1310/1310/542 1298/1298/542 1279/1279/542 1293/1293/542
f 1308/1308/569 1310/1310/569 1293/1293/569 1291/1291/569
f 1311/1311/557 1312/1312/557 1313/1313/557 1314/1314/557
f 1312/1312/570 1315/1315/570 1316/1316/570 1313/1313/570
f 1313/1313/534 1316/1316/534 1299/1299/534 1296/1296/534
f 1314/1314/557 1313/1313/557 1296/1296/557 1295/1295/557
f 1315/1315/536 1317/1317/536 1318/1318/536 1316/1316/536
f 1317/1317/537 1319/1319/537 1320/1320/537 1318/1318/537
f 1318/1318/537 1320/1320/537 1303/1303/537 1301/1301/537
f 1316/1316/571 1318/1318/571 1301/1301/571 1299/1299/571
f 1319/1319/540 1321/1321/540 1322/1322/540 1320/1320/540
f 1321/1321/552 1323/1323/552 1324/1324/552 1322/1322/552
f 1322/1322/552 1324/1324/552 1307/1307/552 1305/1305/552
f 1320/1320/572 1322/1322/572 1305/1305/572 1303/1303/572
f 1323/1323/541 1325/1325/541 1326/1326/541 1324/1324/541
f 1325/1325/542 1311/1311/542 1314/1314/542 1326/1326/542
f 1326/1326/542 1314/1314/542 1295/1295/542 1309/1309/542
f 1324/1324/549 1326/1326/549 1309/1309/549 1307/1307/549
f 1327/1327/557 1328/1328/557 1329/1329/557 1330/1330/557
f 1328/1328/556 1331/1331/556 1332/1332/556 1329/1329/556
f 1329/1329/534 1332/1332/534 1315/1315/534 1312/1312/534
f 1330/1330/551 1329/1329/551 1312/1312/551 1311/1311/551
f 1331/1331/562 1333/1333/562 1334/1334/562 1332/1332/562
f 1333/1333/522 1335/1335/522 1336/1336/522 1334/1334/522
f 1334/1334/537 1336/1336/537 1319/1319/537 1317/1317/537
f 1332/1332/573 1334/1334/573 1317/1317/573 1315/1315/573
f 1335/1335/540 1337/1337/540 1338/1338/540 1336/1336/540
f 1337/1337/559 1339/1339/559 1340/1340/559 1338/1338/559
f 1338/1338/552 1340/1340/552 1323/1323/552 1321/1321/552
f 1336/1336/540 1338/1338/540 1321/1321/540 1319/1319/540
f 1339/1339/541 1341/1341/541 1342/1342/541 1340/1340/541
f 1341/1341/560 1327/1327/560 1330/1330/560 1342/1342/560
f 1342/1342/542 1330/1330/542 1311/1311/542 1325/1325/542
f 1340/1340/549 1342/1342/549 1325/1325/549 1323/1323/549
f 1343/1343/567 1344/1344/567 1345/1345/567 1346/1346/567
f 1344/1344/570 1347/1347/570 1348/1348/570 1345/1345/570
f 1345/1345/570 1348/1348/570 1331/1331/570 1328/1328/570
f 1346/1346/544 1345/1345/544 1328/1328/544 1327/1327/544
f 1347/1347/571 1349/1349/571 1350/1350/571 1348/1348/571
f 1349/1349/537 1351/1351/537 1352/1352/537 1350/1350/537
f 1350/1350/537 1352/1352/537 1335/1335/537 1333/1333/537
f 1348/1348/536 1350/1350/536 1333/1333/536 1331/1331/536
f 1351/1351/574 1353/1353/574 1354/1354/574 1352/1352/574
f 1353/1353/552 1355/1355/552 1356/1356/552 1354/1354/552
f 1354/1354/553 1356/1356/553 1339/1339/553 1337/1337/553
f 1352/1352/538 1354/1354/538 1337/1337/538 1335/1335/538
f 1355/1355/549 1357/1357/549 1358/1358/549 1356/1356/549
f 1357/1357/566 1343/1343/566 1346/1346/566 1358/1358/566
f 1358/1358/560 1346/1346/560 1327/1327/560 1341/1341/560
f 1356/1356/541 1358/1358/541 1341/1341/541 1339/1339/541
f 1359/1359/575 1360/1360/575 1361/1361/575 1362/1362/575
f 1360/1360/576 1363/1363/576 1364/1364/576 1361/1361/576
f 1361/1361/577 1364/1364/577 1347/1347/577 1344/1344/577
f 1362/1362/578 1361/1361/578 1344/1344/578 1343/1343/578
f 1363/1363/579 1365/1365/579 1366/1366/579 1364/1364/579
f 1365/1365/580 1367/1367/580 1368/1368/580 1366/1366/580
f 1366/1366/581 1368/1368/581 1351/1351/581 1349/1349/581
f 1364/1364/582 1366/1366/582 1349/1349/582 1347/1347/582
f 1367/1367/583 1369/1369/583 1370/1370/583 1368/1368/583
f 1369/1369/584 1371/1371/584 1372/1372/584 1370/1370/584
f 1370/1370/585 1372/1372/585 1355/1355/585 1353/1353/585
f 1368/1368/586 1370/1370/586 1353/1353/586 1351/1351/586
f 1371/1371/587 1373/1373/587 1374/1374/587 1372/1372/587
f 1373/1373/588 1359/1359/588 1362/1362/588 1374/1374/588
f 1374/1374/566 1362/1362/566 1343/1343/566 1357/1357/566
f 1372/1372/589 1374/1374/589 1357/1357/589 1355/1355/589
f 1375/1375/590 1376/1376/590 1377/1377/590 1378/1378/590
f 1376/1376/591 1379/1379/591 1380/1380/591 1377/1377/591
f 1377/1377/592 1380/1380/592 1363/1363/592 1360/1360/592
f 1378/1378/593 1377/1377/593 1360/1360/593 1359/1359/593
f 1379/1379/594 1381/1381/594 1382/1382/594 1380/1380/594
f 1381/1381/595 1383/1383/595 1384/1384/595 1382/1382/595
f 1382/1382/596 1384/1384/596 1367/1367/596 1365/1365/596
f 1380/1380/597 1382/1382/597 1365/1365/597 1363/1363/597
f 1383/1383/598 1385/1385/598 1386/1386/598 1384/1384/598
f 1385/1385/599 1387/1387/599 1388/1388/599 1386/1386/599
f 1386/1386/600 1388/1388/600 1371/1371/600 1369/1369/600
f 1384/1384/601 1386/1386/601 1369/1369/601 1367/1367/601
f 1387/1387/602 1389/1389/602 1390/1390/602 1388/1388/602
f 1389/1389/603 1375/1375/603 1378/1378/603 1390/1390/603
f 1390/1390/604 1378/1378/604 1359/1359/604 1373/1373/604
f 1388/1388/605 1390/1390/605 1373/1373/605 1371/1371/605
f 1391/1391/606 1392/1392/606 1393/1393/606 1394/1394/606
f 1392/1392/607 1395/1395/607 1396/1396/607 1393/1393/607
f 1393/1393/608 1396/1396/608 1397/1397/608 1398/1398/608
f 1394/1394/609 1393/1393/609 1398/1398/609 1399/1399/609
f 1395/1395/610 1400/1400/610 1401/1401/610 1396/1396/610
f 1400/1400/611 1402/1402/611 1403/1403/611 1401/1401/611
f 1401/1401/612 1403/1403/612 1404/1404/612 1405/1405/612
f 1396/1396/613 1401/1401/613 1405/1405/613 1397/1397/613
f 1402/1402/614 1406/1406/614 1407/1407/614 1403/1403/614
f 1406/1406/615 1408/1408/615 1409/1409/615 1407/1407/615
f 1407/1407/616 1409/1409/616 1410/1410/616 1411/1411/616
f 1403/1403/617 1407/1407/617 1411/1411/617 1404/1404/617
f 1408/1408/618 1412/1412/618 1413/1413/618 1409/1409/618
f 1412/1412/619 1391/1391/619 1394/1394/619 1413/1413/619
f 1413/1413/620 1394/1394/620 1399/1399/620 1414/1414/620
f 1409/1409/621 1413/1413/621 1414/1414/621 1410/1410/621
f 1415/1415/622 1416/1416/622 1417/1417/622 1418/1418/622
f 1416/1416/623 1419/1419/623 1420/1420/623 1417/1417/623
f 1417/1417/624 1420/1420/624 1395/1395/624 1392/1392/624
f 1418/1418/625 1417/1417/625 1392/1392/625 1391/1391/625
f 1419/1419/626 1421/1421/626 1422/1422/626 1420/1420/626
f 1421/1421/627 1423/1423/627 1424/1424/627 1422/1422/627
f 1422/1422/628 1424/1424/628 1402/1402/628 1400/1400/628
f 1420/1420/629 1422/1422/629 1400/1400/629 1395/1395/629
f 1423/1423/630 1425/1425/630 1426/1426/630 1424/1424/630
f 1425/1425/631 1427/1427/631 1428/1428/631 1426/1426/631
f 1426/1426/632 1428/1428/632 1408/1408/632 1406/1406/632
f 1424/1424/633 1426/1426/633 1406/1406/633 1402/1402/633
f 1427/1427/634 1429/1429/634 1430/1430/634 1428/1428/634
f 1429/1429/635 1415/1415/635 1418/1418/635 1430/1430/635
f 1430/1430/636 1418/1418/636 1391/1391/636 1412/1412/636
f 1428/1428/637 1430/1430/637 1412/1412/637 1408/1408/637
f 1431/1431/638 1432/1432/638 1433/1433/638 1434/1434/638
f 1432/1432/639 1435/1435/639 1436/1436/639 1433/1433/639
f 1433/1433/640 1436/1436/640 1419/1419/640 1416/1416/640
f 1434/1434/641 1433/1433/641 1416/1416/641 1415/1415/641
f 1435/1435/642 1437/1437/642 1438/1438/642 1436/1436/642
f 1437/1437/643 1439/1439/643 1440/1440/643 1438/1438/643
f 1438/1438/644 1440/1440/644 1423/1423/644 1421/1421/644
f 1436/1436/645 1438/1438/645 1421/1421/645 1419/1419/645
f 1439/1439/646 1441/1441/646 1442/1442/646 1440/1440/646
f 1441/1441/647 1443/1443/647 1444/1444/647 1442/1442/647
f 1442/1442/648 1444/1444/648 1427/1427/648 1425/1425/648
f 1440/1440/649 1442/1442/649 1425/1425/649 1423/1423/649
f 1443/1443/634 1445/1445/634 1446/1446/634 1444/1444/634
f 1445/1445/650 1431/1431/650 1434/1434/650 1446/1446/650
f 1446/1446/650 1434/1434/650 1415/1415/650 1429/1429/650
f 1444/1444/634 1446/1446/634 1429/1429/634 1427/1427/634
f 1447/1447/651 1448/1448/651 1449/1449/651 1450/1450/651
f 1448/1448/652 1451/1451/652 1452/1452/652 1449/1449/652
f 1449/1449/652 1452/1452/652 1435/1435/652 1432/1432/652
f 1450/1450/653 1449/1449/653 1432/1432/653 1431/1431/653
f 1451/1451/642 1453/1453/642 1454/1454/642 1452/1452/642
f 1453/1453/643 1455/1455/643 1456/1456/643 1454/1454/643
f 1454/1454/627 1456/1456/627 1439/1439/627 1437/1437/627
f 1452/1452/642 1454/1454/642 1437/1437/642 1435/1435/642
f 1455/1455/654 1457/1457/654 1458/1458/654 1456/1456/654
f 1457/1457/631 1459/1459/631 1460/1460/631 1458/1458/631
f 1458/1458/655 1460/1460/655 1443/1443/655 1441/1441/655
f 1456/1456/654 1458/1458/654 1441/1441/654 1439/1439/654
f 1459/1459/634 1461/1461/634 1462/1462/634 1460/1460/634
f 1461/1461/650 1447/1447/650 1450/1450/650 1462/1462/650
f 1462/1462/650 1450/1450/650 1431/1431/650 1445/1445/650
f 1460/1460/656 1462/1462/656 1445/1445/656 1443/1443/656
f 1463/1463/653 1464/1464/653 1465/1465/653 1466/1466/653
f 1464/1464/657 1467/1467/657 1468/1468/657 1465/1465/657
f 1465/1465/640 1468/1468/640 1451/1451/640 1448/1448/640
f 1466/1466/651 1465/1465/651 1448/1448/651 1447/1447/651
f 1467/1467/642 1469/1469/642 1470/1470/642 1468/1468/642
f 1469/1469/644 1471/1471/644 1472/1472/644 1470/1470/644
f 1470/1470/644 1472/1472/644 1455/1455/644 1453/1453/644
f 1468/1468/642 1470/1470/642 1453/1453/642 1451/1451/642
f 1471/1471/658 1473/1473/658 1474/1474/658 1472/1472/658
f 1473/1473/648 1475/1475/648 1476/1476/648 1474/1474/648
f 1474/1474/648 1476/1476/648 1459/1459/648 1457/1457/648
f 1472/1472/659 1474/1474/659 1457/1457/659 1455/1455/659
f 1475/1475/656 1477/1477/656 1478/1478/656 1476/1476/656
f 1477/1477/650 1463/1463/650 1466/1466/650 1478/1478/650
f 1478/1478/650 1466/1466/650 1447/1447/650 1461/1461/650
f 1476/1476/634 1478/1478/634 1461/1461/634 1459/1459/634
f 1479/1479/660 1480/1480/660 1481/1481/660 1482/1482/660
f 1480/1480/657 1483/1483/657 1484/1484/657 1481/1481/657
f 1481/1481/652 1484/1484/652 1467/1467/652 1464/1464/652
f 1482/1482/653 1481/1481/653 1464/1464/653 1463/1463/653
f 1483/1483/642 1485/1485/642 1486/1486/642 1484/1484/642
f 1485/1485/644 1487/1487/644 1488/1488/644 1486/1486/644
f 1486/1486/644 1488/1488/644 1471/1471/644 1469/1469/644
f 1484/1484/642 1486/1486/642 1469/1469/642 1467/1467/642
f 1487/1487/649 1489/1489/649 1490/1490/649 1488/1488/649
f 1489/1489/661 1491/1491/661 1492/1492/661 1490/1490/661
f 1490/1490/662 1492/1492/662 1475/1475/662 1473/1473/662
f 1488/1488/659 1490/1490/659 1473/1473/659 1471/1471/659
f 1491/1491/656 1493/1493/656 1494/1494/656 1492/1492/656
f 1493/1493/663 1479/1479/663 1482/1482/663 1494/1494/663
f 1494/1494/663 1482/1482/663 1463/1463/663 1477/1477/663
f 1492/1492/634 1494/1494/634 1477/1477/634 1475/1475/634
f 1495/1495/664 1496/1496/664 1497/1497/664 1498/1498/664
f 1496/1496/665 1499/1499/665 1500/1500/665 1497/1497/665
f 1497/1497/657 1500/1500/657 1483/1483/657 1480/1480/657
f 1498/1498/653 1497/1497/653 1480/1480/653 1479/1479/653
f 1499/1499/645 1501/1501/645 1502/1502/645 1500/1500/645
f 1501/1501/644 1503/1503/644 1504/1504/644 1502/1502/644
f 1502/1502/644 1504/1504/644 1487/1487/644 1485/1485/644
f 1500/1500/642 1502/1502/642 1485/1485/642 1483/1483/642
f 1503/1503/649 1505/1505/649 1506/1506/649 1504/1504/649
f 1505/1505/666 1507/1507/666 1508/1508/666 1506/1506/666
f 1506/1506/648 1508/1508/648 1491/1491/648 1489/1489/648
f 1504/1504/649 1506/1506/649 1489/1489/649 1487/1487/649
f 1507/1507/656 1509/1509/656 1510/1510/656 1508/1508/656
f 1509/1509/650 1495/1495/650 1498/1498/650 1510/1510/650
f 1510/1510/663 1498/1498/663 1479/1479/663 1493/1493/663
f 1508/1508/634 1510/1510/634 1493/1493/634 1491/1491/634
f 1511/1511/638 1512/1512/638 1513/1513/638 1514/1514/638
f 1512/1512/639 1515/1515/639 1516/1516/639 1513/1513/639
f 1513/1513/640 1516/1516/640 1499/1499/640 1496/1496/640
f 1514/1514/638 1513/1513/638 1496/1496/638 1495/1495/638
f 1515/1515/642 1517/1517/642 1518/1518/642 1516/1516/642
f 1517/1517/644 1519/1519/644 1520/1520/644 1518/1518/644
f 1518/1518/644 1520/1520/644 1503/1503/644 1501/1501/644
f 1516/1516/642 1518/1518/642 1501/1501/642 1499/1499/642
f 1519/1519/658 1521/1521/658 1522/1522/658 1520/1520/658
f 1521/1521/631 1523/1523/631 1524/1524/631 1522/1522/631
f 1522/1522/666 1524/1524/666 1507/1507/666 1505/1505/666
f 1520/1520/659 1522/1522/659 1505/1505/659 1503/1503/659
f 1523/1523/656 1525/1525/656 1526/1526/656 1524/1524/656
f 1525/1525/663 1511/1511/663 1514/1514/663 1526/1526/663
f 1526/1526/663 1514/1514/663 1495/1495/663 1509/1509/663
f 1524/1524/634 1526/1526/634 1509/1509/634 1507/1507/634
f 1527/1527/638 1528/1528/638 1529/1529/638 1530/1530/638
f 1528/1528/640 1531/1531/640 1532/1532/640 1529/1529/640
f 1529/1529/667 1532/1532/667 1515/1515/667 1512/1512/667
f 1530/1530/641 1529/1529/641 1512/1512/641 1511/1511/641
f 1531/1531/642 1533/1533/642 1534/1534/642 1532/1532/642
f 1533/1533/644 1535/1535/644 1536/1536/644 1534/1534/644
f 1534/1534/643 1536/1536/643 1519/1519/643 1517/1517/643
f 1532/1532/645 1534/1534/645 1517/1517/645 1515/1515/645
f 1535/1535/658 1537/1537/658 1538/1538/658 1536/1536/658
f 1537/1537/668 1539/1539/668 1540/1540/668 1538/1538/668
f 1538/1538/661 1540/1540/661 1523/1523/661 1521/1521/661
f 1536/1536/658 1538/1538/658 1521/1521/658 1519/1519/658
f 1539/1539/634 1541/1541/634 1542/1542/634 1540/1540/634
f 1541/1541/650 1527/1527/650 1530/1530/650 1542/1542/650
f 1542/1542/650 1530/1530/650 1511/1511/650 1525/1525/650
f 1540/1540/656 1542/1542/656 1525/1525/656 1523/1523/656
f 1543/1543/669 1544/1544/669 1545/1545/669 1546/1546/669
f 1544/1544/670 1547/1547/670 1548/1548/670 1545/1545/670
f 1545/1545/671 1548/1548/671 1531/1531/671 1528/1528/671
f 1546/1546/672 1545/1545/672 1528/1528/672 1527/1527/672
f 1547/1547/673 1549/1549/673 1550/1550/673 1548/1548/673
f 1549/1549/674 1551/1551/674 1552/1552/674 1550/1550/674
f 1550/1550/675 1552/1552/675 1535/1535/675 1533/1533/675
f 1548/1548/676 1550/1550/676 1533/1533/676 1531/1531/676
f 1551/1551/677 1553/1553/677 1554/1554/677 1552/1552/677
f 1553/1553/678 1555/1555/678 1556/1556/678 1554/1554/678
f 1554/1554/679 1556/1556/679 1539/1539/679 1537/1537/679
f 1552/1552/680 1554/1554/680 1537/1537/680 1535/1535/680
f 1555/1555/681 1557/1557/681 1558/1558/681 1556/1556/681
f 1557/1557/682 1543/1543/682 1546/1546/682 1558/1558/682
f 1558/1558/683 1546/1546/683 1527/1527/683 1541/1541/683
f 1556/1556/684 1558/1558/684 1541/1541/684 1539/1539/684
f 1167/1167/685 1166/1166/685 1559/1559/685 1560/1560/685
f 1166/1166/686 1165/1165/686 1561/1561/686 1559/1559/686
f 1559/1559/687 1561/1561/687 1547/1547/687 1544/1544/687
f 1560/1560/688 1559/1559/688 1544/1544/688 1543/1543/688
f 1165/1165/689 1173/1173/689 1562/1562/689 1561/1561/689
f 1173/1173/690 1172/1172/690 1563/1563/690 1562/1562/690
f 1562/1562/691 1563/1563/691 1551/1551/691 1549/1549/691
f 1561/1561/692 1562/1562/692 1549/1549/692 1547/1547/692
f 1172/1172/693 1179/1179/693 1564/1564/693 1563/1563/693
f 1179/1179/694 1178/1178/694 1565/1565/694 1564/1564/694
f 1564/1564/695 1565/1565/695 1555/1555/695 1553/1553/695
f 1563/1563/696 1564/1564/696 1553/1553/696 1551/1551/696
f 1178/1178/697 1182/1182/697 1566/1566/697 1565/1565/697
f 1182/1182/698 1167/1167/698 1560/1560/698 1566/1566/698
f 1566/1566/699 1560/1560/699 1543/1543/699 1557/1557/699
f 1565/1565/700 1566/1566/700 1557/1557/700 1555/1555/700
f 1567/1567/701 1568/1568/701 1569/1569/701 1570/1570/701
f 1568/1568/702 1571/1571/702 1572/1572/702 1569/1569/702
f 1569/1569/703 1572/1572/703 1573/1573/703 1574/1574/703
f 1570/1570/704 1569/1569/704 1574/1574/704 1575/1575/704
f 1571/1571/705 1576/1576/705 1577/1577/705 1572/1572/705
f 1576/1576/706 1578/1578/706 1579/1579/706 1577/1577/706
f 1577/1577/707 1579/1579/707 1580/1580/707 1581/1581/707
f 1572/1572/708 1577/1577/708 1581/1581/708 1573/1573/708
f 1578/1578/709 1582/1582/709 1583/1583/709 1579/1579/709
f 1582/1582/710 1584/1584/710 1585/1585/710 1583/1583/710
f 1583/1583/711 1585/1585/711 1586/1586/711 1587/1587/711
f 1579/1579/712 1583/1583/712 1587/1587/712 1580/1580/712
f 1584/1584/713 1588/1588/713 1589/1589/713 1585/1585/713
f 1588/1588/714 1567/1567/714 1570/1570/714 1589/1589/714
f 1589/1589/715 1570/1570/715 1575/1575/715 1590/1590/715
f 1585/1585/716 1589/1589/716 1590/1590/716 1586/1586/716
f 1591/1591/717 1592/1592/717 1593/1593/717 1594/1594/717
f 1592/1592/718 1595/1595/718 1596/1596/718 1593/1593/718
f 1593/1593/719 1596/1596/719 1571/1571/719 1568/1568/719
f 1594/1594/717 1593/1593/717 1568/1568/717 1567/1567/717
f 1595/1595/720 1597/1597/720 1598/1598/720 1596/1596/720
f 1597/1597/721 1599/1599/721 1600/1600/721 1598/1598/721
f 1598/1598/721 1600/1600/721 1578/1578/721 1576/1576/721
f 1596/1596/720 1598/1598/720 1576/1576/720 1571/1571/720
f 1599/1599/722 1601/1601/722 1602/1602/722 1600/1600/722
f 1601/1601/723 1603/1603/723 1604/1604/723 1602/1602/723
f 1602/1602/723 1604/1604/723 1584/1584/723 1582/1582/723
f 1600/1600/724 1602/1602/724 1582/1582/724 1578/1578/724
f 1603/1603/725 1605/1605/725 1606/1606/725 1604/1604/725
f 1605/1605/726 1591/1591/726 1594/1594/726 1606/1606/726
f 1606/1606/726 1594/1594/726 1567/1567/726 1588/1588/726
f 1604/1604/725 1606/1606/725 1588/1588/725 1584/1584/725
f 1607/1607/717 1608/1608/717 1609/1609/717 1610/1610/717
f 1608/1608/719 1611/1611/719 1612/1612/719 1609/1609/719
f 1609/1609/719 1612/1612/719 1595/1595/719 1592/1592/719
f 1610/1610/717 1609/1609/717 1592/1592/717 1591/1591/717
f 1611/1611/720 1613/1613/720 1614/1614/720 1612/1612/720
f 1613/1613/721 1615/1615/721 1616/1616/721 1614/1614/721
f 1614/1614/721 1616/1616/721 1599/1599/721 1597/1597/721
f 1612/1612/720 1614/1614/720 1597/1597/720 1595/1595/720
f 1615/1615/727 1617/1617/727 1618/1618/727 1616/1616/727
f 1617/1617/728 1619/1619/728 1620/1620/728 1618/1618/728
f 1618/1618/723 1620/1620/723 1603/1603/723 1601/1601/723
f 1616/1616/727 1618/1618/727 1601/1601/727 1599/1599/727
f 1619/1619/725 1621/1621/725 1622/1622/725 1620/1620/725
f 1621/1621/726 1607/1607/726 1610/1610/726 1622/1622/726
f 1622/1622/729 1610/1610/729 1591/1591/729 1605/1605/729
f 1620/1620/730 1622/1622/730 1605/1605/730 1603/1603/730
f 1623/1623/717 1624/1624/717 1625/1625/717 1626/1626/717
f 1624/1624/731 1627/1627/731 1628/1628/731 1625/1625/731
f 1625/1625/732 1628/1628/732 1611/1611/732 1608/1608/732
f 1626/1626/717 1625/1625/717 1608/1608/717 1607/1607/717
f 1627/1627/720 1629/1629/720 1630/1630/720 1628/1628/720
f 1629/1629/721 1631/1631/721 1632/1632/721 1630/1630/721
f 1630/1630/721 1632/1632/721 1615/1615/721 1613/1613/721
f 1628/1628/733 1630/1630/733 1613/1613/733 1611/1611/733
f 1631/1631/727 1633/1633/727 1634/1634/727 1632/1632/727
f 1633/1633/728 1635/1635/728 1636/1636/728 1634/1634/728
f 1634/1634/734 1636/1636/734 1619/1619/734 1617/1617/734
f 1632/1632/727 1634/1634/727 1617/1617/727 1615/1615/727
f 1635/1635/725 1637/1637/725 1638/1638/725 1636/1636/725
f 1637/1637/726 1623/1623/726 1626/1626/726 1638/1638/726
f 1638/1638/729 1626/1626/729 1607/1607/729 1621/1621/729
f 1636/1636/725 1638/1638/725 1621/1621/725 1619/1619/725
f 1639/1639/735 1640/1640/735 1641/1641/735 1642/1642/735
f 1640/1640/719 1643/1643/719 1644/1644/719 1641/1641/719
f 1641/1641/718 1644/1644/718 1627/1627/718 1624/1624/718
f 1642/1642/717 1641/1641/717 1624/1624/717 1623/1623/717
f 1643/1643/720 1645/1645/720 1646/1646/720 1644/1644/720
f 1645/1645/721 1647/1647/721 1648/1648/721 1646/1646/721
f 1646/1646/721 1648/1648/721 1631/1631/721 1629/1629/721
f 1644/1644/736 1646/1646/736 1629/1629/736 1627/1627/736
f 1647/1647/727 1649/1649/727 1650/1650/727 1648/1648/727
f 1649/1649/728 1651/1651/728 1652/1652/728 1650/1650/728
f 1650/1650/728 1652/1652/728 1635/1635/728 1633/1633/728
f 1648/1648/737 1650/1650/737 1633/1633/737 1631/1631/737
f 1651/1651/725 1653/1653/725 1654/1654/725 1652/1652/725
f 1653/1653/726 1639/1639/726 1642/1642/726 1654/1654/726
f 1654/1654/729 1642/1642/729 1623/1623/729 1637/1637/729
f 1652/1652/725 1654/1654/725 1637/1637/725 1635/1635/725
f 1655/1655/735 1656/1656/735 1657/1657/735 1658/1658/735
f 1656/1656/738 1659/1659/738 1660/1660/738 1657/1657/738
f 1657/1657/718 1660/1660/718 1643/1643/718 1640/1640/718
f 1658/1658/739 1657/1657/739 1640/1640/739 1639/1639/739
f 1659/1659/720 1661/1661/720 1662/1662/720 1660/1660/720
f 1661/1661/721 1663/1663/721 1664/1664/721 1662/1662/721
f 1662/1662/721 1664/1664/721 1647/1647/721 1645/1645/721
f 1660/1660/736 1662/1662/736 1645/1645/736 1643/1643/736
f 1663/1663/722 1665/1665/722 1666/1666/722 1664/1664/722
f 1665/1665/740 1667/1667/740 1668/1668/740 1666/1666/740
f 1666/1666/741 1668/1668/741 1651/1651/741 1649/1649/741
f 1664/1664/742 1666/1666/742 1649/1649/742 1647/1647/742
f 1667/1667/730 1669/1669/730 1670/1670/730 1668/1668/730
f 1669/1669/726 1655/1655/726 1658/1658/726 1670/1670/726
f 1670/1670/729 1658/1658/729 1639/1639/729 1653/1653/729
f 1668/1668/725 1670/1670/725 1653/1653/725 1651/1651/725
f 1671/1671/743 1672/1672/743 1673/1673/743 1674/1674/743
f 1672/1672/719 1675/1675/719 1676/1676/719 1673/1673/719
f 1673/1673/738 1676/1676/738 1659/1659/738 1656/1656/738
f 1674/1674/744 1673/1673/744 1656/1656/744 1655/1655/744
f 1675/1675/720 1677/1677/720 1678/1678/720 1676/1676/720
f 1677/1677/721 1679/1679/721 1680/1680/721 1678/1678/721
f 1678/1678/745 1680/1680/745 1663/1663/745 1661/1661/745
f 1676/1676/746 1678/1678/746 1661/1661/746 1659/1659/746
f 1679/1679/722 1681/1681/722 1682/1682/722 1680/1680/722
f 1681/1681/723 1683/1683/723 1684/1684/723 1682/1682/723
f 1682/1682/723 1684/1684/723 1667/1667/723 1665/1665/723
f 1680/1680/722 1682/1682/722 1665/1665/722 1663/1663/722
f 1683/1683/725 1685/1685/725 1686/1686/725 1684/1684/725
f 1685/1685/729 1671/1671/729 1674/1674/729 1686/1686/729
f 1686/1686/726 1674/1674/726 1655/1655/726 1669/1669/726
f 1684/1684/725 1686/1686/725 1669/1669/725 1667/1667/725
f 1687/1687/747 1688/1688/747 1689/1689/747 1690/1690/747
f 1688/1688/748 1691/1691/748 1692/1692/748 1689/1689/748
f 1689/1689/732 1692/1692/732 1675/1675/732 1672/1672/732
f 1690/1690/749 1689/1689/749 1672/1672/749 1671/1671/749
f 1691/1691/750 1693/1693/750 1694/1694/750 1692/1692/750
f 1693/1693/751 1695/1695/751 1696/1696/751 1694/1694/751
f 1694/1694/752 1696/1696/752 1679/1679/752 1677/1677/752
f 1692/1692/720 1694/1694/720 1677/1677/720 1675/1675/720
f 1695/1695/753 1697/1697/753 1698/1698/753 1696/1696/753
f 1697/1697/754 1699/1699/754 1700/1700/754 1698/1698/754
f 1698/1698/755 1700/1700/755 1683/1683/755 1681/1681/755
f 1696/1696/756 1698/1698/756 1681/1681/756 1679/1679/756
f 1699/1699/757 1701/1701/757 1702/1702/757 1700/1700/757
f 1701/1701/758 1687/1687/758 1690/1690/758 1702/1702/758
f 1702/1702/729 1690/1690/729 1671/1671/729 1685/1685/729
f 1700/1700/759 1702/1702/759 1685/1685/759 1683/1683/759
f 1399/1399/760 1398/1398/760 1703/1703/760 1704/1704/760
f 1398/1398/761 1397/1397/761 1705/1705/761 1703/1703/761
f 1703/1703/762 1705/1705/762 1691/1691/762 1688/1688/762
f 1704/1704/763 1703/1703/763 1688/1688/763 1687/1687/763
f 1397/1397/764 1405/1405/764 1706/1706/764 1705/1705/764
f 1405/1405/765 1404/1404/765 1707/1707/765 1706/1706/765
f 1706/1706/766 1707/1707/766 1695/1695/766 1693/1693/766
f 1705/1705/767 1706/1706/767 1693/1693/767 1691/1691/767
f 1404/1404/768 1411/1411/768 1708/1708/768 1707/1707/768
f 1411/1411/769 1410/1410/769 1709/1709/769 1708/1708/769
f 1708/1708/770 1709/1709/770 1699/1699/770 1697/1697/770
f 1707/1707/771 1708/1708/771 1697/1697/771 1695/1695/771
f 1410/1410/772 1414/1414/772 1710/1710/772 1709/1709/772
f 1414/1414/773 1399/1399/773 1704/1704/773 1710/1710/773
f 1710/1710/774 1704/1704/774 1687/1687/774 1701/1701/774
f 1709/1709/775 1710/1710/775 1701/1701/775 1699/1699/775
f 1711/1711/776 1712/1712/776 1713/1713/776 1714/1714/776
f 1712/1712/777 1715/1715/777 1716/1716/777 1713/1713/777
f 1713/1713/778 1716/1716/778 1717/1717/778 1718/1718/778
f 1714/1714/779 1713/1713/779 1718/1718/779 1719/1719/779
f 1715/1715/780 1720/1720/780 1721/1721/780 1716/1716/780
f 1720/1720/781 1722/1722/781 1723/1723/781 1721/1721/781
f 1721/1721/782 1723/1723/782 1724/1724/782 1725/1725/782
f 1716/1716/783 1721/1721/783 1725/1725/783 1717/1717/783
f 1722/1722/784 1726/1726/784 1727/1727/784 1723/1723/784
f 1726/1726/785 1728/1728/785 1729/1729/785 1727/1727/785
f 1727/1727/786 1729/1729/786 1730/1730/786 1731/1731/786
f 1723/1723/787 1727/1727/787 1731/1731/787 1724/1724/787
f 1728/1728/788 1732/1732/788 1733/1733/788 1729/1729/788
f 1732/1732/789 1711/1711/789 1714/1714/789 1733/1733/789
f 1733/1733/790 1714/1714/790 1719/1719/790 1734/1734/790
f 1729/1729/791 1733/1733/791 1734/1734/791 1730/1730/791
f 1735/1735/792 1736/1736/792 1737/1737/792 1738/1738/792
f 1736/1736/793 1739/1739/793 1740/1740/793 1737/1737/793
f 1737/1737/794 1740/1740/794 1715/1715/794 1712/1712/794
f 1738/1738/795 1737/1737/795 1712/1712/795 1711/1711/795
f 1739/1739/796 1741/1741/796 1742/1742/796 1740/1740/796
f 1741/1741/797 1743/1743/797 1744/1744/797 1742/1742/797
f 1742/1742/798 1744/1744/798 1722/1722/798 1720/1720/798
f 1740/1740/796 1742/1742/796 1720/1720/796 1715/1715/796
f 1743/1743/799 1745/1745/799 1746/1746/799 1744/1744/799
f 1745/1745/800 1747/1747/800 1748/1748/800 1746/1746/800
f 1746/1746/800 1748/1748/800 1728/1728/800 1726/1726/800
f 1744/1744/799 1746/1746/799 1726/1726/799 1722/1722/799
f 1747/1747/801 1749/1749/801 1750/1750/801 1748/1748/801
f 1749/1749/802 1735/1735/802 1738/1738/802 1750/1750/802
f 1750/1750/802 1738/1738/802 1711/1711/802 1732/1732/802
f 1748/1748/801 1750/1750/801 1732/1732/801 1728/1728/801
f 1751/1751/803 1752/1752/803 1753/1753/803 1754/1754/803
f 1752/1752/794 1755/1755/794 1756/1756/794 1753/1753/794
f 1753/1753/794 1756/1756/794 1739/1739/794 1736/1736/794
f 1754/1754/792 1753/1753/792 1736/1736/792 1735/1735/792
f 1755/1755/796 1757/1757/796 1758/1758/796 1756/1756/796
f 1757/1757/804 1759/1759/804 1760/1760/804 1758/1758/804
f 1758/1758/804 1760/1760/804 1743/1743/804 1741/1741/804
f 1756/1756/796 1758/1758/796 1741/1741/796 1739/1739/796
f 1759/1759/805 1761/1761/805 1762/1762/805 1760/1760/805
f 1761/1761/806 1763/1763/806 1764/1764/806 1762/1762/806
f 1762/1762/800 1764/1764/800 1747/1747/800 1745/1745/800
f 1760/1760/807 1762/1762/807 1745/1745/807 1743/1743/807
f 1763/1763/801 1765/1765/801 1766/1766/801 1764/1764/801
f 1765/1765/808 1751/1751/808 1754/1754/808 1766/1766/808
f 1766/1766/809 1754/1754/809 1735/1735/809 1749/1749/809
f 1764/1764/810 1766/1766/810 1749/1749/810 1747/1747/810
f 1767/1767/792 1768/1768/792 1769/1769/792 1770/1770/792
f 1768/1768/794 1771/1771/794 1772/1772/794 1769/1769/794
f 1769/1769/793 1772/1772/793 1755/1755/793 1752/1752/793
f 1770/1770/792 1769/1769/792 1752/1752/792 1751/1751/792
f 1771/1771/796 1773/1773/796 1774/1774/796 1772/1772/796
f 1773/1773/797 1775/1775/797 1776/1776/797 1774/1774/797
f 1774/1774/798 1776/1776/798 1759/1759/798 1757/1757/798
f 1772/1772/796 1774/1774/796 1757/1757/796 1755/1755/796
f 1775/1775/799 1777/1777/799 1778/1778/799 1776/1776/799
f 1777/1777/800 1779/1779/800 1780/1780/800 1778/1778/800
f 1778/1778/800 1780/1780/800 1763/1763/800 1761/1761/800
f 1776/1776/799 1778/1778/799 1761/1761/799 1759/1759/799
f 1779/1779/801 1781/1781/801 1782/1782/801 1780/1780/801
f 1781/1781/808 1767/1767/808 1770/1770/808 1782/1782/808
f 1782/1782/802 1770/1770/802 1751/1751/802 1765/1765/802
f 1780/1780/810 1782/1782/810 1765/1765/810 1763/1763/810
f 1783/1783/792 1784/1784/792 1785/1785/792 1786/1786/792
f 1784/1784/793 1787/1787/793 1788/1788/793 1785/1785/793
f 1785/1785/793 1788/1788/793 1771/1771/793 1768/1768/793
f 1786/1786/792 1785/1785/792 1768/1768/792 1767/1767/792
f 1787/1787/796 1789/1789/796 1790/1790/796 1788/1788/796
f 1789/1789/804 1791/1791/804 1792/1792/804 1790/1790/804
f 1790/1790/798 1792/1792/798 1775/1775/798 1773/1773/798
f 1788/1788/796 1790/1790/796 1773/1773/796 1771/1771/796
f 1791/1791/805 1793/1793/805 1794/1794/805 1792/1792/805
f 1793/1793/806 1795/1795/806 1796/1796/806 1794/1794/806
f 1794/1794/800 1796/1796/800 1779/1779/800 1777/1777/800
f 1792/1792/799 1794/1794/799 1777/1777/799 1775/1775/799
f 1795/1795/801 1797/1797/801 1798/1798/801 1796/1796/801
f 1797/1797/802 1783/1783/802 1786/1786/802 1798/1798/802
f 1798/1798/808 1786/1786/808 1767/1767/808 1781/1781/808
f 1796/1796/801 1798/1798/801 1781/1781/801 1779/1779/801
f 1799/1799/803 1800/1800/803 1801/1801/803 1802/1802/803
f 1800/1800/794 1803/1803/794 1804/1804/794 1801/1801/794
f 1801/1801/794 1804/1804/794 1787/1787/794 1784/1784/794
f 1802/1802/803 1801/1801/803 1784/1784/803 1783/1783/803
f 1803/1803/796 1805/1805/796 1806/1806/796 1804/1804/796
f 1805/1805/797 1807/1807/797 1808/1808/797 1806/1806/797
f 1806/1806/804 1808/1808/804 1791/1791/804 1789/1789/804
f 1804/1804/796 1806/1806/796 1789/1789/796 1787/1787/796
f 1807/1807/799 1809/1809/799 1810/1810/799 1808/1808/799
f 1809/1809/800 1811/1811/800 1812/1812/800 1810/1810/800
f 1810/1810/800 1812/1812/800 1795/1795/800 1793/1793/800
f 1808/1808/799 1810/1810/799 1793/1793/799 1791/1791/799
f 1811/1811/810 1813/1813/810 1814/1814/810 1812/1812/810
f 1813/1813/802 1799/1799/802 1802/1802/802 1814/1814/802
f 1814/1814/802 1802/1802/802 1783/1783/802 1797/1797/802
f 1812/1812/801 1814/1814/801 1797/1797/801 1795/1795/801
f 1815/1815/792 1816/1816/792 1817/1817/792 1818/1818/792
f 1816/1816/793 1819/1819/793 1820/1820/793 1817/1817/793
f 1817/1817/794 1820/1820/794 1803/1803/794 1800/1800/794
f 1818/1818/803 1817/1817/803 1800/1800/803 1799/1799/803
f 1819/1819/796 1821/1821/796 1822/1822/796 1820/1820/796
f 1821/1821/797 1823/1823/797 1824/1824/797 1822/1822/797
f 1822/1822/804 1824/1824/804 1807/1807/804 1805/1805/804
f 1820/1820/796 1822/1822/796 1805/1805/796 1803/1803/796
f 1823/1823/805 1825/1825/805 1826/1826/805 1824/1824/805
f 1825/1825/800 1827/1827/800 1828/1828/800 1826/1826/800
f 1826/1826/806 1828/1828/806 1811/1811/806 1809/1809/806
f 1824/1824/799 1826/1826/799 1809/1809/799 1807/1807/799
f 1827/1827/801 1829/1829/801 1830/1830/801 1828/1828/801
f 1829/1829/808 1815/1815/808 1818/1818/808 1830/1830/808
f 1830/1830/808 1818/1818/808 1799/1799/808 1813/1813/808
f 1828/1828/801 1830/1830/801 1813/1813/801 1811/1811/801
f 1831/1831/792 1832/1832/792 1833/1833/792 1834/1834/792
f 1832/1832/794 1835/1835/794 1836/1836/794 1833/1833/794
f 1833/1833/794 1836/1836/794 1819/1819/794 1816/1816/794
f 1834/1834/792 1833/1833/792 1816/1816/792 1815/1815/792
f 1835/1835/811 1837/1837/811 1838/1838/811 1836/1836/811
f 1837/1837/804 1839/1839/804 1840/1840/804 1838/1838/804
f 1838/1838/797 1840/1840/797 1823/1823/797 1821/1821/797
f 1836/1836/796 1838/1838/796 1821/1821/796 1819/1819/796
f 1839/1839/799 1841/1841/799 1842/1842/799 1840/1840/799
f 1841/1841/800 1843/1843/800 1844/1844/800 1842/1842/800
f 1842/1842/800 1844/1844/800 1827/1827/800 1825/1825/800
f 1840/1840/799 1842/1842/799 1825/1825/799 1823/1823/799
f 1843/1843/810 1845/1845/810 1846/1846/810 1844/1844/810
f 1845/1845/812 1831/1831/812 1834/1834/812 1846/1846/812
f 1846/1846/808 1834/1834/808 1815/1815/808 1829/1829/808
f 1844/1844/801 1846/1846/801 1829/1829/801 1827/1827/801
f 1847/1847/803 1848/1848/803 1849/1849/803 1850/1850/803
f 1848/1848/794 1851/1851/794 1852/1852/794 1849/1849/794
f 1849/1849/793 1852/1852/793 1835/1835/793 1832/1832/793
f 1850/1850/792 1849/1849/792 1832/1832/792 1831/1831/792
f 1851/1851/796 1853/1853/796 1854/1854/796 1852/1852/796
f 1853/1853/798 1855/1855/798 1856/1856/798 1854/1854/798
f 1854/1854/797 1856/1856/797 1839/1839/797 1837/1837/797
f 1852/1852/796 1854/1854/796 1837/1837/796 1835/1835/796
f 1855/1855/805 1857/1857/805 1858/1858/805 1856/1856/805
f 1857/1857/800 1859/1859/800 1860/1860/800 1858/1858/800
f 1858/1858/800 1860/1860/800 1843/1843/800 1841/1841/800
f 1856/1856/799 1858/1858/799 1841/1841/799 1839/1839/799
f 1859/1859/813 1861/1861/813 1862/1862/813 1860/1860/813
f 1861/1861/808 1847/1847/808 1850/1850/808 1862/1862/808
f 1862/1862/808 1850/1850/808 1831/1831/808 1845/1845/808
f 1860/1860/801 1862/1862/801 1845/1845/801 1843/1843/801
f 1863/1863/792 1864/1864/792 1865/1865/792 1866/1866/792
f 1864/1864/794 1867/1867/794 1868/1868/794 1865/1865/794
f 1865/1865/793 1868/1868/793 1851/1851/793 1848/1848/793
f 1866/1866/803 1865/1865/803 1848/1848/803 1847/1847/803
f 1867/1867/796 1869/1869/796 1870/1870/796 1868/1868/796
f 1869/1869/814 1871/1871/814 1872/1872/814 1870/1870/814
f 1870/1870/804 1872/1872/804 1855/1855/804 1853/1853/804
f 1868/1868/815 1870/1870/815 1853/1853/815 1851/1851/815
f 1871/1871/799 1873/1873/799 1874/1874/799 1872/1872/799
f 1873/1873/816 1875/1875/816 1876/1876/816 1874/1874/816
f 1874/1874/800 1876/1876/800 1859/1859/800 1857/1857/800
f 1872/1872/805 1874/1874/805 1857/1857/805 1855/1855/805
f 1875/1875/801 1877/1877/801 1878/1878/801 1876/1876/801
f 1877/1877/802 1863/1863/802 1866/1866/802 1878/1878/802
f 1878/1878/808 1866/1866/808 1847/1847/808 1861/1861/808
f 1876/1876/813 1878/1878/813 1861/1861/813 1859/1859/813
f 1575/1575/817 1574/1574/817 1879/1879/817 1880/1880/817
f 1574/1574/818 1573/1573/818 1881/1881/818 1879/1879/818
f 1879/1879/819 1881/1881/819 1867/1867/819 1864/1864/819
f 1880/1880/820 1879/1879/820 1864/1864/820 1863/1863/820
f 1573/1573/821 1581/1581/821 1882/1882/821 1881/1881/821
f 1581/1581/822 1580/1580/822 1883/1883/822 1882/1882/822
f 1882/1882/823 1883/1883/823 1871/1871/823 1869/1869/823
f 1881/1881/824 1882/1882/824 1869/1869/824 1867/1867/824
f 1580/1580/825 1587/1587/825 1884/1884/825 1883/1883/825
f 1587/1587/826 1586/1586/826 1885/1885/826 1884/1884/826
f 1884/1884/827 1885/1885/827 1875/1875/827 1873/1873/827
f 1883/1883/828 1884/1884/828 1873/1873/828 1871/1871/828
f 1586/1586/829 1590/1590/829 1886/1886/829 1885/1885/829
f 1590/1590/830 1575/1575/830 1880/1880/830 1886/1886/830
f 1886/1886/831 1880/1880/831 1863/1863/831 1877/1877/831
f 1885/1885/832 1886/1886/832 1877/1877/832 1875/1875/832
f 1887/1887/833 1888/1888/833 1889/1889/833 1890/1890/833
f 1888/1888/834 1891/1891/834 1892/1892/834 1889/1889/834
f 1889/1889/835 1892/1892/835 1145/1145/835 1142/1142/835
f 1890/1890/836 1889/1889/836 1142/1142/836 1141/1141/836
f 1891/1891/837 1893/1893/837 1894/1894/837 1892/1892/837
f 1893/1893/838 1895/1895/838 1896/1896/838 1894/1894/838
f 1894/1894/839 1896/1896/839 1147/1147/839 1146/1146/839
f 1892/1892/840 1894/1894/840 1146/1146/840 1145/1145/840
f 1895/1895/841 1897/1897/841 1898/1898/841 1896/1896/841
f 1897/1897/842 1899/1899/842 1900/1900/842 1898/1898/842
f 1898/1898/843 1900/1900/843 1149/1149/843 1148/1148/843
f 1896/1896/844 1898/1898/844 1148/1148/844 1147/1147/844
f 1899/1899/845 1901/1901/845 1902/1902/845 1900/1900/845
f 1901/1901/846 1887/1887/846 1890/1890/846 1902/1902/846
f 1902/1902/847 1890/1890/847 1141/1141/847 1144/1144/847
f 1900/1900/848 1902/1902/848 1144/1144/848 1149/1149/848
f 1903/1903/849 1904/1904/849 1905/1905/849 1906/1906/849
f 1904/1904/850 1907/1907/850 1908/1908/850 1905/1905/850
f 1905/1905/850 1908/1908/850 1891/1891/850 1888/1888/850
f 1906/1906/851 1905/1905/851 1888/1888/851 1887/1887/851
f 1907/1907/852 1909/1909/852 1910/1910/852 1908/1908/852
f 1909/1909/853 1911/1911/853 1912/1912/853 1910/1910/853
f 1910/1910/854 1912/1912/854 1895/1895/854 1893/1893/854
f 1908/1908/855 1910/1910/855 1893/1893/855 1891/1891/855
f 1911/1911/856 1913/1913/856 1914/1914/856 1912/1912/856
f 1913/1913/857 1915/1915/857 1916/1916/857 1914/1914/857
f 1914/1914/858 1916/1916/858 1899/1899/858 1897/1897/858
f 1912/1912/856 1914/1914/856 1897/1897/856 1895/1895/856
f 1915/1915/859 1917/1917/859 1918/1918/859 1916/1916/859
f 1917/1917/860 1903/1903/860 1906/1906/860 1918/1918/860
f 1918/1918/860 1906/1906/860 1887/1887/860 1901/1901/860
f 1916/1916/861 1918/1918/861 1901/1901/861 1899/1899/861
f 1919/1919/849 1920/1920/849 1921/1921/849 1922/1922/849
f 1920/1920/850 1923/1923/850 1924/1924/850 1921/1921/850
f 1921/1921/862 1924/1924/862 1907/1907/862 1904/1904/862
f 1922/1922/849 1921/1921/849 1904/1904/849 1903/1903/849
f 1923/1923/852 1925/1925/852 1926/1926/852 1924/1924/852
f 1925/1925/854 1927/1927/854 1928/1928/854 1926/1926/854
f 1926/1926/854 1928/1928/854 1911/1911/854 1909/1909/854
f 1924/1924/855 1926/1926/855 1909/1909/855 1907/1907/855
f 1927/1927/856 1929/1929/856 1930/1930/856 1928/1928/856
f 1929/1929/857 1931/1931/857 1932/1932/857 1930/1930/857
f 1930/1930/858 1932/1932/858 1915/1915/858 1913/1913/858
f 1928/1928/863 1930/1930/863 1913/1913/863 1911/1911/863
f 1931/1931/859 1933/1933/859 1934/1934/859 1932/1932/859
f 1933/1933/860 1919/1919/860 1922/1922/860 1934/1934/860
f 1934/1934/864 1922/1922/864 1903/1903/864 1917/1917/864
f 1932/1932/859 1934/1934/859 1917/1917/859 1915/1915/859
f 1935/1935/851 1936/1936/851 1937/1937/851 1938/1938/851
f 1936/1936/862 1939/1939/862 1940/1940/862 1937/1937/862
f 1937/1937/850 1940/1940/850 1923/1923/850 1920/1920/850
f 1938/1938/851 1937/1937/851 1920/1920/851 1919/1919/851
f 1939/1939/852 1941/1941/852 1942/1942/852 1940/1940/852
f 1941/1941/865 1943/1943/865 1944/1944/865 1942/1942/865
f 1942/1942/853 1944/1944/853 1927/1927/853 1925/1925/853
f 1940/1940/852 1942/1942/852 1925/1925/852 1923/1923/852
f 1943/1943/863 1945/1945/863 1946/1946/863 1944/1944/863
f 1945/1945/866 1947/1947/866 1948/1948/866 1946/1946/866
f 1946/1946/857 1948/1948/857 1931/1931/857 1929/1929/857
f 1944/1944/856 1946/1946/856 1929/1929/856 1927/1927/856
f 1947/1947/861 1949/1949/861 1950/1950/861 1948/1948/861
f 1949/1949/860 1935/1935/860 1938/1938/860 1950/1950/860
f 1950/1950/860 1938/1938/860 1919/1919/860 1933/1933/860
f 1948/1948/859 1950/1950/859 1933/1933/859 1931/1931/859
f 1951/1951/849 1952/1952/849 1953/1953/849 1954/1954/849
f 1952/1952/850 1955/1955/850 1956/1956/850 1953/1953/850
f 1953/1953/862 1956/1956/862 1939/1939/862 1936/1936/862
f 1954/1954/851 1953/1953/851 1936/1936/851 1935/1935/851
f 1955/1955/855 1957/1957/855 1958/1958/855 1956/1956/855
f 1957/1957/865 1959/1959/865 1960/1960/865 1958/1958/865
f 1958/1958/853 1960/1960/853 1943/1943/853 1941/1941/853
f 1956/1956/852 1958/1958/852 1941/1941/852 1939/1939/852
f 1959/1959/863 1961/1961/863 1962/1962/863 1960/1960/863
f 1961/1961/858 1963/1963/858 1964/1964/858 1962/1962/858
f 1962/1962/857 1964/1964/857 1947/1947/857 1945/1945/857
f 1960/1960/856 1962/1962/856 1945/1945/856 1943/1943/856
f 1963/1963/861 1965/1965/861 1966/1966/861 1964/1964/861
f 1965/1965/860 1951/1951/860 1954/1954/860 1966/1966/860
f 1966/1966/864 1954/1954/864 1935/1935/864 1949/1949/864
f 1964/1964/859 1966/1966/859 1949/1949/859 1947/1947/859
f 1967/1967/851 1968/1968/851 1969/1969/851 1970/1970/851
f 1968/1968/850 1971/1971/850 1972/1972/850 1969/1969/850
f 1969/1969/862 1972/1972/862 1955/1955/862 1952/1952/862
f 1970/1970/849 1969/1969/849 1952/1952/849 1951/1951/849
f 1971/1971/852 1973/1973/852 1974/1974/852 1972/1972/852
f 1973/1973/854 1975/1975/854 1976/1976/854 1974/1974/854
f 1974/1974/854 1976/1976/854 1959/1959/854 1957/1957/854
f 1972/1972/855 1974/1974/855 1957/1957/855 1955/1955/855
f 1975/1975/856 1977/1977/856 1978/1978/856 1976/1976/856
f 1977/1977/857 1979/1979/857 1980/1980/857 1978/1978/857
f 1978/1978/857 1980/1980/857 1963/1963/857 1961/1961/857
f 1976/1976/856 1978/1978/856 1961/1961/856 1959/1959/856
f 1979/1979/861 1981/1981/861 1982/1982/861 1980/1980/861
f 1981/1981/860 1967/1967/860 1970/1970/860 1982/1982/860
f 1982/1982/864 1970/1970/864 1951/1951/864 1965/1965/864
f 1980/1980/861 1982/1982/861 1965/1965/861 1963/1963/861
f 1983/1983/849 1984/1984/849 1985/1985/849 1986/1986/849
f 1984/1984/850 1987/1987/850 1988/1988/850 1985/1985/850
f 1985/1985/850 1988/1988/850 1971/1971/850 1968/1968/850
f 1986/1986/849 1985/1985/849 1968/1968/849 1967/1967/849
f 1987/1987/855 1989/1989/855 1990/1990/855 1988/1988/855
f 1989/1989/867 1991/1991/867 1992/1992/867 1990/1990/867
f 1990/1990/854 1992/1992/854 1975/1975/854 1973/1973/854
f 1988/1988/852 1990/1990/852 1973/1973/852 1971/1971/852
f 1991/1991/868 1993/1993/868 1994/1994/868 1992/1992/868
f 1993/1993/869 1995/1995/869 1996/1996/869 1994/1994/869
f 1994/1994/858 1996/1996/858 1979/1979/858 1977/1977/858
f 1992/1992/863 1994/1994/863 1977/1977/863 1975/1975/863
f 1995/1995/859 1997/1997/859 1998/1998/859 1996/1996/859
f 1997/1997/864 1983/1983/864 1986/1986/864 1998/1998/864
f 1998/1998/864 1986/1986/864 1967/1967/864 1981/1981/864
f 1996/1996/859 1998/1998/859 1981/1981/859 1979/1979/859
f 1719/1719/870 1718/1718/870 1999/1999/870 2000/2000/870
f 1718/1718/871 1717/1717/871 2001/2001/871 1999/1999/871
f 1999/1999/872 2001/2001/872 1987/1987/872 1984/1984/872
f 2000/2000/873 1999/1999/873 1984/1984/873 1983/1983/873
f 1717/1717/874 1725/1725/874 2002/2002/874 2001/2001/874
f 1725/1725/875 1724/1724/875 2003/2003/875 2002/2002/875
f 2002/2002/876 2003/2003/876 1991/1991/876 1989/1989/876
f 2001/2001/877 2002/2002/877 1989/1989/877 1987/1987/877
f 1724/1724/878 1731/1731/878 2004/2004/878 2003/2003/878
f 1731/1731/879 1730/1730/879 2005/2005/879 2004/2004/879
f 2004/2004/880 2005/2005/880 1995/1995/880 1993/1993/880
f 2003/2003/881 2004/2004/881 1993/1993/881 1991/1991/881
f 1730/1730/882 1734/1734/882 2006/2006/882 2005/2005/882
f 1734/1734/883 1719/1719/883 2000/2000/883 2006/2006/883
f 2006/2006/884 2000/2000/884 1983/1983/884 1997/1997/884
f 2005/2005/885 2006/2006/885 1997/1997/885 1995/1995/885
f 1158/1158/886 1157/1157/886 2007/2007/886 2008/2008/886
f 1157/1157/887 1156/1156/887 2009/2009/887 2007/2007/887
f 2007/2007/888 2009/2009/888 1379/1379/888 1376/1376/888
f 2008/2008/889 2007/2007/889 1376/1376/889 1375/1375/889
f 1156/1156/890 1155/1155/890 2010/2010/890 2009/2009/890
f 1155/1155/891 1154/1154/891 2011/2011/891 2010/2010/891
f 2010/2010/892 2011/2011/892 1383/1383/892 1381/1381/892
f 2009/2009/893 2010/2010/893 1381/1381/893 1379/1379/893
f 1154/1154/894 1151/1151/894 2012/2012/894 2011/2011/894
f 1151/1151/895 1150/1150/895 2013/2013/895 2012/2012/895
f 2012/2012/896 2013/2013/896 1387/1387/896 1385/1385/896
f 2011/2011/897 2012/2012/897 1385/1385/897 1383/1383/897
f 1150/1150/898 1153/1153/898 2014/2014/898 2013/2013/898
f 1153/1153/899 1158/1158/899 2008/2008/899 2014/2014/899
f 2014/2014/900 2008/2008/900 1375/1375/900 1389/1389/900
f 2013/2013/901 2014/2014/901 1389/1389/901 1387/1387/901
usemtl Material.029
f 2015/2015/902 2016/2016/902 2017/2017/902 2018/2018/902
f 2016/2016/903 2019/2019/903 2020/2020/903 2017/2017/903
f 2017/2017/904 2020/2020/904 2021/2021/904 2022/2022/904
f 2018/2018/905 2017/2017/905 2022/2022/905 2023/2023/905
f 2023/2023/906 2022/2022/906 2024/2024/906 2025/2025/906
f 2022/2022/907 2021/2021/907 2026/2026/907 2024/2024/907
f 2024/2024/908 2026/2026/908 2027/2027/908 2028/2028/908
f 2025/2025/909 2024/2024/909 2028/2028/909 2029/2029/909
f 2029/2029/910 2028/2028/910 2030/2030/910 2031/2031/910
f 2028/2028/911 2027/2027/911 2032/2032/911 2030/2030/911
f 2030/2030/912 2032/2032/912 2033/2033/912 2034/2034/912
f 2031/2031/913 2030/2030/913 2034/2034/913 2035/2035/913
f 2035/2035/914 2034/2034/914 2036/2036/914 2037/2037/914
f 2034/2034/915 2033/2033/915 2038/2038/915 2036/2036/915
f 2036/2036/916 2038/2038/916 2019/2039/916 2016/2040/916
f 2037/2037/917 2036/2036/917 2016/2040/917 2015/2041/917
f 2039/2042/918 2040/2043/918 2041/2044/918 2042/2045/918
f 2040/2043/919 2043/2046/919 2044/2047/919 2041/2044/919
f 2041/2044/920 2044/2047/920 2045/2048/920 2046/2049/920
f 2042/2045/921 2041/2044/921 2046/2049/921 2047/2050/921
f 2027/2027/922 2026/2051/922 2048/2052/922 2032/2032/922
f 2026/2051/923 2021/2053/923 2020/2054/923 2048/2052/923
f 2048/2052/924 2020/2054/924 2019/2055/924 2038/2056/924
f 2032/2032/925 2048/2052/925 2038/2056/925 2033/2033/925
f 2045/2048/926 2049/2057/926 2050/2058/926 2046/2059/926
f 2049/2057/927 2035/2035/927 2037/2037/927 2050/2058/927
f 2050/2058/928 2037/2037/928 2015/2041/928 2051/2060/928
f 2046/2059/929 2050/2058/929 2051/2060/929 2047/2061/929
f 2043/2046/930 2052/2062/930 2053/2063/930 2044/2047/930
f 2052/2062/931 2029/2029/931 2031/2031/931 2053/2063/931
f 2053/2063/932 2031/2031/932 2035/2035/932 2049/2057/932
f 2044/2047/933 2053/2063/933 2049/2057/933 2045/2048/933
f 2039/2064/934 2054/2065/934 2055/2066/934 2040/2067/934
f 2054/2065/935 2023/2023/935 2025/2025/935 2055/2066/935
f 2055/2066/936 2025/2025/936 2029/2029/936 2052/2062/936
f 2040/2067/937 2055/2066/937 2052/2062/937 2043/2046/937
f 2047/2068/938 2051/2069/938 2056/2070/938 2042/2071/938
f 2051/2069/939 2015/2015/939 2018/2018/939 2056/2070/939
f 2056/2070/940 2018/2018/940 2023/2023/940 2054/2065/940
f 2042/2071/941 2056/2070/941 2054/2065/941 2039/2064/941
