mtllib LOW_POLY_set.mtl
o lp_Plane_010_Plane_019
v -19.095505 1.024924 3.150057
v -19.061693 1.116322 3.201779
v -19.095188 1.025394 3.346864
v -19.127592 0.927501 3.296227
v -19.107067 1.231811 3.241928
v -19.143328 1.126918 3.384330
v -19.164656 1.057210 3.522971
v -19.113768 0.955112 3.487247
v -19.145262 0.854569 3.437213
v -19.142504 1.363999 3.171003
v -19.226456 1.340174 3.197669
v -19.240253 1.255547 3.263561
v -19.195631 1.508458 3.090551
v -19.300936 1.405184 3.170199
v -19.383350 1.270831 3.202307
v -19.655960 0.918587 4.152871
v -19.665075 0.731563 4.031100
v -19.706921 0.713391 4.127277
v -19.732660 0.812300 4.214344
v -19.661064 0.489447 3.986398
v -19.691782 0.615363 4.164222
v -19.727856 0.713675 4.279960
v -19.319164 1.036436 3.096290
v -19.192995 0.984713 3.122237
v -19.231199 0.890806 3.262496
v -19.343292 0.930671 3.258645
v -19.252226 0.818091 3.401467
v -19.366049 0.857907 3.398201
v -19.383232 1.062166 3.485668
v -19.415831 0.960814 3.434780
v -19.444483 0.892818 3.577106
v -19.411110 0.998011 3.632645
v -19.391096 0.785194 3.537235
v -19.433678 0.684937 3.674832
v -19.495268 0.829778 3.728768
v -19.460178 0.957380 3.830221
v -19.277372 1.097835 3.520559
v -19.300508 1.035304 3.664283
v -19.179354 0.996309 3.665728
v -19.324823 0.994604 3.827665
v -19.158396 0.971283 3.846427
v -19.027517 0.545304 4.127099
v -19.239937 0.631581 4.303470
v -19.310446 0.553218 4.340761
v -19.237793 0.439166 4.318001
v -19.459135 0.706938 4.418348
v -19.460957 0.562378 4.365398
v -19.448177 0.416900 4.353268
v -19.038799 0.762082 4.173183
v -19.178635 0.731268 4.263033
v -19.110264 0.910242 4.166552
v -19.262676 0.808744 4.306374
v -19.256245 0.942614 4.239260
v -19.319788 0.874674 4.331687
v -19.413610 0.972404 4.287991
v -19.437098 0.864866 4.418630
v -19.119177 0.889662 3.626956
v -19.148163 0.780352 3.581734
v -19.068567 0.854850 3.732217
v -19.087990 0.686704 3.732949
v -19.266232 0.744785 3.541526
v -19.272024 0.665237 3.653478
v -19.437967 0.981339 4.055953
v -19.518377 0.976939 4.097026
v -19.556396 0.995952 4.238026
v -19.560093 0.921117 3.986278
v -19.669268 1.075049 4.588397
v -19.667850 0.975451 4.650113
v -19.560223 0.906680 4.533273
v -19.560930 1.009825 4.465631
v -19.729021 0.875853 4.658408
v -19.621273 0.799490 4.542648
v -19.373623 0.564892 3.711740
v -19.483126 0.532758 3.770720
v -19.555155 0.616780 3.817376
v -19.279930 0.444659 3.749519
v -19.501354 0.414495 3.796484
v -19.275335 0.596260 3.698138
v -19.185041 0.566491 3.754992
v -19.001036 0.611494 3.904306
v -19.101847 0.546265 3.856330
v -19.100477 0.439508 3.894707
v -19.836176 1.075049 4.445942
v -19.741518 1.112399 4.504043
v -19.640636 1.046013 4.380392
v -19.738985 1.004356 4.319844
v -19.895929 0.875853 4.515954
v -19.897348 0.975451 4.454238
v -19.802574 0.901190 4.332651
v -19.800941 0.799385 4.396458
v -19.281281 0.979869 4.068632
v -19.212530 0.973723 4.116343
v -19.112001 0.979417 4.022196
v -19.349815 0.984100 3.989269
v -18.756838 2.349631 3.071012
v -18.741257 2.286550 3.013224
v -18.714590 2.355631 2.980830
v -18.725159 2.425221 3.015388
v -18.714838 2.215318 2.944412
v -18.709917 2.362017 2.909357
v -18.745346 2.528239 2.904344
v -17.955385 2.434226 4.940615
v -18.007887 2.451219 5.026915
v -18.008532 2.421100 5.084116
v -17.998463 2.368111 5.052071
v -18.046499 2.476835 5.100282
v -18.042976 2.433742 5.152183
v -18.077465 2.347839 5.160858
v -19.823679 0.838503 4.600308
v -19.724745 0.761015 4.483312
v -19.642038 0.674065 4.372548
v -19.871006 1.209538 4.816230
v -19.869659 1.114969 4.874829
v -19.770283 1.046267 4.764173
v -19.771666 1.143312 4.704039
v -19.927742 1.020401 4.882706
v -19.829887 0.949222 4.772256
v -20.029486 1.209538 4.680969
v -19.939608 1.245001 4.736135
v -19.842064 1.179704 4.621847
v -19.934294 1.143312 4.565236
v -19.049591 1.353743 2.825339
v -19.052612 1.166631 2.990973
v -19.136345 1.096463 3.002697
v -19.192600 1.162676 2.943840
v -19.438482 1.328145 2.944956
v -19.259857 1.327133 2.857178
v -19.281506 1.218342 2.922218
v -19.382420 1.177354 3.003169
v -18.033230 2.079281 4.765491
v -17.975458 2.170300 4.792712
v -17.984310 2.114599 4.837530
v -18.032873 2.029393 4.827990
v -17.914633 2.279461 4.813908
v -17.978107 2.164329 4.891914
v -18.076385 2.038702 4.923532
v -20.086222 1.020401 4.747445
v -20.087568 1.114969 4.688846
v -19.993898 1.046267 4.573319
v -19.992517 0.949222 4.633453
v -19.464186 1.290315 3.075518
v -19.422619 1.184676 3.078263
v -19.395102 1.115638 3.167439
v -20.017620 0.984938 4.827539
v -19.922119 0.912830 4.715645
v -20.051992 1.327633 5.019082
v -20.052876 1.240478 5.078085
v -19.964905 1.180671 4.980790
v -19.965946 1.272510 4.923258
v -20.111332 1.154675 5.090415
v -20.021927 1.089001 4.989073
v -20.205524 1.331237 4.894621
v -20.117632 1.361865 4.943476
v -20.032869 1.307143 4.845252
v -20.120785 1.272960 4.791926
v -20.264864 1.158280 4.965955
v -20.263981 1.245435 4.906951
v -20.177807 1.181291 4.800209
v -20.176765 1.089452 4.857741
v -18.706470 2.209109 2.818339
v -18.719866 2.353733 2.799816
v -18.761915 2.204699 2.726633
v -18.767036 2.340742 2.711576
v -18.769777 2.477014 2.681100
v -18.733473 2.499479 2.767809
v -20.199224 1.124048 5.041560
v -20.109842 1.054819 4.935748
v -19.275312 1.536627 2.851515
v -19.152729 1.474936 2.787572
v -19.261211 1.410761 2.825882
v -19.379236 1.441547 2.869711
v -20.172968 1.417810 5.158704
v -20.182495 1.351021 5.227751
v -20.128679 1.293770 5.162026
v -20.123449 1.372622 5.097838
v -20.249407 1.292099 5.260710
v -20.192049 1.219112 5.184063
v -20.325994 1.438792 5.062470
v -20.235149 1.451872 5.091461
v -20.188105 1.406997 5.025469
v -20.278486 1.383805 4.985434
v -20.402433 1.313081 5.164476
v -20.392906 1.379871 5.095429
v -20.341856 1.309147 5.007471
v -20.347088 1.230295 5.071660
v -20.340252 1.279020 5.231719
v -20.282431 1.195920 5.144028
v -18.956383 1.419527 3.025410
v -19.039312 1.468806 3.077454
v -19.062099 1.379257 3.128639
v -19.018864 1.312442 3.115530
v -18.841980 1.066918 3.829664
v -18.763645 0.986525 3.772980
v -18.923998 0.892200 3.754850
v -18.978403 0.990097 3.824833
v -18.690449 0.883361 3.804613
v -18.868967 0.773559 3.780398
v -18.856297 1.008858 4.063302
v -18.877665 1.072804 3.950830
v -18.986944 1.009677 3.956786
v -18.957476 0.948621 4.074273
v -18.703541 0.819979 4.041991
v -18.782488 0.903033 4.096805
v -18.895325 0.823640 4.105402
v -18.842894 0.712012 4.045869
v -18.668468 0.816754 3.918956
v -18.833113 0.703836 3.905781
v -20.316391 3.448037 3.478148
v -20.327446 3.458463 3.420375
v -20.391834 3.480344 3.447962
v -20.364246 3.458463 3.512350
v -20.361649 3.448037 3.372519
v -20.419422 3.458463 3.383574
v -20.467278 3.448037 3.417777
v -20.456223 3.458463 3.475550
v -20.422020 3.448036 3.523405
v -18.776815 3.280946 3.698661
v -18.846817 3.292920 3.683321
v -18.846817 3.318049 3.768662
v -18.761477 3.292920 3.768662
v -18.916819 3.280946 3.698661
v -18.932159 3.292920 3.768662
v -18.916819 3.280946 3.838664
v -18.846817 3.292920 3.854004
v -18.776815 3.280946 3.838664
v -18.899162 2.889396 2.634369
v -18.846817 2.904532 2.639533
v -18.846817 2.898028 2.571918
v -18.910439 2.876639 2.582351
v -18.794472 2.889396 2.634369
v -18.783195 2.876639 2.582351
v -18.794472 2.843498 2.540277
v -18.846817 2.848746 2.525170
v -18.899162 2.843498 2.540277
v -19.006956 1.239187 3.050024
v -18.947176 1.383345 2.925927
v -18.386337 3.211376 5.751618
v -18.415527 3.221472 5.737842
v -18.432121 3.206756 5.773657
v -18.392220 3.195272 5.780771
v -18.444908 3.211376 5.724480
v -18.463346 3.195272 5.747815
v -18.465094 3.168226 5.768044
v -18.440039 3.169073 5.790744
v -18.406523 3.168226 5.795182
v -18.963064 2.207245 2.788018
v -18.971422 2.171645 2.903732
v -18.967735 2.224417 2.945755
v -18.975275 2.278214 2.905492
v -18.915579 2.171875 2.987118
v -18.923067 2.239258 3.012517
v -18.941292 2.328182 3.041383
v -20.329851 1.731399 5.470361
v -20.368999 1.707285 5.437647
v -20.332714 1.671916 5.429969
v -20.292898 1.684749 5.448239
v -20.387074 1.691833 5.370155
v -20.335175 1.634099 5.400965
v -20.263165 1.630172 5.413163
v -17.680313 3.081329 4.198052
v -17.643843 3.093858 4.217988
v -17.620638 3.069502 4.176041
v -17.671343 3.056979 4.163251
v -17.607576 3.081329 4.238290
v -17.582863 3.056979 4.212199
v -17.580051 3.020695 4.188534
v -17.610361 3.020100 4.157463
v -17.652788 3.020695 4.148296
v -20.904184 2.465970 5.904782
v -20.946068 2.487781 5.851837
v -21.008638 2.443742 5.897562
v -20.939056 2.423167 5.949336
v -20.983791 2.465970 5.795851
v -21.036831 2.423167 5.815542
v -21.051981 2.360756 5.845683
v -21.029819 2.358553 5.913042
v -20.972374 2.360756 5.954615
v -19.287067 2.349573 5.507900
v -19.290266 2.363212 5.551354
v -19.245327 2.328256 5.559478
v -19.255156 2.317165 5.503909
v -19.302483 2.349573 5.593179
v -19.273987 2.317165 5.608089
v -19.260416 2.274189 5.600782
v -19.238876 2.271119 5.560644
v -19.245001 2.274189 5.515504
v -19.612907 0.419380 4.224620
v -19.607252 0.568170 4.281029
v -18.970558 2.385663 2.846074
v -18.941517 2.346501 2.738453
v -18.965712 2.435079 2.975271
v -18.938196 2.552665 2.900013
v -18.959045 2.509357 2.780857
v -18.928553 2.479032 2.689508
v -20.238354 1.836520 5.438251
v -20.209911 1.854954 5.379632
v -20.257593 1.842509 5.363620
v -20.291523 1.848991 5.386943
v -20.202654 1.830256 5.329556
v -20.277014 1.821427 5.333579
v -20.331791 1.827561 5.352403
v -17.913986 2.358739 4.886582
v -17.985008 2.266132 4.976500
v -18.075037 2.195844 5.045045
v -19.581028 0.775742 3.886069
v -18.242020 2.094506 4.923102
v -18.180735 2.047298 4.951946
v -18.165955 2.185616 5.057385
v -18.224136 2.218716 5.022788
v -18.168032 2.320977 5.161971
v -18.223289 2.341582 5.121148
v -18.176653 2.189683 4.779802
v -18.241684 2.148845 4.857210
v -18.225691 2.269732 4.960224
v -18.183949 2.318561 4.890925
v -18.224525 2.388772 5.063004
v -18.172058 2.443254 5.007010
v -18.864191 2.202939 2.710471
v -18.857218 2.334851 2.689296
v -18.850212 2.468601 2.653617
v -18.125929 2.352947 4.831409
v -18.093500 2.268759 4.768093
v -18.113657 2.431384 4.911228
v -18.067268 2.446959 4.837482
v -18.071362 2.388954 4.776073
v -18.030119 2.328548 4.737261
v -18.812428 2.178724 3.002857
v -18.828218 2.251191 3.035172
v -18.842232 2.318093 3.088914
v -18.057667 2.462307 4.971323
v -18.015079 2.468125 4.892539
v -18.098318 2.488052 5.050676
v -17.962488 2.296281 4.748375
v -18.025562 2.215914 4.758745
v -18.090944 2.133319 4.739388
v -20.132561 1.751014 5.347925
v -20.176588 1.708498 5.331469
v -20.206581 1.740539 5.300473
v -20.156773 1.789502 5.323015
v -20.203747 1.658292 5.308154
v -20.240610 1.685430 5.270486
v -20.299049 1.701194 5.264421
v -20.258026 1.765413 5.295490
v -20.133846 1.733972 5.396481
v -20.180706 1.688206 5.382188
v -20.155321 1.744593 5.441527
v -20.208782 1.692582 5.430099
v -20.212118 1.633391 5.362829
v -20.189411 1.782365 5.457224
v -20.243809 1.728890 5.456074
v -20.285229 1.777125 5.471525
v -20.315449 1.768359 5.314290
v -20.368883 1.775288 5.347569
v -20.351818 1.698166 5.298064
v -19.256853 1.169203 3.382177
v -19.364933 1.139544 3.344702
v -19.394930 1.034166 3.296014
v -19.438440 0.108375 4.337441
v -19.235025 0.108375 4.280764
v -19.199320 0.226788 4.338576
v -19.449631 0.216073 4.379171
v -19.082134 0.108375 4.134026
v -19.033348 0.244089 4.142766
v -19.140289 0.108375 3.933065
v -19.076733 0.227551 3.895737
v -19.287401 0.108375 3.783104
v -19.274639 0.218845 3.738906
v -19.490435 0.108375 3.839522
v -19.523424 0.209770 3.779460
v -19.641294 0.108375 3.985342
v -19.683573 0.216609 3.974550
v -19.585171 0.108375 4.187222
v -19.643824 0.209755 4.222943
v -19.555979 1.526673 3.194197
v -19.616198 1.503631 3.117784
v -19.535961 1.404093 3.089860
v -19.472698 1.422310 3.172510
v -19.629585 1.530453 3.020592
v -19.545910 1.437011 2.984658
v -19.580286 1.596779 2.960364
v -19.490372 1.510373 2.918572
v -19.503744 1.662160 2.965222
v -19.408115 1.580212 2.919707
v -19.444489 1.686461 3.041595
v -19.350599 1.606201 3.001432
v -19.432062 1.660900 3.138748
v -19.337957 1.574540 3.106176
v -19.250139 1.578649 2.962427
v -19.480400 1.593314 3.199016
v -19.392925 1.497553 3.172823
v -19.711212 1.703959 3.254407
v -19.768833 1.680225 3.181032
v -19.693895 1.594392 3.149194
v -19.635252 1.618327 3.223837
v -19.782209 1.703959 3.088701
v -19.707436 1.618800 3.055137
v -19.736528 1.767251 3.032356
v -19.660749 1.683237 2.997623
v -19.664225 1.830542 3.038150
v -19.587040 1.747556 3.003371
v -19.606604 1.854276 3.111524
v -19.528517 1.771649 3.078009
v -19.593227 1.830542 3.203855
v -19.515097 1.747399 3.172061
v -19.638906 1.767251 3.260201
v -19.561663 1.682804 3.229579
v -19.858341 1.869083 3.314355
v -19.914146 1.846097 3.243293
v -19.842121 1.763880 3.212433
v -19.785416 1.787238 3.284641
v -19.927103 1.869083 3.153872
v -19.855284 1.787238 3.121569
v -19.882862 1.930380 3.099302
v -19.810329 1.849523 3.066119
v -19.812836 1.991676 3.104914
v -19.739174 1.911808 3.071821
v -19.757030 2.014663 3.175976
v -19.682470 1.935165 3.144029
v -19.744076 1.991676 3.265397
v -19.669306 1.911808 3.234893
v -19.788317 1.930380 3.319967
v -19.714260 1.849523 3.290343
v -20.001085 2.029283 3.372516
v -20.055128 2.007023 3.303698
v -19.985106 1.927094 3.273696
v -19.930187 1.949715 3.343629
v -20.067675 2.029283 3.217100
v -19.997854 1.949715 3.185696
v -20.024830 2.088645 3.164253
v -19.954317 2.010037 3.131993
v -19.957016 2.148006 3.169687
v -19.885405 2.070360 3.137515
v -19.902973 2.170266 3.238505
v -19.830486 2.092981 3.207448
v -19.890427 2.148006 3.325104
v -19.817736 2.070360 3.295448
v -19.933270 2.088645 3.377950
v -19.861275 2.010037 3.349151
v -20.140461 2.185704 3.429305
v -20.192783 2.164152 3.362677
v -20.124327 2.086010 3.333346
v -20.071148 2.107915 3.401064
v -20.204931 2.185704 3.278836
v -20.136673 2.107915 3.248134
v -20.163450 2.243176 3.227671
v -20.094513 2.166326 3.196133
v -20.097794 2.300647 3.232932
v -20.027784 2.224737 3.201480
v -20.045471 2.322199 3.299560
v -19.974606 2.246642 3.269197
v -20.033325 2.300647 3.383402
v -19.962259 2.224738 3.354410
v -20.074804 2.243176 3.434566
v -20.004419 2.166326 3.406411
v -20.279613 2.343186 3.486056
v -20.331188 2.323874 3.421978
v -20.261002 2.242238 3.391906
v -20.209410 2.263247 3.457405
v -20.342005 2.343186 3.340437
v -20.272835 2.263247 3.309371
v -20.299360 2.394685 3.289849
v -20.231714 2.319274 3.258901
v -20.233318 2.446184 3.293869
v -20.166807 2.375300 3.263943
v -20.181744 2.465496 3.357947
v -20.115215 2.396310 3.329442
v -20.170927 2.446184 3.439488
v -20.103382 2.375300 3.411976
v -20.213572 2.394685 3.490075
v -20.144503 2.319274 3.462447
v -20.402805 2.522273 3.536479
v -20.457077 2.511529 3.475915
v -20.402111 2.412932 3.452365
v -20.349417 2.428598 3.514605
v -20.463490 2.522273 3.394846
v -20.410824 2.428598 3.371282
v -20.411057 2.550922 3.340950
v -20.363697 2.470373 3.319284
v -20.335867 2.579572 3.340166
v -20.293545 2.512149 3.321032
v -20.281597 2.590316 3.400730
v -20.240850 2.527815 3.383272
v -20.275185 2.579572 3.481799
v -20.232136 2.512149 3.464355
v -20.327616 2.550923 3.535695
v -20.279263 2.470373 3.516353
v -18.876482 1.685462 2.750204
v -18.814646 1.670246 2.849241
v -18.881226 1.526894 2.869294
v -18.945513 1.540734 2.771652
v -18.829016 1.685547 2.965252
v -18.894457 1.545965 2.981497
v -18.921276 1.726253 3.027806
v -18.985413 1.590551 3.042242
v -19.031582 1.766928 3.009935
v -19.098869 1.635107 3.028068
v -19.094070 1.782145 2.911482
v -19.163099 1.655826 2.931338
v -19.080353 1.766844 2.796054
v -19.153500 1.637432 2.818803
v -18.987440 1.726137 2.732918
v -19.058201 1.590551 2.755865
v -18.767973 1.969571 2.724520
v -18.704308 1.962187 2.825051
v -18.749363 1.820073 2.834979
v -18.812595 1.832039 2.733526
v -18.720449 1.970051 2.942929
v -18.764679 1.832299 2.953544
v -18.817945 1.990471 3.007008
v -18.860369 1.864602 3.017562
v -18.933262 2.010712 2.989184
v -18.974058 1.896808 2.999101
v -18.996927 2.018096 2.888652
v -19.037373 1.908773 2.897720
v -18.980785 2.010232 2.770775
v -19.022139 1.896548 2.779228
v -18.883289 1.989811 2.706695
v -18.926367 1.864244 2.715137
v -18.695360 2.084951 2.822268
v -18.756145 2.087139 2.726469
v -18.710484 2.088017 2.936287
v -18.805361 2.093011 2.997733
v -18.916225 2.099848 2.981234
v -18.977068 2.102795 2.886359
v -18.961903 2.102434 2.772997
v -18.866926 2.094905 2.710049
v -20.341536 1.566452 5.369950
v -20.272835 1.553819 5.377231
v -20.386559 1.597909 5.326122
v -20.400970 1.510030 5.286210
v -20.350927 1.479492 5.337453
v -20.274849 1.472446 5.348268
v -20.373632 1.624990 5.265309
v -20.320601 1.637314 5.225134
v -20.331398 1.571757 5.178304
v -20.389805 1.547768 5.220603
v -20.253830 1.626463 5.232268
v -20.210449 1.599469 5.276442
v -20.205570 1.536009 5.240551
v -20.255466 1.565629 5.189213
v -20.220539 1.569161 5.335980
v -20.216589 1.497353 5.306063
v -20.357496 1.378374 5.294438
v -20.272322 1.380636 5.313028
v -20.414265 1.410836 5.234816
v -20.402992 1.462717 5.165433
v -20.338497 1.503316 5.125384
v -20.253342 1.505692 5.143986
v -20.196590 1.473345 5.203620
v -20.207846 1.421349 5.272992
v -19.282801 2.219860 5.552704
v -19.283972 2.237304 5.496749
v -19.303486 2.237304 5.604708
v -19.377693 2.192904 5.592883
v -19.357388 2.174501 5.539222
v -19.357622 2.192905 5.481849
v -19.332882 2.285540 5.620381
v -19.356739 2.332735 5.595082
v -19.432463 2.291055 5.582983
v -19.408840 2.241980 5.608752
v -19.356102 2.351221 5.539454
v -19.337225 2.332735 5.487123
v -19.412394 2.291055 5.471949
v -19.432697 2.309459 5.525609
v -19.306021 2.285540 5.471778
v -19.381245 2.241980 5.456079
v -19.432522 2.132694 5.525641
v -19.432753 2.150789 5.469226
v -19.452488 2.150789 5.578406
v -19.523050 2.111057 5.564749
v -19.503405 2.093251 5.512829
v -19.503632 2.111057 5.457317
v -19.483116 2.199046 5.594011
v -19.506344 2.247302 5.568672
v -19.576044 2.206024 5.555170
v -19.553188 2.158540 5.580103
v -19.506575 2.265398 5.512256
v -19.486609 2.247302 5.459491
v -19.556625 2.206024 5.447738
v -19.576271 2.223830 5.499658
v -19.455980 2.199046 5.443887
v -19.526487 2.158540 5.432384
v -19.571913 2.055130 5.500446
v -19.572136 2.072656 5.445807
v -19.591249 2.072656 5.551549
v -19.657774 2.035198 5.538673
v -19.638739 2.017945 5.488367
v -19.638958 2.035198 5.434580
v -19.620914 2.119393 5.566662
v -19.643410 2.166129 5.542121
v -19.709122 2.127213 5.529392
v -19.686975 2.081206 5.553551
v -19.643633 2.183655 5.487482
v -19.624296 2.166129 5.436378
v -19.690306 2.127213 5.425299
v -19.709341 2.144467 5.475605
v -19.594633 2.119393 5.421267
v -19.661104 2.081206 5.410421
v -19.704245 1.981495 5.476526
v -19.704462 1.998480 5.423574
v -19.722984 1.998480 5.526052
v -19.787098 1.962380 5.513643
v -19.768648 1.945658 5.464885
v -19.768862 1.962380 5.412754
v -19.751732 2.043773 5.540698
v -19.773535 2.089067 5.516915
v -19.836864 2.051562 5.504648
v -19.815399 2.006971 5.528062
v -19.773750 2.106052 5.463963
v -19.755011 2.089067 5.414437
v -19.818628 2.051562 5.403759
v -19.837076 2.068284 5.452517
v -19.726263 2.043773 5.399791
v -19.790325 2.006971 5.389340
v -19.832117 1.910342 5.453413
v -19.832327 1.926804 5.402092
v -19.850279 1.926804 5.501414
v -19.912645 1.891687 5.489344
v -19.894766 1.875481 5.442089
v -19.894972 1.891687 5.391566
v -19.878141 1.970703 5.515610
v -19.899273 2.014602 5.492558
v -19.960876 1.978119 5.480625
v -19.940075 1.934903 5.503318
v -19.899483 2.031065 5.441236
v -19.881319 2.014602 5.393235
v -19.943203 1.978119 5.382848
v -19.961084 1.994325 5.430102
v -19.853456 1.970703 5.379040
v -19.915773 1.934903 5.368874
v -19.956701 1.841016 5.430892
v -19.956896 1.856975 5.381162
v -19.974360 1.856929 5.477380
v -20.035831 1.822264 5.465350
v -20.018038 1.806879 5.419787
v -20.018169 1.822626 5.370867
v -20.001488 1.899385 5.491076
v -20.022039 1.941875 5.468703
v -20.084177 1.904922 5.456140
v -20.063417 1.863457 5.478413
v -20.022167 1.957879 5.419004
v -20.004440 1.942011 5.372548
v -20.065439 1.906010 5.362165
v -20.083773 1.921032 5.407474
v -19.977381 1.899510 5.358820
v -20.038393 1.864454 5.348848
v -20.078199 1.772332 5.408587
v -20.078053 1.788123 5.360340
v -20.096954 1.786459 5.453207
v -20.126804 1.825869 5.465646
v -20.150211 1.867409 5.443425
v -20.146973 1.884299 5.394881
v -20.127577 1.869887 5.350298
v -20.098755 1.829071 5.338153
v -20.422829 1.823578 5.537532
v -20.465454 1.805623 5.500728
v -20.414188 1.755238 5.463988
v -20.373526 1.776480 5.499557
v -20.487154 1.820461 5.449109
v -20.434441 1.765500 5.413502
v -20.471786 1.863982 5.412666
v -20.419357 1.811945 5.380004
v -20.432039 1.908465 5.409442
v -20.381413 1.858959 5.378493
v -20.388731 1.925864 5.446406
v -20.338762 1.878302 5.414520
v -20.366346 1.910471 5.498185
v -20.314333 1.864511 5.464270
v -20.382399 1.867505 5.534468
v -20.332787 1.821140 5.497905
v -20.539381 1.933951 5.631630
v -20.587841 1.915772 5.590050
v -20.523422 1.858663 5.542988
v -20.478121 1.875902 5.581885
v -20.612736 1.933951 5.531251
v -20.546669 1.875513 5.488035
v -20.595074 1.982427 5.489470
v -20.530178 1.920939 5.449018
v -20.549900 2.030904 5.485332
v -20.487949 1.966485 5.445200
v -20.501442 2.049083 5.526911
v -20.442566 1.983655 5.484118
v -20.476545 2.030904 5.585711
v -20.419231 1.966736 5.539091
v -20.494209 1.982427 5.627491
v -20.435808 1.921379 5.578089
v -20.678999 2.066275 5.745206
v -20.734726 2.045370 5.697391
v -20.658400 1.978027 5.641614
v -20.606449 1.997515 5.686189
v -20.763355 2.066275 5.629774
v -20.685089 1.997515 5.578578
v -20.743042 2.122021 5.581727
v -20.666153 2.049484 5.533788
v -20.691095 2.177768 5.576968
v -20.617727 2.101453 5.529351
v -20.635368 2.198673 5.624783
v -20.565777 2.120942 5.573926
v -20.606739 2.177768 5.692400
v -20.539087 2.101454 5.636961
v -20.627052 2.122021 5.740447
v -20.558023 2.049484 5.681752
v -20.839218 2.218126 5.875543
v -20.903286 2.194092 5.820572
v -20.816448 2.117476 5.757113
v -20.756680 2.139897 5.808398
v -20.936199 2.218126 5.742836
v -20.847157 2.139897 5.684590
v -20.912848 2.282216 5.687599
v -20.825369 2.199689 5.633057
v -20.853127 2.346305 5.682127
v -20.769653 2.259480 5.627953
v -20.789061 2.370339 5.737098
v -20.709883 2.281903 5.679237
v -20.756145 2.346305 5.814835
v -20.679176 2.259481 5.751760
v -20.779499 2.282215 5.870071
v -20.700964 2.199689 5.803293
v -20.986931 2.274536 5.881699
v -20.920704 2.298180 5.936800
v -21.019312 2.298180 5.801865
v -20.996672 2.364312 5.746231
v -20.934845 2.428511 5.740137
v -20.870564 2.454088 5.796659
v -20.836237 2.428511 5.875072
v -20.860823 2.364312 5.932127
v -17.948835 2.455154 4.632504
v -17.882666 2.437040 4.649696
v -17.916868 2.370459 4.706115
v -17.984200 2.390813 4.689176
v -17.832943 2.455154 4.696616
v -17.866196 2.386012 4.755664
v -17.833141 2.503458 4.748275
v -17.866747 2.437518 4.810857
v -17.876801 2.551762 4.775893
v -17.910439 2.489986 4.841007
v -17.942968 2.569876 4.758701
v -17.977110 2.510127 4.821099
v -17.992691 2.551762 4.711781
v -18.027853 2.491546 4.772219
v -17.992493 2.503458 4.660121
v -18.028189 2.441329 4.718592
v -17.884144 2.579682 4.520654
v -17.820436 2.562241 4.537206
v -17.851145 2.500457 4.592717
v -17.916069 2.518230 4.575849
v -17.772562 2.579681 4.582381
v -17.802359 2.518230 4.638754
v -17.772753 2.626189 4.632119
v -17.802553 2.565624 4.689440
v -17.814789 2.672697 4.658710
v -17.845390 2.613018 4.716537
v -17.878496 2.690137 4.642158
v -17.910313 2.630791 4.699669
v -17.926371 2.672697 4.596982
v -17.959099 2.613018 4.653633
v -17.926180 2.626189 4.547244
v -17.958904 2.565624 4.602946
v -17.822172 2.698976 4.413504
v -17.760822 2.682181 4.429443
v -17.790363 2.622745 4.482844
v -17.852882 2.639860 4.466601
v -17.714720 2.698976 4.472947
v -17.743383 2.639860 4.527177
v -17.714903 2.743763 4.520845
v -17.743570 2.685500 4.575986
v -17.755383 2.788550 4.546451
v -17.784821 2.731140 4.602080
v -17.816732 2.805345 4.530511
v -17.847340 2.748255 4.585837
v -17.862835 2.788549 4.487008
v -17.894320 2.731139 4.541505
v -17.862652 2.743763 4.439110
v -17.894133 2.685500 4.492695
v -17.762098 2.814619 4.309633
v -17.703032 2.798449 4.324979
v -17.731730 2.740711 4.376855
v -17.791931 2.757192 4.361215
v -17.658648 2.814619 4.366863
v -17.686493 2.757192 4.419544
v -17.658823 2.857738 4.412977
v -17.686672 2.801139 4.466543
v -17.697796 2.900856 4.437629
v -17.726393 2.845086 4.491669
v -17.756861 2.917026 4.422283
v -17.786592 2.861566 4.476028
v -17.801247 2.900856 4.380400
v -17.831831 2.845086 4.433340
v -17.801069 2.857738 4.334286
v -17.831650 2.801138 4.386341
v -17.703478 2.927461 4.208279
v -17.646641 2.911902 4.223045
v -17.674681 2.855490 4.273731
v -17.732626 2.871352 4.258676
v -17.603931 2.927461 4.263348
v -17.631138 2.871352 4.314819
v -17.604103 2.968952 4.307721
v -17.631311 2.913652 4.360057
v -17.641602 3.010442 4.331442
v -17.669542 2.955952 4.384242
v -17.698439 3.026001 4.316676
v -17.727488 2.971815 4.369187
v -17.741148 3.010442 4.276373
v -17.771030 2.955952 4.328099
v -17.740978 2.968952 4.232001
v -17.770857 2.913652 4.282860
v -17.621361 2.967183 4.177349
v -17.675146 2.981256 4.164025
v -17.581497 2.981256 4.215832
v -17.581326 3.020877 4.257043
v -17.616936 3.059323 4.279893
v -17.670113 3.074572 4.265471
v -17.710585 3.059323 4.228086
v -17.710150 3.020877 4.185777
v -18.146778 2.507686 5.305346
v -18.210327 2.492139 5.294967
v -18.186304 2.418736 5.238379
v -18.118719 2.436563 5.248924
v -18.259331 2.507687 5.253196
v -18.237509 2.435148 5.195689
v -18.261042 2.549146 5.201561
v -18.239105 2.478490 5.141831
v -18.220543 2.590605 5.169483
v -18.196472 2.523104 5.107402
v -18.156994 2.606152 5.179862
v -18.129967 2.541785 5.120682
v -18.107990 2.590605 5.221632
v -18.079268 2.526646 5.164687
v -18.106281 2.549145 5.273267
v -18.077351 2.483471 5.217620
v -18.196898 2.636895 5.404469
v -18.256550 2.622301 5.394726
v -18.233965 2.558703 5.345984
v -18.172409 2.573763 5.356037
v -18.302547 2.636895 5.355516
v -18.281431 2.573763 5.305522
v -18.304153 2.675811 5.307049
v -18.283089 2.613922 5.255507
v -18.266138 2.714728 5.276937
v -18.243860 2.654080 5.224434
v -18.206488 2.729321 5.286679
v -18.182304 2.669140 5.234488
v -18.160488 2.714728 5.325889
v -18.134838 2.654080 5.274949
v -18.158884 2.675811 5.374357
v -18.133181 2.613922 5.324964
v -18.243401 2.756781 5.496439
v -18.299437 2.743072 5.487288
v -18.278326 2.683623 5.441724
v -18.220509 2.697767 5.451167
v -18.342648 2.756781 5.450455
v -18.322908 2.697767 5.403722
v -18.344154 2.793339 5.404925
v -18.324465 2.735486 5.356746
v -18.308445 2.829895 5.376639
v -18.287621 2.773205 5.327561
v -18.252409 2.843606 5.385791
v -18.229805 2.787349 5.337003
v -18.209198 2.829895 5.422623
v -18.185221 2.773205 5.375006
v -18.207691 2.793338 5.468153
v -18.183666 2.735486 5.421982
v -18.287457 2.870357 5.583570
v -18.340067 2.857486 5.574978
v -18.319992 2.800956 5.531651
v -18.265690 2.814242 5.540521
v -18.380634 2.870357 5.540397
v -18.361866 2.814241 5.495958
v -18.382051 2.904680 5.497650
v -18.363327 2.849668 5.451837
v -18.348524 2.939002 5.471093
v -18.328722 2.885095 5.424425
v -18.295914 2.951873 5.479686
v -18.274420 2.898380 5.433294
v -18.255344 2.939002 5.514266
v -18.232546 2.885095 5.468987
v -18.253929 2.904679 5.557014
v -18.231085 2.849668 5.513109
v -18.329674 2.979197 5.667068
v -18.379002 2.967130 5.659011
v -18.359722 2.912834 5.617398
v -18.308767 2.925300 5.625720
v -18.417040 2.979197 5.626588
v -18.399012 2.925300 5.583906
v -18.418367 3.011379 5.586509
v -18.400383 2.958541 5.542506
v -18.386932 3.043559 5.561609
v -18.367912 2.991783 5.516786
v -18.337605 3.055627 5.569665
v -18.316959 3.004248 5.525107
v -18.299568 3.043559 5.602088
v -18.277668 2.991783 5.558599
v -18.298241 3.011379 5.642168
v -18.276299 2.958541 5.599999
v -18.370432 3.084272 5.747675
v -18.416590 3.072979 5.740137
v -18.397949 3.020482 5.699902
v -18.350218 3.032160 5.707697
v -18.452185 3.084272 5.709797
v -18.434753 3.032160 5.668529
v -18.453426 3.114385 5.672292
v -18.436037 3.063298 5.629747
v -18.424011 3.144498 5.648993
v -18.405622 3.094437 5.605654
v -18.377853 3.155791 5.656531
v -18.357891 3.106114 5.613449
v -18.342260 3.144498 5.686871
v -18.321087 3.094437 5.644823
v -18.341019 3.114385 5.724375
v -18.319801 3.063298 5.683604
v -18.433258 3.123687 5.776108
v -18.390186 3.133642 5.782661
v -18.466105 3.133642 5.747485
v -18.467470 3.162147 5.713093
v -18.439941 3.189572 5.691020
v -18.397278 3.200605 5.698453
v -18.364023 3.189572 5.726195
v -18.363064 3.162146 5.761468
v -18.761604 2.463634 3.240444
v -18.846817 2.436006 3.258606
v -18.846436 2.379309 3.167816
v -18.762163 2.408163 3.148648
v -18.932032 2.463634 3.240444
v -18.931768 2.406288 3.145647
v -18.963797 2.537308 3.192013
v -18.962206 2.484988 3.090733
v -18.931755 2.610981 3.143581
v -18.930855 2.565222 3.036762
v -18.846817 2.638608 3.125420
v -18.846592 2.594918 3.019203
v -18.761879 2.610981 3.143581
v -18.761805 2.563233 3.038046
v -18.845917 2.593008 2.911370
v -18.729837 2.537308 3.192013
v -18.731064 2.484284 3.095184
v -18.758869 2.578861 3.429386
v -18.846817 2.551018 3.447064
v -18.846817 2.492948 3.352164
v -18.760197 2.520452 3.334623
v -18.934765 2.578861 3.429386
v -18.933439 2.520452 3.334623
v -18.967745 2.653107 3.382246
v -18.965899 2.593796 3.287849
v -18.934765 2.727354 3.335105
v -18.933405 2.667140 3.241075
v -18.846817 2.755196 3.317427
v -18.846817 2.694644 3.223534
v -18.758869 2.727354 3.335105
v -18.760231 2.667140 3.241075
v -18.725889 2.653107 3.382246
v -18.727736 2.593796 3.287849
v -18.756199 2.703832 3.627609
v -18.846817 2.677258 3.647809
v -18.846817 2.610884 3.544142
v -18.757542 2.638883 3.525949
v -18.937435 2.703832 3.627609
v -18.936092 2.638883 3.525949
v -18.971416 2.774693 3.573742
v -18.969570 2.713545 3.477435
v -18.937435 2.845554 3.519876
v -18.936092 2.788207 3.428921
v -18.846817 2.872127 3.499676
v -18.846817 2.816206 3.410728
v -18.756199 2.845554 3.519876
v -18.757542 2.788207 3.428921
v -18.722218 2.774693 3.573742
v -18.724064 2.713545 3.477435
v -18.753937 2.871465 3.814249
v -18.846817 2.855446 3.843567
v -18.846817 2.756242 3.756800
v -18.754900 2.778644 3.732278
v -18.939699 2.871465 3.814249
v -18.938734 2.778644 3.732278
v -18.974529 2.914185 3.736068
v -18.973204 2.838385 3.666886
v -18.939699 2.956904 3.657887
v -18.938734 2.898126 3.601495
v -18.846817 2.972924 3.628570
v -18.846817 2.920529 3.576973
v -18.753937 2.956904 3.657887
v -18.754900 2.898127 3.601495
v -18.719105 2.914185 3.736068
v -18.720432 2.838385 3.666886
v -18.919287 2.693153 2.592324
v -18.846817 2.681868 2.566939
v -18.847242 2.582405 2.611422
v -18.922104 2.592911 2.640118
v -18.774347 2.693153 2.592323
v -18.772118 2.592658 2.639067
v -18.746981 2.723246 2.660016
v -18.742630 2.620149 2.715039
v -18.774073 2.753339 2.727708
v -18.768974 2.649669 2.794200
v -18.846817 2.764625 2.753093
v -18.846592 2.664514 2.821439
v -18.919563 2.753339 2.727709
v -18.923740 2.651652 2.794194
v -18.946653 2.723246 2.660016
v -18.950817 2.621363 2.716392
v -18.846817 2.774102 2.528925
v -18.914448 2.784151 2.552356
v -18.779186 2.784151 2.552356
v -18.753771 2.814597 2.612971
v -18.779152 2.843033 2.674566
v -18.846817 2.855091 2.697016
v -18.914484 2.843033 2.674566
v -18.939863 2.814597 2.612971
v -18.474644 1.178731 4.011717
v -18.470785 1.104093 4.107831
v -18.550501 0.958561 3.997627
v -18.561766 1.028827 3.892383
v -18.538269 1.075767 4.202788
v -18.606298 0.945054 4.106400
v -18.645321 1.118210 4.237072
v -18.704117 1.005252 4.151073
v -18.728516 1.199265 4.199705
v -18.785206 1.096741 4.115576
v -18.732374 1.273903 4.103591
v -18.796394 1.166674 4.010566
v -18.664892 1.302229 4.008634
v -18.740520 1.179849 3.902026
v -18.557838 1.259786 3.974349
v -18.642780 1.119983 3.857120
v -18.363363 1.403286 4.203732
v -18.362953 1.330647 4.290224
v -18.411583 1.226519 4.205848
v -18.412434 1.301504 4.115657
v -18.431520 1.297035 4.373447
v -18.481993 1.192597 4.292941
v -18.536268 1.329149 4.400912
v -18.590052 1.226929 4.322051
v -18.615454 1.401106 4.364733
v -18.672024 1.302101 4.284678
v -18.615862 1.473745 4.278241
v -18.672876 1.377086 4.194488
v -18.547297 1.507357 4.195017
v -18.602467 1.411008 4.107395
v -18.442549 1.475244 4.167552
v -18.494408 1.376676 4.078285
v -18.275789 1.586875 4.363312
v -18.275410 1.519458 4.443587
v -18.318155 1.427269 4.368706
v -18.318548 1.497236 4.285396
v -18.339048 1.488262 4.520828
v -18.384199 1.394894 4.448868
v -18.436264 1.518067 4.546318
v -18.485092 1.425826 4.475322
v -18.509758 1.584852 4.512740
v -18.561365 1.495137 4.440474
v -18.510138 1.652269 4.432466
v -18.561760 1.565103 4.357164
v -18.446501 1.683465 4.355225
v -18.495714 1.597479 4.277002
v -18.349283 1.653660 4.329734
v -18.394821 1.566546 4.250547
v -18.194717 1.756833 4.511044
v -18.194366 1.694250 4.585563
v -18.234241 1.608250 4.515708
v -18.234606 1.673211 4.438358
v -18.253441 1.665291 4.657265
v -18.295561 1.578190 4.590136
v -18.343687 1.692959 4.680928
v -18.389236 1.606910 4.614698
v -18.411911 1.754955 4.649757
v -18.460054 1.671262 4.582343
v -18.412264 1.817538 4.575239
v -18.460419 1.736223 4.504992
v -18.353188 1.846497 4.503536
v -18.399099 1.766283 4.430565
v -18.262943 1.818829 4.479874
v -18.305424 1.737563 4.406003
v -18.118038 1.917583 4.650774
v -18.117712 1.859573 4.719847
v -18.155571 1.777920 4.653524
v -18.155910 1.838188 4.581761
v -18.172472 1.832730 4.786312
v -18.212461 1.750031 4.722576
v -18.256124 1.858376 4.808245
v -18.299372 1.776677 4.745363
v -18.319365 1.915843 4.779352
v -18.365074 1.836380 4.715345
v -18.319691 1.973854 4.710278
v -18.365412 1.896649 4.643582
v -18.264931 2.000697 4.643814
v -18.308521 1.924537 4.574531
v -18.181278 1.975050 4.621880
v -18.221613 1.897892 4.551743
v -18.079306 1.940999 4.782657
v -18.079554 1.996251 4.715924
v -18.131733 1.917676 4.849978
v -18.214575 1.942124 4.872402
v -18.276043 1.996681 4.844447
v -18.276108 2.052679 4.777552
v -18.222124 2.079242 4.711470
v -18.140438 2.051954 4.688451
v -18.753481 3.109527 3.860075
v -18.846817 3.106717 3.894355
v -18.846817 2.977891 3.884039
v -18.753538 2.986567 3.851462
v -18.940153 3.109527 3.860075
v -18.940096 2.986567 3.851462
v -18.975155 3.117020 3.768662
v -18.975077 3.009702 3.764588
v -18.940153 3.124512 3.677250
v -18.940096 3.032837 3.677715
v -18.846817 3.127322 3.642971
v -18.846817 3.041513 3.645137
v -18.753481 3.124512 3.677250
v -18.753538 3.032837 3.677715
v -18.718481 3.117020 3.768662
v -18.718559 3.009702 3.764588
v -18.846817 3.219282 3.891267
v -18.757479 3.218453 3.857761
v -18.936155 3.218453 3.857761
v -18.969753 3.220570 3.768662
v -18.936155 3.220326 3.679564
v -18.846817 3.221858 3.646058
v -18.757479 3.220326 3.679564
v -18.723883 3.220570 3.768662
v -20.431204 2.729496 3.548177
v -20.487453 2.727679 3.488931
v -20.481846 2.619298 3.486528
v -20.426338 2.624956 3.546150
v -20.491547 2.729496 3.407339
v -20.486723 2.624956 3.405213
v -20.433321 2.734341 3.351136
v -20.430538 2.640044 3.349863
v -20.352465 2.739187 3.347748
v -20.351707 2.655133 3.347364
v -20.296215 2.741004 3.406993
v -20.296198 2.660791 3.406986
v -20.292122 2.739187 3.488586
v -20.291321 2.655133 3.488302
v -20.350349 2.734341 3.544788
v -20.347507 2.640044 3.543652
v -20.432081 2.924660 3.548553
v -20.488661 2.924660 3.489448
v -20.488510 2.828668 3.489383
v -20.431973 2.828895 3.548506
v -20.492426 2.924660 3.407715
v -20.492315 2.828895 3.407668
v -20.433321 2.924660 3.351136
v -20.433321 2.829500 3.351136
v -20.351587 2.924660 3.347371
v -20.351696 2.830106 3.347418
v -20.295008 2.924660 3.406476
v -20.295158 2.830333 3.406541
v -20.291245 2.924660 3.488210
v -20.291353 2.830106 3.488257
v -20.350349 2.924660 3.544788
v -20.350349 2.829500 3.544788
v -20.432081 3.114979 3.548553
v -20.488661 3.114978 3.489448
v -20.488661 3.019819 3.489448
v -20.432081 3.019819 3.548553
v -20.492426 3.114979 3.407715
v -20.492426 3.019819 3.407714
v -20.433321 3.114978 3.351136
v -20.433321 3.019819 3.351136
v -20.351587 3.114979 3.347371
v -20.351587 3.019819 3.347372
v -20.295008 3.114978 3.406476
v -20.295008 3.019819 3.406476
v -20.291245 3.114979 3.488210
v -20.291245 3.019819 3.488210
v -20.350349 3.114978 3.544788
v -20.350349 3.019819 3.544788
v -20.432081 3.305297 3.548553
v -20.488661 3.305298 3.489448
v -20.488661 3.210138 3.489448
v -20.432081 3.210138 3.548553
v -20.492426 3.305297 3.407715
v -20.492426 3.210138 3.407714
v -20.433321 3.305298 3.351136
v -20.433321 3.210138 3.351136
v -20.351587 3.305297 3.347371
v -20.351587 3.210138 3.347372
v -20.295008 3.305298 3.406476
v -20.295008 3.210138 3.406476
v -20.291245 3.305297 3.488210
v -20.291245 3.210138 3.488210
v -20.350349 3.305298 3.544788
v -20.350349 3.210138 3.544788
v -20.484585 3.395464 3.487702
v -20.430359 3.394436 3.544245
v -20.488117 3.394436 3.409438
v -20.431574 3.395464 3.355211
v -20.353312 3.394436 3.351679
v -20.299084 3.395464 3.408222
v -20.295551 3.394436 3.486486
v -20.352095 3.395464 3.540713
vn 0.9440 -0.3298 -0.0007
vn 0.8900 0.2463 0.3837
vn 0.8968 0.3305 0.2941
vn 0.9554 -0.2941 -0.0266
vn 0.1829 0.5377 0.8231
vn 0.1297 0.5154 0.8471
vn -0.1807 0.4668 0.8657
vn -0.8597 0.2678 -0.4350
vn -0.9701 -0.0492 -0.2376
vn -0.9766 -0.1687 -0.1336
vn -0.2323 -0.7892 -0.5686
vn 0.4339 -0.7948 -0.4244
vn 0.4123 -0.8303 -0.3750
vn -0.2786 -0.8326 -0.4787
vn -0.9461 0.3217 -0.0379
vn -0.8898 -0.3169 -0.3283
vn -0.8748 -0.2426 -0.4193
vn -0.9159 0.3716 -0.1516
vn 0.2878 0.8651 0.4108
vn -0.3879 0.8679 0.3102
vn -0.3029 0.9411 0.1505
vn 0.1956 0.9629 0.1858
vn 0.6025 0.0668 0.7953
vn 0.3143 -0.1676 0.9344
vn 0.1660 -0.0775 0.9831
vn 0.5886 -0.1073 0.8012
vn 0.5327 0.2348 0.8131
vn 0.4807 0.0473 0.8756
vn 0.5403 0.3562 0.7623
vn 0.3731 0.6529 0.6592
vn 0.5384 -0.0120 0.8426
vn 0.9671 -0.2384 -0.0889
vn 0.8902 0.3889 0.2373
vn 0.8022 0.5921 -0.0769
vn 0.8978 -0.0874 -0.4316
vn -0.2666 -0.8382 -0.4758
vn 0.3996 -0.8233 -0.4031
vn 0.3633 -0.7420 -0.5634
vn -0.1985 -0.7765 -0.5980
vn 0.0864 0.9960 -0.0237
vn -0.3684 0.9179 -0.1476
vn -0.4615 0.8522 -0.2465
vn 0.7852 0.3389 0.5182
vn 0.6033 -0.2932 0.7416
vn 0.5894 -0.1576 0.7923
vn 0.7165 0.4354 0.5450
vn -0.5430 -0.3142 -0.7787
vn -0.2340 -0.3188 -0.9185
vn -0.7512 -0.1330 -0.6465
vn -0.1024 -0.4199 -0.9018
vn 0.3787 -0.4799 -0.7914
vn 0.2144 -0.3193 -0.9231
vn 0.6001 -0.5605 -0.5706
vn 0.8472 -0.4768 -0.2343
vn 0.6214 -0.3548 -0.6986
vn -0.0417 0.8616 -0.5059
vn 0.4842 0.8732 -0.0552
vn 0.2886 0.9560 -0.0525
vn -0.1720 0.8644 -0.4725
vn -0.8317 -0.3027 -0.4654
vn -0.6457 0.3254 -0.6908
vn -0.7539 0.2971 -0.5860
vn -0.8984 -0.2582 -0.3552
vn 0.0002 1.0000 -0.0090
vn 0.1550 0.9697 0.1890
vn 0.3479 0.8585 0.3768
vn 0.0986 0.9942 0.0430
vn -0.1866 0.9818 -0.0354
vn 0.0061 0.9992 0.0404
vn 0.9028 -0.1113 0.4155
vn 0.9674 -0.0652 0.2445
vn 0.9818 0.1878 0.0291
vn 0.9102 0.2111 0.3564
vn 0.8269 0.4769 0.2981
vn 0.8233 -0.2319 0.5181
vn -0.0050 -0.8362 0.5483
vn -0.5411 -0.8350 0.0999
vn -0.5898 -0.7845 0.1916
vn -0.0181 -0.8037 0.5948
vn 0.7950 0.3277 0.5105
vn 0.6038 -0.3097 0.7345
vn -0.0247 0.8588 -0.5118
vn 0.5093 0.8588 -0.0560
vn 0.2690 -0.6065 -0.7482
vn 0.4855 -0.7260 -0.4870
vn -0.1282 -0.7020 -0.7006
vn -0.4192 -0.4342 -0.7974
vn -0.0772 -0.4893 -0.8687
vn -0.2749 -0.6344 -0.7225
vn 0.8314 -0.4276 -0.3549
vn 0.9212 -0.3892 0.0012
vn 0.7745 -0.4987 0.3891
vn -0.8203 -0.3097 -0.4809
vn -0.6291 0.3277 -0.7049
vn -0.9070 -0.1521 0.3927
vn -0.8522 -0.4036 -0.3330
vn -0.7725 -0.5725 -0.2747
vn -0.0005 -0.8408 0.5414
vn -0.5346 -0.8408 0.0856
vn 0.7904 0.3347 0.5130
vn 0.6046 -0.3081 0.7345
vn 0.6039 -0.3095 0.7345
vn 0.7944 0.3285 0.5109
vn -0.0242 0.8625 -0.5055
vn 0.5024 0.8634 -0.0465
vn 0.5084 0.8594 -0.0548
vn -0.0248 0.8592 -0.5110
vn -0.8232 -0.3103 -0.4755
vn -0.6292 0.3275 -0.7049
vn -0.8207 -0.3097 -0.4802
vn 0.9996 0.0275 -0.0084
vn 0.8688 -0.0019 -0.4952
vn 0.9050 -0.0413 -0.4234
vn 0.9880 0.1535 -0.0154
vn -0.0055 -0.8401 0.5424
vn -0.5404 -0.8364 0.0914
vn -0.5354 -0.8402 0.0864
vn -0.0012 -0.8407 0.5416
vn -0.3564 0.1480 -0.9226
vn -0.1003 -0.3635 -0.9262
vn -0.4118 -0.3369 -0.8467
vn 0.8439 0.3130 0.4356
vn 0.6083 -0.2889 0.7393
vn 0.6064 -0.3029 0.7352
vn 0.7900 0.3463 0.5059
vn 0.0438 0.8325 -0.5523
vn 0.5786 0.8050 -0.1311
vn 0.5018 0.8640 -0.0413
vn -0.0122 0.8661 -0.4998
vn -0.9111 -0.2241 -0.3459
vn -0.6524 0.3622 -0.6657
vn -0.6330 0.3307 -0.7000
vn -0.8390 -0.3040 -0.4513
vn -0.0963 -0.7545 0.6492
vn -0.6555 -0.7142 0.2454
vn -0.5637 -0.8176 0.1172
vn -0.0262 -0.8310 0.5557
vn 0.6216 0.2611 0.7385
vn 0.2461 0.4992 0.8308
vn 0.5115 0.4200 0.7497
vn -0.2006 0.4637 -0.8630
vn 0.2017 -0.1335 -0.9703
vn 0.2097 -0.0634 -0.9757
vn -0.1026 0.6077 -0.7875
vn -0.4062 0.7622 0.5041
vn -0.4882 0.8557 -0.1714
vn -0.1770 0.9820 -0.0667
vn 0.0296 0.8964 0.4423
vn 0.2905 -0.3312 0.8977
vn -0.0640 0.2340 0.9701
vn 0.3718 0.3032 0.8774
vn 0.5050 -0.1739 0.8454
vn 0.5053 -0.6920 -0.5155
vn 0.5799 -0.8037 0.1337
vn 0.5800 -0.8114 -0.0718
vn 0.4103 -0.7409 -0.5317
vn 0.3430 0.9292 0.1372
vn 0.1372 0.9292 -0.3430
vn -0.3430 0.9292 -0.1372
vn -0.1372 0.9292 0.3430
vn 0.2482 0.9364 -0.2482
vn -0.2482 0.9364 -0.2482
vn -0.2482 0.9364 0.2482
vn 0.2482 0.9364 0.2482
vn -0.3032 0.9449 -0.1235
vn 0.3032 0.9449 -0.1235
vn 0.3032 0.6790 -0.6686
vn -0.3032 0.6790 -0.6686
vn 0.9362 -0.2258 0.2695
vn 0.8864 0.0099 0.4628
vn 0.9130 -0.4039 -0.0571
vn 0.7718 -0.4952 -0.3989
vn 0.1340 0.8766 0.4622
vn -0.4393 0.8766 0.1966
vn -0.6368 0.4542 0.6230
vn -0.0635 0.4542 0.8886
vn -0.9990 -0.0357 -0.0257
vn -0.7683 -0.3315 0.5476
vn -0.9090 -0.1325 0.3952
vn -0.2693 -0.5321 0.8027
vn -0.7007 -0.5510 0.4533
vn -0.1669 -0.5947 0.7864
vn -0.0355 0.8370 -0.5461
vn 0.4815 0.8370 -0.2601
vn 0.6771 0.4060 -0.6137
vn 0.1601 0.4060 -0.8997
vn -0.2100 0.8080 0.5505
vn -0.5883 0.8080 0.0329
vn -0.9124 0.3079 0.2697
vn -0.5341 0.3079 0.7874
vn 0.6491 0.7267 -0.2249
vn 0.5292 0.7267 0.4379
vn 0.8562 0.1408 0.4970
vn 0.9761 0.1407 -0.1658
vn -0.9229 -0.2952 0.2474
vn -0.5571 -0.2011 0.8057
vn -0.2805 -0.5070 0.8150
vn -0.7248 -0.5983 0.3416
vn -0.9816 0.0206 -0.1900
vn -0.9892 -0.0050 0.1468
vn -0.9832 0.1793 0.0348
vn -0.9605 -0.0314 -0.2764
vn -0.0640 0.9933 0.0962
vn -0.1044 0.8702 -0.4814
vn -0.1033 0.8720 -0.4785
vn 0.8884 -0.2831 0.3613
vn 0.8878 -0.0590 0.4565
vn 0.7602 -0.3600 0.5408
vn 0.7259 -0.4187 0.5457
vn -0.8236 0.4366 -0.3622
vn -0.8214 -0.0063 -0.5703
vn -0.8705 0.0728 -0.4868
vn -0.8305 0.3593 -0.4256
vn -0.6311 -0.4273 0.6474
vn 0.1673 -0.6063 0.7774
vn 0.1799 -0.5969 0.7819
vn -0.6318 -0.4808 0.6080
vn -0.8446 0.3651 -0.3916
vn -0.9944 0.0772 0.0728
vn -0.9998 -0.0065 0.0178
vn -0.8636 0.3616 -0.3512
vn 0.1992 -0.1327 -0.9709
vn -0.5712 -0.1504 -0.8069
vn -0.4753 -0.2339 -0.8482
vn 0.2902 -0.2320 -0.9284
vn -0.6500 0.4052 -0.6429
vn -0.7146 0.5278 -0.4591
vn -0.7665 0.5040 -0.3981
vn -0.6680 0.1711 -0.7242
vn -0.1382 -0.3974 0.9072
vn 0.4926 -0.3995 0.7732
vn 0.3847 -0.5491 0.7420
vn -0.2917 -0.4944 0.8188
vn -0.3615 0.9289 -0.0806
vn -0.2566 0.9049 -0.3395
vn 0.3433 0.9296 -0.1344
vn 0.2922 0.9507 0.1040
vn -0.1069 -0.1904 -0.9759
vn 0.5638 -0.3252 -0.7592
vn 0.4363 -0.0688 -0.8972
vn -0.1694 0.2013 -0.9648
vn 0.5484 -0.2184 -0.8072
vn 0.6971 -0.0428 -0.7157
vn 0.2157 0.3338 -0.9176
vn 0.1844 0.2958 -0.9373
vn 0.7169 -0.6645 -0.2109
vn 0.5759 -0.7013 0.4201
vn 0.6158 -0.6064 0.5031
vn 0.8850 -0.4566 -0.0909
vn 0.2092 -0.3239 0.9227
vn 0.1375 0.1550 0.9783
vn 0.1513 -0.2534 0.9555
vn 0.2285 -0.4254 0.8757
vn -0.3464 0.4383 -0.8294
vn -0.1686 0.5146 -0.8407
vn -0.3744 0.4921 -0.7859
vn -0.7425 0.2377 -0.6263
vn 0.2501 0.7562 0.6047
vn -0.2839 0.7355 0.6152
vn -0.3872 0.8351 0.3908
vn 0.2956 0.8325 0.4686
vn -0.9823 0.1085 0.1526
vn -0.8548 -0.4016 -0.3288
vn -0.8923 -0.3268 -0.3115
vn -0.9593 0.2820 0.0175
vn 0.2002 -0.4129 0.8885
vn 0.6840 -0.3890 0.6171
vn 0.6983 0.0945 0.7095
vn 0.1526 0.1240 0.9805
vn 0.8911 -0.4137 -0.1867
vn 0.6037 -0.4373 -0.6666
vn 0.6235 0.0584 -0.7797
vn 0.9699 0.0260 -0.2420
vn -0.1790 -0.4481 -0.8759
vn -0.6670 -0.4422 -0.5996
vn -0.7530 0.1095 -0.6488
vn -0.1882 0.0702 -0.9796
vn -0.8777 -0.4440 0.1801
vn -0.5936 -0.4463 0.6696
vn -0.6195 0.0948 0.7792
vn -0.9759 0.1027 0.1925
vn -0.5571 -0.5892 0.5853
vn -0.7741 -0.6259 -0.0955
vn -0.7849 -0.5770 -0.2256
vn -0.7473 -0.4241 0.5116
vn -0.5959 -0.2445 -0.7650
vn -0.1963 0.2722 -0.9420
vn -0.3163 0.2628 -0.9115
vn -0.5417 -0.2695 -0.7962
vn 0.3987 0.7469 -0.5321
vn 0.6840 0.7197 0.1191
vn 0.3986 0.8769 0.2686
vn 0.1098 0.9215 -0.3725
vn 0.5487 0.2947 0.7823
vn 0.1025 -0.1479 0.9837
vn 0.0263 0.1300 0.9912
vn 0.3346 0.3963 0.8550
vn -0.4873 -0.6437 0.5901
vn -0.7618 -0.6453 -0.0567
vn -0.7650 -0.6408 -0.0639
vn -0.5026 -0.6305 0.5915
vn -0.6085 -0.2355 -0.7578
vn -0.1509 0.2589 -0.9540
vn -0.1608 0.2641 -0.9510
vn -0.6066 -0.2378 -0.7586
vn 0.4617 0.6717 -0.5793
vn 0.7391 0.6703 0.0663
vn 0.7302 0.6788 0.0781
vn 0.4480 0.6886 -0.5701
vn 0.5874 0.2590 0.7668
vn 0.1272 -0.2323 0.9643
vn 0.1206 -0.2152 0.9691
vn 0.5830 0.2656 0.7678
vn -0.4848 -0.6460 0.5896
vn -0.7613 -0.6460 -0.0558
vn -0.6088 -0.2352 -0.7577
vn -0.1492 0.2579 -0.9546
vn -0.6088 -0.2351 -0.7577
vn 0.4642 0.6687 -0.5808
vn 0.7407 0.6687 0.0646
vn 0.5882 0.2579 0.7665
vn 0.1286 -0.2351 0.9634
vn 0.1286 -0.2352 0.9634
vn -0.4848 -0.6460 0.5897
vn -0.4908 -0.6409 0.5902
vn -0.7658 -0.6409 -0.0518
vn -0.7620 -0.6453 -0.0552
vn -0.4856 -0.6453 0.5898
vn -0.6102 -0.2355 -0.7564
vn -0.1483 0.2610 -0.9539
vn -0.1492 0.2582 -0.9545
vn -0.6090 -0.2352 -0.7575
vn 0.4591 0.6764 -0.5760
vn 0.7337 0.6763 0.0649
vn 0.7398 0.6698 0.0647
vn 0.4634 0.6698 -0.5802
vn 0.5884 0.2610 0.7653
vn 0.1267 -0.2355 0.9636
vn 0.1284 -0.2352 0.9634
vn 0.5882 0.2583 0.7664
vn -0.6031 -0.4888 0.6304
vn -0.8724 -0.4888 0.0018
vn -0.7864 -0.6165 -0.0382
vn -0.5149 -0.6165 0.5957
vn -0.6523 -0.1836 -0.7354
vn -0.0955 0.2104 -0.9729
vn -0.1379 0.2605 -0.9556
vn -0.6188 -0.2304 -0.7510
vn 0.5736 0.5402 -0.6158
vn 0.8415 0.5402 0.0095
vn 0.7390 0.6714 0.0556
vn 0.4695 0.6714 -0.5735
vn 0.6385 0.2104 0.7403
vn 0.0825 -0.1836 0.9795
vn 0.1169 -0.2304 0.9660
vn 0.5967 0.2605 0.7590
vn 0.7335 -0.4220 -0.5327
vn 0.9013 -0.3989 0.1691
vn 0.9127 -0.3612 0.1910
vn 0.6731 -0.5213 -0.5246
vn 0.5058 -0.1433 0.8507
vn -0.0803 0.1592 0.9840
vn 0.0943 0.3143 0.9446
vn 0.5482 0.0108 0.8363
vn -0.7072 0.4533 0.5426
vn -0.8740 0.4597 -0.1573
vn -0.6675 0.7293 -0.1506
vn -0.4894 0.6876 0.5364
vn -0.5094 0.1299 -0.8507
vn 0.0683 -0.1892 -0.9796
vn 0.0155 -0.2810 -0.9596
vn -0.4321 0.1682 -0.8860
vn 0.7972 -0.2914 -0.5287
vn 0.9450 -0.2904 0.1504
vn 0.9096 -0.3835 0.1601
vn 0.7585 -0.3854 -0.5254
vn 0.5292 -0.1063 0.8418
vn -0.1266 0.1279 0.9837
vn -0.1176 0.1293 0.9846
vn 0.5085 -0.1582 0.8464
vn -0.7845 0.3301 0.5250
vn -0.9318 0.3298 -0.1517
vn -0.9079 0.3882 -0.1580
vn -0.7556 0.3871 0.5284
vn -0.5243 0.1255 -0.8422
vn 0.1308 -0.1090 -0.9854
vn 0.1026 -0.1638 -0.9811
vn -0.5216 0.1232 -0.8443
vn 0.8486 0.0510 -0.5266
vn 0.9937 0.0595 0.0949
vn 0.9880 -0.0723 0.1366
vn 0.8406 -0.0745 -0.5365
vn 0.5314 -0.0242 0.8468
vn -0.1485 -0.0749 0.9861
vn -0.1363 0.1095 0.9846
vn 0.5469 0.0045 0.8372
vn -0.8359 -0.0528 0.5464
vn -0.9945 0.0435 -0.0954
vn -0.9674 0.2118 -0.1385
vn -0.8204 0.2056 0.5336
vn -0.5831 0.0631 -0.8099
vn 0.1513 0.0046 -0.9885
vn 0.1503 0.0045 -0.9886
vn -0.5348 0.1192 -0.8365
vn -0.1717 -0.3995 0.9005
vn -0.7298 -0.2661 0.6297
vn -0.7490 -0.1639 0.6420
vn -0.1610 -0.3288 0.9306
vn -0.9296 0.2451 -0.2754
vn -0.5384 0.5192 -0.6637
vn -0.6137 0.5050 -0.6069
vn -0.9732 0.2180 -0.0737
vn 0.1928 0.4840 -0.8536
vn 0.7663 0.2272 -0.6010
vn 0.7651 0.3593 -0.5343
vn 0.1692 0.5601 -0.8110
vn 0.9838 -0.1598 0.0818
vn 0.6512 -0.3778 0.6582
vn 0.6407 -0.2684 0.7193
vn 0.9871 -0.0131 0.1594
vn -0.1774 -0.3667 0.9133
vn -0.7613 -0.2131 0.6124
vn -0.7590 -0.4375 0.4822
vn -0.1752 -0.5410 0.8225
vn -0.9841 0.1706 -0.0503
vn -0.6480 0.4939 -0.5798
vn -0.6672 0.4399 -0.6011
vn -0.9885 -0.0027 -0.1509
vn 0.1581 0.5958 -0.7874
vn 0.7615 0.4070 -0.5045
vn 0.7175 0.5958 -0.3608
vn 0.1253 0.7092 -0.6938
vn 0.9824 0.0326 0.1841
vn 0.6289 -0.2565 0.7339
vn 0.6153 -0.2683 0.7413
vn 0.9448 0.1648 0.2832
vn 0.7432 -0.6432 -0.1842
vn 0.6317 -0.6432 0.4327
vn 0.4109 -0.8029 0.4318
vn 0.5361 -0.8029 -0.2606
vn 0.2399 -0.1294 0.9621
vn -0.0643 0.4159 0.9071
vn -0.3180 0.3171 0.8935
vn 0.0236 -0.2950 0.9552
vn -0.2460 0.9297 0.2740
vn -0.1345 0.9297 -0.3428
vn -0.3724 0.8251 -0.4248
vn -0.4976 0.8251 0.2676
vn 0.2573 0.4159 -0.8723
vn 0.5616 -0.1294 -0.8173
vn 0.3565 -0.2950 -0.8865
vn 0.0149 0.3171 -0.9483
vn 0.5050 -0.8213 -0.2655
vn 0.3801 -0.8213 0.4255
vn -0.0080 -0.3123 0.9500
vn -0.3489 0.2985 0.8883
vn -0.5288 0.8075 0.2612
vn -0.4039 0.8075 -0.4298
vn -0.0158 0.2985 -0.9543
vn 0.3250 -0.3123 -0.8927
vn -0.3489 0.2985 0.8884
vn 0.3800 -0.8213 0.4256
vn 0.5050 -0.8212 -0.2656
vn -0.0085 -0.3122 0.9500
vn -0.3497 0.2983 0.8881
vn -0.3547 0.2969 0.8866
vn -0.0118 -0.3117 0.9501
vn -0.5292 0.8073 0.2612
vn -0.4038 0.8076 -0.4298
vn -0.4030 0.8077 -0.4303
vn -0.5315 0.8057 0.2616
vn -0.0156 0.2985 -0.9543
vn 0.3251 -0.3123 -0.8926
vn 0.3252 -0.3124 -0.8925
vn -0.0143 0.2979 -0.9545
vn 0.5164 -0.8145 -0.2643
vn 0.3914 -0.8159 0.4256
vn 0.4611 -0.7805 0.4223
vn 0.5845 -0.7710 -0.2528
vn -0.0091 -0.3075 0.9515
vn -0.3459 0.2937 0.8911
vn -0.2084 0.2495 0.9457
vn 0.0547 -0.3017 0.9518
vn -0.5188 0.8153 0.2573
vn -0.3895 0.8144 -0.4301
vn -0.3087 0.8453 -0.4362
vn -0.3854 0.9042 0.1841
vn 0.0025 0.2969 -0.9549
vn 0.3365 -0.3088 -0.8896
vn 0.4066 -0.2848 -0.8681
vn 0.0822 0.2934 -0.9524
vn -0.2222 -0.7271 0.6496
vn -0.6742 -0.7321 0.0971
vn -0.6935 -0.6738 0.2549
vn -0.2395 -0.6560 0.7157
vn -0.7034 -0.2723 -0.6565
vn -0.3323 0.2349 -0.9134
vn -0.3338 0.2824 -0.8993
vn -0.6937 -0.1283 -0.7088
vn 0.2629 0.7013 -0.6626
vn 0.6455 0.7597 -0.0793
vn 0.3967 0.9155 -0.0667
vn 0.1438 0.7743 -0.6163
vn 0.6987 0.2604 0.6664
vn 0.3775 -0.2993 0.8763
vn 0.2930 -0.2718 0.9167
vn 0.4919 0.2334 0.8388
vn -0.2317 -0.7616 0.6052
vn -0.6470 -0.7614 0.0394
vn -0.6561 -0.7528 0.0529
vn -0.2293 -0.7532 0.6165
vn -0.6956 -0.3062 -0.6499
vn -0.3402 0.2393 -0.9094
vn -0.3375 0.2360 -0.9113
vn -0.6993 -0.3000 -0.6489
vn 0.2987 0.6954 -0.6536
vn 0.7114 0.6975 -0.0864
vn 0.6982 0.7110 -0.0838
vn 0.2922 0.6942 -0.6578
vn 0.7608 0.2411 0.6025
vn 0.4074 -0.3067 0.8602
vn 0.4011 -0.3050 0.8638
vn 0.7475 0.2488 0.6159
vn -0.2318 -0.7628 0.6037
vn -0.6456 -0.7628 0.0375
vn -0.6950 -0.3071 -0.6501
vn -0.3406 0.2398 -0.9091
vn 0.2995 0.6955 -0.6531
vn 0.7133 0.6955 -0.0870
vn 0.2995 0.6955 -0.6532
vn 0.7627 0.2398 0.6006
vn 0.4083 -0.3071 0.8597
vn 0.7627 0.2398 0.6007
vn -0.4501 -0.5311 0.7178
vn -0.8207 -0.5311 0.2108
vn -0.6716 -0.7388 0.0548
vn -0.2562 -0.7388 0.6233
vn -0.8708 -0.0688 -0.4868
vn -0.5534 0.4209 -0.7187
vn -0.3652 0.2655 -0.8923
vn -0.7210 -0.2836 -0.6322
vn 0.0960 0.8832 -0.4590
vn 0.4665 0.8832 0.0480
vn 0.6898 0.7208 -0.0680
vn 0.2743 0.7208 -0.6365
vn 0.5166 0.4209 0.7456
vn 0.1993 -0.0688 0.9775
vn 0.3833 -0.2836 0.8790
vn 0.7392 0.2655 0.6189
vn 0.0044 -0.6550 -0.7556
vn 0.6222 -0.6632 -0.4160
vn 0.6022 -0.6038 -0.5222
vn -0.0336 -0.5360 -0.8436
vn 0.9385 -0.2491 0.2392
vn 0.7229 0.2596 0.6403
vn 0.8114 0.1720 0.5586
vn 0.9205 -0.2735 0.2790
vn 0.0137 0.7202 0.6936
vn -0.6019 0.7140 0.3577
vn -0.5337 0.8177 0.2158
vn 0.0808 0.8480 0.5238
vn -0.9235 0.2807 -0.2615
vn -0.6977 -0.2266 -0.6796
vn -0.7010 -0.1048 -0.7054
vn -0.8804 0.3618 -0.3065
vn 0.0090 -0.6708 -0.7416
vn 0.6234 -0.6708 -0.4017
vn 0.9417 -0.2440 0.2318
vn 0.7092 0.2682 0.6520
vn 0.0034 0.6950 0.7190
vn -0.6110 0.6950 0.3792
vn -0.6109 0.6950 0.3792
vn -0.9292 0.2682 -0.2543
vn -0.6967 -0.2440 -0.6746
vn -0.6109 0.6950 0.3791
vn 0.9417 -0.2440 0.2317
vn -0.6110 0.6950 0.3791
vn 0.1498 -0.4024 -0.9031
vn 0.6855 -0.4024 -0.6068
vn 0.6370 -0.6426 -0.4259
vn 0.0224 -0.6426 -0.7659
vn 0.9996 0.0189 0.0185
vn 0.7969 0.4655 0.3850
vn 0.7217 0.2953 0.6261
vn 0.9542 -0.2170 0.2057
vn 0.1003 0.8868 0.4511
vn -0.4355 0.8868 0.1548
vn -0.5966 0.7208 0.3529
vn 0.0180 0.7208 0.6929
vn -0.7496 0.4655 -0.4705
vn -0.5469 0.0189 -0.8370
vn -0.6813 -0.2170 -0.6991
vn -0.9139 0.2953 -0.2787
vn 0.0286 -0.6093 0.7924
vn -0.6205 -0.5946 0.5112
vn -0.6264 -0.5456 0.5567
vn 0.1328 -0.6314 0.7640
vn -0.9728 -0.1943 -0.1257
vn -0.7569 0.2719 -0.5943
vn -0.8080 0.3301 -0.4881
vn -0.9926 -0.1056 -0.0602
vn -0.0405 0.6678 -0.7433
vn 0.5935 0.6663 -0.4514
vn 0.5203 0.7787 -0.3505
vn -0.0911 0.7689 -0.6328
vn 0.9474 0.2641 0.1810
vn 0.7345 -0.2199 0.6420
vn 0.7583 -0.2522 0.6011
vn 0.9178 0.3286 0.2227
vn 0.0177 -0.6042 0.7966
vn -0.6192 -0.6042 0.5015
vn -0.6192 -0.6043 0.5015
vn -0.9670 -0.2132 -0.1392
vn -0.7475 0.2560 -0.6129
vn -0.0339 0.6470 -0.7617
vn 0.6030 0.6470 -0.4666
vn -0.0339 0.6470 -0.7618
vn 0.9509 0.2560 0.1740
vn 0.7314 -0.2132 0.6478
vn -0.7476 0.2560 -0.6129
vn 0.9509 0.2560 0.1741
vn 0.0177 -0.6043 0.7966
vn -0.0932 -0.3442 0.9343
vn -0.6525 -0.3442 0.6751
vn -0.6287 -0.5764 0.5220
vn 0.0082 -0.5764 0.8171
vn -0.9983 0.0444 0.0383
vn -0.8055 0.4565 -0.3778
vn -0.7560 0.2827 -0.5904
vn -0.9755 -0.1866 -0.1167
vn -0.0961 0.8452 -0.5257
vn 0.4632 0.8452 -0.2666
vn 0.5924 0.6725 -0.4437
vn -0.0445 0.6725 -0.7388
vn 0.8090 0.4565 0.3703
vn 0.6162 0.0445 0.7863
vn 0.7197 -0.1865 0.6687
vn 0.9392 0.2826 0.1951
vn 0.3708 -0.7915 0.4859
vn -0.3686 -0.7926 0.4857
vn -0.3637 -0.7363 0.5706
vn 0.3829 -0.7223 0.5759
vn -0.9468 -0.2846 0.1502
vn -0.9453 0.2907 -0.1483
vn -0.9626 0.2698 -0.0254
vn -0.9700 -0.1806 0.1627
vn -0.3668 0.8571 -0.3618
vn 0.3772 0.8505 -0.3667
vn 0.4643 0.8798 -0.1015
vn -0.3698 0.9280 -0.0448
vn 0.9465 0.2868 -0.1482
vn 0.9442 -0.2892 0.1574
vn 0.9462 -0.2231 0.2342
vn 0.9659 0.2585 -0.0127
vn 0.3517 -0.7988 0.4881
vn -0.3517 -0.7988 0.4881
vn -0.3569 -0.8001 0.4822
vn 0.3569 -0.8001 0.4822
vn -0.9365 -0.3046 0.1739
vn -0.9365 0.2887 -0.1991
vn -0.9383 0.2905 -0.1875
vn -0.9385 -0.3039 0.1639
vn -0.3518 0.7863 -0.5079
vn 0.3518 0.7863 -0.5079
vn 0.3572 0.8089 -0.4670
vn -0.3572 0.8089 -0.4670
vn 0.9365 0.2887 -0.1991
vn 0.9365 -0.3046 0.1739
vn 0.9385 -0.3039 0.1639
vn 0.9383 0.2905 -0.1875
vn 0.3474 -0.7910 0.5036
vn -0.3474 -0.7910 0.5036
vn -0.3507 -0.7973 0.4912
vn 0.3507 -0.7973 0.4912
vn -0.9347 -0.3065 0.1802
vn -0.9350 0.2922 -0.2008
vn -0.9361 0.2887 -0.2009
vn -0.9360 -0.3047 0.1760
vn -0.3474 0.7924 -0.5015
vn 0.3474 0.7924 -0.5015
vn 0.3507 0.7836 -0.5128
vn -0.3507 0.7836 -0.5128
vn 0.9350 0.2922 -0.2008
vn 0.9347 -0.3065 0.1802
vn 0.9360 -0.3047 0.1760
vn 0.9361 0.2887 -0.2009
vn 0.3354 -0.6228 0.7068
vn -0.3354 -0.6228 0.7068
vn -0.3394 -0.7644 0.5482
vn 0.3394 -0.7644 0.5482
vn -0.9296 -0.2530 0.2681
vn -0.9301 0.2419 -0.2763
vn -0.9318 0.2945 -0.2123
vn -0.9310 -0.3057 0.1995
vn -0.3337 0.6553 -0.6776
vn 0.3337 0.6553 -0.6776
vn 0.3371 0.7934 -0.5069
vn -0.3371 0.7934 -0.5069
vn 0.9301 0.2420 -0.2763
vn 0.9296 -0.2530 0.2681
vn 0.9310 -0.3057 0.1995
vn 0.9318 0.2945 -0.2123
vn -0.3677 -0.3852 -0.8464
vn 0.3613 -0.3843 -0.8495
vn 0.3503 -0.3236 -0.8789
vn -0.4047 -0.3268 -0.8541
vn 0.9387 -0.1294 -0.3196
vn 0.9442 0.1979 0.2633
vn 0.9710 0.2092 0.1155
vn 0.9327 -0.0943 -0.3482
vn 0.3612 0.5211 0.7733
vn -0.3561 0.5240 0.7737
vn -0.3610 0.7157 0.5979
vn 0.4191 0.6785 0.6033
vn -0.9424 0.2002 0.2678
vn -0.9406 -0.1293 -0.3138
vn -0.9486 -0.0912 -0.3031
vn -0.9628 0.2248 0.1503
vn -0.3077 -0.0770 -0.9484
vn 0.3077 -0.0770 -0.9484
vn 0.3554 -0.3581 -0.8634
vn -0.3554 -0.3581 -0.8634
vn 0.8871 0.1767 -0.4264
vn 0.8861 0.4467 0.1239
vn 0.9348 0.2169 0.2812
vn 0.9360 -0.1012 -0.3373
vn 0.3069 0.7031 0.6415
vn -0.3069 0.7031 0.6414
vn -0.3529 0.4923 0.7957
vn 0.3529 0.4923 0.7957
vn -0.8861 0.4467 0.1239
vn -0.8871 0.1767 -0.4264
vn -0.9360 -0.1013 -0.3373
vn -0.9348 0.2169 0.2812
vn 0.9125 -0.2964 -0.2818
vn 0.7223 -0.6182 0.3101
vn 0.6889 -0.6840 0.2397
vn 0.7968 -0.4513 -0.4019
vn 0.0066 -0.6014 0.7989
vn -0.6090 -0.2641 0.7479
vn -0.4992 -0.0905 0.8618
vn 0.0738 -0.5058 0.8595
vn -0.9152 0.2917 0.2782
vn -0.6905 0.6658 -0.2828
vn -0.6487 0.7237 -0.2356
vn -0.8097 0.4379 0.3908
vn 0.0234 0.6408 -0.7674
vn 0.6037 0.2575 -0.7545
vn 0.4924 0.0928 -0.8654
vn -0.0343 0.5577 -0.8293
vn 0.9397 -0.2590 -0.2231
vn 0.7151 -0.6099 0.3417
vn 0.7179 -0.6101 0.3352
vn 0.9340 -0.2666 -0.2378
vn 0.0171 -0.6160 0.7876
vn -0.5940 -0.2721 0.7571
vn -0.6034 -0.2808 0.7464
vn 0.0118 -0.6169 0.7870
vn -0.9136 0.3088 0.2646
vn -0.6868 0.6632 -0.2974
vn -0.6893 0.6613 -0.2960
vn -0.9192 0.2953 0.2604
vn 0.0111 0.6686 -0.7435
vn 0.6200 0.3213 -0.7158
vn 0.6171 0.3055 -0.7252
vn 0.0161 0.6631 -0.7483
vn 0.9409 -0.2572 -0.2204
vn 0.7148 -0.6097 0.3426
vn 0.7147 -0.6097 0.3426
vn 0.0178 -0.6157 0.7878
vn -0.5925 -0.2704 0.7588
vn -0.9126 0.3110 0.2655
vn -0.6864 0.6636 -0.2975
vn -0.6864 0.6635 -0.2975
vn 0.0106 0.6696 -0.7427
vn 0.6208 0.3243 -0.7138
vn -0.5925 -0.2705 0.7588
vn -0.9125 0.3111 0.2655
vn -0.9125 0.3110 0.2655
vn 0.9010 -0.3345 -0.2764
vn 0.7285 -0.5699 0.3801
vn 0.7166 -0.6049 0.3473
vn 0.9362 -0.2679 -0.2274
vn 0.1140 -0.5873 0.8013
vn -0.6150 -0.3464 0.7084
vn -0.5963 -0.2825 0.7514
vn 0.0265 -0.6119 0.7905
vn -0.9646 0.2038 0.1674
vn -0.7509 0.5511 -0.3640
vn -0.6959 0.6478 -0.3099
vn -0.9223 0.2948 0.2499
vn -0.0458 0.5438 -0.8380
vn 0.5418 0.1854 -0.8198
vn 0.6109 0.3065 -0.7299
vn 0.0030 0.6526 -0.7577
vn 0.3403 -0.0706 0.9377
vn -0.3403 -0.0706 0.9377
vn -0.3364 -0.2932 0.8949
vn 0.3364 -0.2932 0.8949
vn -0.9319 -0.0205 0.3623
vn -0.9312 0.0060 -0.3645
vn -0.9299 0.0951 -0.3554
vn -0.9305 -0.1129 0.3485
vn -0.3365 -0.0141 -0.9416
vn 0.3365 -0.0141 -0.9416
vn 0.3344 0.2293 -0.9141
vn -0.3344 0.2293 -0.9141
vn 0.9312 0.0060 -0.3645
vn 0.9319 -0.0205 0.3622
vn 0.9305 -0.1129 0.3485
vn 0.9299 0.0951 -0.3554
vn 0.2978 0.4010 0.8663
vn -0.2978 0.4010 0.8663
vn -0.3475 0.0291 0.9372
vn 0.3475 0.0291 0.9372
vn -0.8624 0.4068 0.3013
vn -0.8617 0.4116 -0.2967
vn -0.9343 0.0481 -0.3531
vn -0.9330 0.0452 0.3570
vn -0.2988 0.4122 -0.8607
vn 0.2988 0.4123 -0.8607
vn 0.3484 0.0339 -0.9367
vn -0.3484 0.0339 -0.9367
vn 0.8617 0.4116 -0.2967
vn 0.8624 0.4068 0.3013
vn 0.9330 0.0452 0.3570
vn 0.9343 0.0482 -0.3531
vn -0.7261 -0.0500 0.6858
vn -0.9974 -0.0500 0.0526
vn -0.9730 -0.2264 0.0448
vn -0.7036 -0.2264 0.6736
vn -0.6968 -0.0144 -0.7172
vn -0.0379 0.0085 -0.9992
vn -0.0460 0.0875 -0.9951
vn -0.6903 -0.0815 -0.7189
vn 0.7284 0.0051 -0.6851
vn 0.9985 0.0051 -0.0547
vn 0.9767 0.2096 -0.0467
vn 0.7075 0.2097 -0.6749
vn 0.6973 0.0085 0.7167
vn 0.0386 -0.0144 0.9991
vn 0.0444 -0.0815 0.9957
vn 0.6887 0.0875 0.7198
vn -0.7225 -0.0014 0.6913
vn -0.9989 -0.0014 0.0463
vn -0.9988 -0.0093 0.0482
vn -0.7239 -0.0093 0.6899
vn -0.6917 -0.0002 -0.7222
vn -0.0457 -0.0002 -0.9990
vn -0.0436 -0.0016 -0.9990
vn -0.6931 -0.0015 -0.7208
vn 0.7225 -0.0014 -0.6913
vn 0.9989 -0.0014 -0.0463
vn 0.9988 -0.0103 -0.0484
vn 0.7240 -0.0103 -0.6897
vn 0.6917 -0.0002 0.7222
vn 0.0458 -0.0002 0.9990
vn 0.0437 -0.0015 0.9990
vn 0.6932 -0.0016 0.7207
vn -0.7224 0.0000 0.6915
vn -0.9989 0.0000 0.0460
vn -0.6915 0.0000 -0.7224
vn -0.0460 -0.0000 -0.9989
vn 0.7224 0.0000 -0.6915
vn 0.9989 0.0000 -0.0460
vn 0.6915 0.0000 0.7224
vn 0.0460 0.0000 0.9989
vn -0.6812 0.3898 0.6197
vn -0.9186 0.3898 0.0657
vn -0.9979 0.0467 0.0452
vn -0.7211 0.0467 0.6913
vn -0.6197 0.3898 -0.6812
vn -0.0657 0.3898 -0.9186
vn -0.0452 0.0467 -0.9979
vn -0.6913 0.0467 -0.7211
vn 0.6812 0.3897 -0.6198
vn 0.9186 0.3898 -0.0657
vn 0.9979 0.0467 -0.0452
vn 0.7211 0.0467 -0.6913
vn 0.6197 0.3898 0.6812
vn 0.0657 0.3898 0.9186
vn 0.0452 0.0467 0.9979
vn 0.6913 0.0466 0.7211
usemtl Material.001
f 1//1 2//1 3//1 4//1
f 2//2 5//2 6//2 3//2
f 3//3 6//3 7//3 8//3
f 4//4 3//4 8//4 9//4
f 5//5 10//5 11//5 12//5
f 13//6 14//6 11//6 10//6
f 15//7 12//7 11//7 14//7
f 16//8 17//8 18//8 19//8
f 20//9 21//9 18//9 17//9
f 22//10 19//10 18//10 21//10
f 23//11 24//11 25//11 26//11
f 24//12 1//12 4//12 25//12
f 25//13 4//13 9//13 27//13
f 26//14 25//14 27//14 28//14
f 29//15 30//15 31//15 32//15
f 30//16 28//16 33//16 31//16
f 31//17 33//17 34//17 35//17
f 32//18 31//18 35//18 36//18
f 7//19 37//19 38//19 39//19
f 37//20 29//20 32//20 38//20
f 38//21 32//21 36//21 40//21
f 39//22 38//22 40//22 41//22
f 42//23 43//23 44//23 45//23
f 46//24 47//24 44//24 43//24
f 48//25 45//25 44//25 47//25
f 42//26 49//26 50//26 43//26
f 51//27 52//27 50//27 49//27
f 46//28 43//28 50//28 52//28
f 51//29 53//29 54//29 52//29
f 55//30 56//30 54//30 53//30
f 46//31 52//31 54//31 56//31
f 9//32 8//32 57//32 58//32
f 8//33 7//33 39//33 57//33
f 57//34 39//34 41//34 59//34
f 58//35 57//35 59//35 60//35
f 28//36 27//36 61//36 33//36
f 27//37 9//37 58//37 61//37
f 61//38 58//38 60//38 62//38
f 33//39 61//39 62//39 34//39
f 55//40 63//40 64//40 65//40
f 36//41 66//41 64//41 63//41
f 16//42 65//42 64//42 66//42
f 67//43 68//43 69//43 70//43
f 68//44 71//44 72//44 69//44
f 69//45 72//45 46//45 56//45
f 70//46 69//46 56//46 55//46
f 34//47 73//47 74//47 75//47
f 76//48 77//48 74//48 73//48
f 20//49 75//49 74//49 77//49
f 34//50 62//50 78//50 73//50
f 60//51 79//51 78//51 62//51
f 76//52 73//52 78//52 79//52
f 60//53 80//53 81//53 79//53
f 42//54 82//54 81//54 80//54
f 76//55 79//55 81//55 82//55
f 83//56 84//56 85//56 86//56
f 84//57 67//57 70//57 85//57
f 85//58 70//58 55//58 65//58
f 86//59 85//59 65//59 16//59
f 87//60 88//60 89//60 90//60
f 88//61 83//61 86//61 89//61
f 89//62 86//62 16//62 19//62
f 90//63 89//63 19//63 22//63
f 41//64 91//64 92//64 93//64
f 55//65 53//65 92//65 91//65
f 51//66 93//66 92//66 53//66
f 41//67 40//67 94//67 91//67
f 36//68 63//68 94//68 40//68
f 55//69 91//69 94//69 63//69
f 95//70 96//70 97//70 98//70
f 99//71 100//71 97//71 96//71
f 101//72 98//72 97//72 100//72
f 102//73 103//73 104//73 105//73
f 106//74 107//74 104//74 103//74
f 108//75 105//75 104//75 107//75
f 71//76 109//76 110//76 72//76
f 109//77 87//77 90//77 110//77
f 110//78 90//78 22//78 111//78
f 72//79 110//79 111//79 46//79
f 112//80 113//80 114//80 115//80
f 113//81 116//81 117//81 114//81
f 114//81 117//81 71//81 68//81
f 115//80 114//80 68//80 67//80
f 118//82 119//82 120//82 121//82
f 119//83 112//83 115//83 120//83
f 120//83 115//83 67//83 84//83
f 121//82 120//82 84//82 83//82
f 122//84 123//84 124//84 125//84
f 1//85 24//85 124//85 123//85
f 23//86 125//86 124//86 24//86
f 126//87 127//87 128//87 129//87
f 122//88 125//88 128//88 127//88
f 23//89 129//89 128//89 125//89
f 130//90 131//90 132//90 133//90
f 134//91 135//91 132//91 131//91
f 136//92 133//92 132//92 135//92
f 137//93 138//93 139//93 140//93
f 138//94 118//94 121//94 139//94
f 139//94 121//94 83//94 88//94
f 140//93 139//93 88//93 87//93
f 15//95 141//95 142//95 143//95
f 126//96 129//96 142//96 141//96
f 23//97 143//97 142//97 129//97
f 116//98 144//98 145//98 117//98
f 144//99 137//99 140//99 145//99
f 145//99 140//99 87//99 109//99
f 117//98 145//98 109//98 71//98
f 146//100 147//100 148//100 149//100
f 147//101 150//101 151//101 148//101
f 148//102 151//102 116//102 113//102
f 149//103 148//103 113//103 112//103
f 152//104 153//104 154//104 155//104
f 153//105 146//105 149//105 154//105
f 154//106 149//106 112//106 119//106
f 155//107 154//107 119//107 118//107
f 156//108 157//108 158//108 159//108
f 157//109 152//109 155//109 158//109
f 158//94 155//94 118//94 138//94
f 159//110 158//110 138//110 137//110
f 99//111 160//111 161//111 100//111
f 160//112 162//112 163//112 161//112
f 161//113 163//113 164//113 165//113
f 100//114 161//114 165//114 101//114
f 150//115 166//115 167//115 151//115
f 166//116 156//116 159//116 167//116
f 167//117 159//117 137//117 144//117
f 151//118 167//118 144//118 116//118
f 168//119 169//119 170//119 171//119
f 122//120 127//120 170//120 169//120
f 126//121 171//121 170//121 127//121
f 172//122 173//122 174//122 175//122
f 173//123 176//123 177//123 174//123
f 174//124 177//124 150//124 147//124
f 175//125 174//125 147//125 146//125
f 178//126 179//126 180//126 181//126
f 179//127 172//127 175//127 180//127
f 180//128 175//128 146//128 153//128
f 181//129 180//129 153//129 152//129
f 182//130 183//130 184//130 185//130
f 183//131 178//131 181//131 184//131
f 184//132 181//132 152//132 157//132
f 185//133 184//133 157//133 156//133
f 176//134 186//134 187//134 177//134
f 186//135 182//135 185//135 187//135
f 187//136 185//136 156//136 166//136
f 177//137 187//137 166//137 150//137
f 188//138 189//138 190//138 191//138
f 13//139 10//139 190//139 189//139
f 5//140 191//140 190//140 10//140
f 192//141 193//141 194//141 195//141
f 193//142 196//142 197//142 194//142
f 194//143 197//143 60//143 59//143
f 195//144 194//144 59//144 41//144
f 198//145 199//145 200//145 201//145
f 199//146 192//146 195//146 200//146
f 200//147 195//147 41//147 93//147
f 201//148 200//148 93//148 51//148
f 202//149 203//149 204//149 205//149
f 203//150 198//150 201//150 204//150
f 204//151 201//151 51//151 49//151
f 205//152 204//152 49//152 42//152
f 196//153 206//153 207//153 197//153
f 206//154 202//154 205//154 207//154
f 207//155 205//155 42//155 80//155
f 197//156 207//156 80//156 60//156
f 208//157 209//157 210//157 211//157
f 209//158 212//158 213//158 210//158
f 210//159 213//159 214//159 215//159
f 211//160 210//160 215//160 216//160
f 217//161 218//161 219//161 220//161
f 218//162 221//162 222//162 219//162
f 219//163 222//163 223//163 224//163
f 220//164 219//164 224//164 225//164
f 226//165 227//165 228//165 229//165
f 227//166 230//166 231//166 228//166
f 228//167 231//167 232//167 233//167
f 229//168 228//168 233//168 234//168
f 188//169 191//169 235//169 236//169
f 191//170 5//170 2//170 235//170
f 235//171 2//171 1//171 123//171
f 236//172 235//172 123//172 122//172
f 237//173 238//173 239//173 240//173
f 238//174 241//174 242//174 239//174
f 239//175 242//175 243//175 244//175
f 240//176 239//176 244//176 245//176
f 246//177 247//177 248//177 249//177
f 250//178 251//178 248//178 247//178
f 252//179 249//179 248//179 251//179
f 253//180 254//180 255//180 256//180
f 257//181 258//181 255//181 254//181
f 259//182 256//182 255//182 258//182
f 260//183 261//183 262//183 263//183
f 261//184 264//184 265//184 262//184
f 262//185 265//185 266//185 267//185
f 263//186 262//186 267//186 268//186
f 269//187 270//187 271//187 272//187
f 270//188 273//188 274//188 271//188
f 271//189 274//189 275//189 276//189
f 272//190 271//190 276//190 277//190
f 278//191 279//191 280//191 281//191
f 279//192 282//192 283//192 280//192
f 280//193 283//193 284//193 285//193
f 281//194 280//194 285//194 286//194
f 20//195 287//195 288//195 21//195
f 287//196 48//196 47//196 288//196
f 288//197 47//197 46//197 111//197
f 21//198 288//198 111//198 22//198
f 246//199 249//199 289//199 290//199
f 249//200 252//200 291//200 289//200
f 289//201 291//201 292//201 293//201
f 290//202 289//202 293//202 294//202
f 295//203 296//203 297//203 298//203
f 299//204 300//204 297//204 296//204
f 301//205 298//205 297//205 300//205
f 134//206 302//206 303//206 135//206
f 302//207 102//207 105//207 303//207
f 303//208 105//208 108//208 304//208
f 135//209 303//209 304//209 136//209
f 36//210 35//210 305//210 66//210
f 35//211 34//211 75//211 305//211
f 305//212 75//212 20//212 17//212
f 66//213 305//213 17//213 16//213
f 306//214 307//214 308//214 309//214
f 307//215 136//215 304//215 308//215
f 308//216 304//216 108//216 310//216
f 309//217 308//217 310//217 311//217
f 312//218 313//218 314//218 315//218
f 313//219 306//219 309//219 314//219
f 314//220 309//220 311//220 316//220
f 315//221 314//221 316//221 317//221
f 162//222 318//222 319//222 163//222
f 318//223 246//223 290//223 319//223
f 319//224 290//224 294//224 320//224
f 163//225 319//225 320//225 164//225
f 312//226 315//226 321//226 322//226
f 315//227 317//227 323//227 321//227
f 321//228 323//228 324//228 325//228
f 322//229 321//229 325//229 326//229
f 250//230 327//230 328//230 251//230
f 327//231 99//231 96//231 328//231
f 328//232 96//232 95//232 329//232
f 251//233 328//233 329//233 252//233
f 324//234 323//234 330//234 331//234
f 323//235 317//235 332//235 330//235
f 330//236 332//236 106//236 103//236
f 331//237 330//237 103//237 102//237
f 326//238 333//238 334//238 322//238
f 333//239 134//239 131//239 334//239
f 334//240 131//240 130//240 335//240
f 322//241 334//241 335//241 312//241
f 336//242 337//242 338//242 339//242
f 337//243 340//243 341//243 338//243
f 338//244 341//244 342//244 343//244
f 339//245 338//245 343//245 299//245
f 336//246 344//246 345//246 337//246
f 344//247 346//247 347//247 345//247
f 345//248 347//248 259//248 348//248
f 337//249 345//249 348//249 340//249
f 346//250 349//250 350//250 347//250
f 349//251 295//251 351//251 350//251
f 350//252 351//252 253//252 256//252
f 347//253 350//253 256//253 259//253
f 301//254 300//254 352//254 353//254
f 300//255 299//255 343//255 352//255
f 352//256 343//256 342//256 354//256
f 353//257 352//257 354//257 257//257
f 5//258 12//258 355//258 6//258
f 12//259 15//259 356//259 355//259
f 355//260 356//260 29//260 37//260
f 6//261 355//261 37//261 7//261
f 15//262 143//262 357//262 356//262
f 143//263 23//263 26//263 357//263
f 357//264 26//264 28//264 30//264
f 356//265 357//265 30//265 29//265
f 358//266 359//266 360//266 361//266
f 359//267 362//267 363//267 360//267
f 360//268 363//268 42//268 45//268
f 361//269 360//269 45//269 48//269
f 362//270 364//270 365//270 363//270
f 364//271 366//271 367//271 365//271
f 365//272 367//272 76//272 82//272
f 363//273 365//273 82//273 42//273
f 366//274 368//274 369//274 367//274
f 368//275 370//275 371//275 369//275
f 369//276 371//276 20//276 77//276
f 367//277 369//277 77//277 76//277
f 370//278 372//278 373//278 371//278
f 372//279 358//279 361//279 373//279
f 373//280 361//280 48//280 287//280
f 371//281 373//281 287//281 20//281
f 374//282 375//282 376//282 377//282
f 375//283 378//283 379//283 376//283
f 376//284 379//284 126//284 141//284
f 377//285 376//285 141//285 15//285
f 378//286 380//286 381//286 379//286
f 380//287 382//287 383//287 381//287
f 381//288 383//288 168//288 171//288
f 379//289 381//289 171//289 126//289
f 382//290 384//290 385//290 383//290
f 384//291 386//291 387//291 385//291
f 385//292 387//292 13//292 388//292
f 383//293 385//293 388//293 168//293
f 386//294 389//294 390//294 387//294
f 389//295 374//295 377//295 390//295
f 390//296 377//296 15//296 14//296
f 387//297 390//297 14//297 13//297
f 391//298 392//298 393//298 394//298
f 392//299 395//299 396//299 393//299
f 393//300 396//300 378//300 375//300
f 394//301 393//301 375//301 374//301
f 395//302 397//302 398//302 396//302
f 397//303 399//303 400//303 398//303
f 398//304 400//304 382//304 380//304
f 396//305 398//305 380//305 378//305
f 399//306 401//306 402//306 400//306
f 401//307 403//307 404//307 402//307
f 402//308 404//308 386//308 384//308
f 400//309 402//309 384//309 382//309
f 403//310 405//310 406//310 404//310
f 405//311 391//311 394//311 406//311
f 406//312 394//312 374//312 389//312
f 404//313 406//313 389//313 386//313
f 407//314 408//314 409//314 410//314
f 408//315 411//315 412//315 409//315
f 409//315 412//315 395//315 392//315
f 410//314 409//314 392//314 391//314
f 411//316 413//316 414//316 412//316
f 413//317 415//317 416//317 414//317
f 414//317 416//317 399//317 397//317
f 412//318 414//318 397//318 395//318
f 415//319 417//319 418//319 416//319
f 417//320 419//320 420//320 418//320
f 418//320 420//320 403//320 401//320
f 416//319 418//319 401//319 399//319
f 419//321 421//321 422//321 420//321
f 421//322 407//322 410//322 422//322
f 422//323 410//323 391//323 405//323
f 420//321 422//321 405//321 403//321
f 423//314 424//314 425//314 426//314
f 424//315 427//315 428//315 425//315
f 425//315 428//315 411//315 408//315
f 426//324 425//324 408//324 407//324
f 427//316 429//316 430//316 428//316
f 429//317 431//317 432//317 430//317
f 430//317 432//317 415//317 413//317
f 428//318 430//318 413//318 411//318
f 431//319 433//319 434//319 432//319
f 433//320 435//320 436//320 434//320
f 434//320 436//320 419//320 417//320
f 432//319 434//319 417//319 415//319
f 435//321 437//321 438//321 436//321
f 437//323 423//323 426//323 438//323
f 438//323 426//323 407//323 421//323
f 436//321 438//321 421//321 419//321
f 439//314 440//314 441//314 442//314
f 440//315 443//315 444//315 441//315
f 441//315 444//315 427//315 424//315
f 442//314 441//314 424//314 423//314
f 443//316 445//316 446//316 444//316
f 445//317 447//317 448//317 446//317
f 446//317 448//317 431//317 429//317
f 444//318 446//318 429//318 427//318
f 447//319 449//319 450//319 448//319
f 449//320 451//320 452//320 450//320
f 450//320 452//320 435//320 433//320
f 448//319 450//319 433//319 431//319
f 451//321 453//321 454//321 452//321
f 453//322 439//322 442//322 454//322
f 454//322 442//322 423//322 437//322
f 452//321 454//321 437//321 435//321
f 455//325 456//325 457//325 458//325
f 456//326 459//326 460//326 457//326
f 457//327 460//327 443//327 440//327
f 458//328 457//328 440//328 439//328
f 459//329 461//329 462//329 460//329
f 461//330 463//330 464//330 462//330
f 462//331 464//331 447//331 445//331
f 460//332 462//332 445//332 443//332
f 463//333 465//333 466//333 464//333
f 465//334 467//334 468//334 466//334
f 466//335 468//335 451//335 449//335
f 464//336 466//336 449//336 447//336
f 467//337 469//337 470//337 468//337
f 469//338 455//338 458//338 470//338
f 470//339 458//339 439//339 453//339
f 468//340 470//340 453//340 451//340
f 471//341 472//341 473//341 474//341
f 472//342 475//342 476//342 473//342
f 473//343 476//343 459//343 456//343
f 474//344 473//344 456//344 455//344
f 475//345 477//345 478//345 476//345
f 477//346 479//346 480//346 478//346
f 478//347 480//347 463//347 461//347
f 476//348 478//348 461//348 459//348
f 479//349 481//349 482//349 480//349
f 481//350 483//350 484//350 482//350
f 482//351 484//351 467//351 465//351
f 480//352 482//352 465//352 463//352
f 483//353 485//353 486//353 484//353
f 485//354 471//354 474//354 486//354
f 486//355 474//355 455//355 469//355
f 484//356 486//356 469//356 467//356
f 487//357 488//357 489//357 490//357
f 488//358 491//358 492//358 489//358
f 489//359 492//359 188//359 236//359
f 490//360 489//360 236//360 122//360
f 491//361 493//361 494//361 492//361
f 493//362 495//362 496//362 494//362
f 494//363 496//363 13//363 189//363
f 492//364 494//364 189//364 188//364
f 495//365 497//365 498//365 496//365
f 497//366 499//366 500//366 498//366
f 498//367 500//367 168//367 388//367
f 496//368 498//368 388//368 13//368
f 499//369 501//369 502//369 500//369
f 501//370 487//370 490//370 502//370
f 502//371 490//371 122//371 169//371
f 500//372 502//372 169//372 168//372
f 503//373 504//373 505//373 506//373
f 504//374 507//374 508//374 505//374
f 505//375 508//375 491//375 488//375
f 506//376 505//376 488//376 487//376
f 507//377 509//377 510//377 508//377
f 509//378 511//378 512//378 510//378
f 510//379 512//379 495//379 493//379
f 508//380 510//380 493//380 491//380
f 511//381 513//381 514//381 512//381
f 513//382 515//382 516//382 514//382
f 514//383 516//383 499//383 497//383
f 512//384 514//384 497//384 495//384
f 515//385 517//385 518//385 516//385
f 517//386 503//386 506//386 518//386
f 518//387 506//387 487//387 501//387
f 516//388 518//388 501//388 499//388
f 162//389 160//389 519//389 520//389
f 160//390 99//390 521//390 519//390
f 519//391 521//391 507//391 504//391
f 520//392 519//392 504//392 503//392
f 99//393 327//393 522//393 521//393
f 327//394 250//394 523//394 522//394
f 522//395 523//395 511//395 509//395
f 521//396 522//396 509//396 507//396
f 250//397 247//397 524//397 523//397
f 247//398 246//398 525//398 524//398
f 524//399 525//399 515//399 513//399
f 523//400 524//400 513//400 511//400
f 246//401 318//401 526//401 525//401
f 318//402 162//402 520//402 526//402
f 526//403 520//403 503//403 517//403
f 525//404 526//404 517//404 515//404
f 259//405 258//405 527//405 528//405
f 258//406 257//406 529//406 527//406
f 527//407 529//407 530//407 531//407
f 528//408 527//408 531//408 532//408
f 257//409 354//409 533//409 529//409
f 354//410 342//410 534//410 533//410
f 533//411 534//411 535//411 536//411
f 529//412 533//412 536//412 530//412
f 342//413 341//413 537//413 534//413
f 341//414 340//414 538//414 537//414
f 537//415 538//415 539//415 540//415
f 534//416 537//416 540//416 535//416
f 340//417 348//417 541//417 538//417
f 348//418 259//418 528//418 541//418
f 541//419 528//419 532//419 542//419
f 538//420 541//420 542//420 539//420
f 532//421 531//421 543//421 544//421
f 531//422 530//422 545//422 543//422
f 543//423 545//423 182//423 186//423
f 544//424 543//424 186//424 176//424
f 530//425 536//425 546//425 545//425
f 536//426 535//426 547//426 546//426
f 546//427 547//427 178//427 183//427
f 545//428 546//428 183//428 182//428
f 535//429 540//429 548//429 547//429
f 540//430 539//430 549//430 548//430
f 548//431 549//431 172//431 179//431
f 547//432 548//432 179//432 178//432
f 539//433 542//433 550//433 549//433
f 542//434 532//434 544//434 550//434
f 550//435 544//435 176//435 173//435
f 549//436 550//436 173//436 172//436
f 286//437 285//437 551//437 552//437
f 285//438 284//438 553//438 551//438
f 551//439 553//439 554//439 555//439
f 552//440 551//440 555//440 556//440
f 284//441 283//441 557//441 553//441
f 283//442 282//442 558//442 557//442
f 557//443 558//443 559//443 560//443
f 553//444 557//444 560//444 554//444
f 282//445 279//445 561//445 558//445
f 279//446 278//446 562//446 561//446
f 561//447 562//447 563//447 564//447
f 558//448 561//448 564//448 559//448
f 278//449 281//449 565//449 562//449
f 281//450 286//450 552//450 565//450
f 565//451 552//451 556//451 566//451
f 562//452 565//452 566//452 563//452
f 556//453 555//453 567//453 568//453
f 555//454 554//454 569//454 567//454
f 567//454 569//454 570//454 571//454
f 568//453 567//453 571//453 572//453
f 554//455 560//455 573//455 569//455
f 560//456 559//456 574//456 573//456
f 573//456 574//456 575//456 576//456
f 569//455 573//455 576//455 570//455
f 559//457 564//457 577//457 574//457
f 564//458 563//458 578//458 577//458
f 577//458 578//458 579//458 580//458
f 574//457 577//457 580//457 575//457
f 563//459 566//459 581//459 578//459
f 566//460 556//460 568//460 581//460
f 581//460 568//460 572//460 582//460
f 578//459 581//459 582//459 579//459
f 572//453 571//453 583//453 584//453
f 571//454 570//454 585//454 583//454
f 583//454 585//454 586//454 587//454
f 584//453 583//453 587//453 588//453
f 570//455 576//455 589//455 585//455
f 576//456 575//456 590//456 589//456
f 589//456 590//456 591//456 592//456
f 585//455 589//455 592//455 586//455
f 575//457 580//457 593//457 590//457
f 580//458 579//458 594//458 593//458
f 593//458 594//458 595//458 596//458
f 590//457 593//457 596//457 591//457
f 579//459 582//459 597//459 594//459
f 582//460 572//460 584//460 597//460
f 597//460 584//460 588//460 598//460
f 594//459 597//459 598//459 595//459
f 588//453 587//453 599//453 600//453
f 587//454 586//454 601//454 599//454
f 599//454 601//454 602//454 603//454
f 600//453 599//453 603//453 604//453
f 586//455 592//455 605//455 601//455
f 592//456 591//456 606//456 605//456
f 605//461 606//461 607//461 608//461
f 601//455 605//455 608//455 602//455
f 591//457 596//457 609//457 606//457
f 596//458 595//458 610//458 609//458
f 609//458 610//458 611//458 612//458
f 606//457 609//457 612//457 607//457
f 595//459 598//459 613//459 610//459
f 598//460 588//460 600//460 613//460
f 613//460 600//460 604//460 614//460
f 610//459 613//459 614//459 611//459
f 604//453 603//453 615//453 616//453
f 603//454 602//454 617//454 615//454
f 615//454 617//454 618//454 619//454
f 616//453 615//453 619//453 620//453
f 602//455 608//455 621//455 617//455
f 608//461 607//461 622//461 621//461
f 621//456 622//456 623//456 624//456
f 617//455 621//455 624//455 618//455
f 607//457 612//457 625//457 622//457
f 612//458 611//458 626//458 625//458
f 625//458 626//458 627//458 628//458
f 622//457 625//457 628//457 623//457
f 611//459 614//459 629//459 626//459
f 614//460 604//460 616//460 629//460
f 629//460 616//460 620//460 630//460
f 626//459 629//459 630//459 627//459
f 620//453 619//453 631//453 632//453
f 619//454 618//454 633//454 631//454
f 631//462 633//462 634//462 635//462
f 632//463 631//463 635//463 636//463
f 618//464 624//464 637//464 633//464
f 624//465 623//465 638//465 637//465
f 637//466 638//466 639//466 640//466
f 633//467 637//467 640//467 634//467
f 623//468 628//468 641//468 638//468
f 628//469 627//469 642//469 641//469
f 641//470 642//470 643//470 644//470
f 638//471 641//471 644//471 639//471
f 627//472 630//472 645//472 642//472
f 630//473 620//473 632//473 645//473
f 645//474 632//474 636//474 646//474
f 642//475 645//475 646//475 643//475
f 636//476 635//476 647//476 648//476
f 635//477 634//477 649//477 647//477
f 647//478 649//478 346//478 344//478
f 648//479 647//479 344//479 336//479
f 634//480 640//480 650//480 649//480
f 640//481 639//481 651//481 650//481
f 650//482 651//482 295//482 349//482
f 649//483 650//483 349//483 346//483
f 639//484 644//484 652//484 651//484
f 644//485 643//485 653//485 652//485
f 652//486 653//486 299//486 296//486
f 651//487 652//487 296//487 295//487
f 643//488 646//488 654//488 653//488
f 646//489 636//489 648//489 654//489
f 654//490 648//490 336//490 339//490
f 653//491 654//491 339//491 299//491
f 655//492 656//492 657//492 658//492
f 656//493 659//493 660//493 657//493
f 657//494 660//494 257//494 254//494
f 658//495 657//495 254//495 253//495
f 659//496 661//496 662//496 660//496
f 661//497 663//497 664//497 662//497
f 662//498 664//498 301//498 353//498
f 660//499 662//499 353//499 257//499
f 663//500 665//500 666//500 664//500
f 665//501 667//501 668//501 666//501
f 666//502 668//502 295//502 298//502
f 664//503 666//503 298//503 301//503
f 667//504 669//504 670//504 668//504
f 669//505 655//505 658//505 670//505
f 670//506 658//506 253//506 351//506
f 668//507 670//507 351//507 295//507
f 671//508 672//508 673//508 674//508
f 672//509 675//509 676//509 673//509
f 673//510 676//510 659//510 656//510
f 674//511 673//511 656//511 655//511
f 675//512 677//512 678//512 676//512
f 677//513 679//513 680//513 678//513
f 678//514 680//514 663//514 661//514
f 676//515 678//515 661//515 659//515
f 679//516 681//516 682//516 680//516
f 681//517 683//517 684//517 682//517
f 682//518 684//518 667//518 665//518
f 680//519 682//519 665//519 663//519
f 683//520 685//520 686//520 684//520
f 685//521 671//521 674//521 686//521
f 686//522 674//522 655//522 669//522
f 684//523 686//523 669//523 667//523
f 687//524 688//524 689//524 690//524
f 688//525 691//525 692//525 689//525
f 689//525 692//525 675//525 672//525
f 690//524 689//524 672//524 671//524
f 691//526 693//526 694//526 692//526
f 693//527 695//527 696//527 694//527
f 694//527 696//527 679//527 677//527
f 692//526 694//526 677//526 675//526
f 695//528 697//528 698//528 696//528
f 697//529 699//529 700//529 698//529
f 698//529 700//529 683//529 681//529
f 696//530 698//530 681//530 679//530
f 699//531 701//531 702//531 700//531
f 701//532 687//532 690//532 702//532
f 702//532 690//532 671//532 685//532
f 700//533 702//533 685//533 683//533
f 703//524 704//524 705//524 706//524
f 704//525 707//525 708//525 705//525
f 705//525 708//525 691//525 688//525
f 706//524 705//524 688//524 687//524
f 707//526 709//526 710//526 708//526
f 709//527 711//527 712//527 710//527
f 710//527 712//527 695//527 693//527
f 708//526 710//526 693//526 691//526
f 711//528 713//528 714//528 712//528
f 713//529 715//529 716//529 714//529
f 714//529 716//529 699//529 697//529
f 712//528 714//528 697//528 695//528
f 715//533 717//533 718//533 716//533
f 717//532 703//532 706//532 718//532
f 718//532 706//532 687//532 701//532
f 716//533 718//533 701//533 699//533
f 277//534 276//534 719//534 720//534
f 276//535 275//535 721//535 719//535
f 719//536 721//536 707//536 704//536
f 720//537 719//537 704//537 703//537
f 275//538 274//538 722//538 721//538
f 274//539 273//539 723//539 722//539
f 722//540 723//540 711//540 709//540
f 721//541 722//541 709//541 707//541
f 273//542 270//542 724//542 723//542
f 270//543 269//543 725//543 724//543
f 724//544 725//544 715//544 713//544
f 723//545 724//545 713//545 711//545
f 269//546 272//546 726//546 725//546
f 272//547 277//547 720//547 726//547
f 726//548 720//548 703//548 717//548
f 725//549 726//549 717//549 715//549
f 727//550 728//550 729//550 730//550
f 728//551 731//551 732//551 729//551
f 729//552 732//552 134//552 333//552
f 730//553 729//553 333//553 326//553
f 731//554 733//554 734//554 732//554
f 733//555 735//555 736//555 734//555
f 734//556 736//556 102//556 302//556
f 732//557 734//557 302//557 134//557
f 735//558 737//558 738//558 736//558
f 737//559 739//559 740//559 738//559
f 738//560 740//560 324//560 331//560
f 736//561 738//561 331//561 102//561
f 739//562 741//562 742//562 740//562
f 741//563 727//563 730//563 742//563
f 742//564 730//564 326//564 325//564
f 740//565 742//565 325//565 324//565
f 743//566 744//566 745//566 746//566
f 744//567 747//567 748//567 745//567
f 745//567 748//567 731//567 728//567
f 746//566 745//566 728//566 727//566
f 747//568 749//568 750//568 748//568
f 749//569 751//569 752//569 750//569
f 750//569 752//569 735//569 733//569
f 748//568 750//568 733//568 731//568
f 751//570 753//570 754//570 752//570
f 753//571 755//571 756//571 754//571
f 754//572 756//572 739//572 737//572
f 752//570 754//570 737//570 735//570
f 755//573 757//573 758//573 756//573
f 757//574 743//574 746//574 758//574
f 758//574 746//574 727//574 741//574
f 756//573 758//573 741//573 739//573
f 759//566 760//566 761//566 762//566
f 760//567 763//567 764//567 761//567
f 761//567 764//567 747//567 744//567
f 762//566 761//566 744//566 743//566
f 763//568 765//568 766//568 764//568
f 765//569 767//569 768//569 766//569
f 766//569 768//569 751//569 749//569
f 764//568 766//568 749//568 747//568
f 767//570 769//570 770//570 768//570
f 769//575 771//575 772//575 770//575
f 770//571 772//571 755//571 753//571
f 768//570 770//570 753//570 751//570
f 771//573 773//573 774//573 772//573
f 773//574 759//574 762//574 774//574
f 774//574 762//574 743//574 757//574
f 772//573 774//573 757//573 755//573
f 775//566 776//566 777//566 778//566
f 776//567 779//567 780//567 777//567
f 777//567 780//567 763//567 760//567
f 778//566 777//566 760//566 759//566
f 779//576 781//576 782//576 780//576
f 781//569 783//569 784//569 782//569
f 782//569 784//569 767//569 765//569
f 780//576 782//576 765//576 763//576
f 783//570 785//570 786//570 784//570
f 785//572 787//572 788//572 786//572
f 786//571 788//571 771//571 769//571
f 784//570 786//570 769//570 767//570
f 787//573 789//573 790//573 788//573
f 789//574 775//574 778//574 790//574
f 790//574 778//574 759//574 773//574
f 788//573 790//573 773//573 771//573
f 791//566 792//566 793//566 794//566
f 792//567 795//567 796//567 793//567
f 793//567 796//567 779//567 776//567
f 794//566 793//566 776//566 775//566
f 795//568 797//568 798//568 796//568
f 797//569 799//569 800//569 798//569
f 798//569 800//569 783//569 781//569
f 796//568 798//568 781//568 779//568
f 799//570 801//570 802//570 800//570
f 801//577 803//577 804//577 802//577
f 802//571 804//571 787//571 785//571
f 800//570 802//570 785//570 783//570
f 803//573 805//573 806//573 804//573
f 805//574 791//574 794//574 806//574
f 806//574 794//574 775//574 789//574
f 804//573 806//573 789//573 787//573
f 268//578 267//578 807//578 808//578
f 267//579 266//579 809//579 807//579
f 807//580 809//580 795//580 792//580
f 808//581 807//581 792//581 791//581
f 266//582 265//582 810//582 809//582
f 265//583 264//583 811//583 810//583
f 810//584 811//584 799//584 797//584
f 809//585 810//585 797//585 795//585
f 264//586 261//586 812//586 811//586
f 261//587 260//587 813//587 812//587
f 812//588 813//588 803//588 801//588
f 811//589 812//589 801//589 799//589
f 260//590 263//590 814//590 813//590
f 263//591 268//591 808//591 814//591
f 814//592 808//592 791//592 805//592
f 813//593 814//593 805//593 803//593
f 815//594 816//594 817//594 818//594
f 816//595 819//595 820//595 817//595
f 817//596 820//596 311//596 310//596
f 818//597 817//597 310//597 108//597
f 819//598 821//598 822//598 820//598
f 821//599 823//599 824//599 822//599
f 822//600 824//600 317//600 316//600
f 820//601 822//601 316//601 311//601
f 823//602 825//602 826//602 824//602
f 825//603 827//603 828//603 826//603
f 826//604 828//604 106//604 332//604
f 824//605 826//605 332//605 317//605
f 827//606 829//606 830//606 828//606
f 829//607 815//607 818//607 830//607
f 830//608 818//608 108//608 107//608
f 828//609 830//609 107//609 106//609
f 831//610 832//610 833//610 834//610
f 832//611 835//611 836//611 833//611
f 833//612 836//612 819//612 816//612
f 834//610 833//610 816//610 815//610
f 835//613 837//613 838//613 836//613
f 837//614 839//614 840//614 838//614
f 838//614 840//614 823//614 821//614
f 836//613 838//613 821//613 819//613
f 839//615 841//615 842//615 840//615
f 841//616 843//616 844//616 842//616
f 842//616 844//616 827//616 825//616
f 840//617 842//617 825//617 823//617
f 843//618 845//618 846//618 844//618
f 845//619 831//619 834//619 846//619
f 846//619 834//619 815//619 829//619
f 844//618 846//618 829//618 827//618
f 847//610 848//610 849//610 850//610
f 848//611 851//611 852//611 849//611
f 849//612 852//612 835//612 832//612
f 850//610 849//610 832//610 831//610
f 851//613 853//613 854//613 852//613
f 853//620 855//620 856//620 854//620
f 854//614 856//614 839//614 837//614
f 852//613 854//613 837//613 835//613
f 855//615 857//615 858//615 856//615
f 857//616 859//616 860//616 858//616
f 858//616 860//616 843//616 841//616
f 856//615 858//615 841//615 839//615
f 859//621 861//621 862//621 860//621
f 861//619 847//619 850//619 862//619
f 862//619 850//619 831//619 845//619
f 860//621 862//621 845//621 843//621
f 863//610 864//610 865//610 866//610
f 864//612 867//612 868//612 865//612
f 865//611 868//611 851//611 848//611
f 866//622 865//622 848//622 847//622
f 867//613 869//613 870//613 868//613
f 869//614 871//614 872//614 870//614
f 870//614 872//614 855//614 853//614
f 868//613 870//613 853//613 851//613
f 871//615 873//615 874//615 872//615
f 873//616 875//616 876//616 874//616
f 874//616 876//616 859//616 857//616
f 872//615 874//615 857//615 855//615
f 875//618 877//618 878//618 876//618
f 877//619 863//619 866//619 878//619
f 878//619 866//619 847//619 861//619
f 876//621 878//621 861//621 859//621
f 879//610 880//610 881//610 882//610
f 880//611 883//611 884//611 881//611
f 881//611 884//611 867//611 864//611
f 882//610 881//610 864//610 863//610
f 883//613 885//613 886//613 884//613
f 885//614 887//614 888//614 886//614
f 886//614 888//614 871//614 869//614
f 884//613 886//613 869//613 867//613
f 887//615 889//615 890//615 888//615
f 889//616 891//616 892//616 890//616
f 890//616 892//616 875//616 873//616
f 888//615 890//615 873//615 871//615
f 891//621 893//621 894//621 892//621
f 893//619 879//619 882//619 894//619
f 894//619 882//619 863//619 877//619
f 892//621 894//621 877//621 875//621
f 895//610 896//610 897//610 898//610
f 896//612 899//612 900//612 897//612
f 897//611 900//611 883//611 880//611
f 898//610 897//610 880//610 879//610
f 899//613 901//613 902//613 900//613
f 901//620 903//620 904//620 902//620
f 902//620 904//620 887//620 885//620
f 900//613 902//613 885//613 883//613
f 903//615 905//615 906//615 904//615
f 905//616 907//616 908//616 906//616
f 906//616 908//616 891//616 889//616
f 904//615 906//615 889//615 887//615
f 907//621 909//621 910//621 908//621
f 909//619 895//619 898//619 910//619
f 910//619 898//619 879//619 893//619
f 908//618 910//618 893//618 891//618
f 245//623 244//623 911//623 912//623
f 244//624 243//624 913//624 911//624
f 911//625 913//625 899//625 896//625
f 912//626 911//626 896//626 895//626
f 243//627 242//627 914//627 913//627
f 242//628 241//628 915//628 914//628
f 914//629 915//629 903//629 901//629
f 913//630 914//630 901//630 899//630
f 241//631 238//631 916//631 915//631
f 238//632 237//632 917//632 916//632
f 916//633 917//633 907//633 905//633
f 915//634 916//634 905//634 903//634
f 237//635 240//635 918//635 917//635
f 240//636 245//636 912//636 918//636
f 918//637 912//637 895//637 909//637
f 917//638 918//638 909//638 907//638
f 919//639 920//639 921//639 922//639
f 920//640 923//640 924//640 921//640
f 921//641 924//641 252//641 329//641
f 922//642 921//642 329//642 95//642
f 923//643 925//643 926//643 924//643
f 925//644 927//644 928//644 926//644
f 926//645 928//645 292//645 291//645
f 924//646 926//646 291//646 252//646
f 927//647 929//647 930//647 928//647
f 929//648 931//648 932//648 930//648
f 930//649 932//649 101//649 933//649
f 928//650 930//650 933//650 292//650
f 931//651 934//651 935//651 932//651
f 934//652 919//652 922//652 935//652
f 935//653 922//653 95//653 98//653
f 932//654 935//654 98//654 101//654
f 936//655 937//655 938//655 939//655
f 937//656 940//656 941//656 938//656
f 938//657 941//657 923//657 920//657
f 939//658 938//658 920//658 919//658
f 940//659 942//659 943//659 941//659
f 942//660 944//660 945//660 943//660
f 943//661 945//661 927//661 925//661
f 941//662 943//662 925//662 923//662
f 944//663 946//663 947//663 945//663
f 946//664 948//664 949//664 947//664
f 947//665 949//665 931//665 929//665
f 945//666 947//666 929//666 927//666
f 948//667 950//667 951//667 949//667
f 950//668 936//668 939//668 951//668
f 951//669 939//669 919//669 934//669
f 949//670 951//670 934//670 931//670
f 952//671 953//671 954//671 955//671
f 953//672 956//672 957//672 954//672
f 954//673 957//673 940//673 937//673
f 955//674 954//674 937//674 936//674
f 956//675 958//675 959//675 957//675
f 958//676 960//676 961//676 959//676
f 959//677 961//677 944//677 942//677
f 957//678 959//678 942//678 940//678
f 960//679 962//679 963//679 961//679
f 962//680 964//680 965//680 963//680
f 963//681 965//681 948//681 946//681
f 961//682 963//682 946//682 944//682
f 964//683 966//683 967//683 965//683
f 966//684 952//684 955//684 967//684
f 967//685 955//685 936//685 950//685
f 965//686 967//686 950//686 948//686
f 968//687 969//687 970//687 971//687
f 969//688 972//688 973//688 970//688
f 970//689 973//689 956//689 953//689
f 971//690 970//690 953//690 952//690
f 972//691 974//691 975//691 973//691
f 974//692 976//692 977//692 975//692
f 975//693 977//693 960//693 958//693
f 973//694 975//694 958//694 956//694
f 976//695 978//695 979//695 977//695
f 978//696 980//696 981//696 979//696
f 979//697 981//697 964//697 962//697
f 977//698 979//698 962//698 960//698
f 980//699 982//699 983//699 981//699
f 982//700 968//700 971//700 983//700
f 983//701 971//701 952//701 966//701
f 981//702 983//702 966//702 964//702
f 984//703 985//703 986//703 987//703
f 985//704 988//704 989//704 986//704
f 986//705 989//705 164//705 320//705
f 987//706 986//706 320//706 294//706
f 988//707 990//707 991//707 989//707
f 990//708 992//708 993//708 991//708
f 991//709 993//709 101//709 165//709
f 989//710 991//710 165//710 164//710
f 992//711 994//711 995//711 993//711
f 994//712 996//712 997//712 995//712
f 995//713 997//713 292//713 933//713
f 993//714 995//714 933//714 101//714
f 996//715 998//715 999//715 997//715
f 998//716 984//716 987//716 999//716
f 999//717 987//717 294//717 293//717
f 997//718 999//718 293//718 292//718
f 234//719 233//719 1000//719 1001//719
f 233//720 232//720 1002//720 1000//720
f 1000//721 1002//721 988//721 985//721
f 1001//722 1000//722 985//722 984//722
f 232//723 231//723 1003//723 1002//723
f 231//724 230//724 1004//724 1003//724
f 1003//725 1004//725 992//725 990//725
f 1002//726 1003//726 990//726 988//726
f 230//727 227//727 1005//727 1004//727
f 227//728 226//728 1006//728 1005//728
f 1005//729 1006//729 996//729 994//729
f 1004//730 1005//730 994//730 992//730
f 226//731 229//731 1007//731 1006//731
f 229//732 234//732 1001//732 1007//732
f 1007//733 1001//733 984//733 998//733
f 1006//734 1007//734 998//734 996//734
f 1008//735 1009//735 1010//735 1011//735
f 1009//736 1012//736 1013//736 1010//736
f 1010//737 1013//737 202//737 206//737
f 1011//738 1010//738 206//738 196//738
f 1012//739 1014//739 1015//739 1013//739
f 1014//740 1016//740 1017//740 1015//740
f 1015//741 1017//741 198//741 203//741
f 1013//742 1015//742 203//742 202//742
f 1016//743 1018//743 1019//743 1017//743
f 1018//744 1020//744 1021//744 1019//744
f 1019//745 1021//745 192//745 199//745
f 1017//746 1019//746 199//746 198//746
f 1020//747 1022//747 1023//747 1021//747
f 1022//748 1008//748 1011//748 1023//748
f 1023//749 1011//749 196//749 193//749
f 1021//750 1023//750 193//750 192//750
f 1024//751 1025//751 1026//751 1027//751
f 1025//752 1028//752 1029//752 1026//752
f 1026//753 1029//753 1012//753 1009//753
f 1027//754 1026//754 1009//754 1008//754
f 1028//755 1030//755 1031//755 1029//755
f 1030//756 1032//756 1033//756 1031//756
f 1031//757 1033//757 1016//757 1014//757
f 1029//758 1031//758 1014//758 1012//758
f 1032//759 1034//759 1035//759 1033//759
f 1034//760 1036//760 1037//760 1035//760
f 1035//761 1037//761 1020//761 1018//761
f 1033//762 1035//762 1018//762 1016//762
f 1036//763 1038//763 1039//763 1037//763
f 1038//764 1024//764 1027//764 1039//764
f 1039//765 1027//765 1008//765 1022//765
f 1037//766 1039//766 1022//766 1020//766
f 1040//767 1041//767 1042//767 1043//767
f 1041//768 1044//768 1045//768 1042//768
f 1042//769 1045//769 1028//769 1025//769
f 1043//767 1042//767 1025//767 1024//767
f 1044//770 1046//770 1047//770 1045//770
f 1046//771 1048//771 1049//771 1047//771
f 1047//771 1049//771 1032//771 1030//771
f 1045//770 1047//770 1030//770 1028//770
f 1048//772 1050//772 1051//772 1049//772
f 1050//773 1052//773 1053//773 1051//773
f 1051//774 1053//774 1036//774 1034//774
f 1049//772 1051//772 1034//772 1032//772
f 1052//775 1054//775 1055//775 1053//775
f 1054//776 1040//776 1043//776 1055//776
f 1055//776 1043//776 1024//776 1038//776
f 1053//775 1055//775 1038//775 1036//775
f 1056//767 1057//767 1058//767 1059//767
f 1057//768 1060//768 1061//768 1058//768
f 1058//769 1061//769 1044//769 1041//769
f 1059//767 1058//767 1041//767 1040//767
f 1060//770 1062//770 1063//770 1061//770
f 1062//771 1064//771 1065//771 1063//771
f 1063//777 1065//777 1048//777 1046//777
f 1061//770 1063//770 1046//770 1044//770
f 1064//772 1066//772 1067//772 1065//772
f 1066//774 1068//774 1069//774 1067//774
f 1067//774 1069//774 1052//774 1050//774
f 1065//772 1067//772 1050//772 1048//772
f 1068//775 1070//775 1071//775 1069//775
f 1070//776 1056//776 1059//776 1071//776
f 1071//776 1059//776 1040//776 1054//776
f 1069//775 1071//775 1054//775 1052//775
f 1072//767 1073//767 1074//767 1075//767
f 1073//769 1076//769 1077//769 1074//769
f 1074//768 1077//768 1060//768 1057//768
f 1075//767 1074//767 1057//767 1056//767
f 1076//770 1078//770 1079//770 1077//770
f 1078//777 1080//777 1081//777 1079//777
f 1079//777 1081//777 1064//777 1062//777
f 1077//770 1079//770 1062//770 1060//770
f 1080//778 1082//778 1083//778 1081//778
f 1082//773 1084//773 1085//773 1083//773
f 1083//774 1085//774 1068//774 1066//774
f 1081//779 1083//779 1066//779 1064//779
f 1084//775 1086//775 1087//775 1085//775
f 1086//776 1072//776 1075//776 1087//776
f 1087//776 1075//776 1056//776 1070//776
f 1085//775 1087//775 1070//775 1068//775
f 130//780 133//780 1088//780 1089//780
f 133//781 136//781 1090//781 1088//781
f 1088//782 1090//782 1076//782 1073//782
f 1089//783 1088//783 1073//783 1072//783
f 136//784 307//784 1091//784 1090//784
f 307//785 306//785 1092//785 1091//785
f 1091//786 1092//786 1080//786 1078//786
f 1090//787 1091//787 1078//787 1076//787
f 306//788 313//788 1093//788 1092//788
f 313//789 312//789 1094//789 1093//789
f 1093//790 1094//790 1084//790 1082//790
f 1092//791 1093//791 1082//791 1080//791
f 312//792 335//792 1095//792 1094//792
f 335//793 130//793 1089//793 1095//793
f 1095//794 1089//794 1072//794 1086//794
f 1094//795 1095//795 1086//795 1084//795
f 1096//796 1097//796 1098//796 1099//796
f 1097//797 1100//797 1101//797 1098//797
f 1098//798 1101//798 972//798 969//798
f 1099//799 1098//799 969//799 968//799
f 1100//800 1102//800 1103//800 1101//800
f 1102//801 1104//801 1105//801 1103//801
f 1103//802 1105//802 976//802 974//802
f 1101//803 1103//803 974//803 972//803
f 1104//804 1106//804 1107//804 1105//804
f 1106//805 1108//805 1109//805 1107//805
f 1107//806 1109//806 980//806 978//806
f 1105//807 1107//807 978//807 976//807
f 1108//808 1110//808 1111//808 1109//808
f 1110//809 1096//809 1099//809 1111//809
f 1111//810 1099//810 968//810 982//810
f 1109//811 1111//811 982//811 980//811
f 225//812 224//812 1112//812 1113//812
f 224//813 223//813 1114//813 1112//813
f 1112//814 1114//814 1100//814 1097//814
f 1113//815 1112//815 1097//815 1096//815
f 223//816 222//816 1115//816 1114//816
f 222//817 221//817 1116//817 1115//817
f 1115//818 1116//818 1104//818 1102//818
f 1114//819 1115//819 1102//819 1100//819
f 221//820 218//820 1117//820 1116//820
f 218//821 217//821 1118//821 1117//821
f 1117//822 1118//822 1108//822 1106//822
f 1116//823 1117//823 1106//823 1104//823
f 217//824 220//824 1119//824 1118//824
f 220//825 225//825 1113//825 1119//825
f 1119//826 1113//826 1096//826 1110//826
f 1118//827 1119//827 1110//827 1108//827
f 1120//828 1121//828 1122//828 1123//828
f 1121//829 1124//829 1125//829 1122//829
f 1122//830 1125//830 475//830 472//830
f 1123//831 1122//831 472//831 471//831
f 1124//832 1126//832 1127//832 1125//832
f 1126//833 1128//833 1129//833 1127//833
f 1127//834 1129//834 479//834 477//834
f 1125//835 1127//835 477//835 475//835
f 1128//836 1130//836 1131//836 1129//836
f 1130//837 1132//837 1133//837 1131//837
f 1131//838 1133//838 483//838 481//838
f 1129//839 1131//839 481//839 479//839
f 1132//840 1134//840 1135//840 1133//840
f 1134//841 1120//841 1123//841 1135//841
f 1135//842 1123//842 471//842 485//842
f 1133//843 1135//843 485//843 483//843
f 1136//844 1137//844 1138//844 1139//844
f 1137//845 1140//845 1141//845 1138//845
f 1138//846 1141//846 1124//846 1121//846
f 1139//847 1138//847 1121//847 1120//847
f 1140//848 1142//848 1143//848 1141//848
f 1142//849 1144//849 1145//849 1143//849
f 1143//850 1145//850 1128//850 1126//850
f 1141//851 1143//851 1126//851 1124//851
f 1144//852 1146//852 1147//852 1145//852
f 1146//853 1148//853 1149//853 1147//853
f 1147//854 1149//854 1132//854 1130//854
f 1145//855 1147//855 1130//855 1128//855
f 1148//856 1150//856 1151//856 1149//856
f 1150//857 1136//857 1139//857 1151//857
f 1151//858 1139//858 1120//858 1134//858
f 1149//859 1151//859 1134//859 1132//859
f 1152//860 1153//860 1154//860 1155//860
f 1153//861 1156//861 1157//861 1154//861
f 1154//861 1157//861 1140//861 1137//861
f 1155//860 1154//860 1137//860 1136//860
f 1156//862 1158//862 1159//862 1157//862
f 1158//863 1160//863 1161//863 1159//863
f 1159//863 1161//863 1144//863 1142//863
f 1157//862 1159//862 1142//862 1140//862
f 1160//864 1162//864 1163//864 1161//864
f 1162//865 1164//865 1165//865 1163//865
f 1163//865 1165//865 1148//865 1146//865
f 1161//864 1163//864 1146//864 1144//864
f 1164//866 1166//866 1167//866 1165//866
f 1166//867 1152//867 1155//867 1167//867
f 1167//867 1155//867 1136//867 1150//867
f 1165//866 1167//866 1150//866 1148//866
f 1168//860 1169//860 1170//860 1171//860
f 1169//861 1172//861 1173//861 1170//861
f 1170//861 1173//861 1156//861 1153//861
f 1171//860 1170//860 1153//860 1152//860
f 1172//862 1174//862 1175//862 1173//862
f 1174//863 1176//863 1177//863 1175//863
f 1175//863 1177//863 1160//863 1158//863
f 1173//862 1175//862 1158//862 1156//862
f 1176//864 1178//864 1179//864 1177//864
f 1178//865 1180//865 1181//865 1179//865
f 1179//865 1181//865 1164//865 1162//865
f 1177//864 1179//864 1162//864 1160//864
f 1180//866 1182//866 1183//866 1181//866
f 1182//867 1168//867 1171//867 1183//867
f 1183//867 1171//867 1152//867 1166//867
f 1181//866 1183//866 1166//866 1164//866
f 216//868 215//868 1184//868 1185//868
f 215//869 214//869 1186//869 1184//869
f 1184//870 1186//870 1172//870 1169//870
f 1185//871 1184//871 1169//871 1168//871
f 214//872 213//872 1187//872 1186//872
f 213//873 212//873 1188//873 1187//873
f 1187//874 1188//874 1176//874 1174//874
f 1186//875 1187//875 1174//875 1172//875
f 212//876 209//876 1189//876 1188//876
f 209//877 208//877 1190//877 1189//877
f 1189//878 1190//878 1180//878 1178//878
f 1188//879 1189//879 1178//879 1176//879
f 208//880 211//880 1191//880 1190//880
f 211//881 216//881 1185//881 1191//881
f 1191//882 1185//882 1168//882 1182//882
f 1190//883 1191//883 1182//883 1180//883
