mtllib LOW_POLY_set.mtl
o lp_palm_2_Cube_036
v 69.435051 8.181852 -9.460608
v 70.272705 7.581578 -9.154667
v 70.223404 7.426701 -9.328675
v 69.381340 7.995786 -9.668166
v 70.611931 7.146490 -8.970932
v 70.625572 6.937560 -9.037696
v 70.410118 6.972859 -9.061485
v 70.061691 7.264396 -9.263910
v 69.222198 7.777950 -9.579818
v 69.916962 7.160574 -8.949362
v 69.041702 7.659859 -9.207629
v 70.406944 6.804908 -8.812958
v 70.242554 6.922370 -8.591231
v 69.825539 7.193241 -8.601165
v 68.941032 7.693232 -8.790737
v 69.899734 7.329176 -8.420321
v 68.994736 7.879298 -8.583180
v 70.427216 6.877793 -8.481026
v 70.444374 7.096002 -8.500677
v 70.036552 7.510424 -8.491921
v 69.153885 8.097134 -8.671528
v 70.206177 7.595302 -8.799634
v 69.334381 8.215224 -9.043716
v 70.645844 7.010446 -8.705764
v 67.734573 8.193159 -9.976081
v 67.344376 8.208535 -9.753513
v 67.194527 8.496118 -9.776032
v 67.707840 8.412783 -10.040905
v 67.509254 8.125270 -9.343752
v 67.433151 8.330016 -9.270010
v 67.604637 8.483916 -9.271259
v 67.460663 8.645774 -9.665135
v 67.829948 8.551805 -9.903589
v 70.939774 6.379049 -8.668819
v 68.181328 8.454188 -8.973377
v 68.350098 8.581928 -9.355064
v 68.466476 8.540107 -9.773625
v 67.993011 8.028954 -9.086133
v 68.024345 8.230238 -8.882048
v 68.278160 8.114871 -9.886380
v 68.090965 7.996776 -9.510224
v 68.416718 8.348467 -9.983242
v 66.997101 7.919138 -11.882173
v 67.109680 7.240919 -12.708573
v 66.997780 7.072100 -12.583375
v 66.862137 7.715632 -11.737415
v 67.248444 6.788058 -13.045915
v 67.224106 6.572157 -13.012908
v 67.269264 6.638721 -12.808549
v 67.145111 6.950382 -12.441366
v 67.041290 7.542886 -11.600861
v 67.504196 6.920210 -12.412848
v 67.468407 7.513352 -11.559052
v 67.531898 6.512700 -12.880131
v 67.768463 6.687604 -12.821583
v 67.848656 7.019277 -12.459736
v 67.878952 7.624913 -11.622733
v 67.962051 7.166526 -12.608553
v 68.013916 7.828419 -11.767489
v 67.815048 6.630024 -13.028338
v 67.747643 6.836943 -13.058949
v 67.813232 7.309813 -12.726944
v 67.834763 8.001165 -11.904044
v 67.455635 7.318417 -12.779080
v 67.407646 8.030700 -11.945854
v 67.507248 6.689481 -13.161116
v 67.105988 8.134942 -10.121761
v 67.441246 8.247890 -9.844507
v 67.414772 8.549687 -9.726675
v 67.011925 8.343760 -10.095326
v 67.777245 8.200674 -10.139288
v 67.830284 8.423897 -10.116694
v 67.739555 8.545300 -10.290261
v 67.395294 8.668036 -10.028563
v 67.068298 8.479568 -10.272734
v 67.565964 6.030823 -13.382802
v 67.820732 8.465278 -10.929947
v 67.387009 8.504740 -10.958395
v 66.971222 8.382091 -10.907765
v 67.866669 8.065128 -10.671545
v 68.003105 8.286659 -10.795868
v 67.017151 7.981940 -10.649364
v 67.450211 7.954106 -10.602817
v 66.834114 8.172187 -10.765344
v 65.732254 7.841494 -8.783445
v 65.028503 7.084378 -8.488291
v 65.206993 6.956411 -8.396287
v 65.941643 7.686699 -8.670406
v 64.740105 6.583832 -8.421865
v 64.812408 6.382520 -8.371455
v 64.979698 6.455337 -8.493695
v 65.313698 6.818193 -8.558146
v 66.041382 7.491388 -8.850659
v 65.234123 6.711807 -8.894324
v 65.953140 7.371721 -9.254317
v 64.851074 6.268354 -8.689848
v 64.805435 6.390947 -8.959795
v 65.068092 6.727446 -9.215037
v 65.748962 7.383343 -9.632770
v 64.870369 6.832034 -9.296618
v 65.539566 7.538137 -9.745809
v 64.606110 6.306297 -8.923209
v 64.565834 6.519442 -8.887965
v 64.782906 6.993631 -9.145183
v 65.439835 7.733449 -9.565556
v 64.843246 7.076638 -8.798581
v 65.528076 7.853116 -9.161898
v 64.567444 6.420462 -8.604816
v 67.316025 8.183638 -9.512882
v 67.454712 8.243658 -9.936186
v 67.526154 8.553074 -10.005642
v 67.337196 8.409618 -9.472438
v 67.081696 8.097055 -10.139627
v 67.051521 8.304063 -10.236524
v 66.897758 8.426614 -10.116384
v 67.230469 8.645434 -9.907850
v 67.132088 8.513196 -9.489639
v 64.444511 5.748129 -8.465975
v 66.285172 8.273954 -9.962696
v 66.386436 8.405918 -9.559192
v 66.581726 8.383530 -9.169517
v 66.576019 7.898218 -10.019533
v 66.382507 8.072008 -10.144032
v 66.872574 8.007792 -9.226354
v 66.786667 7.888880 -9.637403
v 66.790596 8.222790 -9.052564
v 67.963165 7.897353 -7.876978
v 67.992928 7.164527 -7.091055
v 68.133682 7.027768 -7.225898
v 68.132980 7.732159 -8.033372
v 67.947838 6.675088 -6.780328
v 68.012817 6.470130 -6.825777
v 67.953262 6.538199 -7.025908
v 68.010796 6.888187 -7.374575
v 67.988739 7.536151 -8.179524
v 67.663887 6.791101 -7.404475
v 67.574791 7.427343 -8.222598
v 67.720619 6.360126 -6.961499
v 67.454163 6.489232 -7.009634
v 67.307396 6.819176 -7.351639
v 67.151253 7.453985 -8.152216
v 67.169609 6.933182 -7.194462
v 66.981438 7.619179 -7.995823
v 67.421997 6.412164 -6.806512
v 67.448738 6.626121 -6.764053
v 67.289528 7.095515 -7.068119
v 67.125679 7.815186 -7.849670
v 67.639397 7.169849 -7.015885
v 67.539627 7.923995 -7.806597
v 67.714195 6.522169 -6.670789
v 67.793747 8.187336 -9.621880
v 67.439735 8.249111 -9.891850
v 67.406303 8.556529 -9.992067
v 67.845604 8.411512 -9.636285
v 67.122627 8.121491 -9.599997
v 67.027412 8.331239 -9.609607
v 67.095192 8.457828 -9.429393
v 67.406288 8.659150 -9.683861
v 67.766312 8.523672 -9.451276
v 67.785820 5.853071 -6.487486
v 67.038574 8.327635 -8.795330
v 67.456947 8.448197 -8.765028
v 67.887917 8.410964 -8.823025
v 67.067307 7.941391 -9.076385
v 66.892342 8.125115 -8.939348
v 67.916649 8.024720 -9.104079
v 67.496483 7.916700 -9.151778
v 68.061089 8.239782 -8.977458
v 68.878517 7.707093 -9.091077
v 69.309418 7.076295 -8.661711
v 69.307785 6.967445 -8.822416
v 68.880127 7.575336 -9.281313
v 69.437347 6.665756 -8.462221
v 69.439484 6.499381 -8.528619
v 69.293991 6.564795 -8.609888
v 69.145065 6.863194 -8.840469
v 68.703789 7.425573 -9.286472
v 68.922020 6.793771 -8.660851
v 68.433746 7.348781 -9.076342
v 69.187241 6.422687 -8.441935
v 69.011177 6.536180 -8.315764
v 68.746498 6.822866 -8.425952
v 68.229240 7.377558 -8.792938
v 68.761505 6.912171 -8.254281
v 68.227623 7.509315 -8.602702
v 69.104706 6.465508 -8.180447
v 69.154541 6.637141 -8.168098
v 68.910843 7.035967 -8.247193
v 68.403969 7.659078 -8.597543
v 69.147278 7.085845 -8.415846
v 68.674004 7.735870 -8.807673
v 69.356949 6.542202 -8.267132
v 67.798752 8.022103 -10.003848
v 67.442169 8.092436 -9.957426
v 67.380112 8.347691 -9.992262
v 67.831223 8.203897 -10.038749
v 67.418472 7.983626 -9.608354
v 67.367607 8.156988 -9.556588
v 67.515701 8.250628 -9.488888
v 67.560707 8.417948 -9.811781
v 67.895981 8.289105 -9.884382
v 69.471497 5.988161 -8.210890
v 67.838280 8.118789 -9.089985
v 68.104156 8.205589 -9.309898
v 68.319550 8.167484 -9.590505
v 67.676460 7.815893 -9.275049
v 67.661690 7.963683 -9.092854
v 68.157730 7.864588 -9.775568
v 67.881477 7.788785 -9.564558
v 68.323944 8.030691 -9.781602
v 67.993874 7.882922 -11.203671
v 68.395607 7.403481 -11.599939
v 68.286789 7.285617 -11.565784
v 67.865067 7.740704 -11.166017
v 68.615875 7.090581 -11.718294
v 68.593742 6.941924 -11.700258
v 68.537872 6.993935 -11.569652
v 68.317184 7.211034 -11.422921
v 67.916695 7.632227 -11.011739
v 68.509987 7.205523 -11.265471
v 68.142807 7.630210 -10.820253
v 68.717300 6.916458 -11.502580
v 68.824623 7.047557 -11.384311
v 68.721313 7.286605 -11.161715
v 68.397865 7.722204 -10.700741
v 68.840683 7.389195 -11.207777
v 68.526665 7.864422 -10.738394
v 68.933189 7.005400 -11.480859
v 68.902626 7.144203 -11.532954
v 68.799736 7.479052 -11.338733
v 68.475037 7.972899 -10.892672
v 68.617485 7.469289 -11.508091
v 68.248924 7.974916 -11.084158
v 68.809631 7.030865 -11.678537
v 67.361572 8.073801 -10.173203
v 67.440445 8.171072 -9.890062
v 67.372917 8.379962 -9.846022
v 67.293533 8.214062 -10.203473
v 67.747154 8.145905 -9.923985
v 67.763611 8.301965 -9.899642
v 67.777634 8.377951 -10.038282
v 67.477608 8.453968 -10.029406
v 67.392052 8.305848 -10.287500
v 68.943642 6.575777 -11.754203
v 68.075806 8.312400 -10.365562
v 67.840500 8.321259 -10.552467
v 67.587830 8.221149 -10.680962
v 68.009094 8.044855 -10.184946
v 68.130348 8.199964 -10.211192
v 67.521118 7.953605 -10.500345
v 67.748703 7.953101 -10.303927
v 67.458862 8.074397 -10.645203
v 66.139992 7.580355 -10.624598
v 65.795715 6.927531 -11.060009
v 65.836777 6.811197 -10.915762
v 66.185760 7.439175 -10.453779
v 65.726479 6.526308 -11.281558
v 65.763382 6.361803 -11.233976
v 65.899498 6.446412 -11.163534
v 66.013336 6.742251 -10.925408
v 66.382233 7.330485 -10.481894
v 66.217224 6.734095 -11.128859
v 66.628593 7.326955 -10.720381
v 66.007545 6.345076 -11.351241
v 66.139000 6.498047 -11.479680
v 66.350876 6.815022 -11.370964
v 66.784119 7.417127 -11.012383
v 66.299408 6.910936 -11.526437
v 66.738350 7.558308 -11.183201
v 66.046898 6.422926 -11.608218
v 65.965988 6.577943 -11.597704
v 66.133263 7.000301 -11.505564
v 66.541878 7.666997 -11.155087
v 65.918961 6.988038 -11.313340
v 66.295517 7.670527 -10.916599
v 65.802734 6.439653 -11.490953
v 67.218941 8.020992 -9.819587
v 67.539909 8.161938 -9.893618
v 67.555634 8.415038 -9.840367
v 67.158325 8.185374 -9.764106
v 67.540985 8.090423 -10.244694
v 67.550949 8.270020 -10.282369
v 67.384354 8.335652 -10.323305
v 67.348946 8.460906 -9.989456
v 67.062302 8.266222 -9.898199
v 65.790108 5.892715 -11.589848
v 67.053947 8.178008 -10.689705
v 66.810852 8.191133 -10.441165
v 66.646370 8.090140 -10.151710
v 67.286636 7.906014 -10.557848
v 67.251373 8.064449 -10.720602
v 66.879066 7.818146 -10.019853
v 67.131050 7.816852 -10.259721
v 66.690529 7.943536 -9.980284
v 66.728416 7.853518 -8.686341
v 66.367546 7.320795 -8.319917
v 66.504051 7.229872 -8.319699
v 66.889999 7.743458 -8.683069
v 66.201019 6.973525 -8.209894
v 66.258202 6.833405 -8.206560
v 66.327187 6.888171 -8.329550
v 66.520821 7.140749 -8.456346
v 66.896248 7.615699 -8.830966
v 66.370651 7.079320 -8.645217
v 66.720581 7.547508 -9.059639
v 66.186752 6.766236 -8.419574
v 66.080307 6.860043 -8.569786
v 66.172890 7.101106 -8.794919
v 66.481987 7.568499 -9.234079
v 66.027176 7.175538 -8.783746
v 66.320404 7.678559 -9.237351
v 65.965958 6.800107 -8.490944
v 65.954147 6.945396 -8.450130
v 66.019615 7.281152 -8.658490
v 66.314156 7.806318 -9.089456
v 66.160576 7.326089 -8.458228
v 66.489815 7.874509 -8.860782
v 66.037407 6.867274 -8.277929
v 67.503113 8.117985 -9.596289
v 67.465256 8.174562 -9.898312
v 67.493340 8.390017 -9.952398
v 67.531242 8.272045 -9.569982
v 67.171150 8.080161 -9.919323
v 67.126534 8.225933 -9.963804
v 67.067963 8.305661 -9.839691
v 67.339462 8.449477 -9.801229
v 67.399925 8.343485 -9.516656
v 65.992920 6.399605 -8.177457
v 66.730125 8.193943 -9.568213
v 66.914009 8.270624 -9.343079
v 67.150246 8.241811 -9.159394
v 66.889305 7.938087 -9.701830
v 66.734474 8.061652 -9.716292
v 67.309418 7.985954 -9.293012
v 67.133041 7.918549 -9.526944
v 67.312584 8.127522 -9.153730
v 68.399277 8.625633 -11.504853
v 69.117729 8.271988 -12.045661
v 69.012558 8.086257 -12.061581
v 68.276093 8.403366 -11.527945
v 69.511604 7.983675 -12.232589
v 69.527603 7.788374 -12.257551
v 69.420280 7.794517 -12.091977
v 69.051430 7.955123 -11.896973
v 68.350471 8.232297 -11.353836
v 69.270378 7.947691 -11.657007
v 68.604752 8.226809 -11.062587
v 69.659393 7.724571 -11.988834
v 69.734268 7.875879 -11.778584
v 69.493942 8.069790 -11.455297
v 68.877342 8.368822 -10.827969
v 69.619064 8.243419 -11.456225
v 69.000526 8.591089 -10.804877
v 69.899292 7.884688 -11.886569
v 69.825592 8.065038 -11.919197
v 69.560242 8.386656 -11.603987
v 68.926147 8.762159 -10.978986
v 69.361244 8.381985 -11.860800
v 68.671867 8.767647 -11.270235
v 69.767502 7.948491 -12.155286
v 67.380768 8.352219 -10.305241
v 67.404266 8.399731 -9.904714
v 67.246811 8.624955 -9.805429
v 67.256050 8.517168 -10.318740
v 67.802971 8.461623 -9.883837
v 67.770775 8.650547 -9.804991
v 67.786606 8.793856 -9.953692
v 67.384315 8.804767 -9.989877
v 67.364403 8.684451 -10.375096
v 70.090843 7.447622 -12.349203
v 68.233963 8.900558 -10.313709
v 67.965256 8.910528 -10.599380
v 67.699638 8.762100 -10.847018
v 68.205391 8.492955 -10.179268
v 68.313232 8.725348 -10.139945
v 67.671074 8.354498 -10.712578
v 67.925949 8.349641 -10.414380
v 67.577972 8.534822 -10.873815
v 66.927277 8.283782 -7.995879
v 66.575699 7.762760 -7.275847
v 66.736465 7.626728 -7.297504
v 67.118507 8.120446 -8.017181
v 66.382912 7.380226 -6.986366
v 66.443008 7.195824 -6.962651
v 66.486465 7.223161 -7.151046
v 66.698524 7.478209 -7.443501
v 67.060173 7.922271 -8.162189
v 66.437576 7.378253 -7.602269
v 66.752327 7.808037 -8.358314
v 66.269547 7.070089 -7.176483
v 66.089844 7.167796 -7.347640
v 66.139549 7.400180 -7.720568
v 66.394646 7.829368 -8.492071
v 65.970345 7.519782 -7.677250
v 66.203415 7.992704 -8.470769
v 65.973495 7.130283 -7.195373
v 65.986290 7.324861 -7.182960
v 66.016731 7.684731 -7.552914
v 66.261749 8.190879 -8.325761
v 66.269234 7.768256 -7.372484
v 66.569595 8.305114 -8.129637
v 66.146957 7.256017 -6.981541
v 67.562874 8.266928 -9.442165
v 67.407715 8.269289 -9.810432
v 67.439926 8.522161 -9.946627
v 67.620186 8.462548 -9.463727
v 67.029556 8.192480 -9.706516
v 66.970001 8.371786 -9.786007
v 66.950951 8.512078 -9.637928
v 67.311882 8.658923 -9.726814
v 67.484268 8.586527 -9.373577
v 66.091003 6.700302 -6.712150
v 66.627090 8.492929 -9.159914
v 66.944443 8.615643 -8.973343
v 67.302032 8.587147 -8.825363
v 66.751953 8.112863 -9.304782
v 66.565971 8.289319 -9.303199
v 67.426895 8.207080 -8.970231
v 67.116264 8.092645 -9.172691
v 67.494736 8.418969 -8.842835
v 66.263428 6.992810 -9.549185
v 66.215652 6.065100 -9.480813
v 66.346016 6.071432 -9.321021
v 66.417046 6.996464 -9.357119
v 66.326286 5.573839 -9.463792
v 66.459572 5.480019 -9.365350
v 66.552597 5.641479 -9.403958
v 66.543777 6.071662 -9.379750
v 66.651054 6.959716 -9.423409
v 66.694252 6.013916 -9.648311
v 66.830910 6.899641 -9.744305
v 66.669136 5.482050 -9.572953
v 66.680336 5.577271 -9.814543
v 66.723816 5.981173 -9.958402
v 66.865402 6.851976 -10.112365
v 66.592766 5.947407 -10.114117
v 66.711784 6.848322 -10.304432
v 66.610794 5.404012 -9.851385
v 66.454033 5.509632 -9.874376
v 66.395691 5.974610 -10.059464
v 66.477783 6.885071 -10.238140
v 66.244530 6.004922 -9.786827
v 66.297928 6.945146 -9.917246
v 66.401237 5.401980 -9.643782
v 67.176193 8.232674 -9.535817
v 67.378944 8.418800 -9.811362
v 67.265999 8.666044 -9.885166
v 67.042046 8.380664 -9.532870
v 67.347969 8.146337 -10.087912
v 67.251457 8.275407 -10.205948
v 67.054420 8.245203 -10.194702
v 67.021072 8.539332 -9.941555
v 66.882652 8.331540 -9.642608
v 66.668182 4.885179 -9.479910
v 66.763054 7.773766 -10.293825
v 66.583000 7.849061 -9.969908
v 66.545670 7.883029 -9.595119
v 67.151794 7.712368 -10.163277
v 67.000031 7.731641 -10.360818
v 66.934410 7.821633 -9.464571
v 67.117928 7.764575 -9.790263
v 66.700890 7.881996 -9.399353
v 66.512314 8.741819 -10.652074
v 66.288780 8.674730 -11.144285
v 66.257164 8.562351 -11.113791
v 66.472595 8.607963 -10.617463
v 66.221268 8.577774 -11.414227
v 66.199486 8.474959 -11.451055
v 66.276833 8.452824 -11.374157
v 66.345299 8.482325 -11.133403
v 66.568336 8.509510 -10.660293
v 66.503792 8.484838 -11.225194
v 66.759438 8.513159 -10.765087
v 66.359787 8.434306 -11.500180
v 66.492096 8.509089 -11.497226
v 66.648674 8.561622 -11.306848
v 66.929543 8.603924 -10.866799
v 66.672966 8.671036 -11.351512
v 66.969254 8.737781 -10.901410
v 66.454308 8.541565 -11.596739
v 66.436523 8.634040 -11.537294
v 66.592155 8.754027 -11.317730
v 66.873512 8.836233 -10.858581
v 66.426338 8.748549 -11.240109
v 66.682411 8.832584 -10.753786
v 66.294006 8.582218 -11.547613
v 67.025780 8.379864 -10.006995
v 67.250290 8.377043 -9.968763
v 67.296425 8.473914 -9.843781
v 67.011223 8.456496 -9.920025
v 67.315231 8.455522 -10.172480
v 67.364105 8.548735 -10.121773
v 67.292206 8.640513 -10.128177
v 67.222221 8.602572 -9.914752
v 67.002754 8.564856 -9.962692
v 66.202728 8.361558 -11.808155
v 67.157265 8.779061 -10.394649
v 66.967621 8.775746 -10.280903
v 66.790947 8.683311 -10.185219
v 67.206032 8.542618 -10.417444
v 67.253212 8.678945 -10.440681
v 66.839714 8.446868 -10.208014
v 67.034729 8.450384 -10.312271
v 66.749138 8.547186 -10.152493
v 67.715874 8.934134 -9.337272
v 67.933167 9.020060 -8.970057
v 67.992241 8.946112 -8.988409
v 67.787834 8.846939 -9.358017
v 68.033318 9.005870 -8.757451
v 68.086647 8.943800 -8.722513
v 68.033356 8.892993 -8.772369
v 67.957588 8.862056 -8.956367
v 67.755600 8.750005 -9.305332
v 67.849060 8.822886 -8.866320
v 67.624123 8.702497 -9.201436
v 67.988663 8.867829 -8.662272
v 67.867775 8.877517 -8.655673
v 67.724228 8.840244 -8.791903
v 67.477760 8.724036 -9.109517
v 67.672409 8.916218 -8.762996
v 67.405807 8.811232 -9.088772
v 67.890640 8.925479 -8.584372
v 67.867737 8.990394 -8.640755
v 67.699814 8.998248 -8.805593
v 67.438042 8.908165 -9.141457
v 67.815590 9.039445 -8.885084
v 67.569511 8.955674 -9.245353
v 67.988625 9.001450 -8.644612
v 67.426399 8.426072 -9.756439
v 67.263344 8.345364 -9.760707
v 67.188507 8.384326 -9.861722
v 67.404709 8.475181 -9.832805
v 67.203751 8.405262 -9.599523
v 67.133278 8.449810 -9.641501
v 67.154022 8.540140 -9.652197
v 67.202713 8.509798 -9.824924
v 67.376663 8.560950 -9.809114
v 68.147507 8.905184 -8.431938
v 67.221878 8.716709 -9.469355
v 67.351570 8.762877 -9.580152
v 67.503647 8.743046 -9.667941
v 67.269226 8.533793 -9.426436
v 67.190277 8.618904 -9.413988
v 67.550995 8.560130 -9.625023
v 67.416718 8.511172 -9.521093
v 67.578011 8.655145 -9.687257
v 68.684181 8.284471 -8.085431
v 69.286491 7.698579 -7.414945
v 69.390816 7.594480 -7.601964
v 68.812836 8.159478 -8.305453
v 69.541405 7.261016 -7.129122
v 69.642723 7.080913 -7.203898
v 69.483978 7.102420 -7.354127
v 69.268242 7.407054 -7.682801
v 68.691643 7.912601 -8.375797
v 68.994820 7.207622 -7.555787
v 68.359901 7.680363 -8.230668
v 69.373718 6.872394 -7.196282
v 69.086906 6.908720 -7.116257
v 68.708641 7.134067 -7.347561
v 68.025368 7.587575 -7.976653
v 68.623833 7.220325 -7.142488
v 67.896713 7.712568 -7.756630
v 69.172691 6.851617 -6.922314
v 69.144333 7.067317 -6.891251
v 68.726891 7.425591 -7.079705
v 68.017906 7.959445 -7.686286
v 69.019829 7.607183 -7.188665
v 68.349648 8.191683 -7.831415
v 69.441696 7.060135 -6.929929
v 67.692635 8.289641 -9.559973
v 67.257935 8.208301 -9.640237
v 67.086960 8.476533 -9.707215
v 67.657494 8.515409 -9.590725
v 67.158714 8.029182 -9.240118
v 67.006569 8.197873 -9.200780
v 67.100632 8.360459 -9.067311
v 67.187119 8.612172 -9.429563
v 67.634552 8.620918 -9.387165
v 69.797798 6.471627 -6.814728
v 67.369537 8.299725 -8.478930
v 67.695663 8.542806 -8.637163
v 68.045235 8.629350 -8.883723
v 67.397057 7.907804 -8.752137
v 67.249687 8.046358 -8.546628
v 68.072754 8.237429 -9.156930
v 67.733528 8.003496 -9.013114
v 68.179504 8.499945 -9.103650
v 66.375961 8.591210 -9.231483
v 65.883102 8.410767 -9.085633
v 65.934341 8.313935 -9.035062
v 66.434967 8.475571 -9.169525
v 65.638741 8.249655 -9.051659
v 65.625656 8.142818 -9.023088
v 65.719147 8.136292 -9.083106
v 65.953125 8.224699 -9.114059
v 66.437889 8.361718 -9.257399
v 65.896248 8.189165 -9.284515
v 66.374725 8.321070 -9.462033
v 65.620499 8.077401 -9.182637
v 65.630020 8.139131 -9.321219
v 65.827522 8.228701 -9.449641
v 66.288345 8.366482 -9.656950
v 65.762184 8.319419 -9.495008
v 66.229340 8.482121 -9.718907
v 65.520149 8.146179 -9.304959
v 65.549614 8.252494 -9.289772
v 65.757500 8.414768 -9.421215
v 66.226410 8.595975 -9.631034
v 65.800278 8.444189 -9.245555
v 66.289574 8.636622 -9.426398
v 65.525314 8.211597 -9.145411
v 67.178635 8.378497 -9.579701
v 67.259140 8.367959 -9.792501
v 67.362000 8.491174 -9.829532
v 67.238815 8.476875 -9.561055
v 67.058792 8.382315 -9.899882
v 67.092720 8.481529 -9.951398
v 67.049446 8.573611 -9.894104
v 67.247749 8.601175 -9.785457
v 67.169289 8.569794 -9.573924
v 65.316574 7.936401 -9.070564
v 66.735626 8.644685 -9.824271
v 66.807472 8.687976 -9.619631
v 66.887291 8.639853 -9.419065
v 66.783386 8.407842 -9.844970
v 66.735977 8.528344 -9.912667
v 66.935051 8.403010 -9.439764
v 66.873184 8.362064 -9.648113
v 66.944679 8.521696 -9.355077
v 68.245918 8.837507 -9.819838
v 68.765312 8.779422 -9.666240
v 68.774612 8.682183 -9.737070
v 68.259621 8.722024 -9.904507
v 69.019257 8.675851 -9.558474
v 69.070869 8.578598 -9.575175
v 68.964600 8.545646 -9.577585
v 68.738091 8.581094 -9.682264
v 68.236977 8.598957 -9.833551
v 68.700165 8.534628 -9.509188
v 68.186836 8.544116 -9.628623
v 69.004333 8.494397 -9.440104
v 68.906830 8.533591 -9.330267
v 68.656677 8.564105 -9.333709
v 68.140045 8.578731 -9.418553
v 68.663025 8.658899 -9.259343
v 68.126343 8.694213 -9.333884
v 69.002487 8.564328 -9.282408
v 68.961487 8.663796 -9.311154
v 68.683899 8.762434 -9.317684
v 68.148987 8.817281 -9.404839
v 68.737473 8.806456 -9.487225
v 68.199127 8.872122 -9.609767
v 69.069031 8.648529 -9.417480
v 67.461510 8.425224 -9.979579
v 67.283951 8.370153 -9.847991
v 67.151474 8.464440 -9.874337
v 67.399521 8.511395 -10.028371
v 67.383835 8.409016 -9.647021
v 67.304825 8.491634 -9.622936
v 67.348648 8.597365 -9.646061
v 67.241051 8.599777 -9.846820
v 67.426323 8.613574 -9.978620
v 69.343727 8.432728 -9.363837
v 67.622322 8.737795 -9.528623
v 67.664833 8.793490 -9.738395
v 67.720627 8.758307 -9.949494
v 67.629395 8.495616 -9.538774
v 67.602066 8.612750 -9.455805
v 67.727699 8.516129 -9.959645
v 67.674568 8.460236 -9.752363
v 67.737335 8.640976 -10.034952
v 67.320641 7.965791 -9.950720
v 67.303154 7.975745 -9.879657
v 67.384491 8.014596 -9.878857
v 67.389297 7.988888 -9.965125
v 67.319244 7.965790 -9.808264
v 67.387604 7.988888 -9.792511
v 67.460037 7.987484 -9.806879
v 67.473755 8.002030 -9.877979
v 67.461441 7.987484 -9.949335
v 67.805550 0.538212 -10.215979
v 67.874985 0.490755 -9.874034
v 67.455284 0.413995 -9.878160
v 67.463394 0.506857 -10.294127
v 67.798836 0.538213 -9.533520
v 67.455215 0.506858 -9.462116
v 67.116890 0.564001 -9.540226
v 67.043617 0.522960 -9.882209
v 67.123596 0.564000 -10.222685
v 67.620003 7.317502 -10.001962
v 67.665283 7.324440 -9.876096
v 67.699280 7.166063 -9.875762
v 67.651329 7.159190 -10.008875
v 67.617538 7.317502 -9.751144
v 67.648720 7.159190 -9.743616
v 67.680161 6.984246 -9.735837
v 67.733650 6.990867 -9.875423
v 67.682915 6.984246 -10.016035
v 67.493042 7.298998 -9.705336
v 67.516884 7.140863 -9.695171
v 67.369476 7.280494 -9.753584
v 67.386032 7.122535 -9.746200
v 67.402229 6.948940 -9.738570
v 67.540680 6.966594 -9.684667
v 67.324196 7.273555 -9.879450
v 67.338081 7.115662 -9.879313
v 67.371941 7.280494 -10.004401
v 67.388641 7.122535 -10.011458
v 67.404984 6.948940 -10.018768
v 67.351494 6.942320 -9.879182
v 67.496437 7.298998 -10.050210
v 67.520470 7.140863 -10.059903
v 67.544464 6.966593 -10.069939
v 67.566093 7.585108 -9.990071
v 67.606857 7.591560 -9.876670
v 67.634682 7.464442 -9.876397
v 67.591774 7.457679 -9.995743
v 67.563873 7.585107 -9.764093
v 67.589439 7.457678 -9.757917
v 67.451782 7.567902 -9.722820
v 67.471466 7.439645 -9.714481
v 67.340530 7.550695 -9.766290
v 67.354362 7.421610 -9.760229
v 67.299759 7.544243 -9.879690
v 67.311455 7.414847 -9.879575
v 67.342751 7.550695 -9.992268
v 67.356705 7.421611 -9.998055
v 67.454842 7.567901 -10.033540
v 67.474678 7.439644 -10.041491
v 67.518303 7.822185 -9.979512
v 67.555092 7.828008 -9.877179
v 67.580482 7.712033 -9.876929
v 67.541740 7.705903 -9.984691
v 67.516296 7.822185 -9.775590
v 67.539627 7.705903 -9.769951
v 67.415146 7.806659 -9.738345
v 67.433113 7.689552 -9.730731
v 67.314751 7.791131 -9.777572
v 67.327393 7.673202 -9.772038
v 67.277962 7.785310 -9.879905
v 67.288658 7.667070 -9.879800
v 67.316757 7.791131 -9.981494
v 67.329506 7.673202 -9.986778
v 67.417908 7.806659 -10.018739
v 67.436020 7.689552 -10.025998
v 67.526436 7.934082 -9.877461
v 67.493042 7.927558 -9.970925
v 67.491211 7.927558 -9.784672
v 67.398643 7.914586 -9.750673
v 67.307129 7.899196 -9.786482
v 67.273361 7.895088 -9.879950
v 67.308960 7.899196 -9.972735
v 67.401161 7.914585 -10.006738
v 67.740486 6.593756 -10.030031
v 67.796646 6.599787 -9.874804
v 67.828758 6.387569 -9.874488
v 67.769775 6.381606 -10.037398
v 67.737450 6.593756 -9.720711
v 67.766586 6.381606 -9.712770
v 67.795242 6.169074 -9.704628
v 67.860443 6.175076 -9.874176
v 67.798584 6.169075 -10.044975
v 67.583061 6.577673 -9.664226
v 67.604454 6.365706 -9.653490
v 67.429817 6.561590 -9.723736
v 67.443520 6.349806 -9.715946
v 67.456406 6.137068 -9.707960
v 67.625191 6.153071 -9.642479
v 67.373657 6.555558 -9.878963
v 67.384544 6.343843 -9.878857
v 67.432861 6.561590 -10.033056
v 67.446716 6.349806 -10.040575
v 67.459747 6.137069 -10.048307
v 67.394547 6.131067 -9.878758
v 67.587242 6.577673 -10.089541
v 67.608849 6.365706 -10.099854
v 67.629799 6.153071 -10.110456
v 67.765572 6.801734 -9.875110
v 67.712128 6.795446 -10.023008
v 67.709229 6.795445 -9.728291
v 67.562302 6.778676 -9.674470
v 67.416458 6.761907 -9.731170
v 67.363007 6.755618 -9.879068
v 67.419350 6.761908 -10.025887
v 67.566284 6.778676 -10.079707
v 67.905800 5.334526 -10.076731
v 67.979675 5.340457 -9.873004
v 68.012581 5.096427 -9.872681
v 67.935181 5.091682 -10.085895
v 67.901802 5.334527 -9.670770
v 67.931000 5.091682 -9.661030
v 67.955315 4.821762 -9.650630
v 68.040886 4.824715 -9.872402
v 67.959686 4.821762 -10.095814
v 67.698730 5.318710 -9.596642
v 67.718239 5.079031 -9.583452
v 67.497154 5.302894 -9.674748
v 67.507050 5.066379 -9.665198
v 67.510597 4.806009 -9.655004
v 67.732132 4.813886 -9.569345
v 67.423279 5.296962 -9.878475
v 67.429642 5.061634 -9.878413
v 67.501144 5.302893 -10.080710
v 67.511223 5.066379 -10.090064
v 67.514969 4.806009 -10.100187
v 67.429398 4.803055 -9.878415
v 67.704216 5.318710 -10.154839
v 67.723984 5.079031 -10.167642
v 67.738152 4.813885 -10.181473
v 67.851189 5.763159 -10.060297
v 67.918839 5.769308 -9.873602
v 67.948303 5.562095 -9.873313
v 67.877640 5.555831 -10.068269
v 67.847527 5.763159 -9.688274
v 67.873825 5.555831 -9.679784
v 67.661552 5.746761 -9.620342
v 67.679588 5.539127 -9.608846
v 67.476959 5.730363 -9.691918
v 67.486786 5.522424 -9.683590
v 67.409302 5.724215 -9.878613
v 67.416130 5.516160 -9.878546
v 67.480614 5.730363 -10.063941
v 67.490608 5.522424 -10.072075
v 67.666588 5.746761 -10.131873
v 67.684837 5.539128 -10.143013
v 67.890106 5.970742 -9.873885
v 67.825363 5.964693 -10.052584
v 67.821861 5.964692 -9.696494
v 67.643898 5.948558 -9.631471
v 67.467239 5.932425 -9.699982
v 67.402504 5.926374 -9.878680
v 67.470741 5.932425 -10.056071
v 67.648712 5.948558 -10.121094
v 67.982361 4.191994 -10.117948
v 68.071678 4.189768 -9.872099
v 68.080933 3.837299 -9.872008
v 67.987427 3.843863 -10.130047
v 67.977539 4.191994 -9.628055
v 67.982368 3.843863 -9.615858
v 67.974304 3.510599 -9.603760
v 68.077057 3.498740 -9.872046
v 67.979599 3.510599 -10.142303
v 67.732025 4.197929 -9.538606
v 67.725334 3.861364 -9.521966
v 67.488319 4.203865 -9.632866
v 67.470200 3.878866 -9.620894
v 67.440422 3.573845 -9.609010
v 67.706367 3.542222 -9.505407
v 67.399002 4.206091 -9.878715
v 67.376694 3.885429 -9.878934
v 67.493134 4.203866 -10.122759
v 67.475258 3.878866 -10.135084
v 67.445717 3.573845 -10.147552
v 67.342964 3.585704 -9.879266
v 67.738647 4.197929 -10.212208
v 67.732292 3.861364 -10.228976
v 67.713654 3.542222 -10.245904
v 68.059303 4.521953 -9.872221
v 67.974113 4.521161 -10.106501
v 67.969521 4.521161 -9.639662
v 67.735382 4.519047 -9.554423
v 67.502960 4.516934 -9.644250
v 67.417770 4.516141 -9.878530
v 67.507545 4.516934 -10.111089
v 67.741692 4.519048 -10.196327
v 67.879333 1.858243 -10.255094
v 68.018349 1.854239 -9.872623
v 68.061783 1.508321 -9.872196
v 67.910118 1.511666 -10.289204
v 67.871841 1.858243 -9.492962
v 67.901947 1.511666 -9.458253
v 67.920601 1.132925 -9.431310
v 68.090714 1.128390 -9.871912
v 67.929298 1.132924 -10.315774
v 67.489754 1.868919 -9.353806
v 67.485085 1.520585 -9.306534
v 67.110474 1.879596 -9.500449
v 67.071281 1.529504 -9.466421
v 67.036499 1.157106 -9.440004
v 67.476921 1.145016 -9.269820
v 66.971466 1.883599 -9.882918
v 66.919617 1.532849 -9.883429
v 67.117966 1.879596 -10.262581
v 67.079453 1.529504 -10.297373
v 67.045197 1.157106 -10.324469
v 66.875084 1.161641 -9.883866
v 67.500061 1.868920 -10.401737
v 67.496315 1.520585 -10.449091
v 67.488876 1.145016 -10.485958
v 67.844063 2.439481 -10.197703
v 67.961197 2.426319 -9.873186
v 67.978859 2.155691 -9.873013
v 67.851845 2.163451 -10.223283
v 67.837708 2.439481 -9.551035
v 67.844978 2.163451 -9.525307
v 67.515678 2.474580 -9.432940
v 67.495842 2.184144 -9.397857
v 67.196045 2.509679 -9.557344
v 67.149277 2.204837 -9.532148
v 67.078911 2.522840 -9.881862
v 67.022263 2.212596 -9.882420
v 67.202400 2.509678 -10.204013
v 67.156136 2.204837 -10.230124
v 67.524422 2.474580 -10.322108
v 67.505280 2.184144 -10.357574
v 68.067001 0.752228 -9.872146
v 67.908386 0.762257 -10.307644
v 67.899857 0.762257 -9.439851
v 67.464439 0.772740 -9.280945
v 67.032600 0.791947 -9.448380
v 66.873611 0.793252 -9.883881
v 67.041138 0.791948 -10.316172
v 67.476181 0.772739 -10.475081
v 67.908127 2.959251 -10.166409
v 68.013062 2.939368 -9.872676
v 67.976929 2.683990 -9.873031
v 67.866943 2.702010 -10.179728
v 67.902374 2.959250 -9.581062
v 67.860939 2.702010 -9.568557
v 67.613808 3.012272 -9.474136
v 67.558510 2.750061 -9.456925
v 67.327408 3.065292 -9.586717
v 67.258347 2.798113 -9.574483
v 67.222481 3.085175 -9.880450
v 67.148361 2.816132 -9.881179
v 67.333160 3.065292 -10.172064
v 67.264351 2.798113 -10.185653
v 67.621727 3.012271 -10.278990
v 67.566780 2.750061 -10.297284
v 68.051338 3.203821 -9.872299
v 67.950287 3.220970 -10.154307
v 67.944763 3.220970 -9.592333
v 67.666908 3.266702 -9.489685
v 67.391129 3.312434 -9.597777
v 67.290077 3.329583 -9.879786
v 67.396652 3.312434 -10.159752
v 67.674507 3.266702 -10.262400
v 69.387077 8.285834 -10.420306
v 70.278610 7.705465 -10.575029
v 70.163765 7.575172 -10.737914
v 69.254761 8.129459 -10.616839
v 70.664291 7.272130 -10.615069
v 70.650429 7.076875 -10.714962
v 70.443565 7.100497 -10.645076
v 70.042320 7.394366 -10.641747
v 69.145325 7.890541 -10.509482
v 70.036949 7.235281 -10.317203
v 69.130493 7.706363 -10.121016
v 70.541298 6.897645 -10.446876
v 70.479919 6.969316 -10.162131
v 70.093552 7.209488 -9.961117
v 69.206322 7.670420 -9.699108
v 70.233978 7.321780 -9.805048
v 69.338631 7.826794 -9.502575
v 70.693459 6.921587 -10.143270
v 70.700645 7.140948 -10.132126
v 70.329842 7.520587 -9.894399
v 69.448074 8.065714 -9.609932
v 70.360802 7.661671 -10.225760
v 69.462906 8.249891 -9.998399
v 70.802589 7.100817 -10.411356
v 67.623062 8.257309 -10.208394
v 67.355652 8.212699 -9.849891
v 67.208656 8.489503 -9.763638
v 67.571869 8.481780 -10.220373
v 67.671944 8.080915 -9.559001
v 67.631462 8.266733 -9.428676
v 67.787483 8.430474 -9.472748
v 67.496506 8.638858 -9.744736
v 67.738602 8.606867 -10.122140
v 71.088181 6.492545 -10.598075
v 68.435394 8.396307 -9.437721
v 68.435646 8.590613 -9.828528
v 68.373535 8.619542 -10.259563
v 68.218758 7.980687 -9.534308
v 68.329147 8.151059 -9.329529
v 68.156898 8.203922 -10.356152
v 68.137535 8.018692 -9.961439
v 68.244026 8.458246 -10.460439
vt 0.475492 0.000000
vt 0.550246 0.000000
vt 0.551097 0.125000
vt 0.482981 0.125000
vt 0.625000 0.000000
vt 0.625000 0.125000
vt 0.625000 0.250000
vt 0.551267 0.250000
vt 0.483661 0.250000
vt 0.551267 0.375000
vt 0.483661 0.375000
vt 0.625000 0.375000
vt 0.625000 0.500000
vt 0.551616 0.500000
vt 0.483661 0.500000
vt 0.552663 0.625000
vt 0.483661 0.625000
vt 0.638957 0.625000
vt 0.625000 0.750000
vt 0.551616 0.750000
vt 0.483661 0.750000
vt 0.551097 0.875000
vt 0.482981 0.875000
vt 0.625000 0.875000
vt 0.625000 1.000000
vt 0.550246 1.000000
vt 0.475492 1.000000
vt 0.125000 0.500000
vt 0.250000 0.500000
vt 0.247924 0.625000
vt 0.125000 0.625000
vt 0.375000 0.500000
vt 0.354235 0.625000
vt 0.375000 0.750000
vt 0.250000 0.750000
vt 0.125000 0.750000
vt 0.750000 0.500000
vt 0.751396 0.625000
vt 0.875000 0.500000
vt 0.875000 0.625000
vt 0.875000 0.750000
vt 0.750000 0.750000
vt 0.425748 0.750000
vt 0.426097 0.875000
vt 0.375000 0.875000
vt 0.425246 1.000000
vt 0.375000 1.000000
vt 0.425748 0.500000
vt 0.424191 0.625000
vt 0.375000 0.250000
vt 0.426267 0.250000
vt 0.426267 0.375000
vt 0.375000 0.375000
vt 0.375000 0.000000
vt 0.425246 0.000000
vt 0.426097 0.125000
vt 0.375000 0.125000
vt 0.475492 0.000000
vt 0.550246 0.000000
vt 0.551097 0.125000
vt 0.482981 0.125000
vt 0.625000 0.000000
vt 0.625000 0.125000
vt 0.625000 0.250000
vt 0.551267 0.250000
vt 0.483661 0.250000
vt 0.551267 0.375000
vt 0.483661 0.375000
vt 0.625000 0.375000
vt 0.625000 0.500000
vt 0.551616 0.500000
vt 0.483661 0.500000
vt 0.552663 0.625000
vt 0.483661 0.625000
vt 0.638957 0.625000
vt 0.625000 0.750000
vt 0.551616 0.750000
vt 0.483661 0.750000
vt 0.551097 0.875000
vt 0.482981 0.875000
vt 0.625000 0.875000
vt 0.625000 1.000000
vt 0.550246 1.000000
vt 0.475492 1.000000
vt 0.125000 0.500000
vt 0.250000 0.500000
vt 0.247924 0.625000
vt 0.125000 0.625000
vt 0.375000 0.500000
vt 0.354235 0.625000
vt 0.375000 0.750000
vt 0.250000 0.750000
vt 0.125000 0.750000
vt 0.750000 0.500000
vt 0.751396 0.625000
vt 0.875000 0.500000
vt 0.875000 0.625000
vt 0.875000 0.750000
vt 0.750000 0.750000
vt 0.425748 0.750000
vt 0.426097 0.875000
vt 0.375000 0.875000
vt 0.425246 1.000000
vt 0.375000 1.000000
vt 0.425748 0.500000
vt 0.424191 0.625000
vt 0.375000 0.250000
vt 0.426267 0.250000
vt 0.426267 0.375000
vt 0.375000 0.375000
vt 0.375000 0.000000
vt 0.425246 0.000000
vt 0.426097 0.125000
vt 0.375000 0.125000
vt 0.475492 0.000000
vt 0.550246 0.000000
vt 0.551097 0.125000
vt 0.482981 0.125000
vt 0.625000 0.000000
vt 0.625000 0.125000
vt 0.625000 0.250000
vt 0.551267 0.250000
vt 0.483661 0.250000
vt 0.551267 0.375000
vt 0.483661 0.375000
vt 0.625000 0.375000
vt 0.625000 0.500000
vt 0.551616 0.500000
vt 0.483661 0.500000
vt 0.552663 0.625000
vt 0.483661 0.625000
vt 0.638957 0.625000
vt 0.625000 0.750000
vt 0.551616 0.750000
vt 0.483661 0.750000
vt 0.551097 0.875000
vt 0.482981 0.875000
vt 0.625000 0.875000
vt 0.625000 1.000000
vt 0.550246 1.000000
vt 0.475492 1.000000
vt 0.125000 0.500000
vt 0.250000 0.500000
vt 0.247924 0.625000
vt 0.125000 0.625000
vt 0.375000 0.500000
vt 0.354235 0.625000
vt 0.375000 0.750000
vt 0.250000 0.750000
vt 0.125000 0.750000
vt 0.750000 0.500000
vt 0.751396 0.625000
vt 0.875000 0.500000
vt 0.875000 0.625000
vt 0.875000 0.750000
vt 0.750000 0.750000
vt 0.425748 0.750000
vt 0.426097 0.875000
vt 0.375000 0.875000
vt 0.425246 1.000000
vt 0.375000 1.000000
vt 0.425748 0.500000
vt 0.424191 0.625000
vt 0.375000 0.250000
vt 0.426267 0.250000
vt 0.426267 0.375000
vt 0.375000 0.375000
vt 0.375000 0.000000
vt 0.425246 0.000000
vt 0.426097 0.125000
vt 0.375000 0.125000
vt 0.475492 0.000000
vt 0.550246 0.000000
vt 0.551097 0.125000
vt 0.482981 0.125000
vt 0.625000 0.000000
vt 0.625000 0.125000
vt 0.625000 0.250000
vt 0.551267 0.250000
vt 0.483661 0.250000
vt 0.551267 0.375000
vt 0.483661 0.375000
vt 0.625000 0.375000
vt 0.625000 0.500000
vt 0.551616 0.500000
vt 0.483661 0.500000
vt 0.552663 0.625000
vt 0.483661 0.625000
vt 0.638957 0.625000
vt 0.625000 0.750000
vt 0.551616 0.750000
vt 0.483661 0.750000
vt 0.551097 0.875000
vt 0.482981 0.875000
vt 0.625000 0.875000
vt 0.625000 1.000000
vt 0.550246 1.000000
vt 0.475492 1.000000
vt 0.125000 0.500000
vt 0.250000 0.500000
vt 0.247924 0.625000
vt 0.125000 0.625000
vt 0.375000 0.500000
vt 0.354235 0.625000
vt 0.375000 0.750000
vt 0.250000 0.750000
vt 0.125000 0.750000
vt 0.750000 0.500000
vt 0.751396 0.625000
vt 0.875000 0.500000
vt 0.875000 0.625000
vt 0.875000 0.750000
vt 0.750000 0.750000
vt 0.425748 0.750000
vt 0.426097 0.875000
vt 0.375000 0.875000
vt 0.425246 1.000000
vt 0.375000 1.000000
vt 0.425748 0.500000
vt 0.424191 0.625000
vt 0.375000 0.250000
vt 0.426267 0.250000
vt 0.426267 0.375000
vt 0.375000 0.375000
vt 0.375000 0.000000
vt 0.425246 0.000000
vt 0.426097 0.125000
vt 0.375000 0.125000
vt 0.475492 0.000000
vt 0.550246 0.000000
vt 0.551097 0.125000
vt 0.482981 0.125000
vt 0.625000 0.000000
vt 0.625000 0.125000
vt 0.625000 0.250000
vt 0.551267 0.250000
vt 0.483661 0.250000
vt 0.551267 0.375000
vt 0.483661 0.375000
vt 0.625000 0.375000
vt 0.625000 0.500000
vt 0.551616 0.500000
vt 0.483661 0.500000
vt 0.552663 0.625000
vt 0.483661 0.625000
vt 0.638957 0.625000
vt 0.625000 0.750000
vt 0.551616 0.750000
vt 0.483661 0.750000
vt 0.551097 0.875000
vt 0.482981 0.875000
vt 0.625000 0.875000
vt 0.625000 1.000000
vt 0.550246 1.000000
vt 0.475492 1.000000
vt 0.125000 0.500000
vt 0.250000 0.500000
vt 0.247924 0.625000
vt 0.125000 0.625000
vt 0.375000 0.500000
vt 0.354235 0.625000
vt 0.375000 0.750000
vt 0.250000 0.750000
vt 0.125000 0.750000
vt 0.750000 0.500000
vt 0.751396 0.625000
vt 0.875000 0.500000
vt 0.875000 0.625000
vt 0.875000 0.750000
vt 0.750000 0.750000
vt 0.425748 0.750000
vt 0.426097 0.875000
vt 0.375000 0.875000
vt 0.425246 1.000000
vt 0.375000 1.000000
vt 0.425748 0.500000
vt 0.424191 0.625000
vt 0.375000 0.250000
vt 0.426267 0.250000
vt 0.426267 0.375000
vt 0.375000 0.375000
vt 0.375000 0.000000
vt 0.425246 0.000000
vt 0.426097 0.125000
vt 0.375000 0.125000
vt 0.475492 0.000000
vt 0.550246 0.000000
vt 0.551097 0.125000
vt 0.482981 0.125000
vt 0.625000 0.000000
vt 0.625000 0.125000
vt 0.625000 0.250000
vt 0.551267 0.250000
vt 0.483661 0.250000
vt 0.551267 0.375000
vt 0.483661 0.375000
vt 0.625000 0.375000
vt 0.625000 0.500000
vt 0.551616 0.500000
vt 0.483661 0.500000
vt 0.552663 0.625000
vt 0.483661 0.625000
vt 0.638957 0.625000
vt 0.625000 0.750000
vt 0.551616 0.750000
vt 0.483661 0.750000
vt 0.551097 0.875000
vt 0.482981 0.875000
vt 0.625000 0.875000
vt 0.625000 1.000000
vt 0.550246 1.000000
vt 0.475492 1.000000
vt 0.125000 0.500000
vt 0.250000 0.500000
vt 0.247924 0.625000
vt 0.125000 0.625000
vt 0.375000 0.500000
vt 0.354235 0.625000
vt 0.375000 0.750000
vt 0.250000 0.750000
vt 0.125000 0.750000
vt 0.750000 0.500000
vt 0.751396 0.625000
vt 0.875000 0.500000
vt 0.875000 0.625000
vt 0.875000 0.750000
vt 0.750000 0.750000
vt 0.425748 0.750000
vt 0.426097 0.875000
vt 0.375000 0.875000
vt 0.425246 1.000000
vt 0.375000 1.000000
vt 0.425748 0.500000
vt 0.424191 0.625000
vt 0.375000 0.250000
vt 0.426267 0.250000
vt 0.426267 0.375000
vt 0.375000 0.375000
vt 0.375000 0.000000
vt 0.425246 0.000000
vt 0.426097 0.125000
vt 0.375000 0.125000
vt 0.475492 0.000000
vt 0.550246 0.000000
vt 0.551097 0.125000
vt 0.482981 0.125000
vt 0.625000 0.000000
vt 0.625000 0.125000
vt 0.625000 0.250000
vt 0.551267 0.250000
vt 0.483661 0.250000
vt 0.551267 0.375000
vt 0.483661 0.375000
vt 0.625000 0.375000
vt 0.625000 0.500000
vt 0.551616 0.500000
vt 0.483661 0.500000
vt 0.552663 0.625000
vt 0.483661 0.625000
vt 0.638957 0.625000
vt 0.625000 0.750000
vt 0.551616 0.750000
vt 0.483661 0.750000
vt 0.551097 0.875000
vt 0.482981 0.875000
vt 0.625000 0.875000
vt 0.625000 1.000000
vt 0.550246 1.000000
vt 0.475492 1.000000
vt 0.125000 0.500000
vt 0.250000 0.500000
vt 0.247924 0.625000
vt 0.125000 0.625000
vt 0.375000 0.500000
vt 0.354235 0.625000
vt 0.375000 0.750000
vt 0.250000 0.750000
vt 0.125000 0.750000
vt 0.750000 0.500000
vt 0.751396 0.625000
vt 0.875000 0.500000
vt 0.875000 0.625000
vt 0.875000 0.750000
vt 0.750000 0.750000
vt 0.425748 0.750000
vt 0.426097 0.875000
vt 0.375000 0.875000
vt 0.425246 1.000000
vt 0.375000 1.000000
vt 0.425748 0.500000
vt 0.424191 0.625000
vt 0.375000 0.250000
vt 0.426267 0.250000
vt 0.426267 0.375000
vt 0.375000 0.375000
vt 0.375000 0.000000
vt 0.425246 0.000000
vt 0.426097 0.125000
vt 0.375000 0.125000
vt 0.475492 0.000000
vt 0.550246 0.000000
vt 0.551097 0.125000
vt 0.482981 0.125000
vt 0.625000 0.000000
vt 0.625000 0.125000
vt 0.625000 0.250000
vt 0.551267 0.250000
vt 0.483661 0.250000
vt 0.551267 0.375000
vt 0.483661 0.375000
vt 0.625000 0.375000
vt 0.625000 0.500000
vt 0.551616 0.500000
vt 0.483661 0.500000
vt 0.552663 0.625000
vt 0.483661 0.625000
vt 0.638957 0.625000
vt 0.625000 0.750000
vt 0.551616 0.750000
vt 0.483661 0.750000
vt 0.551097 0.875000
vt 0.482981 0.875000
vt 0.625000 0.875000
vt 0.625000 1.000000
vt 0.550246 1.000000
vt 0.475492 1.000000
vt 0.125000 0.500000
vt 0.250000 0.500000
vt 0.247924 0.625000
vt 0.125000 0.625000
vt 0.375000 0.500000
vt 0.354235 0.625000
vt 0.375000 0.750000
vt 0.250000 0.750000
vt 0.125000 0.750000
vt 0.750000 0.500000
vt 0.751396 0.625000
vt 0.875000 0.500000
vt 0.875000 0.625000
vt 0.875000 0.750000
vt 0.750000 0.750000
vt 0.425748 0.750000
vt 0.426097 0.875000
vt 0.375000 0.875000
vt 0.425246 1.000000
vt 0.375000 1.000000
vt 0.425748 0.500000
vt 0.424191 0.625000
vt 0.375000 0.250000
vt 0.426267 0.250000
vt 0.426267 0.375000
vt 0.375000 0.375000
vt 0.375000 0.000000
vt 0.425246 0.000000
vt 0.426097 0.125000
vt 0.375000 0.125000
vt 0.475492 0.000000
vt 0.550246 0.000000
vt 0.551097 0.125000
vt 0.482981 0.125000
vt 0.625000 0.000000
vt 0.625000 0.125000
vt 0.625000 0.250000
vt 0.551267 0.250000
vt 0.483661 0.250000
vt 0.551267 0.375000
vt 0.483661 0.375000
vt 0.625000 0.375000
vt 0.625000 0.500000
vt 0.551616 0.500000
vt 0.483661 0.500000
vt 0.552663 0.625000
vt 0.483661 0.625000
vt 0.638957 0.625000
vt 0.625000 0.750000
vt 0.551616 0.750000
vt 0.483661 0.750000
vt 0.551097 0.875000
vt 0.482981 0.875000
vt 0.625000 0.875000
vt 0.625000 1.000000
vt 0.550246 1.000000
vt 0.475492 1.000000
vt 0.125000 0.500000
vt 0.250000 0.500000
vt 0.247924 0.625000
vt 0.125000 0.625000
vt 0.375000 0.500000
vt 0.354235 0.625000
vt 0.375000 0.750000
vt 0.250000 0.750000
vt 0.125000 0.750000
vt 0.750000 0.500000
vt 0.751396 0.625000
vt 0.875000 0.500000
vt 0.875000 0.625000
vt 0.875000 0.750000
vt 0.750000 0.750000
vt 0.425748 0.750000
vt 0.426097 0.875000
vt 0.375000 0.875000
vt 0.425246 1.000000
vt 0.375000 1.000000
vt 0.425748 0.500000
vt 0.424191 0.625000
vt 0.375000 0.250000
vt 0.426267 0.250000
vt 0.426267 0.375000
vt 0.375000 0.375000
vt 0.375000 0.000000
vt 0.425246 0.000000
vt 0.426097 0.125000
vt 0.375000 0.125000
vt 0.475492 0.000000
vt 0.550246 0.000000
vt 0.551097 0.125000
vt 0.482981 0.125000
vt 0.625000 0.000000
vt 0.625000 0.125000
vt 0.625000 0.250000
vt 0.551267 0.250000
vt 0.483661 0.250000
vt 0.551267 0.375000
vt 0.483661 0.375000
vt 0.625000 0.375000
vt 0.625000 0.500000
vt 0.551616 0.500000
vt 0.483661 0.500000
vt 0.552663 0.625000
vt 0.483661 0.625000
vt 0.638957 0.625000
vt 0.625000 0.750000
vt 0.551616 0.750000
vt 0.483661 0.750000
vt 0.551097 0.875000
vt 0.482981 0.875000
vt 0.625000 0.875000
vt 0.625000 1.000000
vt 0.550246 1.000000
vt 0.475492 1.000000
vt 0.125000 0.500000
vt 0.250000 0.500000
vt 0.247924 0.625000
vt 0.125000 0.625000
vt 0.375000 0.500000
vt 0.354235 0.625000
vt 0.375000 0.750000
vt 0.250000 0.750000
vt 0.125000 0.750000
vt 0.750000 0.500000
vt 0.751396 0.625000
vt 0.875000 0.500000
vt 0.875000 0.625000
vt 0.875000 0.750000
vt 0.750000 0.750000
vt 0.425748 0.750000
vt 0.426097 0.875000
vt 0.375000 0.875000
vt 0.425246 1.000000
vt 0.375000 1.000000
vt 0.425748 0.500000
vt 0.424191 0.625000
vt 0.375000 0.250000
vt 0.426267 0.250000
vt 0.426267 0.375000
vt 0.375000 0.375000
vt 0.375000 0.000000
vt 0.425246 0.000000
vt 0.426097 0.125000
vt 0.375000 0.125000
vt 0.475492 0.000000
vt 0.550246 0.000000
vt 0.551097 0.125000
vt 0.482981 0.125000
vt 0.625000 0.000000
vt 0.625000 0.125000
vt 0.625000 0.250000
vt 0.551267 0.250000
vt 0.483661 0.250000
vt 0.551267 0.375000
vt 0.483661 0.375000
vt 0.625000 0.375000
vt 0.625000 0.500000
vt 0.551616 0.500000
vt 0.483661 0.500000
vt 0.552663 0.625000
vt 0.483661 0.625000
vt 0.638957 0.625000
vt 0.625000 0.750000
vt 0.551616 0.750000
vt 0.483661 0.750000
vt 0.551097 0.875000
vt 0.482981 0.875000
vt 0.625000 0.875000
vt 0.625000 1.000000
vt 0.550246 1.000000
vt 0.475492 1.000000
vt 0.125000 0.500000
vt 0.250000 0.500000
vt 0.247924 0.625000
vt 0.125000 0.625000
vt 0.375000 0.500000
vt 0.354235 0.625000
vt 0.375000 0.750000
vt 0.250000 0.750000
vt 0.125000 0.750000
vt 0.750000 0.500000
vt 0.751396 0.625000
vt 0.875000 0.500000
vt 0.875000 0.625000
vt 0.875000 0.750000
vt 0.750000 0.750000
vt 0.425748 0.750000
vt 0.426097 0.875000
vt 0.375000 0.875000
vt 0.425246 1.000000
vt 0.375000 1.000000
vt 0.425748 0.500000
vt 0.424191 0.625000
vt 0.375000 0.250000
vt 0.426267 0.250000
vt 0.426267 0.375000
vt 0.375000 0.375000
vt 0.375000 0.000000
vt 0.425246 0.000000
vt 0.426097 0.125000
vt 0.375000 0.125000
vt 0.475492 0.000000
vt 0.550246 0.000000
vt 0.551097 0.125000
vt 0.482981 0.125000
vt 0.625000 0.000000
vt 0.625000 0.125000
vt 0.625000 0.250000
vt 0.551267 0.250000
vt 0.483661 0.250000
vt 0.551267 0.375000
vt 0.483661 0.375000
vt 0.625000 0.375000
vt 0.625000 0.500000
vt 0.551616 0.500000
vt 0.483661 0.500000
vt 0.552663 0.625000
vt 0.483661 0.625000
vt 0.638957 0.625000
vt 0.625000 0.750000
vt 0.551616 0.750000
vt 0.483661 0.750000
vt 0.551097 0.875000
vt 0.482981 0.875000
vt 0.625000 0.875000
vt 0.625000 1.000000
vt 0.550246 1.000000
vt 0.475492 1.000000
vt 0.125000 0.500000
vt 0.250000 0.500000
vt 0.247924 0.625000
vt 0.125000 0.625000
vt 0.375000 0.500000
vt 0.354235 0.625000
vt 0.375000 0.750000
vt 0.250000 0.750000
vt 0.125000 0.750000
vt 0.750000 0.500000
vt 0.751396 0.625000
vt 0.875000 0.500000
vt 0.875000 0.625000
vt 0.875000 0.750000
vt 0.750000 0.750000
vt 0.425748 0.750000
vt 0.426097 0.875000
vt 0.375000 0.875000
vt 0.425246 1.000000
vt 0.375000 1.000000
vt 0.425748 0.500000
vt 0.424191 0.625000
vt 0.375000 0.250000
vt 0.426267 0.250000
vt 0.426267 0.375000
vt 0.375000 0.375000
vt 0.375000 0.000000
vt 0.425246 0.000000
vt 0.426097 0.125000
vt 0.375000 0.125000
vt 0.475492 0.000000
vt 0.550246 0.000000
vt 0.551097 0.125000
vt 0.482981 0.125000
vt 0.625000 0.000000
vt 0.625000 0.125000
vt 0.625000 0.250000
vt 0.551267 0.250000
vt 0.483661 0.250000
vt 0.551267 0.375000
vt 0.483661 0.375000
vt 0.625000 0.375000
vt 0.625000 0.500000
vt 0.551616 0.500000
vt 0.483661 0.500000
vt 0.552663 0.625000
vt 0.483661 0.625000
vt 0.638957 0.625000
vt 0.625000 0.750000
vt 0.551616 0.750000
vt 0.483661 0.750000
vt 0.551097 0.875000
vt 0.482981 0.875000
vt 0.625000 0.875000
vt 0.625000 1.000000
vt 0.550246 1.000000
vt 0.475492 1.000000
vt 0.125000 0.500000
vt 0.250000 0.500000
vt 0.247924 0.625000
vt 0.125000 0.625000
vt 0.375000 0.500000
vt 0.354235 0.625000
vt 0.375000 0.750000
vt 0.250000 0.750000
vt 0.125000 0.750000
vt 0.750000 0.500000
vt 0.751396 0.625000
vt 0.875000 0.500000
vt 0.875000 0.625000
vt 0.875000 0.750000
vt 0.750000 0.750000
vt 0.425748 0.750000
vt 0.426097 0.875000
vt 0.375000 0.875000
vt 0.425246 1.000000
vt 0.375000 1.000000
vt 0.425748 0.500000
vt 0.424191 0.625000
vt 0.375000 0.250000
vt 0.426267 0.250000
vt 0.426267 0.375000
vt 0.375000 0.375000
vt 0.375000 0.000000
vt 0.425246 0.000000
vt 0.426097 0.125000
vt 0.375000 0.125000
vt 0.475492 0.000000
vt 0.550246 0.000000
vt 0.551097 0.125000
vt 0.482981 0.125000
vt 0.625000 0.000000
vt 0.625000 0.125000
vt 0.625000 0.250000
vt 0.551267 0.250000
vt 0.483661 0.250000
vt 0.551267 0.375000
vt 0.483661 0.375000
vt 0.625000 0.375000
vt 0.625000 0.500000
vt 0.551616 0.500000
vt 0.483661 0.500000
vt 0.552663 0.625000
vt 0.483661 0.625000
vt 0.638957 0.625000
vt 0.625000 0.750000
vt 0.551616 0.750000
vt 0.483661 0.750000
vt 0.551097 0.875000
vt 0.482981 0.875000
vt 0.625000 0.875000
vt 0.625000 1.000000
vt 0.550246 1.000000
vt 0.475492 1.000000
vt 0.125000 0.500000
vt 0.250000 0.500000
vt 0.247924 0.625000
vt 0.125000 0.625000
vt 0.375000 0.500000
vt 0.354235 0.625000
vt 0.375000 0.750000
vt 0.250000 0.750000
vt 0.125000 0.750000
vt 0.750000 0.500000
vt 0.751396 0.625000
vt 0.875000 0.500000
vt 0.875000 0.625000
vt 0.875000 0.750000
vt 0.750000 0.750000
vt 0.425748 0.750000
vt 0.426097 0.875000
vt 0.375000 0.875000
vt 0.425246 1.000000
vt 0.375000 1.000000
vt 0.425748 0.500000
vt 0.424191 0.625000
vt 0.375000 0.250000
vt 0.426267 0.250000
vt 0.426267 0.375000
vt 0.375000 0.375000
vt 0.375000 0.000000
vt 0.425246 0.000000
vt 0.426097 0.125000
vt 0.375000 0.125000
vt 0.475492 0.000000
vt 0.550246 0.000000
vt 0.551097 0.125000
vt 0.482981 0.125000
vt 0.625000 0.000000
vt 0.625000 0.125000
vt 0.625000 0.250000
vt 0.551267 0.250000
vt 0.483661 0.250000
vt 0.551267 0.375000
vt 0.483661 0.375000
vt 0.625000 0.375000
vt 0.625000 0.500000
vt 0.551616 0.500000
vt 0.483661 0.500000
vt 0.552663 0.625000
vt 0.483661 0.625000
vt 0.638957 0.625000
vt 0.625000 0.750000
vt 0.551616 0.750000
vt 0.483661 0.750000
vt 0.551097 0.875000
vt 0.482981 0.875000
vt 0.625000 0.875000
vt 0.625000 1.000000
vt 0.550246 1.000000
vt 0.475492 1.000000
vt 0.125000 0.500000
vt 0.250000 0.500000
vt 0.247924 0.625000
vt 0.125000 0.625000
vt 0.375000 0.500000
vt 0.354235 0.625000
vt 0.375000 0.750000
vt 0.250000 0.750000
vt 0.125000 0.750000
vt 0.750000 0.500000
vt 0.751396 0.625000
vt 0.875000 0.500000
vt 0.875000 0.625000
vt 0.875000 0.750000
vt 0.750000 0.750000
vt 0.425748 0.750000
vt 0.426097 0.875000
vt 0.375000 0.875000
vt 0.425246 1.000000
vt 0.375000 1.000000
vt 0.425748 0.500000
vt 0.424191 0.625000
vt 0.375000 0.250000
vt 0.426267 0.250000
vt 0.426267 0.375000
vt 0.375000 0.375000
vt 0.375000 0.000000
vt 0.425246 0.000000
vt 0.426097 0.125000
vt 0.375000 0.125000
vt 0.475492 0.000000
vt 0.550246 0.000000
vt 0.551097 0.125000
vt 0.482981 0.125000
vt 0.625000 0.000000
vt 0.625000 0.125000
vt 0.625000 0.250000
vt 0.551267 0.250000
vt 0.483661 0.250000
vt 0.551267 0.375000
vt 0.483661 0.375000
vt 0.625000 0.375000
vt 0.625000 0.500000
vt 0.551616 0.500000
vt 0.483661 0.500000
vt 0.552663 0.625000
vt 0.483661 0.625000
vt 0.638957 0.625000
vt 0.625000 0.750000
vt 0.551616 0.750000
vt 0.483661 0.750000
vt 0.551097 0.875000
vt 0.482981 0.875000
vt 0.625000 0.875000
vt 0.625000 1.000000
vt 0.550246 1.000000
vt 0.475492 1.000000
vt 0.125000 0.500000
vt 0.250000 0.500000
vt 0.247924 0.625000
vt 0.125000 0.625000
vt 0.375000 0.500000
vt 0.354235 0.625000
vt 0.375000 0.750000
vt 0.250000 0.750000
vt 0.125000 0.750000
vt 0.750000 0.500000
vt 0.751396 0.625000
vt 0.875000 0.500000
vt 0.875000 0.625000
vt 0.875000 0.750000
vt 0.750000 0.750000
vt 0.425748 0.750000
vt 0.426097 0.875000
vt 0.375000 0.875000
vt 0.425246 1.000000
vt 0.375000 1.000000
vt 0.425748 0.500000
vt 0.424191 0.625000
vt 0.375000 0.250000
vt 0.426267 0.250000
vt 0.426267 0.375000
vt 0.375000 0.375000
vt 0.375000 0.000000
vt 0.425246 0.000000
vt 0.426097 0.125000
vt 0.375000 0.125000
vt 0.000000 0.000000
vt 0.000000 0.000000
vt 0.000000 0.000000
vt 0.000000 0.000000
vt 0.000000 0.000000
vt 0.000000 0.000000
vt 0.000000 0.000000
vt 0.000000 0.000000
vt 0.000000 0.000000
vt 0.000000 0.000000
vt 0.000000 0.000000
vt 0.000000 0.000000
vt 0.000000 0.000000
vt 0.000000 0.000000
vt 0.000000 0.000000
vt 0.000000 0.000000
vt 0.000000 0.000000
vt 0.000000 0.000000
vt 0.000000 0.000000
vt 0.000000 0.000000
vt 0.000000 0.000000
vt 0.000000 0.000000
vt 0.000000 0.000000
vt 0.000000 0.000000
vt 0.000000 0.000000
vt 0.000000 0.000000
vt 0.000000 0.000000
vt 0.000000 0.000000
vt 0.000000 0.000000
vt 0.000000 0.000000
vt 0.000000 0.000000
vt 0.000000 0.000000
vt 0.000000 0.000000
vt 0.000000 0.000000
vt 0.000000 0.000000
vt 0.000000 0.000000
vt 0.000000 0.000000
vt 0.000000 0.000000
vt 0.000000 0.000000
vt 0.000000 0.000000
vt 0.000000 0.000000
vt 0.000000 0.000000
vt 0.000000 0.000000
vt 0.000000 0.000000
vt 0.000000 0.000000
vt 0.000000 0.000000
vt 0.000000 0.000000
vt 0.000000 0.000000
vt 0.000000 0.000000
vt 0.000000 0.000000
vt 0.000000 0.000000
vt 0.000000 0.000000
vt 0.000000 0.000000
vt 0.000000 0.000000
vt 0.000000 0.000000
vt 0.000000 0.000000
vt 0.000000 0.000000
vt 0.000000 0.000000
vt 0.000000 0.000000
vt 0.000000 0.000000
vt 0.000000 0.000000
vt 0.000000 0.000000
vt 0.000000 0.000000
vt 0.000000 0.000000
vt 0.000000 0.000000
vt 0.000000 0.000000
vt 0.000000 0.000000
vt 0.000000 0.000000
vt 0.000000 0.000000
vt 0.000000 0.000000
vt 0.000000 0.000000
vt 0.000000 0.000000
vt 0.000000 0.000000
vt 0.000000 0.000000
vt 0.000000 0.000000
vt 0.000000 0.000000
vt 0.000000 0.000000
vt 0.000000 0.000000
vt 0.000000 0.000000
vt 0.000000 0.000000
vt 0.000000 0.000000
vt 0.000000 0.000000
vt 0.000000 0.000000
vt 0.000000 0.000000
vt 0.000000 0.000000
vt 0.000000 0.000000
vt 0.000000 0.000000
vt 0.000000 0.000000
vt 0.000000 0.000000
vt 0.000000 0.000000
vt 0.000000 0.000000
vt 0.000000 0.000000
vt 0.000000 0.000000
vt 0.000000 0.000000
vt 0.000000 0.000000
vt 0.000000 0.000000
vt 0.000000 0.000000
vt 0.000000 0.000000
vt 0.000000 0.000000
vt 0.000000 0.000000
vt 0.000000 0.000000
vt 0.000000 0.000000
vt 0.000000 0.000000
vt 0.000000 0.000000
vt 0.000000 0.000000
vt 0.000000 0.000000
vt 0.000000 0.000000
vt 0.000000 0.000000
vt 0.000000 0.000000
vt 0.000000 0.000000
vt 0.000000 0.000000
vt 0.000000 0.000000
vt 0.000000 0.000000
vt 0.000000 0.000000
vt 0.000000 0.000000
vt 0.000000 0.000000
vt 0.000000 0.000000
vt 0.000000 0.000000
vt 0.000000 0.000000
vt 0.000000 0.000000
vt 0.000000 0.000000
vt 0.000000 0.000000
vt 0.000000 0.000000
vt 0.000000 0.000000
vt 0.000000 0.000000
vt 0.000000 0.000000
vt 0.000000 0.000000
vt 0.000000 0.000000
vt 0.000000 0.000000
vt 0.000000 0.000000
vt 0.000000 0.000000
vt 0.000000 0.000000
vt 0.000000 0.000000
vt 0.000000 0.000000
vt 0.000000 0.000000
vt 0.000000 0.000000
vt 0.000000 0.000000
vt 0.000000 0.000000
vt 0.000000 0.000000
vt 0.000000 0.000000
vt 0.000000 0.000000
vt 0.000000 0.000000
vt 0.000000 0.000000
vt 0.000000 0.000000
vt 0.000000 0.000000
vt 0.000000 0.000000
vt 0.000000 0.000000
vt 0.000000 0.000000
vt 0.000000 0.000000
vt 0.000000 0.000000
vt 0.000000 0.000000
vt 0.000000 0.000000
vt 0.000000 0.000000
vt 0.000000 0.000000
vt 0.000000 0.000000
vt 0.000000 0.000000
vt 0.000000 0.000000
vt 0.000000 0.000000
vt 0.000000 0.000000
vt 0.000000 0.000000
vt 0.000000 0.000000
vt 0.000000 0.000000
vt 0.000000 0.000000
vt 0.000000 0.000000
vt 0.000000 0.000000
vt 0.000000 0.000000
vt 0.000000 0.000000
vt 0.000000 0.000000
vt 0.000000 0.000000
vt 0.000000 0.000000
vt 0.000000 0.000000
vt 0.000000 0.000000
vt 0.000000 0.000000
vt 0.000000 0.000000
vt 0.000000 0.000000
vt 0.000000 0.000000
vt 0.000000 0.000000
vt 0.000000 0.000000
vt 0.000000 0.000000
vt 0.000000 0.000000
vt 0.000000 0.000000
vt 0.000000 0.000000
vt 0.000000 0.000000
vt 0.000000 0.000000
vt 0.000000 0.000000
vt 0.000000 0.000000
vt 0.000000 0.000000
vt 0.000000 0.000000
vt 0.000000 0.000000
vt 0.000000 0.000000
vt 0.000000 0.000000
vt 0.000000 0.000000
vt 0.000000 0.000000
vt 0.000000 0.000000
vt 0.000000 0.000000
vt 0.000000 0.000000
vt 0.000000 0.000000
vt 0.000000 0.000000
vt 0.000000 0.000000
vt 0.000000 0.000000
vt 0.000000 0.000000
vt 0.000000 0.000000
vt 0.000000 0.000000
vt 0.000000 0.000000
vt 0.000000 0.000000
vt 0.000000 0.000000
vt 0.000000 0.000000
vt 0.000000 0.000000
vt 0.000000 0.000000
vt 0.000000 0.000000
vt 0.000000 0.000000
vt 0.000000 0.000000
vt 0.000000 0.000000
vt 0.000000 0.000000
vt 0.000000 0.000000
vt 0.000000 0.000000
vt 0.000000 0.000000
vt 0.000000 0.000000
vt 0.000000 0.000000
vt 0.000000 0.000000
vt 0.000000 0.000000
vt 0.000000 0.000000
vt 0.000000 0.000000
vt 0.000000 0.000000
vt 0.000000 0.000000
vt 0.000000 0.000000
vt 0.000000 0.000000
vt 0.000000 0.000000
vt 0.000000 0.000000
vt 0.000000 0.000000
vt 0.000000 0.000000
vt 0.000000 0.000000
vt 0.000000 0.000000
vt 0.000000 0.000000
vt 0.000000 0.000000
vt 0.000000 0.000000
vt 0.000000 0.000000
vt 0.000000 0.000000
vt 0.000000 0.000000
vt 0.000000 0.000000
vt 0.000000 0.000000
vt 0.000000 0.000000
vt 0.000000 0.000000
vt 0.000000 0.000000
vt 0.000000 0.000000
vt 0.000000 0.000000
vt 0.000000 0.000000
vt 0.000000 0.000000
vt 0.000000 0.000000
vt 0.000000 0.000000
vt 0.000000 0.000000
vt 0.000000 0.000000
vt 0.000000 0.000000
vt 0.000000 0.000000
vt 0.000000 0.000000
vt 0.000000 0.000000
vt 0.000000 0.000000
vt 0.000000 0.000000
vt 0.000000 0.000000
vt 0.000000 0.000000
vt 0.000000 0.000000
vt 0.000000 0.000000
vt 0.000000 0.000000
vt 0.000000 0.000000
vt 0.000000 0.000000
vt 0.000000 0.000000
vt 0.475492 0.000000
vt 0.550246 0.000000
vt 0.551097 0.125000
vt 0.482981 0.125000
vt 0.625000 0.000000
vt 0.625000 0.125000
vt 0.625000 0.250000
vt 0.551267 0.250000
vt 0.483661 0.250000
vt 0.551267 0.375000
vt 0.483661 0.375000
vt 0.625000 0.375000
vt 0.625000 0.500000
vt 0.551616 0.500000
vt 0.483661 0.500000
vt 0.552663 0.625000
vt 0.483661 0.625000
vt 0.638957 0.625000
vt 0.625000 0.750000
vt 0.551616 0.750000
vt 0.483661 0.750000
vt 0.551097 0.875000
vt 0.482981 0.875000
vt 0.625000 0.875000
vt 0.625000 1.000000
vt 0.550246 1.000000
vt 0.475492 1.000000
vt 0.125000 0.500000
vt 0.250000 0.500000
vt 0.247924 0.625000
vt 0.125000 0.625000
vt 0.375000 0.500000
vt 0.354235 0.625000
vt 0.375000 0.750000
vt 0.250000 0.750000
vt 0.125000 0.750000
vt 0.750000 0.500000
vt 0.751396 0.625000
vt 0.875000 0.500000
vt 0.875000 0.625000
vt 0.875000 0.750000
vt 0.750000 0.750000
vt 0.425748 0.750000
vt 0.426097 0.875000
vt 0.375000 0.875000
vt 0.425246 1.000000
vt 0.375000 1.000000
vt 0.425748 0.500000
vt 0.424191 0.625000
vt 0.375000 0.250000
vt 0.426267 0.250000
vt 0.426267 0.375000
vt 0.375000 0.375000
vt 0.375000 0.000000
vt 0.425246 0.000000
vt 0.426097 0.125000
vt 0.375000 0.125000
vn 0.5949 0.5129 -0.6189
vn 0.7551 0.3087 -0.5783
vn 0.0686 -0.4850 -0.8718
vn 0.0761 -0.4271 -0.9010
vn -0.3465 -0.8321 -0.4330
vn -0.4053 -0.7771 -0.4815
vn -0.5641 -0.8250 -0.0359
vn -0.4843 -0.8737 -0.0462
vn -0.4761 -0.5936 0.6489
vn -0.4598 -0.6442 0.6112
vn 0.2040 0.1426 0.9685
vn 0.0403 0.3458 0.9374
vn 0.4280 0.7816 0.4537
vn 0.6524 0.5935 0.4713
vn 0.7621 0.6265 0.1636
vn 0.5640 0.8226 0.0720
vn -0.4776 -0.3079 -0.8229
vn -0.8654 -0.4248 0.2656
vn -0.5772 0.6570 0.4849
vn -0.1891 0.7740 -0.6043
vn -0.5868 -0.7826 0.2077
vn -0.2733 -0.6882 -0.6721
vn 0.9293 0.3448 -0.1325
vn 0.6159 0.2504 0.7470
vn -0.0839 0.9344 0.3462
vn 0.2096 0.8968 0.3896
vn 0.3465 0.9381 0.0056
vn 0.0887 0.9864 -0.1383
vn -0.5067 -0.5242 0.6845
vn -0.4256 -0.6135 0.6652
vn -0.1136 0.4429 0.8893
vn -0.3877 0.5230 0.7590
vn -0.1367 -0.9459 -0.2941
vn -0.1981 -0.9026 -0.3822
vn -0.3325 -0.9431 -0.0050
vn -0.2268 -0.9731 -0.0414
vn 0.1387 0.6817 -0.7184
vn 0.4387 0.6093 -0.6605
vn 0.1269 -0.4470 -0.8855
vn 0.0700 -0.3505 -0.9340
vn -0.8746 0.3088 -0.3739
vn -0.8517 0.0892 -0.5164
vn -0.7271 -0.6145 0.3062
vn -0.7679 -0.5637 0.3041
vn -0.1126 -0.8184 0.5635
vn -0.1479 -0.7623 0.6301
vn 0.3252 -0.7160 0.6177
vn 0.2981 -0.7782 0.5527
vn 0.8773 -0.4026 0.2612
vn 0.8472 -0.4604 0.2651
vn 0.7904 0.2501 -0.5592
vn 0.7776 0.4706 -0.4170
vn 0.1137 0.7588 -0.6413
vn 0.0902 0.5408 -0.8363
vn -0.2364 0.5088 -0.8278
vn -0.2916 0.7191 -0.6307
vn -0.5297 -0.3441 0.7752
vn 0.6257 -0.2310 0.7450
vn 0.5124 0.8087 0.2890
vn -0.6438 0.6954 0.3192
vn 0.5481 -0.6346 0.5449
vn -0.3858 -0.7260 0.5692
vn -0.5095 0.1623 -0.8450
vn 0.4240 0.2537 -0.8694
vn 0.1604 0.9765 -0.1439
vn 0.1068 0.8977 -0.4275
vn -0.3008 0.8578 -0.4168
vn -0.3539 0.9261 -0.1305
vn 0.9067 -0.3246 0.2694
vn 0.8789 -0.4280 0.2105
vn 0.7669 0.5836 -0.2668
vn 0.7256 0.6876 0.0265
vn -0.0345 -0.9434 0.3299
vn -0.1029 -0.9041 0.4147
vn 0.2975 -0.8649 0.4042
vn 0.2338 -0.9171 0.3229
vn -0.8428 0.5340 0.0674
vn -0.8783 0.4225 -0.2239
vn -0.7672 -0.5891 0.2535
vn -0.8114 -0.4929 0.3142
vn -0.1286 0.4605 0.8783
vn -0.2349 0.2296 0.9445
vn 0.6083 -0.4083 0.6807
vn 0.6111 -0.3500 0.7100
vn 0.6915 -0.7196 0.0630
vn 0.7561 -0.6513 0.0632
vn 0.5910 -0.7124 -0.3785
vn 0.5482 -0.7726 -0.3204
vn 0.0367 -0.5622 -0.8262
vn 0.0587 -0.6113 -0.7892
vn -0.8082 0.0178 -0.5887
vn -0.7053 0.2474 -0.6643
vn -0.7556 0.6545 -0.0272
vn -0.8970 0.4307 0.0992
vn -0.7830 0.4728 0.4042
vn -0.6141 0.7068 0.3512
vn 0.9449 -0.1476 0.2923
vn 0.5415 -0.2967 -0.7866
vn -0.0140 0.6973 -0.7166
vn 0.3896 0.8465 0.3630
vn 0.4409 -0.6892 -0.5749
vn 0.7670 -0.5688 0.2971
vn -0.6604 0.1953 0.7250
vn -0.9863 0.0749 -0.1466
vn -0.3376 0.8998 -0.2764
vn -0.5746 0.8099 -0.1176
vn -0.4323 0.8625 0.2630
vn -0.1580 0.9662 0.2039
vn 0.0231 -0.4923 -0.8701
vn -0.0073 -0.5917 -0.8061
vn -0.5789 0.3729 -0.7251
vn -0.3073 0.5092 -0.8040
vn 0.4679 -0.8790 0.0916
vn 0.5624 -0.8182 0.1194
vn 0.4226 -0.8698 -0.2545
vn 0.3742 -0.9136 -0.1589
vn 0.2402 0.7115 0.6604
vn -0.0046 0.5851 0.8110
vn 0.5673 -0.3794 0.7309
vn 0.6229 -0.2707 0.7340
vn 0.8033 0.4498 0.3903
vn 0.8248 0.2223 0.5199
vn 0.8279 -0.4447 -0.3418
vn 0.8583 -0.3872 -0.3369
vn 0.2610 -0.7483 -0.6099
vn 0.2841 -0.6827 -0.6732
vn -0.1889 -0.7291 -0.6578
vn -0.1495 -0.7885 -0.5965
vn -0.7867 -0.5486 -0.2832
vn -0.7461 -0.5992 -0.2905
vn -0.8170 0.0612 0.5734
vn -0.8485 0.2877 0.4442
vn -0.2497 0.6852 0.6842
vn -0.1824 0.4652 0.8662
vn 0.1442 0.4972 0.8556
vn 0.1555 0.7250 0.6710
vn 0.5767 -0.1912 -0.7943
vn -0.5786 -0.3046 -0.7566
vn -0.6617 0.7099 -0.2413
vn 0.4943 0.8233 -0.2790
vn -0.4225 -0.6964 -0.5801
vn 0.5113 -0.6048 -0.6106
vn 0.4789 0.2093 0.8525
vn -0.4544 0.1177 0.8830
vn -0.3434 0.9176 0.2003
vn -0.2722 0.8347 0.4787
vn 0.1353 0.8747 0.4654
vn 0.1709 0.9681 0.1835
vn -0.8305 -0.4774 -0.2869
vn -0.7828 -0.5766 -0.2341
vn -0.8616 0.4089 0.3008
vn -0.8445 0.5354 0.0139
vn 0.2112 -0.8989 -0.3839
vn 0.2698 -0.8425 -0.4663
vn -0.1306 -0.8818 -0.4533
vn -0.0570 -0.9252 -0.3752
vn 0.7236 0.6893 -0.0372
vn 0.7833 0.5703 0.2472
vn 0.8631 -0.4151 -0.2878
vn 0.8871 -0.3089 -0.3429
vn 0.8712 0.4048 -0.2776
vn 0.9640 0.1702 -0.2042
vn 0.3248 -0.4502 -0.8318
vn 0.3532 -0.3939 -0.8486
vn -0.2841 -0.7224 -0.6304
vn -0.3081 -0.6543 -0.6906
vn -0.6369 -0.6876 -0.3487
vn -0.5695 -0.7513 -0.3336
vn -0.7902 -0.5096 0.3405
vn -0.7693 -0.5609 0.3060
vn -0.1771 0.0548 0.9827
vn -0.2769 0.2887 0.9165
vn 0.3405 0.6552 0.6744
vn 0.5030 0.4240 0.7532
vn 0.7300 0.4470 0.5171
vn 0.6221 0.6837 0.3815
vn -0.1560 -0.1659 -0.9737
vn -0.9590 -0.2472 -0.1386
vn -0.5990 0.7407 0.3042
vn 0.2045 0.8220 -0.5315
vn -0.7470 -0.6522 -0.1290
vn -0.0980 -0.5865 -0.8040
vn 0.9496 0.1499 0.2752
vn 0.3008 0.0843 0.9499
vn -0.0513 0.9154 0.3992
vn 0.1893 0.8159 0.5463
vn 0.4726 0.8446 0.2517
vn 0.3061 0.9516 0.0274
vn -0.8198 -0.4371 0.3699
vn -0.7547 -0.5402 0.3723
vn -0.3795 0.4176 0.8256
vn -0.5607 0.5585 0.6113
vn -0.1701 -0.8832 -0.4370
vn -0.1829 -0.8243 -0.5359
vn -0.4611 -0.8524 -0.2465
vn -0.3566 -0.9021 -0.2431
vn 0.5292 0.6687 -0.5222
vn 0.7638 0.5333 -0.3635
vn 0.3893 -0.4245 -0.8175
vn 0.3741 -0.3162 -0.8718
vn -0.5159 0.2447 -0.8209
vn -0.4094 0.0225 -0.9121
vn -0.7529 -0.6464 -0.1235
vn -0.7869 -0.5983 -0.1514
vn -0.3877 -0.8055 0.4481
vn -0.4563 -0.7495 0.4795
vn -0.0618 -0.6757 0.7345
vn -0.0453 -0.7415 0.6694
vn 0.5851 -0.3417 0.7354
vn 0.5599 -0.4010 0.7250
vn 0.9600 0.2786 -0.0270
vn 0.8619 0.5023 0.0696
vn 0.4347 0.7437 -0.5079
vn 0.5330 0.5186 -0.6685
vn 0.2606 0.4677 -0.8446
vn 0.0968 0.6805 -0.7264
vn -0.8657 -0.3502 0.3577
vn 0.0979 -0.1700 0.9806
vn 0.2321 0.8462 0.4797
vn -0.7321 0.6659 -0.1435
vn 0.1604 -0.5836 0.7960
vn -0.6185 -0.7293 0.2926
vn 0.0565 0.1052 -0.9928
vn 0.8351 0.2508 -0.4896
vn 0.1837 0.9793 -0.0855
vn 0.3032 0.8886 -0.3442
vn -0.0367 0.8250 -0.5640
vn -0.2452 0.8991 -0.3627
vn 0.6022 -0.2619 0.7542
vn 0.6160 -0.3685 0.6962
vn 0.7643 0.6192 0.1803
vn 0.5603 0.7297 0.3918
vn -0.1870 -0.9329 0.3077
vn -0.2926 -0.8951 0.3364
vn 0.0414 -0.8327 0.5522
vn 0.0368 -0.8911 0.4523
vn -0.7476 0.4852 -0.4536
vn -0.6077 0.3626 -0.7065
vn -0.7568 -0.6252 -0.1911
vn -0.8305 -0.5298 -0.1719
vn -0.8918 0.1974 0.4071
vn -0.9464 -0.0443 0.3199
vn -0.1288 -0.5723 0.8099
vn -0.1652 -0.5244 0.8353
vn 0.4915 -0.6992 0.5192
vn 0.5093 -0.6328 0.5833
vn 0.7940 -0.5714 0.2074
vn 0.7386 -0.6459 0.1930
vn 0.8251 -0.3109 -0.4718
vn 0.8187 -0.3680 -0.4408
vn 0.0419 0.1688 -0.9848
vn 0.1026 0.4118 -0.9055
vn -0.5390 0.6259 -0.5637
vn -0.6628 0.3738 -0.6488
vn -0.8594 0.3315 -0.3893
vn -0.7829 0.5733 -0.2418
vn 0.3027 -0.2096 0.9298
vn 0.9981 -0.0597 0.0118
vn 0.4051 0.8682 -0.2864
vn -0.2908 0.7182 0.6322
vn 0.8676 -0.4969 -0.0177
vn 0.3055 -0.6181 0.7243
vn -0.9872 -0.0223 -0.1579
vn -0.4253 0.0989 -0.8996
vn -0.1732 0.9364 -0.3053
vn -0.4067 0.8028 -0.4361
vn -0.6520 0.7499 -0.1123
vn -0.4828 0.8696 0.1033
vn 0.8366 -0.2317 -0.4964
vn 0.7924 -0.3454 -0.5027
vn 0.1891 0.5510 -0.8128
vn 0.3650 0.7075 -0.6051
vn 0.3875 -0.8634 0.3231
vn 0.4007 -0.8113 0.4256
vn 0.6417 -0.7594 0.1075
vn 0.5489 -0.8286 0.1099
vn -0.5790 0.5040 0.6409
vn -0.8011 0.3375 0.4943
vn -0.1983 -0.5590 0.8051
vn -0.1975 -0.4547 0.8685
vn 0.2692 0.4143 0.8694
vn 0.1970 0.1800 0.9638
vn 0.8333 -0.4409 0.3336
vn 0.8494 -0.3843 0.3616
vn 0.6377 -0.7198 -0.2742
vn 0.6975 -0.6515 -0.2985
vn 0.3578 -0.6902 -0.6290
vn 0.3429 -0.7534 -0.5610
vn -0.3318 -0.5189 -0.7878
vn -0.2970 -0.5697 -0.7663
vn -0.9820 0.0456 -0.1835
vn -0.9170 0.2791 -0.2849
vn -0.6815 0.6528 0.3308
vn -0.7595 0.4223 0.4948
vn -0.5249 0.4491 0.7230
vn -0.3905 0.6860 0.6140
vn 0.9759 -0.1596 -0.1487
vn 0.1463 -0.2542 -0.9560
vn -0.3063 0.7332 -0.6071
vn 0.5238 0.8278 0.2007
vn 0.1386 -0.6574 -0.7407
vn 0.8091 -0.5810 -0.0882
vn -0.2821 0.1558 0.9467
vn -0.9524 0.0794 0.2944
vn -0.4059 0.9118 -0.0615
vn -0.5537 0.8132 0.1791
vn -0.2611 0.8466 0.4639
vn -0.0366 0.9539 0.2978
vn -0.3615 -0.4468 -0.8183
vn -0.3635 -0.5495 -0.7523
vn -0.8265 0.4080 -0.3880
vn -0.6122 0.5489 -0.5691
vn 0.4449 -0.8812 -0.1600
vn 0.5433 -0.8216 -0.1727
vn 0.2559 -0.8543 -0.4524
vn 0.2523 -0.9031 -0.3475
vn 0.5138 0.6772 0.5267
vn 0.3548 0.5425 0.7615
vn 0.8183 -0.4148 0.3978
vn 0.8719 -0.3063 0.3820
vn -0.4555 0.3339 -0.8253
vn -0.2883 0.1686 -0.9426
vn -0.5544 -0.7338 -0.3927
vn -0.5953 -0.6881 -0.4149
vn -0.2342 -0.9544 0.1854
vn -0.3176 -0.9234 0.2157
vn 0.0135 -0.8376 0.5461
vn 0.0532 -0.8799 0.4722
vn 0.5559 -0.3898 0.7342
vn 0.5472 -0.4484 0.7068
vn 0.8607 0.4664 0.2043
vn 0.7005 0.6334 0.3286
vn 0.3016 0.9206 -0.2481
vn 0.4700 0.7685 -0.4341
vn 0.2414 0.7093 -0.6623
vn 0.0180 0.8471 -0.5311
vn -0.7929 -0.5985 0.1141
vn 0.0156 -0.3890 0.9211
vn -0.0387 0.7261 0.6865
vn -0.8477 0.5164 -0.1210
vn 0.1978 -0.7207 0.6644
vn -0.4557 -0.8900 0.0122
vn 0.1502 0.3624 -0.9198
vn 0.8035 0.5317 -0.2678
vn -0.0483 0.9852 0.1646
vn 0.1202 0.9893 -0.0824
vn -0.1650 0.9154 -0.3671
vn -0.4082 0.8919 -0.1946
vn 0.5509 -0.3156 0.7726
vn 0.5969 -0.3989 0.6961
vn 0.5650 0.6959 0.4432
vn 0.3162 0.7053 0.6345
vn 0.0069 -0.9983 0.0582
vn -0.1073 -0.9914 0.0753
vn 0.1728 -0.9188 0.3550
vn 0.1947 -0.9496 0.2456
vn -0.7813 0.4210 -0.4609
vn -0.5863 0.3976 -0.7058
vn -0.5550 -0.6973 -0.4536
vn -0.6513 -0.6271 -0.4273
vn 0.5361 0.5368 0.6515
vn 0.4795 0.3357 0.8108
vn 0.8641 -0.4685 0.1840
vn 0.8913 -0.4100 0.1936
vn 0.4830 -0.8324 -0.2717
vn 0.5374 -0.7779 -0.3256
vn 0.1147 -0.8369 -0.5352
vn 0.1161 -0.8836 -0.4536
vn -0.5789 -0.6152 -0.5352
vn -0.5427 -0.6649 -0.5133
vn -0.9879 0.1308 0.0835
vn -0.9403 0.3307 -0.0803
vn -0.5126 0.7834 0.3514
vn -0.5543 0.6002 0.5767
vn -0.2624 0.6409 0.7214
vn -0.1505 0.8340 0.5309
vn 0.8783 -0.3049 -0.3683
vn -0.1543 -0.4490 -0.8801
vn -0.4216 0.6353 -0.6470
vn 0.6116 0.7796 -0.1349
vn -0.1250 -0.7993 -0.5878
vn 0.7096 -0.6828 -0.1741
vn 0.0156 0.3682 0.9296
vn -0.8187 0.2518 0.5161
vn -0.3468 0.9262 -0.1477
vn -0.4244 0.8947 0.1394
vn -0.0602 0.9455 0.3200
vn 0.1128 0.9904 0.0801
vn -0.6115 -0.5472 -0.5715
vn -0.6008 -0.6342 -0.4865
vn -0.8755 0.4251 -0.2297
vn -0.7145 0.5011 -0.4883
vn 0.3217 -0.9437 -0.0772
vn 0.4158 -0.9003 -0.1287
vn 0.0580 -0.9502 -0.3061
vn 0.0819 -0.9772 -0.1961
vn 0.6870 0.6967 0.2064
vn 0.5947 0.6304 0.4990
vn 0.8702 -0.4289 0.2426
vn 0.9237 -0.3329 0.1895
vn -0.7765 0.0850 0.6243
vn -0.7176 -0.1656 0.6765
vn 0.3293 -0.0239 0.9439
vn 0.2793 0.0148 0.9601
vn 0.8628 -0.0793 0.4993
vn 0.8564 0.0129 0.5162
vn 0.9961 -0.0573 0.0671
vn 0.9840 -0.1403 0.1096
vn 0.7651 -0.2294 -0.6016
vn 0.7942 -0.2576 -0.5504
vn -0.2326 -0.4094 -0.8822
vn -0.2886 -0.1602 -0.9439
vn -0.8743 -0.0170 -0.4850
vn -0.8682 -0.2970 -0.3975
vn -0.9647 -0.2485 -0.0875
vn -0.9940 0.0432 -0.1004
vn 0.5339 0.4609 0.7089
vn 0.8751 0.2894 -0.3879
vn -0.1471 0.6330 -0.7601
vn -0.4886 0.8046 0.3375
vn 0.9790 -0.1025 -0.1764
vn 0.7031 0.0361 0.7101
vn -0.8519 -0.4299 0.2990
vn -0.5762 -0.5685 -0.5872
vn -0.6733 0.4841 -0.5589
vn -0.8277 0.2325 -0.5108
vn -0.9481 0.2930 -0.1239
vn -0.8252 0.5604 -0.0707
vn 0.7305 -0.1793 -0.6590
vn 0.7491 -0.2837 -0.5986
vn -0.2682 0.0259 -0.9630
vn -0.1596 0.3191 -0.9342
vn 0.8209 -0.3482 0.4526
vn 0.8250 -0.2468 0.5084
vn 0.9433 -0.3063 0.1283
vn 0.9001 -0.3881 0.1980
vn -0.6228 0.5519 0.5545
vn -0.7541 0.2701 0.5987
vn 0.2630 -0.0394 0.9640
vn 0.2231 0.0758 0.9718
vn -0.8719 0.3446 0.3479
vn -0.9636 0.2353 0.1272
vn -0.5727 -0.7702 0.2807
vn -0.5992 -0.7313 0.3259
vn 0.0396 -0.9985 0.0391
vn 0.0532 -0.9899 0.1317
vn 0.4558 -0.8846 -0.0985
vn 0.3890 -0.9071 -0.1607
vn 0.8009 -0.3653 -0.4745
vn 0.7670 -0.4200 -0.4852
vn 0.4338 0.6006 -0.6717
vn 0.5340 0.7120 -0.4559
vn -0.0884 0.9884 -0.1235
vn -0.2453 0.9018 -0.3559
vn -0.5232 0.8291 -0.1970
vn -0.4333 0.8983 0.0736
vn -0.1219 -0.7591 0.6395
vn 0.8614 -0.5020 0.0774
vn 0.7243 0.5995 0.3405
vn -0.2596 0.3424 0.9030
vn 0.6226 -0.7499 -0.2236
vn -0.1721 -0.9577 0.2308
vn -0.8255 0.5103 -0.2412
vn -0.0310 0.7179 -0.6954
vn 0.2397 0.9212 0.3064
vn 0.0380 0.9945 0.0979
vn -0.3088 0.9038 0.2962
vn -0.1980 0.8068 0.5566
vn 0.8439 -0.2998 -0.4450
vn 0.7723 -0.3604 -0.5232
vn 0.6206 0.7287 -0.2896
vn 0.7514 0.6598 -0.0126
vn -0.0339 -0.9736 -0.2259
vn -0.0422 -0.9928 -0.1121
vn 0.2985 -0.9037 -0.3068
vn 0.1944 -0.9139 -0.3564
vn -0.5833 0.3109 0.7504
vn -0.7794 0.3627 0.5108
vn -0.6285 -0.7265 0.2777
vn -0.6181 -0.6820 0.3909
vn 0.6073 0.6156 -0.5022
vn 0.7553 0.5893 -0.2868
vn 0.8208 -0.4985 -0.2788
vn 0.8242 -0.4595 -0.3310
vn 0.3883 -0.9189 0.0699
vn 0.3645 -0.9310 -0.0202
vn -0.0231 -0.9672 0.2529
vn 0.0520 -0.9503 0.3070
vn -0.5236 -0.5856 0.6188
vn -0.4688 -0.6190 0.6301
vn -0.5898 0.4635 0.6613
vn -0.7462 0.4891 0.4517
vn -0.3329 0.9430 0.0073
vn -0.1348 0.9655 0.2226
vn 0.1328 0.9906 0.0340
vn -0.0009 0.9740 -0.2266
vn 0.3798 -0.7295 -0.5689
vn -0.5668 -0.8180 0.0983
vn -0.9374 0.1874 -0.2936
vn 0.0098 0.2759 -0.9611
vn -0.2201 -0.8959 0.3860
vn 0.5450 -0.8244 -0.1532
vn 0.5450 0.8357 0.0673
vn -0.2198 0.7643 0.6063
vn -0.6361 0.6813 -0.3622
vn -0.4682 0.8622 -0.1933
vn -0.1342 0.8935 -0.4286
vn -0.2148 0.7207 -0.6591
vn -0.5928 -0.5490 0.5891
vn -0.4959 -0.5618 0.6622
vn -0.8454 0.4428 0.2986
vn -0.9573 0.2845 0.0516
vn 0.4665 -0.8255 0.3177
vn 0.4724 -0.8569 0.2064
vn 0.1445 -0.8875 0.4376
vn 0.2467 -0.8460 0.4726
vn 0.3275 0.4046 -0.8538
vn 0.5023 0.5688 -0.6513
vn 0.8527 -0.4358 -0.2882
vn 0.8145 -0.4175 -0.4028
vn 0.6993 0.7148 -0.0020
vn 0.8471 0.5222 0.0985
vn 0.6926 -0.2156 -0.6884
vn 0.7017 -0.1515 -0.6962
vn 0.1978 -0.7060 -0.6801
vn 0.1686 -0.6450 -0.7454
vn -0.2077 -0.8286 -0.5199
vn -0.1288 -0.8653 -0.4844
vn -0.6070 -0.7899 0.0877
vn -0.5596 -0.8264 0.0618
vn -0.4590 -0.1149 0.8810
vn -0.6148 0.0737 0.7852
vn -0.1357 0.6590 0.7398
vn 0.0709 0.4938 0.8667
vn 0.3307 0.6205 0.7110
vn 0.1866 0.8163 0.5467
vn 0.2034 -0.1077 -0.9732
vn -0.7157 -0.5560 -0.4226
vn -0.8909 0.4431 0.0994
vn 0.0288 0.8918 -0.4515
vn -0.3812 -0.8578 -0.3448
vn 0.3617 -0.4954 -0.7898
vn 0.7042 0.4481 0.5507
vn -0.0383 0.0858 0.9956
vn -0.4992 0.7902 0.3555
vn -0.2920 0.7679 0.5701
vn 0.0322 0.9261 0.3759
vn -0.0901 0.9898 0.1104
vn -0.6685 -0.7361 0.1059
vn -0.5734 -0.8090 0.1291
vn -0.7271 0.1666 0.6660
vn -0.8778 0.2554 0.4053
vn 0.3024 -0.8351 -0.4596
vn 0.2978 -0.7745 -0.5581
vn -0.0207 -0.9299 -0.3673
vn 0.0890 -0.9392 -0.3317
vn 0.3697 0.8639 -0.3420
vn 0.5815 0.8049 -0.1179
vn 0.7360 -0.1703 -0.6553
vn 0.6980 -0.0695 -0.7127
vn 0.0732 0.4962 0.8651
vn -0.1260 0.3387 0.9324
vn 0.3501 -0.6151 0.7065
vn 0.3779 -0.5633 0.7348
vn 0.2976 -0.9497 0.0976
vn 0.3859 -0.9173 0.0985
vn 0.2192 -0.9120 -0.3468
vn 0.1530 -0.9451 -0.2889
vn -0.2018 -0.5449 -0.8139
vn -0.2046 -0.5974 -0.7754
vn -0.7045 0.3571 -0.6133
vn -0.5088 0.5147 -0.6900
vn -0.3846 0.9210 -0.0625
vn -0.6133 0.7873 0.0636
vn -0.4982 0.7836 0.3711
vn -0.2418 0.9164 0.3189
vn 0.7747 -0.5432 0.3236
vn 0.3676 -0.5302 -0.7640
vn 0.3113 0.6087 -0.7298
vn 0.7187 0.5957 0.3586
vn 0.0989 -0.8305 -0.5481
vn 0.4279 -0.8410 0.3310
vn -0.5180 0.4905 0.7007
vn -0.8470 0.5010 -0.1780
vn 0.1035 0.9472 -0.3034
vn -0.1517 0.9769 -0.1503
vn -0.0081 0.9724 0.2334
vn 0.2847 0.9414 0.1807
vn -0.1820 -0.4775 -0.8596
vn -0.2547 -0.5511 -0.7946
vn -0.3386 0.5690 -0.7494
vn -0.0333 0.5679 -0.8224
vn 0.0260 -0.9921 0.1224
vn 0.1371 -0.9788 0.1519
vn -0.0040 -0.9743 -0.2250
vn -0.0686 -0.9891 -0.1301
vn 0.5192 0.5503 0.6539
vn 0.2410 0.5505 0.7993
vn 0.3253 -0.5695 0.7549
vn 0.4233 -0.4968 0.7576
vn 0.2904 0.5850 -0.7573
vn 0.5252 0.4806 -0.7023
vn 0.2478 -0.5701 -0.7833
vn 0.2283 -0.5215 -0.8221
vn 0.0406 -0.9674 -0.2498
vn -0.0378 -0.9533 -0.2997
vn -0.1458 -0.9758 0.1628
vn -0.0532 -0.9870 0.1516
vn -0.1474 -0.5999 0.7864
vn -0.1117 -0.6451 0.7558
vn 0.1502 0.4023 0.9031
vn -0.0869 0.5062 0.8580
vn 0.0554 0.9615 0.2692
vn 0.3400 0.8940 0.2918
vn 0.4146 0.9096 -0.0276
vn 0.1479 0.9808 -0.1270
vn -0.3189 -0.6362 -0.7025
vn -0.5828 -0.6913 0.4272
vn -0.7918 0.4303 0.4334
vn -0.5278 0.4854 -0.6970
vn -0.1774 -0.9004 0.3972
vn 0.0359 -0.8559 -0.5159
vn 0.6793 0.6738 -0.2909
vn 0.4661 0.6293 0.6219
vn -0.4747 0.8579 0.1967
vn -0.1932 0.9579 0.2122
vn -0.1002 0.9774 -0.1864
vn -0.3572 0.8824 -0.3062
vn -0.2042 -0.5447 0.8134
vn -0.0929 -0.5929 0.7999
vn -0.2692 0.5173 0.8124
vn -0.5545 0.4461 0.7025
vn 0.2832 -0.9517 -0.1189
vn 0.2063 -0.9567 -0.2053
vn 0.1149 -0.9758 0.1861
vn 0.2219 -0.9645 0.1434
vn -0.1964 0.5208 -0.8308
vn 0.1065 0.5957 -0.7961
vn 0.2830 -0.5144 -0.8095
vn 0.1881 -0.4628 -0.8663
vn -0.3888 0.8851 -0.2557
vn -0.3938 0.8851 0.2481
vn 0.1042 0.9619 0.2529
vn 0.1092 0.9619 -0.2508
vn 0.1582 -0.9685 -0.1921
vn 0.1544 -0.9685 0.1952
vn -0.2322 -0.9538 0.1909
vn -0.2284 -0.9538 -0.1954
vn 0.9191 0.1967 -0.3414
vn 0.9122 0.1967 0.3594
vn 0.9155 0.1804 0.3595
vn 0.9224 0.1804 -0.3415
vn 0.3291 0.1097 0.9379
vn -0.3642 0.0052 0.9313
vn -0.3638 0.0068 0.9314
vn 0.3310 0.1015 0.9382
vn -0.9363 -0.0821 0.3414
vn -0.9294 -0.0821 -0.3598
vn -0.9302 -0.0723 -0.3598
vn -0.9371 -0.0723 0.3414
vn -0.3458 0.0052 -0.9383
vn 0.3475 0.1097 -0.9312
vn 0.3494 0.1015 -0.9315
vn -0.3454 0.0068 -0.9384
vn 0.9183 0.2003 -0.3415
vn 0.9114 0.2003 0.3595
vn 0.9115 0.2001 0.3594
vn 0.9184 0.2001 -0.3415
vn 0.3283 0.1114 0.9380
vn -0.3645 0.0046 0.9312
vn -0.3644 0.0047 0.9312
vn 0.3285 0.1113 0.9379
vn -0.9361 -0.0843 0.3414
vn -0.9293 -0.0843 -0.3597
vn -0.9293 -0.0842 -0.3597
vn -0.9362 -0.0842 0.3414
vn -0.3461 0.0046 -0.9382
vn 0.3467 0.1113 -0.9313
vn 0.3468 0.1113 -0.9313
vn -0.3460 0.0048 -0.9382
vn -0.9362 -0.0844 0.3413
vn -0.9293 -0.0844 -0.3597
vn -0.9362 -0.0843 0.3413
vn 0.3467 0.1113 -0.9314
vn 0.3467 0.1114 -0.9313
vn -0.3462 0.0046 -0.9382
vn 0.7774 0.5596 -0.2871
vn 0.7716 0.5596 0.3024
vn 0.9008 0.2448 0.3586
vn 0.9077 0.2449 -0.3408
vn 0.2167 0.4751 0.8529
vn -0.3660 0.3854 0.8471
vn -0.3706 0.0498 0.9274
vn 0.3206 0.1563 0.9342
vn -0.9099 0.3007 0.2858
vn -0.9041 0.3007 -0.3036
vn -0.9326 -0.0387 -0.3589
vn -0.9394 -0.0387 0.3405
vn -0.3492 0.3853 -0.8542
vn 0.2334 0.4750 -0.8484
vn 0.3389 0.1563 -0.9277
vn -0.3523 0.0498 -0.9345
vn 0.9293 0.1402 -0.3416
vn 0.9224 0.1402 0.3598
vn 0.9227 0.1382 0.3598
vn 0.9296 0.1382 -0.3416
vn 0.3351 0.0813 0.9387
vn -0.3628 0.0107 0.9318
vn -0.3628 0.0129 0.9318
vn 0.3353 0.0812 0.9386
vn -0.9386 -0.0481 0.3415
vn -0.9317 -0.0482 -0.3599
vn -0.9319 -0.0440 -0.3599
vn -0.9388 -0.0440 0.3415
vn -0.3444 0.0107 -0.9388
vn 0.3535 0.0813 -0.9319
vn 0.3537 0.0812 -0.9318
vn -0.3444 0.0130 -0.9387
vn 0.9268 0.1559 -0.3416
vn 0.9199 0.1559 0.3598
vn 0.9221 0.1425 0.3599
vn 0.9289 0.1425 -0.3417
vn 0.3334 0.0891 0.9386
vn -0.3635 0.0090 0.9316
vn -0.3631 0.0102 0.9317
vn 0.3347 0.0823 0.9387
vn -0.9382 -0.0578 0.3414
vn -0.9313 -0.0577 -0.3597
vn -0.9317 -0.0499 -0.3598
vn -0.9386 -0.0498 0.3414
vn -0.3451 0.0090 -0.9385
vn 0.3517 0.0891 -0.9319
vn 0.3531 0.0823 -0.9320
vn -0.3447 0.0102 -0.9386
vn 0.9316 0.1254 -0.3412
vn 0.9247 0.1254 0.3595
vn 0.9280 0.0973 0.3596
vn 0.9349 0.0973 -0.3413
vn 0.3369 0.0786 0.9382
vn -0.3624 0.0221 0.9318
vn -0.3619 0.0311 0.9317
vn 0.3388 0.0672 0.9385
vn -0.9395 -0.0254 0.3415
vn -0.9326 -0.0254 -0.3599
vn -0.9330 0.0007 -0.3598
vn -0.9399 0.0007 0.3414
vn -0.3440 0.0221 -0.9387
vn 0.3553 0.0786 -0.9314
vn 0.3572 0.0672 -0.9316
vn -0.3435 0.0311 -0.9386
vn 0.9306 0.1319 -0.3415
vn 0.9237 0.1319 0.3598
vn 0.9238 0.1313 0.3597
vn 0.9307 0.1314 -0.3414
vn 0.3357 0.0811 0.9385
vn -0.3630 0.0201 0.9316
vn -0.3628 0.0202 0.9317
vn 0.3360 0.0809 0.9384
vn -0.9394 -0.0307 0.3414
vn -0.9325 -0.0307 -0.3599
vn -0.9325 -0.0306 -0.3599
vn -0.9394 -0.0306 0.3415
vn -0.3446 0.0201 -0.9385
vn 0.3541 0.0810 -0.9317
vn 0.3544 0.0809 -0.9316
vn -0.3444 0.0202 -0.9386
vn 0.9302 0.1345 -0.3416
vn 0.9233 0.1346 0.3598
vn 0.9236 0.1322 0.3598
vn 0.9305 0.1323 -0.3416
vn 0.3355 0.0811 0.9385
vn -0.3630 0.0170 0.9316
vn -0.3630 0.0197 0.9316
vn 0.3356 0.0811 0.9385
vn -0.9392 -0.0364 0.3414
vn -0.9323 -0.0364 -0.3598
vn -0.9325 -0.0315 -0.3598
vn -0.9394 -0.0315 0.3414
vn -0.3446 0.0170 -0.9386
vn 0.3539 0.0811 -0.9318
vn 0.3540 0.0811 -0.9317
vn -0.3446 0.0197 -0.9385
vn 0.9399 0.0250 -0.3406
vn 0.9330 0.0250 0.3590
vn 0.9334 -0.0102 0.3587
vn 0.9403 -0.0101 -0.3402
vn 0.3441 0.0386 0.9382
vn -0.3584 0.0538 0.9320
vn -0.3556 0.0702 0.9320
vn 0.3460 0.0269 0.9379
vn -0.9377 0.0650 0.3414
vn -0.9308 0.0649 -0.3597
vn -0.9272 0.1046 -0.3596
vn -0.9341 0.1046 0.3413
vn -0.3400 0.0537 -0.9389
vn 0.3624 0.0386 -0.9312
vn 0.3643 0.0269 -0.9309
vn -0.3372 0.0703 -0.9388
vn 0.9381 0.0570 -0.3415
vn 0.9312 0.0570 0.3599
vn 0.9324 0.0351 0.3597
vn 0.9393 0.0351 -0.3413
vn 0.3407 0.0508 0.9388
vn -0.3611 0.0437 0.9315
vn -0.3598 0.0502 0.9317
vn 0.3422 0.0420 0.9387
vn -0.9393 0.0377 0.3411
vn -0.9324 0.0377 -0.3595
vn -0.9314 0.0564 -0.3596
vn -0.9383 0.0564 0.3412
vn -0.3427 0.0437 -0.9384
vn 0.3591 0.0508 -0.9319
vn 0.3606 0.0420 -0.9318
vn -0.3414 0.0502 -0.9386
vn 0.9337 0.1165 -0.3384
vn 0.9269 0.1165 0.3567
vn 0.9307 0.0713 0.3587
vn 0.9376 0.0713 -0.3403
vn 0.3422 0.1224 0.9316
vn -0.3547 0.1300 0.9259
vn -0.3565 0.0989 0.9290
vn 0.3426 0.0837 0.9357
vn -0.9305 0.1371 0.3396
vn -0.9237 0.1371 -0.3578
vn -0.9267 0.1115 -0.3588
vn -0.9336 0.1115 0.3405
vn -0.3364 0.1301 -0.9327
vn 0.3604 0.1224 -0.9247
vn 0.3610 0.0837 -0.9288
vn -0.3382 0.0989 -0.9359
vn 0.9393 0.0594 -0.3380
vn 0.9324 0.0594 0.3564
vn 0.9269 0.1206 0.3554
vn 0.9337 0.1205 -0.3371
vn 0.3489 0.0924 0.9326
vn -0.3491 0.1330 0.9276
vn -0.3526 0.1343 0.9261
vn 0.3446 0.1261 0.9303
vn -0.9251 0.1692 0.3400
vn -0.9182 0.1692 -0.3581
vn -0.9226 0.1435 -0.3580
vn -0.9295 0.1435 0.3398
vn -0.3308 0.1330 -0.9343
vn 0.3671 0.0924 -0.9256
vn 0.3628 0.1261 -0.9233
vn -0.3343 0.1343 -0.9328
vn 0.9377 -0.0597 -0.3423
vn 0.9308 -0.0597 0.3606
vn 0.7932 -0.5357 0.2896
vn 0.7987 -0.5357 -0.2739
vn 0.3412 -0.0401 0.9391
vn -0.3614 -0.0166 0.9322
vn -0.3080 -0.4957 0.8120
vn 0.2555 -0.5161 0.8175
vn -0.9396 0.0030 0.3424
vn -0.9326 0.0030 -0.3608
vn -0.8301 -0.4761 -0.2903
vn -0.8356 -0.4761 0.2740
vn -0.3430 -0.0166 -0.9392
vn 0.3596 -0.0401 -0.9322
vn 0.2715 -0.5161 -0.8123
vn -0.2920 -0.4957 -0.8179
vn 0.9307 -0.1313 -0.3414
vn 0.9238 -0.1313 0.3596
vn 0.9316 -0.0578 0.3589
vn 0.9385 -0.0578 -0.3405
vn 0.3452 -0.0106 0.9385
vn -0.3422 0.1321 0.9303
vn -0.3450 0.1321 0.9292
vn 0.3486 0.0295 0.9368
vn -0.9067 0.2494 0.3403
vn -0.8998 0.2494 -0.3580
vn -0.9082 0.2169 -0.3579
vn -0.9151 0.2169 0.3400
vn -0.3239 0.1321 -0.9368
vn 0.3636 -0.0106 -0.9315
vn 0.3669 0.0295 -0.9298
vn -0.3267 0.1321 -0.9359
vn 0.9366 -0.0810 -0.3409
vn 0.9297 -0.0811 0.3593
vn 0.9234 -0.1341 0.3597
vn 0.9303 -0.1341 -0.3415
vn 0.3459 0.0028 0.9383
vn -0.3490 0.1044 0.9313
vn -0.3426 0.1292 0.9306
vn 0.3447 -0.0150 0.9386
vn -0.9209 0.1889 0.3409
vn -0.9140 0.1889 -0.3590
vn -0.8997 0.2494 -0.3581
vn -0.9066 0.2494 0.3404
vn -0.3306 0.1044 -0.9380
vn 0.3643 0.0028 -0.9313
vn 0.3631 -0.0150 -0.9316
vn -0.3242 0.1292 -0.9371
vn 0.2935 0.6387 -0.7113
vn 0.4571 0.4422 -0.7717
vn -0.2873 -0.3442 -0.8939
vn -0.2923 -0.2822 -0.9137
vn -0.4894 -0.7802 -0.3895
vn -0.5629 -0.7228 -0.4010
vn -0.5284 -0.8471 0.0567
vn -0.4595 -0.8881 0.0077
vn -0.1725 -0.7146 0.6779
vn -0.1727 -0.7579 0.6291
vn 0.5767 0.0106 0.8169
vn 0.4138 0.2045 0.8871
vn 0.5725 0.7329 0.3676
vn 0.7854 0.5600 0.2636
vn 0.7617 0.6459 -0.0525
vn 0.5430 0.8394 -0.0245
vn -0.7679 -0.2142 -0.6037
vn -0.6838 -0.5178 0.5142
vn -0.3346 0.5366 0.7747
vn -0.4188 0.8405 -0.3439
vn -0.4511 -0.8431 0.2926
vn -0.5192 -0.5977 -0.6109
vn 0.7961 0.4234 -0.4324
vn 0.8641 0.1781 0.4708
vn 0.0602 0.8646 0.4989
vn 0.3464 0.8412 0.4152
vn 0.3168 0.9483 0.0209
vn 0.0228 0.9997 0.0013
vn -0.1864 -0.6536 0.7336
vn -0.1197 -0.7332 0.6694
vn 0.2534 0.2970 0.9206
vn -0.0503 0.3766 0.9250
vn -0.2412 -0.8988 -0.3661
vn -0.3329 -0.8472 -0.4141
vn -0.3038 -0.9524 -0.0268
vn -0.2216 -0.9693 -0.1065
vn -0.1645 0.7888 -0.5923
vn 0.1336 0.7293 -0.6710
vn -0.2396 -0.3006 -0.9232
vn -0.3115 -0.2021 -0.9285
usemtl Material.024
f 1/1/1 2/2/1 3/3/1 4/4/1
f 2/2/2 5/5/2 6/6/2 3/3/2
f 3/3/3 6/6/3 7/7/3 8/8/3
f 4/4/4 3/3/4 8/8/4 9/9/4
f 9/9/5 8/8/5 10/10/5 11/11/5
f 8/8/6 7/7/6 12/12/6 10/10/6
f 10/10/7 12/12/7 13/13/7 14/14/7
f 11/11/8 10/10/8 14/14/8 15/15/8
f 15/15/9 14/14/9 16/16/9 17/17/9
f 14/14/10 13/13/10 18/18/10 16/16/10
f 16/16/11 18/18/11 19/19/11 20/20/11
f 17/17/12 16/16/12 20/20/12 21/21/12
f 21/21/13 20/20/13 22/22/13 23/23/13
f 20/20/14 19/19/14 24/24/14 22/22/14
f 22/22/15 24/24/15 5/25/15 2/26/15
f 23/23/16 22/22/16 2/26/16 1/27/16
f 25/28/17 26/29/17 27/30/17 28/31/17
f 26/29/18 29/32/18 30/33/18 27/30/18
f 27/30/19 30/33/19 31/34/19 32/35/19
f 28/31/20 27/30/20 32/35/20 33/36/20
f 13/13/21 12/37/21 34/38/21 18/18/21
f 12/37/22 7/39/22 6/40/22 34/38/22
f 34/38/23 6/40/23 5/41/23 24/42/23
f 18/18/24 34/38/24 24/42/24 19/19/24
f 31/34/25 35/43/25 36/44/25 32/45/25
f 35/43/26 21/21/26 23/23/26 36/44/26
f 36/44/27 23/23/27 1/27/27 37/46/27
f 32/45/28 36/44/28 37/46/28 33/47/28
f 29/32/29 38/48/29 39/49/29 30/33/29
f 38/48/30 15/15/30 17/17/30 39/49/30
f 39/49/31 17/17/31 21/21/31 35/43/31
f 30/33/32 39/49/32 35/43/32 31/34/32
f 25/50/33 40/51/33 41/52/33 26/53/33
f 40/51/34 9/9/34 11/11/34 41/52/34
f 41/52/35 11/11/35 15/15/35 38/48/35
f 26/53/36 41/52/36 38/48/36 29/32/36
f 33/54/37 37/55/37 42/56/37 28/57/37
f 37/55/38 1/1/38 4/4/38 42/56/38
f 42/56/39 4/4/39 9/9/39 40/51/39
f 28/57/40 42/56/40 40/51/40 25/50/40
f 43/58/41 44/59/41 45/60/41 46/61/41
f 44/59/42 47/62/42 48/63/42 45/60/42
f 45/60/43 48/63/43 49/64/43 50/65/43
f 46/61/44 45/60/44 50/65/44 51/66/44
f 51/66/45 50/65/45 52/67/45 53/68/45
f 50/65/46 49/64/46 54/69/46 52/67/46
f 52/67/47 54/69/47 55/70/47 56/71/47
f 53/68/48 52/67/48 56/71/48 57/72/48
f 57/72/49 56/71/49 58/73/49 59/74/49
f 56/71/50 55/70/50 60/75/50 58/73/50
f 58/73/51 60/75/51 61/76/51 62/77/51
f 59/74/52 58/73/52 62/77/52 63/78/52
f 63/78/53 62/77/53 64/79/53 65/80/53
f 62/77/54 61/76/54 66/81/54 64/79/54
f 64/79/55 66/81/55 47/82/55 44/83/55
f 65/80/56 64/79/56 44/83/56 43/84/56
f 67/85/57 68/86/57 69/87/57 70/88/57
f 68/86/58 71/89/58 72/90/58 69/87/58
f 69/87/59 72/90/59 73/91/59 74/92/59
f 70/88/60 69/87/60 74/92/60 75/93/60
f 55/70/61 54/94/61 76/95/61 60/75/61
f 54/94/62 49/96/62 48/97/62 76/95/62
f 76/95/63 48/97/63 47/98/63 66/99/63
f 60/75/64 76/95/64 66/99/64 61/76/64
f 73/91/65 77/100/65 78/101/65 74/102/65
f 77/100/66 63/78/66 65/80/66 78/101/66
f 78/101/67 65/80/67 43/84/67 79/103/67
f 74/102/68 78/101/68 79/103/68 75/104/68
f 71/89/69 80/105/69 81/106/69 72/90/69
f 80/105/70 57/72/70 59/74/70 81/106/70
f 81/106/71 59/74/71 63/78/71 77/100/71
f 72/90/72 81/106/72 77/100/72 73/91/72
f 67/107/73 82/108/73 83/109/73 68/110/73
f 82/108/74 51/66/74 53/68/74 83/109/74
f 83/109/75 53/68/75 57/72/75 80/105/75
f 68/110/76 83/109/76 80/105/76 71/89/76
f 75/111/77 79/112/77 84/113/77 70/114/77
f 79/112/78 43/58/78 46/61/78 84/113/78
f 84/113/79 46/61/79 51/66/79 82/108/79
f 70/114/80 84/113/80 82/108/80 67/107/80
f 85/115/81 86/116/81 87/117/81 88/118/81
f 86/116/82 89/119/82 90/120/82 87/117/82
f 87/117/83 90/120/83 91/121/83 92/122/83
f 88/118/84 87/117/84 92/122/84 93/123/84
f 93/123/85 92/122/85 94/124/85 95/125/85
f 92/122/86 91/121/86 96/126/86 94/124/86
f 94/124/87 96/126/87 97/127/87 98/128/87
f 95/125/88 94/124/88 98/128/88 99/129/88
f 99/129/89 98/128/89 100/130/89 101/131/89
f 98/128/90 97/127/90 102/132/90 100/130/90
f 100/130/91 102/132/91 103/133/91 104/134/91
f 101/131/92 100/130/92 104/134/92 105/135/92
f 105/135/93 104/134/93 106/136/93 107/137/93
f 104/134/94 103/133/94 108/138/94 106/136/94
f 106/136/95 108/138/95 89/139/95 86/140/95
f 107/137/96 106/136/96 86/140/96 85/141/96
f 109/142/97 110/143/97 111/144/97 112/145/97
f 110/143/98 113/146/98 114/147/98 111/144/98
f 111/144/99 114/147/99 115/148/99 116/149/99
f 112/145/100 111/144/100 116/149/100 117/150/100
f 97/127/101 96/151/101 118/152/101 102/132/101
f 96/151/102 91/153/102 90/154/102 118/152/102
f 118/152/103 90/154/103 89/155/103 108/156/103
f 102/132/104 118/152/104 108/156/104 103/133/104
f 115/148/105 119/157/105 120/158/105 116/159/105
f 119/157/106 105/135/106 107/137/106 120/158/106
f 120/158/107 107/137/107 85/141/107 121/160/107
f 116/159/108 120/158/108 121/160/108 117/161/108
f 113/146/109 122/162/109 123/163/109 114/147/109
f 122/162/110 99/129/110 101/131/110 123/163/110
f 123/163/111 101/131/111 105/135/111 119/157/111
f 114/147/112 123/163/112 119/157/112 115/148/112
f 109/164/113 124/165/113 125/166/113 110/167/113
f 124/165/114 93/123/114 95/125/114 125/166/114
f 125/166/115 95/125/115 99/129/115 122/162/115
f 110/167/116 125/166/116 122/162/116 113/146/116
f 117/168/117 121/169/117 126/170/117 112/171/117
f 121/169/118 85/115/118 88/118/118 126/170/118
f 126/170/119 88/118/119 93/123/119 124/165/119
f 112/171/120 126/170/120 124/165/120 109/164/120
f 127/172/121 128/173/121 129/174/121 130/175/121
f 128/173/122 131/176/122 132/177/122 129/174/122
f 129/174/123 132/177/123 133/178/123 134/179/123
f 130/175/124 129/174/124 134/179/124 135/180/124
f 135/180/125 134/179/125 136/181/125 137/182/125
f 134/179/126 133/178/126 138/183/126 136/181/126
f 136/181/127 138/183/127 139/184/127 140/185/127
f 137/182/128 136/181/128 140/185/128 141/186/128
f 141/186/129 140/185/129 142/187/129 143/188/129
f 140/185/130 139/184/130 144/189/130 142/187/130
f 142/187/131 144/189/131 145/190/131 146/191/131
f 143/188/132 142/187/132 146/191/132 147/192/132
f 147/192/133 146/191/133 148/193/133 149/194/133
f 146/191/134 145/190/134 150/195/134 148/193/134
f 148/193/135 150/195/135 131/196/135 128/197/135
f 149/194/136 148/193/136 128/197/136 127/198/136
f 151/199/137 152/200/137 153/201/137 154/202/137
f 152/200/138 155/203/138 156/204/138 153/201/138
f 153/201/139 156/204/139 157/205/139 158/206/139
f 154/202/140 153/201/140 158/206/140 159/207/140
f 139/184/141 138/208/141 160/209/141 144/189/141
f 138/208/142 133/210/142 132/211/142 160/209/142
f 160/209/143 132/211/143 131/212/143 150/213/143
f 144/189/144 160/209/144 150/213/144 145/190/144
f 157/205/145 161/214/145 162/215/145 158/216/145
f 161/214/146 147/192/146 149/194/146 162/215/146
f 162/215/147 149/194/147 127/198/147 163/217/147
f 158/216/148 162/215/148 163/217/148 159/218/148
f 155/203/149 164/219/149 165/220/149 156/204/149
f 164/219/150 141/186/150 143/188/150 165/220/150
f 165/220/151 143/188/151 147/192/151 161/214/151
f 156/204/152 165/220/152 161/214/152 157/205/152
f 151/221/153 166/222/153 167/223/153 152/224/153
f 166/222/154 135/180/154 137/182/154 167/223/154
f 167/223/155 137/182/155 141/186/155 164/219/155
f 152/224/156 167/223/156 164/219/156 155/203/156
f 159/225/157 163/226/157 168/227/157 154/228/157
f 163/226/158 127/172/158 130/175/158 168/227/158
f 168/227/159 130/175/159 135/180/159 166/222/159
f 154/228/160 168/227/160 166/222/160 151/221/160
f 169/229/161 170/230/161 171/231/161 172/232/161
f 170/230/162 173/233/162 174/234/162 171/231/162
f 171/231/163 174/234/163 175/235/163 176/236/163
f 172/232/164 171/231/164 176/236/164 177/237/164
f 177/237/165 176/236/165 178/238/165 179/239/165
f 176/236/166 175/235/166 180/240/166 178/238/166
f 178/238/167 180/240/167 181/241/167 182/242/167
f 179/239/168 178/238/168 182/242/168 183/243/168
f 183/243/169 182/242/169 184/244/169 185/245/169
f 182/242/170 181/241/170 186/246/170 184/244/170
f 184/244/171 186/246/171 187/247/171 188/248/171
f 185/245/172 184/244/172 188/248/172 189/249/172
f 189/249/173 188/248/173 190/250/173 191/251/173
f 188/248/174 187/247/174 192/252/174 190/250/174
f 190/250/175 192/252/175 173/253/175 170/254/175
f 191/251/176 190/250/176 170/254/176 169/255/176
f 193/256/177 194/257/177 195/258/177 196/259/177
f 194/257/178 197/260/178 198/261/178 195/258/178
f 195/258/179 198/261/179 199/262/179 200/263/179
f 196/259/180 195/258/180 200/263/180 201/264/180
f 181/241/181 180/265/181 202/266/181 186/246/181
f 180/265/182 175/267/182 174/268/182 202/266/182
f 202/266/183 174/268/183 173/269/183 192/270/183
f 186/246/184 202/266/184 192/270/184 187/247/184
f 199/262/185 203/271/185 204/272/185 200/273/185
f 203/271/186 189/249/186 191/251/186 204/272/186
f 204/272/187 191/251/187 169/255/187 205/274/187
f 200/273/188 204/272/188 205/274/188 201/275/188
f 197/260/189 206/276/189 207/277/189 198/261/189
f 206/276/190 183/243/190 185/245/190 207/277/190
f 207/277/191 185/245/191 189/249/191 203/271/191
f 198/261/192 207/277/192 203/271/192 199/262/192
f 193/278/193 208/279/193 209/280/193 194/281/193
f 208/279/194 177/237/194 179/239/194 209/280/194
f 209/280/195 179/239/195 183/243/195 206/276/195
f 194/281/196 209/280/196 206/276/196 197/260/196
f 201/282/197 205/283/197 210/284/197 196/285/197
f 205/283/198 169/229/198 172/232/198 210/284/198
f 210/284/199 172/232/199 177/237/199 208/279/199
f 196/285/200 210/284/200 208/279/200 193/278/200
f 211/286/201 212/287/201 213/288/201 214/289/201
f 212/287/202 215/290/202 216/291/202 213/288/202
f 213/288/203 216/291/203 217/292/203 218/293/203
f 214/289/204 213/288/204 218/293/204 219/294/204
f 219/294/205 218/293/205 220/295/205 221/296/205
f 218/293/206 217/292/206 222/297/206 220/295/206
f 220/295/207 222/297/207 223/298/207 224/299/207
f 221/296/208 220/295/208 224/299/208 225/300/208
f 225/300/209 224/299/209 226/301/209 227/302/209
f 224/299/210 223/298/210 228/303/210 226/301/210
f 226/301/211 228/303/211 229/304/211 230/305/211
f 227/302/212 226/301/212 230/305/212 231/306/212
f 231/306/213 230/305/213 232/307/213 233/308/213
f 230/305/214 229/304/214 234/309/214 232/307/214
f 232/307/215 234/309/215 215/310/215 212/311/215
f 233/308/216 232/307/216 212/311/216 211/312/216
f 235/313/217 236/314/217 237/315/217 238/316/217
f 236/314/218 239/317/218 240/318/218 237/315/218
f 237/315/219 240/318/219 241/319/219 242/320/219
f 238/316/220 237/315/220 242/320/220 243/321/220
f 223/298/221 222/322/221 244/323/221 228/303/221
f 222/322/222 217/324/222 216/325/222 244/323/222
f 244/323/223 216/325/223 215/326/223 234/327/223
f 228/303/224 244/323/224 234/327/224 229/304/224
f 241/319/225 245/328/225 246/329/225 242/330/225
f 245/328/226 231/306/226 233/308/226 246/329/226
f 246/329/227 233/308/227 211/312/227 247/331/227
f 242/330/228 246/329/228 247/331/228 243/332/228
f 239/317/229 248/333/229 249/334/229 240/318/229
f 248/333/230 225/300/230 227/302/230 249/334/230
f 249/334/231 227/302/231 231/306/231 245/328/231
f 240/318/232 249/334/232 245/328/232 241/319/232
f 235/335/233 250/336/233 251/337/233 236/338/233
f 250/336/234 219/294/234 221/296/234 251/337/234
f 251/337/235 221/296/235 225/300/235 248/333/235
f 236/338/236 251/337/236 248/333/236 239/317/236
f 243/339/237 247/340/237 252/341/237 238/342/237
f 247/340/238 211/286/238 214/289/238 252/341/238
f 252/341/239 214/289/239 219/294/239 250/336/239
f 238/342/240 252/341/240 250/336/240 235/335/240
f 253/343/241 254/344/241 255/345/241 256/346/241
f 254/344/242 257/347/242 258/348/242 255/345/242
f 255/345/243 258/348/243 259/349/243 260/350/243
f 256/346/244 255/345/244 260/350/244 261/351/244
f 261/351/245 260/350/245 262/352/245 263/353/245
f 260/350/246 259/349/246 264/354/246 262/352/246
f 262/352/247 264/354/247 265/355/247 266/356/247
f 263/353/248 262/352/248 266/356/248 267/357/248
f 267/357/249 266/356/249 268/358/249 269/359/249
f 266/356/250 265/355/250 270/360/250 268/358/250
f 268/358/251 270/360/251 271/361/251 272/362/251
f 269/359/252 268/358/252 272/362/252 273/363/252
f 273/363/253 272/362/253 274/364/253 275/365/253
f 272/362/254 271/361/254 276/366/254 274/364/254
f 274/364/255 276/366/255 257/367/255 254/368/255
f 275/365/256 274/364/256 254/368/256 253/369/256
f 277/370/257 278/371/257 279/372/257 280/373/257
f 278/371/258 281/374/258 282/375/258 279/372/258
f 279/372/259 282/375/259 283/376/259 284/377/259
f 280/373/260 279/372/260 284/377/260 285/378/260
f 265/355/261 264/379/261 286/380/261 270/360/261
f 264/379/262 259/381/262 258/382/262 286/380/262
f 286/380/263 258/382/263 257/383/263 276/384/263
f 270/360/264 286/380/264 276/384/264 271/361/264
f 283/376/265 287/385/265 288/386/265 284/387/265
f 287/385/266 273/363/266 275/365/266 288/386/266
f 288/386/267 275/365/267 253/369/267 289/388/267
f 284/387/268 288/386/268 289/388/268 285/389/268
f 281/374/269 290/390/269 291/391/269 282/375/269
f 290/390/270 267/357/270 269/359/270 291/391/270
f 291/391/271 269/359/271 273/363/271 287/385/271
f 282/375/272 291/391/272 287/385/272 283/376/272
f 277/392/273 292/393/273 293/394/273 278/395/273
f 292/393/274 261/351/274 263/353/274 293/394/274
f 293/394/275 263/353/275 267/357/275 290/390/275
f 278/395/276 293/394/276 290/390/276 281/374/276
f 285/396/277 289/397/277 294/398/277 280/399/277
f 289/397/278 253/343/278 256/346/278 294/398/278
f 294/398/279 256/346/279 261/351/279 292/393/279
f 280/399/280 294/398/280 292/393/280 277/392/280
f 295/400/281 296/401/281 297/402/281 298/403/281
f 296/401/282 299/404/282 300/405/282 297/402/282
f 297/402/283 300/405/283 301/406/283 302/407/283
f 298/403/284 297/402/284 302/407/284 303/408/284
f 303/408/285 302/407/285 304/409/285 305/410/285
f 302/407/286 301/406/286 306/411/286 304/409/286
f 304/409/287 306/411/287 307/412/287 308/413/287
f 305/410/288 304/409/288 308/413/288 309/414/288
f 309/414/289 308/413/289 310/415/289 311/416/289
f 308/413/290 307/412/290 312/417/290 310/415/290
f 310/415/291 312/417/291 313/418/291 314/419/291
f 311/416/292 310/415/292 314/419/292 315/420/292
f 315/420/293 314/419/293 316/421/293 317/422/293
f 314/419/294 313/418/294 318/423/294 316/421/294
f 316/421/295 318/423/295 299/424/295 296/425/295
f 317/422/296 316/421/296 296/425/296 295/426/296
f 319/427/297 320/428/297 321/429/297 322/430/297
f 320/428/298 323/431/298 324/432/298 321/429/298
f 321/429/299 324/432/299 325/433/299 326/434/299
f 322/430/300 321/429/300 326/434/300 327/435/300
f 307/412/301 306/436/301 328/437/301 312/417/301
f 306/436/302 301/438/302 300/439/302 328/437/302
f 328/437/303 300/439/303 299/440/303 318/441/303
f 312/417/304 328/437/304 318/441/304 313/418/304
f 325/433/305 329/442/305 330/443/305 326/444/305
f 329/442/306 315/420/306 317/422/306 330/443/306
f 330/443/307 317/422/307 295/426/307 331/445/307
f 326/444/308 330/443/308 331/445/308 327/446/308
f 323/431/309 332/447/309 333/448/309 324/432/309
f 332/447/310 309/414/310 311/416/310 333/448/310
f 333/448/311 311/416/311 315/420/311 329/442/311
f 324/432/312 333/448/312 329/442/312 325/433/312
f 319/449/313 334/450/313 335/451/313 320/452/313
f 334/450/314 303/408/314 305/410/314 335/451/314
f 335/451/315 305/410/315 309/414/315 332/447/315
f 320/452/316 335/451/316 332/447/316 323/431/316
f 327/453/317 331/454/317 336/455/317 322/456/317
f 331/454/318 295/400/318 298/403/318 336/455/318
f 336/455/319 298/403/319 303/408/319 334/450/319
f 322/456/320 336/455/320 334/450/320 319/449/320
f 337/457/321 338/458/321 339/459/321 340/460/321
f 338/458/322 341/461/322 342/462/322 339/459/322
f 339/459/323 342/462/323 343/463/323 344/464/323
f 340/460/324 339/459/324 344/464/324 345/465/324
f 345/465/325 344/464/325 346/466/325 347/467/325
f 344/464/326 343/463/326 348/468/326 346/466/326
f 346/466/327 348/468/327 349/469/327 350/470/327
f 347/467/328 346/466/328 350/470/328 351/471/328
f 351/471/329 350/470/329 352/472/329 353/473/329
f 350/470/330 349/469/330 354/474/330 352/472/330
f 352/472/331 354/474/331 355/475/331 356/476/331
f 353/473/332 352/472/332 356/476/332 357/477/332
f 357/477/333 356/476/333 358/478/333 359/479/333
f 356/476/334 355/475/334 360/480/334 358/478/334
f 358/478/335 360/480/335 341/481/335 338/482/335
f 359/479/336 358/478/336 338/482/336 337/483/336
f 361/484/337 362/485/337 363/486/337 364/487/337
f 362/485/338 365/488/338 366/489/338 363/486/338
f 363/486/339 366/489/339 367/490/339 368/491/339
f 364/487/340 363/486/340 368/491/340 369/492/340
f 349/469/341 348/493/341 370/494/341 354/474/341
f 348/493/342 343/495/342 342/496/342 370/494/342
f 370/494/343 342/496/343 341/497/343 360/498/343
f 354/474/344 370/494/344 360/498/344 355/475/344
f 367/490/345 371/499/345 372/500/345 368/501/345
f 371/499/346 357/477/346 359/479/346 372/500/346
f 372/500/347 359/479/347 337/483/347 373/502/347
f 368/501/348 372/500/348 373/502/348 369/503/348
f 365/488/349 374/504/349 375/505/349 366/489/349
f 374/504/350 351/471/350 353/473/350 375/505/350
f 375/505/351 353/473/351 357/477/351 371/499/351
f 366/489/352 375/505/352 371/499/352 367/490/352
f 361/506/353 376/507/353 377/508/353 362/509/353
f 376/507/354 345/465/354 347/467/354 377/508/354
f 377/508/355 347/467/355 351/471/355 374/504/355
f 362/509/356 377/508/356 374/504/356 365/488/356
f 369/510/357 373/511/357 378/512/357 364/513/357
f 373/511/358 337/457/358 340/460/358 378/512/358
f 378/512/359 340/460/359 345/465/359 376/507/359
f 364/513/360 378/512/360 376/507/360 361/506/360
f 379/514/361 380/515/361 381/516/361 382/517/361
f 380/515/362 383/518/362 384/519/362 381/516/362
f 381/516/363 384/519/363 385/520/363 386/521/363
f 382/517/364 381/516/364 386/521/364 387/522/364
f 387/522/365 386/521/365 388/523/365 389/524/365
f 386/521/366 385/520/366 390/525/366 388/523/366
f 388/523/367 390/525/367 391/526/367 392/527/367
f 389/524/368 388/523/368 392/527/368 393/528/368
f 393/528/369 392/527/369 394/529/369 395/530/369
f 392/527/370 391/526/370 396/531/370 394/529/370
f 394/529/371 396/531/371 397/532/371 398/533/371
f 395/530/372 394/529/372 398/533/372 399/534/372
f 399/534/373 398/533/373 400/535/373 401/536/373
f 398/533/374 397/532/374 402/537/374 400/535/374
f 400/535/375 402/537/375 383/538/375 380/539/375
f 401/536/376 400/535/376 380/539/376 379/540/376
f 403/541/377 404/542/377 405/543/377 406/544/377
f 404/542/378 407/545/378 408/546/378 405/543/378
f 405/543/379 408/546/379 409/547/379 410/548/379
f 406/544/380 405/543/380 410/548/380 411/549/380
f 391/526/381 390/550/381 412/551/381 396/531/381
f 390/550/382 385/552/382 384/553/382 412/551/382
f 412/551/383 384/553/383 383/554/383 402/555/383
f 396/531/384 412/551/384 402/555/384 397/532/384
f 409/547/385 413/556/385 414/557/385 410/558/385
f 413/556/386 399/534/386 401/536/386 414/557/386
f 414/557/387 401/536/387 379/540/387 415/559/387
f 410/558/388 414/557/388 415/559/388 411/560/388
f 407/545/389 416/561/389 417/562/389 408/546/389
f 416/561/390 393/528/390 395/530/390 417/562/390
f 417/562/391 395/530/391 399/534/391 413/556/391
f 408/546/392 417/562/392 413/556/392 409/547/392
f 403/563/393 418/564/393 419/565/393 404/566/393
f 418/564/394 387/522/394 389/524/394 419/565/394
f 419/565/395 389/524/395 393/528/395 416/561/395
f 404/566/396 419/565/396 416/561/396 407/545/396
f 411/567/397 415/568/397 420/569/397 406/570/397
f 415/568/398 379/514/398 382/517/398 420/569/398
f 420/569/399 382/517/399 387/522/399 418/564/399
f 406/570/400 420/569/400 418/564/400 403/563/400
f 421/571/401 422/572/401 423/573/401 424/574/401
f 422/572/402 425/575/402 426/576/402 423/573/402
f 423/573/403 426/576/403 427/577/403 428/578/403
f 424/574/404 423/573/404 428/578/404 429/579/404
f 429/579/405 428/578/405 430/580/405 431/581/405
f 428/578/406 427/577/406 432/582/406 430/580/406
f 430/580/407 432/582/407 433/583/407 434/584/407
f 431/581/408 430/580/408 434/584/408 435/585/408
f 435/585/409 434/584/409 436/586/409 437/587/409
f 434/584/410 433/583/410 438/588/410 436/586/410
f 436/586/411 438/588/411 439/589/411 440/590/411
f 437/587/412 436/586/412 440/590/412 441/591/412
f 441/591/413 440/590/413 442/592/413 443/593/413
f 440/590/414 439/589/414 444/594/414 442/592/414
f 442/592/415 444/594/415 425/595/415 422/596/415
f 443/593/416 442/592/416 422/596/416 421/597/416
f 445/598/417 446/599/417 447/600/417 448/601/417
f 446/599/418 449/602/418 450/603/418 447/600/418
f 447/600/419 450/603/419 451/604/419 452/605/419
f 448/601/420 447/600/420 452/605/420 453/606/420
f 433/583/421 432/607/421 454/608/421 438/588/421
f 432/607/422 427/609/422 426/610/422 454/608/422
f 454/608/423 426/610/423 425/611/423 444/612/423
f 438/588/424 454/608/424 444/612/424 439/589/424
f 451/604/425 455/613/425 456/614/425 452/615/425
f 455/613/426 441/591/426 443/593/426 456/614/426
f 456/614/427 443/593/427 421/597/427 457/616/427
f 452/615/428 456/614/428 457/616/428 453/617/428
f 449/602/429 458/618/429 459/619/429 450/603/429
f 458/618/430 435/585/430 437/587/430 459/619/430
f 459/619/431 437/587/431 441/591/431 455/613/431
f 450/603/432 459/619/432 455/613/432 451/604/432
f 445/620/433 460/621/433 461/622/433 446/623/433
f 460/621/434 429/579/434 431/581/434 461/622/434
f 461/622/435 431/581/435 435/585/435 458/618/435
f 446/623/436 461/622/436 458/618/436 449/602/436
f 453/624/437 457/625/437 462/626/437 448/627/437
f 457/625/438 421/571/438 424/574/438 462/626/438
f 462/626/439 424/574/439 429/579/439 460/621/439
f 448/627/440 462/626/440 460/621/440 445/620/440
f 463/628/441 464/629/441 465/630/441 466/631/441
f 464/629/442 467/632/442 468/633/442 465/630/442
f 465/630/443 468/633/443 469/634/443 470/635/443
f 466/631/444 465/630/444 470/635/444 471/636/444
f 471/636/445 470/635/445 472/637/445 473/638/445
f 470/635/446 469/634/446 474/639/446 472/637/446
f 472/637/447 474/639/447 475/640/447 476/641/447
f 473/638/448 472/637/448 476/641/448 477/642/448
f 477/642/449 476/641/449 478/643/449 479/644/449
f 476/641/450 475/640/450 480/645/450 478/643/450
f 478/643/451 480/645/451 481/646/451 482/647/451
f 479/644/452 478/643/452 482/647/452 483/648/452
f 483/648/453 482/647/453 484/649/453 485/650/453
f 482/647/454 481/646/454 486/651/454 484/649/454
f 484/649/455 486/651/455 467/652/455 464/653/455
f 485/650/456 484/649/456 464/653/456 463/654/456
f 487/655/457 488/656/457 489/657/457 490/658/457
f 488/656/458 491/659/458 492/660/458 489/657/458
f 489/657/459 492/660/459 493/661/459 494/662/459
f 490/658/460 489/657/460 494/662/460 495/663/460
f 475/640/461 474/664/461 496/665/461 480/645/461
f 474/664/462 469/666/462 468/667/462 496/665/462
f 496/665/463 468/667/463 467/668/463 486/669/463
f 480/645/464 496/665/464 486/669/464 481/646/464
f 493/661/465 497/670/465 498/671/465 494/672/465
f 497/670/466 483/648/466 485/650/466 498/671/466
f 498/671/467 485/650/467 463/654/467 499/673/467
f 494/672/468 498/671/468 499/673/468 495/674/468
f 491/659/469 500/675/469 501/676/469 492/660/469
f 500/675/470 477/642/470 479/644/470 501/676/470
f 501/676/471 479/644/471 483/648/471 497/670/471
f 492/660/472 501/676/472 497/670/472 493/661/472
f 487/677/473 502/678/473 503/679/473 488/680/473
f 502/678/474 471/636/474 473/638/474 503/679/474
f 503/679/475 473/638/475 477/642/475 500/675/475
f 488/680/476 503/679/476 500/675/476 491/659/476
f 495/681/477 499/682/477 504/683/477 490/684/477
f 499/682/478 463/628/478 466/631/478 504/683/478
f 504/683/479 466/631/479 471/636/479 502/678/479
f 490/684/480 504/683/480 502/678/480 487/677/480
f 505/685/481 506/686/481 507/687/481 508/688/481
f 506/686/482 509/689/482 510/690/482 507/687/482
f 507/687/483 510/690/483 511/691/483 512/692/483
f 508/688/484 507/687/484 512/692/484 513/693/484
f 513/693/485 512/692/485 514/694/485 515/695/485
f 512/692/486 511/691/486 516/696/486 514/694/486
f 514/694/487 516/696/487 517/697/487 518/698/487
f 515/695/488 514/694/488 518/698/488 519/699/488
f 519/699/489 518/698/489 520/700/489 521/701/489
f 518/698/490 517/697/490 522/702/490 520/700/490
f 520/700/491 522/702/491 523/703/491 524/704/491
f 521/701/492 520/700/492 524/704/492 525/705/492
f 525/705/493 524/704/493 526/706/493 527/707/493
f 524/704/494 523/703/494 528/708/494 526/706/494
f 526/706/495 528/708/495 509/709/495 506/710/495
f 527/707/496 526/706/496 506/710/496 505/711/496
f 529/712/497 530/713/497 531/714/497 532/715/497
f 530/713/498 533/716/498 534/717/498 531/714/498
f 531/714/499 534/717/499 535/718/499 536/719/499
f 532/715/500 531/714/500 536/719/500 537/720/500
f 517/697/501 516/721/501 538/722/501 522/702/501
f 516/721/502 511/723/502 510/724/502 538/722/502
f 538/722/503 510/724/503 509/725/503 528/726/503
f 522/702/504 538/722/504 528/726/504 523/703/504
f 535/718/505 539/727/505 540/728/505 536/729/505
f 539/727/506 525/705/506 527/707/506 540/728/506
f 540/728/507 527/707/507 505/711/507 541/730/507
f 536/729/508 540/728/508 541/730/508 537/731/508
f 533/716/509 542/732/509 543/733/509 534/717/509
f 542/732/510 519/699/510 521/701/510 543/733/510
f 543/733/511 521/701/511 525/705/511 539/727/511
f 534/717/512 543/733/512 539/727/512 535/718/512
f 529/734/513 544/735/513 545/736/513 530/737/513
f 544/735/514 513/693/514 515/695/514 545/736/514
f 545/736/515 515/695/515 519/699/515 542/732/515
f 530/737/516 545/736/516 542/732/516 533/716/516
f 537/738/517 541/739/517 546/740/517 532/741/517
f 541/739/518 505/685/518 508/688/518 546/740/518
f 546/740/519 508/688/519 513/693/519 544/735/519
f 532/741/520 546/740/520 544/735/520 529/734/520
f 547/742/521 548/743/521 549/744/521 550/745/521
f 548/743/522 551/746/522 552/747/522 549/744/522
f 549/744/523 552/747/523 553/748/523 554/749/523
f 550/745/524 549/744/524 554/749/524 555/750/524
f 555/750/525 554/749/525 556/751/525 557/752/525
f 554/749/526 553/748/526 558/753/526 556/751/526
f 556/751/527 558/753/527 559/754/527 560/755/527
f 557/752/528 556/751/528 560/755/528 561/756/528
f 561/756/529 560/755/529 562/757/529 563/758/529
f 560/755/530 559/754/530 564/759/530 562/757/530
f 562/757/531 564/759/531 565/760/531 566/761/531
f 563/758/532 562/757/532 566/761/532 567/762/532
f 567/762/533 566/761/533 568/763/533 569/764/533
f 566/761/534 565/760/534 570/765/534 568/763/534
f 568/763/535 570/765/535 551/766/535 548/767/535
f 569/764/536 568/763/536 548/767/536 547/768/536
f 571/769/537 572/770/537 573/771/537 574/772/537
f 572/770/538 575/773/538 576/774/538 573/771/538
f 573/771/539 576/774/539 577/775/539 578/776/539
f 574/772/540 573/771/540 578/776/540 579/777/540
f 559/754/541 558/778/541 580/779/541 564/759/541
f 558/778/542 553/780/542 552/781/542 580/779/542
f 580/779/543 552/781/543 551/782/543 570/783/543
f 564/759/544 580/779/544 570/783/544 565/760/544
f 577/775/545 581/784/545 582/785/545 578/786/545
f 581/784/546 567/762/546 569/764/546 582/785/546
f 582/785/547 569/764/547 547/768/547 583/787/547
f 578/786/548 582/785/548 583/787/548 579/788/548
f 575/773/549 584/789/549 585/790/549 576/774/549
f 584/789/550 561/756/550 563/758/550 585/790/550
f 585/790/551 563/758/551 567/762/551 581/784/551
f 576/774/552 585/790/552 581/784/552 577/775/552
f 571/791/553 586/792/553 587/793/553 572/794/553
f 586/792/554 555/750/554 557/752/554 587/793/554
f 587/793/555 557/752/555 561/756/555 584/789/555
f 572/794/556 587/793/556 584/789/556 575/773/556
f 579/795/557 583/796/557 588/797/557 574/798/557
f 583/796/558 547/742/558 550/745/558 588/797/558
f 588/797/559 550/745/559 555/750/559 586/792/559
f 574/798/560 588/797/560 586/792/560 571/791/560
f 589/799/561 590/800/561 591/801/561 592/802/561
f 590/800/562 593/803/562 594/804/562 591/801/562
f 591/801/563 594/804/563 595/805/563 596/806/563
f 592/802/564 591/801/564 596/806/564 597/807/564
f 597/807/565 596/806/565 598/808/565 599/809/565
f 596/806/566 595/805/566 600/810/566 598/808/566
f 598/808/567 600/810/567 601/811/567 602/812/567
f 599/809/568 598/808/568 602/812/568 603/813/568
f 603/813/569 602/812/569 604/814/569 605/815/569
f 602/812/570 601/811/570 606/816/570 604/814/570
f 604/814/571 606/816/571 607/817/571 608/818/571
f 605/815/572 604/814/572 608/818/572 609/819/572
f 609/819/573 608/818/573 610/820/573 611/821/573
f 608/818/574 607/817/574 612/822/574 610/820/574
f 610/820/575 612/822/575 593/823/575 590/824/575
f 611/821/576 610/820/576 590/824/576 589/825/576
f 613/826/577 614/827/577 615/828/577 616/829/577
f 614/827/578 617/830/578 618/831/578 615/828/578
f 615/828/579 618/831/579 619/832/579 620/833/579
f 616/829/580 615/828/580 620/833/580 621/834/580
f 601/811/581 600/835/581 622/836/581 606/816/581
f 600/835/582 595/837/582 594/838/582 622/836/582
f 622/836/583 594/838/583 593/839/583 612/840/583
f 606/816/584 622/836/584 612/840/584 607/817/584
f 619/832/585 623/841/585 624/842/585 620/843/585
f 623/841/586 609/819/586 611/821/586 624/842/586
f 624/842/587 611/821/587 589/825/587 625/844/587
f 620/843/588 624/842/588 625/844/588 621/845/588
f 617/830/589 626/846/589 627/847/589 618/831/589
f 626/846/590 603/813/590 605/815/590 627/847/590
f 627/847/591 605/815/591 609/819/591 623/841/591
f 618/831/592 627/847/592 623/841/592 619/832/592
f 613/848/593 628/849/593 629/850/593 614/851/593
f 628/849/594 597/807/594 599/809/594 629/850/594
f 629/850/595 599/809/595 603/813/595 626/846/595
f 614/851/596 629/850/596 626/846/596 617/830/596
f 621/852/597 625/853/597 630/854/597 616/855/597
f 625/853/598 589/799/598 592/802/598 630/854/598
f 630/854/599 592/802/599 597/807/599 628/849/599
f 616/855/600 630/854/600 628/849/600 613/848/600
f 631/856/601 632/857/601 633/858/601 634/859/601
f 632/857/602 635/860/602 636/861/602 633/858/602
f 633/858/603 636/861/603 637/862/603 638/863/603
f 634/859/604 633/858/604 638/863/604 639/864/604
f 639/864/605 638/863/605 640/865/605 641/866/605
f 638/863/606 637/862/606 642/867/606 640/865/606
f 640/865/607 642/867/607 643/868/607 644/869/607
f 641/866/608 640/865/608 644/869/608 645/870/608
f 645/870/609 644/869/609 646/871/609 647/872/609
f 644/869/610 643/868/610 648/873/610 646/871/610
f 646/871/611 648/873/611 649/874/611 650/875/611
f 647/872/612 646/871/612 650/875/612 651/876/612
f 651/876/613 650/875/613 652/877/613 653/878/613
f 650/875/614 649/874/614 654/879/614 652/877/614
f 652/877/615 654/879/615 635/880/615 632/881/615
f 653/878/616 652/877/616 632/881/616 631/882/616
f 655/883/617 656/884/617 657/885/617 658/886/617
f 656/884/618 659/887/618 660/888/618 657/885/618
f 657/885/619 660/888/619 661/889/619 662/890/619
f 658/886/620 657/885/620 662/890/620 663/891/620
f 643/868/621 642/892/621 664/893/621 648/873/621
f 642/892/622 637/894/622 636/895/622 664/893/622
f 664/893/623 636/895/623 635/896/623 654/897/623
f 648/873/624 664/893/624 654/897/624 649/874/624
f 661/889/625 665/898/625 666/899/625 662/900/625
f 665/898/626 651/876/626 653/878/626 666/899/626
f 666/899/627 653/878/627 631/882/627 667/901/627
f 662/900/628 666/899/628 667/901/628 663/902/628
f 659/887/629 668/903/629 669/904/629 660/888/629
f 668/903/630 645/870/630 647/872/630 669/904/630
f 669/904/631 647/872/631 651/876/631 665/898/631
f 660/888/632 669/904/632 665/898/632 661/889/632
f 655/905/633 670/906/633 671/907/633 656/908/633
f 670/906/634 639/864/634 641/866/634 671/907/634
f 671/907/635 641/866/635 645/870/635 668/903/635
f 656/908/636 671/907/636 668/903/636 659/887/636
f 663/909/637 667/910/637 672/911/637 658/912/637
f 667/910/638 631/856/638 634/859/638 672/911/638
f 672/911/639 634/859/639 639/864/639 670/906/639
f 658/912/640 672/911/640 670/906/640 655/905/640
usemtl Material.023
f 673/913/641 674/914/641 675/915/641 676/916/641
f 674/914/642 677/917/642 678/918/642 675/915/642
f 675/915/643 678/918/643 679/919/643 680/920/643
f 676/916/644 675/915/644 680/920/644 681/921/644
f 682/922/645 683/923/645 684/924/645 685/925/645
f 683/923/646 686/926/646 687/927/646 684/924/646
f 684/924/647 687/927/647 688/928/647 689/929/647
f 685/925/648 684/924/648 689/929/648 690/930/648
f 691/931/649 692/932/649 693/933/649 694/934/649
f 692/932/650 695/935/650 696/936/650 693/933/650
f 693/933/651 696/936/651 697/937/651 698/938/651
f 694/934/652 693/933/652 698/938/652 699/939/652
f 695/935/653 700/940/653 701/941/653 696/936/653
f 700/940/654 702/942/654 703/943/654 701/941/654
f 701/941/655 703/943/655 704/944/655 705/945/655
f 696/936/656 701/941/656 705/945/656 697/937/656
f 702/942/657 706/946/657 707/947/657 703/943/657
f 706/946/658 708/948/658 709/949/658 707/947/658
f 707/947/659 709/949/659 710/950/659 711/951/659
f 703/943/660 707/947/660 711/951/660 704/944/660
f 708/948/661 712/952/661 713/953/661 709/949/661
f 712/952/662 691/931/662 694/934/662 713/953/662
f 713/953/663 694/934/663 699/939/663 714/954/663
f 709/949/664 713/953/664 714/954/664 710/950/664
f 715/955/665 716/956/665 717/957/665 718/958/665
f 716/956/666 719/959/666 720/960/666 717/957/666
f 717/957/667 720/960/667 695/935/667 692/932/667
f 718/958/668 717/957/668 692/932/668 691/931/668
f 719/959/669 721/961/669 722/962/669 720/960/669
f 721/961/670 723/963/670 724/964/670 722/962/670
f 722/962/671 724/964/671 702/942/671 700/940/671
f 720/960/672 722/962/672 700/940/672 695/935/672
f 723/963/673 725/965/673 726/966/673 724/964/673
f 725/965/674 727/967/674 728/968/674 726/966/674
f 726/966/675 728/968/675 708/948/675 706/946/675
f 724/964/676 726/966/676 706/946/676 702/942/676
f 727/967/677 729/969/677 730/970/677 728/968/677
f 729/969/678 715/955/678 718/958/678 730/970/678
f 730/970/679 718/958/679 691/931/679 712/952/679
f 728/968/680 730/970/680 712/952/680 708/948/680
f 731/971/665 732/972/665 733/973/665 734/974/665
f 732/972/666 735/975/666 736/976/666 733/973/666
f 733/973/666 736/976/666 719/959/666 716/956/666
f 734/974/665 733/973/665 716/956/665 715/955/665
f 735/975/669 737/977/669 738/978/669 736/976/669
f 737/977/670 739/979/670 740/980/670 738/978/670
f 738/978/670 740/980/670 723/963/670 721/961/670
f 736/976/669 738/978/669 721/961/669 719/959/669
f 739/979/681 741/981/681 742/982/681 740/980/681
f 741/981/674 743/983/674 744/984/674 742/982/674
f 742/982/682 744/984/682 727/967/682 725/965/682
f 740/980/683 742/982/683 725/965/683 723/963/683
f 743/983/677 745/985/677 746/986/677 744/984/677
f 745/985/684 731/971/684 734/974/684 746/986/684
f 746/986/685 734/974/685 715/955/685 729/969/685
f 744/984/686 746/986/686 729/969/686 727/967/686
f 681/921/687 680/920/687 747/987/687 748/988/687
f 680/920/688 679/919/688 749/989/688 747/987/688
f 747/987/689 749/989/689 735/975/689 732/972/689
f 748/988/690 747/987/690 732/972/690 731/971/690
f 679/919/691 678/918/691 750/990/691 749/989/691
f 678/918/692 677/917/692 751/991/692 750/990/692
f 750/990/693 751/991/693 739/979/693 737/977/693
f 749/989/694 750/990/694 737/977/694 735/975/694
f 677/917/695 674/914/695 752/992/695 751/991/695
f 674/914/696 673/913/696 753/993/696 752/992/696
f 752/992/697 753/993/697 743/983/697 741/981/697
f 751/991/698 752/992/698 741/981/698 739/979/698
f 673/913/699 676/916/699 754/994/699 753/993/699
f 676/916/700 681/921/700 748/988/700 754/994/700
f 754/994/701 748/988/701 731/971/701 745/985/701
f 753/993/702 754/994/702 745/985/702 743/983/702
f 755/995/703 756/996/703 757/997/703 758/998/703
f 756/996/704 759/999/704 760/1000/704 757/997/704
f 757/997/705 760/1000/705 761/1001/705 762/1002/705
f 758/998/706 757/997/706 762/1002/706 763/1003/706
f 759/999/707 764/1004/707 765/1005/707 760/1000/707
f 764/1004/708 766/1006/708 767/1007/708 765/1005/708
f 765/1005/709 767/1007/709 768/1008/709 769/1009/709
f 760/1000/710 765/1005/710 769/1009/710 761/1001/710
f 766/1006/711 770/1010/711 771/1011/711 767/1007/711
f 770/1010/712 772/1012/712 773/1013/712 771/1011/712
f 771/1011/713 773/1013/713 774/1014/713 775/1015/713
f 767/1007/714 771/1011/714 775/1015/714 768/1008/714
f 772/1012/715 776/1016/715 777/1017/715 773/1013/715
f 776/1016/716 755/995/716 758/998/716 777/1017/716
f 777/1017/717 758/998/717 763/1003/717 778/1018/717
f 773/1013/718 777/1017/718 778/1018/718 774/1014/718
f 699/939/719 698/938/719 779/1019/719 780/1020/719
f 698/938/720 697/937/720 781/1021/720 779/1019/720
f 779/1019/721 781/1021/721 759/999/721 756/996/721
f 780/1020/722 779/1019/722 756/996/722 755/995/722
f 697/937/723 705/945/723 782/1022/723 781/1021/723
f 705/945/724 704/944/724 783/1023/724 782/1022/724
f 782/1022/725 783/1023/725 766/1006/725 764/1004/725
f 781/1021/726 782/1022/726 764/1004/726 759/999/726
f 704/944/727 711/951/727 784/1024/727 783/1023/727
f 711/951/728 710/950/728 785/1025/728 784/1024/728
f 784/1024/729 785/1025/729 772/1012/729 770/1010/729
f 783/1023/730 784/1024/730 770/1010/730 766/1006/730
f 710/950/731 714/954/731 786/1026/731 785/1025/731
f 714/954/732 699/939/732 780/1020/732 786/1026/732
f 786/1026/733 780/1020/733 755/995/733 776/1016/733
f 785/1025/734 786/1026/734 776/1016/734 772/1012/734
f 787/1027/735 788/1028/735 789/1029/735 790/1030/735
f 788/1028/736 791/1031/736 792/1032/736 789/1029/736
f 789/1029/737 792/1032/737 793/1033/737 794/1034/737
f 790/1030/738 789/1029/738 794/1034/738 795/1035/738
f 791/1031/739 796/1036/739 797/1037/739 792/1032/739
f 796/1036/740 798/1038/740 799/1039/740 797/1037/740
f 797/1037/741 799/1039/741 800/1040/741 801/1041/741
f 792/1032/742 797/1037/742 801/1041/742 793/1033/742
f 798/1038/743 802/1042/743 803/1043/743 799/1039/743
f 802/1042/744 804/1044/744 805/1045/744 803/1043/744
f 803/1043/745 805/1045/745 806/1046/745 807/1047/745
f 799/1039/746 803/1043/746 807/1047/746 800/1040/746
f 804/1044/747 808/1048/747 809/1049/747 805/1045/747
f 808/1048/748 787/1027/748 790/1030/748 809/1049/748
f 809/1049/749 790/1030/749 795/1035/749 810/1050/749
f 805/1045/750 809/1049/750 810/1050/750 806/1046/750
f 811/1051/751 812/1052/751 813/1053/751 814/1054/751
f 812/1052/752 815/1055/752 816/1056/752 813/1053/752
f 813/1053/753 816/1056/753 791/1031/753 788/1028/753
f 814/1054/754 813/1053/754 788/1028/754 787/1027/754
f 815/1055/755 817/1057/755 818/1058/755 816/1056/755
f 817/1057/756 819/1059/756 820/1060/756 818/1058/756
f 818/1058/757 820/1060/757 798/1038/757 796/1036/757
f 816/1056/758 818/1058/758 796/1036/758 791/1031/758
f 819/1059/759 821/1061/759 822/1062/759 820/1060/759
f 821/1061/760 823/1063/760 824/1064/760 822/1062/760
f 822/1062/761 824/1064/761 804/1044/761 802/1042/761
f 820/1060/762 822/1062/762 802/1042/762 798/1038/762
f 823/1063/763 825/1065/763 826/1066/763 824/1064/763
f 825/1065/764 811/1051/764 814/1054/764 826/1066/764
f 826/1066/765 814/1054/765 787/1027/765 808/1048/765
f 824/1064/766 826/1066/766 808/1048/766 804/1044/766
f 763/1003/767 762/1002/767 827/1067/767 828/1068/767
f 762/1002/768 761/1001/768 829/1069/768 827/1067/768
f 827/1067/769 829/1069/769 815/1055/769 812/1052/769
f 828/1068/770 827/1067/770 812/1052/770 811/1051/770
f 761/1001/771 769/1009/771 830/1070/771 829/1069/771
f 769/1009/772 768/1008/772 831/1071/772 830/1070/772
f 830/1070/773 831/1071/773 819/1059/773 817/1057/773
f 829/1069/774 830/1070/774 817/1057/774 815/1055/774
f 768/1008/775 775/1015/775 832/1072/775 831/1071/775
f 775/1015/776 774/1014/776 833/1073/776 832/1072/776
f 832/1072/777 833/1073/777 823/1063/777 821/1061/777
f 831/1071/778 832/1072/778 821/1061/778 819/1059/778
f 774/1014/779 778/1018/779 834/1074/779 833/1073/779
f 778/1018/780 763/1003/780 828/1068/780 834/1074/780
f 834/1074/781 828/1068/781 811/1051/781 825/1065/781
f 833/1073/782 834/1074/782 825/1065/782 823/1063/782
f 835/1075/783 836/1076/783 837/1077/783 838/1078/783
f 836/1076/784 839/1079/784 840/1080/784 837/1077/784
f 837/1077/785 840/1080/785 841/1081/785 842/1082/785
f 838/1078/786 837/1077/786 842/1082/786 843/1083/786
f 839/1079/787 844/1084/787 845/1085/787 840/1080/787
f 844/1084/788 846/1086/788 847/1087/788 845/1085/788
f 845/1085/789 847/1087/789 848/1088/789 849/1089/789
f 840/1080/790 845/1085/790 849/1089/790 841/1081/790
f 846/1086/791 850/1090/791 851/1091/791 847/1087/791
f 850/1090/792 852/1092/792 853/1093/792 851/1091/792
f 851/1091/793 853/1093/793 854/1094/793 855/1095/793
f 847/1087/794 851/1091/794 855/1095/794 848/1088/794
f 852/1092/795 856/1096/795 857/1097/795 853/1093/795
f 856/1096/796 835/1075/796 838/1078/796 857/1097/796
f 857/1097/797 838/1078/797 843/1083/797 858/1098/797
f 853/1093/798 857/1097/798 858/1098/798 854/1094/798
f 795/1035/799 794/1034/799 859/1099/799 860/1100/799
f 794/1034/800 793/1033/800 861/1101/800 859/1099/800
f 859/1099/801 861/1101/801 839/1079/801 836/1076/801
f 860/1100/802 859/1099/802 836/1076/802 835/1075/802
f 793/1033/803 801/1041/803 862/1102/803 861/1101/803
f 801/1041/804 800/1040/804 863/1103/804 862/1102/804
f 862/1102/805 863/1103/805 846/1086/805 844/1084/805
f 861/1101/806 862/1102/806 844/1084/806 839/1079/806
f 800/1040/807 807/1047/807 864/1104/807 863/1103/807
f 807/1047/808 806/1046/808 865/1105/808 864/1104/808
f 864/1104/809 865/1105/809 852/1092/809 850/1090/809
f 863/1103/810 864/1104/810 850/1090/810 846/1086/810
f 806/1046/811 810/1050/811 866/1106/811 865/1105/811
f 810/1050/812 795/1035/812 860/1100/812 866/1106/812
f 866/1106/813 860/1100/813 835/1075/813 856/1096/813
f 865/1105/814 866/1106/814 856/1096/814 852/1092/814
f 867/1107/815 868/1108/815 869/1109/815 870/1110/815
f 868/1108/816 871/1111/816 872/1112/816 869/1109/816
f 869/1109/817 872/1112/817 873/1113/817 874/1114/817
f 870/1110/818 869/1109/818 874/1114/818 875/1115/818
f 871/1111/819 876/1116/819 877/1117/819 872/1112/819
f 876/1116/820 878/1118/820 879/1119/820 877/1117/820
f 877/1117/821 879/1119/821 880/1120/821 881/1121/821
f 872/1112/822 877/1117/822 881/1121/822 873/1113/822
f 878/1118/823 882/1122/823 883/1123/823 879/1119/823
f 882/1122/824 884/1124/824 885/1125/824 883/1123/824
f 883/1123/825 885/1125/825 886/1126/825 887/1127/825
f 879/1119/826 883/1123/826 887/1127/826 880/1120/826
f 884/1124/827 888/1128/827 889/1129/827 885/1125/827
f 888/1128/828 867/1107/828 870/1110/828 889/1129/828
f 889/1129/829 870/1110/829 875/1115/829 890/1130/829
f 885/1125/830 889/1129/830 890/1130/830 886/1126/830
f 891/1131/831 892/1132/831 893/1133/831 894/1134/831
f 892/1132/832 895/1135/832 896/1136/832 893/1133/832
f 893/1133/833 896/1136/833 871/1111/833 868/1108/833
f 894/1134/834 893/1133/834 868/1108/834 867/1107/834
f 895/1135/835 897/1137/835 898/1138/835 896/1136/835
f 897/1137/836 899/1139/836 900/1140/836 898/1138/836
f 898/1138/837 900/1140/837 878/1118/837 876/1116/837
f 896/1136/838 898/1138/838 876/1116/838 871/1111/838
f 899/1139/839 901/1141/839 902/1142/839 900/1140/839
f 901/1141/840 903/1143/840 904/1144/840 902/1142/840
f 902/1142/841 904/1144/841 884/1124/841 882/1122/841
f 900/1140/842 902/1142/842 882/1122/842 878/1118/842
f 903/1143/843 905/1145/843 906/1146/843 904/1144/843
f 905/1145/844 891/1131/844 894/1134/844 906/1146/844
f 906/1146/845 894/1134/845 867/1107/845 888/1128/845
f 904/1144/846 906/1146/846 888/1128/846 884/1124/846
f 875/1115/847 874/1114/847 907/1147/847 908/1148/847
f 874/1114/848 873/1113/848 909/1149/848 907/1147/848
f 907/1147/849 909/1149/849 686/926/849 683/923/849
f 908/1148/850 907/1147/850 683/923/850 682/922/850
f 873/1113/851 881/1121/851 910/1150/851 909/1149/851
f 881/1121/852 880/1120/852 911/1151/852 910/1150/852
f 910/1150/853 911/1151/853 688/928/853 687/927/853
f 909/1149/854 910/1150/854 687/927/854 686/926/854
f 880/1120/855 887/1127/855 912/1152/855 911/1151/855
f 887/1127/856 886/1126/856 913/1153/856 912/1152/856
f 912/1152/857 913/1153/857 690/930/857 689/929/857
f 911/1151/858 912/1152/858 689/929/858 688/928/858
f 886/1126/859 890/1130/859 914/1154/859 913/1153/859
f 890/1130/860 875/1115/860 908/1148/860 914/1154/860
f 914/1154/861 908/1148/861 682/922/861 685/925/861
f 913/1153/862 914/1154/862 685/925/862 690/930/862
f 915/1155/863 916/1156/863 917/1157/863 918/1158/863
f 916/1156/864 919/1159/864 920/1160/864 917/1157/864
f 917/1157/865 920/1160/865 895/1135/865 892/1132/865
f 918/1158/866 917/1157/866 892/1132/866 891/1131/866
f 919/1159/867 921/1161/867 922/1162/867 920/1160/867
f 921/1161/868 923/1163/868 924/1164/868 922/1162/868
f 922/1162/869 924/1164/869 899/1139/869 897/1137/869
f 920/1160/870 922/1162/870 897/1137/870 895/1135/870
f 923/1163/871 925/1165/871 926/1166/871 924/1164/871
f 925/1165/872 927/1167/872 928/1168/872 926/1166/872
f 926/1166/873 928/1168/873 903/1143/873 901/1141/873
f 924/1164/874 926/1166/874 901/1141/874 899/1139/874
f 927/1167/875 929/1169/875 930/1170/875 928/1168/875
f 929/1169/876 915/1155/876 918/1158/876 930/1170/876
f 930/1170/877 918/1158/877 891/1131/877 905/1145/877
f 928/1168/878 930/1170/878 905/1145/878 903/1143/878
f 843/1083/879 842/1082/879 931/1171/879 932/1172/879
f 842/1082/880 841/1081/880 933/1173/880 931/1171/880
f 931/1171/881 933/1173/881 919/1159/881 916/1156/881
f 932/1172/882 931/1171/882 916/1156/882 915/1155/882
f 841/1081/883 849/1089/883 934/1174/883 933/1173/883
f 849/1089/884 848/1088/884 935/1175/884 934/1174/884
f 934/1174/885 935/1175/885 923/1163/885 921/1161/885
f 933/1173/886 934/1174/886 921/1161/886 919/1159/886
f 848/1088/887 855/1095/887 936/1176/887 935/1175/887
f 855/1095/888 854/1094/888 937/1177/888 936/1176/888
f 936/1176/889 937/1177/889 927/1167/889 925/1165/889
f 935/1175/890 936/1176/890 925/1165/890 923/1163/890
f 854/1094/891 858/1098/891 938/1178/891 937/1177/891
f 858/1098/892 843/1083/892 932/1172/892 938/1178/892
f 938/1178/893 932/1172/893 915/1155/893 929/1169/893
f 937/1177/894 938/1178/894 929/1169/894 927/1167/894
usemtl Material.028
f 939/1179/895 940/1180/895 941/1181/895 942/1182/895
f 940/1180/896 943/1183/896 944/1184/896 941/1181/896
f 941/1181/897 944/1184/897 945/1185/897 946/1186/897
f 942/1182/898 941/1181/898 946/1186/898 947/1187/898
f 947/1187/899 946/1186/899 948/1188/899 949/1189/899
f 946/1186/900 945/1185/900 950/1190/900 948/1188/900
f 948/1188/901 950/1190/901 951/1191/901 952/1192/901
f 949/1189/902 948/1188/902 952/1192/902 953/1193/902
f 953/1193/903 952/1192/903 954/1194/903 955/1195/903
f 952/1192/904 951/1191/904 956/1196/904 954/1194/904
f 954/1194/905 956/1196/905 957/1197/905 958/1198/905
f 955/1195/906 954/1194/906 958/1198/906 959/1199/906
f 959/1199/907 958/1198/907 960/1200/907 961/1201/907
f 958/1198/908 957/1197/908 962/1202/908 960/1200/908
f 960/1200/909 962/1202/909 943/1203/909 940/1204/909
f 961/1201/910 960/1200/910 940/1204/910 939/1205/910
f 963/1206/911 964/1207/911 965/1208/911 966/1209/911
f 964/1207/912 967/1210/912 968/1211/912 965/1208/912
f 965/1208/913 968/1211/913 969/1212/913 970/1213/913
f 966/1209/914 965/1208/914 970/1213/914 971/1214/914
f 951/1191/915 950/1215/915 972/1216/915 956/1196/915
f 950/1215/916 945/1217/916 944/1218/916 972/1216/916
f 972/1216/917 944/1218/917 943/1219/917 962/1220/917
f 956/1196/918 972/1216/918 962/1220/918 957/1197/918
f 969/1212/919 973/1221/919 974/1222/919 970/1223/919
f 973/1221/920 959/1199/920 961/1201/920 974/1222/920
f 974/1222/921 961/1201/921 939/1205/921 975/1224/921
f 970/1223/922 974/1222/922 975/1224/922 971/1225/922
f 967/1210/923 976/1226/923 977/1227/923 968/1211/923
f 976/1226/924 953/1193/924 955/1195/924 977/1227/924
f 977/1227/925 955/1195/925 959/1199/925 973/1221/925
f 968/1211/926 977/1227/926 973/1221/926 969/1212/926
f 963/1228/927 978/1229/927 979/1230/927 964/1231/927
f 978/1229/928 947/1187/928 949/1189/928 979/1230/928
f 979/1230/929 949/1189/929 953/1193/929 976/1226/929
f 964/1231/930 979/1230/930 976/1226/930 967/1210/930
f 971/1232/931 975/1233/931 980/1234/931 966/1235/931
f 975/1233/932 939/1179/932 942/1182/932 980/1234/932
f 980/1234/933 942/1182/933 947/1187/933 978/1229/933
f 966/1235/934 980/1234/934 978/1229/934 963/1228/934
