mtllib LOW_POLY_set.mtl
o lp_palm_3_Cube_037
v 76.868187 15.104161 -9.310661
v 77.883186 14.376802 -8.939949
v 77.823441 14.189136 -9.150796
v 76.803108 14.878702 -9.562161
v 78.294228 13.849601 -8.717314
v 78.310753 13.596438 -8.798214
v 78.049683 13.639210 -8.827039
v 77.627495 13.992470 -9.072320
v 76.610268 14.614749 -9.455109
v 77.452126 13.866667 -8.691177
v 76.391563 14.471657 -9.004124
v 78.045837 13.435701 -8.525895
v 77.846649 13.578032 -8.257227
v 77.341347 13.906250 -8.269263
v 76.269577 14.512094 -8.498971
v 77.431252 14.070964 -8.050133
v 76.334656 14.737553 -8.247471
v 78.070404 13.524018 -8.123689
v 78.091194 13.788424 -8.147502
v 77.597038 14.290583 -8.136891
v 76.527496 15.001506 -8.354524
v 77.802574 14.393432 -8.509750
v 76.746201 15.144598 -8.805509
v 78.335320 13.684754 -8.396008
v 74.807693 15.117862 -9.935265
v 74.334900 15.136493 -9.665577
v 74.153320 15.484961 -9.692863
v 74.775307 15.383983 -10.013813
v 74.534683 15.035600 -9.169065
v 74.442467 15.283693 -9.079710
v 74.650261 15.470176 -9.081224
v 74.475800 15.666300 -9.558489
v 74.923271 15.552438 -9.847425
v 78.691483 12.919685 -8.351242
v 75.349045 15.434155 -8.720278
v 75.553543 15.588937 -9.182773
v 75.694557 15.538261 -9.689947
v 75.120857 14.918892 -8.856905
v 75.158813 15.162790 -8.609612
v 75.466370 15.023000 -9.826574
v 75.239540 14.879902 -9.370781
v 75.634262 15.306049 -9.943942
v 73.914055 14.785832 -12.244867
v 74.050468 13.964026 -13.246227
v 73.914871 13.759467 -13.094522
v 73.750511 14.539242 -12.069464
v 74.218605 13.415290 -13.654986
v 74.189117 13.153680 -13.614992
v 74.243828 13.234336 -13.367368
v 74.093391 13.611979 -12.922448
v 73.967598 14.329923 -11.903999
v 74.528503 13.575419 -12.887892
v 74.485138 14.294137 -11.853337
v 74.562073 13.081635 -13.454104
v 74.848724 13.293569 -13.383162
v 74.945892 13.695459 -12.944708
v 74.982597 14.429316 -11.930502
v 75.083298 13.873884 -13.125031
v 75.146141 14.675907 -12.105906
v 74.905167 13.223798 -13.633690
v 74.823494 13.474524 -13.670781
v 74.902962 14.047506 -13.268486
v 74.929054 14.885225 -12.271370
v 74.469666 14.057931 -13.331661
v 74.411514 14.921012 -12.322031
v 74.532204 13.295842 -13.794578
v 74.045990 15.047324 -10.111757
v 74.452225 15.184185 -9.775805
v 74.420143 15.549875 -9.633027
v 73.932014 15.300351 -10.079725
v 74.859367 15.126972 -10.132995
v 74.923630 15.397454 -10.105618
v 74.813698 15.544559 -10.315930
v 74.396553 15.693281 -9.998829
v 74.000328 15.464911 -10.294693
v 74.603348 12.497740 -14.063197
v 74.912056 15.447596 -11.091044
v 74.386505 15.495413 -11.125516
v 73.882690 15.346796 -11.064167
v 74.967712 14.962729 -10.777936
v 75.133041 15.231161 -10.928579
v 73.938347 14.861930 -10.751059
v 74.463097 14.828203 -10.694657
v 73.716560 15.092455 -10.891594
v 72.381416 14.691750 -8.490105
v 71.528687 13.774343 -8.132462
v 71.744957 13.619285 -8.020981
v 72.635147 14.504184 -8.353134
v 71.179222 13.167826 -8.051972
v 71.266830 12.923893 -7.990892
v 71.469543 13.012127 -8.139011
v 71.874252 13.451804 -8.217106
v 72.755997 14.267523 -8.571548
v 71.777824 13.322895 -8.624457
v 72.649071 14.122520 -9.060665
v 71.313683 12.785559 -8.376692
v 71.258385 12.934105 -8.703791
v 71.576653 13.341845 -9.013070
v 72.401672 14.136602 -9.519241
v 71.337067 13.468575 -9.111922
v 72.147942 14.324169 -9.656211
v 71.016861 12.831533 -8.659458
v 70.968063 13.089804 -8.616752
v 71.231087 13.664384 -8.928426
v 72.027092 14.560829 -9.437797
v 71.304199 13.764965 -8.508445
v 72.134018 14.705832 -8.948680
v 70.970009 12.969869 -8.273659
v 74.300491 15.106330 -9.373972
v 74.468544 15.179056 -9.886893
v 74.555115 15.553980 -9.971054
v 74.326157 15.380153 -9.324965
v 74.016548 15.001417 -10.133405
v 73.979996 15.252250 -10.250816
v 73.793678 15.400746 -10.105241
v 74.196831 15.665893 -9.852559
v 74.077614 15.505659 -9.345808
v 70.821053 12.155195 -8.105422
v 73.051399 15.215767 -9.919016
v 73.174103 15.375669 -9.430086
v 73.410736 15.348539 -8.957911
v 73.403824 14.760483 -9.987886
v 73.169350 14.971066 -10.138742
v 73.763161 14.893255 -9.026782
v 73.659065 14.749167 -9.524856
v 73.663826 15.153770 -8.816199
v 75.084641 14.759436 -7.391728
v 75.120712 13.871462 -6.439416
v 75.291260 13.705750 -6.602807
v 75.290405 14.559267 -7.581232
v 75.066071 13.278403 -6.062905
v 75.144806 13.030054 -6.117976
v 75.072647 13.112535 -6.360478
v 75.142357 13.536619 -6.782961
v 75.115631 14.321763 -7.758327
v 74.722008 13.418977 -6.819192
v 74.614044 14.189919 -7.810520
v 74.790741 12.896760 -6.282433
v 74.467880 13.053200 -6.340758
v 74.290039 13.452996 -6.755169
v 74.100838 14.222200 -7.725238
v 74.123077 13.591138 -6.564716
v 73.895073 14.422369 -7.535734
v 74.428902 12.959816 -6.094632
v 74.461304 13.219069 -6.043185
v 74.268387 13.787840 -6.411624
v 74.069855 14.659873 -7.358639
v 74.692329 13.877911 -6.348331
v 74.571434 14.791718 -7.306446
v 74.782967 13.093109 -5.930176
v 74.879356 15.110810 -9.506045
v 74.450394 15.185664 -9.833171
v 74.409889 15.558166 -9.954605
v 74.942184 15.382447 -9.523500
v 74.066154 15.031026 -9.479528
v 73.950783 15.285179 -9.491174
v 74.032906 15.438568 -9.272807
v 74.409866 15.682513 -9.581148
v 74.846107 15.518353 -9.299323
v 74.869751 12.282356 -5.708066
v 73.964310 15.280812 -8.504506
v 74.471252 15.426900 -8.467789
v 74.993462 15.381783 -8.538064
v 73.999123 14.812796 -8.845063
v 73.787109 15.035418 -8.679014
v 75.028275 14.913768 -8.878621
v 74.519157 14.782879 -8.936418
v 75.203293 15.174361 -8.725192
v 76.193787 14.528892 -8.862889
v 76.715919 13.764546 -8.342622
v 76.713943 13.632651 -8.537350
v 76.195740 14.369240 -9.093400
v 76.870934 13.267092 -8.100897
v 76.873520 13.065493 -8.181353
v 76.697220 13.144756 -8.279826
v 76.516777 13.506330 -8.559225
v 75.982063 14.187771 -9.099652
v 76.246506 13.422209 -8.341579
v 75.654861 14.094720 -8.845035
v 76.567879 12.972563 -8.076315
v 76.354538 13.110084 -7.923434
v 76.033821 13.457464 -8.056950
v 75.407051 14.129589 -8.501631
v 76.052010 13.565676 -7.848934
v 75.405098 14.289241 -8.271120
v 76.467865 13.024448 -7.759468
v 76.528252 13.232419 -7.744505
v 76.232964 13.715680 -7.840345
v 75.618774 14.470711 -8.264868
v 76.519447 13.776117 -8.044704
v 75.945976 14.563761 -8.519485
v 76.773506 13.117379 -7.864505
v 74.885429 14.910592 -9.968904
v 74.453354 14.995814 -9.912654
v 74.378159 15.305110 -9.954865
v 74.924767 15.130874 -10.011193
v 74.424637 14.863969 -9.489679
v 74.363007 15.074034 -9.426954
v 74.542450 15.187498 -9.344921
v 74.596985 15.390242 -9.736174
v 75.003242 15.234121 -9.824145
v 76.912308 12.446042 -7.796356
v 74.933327 15.027747 -8.861567
v 75.255486 15.132925 -9.128037
v 75.516479 15.086752 -9.468050
v 74.737244 14.660725 -9.085810
v 74.719353 14.839805 -8.865043
v 75.320396 14.719729 -9.692294
v 74.985672 14.627877 -9.436612
v 75.521805 14.920999 -9.699606
v 75.121857 14.741944 -11.422742
v 75.608643 14.161000 -11.902905
v 75.476784 14.018184 -11.861519
v 74.965782 14.569617 -11.377117
v 75.875549 13.781857 -12.046317
v 75.848724 13.601727 -12.024464
v 75.781029 13.664749 -11.866205
v 75.513611 13.927811 -11.688410
v 75.028343 14.438174 -11.190177
v 75.747238 13.921132 -11.497626
v 75.302322 14.435731 -10.958151
v 75.998436 13.570869 -11.784934
v 76.128494 13.729723 -11.641626
v 76.003304 14.019382 -11.371903
v 75.611374 14.547201 -10.813336
v 76.147949 14.143690 -11.427717
v 75.767448 14.719528 -10.858961
v 76.260040 13.678640 -11.758615
v 76.223007 13.846830 -11.821738
v 76.098335 14.252571 -11.586398
v 75.704887 14.850970 -11.045901
v 75.877487 14.240741 -11.791611
v 75.430908 14.853415 -11.277927
v 76.110321 13.709497 -11.998144
v 74.355690 14.973235 -10.174114
v 74.451263 15.091099 -9.831028
v 74.369438 15.344214 -9.777664
v 74.273247 15.143190 -10.210793
v 74.822899 15.060603 -9.872133
v 74.842842 15.249704 -9.842636
v 74.859840 15.341777 -10.010628
v 74.496292 15.433887 -9.999872
v 74.392624 15.254409 -10.312609
v 76.272697 13.158062 -12.089828
v 75.221130 15.262347 -10.407197
v 74.936020 15.273084 -10.633673
v 74.629845 15.151778 -10.789370
v 75.140297 14.938161 -10.188342
v 75.287224 15.126108 -10.220145
v 74.549011 14.827592 -10.570515
v 74.824783 14.826982 -10.332514
v 74.473579 14.973957 -10.746041
v 72.875496 14.375321 -10.721073
v 72.458328 13.584287 -11.248666
v 72.508072 13.443324 -11.073880
v 72.930946 14.204251 -10.514091
v 72.374435 13.098121 -11.517119
v 72.419144 12.898787 -11.459463
v 72.584076 13.001309 -11.374108
v 72.722015 13.359780 -11.085568
v 73.169014 14.072551 -10.548158
v 72.969070 13.349897 -11.332091
v 73.467537 14.068274 -10.837135
v 72.715004 12.878519 -11.601555
v 72.874290 13.063875 -11.757186
v 73.131020 13.447958 -11.625453
v 73.655983 14.177536 -11.190956
v 73.068649 13.564178 -11.813841
v 73.600533 14.348606 -11.397939
v 72.762688 12.972852 -11.912937
v 72.664642 13.160686 -11.900196
v 72.867332 13.672463 -11.788549
v 73.362465 14.480307 -11.363873
v 72.607658 13.657604 -11.555631
v 73.063942 14.484583 -11.074895
v 72.466827 12.993120 -11.770846
v 74.182861 14.909246 -9.745632
v 74.571785 15.080031 -9.835337
v 74.590843 15.386716 -9.770812
v 74.109413 15.108429 -9.678406
v 74.573090 14.993376 -10.260739
v 74.585159 15.210996 -10.306390
v 74.383293 15.290524 -10.355994
v 74.340393 15.442294 -9.951466
v 73.993065 15.206393 -9.840887
v 72.451530 12.330387 -11.890677
v 73.982941 15.099504 -10.799964
v 73.688377 15.115409 -10.498805
v 73.489075 14.993033 -10.148069
v 74.264893 14.769926 -10.640192
v 74.222168 14.961904 -10.837402
v 73.771034 14.663455 -9.988297
v 74.076370 14.661886 -10.278948
v 73.542580 14.815392 -9.940351
v 73.588486 14.706315 -8.372467
v 73.151222 14.060808 -7.928465
v 73.316620 13.950636 -7.928202
v 73.784286 14.572954 -8.368502
v 72.949440 13.640018 -7.795150
v 73.018723 13.470232 -7.791109
v 73.102310 13.536593 -7.940137
v 73.336945 13.842644 -8.093778
v 73.791847 14.418147 -8.547709
v 73.154984 13.768210 -8.322635
v 73.579002 14.335520 -8.824796
v 72.932144 13.388844 -8.049220
v 72.803169 13.502510 -8.231235
v 72.915352 13.794609 -8.504031
v 73.289886 14.360955 -9.036166
v 72.738792 13.884799 -8.490492
v 73.094093 14.494315 -9.040131
v 72.664604 13.429885 -8.135700
v 72.650299 13.605933 -8.086246
v 72.729630 14.012773 -8.338718
v 73.086525 14.649123 -8.860924
v 72.900436 14.067225 -8.096059
v 73.299377 14.731750 -8.583838
v 72.751183 13.511272 -7.877589
v 74.527191 15.026772 -9.475060
v 74.481323 15.095328 -9.841024
v 74.515350 15.356397 -9.906562
v 74.561287 15.213449 -9.443183
v 74.124954 14.980942 -9.866485
v 74.070892 15.157576 -9.920382
v 73.999924 15.254183 -9.769993
v 74.328896 15.428446 -9.723388
v 74.402168 15.300014 -9.378568
v 72.697281 12.944592 -7.755845
v 73.590561 15.118812 -9.441040
v 73.813377 15.211728 -9.168242
v 74.099625 15.176813 -8.945670
v 73.783440 14.808788 -9.602944
v 73.595825 14.958514 -9.620469
v 74.292496 14.866790 -9.107575
v 74.078781 14.785114 -9.391034
v 74.296333 15.038328 -8.938807
v 75.613106 15.641912 -11.787684
v 76.483658 15.213395 -12.442987
v 76.356224 14.988342 -12.462278
v 75.463837 15.372588 -11.815665
v 76.960922 14.864043 -12.669490
v 76.980309 14.627394 -12.699738
v 76.850258 14.634837 -12.499108
v 76.403320 14.829446 -12.262819
v 75.553963 15.165300 -11.604696
v 76.668625 14.820441 -11.972052
v 75.862083 15.158651 -11.251785
v 77.139999 14.550083 -12.374130
v 77.230721 14.733425 -12.119368
v 76.939522 14.968390 -11.727637
v 76.192375 15.330730 -10.967496
v 77.091133 15.178778 -11.728762
v 76.341644 15.600054 -10.939515
v 77.430687 14.744100 -12.250214
v 77.341385 14.962631 -12.289749
v 77.019852 15.352339 -11.907805
v 76.251518 15.807341 -11.150485
v 76.778725 15.346680 -12.218988
v 75.943398 15.813991 -11.503395
v 77.270996 14.821409 -12.575821
v 74.378960 15.310612 -10.334101
v 74.407440 15.368182 -9.848777
v 74.216644 15.641090 -9.728473
v 74.227837 15.510483 -10.350457
v 74.890549 15.443179 -9.823481
v 74.851532 15.672100 -9.727942
v 74.870720 15.845748 -9.908125
v 74.383263 15.858969 -9.951970
v 74.359131 15.713181 -10.418745
v 77.662788 14.214501 -12.810793
v 75.412788 15.975039 -10.344361
v 75.087196 15.987122 -10.690513
v 74.765343 15.807269 -10.990579
v 75.378174 15.481144 -10.181458
v 75.508842 15.762737 -10.133810
v 74.730728 15.313374 -10.827675
v 75.039566 15.307488 -10.466346
v 74.617912 15.531874 -11.023048
v 73.025055 13.663390 -9.417960
v 72.967163 12.539274 -9.335114
v 73.125122 12.546946 -9.141492
v 73.211197 13.667818 -9.185230
v 73.101219 11.944008 -9.314488
v 73.262726 11.830324 -9.195205
v 73.375435 12.025967 -9.241987
v 73.364754 12.547225 -9.212654
v 73.494743 13.623289 -9.265556
v 73.547089 12.477253 -9.538073
v 73.712677 13.550496 -9.654388
v 73.516647 11.832786 -9.446760
v 73.530228 11.948166 -9.739497
v 73.582909 12.437577 -9.913813
v 73.754471 13.492741 -10.100371
v 73.424118 12.396663 -10.102494
v 73.568329 13.488313 -10.333101
v 73.445961 11.738226 -9.784140
v 73.256004 11.866206 -9.811997
v 73.185310 12.429626 -10.036271
v 73.284790 13.532841 -10.252775
v 73.002151 12.466354 -9.705914
v 73.066856 13.605634 -9.863943
v 73.192039 11.735764 -9.532584
v 74.131058 15.165746 -9.401762
v 74.376732 15.391278 -9.735643
v 74.239883 15.690866 -9.825072
v 73.968513 15.345067 -9.398191
v 74.339203 15.061131 -10.070741
v 74.222260 15.217527 -10.213767
v 73.983505 15.180928 -10.200140
v 73.943100 15.537329 -9.893399
v 73.775368 15.285544 -9.531162
v 73.515495 11.109550 -9.334019
v 73.630455 14.609682 -10.320250
v 73.412277 14.700919 -9.927754
v 73.367043 14.742079 -9.473620
v 74.101494 14.535287 -10.162062
v 73.917603 14.558640 -10.401425
v 73.838081 14.667684 -9.315433
v 74.060455 14.598546 -9.710077
v 73.555130 14.740826 -9.236406
v 73.326675 15.782683 -10.754372
v 73.055824 15.701389 -11.350789
v 73.017509 15.565219 -11.313838
v 73.278557 15.620486 -10.712433
v 72.974014 15.583907 -11.677879
v 72.947624 15.459325 -11.722506
v 73.041344 15.432504 -11.629328
v 73.124306 15.468250 -11.337603
v 73.394562 15.501191 -10.764330
v 73.316360 15.471296 -11.448827
v 73.626129 15.505612 -10.891310
v 73.141861 15.410066 -11.782032
v 73.302185 15.500681 -11.778451
v 73.491913 15.564336 -11.547768
v 73.832237 15.615593 -11.014556
v 73.521347 15.696914 -11.601889
v 73.880363 15.777789 -11.056495
v 73.256393 15.540032 -11.899032
v 73.234848 15.652084 -11.827003
v 73.423431 15.797475 -11.560954
v 73.764359 15.897085 -11.004598
v 73.222504 15.790835 -11.466900
v 73.532791 15.892664 -10.877617
v 73.062157 15.589292 -11.839506
v 73.948853 15.344097 -9.972722
v 74.220894 15.340678 -9.926396
v 74.276794 15.458059 -9.774953
v 73.931213 15.436954 -9.867339
v 74.299583 15.435773 -10.173242
v 74.358803 15.548719 -10.111798
v 74.271683 15.659929 -10.119559
v 74.186882 15.613955 -9.860950
v 73.920952 15.568254 -9.919040
v 72.951553 15.321916 -12.155208
v 74.108177 15.827809 -10.442446
v 73.878380 15.823792 -10.304619
v 73.664307 15.711788 -10.188678
v 74.167267 15.541308 -10.470067
v 74.224442 15.706496 -10.498224
v 73.723396 15.425287 -10.216299
v 73.959702 15.429547 -10.342628
v 73.613647 15.546844 -10.149023
v 74.785034 16.015709 -9.161160
v 75.048332 16.119827 -8.716202
v 75.119911 16.030224 -8.738439
v 74.872223 15.910054 -9.186297
v 75.169685 16.102633 -8.458585
v 75.234306 16.027422 -8.416249
v 75.169724 15.965858 -8.476661
v 75.077919 15.928370 -8.699613
v 74.833168 15.792599 -9.122458
v 74.946411 15.880908 -8.590502
v 74.673859 15.735031 -8.996567
v 75.115578 15.935368 -8.343255
v 74.969093 15.947105 -8.335258
v 74.795158 15.901941 -8.500329
v 74.496506 15.761131 -8.885187
v 74.732361 15.993999 -8.465302
v 74.409317 15.866787 -8.860049
v 74.996803 16.005222 -8.248862
v 74.969048 16.083879 -8.317183
v 74.765572 16.093397 -8.516918
v 74.448380 15.984243 -8.923888
v 74.905861 16.143314 -8.613239
v 74.607681 16.041809 -9.049780
v 75.115524 16.097277 -8.321856
v 74.434273 15.400085 -9.669069
v 74.236694 15.302290 -9.674240
v 74.146019 15.349502 -9.796642
v 74.407997 15.459590 -9.761601
v 74.164490 15.374869 -9.478931
v 74.079094 15.428848 -9.529799
v 74.104233 15.538302 -9.542758
v 74.163231 15.501536 -9.752053
v 74.374008 15.563519 -9.732896
v 75.308052 15.980630 -8.064157
v 74.186455 15.752254 -9.321206
v 74.343597 15.808195 -9.455461
v 74.527878 15.784166 -9.561835
v 74.243820 15.530613 -9.269201
v 74.148163 15.633741 -9.254118
v 74.585243 15.562525 -9.509830
v 74.422546 15.503202 -9.383899
v 74.617981 15.677655 -9.585240
v 75.958351 15.228503 -7.644342
v 76.688179 14.518572 -6.831907
v 76.814590 14.392434 -7.058520
v 76.114243 15.077048 -7.910946
v 76.997055 13.988372 -6.485572
v 77.119827 13.770138 -6.576179
v 76.927467 13.796200 -6.758213
v 76.666061 14.165328 -7.156471
v 75.967392 14.777905 -7.996181
v 76.334747 13.923674 -7.002566
v 75.565414 14.496499 -7.820328
v 76.793869 13.517475 -6.566951
v 76.446335 13.561492 -6.469982
v 75.987984 13.834546 -6.750257
v 75.160057 14.384068 -7.512534
v 75.885223 13.939066 -6.501767
v 75.004166 14.535522 -7.245930
v 76.550278 13.492299 -6.234981
v 76.515923 13.753664 -6.197341
v 76.010101 14.187789 -6.425693
v 75.151016 14.834666 -7.160694
v 76.365059 14.407826 -6.557721
v 75.552994 15.116072 -7.336548
v 76.876244 13.744962 -6.244208
v 74.756874 15.234769 -9.431061
v 74.230148 15.136208 -9.528318
v 74.022972 15.461227 -9.609476
v 74.714294 15.508333 -9.468324
v 74.109924 14.919168 -9.043489
v 73.925568 15.123573 -8.995822
v 74.039543 15.320580 -8.834098
v 74.144348 15.625584 -9.273041
v 74.686501 15.636181 -9.221668
v 77.307732 13.031860 -6.104617
v 74.365379 15.246986 -8.121149
v 74.760551 15.541532 -8.312882
v 75.184135 15.646398 -8.611641
v 74.398720 14.772092 -8.452197
v 74.220161 14.939980 -8.203179
v 75.217484 15.171502 -8.942689
v 74.806435 14.888043 -8.768426
v 75.346825 15.489595 -8.878130
v 73.161446 15.600197 -9.032989
v 72.564247 15.381551 -8.856262
v 72.626328 15.264218 -8.794985
v 73.232948 15.460075 -8.957914
v 72.268143 15.186330 -8.815094
v 72.252296 15.056875 -8.780476
v 72.365578 15.048965 -8.853199
v 72.649094 15.156091 -8.890706
v 73.236488 15.322118 -9.064392
v 72.580177 15.113034 -9.097250
v 73.159958 15.272864 -9.312350
v 72.246040 14.977608 -8.973803
v 72.257584 15.052405 -9.141724
v 72.496895 15.160939 -9.297335
v 73.055283 15.327890 -9.548532
v 72.417732 15.270864 -9.352305
v 72.983780 15.468013 -9.623608
v 72.124458 15.060947 -9.122021
v 72.160156 15.189770 -9.103619
v 72.412056 15.386399 -9.262890
v 72.980240 15.605969 -9.517129
v 72.463890 15.422049 -9.050040
v 73.056770 15.655223 -9.269171
v 72.130707 15.140215 -8.928695
v 74.134056 15.342449 -9.454930
v 74.231606 15.329680 -9.712782
v 74.356247 15.478981 -9.757652
v 74.206985 15.461655 -9.432336
v 73.988846 15.347075 -9.842896
v 74.029953 15.467295 -9.905319
v 73.977524 15.578872 -9.835895
v 74.217804 15.612271 -9.704246
v 74.122734 15.574245 -9.447929
v 71.877785 14.806756 -8.838003
v 73.597260 15.664992 -9.751277
v 73.684319 15.717448 -9.503313
v 73.781036 15.659138 -9.260285
v 73.655128 15.378007 -9.776358
v 73.597687 15.524021 -9.858388
v 73.838898 15.372152 -9.285366
v 73.763947 15.322537 -9.537825
v 73.850571 15.515965 -9.182750
v 75.427254 15.898634 -9.745914
v 76.056610 15.828252 -9.559798
v 76.067871 15.710426 -9.645625
v 75.443863 15.758702 -9.848509
v 76.364311 15.702753 -9.429217
v 76.426857 15.584910 -9.449455
v 76.298088 15.544982 -9.452375
v 76.023621 15.587934 -9.579216
v 75.416420 15.609580 -9.762532
v 75.977669 15.531631 -9.369497
v 75.355667 15.543128 -9.514218
v 76.346230 15.482883 -9.285788
v 76.228088 15.530376 -9.152697
v 75.924973 15.567350 -9.156867
v 75.298973 15.585072 -9.259674
v 75.932671 15.682214 -9.066757
v 75.282364 15.725003 -9.157080
v 76.344002 15.567620 -9.094706
v 76.294319 15.688148 -9.129539
v 75.957962 15.807667 -9.137450
v 75.309799 15.874125 -9.243056
v 76.022873 15.861009 -9.342884
v 75.370552 15.940577 -9.491370
v 76.424629 15.669647 -9.258373
v 74.476776 15.399066 -9.939476
v 74.261627 15.332336 -9.780028
v 74.101105 15.446585 -9.811954
v 74.401665 15.503480 -9.998596
v 74.382660 15.379427 -9.536510
v 74.286919 15.479536 -9.507328
v 74.340019 15.607652 -9.535347
v 74.209641 15.610575 -9.778610
v 74.434135 15.627292 -9.938313
v 76.757477 15.408158 -9.193374
v 74.671631 15.777812 -9.393047
v 74.723152 15.845298 -9.647229
v 74.790749 15.802668 -9.903021
v 74.680206 15.484362 -9.405347
v 74.647087 15.626293 -9.304812
v 74.799324 15.509217 -9.915321
v 74.734947 15.441490 -9.664155
v 74.811005 15.660496 -10.006572
v 74.367752 15.311034 -9.903286
v 74.348381 15.329299 -9.817799
v 74.451721 15.369735 -9.816782
v 74.453323 15.330838 -9.920708
v 74.366074 15.311034 -9.731947
v 74.451279 15.330838 -9.712845
v 74.537392 15.313571 -9.730262
v 74.556221 15.332377 -9.815754
v 74.539078 15.313571 -9.901601
v 74.858322 0.531975 -10.226295
v 74.934662 0.439579 -9.812033
v 74.413551 0.323218 -9.817157
v 74.438637 0.495094 -10.321037
v 74.850189 0.531975 -9.399352
v 74.428719 0.495094 -9.312881
v 74.028214 0.622015 -9.407435
v 73.932693 0.550610 -9.821886
v 74.036339 0.622016 -10.234379
v 74.630020 13.901074 -9.970052
v 74.686615 13.901930 -9.814472
v 74.700195 13.654383 -9.814339
v 74.640961 13.653501 -9.977160
v 74.626968 13.901075 -9.660036
v 74.637772 13.653501 -9.652713
v 74.648552 13.394650 -9.645504
v 74.713707 13.395553 -9.814206
v 74.651878 13.394650 -9.984157
v 74.471405 13.898796 -9.603432
v 74.474968 13.651151 -9.593473
v 74.316986 13.896518 -9.663084
v 74.313354 13.648800 -9.655903
v 74.309937 13.389841 -9.648834
v 74.478615 13.392244 -9.583672
v 74.260391 13.895662 -9.818664
v 74.254128 13.647919 -9.818726
v 74.320038 13.896518 -9.973100
v 74.316551 13.648800 -9.980351
v 74.313263 13.389839 -9.987486
v 74.248108 13.388937 -9.818785
v 74.475601 13.898796 -10.029704
v 74.479355 13.651150 -10.039590
v 74.483200 13.392245 -10.049318
v 74.611084 14.326056 -9.957721
v 74.663116 14.326848 -9.814703
v 74.674324 14.124186 -9.814593
v 74.620117 14.123363 -9.963602
v 74.608284 14.326056 -9.672737
v 74.617195 14.123362 -9.666679
v 74.465279 14.323947 -9.620704
v 74.468201 14.121166 -9.612465
v 74.323334 14.321836 -9.675539
v 74.320305 14.118970 -9.669599
v 74.271301 14.321045 -9.818556
v 74.266098 14.118146 -9.818607
v 74.326134 14.321835 -9.960523
v 74.323227 14.118970 -9.966521
v 74.469131 14.323946 -10.012557
v 74.472221 14.121165 -10.020735
v 74.594276 14.703380 -9.946773
v 74.642242 14.704110 -9.814908
v 74.652481 14.519069 -9.814808
v 74.602524 14.518307 -9.952142
v 74.591690 14.703380 -9.684014
v 74.599831 14.518309 -9.678482
v 74.459839 14.701434 -9.636039
v 74.462509 14.516282 -9.628517
v 74.328964 14.699489 -9.686598
v 74.326202 14.514256 -9.681173
v 74.280991 14.698759 -9.818461
v 74.276237 14.513495 -9.818508
v 74.331543 14.699488 -9.949356
v 74.328888 14.514256 -9.954833
v 74.463394 14.701434 -9.997332
v 74.466209 14.516283 -10.004799
v 74.578484 15.057817 -9.936488
v 74.622643 15.058493 -9.815102
v 74.632317 14.883598 -9.815006
v 74.586281 14.882896 -9.941564
v 74.576103 15.057818 -9.694607
v 74.583794 14.882896 -9.689379
v 74.454735 15.056027 -9.650443
v 74.457253 14.881030 -9.643334
v 74.334251 15.054236 -9.696985
v 74.331642 14.879163 -9.691858
v 74.290092 15.053565 -9.818372
v 74.285599 14.878462 -9.818416
v 74.336632 15.054236 -9.938866
v 74.334122 14.879163 -9.944043
v 74.458000 15.056027 -9.983030
v 74.460663 14.881030 -9.990088
v 74.607231 15.220801 -9.815253
v 74.566544 15.218354 -9.927138
v 74.564354 15.218354 -9.704189
v 74.452454 15.218530 -9.663476
v 74.341431 15.215052 -9.706382
v 74.300697 15.216259 -9.818268
v 74.343620 15.215052 -9.929331
v 74.455467 15.218532 -9.970043
v 74.690315 12.353283 -10.007685
v 74.760857 12.354628 -9.813742
v 74.774231 12.070131 -9.813610
v 74.701363 12.067993 -10.014005
v 74.686516 12.353283 -9.621224
v 74.697441 12.067993 -9.614688
v 74.712959 11.773325 -9.607805
v 74.792305 11.776569 -9.813433
v 74.717018 11.773326 -10.020581
v 74.492615 12.349698 -9.550663
v 74.497147 12.062282 -9.541779
v 74.300140 12.346111 -9.625024
v 74.298332 12.056572 -9.618613
v 74.300598 11.756030 -9.611860
v 74.506020 11.764678 -9.532437
v 74.229599 12.344769 -9.818966
v 74.225456 12.054432 -9.819007
v 74.303940 12.346112 -10.011484
v 74.302254 12.056574 -10.017930
v 74.304657 11.756030 -10.024636
v 74.225311 11.752787 -9.819009
v 74.497841 12.349698 -10.082046
v 74.502548 12.062282 -10.090839
v 74.511597 11.764677 -10.100004
v 74.671082 12.884605 -9.995987
v 74.737289 12.885541 -9.813973
v 74.748833 12.625441 -9.813861
v 74.680496 12.624439 -10.001707
v 74.667511 12.884607 -9.633298
v 74.676811 12.624440 -9.627394
v 74.485512 12.882118 -9.567077
v 74.488983 12.621767 -9.559051
v 74.304855 12.879629 -9.636865
v 74.302544 12.619095 -9.631075
v 74.238640 12.878695 -9.818877
v 74.234207 12.618092 -9.818921
v 74.308426 12.879628 -9.999553
v 74.306221 12.619095 -10.005387
v 74.490417 12.882118 -10.065774
v 74.494049 12.621766 -10.073730
v 74.725883 13.140097 -9.814086
v 74.661774 13.139182 -9.990315
v 74.658318 13.139181 -9.639152
v 74.482109 13.136733 -9.575035
v 74.307190 13.134289 -9.642605
v 74.243080 13.133371 -9.818834
v 74.310646 13.134289 -9.993768
v 74.486855 13.136734 -10.057884
v 74.889488 9.854723 -10.063669
v 74.981003 9.860874 -9.811577
v 75.018730 9.481311 -9.811206
v 74.923958 9.475660 -10.072149
v 74.884544 9.854721 -9.561334
v 74.918846 9.475661 -9.552177
v 74.950241 9.088900 -9.542776
v 75.053665 9.093765 -9.810863
v 74.955536 9.088900 -10.080932
v 74.632996 9.838318 -9.469610
v 74.658356 9.460594 -9.457235
v 74.383301 9.821914 -9.566263
v 74.399780 9.445526 -9.557282
v 74.412750 9.062945 -9.548061
v 74.680504 9.075922 -9.444514
v 74.291786 9.815762 -9.818355
v 74.305016 9.439877 -9.818225
v 74.388237 9.821914 -10.068599
v 74.404892 9.445526 -10.077253
v 74.418037 9.062945 -10.086217
v 74.314613 9.058079 -9.818130
v 74.639786 9.838318 -10.160321
v 74.665390 9.460594 -10.172195
v 74.687782 9.075922 -10.184479
v 74.826065 10.539176 -10.048342
v 74.911751 10.545257 -9.812258
v 74.945312 10.213734 -9.811928
v 74.856812 10.207497 -10.055777
v 74.821442 10.539177 -9.577906
v 74.852028 10.207497 -9.569867
v 74.585915 10.522964 -9.492006
v 74.608749 10.190864 -9.481143
v 74.352119 10.506750 -9.582520
v 74.367264 10.174232 -9.574635
v 74.266434 10.500670 -9.818604
v 74.278755 10.167994 -9.818483
v 74.356750 10.506750 -10.052957
v 74.372040 10.174232 -10.060544
v 74.592270 10.522963 -10.138857
v 74.615318 10.190865 -10.149268
v 74.767502 11.170537 -10.034163
v 74.847832 11.175880 -9.812886
v 74.879356 10.865079 -9.812576
v 74.796387 10.859238 -10.041162
v 74.763161 11.170538 -9.593233
v 74.791908 10.859238 -9.585668
v 74.542358 11.156292 -9.512723
v 74.563858 10.843658 -9.502497
v 74.323181 11.142045 -9.597561
v 74.337486 10.828079 -9.590136
v 74.242851 11.136703 -9.818836
v 74.254517 10.822237 -9.818722
v 74.327515 11.142046 -10.038489
v 74.341965 10.828079 -10.045631
v 74.548317 11.156292 -10.118999
v 74.570015 10.843658 -10.128801
v 74.817719 11.478891 -9.813183
v 74.739944 11.474483 -10.027307
v 74.735748 11.474483 -9.600631
v 74.521973 11.462731 -9.522723
v 74.309769 11.450979 -9.604820
v 74.231995 11.446571 -9.818943
v 74.313965 11.450979 -10.031495
v 74.527740 11.462730 -10.109402
v 75.041603 7.568510 -10.117098
v 75.153336 7.571474 -9.809883
v 75.178658 7.154574 -9.809633
v 75.063210 7.152140 -10.127039
v 75.035583 7.568510 -9.504925
v 75.056984 7.152140 -9.494559
v 75.075539 6.731966 -9.484302
v 75.201096 6.733624 -9.809413
v 75.081955 6.731967 -10.136930
v 74.728470 7.560604 -9.393150
v 74.739655 7.145646 -9.379079
v 74.423622 7.552699 -9.510942
v 74.424660 7.139153 -9.500777
v 74.422989 6.723135 -9.490719
v 74.748062 6.727551 -9.365142
v 74.311890 7.549734 -9.818157
v 74.309204 7.136719 -9.818184
v 74.429642 7.552699 -10.123116
v 74.430878 7.139153 -10.133258
v 74.429413 6.723135 -10.143348
v 74.303848 6.721479 -9.818236
v 74.736748 7.560604 -10.234889
v 74.748207 7.145646 -10.248738
v 74.756889 6.727551 -10.262506
v 75.000481 8.341648 -10.098562
v 75.105286 8.345051 -9.810355
v 75.128784 7.966741 -9.810123
v 75.020592 7.963576 -10.107625
v 74.994835 8.341648 -9.524264
v 75.014763 7.963575 -9.514808
v 74.706779 8.332577 -9.419405
v 74.717384 7.955135 -9.406569
v 74.420837 8.323504 -9.529909
v 74.422195 7.946695 -9.520636
v 74.316040 8.320104 -9.818116
v 74.313995 7.943530 -9.818136
v 74.426483 8.323504 -10.104207
v 74.428024 7.946695 -10.113452
v 74.714546 8.332577 -10.209066
v 74.725403 7.955135 -10.221691
v 75.081566 8.716896 -9.810588
v 74.980095 8.712873 -10.089717
v 74.974625 8.712873 -9.533509
v 74.695717 8.702141 -9.431953
v 74.418861 8.691412 -9.538975
v 74.317390 8.687387 -9.818103
v 74.424332 8.691412 -10.095182
v 74.703239 8.702142 -10.196738
v 75.136307 3.009692 -10.271836
v 75.304459 2.997351 -9.808396
v 75.312309 2.327459 -9.808319
v 75.129150 2.343301 -10.313605
v 75.127228 3.009692 -9.348352
v 75.119247 2.343301 -9.306732
v 75.090179 1.630080 -9.274594
v 75.295479 1.611053 -9.808485
v 75.100723 1.630079 -10.346309
v 74.665024 3.042606 -9.179728
v 74.615776 2.385546 -9.122877
v 74.206223 3.075520 -9.357409
v 74.116020 2.427792 -9.316599
v 74.023369 1.731562 -9.285085
v 74.554794 1.680820 -9.078893
v 74.038071 3.087861 -9.820849
v 73.932861 2.443634 -9.821884
v 74.215302 3.075518 -10.280893
v 74.125923 2.427792 -10.323471
v 74.033905 1.731562 -10.356800
v 73.828606 1.750588 -9.822909
v 74.677505 3.042606 -10.449518
v 74.629395 2.385546 -10.507326
v 74.569290 1.680820 -10.552502
v 75.138344 4.153508 -10.203438
v 75.281853 4.147943 -9.808619
v 75.293282 3.603174 -9.808506
v 75.139069 3.612005 -10.233134
v 75.130608 4.153507 -9.416698
v 75.130753 3.612004 -9.386992
v 74.736153 4.168344 -9.273048
v 74.706856 3.635550 -9.232494
v 74.344597 4.183182 -9.424427
v 74.286087 3.659097 -9.395299
v 74.201096 4.188746 -9.819246
v 74.131874 3.667927 -9.819927
v 74.352341 4.183182 -10.211167
v 74.294403 3.659098 -10.241441
v 74.746788 4.168344 -10.354816
v 74.718300 3.635550 -10.395939
v 75.209534 0.912384 -9.809330
v 75.019035 0.941164 -10.337010
v 75.008698 0.941165 -9.285498
v 74.482941 0.987784 -9.092931
v 73.962959 1.050553 -9.295780
v 73.770569 1.063185 -9.823480
v 73.973305 1.050554 -10.347295
v 74.497169 0.987784 -10.539879
v 75.122910 5.093807 -10.174188
v 75.255806 5.092848 -9.808874
v 75.269112 4.640551 -9.808743
v 75.132156 4.643368 -10.185333
v 75.115753 5.093807 -9.446245
v 75.124779 4.643369 -9.434921
v 74.750481 5.096367 -9.313335
v 74.748337 4.650882 -9.297907
v 74.387894 5.098927 -9.453403
v 74.374657 4.658396 -9.442297
v 74.255005 5.099886 -9.818716
v 74.237701 4.661215 -9.818887
v 74.395058 5.098927 -10.181345
v 74.382034 4.658397 -10.192710
v 74.760330 5.096367 -10.314256
v 74.758484 4.650882 -10.329723
v 75.104424 5.924219 -10.155384
v 75.230400 5.924417 -9.809124
v 75.242889 5.517118 -9.809002
v 75.113510 5.517292 -10.164610
v 75.097641 5.924219 -9.465409
v 75.106544 5.517292 -9.456006
v 74.751389 5.923693 -9.339432
v 74.750946 5.517754 -9.326627
v 74.407677 5.923164 -9.472194
v 74.397949 5.518215 -9.462975
v 74.281700 5.922968 -9.818454
v 74.268578 5.518387 -9.818583
v 74.414459 5.923165 -10.162169
v 74.404922 5.518213 -10.171578
v 74.760712 5.923693 -10.288147
v 74.760521 5.517754 -10.300958
v 75.217537 6.325802 -9.809251
v 75.094925 6.324974 -10.146292
v 75.088318 6.324974 -9.474687
v 74.751297 6.322762 -9.352063
v 74.416748 6.320550 -9.481291
v 74.294128 6.319720 -9.818332
v 74.423355 6.320549 -10.152896
v 74.760376 6.322762 -10.275519
v 76.810059 15.230156 -10.473536
v 77.890335 14.526917 -10.661016
v 77.751183 14.369040 -10.858386
v 76.649734 15.040675 -10.711678
v 78.357674 14.001839 -10.709533
v 78.340874 13.765247 -10.830574
v 78.090218 13.793870 -10.745892
v 77.604019 14.149954 -10.741859
v 76.517120 14.751174 -10.581593
v 77.597511 13.957190 -10.348604
v 76.499146 14.528004 -10.110883
v 78.208641 13.548072 -10.505732
v 78.134262 13.634916 -10.160704
v 77.666100 13.925936 -9.917131
v 76.591026 14.484452 -9.599652
v 77.836258 14.062000 -9.728021
v 76.751358 14.673932 -9.361511
v 78.393013 13.577083 -10.137848
v 78.401718 13.842885 -10.124345
v 77.952415 14.302897 -9.836288
v 76.883965 14.963433 -9.491597
v 77.989929 14.473850 -10.237802
v 76.901939 15.186604 -9.962306
v 78.525246 13.794258 -10.462690
v 74.672577 15.195591 -10.216760
v 74.348557 15.141537 -9.782357
v 74.170441 15.476943 -9.677845
v 74.610550 15.467587 -10.231276
v 74.731804 14.981853 -9.429883
v 74.682755 15.207011 -9.271966
v 74.871811 15.405417 -9.325369
v 74.519234 15.657919 -9.654941
v 74.812576 15.619155 -10.112246
v 78.871300 13.057209 -10.688941
v 75.656898 15.364017 -9.282927
v 75.657196 15.599461 -9.756473
v 75.581940 15.634514 -10.278763
v 75.394394 14.860406 -9.399963
v 75.528152 15.066848 -9.151829
v 75.319435 15.130903 -10.395799
v 75.295975 14.906457 -9.917522
v 75.425011 15.439070 -10.522165
v 73.829468 15.227676 -7.535817
v 73.403465 14.596350 -6.663346
v 73.598267 14.431518 -6.689589
v 74.061195 15.029761 -7.561629
v 73.169861 14.132829 -6.312579
v 73.242676 13.909386 -6.283844
v 73.295334 13.942512 -6.512123
v 73.552292 14.251555 -6.866494
v 73.990509 14.789631 -7.737337
v 73.236099 14.130437 -7.058876
v 73.617485 14.651212 -7.974983
v 73.032494 13.757032 -6.542946
v 72.814743 13.875424 -6.750339
v 72.874977 14.157007 -7.202219
v 73.184082 14.677059 -8.137058
v 72.669945 14.301929 -7.149730
v 72.952362 14.874975 -8.111246
v 72.673767 13.829970 -6.565834
v 72.689270 14.065742 -6.550794
v 72.726151 14.501801 -6.999071
v 73.023048 15.115105 -7.935538
v 73.032120 14.603009 -6.780442
v 73.396065 15.253525 -7.697892
v 72.883957 13.982323 -6.306732
v 74.599640 15.207254 -9.288298
v 74.411629 15.210115 -9.734531
v 74.450653 15.516524 -9.899559
v 74.669083 15.444290 -9.314425
v 73.953407 15.117045 -9.608615
v 73.881241 15.334313 -9.704934
v 73.858154 15.504307 -9.525506
v 74.295502 15.682240 -9.633211
v 74.504387 15.594516 -9.205189
v 72.816154 13.308956 -5.980309
v 73.465736 15.481104 -8.946291
v 73.850281 15.629797 -8.720222
v 74.283577 15.595268 -8.540913
v 73.617035 15.020572 -9.121829
v 73.391678 15.234386 -9.119911
v 74.434868 15.134737 -8.716450
v 74.058472 14.996075 -8.961773
v 74.517075 15.391485 -8.562083
v 75.009911 14.154137 -10.294265
v 74.750671 14.437670 -10.370471
v 75.145744 14.673475 -10.531515
v 75.374870 14.275110 -10.368937
v 74.631149 14.799232 -10.278872
v 74.913109 15.061567 -10.350171
v 75.276382 15.177645 -10.260963
v 75.537300 14.899008 -10.348639
v 75.655144 14.532551 -10.276357
v 75.681000 14.972402 -9.888653
v 75.763512 14.492161 -9.902154
v 75.301758 15.278619 -9.883388
v 75.268730 15.155305 -9.513110
v 75.527969 14.871773 -9.436904
v 75.647491 14.510211 -9.528503
v 75.132896 14.635967 -9.275860
v 75.365532 14.247875 -9.457203
v 74.903778 15.034332 -9.438437
v 74.623497 14.776892 -9.531018
v 74.741341 14.410435 -9.458736
v 75.002258 14.131798 -9.546412
v 74.597649 14.337041 -9.918721
v 74.976891 14.030824 -9.923986
v 74.515129 14.817281 -9.905220
v 75.457291 14.113161 -9.916610
v 74.821350 15.196281 -9.890764
v 73.850334 13.922131 -9.713821
v 73.638458 14.153862 -9.776105
v 73.961349 14.346586 -9.907726
v 74.148613 14.021002 -9.774852
v 73.540771 14.449367 -9.701241
v 73.771217 14.663774 -9.759514
v 74.068123 14.758645 -9.686604
v 74.281364 14.530914 -9.758261
v 74.377686 14.231408 -9.699184
v 74.398811 14.590899 -9.382315
v 74.466255 14.198398 -9.393349
v 74.088860 14.841171 -9.378011
v 74.061867 14.740387 -9.075382
v 74.273743 14.508655 -9.013099
v 74.371429 14.213150 -9.087963
v 73.950844 14.315930 -8.881477
v 74.140984 13.998742 -9.029690
v 73.763588 14.641515 -9.014352
v 73.534515 14.431108 -9.090018
v 73.630829 14.131603 -9.030943
v 73.844078 13.903872 -9.102599
v 73.513390 14.071617 -9.406889
v 73.823341 13.821346 -9.411193
v 73.445946 14.464119 -9.395855
v 74.215981 13.888640 -9.405164
v 73.696220 14.773876 -9.384040
vt 0.475492 0.000000
vt 0.550246 0.000000
vt 0.551097 0.125000
vt 0.482981 0.125000
vt 0.625000 0.000000
vt 0.625000 0.125000
vt 0.625000 0.250000
vt 0.551267 0.250000
vt 0.483661 0.250000
vt 0.551267 0.375000
vt 0.483661 0.375000
vt 0.625000 0.375000
vt 0.625000 0.500000
vt 0.551616 0.500000
vt 0.483661 0.500000
vt 0.552663 0.625000
vt 0.483661 0.625000
vt 0.638957 0.625000
vt 0.625000 0.750000
vt 0.551616 0.750000
vt 0.483661 0.750000
vt 0.551097 0.875000
vt 0.482981 0.875000
vt 0.625000 0.875000
vt 0.625000 1.000000
vt 0.550246 1.000000
vt 0.475492 1.000000
vt 0.125000 0.500000
vt 0.250000 0.500000
vt 0.247924 0.625000
vt 0.125000 0.625000
vt 0.375000 0.500000
vt 0.354235 0.625000
vt 0.375000 0.750000
vt 0.250000 0.750000
vt 0.125000 0.750000
vt 0.750000 0.500000
vt 0.751396 0.625000
vt 0.875000 0.500000
vt 0.875000 0.625000
vt 0.875000 0.750000
vt 0.750000 0.750000
vt 0.425748 0.750000
vt 0.426097 0.875000
vt 0.375000 0.875000
vt 0.425246 1.000000
vt 0.375000 1.000000
vt 0.425748 0.500000
vt 0.424191 0.625000
vt 0.375000 0.250000
vt 0.426267 0.250000
vt 0.426267 0.375000
vt 0.375000 0.375000
vt 0.375000 0.000000
vt 0.425246 0.000000
vt 0.426097 0.125000
vt 0.375000 0.125000
vt 0.475492 0.000000
vt 0.550246 0.000000
vt 0.551097 0.125000
vt 0.482981 0.125000
vt 0.625000 0.000000
vt 0.625000 0.125000
vt 0.625000 0.250000
vt 0.551267 0.250000
vt 0.483661 0.250000
vt 0.551267 0.375000
vt 0.483661 0.375000
vt 0.625000 0.375000
vt 0.625000 0.500000
vt 0.551616 0.500000
vt 0.483661 0.500000
vt 0.552663 0.625000
vt 0.483661 0.625000
vt 0.638957 0.625000
vt 0.625000 0.750000
vt 0.551616 0.750000
vt 0.483661 0.750000
vt 0.551097 0.875000
vt 0.482981 0.875000
vt 0.625000 0.875000
vt 0.625000 1.000000
vt 0.550246 1.000000
vt 0.475492 1.000000
vt 0.125000 0.500000
vt 0.250000 0.500000
vt 0.247924 0.625000
vt 0.125000 0.625000
vt 0.375000 0.500000
vt 0.354235 0.625000
vt 0.375000 0.750000
vt 0.250000 0.750000
vt 0.125000 0.750000
vt 0.750000 0.500000
vt 0.751396 0.625000
vt 0.875000 0.500000
vt 0.875000 0.625000
vt 0.875000 0.750000
vt 0.750000 0.750000
vt 0.425748 0.750000
vt 0.426097 0.875000
vt 0.375000 0.875000
vt 0.425246 1.000000
vt 0.375000 1.000000
vt 0.425748 0.500000
vt 0.424191 0.625000
vt 0.375000 0.250000
vt 0.426267 0.250000
vt 0.426267 0.375000
vt 0.375000 0.375000
vt 0.375000 0.000000
vt 0.425246 0.000000
vt 0.426097 0.125000
vt 0.375000 0.125000
vt 0.475492 0.000000
vt 0.550246 0.000000
vt 0.551097 0.125000
vt 0.482981 0.125000
vt 0.625000 0.000000
vt 0.625000 0.125000
vt 0.625000 0.250000
vt 0.551267 0.250000
vt 0.483661 0.250000
vt 0.551267 0.375000
vt 0.483661 0.375000
vt 0.625000 0.375000
vt 0.625000 0.500000
vt 0.551616 0.500000
vt 0.483661 0.500000
vt 0.552663 0.625000
vt 0.483661 0.625000
vt 0.638957 0.625000
vt 0.625000 0.750000
vt 0.551616 0.750000
vt 0.483661 0.750000
vt 0.551097 0.875000
vt 0.482981 0.875000
vt 0.625000 0.875000
vt 0.625000 1.000000
vt 0.550246 1.000000
vt 0.475492 1.000000
vt 0.125000 0.500000
vt 0.250000 0.500000
vt 0.247924 0.625000
vt 0.125000 0.625000
vt 0.375000 0.500000
vt 0.354235 0.625000
vt 0.375000 0.750000
vt 0.250000 0.750000
vt 0.125000 0.750000
vt 0.750000 0.500000
vt 0.751396 0.625000
vt 0.875000 0.500000
vt 0.875000 0.625000
vt 0.875000 0.750000
vt 0.750000 0.750000
vt 0.425748 0.750000
vt 0.426097 0.875000
vt 0.375000 0.875000
vt 0.425246 1.000000
vt 0.375000 1.000000
vt 0.425748 0.500000
vt 0.424191 0.625000
vt 0.375000 0.250000
vt 0.426267 0.250000
vt 0.426267 0.375000
vt 0.375000 0.375000
vt 0.375000 0.000000
vt 0.425246 0.000000
vt 0.426097 0.125000
vt 0.375000 0.125000
vt 0.475492 0.000000
vt 0.550246 0.000000
vt 0.551097 0.125000
vt 0.482981 0.125000
vt 0.625000 0.000000
vt 0.625000 0.125000
vt 0.625000 0.250000
vt 0.551267 0.250000
vt 0.483661 0.250000
vt 0.551267 0.375000
vt 0.483661 0.375000
vt 0.625000 0.375000
vt 0.625000 0.500000
vt 0.551616 0.500000
vt 0.483661 0.500000
vt 0.552663 0.625000
vt 0.483661 0.625000
vt 0.638957 0.625000
vt 0.625000 0.750000
vt 0.551616 0.750000
vt 0.483661 0.750000
vt 0.551097 0.875000
vt 0.482981 0.875000
vt 0.625000 0.875000
vt 0.625000 1.000000
vt 0.550246 1.000000
vt 0.475492 1.000000
vt 0.125000 0.500000
vt 0.250000 0.500000
vt 0.247924 0.625000
vt 0.125000 0.625000
vt 0.375000 0.500000
vt 0.354235 0.625000
vt 0.375000 0.750000
vt 0.250000 0.750000
vt 0.125000 0.750000
vt 0.750000 0.500000
vt 0.751396 0.625000
vt 0.875000 0.500000
vt 0.875000 0.625000
vt 0.875000 0.750000
vt 0.750000 0.750000
vt 0.425748 0.750000
vt 0.426097 0.875000
vt 0.375000 0.875000
vt 0.425246 1.000000
vt 0.375000 1.000000
vt 0.425748 0.500000
vt 0.424191 0.625000
vt 0.375000 0.250000
vt 0.426267 0.250000
vt 0.426267 0.375000
vt 0.375000 0.375000
vt 0.375000 0.000000
vt 0.425246 0.000000
vt 0.426097 0.125000
vt 0.375000 0.125000
vt 0.475492 0.000000
vt 0.550246 0.000000
vt 0.551097 0.125000
vt 0.482981 0.125000
vt 0.625000 0.000000
vt 0.625000 0.125000
vt 0.625000 0.250000
vt 0.551267 0.250000
vt 0.483661 0.250000
vt 0.551267 0.375000
vt 0.483661 0.375000
vt 0.625000 0.375000
vt 0.625000 0.500000
vt 0.551616 0.500000
vt 0.483661 0.500000
vt 0.552663 0.625000
vt 0.483661 0.625000
vt 0.638957 0.625000
vt 0.625000 0.750000
vt 0.551616 0.750000
vt 0.483661 0.750000
vt 0.551097 0.875000
vt 0.482981 0.875000
vt 0.625000 0.875000
vt 0.625000 1.000000
vt 0.550246 1.000000
vt 0.475492 1.000000
vt 0.125000 0.500000
vt 0.250000 0.500000
vt 0.247924 0.625000
vt 0.125000 0.625000
vt 0.375000 0.500000
vt 0.354235 0.625000
vt 0.375000 0.750000
vt 0.250000 0.750000
vt 0.125000 0.750000
vt 0.750000 0.500000
vt 0.751396 0.625000
vt 0.875000 0.500000
vt 0.875000 0.625000
vt 0.875000 0.750000
vt 0.750000 0.750000
vt 0.425748 0.750000
vt 0.426097 0.875000
vt 0.375000 0.875000
vt 0.425246 1.000000
vt 0.375000 1.000000
vt 0.425748 0.500000
vt 0.424191 0.625000
vt 0.375000 0.250000
vt 0.426267 0.250000
vt 0.426267 0.375000
vt 0.375000 0.375000
vt 0.375000 0.000000
vt 0.425246 0.000000
vt 0.426097 0.125000
vt 0.375000 0.125000
vt 0.475492 0.000000
vt 0.550246 0.000000
vt 0.551097 0.125000
vt 0.482981 0.125000
vt 0.625000 0.000000
vt 0.625000 0.125000
vt 0.625000 0.250000
vt 0.551267 0.250000
vt 0.483661 0.250000
vt 0.551267 0.375000
vt 0.483661 0.375000
vt 0.625000 0.375000
vt 0.625000 0.500000
vt 0.551616 0.500000
vt 0.483661 0.500000
vt 0.552663 0.625000
vt 0.483661 0.625000
vt 0.638957 0.625000
vt 0.625000 0.750000
vt 0.551616 0.750000
vt 0.483661 0.750000
vt 0.551097 0.875000
vt 0.482981 0.875000
vt 0.625000 0.875000
vt 0.625000 1.000000
vt 0.550246 1.000000
vt 0.475492 1.000000
vt 0.125000 0.500000
vt 0.250000 0.500000
vt 0.247924 0.625000
vt 0.125000 0.625000
vt 0.375000 0.500000
vt 0.354235 0.625000
vt 0.375000 0.750000
vt 0.250000 0.750000
vt 0.125000 0.750000
vt 0.750000 0.500000
vt 0.751396 0.625000
vt 0.875000 0.500000
vt 0.875000 0.625000
vt 0.875000 0.750000
vt 0.750000 0.750000
vt 0.425748 0.750000
vt 0.426097 0.875000
vt 0.375000 0.875000
vt 0.425246 1.000000
vt 0.375000 1.000000
vt 0.425748 0.500000
vt 0.424191 0.625000
vt 0.375000 0.250000
vt 0.426267 0.250000
vt 0.426267 0.375000
vt 0.375000 0.375000
vt 0.375000 0.000000
vt 0.425246 0.000000
vt 0.426097 0.125000
vt 0.375000 0.125000
vt 0.475492 0.000000
vt 0.550246 0.000000
vt 0.551097 0.125000
vt 0.482981 0.125000
vt 0.625000 0.000000
vt 0.625000 0.125000
vt 0.625000 0.250000
vt 0.551267 0.250000
vt 0.483661 0.250000
vt 0.551267 0.375000
vt 0.483661 0.375000
vt 0.625000 0.375000
vt 0.625000 0.500000
vt 0.551616 0.500000
vt 0.483661 0.500000
vt 0.552663 0.625000
vt 0.483661 0.625000
vt 0.638957 0.625000
vt 0.625000 0.750000
vt 0.551616 0.750000
vt 0.483661 0.750000
vt 0.551097 0.875000
vt 0.482981 0.875000
vt 0.625000 0.875000
vt 0.625000 1.000000
vt 0.550246 1.000000
vt 0.475492 1.000000
vt 0.125000 0.500000
vt 0.250000 0.500000
vt 0.247924 0.625000
vt 0.125000 0.625000
vt 0.375000 0.500000
vt 0.354235 0.625000
vt 0.375000 0.750000
vt 0.250000 0.750000
vt 0.125000 0.750000
vt 0.750000 0.500000
vt 0.751396 0.625000
vt 0.875000 0.500000
vt 0.875000 0.625000
vt 0.875000 0.750000
vt 0.750000 0.750000
vt 0.425748 0.750000
vt 0.426097 0.875000
vt 0.375000 0.875000
vt 0.425246 1.000000
vt 0.375000 1.000000
vt 0.425748 0.500000
vt 0.424191 0.625000
vt 0.375000 0.250000
vt 0.426267 0.250000
vt 0.426267 0.375000
vt 0.375000 0.375000
vt 0.375000 0.000000
vt 0.425246 0.000000
vt 0.426097 0.125000
vt 0.375000 0.125000
vt 0.475492 0.000000
vt 0.550246 0.000000
vt 0.551097 0.125000
vt 0.482981 0.125000
vt 0.625000 0.000000
vt 0.625000 0.125000
vt 0.625000 0.250000
vt 0.551267 0.250000
vt 0.483661 0.250000
vt 0.551267 0.375000
vt 0.483661 0.375000
vt 0.625000 0.375000
vt 0.625000 0.500000
vt 0.551616 0.500000
vt 0.483661 0.500000
vt 0.552663 0.625000
vt 0.483661 0.625000
vt 0.638957 0.625000
vt 0.625000 0.750000
vt 0.551616 0.750000
vt 0.483661 0.750000
vt 0.551097 0.875000
vt 0.482981 0.875000
vt 0.625000 0.875000
vt 0.625000 1.000000
vt 0.550246 1.000000
vt 0.475492 1.000000
vt 0.125000 0.500000
vt 0.250000 0.500000
vt 0.247924 0.625000
vt 0.125000 0.625000
vt 0.375000 0.500000
vt 0.354235 0.625000
vt 0.375000 0.750000
vt 0.250000 0.750000
vt 0.125000 0.750000
vt 0.750000 0.500000
vt 0.751396 0.625000
vt 0.875000 0.500000
vt 0.875000 0.625000
vt 0.875000 0.750000
vt 0.750000 0.750000
vt 0.425748 0.750000
vt 0.426097 0.875000
vt 0.375000 0.875000
vt 0.425246 1.000000
vt 0.375000 1.000000
vt 0.425748 0.500000
vt 0.424191 0.625000
vt 0.375000 0.250000
vt 0.426267 0.250000
vt 0.426267 0.375000
vt 0.375000 0.375000
vt 0.375000 0.000000
vt 0.425246 0.000000
vt 0.426097 0.125000
vt 0.375000 0.125000
vt 0.475492 0.000000
vt 0.550246 0.000000
vt 0.551097 0.125000
vt 0.482981 0.125000
vt 0.625000 0.000000
vt 0.625000 0.125000
vt 0.625000 0.250000
vt 0.551267 0.250000
vt 0.483661 0.250000
vt 0.551267 0.375000
vt 0.483661 0.375000
vt 0.625000 0.375000
vt 0.625000 0.500000
vt 0.551616 0.500000
vt 0.483661 0.500000
vt 0.552663 0.625000
vt 0.483661 0.625000
vt 0.638957 0.625000
vt 0.625000 0.750000
vt 0.551616 0.750000
vt 0.483661 0.750000
vt 0.551097 0.875000
vt 0.482981 0.875000
vt 0.625000 0.875000
vt 0.625000 1.000000
vt 0.550246 1.000000
vt 0.475492 1.000000
vt 0.125000 0.500000
vt 0.250000 0.500000
vt 0.247924 0.625000
vt 0.125000 0.625000
vt 0.375000 0.500000
vt 0.354235 0.625000
vt 0.375000 0.750000
vt 0.250000 0.750000
vt 0.125000 0.750000
vt 0.750000 0.500000
vt 0.751396 0.625000
vt 0.875000 0.500000
vt 0.875000 0.625000
vt 0.875000 0.750000
vt 0.750000 0.750000
vt 0.425748 0.750000
vt 0.426097 0.875000
vt 0.375000 0.875000
vt 0.425246 1.000000
vt 0.375000 1.000000
vt 0.425748 0.500000
vt 0.424191 0.625000
vt 0.375000 0.250000
vt 0.426267 0.250000
vt 0.426267 0.375000
vt 0.375000 0.375000
vt 0.375000 0.000000
vt 0.425246 0.000000
vt 0.426097 0.125000
vt 0.375000 0.125000
vt 0.475492 0.000000
vt 0.550246 0.000000
vt 0.551097 0.125000
vt 0.482981 0.125000
vt 0.625000 0.000000
vt 0.625000 0.125000
vt 0.625000 0.250000
vt 0.551267 0.250000
vt 0.483661 0.250000
vt 0.551267 0.375000
vt 0.483661 0.375000
vt 0.625000 0.375000
vt 0.625000 0.500000
vt 0.551616 0.500000
vt 0.483661 0.500000
vt 0.552663 0.625000
vt 0.483661 0.625000
vt 0.638957 0.625000
vt 0.625000 0.750000
vt 0.551616 0.750000
vt 0.483661 0.750000
vt 0.551097 0.875000
vt 0.482981 0.875000
vt 0.625000 0.875000
vt 0.625000 1.000000
vt 0.550246 1.000000
vt 0.475492 1.000000
vt 0.125000 0.500000
vt 0.250000 0.500000
vt 0.247924 0.625000
vt 0.125000 0.625000
vt 0.375000 0.500000
vt 0.354235 0.625000
vt 0.375000 0.750000
vt 0.250000 0.750000
vt 0.125000 0.750000
vt 0.750000 0.500000
vt 0.751396 0.625000
vt 0.875000 0.500000
vt 0.875000 0.625000
vt 0.875000 0.750000
vt 0.750000 0.750000
vt 0.425748 0.750000
vt 0.426097 0.875000
vt 0.375000 0.875000
vt 0.425246 1.000000
vt 0.375000 1.000000
vt 0.425748 0.500000
vt 0.424191 0.625000
vt 0.375000 0.250000
vt 0.426267 0.250000
vt 0.426267 0.375000
vt 0.375000 0.375000
vt 0.375000 0.000000
vt 0.425246 0.000000
vt 0.426097 0.125000
vt 0.375000 0.125000
vt 0.475492 0.000000
vt 0.550246 0.000000
vt 0.551097 0.125000
vt 0.482981 0.125000
vt 0.625000 0.000000
vt 0.625000 0.125000
vt 0.625000 0.250000
vt 0.551267 0.250000
vt 0.483661 0.250000
vt 0.551267 0.375000
vt 0.483661 0.375000
vt 0.625000 0.375000
vt 0.625000 0.500000
vt 0.551616 0.500000
vt 0.483661 0.500000
vt 0.552663 0.625000
vt 0.483661 0.625000
vt 0.638957 0.625000
vt 0.625000 0.750000
vt 0.551616 0.750000
vt 0.483661 0.750000
vt 0.551097 0.875000
vt 0.482981 0.875000
vt 0.625000 0.875000
vt 0.625000 1.000000
vt 0.550246 1.000000
vt 0.475492 1.000000
vt 0.125000 0.500000
vt 0.250000 0.500000
vt 0.247924 0.625000
vt 0.125000 0.625000
vt 0.375000 0.500000
vt 0.354235 0.625000
vt 0.375000 0.750000
vt 0.250000 0.750000
vt 0.125000 0.750000
vt 0.750000 0.500000
vt 0.751396 0.625000
vt 0.875000 0.500000
vt 0.875000 0.625000
vt 0.875000 0.750000
vt 0.750000 0.750000
vt 0.425748 0.750000
vt 0.426097 0.875000
vt 0.375000 0.875000
vt 0.425246 1.000000
vt 0.375000 1.000000
vt 0.425748 0.500000
vt 0.424191 0.625000
vt 0.375000 0.250000
vt 0.426267 0.250000
vt 0.426267 0.375000
vt 0.375000 0.375000
vt 0.375000 0.000000
vt 0.425246 0.000000
vt 0.426097 0.125000
vt 0.375000 0.125000
vt 0.475492 0.000000
vt 0.550246 0.000000
vt 0.551097 0.125000
vt 0.482981 0.125000
vt 0.625000 0.000000
vt 0.625000 0.125000
vt 0.625000 0.250000
vt 0.551267 0.250000
vt 0.483661 0.250000
vt 0.551267 0.375000
vt 0.483661 0.375000
vt 0.625000 0.375000
vt 0.625000 0.500000
vt 0.551616 0.500000
vt 0.483661 0.500000
vt 0.552663 0.625000
vt 0.483661 0.625000
vt 0.638957 0.625000
vt 0.625000 0.750000
vt 0.551616 0.750000
vt 0.483661 0.750000
vt 0.551097 0.875000
vt 0.482981 0.875000
vt 0.625000 0.875000
vt 0.625000 1.000000
vt 0.550246 1.000000
vt 0.475492 1.000000
vt 0.125000 0.500000
vt 0.250000 0.500000
vt 0.247924 0.625000
vt 0.125000 0.625000
vt 0.375000 0.500000
vt 0.354235 0.625000
vt 0.375000 0.750000
vt 0.250000 0.750000
vt 0.125000 0.750000
vt 0.750000 0.500000
vt 0.751396 0.625000
vt 0.875000 0.500000
vt 0.875000 0.625000
vt 0.875000 0.750000
vt 0.750000 0.750000
vt 0.425748 0.750000
vt 0.426097 0.875000
vt 0.375000 0.875000
vt 0.425246 1.000000
vt 0.375000 1.000000
vt 0.425748 0.500000
vt 0.424191 0.625000
vt 0.375000 0.250000
vt 0.426267 0.250000
vt 0.426267 0.375000
vt 0.375000 0.375000
vt 0.375000 0.000000
vt 0.425246 0.000000
vt 0.426097 0.125000
vt 0.375000 0.125000
vt 0.475492 0.000000
vt 0.550246 0.000000
vt 0.551097 0.125000
vt 0.482981 0.125000
vt 0.625000 0.000000
vt 0.625000 0.125000
vt 0.625000 0.250000
vt 0.551267 0.250000
vt 0.483661 0.250000
vt 0.551267 0.375000
vt 0.483661 0.375000
vt 0.625000 0.375000
vt 0.625000 0.500000
vt 0.551616 0.500000
vt 0.483661 0.500000
vt 0.552663 0.625000
vt 0.483661 0.625000
vt 0.638957 0.625000
vt 0.625000 0.750000
vt 0.551616 0.750000
vt 0.483661 0.750000
vt 0.551097 0.875000
vt 0.482981 0.875000
vt 0.625000 0.875000
vt 0.625000 1.000000
vt 0.550246 1.000000
vt 0.475492 1.000000
vt 0.125000 0.500000
vt 0.250000 0.500000
vt 0.247924 0.625000
vt 0.125000 0.625000
vt 0.375000 0.500000
vt 0.354235 0.625000
vt 0.375000 0.750000
vt 0.250000 0.750000
vt 0.125000 0.750000
vt 0.750000 0.500000
vt 0.751396 0.625000
vt 0.875000 0.500000
vt 0.875000 0.625000
vt 0.875000 0.750000
vt 0.750000 0.750000
vt 0.425748 0.750000
vt 0.426097 0.875000
vt 0.375000 0.875000
vt 0.425246 1.000000
vt 0.375000 1.000000
vt 0.425748 0.500000
vt 0.424191 0.625000
vt 0.375000 0.250000
vt 0.426267 0.250000
vt 0.426267 0.375000
vt 0.375000 0.375000
vt 0.375000 0.000000
vt 0.425246 0.000000
vt 0.426097 0.125000
vt 0.375000 0.125000
vt 0.475492 0.000000
vt 0.550246 0.000000
vt 0.551097 0.125000
vt 0.482981 0.125000
vt 0.625000 0.000000
vt 0.625000 0.125000
vt 0.625000 0.250000
vt 0.551267 0.250000
vt 0.483661 0.250000
vt 0.551267 0.375000
vt 0.483661 0.375000
vt 0.625000 0.375000
vt 0.625000 0.500000
vt 0.551616 0.500000
vt 0.483661 0.500000
vt 0.552663 0.625000
vt 0.483661 0.625000
vt 0.638957 0.625000
vt 0.625000 0.750000
vt 0.551616 0.750000
vt 0.483661 0.750000
vt 0.551097 0.875000
vt 0.482981 0.875000
vt 0.625000 0.875000
vt 0.625000 1.000000
vt 0.550246 1.000000
vt 0.475492 1.000000
vt 0.125000 0.500000
vt 0.250000 0.500000
vt 0.247924 0.625000
vt 0.125000 0.625000
vt 0.375000 0.500000
vt 0.354235 0.625000
vt 0.375000 0.750000
vt 0.250000 0.750000
vt 0.125000 0.750000
vt 0.750000 0.500000
vt 0.751396 0.625000
vt 0.875000 0.500000
vt 0.875000 0.625000
vt 0.875000 0.750000
vt 0.750000 0.750000
vt 0.425748 0.750000
vt 0.426097 0.875000
vt 0.375000 0.875000
vt 0.425246 1.000000
vt 0.375000 1.000000
vt 0.425748 0.500000
vt 0.424191 0.625000
vt 0.375000 0.250000
vt 0.426267 0.250000
vt 0.426267 0.375000
vt 0.375000 0.375000
vt 0.375000 0.000000
vt 0.425246 0.000000
vt 0.426097 0.125000
vt 0.375000 0.125000
vt 0.475492 0.000000
vt 0.550246 0.000000
vt 0.551097 0.125000
vt 0.482981 0.125000
vt 0.625000 0.000000
vt 0.625000 0.125000
vt 0.625000 0.250000
vt 0.551267 0.250000
vt 0.483661 0.250000
vt 0.551267 0.375000
vt 0.483661 0.375000
vt 0.625000 0.375000
vt 0.625000 0.500000
vt 0.551616 0.500000
vt 0.483661 0.500000
vt 0.552663 0.625000
vt 0.483661 0.625000
vt 0.638957 0.625000
vt 0.625000 0.750000
vt 0.551616 0.750000
vt 0.483661 0.750000
vt 0.551097 0.875000
vt 0.482981 0.875000
vt 0.625000 0.875000
vt 0.625000 1.000000
vt 0.550246 1.000000
vt 0.475492 1.000000
vt 0.125000 0.500000
vt 0.250000 0.500000
vt 0.247924 0.625000
vt 0.125000 0.625000
vt 0.375000 0.500000
vt 0.354235 0.625000
vt 0.375000 0.750000
vt 0.250000 0.750000
vt 0.125000 0.750000
vt 0.750000 0.500000
vt 0.751396 0.625000
vt 0.875000 0.500000
vt 0.875000 0.625000
vt 0.875000 0.750000
vt 0.750000 0.750000
vt 0.425748 0.750000
vt 0.426097 0.875000
vt 0.375000 0.875000
vt 0.425246 1.000000
vt 0.375000 1.000000
vt 0.425748 0.500000
vt 0.424191 0.625000
vt 0.375000 0.250000
vt 0.426267 0.250000
vt 0.426267 0.375000
vt 0.375000 0.375000
vt 0.375000 0.000000
vt 0.425246 0.000000
vt 0.426097 0.125000
vt 0.375000 0.125000
vt 0.000000 0.000000
vt 0.000000 0.000000
vt 0.000000 0.000000
vt 0.000000 0.000000
vt 0.000000 0.000000
vt 0.000000 0.000000
vt 0.000000 0.000000
vt 0.000000 0.000000
vt 0.000000 0.000000
vt 0.000000 0.000000
vt 0.000000 0.000000
vt 0.000000 0.000000
vt 0.000000 0.000000
vt 0.000000 0.000000
vt 0.000000 0.000000
vt 0.000000 0.000000
vt 0.000000 0.000000
vt 0.000000 0.000000
vt 0.000000 0.000000
vt 0.000000 0.000000
vt 0.000000 0.000000
vt 0.000000 0.000000
vt 0.000000 0.000000
vt 0.000000 0.000000
vt 0.000000 0.000000
vt 0.000000 0.000000
vt 0.000000 0.000000
vt 0.000000 0.000000
vt 0.000000 0.000000
vt 0.000000 0.000000
vt 0.000000 0.000000
vt 0.000000 0.000000
vt 0.000000 0.000000
vt 0.000000 0.000000
vt 0.000000 0.000000
vt 0.000000 0.000000
vt 0.000000 0.000000
vt 0.000000 0.000000
vt 0.000000 0.000000
vt 0.000000 0.000000
vt 0.000000 0.000000
vt 0.000000 0.000000
vt 0.000000 0.000000
vt 0.000000 0.000000
vt 0.000000 0.000000
vt 0.000000 0.000000
vt 0.000000 0.000000
vt 0.000000 0.000000
vt 0.000000 0.000000
vt 0.000000 0.000000
vt 0.000000 0.000000
vt 0.000000 0.000000
vt 0.000000 0.000000
vt 0.000000 0.000000
vt 0.000000 0.000000
vt 0.000000 0.000000
vt 0.000000 0.000000
vt 0.000000 0.000000
vt 0.000000 0.000000
vt 0.000000 0.000000
vt 0.000000 0.000000
vt 0.000000 0.000000
vt 0.000000 0.000000
vt 0.000000 0.000000
vt 0.000000 0.000000
vt 0.000000 0.000000
vt 0.000000 0.000000
vt 0.000000 0.000000
vt 0.000000 0.000000
vt 0.000000 0.000000
vt 0.000000 0.000000
vt 0.000000 0.000000
vt 0.000000 0.000000
vt 0.000000 0.000000
vt 0.000000 0.000000
vt 0.000000 0.000000
vt 0.000000 0.000000
vt 0.000000 0.000000
vt 0.000000 0.000000
vt 0.000000 0.000000
vt 0.000000 0.000000
vt 0.000000 0.000000
vt 0.000000 0.000000
vt 0.000000 0.000000
vt 0.000000 0.000000
vt 0.000000 0.000000
vt 0.000000 0.000000
vt 0.000000 0.000000
vt 0.000000 0.000000
vt 0.000000 0.000000
vt 0.000000 0.000000
vt 0.000000 0.000000
vt 0.000000 0.000000
vt 0.000000 0.000000
vt 0.000000 0.000000
vt 0.000000 0.000000
vt 0.000000 0.000000
vt 0.000000 0.000000
vt 0.000000 0.000000
vt 0.000000 0.000000
vt 0.000000 0.000000
vt 0.000000 0.000000
vt 0.000000 0.000000
vt 0.000000 0.000000
vt 0.000000 0.000000
vt 0.000000 0.000000
vt 0.000000 0.000000
vt 0.000000 0.000000
vt 0.000000 0.000000
vt 0.000000 0.000000
vt 0.000000 0.000000
vt 0.000000 0.000000
vt 0.000000 0.000000
vt 0.000000 0.000000
vt 0.000000 0.000000
vt 0.000000 0.000000
vt 0.000000 0.000000
vt 0.000000 0.000000
vt 0.000000 0.000000
vt 0.000000 0.000000
vt 0.000000 0.000000
vt 0.000000 0.000000
vt 0.000000 0.000000
vt 0.000000 0.000000
vt 0.000000 0.000000
vt 0.000000 0.000000
vt 0.000000 0.000000
vt 0.000000 0.000000
vt 0.000000 0.000000
vt 0.000000 0.000000
vt 0.000000 0.000000
vt 0.000000 0.000000
vt 0.000000 0.000000
vt 0.000000 0.000000
vt 0.000000 0.000000
vt 0.000000 0.000000
vt 0.000000 0.000000
vt 0.000000 0.000000
vt 0.000000 0.000000
vt 0.000000 0.000000
vt 0.000000 0.000000
vt 0.000000 0.000000
vt 0.000000 0.000000
vt 0.000000 0.000000
vt 0.000000 0.000000
vt 0.000000 0.000000
vt 0.000000 0.000000
vt 0.000000 0.000000
vt 0.000000 0.000000
vt 0.000000 0.000000
vt 0.000000 0.000000
vt 0.000000 0.000000
vt 0.000000 0.000000
vt 0.000000 0.000000
vt 0.000000 0.000000
vt 0.000000 0.000000
vt 0.000000 0.000000
vt 0.000000 0.000000
vt 0.000000 0.000000
vt 0.000000 0.000000
vt 0.000000 0.000000
vt 0.000000 0.000000
vt 0.000000 0.000000
vt 0.000000 0.000000
vt 0.000000 0.000000
vt 0.000000 0.000000
vt 0.000000 0.000000
vt 0.000000 0.000000
vt 0.000000 0.000000
vt 0.000000 0.000000
vt 0.000000 0.000000
vt 0.000000 0.000000
vt 0.000000 0.000000
vt 0.000000 0.000000
vt 0.000000 0.000000
vt 0.000000 0.000000
vt 0.000000 0.000000
vt 0.000000 0.000000
vt 0.000000 0.000000
vt 0.000000 0.000000
vt 0.000000 0.000000
vt 0.000000 0.000000
vt 0.000000 0.000000
vt 0.000000 0.000000
vt 0.000000 0.000000
vt 0.000000 0.000000
vt 0.000000 0.000000
vt 0.000000 0.000000
vt 0.000000 0.000000
vt 0.000000 0.000000
vt 0.000000 0.000000
vt 0.000000 0.000000
vt 0.000000 0.000000
vt 0.000000 0.000000
vt 0.000000 0.000000
vt 0.000000 0.000000
vt 0.000000 0.000000
vt 0.000000 0.000000
vt 0.000000 0.000000
vt 0.000000 0.000000
vt 0.000000 0.000000
vt 0.000000 0.000000
vt 0.000000 0.000000
vt 0.000000 0.000000
vt 0.000000 0.000000
vt 0.000000 0.000000
vt 0.000000 0.000000
vt 0.000000 0.000000
vt 0.000000 0.000000
vt 0.000000 0.000000
vt 0.000000 0.000000
vt 0.000000 0.000000
vt 0.000000 0.000000
vt 0.000000 0.000000
vt 0.000000 0.000000
vt 0.000000 0.000000
vt 0.000000 0.000000
vt 0.000000 0.000000
vt 0.000000 0.000000
vt 0.000000 0.000000
vt 0.000000 0.000000
vt 0.000000 0.000000
vt 0.000000 0.000000
vt 0.000000 0.000000
vt 0.000000 0.000000
vt 0.000000 0.000000
vt 0.000000 0.000000
vt 0.000000 0.000000
vt 0.000000 0.000000
vt 0.000000 0.000000
vt 0.000000 0.000000
vt 0.000000 0.000000
vt 0.000000 0.000000
vt 0.000000 0.000000
vt 0.000000 0.000000
vt 0.000000 0.000000
vt 0.000000 0.000000
vt 0.000000 0.000000
vt 0.000000 0.000000
vt 0.000000 0.000000
vt 0.000000 0.000000
vt 0.000000 0.000000
vt 0.000000 0.000000
vt 0.000000 0.000000
vt 0.000000 0.000000
vt 0.000000 0.000000
vt 0.000000 0.000000
vt 0.000000 0.000000
vt 0.000000 0.000000
vt 0.000000 0.000000
vt 0.000000 0.000000
vt 0.000000 0.000000
vt 0.000000 0.000000
vt 0.000000 0.000000
vt 0.000000 0.000000
vt 0.000000 0.000000
vt 0.000000 0.000000
vt 0.000000 0.000000
vt 0.000000 0.000000
vt 0.000000 0.000000
vt 0.000000 0.000000
vt 0.000000 0.000000
vt 0.000000 0.000000
vt 0.000000 0.000000
vt 0.000000 0.000000
vt 0.000000 0.000000
vt 0.000000 0.000000
vt 0.000000 0.000000
vt 0.000000 0.000000
vt 0.000000 0.000000
vt 0.000000 0.000000
vt 0.000000 0.000000
vt 0.000000 0.000000
vt 0.000000 0.000000
vt 0.000000 0.000000
vt 0.000000 0.000000
vt 0.000000 0.000000
vt 0.000000 0.000000
vt 0.000000 0.000000
vt 0.000000 0.000000
vt 0.000000 0.000000
vt 0.000000 0.000000
vt 0.000000 0.000000
vt 0.000000 0.000000
vt 0.000000 0.000000
vt 0.000000 0.000000
vt 0.000000 0.000000
vt 0.000000 0.000000
vt 0.000000 0.000000
vt 0.000000 0.000000
vt 0.000000 0.000000
vt 0.000000 0.000000
vt 0.000000 0.000000
vt 0.000000 0.000000
vt 0.000000 0.000000
vt 0.000000 0.000000
vt 0.000000 0.000000
vt 0.000000 0.000000
vt 0.000000 0.000000
vt 0.000000 0.000000
vt 0.000000 0.000000
vt 0.000000 0.000000
vt 0.000000 0.000000
vt 0.000000 0.000000
vt 0.000000 0.000000
vt 0.000000 0.000000
vt 0.000000 0.000000
vt 0.000000 0.000000
vt 0.000000 0.000000
vt 0.000000 0.000000
vt 0.000000 0.000000
vt 0.000000 0.000000
vt 0.000000 0.000000
vt 0.000000 0.000000
vt 0.000000 0.000000
vt 0.000000 0.000000
vt 0.000000 0.000000
vt 0.000000 0.000000
vt 0.000000 0.000000
vt 0.000000 0.000000
vt 0.000000 0.000000
vt 0.000000 0.000000
vt 0.000000 0.000000
vt 0.000000 0.000000
vt 0.000000 0.000000
vt 0.000000 0.000000
vt 0.000000 0.000000
vt 0.000000 0.000000
vt 0.000000 0.000000
vt 0.000000 0.000000
vt 0.000000 0.000000
vt 0.000000 0.000000
vt 0.000000 0.000000
vt 0.000000 0.000000
vt 0.000000 0.000000
vt 0.000000 0.000000
vt 0.000000 0.000000
vt 0.000000 0.000000
vt 0.000000 0.000000
vt 0.000000 0.000000
vt 0.000000 0.000000
vt 0.000000 0.000000
vt 0.000000 0.000000
vt 0.000000 0.000000
vt 0.000000 0.000000
vt 0.000000 0.000000
vt 0.475492 0.000000
vt 0.550246 0.000000
vt 0.551097 0.125000
vt 0.482981 0.125000
vt 0.625000 0.000000
vt 0.625000 0.125000
vt 0.625000 0.250000
vt 0.551267 0.250000
vt 0.483661 0.250000
vt 0.551267 0.375000
vt 0.483661 0.375000
vt 0.625000 0.375000
vt 0.625000 0.500000
vt 0.551616 0.500000
vt 0.483661 0.500000
vt 0.552663 0.625000
vt 0.483661 0.625000
vt 0.638957 0.625000
vt 0.625000 0.750000
vt 0.551616 0.750000
vt 0.483661 0.750000
vt 0.551097 0.875000
vt 0.482981 0.875000
vt 0.625000 0.875000
vt 0.625000 1.000000
vt 0.550246 1.000000
vt 0.475492 1.000000
vt 0.125000 0.500000
vt 0.250000 0.500000
vt 0.247924 0.625000
vt 0.125000 0.625000
vt 0.375000 0.500000
vt 0.354235 0.625000
vt 0.375000 0.750000
vt 0.250000 0.750000
vt 0.125000 0.750000
vt 0.750000 0.500000
vt 0.751396 0.625000
vt 0.875000 0.500000
vt 0.875000 0.625000
vt 0.875000 0.750000
vt 0.750000 0.750000
vt 0.425748 0.750000
vt 0.426097 0.875000
vt 0.375000 0.875000
vt 0.425246 1.000000
vt 0.375000 1.000000
vt 0.425748 0.500000
vt 0.424191 0.625000
vt 0.375000 0.250000
vt 0.426267 0.250000
vt 0.426267 0.375000
vt 0.375000 0.375000
vt 0.375000 0.000000
vt 0.425246 0.000000
vt 0.426097 0.125000
vt 0.375000 0.125000
vt 0.475492 0.000000
vt 0.550246 0.000000
vt 0.551097 0.125000
vt 0.482981 0.125000
vt 0.625000 0.000000
vt 0.625000 0.125000
vt 0.625000 0.250000
vt 0.551267 0.250000
vt 0.483661 0.250000
vt 0.551267 0.375000
vt 0.483661 0.375000
vt 0.625000 0.375000
vt 0.625000 0.500000
vt 0.551616 0.500000
vt 0.483661 0.500000
vt 0.552663 0.625000
vt 0.483661 0.625000
vt 0.638957 0.625000
vt 0.625000 0.750000
vt 0.551616 0.750000
vt 0.483661 0.750000
vt 0.551097 0.875000
vt 0.482981 0.875000
vt 0.625000 0.875000
vt 0.625000 1.000000
vt 0.550246 1.000000
vt 0.475492 1.000000
vt 0.125000 0.500000
vt 0.250000 0.500000
vt 0.247924 0.625000
vt 0.125000 0.625000
vt 0.375000 0.500000
vt 0.354235 0.625000
vt 0.375000 0.750000
vt 0.250000 0.750000
vt 0.125000 0.750000
vt 0.750000 0.500000
vt 0.751396 0.625000
vt 0.875000 0.500000
vt 0.875000 0.625000
vt 0.875000 0.750000
vt 0.750000 0.750000
vt 0.425748 0.750000
vt 0.426097 0.875000
vt 0.375000 0.875000
vt 0.425246 1.000000
vt 0.375000 1.000000
vt 0.425748 0.500000
vt 0.424191 0.625000
vt 0.375000 0.250000
vt 0.426267 0.250000
vt 0.426267 0.375000
vt 0.375000 0.375000
vt 0.375000 0.000000
vt 0.425246 0.000000
vt 0.426097 0.125000
vt 0.375000 0.125000
vt 0.375000 0.000000
vt 0.500000 0.000000
vt 0.500000 0.125000
vt 0.375000 0.125000
vt 0.625000 0.000000
vt 0.625000 0.125000
vt 0.625000 0.250000
vt 0.500000 0.250000
vt 0.375000 0.250000
vt 0.500000 0.375000
vt 0.375000 0.375000
vt 0.625000 0.375000
vt 0.625000 0.500000
vt 0.500000 0.500000
vt 0.375000 0.500000
vt 0.500000 0.625000
vt 0.375000 0.625000
vt 0.625000 0.625000
vt 0.625000 0.750000
vt 0.500000 0.750000
vt 0.375000 0.750000
vt 0.500000 0.875000
vt 0.375000 0.875000
vt 0.625000 0.875000
vt 0.625000 1.000000
vt 0.500000 1.000000
vt 0.375000 1.000000
vt 0.125000 0.500000
vt 0.250000 0.500000
vt 0.250000 0.625000
vt 0.125000 0.625000
vt 0.250000 0.750000
vt 0.125000 0.750000
vt 0.750000 0.500000
vt 0.750000 0.625000
vt 0.875000 0.500000
vt 0.875000 0.625000
vt 0.875000 0.750000
vt 0.750000 0.750000
vt 0.375000 0.000000
vt 0.500000 0.000000
vt 0.500000 0.125000
vt 0.375000 0.125000
vt 0.625000 0.000000
vt 0.625000 0.125000
vt 0.625000 0.250000
vt 0.500000 0.250000
vt 0.375000 0.250000
vt 0.500000 0.375000
vt 0.375000 0.375000
vt 0.625000 0.375000
vt 0.625000 0.500000
vt 0.500000 0.500000
vt 0.375000 0.500000
vt 0.500000 0.625000
vt 0.375000 0.625000
vt 0.625000 0.625000
vt 0.625000 0.750000
vt 0.500000 0.750000
vt 0.375000 0.750000
vt 0.500000 0.875000
vt 0.375000 0.875000
vt 0.625000 0.875000
vt 0.625000 1.000000
vt 0.500000 1.000000
vt 0.375000 1.000000
vt 0.125000 0.500000
vt 0.250000 0.500000
vt 0.250000 0.625000
vt 0.125000 0.625000
vt 0.250000 0.750000
vt 0.125000 0.750000
vt 0.750000 0.500000
vt 0.750000 0.625000
vt 0.875000 0.500000
vt 0.875000 0.625000
vt 0.875000 0.750000
vt 0.750000 0.750000
vn 0.5949 0.5129 -0.6189
vn 0.7551 0.3087 -0.5783
vn 0.0686 -0.4850 -0.8718
vn 0.0761 -0.4272 -0.9010
vn -0.3465 -0.8321 -0.4330
vn -0.4053 -0.7771 -0.4815
vn -0.5641 -0.8249 -0.0359
vn -0.4843 -0.8737 -0.0462
vn -0.4761 -0.5936 0.6489
vn -0.4598 -0.6443 0.6112
vn 0.2040 0.1426 0.9685
vn 0.0403 0.3458 0.9374
vn 0.4280 0.7816 0.4537
vn 0.6524 0.5935 0.4713
vn 0.7621 0.6265 0.1636
vn 0.5640 0.8226 0.0720
vn -0.4776 -0.3080 -0.8228
vn -0.8654 -0.4248 0.2656
vn -0.5772 0.6570 0.4849
vn -0.1891 0.7740 -0.6043
vn -0.5868 -0.7827 0.2077
vn -0.2733 -0.6882 -0.6721
vn 0.9293 0.3448 -0.1325
vn 0.6159 0.2504 0.7470
vn -0.0839 0.9344 0.3462
vn 0.2096 0.8968 0.3896
vn 0.3465 0.9381 0.0056
vn 0.0887 0.9864 -0.1383
vn -0.5067 -0.5242 0.6844
vn -0.4256 -0.6135 0.6652
vn -0.1135 0.4430 0.8893
vn -0.3877 0.5230 0.7590
vn -0.1367 -0.9459 -0.2942
vn -0.1981 -0.9026 -0.3822
vn -0.3325 -0.9431 -0.0050
vn -0.2268 -0.9731 -0.0414
vn 0.1387 0.6817 -0.7184
vn 0.4387 0.6093 -0.6605
vn 0.1269 -0.4470 -0.8855
vn 0.0700 -0.3505 -0.9340
vn -0.8746 0.3088 -0.3739
vn -0.8517 0.0893 -0.5164
vn -0.7271 -0.6145 0.3062
vn -0.7679 -0.5637 0.3041
vn -0.1126 -0.8184 0.5635
vn -0.1479 -0.7623 0.6301
vn 0.3252 -0.7160 0.6177
vn 0.2981 -0.7782 0.5527
vn 0.8773 -0.4026 0.2612
vn 0.8472 -0.4604 0.2651
vn 0.7904 0.2501 -0.5593
vn 0.7776 0.4706 -0.4170
vn 0.1137 0.7588 -0.6413
vn 0.0902 0.5408 -0.8363
vn -0.2365 0.5088 -0.8278
vn -0.2916 0.7191 -0.6307
vn -0.5297 -0.3441 0.7752
vn 0.6257 -0.2310 0.7451
vn 0.5124 0.8086 0.2890
vn -0.6438 0.6954 0.3192
vn 0.5481 -0.6346 0.5448
vn -0.3858 -0.7260 0.5692
vn -0.5096 0.1623 -0.8450
vn 0.4240 0.2537 -0.8694
vn 0.1604 0.9765 -0.1439
vn 0.1068 0.8977 -0.4275
vn -0.3008 0.8578 -0.4168
vn -0.3539 0.9261 -0.1305
vn 0.9067 -0.3246 0.2694
vn 0.8789 -0.4280 0.2105
vn 0.7669 0.5836 -0.2669
vn 0.7256 0.6876 0.0265
vn -0.0345 -0.9434 0.3299
vn -0.1029 -0.9041 0.4147
vn 0.2975 -0.8649 0.4042
vn 0.2338 -0.9171 0.3229
vn -0.8428 0.5340 0.0674
vn -0.8783 0.4225 -0.2239
vn -0.7672 -0.5892 0.2535
vn -0.8114 -0.4929 0.3142
vn -0.1286 0.4605 0.8783
vn -0.2349 0.2296 0.9445
vn 0.6083 -0.4082 0.6807
vn 0.6111 -0.3500 0.7100
vn 0.6915 -0.7196 0.0630
vn 0.7561 -0.6513 0.0632
vn 0.5910 -0.7124 -0.3785
vn 0.5482 -0.7726 -0.3204
vn 0.0367 -0.5622 -0.8262
vn 0.0587 -0.6113 -0.7892
vn -0.8082 0.0178 -0.5887
vn -0.7053 0.2474 -0.6643
vn -0.7556 0.6545 -0.0272
vn -0.8970 0.4307 0.0992
vn -0.7830 0.4728 0.4042
vn -0.6141 0.7068 0.3512
vn 0.9449 -0.1476 0.2923
vn 0.5415 -0.2967 -0.7866
vn -0.0140 0.6973 -0.7166
vn 0.3896 0.8465 0.3629
vn 0.4409 -0.6892 -0.5749
vn 0.7670 -0.5688 0.2971
vn -0.6604 0.1953 0.7250
vn -0.9863 0.0749 -0.1466
vn -0.3376 0.8998 -0.2764
vn -0.5746 0.8099 -0.1176
vn -0.4323 0.8625 0.2630
vn -0.1580 0.9662 0.2039
vn 0.0231 -0.4923 -0.8701
vn -0.0073 -0.5917 -0.8061
vn -0.5789 0.3729 -0.7252
vn -0.3073 0.5092 -0.8040
vn 0.4679 -0.8790 0.0916
vn 0.5624 -0.8182 0.1194
vn 0.4226 -0.8698 -0.2545
vn 0.3742 -0.9136 -0.1589
vn 0.2402 0.7115 0.6604
vn -0.0046 0.5851 0.8110
vn 0.5673 -0.3794 0.7309
vn 0.6229 -0.2707 0.7340
vn 0.8033 0.4498 0.3903
vn 0.8248 0.2222 0.5199
vn 0.8279 -0.4447 -0.3418
vn 0.8583 -0.3872 -0.3369
vn 0.2610 -0.7483 -0.6099
vn 0.2841 -0.6827 -0.6732
vn -0.1889 -0.7291 -0.6578
vn -0.1495 -0.7885 -0.5965
vn -0.7867 -0.5486 -0.2832
vn -0.7461 -0.5992 -0.2905
vn -0.8170 0.0612 0.5735
vn -0.8485 0.2877 0.4442
vn -0.2497 0.6852 0.6842
vn -0.1824 0.4652 0.8662
vn 0.1442 0.4972 0.8556
vn 0.1555 0.7250 0.6710
vn 0.5767 -0.1913 -0.7943
vn -0.5786 -0.3046 -0.7566
vn -0.6617 0.7099 -0.2413
vn 0.4943 0.8233 -0.2790
vn -0.4225 -0.6964 -0.5801
vn 0.5113 -0.6048 -0.6106
vn 0.4789 0.2093 0.8525
vn -0.4544 0.1177 0.8830
vn -0.3434 0.9176 0.2003
vn -0.2722 0.8347 0.4787
vn 0.1353 0.8747 0.4654
vn 0.1709 0.9681 0.1835
vn -0.8305 -0.4774 -0.2869
vn -0.7828 -0.5766 -0.2341
vn -0.8616 0.4089 0.3008
vn -0.8445 0.5354 0.0139
vn 0.2112 -0.8989 -0.3839
vn 0.2698 -0.8425 -0.4663
vn -0.1306 -0.8818 -0.4533
vn -0.0570 -0.9252 -0.3752
vn 0.7236 0.6892 -0.0372
vn 0.7833 0.5703 0.2472
vn 0.8631 -0.4151 -0.2878
vn 0.8871 -0.3089 -0.3429
vn 0.8712 0.4048 -0.2776
vn 0.9640 0.1702 -0.2042
vn 0.3248 -0.4502 -0.8318
vn 0.3532 -0.3939 -0.8486
vn -0.2841 -0.7224 -0.6304
vn -0.3082 -0.6543 -0.6906
vn -0.6369 -0.6876 -0.3487
vn -0.5695 -0.7513 -0.3337
vn -0.7902 -0.5096 0.3405
vn -0.7693 -0.5609 0.3060
vn -0.1771 0.0548 0.9827
vn -0.2769 0.2887 0.9165
vn 0.3405 0.6552 0.6744
vn 0.5030 0.4240 0.7532
vn 0.7300 0.4470 0.5171
vn 0.6221 0.6837 0.3815
vn -0.1560 -0.1659 -0.9737
vn -0.9590 -0.2472 -0.1386
vn -0.5990 0.7407 0.3042
vn 0.2045 0.8220 -0.5315
vn -0.7470 -0.6522 -0.1290
vn -0.0980 -0.5865 -0.8040
vn 0.9496 0.1499 0.2752
vn 0.3008 0.0843 0.9499
vn -0.0513 0.9154 0.3992
vn 0.1893 0.8159 0.5463
vn 0.4726 0.8446 0.2517
vn 0.3061 0.9516 0.0274
vn -0.8199 -0.4370 0.3699
vn -0.7547 -0.5402 0.3723
vn -0.3795 0.4176 0.8256
vn -0.5607 0.5584 0.6113
vn -0.1702 -0.8832 -0.4370
vn -0.1829 -0.8243 -0.5359
vn -0.4611 -0.8524 -0.2465
vn -0.3566 -0.9021 -0.2431
vn 0.5292 0.6687 -0.5222
vn 0.7638 0.5333 -0.3635
vn 0.3893 -0.4245 -0.8175
vn 0.3741 -0.3162 -0.8718
vn -0.5159 0.2447 -0.8209
vn -0.4093 0.0225 -0.9121
vn -0.7529 -0.6465 -0.1235
vn -0.7869 -0.5983 -0.1514
vn -0.3877 -0.8055 0.4481
vn -0.4564 -0.7495 0.4795
vn -0.0618 -0.6757 0.7345
vn -0.0453 -0.7415 0.6694
vn 0.5851 -0.3417 0.7354
vn 0.5599 -0.4010 0.7251
vn 0.9600 0.2786 -0.0270
vn 0.8619 0.5023 0.0696
vn 0.4347 0.7437 -0.5079
vn 0.5330 0.5186 -0.6685
vn 0.2606 0.4677 -0.8446
vn 0.0968 0.6805 -0.7264
vn -0.8657 -0.3502 0.3577
vn 0.0979 -0.1700 0.9806
vn 0.2321 0.8462 0.4797
vn -0.7321 0.6659 -0.1435
vn 0.1604 -0.5837 0.7960
vn -0.6185 -0.7293 0.2926
vn 0.0565 0.1052 -0.9928
vn 0.8351 0.2508 -0.4896
vn 0.1837 0.9793 -0.0855
vn 0.3033 0.8886 -0.3442
vn -0.0367 0.8250 -0.5640
vn -0.2452 0.8990 -0.3627
vn 0.6022 -0.2619 0.7542
vn 0.6160 -0.3685 0.6962
vn 0.7643 0.6192 0.1803
vn 0.5603 0.7298 0.3918
vn -0.1870 -0.9329 0.3077
vn -0.2926 -0.8951 0.3364
vn 0.0414 -0.8327 0.5522
vn 0.0368 -0.8911 0.4523
vn -0.7476 0.4852 -0.4536
vn -0.6077 0.3626 -0.7065
vn -0.7567 -0.6252 -0.1911
vn -0.8305 -0.5298 -0.1719
vn -0.8918 0.1975 0.4071
vn -0.9464 -0.0442 0.3198
vn -0.1288 -0.5722 0.8099
vn -0.1652 -0.5244 0.8353
vn 0.4915 -0.6992 0.5192
vn 0.5093 -0.6328 0.5833
vn 0.7940 -0.5714 0.2074
vn 0.7386 -0.6459 0.1930
vn 0.8251 -0.3109 -0.4718
vn 0.8187 -0.3680 -0.4408
vn 0.0419 0.1688 -0.9848
vn 0.1026 0.4118 -0.9055
vn -0.5390 0.6259 -0.5637
vn -0.6628 0.3739 -0.6488
vn -0.8594 0.3315 -0.3892
vn -0.7829 0.5733 -0.2418
vn 0.3027 -0.2096 0.9298
vn 0.9981 -0.0597 0.0117
vn 0.4052 0.8682 -0.2864
vn -0.2908 0.7182 0.6322
vn 0.8676 -0.4969 -0.0177
vn 0.3055 -0.6181 0.7243
vn -0.9872 -0.0223 -0.1579
vn -0.4253 0.0988 -0.8996
vn -0.1732 0.9364 -0.3053
vn -0.4067 0.8027 -0.4361
vn -0.6520 0.7499 -0.1123
vn -0.4828 0.8696 0.1033
vn 0.8366 -0.2318 -0.4964
vn 0.7924 -0.3454 -0.5027
vn 0.1891 0.5510 -0.8128
vn 0.3650 0.7075 -0.6051
vn 0.3875 -0.8634 0.3231
vn 0.4007 -0.8113 0.4256
vn 0.6417 -0.7594 0.1075
vn 0.5489 -0.8286 0.1099
vn -0.5790 0.5040 0.6409
vn -0.8011 0.3375 0.4943
vn -0.1983 -0.5590 0.8051
vn -0.1975 -0.4547 0.8685
vn 0.2692 0.4143 0.8694
vn 0.1970 0.1799 0.9637
vn 0.8333 -0.4409 0.3336
vn 0.8495 -0.3843 0.3616
vn 0.6377 -0.7198 -0.2742
vn 0.6975 -0.6515 -0.2985
vn 0.3578 -0.6902 -0.6290
vn 0.3429 -0.7534 -0.5610
vn -0.3318 -0.5189 -0.7879
vn -0.2970 -0.5697 -0.7663
vn -0.9820 0.0456 -0.1835
vn -0.9170 0.2792 -0.2849
vn -0.6815 0.6528 0.3309
vn -0.7595 0.4223 0.4948
vn -0.5249 0.4491 0.7230
vn -0.3905 0.6860 0.6140
vn 0.9759 -0.1597 -0.1487
vn 0.1463 -0.2542 -0.9560
vn -0.3063 0.7332 -0.6071
vn 0.5239 0.8278 0.2007
vn 0.1386 -0.6574 -0.7407
vn 0.8091 -0.5810 -0.0882
vn -0.2821 0.1558 0.9467
vn -0.9524 0.0795 0.2944
vn -0.4059 0.9118 -0.0615
vn -0.5537 0.8132 0.1791
vn -0.2611 0.8466 0.4639
vn -0.0366 0.9539 0.2978
vn -0.3615 -0.4468 -0.8183
vn -0.3635 -0.5495 -0.7523
vn -0.8265 0.4080 -0.3880
vn -0.6122 0.5489 -0.5691
vn 0.4449 -0.8812 -0.1600
vn 0.5433 -0.8216 -0.1726
vn 0.2558 -0.8543 -0.4524
vn 0.2523 -0.9031 -0.3475
vn 0.5138 0.6772 0.5267
vn 0.3547 0.5426 0.7614
vn 0.8183 -0.4148 0.3978
vn 0.8720 -0.3063 0.3820
vn -0.4555 0.3339 -0.8252
vn -0.2883 0.1686 -0.9426
vn -0.5544 -0.7338 -0.3927
vn -0.5953 -0.6881 -0.4149
vn -0.2342 -0.9544 0.1854
vn -0.3176 -0.9234 0.2157
vn 0.0135 -0.8376 0.5461
vn 0.0532 -0.8799 0.4722
vn 0.5559 -0.3898 0.7342
vn 0.5472 -0.4484 0.7068
vn 0.8607 0.4664 0.2043
vn 0.7005 0.6334 0.3286
vn 0.3016 0.9206 -0.2481
vn 0.4700 0.7685 -0.4341
vn 0.2414 0.7093 -0.6623
vn 0.0180 0.8471 -0.5311
vn -0.7929 -0.5985 0.1141
vn 0.0156 -0.3890 0.9211
vn -0.0387 0.7261 0.6865
vn -0.8477 0.5165 -0.1210
vn 0.1978 -0.7207 0.6645
vn -0.4557 -0.8900 0.0122
vn 0.1502 0.3624 -0.9198
vn 0.8035 0.5317 -0.2678
vn -0.0483 0.9852 0.1646
vn 0.1202 0.9893 -0.0824
vn -0.1650 0.9154 -0.3671
vn -0.4082 0.8919 -0.1946
vn 0.5509 -0.3156 0.7726
vn 0.5969 -0.3989 0.6961
vn 0.5650 0.6960 0.4432
vn 0.3162 0.7053 0.6345
vn 0.0069 -0.9983 0.0582
vn -0.1073 -0.9914 0.0753
vn 0.1728 -0.9188 0.3550
vn 0.1947 -0.9496 0.2456
vn -0.7813 0.4210 -0.4609
vn -0.5863 0.3977 -0.7058
vn -0.5549 -0.6974 -0.4536
vn -0.6513 -0.6271 -0.4273
vn -0.7765 0.0850 0.6243
vn -0.7176 -0.1657 0.6765
vn 0.3293 -0.0239 0.9439
vn 0.2793 0.0148 0.9601
vn 0.8628 -0.0793 0.4994
vn 0.8564 0.0129 0.5162
vn 0.9961 -0.0573 0.0671
vn 0.9840 -0.1403 0.1096
vn 0.7651 -0.2294 -0.6016
vn 0.7942 -0.2575 -0.5504
vn -0.2326 -0.4094 -0.8822
vn -0.2886 -0.1603 -0.9439
vn -0.8743 -0.0170 -0.4850
vn -0.8682 -0.2970 -0.3975
vn -0.9647 -0.2485 -0.0874
vn -0.9940 0.0432 -0.1004
vn 0.5339 0.4608 0.7089
vn 0.8751 0.2893 -0.3879
vn -0.1471 0.6330 -0.7601
vn -0.4886 0.8046 0.3375
vn 0.9790 -0.1025 -0.1764
vn 0.7032 0.0361 0.7101
vn -0.8519 -0.4299 0.2990
vn -0.5762 -0.5685 -0.5872
vn -0.6733 0.4841 -0.5589
vn -0.8277 0.2325 -0.5108
vn -0.9481 0.2930 -0.1239
vn -0.8252 0.5604 -0.0707
vn 0.7305 -0.1792 -0.6590
vn 0.7491 -0.2837 -0.5986
vn -0.2682 0.0259 -0.9630
vn -0.1596 0.3191 -0.9342
vn 0.8209 -0.3482 0.4526
vn 0.8250 -0.2468 0.5084
vn 0.9433 -0.3063 0.1283
vn 0.9001 -0.3880 0.1980
vn -0.6228 0.5519 0.5545
vn -0.7541 0.2701 0.5987
vn 0.2630 -0.0394 0.9640
vn 0.2231 0.0758 0.9718
vn -0.8719 0.3446 0.3479
vn -0.9635 0.2354 0.1272
vn -0.5727 -0.7702 0.2807
vn -0.5992 -0.7313 0.3259
vn 0.0396 -0.9985 0.0391
vn 0.0532 -0.9899 0.1317
vn 0.4558 -0.8846 -0.0985
vn 0.3890 -0.9071 -0.1607
vn 0.8009 -0.3653 -0.4745
vn 0.7669 -0.4200 -0.4852
vn 0.4338 0.6006 -0.6717
vn 0.5340 0.7121 -0.4559
vn -0.0884 0.9884 -0.1235
vn -0.2453 0.9018 -0.3559
vn -0.5232 0.8291 -0.1970
vn -0.4333 0.8983 0.0736
vn -0.1219 -0.7590 0.6395
vn 0.8614 -0.5020 0.0774
vn 0.7243 0.5996 0.3405
vn -0.2596 0.3424 0.9030
vn 0.6226 -0.7499 -0.2236
vn -0.1721 -0.9577 0.2308
vn -0.8255 0.5103 -0.2412
vn -0.0311 0.7179 -0.6954
vn 0.2397 0.9212 0.3064
vn 0.0380 0.9945 0.0979
vn -0.3088 0.9038 0.2962
vn -0.1980 0.8068 0.5566
vn 0.8439 -0.2999 -0.4449
vn 0.7723 -0.3604 -0.5232
vn 0.6206 0.7287 -0.2896
vn 0.7513 0.6598 -0.0126
vn -0.0339 -0.9736 -0.2259
vn -0.0422 -0.9928 -0.1121
vn 0.2985 -0.9037 -0.3069
vn 0.1944 -0.9139 -0.3564
vn -0.5833 0.3110 0.7504
vn -0.7794 0.3627 0.5108
vn -0.6285 -0.7265 0.2777
vn -0.6181 -0.6820 0.3909
vn 0.6073 0.6156 -0.5022
vn 0.7554 0.5892 -0.2868
vn 0.8208 -0.4985 -0.2788
vn 0.8242 -0.4595 -0.3310
vn 0.3883 -0.9189 0.0699
vn 0.3644 -0.9310 -0.0202
vn -0.0231 -0.9672 0.2529
vn 0.0520 -0.9503 0.3069
vn -0.5236 -0.5855 0.6189
vn -0.4688 -0.6190 0.6301
vn -0.5898 0.4635 0.6613
vn -0.7461 0.4892 0.4516
vn -0.3328 0.9430 0.0073
vn -0.1348 0.9655 0.2226
vn 0.1328 0.9906 0.0340
vn -0.0009 0.9740 -0.2266
vn 0.3798 -0.7295 -0.5689
vn -0.5668 -0.8180 0.0983
vn -0.9374 0.1873 -0.2936
vn 0.0098 0.2759 -0.9611
vn -0.2201 -0.8959 0.3860
vn 0.5449 -0.8244 -0.1532
vn 0.5450 0.8357 0.0673
vn -0.2198 0.7642 0.6063
vn -0.6361 0.6813 -0.3622
vn -0.4682 0.8622 -0.1933
vn -0.1342 0.8935 -0.4286
vn -0.2148 0.7207 -0.6591
vn -0.5929 -0.5490 0.5892
vn -0.4959 -0.5618 0.6622
vn -0.8454 0.4428 0.2986
vn -0.9573 0.2844 0.0516
vn 0.4665 -0.8255 0.3177
vn 0.4725 -0.8568 0.2064
vn 0.1445 -0.8875 0.4376
vn 0.2467 -0.8461 0.4726
vn 0.3275 0.4045 -0.8539
vn 0.5023 0.5688 -0.6513
vn 0.8527 -0.4358 -0.2882
vn 0.8146 -0.4174 -0.4028
vn 0.6993 0.7148 -0.0020
vn 0.8471 0.5222 0.0985
vn 0.6926 -0.2156 -0.6884
vn 0.7017 -0.1515 -0.6962
vn 0.1978 -0.7060 -0.6801
vn 0.1686 -0.6450 -0.7454
vn -0.2077 -0.8286 -0.5199
vn -0.1288 -0.8653 -0.4844
vn -0.6070 -0.7899 0.0877
vn -0.5596 -0.8265 0.0618
vn -0.4590 -0.1149 0.8810
vn -0.6148 0.0737 0.7852
vn -0.1357 0.6591 0.7398
vn 0.0709 0.4938 0.8667
vn 0.3307 0.6206 0.7110
vn 0.1866 0.8163 0.5467
vn 0.2034 -0.1077 -0.9732
vn -0.7157 -0.5560 -0.4226
vn -0.8909 0.4432 0.0994
vn 0.0288 0.8918 -0.4515
vn -0.3812 -0.8578 -0.3448
vn 0.3617 -0.4954 -0.7898
vn 0.7042 0.4481 0.5507
vn -0.0383 0.0858 0.9956
vn -0.4992 0.7902 0.3555
vn -0.2920 0.7679 0.5701
vn 0.0322 0.9261 0.3759
vn -0.0901 0.9898 0.1104
vn -0.6685 -0.7361 0.1059
vn -0.5734 -0.8090 0.1291
vn -0.7271 0.1665 0.6660
vn -0.8778 0.2554 0.4053
vn 0.3024 -0.8351 -0.4596
vn 0.2978 -0.7745 -0.5581
vn -0.0207 -0.9299 -0.3673
vn 0.0890 -0.9392 -0.3317
vn 0.3697 0.8639 -0.3420
vn 0.5815 0.8049 -0.1179
vn 0.7360 -0.1703 -0.6553
vn 0.6980 -0.0695 -0.7127
vn 0.0732 0.4962 0.8651
vn -0.1260 0.3387 0.9324
vn 0.3501 -0.6151 0.7065
vn 0.3779 -0.5633 0.7348
vn 0.2977 -0.9497 0.0976
vn 0.3859 -0.9173 0.0985
vn 0.2192 -0.9120 -0.3468
vn 0.1530 -0.9451 -0.2889
vn -0.2018 -0.5449 -0.8139
vn -0.2046 -0.5975 -0.7754
vn -0.7045 0.3571 -0.6133
vn -0.5088 0.5147 -0.6900
vn -0.3846 0.9210 -0.0625
vn -0.6133 0.7873 0.0636
vn -0.4982 0.7836 0.3711
vn -0.2418 0.9164 0.3189
vn 0.7747 -0.5432 0.3236
vn 0.3676 -0.5302 -0.7640
vn 0.3113 0.6087 -0.7297
vn 0.7187 0.5957 0.3586
vn 0.0989 -0.8305 -0.5481
vn 0.4279 -0.8410 0.3310
vn -0.5180 0.4905 0.7008
vn -0.8470 0.5010 -0.1780
vn 0.1035 0.9472 -0.3035
vn -0.1517 0.9769 -0.1503
vn -0.0081 0.9724 0.2334
vn 0.2847 0.9414 0.1807
vn -0.1820 -0.4775 -0.8596
vn -0.2547 -0.5511 -0.7946
vn -0.3387 0.5690 -0.7494
vn -0.0333 0.5679 -0.8224
vn 0.0260 -0.9921 0.1224
vn 0.1371 -0.9788 0.1519
vn -0.0040 -0.9743 -0.2250
vn -0.0686 -0.9891 -0.1301
vn 0.5192 0.5503 0.6539
vn 0.2410 0.5506 0.7993
vn 0.3253 -0.5696 0.7548
vn 0.4233 -0.4968 0.7576
vn 0.2904 0.5850 -0.7573
vn 0.5252 0.4805 -0.7023
vn 0.2478 -0.5701 -0.7833
vn 0.2283 -0.5215 -0.8221
vn 0.0406 -0.9674 -0.2498
vn -0.0378 -0.9533 -0.2997
vn -0.1458 -0.9758 0.1628
vn -0.0532 -0.9870 0.1516
vn -0.1474 -0.5999 0.7864
vn -0.1117 -0.6452 0.7558
vn 0.1502 0.4023 0.9031
vn -0.0869 0.5062 0.8580
vn 0.0554 0.9615 0.2692
vn 0.3400 0.8940 0.2918
vn 0.4146 0.9096 -0.0276
vn 0.1479 0.9808 -0.1270
vn -0.3189 -0.6362 -0.7025
vn -0.5828 -0.6912 0.4272
vn -0.7919 0.4302 0.4334
vn -0.5278 0.4854 -0.6970
vn -0.1774 -0.9004 0.3972
vn 0.0359 -0.8559 -0.5159
vn 0.6793 0.6737 -0.2909
vn 0.4661 0.6293 0.6219
vn -0.4747 0.8579 0.1967
vn -0.1932 0.9579 0.2121
vn -0.1002 0.9774 -0.1864
vn -0.3572 0.8824 -0.3062
vn -0.2042 -0.5447 0.8134
vn -0.0929 -0.5929 0.7999
vn -0.2692 0.5173 0.8124
vn -0.5545 0.4461 0.7025
vn 0.2832 -0.9517 -0.1189
vn 0.2063 -0.9567 -0.2053
vn 0.1149 -0.9758 0.1862
vn 0.2219 -0.9645 0.1434
vn -0.1964 0.5208 -0.8308
vn 0.1065 0.5957 -0.7961
vn 0.2830 -0.5144 -0.8095
vn 0.1881 -0.4628 -0.8663
vn -0.3132 0.8990 -0.3060
vn -0.3192 0.8990 0.2998
vn 0.2865 0.9080 0.3057
vn 0.2924 0.9080 -0.3000
vn 0.1833 -0.9419 -0.2814
vn 0.1777 -0.9419 0.2849
vn -0.3851 -0.8796 0.2793
vn -0.3795 -0.8796 -0.2868
vn 0.9384 0.0513 -0.3417
vn 0.9315 0.0513 0.3601
vn 0.9316 0.0488 0.3601
vn 0.9385 0.0488 -0.3417
vn 0.3411 0.0427 0.9391
vn -0.3606 0.0323 0.9322
vn -0.3606 0.0302 0.9322
vn 0.3411 0.0404 0.9391
vn -0.9395 0.0237 0.3416
vn -0.9326 0.0237 -0.3601
vn -0.9327 0.0217 -0.3601
vn -0.9396 0.0217 0.3417
vn -0.3422 0.0323 -0.9391
vn 0.3595 0.0427 -0.9322
vn 0.3596 0.0404 -0.9322
vn -0.3422 0.0302 -0.9392
vn 0.9384 0.0517 -0.3417
vn 0.9315 0.0517 0.3601
vn 0.9384 0.0517 -0.3416
vn 0.3411 0.0431 0.9391
vn -0.3606 0.0327 0.9322
vn -0.9395 0.0241 0.3417
vn -0.9326 0.0240 -0.3601
vn -0.9395 0.0240 0.3416
vn -0.3422 0.0327 -0.9391
vn 0.3595 0.0431 -0.9322
vn 0.9315 0.0517 0.3600
vn 0.3410 0.0431 0.9391
vn 0.3410 0.0430 0.9391
vn -0.9395 0.0240 0.3417
vn 0.3595 0.0430 -0.9322
vn 0.9384 0.0518 -0.3417
vn 0.3594 0.0431 -0.9322
vn 0.8802 0.3700 -0.2972
vn 0.8742 0.3701 0.3144
vn 0.9288 0.0890 0.3598
vn 0.9357 0.0890 -0.3415
vn 0.2918 0.3615 0.8855
vn -0.3197 0.3524 0.8795
vn -0.3609 0.0700 0.9300
vn 0.3403 0.0804 0.9369
vn -0.8908 0.3439 0.2971
vn -0.8848 0.3439 -0.3145
vn -0.9310 0.0614 -0.3598
vn -0.9379 0.0614 0.3415
vn -0.3024 0.3524 -0.8857
vn 0.3092 0.3615 -0.8796
vn 0.3587 0.0804 -0.9300
vn -0.3426 0.0700 -0.9369
vn 0.9388 0.0439 -0.3418
vn 0.9319 0.0440 0.3602
vn 0.9311 0.0575 0.3601
vn 0.9380 0.0575 -0.3418
vn 0.3411 0.0345 0.9394
vn -0.3608 0.0230 0.9324
vn -0.3611 0.0184 0.9324
vn 0.3406 0.0398 0.9394
vn -0.9397 0.0134 0.3417
vn -0.9328 0.0134 -0.3601
vn -0.9329 0.0005 -0.3601
vn -0.9398 0.0005 0.3417
vn -0.3424 0.0230 -0.9393
vn 0.3595 0.0345 -0.9325
vn 0.3590 0.0398 -0.9325
vn -0.3426 0.0184 -0.9393
vn 0.9389 0.0415 -0.3418
vn 0.9320 0.0415 0.3602
vn 0.9389 0.0416 -0.3418
vn 0.3413 0.0335 0.9393
vn -0.3605 0.0239 0.9324
vn -0.3606 0.0239 0.9324
vn 0.3413 0.0335 0.9394
vn -0.9397 0.0159 0.3418
vn -0.9328 0.0159 -0.3602
vn -0.9328 0.0158 -0.3601
vn -0.9397 0.0158 0.3417
vn -0.3421 0.0239 -0.9393
vn 0.3597 0.0335 -0.9325
vn -0.3422 0.0239 -0.9393
vn 0.9387 0.0446 -0.3417
vn 0.9318 0.0446 0.3601
vn 0.9319 0.0419 0.3602
vn 0.9389 0.0419 -0.3417
vn 0.3413 0.0364 0.9393
vn -0.3606 0.0266 0.9324
vn -0.3605 0.0243 0.9324
vn 0.3413 0.0339 0.9393
vn -0.9396 0.0185 0.3417
vn -0.9327 0.0184 -0.3601
vn -0.9327 0.0163 -0.3602
vn -0.9396 0.0163 0.3417
vn -0.3421 0.0266 -0.9393
vn 0.3597 0.0364 -0.9324
vn 0.3597 0.0339 -0.9324
vn -0.3421 0.0243 -0.9393
vn 0.9352 0.0927 -0.3417
vn 0.9283 0.0927 0.3600
vn 0.9291 0.0841 0.3600
vn 0.9360 0.0841 -0.3417
vn 0.3391 0.0535 0.9392
vn -0.3613 0.0064 0.9324
vn -0.3612 0.0101 0.9324
vn 0.3396 0.0505 0.9392
vn -0.9392 -0.0330 0.3418
vn -0.9323 -0.0329 -0.3602
vn -0.9326 -0.0236 -0.3602
vn -0.9395 -0.0236 0.3418
vn -0.3428 0.0064 -0.9394
vn 0.3575 0.0535 -0.9324
vn 0.3580 0.0505 -0.9324
vn -0.3428 0.0101 -0.9394
vn 0.9350 0.0943 -0.3418
vn 0.9281 0.0943 0.3601
vn 0.9281 0.0942 0.3601
vn 0.9351 0.0942 -0.3418
vn 0.3389 0.0540 0.9393
vn -0.3614 0.0056 0.9324
vn -0.3613 0.0057 0.9324
vn -0.9391 -0.0347 0.3418
vn -0.9322 -0.0346 -0.3602
vn -0.9391 -0.0346 0.3418
vn -0.3430 0.0056 -0.9393
vn 0.3573 0.0540 -0.9324
vn -0.3429 0.0057 -0.9393
vn 0.9350 0.0945 -0.3418
vn 0.9281 0.0945 0.3601
vn 0.9281 0.0944 0.3601
vn 0.9350 0.0944 -0.3418
vn 0.3389 0.0541 0.9393
vn -0.3613 0.0056 0.9324
vn -0.9322 -0.0347 -0.3602
vn -0.3429 0.0056 -0.9393
vn 0.3573 0.0541 -0.9324
vn 0.9364 0.0796 -0.3417
vn 0.9295 0.0796 0.3600
vn 0.9283 0.0926 0.3600
vn 0.9352 0.0926 -0.3417
vn 0.3398 0.0483 0.9392
vn -0.3612 0.0108 0.9324
vn -0.3612 0.0063 0.9325
vn 0.3392 0.0533 0.9392
vn -0.9396 -0.0204 0.3417
vn -0.9327 -0.0204 -0.3602
vn -0.9323 -0.0328 -0.3602
vn -0.9392 -0.0328 0.3418
vn -0.3428 0.0108 -0.9394
vn 0.3582 0.0483 -0.9324
vn 0.3576 0.0533 -0.9324
vn -0.3428 0.0063 -0.9394
vn 0.9381 0.0568 -0.3417
vn 0.9312 0.0568 0.3601
vn 0.9316 0.0499 0.3601
vn 0.9385 0.0499 -0.3417
vn 0.3409 0.0410 0.9392
vn -0.3608 0.0220 0.9324
vn 0.3411 0.0381 0.9392
vn -0.9398 0.0061 0.3418
vn -0.9329 0.0061 -0.3602
vn -0.9328 0.0120 -0.3602
vn -0.9397 0.0120 0.3418
vn -0.3424 0.0220 -0.9393
vn 0.3593 0.0410 -0.9323
vn 0.3595 0.0381 -0.9323
vn 0.9380 0.0581 -0.3418
vn 0.9311 0.0581 0.3601
vn 0.9380 0.0581 -0.3417
vn 0.3407 0.0415 0.9393
vn -0.3609 0.0216 0.9323
vn -0.3609 0.0216 0.9324
vn 0.3407 0.0415 0.9392
vn -0.9398 0.0050 0.3417
vn -0.9329 0.0051 -0.3601
vn -0.9329 0.0050 -0.3602
vn -0.3425 0.0216 -0.9393
vn 0.3591 0.0415 -0.9324
vn 0.9372 0.0692 -0.3418
vn 0.9303 0.0692 0.3601
vn 0.9310 0.0596 0.3602
vn 0.9379 0.0597 -0.3418
vn 0.3401 0.0453 0.9393
vn -0.3612 0.0167 0.9323
vn -0.3611 0.0209 0.9323
vn 0.3405 0.0420 0.9393
vn -0.9398 -0.0071 0.3417
vn -0.9329 -0.0071 -0.3601
vn -0.9329 0.0034 -0.3601
vn -0.9398 0.0034 0.3416
vn -0.3428 0.0167 -0.9393
vn 0.3585 0.0453 -0.9324
vn 0.3589 0.0420 -0.9324
vn -0.3427 0.0209 -0.9392
vn 0.9401 0.0111 -0.3406
vn 0.9333 0.0111 0.3590
vn 0.9328 -0.0219 0.3596
vn 0.9397 -0.0219 -0.3412
vn 0.3461 0.0547 0.9366
vn -0.3519 0.1072 0.9299
vn -0.3532 0.0889 0.9313
vn 0.3453 0.0284 0.9381
vn -0.9279 0.1508 0.3409
vn -0.9210 0.1508 -0.3591
vn -0.9226 0.1392 -0.3596
vn -0.9295 0.1392 0.3414
vn -0.3335 0.1072 -0.9366
vn 0.3645 0.0547 -0.9296
vn 0.3637 0.0284 -0.9311
vn -0.3348 0.0889 -0.9381
vn 0.9398 0.0198 -0.3411
vn 0.9329 0.0198 0.3595
vn 0.9331 0.0174 0.3592
vn 0.9400 0.0174 -0.3408
vn 0.3440 0.0520 0.9375
vn -0.3555 0.0909 0.9302
vn -0.3528 0.1081 0.9294
vn 0.3453 0.0585 0.9367
vn -0.9320 0.1232 0.3408
vn -0.9251 0.1232 -0.3590
vn -0.9214 0.1494 -0.3587
vn -0.9283 0.1494 0.3405
vn -0.3371 0.0909 -0.9371
vn 0.3624 0.0520 -0.9306
vn 0.3636 0.0585 -0.9297
vn -0.3345 0.1081 -0.9362
vn 0.9325 -0.1148 -0.3423
vn 0.9256 -0.1147 0.3606
vn 0.8354 -0.4518 0.3130
vn 0.8414 -0.4518 -0.2965
vn 0.3387 -0.0545 0.9393
vn -0.3608 0.0179 0.9325
vn -0.3504 -0.3209 0.8799
vn 0.2567 -0.3882 0.8851
vn -0.9363 0.0782 0.3425
vn -0.9293 0.0782 -0.3609
vn -0.9136 -0.2569 -0.3151
vn -0.9196 -0.2569 0.2971
vn -0.3424 0.0179 -0.9394
vn 0.3571 -0.0545 -0.9325
vn 0.2741 -0.3882 -0.8799
vn -0.3330 -0.3209 -0.8866
vn 0.9395 0.0276 -0.3416
vn 0.9326 0.0276 0.3600
vn 0.9327 0.0244 0.3598
vn 0.9396 0.0243 -0.3414
vn 0.3422 0.0307 0.9391
vn -0.3598 0.0342 0.9324
vn -0.3585 0.0574 0.9318
vn 0.3428 0.0393 0.9386
vn -0.9391 0.0369 0.3417
vn -0.9322 0.0369 -0.3602
vn -0.9302 0.0722 -0.3599
vn -0.9371 0.0722 0.3415
vn -0.3414 0.0342 -0.9393
vn 0.3606 0.0307 -0.9322
vn 0.3612 0.0393 -0.9316
vn -0.3401 0.0574 -0.9386
vn 0.9393 0.0287 -0.3418
vn 0.9324 0.0287 0.3602
vn 0.9325 0.0285 0.3601
vn 0.9394 0.0285 -0.3417
vn 0.3418 0.0292 0.9393
vn -0.3602 0.0298 0.9324
vn -0.3601 0.0299 0.9324
vn 0.3419 0.0292 0.9393
vn -0.9393 0.0303 0.3417
vn -0.9324 0.0304 -0.3601
vn -0.9324 0.0303 -0.3602
vn -0.9393 0.0304 0.3418
vn -0.3418 0.0298 -0.9393
vn 0.3602 0.0292 -0.9324
vn 0.3603 0.0292 -0.9324
vn -0.3417 0.0299 -0.9394
vn 0.9390 0.0378 -0.3417
vn 0.9321 0.0377 0.3601
vn 0.9324 0.0300 0.3602
vn 0.9393 0.0300 -0.3418
vn 0.3415 0.0330 0.9393
vn -0.3604 0.0273 0.9324
vn -0.3603 0.0295 0.9324
vn 0.3417 0.0298 0.9394
vn -0.9395 0.0226 0.3417
vn -0.9326 0.0226 -0.3601
vn -0.9324 0.0293 -0.3601
vn -0.9394 0.0293 0.3417
vn -0.3420 0.0273 -0.9393
vn 0.3599 0.0330 -0.9324
vn 0.3601 0.0298 -0.9325
vn -0.3419 0.0295 -0.9393
vn 0.2935 0.6387 -0.7113
vn 0.4571 0.4422 -0.7717
vn -0.2873 -0.3442 -0.8939
vn -0.2923 -0.2822 -0.9137
vn -0.4894 -0.7802 -0.3895
vn -0.5629 -0.7228 -0.4010
vn -0.5284 -0.8471 0.0567
vn -0.4595 -0.8881 0.0077
vn -0.1725 -0.7146 0.6779
vn -0.1727 -0.7579 0.6291
vn 0.5767 0.0107 0.8169
vn 0.4138 0.2045 0.8871
vn 0.5725 0.7329 0.3676
vn 0.7855 0.5600 0.2636
vn 0.7617 0.6458 -0.0525
vn 0.5430 0.8394 -0.0245
vn -0.7679 -0.2142 -0.6037
vn -0.6838 -0.5178 0.5142
vn -0.3346 0.5366 0.7747
vn -0.4188 0.8404 -0.3439
vn -0.4512 -0.8431 0.2926
vn -0.5192 -0.5977 -0.6109
vn 0.7961 0.4234 -0.4324
vn 0.8641 0.1781 0.4708
vn 0.0602 0.8646 0.4989
vn 0.3464 0.8412 0.4152
vn 0.3168 0.9483 0.0209
vn 0.0228 0.9997 0.0013
vn -0.1864 -0.6536 0.7336
vn -0.1197 -0.7332 0.6694
vn 0.2534 0.2970 0.9206
vn -0.0503 0.3766 0.9250
vn -0.2411 -0.8988 -0.3661
vn -0.3329 -0.8471 -0.4141
vn -0.3038 -0.9524 -0.0268
vn -0.2216 -0.9693 -0.1065
vn -0.1645 0.7888 -0.5923
vn 0.1336 0.7293 -0.6710
vn -0.2396 -0.3006 -0.9232
vn -0.3115 -0.2021 -0.9285
vn 0.5361 0.5368 0.6515
vn 0.4795 0.3357 0.8108
vn 0.8641 -0.4685 0.1840
vn 0.8913 -0.4099 0.1936
vn 0.4830 -0.8324 -0.2717
vn 0.5374 -0.7779 -0.3256
vn 0.1147 -0.8369 -0.5352
vn 0.1161 -0.8836 -0.4536
vn -0.5789 -0.6152 -0.5352
vn -0.5427 -0.6649 -0.5133
vn -0.9879 0.1308 0.0835
vn -0.9403 0.3307 -0.0803
vn -0.5126 0.7834 0.3514
vn -0.5543 0.6002 0.5767
vn -0.2624 0.6409 0.7214
vn -0.1505 0.8340 0.5309
vn 0.8783 -0.3049 -0.3683
vn -0.1543 -0.4490 -0.8801
vn -0.4216 0.6353 -0.6470
vn 0.6116 0.7795 -0.1349
vn -0.1250 -0.7993 -0.5878
vn 0.7096 -0.6828 -0.1741
vn 0.0156 0.3682 0.9296
vn -0.8187 0.2518 0.5161
vn -0.3468 0.9262 -0.1477
vn -0.4244 0.8947 0.1394
vn -0.0602 0.9455 0.3200
vn 0.1128 0.9904 0.0801
vn -0.6115 -0.5472 -0.5715
vn -0.6008 -0.6342 -0.4866
vn -0.8755 0.4251 -0.2297
vn -0.7145 0.5011 -0.4883
vn 0.3217 -0.9437 -0.0772
vn 0.4158 -0.9003 -0.1287
vn 0.0580 -0.9502 -0.3061
vn 0.0819 -0.9772 -0.1961
vn 0.6870 0.6967 0.2064
vn 0.5947 0.6304 0.4990
vn 0.8702 -0.4289 0.2426
vn 0.9237 -0.3329 0.1895
vn -0.0998 -0.3917 -0.9146
vn -0.4096 0.1360 -0.9021
vn 0.1182 0.4456 -0.8874
vn 0.4281 -0.0822 -0.9000
vn 0.9354 0.2012 -0.2906
vn 0.6256 0.7289 -0.2780
vn 0.6193 0.7106 0.3338
vn 0.9292 0.1829 0.3212
vn 0.4096 -0.1360 0.9021
vn 0.0998 0.3917 0.9146
vn -0.4281 0.0822 0.9000
vn -0.1182 -0.4456 0.8874
vn -0.6256 -0.7289 0.2780
vn -0.9354 -0.2012 0.2906
vn -0.9292 -0.1829 -0.3212
vn -0.6193 -0.7106 -0.3338
vn 0.7234 -0.6133 -0.3171
vn 0.7171 -0.6316 0.2947
vn 0.1893 -0.9411 0.2800
vn 0.1955 -0.9229 -0.3318
vn -0.1955 0.9229 0.3318
vn -0.1893 0.9411 -0.2800
vn -0.7171 0.6316 -0.2947
vn -0.7234 0.6133 0.3171
usemtl Material.024
f 1/1/1 2/2/1 3/3/1 4/4/1
f 2/2/2 5/5/2 6/6/2 3/3/2
f 3/3/3 6/6/3 7/7/3 8/8/3
f 4/4/4 3/3/4 8/8/4 9/9/4
f 9/9/5 8/8/5 10/10/5 11/11/5
f 8/8/6 7/7/6 12/12/6 10/10/6
f 10/10/7 12/12/7 13/13/7 14/14/7
f 11/11/8 10/10/8 14/14/8 15/15/8
f 15/15/9 14/14/9 16/16/9 17/17/9
f 14/14/10 13/13/10 18/18/10 16/16/10
f 16/16/11 18/18/11 19/19/11 20/20/11
f 17/17/12 16/16/12 20/20/12 21/21/12
f 21/21/13 20/20/13 22/22/13 23/23/13
f 20/20/14 19/19/14 24/24/14 22/22/14
f 22/22/15 24/24/15 5/25/15 2/26/15
f 23/23/16 22/22/16 2/26/16 1/27/16
f 25/28/17 26/29/17 27/30/17 28/31/17
f 26/29/18 29/32/18 30/33/18 27/30/18
f 27/30/19 30/33/19 31/34/19 32/35/19
f 28/31/20 27/30/20 32/35/20 33/36/20
f 13/13/21 12/37/21 34/38/21 18/18/21
f 12/37/22 7/39/22 6/40/22 34/38/22
f 34/38/23 6/40/23 5/41/23 24/42/23
f 18/18/24 34/38/24 24/42/24 19/19/24
f 31/34/25 35/43/25 36/44/25 32/45/25
f 35/43/26 21/21/26 23/23/26 36/44/26
f 36/44/27 23/23/27 1/27/27 37/46/27
f 32/45/28 36/44/28 37/46/28 33/47/28
f 29/32/29 38/48/29 39/49/29 30/33/29
f 38/48/30 15/15/30 17/17/30 39/49/30
f 39/49/31 17/17/31 21/21/31 35/43/31
f 30/33/32 39/49/32 35/43/32 31/34/32
f 25/50/33 40/51/33 41/52/33 26/53/33
f 40/51/34 9/9/34 11/11/34 41/52/34
f 41/52/35 11/11/35 15/15/35 38/48/35
f 26/53/36 41/52/36 38/48/36 29/32/36
f 33/54/37 37/55/37 42/56/37 28/57/37
f 37/55/38 1/1/38 4/4/38 42/56/38
f 42/56/39 4/4/39 9/9/39 40/51/39
f 28/57/40 42/56/40 40/51/40 25/50/40
f 43/58/41 44/59/41 45/60/41 46/61/41
f 44/59/42 47/62/42 48/63/42 45/60/42
f 45/60/43 48/63/43 49/64/43 50/65/43
f 46/61/44 45/60/44 50/65/44 51/66/44
f 51/66/45 50/65/45 52/67/45 53/68/45
f 50/65/46 49/64/46 54/69/46 52/67/46
f 52/67/47 54/69/47 55/70/47 56/71/47
f 53/68/48 52/67/48 56/71/48 57/72/48
f 57/72/49 56/71/49 58/73/49 59/74/49
f 56/71/50 55/70/50 60/75/50 58/73/50
f 58/73/51 60/75/51 61/76/51 62/77/51
f 59/74/52 58/73/52 62/77/52 63/78/52
f 63/78/53 62/77/53 64/79/53 65/80/53
f 62/77/54 61/76/54 66/81/54 64/79/54
f 64/79/55 66/81/55 47/82/55 44/83/55
f 65/80/56 64/79/56 44/83/56 43/84/56
f 67/85/57 68/86/57 69/87/57 70/88/57
f 68/86/58 71/89/58 72/90/58 69/87/58
f 69/87/59 72/90/59 73/91/59 74/92/59
f 70/88/60 69/87/60 74/92/60 75/93/60
f 55/70/61 54/94/61 76/95/61 60/75/61
f 54/94/62 49/96/62 48/97/62 76/95/62
f 76/95/63 48/97/63 47/98/63 66/99/63
f 60/75/64 76/95/64 66/99/64 61/76/64
f 73/91/65 77/100/65 78/101/65 74/102/65
f 77/100/66 63/78/66 65/80/66 78/101/66
f 78/101/67 65/80/67 43/84/67 79/103/67
f 74/102/68 78/101/68 79/103/68 75/104/68
f 71/89/69 80/105/69 81/106/69 72/90/69
f 80/105/70 57/72/70 59/74/70 81/106/70
f 81/106/71 59/74/71 63/78/71 77/100/71
f 72/90/72 81/106/72 77/100/72 73/91/72
f 67/107/73 82/108/73 83/109/73 68/110/73
f 82/108/74 51/66/74 53/68/74 83/109/74
f 83/109/75 53/68/75 57/72/75 80/105/75
f 68/110/76 83/109/76 80/105/76 71/89/76
f 75/111/77 79/112/77 84/113/77 70/114/77
f 79/112/78 43/58/78 46/61/78 84/113/78
f 84/113/79 46/61/79 51/66/79 82/108/79
f 70/114/80 84/113/80 82/108/80 67/107/80
f 85/115/81 86/116/81 87/117/81 88/118/81
f 86/116/82 89/119/82 90/120/82 87/117/82
f 87/117/83 90/120/83 91/121/83 92/122/83
f 88/118/84 87/117/84 92/122/84 93/123/84
f 93/123/85 92/122/85 94/124/85 95/125/85
f 92/122/86 91/121/86 96/126/86 94/124/86
f 94/124/87 96/126/87 97/127/87 98/128/87
f 95/125/88 94/124/88 98/128/88 99/129/88
f 99/129/89 98/128/89 100/130/89 101/131/89
f 98/128/90 97/127/90 102/132/90 100/130/90
f 100/130/91 102/132/91 103/133/91 104/134/91
f 101/131/92 100/130/92 104/134/92 105/135/92
f 105/135/93 104/134/93 106/136/93 107/137/93
f 104/134/94 103/133/94 108/138/94 106/136/94
f 106/136/95 108/138/95 89/139/95 86/140/95
f 107/137/96 106/136/96 86/140/96 85/141/96
f 109/142/97 110/143/97 111/144/97 112/145/97
f 110/143/98 113/146/98 114/147/98 111/144/98
f 111/144/99 114/147/99 115/148/99 116/149/99
f 112/145/100 111/144/100 116/149/100 117/150/100
f 97/127/101 96/151/101 118/152/101 102/132/101
f 96/151/102 91/153/102 90/154/102 118/152/102
f 118/152/103 90/154/103 89/155/103 108/156/103
f 102/132/104 118/152/104 108/156/104 103/133/104
f 115/148/105 119/157/105 120/158/105 116/159/105
f 119/157/106 105/135/106 107/137/106 120/158/106
f 120/158/107 107/137/107 85/141/107 121/160/107
f 116/159/108 120/158/108 121/160/108 117/161/108
f 113/146/109 122/162/109 123/163/109 114/147/109
f 122/162/110 99/129/110 101/131/110 123/163/110
f 123/163/111 101/131/111 105/135/111 119/157/111
f 114/147/112 123/163/112 119/157/112 115/148/112
f 109/164/113 124/165/113 125/166/113 110/167/113
f 124/165/114 93/123/114 95/125/114 125/166/114
f 125/166/115 95/125/115 99/129/115 122/162/115
f 110/167/116 125/166/116 122/162/116 113/146/116
f 117/168/117 121/169/117 126/170/117 112/171/117
f 121/169/118 85/115/118 88/118/118 126/170/118
f 126/170/119 88/118/119 93/123/119 124/165/119
f 112/171/120 126/170/120 124/165/120 109/164/120
f 127/172/121 128/173/121 129/174/121 130/175/121
f 128/173/122 131/176/122 132/177/122 129/174/122
f 129/174/123 132/177/123 133/178/123 134/179/123
f 130/175/124 129/174/124 134/179/124 135/180/124
f 135/180/125 134/179/125 136/181/125 137/182/125
f 134/179/126 133/178/126 138/183/126 136/181/126
f 136/181/127 138/183/127 139/184/127 140/185/127
f 137/182/128 136/181/128 140/185/128 141/186/128
f 141/186/129 140/185/129 142/187/129 143/188/129
f 140/185/130 139/184/130 144/189/130 142/187/130
f 142/187/131 144/189/131 145/190/131 146/191/131
f 143/188/132 142/187/132 146/191/132 147/192/132
f 147/192/133 146/191/133 148/193/133 149/194/133
f 146/191/134 145/190/134 150/195/134 148/193/134
f 148/193/135 150/195/135 131/196/135 128/197/135
f 149/194/136 148/193/136 128/197/136 127/198/136
f 151/199/137 152/200/137 153/201/137 154/202/137
f 152/200/138 155/203/138 156/204/138 153/201/138
f 153/201/139 156/204/139 157/205/139 158/206/139
f 154/202/140 153/201/140 158/206/140 159/207/140
f 139/184/141 138/208/141 160/209/141 144/189/141
f 138/208/142 133/210/142 132/211/142 160/209/142
f 160/209/143 132/211/143 131/212/143 150/213/143
f 144/189/144 160/209/144 150/213/144 145/190/144
f 157/205/145 161/214/145 162/215/145 158/216/145
f 161/214/146 147/192/146 149/194/146 162/215/146
f 162/215/147 149/194/147 127/198/147 163/217/147
f 158/216/148 162/215/148 163/217/148 159/218/148
f 155/203/149 164/219/149 165/220/149 156/204/149
f 164/219/150 141/186/150 143/188/150 165/220/150
f 165/220/151 143/188/151 147/192/151 161/214/151
f 156/204/152 165/220/152 161/214/152 157/205/152
f 151/221/153 166/222/153 167/223/153 152/224/153
f 166/222/154 135/180/154 137/182/154 167/223/154
f 167/223/155 137/182/155 141/186/155 164/219/155
f 152/224/156 167/223/156 164/219/156 155/203/156
f 159/225/157 163/226/157 168/227/157 154/228/157
f 163/226/158 127/172/158 130/175/158 168/227/158
f 168/227/159 130/175/159 135/180/159 166/222/159
f 154/228/160 168/227/160 166/222/160 151/221/160
f 169/229/161 170/230/161 171/231/161 172/232/161
f 170/230/162 173/233/162 174/234/162 171/231/162
f 171/231/163 174/234/163 175/235/163 176/236/163
f 172/232/164 171/231/164 176/236/164 177/237/164
f 177/237/165 176/236/165 178/238/165 179/239/165
f 176/236/166 175/235/166 180/240/166 178/238/166
f 178/238/167 180/240/167 181/241/167 182/242/167
f 179/239/168 178/238/168 182/242/168 183/243/168
f 183/243/169 182/242/169 184/244/169 185/245/169
f 182/242/170 181/241/170 186/246/170 184/244/170
f 184/244/171 186/246/171 187/247/171 188/248/171
f 185/245/172 184/244/172 188/248/172 189/249/172
f 189/249/173 188/248/173 190/250/173 191/251/173
f 188/248/174 187/247/174 192/252/174 190/250/174
f 190/250/175 192/252/175 173/253/175 170/254/175
f 191/251/176 190/250/176 170/254/176 169/255/176
f 193/256/177 194/257/177 195/258/177 196/259/177
f 194/257/178 197/260/178 198/261/178 195/258/178
f 195/258/179 198/261/179 199/262/179 200/263/179
f 196/259/180 195/258/180 200/263/180 201/264/180
f 181/241/181 180/265/181 202/266/181 186/246/181
f 180/265/182 175/267/182 174/268/182 202/266/182
f 202/266/183 174/268/183 173/269/183 192/270/183
f 186/246/184 202/266/184 192/270/184 187/247/184
f 199/262/185 203/271/185 204/272/185 200/273/185
f 203/271/186 189/249/186 191/251/186 204/272/186
f 204/272/187 191/251/187 169/255/187 205/274/187
f 200/273/188 204/272/188 205/274/188 201/275/188
f 197/260/189 206/276/189 207/277/189 198/261/189
f 206/276/190 183/243/190 185/245/190 207/277/190
f 207/277/191 185/245/191 189/249/191 203/271/191
f 198/261/192 207/277/192 203/271/192 199/262/192
f 193/278/193 208/279/193 209/280/193 194/281/193
f 208/279/194 177/237/194 179/239/194 209/280/194
f 209/280/195 179/239/195 183/243/195 206/276/195
f 194/281/196 209/280/196 206/276/196 197/260/196
f 201/282/197 205/283/197 210/284/197 196/285/197
f 205/283/198 169/229/198 172/232/198 210/284/198
f 210/284/199 172/232/199 177/237/199 208/279/199
f 196/285/200 210/284/200 208/279/200 193/278/200
f 211/286/201 212/287/201 213/288/201 214/289/201
f 212/287/202 215/290/202 216/291/202 213/288/202
f 213/288/203 216/291/203 217/292/203 218/293/203
f 214/289/204 213/288/204 218/293/204 219/294/204
f 219/294/205 218/293/205 220/295/205 221/296/205
f 218/293/206 217/292/206 222/297/206 220/295/206
f 220/295/207 222/297/207 223/298/207 224/299/207
f 221/296/208 220/295/208 224/299/208 225/300/208
f 225/300/209 224/299/209 226/301/209 227/302/209
f 224/299/210 223/298/210 228/303/210 226/301/210
f 226/301/211 228/303/211 229/304/211 230/305/211
f 227/302/212 226/301/212 230/305/212 231/306/212
f 231/306/213 230/305/213 232/307/213 233/308/213
f 230/305/214 229/304/214 234/309/214 232/307/214
f 232/307/215 234/309/215 215/310/215 212/311/215
f 233/308/216 232/307/216 212/311/216 211/312/216
f 235/313/217 236/314/217 237/315/217 238/316/217
f 236/314/218 239/317/218 240/318/218 237/315/218
f 237/315/219 240/318/219 241/319/219 242/320/219
f 238/316/220 237/315/220 242/320/220 243/321/220
f 223/298/221 222/322/221 244/323/221 228/303/221
f 222/322/222 217/324/222 216/325/222 244/323/222
f 244/323/223 216/325/223 215/326/223 234/327/223
f 228/303/224 244/323/224 234/327/224 229/304/224
f 241/319/225 245/328/225 246/329/225 242/330/225
f 245/328/226 231/306/226 233/308/226 246/329/226
f 246/329/227 233/308/227 211/312/227 247/331/227
f 242/330/228 246/329/228 247/331/228 243/332/228
f 239/317/229 248/333/229 249/334/229 240/318/229
f 248/333/230 225/300/230 227/302/230 249/334/230
f 249/334/231 227/302/231 231/306/231 245/328/231
f 240/318/232 249/334/232 245/328/232 241/319/232
f 235/335/233 250/336/233 251/337/233 236/338/233
f 250/336/234 219/294/234 221/296/234 251/337/234
f 251/337/235 221/296/235 225/300/235 248/333/235
f 236/338/236 251/337/236 248/333/236 239/317/236
f 243/339/237 247/340/237 252/341/237 238/342/237
f 247/340/238 211/286/238 214/289/238 252/341/238
f 252/341/239 214/289/239 219/294/239 250/336/239
f 238/342/240 252/341/240 250/336/240 235/335/240
f 253/343/241 254/344/241 255/345/241 256/346/241
f 254/344/242 257/347/242 258/348/242 255/345/242
f 255/345/243 258/348/243 259/349/243 260/350/243
f 256/346/244 255/345/244 260/350/244 261/351/244
f 261/351/245 260/350/245 262/352/245 263/353/245
f 260/350/246 259/349/246 264/354/246 262/352/246
f 262/352/247 264/354/247 265/355/247 266/356/247
f 263/353/248 262/352/248 266/356/248 267/357/248
f 267/357/249 266/356/249 268/358/249 269/359/249
f 266/356/250 265/355/250 270/360/250 268/358/250
f 268/358/251 270/360/251 271/361/251 272/362/251
f 269/359/252 268/358/252 272/362/252 273/363/252
f 273/363/253 272/362/253 274/364/253 275/365/253
f 272/362/254 271/361/254 276/366/254 274/364/254
f 274/364/255 276/366/255 257/367/255 254/368/255
f 275/365/256 274/364/256 254/368/256 253/369/256
f 277/370/257 278/371/257 279/372/257 280/373/257
f 278/371/258 281/374/258 282/375/258 279/372/258
f 279/372/259 282/375/259 283/376/259 284/377/259
f 280/373/260 279/372/260 284/377/260 285/378/260
f 265/355/261 264/379/261 286/380/261 270/360/261
f 264/379/262 259/381/262 258/382/262 286/380/262
f 286/380/263 258/382/263 257/383/263 276/384/263
f 270/360/264 286/380/264 276/384/264 271/361/264
f 283/376/265 287/385/265 288/386/265 284/387/265
f 287/385/266 273/363/266 275/365/266 288/386/266
f 288/386/267 275/365/267 253/369/267 289/388/267
f 284/387/268 288/386/268 289/388/268 285/389/268
f 281/374/269 290/390/269 291/391/269 282/375/269
f 290/390/270 267/357/270 269/359/270 291/391/270
f 291/391/271 269/359/271 273/363/271 287/385/271
f 282/375/272 291/391/272 287/385/272 283/376/272
f 277/392/273 292/393/273 293/394/273 278/395/273
f 292/393/274 261/351/274 263/353/274 293/394/274
f 293/394/275 263/353/275 267/357/275 290/390/275
f 278/395/276 293/394/276 290/390/276 281/374/276
f 285/396/277 289/397/277 294/398/277 280/399/277
f 289/397/278 253/343/278 256/346/278 294/398/278
f 294/398/279 256/346/279 261/351/279 292/393/279
f 280/399/280 294/398/280 292/393/280 277/392/280
f 295/400/281 296/401/281 297/402/281 298/403/281
f 296/401/282 299/404/282 300/405/282 297/402/282
f 297/402/283 300/405/283 301/406/283 302/407/283
f 298/403/284 297/402/284 302/407/284 303/408/284
f 303/408/285 302/407/285 304/409/285 305/410/285
f 302/407/286 301/406/286 306/411/286 304/409/286
f 304/409/287 306/411/287 307/412/287 308/413/287
f 305/410/288 304/409/288 308/413/288 309/414/288
f 309/414/289 308/413/289 310/415/289 311/416/289
f 308/413/290 307/412/290 312/417/290 310/415/290
f 310/415/291 312/417/291 313/418/291 314/419/291
f 311/416/292 310/415/292 314/419/292 315/420/292
f 315/420/293 314/419/293 316/421/293 317/422/293
f 314/419/294 313/418/294 318/423/294 316/421/294
f 316/421/295 318/423/295 299/424/295 296/425/295
f 317/422/296 316/421/296 296/425/296 295/426/296
f 319/427/297 320/428/297 321/429/297 322/430/297
f 320/428/298 323/431/298 324/432/298 321/429/298
f 321/429/299 324/432/299 325/433/299 326/434/299
f 322/430/300 321/429/300 326/434/300 327/435/300
f 307/412/301 306/436/301 328/437/301 312/417/301
f 306/436/302 301/438/302 300/439/302 328/437/302
f 328/437/303 300/439/303 299/440/303 318/441/303
f 312/417/304 328/437/304 318/441/304 313/418/304
f 325/433/305 329/442/305 330/443/305 326/444/305
f 329/442/306 315/420/306 317/422/306 330/443/306
f 330/443/307 317/422/307 295/426/307 331/445/307
f 326/444/308 330/443/308 331/445/308 327/446/308
f 323/431/309 332/447/309 333/448/309 324/432/309
f 332/447/310 309/414/310 311/416/310 333/448/310
f 333/448/311 311/416/311 315/420/311 329/442/311
f 324/432/312 333/448/312 329/442/312 325/433/312
f 319/449/313 334/450/313 335/451/313 320/452/313
f 334/450/314 303/408/314 305/410/314 335/451/314
f 335/451/315 305/410/315 309/414/315 332/447/315
f 320/452/316 335/451/316 332/447/316 323/431/316
f 327/453/317 331/454/317 336/455/317 322/456/317
f 331/454/318 295/400/318 298/403/318 336/455/318
f 336/455/319 298/403/319 303/408/319 334/450/319
f 322/456/320 336/455/320 334/450/320 319/449/320
f 337/457/321 338/458/321 339/459/321 340/460/321
f 338/458/322 341/461/322 342/462/322 339/459/322
f 339/459/323 342/462/323 343/463/323 344/464/323
f 340/460/324 339/459/324 344/464/324 345/465/324
f 345/465/325 344/464/325 346/466/325 347/467/325
f 344/464/326 343/463/326 348/468/326 346/466/326
f 346/466/327 348/468/327 349/469/327 350/470/327
f 347/467/328 346/466/328 350/470/328 351/471/328
f 351/471/329 350/470/329 352/472/329 353/473/329
f 350/470/330 349/469/330 354/474/330 352/472/330
f 352/472/331 354/474/331 355/475/331 356/476/331
f 353/473/332 352/472/332 356/476/332 357/477/332
f 357/477/333 356/476/333 358/478/333 359/479/333
f 356/476/334 355/475/334 360/480/334 358/478/334
f 358/478/335 360/480/335 341/481/335 338/482/335
f 359/479/336 358/478/336 338/482/336 337/483/336
f 361/484/337 362/485/337 363/486/337 364/487/337
f 362/485/338 365/488/338 366/489/338 363/486/338
f 363/486/339 366/489/339 367/490/339 368/491/339
f 364/487/340 363/486/340 368/491/340 369/492/340
f 349/469/341 348/493/341 370/494/341 354/474/341
f 348/493/342 343/495/342 342/496/342 370/494/342
f 370/494/343 342/496/343 341/497/343 360/498/343
f 354/474/344 370/494/344 360/498/344 355/475/344
f 367/490/345 371/499/345 372/500/345 368/501/345
f 371/499/346 357/477/346 359/479/346 372/500/346
f 372/500/347 359/479/347 337/483/347 373/502/347
f 368/501/348 372/500/348 373/502/348 369/503/348
f 365/488/349 374/504/349 375/505/349 366/489/349
f 374/504/350 351/471/350 353/473/350 375/505/350
f 375/505/351 353/473/351 357/477/351 371/499/351
f 366/489/352 375/505/352 371/499/352 367/490/352
f 361/506/353 376/507/353 377/508/353 362/509/353
f 376/507/354 345/465/354 347/467/354 377/508/354
f 377/508/355 347/467/355 351/471/355 374/504/355
f 362/509/356 377/508/356 374/504/356 365/488/356
f 369/510/357 373/511/357 378/512/357 364/513/357
f 373/511/358 337/457/358 340/460/358 378/512/358
f 378/512/359 340/460/359 345/465/359 376/507/359
f 364/513/360 378/512/360 376/507/360 361/506/360
f 379/514/361 380/515/361 381/516/361 382/517/361
f 380/515/362 383/518/362 384/519/362 381/516/362
f 381/516/363 384/519/363 385/520/363 386/521/363
f 382/517/364 381/516/364 386/521/364 387/522/364
f 387/522/365 386/521/365 388/523/365 389/524/365
f 386/521/366 385/520/366 390/525/366 388/523/366
f 388/523/367 390/525/367 391/526/367 392/527/367
f 389/524/368 388/523/368 392/527/368 393/528/368
f 393/528/369 392/527/369 394/529/369 395/530/369
f 392/527/370 391/526/370 396/531/370 394/529/370
f 394/529/371 396/531/371 397/532/371 398/533/371
f 395/530/372 394/529/372 398/533/372 399/534/372
f 399/534/373 398/533/373 400/535/373 401/536/373
f 398/533/374 397/532/374 402/537/374 400/535/374
f 400/535/375 402/537/375 383/538/375 380/539/375
f 401/536/376 400/535/376 380/539/376 379/540/376
f 403/541/377 404/542/377 405/543/377 406/544/377
f 404/542/378 407/545/378 408/546/378 405/543/378
f 405/543/379 408/546/379 409/547/379 410/548/379
f 406/544/380 405/543/380 410/548/380 411/549/380
f 391/526/381 390/550/381 412/551/381 396/531/381
f 390/550/382 385/552/382 384/553/382 412/551/382
f 412/551/383 384/553/383 383/554/383 402/555/383
f 396/531/384 412/551/384 402/555/384 397/532/384
f 409/547/385 413/556/385 414/557/385 410/558/385
f 413/556/386 399/534/386 401/536/386 414/557/386
f 414/557/387 401/536/387 379/540/387 415/559/387
f 410/558/388 414/557/388 415/559/388 411/560/388
f 407/545/389 416/561/389 417/562/389 408/546/389
f 416/561/390 393/528/390 395/530/390 417/562/390
f 417/562/391 395/530/391 399/534/391 413/556/391
f 408/546/392 417/562/392 413/556/392 409/547/392
f 403/563/393 418/564/393 419/565/393 404/566/393
f 418/564/394 387/522/394 389/524/394 419/565/394
f 419/565/395 389/524/395 393/528/395 416/561/395
f 404/566/396 419/565/396 416/561/396 407/545/396
f 411/567/397 415/568/397 420/569/397 406/570/397
f 415/568/398 379/514/398 382/517/398 420/569/398
f 420/569/399 382/517/399 387/522/399 418/564/399
f 406/570/400 420/569/400 418/564/400 403/563/400
f 421/571/401 422/572/401 423/573/401 424/574/401
f 422/572/402 425/575/402 426/576/402 423/573/402
f 423/573/403 426/576/403 427/577/403 428/578/403
f 424/574/404 423/573/404 428/578/404 429/579/404
f 429/579/405 428/578/405 430/580/405 431/581/405
f 428/578/406 427/577/406 432/582/406 430/580/406
f 430/580/407 432/582/407 433/583/407 434/584/407
f 431/581/408 430/580/408 434/584/408 435/585/408
f 435/585/409 434/584/409 436/586/409 437/587/409
f 434/584/410 433/583/410 438/588/410 436/586/410
f 436/586/411 438/588/411 439/589/411 440/590/411
f 437/587/412 436/586/412 440/590/412 441/591/412
f 441/591/413 440/590/413 442/592/413 443/593/413
f 440/590/414 439/589/414 444/594/414 442/592/414
f 442/592/415 444/594/415 425/595/415 422/596/415
f 443/593/416 442/592/416 422/596/416 421/597/416
f 445/598/417 446/599/417 447/600/417 448/601/417
f 446/599/418 449/602/418 450/603/418 447/600/418
f 447/600/419 450/603/419 451/604/419 452/605/419
f 448/601/420 447/600/420 452/605/420 453/606/420
f 433/583/421 432/607/421 454/608/421 438/588/421
f 432/607/422 427/609/422 426/610/422 454/608/422
f 454/608/423 426/610/423 425/611/423 444/612/423
f 438/588/424 454/608/424 444/612/424 439/589/424
f 451/604/425 455/613/425 456/614/425 452/615/425
f 455/613/426 441/591/426 443/593/426 456/614/426
f 456/614/427 443/593/427 421/597/427 457/616/427
f 452/615/428 456/614/428 457/616/428 453/617/428
f 449/602/429 458/618/429 459/619/429 450/603/429
f 458/618/430 435/585/430 437/587/430 459/619/430
f 459/619/431 437/587/431 441/591/431 455/613/431
f 450/603/432 459/619/432 455/613/432 451/604/432
f 445/620/433 460/621/433 461/622/433 446/623/433
f 460/621/434 429/579/434 431/581/434 461/622/434
f 461/622/435 431/581/435 435/585/435 458/618/435
f 446/623/436 461/622/436 458/618/436 449/602/436
f 453/624/437 457/625/437 462/626/437 448/627/437
f 457/625/438 421/571/438 424/574/438 462/626/438
f 462/626/439 424/574/439 429/579/439 460/621/439
f 448/627/440 462/626/440 460/621/440 445/620/440
f 463/628/441 464/629/441 465/630/441 466/631/441
f 464/629/442 467/632/442 468/633/442 465/630/442
f 465/630/443 468/633/443 469/634/443 470/635/443
f 466/631/444 465/630/444 470/635/444 471/636/444
f 471/636/445 470/635/445 472/637/445 473/638/445
f 470/635/446 469/634/446 474/639/446 472/637/446
f 472/637/447 474/639/447 475/640/447 476/641/447
f 473/638/448 472/637/448 476/641/448 477/642/448
f 477/642/449 476/641/449 478/643/449 479/644/449
f 476/641/450 475/640/450 480/645/450 478/643/450
f 478/643/451 480/645/451 481/646/451 482/647/451
f 479/644/452 478/643/452 482/647/452 483/648/452
f 483/648/453 482/647/453 484/649/453 485/650/453
f 482/647/454 481/646/454 486/651/454 484/649/454
f 484/649/455 486/651/455 467/652/455 464/653/455
f 485/650/456 484/649/456 464/653/456 463/654/456
f 487/655/457 488/656/457 489/657/457 490/658/457
f 488/656/458 491/659/458 492/660/458 489/657/458
f 489/657/459 492/660/459 493/661/459 494/662/459
f 490/658/460 489/657/460 494/662/460 495/663/460
f 475/640/461 474/664/461 496/665/461 480/645/461
f 474/664/462 469/666/462 468/667/462 496/665/462
f 496/665/463 468/667/463 467/668/463 486/669/463
f 480/645/464 496/665/464 486/669/464 481/646/464
f 493/661/465 497/670/465 498/671/465 494/672/465
f 497/670/466 483/648/466 485/650/466 498/671/466
f 498/671/467 485/650/467 463/654/467 499/673/467
f 494/672/468 498/671/468 499/673/468 495/674/468
f 491/659/469 500/675/469 501/676/469 492/660/469
f 500/675/470 477/642/470 479/644/470 501/676/470
f 501/676/471 479/644/471 483/648/471 497/670/471
f 492/660/472 501/676/472 497/670/472 493/661/472
f 487/677/473 502/678/473 503/679/473 488/680/473
f 502/678/474 471/636/474 473/638/474 503/679/474
f 503/679/475 473/638/475 477/642/475 500/675/475
f 488/680/476 503/679/476 500/675/476 491/659/476
f 495/681/477 499/682/477 504/683/477 490/684/477
f 499/682/478 463/628/478 466/631/478 504/683/478
f 504/683/479 466/631/479 471/636/479 502/678/479
f 490/684/480 504/683/480 502/678/480 487/677/480
f 505/685/481 506/686/481 507/687/481 508/688/481
f 506/686/482 509/689/482 510/690/482 507/687/482
f 507/687/483 510/690/483 511/691/483 512/692/483
f 508/688/484 507/687/484 512/692/484 513/693/484
f 513/693/485 512/692/485 514/694/485 515/695/485
f 512/692/486 511/691/486 516/696/486 514/694/486
f 514/694/487 516/696/487 517/697/487 518/698/487
f 515/695/488 514/694/488 518/698/488 519/699/488
f 519/699/489 518/698/489 520/700/489 521/701/489
f 518/698/490 517/697/490 522/702/490 520/700/490
f 520/700/491 522/702/491 523/703/491 524/704/491
f 521/701/492 520/700/492 524/704/492 525/705/492
f 525/705/493 524/704/493 526/706/493 527/707/493
f 524/704/494 523/703/494 528/708/494 526/706/494
f 526/706/495 528/708/495 509/709/495 506/710/495
f 527/707/496 526/706/496 506/710/496 505/711/496
f 529/712/497 530/713/497 531/714/497 532/715/497
f 530/713/498 533/716/498 534/717/498 531/714/498
f 531/714/499 534/717/499 535/718/499 536/719/499
f 532/715/500 531/714/500 536/719/500 537/720/500
f 517/697/501 516/721/501 538/722/501 522/702/501
f 516/721/502 511/723/502 510/724/502 538/722/502
f 538/722/503 510/724/503 509/725/503 528/726/503
f 522/702/504 538/722/504 528/726/504 523/703/504
f 535/718/505 539/727/505 540/728/505 536/729/505
f 539/727/506 525/705/506 527/707/506 540/728/506
f 540/728/507 527/707/507 505/711/507 541/730/507
f 536/729/508 540/728/508 541/730/508 537/731/508
f 533/716/509 542/732/509 543/733/509 534/717/509
f 542/732/510 519/699/510 521/701/510 543/733/510
f 543/733/511 521/701/511 525/705/511 539/727/511
f 534/717/512 543/733/512 539/727/512 535/718/512
f 529/734/513 544/735/513 545/736/513 530/737/513
f 544/735/514 513/693/514 515/695/514 545/736/514
f 545/736/515 515/695/515 519/699/515 542/732/515
f 530/737/516 545/736/516 542/732/516 533/716/516
f 537/738/517 541/739/517 546/740/517 532/741/517
f 541/739/518 505/685/518 508/688/518 546/740/518
f 546/740/519 508/688/519 513/693/519 544/735/519
f 532/741/520 546/740/520 544/735/520 529/734/520
f 547/742/521 548/743/521 549/744/521 550/745/521
f 548/743/522 551/746/522 552/747/522 549/744/522
f 549/744/523 552/747/523 553/748/523 554/749/523
f 550/745/524 549/744/524 554/749/524 555/750/524
f 555/750/525 554/749/525 556/751/525 557/752/525
f 554/749/526 553/748/526 558/753/526 556/751/526
f 556/751/527 558/753/527 559/754/527 560/755/527
f 557/752/528 556/751/528 560/755/528 561/756/528
f 561/756/529 560/755/529 562/757/529 563/758/529
f 560/755/530 559/754/530 564/759/530 562/757/530
f 562/757/531 564/759/531 565/760/531 566/761/531
f 563/758/532 562/757/532 566/761/532 567/762/532
f 567/762/533 566/761/533 568/763/533 569/764/533
f 566/761/534 565/760/534 570/765/534 568/763/534
f 568/763/535 570/765/535 551/766/535 548/767/535
f 569/764/536 568/763/536 548/767/536 547/768/536
f 571/769/537 572/770/537 573/771/537 574/772/537
f 572/770/538 575/773/538 576/774/538 573/771/538
f 573/771/539 576/774/539 577/775/539 578/776/539
f 574/772/540 573/771/540 578/776/540 579/777/540
f 559/754/541 558/778/541 580/779/541 564/759/541
f 558/778/542 553/780/542 552/781/542 580/779/542
f 580/779/543 552/781/543 551/782/543 570/783/543
f 564/759/544 580/779/544 570/783/544 565/760/544
f 577/775/545 581/784/545 582/785/545 578/786/545
f 581/784/546 567/762/546 569/764/546 582/785/546
f 582/785/547 569/764/547 547/768/547 583/787/547
f 578/786/548 582/785/548 583/787/548 579/788/548
f 575/773/549 584/789/549 585/790/549 576/774/549
f 584/789/550 561/756/550 563/758/550 585/790/550
f 585/790/551 563/758/551 567/762/551 581/784/551
f 576/774/552 585/790/552 581/784/552 577/775/552
f 571/791/553 586/792/553 587/793/553 572/794/553
f 586/792/554 555/750/554 557/752/554 587/793/554
f 587/793/555 557/752/555 561/756/555 584/789/555
f 572/794/556 587/793/556 584/789/556 575/773/556
f 579/795/557 583/796/557 588/797/557 574/798/557
f 583/796/558 547/742/558 550/745/558 588/797/558
f 588/797/559 550/745/559 555/750/559 586/792/559
f 574/798/560 588/797/560 586/792/560 571/791/560
f 589/799/561 590/800/561 591/801/561 592/802/561
f 590/800/562 593/803/562 594/804/562 591/801/562
f 591/801/563 594/804/563 595/805/563 596/806/563
f 592/802/564 591/801/564 596/806/564 597/807/564
f 597/807/565 596/806/565 598/808/565 599/809/565
f 596/806/566 595/805/566 600/810/566 598/808/566
f 598/808/567 600/810/567 601/811/567 602/812/567
f 599/809/568 598/808/568 602/812/568 603/813/568
f 603/813/569 602/812/569 604/814/569 605/815/569
f 602/812/570 601/811/570 606/816/570 604/814/570
f 604/814/571 606/816/571 607/817/571 608/818/571
f 605/815/572 604/814/572 608/818/572 609/819/572
f 609/819/573 608/818/573 610/820/573 611/821/573
f 608/818/574 607/817/574 612/822/574 610/820/574
f 610/820/575 612/822/575 593/823/575 590/824/575
f 611/821/576 610/820/576 590/824/576 589/825/576
f 613/826/577 614/827/577 615/828/577 616/829/577
f 614/827/578 617/830/578 618/831/578 615/828/578
f 615/828/579 618/831/579 619/832/579 620/833/579
f 616/829/580 615/828/580 620/833/580 621/834/580
f 601/811/581 600/835/581 622/836/581 606/816/581
f 600/835/582 595/837/582 594/838/582 622/836/582
f 622/836/583 594/838/583 593/839/583 612/840/583
f 606/816/584 622/836/584 612/840/584 607/817/584
f 619/832/585 623/841/585 624/842/585 620/843/585
f 623/841/586 609/819/586 611/821/586 624/842/586
f 624/842/587 611/821/587 589/825/587 625/844/587
f 620/843/588 624/842/588 625/844/588 621/845/588
f 617/830/589 626/846/589 627/847/589 618/831/589
f 626/846/590 603/813/590 605/815/590 627/847/590
f 627/847/591 605/815/591 609/819/591 623/841/591
f 618/831/592 627/847/592 623/841/592 619/832/592
f 613/848/593 628/849/593 629/850/593 614/851/593
f 628/849/594 597/807/594 599/809/594 629/850/594
f 629/850/595 599/809/595 603/813/595 626/846/595
f 614/851/596 629/850/596 626/846/596 617/830/596
f 621/852/597 625/853/597 630/854/597 616/855/597
f 625/853/598 589/799/598 592/802/598 630/854/598
f 630/854/599 592/802/599 597/807/599 628/849/599
f 616/855/600 630/854/600 628/849/600 613/848/600
usemtl Material.023
f 631/856/601 632/857/601 633/858/601 634/859/601
f 632/857/602 635/860/602 636/861/602 633/858/602
f 633/858/603 636/861/603 637/862/603 638/863/603
f 634/859/604 633/858/604 638/863/604 639/864/604
f 640/865/605 641/866/605 642/867/605 643/868/605
f 641/866/606 644/869/606 645/870/606 642/867/606
f 642/867/607 645/870/607 646/871/607 647/872/607
f 643/868/608 642/867/608 647/872/608 648/873/608
f 649/874/609 650/875/609 651/876/609 652/877/609
f 650/875/610 653/878/610 654/879/610 651/876/610
f 651/876/611 654/879/611 655/880/611 656/881/611
f 652/877/612 651/876/612 656/881/612 657/882/612
f 653/878/613 658/883/613 659/884/613 654/879/613
f 658/883/614 660/885/614 661/886/614 659/884/614
f 659/884/615 661/886/615 662/887/615 663/888/615
f 654/879/616 659/884/616 663/888/616 655/880/616
f 660/885/617 664/889/617 665/890/617 661/886/617
f 664/889/618 666/891/618 667/892/618 665/890/618
f 665/890/619 667/892/619 668/893/619 669/894/619
f 661/886/620 665/890/620 669/894/620 662/887/620
f 666/891/621 670/895/621 671/896/621 667/892/621
f 670/895/622 649/874/622 652/877/622 671/896/622
f 671/896/623 652/877/623 657/882/623 672/897/623
f 667/892/624 671/896/624 672/897/624 668/893/624
f 673/898/625 674/899/625 675/900/625 676/901/625
f 674/899/626 677/902/626 678/903/626 675/900/626
f 675/900/626 678/903/626 653/878/626 650/875/626
f 676/901/627 675/900/627 650/875/627 649/874/627
f 677/902/628 679/904/628 680/905/628 678/903/628
f 679/904/629 681/906/629 682/907/629 680/905/629
f 680/905/629 682/907/629 660/885/629 658/883/629
f 678/903/628 680/905/628 658/883/628 653/878/628
f 681/906/630 683/908/630 684/909/630 682/907/630
f 683/908/631 685/910/631 686/911/631 684/909/631
f 684/909/631 686/911/631 666/891/631 664/889/631
f 682/907/632 684/909/632 664/889/632 660/885/632
f 685/910/633 687/912/633 688/913/633 686/911/633
f 687/912/634 673/898/634 676/901/634 688/913/634
f 688/913/634 676/901/634 649/874/634 670/895/634
f 686/911/633 688/913/633 670/895/633 666/891/633
f 689/914/627 690/915/627 691/916/627 692/917/627
f 690/915/635 693/918/635 694/919/635 691/916/635
f 691/916/626 694/919/626 677/902/626 674/899/626
f 692/917/625 691/916/625 674/899/625 673/898/625
f 693/918/636 695/920/636 696/921/636 694/919/636
f 695/920/629 697/922/629 698/923/629 696/921/629
f 696/921/629 698/923/629 681/906/629 679/904/629
f 694/919/637 696/921/637 679/904/637 677/902/637
f 697/922/638 699/924/638 700/925/638 698/923/638
f 699/924/631 701/926/631 702/927/631 700/925/631
f 700/925/631 702/927/631 685/910/631 683/908/631
f 698/923/638 700/925/638 683/908/638 681/906/638
f 701/926/633 703/928/633 704/929/633 702/927/633
f 703/928/639 689/914/639 692/917/639 704/929/639
f 704/929/634 692/917/634 673/898/634 687/912/634
f 702/927/633 704/929/633 687/912/633 685/910/633
f 705/930/640 706/931/640 707/932/640 708/933/640
f 706/931/626 709/934/626 710/935/626 707/932/626
f 707/932/626 710/935/626 693/918/626 690/915/626
f 708/933/627 707/932/627 690/915/627 689/914/627
f 709/934/628 711/936/628 712/937/628 710/935/628
f 711/936/629 713/938/629 714/939/629 712/937/629
f 712/937/629 714/939/629 697/922/629 695/920/629
f 710/935/628 712/937/628 695/920/628 693/918/628
f 713/938/638 715/940/638 716/941/638 714/939/638
f 715/940/631 717/942/631 718/943/631 716/941/631
f 716/941/631 718/943/631 701/926/631 699/924/631
f 714/939/638 716/941/638 699/924/638 697/922/638
f 717/942/633 719/944/633 720/945/633 718/943/633
f 719/944/641 705/930/641 708/933/641 720/945/641
f 720/945/641 708/933/641 689/914/641 703/928/641
f 718/943/633 720/945/633 703/928/633 701/926/633
f 639/864/642 638/863/642 721/946/642 722/947/642
f 638/863/643 637/862/643 723/948/643 721/946/643
f 721/946/644 723/948/644 709/934/644 706/931/644
f 722/947/645 721/946/645 706/931/645 705/930/645
f 637/862/646 636/861/646 724/949/646 723/948/646
f 636/861/647 635/860/647 725/950/647 724/949/647
f 724/949/648 725/950/648 713/938/648 711/936/648
f 723/948/649 724/949/649 711/936/649 709/934/649
f 635/860/650 632/857/650 726/951/650 725/950/650
f 632/857/651 631/856/651 727/952/651 726/951/651
f 726/951/652 727/952/652 717/942/652 715/940/652
f 725/950/653 726/951/653 715/940/653 713/938/653
f 631/856/654 634/859/654 728/953/654 727/952/654
f 634/859/655 639/864/655 722/947/655 728/953/655
f 728/953/656 722/947/656 705/930/656 719/944/656
f 727/952/657 728/953/657 719/944/657 717/942/657
f 729/954/658 730/955/658 731/956/658 732/957/658
f 730/955/659 733/958/659 734/959/659 731/956/659
f 731/956/660 734/959/660 735/960/660 736/961/660
f 732/957/661 731/956/661 736/961/661 737/962/661
f 733/958/662 738/963/662 739/964/662 734/959/662
f 738/963/663 740/965/663 741/966/663 739/964/663
f 739/964/664 741/966/664 742/967/664 743/968/664
f 734/959/665 739/964/665 743/968/665 735/960/665
f 740/965/666 744/969/666 745/970/666 741/966/666
f 744/969/667 746/971/667 747/972/667 745/970/667
f 745/970/668 747/972/668 748/973/668 749/974/668
f 741/966/669 745/970/669 749/974/669 742/967/669
f 746/971/670 750/975/670 751/976/670 747/972/670
f 750/975/671 729/954/671 732/957/671 751/976/671
f 751/976/672 732/957/672 737/962/672 752/977/672
f 747/972/673 751/976/673 752/977/673 748/973/673
f 753/978/674 754/979/674 755/980/674 756/981/674
f 754/979/675 757/982/675 758/983/675 755/980/675
f 755/980/675 758/983/675 733/958/675 730/955/675
f 756/981/676 755/980/676 730/955/676 729/954/676
f 757/982/677 759/984/677 760/985/677 758/983/677
f 759/984/678 761/986/678 762/987/678 760/985/678
f 760/985/679 762/987/679 740/965/679 738/963/679
f 758/983/680 760/985/680 738/963/680 733/958/680
f 761/986/681 763/988/681 764/989/681 762/987/681
f 763/988/682 765/990/682 766/991/682 764/989/682
f 764/989/683 766/991/683 746/971/683 744/969/683
f 762/987/684 764/989/684 744/969/684 740/965/684
f 765/990/685 767/992/685 768/993/685 766/991/685
f 767/992/686 753/978/686 756/981/686 768/993/686
f 768/993/686 756/981/686 729/954/686 750/975/686
f 766/991/687 768/993/687 750/975/687 746/971/687
f 657/882/688 656/881/688 769/994/688 770/995/688
f 656/881/689 655/880/689 771/996/689 769/994/689
f 769/994/690 771/996/690 757/982/690 754/979/690
f 770/995/691 769/994/691 754/979/691 753/978/691
f 655/880/692 663/888/692 772/997/692 771/996/692
f 663/888/693 662/887/693 773/998/693 772/997/693
f 772/997/694 773/998/694 761/986/694 759/984/694
f 771/996/695 772/997/695 759/984/695 757/982/695
f 662/887/696 669/894/696 774/999/696 773/998/696
f 669/894/697 668/893/697 775/1000/697 774/999/697
f 774/999/698 775/1000/698 765/990/698 763/988/698
f 773/998/699 774/999/699 763/988/699 761/986/699
f 668/893/700 672/897/700 776/1001/700 775/1000/700
f 672/897/701 657/882/701 770/995/701 776/1001/701
f 776/1001/702 770/995/702 753/978/702 767/992/702
f 775/1000/703 776/1001/703 767/992/703 765/990/703
f 777/1002/704 778/1003/704 779/1004/704 780/1005/704
f 778/1003/705 781/1006/705 782/1007/705 779/1004/705
f 779/1004/706 782/1007/706 783/1008/706 784/1009/706
f 780/1005/707 779/1004/707 784/1009/707 785/1010/707
f 781/1006/708 786/1011/708 787/1012/708 782/1007/708
f 786/1011/709 788/1013/709 789/1014/709 787/1012/709
f 787/1012/710 789/1014/710 790/1015/710 791/1016/710
f 782/1007/711 787/1012/711 791/1016/711 783/1008/711
f 788/1013/712 792/1017/712 793/1018/712 789/1014/712
f 792/1017/713 794/1019/713 795/1020/713 793/1018/713
f 793/1018/714 795/1020/714 796/1021/714 797/1022/714
f 789/1014/715 793/1018/715 797/1022/715 790/1015/715
f 794/1019/716 798/1023/716 799/1024/716 795/1020/716
f 798/1023/717 777/1002/717 780/1005/717 799/1024/717
f 799/1024/718 780/1005/718 785/1010/718 800/1025/718
f 795/1020/719 799/1024/719 800/1025/719 796/1021/719
f 801/1026/720 802/1027/720 803/1028/720 804/1029/720
f 802/1027/721 805/1030/721 806/1031/721 803/1028/721
f 803/1028/722 806/1031/722 781/1006/722 778/1003/722
f 804/1029/723 803/1028/723 778/1003/723 777/1002/723
f 805/1030/724 807/1032/724 808/1033/724 806/1031/724
f 807/1032/725 809/1034/725 810/1035/725 808/1033/725
f 808/1033/726 810/1035/726 788/1013/726 786/1011/726
f 806/1031/724 808/1033/724 786/1011/724 781/1006/724
f 809/1034/727 811/1036/727 812/1037/727 810/1035/727
f 811/1036/728 813/1038/728 814/1039/728 812/1037/728
f 812/1037/728 814/1039/728 794/1019/728 792/1017/728
f 810/1035/729 812/1037/729 792/1017/729 788/1013/729
f 813/1038/730 815/1040/730 816/1041/730 814/1039/730
f 815/1040/731 801/1026/731 804/1029/731 816/1041/731
f 816/1041/731 804/1029/731 777/1002/731 798/1023/731
f 814/1039/732 816/1041/732 798/1023/732 794/1019/732
f 817/1042/733 818/1043/733 819/1044/733 820/1045/733
f 818/1043/734 821/1046/734 822/1047/734 819/1044/734
f 819/1044/735 822/1047/735 805/1030/735 802/1027/735
f 820/1045/736 819/1044/736 802/1027/736 801/1026/736
f 821/1046/737 823/1048/737 824/1049/737 822/1047/737
f 823/1048/738 825/1050/738 826/1051/738 824/1049/738
f 824/1049/725 826/1051/725 809/1034/725 807/1032/725
f 822/1047/724 824/1049/724 807/1032/724 805/1030/724
f 825/1050/727 827/1052/727 828/1053/727 826/1051/727
f 827/1052/739 829/1054/739 830/1055/739 828/1053/739
f 828/1053/739 830/1055/739 813/1038/739 811/1036/739
f 826/1051/729 828/1053/729 811/1036/729 809/1034/729
f 829/1054/740 831/1056/740 832/1057/740 830/1055/740
f 831/1056/741 817/1042/741 820/1045/741 832/1057/741
f 832/1057/731 820/1045/731 801/1026/731 815/1040/731
f 830/1055/730 832/1057/730 815/1040/730 813/1038/730
f 737/962/742 736/961/742 833/1058/742 834/1059/742
f 736/961/743 735/960/743 835/1060/743 833/1058/743
f 833/1058/744 835/1060/744 821/1046/744 818/1043/744
f 834/1059/745 833/1058/745 818/1043/745 817/1042/745
f 735/960/746 743/968/746 836/1061/746 835/1060/746
f 743/968/747 742/967/747 837/1062/747 836/1061/747
f 836/1061/748 837/1062/748 825/1050/748 823/1048/748
f 835/1060/749 836/1061/749 823/1048/749 821/1046/749
f 742/967/750 749/974/750 838/1063/750 837/1062/750
f 749/974/751 748/973/751 839/1064/751 838/1063/751
f 838/1063/752 839/1064/752 829/1054/752 827/1052/752
f 837/1062/753 838/1063/753 827/1052/753 825/1050/753
f 748/973/754 752/977/754 840/1065/754 839/1064/754
f 752/977/755 737/962/755 834/1059/755 840/1065/755
f 840/1065/756 834/1059/756 817/1042/756 831/1056/756
f 839/1064/757 840/1065/757 831/1056/757 829/1054/757
f 841/1066/758 842/1067/758 843/1068/758 844/1069/758
f 842/1067/759 845/1070/759 846/1071/759 843/1068/759
f 843/1068/760 846/1071/760 847/1072/760 848/1073/760
f 844/1069/761 843/1068/761 848/1073/761 849/1074/761
f 845/1070/762 850/1075/762 851/1076/762 846/1071/762
f 850/1075/763 852/1077/763 853/1078/763 851/1076/763
f 851/1076/679 853/1078/679 854/1079/679 855/1080/679
f 846/1071/764 851/1076/764 855/1080/764 847/1072/764
f 852/1077/765 856/1081/765 857/1082/765 853/1078/765
f 856/1081/766 858/1083/766 859/1084/766 857/1082/766
f 857/1082/767 859/1084/767 860/1085/767 861/1086/767
f 853/1078/768 857/1082/768 861/1086/768 854/1079/768
f 858/1083/769 862/1087/769 863/1088/769 859/1084/769
f 862/1087/770 841/1066/770 844/1069/770 863/1088/770
f 863/1088/771 844/1069/771 849/1074/771 864/1089/771
f 859/1084/687 863/1088/687 864/1089/687 860/1085/687
f 865/1090/772 866/1091/772 867/1092/772 868/1093/772
f 866/1091/773 869/1094/773 870/1095/773 867/1092/773
f 867/1092/773 870/1095/773 845/1070/773 842/1067/773
f 868/1093/774 867/1092/774 842/1067/774 841/1066/774
f 869/1094/775 871/1096/775 872/1097/775 870/1095/775
f 871/1096/776 873/1098/776 874/1099/776 872/1097/776
f 872/1097/777 874/1099/777 852/1077/777 850/1075/777
f 870/1095/778 872/1097/778 850/1075/778 845/1070/778
f 873/1098/779 875/1100/779 876/1101/779 874/1099/779
f 875/1100/780 877/1102/780 878/1103/780 876/1101/780
f 876/1101/781 878/1103/781 858/1083/781 856/1081/781
f 874/1099/779 876/1101/779 856/1081/779 852/1077/779
f 877/1102/782 879/1104/782 880/1105/782 878/1103/782
f 879/1104/783 865/1090/783 868/1093/783 880/1105/783
f 880/1105/783 868/1093/783 841/1066/783 862/1087/783
f 878/1103/782 880/1105/782 862/1087/782 858/1083/782
f 785/1010/784 784/1009/784 881/1106/784 882/1107/784
f 784/1009/785 783/1008/785 883/1108/785 881/1106/785
f 881/1106/786 883/1108/786 869/1094/786 866/1091/786
f 882/1107/787 881/1106/787 866/1091/787 865/1090/787
f 783/1008/788 791/1016/788 884/1109/788 883/1108/788
f 791/1016/789 790/1015/789 885/1110/789 884/1109/789
f 884/1109/790 885/1110/790 873/1098/790 871/1096/790
f 883/1108/791 884/1109/791 871/1096/791 869/1094/791
f 790/1015/792 797/1022/792 886/1111/792 885/1110/792
f 797/1022/793 796/1021/793 887/1112/793 886/1111/793
f 886/1111/794 887/1112/794 877/1102/794 875/1100/794
f 885/1110/795 886/1111/795 875/1100/795 873/1098/795
f 796/1021/796 800/1025/796 888/1113/796 887/1112/796
f 800/1025/797 785/1010/797 882/1107/797 888/1113/797
f 888/1113/798 882/1107/798 865/1090/798 879/1104/798
f 887/1112/799 888/1113/799 879/1104/799 877/1102/799
f 889/1114/800 890/1115/800 891/1116/800 892/1117/800
f 890/1115/801 893/1118/801 894/1119/801 891/1116/801
f 891/1116/802 894/1119/802 895/1120/802 896/1121/802
f 892/1117/803 891/1116/803 896/1121/803 897/1122/803
f 893/1118/804 898/1123/804 899/1124/804 894/1119/804
f 898/1123/805 900/1125/805 901/1126/805 899/1124/805
f 899/1124/806 901/1126/806 902/1127/806 903/1128/806
f 894/1119/807 899/1124/807 903/1128/807 895/1120/807
f 900/1125/808 904/1129/808 905/1130/808 901/1126/808
f 904/1129/809 906/1131/809 907/1132/809 905/1130/809
f 905/1130/810 907/1132/810 908/1133/810 909/1134/810
f 901/1126/811 905/1130/811 909/1134/811 902/1127/811
f 906/1131/812 910/1135/812 911/1136/812 907/1132/812
f 910/1135/813 889/1114/813 892/1117/813 911/1136/813
f 911/1136/814 892/1117/814 897/1122/814 912/1137/814
f 907/1132/815 911/1136/815 912/1137/815 908/1133/815
f 913/1138/816 914/1139/816 915/1140/816 916/1141/816
f 914/1139/817 917/1142/817 918/1143/817 915/1140/817
f 915/1140/818 918/1143/818 893/1118/818 890/1115/818
f 916/1141/819 915/1140/819 890/1115/819 889/1114/819
f 917/1142/820 919/1144/820 920/1145/820 918/1143/820
f 919/1144/821 921/1146/821 922/1147/821 920/1145/821
f 920/1145/822 922/1147/822 900/1125/822 898/1123/822
f 918/1143/823 920/1145/823 898/1123/823 893/1118/823
f 921/1146/824 923/1148/824 924/1149/824 922/1147/824
f 923/1148/825 925/1150/825 926/1151/825 924/1149/825
f 924/1149/826 926/1151/826 906/1131/826 904/1129/826
f 922/1147/827 924/1149/827 904/1129/827 900/1125/827
f 925/1150/828 927/1152/828 928/1153/828 926/1151/828
f 927/1152/829 913/1138/829 916/1141/829 928/1153/829
f 928/1153/830 916/1141/830 889/1114/830 910/1135/830
f 926/1151/831 928/1153/831 910/1135/831 906/1131/831
f 897/1122/832 896/1121/832 929/1154/832 930/1155/832
f 896/1121/833 895/1120/833 931/1156/833 929/1154/833
f 929/1154/834 931/1156/834 644/869/834 641/866/834
f 930/1155/835 929/1154/835 641/866/835 640/865/835
f 895/1120/836 903/1128/836 932/1157/836 931/1156/836
f 903/1128/837 902/1127/837 933/1158/837 932/1157/837
f 932/1157/838 933/1158/838 646/871/838 645/870/838
f 931/1156/839 932/1157/839 645/870/839 644/869/839
f 902/1127/840 909/1134/840 934/1159/840 933/1158/840
f 909/1134/841 908/1133/841 935/1160/841 934/1159/841
f 934/1159/842 935/1160/842 648/873/842 647/872/842
f 933/1158/843 934/1159/843 647/872/843 646/871/843
f 908/1133/844 912/1137/844 936/1161/844 935/1160/844
f 912/1137/845 897/1122/845 930/1155/845 936/1161/845
f 936/1161/846 930/1155/846 640/865/846 643/868/846
f 935/1160/847 936/1161/847 643/868/847 648/873/847
f 937/1162/848 938/1163/848 939/1164/848 940/1165/848
f 938/1163/849 941/1166/849 942/1167/849 939/1164/849
f 939/1164/850 942/1167/850 917/1142/850 914/1139/850
f 940/1165/851 939/1164/851 914/1139/851 913/1138/851
f 941/1166/852 943/1168/852 944/1169/852 942/1167/852
f 943/1168/853 945/1170/853 946/1171/853 944/1169/853
f 944/1169/854 946/1171/854 921/1146/854 919/1144/854
f 942/1167/855 944/1169/855 919/1144/855 917/1142/855
f 945/1170/856 947/1172/856 948/1173/856 946/1171/856
f 947/1172/857 949/1174/857 950/1175/857 948/1173/857
f 948/1173/858 950/1175/858 925/1150/858 923/1148/858
f 946/1171/859 948/1173/859 923/1148/859 921/1146/859
f 949/1174/860 951/1176/860 952/1177/860 950/1175/860
f 951/1176/861 937/1162/861 940/1165/861 952/1177/861
f 952/1177/862 940/1165/862 913/1138/862 927/1152/862
f 950/1175/863 952/1177/863 927/1152/863 925/1150/863
f 953/1178/864 954/1179/864 955/1180/864 956/1181/864
f 954/1179/865 957/1182/865 958/1183/865 955/1180/865
f 955/1180/866 958/1183/866 941/1166/866 938/1163/866
f 956/1181/867 955/1180/867 938/1163/867 937/1162/867
f 957/1182/868 959/1184/868 960/1185/868 958/1183/868
f 959/1184/869 961/1186/869 962/1187/869 960/1185/869
f 960/1185/870 962/1187/870 945/1170/870 943/1168/870
f 958/1183/871 960/1185/871 943/1168/871 941/1166/871
f 961/1186/872 963/1188/872 964/1189/872 962/1187/872
f 963/1188/873 965/1190/873 966/1191/873 964/1189/873
f 964/1189/874 966/1191/874 949/1174/874 947/1172/874
f 962/1187/875 964/1189/875 947/1172/875 945/1170/875
f 965/1190/876 967/1192/876 968/1193/876 966/1191/876
f 967/1192/877 953/1178/877 956/1181/877 968/1193/877
f 968/1193/878 956/1181/878 937/1162/878 951/1176/878
f 966/1191/879 968/1193/879 951/1176/879 949/1174/879
f 849/1074/880 848/1073/880 969/1194/880 970/1195/880
f 848/1073/881 847/1072/881 971/1196/881 969/1194/881
f 969/1194/882 971/1196/882 957/1182/882 954/1179/882
f 970/1195/883 969/1194/883 954/1179/883 953/1178/883
f 847/1072/884 855/1080/884 972/1197/884 971/1196/884
f 855/1080/885 854/1079/885 973/1198/885 972/1197/885
f 972/1197/886 973/1198/886 961/1186/886 959/1184/886
f 971/1196/887 972/1197/887 959/1184/887 957/1182/887
f 854/1079/888 861/1086/888 974/1199/888 973/1198/888
f 861/1086/889 860/1085/889 975/1200/889 974/1199/889
f 974/1199/890 975/1200/890 965/1190/890 963/1188/890
f 973/1198/891 974/1199/891 963/1188/891 961/1186/891
f 860/1085/892 864/1089/892 976/1201/892 975/1200/892
f 864/1089/893 849/1074/893 970/1195/893 976/1201/893
f 976/1201/894 970/1195/894 953/1178/894 967/1192/894
f 975/1200/895 976/1201/895 967/1192/895 965/1190/895
usemtl Material.028
f 977/1202/896 978/1203/896 979/1204/896 980/1205/896
f 978/1203/897 981/1206/897 982/1207/897 979/1204/897
f 979/1204/898 982/1207/898 983/1208/898 984/1209/898
f 980/1205/899 979/1204/899 984/1209/899 985/1210/899
f 985/1210/900 984/1209/900 986/1211/900 987/1212/900
f 984/1209/901 983/1208/901 988/1213/901 986/1211/901
f 986/1211/902 988/1213/902 989/1214/902 990/1215/902
f 987/1212/903 986/1211/903 990/1215/903 991/1216/903
f 991/1216/904 990/1215/904 992/1217/904 993/1218/904
f 990/1215/905 989/1214/905 994/1219/905 992/1217/905
f 992/1217/906 994/1219/906 995/1220/906 996/1221/906
f 993/1218/907 992/1217/907 996/1221/907 997/1222/907
f 997/1222/908 996/1221/908 998/1223/908 999/1224/908
f 996/1221/909 995/1220/909 1000/1225/909 998/1223/909
f 998/1223/910 1000/1225/910 981/1226/910 978/1227/910
f 999/1224/911 998/1223/911 978/1227/911 977/1228/911
f 1001/1229/912 1002/1230/912 1003/1231/912 1004/1232/912
f 1002/1230/913 1005/1233/913 1006/1234/913 1003/1231/913
f 1003/1231/914 1006/1234/914 1007/1235/914 1008/1236/914
f 1004/1232/915 1003/1231/915 1008/1236/915 1009/1237/915
f 989/1214/916 988/1238/916 1010/1239/916 994/1219/916
f 988/1238/917 983/1240/917 982/1241/917 1010/1239/917
f 1010/1239/918 982/1241/918 981/1242/918 1000/1243/918
f 994/1219/919 1010/1239/919 1000/1243/919 995/1220/919
f 1007/1235/920 1011/1244/920 1012/1245/920 1008/1246/920
f 1011/1244/921 997/1222/921 999/1224/921 1012/1245/921
f 1012/1245/922 999/1224/922 977/1228/922 1013/1247/922
f 1008/1246/923 1012/1245/923 1013/1247/923 1009/1248/923
f 1005/1233/924 1014/1249/924 1015/1250/924 1006/1234/924
f 1014/1249/925 991/1216/925 993/1218/925 1015/1250/925
f 1015/1250/926 993/1218/926 997/1222/926 1011/1244/926
f 1006/1234/927 1015/1250/927 1011/1244/927 1007/1235/927
f 1001/1251/928 1016/1252/928 1017/1253/928 1002/1254/928
f 1016/1252/929 985/1210/929 987/1212/929 1017/1253/929
f 1017/1253/930 987/1212/930 991/1216/930 1014/1249/930
f 1002/1254/931 1017/1253/931 1014/1249/931 1005/1233/931
f 1009/1255/932 1013/1256/932 1018/1257/932 1004/1258/932
f 1013/1256/933 977/1202/933 980/1205/933 1018/1257/933
f 1018/1257/934 980/1205/934 985/1210/934 1016/1252/934
f 1004/1258/935 1018/1257/935 1016/1252/935 1001/1251/935
f 1019/1259/936 1020/1260/936 1021/1261/936 1022/1262/936
f 1020/1260/937 1023/1263/937 1024/1264/937 1021/1261/937
f 1021/1261/938 1024/1264/938 1025/1265/938 1026/1266/938
f 1022/1262/939 1021/1261/939 1026/1266/939 1027/1267/939
f 1027/1267/940 1026/1266/940 1028/1268/940 1029/1269/940
f 1026/1266/941 1025/1265/941 1030/1270/941 1028/1268/941
f 1028/1268/942 1030/1270/942 1031/1271/942 1032/1272/942
f 1029/1269/943 1028/1268/943 1032/1272/943 1033/1273/943
f 1033/1273/944 1032/1272/944 1034/1274/944 1035/1275/944
f 1032/1272/945 1031/1271/945 1036/1276/945 1034/1274/945
f 1034/1274/946 1036/1276/946 1037/1277/946 1038/1278/946
f 1035/1275/947 1034/1274/947 1038/1278/947 1039/1279/947
f 1039/1279/948 1038/1278/948 1040/1280/948 1041/1281/948
f 1038/1278/949 1037/1277/949 1042/1282/949 1040/1280/949
f 1040/1280/950 1042/1282/950 1023/1283/950 1020/1284/950
f 1041/1281/951 1040/1280/951 1020/1284/951 1019/1285/951
f 1043/1286/952 1044/1287/952 1045/1288/952 1046/1289/952
f 1044/1287/953 1047/1290/953 1048/1291/953 1045/1288/953
f 1045/1288/954 1048/1291/954 1049/1292/954 1050/1293/954
f 1046/1289/955 1045/1288/955 1050/1293/955 1051/1294/955
f 1031/1271/956 1030/1295/956 1052/1296/956 1036/1276/956
f 1030/1295/957 1025/1297/957 1024/1298/957 1052/1296/957
f 1052/1296/958 1024/1298/958 1023/1299/958 1042/1300/958
f 1036/1276/959 1052/1296/959 1042/1300/959 1037/1277/959
f 1049/1292/960 1053/1301/960 1054/1302/960 1050/1303/960
f 1053/1301/961 1039/1279/961 1041/1281/961 1054/1302/961
f 1054/1302/962 1041/1281/962 1019/1285/962 1055/1304/962
f 1050/1303/963 1054/1302/963 1055/1304/963 1051/1305/963
f 1047/1290/964 1056/1306/964 1057/1307/964 1048/1291/964
f 1056/1306/965 1033/1273/965 1035/1275/965 1057/1307/965
f 1057/1307/966 1035/1275/966 1039/1279/966 1053/1301/966
f 1048/1291/967 1057/1307/967 1053/1301/967 1049/1292/967
f 1043/1308/968 1058/1309/968 1059/1310/968 1044/1311/968
f 1058/1309/969 1027/1267/969 1029/1269/969 1059/1310/969
f 1059/1310/970 1029/1269/970 1033/1273/970 1056/1306/970
f 1044/1311/971 1059/1310/971 1056/1306/971 1047/1290/971
f 1051/1312/972 1055/1313/972 1060/1314/972 1046/1315/972
f 1055/1313/973 1019/1259/973 1022/1262/973 1060/1314/973
f 1060/1314/974 1022/1262/974 1027/1267/974 1058/1309/974
f 1046/1315/975 1060/1314/975 1058/1309/975 1043/1308/975
usemtl Material.025
f 1061/1316/976 1062/1317/976 1063/1318/976 1064/1319/976
f 1062/1317/977 1065/1320/977 1066/1321/977 1063/1318/977
f 1063/1318/978 1066/1321/978 1067/1322/978 1068/1323/978
f 1064/1319/979 1063/1318/979 1068/1323/979 1069/1324/979
f 1069/1324/980 1068/1323/980 1070/1325/980 1071/1326/980
f 1068/1323/981 1067/1322/981 1072/1327/981 1070/1325/981
f 1070/1325/982 1072/1327/982 1073/1328/982 1074/1329/982
f 1071/1326/983 1070/1325/983 1074/1329/983 1075/1330/983
f 1075/1330/984 1074/1329/984 1076/1331/984 1077/1332/984
f 1074/1329/985 1073/1328/985 1078/1333/985 1076/1331/985
f 1076/1331/986 1078/1333/986 1079/1334/986 1080/1335/986
f 1077/1332/987 1076/1331/987 1080/1335/987 1081/1336/987
f 1081/1336/988 1080/1335/988 1082/1337/988 1083/1338/988
f 1080/1335/989 1079/1334/989 1084/1339/989 1082/1337/989
f 1082/1337/990 1084/1339/990 1065/1340/990 1062/1341/990
f 1083/1338/991 1082/1337/991 1062/1341/991 1061/1342/991
f 1069/1343/992 1071/1344/992 1085/1345/992 1064/1346/992
f 1071/1344/993 1075/1330/993 1077/1332/993 1085/1345/993
f 1085/1345/994 1077/1332/994 1081/1336/994 1083/1347/994
f 1064/1346/995 1085/1345/995 1083/1347/995 1061/1348/995
f 1073/1328/996 1072/1349/996 1086/1350/996 1078/1333/996
f 1072/1349/997 1067/1351/997 1066/1352/997 1086/1350/997
f 1086/1350/998 1066/1352/998 1065/1353/998 1084/1354/998
f 1078/1333/999 1086/1350/999 1084/1354/999 1079/1334/999
f 1087/1355/976 1088/1356/976 1089/1357/976 1090/1358/976
f 1088/1356/977 1091/1359/977 1092/1360/977 1089/1357/977
f 1089/1357/978 1092/1360/978 1093/1361/978 1094/1362/978
f 1090/1358/979 1089/1357/979 1094/1362/979 1095/1363/979
f 1095/1363/980 1094/1362/980 1096/1364/980 1097/1365/980
f 1094/1362/981 1093/1361/981 1098/1366/981 1096/1364/981
f 1096/1364/982 1098/1366/982 1099/1367/982 1100/1368/982
f 1097/1365/983 1096/1364/983 1100/1368/983 1101/1369/983
f 1101/1369/984 1100/1368/984 1102/1370/984 1103/1371/984
f 1100/1368/985 1099/1367/985 1104/1372/985 1102/1370/985
f 1102/1370/986 1104/1372/986 1105/1373/986 1106/1374/986
f 1103/1371/987 1102/1370/987 1106/1374/987 1107/1375/987
f 1107/1375/988 1106/1374/988 1108/1376/988 1109/1377/988
f 1106/1374/989 1105/1373/989 1110/1378/989 1108/1376/989
f 1108/1376/990 1110/1378/990 1091/1379/990 1088/1380/990
f 1109/1377/991 1108/1376/991 1088/1380/991 1087/1381/991
f 1095/1382/992 1097/1383/992 1111/1384/992 1090/1385/992
f 1097/1383/993 1101/1369/993 1103/1371/993 1111/1384/993
f 1111/1384/994 1103/1371/994 1107/1375/994 1109/1386/994
f 1090/1385/995 1111/1384/995 1109/1386/995 1087/1387/995
f 1099/1367/996 1098/1388/996 1112/1389/996 1104/1372/996
f 1098/1388/997 1093/1390/997 1092/1391/997 1112/1389/997
f 1112/1389/998 1092/1391/998 1091/1392/998 1110/1393/998
f 1104/1372/999 1112/1389/999 1110/1393/999 1105/1373/999
