mtllib LOW_POLY_set.mtl
o lp_tree_5_Cube_034
v 68.074562 12.290931 11.419305
v 67.965195 12.529627 11.245481
v 68.504295 12.540203 11.271613
v 68.578583 12.270379 11.365795
v 67.992851 12.858730 11.333175
v 68.491554 12.855298 11.405518
v 68.962349 12.520056 11.497866
v 69.043518 12.242011 11.503876
v 68.878647 12.816908 11.666325
v 67.807625 12.154359 11.936431
v 67.633972 12.289551 11.710419
v 68.151512 12.116812 11.805840
v 67.477936 12.556774 11.515356
v 67.505707 12.898021 11.522442
v 67.740105 13.168316 11.782933
v 68.169456 13.182771 11.702886
v 68.629616 13.154773 11.695781
v 68.981911 13.089526 11.740393
v 69.258385 12.985207 11.906006
v 69.350494 12.757548 11.837111
v 69.407288 12.477381 11.798533
v 69.433449 12.200940 11.807645
v 69.060730 12.035323 11.806751
v 69.365860 12.036640 11.929610
v 68.615639 12.065842 11.743690
v 69.708023 12.117800 12.305850
v 69.733780 12.415671 12.348685
v 69.863258 12.370220 13.158987
v 69.832054 12.075758 13.020349
v 69.731873 12.730578 12.274117
v 69.943832 12.715648 13.058768
v 69.826820 12.375326 13.958250
v 69.797981 12.147474 13.835721
v 69.769348 12.680202 13.949373
v 69.508362 11.942838 12.321665
v 69.573303 13.048788 12.206348
v 69.855553 13.072112 12.934840
v 69.697281 13.025363 13.788054
v 69.363274 12.889422 14.430831
v 69.479866 12.667052 14.591506
v 69.599930 12.401481 14.627413
v 69.627327 12.195112 14.514100
v 69.595146 12.008013 13.799244
v 69.544601 12.049535 14.359415
v 69.602066 11.915006 13.003857
v 69.215683 12.184679 14.925416
v 69.179329 12.430647 15.060569
v 68.623535 12.457186 15.225207
v 68.636864 12.175828 15.104928
v 69.105377 12.729803 14.954653
v 68.637337 12.808420 15.067117
v 68.062653 12.465405 15.129307
v 68.075050 12.158540 15.011045
v 68.129837 12.844925 15.015685
v 69.202209 12.059751 14.543037
v 69.074364 13.008789 14.585460
v 68.672012 13.132418 14.622353
v 68.215279 13.240089 14.594917
v 67.814552 13.236120 14.403581
v 67.617821 12.870479 14.648457
v 67.634842 12.515836 14.679282
v 67.701454 12.281557 14.597517
v 68.159851 12.058428 14.614462
v 67.834167 12.141038 14.419369
v 68.674599 12.073392 14.691298
v 67.446785 12.284981 13.914714
v 67.309128 12.587334 13.920613
v 67.147888 12.656690 12.964902
v 67.328377 12.288073 13.073359
v 67.235703 13.029894 13.850138
v 67.164818 13.101762 12.843247
v 67.205086 12.623659 12.128556
v 67.386574 12.289918 12.289495
v 67.255684 13.007351 12.081948
v 67.723511 12.123461 13.896155
v 67.832039 13.470980 13.639852
v 67.743317 13.559976 12.816498
v 67.712082 13.369026 12.221499
v 67.701172 12.109561 12.414908
v 67.654465 12.096910 13.139893
v 69.122200 11.931847 12.364231
v 69.187286 11.957867 13.110997
v 68.662720 12.073990 13.207383
v 68.639122 11.988685 12.388919
v 69.198639 12.043951 13.915863
v 68.674217 12.129056 14.042190
v 68.120758 12.056488 13.189790
v 68.139153 12.041398 12.419287
v 68.148216 12.070763 13.978013
v 69.220802 13.242514 13.886933
v 69.273598 13.336216 12.982080
v 68.845901 13.486769 13.007775
v 68.797607 13.406857 13.870716
v 69.120987 13.264775 12.090322
v 68.758827 13.360925 12.203529
v 68.340134 13.576186 12.933645
v 68.309158 13.502030 13.742636
v 68.293655 13.410862 12.237420
v 68.945312 11.700192 10.001368
v 68.838394 11.997509 9.936246
v 69.042084 11.947488 9.503044
v 69.141418 11.631729 9.589422
v 68.881821 12.320290 9.904284
v 69.077446 12.291103 9.495259
v 69.349236 11.924002 9.176983
v 69.436852 11.610466 9.260620
v 69.360962 12.257617 9.198278
v 69.067230 11.597682 10.429276
v 68.891823 11.778436 10.438219
v 69.166328 11.495409 10.131514
v 68.771286 12.061822 10.419959
v 68.805695 12.364336 10.358550
v 68.941002 12.580863 10.278981
v 69.052177 12.611043 9.945909
v 69.232849 12.605410 9.559984
v 69.419899 12.555264 9.249063
v 69.650368 12.464133 9.077130
v 69.685570 12.220089 8.958390
v 69.733849 11.912636 8.984760
v 69.796822 11.604111 9.072983
v 69.627228 11.394253 9.415800
v 69.847252 11.421467 9.211549
v 69.366333 11.412733 9.750807
v 70.204391 11.564051 9.056620
v 70.196602 11.903257 8.995950
v 70.677917 11.919809 9.208607
v 70.632515 11.577164 9.214304
v 70.116882 12.241300 8.926918
v 70.627731 12.289207 9.092329
v 71.054680 11.982558 9.517474
v 71.009445 11.715130 9.515135
v 70.980515 12.304310 9.547050
v 70.131302 11.351660 9.249112
v 69.963333 12.562551 9.026810
v 70.483818 12.620442 9.132934
v 70.827080 12.602407 9.573217
v 70.974258 12.533639 10.022729
v 71.143555 12.326755 9.992498
v 71.261047 12.046414 9.925479
v 71.247826 11.806737 9.879125
v 70.902603 11.536022 9.677179
v 71.147240 11.621642 9.904038
v 70.524200 11.374662 9.410192
v 71.232948 11.795868 10.351598
v 71.246544 12.083021 10.410843
v 71.026909 12.104493 10.916406
v 71.011162 11.801241 10.875793
v 71.114296 12.400455 10.414061
v 70.910965 12.461067 10.837322
v 70.677879 12.093641 11.340634
v 70.659851 11.805542 11.297856
v 70.612167 12.457627 11.243035
v 71.054710 11.617350 10.241489
v 70.880966 12.657660 10.299532
v 70.672592 12.758421 10.654208
v 70.406570 12.815803 11.045683
v 70.104698 12.738674 11.320645
v 70.159393 12.417763 11.540697
v 70.225731 12.078171 11.539287
v 70.247643 11.841750 11.466758
v 70.522156 11.640994 11.111042
v 70.246315 11.691367 11.307421
v 70.843079 11.629695 10.714594
v 69.790413 11.853770 11.417464
v 69.685242 12.119946 11.527651
v 69.165237 12.152775 11.289650
v 69.345428 11.843092 11.201164
v 69.560493 12.483236 11.573811
v 69.075706 12.524575 11.226921
v 68.861870 12.117249 10.901289
v 69.026520 11.817663 10.856936
v 68.860382 12.451768 10.812443
v 69.944420 11.646004 11.209807
v 69.733696 12.811588 11.103127
v 69.279053 12.871396 10.869652
v 69.058777 12.719632 10.534191
v 69.242943 11.580778 10.693714
v 69.560402 11.599829 10.993668
v 69.950676 11.315907 9.576984
v 70.352760 11.395077 9.776288
v 70.112572 11.499402 10.219281
v 69.705711 11.363396 9.968817
v 70.746414 11.543837 10.032261
v 70.521881 11.604961 10.487977
v 69.824455 11.501040 10.652958
v 69.462868 11.441259 10.371072
v 70.212303 11.569632 10.904398
v 70.601318 12.786508 9.994650
v 70.177910 12.827425 9.629506
v 69.956955 12.946418 10.000139
v 70.356171 12.933829 10.336395
v 69.645546 12.764032 9.354273
v 69.512749 12.840641 9.716273
v 69.631683 13.022535 10.399048
v 70.025749 12.951906 10.741510
v 69.305031 12.841297 10.123571
v 71.366806 11.572513 11.006369
v 71.351761 11.869829 10.882092
v 71.818069 11.819809 10.773886
v 71.811729 11.504049 10.905373
v 71.403748 12.192610 10.896409
v 71.846077 12.163424 10.796837
v 72.264290 11.796323 10.813264
v 72.252838 11.482786 10.933846
v 72.254822 12.129937 10.835652
v 71.106224 11.470002 11.367017
v 70.990608 11.650756 11.234794
v 71.401413 11.367729 11.260515
v 70.930336 11.934142 11.128824
v 70.999863 12.236656 11.117833
v 71.146111 12.453184 11.174838
v 71.476517 12.483363 11.055967
v 71.891449 12.477730 10.958954
v 72.251419 12.427584 10.913376
v 72.529121 12.336453 10.987942
v 72.644165 12.092409 10.942084
v 72.653343 11.784956 10.996327
v 72.623039 11.476431 11.100398
v 72.248825 11.266573 11.179426
v 72.545433 11.293787 11.225780
v 71.824219 11.285053 11.181913
v 72.888191 11.436371 11.410352
v 72.931023 11.775578 11.366680
v 73.061966 11.792130 11.876328
v 73.029388 11.449484 11.844199
v 72.935883 12.113620 11.261337
v 73.122223 12.161528 11.764934
v 73.052628 11.854878 12.363422
v 73.026466 11.587450 12.326450
v 72.983490 12.176630 12.323486
v 72.691772 11.223980 11.472114
v 72.762383 12.434872 11.202581
v 73.001236 12.492763 11.677044
v 72.867950 12.474729 12.219180
v 72.606041 12.405959 12.613038
v 72.734589 12.199075 12.727283
v 72.859947 11.918735 12.778066
v 72.888168 11.679057 12.738988
v 72.833061 11.408342 12.342852
v 72.806335 11.493961 12.675413
v 72.808487 11.246983 11.880393
v 72.507904 11.668188 13.019785
v 72.469788 11.955341 13.067139
v 71.936783 11.976814 13.207615
v 71.958923 11.673562 13.170105
v 72.385391 12.272776 12.965269
v 71.927116 12.333387 13.067603
v 71.387543 11.965961 13.196119
v 71.409981 11.677862 13.155478
v 71.423515 12.329947 13.084095
v 72.484039 11.489670 12.811646
v 72.330894 12.529980 12.711122
v 71.923355 12.630741 12.767036
v 71.451233 12.688124 12.800456
v 71.048416 12.610994 12.733596
v 70.909462 12.290084 12.912772
v 70.951630 11.950491 12.963993
v 71.022156 11.714070 12.936303
v 71.471458 11.513314 12.931693
v 71.146469 11.563687 12.836627
v 71.981476 11.502014 12.938313
v 70.777824 11.726090 12.546706
v 70.626183 11.992266 12.532315
v 70.491188 12.025095 11.976597
v 70.672226 11.715412 12.063330
v 70.512703 12.355556 12.462920
v 70.485031 12.396896 11.867452
v 70.608391 11.989569 11.497929
v 70.745148 11.689983 11.599783
v 70.677246 12.324089 11.441761
v 71.036240 11.518324 12.539104
v 70.989578 12.683908 12.307570
v 70.891495 12.743717 11.805984
v 71.018585 12.591952 11.425320
v 71.007317 11.453098 11.668708
v 70.968269 11.472149 12.103715
v 72.322464 11.188228 11.533228
v 72.414848 11.267397 11.972383
v 71.918259 11.371722 12.057985
v 71.863091 11.235716 11.583403
v 72.457512 11.416157 12.440002
v 71.960609 11.477282 12.545769
v 71.399307 11.373362 12.100173
v 71.396843 11.313580 11.641698
v 71.441933 11.441953 12.560423
v 72.397224 12.658828 12.302768
v 72.421883 12.699745 11.744198
v 71.994026 12.818738 11.800110
v 71.977074 12.806149 12.321792
v 72.308479 12.636353 11.155724
v 71.941971 12.712961 11.275522
v 71.479378 12.894855 11.791598
v 71.454369 12.824226 12.313079
v 71.493515 12.713617 11.364526
v 69.852409 11.175083 14.112174
v 69.770538 11.484591 14.072546
v 69.969444 11.453963 13.635337
v 70.042236 11.125005 13.694677
v 69.840599 11.804212 14.067058
v 70.033195 11.792938 13.655717
v 70.273651 11.432257 13.306397
v 70.334938 11.106702 13.363269
v 70.313004 11.760844 13.355090
v 69.965340 11.027744 14.529329
v 69.805527 11.221018 14.554344
v 70.055656 10.942650 14.223480
v 69.708916 11.513935 14.560357
v 69.768311 11.816612 14.523910
v 69.921120 12.027057 14.461588
v 70.034477 12.075431 14.131406
v 70.214127 12.086872 13.745131
v 70.396416 12.047363 13.429884
v 70.618561 11.952049 13.249472
v 70.633423 11.716608 13.110750
v 70.656029 11.405093 13.111317
v 70.693176 11.086172 13.173338
v 70.506699 10.863377 13.498783
v 70.728256 10.889133 13.296006
v 70.248177 10.875547 13.835914
v 71.096016 11.014044 13.150989
v 71.116409 11.356588 13.118590
v 71.597397 11.315612 13.328656
v 71.523727 10.978603 13.306343
v 71.065010 11.704618 13.078247
v 71.578049 11.696253 13.243619
v 71.978012 11.321187 13.639116
v 71.910751 11.059530 13.615005
v 71.930794 11.644409 13.695658
v 71.005524 10.793208 13.325770
v 70.938622 12.028082 13.205353
v 71.462097 12.033747 13.312402
v 71.802605 11.950977 13.747380
v 71.943504 11.833269 14.188681
v 72.095062 11.616313 14.140333
v 72.188896 11.333738 14.049607
v 72.155846 11.100641 13.983708
v 71.789391 10.877063 13.762419
v 72.040245 10.923071 13.993926
v 71.398949 10.770220 13.485562
v 72.140038 11.051932 14.453760
v 72.177399 11.331079 14.536423
v 71.960220 11.328678 15.043494
v 71.919380 11.032178 14.978084
v 72.071938 11.657001 14.566730
v 71.874268 11.698940 14.994905
v 71.611420 11.311613 15.467709
v 71.569565 11.030529 15.401407
v 71.576149 11.686617 15.400942
v 71.947632 10.898501 14.330484
v 71.860771 11.941218 14.475398
v 71.661415 12.029131 14.838574
v 71.401009 12.075680 15.235226
v 71.093735 12.001261 15.504898
v 71.121582 11.659802 15.697326
v 71.159515 11.317176 15.667432
v 71.161751 11.086578 15.575483
v 71.418724 10.893974 15.202571
v 71.147980 10.950539 15.404284
v 71.737671 10.889063 14.804400
v 70.707108 11.140405 15.530417
v 70.624352 11.404318 15.662911
v 70.108910 11.499636 15.431927
v 70.262802 11.184515 15.316964
v 70.530167 11.771601 15.739748
v 70.050545 11.881481 15.400716
v 69.803703 11.521613 15.044002
v 69.942940 11.214148 14.973958
v 69.829987 11.861318 14.983095
v 70.843376 10.938538 15.305285
v 70.730087 12.122372 15.296637
v 70.282021 12.238704 15.071952
v 70.049965 12.133989 14.726589
v 70.138992 10.974520 14.790284
v 70.456894 10.942339 15.088651
v 70.822502 10.745472 13.650774
v 71.229736 10.774339 13.853235
v 70.998955 10.861104 14.304930
v 70.582253 10.780426 14.046824
v 71.634331 10.868320 14.117971
v 71.415558 10.909834 14.578674
v 70.711891 10.850625 14.739184
v 70.346642 10.844507 14.455755
v 71.104050 10.865845 14.992823
v 71.592827 12.117561 14.184080
v 71.174332 12.223460 13.826410
v 70.963951 12.329197 14.207077
v 71.360687 12.255827 14.538461
v 70.638596 12.227324 13.550459
v 70.512543 12.284395 13.918431
v 70.646049 12.398637 14.613082
v 71.032837 12.267537 14.945891
v 70.305527 12.268476 14.325777
v 69.184647 8.846352 13.713366
v 69.047485 9.245525 13.115714
v 69.002869 9.096151 12.706716
v 68.896454 8.674271 12.749824
v 69.105911 9.651199 12.683905
v 69.122475 9.354811 12.281340
v 69.237640 8.891829 11.783253
v 68.435898 10.946712 13.097534
v 68.540611 10.991757 13.017166
v 68.566368 10.831582 12.958785
v 68.461731 10.769497 13.038976
v 68.676933 11.015279 13.027478
v 68.702293 10.876224 12.975549
v 68.769707 10.745489 12.917742
v 68.634628 10.667198 12.890800
v 68.530182 10.577209 12.973181
v 69.775810 10.117935 11.844964
v 69.717560 9.824707 11.638538
v 69.538635 9.555674 11.680568
v 69.424591 9.613422 11.828621
v 69.850334 9.571523 11.528787
v 69.659035 9.280871 11.597693
v 68.520187 10.889302 13.339353
v 68.432854 10.905149 13.231579
v 68.458351 10.726223 13.180142
v 68.545189 10.722973 13.297524
v 68.526108 10.530064 13.129336
v 68.611855 10.546021 13.264703
v 70.070641 10.497940 10.817719
v 70.017601 10.395989 10.716646
v 69.971848 10.267553 10.915216
v 70.036819 10.412935 11.009640
v 70.074989 10.291912 10.619373
v 70.039505 10.121230 10.823928
v 69.999306 9.960451 11.082193
v 69.918449 10.151980 11.172555
v 69.999077 10.344452 11.267277
v 70.365112 10.492270 10.827848
v 70.217064 10.533733 10.859973
v 70.213333 10.466526 11.048901
v 70.390770 10.410643 11.018377
v 70.215652 10.418903 11.309882
v 70.431595 10.348703 11.281942
v 70.369469 10.286243 10.629503
v 70.422501 10.388193 10.730576
v 70.458191 10.264104 10.926708
v 70.392982 10.118505 10.831906
v 70.510559 10.155445 11.188543
v 70.428032 9.961242 11.090784
v 70.223045 10.250448 10.587249
v 70.216705 10.065132 10.793024
v 70.213356 9.888521 11.051216
v 69.850014 10.022621 11.444118
v 69.944641 10.263540 11.559874
v 69.948265 9.790062 11.343688
v 70.218369 10.369833 11.620411
v 70.497871 10.292347 11.604399
v 70.171448 10.335773 11.925062
v 70.689629 10.294400 12.034554
v 70.586960 10.040565 11.480995
v 70.478256 9.795380 11.358904
v 70.739296 9.874567 11.717089
v 70.582047 9.582150 11.557298
v 69.211617 9.724375 13.364515
v 69.104935 9.654642 13.098320
v 69.104340 9.405094 13.301962
v 69.198616 9.385627 13.558978
v 68.641106 11.539825 13.211062
v 68.727325 11.620461 13.333496
v 68.729897 11.558066 13.363856
v 68.705780 11.488679 13.308895
v 68.783287 11.664561 13.483052
v 68.731804 11.557516 13.456237
v 68.702332 11.458117 13.418710
v 70.211189 9.704045 11.310844
v 70.210526 9.477287 11.497799
v 70.359390 10.401641 14.255001
v 70.414719 10.235346 14.318076
v 70.436600 10.180781 14.217085
v 70.365906 10.367913 14.134413
v 70.375526 10.108099 14.442735
v 70.372253 10.015730 14.334900
v 70.413963 9.893286 14.166947
v 70.500320 10.100327 14.051827
v 70.414467 10.315601 13.946568
v 69.724373 10.332975 12.503593
v 70.218018 10.371754 12.290236
v 70.032043 10.332672 12.129389
v 69.709518 10.184599 12.146846
v 70.107315 10.505763 14.419224
v 70.230324 10.508740 14.301912
v 70.184731 10.463509 14.143617
v 70.005898 10.426970 14.228037
v 70.185600 10.406722 13.917906
v 69.956192 10.338953 13.972153
v 70.123459 10.212223 14.606957
v 70.068123 10.378515 14.543882
v 69.941429 10.261744 14.345941
v 70.012009 10.074438 14.428702
v 69.868896 10.130516 14.087983
v 69.953804 9.913845 14.193954
v 70.252518 10.105122 14.560046
v 70.193298 9.979018 14.419409
v 70.183609 9.824120 14.221905
v 70.573868 9.985407 13.851456
v 70.480782 10.239033 13.718270
v 70.466393 9.740881 13.976277
v 70.560036 9.534006 13.857719
v 70.703743 9.795048 13.721775
v 70.670433 10.101492 13.505783
v 71.317017 9.752548 12.070823
v 71.454178 9.683788 12.334607
v 71.387550 9.412356 12.176328
v 71.259430 9.395397 11.924096
v 71.461021 9.673910 12.755784
v 71.429642 9.249226 12.385635
v 71.226646 8.850595 11.829199
v 71.360916 9.358746 13.208839
v 71.452148 9.097664 12.815999
v 71.173553 8.887554 13.751108
v 71.516449 8.674483 12.807987
v 70.204033 10.349370 13.662588
v 69.915176 10.266987 13.698899
v 70.290939 10.318156 13.420020
v 69.800499 10.269320 13.352910
v 69.805061 10.004179 13.838663
v 69.904251 9.747821 13.971623
v 69.678001 9.841595 13.669654
v 69.809181 9.543857 13.838758
v 70.877769 9.534247 13.742722
v 71.015388 9.604033 13.609366
v 70.746231 9.258565 13.864568
v 70.184158 9.651369 14.021161
v 70.184669 9.437080 13.901007
v 68.851379 10.714299 13.209264
v 68.746925 10.624312 13.291644
v 68.883217 10.488345 13.291886
v 68.990189 10.615927 13.201115
v 68.745903 10.366940 13.251692
v 68.924683 10.182018 13.252231
v 69.070595 10.346036 13.307258
v 69.185234 10.513029 13.203024
v 70.813728 10.189472 13.252868
v 70.482231 10.328718 13.256103
v 70.888390 10.356388 12.923847
v 70.336952 10.369190 13.121975
v 70.305824 10.397266 12.718433
v 70.134377 10.390598 12.928676
v 69.760933 10.397810 12.923326
v 70.826195 10.419868 12.495859
v 70.454666 10.400306 12.499973
v 68.675964 11.673267 13.655688
v 68.637810 11.752146 13.666025
v 68.574402 11.661774 13.621005
v 68.593437 11.579920 13.598586
v 68.610390 11.841760 13.591142
v 68.520004 11.664616 13.551335
v 68.499092 11.468519 13.513596
v 68.855453 10.761446 13.053108
v 68.995613 10.670966 13.016949
v 68.909386 10.632566 12.851783
v 69.193054 10.580023 12.980960
v 69.102814 10.522360 12.777616
v 68.771950 10.510986 12.811678
v 68.664856 10.383231 12.902538
v 68.955963 10.356947 12.723299
v 68.840378 10.188557 12.828244
v 68.659554 10.328367 13.086615
v 68.833504 10.122962 13.049597
v 69.273079 10.176455 13.338915
v 69.421349 10.388022 13.220516
v 69.105240 9.979094 13.269876
v 69.417831 9.937181 13.441212
v 68.466797 11.742347 13.119148
v 68.431534 11.648298 13.173905
v 68.406166 11.720950 13.192508
v 68.431671 11.810907 13.152481
v 68.398460 11.526525 13.243486
v 68.407845 11.706609 13.269131
v 68.462196 11.879749 13.240249
v 69.433495 10.474117 12.944356
v 69.336006 10.405931 12.685339
v 69.152184 10.193544 12.618318
v 69.012794 9.978204 12.752206
v 69.311203 10.006744 12.439929
v 69.004585 9.907269 13.027024
v 71.573463 0.857429 14.194967
v 70.176971 0.857428 14.703043
v 70.178734 0.420430 14.524119
v 71.444633 0.424940 14.063578
v 68.790749 0.857428 14.167603
v 68.922134 0.424940 14.038772
v 69.220566 0.183890 13.746150
v 70.184265 0.138156 13.961064
v 71.152008 0.183891 13.765143
v 68.658058 11.758674 13.171543
v 68.678467 11.857420 13.208132
v 68.697906 11.859690 13.284991
v 68.714050 11.803215 13.298106
v 68.645355 11.923694 13.246498
v 68.679825 11.905625 13.343328
v 68.744476 11.873400 13.434703
v 71.600822 0.857428 11.412251
v 72.108902 0.857428 12.808740
v 71.929977 0.420430 12.806980
v 71.469437 0.424939 11.541081
v 71.366920 0.138155 12.801444
v 71.171005 0.183891 11.833704
v 68.818108 0.857429 11.384887
v 70.214600 0.857428 10.876810
v 70.212837 0.420429 11.055735
v 68.946938 0.424939 11.516275
v 70.207306 0.138155 11.618790
v 69.239563 0.183891 11.814710
v 68.282669 0.857428 12.771113
v 68.461594 0.420431 12.772873
v 69.024651 0.138155 12.778410
v 71.765289 2.219597 14.390604
v 70.174355 2.219597 14.969425
v 70.175560 1.411867 14.846337
v 71.676651 1.411867 14.300205
v 68.595108 2.219596 14.359428
v 68.685509 1.411867 14.270791
v 71.796463 2.219596 11.220425
v 72.375282 2.219597 12.811359
v 72.252197 1.411866 12.810149
v 71.706062 1.411867 11.309063
v 68.626282 2.219597 11.189250
v 70.217216 2.219597 10.610429
v 70.216011 1.411867 10.733517
v 68.714920 1.411867 11.279648
v 68.016289 2.219597 12.768494
v 68.139374 1.411866 12.769705
v 71.726707 11.081633 12.050110
v 71.684464 11.108643 12.092778
v 71.704498 11.155069 12.078319
v 71.724892 11.162699 12.051197
v 71.656418 11.151231 12.110088
v 71.688171 11.194473 12.090985
v 71.734482 11.239766 12.092304
v 70.370628 10.912002 10.356733
v 70.396790 10.997738 10.313740
v 70.416183 11.003174 10.389139
v 70.401367 10.941700 10.445570
v 70.440544 11.083969 10.268994
v 70.414276 11.076708 10.408045
v 70.359131 11.023337 10.534612
v 71.774101 4.697483 14.399595
v 70.174232 4.697483 14.981668
v 70.173889 3.384533 15.016725
v 71.799347 3.384532 14.425342
v 68.586121 4.697483 14.368245
v 68.560371 3.384533 14.393490
v 71.805450 4.697483 11.211609
v 72.387527 4.697483 12.811481
v 72.422585 3.384533 12.811825
v 71.831200 3.384533 11.186363
v 68.617470 4.697483 11.180259
v 70.217339 4.697484 10.598186
v 70.217682 3.384533 10.563129
v 68.592224 3.384533 11.154512
v 70.300507 11.088545 10.154160
v 70.242416 11.037043 10.225623
v 70.226631 11.110555 10.199577
v 70.272980 11.165516 10.139931
v 70.157364 10.981445 10.327844
v 70.186691 11.146903 10.252736
v 70.268265 11.263908 10.184647
v 68.004044 4.697482 12.768373
v 67.968987 3.384533 12.768029
v 71.535446 6.996663 14.156199
v 70.177490 6.996664 14.650255
v 70.175377 5.918366 14.865317
v 71.690315 5.918368 14.314144
v 68.829514 6.996663 14.129588
v 68.671570 5.918367 14.284458
v 71.562057 6.996664 11.450265
v 72.056114 6.996664 12.808221
v 72.271172 5.918368 12.810336
v 71.720001 5.918367 11.295396
v 68.856125 6.996663 11.423656
v 70.214081 6.996664 10.929598
v 70.216194 5.918368 10.714537
v 68.701256 5.918367 11.265710
v 71.248390 10.499613 14.287790
v 71.282120 10.583976 14.364407
v 71.266113 10.587647 14.436881
v 71.210358 10.536442 14.460848
v 71.272736 10.639144 14.416033
v 71.260124 10.632219 14.495420
v 71.188652 10.622289 14.586459
v 68.335457 6.996664 12.771633
v 68.120399 5.918367 12.769518
v 70.181808 8.677650 14.064489
v 70.180222 7.928908 14.343050
v 71.322502 7.939825 13.935603
v 69.046028 7.936760 13.911159
v 70.889008 10.658556 14.720169
v 70.827164 10.651144 14.676571
v 70.835884 10.585203 14.688355
v 70.896286 10.575128 14.711853
v 70.775009 10.655432 14.566730
v 70.777802 10.555241 14.662786
v 70.850876 10.466265 14.685843
v 71.754845 7.928121 12.805649
v 71.347382 7.937218 11.665020
v 70.213196 8.684605 11.482089
v 70.212074 7.929698 11.232652
v 69.070877 7.940297 11.639948
v 71.049438 10.675406 14.237917
v 71.053352 10.585047 14.172468
v 70.985298 10.556583 14.214936
v 70.937378 10.603059 14.271103
v 71.081665 10.507022 14.167916
v 70.979027 10.486801 14.229065
v 70.840591 10.499571 14.291824
v 68.639130 7.928109 12.771276
v 68.583122 12.167646 12.795597
v 68.617851 12.174712 12.810034
v 68.625511 12.182981 12.767679
v 68.581421 12.168338 12.759711
v 68.655449 12.167646 12.808668
v 68.669594 12.168339 12.775646
v 68.667900 12.155073 12.739760
v 68.633163 12.161963 12.725325
v 68.595573 12.155072 12.726690
v 69.093666 12.099226 13.811446
v 69.061195 12.104441 13.839041
v 69.101570 12.115384 13.869778
v 69.132309 12.104441 13.829400
v 69.043243 12.099225 13.877686
v 69.070831 12.104441 13.910154
v 69.109482 12.099226 13.928108
v 69.141945 12.104441 13.900514
v 69.159904 12.099226 13.861870
v 71.238731 10.695812 14.322244
v 71.266319 10.660612 14.361874
v 71.286484 10.611526 14.328759
v 71.294136 10.601662 14.270755
v 71.057968 10.444744 14.521081
v 71.059624 10.395718 14.382360
v 71.034187 10.534822 14.638417
v 70.875877 10.354094 14.579427
v 70.880287 10.312868 14.445994
v 71.346344 11.253530 13.749922
v 71.366402 11.258387 13.763217
v 71.376900 11.268574 13.736695
v 71.350380 11.258386 13.726198
v 71.390129 11.253531 13.767250
v 71.403419 11.258386 13.747192
v 71.407455 11.253530 13.723469
v 71.387398 11.258386 13.710174
v 71.363670 11.253530 13.706141
v 70.699089 11.019878 14.808373
v 70.682755 11.028276 14.788372
v 70.657028 11.016420 14.807211
v 70.683517 11.006314 14.826010
v 70.668610 11.019878 14.766760
v 70.647102 11.006315 14.776286
v 70.639420 10.983125 14.788144
v 70.647865 10.984358 14.813924
v 70.669891 10.983124 14.829757
v 68.452728 11.682462 13.411508
v 68.524841 11.852775 13.416492
v 68.412277 11.483942 13.386210
v 69.438072 9.584880 13.641983
v 69.610359 9.261556 13.831522
v 71.235382 10.907410 14.491370
v 71.228302 10.915527 14.522405
v 71.267540 10.910449 14.527660
v 71.267082 10.899035 14.489418
v 71.226959 10.907411 14.554208
v 71.257034 10.899035 14.564434
v 71.283516 10.879781 14.561783
v 71.295822 10.882542 14.531448
v 71.291939 10.879781 14.498945
v 70.387253 11.582710 9.490078
v 70.406937 11.600076 9.485717
v 70.401840 11.592484 9.454265
v 70.380463 11.571222 9.467062
v 70.432014 11.603891 9.477715
v 70.434258 11.596676 9.452204
v 70.432724 11.577051 9.434304
v 70.407784 11.567822 9.433550
v 70.387962 11.555870 9.446669
v 71.085709 9.964020 11.980057
v 70.997635 9.606138 11.805288
v 70.790070 9.283461 11.640205
v 71.142212 9.802190 13.307261
v 71.294128 10.035483 12.983329
v 69.738762 11.738543 10.978735
v 69.716393 11.747172 10.961506
v 69.695724 11.726005 10.983589
v 69.728897 11.718360 10.997890
v 69.697723 11.738543 10.940327
v 69.679268 11.718359 10.951439
v 69.677361 11.690889 10.962088
v 69.691765 11.689545 10.987823
v 69.718391 11.690889 11.000496
v 71.952484 10.877811 12.338313
v 71.988281 11.011438 12.269993
v 71.987350 11.077364 12.288889
v 71.942055 11.068425 12.314550
v 72.016571 11.097815 12.235652
v 72.007210 11.149458 12.260360
v 71.954430 11.203667 12.253381
v 69.369637 9.795389 12.132866
v 70.211853 9.164899 11.554490
v 71.783257 11.266841 11.574516
v 71.816170 11.274889 11.569637
v 71.816528 11.237839 11.549264
v 71.776421 11.235545 11.562428
v 71.848900 11.266842 11.575674
v 71.856155 11.235545 11.563834
v 71.849091 11.202065 11.564963
v 71.816406 11.196201 11.556626
v 71.783440 11.202065 11.563806
v 70.183258 9.142021 13.923836
v 72.445656 11.356981 12.027051
v 72.455780 11.363726 12.050795
v 72.474815 11.337334 12.045595
v 72.456337 11.334074 12.018509
v 72.459137 11.356980 12.076387
v 72.472672 11.334075 12.078314
v 72.473526 11.308062 12.072456
v 72.473228 11.304424 12.046029
v 72.460045 11.308062 12.023120
v 71.180557 10.723280 14.405483
v 71.229927 10.691861 14.394816
v 71.145157 10.749658 14.434687
v 71.204872 10.718408 14.416353
v 71.252106 10.690451 14.453736
v 71.258331 10.666643 14.442485
v 71.257202 10.658386 14.522488
v 71.260742 10.680721 14.526941
v 71.226425 10.694839 14.595543
v 71.216995 10.671900 14.597220
v 71.144867 10.711472 14.627070
v 71.102928 10.684014 14.644926
v 71.159111 10.730477 14.620648
v 71.104279 10.762825 14.590038
v 71.095238 10.747631 14.592546
v 71.038101 10.755241 14.616303
v 71.118980 10.747889 14.494567
v 71.121696 10.741871 14.463052
v 71.103241 10.768166 14.510061
v 70.195786 0.042172 12.789927
v 70.124290 11.231656 10.350126
v 70.185783 11.324453 10.321861
v 70.094093 11.140995 10.417162
v 70.044037 11.255454 10.501005
v 70.058083 11.320641 10.450706
v 70.106049 11.387855 10.436481
v 71.836517 11.072635 12.342875
v 71.838463 10.887234 12.418081
v 71.833557 11.204567 12.266530
v 71.710205 11.221977 12.267008
v 71.721077 11.074264 12.341658
v 71.709587 10.906933 12.414007
v 70.455818 11.195510 10.280399
v 70.386513 11.202991 10.411892
v 70.421394 11.286659 10.262982
v 70.333099 11.317081 10.392993
v 70.227676 11.360463 10.534302
v 70.305428 11.200125 10.530003
v 71.150688 10.467035 14.204069
v 71.016747 10.416626 14.282717
v 70.858940 10.369500 14.336642
v 70.350586 11.318281 10.221762
v 70.261536 11.358595 10.349071
v 70.170097 11.411096 10.469944
v 70.910942 10.771888 14.497851
v 70.977509 10.722381 14.380724
v 70.885780 10.665807 14.383759
v 70.841095 10.726316 14.503505
v 70.785202 10.601938 14.399530
v 71.064720 10.743744 14.415287
v 71.147186 10.717385 14.281505
v 70.981133 10.784147 14.537767
v 68.565369 11.942829 13.260828
v 68.612106 11.919974 13.392032
v 68.682755 11.910691 13.517816
v 68.722931 11.713015 13.311962
v 68.639069 11.655892 13.200440
v 68.787033 11.771421 13.441864
v 68.738258 11.643902 13.591980
v 68.668304 11.550482 13.542963
v 68.617241 11.436987 13.495390
v 71.979080 11.093369 12.117643
v 72.003105 11.075984 12.177151
v 71.967033 10.977376 12.194533
v 71.933762 10.996768 12.114717
v 71.945755 10.813579 12.216280
v 71.868164 10.840541 12.103033
v 71.624992 10.893189 12.183685
v 71.625275 10.902061 12.322515
v 71.646568 11.050447 12.291990
v 71.624390 11.034500 12.213816
v 71.641151 11.168963 12.265434
v 71.616516 11.131145 12.221951
v 71.004181 10.622657 14.687661
v 70.963768 10.701378 14.701760
v 68.554298 11.719025 13.119170
v 68.525284 11.626779 13.162001
v 68.502609 11.514922 13.178586
v 70.221046 11.175972 10.584563
v 70.243668 11.029254 10.589937
v 70.180145 11.304564 10.606638
v 70.126366 11.255252 10.610456
v 70.147911 11.143229 10.571940
v 70.151428 11.013388 10.559709
v 71.730095 10.831966 12.103372
v 71.766273 10.966068 12.078403
v 71.856766 10.987065 12.067141
v 71.683868 10.997025 12.109616
v 71.794556 11.049697 12.033982
v 71.861664 11.069983 12.033464
v 70.370468 11.058305 10.195497
v 70.319557 10.999638 10.257915
v 70.276703 10.912209 10.311721
v 70.114532 10.985389 10.468351
v 70.102028 11.120441 10.505053
v 70.073265 11.234156 10.565185
v 71.911835 11.221339 12.089122
v 71.823029 11.249437 12.095235
v 71.829239 11.251695 12.182472
v 71.926971 11.249034 12.175686
v 71.734962 11.266872 12.183523
v 71.648247 11.060505 12.142254
v 71.627258 11.126269 12.160816
v 71.331848 11.469368 12.113611
v 71.340897 11.478724 12.081060
v 71.309929 11.450674 12.071199
v 71.307693 11.443955 12.113544
v 71.352333 11.469367 12.049269
v 71.332588 11.443956 12.035359
v 71.318176 11.412144 12.038392
v 71.299385 11.409189 12.067842
v 71.297684 11.412144 12.102735
v 71.898354 11.133401 12.047918
v 71.912186 11.065187 12.076437
v 71.953239 11.147074 12.090422
v 68.764275 10.999431 13.135252
v 68.789131 10.872972 13.092930
v 68.761223 10.957870 13.269297
v 68.785751 10.829699 13.234097
v 68.656517 10.912823 13.349666
v 68.681122 10.767612 13.314288
v 68.492111 11.170955 13.413073
v 68.409454 11.191346 13.315187
v 68.419403 11.057264 13.276045
v 68.505074 11.036844 13.378035
v 68.412201 11.229950 13.191362
v 68.422272 11.097369 13.147314
v 68.511101 11.265295 13.115206
v 68.524796 11.134964 13.068399
v 68.639969 11.278519 13.122190
v 68.658371 11.149860 13.076005
v 68.722633 11.258129 13.220077
v 68.744041 11.129442 13.177995
v 68.719879 11.219524 13.343902
v 68.741173 11.089336 13.306726
v 68.620979 11.184178 13.420058
v 68.638649 11.051743 13.385640
v 68.402863 11.323969 13.352170
v 68.483185 11.303260 13.449920
v 68.403564 11.360441 13.229902
v 68.500282 11.390856 13.157108
v 68.626007 11.403481 13.166037
v 68.704620 11.381281 13.261559
v 68.701942 11.344516 13.380442
v 68.607407 11.312279 13.454626
v 70.129333 10.660376 10.432100
v 70.245598 10.637535 10.399589
v 70.233665 10.449319 10.464818
v 70.104767 10.479557 10.497717
v 70.359070 10.650201 10.444471
v 70.360268 10.471163 10.509522
v 70.398415 10.695634 10.549985
v 70.405106 10.539026 10.615208
v 70.351608 10.744883 10.650860
v 70.354126 10.610037 10.716467
v 70.235344 10.767723 10.683372
v 70.225227 10.640272 10.749366
v 70.121872 10.755057 10.638489
v 70.098625 10.618430 10.704660
v 70.082527 10.709625 10.532975
v 70.053795 10.550566 10.598976
v 70.256851 10.791092 10.355215
v 70.148392 10.813601 10.385510
v 70.360313 10.798273 10.398623
v 70.395424 10.833372 10.498608
v 70.351967 10.876177 10.595020
v 70.244133 10.895072 10.628063
v 70.140953 10.885443 10.586684
v 70.105110 10.851088 10.485982
v 70.587021 10.210949 14.477177
v 70.559715 10.244717 14.615867
v 70.389572 10.189351 14.613923
v 70.457779 10.168295 14.478824
v 70.518265 10.362505 14.692392
v 70.310760 10.305162 14.682583
v 70.486526 10.502319 14.650305
v 70.269043 10.457088 14.632256
v 70.480568 10.585643 14.527269
v 70.282455 10.557730 14.505489
v 70.507881 10.552794 14.387934
v 70.350655 10.536789 14.370309
v 70.549332 10.435924 14.310762
v 70.429474 10.421092 14.301569
v 70.581070 10.295193 14.353496
v 70.471191 10.269053 14.351976
v 70.715965 10.291721 14.606117
v 70.725761 10.254124 14.471169
v 70.689346 10.403606 14.686481
v 70.658478 10.528473 14.652046
v 70.645515 10.602835 14.537480
v 70.656746 10.567410 14.398291
v 70.684631 10.457247 14.316268
v 70.711586 10.327349 14.354200
v 71.732391 10.322515 12.114330
v 71.854622 10.288488 12.290848
v 71.651375 9.994961 12.351502
v 71.515823 10.052547 12.123083
v 71.863609 10.342110 12.500294
v 71.666832 10.061054 12.620402
v 71.738510 10.463837 12.618657
v 71.533264 10.254759 12.764207
v 71.563499 10.577564 12.591145
v 71.330681 10.440792 12.714147
v 71.439362 10.609859 12.411591
v 71.190247 10.493470 12.462237
v 71.428482 10.554507 12.199106
v 71.163971 10.411139 12.183970
v 71.555473 10.434513 12.083780
v 71.317322 10.222687 12.063030
v 71.934662 10.569952 12.245173
v 71.832703 10.584169 12.111861
v 71.938622 10.608789 12.409180
v 71.825058 10.677111 12.507519
v 71.673042 10.737234 12.495305
v 71.570396 10.749758 12.363676
v 71.566498 10.714043 12.198238
v 71.679878 10.642995 12.099543
v 71.537849 11.228518 12.198772
v 71.543770 11.211791 12.145575
v 71.590927 11.174991 12.159048
v 71.584343 11.190701 12.214517
v 71.569321 11.227942 12.098135
v 71.617043 11.191843 12.109196
v 71.601166 11.271274 12.086418
v 71.648964 11.234661 12.094081
v 71.621346 11.315037 12.112727
v 71.671432 11.278797 12.117902
v 71.615761 11.332337 12.166689
v 71.667427 11.297923 12.177700
v 71.590546 11.316763 12.214892
v 71.641884 11.281301 12.232840
v 71.558357 11.272856 12.225845
v 71.606026 11.235317 12.244048
v 71.443970 11.294200 12.165870
v 71.449600 11.278458 12.115673
v 71.496048 11.245611 12.130453
v 71.490265 11.261811 12.182094
v 71.474030 11.294200 12.071463
v 71.521141 11.261740 12.084896
v 71.504730 11.336182 12.061741
v 71.552635 11.304786 12.074718
v 71.524155 11.378162 12.087421
v 71.572571 11.347882 12.101025
v 71.518524 11.393904 12.137617
v 71.566826 11.364156 12.152761
v 71.494095 11.378162 12.181828
v 71.541779 11.348099 12.198414
v 71.463394 11.336182 12.191550
v 71.510239 11.304983 12.208496
v 71.354256 11.356968 12.134427
v 71.359581 11.342098 12.087008
v 71.404167 11.310576 12.101206
v 71.398689 11.325879 12.150000
v 71.382652 11.356966 12.045243
v 71.427910 11.325880 12.058229
v 71.411652 11.396626 12.036059
v 71.457756 11.366687 12.048779
v 71.430000 11.436283 12.060320
v 71.476639 11.407497 12.073743
v 71.424683 11.451155 12.107738
v 71.471161 11.422799 12.122538
v 71.401604 11.436283 12.149503
v 71.447411 11.407495 12.165514
v 71.372604 11.396626 12.158687
v 71.417572 11.366688 12.174964
v 71.319237 11.373693 12.074163
v 71.314758 11.387266 12.118556
v 71.341255 11.387268 12.035357
v 71.367828 11.424580 12.026620
v 71.385429 11.461260 12.049421
v 71.379990 11.475465 12.093508
v 71.358932 11.461259 12.132621
v 71.331398 11.424580 12.141051
v 72.090622 11.169559 12.100000
v 72.108841 11.152546 12.145479
v 72.052773 11.127007 12.161008
v 72.032494 11.144328 12.111457
v 72.116501 11.169819 12.193300
v 72.061531 11.145499 12.211936
v 72.107658 11.215758 12.214310
v 72.051941 11.194002 12.234041
v 72.088905 11.261505 12.200117
v 72.028664 11.242698 12.218872
v 72.070145 11.278259 12.154066
v 72.005890 11.261645 12.166257
v 72.061928 11.260727 12.105673
v 71.996307 11.242141 12.111725
v 72.071320 11.215046 12.085236
v 72.009842 11.191995 12.092954
v 72.198921 11.207882 12.075453
v 72.215118 11.192136 12.116537
v 72.163300 11.172832 12.130682
v 72.146286 11.189280 12.087636
v 72.222054 11.207882 12.160151
v 72.170563 11.189312 12.176323
v 72.214043 11.249876 12.179406
v 72.162170 11.233244 12.196460
v 72.197350 11.291865 12.166900
v 72.144646 11.277149 12.183312
v 72.181152 11.307613 12.125816
v 72.127571 11.293565 12.140194
v 72.174217 11.291865 12.082201
v 72.120232 11.277051 12.094482
v 72.182228 11.249875 12.062946
v 72.128693 11.233154 12.074416
v 72.298401 11.243025 12.052261
v 72.313179 11.228658 12.089748
v 72.264961 11.210699 12.102921
v 72.249481 11.225745 12.063665
v 72.319511 11.243025 12.129545
v 72.271591 11.225745 12.144595
v 72.312195 11.281343 12.147115
v 72.263931 11.265869 12.162994
v 72.296967 11.319657 12.135703
v 72.247986 11.305994 12.151044
v 72.282188 11.334026 12.098216
v 72.232506 11.321037 12.111788
v 72.275856 11.319657 12.058419
v 72.225876 11.305992 12.070114
v 72.283173 11.281343 12.040850
v 72.233536 11.265867 12.051716
v 72.392311 11.276201 12.030369
v 72.405754 11.263134 12.064461
v 72.360054 11.246113 12.076945
v 72.345947 11.259824 12.041177
v 72.411507 11.276201 12.100653
v 72.366089 11.259823 12.114917
v 72.404861 11.311048 12.116632
v 72.359116 11.296381 12.131681
v 72.391006 11.345894 12.106254
v 72.344582 11.332941 12.120792
v 72.377563 11.358961 12.072161
v 72.330475 11.346651 12.085024
v 72.371811 11.345894 12.035969
v 72.324440 11.332943 12.047052
v 72.378456 11.311047 12.019990
v 72.331413 11.296383 12.030289
v 72.447647 11.280766 12.053016
v 72.434845 11.292583 12.021910
v 72.452438 11.292583 12.086309
v 72.446831 11.324665 12.100815
v 72.433655 11.356440 12.091441
v 72.421822 11.368563 12.060071
v 72.416061 11.356440 12.027041
v 72.422646 11.324665 12.012272
v 71.758781 11.126432 11.909031
v 71.810349 11.106815 11.906180
v 71.807571 11.089733 11.973700
v 71.753777 11.112135 11.978457
v 71.862473 11.126116 11.910664
v 71.863510 11.109762 11.978230
v 71.882797 11.177730 11.920615
v 71.888100 11.165208 11.991023
v 71.864159 11.229580 11.930027
v 71.872849 11.223356 12.005685
v 71.812370 11.249514 11.933069
v 71.816620 11.246231 12.010942
v 71.760033 11.230530 11.928779
v 71.758591 11.227774 12.005766
v 71.739922 11.178600 11.918634
v 71.736839 11.170629 11.990556
v 71.763863 11.150675 11.777307
v 71.812546 11.132679 11.775188
v 71.811424 11.119902 11.839640
v 71.761238 11.138525 11.841899
v 71.861130 11.150674 11.779021
v 71.861595 11.138485 11.843644
v 71.879234 11.198669 11.787278
v 71.880394 11.188055 11.852306
v 71.860855 11.246657 11.794893
v 71.861549 11.237655 11.860324
v 71.812164 11.264656 11.797010
v 71.811333 11.256317 11.862608
v 71.763580 11.246657 11.793178
v 71.761139 11.237774 11.858626
v 71.745483 11.198666 11.784921
v 71.742363 11.188164 11.849940
v 71.769012 11.174296 11.652659
v 71.814743 11.157394 11.650670
v 71.813660 11.145162 11.712291
v 71.766464 11.162608 11.714344
v 71.860374 11.174296 11.654270
v 71.860748 11.162608 11.716006
v 71.877373 11.219373 11.662025
v 71.878296 11.209124 11.724010
v 71.860115 11.264447 11.669177
v 71.860481 11.255645 11.731390
v 71.814384 11.281349 11.671166
v 71.813286 11.273087 11.733444
v 71.768753 11.264446 11.667566
v 71.766190 11.255644 11.729728
v 71.751755 11.219373 11.659811
v 71.748650 11.209126 11.721725
v 71.815750 11.171247 11.593611
v 71.773193 11.186880 11.596116
v 71.858192 11.186880 11.597615
v 71.874039 11.228927 11.604179
v 71.857948 11.270758 11.611485
v 71.815414 11.286606 11.612686
v 71.772949 11.270758 11.609985
v 71.757126 11.228927 11.602118
v 70.036148 11.383975 10.707017
v 69.984581 11.365045 10.674973
v 70.031662 11.311281 10.622791
v 70.085800 11.331355 10.657969
v 69.949203 11.383975 10.625637
v 69.995415 11.331381 10.569324
v 69.954475 11.434458 10.587326
v 70.002029 11.386032 10.527746
v 69.992355 11.484941 10.579531
v 70.042923 11.440935 10.518787
v 70.043922 11.503872 10.611576
v 70.098549 11.461060 10.552685
v 70.079300 11.484941 10.660911
v 70.136978 11.438659 10.606768
v 70.074028 11.434458 10.699223
v 70.127640 11.384226 10.650010
v 69.942375 11.473239 10.797379
v 69.896622 11.456443 10.768948
v 69.939278 11.412119 10.723377
v 69.987846 11.429953 10.753560
v 69.865234 11.473239 10.725176
v 69.905952 11.429953 10.676908
v 69.869911 11.518028 10.691185
v 69.910919 11.477503 10.640821
v 69.903519 11.562819 10.684269
v 69.946602 11.525054 10.633479
v 69.949272 11.579615 10.712700
v 69.995171 11.542887 10.663662
v 69.980659 11.562819 10.756471
v 70.028496 11.525055 10.710132
v 69.975983 11.518029 10.790462
v 70.023529 11.477503 10.746218
v 69.857437 11.554090 10.879224
v 69.816956 11.539227 10.854066
v 69.855972 11.498682 10.812377
v 69.899040 11.514492 10.839138
v 69.789177 11.554090 10.815334
v 69.826431 11.514492 10.771177
v 69.793320 11.593723 10.785256
v 69.830833 11.556651 10.739182
v 69.823059 11.633357 10.779137
v 69.862465 11.598808 10.732674
v 69.863541 11.648218 10.804295
v 69.905525 11.614620 10.759434
v 69.891319 11.633358 10.843026
v 69.935074 11.598808 10.800634
v 69.887177 11.593722 10.873104
v 69.930672 11.556651 10.832628
v 69.778351 11.629377 10.955436
v 69.742767 11.616314 10.933326
v 69.779282 11.578372 10.894315
v 69.817276 11.592321 10.917925
v 69.718361 11.629375 10.899287
v 69.753220 11.592321 10.857965
v 69.722000 11.664209 10.872852
v 69.757103 11.629517 10.829738
v 69.748131 11.699039 10.867476
v 69.785011 11.666712 10.823996
v 69.783714 11.712103 10.889585
v 69.823006 11.680660 10.847605
v 69.808121 11.699039 10.923624
v 69.849075 11.666712 10.883954
v 69.804482 11.664209 10.950058
v 69.845184 11.629517 10.912182
v 69.709778 11.653131 10.968573
v 69.742218 11.664525 10.988082
v 69.688171 11.664524 10.937492
v 69.691071 11.696266 10.914109
v 69.714996 11.727289 10.908831
v 69.746651 11.739401 10.929178
v 69.769051 11.727288 10.959419
v 69.765358 11.696266 10.983642
v 70.400673 11.113961 9.996214
v 70.468445 11.084426 10.036335
v 70.419991 11.081671 10.118180
v 70.351906 11.111268 10.077535
v 70.536430 11.113960 10.076112
v 70.488266 11.111343 10.160931
v 70.562149 11.192719 10.090632
v 70.512596 11.193316 10.175929
v 70.536972 11.271481 10.075191
v 70.486282 11.273863 10.160243
v 70.469193 11.301014 10.035070
v 70.417969 11.303413 10.119932
v 70.401215 11.271481 9.995293
v 70.349411 11.271376 10.079402
v 70.375488 11.192720 9.980772
v 70.326279 11.190222 10.062434
v 70.497559 11.112886 9.831215
v 70.567726 11.085532 9.863409
v 70.517097 11.084080 9.953142
v 70.449020 11.113342 9.914011
v 70.636665 11.115939 9.900013
v 70.585197 11.113725 9.992522
v 70.661102 11.193527 9.918795
v 70.610764 11.192338 10.007576
v 70.633377 11.269970 9.911776
v 70.585258 11.270807 9.993187
v 70.563202 11.297325 9.879581
v 70.517189 11.300072 9.954056
v 70.494263 11.266918 9.842977
v 70.449089 11.270425 9.914676
v 70.469826 11.189331 9.824197
v 70.423523 11.191813 9.899622
v 70.564705 11.141947 9.676166
v 70.639694 11.128256 9.672215
v 70.616920 11.093986 9.764853
v 70.542549 11.116362 9.749069
v 70.708992 11.162547 9.693449
v 70.687340 11.126186 9.794778
v 70.728462 11.230382 9.730269
v 70.709229 11.200797 9.822203
v 70.693825 11.290493 9.760609
v 70.676811 11.271725 9.832488
v 70.618843 11.304182 9.764559
v 70.602448 11.294099 9.816705
v 70.549545 11.269893 9.743326
v 70.532021 11.261899 9.786780
v 70.530075 11.202057 9.706505
v 70.510139 11.187288 9.759354
v 70.514900 11.276869 9.578853
v 70.571533 11.284728 9.550298
v 70.616562 11.200768 9.600695
v 70.549232 11.202713 9.620316
v 70.626251 11.320317 9.557487
v 70.679543 11.236467 9.613771
v 70.644585 11.365441 9.601141
v 70.698181 11.292986 9.656140
v 70.621155 11.394271 9.652807
v 70.667953 11.336848 9.700963
v 70.564529 11.386413 9.681361
v 70.600624 11.338793 9.720584
v 70.509804 11.350822 9.674170
v 70.537643 11.303095 9.707507
v 70.491478 11.305700 9.630518
v 70.519005 11.246576 9.665138
v 70.457916 11.392775 9.520250
v 70.501740 11.403593 9.492373
v 70.532806 11.351411 9.516565
v 70.483841 11.340088 9.546780
v 70.545052 11.434004 9.496181
v 70.581047 11.384926 9.521105
v 70.560699 11.467856 9.533918
v 70.598289 11.422925 9.562630
v 70.543671 11.486248 9.580680
v 70.579086 11.444107 9.613784
v 70.499847 11.475430 9.608557
v 70.530121 11.432785 9.643998
v 70.456535 11.445018 9.604748
v 70.481888 11.399269 9.639458
v 70.440887 11.411166 9.567011
v 70.464638 11.361270 9.597933
v 70.412399 11.485254 9.473753
v 70.447647 11.493958 9.451330
v 70.473793 11.450284 9.471166
v 70.434395 11.440559 9.496224
v 70.482483 11.518417 9.454395
v 70.512718 11.477621 9.474590
v 70.495071 11.545647 9.484747
v 70.526787 11.508053 9.508512
v 70.481369 11.560439 9.522361
v 70.511482 11.524584 9.550547
v 70.446121 11.551739 9.544784
v 70.472084 11.514858 9.575604
v 70.411285 11.527279 9.541719
v 70.433151 11.487524 9.572180
v 70.398697 11.500051 9.511366
v 70.419090 11.457092 9.538259
v 70.424026 11.534330 9.434970
v 70.393898 11.526396 9.454498
v 70.454315 11.554983 9.437812
v 70.464851 11.578829 9.463737
v 70.453354 11.591204 9.496397
v 70.422707 11.584072 9.515422
v 70.392944 11.562618 9.513083
v 70.381889 11.539574 9.486653
v 68.513908 11.859470 12.985191
v 68.586159 11.835967 12.985421
v 68.572830 11.785202 13.055359
v 68.493668 11.810133 13.054886
v 68.653923 11.859469 13.010494
v 68.648888 11.812398 13.084284
v 68.674194 11.922148 13.048361
v 68.670937 11.883087 13.125340
v 68.641953 11.984823 13.076738
v 68.636497 11.950782 13.156967
v 68.569702 12.008327 13.076508
v 68.558151 11.975066 13.158416
v 68.501938 11.984824 13.051435
v 68.481918 11.946725 13.131093
v 68.481667 11.922147 13.013569
v 68.459023 11.878021 13.086179
v 68.549652 11.947525 12.852304
v 68.610390 11.928960 12.851336
v 68.598328 11.882207 12.918088
v 68.532082 11.903607 12.918022
v 68.666954 11.947524 12.873502
v 68.660408 11.903607 12.941213
v 68.683372 11.997028 12.908319
v 68.678917 11.960677 12.976305
v 68.655807 12.046537 12.935189
v 68.649300 12.017746 13.002702
v 68.595062 12.065100 12.936156
v 68.583054 12.039146 13.002635
v 68.538506 12.046536 12.913991
v 68.520966 12.017746 12.979510
v 68.522079 11.997029 12.879172
v 68.502464 11.960677 12.944418
v 68.579109 12.050272 12.739107
v 68.631767 12.040712 12.733042
v 68.622429 11.980209 12.784746
v 68.566483 11.994627 12.788105
v 68.678970 12.050273 12.757153
v 68.673653 11.994627 12.807473
v 68.690422 12.075768 12.800773
v 68.687469 12.033069 12.845884
v 68.664429 12.101260 12.837625
v 68.661087 12.071510 12.877033
v 68.611771 12.110821 12.843690
v 68.605141 12.085928 12.880392
v 68.564568 12.101261 12.819579
v 68.553909 12.071511 12.857665
v 68.553116 12.075768 12.775960
v 68.540100 12.033070 12.819254
v 68.916832 11.767681 13.634126
v 68.877457 11.740503 13.699177
v 68.809456 11.703436 13.646875
v 68.852119 11.732113 13.574002
v 68.825241 11.767681 13.754444
v 68.753105 11.732469 13.706688
v 68.790932 11.840158 13.763959
v 68.716217 11.810213 13.716578
v 68.790962 11.912630 13.728354
v 68.714211 11.889637 13.675651
v 68.830330 11.939808 13.663302
v 68.758484 11.921940 13.604544
v 68.882553 11.912630 13.608035
v 68.815285 11.892501 13.543826
v 68.916862 11.840156 13.598520
v 68.852150 11.812169 13.534768
v 69.040398 11.828986 13.741296
v 69.007881 11.806807 13.798460
v 68.942314 11.772724 13.748544
v 68.978714 11.797823 13.687957
v 68.961441 11.828985 13.845019
v 68.893600 11.797823 13.799767
v 68.928062 11.888127 13.850327
v 68.861244 11.864756 13.808246
v 68.924286 11.947269 13.816738
v 68.860802 11.931685 13.774797
v 68.956802 11.969448 13.759574
v 68.897209 11.956785 13.714211
v 69.003242 11.947270 13.713015
v 68.945915 11.931686 13.662988
v 69.036629 11.888127 13.707707
v 68.978279 11.864756 13.654509
v 69.149963 11.908684 13.834866
v 69.127914 11.896490 13.889829
v 69.074898 11.846670 13.849475
v 69.102051 11.864403 13.794123
v 69.080803 11.908683 13.925716
v 69.028778 11.864403 13.890382
v 69.034424 11.941199 13.917315
v 68.989738 11.911686 13.889172
v 69.013977 11.973716 13.874846
v 68.978172 11.958971 13.851863
v 69.036026 11.985909 13.819881
v 69.005325 11.976703 13.796511
v 69.083138 11.973716 13.783995
v 69.051453 11.958971 13.755604
v 69.129517 11.941201 13.792396
v 69.090492 11.911686 13.756815
v 71.276756 10.792932 14.475245
v 71.287430 10.784322 14.530441
v 71.272049 10.725782 14.528565
v 71.260376 10.735487 14.464134
v 71.262222 10.793581 14.581530
v 71.242088 10.737578 14.589223
v 71.211372 10.817975 14.596585
v 71.181824 10.768075 14.609663
v 71.166122 10.841879 14.571455
v 71.129143 10.797001 14.582095
v 71.155853 10.849838 14.515382
v 71.119392 10.804611 14.514733
v 71.181473 10.839930 14.463415
v 71.151276 10.790722 14.451145
v 71.231918 10.816187 14.449238
v 71.209618 10.762320 14.433636
v 71.299789 10.839571 14.531994
v 71.290802 10.846137 14.486521
v 71.279106 10.846218 14.573580
v 71.237968 10.866024 14.584755
v 71.200691 10.884695 14.563427
v 71.192268 10.892252 14.517914
v 71.212494 10.884451 14.476149
v 71.254089 10.865801 14.465153
v 70.808998 10.793035 14.764962
v 70.763115 10.780176 14.727594
v 70.801033 10.719932 14.695624
v 70.854340 10.730271 14.738900
v 70.741608 10.796440 14.672424
v 70.775185 10.739296 14.628223
v 70.761185 10.835723 14.632385
v 70.800858 10.783483 14.581815
v 70.806183 10.873829 14.626477
v 70.854324 10.823465 14.575659
v 70.852486 10.886958 14.662322
v 70.909721 10.834902 14.614485
v 70.874413 10.870963 14.715969
v 70.937202 10.814783 14.675830
v 70.854416 10.831410 14.757530
v 70.909508 10.770410 14.727461
v 70.725845 10.903255 14.809814
v 70.691505 10.891828 14.781963
v 70.725891 10.837267 14.756536
v 70.765656 10.850197 14.788803
v 70.675316 10.903255 14.740816
v 70.707161 10.850622 14.708871
v 70.690041 10.933725 14.710151
v 70.724205 10.885724 14.673482
v 70.723724 10.964195 14.705360
v 70.763199 10.920678 14.667996
v 70.758064 10.975621 14.733212
v 70.803017 10.933640 14.700073
v 70.774254 10.964197 14.774359
v 70.821800 10.920321 14.747549
v 70.759529 10.933725 14.805023
v 70.804703 10.885184 14.783128
v 70.661720 10.942230 14.803775
v 70.690605 10.951184 14.826686
v 70.648590 10.951185 14.769322
v 70.660507 10.976992 14.744193
v 70.688843 11.001849 14.739846
v 70.716949 11.011753 14.763327
v 70.730850 11.001850 14.797209
v 70.718163 10.976991 14.822908
v 71.191826 10.567776 14.007701
v 71.261696 10.541574 14.027770
v 71.222633 10.507420 14.115067
v 71.148125 10.536746 14.091513
v 71.326378 10.567774 14.060955
v 71.295624 10.535719 14.153607
v 71.344681 10.637641 14.088427
v 71.317207 10.613680 14.180672
v 71.312531 10.707506 14.095927
v 71.281464 10.690664 14.191647
v 71.242661 10.733707 14.075858
v 71.203903 10.718092 14.169471
v 71.177979 10.707507 14.042673
v 71.132317 10.688608 14.131999
v 71.159676 10.637640 14.015203
v 71.114418 10.612119 14.099401
v 71.267288 10.628625 13.846189
v 71.327431 10.607468 13.861678
v 71.294548 10.573770 13.944760
v 71.229919 10.597829 13.926419
v 71.381889 10.628626 13.891545
v 71.354225 10.597829 13.975618
v 71.395782 10.685053 13.919220
v 71.370926 10.661989 14.001533
v 71.366714 10.741480 13.929886
v 71.341011 10.726149 14.008997
v 71.306564 10.762638 13.914397
v 71.276382 10.750209 13.990656
v 71.252113 10.741478 13.884529
v 71.216705 10.726151 13.959799
v 71.238213 10.685053 13.856854
v 71.200005 10.661989 13.933885
v 71.332245 10.716263 13.707294
v 71.386108 10.704690 13.713430
v 71.360550 10.647642 13.778009
v 71.303879 10.664507 13.767141
v 71.429581 10.716263 13.745817
v 71.409302 10.664507 13.808868
v 71.433975 10.747129 13.788041
v 71.418526 10.709476 13.843346
v 71.401871 10.777994 13.815819
v 71.388206 10.754448 13.862176
v 71.348015 10.789569 13.809683
v 71.331535 10.771312 13.851308
v 71.304543 10.777993 13.777296
v 71.282776 10.754448 13.820450
v 71.300148 10.747130 13.735073
v 71.273560 10.709477 13.785972
v 71.350418 10.869565 13.678679
v 71.399261 10.867600 13.680187
v 71.397308 10.784254 13.685132
v 71.346008 10.790372 13.682076
v 71.435913 10.869565 13.712519
v 71.436798 10.790372 13.718009
v 71.435684 10.874809 13.759960
v 71.438087 10.806679 13.764507
v 71.403381 10.880051 13.794712
v 71.405327 10.822990 13.797530
v 71.354530 10.882017 13.793203
v 71.354034 10.829104 13.794474
v 71.317886 10.880050 13.760872
v 71.314537 10.822989 13.761597
v 71.318115 10.874809 13.713430
v 71.313248 10.806679 13.715098
v 71.353645 10.991511 13.682975
v 71.397842 10.991510 13.683775
v 71.398827 10.935542 13.681293
v 71.352348 10.935789 13.680374
v 71.430618 10.991511 13.713441
v 71.433350 10.935789 13.712432
v 71.429817 10.991511 13.757641
v 71.432587 10.936443 13.758735
v 71.400154 10.991511 13.790416
v 71.401451 10.937099 13.793016
v 71.355957 10.991510 13.789617
v 71.354973 10.937345 13.792097
v 71.323181 10.991510 13.759951
v 71.320450 10.937099 13.760959
v 71.323975 10.991511 13.715750
v 71.321213 10.936443 13.714655
v 71.355873 11.092536 13.688125
v 71.395836 11.092538 13.688848
v 71.396820 11.043175 13.686369
v 71.354782 11.043175 13.685608
v 71.425468 11.092536 13.715670
v 71.427986 11.043175 13.714581
v 71.424744 11.092538 13.755632
v 71.427223 11.043176 13.756614
v 71.397926 11.092535 13.785266
v 71.399017 11.043175 13.787783
v 71.357964 11.092537 13.784543
v 71.356979 11.043175 13.787022
v 71.328331 11.092536 13.757721
v 71.325813 11.043175 13.758810
v 71.329048 11.092537 13.717758
v 71.326576 11.043176 13.716777
v 71.357941 11.186275 13.692903
v 71.393974 11.186275 13.693556
v 71.394890 11.140131 13.691238
v 71.356926 11.140133 13.690551
v 71.420692 11.186274 13.717738
v 71.423042 11.140133 13.716721
v 71.420036 11.186274 13.753770
v 71.422356 11.140131 13.754687
v 71.395859 11.186274 13.780488
v 71.396873 11.140133 13.782840
v 71.359825 11.186275 13.779836
v 71.358910 11.140131 13.782152
v 71.333107 11.186275 13.755652
v 71.330757 11.140133 13.756670
v 71.333755 11.186274 13.719621
v 71.331444 11.140131 13.718704
v 71.392479 11.228952 13.697330
v 71.359596 11.228474 13.696729
v 71.416862 11.228474 13.719395
v 71.416267 11.228953 13.752275
v 71.394203 11.228474 13.776662
v 71.361320 11.228953 13.776061
v 71.336929 11.228474 13.753996
v 71.337532 11.228952 13.721115
v 69.177887 12.022308 13.858122
v 69.160278 12.020234 13.914470
v 69.153221 11.957664 13.909096
v 69.172203 11.964115 13.853546
v 69.110657 12.022308 13.946440
v 69.104729 11.964115 13.942182
v 69.055351 12.027840 13.930496
v 69.052734 11.981316 13.928848
v 69.025261 12.033371 13.881433
v 69.026039 11.998518 13.882277
v 69.042862 12.035444 13.825085
v 69.045021 12.004967 13.826728
v 69.092491 12.033371 13.793115
v 69.093513 11.998516 13.793643
v 69.147789 12.027840 13.809058
v 69.145508 11.981316 13.806975
v 69.159485 12.071981 13.913862
v 69.175835 12.071729 13.859546
v 69.111481 12.071728 13.944082
v 69.057297 12.072932 13.927940
v 69.027313 12.073112 13.880009
v 69.043655 12.073883 13.825692
v 69.091660 12.073112 13.795472
v 69.145844 12.072933 13.811614
v 68.635590 12.109193 12.711890
v 68.586334 12.113281 12.719521
v 68.679062 12.113281 12.736278
v 68.688843 12.127416 12.781795
v 68.663750 12.140175 12.821010
v 68.614494 12.145638 12.828639
v 68.571022 12.140175 12.804252
v 68.561241 12.127417 12.758735
vt 0.437500 0.062500
vt 0.500000 0.062500
vt 0.500000 0.125000
vt 0.437500 0.125000
vt 0.562500 0.062500
vt 0.562500 0.125000
vt 0.500000 0.187500
vt 0.437500 0.187500
vt 0.562500 0.187500
vt 0.375000 0.000000
vt 0.437500 0.000000
vt 0.375000 0.062500
vt 0.500000 0.000000
vt 0.562500 0.000000
vt 0.625000 0.000000
vt 0.625000 0.062500
vt 0.625000 0.125000
vt 0.625000 0.187500
vt 0.625000 0.250000
vt 0.562500 0.250000
vt 0.500000 0.250000
vt 0.437500 0.250000
vt 0.375000 0.187500
vt 0.375000 0.250000
vt 0.375000 0.125000
vt 0.437500 0.312500
vt 0.500000 0.312500
vt 0.500000 0.375000
vt 0.437500 0.375000
vt 0.562500 0.312500
vt 0.562500 0.375000
vt 0.500000 0.437500
vt 0.437500 0.437500
vt 0.562500 0.437500
vt 0.375000 0.312500
vt 0.625000 0.312500
vt 0.625000 0.375000
vt 0.625000 0.437500
vt 0.625000 0.500000
vt 0.562500 0.500000
vt 0.500000 0.500000
vt 0.437500 0.500000
vt 0.375000 0.437500
vt 0.375000 0.500000
vt 0.375000 0.375000
vt 0.437500 0.562500
vt 0.500000 0.562500
vt 0.500000 0.625000
vt 0.437500 0.625000
vt 0.562500 0.562500
vt 0.562500 0.625000
vt 0.500000 0.687500
vt 0.437500 0.687500
vt 0.562500 0.687500
vt 0.375000 0.562500
vt 0.625000 0.562500
vt 0.625000 0.625000
vt 0.625000 0.687500
vt 0.625000 0.750000
vt 0.562500 0.750000
vt 0.500000 0.750000
vt 0.437500 0.750000
vt 0.375000 0.687500
vt 0.375000 0.750000
vt 0.375000 0.625000
vt 0.437500 0.812500
vt 0.500000 0.812500
vt 0.500000 0.875000
vt 0.437500 0.875000
vt 0.562500 0.812500
vt 0.562500 0.875000
vt 0.500000 0.937500
vt 0.437500 0.937500
vt 0.562500 0.937500
vt 0.375000 0.812500
vt 0.625000 0.812500
vt 0.625000 0.875000
vt 0.625000 0.937500
vt 0.625000 1.000000
vt 0.562500 1.000000
vt 0.500000 1.000000
vt 0.437500 1.000000
vt 0.375000 0.937500
vt 0.375000 1.000000
vt 0.375000 0.875000
vt 0.187500 0.562500
vt 0.250000 0.562500
vt 0.250000 0.625000
vt 0.187500 0.625000
vt 0.312500 0.562500
vt 0.312500 0.625000
vt 0.250000 0.687500
vt 0.187500 0.687500
vt 0.312500 0.687500
vt 0.125000 0.500000
vt 0.187500 0.500000
vt 0.125000 0.562500
vt 0.250000 0.500000
vt 0.312500 0.500000
vt 0.312500 0.750000
vt 0.250000 0.750000
vt 0.187500 0.750000
vt 0.125000 0.687500
vt 0.125000 0.750000
vt 0.125000 0.625000
vt 0.687500 0.562500
vt 0.750000 0.562500
vt 0.750000 0.625000
vt 0.687500 0.625000
vt 0.812500 0.562500
vt 0.812500 0.625000
vt 0.750000 0.687500
vt 0.687500 0.687500
vt 0.812500 0.687500
vt 0.687500 0.500000
vt 0.750000 0.500000
vt 0.812500 0.500000
vt 0.875000 0.500000
vt 0.875000 0.562500
vt 0.875000 0.625000
vt 0.875000 0.687500
vt 0.875000 0.750000
vt 0.812500 0.750000
vt 0.750000 0.750000
vt 0.687500 0.750000
vt 0.437500 0.062500
vt 0.500000 0.062500
vt 0.500000 0.125000
vt 0.437500 0.125000
vt 0.562500 0.062500
vt 0.562500 0.125000
vt 0.500000 0.187500
vt 0.437500 0.187500
vt 0.562500 0.187500
vt 0.375000 0.000000
vt 0.437500 0.000000
vt 0.375000 0.062500
vt 0.500000 0.000000
vt 0.562500 0.000000
vt 0.625000 0.000000
vt 0.625000 0.062500
vt 0.625000 0.125000
vt 0.625000 0.187500
vt 0.625000 0.250000
vt 0.562500 0.250000
vt 0.500000 0.250000
vt 0.437500 0.250000
vt 0.375000 0.187500
vt 0.375000 0.250000
vt 0.375000 0.125000
vt 0.437500 0.312500
vt 0.500000 0.312500
vt 0.500000 0.375000
vt 0.437500 0.375000
vt 0.562500 0.312500
vt 0.562500 0.375000
vt 0.500000 0.437500
vt 0.437500 0.437500
vt 0.562500 0.437500
vt 0.375000 0.312500
vt 0.625000 0.312500
vt 0.625000 0.375000
vt 0.625000 0.437500
vt 0.625000 0.500000
vt 0.562500 0.500000
vt 0.500000 0.500000
vt 0.437500 0.500000
vt 0.375000 0.437500
vt 0.375000 0.500000
vt 0.375000 0.375000
vt 0.437500 0.562500
vt 0.500000 0.562500
vt 0.500000 0.625000
vt 0.437500 0.625000
vt 0.562500 0.562500
vt 0.562500 0.625000
vt 0.500000 0.687500
vt 0.437500 0.687500
vt 0.562500 0.687500
vt 0.375000 0.562500
vt 0.625000 0.562500
vt 0.625000 0.625000
vt 0.625000 0.687500
vt 0.625000 0.750000
vt 0.562500 0.750000
vt 0.500000 0.750000
vt 0.437500 0.750000
vt 0.375000 0.687500
vt 0.375000 0.750000
vt 0.375000 0.625000
vt 0.437500 0.812500
vt 0.500000 0.812500
vt 0.500000 0.875000
vt 0.437500 0.875000
vt 0.562500 0.812500
vt 0.562500 0.875000
vt 0.500000 0.937500
vt 0.437500 0.937500
vt 0.562500 0.937500
vt 0.375000 0.812500
vt 0.625000 0.812500
vt 0.625000 0.875000
vt 0.625000 0.937500
vt 0.625000 1.000000
vt 0.562500 1.000000
vt 0.500000 1.000000
vt 0.437500 1.000000
vt 0.375000 0.937500
vt 0.375000 1.000000
vt 0.375000 0.875000
vt 0.187500 0.562500
vt 0.250000 0.562500
vt 0.250000 0.625000
vt 0.187500 0.625000
vt 0.312500 0.562500
vt 0.312500 0.625000
vt 0.250000 0.687500
vt 0.187500 0.687500
vt 0.312500 0.687500
vt 0.125000 0.500000
vt 0.187500 0.500000
vt 0.125000 0.562500
vt 0.250000 0.500000
vt 0.312500 0.500000
vt 0.312500 0.750000
vt 0.250000 0.750000
vt 0.187500 0.750000
vt 0.125000 0.687500
vt 0.125000 0.750000
vt 0.125000 0.625000
vt 0.687500 0.562500
vt 0.750000 0.562500
vt 0.750000 0.625000
vt 0.687500 0.625000
vt 0.812500 0.562500
vt 0.812500 0.625000
vt 0.750000 0.687500
vt 0.687500 0.687500
vt 0.812500 0.687500
vt 0.687500 0.500000
vt 0.750000 0.500000
vt 0.812500 0.500000
vt 0.875000 0.500000
vt 0.875000 0.562500
vt 0.875000 0.625000
vt 0.875000 0.687500
vt 0.875000 0.750000
vt 0.812500 0.750000
vt 0.750000 0.750000
vt 0.687500 0.750000
vt 0.437500 0.062500
vt 0.500000 0.062500
vt 0.500000 0.125000
vt 0.437500 0.125000
vt 0.562500 0.062500
vt 0.562500 0.125000
vt 0.500000 0.187500
vt 0.437500 0.187500
vt 0.562500 0.187500
vt 0.375000 0.000000
vt 0.437500 0.000000
vt 0.375000 0.062500
vt 0.500000 0.000000
vt 0.562500 0.000000
vt 0.625000 0.000000
vt 0.625000 0.062500
vt 0.625000 0.125000
vt 0.625000 0.187500
vt 0.625000 0.250000
vt 0.562500 0.250000
vt 0.500000 0.250000
vt 0.437500 0.250000
vt 0.375000 0.187500
vt 0.375000 0.250000
vt 0.375000 0.125000
vt 0.437500 0.312500
vt 0.500000 0.312500
vt 0.500000 0.375000
vt 0.437500 0.375000
vt 0.562500 0.312500
vt 0.562500 0.375000
vt 0.500000 0.437500
vt 0.437500 0.437500
vt 0.562500 0.437500
vt 0.375000 0.312500
vt 0.625000 0.312500
vt 0.625000 0.375000
vt 0.625000 0.437500
vt 0.625000 0.500000
vt 0.562500 0.500000
vt 0.500000 0.500000
vt 0.437500 0.500000
vt 0.375000 0.437500
vt 0.375000 0.500000
vt 0.375000 0.375000
vt 0.437500 0.562500
vt 0.500000 0.562500
vt 0.500000 0.625000
vt 0.437500 0.625000
vt 0.562500 0.562500
vt 0.562500 0.625000
vt 0.500000 0.687500
vt 0.437500 0.687500
vt 0.562500 0.687500
vt 0.375000 0.562500
vt 0.625000 0.562500
vt 0.625000 0.625000
vt 0.625000 0.687500
vt 0.625000 0.750000
vt 0.562500 0.750000
vt 0.500000 0.750000
vt 0.437500 0.750000
vt 0.375000 0.687500
vt 0.375000 0.750000
vt 0.375000 0.625000
vt 0.437500 0.812500
vt 0.500000 0.812500
vt 0.500000 0.875000
vt 0.437500 0.875000
vt 0.562500 0.812500
vt 0.562500 0.875000
vt 0.500000 0.937500
vt 0.437500 0.937500
vt 0.562500 0.937500
vt 0.375000 0.812500
vt 0.625000 0.812500
vt 0.625000 0.875000
vt 0.625000 0.937500
vt 0.625000 1.000000
vt 0.562500 1.000000
vt 0.500000 1.000000
vt 0.437500 1.000000
vt 0.375000 0.937500
vt 0.375000 1.000000
vt 0.375000 0.875000
vt 0.187500 0.562500
vt 0.250000 0.562500
vt 0.250000 0.625000
vt 0.187500 0.625000
vt 0.312500 0.562500
vt 0.312500 0.625000
vt 0.250000 0.687500
vt 0.187500 0.687500
vt 0.312500 0.687500
vt 0.125000 0.500000
vt 0.187500 0.500000
vt 0.125000 0.562500
vt 0.250000 0.500000
vt 0.312500 0.500000
vt 0.312500 0.750000
vt 0.250000 0.750000
vt 0.187500 0.750000
vt 0.125000 0.687500
vt 0.125000 0.750000
vt 0.125000 0.625000
vt 0.687500 0.562500
vt 0.750000 0.562500
vt 0.750000 0.625000
vt 0.687500 0.625000
vt 0.812500 0.562500
vt 0.812500 0.625000
vt 0.750000 0.687500
vt 0.687500 0.687500
vt 0.812500 0.687500
vt 0.687500 0.500000
vt 0.750000 0.500000
vt 0.812500 0.500000
vt 0.875000 0.500000
vt 0.875000 0.562500
vt 0.875000 0.625000
vt 0.875000 0.687500
vt 0.875000 0.750000
vt 0.812500 0.750000
vt 0.750000 0.750000
vt 0.687500 0.750000
vt 0.437500 0.062500
vt 0.500000 0.062500
vt 0.500000 0.125000
vt 0.437500 0.125000
vt 0.562500 0.062500
vt 0.562500 0.125000
vt 0.500000 0.187500
vt 0.437500 0.187500
vt 0.562500 0.187500
vt 0.375000 0.000000
vt 0.437500 0.000000
vt 0.375000 0.062500
vt 0.500000 0.000000
vt 0.562500 0.000000
vt 0.625000 0.000000
vt 0.625000 0.062500
vt 0.625000 0.125000
vt 0.625000 0.187500
vt 0.625000 0.250000
vt 0.562500 0.250000
vt 0.500000 0.250000
vt 0.437500 0.250000
vt 0.375000 0.187500
vt 0.375000 0.250000
vt 0.375000 0.125000
vt 0.437500 0.312500
vt 0.500000 0.312500
vt 0.500000 0.375000
vt 0.437500 0.375000
vt 0.562500 0.312500
vt 0.562500 0.375000
vt 0.500000 0.437500
vt 0.437500 0.437500
vt 0.562500 0.437500
vt 0.375000 0.312500
vt 0.625000 0.312500
vt 0.625000 0.375000
vt 0.625000 0.437500
vt 0.625000 0.500000
vt 0.562500 0.500000
vt 0.500000 0.500000
vt 0.437500 0.500000
vt 0.375000 0.437500
vt 0.375000 0.500000
vt 0.375000 0.375000
vt 0.437500 0.562500
vt 0.500000 0.562500
vt 0.500000 0.625000
vt 0.437500 0.625000
vt 0.562500 0.562500
vt 0.562500 0.625000
vt 0.500000 0.687500
vt 0.437500 0.687500
vt 0.562500 0.687500
vt 0.375000 0.562500
vt 0.625000 0.562500
vt 0.625000 0.625000
vt 0.625000 0.687500
vt 0.625000 0.750000
vt 0.562500 0.750000
vt 0.500000 0.750000
vt 0.437500 0.750000
vt 0.375000 0.687500
vt 0.375000 0.750000
vt 0.375000 0.625000
vt 0.437500 0.812500
vt 0.500000 0.812500
vt 0.500000 0.875000
vt 0.437500 0.875000
vt 0.562500 0.812500
vt 0.562500 0.875000
vt 0.500000 0.937500
vt 0.437500 0.937500
vt 0.562500 0.937500
vt 0.375000 0.812500
vt 0.625000 0.812500
vt 0.625000 0.875000
vt 0.625000 0.937500
vt 0.625000 1.000000
vt 0.562500 1.000000
vt 0.500000 1.000000
vt 0.437500 1.000000
vt 0.375000 0.937500
vt 0.375000 1.000000
vt 0.375000 0.875000
vt 0.187500 0.562500
vt 0.250000 0.562500
vt 0.250000 0.625000
vt 0.187500 0.625000
vt 0.312500 0.562500
vt 0.312500 0.625000
vt 0.250000 0.687500
vt 0.187500 0.687500
vt 0.312500 0.687500
vt 0.125000 0.500000
vt 0.187500 0.500000
vt 0.125000 0.562500
vt 0.250000 0.500000
vt 0.312500 0.500000
vt 0.312500 0.750000
vt 0.250000 0.750000
vt 0.187500 0.750000
vt 0.125000 0.687500
vt 0.125000 0.750000
vt 0.125000 0.625000
vt 0.687500 0.562500
vt 0.750000 0.562500
vt 0.750000 0.625000
vt 0.687500 0.625000
vt 0.812500 0.562500
vt 0.812500 0.625000
vt 0.750000 0.687500
vt 0.687500 0.687500
vt 0.812500 0.687500
vt 0.687500 0.500000
vt 0.750000 0.500000
vt 0.812500 0.500000
vt 0.875000 0.500000
vt 0.875000 0.562500
vt 0.875000 0.625000
vt 0.875000 0.687500
vt 0.875000 0.750000
vt 0.812500 0.750000
vt 0.750000 0.750000
vt 0.687500 0.750000
vt 0.000000 0.000000
vt 0.000000 0.000000
vt 0.000000 0.000000
vt 0.000000 0.000000
vt 0.000000 0.000000
vt 0.000000 0.000000
vt 0.000000 0.000000
vt 0.000000 0.000000
vt 0.000000 0.000000
vt 0.000000 0.000000
vt 0.000000 0.000000
vt 0.000000 0.000000
vt 0.000000 0.000000
vt 0.000000 0.000000
vt 0.000000 0.000000
vt 0.000000 0.000000
vt 0.000000 0.000000
vt 0.000000 0.000000
vt 0.000000 0.000000
vt 0.000000 0.000000
vt 0.000000 0.000000
vt 0.000000 0.000000
vt 0.000000 0.000000
vt 0.000000 0.000000
vt 0.000000 0.000000
vt 0.000000 0.000000
vt 0.000000 0.000000
vt 0.000000 0.000000
vt 0.000000 0.000000
vt 0.000000 0.000000
vt 0.000000 0.000000
vt 0.000000 0.000000
vt 0.000000 0.000000
vt 0.000000 0.000000
vt 0.000000 0.000000
vt 0.000000 0.000000
vt 0.000000 0.000000
vt 0.000000 0.000000
vt 0.000000 0.000000
vt 0.000000 0.000000
vt 0.000000 0.000000
vt 0.000000 0.000000
vt 0.000000 0.000000
vt 0.000000 0.000000
vt 0.000000 0.000000
vt 0.000000 0.000000
vt 0.000000 0.000000
vt 0.000000 0.000000
vt 0.000000 0.000000
vt 0.000000 0.000000
vt 0.000000 0.000000
vt 0.000000 0.000000
vt 0.000000 0.000000
vt 0.000000 0.000000
vt 0.000000 0.000000
vt 0.000000 0.000000
vt 0.000000 0.000000
vt 0.000000 0.000000
vt 0.000000 0.000000
vt 0.000000 0.000000
vt 0.000000 0.000000
vt 0.000000 0.000000
vt 0.000000 0.000000
vt 0.000000 0.000000
vt 0.000000 0.000000
vt 0.000000 0.000000
vt 0.000000 0.000000
vt 0.000000 0.000000
vt 0.000000 0.000000
vt 0.000000 0.000000
vt 0.000000 0.000000
vt 0.000000 0.000000
vt 0.000000 0.000000
vt 0.000000 0.000000
vt 0.000000 0.000000
vt 0.000000 0.000000
vt 0.000000 0.000000
vt 0.000000 0.000000
vt 0.000000 0.000000
vt 0.000000 0.000000
vt 0.000000 0.000000
vt 0.000000 0.000000
vt 0.000000 0.000000
vt 0.000000 0.000000
vt 0.000000 0.000000
vt 0.000000 0.000000
vt 0.000000 0.000000
vt 0.000000 0.000000
vt 0.000000 0.000000
vt 0.000000 0.000000
vt 0.000000 0.000000
vt 0.000000 0.000000
vt 0.000000 0.000000
vt 0.000000 0.000000
vt 0.000000 0.000000
vt 0.000000 0.000000
vt 0.000000 0.000000
vt 0.000000 0.000000
vt 0.000000 0.000000
vt 0.000000 0.000000
vt 0.000000 0.000000
vt 0.000000 0.000000
vt 0.000000 0.000000
vt 0.000000 0.000000
vt 0.000000 0.000000
vt 0.000000 0.000000
vt 0.000000 0.000000
vt 0.000000 0.000000
vt 0.000000 0.000000
vt 0.000000 0.000000
vt 0.000000 0.000000
vt 0.000000 0.000000
vt 0.000000 0.000000
vt 0.000000 0.000000
vt 0.000000 0.000000
vt 0.000000 0.000000
vt 0.000000 0.000000
vt 0.000000 0.000000
vt 0.000000 0.000000
vt 0.000000 0.000000
vt 0.000000 0.000000
vt 0.000000 0.000000
vt 0.000000 0.000000
vt 0.000000 0.000000
vt 0.000000 0.000000
vt 0.000000 0.000000
vt 0.000000 0.000000
vt 0.000000 0.000000
vt 0.000000 0.000000
vt 0.000000 0.000000
vt 0.000000 0.000000
vt 0.000000 0.000000
vt 0.000000 0.000000
vt 0.000000 0.000000
vt 0.000000 0.000000
vt 0.000000 0.000000
vt 0.000000 0.000000
vt 0.000000 0.000000
vt 0.000000 0.000000
vt 0.000000 0.000000
vt 0.000000 0.000000
vt 0.000000 0.000000
vt 0.000000 0.000000
vt 0.000000 0.000000
vt 0.000000 0.000000
vt 0.000000 0.000000
vt 0.000000 0.000000
vt 0.000000 0.000000
vt 0.000000 0.000000
vt 0.000000 0.000000
vt 0.000000 0.000000
vt 0.000000 0.000000
vt 0.000000 0.000000
vt 0.000000 0.000000
vt 0.000000 0.000000
vt 0.000000 0.000000
vt 0.000000 0.000000
vt 0.000000 0.000000
vt 0.000000 0.000000
vt 0.000000 0.000000
vt 0.000000 0.000000
vt 0.000000 0.000000
vt 0.000000 0.000000
vt 0.000000 0.000000
vt 0.000000 0.000000
vt 0.000000 0.000000
vt 0.000000 0.000000
vt 0.000000 0.000000
vt 0.000000 0.000000
vt 0.000000 0.000000
vt 0.000000 0.000000
vt 0.000000 0.000000
vt 0.000000 0.000000
vt 0.000000 0.000000
vt 0.000000 0.000000
vt 0.000000 0.000000
vt 0.000000 0.000000
vt 0.000000 0.000000
vt 0.000000 0.000000
vt 0.000000 0.000000
vt 0.000000 0.000000
vt 0.000000 0.000000
vt 0.000000 0.000000
vt 0.000000 0.000000
vt 0.000000 0.000000
vt 0.000000 0.000000
vt 0.000000 0.000000
vt 0.000000 0.000000
vt 0.000000 0.000000
vt 0.000000 0.000000
vt 0.000000 0.000000
vt 0.000000 0.000000
vt 0.000000 0.000000
vt 0.000000 0.000000
vt 0.000000 0.000000
vt 0.000000 0.000000
vt 0.000000 0.000000
vt 0.000000 0.000000
vt 0.000000 0.000000
vt 0.000000 0.000000
vt 0.000000 0.000000
vt 0.000000 0.000000
vt 0.000000 0.000000
vt 0.000000 0.000000
vt 0.000000 0.000000
vt 0.000000 0.000000
vt 0.000000 0.000000
vt 0.000000 0.000000
vt 0.000000 0.000000
vt 0.000000 0.000000
vt 0.000000 0.000000
vt 0.000000 0.000000
vt 0.000000 0.000000
vt 0.000000 0.000000
vt 0.000000 0.000000
vt 0.000000 0.000000
vt 0.000000 0.000000
vt 0.000000 0.000000
vt 0.000000 0.000000
vt 0.000000 0.000000
vt 0.000000 0.000000
vt 0.000000 0.000000
vt 0.000000 0.000000
vt 0.000000 0.000000
vt 0.000000 0.000000
vt 0.000000 0.000000
vt 0.000000 0.000000
vt 0.000000 0.000000
vt 0.000000 0.000000
vt 0.000000 0.000000
vt 0.000000 0.000000
vt 0.000000 0.000000
vt 0.000000 0.000000
vt 0.000000 0.000000
vt 0.000000 0.000000
vt 0.000000 0.000000
vt 0.000000 0.000000
vt 0.000000 0.000000
vt 0.000000 0.000000
vt 0.000000 0.000000
vt 0.000000 0.000000
vt 0.000000 0.000000
vt 0.000000 0.000000
vt 0.000000 0.000000
vt 0.000000 0.000000
vt 0.000000 0.000000
vt 0.000000 0.000000
vt 0.000000 0.000000
vt 0.000000 0.000000
vt 0.000000 0.000000
vt 0.000000 0.000000
vt 0.000000 0.000000
vt 0.000000 0.000000
vt 0.000000 0.000000
vt 0.000000 0.000000
vt 0.000000 0.000000
vt 0.000000 0.000000
vt 0.000000 0.000000
vt 0.000000 0.000000
vt 0.000000 0.000000
vt 0.000000 0.000000
vt 0.000000 0.000000
vt 0.000000 0.000000
vt 0.000000 0.000000
vt 0.000000 0.000000
vt 0.000000 0.000000
vt 0.000000 0.000000
vt 0.000000 0.000000
vt 0.000000 0.000000
vt 0.000000 0.000000
vt 0.000000 0.000000
vt 0.000000 0.000000
vt 0.000000 0.000000
vt 0.000000 0.000000
vt 0.000000 0.000000
vt 0.000000 0.000000
vt 0.000000 0.000000
vt 0.000000 0.000000
vt 0.000000 0.000000
vt 0.000000 0.000000
vt 0.000000 0.000000
vt 0.000000 0.000000
vt 0.000000 0.000000
vt 0.000000 0.000000
vt 0.000000 0.000000
vt 0.000000 0.000000
vt 0.000000 0.000000
vt 0.000000 0.000000
vt 0.000000 0.000000
vt 0.000000 0.000000
vt 0.000000 0.000000
vt 0.000000 0.000000
vt 0.000000 0.000000
vt 0.000000 0.000000
vt 0.000000 0.000000
vt 0.000000 0.000000
vt 0.000000 0.000000
vt 0.000000 0.000000
vt 0.000000 0.000000
vt 0.000000 0.000000
vt 0.000000 0.000000
vt 0.000000 0.000000
vt 0.000000 0.000000
vt 0.000000 0.000000
vt 0.000000 0.000000
vt 0.000000 0.000000
vt 0.000000 0.000000
vt 0.000000 0.000000
vt 0.000000 0.000000
vt 0.000000 0.000000
vt 0.000000 0.000000
vt 0.000000 0.000000
vt 0.000000 0.000000
vt 0.000000 0.000000
vt 0.000000 0.000000
vt 0.000000 0.000000
vt 0.000000 0.000000
vt 0.000000 0.000000
vt 0.000000 0.000000
vt 0.000000 0.000000
vt 0.000000 0.000000
vt 0.000000 0.000000
vt 0.000000 0.000000
vt 0.000000 0.000000
vt 0.000000 0.000000
vt 0.000000 0.000000
vt 0.000000 0.000000
vt 0.000000 0.000000
vt 0.000000 0.000000
vt 0.000000 0.000000
vt 0.000000 0.000000
vt 0.000000 0.000000
vt 0.000000 0.000000
vt 0.000000 0.000000
vt 0.000000 0.000000
vt 0.000000 0.000000
vt 0.000000 0.000000
vt 0.000000 0.000000
vt 0.000000 0.000000
vt 0.000000 0.000000
vt 0.000000 0.000000
vt 0.000000 0.000000
vt 0.000000 0.000000
vt 0.000000 0.000000
vt 0.000000 0.000000
vt 0.000000 0.000000
vt 0.000000 0.000000
vt 0.000000 0.000000
vt 0.000000 0.000000
vt 0.000000 0.000000
vt 0.000000 0.000000
vt 0.000000 0.000000
vt 0.000000 0.000000
vt 0.000000 0.000000
vt 0.000000 0.000000
vt 0.000000 0.000000
vt 0.000000 0.000000
vt 0.000000 0.000000
vt 0.000000 0.000000
vt 0.000000 0.000000
vt 0.000000 0.000000
vt 0.000000 0.000000
vt 0.000000 0.000000
vt 0.000000 0.000000
vt 0.000000 0.000000
vt 0.000000 0.000000
vt 0.000000 0.000000
vt 0.000000 0.000000
vt 0.000000 0.000000
vt 0.000000 0.000000
vt 0.000000 0.000000
vt 0.000000 0.000000
vt 0.000000 0.000000
vt 0.000000 0.000000
vt 0.000000 0.000000
vt 0.000000 0.000000
vt 0.000000 0.000000
vt 0.000000 0.000000
vt 0.000000 0.000000
vt 0.000000 0.000000
vt 0.000000 0.000000
vt 0.000000 0.000000
vt 0.000000 0.000000
vt 0.000000 0.000000
vt 0.000000 0.000000
vt 0.000000 0.000000
vt 0.000000 0.000000
vt 0.000000 0.000000
vt 0.000000 0.000000
vt 0.000000 0.000000
vt 0.000000 0.000000
vt 0.000000 0.000000
vt 0.000000 0.000000
vt 0.000000 0.000000
vt 0.000000 0.000000
vt 0.000000 0.000000
vt 0.000000 0.000000
vt 0.000000 0.000000
vt 0.000000 0.000000
vt 0.000000 0.000000
vt 0.000000 0.000000
vt 0.000000 0.000000
vt 0.000000 0.000000
vt 0.000000 0.000000
vt 0.000000 0.000000
vt 0.000000 0.000000
vt 0.000000 0.000000
vt 0.000000 0.000000
vt 0.000000 0.000000
vt 0.000000 0.000000
vt 0.000000 0.000000
vt 0.000000 0.000000
vt 0.000000 0.000000
vt 0.000000 0.000000
vt 0.000000 0.000000
vt 0.000000 0.000000
vt 0.000000 0.000000
vt 0.000000 0.000000
vt 0.000000 0.000000
vt 0.000000 0.000000
vt 0.000000 0.000000
vt 0.000000 0.000000
vt 0.000000 0.000000
vt 0.000000 0.000000
vt 0.000000 0.000000
vt 0.000000 0.000000
vt 0.000000 0.000000
vt 0.000000 0.000000
vt 0.000000 0.000000
vt 0.000000 0.000000
vt 0.000000 0.000000
vt 0.000000 0.000000
vt 0.000000 0.000000
vt 0.000000 0.000000
vt 0.000000 0.000000
vt 0.000000 0.000000
vt 0.000000 0.000000
vt 0.000000 0.000000
vt 0.000000 0.000000
vt 0.000000 0.000000
vt 0.000000 0.000000
vt 0.000000 0.000000
vt 0.000000 0.000000
vt 0.000000 0.000000
vt 0.000000 0.000000
vt 0.000000 0.000000
vt 0.000000 0.000000
vt 0.000000 0.000000
vt 0.000000 0.000000
vt 0.000000 0.000000
vt 0.000000 0.000000
vt 0.000000 0.000000
vt 0.000000 0.000000
vt 0.000000 0.000000
vt 0.000000 0.000000
vt 0.000000 0.000000
vt 0.000000 0.000000
vt 0.000000 0.000000
vt 0.000000 0.000000
vt 0.000000 0.000000
vt 0.000000 0.000000
vt 0.000000 0.000000
vt 0.000000 0.000000
vt 0.000000 0.000000
vt 0.000000 0.000000
vt 0.000000 0.000000
vt 0.000000 0.000000
vt 0.000000 0.000000
vt 0.000000 0.000000
vt 0.000000 0.000000
vt 0.000000 0.000000
vt 0.000000 0.000000
vt 0.000000 0.000000
vt 0.000000 0.000000
vt 0.000000 0.000000
vt 0.000000 0.000000
vt 0.000000 0.000000
vt 0.000000 0.000000
vt 0.000000 0.000000
vt 0.000000 0.000000
vt 0.000000 0.000000
vt 0.000000 0.000000
vt 0.000000 0.000000
vt 0.000000 0.000000
vt 0.000000 0.000000
vt 0.000000 0.000000
vt 0.000000 0.000000
vt 0.000000 0.000000
vt 0.000000 0.000000
vt 0.000000 0.000000
vt 0.000000 0.000000
vt 0.000000 0.000000
vt 0.000000 0.000000
vt 0.000000 0.000000
vt 0.000000 0.000000
vt 0.000000 0.000000
vt 0.000000 0.000000
vt 0.000000 0.000000
vt 0.000000 0.000000
vt 0.000000 0.000000
vt 0.000000 0.000000
vt 0.000000 0.000000
vt 0.000000 0.000000
vt 0.000000 0.000000
vt 0.000000 0.000000
vt 0.000000 0.000000
vt 0.000000 0.000000
vt 0.000000 0.000000
vt 0.000000 0.000000
vt 0.000000 0.000000
vt 0.000000 0.000000
vt 0.000000 0.000000
vt 0.000000 0.000000
vt 0.000000 0.000000
vt 0.000000 0.000000
vt 0.000000 0.000000
vt 0.000000 0.000000
vt 0.000000 0.000000
vt 0.000000 0.000000
vt 0.000000 0.000000
vt 0.000000 0.000000
vt 0.000000 0.000000
vt 0.000000 0.000000
vt 0.000000 0.000000
vt 0.000000 0.000000
vt 0.000000 0.000000
vt 0.000000 0.000000
vt 0.000000 0.000000
vt 0.000000 0.000000
vt 0.000000 0.000000
vt 0.000000 0.000000
vt 0.000000 0.000000
vt 0.000000 0.000000
vt 0.000000 0.000000
vt 0.000000 0.000000
vt 0.000000 0.000000
vt 0.000000 0.000000
vt 0.000000 0.000000
vt 0.000000 0.000000
vt 0.000000 0.000000
vt 0.000000 0.000000
vt 0.000000 0.000000
vt 0.000000 0.000000
vt 0.000000 0.000000
vt 0.000000 0.000000
vt 0.000000 0.000000
vt 0.000000 0.000000
vt 0.000000 0.000000
vt 0.000000 0.000000
vt 0.000000 0.000000
vt 0.000000 0.000000
vt 0.000000 0.000000
vt 0.000000 0.000000
vt 0.000000 0.000000
vt 0.000000 0.000000
vt 0.000000 0.000000
vt 0.000000 0.000000
vt 0.000000 0.000000
vt 0.000000 0.000000
vt 0.000000 0.000000
vt 0.000000 0.000000
vt 0.000000 0.000000
vt 0.000000 0.000000
vt 0.000000 0.000000
vt 0.000000 0.000000
vt 0.000000 0.000000
vt 0.000000 0.000000
vt 0.000000 0.000000
vt 0.000000 0.000000
vt 0.000000 0.000000
vt 0.000000 0.000000
vt 0.000000 0.000000
vt 0.000000 0.000000
vt 0.000000 0.000000
vt 0.000000 0.000000
vt 0.000000 0.000000
vt 0.000000 0.000000
vt 0.000000 0.000000
vt 0.000000 0.000000
vt 0.000000 0.000000
vt 0.000000 0.000000
vt 0.000000 0.000000
vt 0.000000 0.000000
vt 0.000000 0.000000
vt 0.000000 0.000000
vt 0.000000 0.000000
vt 0.000000 0.000000
vt 0.000000 0.000000
vt 0.000000 0.000000
vt 0.000000 0.000000
vt 0.000000 0.000000
vt 0.000000 0.000000
vt 0.000000 0.000000
vt 0.000000 0.000000
vt 0.000000 0.000000
vt 0.000000 0.000000
vt 0.000000 0.000000
vt 0.000000 0.000000
vt 0.000000 0.000000
vt 0.000000 0.000000
vt 0.000000 0.000000
vt 0.000000 0.000000
vt 0.000000 0.000000
vt 0.000000 0.000000
vt 0.000000 0.000000
vt 0.000000 0.000000
vt 0.000000 0.000000
vt 0.000000 0.000000
vt 0.000000 0.000000
vt 0.000000 0.000000
vt 0.000000 0.000000
vt 0.000000 0.000000
vt 0.000000 0.000000
vt 0.000000 0.000000
vt 0.000000 0.000000
vt 0.000000 0.000000
vt 0.000000 0.000000
vt 0.000000 0.000000
vt 0.000000 0.000000
vt 0.000000 0.000000
vt 0.000000 0.000000
vt 0.000000 0.000000
vt 0.000000 0.000000
vt 0.000000 0.000000
vt 0.000000 0.000000
vt 0.000000 0.000000
vt 0.000000 0.000000
vt 0.000000 0.000000
vt 0.000000 0.000000
vt 0.000000 0.000000
vt 0.000000 0.000000
vt 0.000000 0.000000
vt 0.000000 0.000000
vt 0.000000 0.000000
vt 0.000000 0.000000
vt 0.000000 0.000000
vt 0.000000 0.000000
vt 0.000000 0.000000
vt 0.000000 0.000000
vt 0.000000 0.000000
vt 0.000000 0.000000
vt 0.000000 0.000000
vt 0.000000 0.000000
vt 0.000000 0.000000
vt 0.000000 0.000000
vt 0.000000 0.000000
vt 0.000000 0.000000
vt 0.000000 0.000000
vt 0.000000 0.000000
vt 0.000000 0.000000
vt 0.000000 0.000000
vt 0.000000 0.000000
vt 0.000000 0.000000
vt 0.000000 0.000000
vt 0.000000 0.000000
vt 0.000000 0.000000
vt 0.000000 0.000000
vt 0.000000 0.000000
vt 0.000000 0.000000
vt 0.000000 0.000000
vt 0.000000 0.000000
vt 0.000000 0.000000
vt 0.000000 0.000000
vt 0.000000 0.000000
vt 0.000000 0.000000
vt 0.000000 0.000000
vt 0.000000 0.000000
vt 0.000000 0.000000
vt 0.000000 0.000000
vt 0.000000 0.000000
vt 0.000000 0.000000
vt 0.000000 0.000000
vt 0.000000 0.000000
vt 0.000000 0.000000
vt 0.000000 0.000000
vt 0.000000 0.000000
vt 0.000000 0.000000
vt 0.000000 0.000000
vt 0.000000 0.000000
vt 0.000000 0.000000
vt 0.000000 0.000000
vt 0.000000 0.000000
vt 0.000000 0.000000
vt 0.000000 0.000000
vt 0.000000 0.000000
vt 0.000000 0.000000
vt 0.000000 0.000000
vt 0.000000 0.000000
vt 0.000000 0.000000
vt 0.000000 0.000000
vt 0.000000 0.000000
vt 0.000000 0.000000
vt 0.000000 0.000000
vt 0.000000 0.000000
vt 0.000000 0.000000
vt 0.000000 0.000000
vt 0.000000 0.000000
vt 0.000000 0.000000
vt 0.000000 0.000000
vt 0.000000 0.000000
vt 0.000000 0.000000
vt 0.000000 0.000000
vt 0.000000 0.000000
vt 0.000000 0.000000
vt 0.000000 0.000000
vt 0.000000 0.000000
vt 0.000000 0.000000
vt 0.000000 0.000000
vt 0.000000 0.000000
vt 0.000000 0.000000
vt 0.000000 0.000000
vt 0.000000 0.000000
vt 0.000000 0.000000
vt 0.000000 0.000000
vt 0.000000 0.000000
vt 0.000000 0.000000
vt 0.000000 0.000000
vt 0.000000 0.000000
vt 0.000000 0.000000
vt 0.000000 0.000000
vt 0.000000 0.000000
vt 0.000000 0.000000
vt 0.000000 0.000000
vt 0.000000 0.000000
vt 0.000000 0.000000
vt 0.000000 0.000000
vt 0.000000 0.000000
vt 0.000000 0.000000
vt 0.000000 0.000000
vt 0.000000 0.000000
vt 0.000000 0.000000
vt 0.000000 0.000000
vt 0.000000 0.000000
vt 0.000000 0.000000
vt 0.000000 0.000000
vt 0.000000 0.000000
vt 0.000000 0.000000
vt 0.000000 0.000000
vt 0.000000 0.000000
vt 0.000000 0.000000
vt 0.000000 0.000000
vt 0.000000 0.000000
vt 0.000000 0.000000
vt 0.000000 0.000000
vt 0.000000 0.000000
vt 0.000000 0.000000
vt 0.000000 0.000000
vt 0.000000 0.000000
vt 0.000000 0.000000
vt 0.000000 0.000000
vt 0.000000 0.000000
vt 0.000000 0.000000
vt 0.000000 0.000000
vt 0.000000 0.000000
vt 0.000000 0.000000
vt 0.000000 0.000000
vt 0.000000 0.000000
vt 0.000000 0.000000
vt 0.000000 0.000000
vt 0.000000 0.000000
vt 0.000000 0.000000
vt 0.000000 0.000000
vt 0.000000 0.000000
vt 0.000000 0.000000
vt 0.000000 0.000000
vt 0.000000 0.000000
vt 0.000000 0.000000
vt 0.000000 0.000000
vt 0.000000 0.000000
vt 0.000000 0.000000
vt 0.000000 0.000000
vt 0.000000 0.000000
vt 0.000000 0.000000
vt 0.000000 0.000000
vt 0.000000 0.000000
vt 0.000000 0.000000
vt 0.000000 0.000000
vt 0.000000 0.000000
vt 0.000000 0.000000
vt 0.000000 0.000000
vt 0.000000 0.000000
vt 0.000000 0.000000
vt 0.000000 0.000000
vt 0.000000 0.000000
vt 0.000000 0.000000
vt 0.000000 0.000000
vt 0.000000 0.000000
vt 0.000000 0.000000
vt 0.000000 0.000000
vt 0.000000 0.000000
vt 0.000000 0.000000
vt 0.000000 0.000000
vt 0.000000 0.000000
vt 0.000000 0.000000
vt 0.000000 0.000000
vt 0.000000 0.000000
vt 0.000000 0.000000
vt 0.000000 0.000000
vt 0.000000 0.000000
vt 0.000000 0.000000
vt 0.000000 0.000000
vt 0.000000 0.000000
vt 0.000000 0.000000
vt 0.000000 0.000000
vt 0.000000 0.000000
vt 0.000000 0.000000
vt 0.000000 0.000000
vt 0.000000 0.000000
vt 0.000000 0.000000
vt 0.000000 0.000000
vt 0.000000 0.000000
vt 0.000000 0.000000
vt 0.000000 0.000000
vt 0.000000 0.000000
vt 0.000000 0.000000
vt 0.000000 0.000000
vt 0.000000 0.000000
vt 0.000000 0.000000
vt 0.000000 0.000000
vt 0.000000 0.000000
vt 0.000000 0.000000
vt 0.000000 0.000000
vt 0.000000 0.000000
vt 0.000000 0.000000
vt 0.000000 0.000000
vt 0.000000 0.000000
vt 0.000000 0.000000
vt 0.000000 0.000000
vt 0.000000 0.000000
vt 0.000000 0.000000
vt 0.000000 0.000000
vt 0.000000 0.000000
vt 0.000000 0.000000
vt 0.000000 0.000000
vt 0.000000 0.000000
vt 0.000000 0.000000
vt 0.000000 0.000000
vt 0.000000 0.000000
vt 0.000000 0.000000
vt 0.000000 0.000000
vt 0.000000 0.000000
vt 0.000000 0.000000
vt 0.000000 0.000000
vt 0.000000 0.000000
vt 0.000000 0.000000
vt 0.000000 0.000000
vt 0.000000 0.000000
vt 0.000000 0.000000
vt 0.000000 0.000000
vt 0.000000 0.000000
vt 0.000000 0.000000
vt 0.000000 0.000000
vt 0.000000 0.000000
vt 0.000000 0.000000
vt 0.000000 0.000000
vt 0.000000 0.000000
vt 0.000000 0.000000
vt 0.000000 0.000000
vt 0.000000 0.000000
vt 0.000000 0.000000
vt 0.000000 0.000000
vt 0.000000 0.000000
vt 0.000000 0.000000
vt 0.000000 0.000000
vt 0.000000 0.000000
vt 0.000000 0.000000
vt 0.000000 0.000000
vt 0.000000 0.000000
vt 0.000000 0.000000
vt 0.000000 0.000000
vt 0.000000 0.000000
vt 0.000000 0.000000
vt 0.000000 0.000000
vt 0.000000 0.000000
vt 0.000000 0.000000
vt 0.000000 0.000000
vt 0.000000 0.000000
vt 0.000000 0.000000
vt 0.000000 0.000000
vt 0.000000 0.000000
vt 0.000000 0.000000
vt 0.000000 0.000000
vt 0.000000 0.000000
vt 0.000000 0.000000
vt 0.000000 0.000000
vt 0.000000 0.000000
vt 0.000000 0.000000
vt 0.000000 0.000000
vt 0.000000 0.000000
vt 0.000000 0.000000
vt 0.000000 0.000000
vt 0.000000 0.000000
vt 0.000000 0.000000
vt 0.000000 0.000000
vt 0.000000 0.000000
vt 0.000000 0.000000
vt 0.000000 0.000000
vt 0.000000 0.000000
vt 0.000000 0.000000
vt 0.000000 0.000000
vt 0.000000 0.000000
vt 0.000000 0.000000
vt 0.000000 0.000000
vt 0.000000 0.000000
vt 0.000000 0.000000
vt 0.000000 0.000000
vt 0.000000 0.000000
vt 0.000000 0.000000
vt 0.000000 0.000000
vt 0.000000 0.000000
vt 0.000000 0.000000
vt 0.000000 0.000000
vt 0.000000 0.000000
vt 0.000000 0.000000
vt 0.000000 0.000000
vt 0.000000 0.000000
vt 0.000000 0.000000
vt 0.000000 0.000000
vt 0.000000 0.000000
vt 0.000000 0.000000
vt 0.000000 0.000000
vt 0.000000 0.000000
vt 0.000000 0.000000
vt 0.000000 0.000000
vt 0.000000 0.000000
vt 0.000000 0.000000
vt 0.000000 0.000000
vt 0.000000 0.000000
vt 0.000000 0.000000
vt 0.000000 0.000000
vt 0.000000 0.000000
vt 0.000000 0.000000
vt 0.000000 0.000000
vt 0.000000 0.000000
vt 0.000000 0.000000
vt 0.000000 0.000000
vt 0.000000 0.000000
vt 0.000000 0.000000
vt 0.000000 0.000000
vt 0.000000 0.000000
vt 0.000000 0.000000
vt 0.000000 0.000000
vt 0.000000 0.000000
vt 0.000000 0.000000
vt 0.000000 0.000000
vt 0.000000 0.000000
vt 0.000000 0.000000
vt 0.000000 0.000000
vt 0.000000 0.000000
vt 0.000000 0.000000
vt 0.000000 0.000000
vt 0.000000 0.000000
vt 0.000000 0.000000
vt 0.000000 0.000000
vt 0.000000 0.000000
vt 0.000000 0.000000
vt 0.000000 0.000000
vt 0.000000 0.000000
vt 0.000000 0.000000
vt 0.000000 0.000000
vt 0.000000 0.000000
vt 0.000000 0.000000
vt 0.000000 0.000000
vt 0.000000 0.000000
vt 0.000000 0.000000
vt 0.000000 0.000000
vt 0.000000 0.000000
vt 0.000000 0.000000
vt 0.000000 0.000000
vt 0.000000 0.000000
vt 0.000000 0.000000
vt 0.000000 0.000000
vt 0.000000 0.000000
vt 0.000000 0.000000
vt 0.000000 0.000000
vt 0.000000 0.000000
vt 0.000000 0.000000
vt 0.000000 0.000000
vt 0.000000 0.000000
vt 0.000000 0.000000
vt 0.000000 0.000000
vt 0.000000 0.000000
vt 0.000000 0.000000
vt 0.000000 0.000000
vt 0.000000 0.000000
vt 0.000000 0.000000
vt 0.000000 0.000000
vt 0.000000 0.000000
vt 0.000000 0.000000
vt 0.000000 0.000000
vt 0.000000 0.000000
vt 0.000000 0.000000
vt 0.000000 0.000000
vt 0.000000 0.000000
vt 0.000000 0.000000
vt 0.000000 0.000000
vt 0.000000 0.000000
vt 0.000000 0.000000
vt 0.000000 0.000000
vt 0.000000 0.000000
vt 0.000000 0.000000
vt 0.000000 0.000000
vt 0.000000 0.000000
vt 0.000000 0.000000
vt 0.000000 0.000000
vt 0.000000 0.000000
vt 0.000000 0.000000
vt 0.000000 0.000000
vt 0.000000 0.000000
vt 0.000000 0.000000
vt 0.000000 0.000000
vt 0.000000 0.000000
vt 0.000000 0.000000
vt 0.000000 0.000000
vt 0.000000 0.000000
vt 0.000000 0.000000
vt 0.000000 0.000000
vt 0.000000 0.000000
vt 0.000000 0.000000
vt 0.000000 0.000000
vt 0.000000 0.000000
vt 0.000000 0.000000
vt 0.000000 0.000000
vt 0.000000 0.000000
vt 0.000000 0.000000
vt 0.000000 0.000000
vt 0.000000 0.000000
vt 0.000000 0.000000
vt 0.000000 0.000000
vt 0.000000 0.000000
vt 0.000000 0.000000
vt 0.000000 0.000000
vt 0.000000 0.000000
vt 0.000000 0.000000
vt 0.000000 0.000000
vt 0.000000 0.000000
vt 0.000000 0.000000
vt 0.000000 0.000000
vt 0.000000 0.000000
vt 0.000000 0.000000
vt 0.000000 0.000000
vt 0.000000 0.000000
vt 0.000000 0.000000
vt 0.000000 0.000000
vt 0.000000 0.000000
vt 0.000000 0.000000
vt 0.000000 0.000000
vt 0.000000 0.000000
vt 0.000000 0.000000
vt 0.000000 0.000000
vt 0.000000 0.000000
vt 0.000000 0.000000
vt 0.000000 0.000000
vt 0.000000 0.000000
vt 0.000000 0.000000
vt 0.000000 0.000000
vt 0.000000 0.000000
vt 0.000000 0.000000
vt 0.000000 0.000000
vt 0.000000 0.000000
vt 0.000000 0.000000
vt 0.000000 0.000000
vt 0.000000 0.000000
vt 0.000000 0.000000
vt 0.000000 0.000000
vt 0.000000 0.000000
vt 0.000000 0.000000
vt 0.000000 0.000000
vt 0.000000 0.000000
vt 0.000000 0.000000
vt 0.000000 0.000000
vt 0.000000 0.000000
vt 0.000000 0.000000
vt 0.000000 0.000000
vt 0.000000 0.000000
vt 0.000000 0.000000
vt 0.000000 0.000000
vt 0.000000 0.000000
vt 0.000000 0.000000
vt 0.000000 0.000000
vt 0.000000 0.000000
vt 0.000000 0.000000
vt 0.000000 0.000000
vt 0.000000 0.000000
vt 0.000000 0.000000
vt 0.000000 0.000000
vt 0.000000 0.000000
vt 0.000000 0.000000
vt 0.000000 0.000000
vt 0.000000 0.000000
vt 0.000000 0.000000
vt 0.000000 0.000000
vt 0.000000 0.000000
vt 0.000000 0.000000
vt 0.000000 0.000000
vt 0.000000 0.000000
vt 0.000000 0.000000
vt 0.000000 0.000000
vt 0.000000 0.000000
vt 0.000000 0.000000
vt 0.000000 0.000000
vt 0.000000 0.000000
vt 0.000000 0.000000
vt 0.000000 0.000000
vt 0.000000 0.000000
vt 0.000000 0.000000
vt 0.000000 0.000000
vt 0.000000 0.000000
vt 0.000000 0.000000
vt 0.000000 0.000000
vt 0.000000 0.000000
vt 0.000000 0.000000
vt 0.000000 0.000000
vt 0.000000 0.000000
vt 0.000000 0.000000
vt 0.000000 0.000000
vt 0.000000 0.000000
vt 0.000000 0.000000
vt 0.000000 0.000000
vt 0.000000 0.000000
vt 0.000000 0.000000
vt 0.000000 0.000000
vt 0.000000 0.000000
vt 0.000000 0.000000
vt 0.000000 0.000000
vt 0.000000 0.000000
vt 0.000000 0.000000
vt 0.000000 0.000000
vt 0.000000 0.000000
vt 0.000000 0.000000
vt 0.000000 0.000000
vt 0.000000 0.000000
vt 0.000000 0.000000
vt 0.000000 0.000000
vt 0.000000 0.000000
vt 0.000000 0.000000
vt 0.000000 0.000000
vt 0.000000 0.000000
vt 0.000000 0.000000
vt 0.000000 0.000000
vt 0.000000 0.000000
vt 0.000000 0.000000
vt 0.000000 0.000000
vt 0.000000 0.000000
vt 0.000000 0.000000
vt 0.000000 0.000000
vt 0.000000 0.000000
vt 0.000000 0.000000
vt 0.000000 0.000000
vt 0.000000 0.000000
vt 0.000000 0.000000
vt 0.000000 0.000000
vt 0.000000 0.000000
vt 0.000000 0.000000
vt 0.000000 0.000000
vt 0.000000 0.000000
vt 0.000000 0.000000
vt 0.000000 0.000000
vt 0.000000 0.000000
vt 0.000000 0.000000
vt 0.000000 0.000000
vt 0.000000 0.000000
vt 0.000000 0.000000
vt 0.000000 0.000000
vt 0.000000 0.000000
vt 0.000000 0.000000
vt 0.000000 0.000000
vt 0.000000 0.000000
vt 0.000000 0.000000
vt 0.000000 0.000000
vt 0.000000 0.000000
vt 0.000000 0.000000
vt 0.000000 0.000000
vt 0.000000 0.000000
vt 0.000000 0.000000
vt 0.000000 0.000000
vt 0.000000 0.000000
vt 0.000000 0.000000
vt 0.000000 0.000000
vt 0.000000 0.000000
vt 0.000000 0.000000
vt 0.000000 0.000000
vt 0.000000 0.000000
vt 0.000000 0.000000
vt 0.000000 0.000000
vt 0.000000 0.000000
vt 0.000000 0.000000
vt 0.000000 0.000000
vt 0.000000 0.000000
vt 0.000000 0.000000
vt 0.000000 0.000000
vt 0.000000 0.000000
vt 0.000000 0.000000
vt 0.000000 0.000000
vt 0.000000 0.000000
vt 0.000000 0.000000
vt 0.000000 0.000000
vt 0.000000 0.000000
vt 0.000000 0.000000
vt 0.000000 0.000000
vt 0.000000 0.000000
vt 0.000000 0.000000
vt 0.000000 0.000000
vt 0.000000 0.000000
vt 0.000000 0.000000
vt 0.000000 0.000000
vt 0.000000 0.000000
vt 0.000000 0.000000
vt 0.000000 0.000000
vt 0.000000 0.000000
vt 0.000000 0.000000
vt 0.000000 0.000000
vt 0.000000 0.000000
vt 0.000000 0.000000
vt 0.000000 0.000000
vt 0.000000 0.000000
vt 0.000000 0.000000
vt 0.000000 0.000000
vt 0.000000 0.000000
vt 0.000000 0.000000
vt 0.000000 0.000000
vt 0.000000 0.000000
vt 0.000000 0.000000
vt 0.000000 0.000000
vt 0.000000 0.000000
vt 0.000000 0.000000
vt 0.000000 0.000000
vt 0.000000 0.000000
vt 0.000000 0.000000
vt 0.000000 0.000000
vt 0.000000 0.000000
vt 0.000000 0.000000
vt 0.000000 0.000000
vt 0.000000 0.000000
vt 0.000000 0.000000
vt 0.000000 0.000000
vt 0.000000 0.000000
vt 0.000000 0.000000
vt 0.000000 0.000000
vt 0.000000 0.000000
vt 0.000000 0.000000
vt 0.000000 0.000000
vt 0.000000 0.000000
vt 0.000000 0.000000
vt 0.000000 0.000000
vt 0.000000 0.000000
vt 0.000000 0.000000
vt 0.000000 0.000000
vt 0.000000 0.000000
vt 0.000000 0.000000
vt 0.000000 0.000000
vt 0.000000 0.000000
vt 0.000000 0.000000
vt 0.000000 0.000000
vt 0.000000 0.000000
vt 0.000000 0.000000
vt 0.000000 0.000000
vt 0.000000 0.000000
vt 0.000000 0.000000
vt 0.000000 0.000000
vt 0.000000 0.000000
vt 0.000000 0.000000
vt 0.000000 0.000000
vt 0.000000 0.000000
vt 0.000000 0.000000
vt 0.000000 0.000000
vt 0.000000 0.000000
vt 0.000000 0.000000
vt 0.000000 0.000000
vt 0.000000 0.000000
vt 0.000000 0.000000
vt 0.000000 0.000000
vt 0.000000 0.000000
vt 0.000000 0.000000
vt 0.000000 0.000000
vt 0.000000 0.000000
vt 0.000000 0.000000
vt 0.000000 0.000000
vt 0.000000 0.000000
vt 0.000000 0.000000
vt 0.000000 0.000000
vt 0.000000 0.000000
vt 0.000000 0.000000
vt 0.000000 0.000000
vt 0.000000 0.000000
vt 0.000000 0.000000
vt 0.000000 0.000000
vt 0.000000 0.000000
vt 0.000000 0.000000
vt 0.000000 0.000000
vt 0.000000 0.000000
vt 0.000000 0.000000
vt 0.000000 0.000000
vt 0.000000 0.000000
vt 0.000000 0.000000
vt 0.000000 0.000000
vt 0.000000 0.000000
vt 0.000000 0.000000
vt 0.000000 0.000000
vt 0.000000 0.000000
vt 0.000000 0.000000
vt 0.000000 0.000000
vt 0.000000 0.000000
vt 0.000000 0.000000
vt 0.000000 0.000000
vt 0.000000 0.000000
vt 0.000000 0.000000
vt 0.000000 0.000000
vt 0.000000 0.000000
vt 0.000000 0.000000
vt 0.000000 0.000000
vt 0.000000 0.000000
vt 0.000000 0.000000
vt 0.000000 0.000000
vt 0.000000 0.000000
vt 0.000000 0.000000
vn -0.0276 -0.4739 -0.8802
vn 0.0872 0.3222 -0.9426
vn 0.3633 -0.0669 -0.9293
vn 0.4692 0.4495 -0.7601
vn -0.2350 -0.9029 -0.3598
vn -0.3987 -0.6676 -0.6288
vn -0.4117 0.1609 -0.8970
vn -0.1612 0.7683 -0.6195
vn 0.0710 0.7079 -0.7027
vn 0.3986 0.3671 -0.8404
vn 0.4410 0.2375 -0.8655
vn 0.4543 0.3968 -0.7976
vn 0.5900 0.0923 -0.8021
vn 0.3262 -0.7308 -0.5995
vn 0.0597 -0.8523 -0.5196
vn -0.1172 -0.8968 -0.4267
vn 0.9851 -0.0438 -0.1663
vn 0.9621 -0.1708 -0.2124
vn 0.9891 -0.1386 0.0498
vn 0.9922 -0.0145 0.1236
vn 0.6209 -0.6605 -0.4221
vn 0.8689 0.0296 -0.4941
vn 0.8137 0.0452 -0.5795
vn 0.6823 0.3147 -0.6599
vn 0.9198 0.2508 -0.3018
vn 0.9367 0.2924 0.1925
vn 0.7586 0.4935 0.4254
vn 0.8876 0.3035 0.3465
vn 0.9445 -0.1592 0.2874
vn 0.6378 -0.7517 0.1680
vn 0.5590 -0.8233 0.0984
vn 0.6103 -0.7807 -0.1342
vn 0.2602 -0.4010 0.8784
vn 0.2778 0.3833 0.8809
vn -0.1514 -0.3772 0.9137
vn -0.1129 0.3573 0.9272
vn 0.3037 -0.8717 0.3846
vn 0.6815 -0.2762 0.6777
vn 0.6739 0.3893 0.6280
vn 0.5607 0.6738 0.4814
vn 0.2775 0.7714 0.5727
vn 0.0616 0.7635 0.6429
vn -0.3680 0.6858 0.6279
vn -0.6353 0.1906 0.7483
vn -0.7241 -0.3296 0.6058
vn -0.4346 -0.8775 0.2029
vn -0.0092 -0.9704 0.2412
vn 0.0776 -0.9580 0.2760
vn -0.9038 -0.4096 0.1241
vn -0.9927 -0.0384 0.1146
vn -0.8791 -0.4736 -0.0535
vn -0.9934 0.0613 -0.0970
vn -0.5306 -0.8303 0.1705
vn -0.8638 -0.3824 0.3279
vn -0.9120 -0.0518 0.4069
vn -0.5769 0.7499 0.3239
vn -0.5877 0.7999 0.1216
vn -0.5968 0.7795 -0.1902
vn -0.4945 0.7814 -0.3805
vn -0.9065 0.0753 -0.4155
vn -0.7489 -0.5943 -0.2932
vn -0.4372 -0.8805 -0.1833
vn -0.4916 -0.8698 -0.0425
vn -0.5079 -0.8584 0.0722
vn -0.1594 -0.9840 0.0790
vn -0.1699 -0.9816 0.0869
vn -0.0329 -0.9975 0.0631
vn 0.0676 -0.9969 0.0410
vn 0.0420 -0.9764 -0.2119
vn -0.0392 -0.9992 0.0031
vn -0.0657 -0.9916 0.1112
vn -0.0435 -0.9980 0.0465
vn -0.1014 -0.9944 -0.0307
vn 0.0773 -0.9956 -0.0534
vn -0.1860 -0.9823 0.0241
vn -0.1087 -0.9935 0.0331
vn -0.1190 -0.9929 -0.0036
vn -0.1527 -0.9804 -0.1245
vn -0.1174 -0.9860 -0.1185
vn -0.0869 -0.9860 -0.1420
vn 0.3460 0.9316 0.1113
vn 0.2709 0.9510 -0.1489
vn 0.1623 0.9818 0.0982
vn 0.1473 0.9684 -0.2010
vn 0.4756 0.7895 0.3879
vn 0.4248 0.8970 0.1227
vn 0.4243 0.8902 -0.1659
vn 0.5050 0.6342 -0.5855
vn 0.1571 0.8832 -0.4419
vn 0.0596 0.9162 -0.3962
vn -0.0761 0.9152 -0.3958
vn -0.0176 0.9641 -0.2650
vn -0.0645 0.9927 0.1015
vn -0.1327 0.9499 0.2829
vn 0.1455 0.9321 0.3316
vn 0.3147 0.8758 0.3659
vn -0.8570 -0.3755 -0.3528
vn -0.8977 0.0803 -0.4332
vn -0.6954 -0.3726 -0.6144
vn -0.7213 0.0639 -0.6897
vn -0.7015 -0.7121 0.0293
vn -0.9261 -0.3719 -0.0637
vn -0.9820 0.0981 -0.1613
vn -0.8444 0.4931 -0.2096
vn -0.7801 0.4887 -0.3907
vn -0.7121 0.3628 -0.6011
vn -0.5312 0.2741 -0.8017
vn -0.5218 -0.0365 -0.8523
vn -0.4343 -0.3360 -0.8357
vn -0.3897 -0.6870 -0.6133
vn -0.5126 -0.7682 -0.3836
vn -0.6210 -0.7664 -0.1642
vn 0.3779 -0.1103 -0.9192
vn 0.3605 -0.1739 -0.9164
vn 0.6417 -0.0995 -0.7605
vn 0.7202 0.0427 -0.6924
vn -0.0778 -0.6377 -0.7663
vn -0.0186 -0.2259 -0.9740
vn -0.0204 -0.1501 -0.9885
vn -0.1531 0.3116 -0.9378
vn 0.2143 0.2980 -0.9302
vn 0.7236 0.4015 -0.5614
vn 0.8029 0.5411 -0.2503
vn 0.8516 0.3357 -0.4026
vn 0.8699 -0.0532 -0.4904
vn 0.6986 -0.5989 -0.3915
vn 0.5825 -0.7061 -0.4027
vn 0.2790 -0.7184 -0.6372
vn 0.9123 -0.1120 0.3940
vn 0.8614 0.3578 0.3606
vn 0.7641 -0.1327 0.6313
vn 0.7413 0.3302 0.5843
vn 0.7797 -0.6194 0.0918
vn 0.9978 -0.0573 0.0321
vn 0.9226 0.3858 -0.0024
vn 0.7589 0.6492 -0.0506
vn 0.6831 0.6974 0.2168
vn 0.6320 0.6619 0.4030
vn 0.4299 0.5866 0.6864
vn 0.4611 0.2046 0.8635
vn 0.3798 -0.1959 0.9041
vn 0.2249 -0.7640 0.6047
vn 0.4492 -0.8066 0.3843
vn 0.5756 -0.7740 0.2639
vn -0.3856 -0.4659 0.7964
vn -0.5060 -0.1283 0.8530
vn -0.6429 -0.4919 0.5871
vn -0.8404 0.0080 0.5419
vn -0.0982 -0.7323 0.6738
vn -0.0761 -0.3576 0.9308
vn 0.0128 -0.0641 0.9979
vn -0.0255 0.7306 0.6823
vn -0.2483 0.8030 0.5419
vn -0.7065 0.6765 0.2078
vn -0.8180 0.5750 0.0155
vn -0.9865 0.0841 0.1404
vn -0.8624 -0.4336 0.2614
vn -0.6270 -0.7154 0.3083
vn -0.4340 -0.7616 0.4813
vn -0.2587 -0.7602 0.5959
vn 0.1199 -0.9622 0.2447
vn 0.1407 -0.9582 0.2491
vn 0.1281 -0.9763 0.1742
vn 0.1647 -0.9833 0.0768
vn -0.1580 -0.9597 -0.2325
vn 0.1119 -0.9931 0.0348
vn 0.2722 -0.9487 0.1608
vn 0.2152 -0.9731 0.0822
vn 0.0757 -0.9906 0.1139
vn 0.1117 -0.9921 0.0573
vn 0.0406 -0.9574 0.2858
vn -0.0100 -0.9672 0.2539
vn -0.1131 -0.9585 0.2618
vn -0.3375 -0.9228 0.1861
vn -0.2147 -0.9735 0.0782
vn -0.1722 -0.9846 -0.0305
vn 0.2343 0.9509 -0.2022
vn -0.0154 0.9642 -0.2648
vn 0.1199 0.9926 -0.0185
vn -0.1958 0.9555 -0.2204
vn 0.5635 0.8195 -0.1042
vn 0.3024 0.9275 -0.2200
vn 0.0459 0.9084 -0.4156
vn -0.2965 0.6456 -0.7038
vn -0.4910 0.7834 -0.3810
vn -0.5334 0.8024 -0.2675
vn -0.6143 0.7772 -0.1366
vn -0.4763 0.8777 -0.0520
vn -0.0525 0.9545 0.2936
vn 0.0234 0.9392 0.3426
vn 0.3007 0.9440 0.1357
vn 0.4650 0.8852 -0.0125
vn -0.2535 -0.3755 -0.8915
vn -0.2155 0.0803 -0.9732
vn 0.0521 -0.3726 -0.9265
vn 0.0951 0.0639 -0.9934
vn -0.4572 -0.7121 -0.5328
vn -0.5232 -0.3719 -0.7668
vn -0.4812 0.0981 -0.8711
vn -0.3581 0.4931 -0.7929
vn -0.1761 0.4887 -0.8545
vn 0.0313 0.3629 -0.9313
vn 0.3007 0.2742 -0.9135
vn 0.3463 -0.0365 -0.9374
vn 0.3875 -0.3360 -0.8585
vn 0.2404 -0.6870 -0.6857
vn -0.0161 -0.7682 -0.6400
vn -0.2555 -0.7664 -0.5893
vn 0.9559 -0.1103 -0.2722
vn 0.9429 -0.1739 -0.2842
vn 0.9945 -0.0995 0.0332
vn 0.9897 0.0427 0.1370
vn 0.5537 -0.6377 -0.5355
vn 0.7534 -0.2259 -0.6176
vn 0.7636 -0.1501 -0.6279
vn 0.6417 0.3116 -0.7008
vn 0.8632 0.2980 -0.4075
vn 0.8889 0.4015 0.2207
vn 0.6936 0.5411 0.4756
vn 0.8434 0.3357 0.4196
vn 0.9236 -0.0531 0.3796
vn 0.7399 -0.5989 0.3063
vn 0.6768 -0.7061 0.2082
vn 0.6731 -0.7184 -0.1753
vn 0.2553 -0.1120 0.9603
vn 0.2500 0.3578 0.8997
vn -0.0228 -0.1327 0.9909
vn -0.0000 0.3302 0.9439
vn 0.4106 -0.6194 0.6692
vn 0.5925 -0.0572 0.8036
vn 0.5730 0.3857 0.7231
vn 0.5096 0.6492 0.5647
vn 0.2526 0.6974 0.6707
vn 0.0747 0.6619 0.7458
vn -0.2729 0.5866 0.7625
vn -0.3927 0.2046 0.8966
vn -0.4750 -0.1959 0.8579
vn -0.3357 -0.7640 0.5510
vn -0.0237 -0.8066 0.5907
vn 0.1491 -0.7740 0.6154
vn -0.8642 -0.4659 0.1902
vn -0.9831 -0.1283 0.1307
vn -0.8591 -0.4919 -0.1415
vn -0.9458 0.0080 -0.3246
vn -0.5900 -0.7323 0.3400
vn -0.7781 -0.3576 0.5164
vn -0.7758 -0.0641 0.6278
vn -0.5517 0.7306 0.4024
vn -0.5793 0.8030 0.1404
vn -0.6005 0.6765 -0.4262
vn -0.5186 0.5750 -0.6328
vn -0.7210 0.0841 -0.6879
vn -0.7392 -0.4336 -0.5154
vn -0.6303 -0.7154 -0.3016
vn -0.6467 -0.7616 -0.0429
vn -0.6282 -0.7602 0.1657
vn -0.1179 -0.9622 0.2456
vn -0.1086 -0.9582 0.2647
vn -0.0575 -0.9763 0.2084
vn 0.0416 -0.9833 0.1769
vn 0.0848 -0.9597 -0.2680
vn 0.0419 -0.9931 0.1094
vn 0.0422 -0.9487 0.3133
vn 0.0686 -0.9731 0.2199
vn -0.0426 -0.9906 0.1300
vn 0.0241 -0.9921 0.1232
vn -0.1993 -0.9574 0.2088
vn -0.2056 -0.9672 0.1493
vn -0.2756 -0.9585 0.0733
vn -0.3551 -0.9228 -0.1498
vn -0.1943 -0.9735 -0.1202
vn -0.0827 -0.9846 -0.1541
vn 0.3038 0.9509 0.0588
vn 0.1985 0.9642 -0.1760
vn 0.0888 0.9926 0.0828
vn 0.0519 0.9555 -0.2903
vn 0.4306 0.8195 0.3781
vn 0.3600 0.9275 0.1013
vn 0.3548 0.9084 -0.2212
vn 0.3692 0.6456 -0.6685
vn -0.0048 0.7834 -0.6214
vn -0.1201 0.8024 -0.5845
vn -0.2730 0.7772 -0.5670
vn -0.2540 0.8777 -0.4063
vn -0.2631 0.9545 0.1405
vn -0.2546 0.9392 0.2304
vn 0.0796 0.9440 0.3202
vn 0.2977 0.8852 0.3574
vn -0.8852 -0.2728 -0.3768
vn -0.8879 0.1899 -0.4190
vn -0.7238 -0.2616 -0.6384
vn -0.7134 0.1802 -0.6772
vn -0.7581 -0.6516 -0.0249
vn -0.9537 -0.2875 -0.0880
vn -0.9705 0.1920 -0.1461
vn -0.8005 0.5769 -0.1625
vn -0.7368 0.5822 -0.3438
vn -0.6794 0.4690 -0.5643
vn -0.5065 0.3826 -0.7727
vn -0.5229 0.0775 -0.8489
vn -0.4606 -0.2286 -0.8577
vn -0.4453 -0.5992 -0.6653
vn -0.5745 -0.6887 -0.4423
vn -0.6824 -0.6962 -0.2228
vn 0.3676 -0.0647 -0.9277
vn 0.3450 -0.1265 -0.9300
vn 0.6314 -0.0889 -0.7704
vn 0.7214 0.0402 -0.6914
vn -0.1303 -0.5634 -0.8158
vn -0.0371 -0.1421 -0.9892
vn -0.0327 -0.0655 -0.9973
vn -0.1266 0.3998 -0.9078
vn 0.2385 0.3553 -0.9038
vn 0.7545 0.3854 -0.5312
vn 0.8450 0.4917 -0.2101
vn 0.8766 0.2963 -0.3792
vn 0.8625 -0.0841 -0.4990
vn 0.6466 -0.6201 -0.4443
vn 0.5220 -0.7160 -0.4635
vn 0.2185 -0.6838 -0.6962
vn 0.8998 -0.2193 0.3773
vn 0.8880 0.2542 0.3831
vn 0.7504 -0.2472 0.6131
vn 0.7660 0.2182 0.6046
vn 0.7256 -0.6872 0.0351
vn 0.9896 -0.1420 0.0206
vn 0.9514 0.3070 0.0233
vn 0.8102 0.5862 -0.0019
vn 0.7386 0.6182 0.2691
vn 0.6847 0.5717 0.4520
vn 0.4769 0.4902 0.7296
vn 0.4763 0.0935 0.8743
vn 0.3620 -0.3009 0.8823
vn 0.1607 -0.8274 0.5381
vn 0.3807 -0.8700 0.3133
vn 0.5094 -0.8381 0.1952
vn -0.4231 -0.4968 0.7578
vn -0.5150 -0.1562 0.8428
vn -0.6816 -0.4840 0.5487
vn -0.8369 0.0325 0.5463
vn -0.1588 -0.7750 0.6117
vn -0.1057 -0.4260 0.8985
vn 0.0073 -0.1474 0.9891
vn 0.0351 0.6711 0.7405
vn -0.1809 0.7731 0.6080
vn -0.6479 0.7131 0.2677
vn -0.7675 0.6374 0.0685
vn -0.9762 0.1534 0.1535
vn -0.8954 -0.3809 0.2305
vn -0.6843 -0.6842 0.2523
vn -0.4958 -0.7603 0.4197
vn -0.3210 -0.7830 0.5329
vn 0.0396 -0.9857 0.1636
vn 0.0607 -0.9839 0.1682
vn 0.0466 -0.9947 0.0921
vn 0.0825 -0.9966 -0.0057
vn -0.2370 -0.9208 -0.3099
vn 0.0291 -0.9984 -0.0481
vn 0.1925 -0.9780 0.0801
vn 0.1337 -0.9910 0.0002
vn -0.0067 -0.9995 0.0312
vn 0.0290 -0.9993 -0.0255
vn -0.0391 -0.9779 0.2055
vn -0.0903 -0.9807 0.1733
vn -0.1922 -0.9642 0.1825
vn -0.4129 -0.9039 0.1115
vn -0.2947 -0.9556 -0.0010
vn -0.2533 -0.9611 -0.1105
vn 0.3124 0.9418 -0.1246
vn 0.0647 0.9808 -0.1842
vn 0.2019 0.9774 0.0627
vn -0.1158 0.9834 -0.1395
vn 0.6296 0.7759 -0.0399
vn 0.3783 0.9143 -0.1447
vn 0.1211 0.9328 -0.3394
vn -0.2418 0.7240 -0.6461
vn -0.4243 0.8502 -0.3117
vn -0.4650 0.8632 -0.1968
vn -0.5477 0.8339 -0.0678
vn -0.4019 0.9154 0.0239
vn 0.0268 0.9279 0.3717
vn 0.1011 0.9024 0.4188
vn 0.3779 0.9014 0.2112
vn 0.5368 0.8418 0.0575
vn -0.9706 0.1246 0.2062
vn -0.9816 0.1796 -0.0647
vn -0.9537 0.1300 -0.2712
vn -0.6506 0.1580 -0.7428
vn 0.0064 0.3469 -0.9379
vn -0.0245 0.3824 -0.9237
vn -0.6340 0.0465 -0.7719
vn -0.6919 0.4556 -0.5600
vn -0.4396 0.1142 -0.8909
vn -0.5852 0.1418 -0.7984
vn -0.7728 -0.2684 0.5751
vn -0.9904 -0.1238 -0.0613
vn -0.9477 -0.2980 -0.1144
vn -0.7512 -0.3900 0.5325
vn -0.9128 0.4068 0.0363
vn -0.9188 -0.2049 -0.3372
vn -0.9224 -0.2449 -0.2987
vn -0.9146 0.4039 -0.0175
vn 0.3281 0.8857 0.3284
vn -0.3273 0.8881 0.3227
vn -0.3388 0.9228 0.1834
vn 0.3234 0.9312 0.1679
vn 0.9319 -0.2125 -0.2940
vn 0.9128 0.4024 0.0693
vn 0.9121 0.4088 -0.0291
vn 0.9281 -0.2445 -0.2807
vn -0.3321 -0.6955 -0.6372
vn 0.3499 -0.7012 -0.6212
vn 0.3549 -0.7753 -0.5224
vn -0.3380 -0.7746 -0.5346
vn -0.9168 0.3960 -0.0521
vn -0.9123 -0.2341 -0.3361
vn -0.7889 -0.1139 -0.6039
vn -0.8760 0.4069 -0.2589
vn 0.2936 0.9476 0.1258
vn -0.3715 0.9136 0.1650
vn -0.4512 0.8862 0.1049
vn 0.1457 0.9892 0.0144
vn 0.9158 -0.2360 -0.3250
vn 0.9132 0.3945 -0.1020
vn 0.8508 0.3997 -0.3411
vn 0.8146 -0.1037 -0.5707
vn -0.9132 0.2427 0.3274
vn -0.9885 0.1411 0.0537
vn -0.9510 0.0828 0.2981
vn 0.8661 -0.0488 -0.4975
vn 0.9448 -0.2764 -0.1762
vn 0.9581 -0.2842 -0.0364
vn -0.3275 -0.7651 -0.5544
vn 0.3577 -0.7627 -0.5389
vn 0.3063 -0.5855 -0.7505
vn -0.2489 -0.5879 -0.7697
vn 0.9433 0.3317 -0.0113
vn 0.9636 -0.1706 0.2059
vn 0.9172 -0.1374 0.3739
vn 0.9015 0.4122 0.1317
vn -0.2785 0.9326 -0.2297
vn 0.0429 0.9937 -0.1034
vn -0.4167 0.8655 -0.2780
vn -0.2694 0.9377 -0.2194
vn 0.4830 0.8224 -0.3005
vn 0.4145 0.8909 -0.1855
vn -0.3169 0.9167 -0.2435
vn -0.8241 -0.0612 0.5631
vn -0.8348 0.4953 0.2404
vn -0.9150 0.4008 0.0466
vn -0.9163 -0.1873 0.3540
vn 0.4462 -0.7247 0.5250
vn -0.2983 -0.6508 0.6982
vn -0.3545 -0.7279 0.5870
vn 0.3835 -0.7192 0.5794
vn 0.9071 0.4047 0.1152
vn 0.8981 -0.1700 0.4056
vn 0.7326 -0.0130 0.6805
vn 0.8283 0.4189 0.3721
vn 0.8903 0.0440 -0.4533
vn 0.9931 -0.0673 -0.0955
vn 0.9325 -0.0457 -0.3583
vn 0.9964 -0.0066 0.0841
vn 0.9546 0.0445 0.2944
vn 0.9755 -0.0139 -0.2194
vn -0.3061 0.9277 -0.2139
vn 0.3900 0.9027 -0.1816
vn 0.4546 0.8891 -0.0535
vn -0.1643 0.9856 -0.0406
vn -0.9221 -0.1881 0.3382
vn -0.9156 0.4007 0.0316
vn -0.8514 0.4570 0.2574
vn -0.8013 -0.0070 0.5982
vn 0.5442 0.4849 0.6847
vn 0.3278 0.2672 0.9062
vn 0.4919 0.2359 0.8381
vn 0.3392 -0.7005 0.6279
vn -0.3521 -0.7103 0.6095
vn -0.2837 -0.4486 0.8475
vn 0.2402 -0.4375 0.8666
vn 0.3358 0.3649 0.8684
vn -0.1304 -0.1516 0.9798
vn -0.1761 -0.1498 0.9729
vn 0.2256 0.4140 0.8819
vn 0.3501 0.8089 0.4723
vn 0.2384 0.8994 0.3664
vn -0.0633 0.9853 0.1589
vn 0.0456 0.9968 0.0658
vn -0.0365 0.9944 -0.0996
vn -0.0372 0.9682 0.2475
vn 0.0006 0.9947 0.1024
vn -0.0018 0.9749 -0.2228
vn -0.0919 0.9949 -0.0404
vn -0.2804 -0.2865 0.9161
vn -0.7646 0.2514 0.5935
vn -0.6552 -0.1556 0.7393
vn 0.4402 0.8051 -0.3975
vn 0.5697 0.7827 0.2509
vn 0.4451 0.8535 0.2709
vn 0.3344 0.8604 -0.3844
vn -0.5708 -0.0945 -0.8157
vn -0.0773 0.4102 -0.9087
vn -0.1074 0.4051 -0.9079
vn -0.5281 -0.1550 -0.8349
vn -0.6788 -0.5483 0.4884
vn -0.8376 -0.5166 -0.1780
vn -0.7647 -0.6111 -0.2045
vn -0.6330 -0.6158 0.4691
vn 0.1730 0.4072 0.8968
vn -0.2415 -0.1209 0.9628
vn -0.4659 0.1130 0.8776
vn -0.1008 0.4381 0.8933
vn -0.7557 -0.0849 -0.6494
vn -0.9732 -0.0214 -0.2290
vn -0.9473 0.3093 0.0830
vn 0.3122 0.8769 -0.3655
vn 0.4276 0.8592 0.2811
vn 0.2149 0.9367 0.2765
vn 0.1400 0.9661 -0.2170
vn -0.5509 -0.1454 -0.8218
vn -0.1432 0.4140 -0.8990
vn -0.2874 0.5145 -0.8079
vn -0.7218 -0.0221 -0.6918
vn -0.6771 -0.5742 0.4603
vn -0.7855 -0.5902 -0.1863
vn -0.9476 -0.3165 -0.0436
vn -0.8801 -0.2212 0.4200
vn 0.3196 -0.3596 0.8767
vn -0.3367 -0.3596 0.8702
vn -0.1679 -0.8664 0.4702
vn 0.1586 -0.8664 0.4735
vn 0.9352 0.0276 -0.3531
vn 0.8131 0.5457 -0.2027
vn 0.8549 0.4201 -0.3044
vn 0.8767 -0.3596 -0.3196
vn 0.8702 -0.3596 0.3367
vn 0.4702 -0.8664 0.1679
vn 0.4735 -0.8664 -0.1586
vn -0.3196 -0.3596 -0.8767
vn 0.3367 -0.3596 -0.8702
vn 0.1679 -0.8664 -0.4702
vn -0.1586 -0.8664 -0.4735
vn -0.8767 -0.3596 0.3196
vn -0.8702 -0.3596 -0.3367
vn -0.4702 -0.8664 -0.1679
vn -0.4735 -0.8664 0.1586
vn 0.3385 -0.1413 0.9303
vn -0.3567 -0.1413 0.9235
vn -0.3502 -0.2352 0.9067
vn 0.3323 -0.2352 0.9134
vn 0.9303 -0.1413 -0.3385
vn 0.9235 -0.1413 0.3567
vn 0.9067 -0.2352 0.3502
vn 0.9134 -0.2352 -0.3323
vn -0.3385 -0.1413 -0.9303
vn 0.3567 -0.1413 -0.9235
vn 0.3502 -0.2352 -0.9067
vn -0.3323 -0.2352 -0.9134
vn -0.9303 -0.1413 0.3385
vn -0.9235 -0.1413 -0.3567
vn -0.9067 -0.2352 -0.3502
vn -0.9134 -0.2352 0.3323
vn -0.7389 0.0351 -0.6729
vn -0.5516 0.0064 -0.8341
vn -0.5531 0.3227 -0.7681
vn 0.9034 -0.3823 -0.1940
vn 0.9681 -0.2490 0.0289
vn 0.9315 0.0120 0.3636
vn 0.3418 0.0250 0.9394
vn -0.3602 0.0250 0.9325
vn -0.3601 -0.0380 0.9322
vn 0.3417 -0.0380 0.9391
vn 0.9394 0.0250 -0.3418
vn 0.9325 0.0250 0.3602
vn 0.9322 -0.0380 0.3601
vn 0.9391 -0.0380 -0.3417
vn -0.3418 0.0250 -0.9394
vn 0.3602 0.0250 -0.9325
vn 0.3601 -0.0380 -0.9322
vn -0.3417 -0.0380 -0.9391
vn -0.5641 -0.3611 -0.7426
vn -0.7458 -0.2234 -0.6276
vn -0.7966 0.1595 -0.5831
vn -0.9394 0.0250 0.3418
vn -0.9325 0.0250 -0.3602
vn -0.9322 -0.0380 -0.3601
vn -0.9391 -0.0380 0.3417
vn 0.3361 0.1836 0.9238
vn -0.3542 0.1836 0.9170
vn -0.3589 0.0889 0.9291
vn 0.3405 0.0889 0.9360
vn 0.9238 0.1836 -0.3361
vn 0.9170 0.1836 0.3542
vn 0.9291 0.0889 0.3589
vn 0.9360 0.0889 -0.3405
vn -0.3361 0.1836 -0.9238
vn 0.3542 0.1836 -0.9170
vn 0.3589 0.0889 -0.9291
vn -0.3405 0.0889 -0.9360
vn 0.7541 -0.6009 0.2651
vn 0.9816 -0.0518 0.1839
vn 0.6935 -0.5346 0.4830
vn -0.9238 0.1836 0.3361
vn -0.9170 0.1836 -0.3542
vn -0.9291 0.0889 -0.3589
vn -0.9360 0.0889 0.3405
vn 0.2819 0.2754 0.9191
vn -0.3094 0.2866 0.9067
vn -0.3420 0.2909 0.8935
vn 0.3235 0.2898 0.9008
vn -0.4814 -0.0313 0.8759
vn -0.7648 0.3127 0.5633
vn -0.3722 -0.0665 0.9258
vn 0.9302 0.2300 -0.2859
vn 0.9168 0.2436 0.3164
vn 0.8948 0.2862 0.3428
vn 0.9019 0.2853 -0.3244
vn -0.2855 0.2415 -0.9274
vn 0.3123 0.2496 -0.9166
vn 0.3425 0.2869 -0.8947
vn -0.3240 0.2863 -0.9017
vn -0.5441 0.4327 -0.7188
vn -0.4875 -0.1287 -0.8636
vn -0.5043 0.1282 -0.8540
vn -0.9237 0.2584 0.2830
vn -0.9168 0.2513 -0.3103
vn -0.8947 0.2868 -0.3423
vn -0.9011 0.2883 0.3240
vn -0.2876 0.9538 0.0874
vn 0.2387 0.9538 0.1824
vn 0.3390 0.8709 -0.3558
vn -0.1931 0.8709 -0.4520
vn -0.0356 0.9643 -0.2623
vn -0.2624 0.9643 0.0355
vn 0.0356 0.9643 0.2623
vn 0.2623 0.9643 -0.0355
vn 0.8706 0.4894 -0.0508
vn 0.9749 0.2040 0.0890
vn 0.9387 -0.3401 0.0562
vn 0.5708 -0.7701 0.2848
vn 0.5617 -0.6166 0.5517
vn 0.4537 -0.6096 0.6500
vn 0.4912 -0.8235 0.2840
vn -0.3779 0.9113 0.1635
vn 0.1636 0.9113 0.3778
vn 0.3778 0.9113 -0.1635
vn -0.1636 0.9113 -0.3779
vn -0.0846 0.8599 0.5034
vn -0.5056 0.8598 -0.0713
vn -0.9087 0.3523 0.2239
vn -0.4878 0.3523 0.7987
vn -0.8711 0.3451 0.3494
vn -0.9700 0.0977 0.2226
vn -0.8621 0.0536 0.5038
vn -0.8352 0.3343 0.4366
vn -0.4370 0.5364 0.7221
vn -0.6080 0.3894 0.6919
vn -0.4821 0.2467 0.8407
vn -0.4233 0.2890 0.8586
vn 0.1916 0.9493 -0.2493
vn 0.1193 0.9493 0.2910
vn 0.6054 0.7118 0.3561
vn 0.6778 0.7118 -0.1842
vn -0.7027 0.7053 -0.0937
vn -0.1749 0.9550 -0.2395
vn -0.1665 0.6384 -0.7514
vn -0.6944 0.3888 -0.6055
vn 0.4590 0.4588 -0.7608
vn 0.5502 0.2466 -0.7978
vn 0.4922 0.1219 -0.8619
vn 0.4998 0.1538 -0.8524
vn 0.5229 0.6338 0.5699
vn 0.5966 0.5572 0.5776
vn 0.8051 0.2811 0.5224
vn 0.8643 0.2337 0.4453
vn -0.1459 0.7505 0.6445
vn -0.6336 0.7504 0.1883
vn -0.8755 0.1845 0.4467
vn -0.3879 0.1844 0.9031
vn 0.7215 0.0450 0.6909
vn 0.8873 -0.0901 0.4524
vn 0.3226 0.3332 0.8860
vn -0.6059 0.6821 -0.4094
vn -0.7253 0.5738 -0.3804
vn -0.8644 0.2862 -0.4134
vn -0.8808 0.3361 -0.3336
vn -0.1179 -0.1667 -0.9789
vn 0.1855 -0.1580 -0.9699
vn 0.2620 0.0024 -0.9651
vn -0.2236 -0.0188 -0.9745
vn -0.2736 0.4337 -0.8585
vn 0.3036 0.4337 -0.8484
vn 0.3053 -0.1358 -0.9425
vn -0.2719 -0.1358 -0.9527
vn 0.2039 0.1355 0.9696
vn 0.0901 0.0808 0.9926
vn -0.1427 0.0761 0.9868
vn -0.2445 0.1433 0.9590
vn 0.6795 0.5461 -0.4899
vn 0.8344 0.5458 0.0763
vn 0.9994 -0.0152 0.0313
vn 0.8447 -0.0153 -0.5351
vn 0.6242 0.7724 0.1177
vn 0.3595 0.8263 -0.4336
vn 0.7344 0.6263 -0.2615
vn 0.7702 0.6372 0.0287
vn 0.9721 0.2103 0.1038
vn 0.9966 0.0718 -0.0404
vn 0.8326 -0.2682 0.4846
vn 0.7189 -0.4882 0.4948
vn 0.3530 -0.2386 0.9047
vn 0.3568 -0.0209 0.9340
vn -0.2719 0.4122 0.8696
vn 0.1861 0.6379 0.7473
vn 0.0345 0.9987 -0.0374
vn -0.9819 -0.1380 -0.1296
vn -0.7803 -0.5140 -0.3563
vn 0.0612 0.9664 -0.2497
vn -0.0737 -0.9947 0.0723
vn -0.0723 -0.9947 -0.0737
vn 0.0737 -0.9947 -0.0723
vn 0.0723 -0.9947 0.0737
vn -0.7556 0.2343 -0.6117
vn -0.8680 -0.0710 -0.4914
vn -0.8851 -0.0922 -0.4562
vn -0.6840 0.2902 -0.6693
vn 0.4406 0.2420 0.8645
vn 0.1710 0.4461 0.8785
vn 0.0352 0.4762 0.8786
vn 0.0137 0.3856 0.9226
vn 0.9425 0.0282 0.3329
vn 0.8033 0.4187 0.4235
vn 0.7737 0.3961 0.4944
vn 0.8287 0.2240 0.5129
vn -0.1805 -0.7206 -0.6695
vn 0.3344 -0.9214 -0.1978
vn 0.2070 -0.8948 -0.3956
vn -0.2713 -0.4848 -0.8315
vn 0.4323 0.9003 0.0505
vn -0.2660 0.8306 -0.4892
vn -0.1272 0.8501 -0.5109
vn 0.5286 0.8443 0.0881
vn -0.4692 0.6960 -0.5436
vn -0.5172 0.6668 -0.5365
vn -0.5559 0.5129 -0.6542
vn -0.6838 0.6237 -0.3786
vn -0.1723 0.9241 -0.3412
vn -0.0259 0.9305 -0.3654
vn 0.2792 0.9601 -0.0179
vn 0.2136 0.9717 -0.1011
vn 0.2537 0.9637 0.0826
vn -0.5312 0.7860 0.3164
vn -0.4977 0.8088 0.3134
vn 0.3412 0.9394 -0.0330
vn 0.8790 -0.1465 -0.4538
vn 0.8914 0.1938 -0.4097
vn 0.9272 -0.1096 -0.3581
vn 0.8242 -0.0613 -0.5630
vn 0.7459 -0.5774 0.3320
vn 0.3193 -0.6516 0.6881
vn 0.1327 -0.5656 0.8139
vn 0.6892 -0.4783 0.5443
vn 0.8190 -0.3737 -0.4354
vn 0.9317 -0.3507 -0.0951
vn 0.9791 -0.1998 -0.0393
vn 0.8164 -0.2382 -0.5260
vn -0.9930 0.0711 0.0947
vn -0.6642 0.2930 0.6877
vn -0.4562 0.2916 0.8407
vn -0.9291 -0.0259 0.3689
vn 0.2542 -0.0587 0.9654
vn 0.3551 -0.3582 0.8635
vn 0.4652 -0.2514 0.8488
vn 0.3910 0.3566 0.8485
vn -0.1611 -0.4138 -0.8960
vn 0.4582 -0.4040 -0.7918
vn 0.2955 -0.1396 -0.9451
vn -0.3857 -0.2368 -0.8917
vn 0.4676 0.1373 0.8732
vn 0.6205 0.1853 0.7620
vn 0.0777 -0.2245 0.9714
vn -0.2377 -0.0465 0.9702
vn -0.0224 -0.2100 -0.9774
vn -0.5513 -0.1232 -0.8251
vn -0.4109 -0.3470 -0.8431
vn 0.0457 -0.4316 -0.9009
vn -0.0260 -0.7614 -0.6477
vn 0.5316 -0.7000 -0.4769
vn 0.4139 -0.5643 -0.7143
vn -0.2608 -0.5956 -0.7598
vn -0.9702 -0.1805 -0.1614
vn -0.8573 -0.1432 0.4944
vn -0.5865 -0.4305 0.6860
vn -0.9138 -0.3891 0.1163
vn 0.1474 0.9715 -0.1855
vn 0.0314 0.9861 -0.1634
vn 0.1325 0.8619 0.4895
vn 0.0586 0.8715 0.4869
vn -0.8688 -0.0019 -0.4952
vn -0.9549 -0.1256 -0.2690
vn -0.7755 -0.1477 -0.6138
vn -0.7470 -0.0953 -0.6579
vn -0.6998 0.7128 0.0475
vn -0.5435 0.7128 -0.4434
vn -0.8041 0.2762 -0.5264
vn -0.9605 0.2760 -0.0355
vn 0.6086 -0.2709 -0.7458
vn 0.6006 0.0661 -0.7968
vn 0.5741 -0.2026 -0.7933
vn 0.5331 -0.2017 -0.8216
vn 0.7573 0.3410 -0.5569
vn 0.9830 0.1679 0.0747
vn 0.8724 0.4611 0.1621
vn 0.6683 0.5642 -0.4847
vn 0.6334 -0.0847 0.7692
vn -0.0349 -0.2456 0.9687
vn -0.0681 -0.1975 0.9779
vn 0.5493 0.1275 0.8258
vn -0.7669 -0.2311 0.5987
vn -0.9972 -0.0619 -0.0415
vn -0.9961 -0.0749 -0.0457
vn -0.7691 -0.2379 0.5932
vn -0.6420 0.1980 -0.7407
vn 0.0159 0.3396 -0.9404
vn 0.0141 0.3395 -0.9405
vn -0.6448 0.1899 -0.7404
vn 0.7569 0.3137 -0.5734
vn 0.9875 0.1427 0.0664
vn 0.9891 0.1329 0.0636
vn 0.7592 0.3089 -0.5728
vn 0.6318 -0.1152 0.7665
vn -0.0264 -0.2549 0.9666
vn -0.0278 -0.2551 0.9665
vn 0.6344 -0.1184 0.7639
vn -0.8064 -0.1117 0.5807
vn -0.9987 0.0057 0.0511
vn -0.9984 -0.0494 -0.0291
vn -0.7723 -0.2121 0.5988
vn -0.5689 0.0933 -0.8171
vn 0.1172 0.2384 -0.9641
vn 0.0260 0.3260 -0.9450
vn -0.6342 0.1874 -0.7501
vn 0.8209 0.1536 -0.5500
vn 0.9996 -0.0156 0.0222
vn 0.9904 0.1243 0.0608
vn 0.7647 0.2955 -0.5726
vn 0.6651 -0.2606 0.6998
vn 0.0207 -0.3404 0.9400
vn -0.0211 -0.2661 0.9637
vn 0.6369 -0.1340 0.7592
vn -0.3050 -0.2913 -0.9067
vn 0.3713 -0.3200 -0.8716
vn 0.3569 -0.4998 -0.7892
vn -0.3167 -0.4826 -0.8166
vn 0.9417 -0.1022 -0.3205
vn 0.9232 0.1813 0.3388
vn 0.9234 0.2999 0.2396
vn 0.9356 -0.1500 -0.3197
vn 0.3176 0.4179 0.8512
vn -0.3681 0.4529 0.8120
vn -0.3484 0.6854 0.6394
vn 0.3295 0.6662 0.6690
vn -0.9359 0.2672 0.2297
vn -0.9052 -0.0225 -0.4245
vn -0.9092 -0.1062 -0.4026
vn -0.9256 0.3455 0.1544
vn -0.3013 -0.2882 -0.9089
vn 0.3922 -0.3584 -0.8472
vn 0.3838 -0.2792 -0.8802
vn -0.3062 -0.2427 -0.9205
vn 0.9461 -0.1834 -0.2670
vn 0.9283 0.1100 0.3551
vn 0.9237 0.1496 0.3528
vn 0.9473 -0.0979 -0.3049
vn 0.3797 0.2977 0.8759
vn -0.3614 0.2377 0.9016
vn -0.3750 0.3901 0.8410
vn 0.3233 0.3640 0.8735
vn -0.9406 0.1251 0.3156
vn -0.9428 -0.0255 -0.3325
vn -0.9129 -0.0006 -0.4082
vn -0.9389 0.2352 0.2513
vn 0.2979 -0.9107 0.2863
vn 0.1163 -0.4804 0.8693
vn -0.0661 -0.5071 0.8593
vn 0.4028 -0.8392 0.3653
vn -0.1278 0.2701 0.9543
vn -0.1949 0.7925 0.5778
vn -0.4868 0.6955 0.5285
vn -0.4480 0.1758 0.8766
vn -0.0952 0.9701 -0.2232
vn 0.0215 0.5393 -0.8418
vn 0.2777 0.6338 -0.7219
vn -0.1619 0.9680 -0.1915
vn 0.0945 -0.2802 -0.9553
vn 0.2261 -0.7868 -0.5743
vn 0.6449 -0.6285 -0.4349
vn 0.5675 -0.1175 -0.8149
vn 0.3849 -0.8799 0.2788
vn 0.2882 -0.5731 0.7671
vn 0.1795 -0.5181 0.8363
vn 0.2944 -0.9143 0.2784
vn -0.1023 0.2116 0.9720
vn -0.3274 0.7153 0.6173
vn -0.1255 0.8220 0.5555
vn -0.0410 0.2686 0.9624
vn -0.2762 0.9177 -0.2856
vn -0.2245 0.5986 -0.7690
vn -0.0260 0.5686 -0.8222
vn -0.0816 0.9653 -0.2479
vn -0.0451 -0.3101 -0.9496
vn 0.2065 -0.8343 -0.5111
vn 0.2155 -0.8088 -0.5472
vn 0.0767 -0.2695 -0.9599
vn 0.6450 -0.5464 -0.5342
vn 0.8307 -0.5485 0.0948
vn 0.8670 -0.4982 0.0126
vn 0.7426 -0.4223 -0.5198
vn 0.6380 -0.1102 0.7621
vn 0.1791 0.4518 0.8740
vn 0.2816 0.5131 0.8108
vn 0.6978 -0.0971 0.7097
vn -0.3240 0.8706 0.3701
vn -0.4528 0.8668 -0.2089
vn -0.1856 0.9559 -0.2277
vn -0.1286 0.9705 0.2041
vn -0.2474 0.4374 -0.8646
vn 0.1494 -0.1165 -0.9819
vn 0.3184 -0.0159 -0.9478
vn 0.0872 0.4007 -0.9121
vn 0.7931 -0.1189 -0.5974
vn 0.9985 -0.0522 -0.0185
vn 0.9638 -0.2646 0.0321
vn 0.7496 -0.3012 -0.5893
vn 0.6460 0.2089 0.7342
vn 0.0614 0.4025 0.9134
vn 0.1212 0.4322 0.8936
vn 0.6987 0.0650 0.7125
vn -0.6884 0.4203 0.5912
vn -0.9474 0.3184 -0.0336
vn -0.7480 0.6513 -0.1277
vn -0.5458 0.6760 0.4951
vn -0.5728 0.1457 -0.8067
vn 0.0379 -0.0185 -0.9991
vn 0.1151 -0.0270 -0.9930
vn -0.4494 0.3536 -0.8204
vn -0.6443 -0.7500 0.1497
vn -0.4473 -0.7475 -0.4911
vn -0.6203 -0.5425 -0.5665
vn -0.8435 -0.5363 -0.0307
vn -0.0252 -0.2802 -0.9596
vn 0.3573 0.3259 -0.8753
vn -0.0376 0.2971 -0.9541
vn -0.2358 -0.2034 -0.9503
vn 0.5800 0.7887 -0.2036
vn 0.4116 0.7929 0.4492
vn 0.3799 0.7865 0.4869
vn 0.4268 0.8675 -0.2556
vn -0.1108 0.3162 0.9422
vn -0.5128 -0.2744 0.8134
vn -0.6962 -0.2154 0.6848
vn -0.1731 0.2755 0.9456
vn -0.6049 -0.7766 0.1758
vn -0.3933 -0.7763 -0.4926
vn -0.4020 -0.7749 -0.4879
vn -0.6053 -0.7762 0.1762
vn 0.0774 -0.2805 -0.9567
vn 0.4344 0.3147 -0.8439
vn 0.4218 0.3192 -0.8486
vn 0.0517 -0.2809 -0.9583
vn 0.5580 0.8075 -0.1914
vn 0.3460 0.8082 0.4765
vn 0.3719 0.8010 0.4691
vn 0.5761 0.7948 -0.1908
vn -0.1301 0.3140 0.9405
vn -0.4864 -0.2810 0.8273
vn -0.4862 -0.2807 0.8275
vn -0.1214 0.3163 0.9409
vn -0.6049 -0.7767 0.1756
vn -0.3920 -0.7766 -0.4931
vn -0.3920 -0.7767 -0.4931
vn -0.6050 -0.7766 0.1757
vn 0.0814 -0.2810 -0.9563
vn 0.4364 0.3139 -0.8432
vn 0.4365 0.3139 -0.8432
vn 0.5549 0.8096 -0.1916
vn 0.3419 0.8096 0.4772
vn 0.3419 0.8095 0.4772
vn -0.1314 0.3139 0.9403
vn -0.4865 -0.2808 0.8273
vn -0.4865 -0.2809 0.8273
vn -0.1314 0.3138 0.9403
vn -0.8588 -0.5108 0.0395
vn -0.6778 -0.5107 -0.5289
vn -0.4278 -0.7502 -0.5042
vn -0.6406 -0.7502 0.1640
vn -0.2225 -0.0340 -0.9743
vn 0.0793 0.4717 -0.8782
vn 0.3985 0.3379 -0.8527
vn 0.0437 -0.2564 -0.9656
vn 0.1933 0.9483 -0.2516
vn 0.0122 0.9484 0.3169
vn 0.3037 0.8317 0.4647
vn 0.5165 0.8317 -0.2036
vn -0.4431 0.4715 0.7624
vn -0.7448 -0.0338 0.6664
vn -0.5226 -0.2563 0.8131
vn -0.1678 0.3379 0.9261
vn 0.2820 -0.8602 -0.4250
vn 0.4573 -0.8578 0.2346
vn 0.7377 -0.6682 0.0964
vn 0.5764 -0.6814 -0.4510
vn 0.4232 -0.3066 0.8526
vn 0.1766 0.3631 0.9149
vn 0.2156 0.3551 0.9096
vn 0.6396 -0.2229 0.7357
vn -0.1594 0.9049 0.3946
vn -0.2876 0.9160 -0.2799
vn -0.1698 0.9431 -0.2857
vn -0.1518 0.8619 0.4839
vn -0.2072 0.3276 -0.9218
vn -0.0128 -0.3414 -0.9398
vn 0.2345 -0.3043 -0.9233
vn 0.0916 0.1780 -0.9797
vn 0.2136 -0.8813 -0.4216
vn 0.3979 -0.8813 0.2549
vn 0.3977 -0.8814 0.2548
vn 0.2168 -0.8815 -0.4195
vn 0.3873 -0.3221 0.8638
vn 0.1890 0.3494 0.9177
vn 0.1821 0.3536 0.9175
vn 0.3868 -0.3216 0.8643
vn -0.1303 0.9080 0.3982
vn -0.3126 0.9083 -0.2780
vn -0.3088 0.9096 -0.2780
vn -0.1414 0.9079 0.3946
vn -0.2986 0.3493 -0.8882
vn -0.1022 -0.3228 -0.9409
vn -0.0829 -0.3288 -0.9408
vn -0.2746 0.3502 -0.8955
vn 0.2130 -0.8813 -0.4218
vn 0.3978 -0.8814 0.2549
vn 0.3875 -0.3222 0.8638
vn 0.1901 0.3489 0.9177
vn 0.1901 0.3488 0.9177
vn 0.3874 -0.3221 0.8638
vn -0.1285 0.9080 0.3987
vn -0.3133 0.9080 -0.2780
vn -0.3134 0.9080 -0.2780
vn -0.3029 0.3488 -0.8869
vn -0.1055 -0.3221 -0.9408
vn 0.3979 -0.8813 0.2550
vn 0.3978 -0.8813 0.2549
vn 0.3875 -0.3223 0.8637
vn -0.1285 0.9081 0.3987
vn -0.3029 0.3489 -0.8869
vn -0.1056 -0.3221 -0.9408
vn 0.5107 -0.7298 -0.4545
vn 0.6709 -0.7297 0.1317
vn 0.4326 -0.8676 0.2451
vn 0.2479 -0.8676 -0.4310
vn 0.6607 -0.1818 0.7284
vn 0.4897 0.3992 0.7751
vn 0.2250 0.3597 0.9055
vn 0.4222 -0.3105 0.8517
vn 0.1775 0.9474 0.2664
vn 0.0174 0.9473 -0.3198
vn -0.2770 0.9168 -0.2876
vn -0.0923 0.9169 0.3884
vn 0.0276 0.3993 -0.9164
vn 0.1986 -0.1818 -0.9631
vn -0.0694 -0.3105 -0.9480
vn -0.2666 0.3597 -0.8942
vn -0.3749 -0.8988 -0.2272
vn 0.3498 -0.9104 -0.2209
vn 0.2811 -0.8061 -0.5208
vn -0.4208 -0.7407 -0.5238
vn 0.9244 -0.3627 -0.1184
vn 0.9511 0.3045 -0.0520
vn 0.9451 0.1266 -0.3011
vn 0.8726 -0.3794 -0.3076
vn 0.3701 0.9286 0.0263
vn -0.3242 0.9450 0.0427
vn -0.1817 0.9776 -0.1058
vn 0.3235 0.9415 -0.0942
vn -0.9334 0.3587 -0.0025
vn -0.9523 -0.2885 -0.0999
vn -0.9464 -0.0981 -0.3076
vn -0.9204 0.3131 -0.2341
vn -0.3484 -0.9184 -0.1875
vn 0.3541 -0.9185 -0.1758
vn 0.3547 -0.9186 -0.1745
vn -0.3540 -0.9173 -0.1822
vn 0.9370 -0.3420 -0.0719
vn 0.9357 0.3506 0.0394
vn 0.9386 0.3448 0.0119
vn 0.9346 -0.3465 -0.0808
vn 0.3497 0.9287 0.1233
vn -0.3526 0.9289 0.1133
vn -0.3488 0.9326 0.0930
vn 0.3566 0.9300 0.0894
vn -0.9361 0.3514 0.0123
vn -0.9348 -0.3404 -0.1010
vn -0.9389 -0.3331 -0.0869
vn -0.9348 0.3546 0.0190
vn -0.3477 -0.9185 -0.1884
vn 0.3541 -0.9185 -0.1761
vn -0.3477 -0.9185 -0.1885
vn 0.9372 -0.3415 -0.0704
vn 0.9353 0.3512 0.0442
vn 0.9353 0.3511 0.0442
vn 0.9372 -0.3416 -0.0703
vn 0.3487 0.9283 0.1293
vn -0.3530 0.9283 0.1169
vn -0.3531 0.9283 0.1169
vn -0.9362 0.3513 0.0111
vn -0.9342 -0.3414 -0.1033
vn -0.9363 0.3511 0.0112
vn -0.2953 -0.8058 -0.5133
vn 0.3132 -0.8058 -0.5026
vn 0.3547 -0.9099 -0.2152
vn -0.3468 -0.9099 -0.2276
vn 0.8851 -0.2400 -0.3988
vn 0.8833 0.3606 -0.2996
vn 0.9339 0.3575 0.0046
vn 0.9359 -0.3347 -0.1098
vn 0.3081 0.9265 -0.2161
vn -0.3002 0.9265 -0.2268
vn -0.3523 0.9327 0.0771
vn 0.3493 0.9328 0.0894
vn -0.8722 0.3605 -0.3306
vn -0.8705 -0.2399 -0.4298
vn -0.9314 -0.3348 -0.1427
vn -0.9334 0.3577 -0.0283
vn -0.1389 -0.7460 0.6513
vn -0.6484 -0.7421 0.1700
vn -0.7596 -0.6170 0.2056
vn -0.2871 -0.6418 0.7111
vn -0.8485 -0.2560 -0.4633
vn -0.5937 0.3269 -0.7353
vn -0.6276 0.3220 -0.7088
vn -0.8750 -0.1903 -0.4451
vn 0.0440 0.8266 -0.5611
vn 0.5693 0.8183 -0.0793
vn 0.6136 0.7896 -0.0105
vn -0.0063 0.8459 -0.5333
vn 0.7779 0.3145 0.5440
vn 0.5099 -0.2687 0.8172
vn 0.3990 -0.2725 0.8755
vn 0.7579 0.2434 0.6053
vn -0.1145 -0.7636 0.6355
vn -0.6265 -0.7636 0.1562
vn -0.6265 -0.7636 0.1563
vn -0.8414 -0.2682 -0.4692
vn -0.5872 0.3264 -0.7407
vn -0.5873 0.3264 -0.7407
vn -0.8413 -0.2684 -0.4692
vn 0.0511 0.8216 -0.5677
vn 0.5630 0.8217 -0.0885
vn 0.0511 0.8217 -0.5676
vn 0.7779 0.3263 0.5371
vn 0.5238 -0.2682 0.8085
vn 0.5238 -0.2683 0.8085
vn 0.7779 0.3263 0.5370
vn -0.1146 -0.7636 0.6355
vn -0.8413 -0.2683 -0.4692
vn -0.5873 0.3263 -0.7407
vn 0.5630 0.8217 -0.0884
vn 0.0511 0.8217 -0.5677
vn 0.7779 0.3264 0.5370
vn 0.5238 -0.2681 0.8085
vn 0.7779 0.3262 0.5370
vn -0.1145 -0.7636 0.6354
vn -0.8414 -0.2683 -0.4692
vn 0.7779 0.3262 0.5371
vn -0.2907 -0.5782 0.7624
vn -0.7416 -0.5781 0.3404
vn -0.6441 -0.7446 0.1755
vn -0.1326 -0.7445 0.6543
vn -0.9555 -0.0849 -0.2825
vn -0.7317 0.4387 -0.5217
vn -0.6043 0.3431 -0.7191
vn -0.8582 -0.2508 -0.4479
vn -0.0959 0.9321 -0.3493
vn 0.3549 0.9321 0.0726
vn 0.5433 0.8368 -0.0679
vn 0.0318 0.8368 -0.5466
vn 0.5689 0.4387 0.6956
vn 0.3451 -0.0850 0.9347
vn 0.5036 -0.2508 0.8267
vn 0.7574 0.3430 0.5555
vn -0.2872 -0.9362 -0.2024
vn 0.3148 -0.9368 0.1523
vn 0.4003 -0.9155 -0.0406
vn -0.1672 -0.9090 -0.3818
vn 0.8172 -0.3400 0.4654
vn 0.8090 0.3533 0.4699
vn 0.8114 0.3736 0.4494
vn 0.8828 -0.2362 0.4061
vn 0.3117 0.9365 0.1606
vn -0.3038 0.9319 -0.1979
vn -0.3592 0.8872 -0.2894
vn 0.3504 0.9312 0.1007
vn -0.8050 0.3414 -0.4852
vn -0.7973 -0.3518 -0.4905
vn -0.7179 -0.3571 -0.5976
vn -0.7980 0.2674 -0.5401
vn -0.2946 -0.9395 -0.1748
vn 0.3201 -0.9337 0.1605
vn 0.3024 -0.9361 0.1799
vn -0.3045 -0.9367 -0.1731
vn 0.8166 -0.3593 0.4518
vn 0.8124 0.3442 0.4707
vn 0.8087 0.3504 0.4725
vn 0.8075 -0.3521 0.4732
vn 0.3019 0.9397 0.1607
vn -0.2872 0.9325 -0.2191
vn -0.2976 0.9360 -0.1881
vn 0.3056 0.9367 0.1712
vn -0.7855 0.3605 -0.5030
vn -0.8082 -0.3438 -0.4781
vn -0.8081 -0.3504 -0.4735
vn -0.8032 0.3521 -0.4805
vn -0.1888 -0.9060 -0.3788
vn 0.4800 -0.8539 -0.2010
vn 0.3693 -0.9243 0.0962
vn -0.2596 -0.9453 -0.1977
vn 0.9444 -0.3156 0.0921
vn 0.8835 0.3586 0.3014
vn 0.8306 0.3290 0.4493
vn 0.8456 -0.3733 0.3816
vn 0.2052 0.9396 0.2738
vn -0.4344 0.9006 0.0161
vn -0.2932 0.9219 -0.2534
vn 0.2764 0.9491 0.1509
vn -0.8905 0.3748 -0.2578
vn -0.8628 -0.3199 -0.3915
vn -0.8172 -0.3229 -0.4774
vn -0.7637 0.3888 -0.5153
vn -0.2705 -0.5815 -0.7673
vn 0.3573 -0.3429 -0.8688
vn 0.4693 -0.5471 -0.6931
vn -0.1905 -0.7065 -0.6816
vn 0.8181 0.1678 -0.5500
vn 0.7961 0.6050 -0.0131
vn 0.8627 0.5034 0.0480
vn 0.9208 -0.0348 -0.3885
vn 0.2209 0.7208 0.6570
vn -0.3787 0.3861 0.8411
vn -0.4762 0.5732 0.6669
vn 0.1812 0.8109 0.5565
vn -0.8533 -0.1193 0.5076
vn -0.8706 -0.4758 -0.1256
vn -0.8898 -0.4098 -0.2009
vn -0.9360 0.0667 0.3457
vn -0.3430 -0.5535 -0.7589
vn 0.2717 -0.2684 -0.9242
vn 0.3001 -0.2930 -0.9078
vn -0.3229 -0.5600 -0.7630
vn 0.7718 0.2777 -0.5720
vn 0.7597 0.6501 0.0184
vn 0.7691 0.6391 0.0080
vn 0.7877 0.2431 -0.5661
vn 0.2397 0.7159 0.6558
vn -0.3707 0.4229 0.8268
vn -0.3643 0.3998 0.8411
vn 0.2377 0.7128 0.6598
vn -0.8722 -0.1229 0.4734
vn -0.8644 -0.4876 -0.1229
vn -0.8647 -0.4874 -0.1213
vn -0.8605 -0.1350 0.4913
vn -0.3463 -0.5518 -0.7587
vn 0.2658 -0.2622 -0.9277
vn 0.2657 -0.2623 -0.9277
vn -0.3463 -0.5519 -0.7586
vn 0.7677 0.2849 -0.5740
vn 0.7580 0.6519 0.0197
vn 0.7580 0.6519 0.0196
vn 0.2399 0.7164 0.6552
vn -0.3721 0.4269 0.8242
vn -0.3722 0.4268 0.8242
vn -0.8742 -0.1202 0.4705
vn -0.8644 -0.4874 -0.1231
vn -0.8645 -0.4873 -0.1231
vn -0.8742 -0.1205 0.4704
vn -0.4440 -0.2813 -0.8507
vn 0.0823 -0.0323 -0.9961
vn 0.2483 -0.2353 -0.9397
vn -0.3616 -0.5238 -0.7713
vn 0.5701 0.4994 -0.6524
vn 0.5617 0.8151 -0.1418
vn 0.7379 0.6749 0.0038
vn 0.7476 0.3091 -0.5878
vn 0.0583 0.8777 0.4757
vn -0.4681 0.6287 0.6210
vn -0.3874 0.4504 0.8044
vn 0.2225 0.7389 0.6360
vn -0.9559 0.0967 0.2774
vn -0.9476 -0.2183 -0.2331
vn -0.8771 -0.4597 -0.1389
vn -0.8868 -0.0939 0.4524
vn -0.2405 -0.7606 -0.6030
vn 0.4444 -0.7659 -0.4646
vn 0.4943 -0.6955 -0.5214
vn -0.1847 -0.6457 -0.7409
vn 0.9635 -0.2519 -0.0909
vn 0.9059 0.3627 0.2188
vn 0.9015 0.4304 0.0461
vn 0.9712 -0.1644 -0.1722
vn 0.2810 0.8756 0.3930
vn -0.4174 0.8586 0.2977
vn -0.4976 0.7963 0.3440
vn 0.2794 0.9237 0.2621
vn -0.9333 0.3518 -0.0716
vn -0.8692 -0.2504 -0.4264
vn -0.8316 -0.1757 -0.5269
vn -0.9370 0.3491 0.0154
vn -0.2474 -0.7729 -0.5844
vn 0.4362 -0.7729 -0.4608
vn 0.4370 -0.7765 -0.4540
vn -0.2505 -0.7764 -0.5782
vn 0.9614 -0.2638 -0.0781
vn 0.9000 0.3600 0.2459
vn 0.9024 0.3530 0.2472
vn 0.2782 0.8751 0.3959
vn -0.3992 0.8751 0.2736
vn -0.4068 0.8667 0.2885
vn 0.2801 0.8667 0.4127
vn -0.9291 0.3600 -0.0846
vn -0.8733 -0.2638 -0.4097
vn -0.8733 -0.2638 -0.4096
vn -0.9318 0.3531 -0.0842
vn -0.2026 -0.6193 -0.7585
vn 0.4553 -0.6193 -0.6397
vn 0.4362 -0.7511 -0.4955
vn -0.2352 -0.7512 -0.6168
vn 0.9683 -0.2112 -0.1337
vn 0.8721 0.3376 0.3543
vn 0.8900 0.3752 0.2590
vn 0.9621 -0.2587 -0.0866
vn 0.2227 0.7779 0.5876
vn -0.4143 0.7779 0.4725
vn -0.3837 0.8821 0.2732
vn 0.2638 0.8821 0.3902
vn -0.9409 0.3375 0.0267
vn -0.8603 -0.2111 -0.4640
vn -0.8709 -0.2587 -0.4178
vn -0.9244 0.3752 -0.0689
vn 0.5089 -0.8596 -0.0454
vn 0.0859 -0.8609 0.5015
vn 0.2159 -0.7862 0.5791
vn 0.6186 -0.7809 0.0865
vn -0.4172 -0.3081 0.8550
vn -0.5986 0.3543 0.7185
vn -0.6785 0.3311 0.6557
vn -0.3619 -0.2879 0.8867
vn -0.3760 0.9114 0.1672
vn 0.0798 0.9233 -0.3756
vn 0.1849 0.9408 -0.2841
vn -0.4802 0.8518 0.2093
vn 0.5791 0.3587 -0.7321
vn 0.7324 -0.3002 -0.6112
vn 0.8458 -0.2252 -0.4836
vn 0.7364 0.3270 -0.5923
vn 0.4934 -0.8678 -0.0597
vn 0.0738 -0.8678 0.4914
vn 0.0621 -0.8714 0.4866
vn 0.4856 -0.8714 -0.0697
vn -0.4239 -0.3139 0.8496
vn -0.5791 0.3676 0.7277
vn -0.5834 0.3592 0.7284
vn -0.4252 -0.3130 0.8493
vn -0.3363 0.9254 0.1747
vn 0.0789 0.9254 -0.3707
vn 0.0635 0.9183 -0.3907
vn -0.3597 0.9183 0.1652
vn 0.5472 0.3676 -0.7519
vn 0.7060 -0.3139 -0.6348
vn 0.7054 -0.3130 -0.6360
vn 0.5468 0.3592 -0.7563
vn 0.6441 -0.7606 0.0809
vn 0.2495 -0.7606 0.5993
vn 0.1130 -0.8533 0.5090
vn 0.5207 -0.8533 -0.0266
vn -0.3651 -0.2841 0.8865
vn -0.6381 0.4011 0.6573
vn -0.5778 0.3931 0.7153
vn -0.4138 -0.3145 0.8543
vn -0.3852 0.9195 0.0776
vn -0.0278 0.9195 -0.3920
vn 0.0899 0.9386 -0.3331
vn -0.2972 0.9386 0.1754
vn 0.4637 0.4011 -0.7900
vn 0.7573 -0.2841 -0.5880
vn 0.7133 -0.3145 -0.6263
vn 0.5355 0.3933 -0.7474
vn 0.9482 -0.2357 -0.2132
vn 0.8516 -0.2405 0.4657
vn 0.8504 -0.2360 0.4702
vn 0.9675 -0.1877 -0.1693
vn 0.3200 0.0356 0.9467
vn -0.2572 0.4005 0.8795
vn -0.2503 0.3985 0.8824
vn 0.3514 0.0336 0.9356
vn -0.7483 0.6321 0.2011
vn -0.6947 0.5533 -0.4597
vn -0.7855 0.3624 -0.5016
vn -0.8576 0.5031 0.1070
vn -0.1222 0.3166 -0.9407
vn 0.5184 0.0251 -0.8548
vn 0.6182 0.1496 -0.7716
vn -0.0891 0.3774 -0.9217
vn 0.9853 0.0610 -0.1596
vn 0.9085 0.0612 0.4134
vn 0.8623 -0.2062 0.4624
vn 0.9540 -0.2066 -0.2174
vn 0.3551 0.3017 0.8848
vn -0.1568 0.5591 0.8141
vn -0.2921 0.3877 0.8743
vn 0.2993 0.0578 0.9524
vn -0.5698 0.7937 0.2131
vn -0.4987 0.7887 -0.3595
vn -0.6702 0.5973 -0.4406
vn -0.7399 0.6313 0.2325
vn 0.0556 0.5501 -0.8332
vn 0.5720 0.2983 -0.7641
vn 0.5187 0.0431 -0.8539
vn -0.0989 0.3405 -0.9350
vn -0.4141 -0.6022 0.6826
vn -0.8022 -0.5802 0.1413
vn -0.8794 -0.3304 0.3429
vn -0.5040 -0.4209 0.7542
vn -0.8393 -0.0988 -0.5347
vn -0.4310 0.4202 -0.7985
vn -0.4600 0.5689 -0.6817
vn -0.8510 0.2275 -0.4734
vn 0.2298 0.7874 -0.5720
vn 0.6518 0.7572 -0.0423
vn 0.5274 0.8494 -0.0207
vn 0.1301 0.8729 -0.4702
vn 0.6977 0.3170 0.6425
vn 0.3100 -0.1725 0.9350
vn 0.2918 -0.1154 0.9495
vn 0.6423 0.3106 0.7007
vn -0.3908 -0.5784 0.7160
vn -0.8017 -0.5776 0.1540
vn -0.7931 -0.5929 0.1396
vn -0.3894 -0.5981 0.7004
vn -0.8181 -0.1601 -0.5523
vn -0.4237 0.3387 -0.8401
vn -0.4246 0.3586 -0.8313
vn -0.8210 -0.1535 -0.5500
vn 0.2483 0.7504 -0.6126
vn 0.6611 0.7485 -0.0519
vn 0.6654 0.7447 -0.0520
vn 0.2475 0.7571 -0.6046
vn 0.6772 0.3336 0.6559
vn 0.2826 -0.1628 0.9453
vn 0.2949 -0.1716 0.9400
vn 0.6896 0.3256 0.6468
vn -0.5229 -0.3803 0.7629
vn -0.8853 -0.3799 0.2684
vn -0.8155 -0.5542 0.1669
vn -0.4052 -0.5540 0.7272
vn -0.8995 0.0309 -0.4359
vn -0.5525 0.4674 -0.6902
vn -0.4368 0.3530 -0.8274
vn -0.8300 -0.1420 -0.5395
vn 0.1147 0.8784 -0.4639
vn 0.4770 0.8784 0.0307
vn 0.6427 0.7651 -0.0403
vn 0.2324 0.7650 -0.6006
vn 0.4913 0.4674 0.7349
vn 0.1442 0.0307 0.9891
vn 0.2639 -0.1420 0.9540
vn 0.6570 0.3532 0.6660
vn -0.2062 -0.8771 -0.4339
vn 0.4336 -0.8871 -0.1582
vn 0.3973 -0.9122 -0.1005
vn -0.1903 -0.8366 -0.5138
vn 0.9267 -0.3217 0.1944
vn 0.8670 0.3571 0.3475
vn 0.8865 0.3714 0.2759
vn 0.9118 -0.3528 0.2101
vn 0.2645 0.9295 0.2569
vn -0.3783 0.9257 0.0001
vn -0.3237 0.9346 -0.1477
vn 0.2483 0.9650 0.0841
vn -0.8610 0.3604 -0.3589
vn -0.7953 -0.3051 -0.5238
vn -0.6968 -0.2265 -0.6806
vn -0.7619 0.3744 -0.5285
vn -0.2009 -0.8785 -0.4334
vn 0.4430 -0.8785 -0.1785
vn 0.4420 -0.8814 -0.1666
vn -0.2083 -0.8814 -0.4239
vn 0.9284 -0.3197 0.1895
vn 0.8594 0.3667 0.3564
vn 0.8613 0.3587 0.3599
vn 0.9284 -0.3186 0.1910
vn 0.2654 0.9280 0.2613
vn -0.3723 0.9281 0.0088
vn -0.3862 0.9220 0.0263
vn 0.2636 0.9220 0.2835
vn -0.8705 0.3667 -0.3283
vn -0.8066 -0.3198 -0.4972
vn -0.8076 -0.3187 -0.4961
vn -0.8743 0.3587 -0.3271
vn -0.0842 -0.7318 -0.6763
vn 0.5243 -0.7317 -0.4355
vn 0.4524 -0.8618 -0.2294
vn -0.1729 -0.8618 -0.4769
vn 0.9603 -0.2640 0.0905
vn 0.8035 0.3797 0.4586
vn 0.8464 0.3903 0.3624
vn 0.9318 -0.3187 0.1735
vn 0.1525 0.8714 0.4663
vn -0.4302 0.8715 0.2355
vn -0.3492 0.9370 0.0067
vn 0.2500 0.9370 0.2438
vn -0.8997 0.3796 -0.2156
vn -0.7621 -0.2639 -0.5912
vn -0.7982 -0.3187 -0.5112
vn -0.8652 0.3902 -0.3150
vn 0.0412 -0.0528 -0.9978
vn 0.6528 -0.0528 -0.7557
vn 0.6259 -0.3325 -0.7055
vn 0.0265 -0.3326 -0.9427
vn 0.9996 0.0212 -0.0162
vn 0.7301 0.0654 0.6802
vn 0.7438 0.2012 0.6374
vn 0.9958 -0.0904 -0.0157
vn -0.0426 0.0366 0.9984
vn -0.6523 0.0366 0.7571
vn -0.6218 0.3702 0.6901
vn -0.0190 0.3701 0.9288
vn -0.9978 0.0655 -0.0037
vn -0.7178 0.0214 -0.6959
vn -0.7154 -0.0904 -0.6929
vn -0.9786 0.2010 -0.0442
vn 0.0191 0.0454 -0.9988
vn 0.6696 0.0454 -0.7413
vn 0.6651 0.0205 -0.7465
vn 0.0259 0.0206 -0.9995
vn 0.9986 0.0496 0.0169
vn 0.7401 0.0502 0.6706
vn 0.7375 0.0477 0.6737
vn 0.9990 0.0443 0.0078
vn -0.0188 0.0467 0.9987
vn -0.6698 0.0467 0.7411
vn -0.6658 0.0245 0.7457
vn -0.0249 0.0246 0.9994
vn -0.9986 0.0502 -0.0175
vn -0.7396 0.0495 -0.6712
vn -0.7337 0.0442 -0.6780
vn -0.9988 0.0478 -0.0136
vn 0.0181 0.0505 -0.9986
vn 0.6702 0.0505 -0.7404
vn 0.6702 0.0506 -0.7404
vn 0.9986 0.0506 0.0181
vn 0.7405 0.0506 0.6701
vn 0.7405 0.0504 0.6702
vn -0.0181 0.0505 0.9986
vn -0.6702 0.0505 0.7404
vn -0.6702 0.0506 0.7405
vn -0.9986 0.0505 -0.0180
vn -0.7405 0.0505 -0.6702
vn -0.7405 0.0507 -0.6702
vn -0.9986 0.0504 -0.0180
vn 0.6702 0.0505 -0.7405
vn 0.9986 0.0503 0.0181
vn 0.7405 0.0505 0.6702
vn -0.0180 0.0505 0.9986
vn -0.6702 0.0504 0.7404
vn -0.6702 0.0506 0.7404
vn -0.7404 0.0503 -0.6702
vn -0.7404 0.0506 -0.6702
vn 0.0400 0.3785 -0.9247
vn 0.6038 0.3784 -0.7016
vn 0.6688 0.0891 -0.7381
vn 0.0175 0.0891 -0.9959
vn 0.9248 0.3783 0.0400
vn 0.7017 0.3785 0.6036
vn 0.7381 0.0891 0.6688
vn 0.9959 0.0891 0.0175
vn -0.0400 0.3785 0.9248
vn -0.6037 0.3785 0.7017
vn -0.6688 0.0891 0.7381
vn -0.0175 0.0892 0.9959
vn -0.9248 0.3782 -0.0401
vn -0.7017 0.3786 -0.6036
vn -0.7381 0.0891 -0.6688
vn -0.9959 0.0893 -0.0175
vn 0.9458 -0.1244 0.2998
vn 0.5408 -0.1245 0.8319
vn 0.4699 -0.4340 0.7686
vn 0.8660 -0.4339 0.2483
vn -0.2695 -0.0323 0.9625
vn -0.8583 0.0143 0.5130
vn -0.8073 0.2172 0.5488
vn -0.2855 -0.1511 0.9464
vn -0.9478 -0.0547 -0.3140
vn -0.5551 -0.0547 -0.8300
vn -0.4492 0.4813 -0.7527
vn -0.8451 0.4814 -0.2325
vn 0.2660 0.0142 -0.9639
vn 0.8560 -0.0323 -0.5160
vn 0.8362 -0.1512 -0.5271
vn 0.3141 0.2174 -0.9242
vn 0.8179 0.5069 0.2721
vn 0.4801 0.5067 0.7161
vn 0.5374 0.0245 0.8429
vn 0.9556 0.0245 0.2936
vn -0.2633 0.5173 0.8143
vn -0.7066 0.5264 0.4730
vn -0.8467 0.0647 0.5282
vn -0.2775 0.0580 0.9590
vn -0.8072 0.5282 -0.2638
vn -0.4692 0.5280 -0.7078
vn -0.5363 0.0318 -0.8434
vn -0.9558 0.0318 -0.2923
vn 0.2679 0.5264 -0.8070
vn 0.7147 0.5175 -0.4706
vn 0.8505 0.0580 -0.5228
vn 0.2837 0.0647 -0.9567
vn -0.1075 0.2190 -0.9698
vn 0.4401 0.2190 -0.8708
vn 0.4852 -0.2792 -0.8286
vn -0.1645 -0.2793 -0.9460
vn 0.9138 0.3283 -0.2393
vn 0.8209 0.4318 0.3738
vn 0.8572 0.2068 0.4717
vn 0.9767 -0.0591 -0.2064
vn 0.1590 0.4847 0.8601
vn -0.4501 0.4846 0.7501
vn -0.4841 0.3842 0.7861
vn 0.1784 0.3842 0.9059
vn -0.8997 0.4319 0.0629
vn -0.7722 0.3282 -0.5441
vn -0.8427 -0.0590 -0.5352
vn -0.9680 0.2069 0.1418
usemtl Material.026
f 1/1/1 2/2/1 3/3/1 4/4/1
f 2/2/2 5/5/2 6/6/2 3/3/2
f 4/4/3 3/3/3 7/7/3 8/8/3
f 3/3/4 6/6/4 9/9/4 7/7/4
f 10/10/5 11/11/5 1/1/5 12/12/5
f 11/11/6 13/13/6 2/2/6 1/1/6
f 13/13/7 14/14/7 5/5/7 2/2/7
f 14/14/8 15/15/8 16/16/8 5/5/8
f 5/5/9 16/16/9 17/17/9 6/6/9
f 6/6/10 17/17/10 18/18/10 9/9/10
f 9/9/11 18/18/11 19/19/11 20/20/11
f 7/7/12 9/9/12 20/20/12 21/21/12
f 8/8/13 7/7/13 21/21/13 22/22/13
f 23/23/14 8/8/14 22/22/14 24/24/14
f 25/25/15 4/4/15 8/8/15 23/23/15
f 12/12/16 1/1/16 4/4/16 25/25/16
f 26/26/17 27/27/17 28/28/17 29/29/17
f 27/27/18 30/30/18 31/31/18 28/28/18
f 29/29/19 28/28/19 32/32/19 33/33/19
f 28/28/20 31/31/20 34/34/20 32/32/20
f 24/24/21 22/22/21 26/26/21 35/35/21
f 22/22/22 21/21/22 27/27/22 26/26/22
f 21/21/23 20/20/23 30/30/23 27/27/23
f 20/20/24 19/19/24 36/36/24 30/30/24
f 30/30/25 36/36/25 37/37/25 31/31/25
f 31/31/26 37/37/26 38/38/26 34/34/26
f 34/34/27 38/38/27 39/39/27 40/40/27
f 32/32/28 34/34/28 40/40/28 41/41/28
f 33/33/29 32/32/29 41/41/29 42/42/29
f 43/43/30 33/33/30 42/42/30 44/44/30
f 45/45/31 29/29/31 33/33/31 43/43/31
f 35/35/32 26/26/32 29/29/32 45/45/32
f 46/46/33 47/47/33 48/48/33 49/49/33
f 47/47/34 50/50/34 51/51/34 48/48/34
f 49/49/35 48/48/35 52/52/35 53/53/35
f 48/48/36 51/51/36 54/54/36 52/52/36
f 44/44/37 42/42/37 46/46/37 55/55/37
f 42/42/38 41/41/38 47/47/38 46/46/38
f 41/41/39 40/40/39 50/50/39 47/47/39
f 40/40/40 39/39/40 56/56/40 50/50/40
f 50/50/41 56/56/41 57/57/41 51/51/41
f 51/51/42 57/57/42 58/58/42 54/54/42
f 54/54/43 58/58/43 59/59/43 60/60/43
f 52/52/44 54/54/44 60/60/44 61/61/44
f 53/53/45 52/52/45 61/61/45 62/62/45
f 63/63/46 53/53/46 62/62/46 64/64/46
f 65/65/47 49/49/47 53/53/47 63/63/47
f 55/55/48 46/46/48 49/49/48 65/65/48
f 66/66/49 67/67/49 68/68/49 69/69/49
f 67/67/50 70/70/50 71/71/50 68/68/50
f 69/69/51 68/68/51 72/72/51 73/73/51
f 68/68/52 71/71/52 74/74/52 72/72/52
f 64/64/53 62/62/53 66/66/53 75/75/53
f 62/62/54 61/61/54 67/67/54 66/66/54
f 61/61/55 60/60/55 70/70/55 67/67/55
f 60/60/56 59/59/56 76/76/56 70/70/56
f 70/70/57 76/76/57 77/77/57 71/71/57
f 71/71/58 77/77/58 78/78/58 74/74/58
f 74/74/59 78/78/59 15/79/59 14/80/59
f 72/72/60 74/74/60 14/80/60 13/81/60
f 73/73/61 72/72/61 13/81/61 11/82/61
f 79/83/62 73/73/62 11/82/62 10/84/62
f 80/85/63 69/69/63 73/73/63 79/83/63
f 75/75/64 66/66/64 69/69/64 80/85/64
f 81/86/65 82/87/65 83/88/65 84/89/65
f 82/87/66 85/90/66 86/91/66 83/88/66
f 84/89/67 83/88/67 87/92/67 88/93/67
f 83/88/68 86/91/68 89/94/68 87/92/68
f 24/95/69 35/96/69 81/86/69 23/97/69
f 35/96/70 45/98/70 82/87/70 81/86/70
f 45/98/71 43/99/71 85/90/71 82/87/71
f 43/99/72 44/44/72 55/55/72 85/90/72
f 85/90/73 55/55/73 65/65/73 86/91/73
f 86/91/74 65/65/74 63/63/74 89/94/74
f 89/94/75 63/63/75 64/64/75 75/100/75
f 87/92/76 89/94/76 75/100/76 80/101/76
f 88/93/77 87/92/77 80/101/77 79/102/77
f 12/103/78 88/93/78 79/102/78 10/104/78
f 25/105/79 84/89/79 88/93/79 12/103/79
f 23/97/80 81/86/80 84/89/80 25/105/80
f 90/106/81 91/107/81 92/108/81 93/109/81
f 91/107/82 94/110/82 95/111/82 92/108/82
f 93/109/83 92/108/83 96/112/83 97/113/83
f 92/108/84 95/111/84 98/114/84 96/112/84
f 39/39/85 38/115/85 90/106/85 56/56/85
f 38/115/86 37/116/86 91/107/86 90/106/86
f 37/116/87 36/117/87 94/110/87 91/107/87
f 36/117/88 19/118/88 18/119/88 94/110/88
f 94/110/89 18/119/89 17/120/89 95/111/89
f 95/111/90 17/120/90 16/121/90 98/114/90
f 98/114/91 16/121/91 15/122/91 78/123/91
f 96/112/92 98/114/92 78/123/92 77/124/92
f 97/113/93 96/112/93 77/124/93 76/125/93
f 58/58/94 97/113/94 76/125/94 59/59/94
f 57/57/95 93/109/95 97/113/95 58/58/95
f 56/56/96 90/106/96 93/109/96 57/57/96
f 99/126/97 100/127/97 101/128/97 102/129/97
f 100/127/98 103/130/98 104/131/98 101/128/98
f 102/129/99 101/128/99 105/132/99 106/133/99
f 101/128/100 104/131/100 107/134/100 105/132/100
f 108/135/101 109/136/101 99/126/101 110/137/101
f 109/136/102 111/138/102 100/127/102 99/126/102
f 111/138/103 112/139/103 103/130/103 100/127/103
f 112/139/104 113/140/104 114/141/104 103/130/104
f 103/130/105 114/141/105 115/142/105 104/131/105
f 104/131/106 115/142/106 116/143/106 107/134/106
f 107/134/107 116/143/107 117/144/107 118/145/107
f 105/132/108 107/134/108 118/145/108 119/146/108
f 106/133/109 105/132/109 119/146/109 120/147/109
f 121/148/110 106/133/110 120/147/110 122/149/110
f 123/150/111 102/129/111 106/133/111 121/148/111
f 110/137/112 99/126/112 102/129/112 123/150/112
f 124/151/113 125/152/113 126/153/113 127/154/113
f 125/152/114 128/155/114 129/156/114 126/153/114
f 127/154/115 126/153/115 130/157/115 131/158/115
f 126/153/116 129/156/116 132/159/116 130/157/116
f 122/149/117 120/147/117 124/151/117 133/160/117
f 120/147/118 119/146/118 125/152/118 124/151/118
f 119/146/119 118/145/119 128/155/119 125/152/119
f 118/145/120 117/144/120 134/161/120 128/155/120
f 128/155/121 134/161/121 135/162/121 129/156/121
f 129/156/122 135/162/122 136/163/122 132/159/122
f 132/159/123 136/163/123 137/164/123 138/165/123
f 130/157/124 132/159/124 138/165/124 139/166/124
f 131/158/125 130/157/125 139/166/125 140/167/125
f 141/168/126 131/158/126 140/167/126 142/169/126
f 143/170/127 127/154/127 131/158/127 141/168/127
f 133/160/128 124/151/128 127/154/128 143/170/128
f 144/171/129 145/172/129 146/173/129 147/174/129
f 145/172/130 148/175/130 149/176/130 146/173/130
f 147/174/131 146/173/131 150/177/131 151/178/131
f 146/173/132 149/176/132 152/179/132 150/177/132
f 142/169/133 140/167/133 144/171/133 153/180/133
f 140/167/134 139/166/134 145/172/134 144/171/134
f 139/166/135 138/165/135 148/175/135 145/172/135
f 138/165/136 137/164/136 154/181/136 148/175/136
f 148/175/137 154/181/137 155/182/137 149/176/137
f 149/176/138 155/182/138 156/183/138 152/179/138
f 152/179/139 156/183/139 157/184/139 158/185/139
f 150/177/140 152/179/140 158/185/140 159/186/140
f 151/178/141 150/177/141 159/186/141 160/187/141
f 161/188/142 151/178/142 160/187/142 162/189/142
f 163/190/143 147/174/143 151/178/143 161/188/143
f 153/180/144 144/171/144 147/174/144 163/190/144
f 164/191/145 165/192/145 166/193/145 167/194/145
f 165/192/146 168/195/146 169/196/146 166/193/146
f 167/194/147 166/193/147 170/197/147 171/198/147
f 166/193/148 169/196/148 172/199/148 170/197/148
f 162/189/149 160/187/149 164/191/149 173/200/149
f 160/187/150 159/186/150 165/192/150 164/191/150
f 159/186/151 158/185/151 168/195/151 165/192/151
f 158/185/152 157/184/152 174/201/152 168/195/152
f 168/195/153 174/201/153 175/202/153 169/196/153
f 169/196/154 175/202/154 176/203/154 172/199/154
f 172/199/155 176/203/155 113/204/155 112/205/155
f 170/197/156 172/199/156 112/205/156 111/206/156
f 171/198/157 170/197/157 111/206/157 109/207/157
f 177/208/158 171/198/158 109/207/158 108/209/158
f 178/210/159 167/194/159 171/198/159 177/208/159
f 173/200/160 164/191/160 167/194/160 178/210/160
f 179/211/161 180/212/161 181/213/161 182/214/161
f 180/212/162 183/215/162 184/216/162 181/213/162
f 182/214/163 181/213/163 185/217/163 186/218/163
f 181/213/164 184/216/164 187/219/164 185/217/164
f 122/220/165 133/221/165 179/211/165 121/222/165
f 133/221/166 143/223/166 180/212/166 179/211/166
f 143/223/167 141/224/167 183/215/167 180/212/167
f 141/224/168 142/169/168 153/180/168 183/215/168
f 183/215/169 153/180/169 163/190/169 184/216/169
f 184/216/170 163/190/170 161/188/170 187/219/170
f 187/219/171 161/188/171 162/189/171 173/225/171
f 185/217/172 187/219/172 173/225/172 178/226/172
f 186/218/173 185/217/173 178/226/173 177/227/173
f 110/228/174 186/218/174 177/227/174 108/229/174
f 123/230/175 182/214/175 186/218/175 110/228/175
f 121/222/176 179/211/176 182/214/176 123/230/176
f 188/231/177 189/232/177 190/233/177 191/234/177
f 189/232/178 192/235/178 193/236/178 190/233/178
f 191/234/179 190/233/179 194/237/179 195/238/179
f 190/233/180 193/236/180 196/239/180 194/237/180
f 137/164/181 136/240/181 188/231/181 154/181/181
f 136/240/182 135/241/182 189/232/182 188/231/182
f 135/241/183 134/242/183 192/235/183 189/232/183
f 134/242/184 117/243/184 116/244/184 192/235/184
f 192/235/185 116/244/185 115/245/185 193/236/185
f 193/236/186 115/245/186 114/246/186 196/239/186
f 196/239/187 114/246/187 113/247/187 176/248/187
f 194/237/188 196/239/188 176/248/188 175/249/188
f 195/238/189 194/237/189 175/249/189 174/250/189
f 156/183/190 195/238/190 174/250/190 157/184/190
f 155/182/191 191/234/191 195/238/191 156/183/191
f 154/181/192 188/231/192 191/234/192 155/182/192
f 197/251/193 198/252/193 199/253/193 200/254/193
f 198/252/194 201/255/194 202/256/194 199/253/194
f 200/254/195 199/253/195 203/257/195 204/258/195
f 199/253/196 202/256/196 205/259/196 203/257/196
f 206/260/197 207/261/197 197/251/197 208/262/197
f 207/261/198 209/263/198 198/252/198 197/251/198
f 209/263/199 210/264/199 201/255/199 198/252/199
f 210/264/200 211/265/200 212/266/200 201/255/200
f 201/255/201 212/266/201 213/267/201 202/256/201
f 202/256/202 213/267/202 214/268/202 205/259/202
f 205/259/203 214/268/203 215/269/203 216/270/203
f 203/257/204 205/259/204 216/270/204 217/271/204
f 204/258/205 203/257/205 217/271/205 218/272/205
f 219/273/206 204/258/206 218/272/206 220/274/206
f 221/275/207 200/254/207 204/258/207 219/273/207
f 208/262/208 197/251/208 200/254/208 221/275/208
f 222/276/209 223/277/209 224/278/209 225/279/209
f 223/277/210 226/280/210 227/281/210 224/278/210
f 225/279/211 224/278/211 228/282/211 229/283/211
f 224/278/212 227/281/212 230/284/212 228/282/212
f 220/274/213 218/272/213 222/276/213 231/285/213
f 218/272/214 217/271/214 223/277/214 222/276/214
f 217/271/215 216/270/215 226/280/215 223/277/215
f 216/270/216 215/269/216 232/286/216 226/280/216
f 226/280/217 232/286/217 233/287/217 227/281/217
f 227/281/218 233/287/218 234/288/218 230/284/218
f 230/284/219 234/288/219 235/289/219 236/290/219
f 228/282/220 230/284/220 236/290/220 237/291/220
f 229/283/221 228/282/221 237/291/221 238/292/221
f 239/293/222 229/283/222 238/292/222 240/294/222
f 241/295/223 225/279/223 229/283/223 239/293/223
f 231/285/224 222/276/224 225/279/224 241/295/224
f 242/296/225 243/297/225 244/298/225 245/299/225
f 243/297/226 246/300/226 247/301/226 244/298/226
f 245/299/227 244/298/227 248/302/227 249/303/227
f 244/298/228 247/301/228 250/304/228 248/302/228
f 240/294/229 238/292/229 242/296/229 251/305/229
f 238/292/230 237/291/230 243/297/230 242/296/230
f 237/291/231 236/290/231 246/300/231 243/297/231
f 236/290/232 235/289/232 252/306/232 246/300/232
f 246/300/233 252/306/233 253/307/233 247/301/233
f 247/301/234 253/307/234 254/308/234 250/304/234
f 250/304/235 254/308/235 255/309/235 256/310/235
f 248/302/236 250/304/236 256/310/236 257/311/236
f 249/303/237 248/302/237 257/311/237 258/312/237
f 259/313/238 249/303/238 258/312/238 260/314/238
f 261/315/239 245/299/239 249/303/239 259/313/239
f 251/305/240 242/296/240 245/299/240 261/315/240
f 262/316/241 263/317/241 264/318/241 265/319/241
f 263/317/242 266/320/242 267/321/242 264/318/242
f 265/319/243 264/318/243 268/322/243 269/323/243
f 264/318/244 267/321/244 270/324/244 268/322/244
f 260/314/245 258/312/245 262/316/245 271/325/245
f 258/312/246 257/311/246 263/317/246 262/316/246
f 257/311/247 256/310/247 266/320/247 263/317/247
f 256/310/248 255/309/248 272/326/248 266/320/248
f 266/320/249 272/326/249 273/327/249 267/321/249
f 267/321/250 273/327/250 274/328/250 270/324/250
f 270/324/251 274/328/251 211/329/251 210/330/251
f 268/322/252 270/324/252 210/330/252 209/331/252
f 269/323/253 268/322/253 209/331/253 207/332/253
f 275/333/254 269/323/254 207/332/254 206/334/254
f 276/335/255 265/319/255 269/323/255 275/333/255
f 271/325/256 262/316/256 265/319/256 276/335/256
f 277/336/257 278/337/257 279/338/257 280/339/257
f 278/337/258 281/340/258 282/341/258 279/338/258
f 280/339/259 279/338/259 283/342/259 284/343/259
f 279/338/260 282/341/260 285/344/260 283/342/260
f 220/345/261 231/346/261 277/336/261 219/347/261
f 231/346/262 241/348/262 278/337/262 277/336/262
f 241/348/263 239/349/263 281/340/263 278/337/263
f 239/349/264 240/294/264 251/305/264 281/340/264
f 281/340/265 251/305/265 261/315/265 282/341/265
f 282/341/266 261/315/266 259/313/266 285/344/266
f 285/344/267 259/313/267 260/314/267 271/350/267
f 283/342/268 285/344/268 271/350/268 276/351/268
f 284/343/269 283/342/269 276/351/269 275/352/269
f 208/353/270 284/343/270 275/352/270 206/354/270
f 221/355/271 280/339/271 284/343/271 208/353/271
f 219/347/272 277/336/272 280/339/272 221/355/272
f 286/356/273 287/357/273 288/358/273 289/359/273
f 287/357/274 290/360/274 291/361/274 288/358/274
f 289/359/275 288/358/275 292/362/275 293/363/275
f 288/358/276 291/361/276 294/364/276 292/362/276
f 235/289/277 234/365/277 286/356/277 252/306/277
f 234/365/278 233/366/278 287/357/278 286/356/278
f 233/366/279 232/367/279 290/360/279 287/357/279
f 232/367/280 215/368/280 214/369/280 290/360/280
f 290/360/281 214/369/281 213/370/281 291/361/281
f 291/361/282 213/370/282 212/371/282 294/364/282
f 294/364/283 212/371/283 211/372/283 274/373/283
f 292/362/284 294/364/284 274/373/284 273/374/284
f 293/363/285 292/362/285 273/374/285 272/375/285
f 254/308/286 293/363/286 272/375/286 255/309/286
f 253/307/287 289/359/287 293/363/287 254/308/287
f 252/306/288 286/356/288 289/359/288 253/307/288
f 295/376/289 296/377/289 297/378/289 298/379/289
f 296/377/290 299/380/290 300/381/290 297/378/290
f 298/379/291 297/378/291 301/382/291 302/383/291
f 297/378/292 300/381/292 303/384/292 301/382/292
f 304/385/293 305/386/293 295/376/293 306/387/293
f 305/386/294 307/388/294 296/377/294 295/376/294
f 307/388/295 308/389/295 299/380/295 296/377/295
f 308/389/296 309/390/296 310/391/296 299/380/296
f 299/380/297 310/391/297 311/392/297 300/381/297
f 300/381/298 311/392/298 312/393/298 303/384/298
f 303/384/299 312/393/299 313/394/299 314/395/299
f 301/382/300 303/384/300 314/395/300 315/396/300
f 302/383/301 301/382/301 315/396/301 316/397/301
f 317/398/302 302/383/302 316/397/302 318/399/302
f 319/400/303 298/379/303 302/383/303 317/398/303
f 306/387/304 295/376/304 298/379/304 319/400/304
f 320/401/305 321/402/305 322/403/305 323/404/305
f 321/402/306 324/405/306 325/406/306 322/403/306
f 323/404/307 322/403/307 326/407/307 327/408/307
f 322/403/308 325/406/308 328/409/308 326/407/308
f 318/399/309 316/397/309 320/401/309 329/410/309
f 316/397/310 315/396/310 321/402/310 320/401/310
f 315/396/311 314/395/311 324/405/311 321/402/311
f 314/395/312 313/394/312 330/411/312 324/405/312
f 324/405/313 330/411/313 331/412/313 325/406/313
f 325/406/314 331/412/314 332/413/314 328/409/314
f 328/409/315 332/413/315 333/414/315 334/415/315
f 326/407/316 328/409/316 334/415/316 335/416/316
f 327/408/317 326/407/317 335/416/317 336/417/317
f 337/418/318 327/408/318 336/417/318 338/419/318
f 339/420/319 323/404/319 327/408/319 337/418/319
f 329/410/320 320/401/320 323/404/320 339/420/320
f 340/421/321 341/422/321 342/423/321 343/424/321
f 341/422/322 344/425/322 345/426/322 342/423/322
f 343/424/323 342/423/323 346/427/323 347/428/323
f 342/423/324 345/426/324 348/429/324 346/427/324
f 338/419/325 336/417/325 340/421/325 349/430/325
f 336/417/326 335/416/326 341/422/326 340/421/326
f 335/416/327 334/415/327 344/425/327 341/422/327
f 334/415/328 333/414/328 350/431/328 344/425/328
f 344/425/329 350/431/329 351/432/329 345/426/329
f 345/426/330 351/432/330 352/433/330 348/429/330
f 348/429/331 352/433/331 353/434/331 354/435/331
f 346/427/332 348/429/332 354/435/332 355/436/332
f 347/428/333 346/427/333 355/436/333 356/437/333
f 357/438/334 347/428/334 356/437/334 358/439/334
f 359/440/335 343/424/335 347/428/335 357/438/335
f 349/430/336 340/421/336 343/424/336 359/440/336
f 360/441/337 361/442/337 362/443/337 363/444/337
f 361/442/338 364/445/338 365/446/338 362/443/338
f 363/444/339 362/443/339 366/447/339 367/448/339
f 362/443/340 365/446/340 368/449/340 366/447/340
f 358/439/341 356/437/341 360/441/341 369/450/341
f 356/437/342 355/436/342 361/442/342 360/441/342
f 355/436/343 354/435/343 364/445/343 361/442/343
f 354/435/344 353/434/344 370/451/344 364/445/344
f 364/445/345 370/451/345 371/452/345 365/446/345
f 365/446/346 371/452/346 372/453/346 368/449/346
f 368/449/347 372/453/347 309/454/347 308/455/347
f 366/447/348 368/449/348 308/455/348 307/456/348
f 367/448/349 366/447/349 307/456/349 305/457/349
f 373/458/350 367/448/350 305/457/350 304/459/350
f 374/460/351 363/444/351 367/448/351 373/458/351
f 369/450/352 360/441/352 363/444/352 374/460/352
f 375/461/353 376/462/353 377/463/353 378/464/353
f 376/462/354 379/465/354 380/466/354 377/463/354
f 378/464/355 377/463/355 381/467/355 382/468/355
f 377/463/356 380/466/356 383/469/356 381/467/356
f 318/470/357 329/471/357 375/461/357 317/472/357
f 329/471/358 339/473/358 376/462/358 375/461/358
f 339/473/359 337/474/359 379/465/359 376/462/359
f 337/474/360 338/419/360 349/430/360 379/465/360
f 379/465/361 349/430/361 359/440/361 380/466/361
f 380/466/362 359/440/362 357/438/362 383/469/362
f 383/469/363 357/438/363 358/439/363 369/475/363
f 381/467/364 383/469/364 369/475/364 374/476/364
f 382/468/365 381/467/365 374/476/365 373/477/365
f 306/478/366 382/468/366 373/477/366 304/479/366
f 319/480/367 378/464/367 382/468/367 306/478/367
f 317/472/368 375/461/368 378/464/368 319/480/368
f 384/481/369 385/482/369 386/483/369 387/484/369
f 385/482/370 388/485/370 389/486/370 386/483/370
f 387/484/371 386/483/371 390/487/371 391/488/371
f 386/483/372 389/486/372 392/489/372 390/487/372
f 333/414/373 332/490/373 384/481/373 350/431/373
f 332/490/374 331/491/374 385/482/374 384/481/374
f 331/491/375 330/492/375 388/485/375 385/482/375
f 330/492/376 313/493/376 312/494/376 388/485/376
f 388/485/377 312/494/377 311/495/377 389/486/377
f 389/486/378 311/495/378 310/496/378 392/489/378
f 392/489/379 310/496/379 309/497/379 372/498/379
f 390/487/380 392/489/380 372/498/380 371/499/380
f 391/488/381 390/487/381 371/499/381 370/500/381
f 352/433/382 391/488/382 370/500/382 353/434/382
f 351/432/383 387/484/383 391/488/383 352/433/383
f 350/431/384 384/481/384 387/484/384 351/432/384
usemtl Material.027
f 393/501/385 394/502/385 395/503/385 396/504/385
f 397/505/386 398/506/386 395/503/386 394/502/386
f 399/507/387 396/504/387 395/503/387 398/506/387
f 400/508/388 401/509/388 402/510/388 403/511/388
f 401/509/389 404/512/389 405/513/389 402/510/389
f 402/510/390 405/513/390 406/514/390 407/515/390
f 403/511/391 402/510/391 407/515/391 408/516/391
f 409/517/392 410/518/392 411/519/392 412/520/392
f 413/521/393 414/522/393 411/519/393 410/518/393
f 399/507/394 412/520/394 411/519/394 414/522/394
f 415/523/395 416/524/395 417/525/395 418/526/395
f 416/524/396 400/508/396 403/511/396 417/525/396
f 417/525/397 403/511/397 408/516/397 419/527/397
f 418/526/398 417/525/398 419/527/398 420/528/398
f 421/529/399 422/530/399 423/531/399 424/532/399
f 422/530/400 425/533/400 426/534/400 423/531/400
f 423/531/401 426/534/401 427/535/401 428/536/401
f 424/532/402 423/531/402 428/536/402 429/537/402
f 430/538/403 431/539/403 432/540/403 433/541/403
f 431/539/404 421/529/404 424/532/404 432/540/404
f 432/540/405 424/532/405 429/537/405 434/542/405
f 433/541/406 432/540/406 434/542/406 435/543/406
f 436/544/407 437/545/407 438/546/407 439/547/407
f 437/545/408 430/538/408 433/541/408 438/546/408
f 438/546/409 433/541/409 435/543/409 440/548/409
f 439/547/410 438/546/410 440/548/410 441/549/410
f 425/533/411 442/550/411 443/551/411 426/534/411
f 442/550/412 436/544/412 439/547/412 443/551/412
f 443/551/413 439/547/413 441/549/413 444/552/413
f 426/534/414 443/551/414 444/552/414 427/535/414
f 429/537/415 428/536/415 445/553/415 446/554/415
f 428/536/416 427/535/416 447/555/416 445/553/416
f 445/553/417 447/555/417 413/521/417 410/518/417
f 446/554/418 445/553/418 410/518/418 409/517/418
f 435/543/419 434/542/419 448/556/419 449/557/419
f 434/542/420 429/537/420 446/554/420 448/556/420
f 448/556/421 446/554/421 409/517/421 450/558/421
f 449/557/422 448/556/422 450/558/422 451/559/422
f 441/549/423 440/548/423 452/560/423 453/561/423
f 440/548/424 435/543/424 449/557/424 452/560/424
f 452/560/425 449/557/425 451/559/425 454/562/425
f 453/561/426 452/560/426 454/562/426 455/563/426
f 456/564/427 457/565/427 458/566/427 459/567/427
f 397/505/428 394/502/428 458/566/428 457/565/428
f 393/501/429 459/567/429 458/566/429 394/502/429
f 460/568/430 461/569/430 462/570/430 463/571/430
f 464/572/431 465/573/431 462/570/431 461/569/431
f 466/574/432 463/571/432 462/570/432 465/573/432
f 427/535/433 444/552/433 467/575/433 447/555/433
f 444/552/434 441/549/434 453/561/434 467/575/434
f 467/575/435 453/561/435 455/563/435 468/576/435
f 447/555/436 467/575/436 468/576/436 413/521/436
f 469/577/437 470/578/437 471/579/437 472/580/437
f 470/578/438 473/581/438 474/582/438 471/579/438
f 471/579/439 474/582/439 475/583/439 476/584/439
f 472/580/440 471/579/440 476/584/440 477/585/440
f 478/586/441 479/587/441 480/588/441 481/589/441
f 451/559/442 450/558/442 480/588/442 479/587/442
f 409/517/443 481/589/443 480/588/443 450/558/443
f 482/590/444 483/591/444 484/592/444 485/593/444
f 483/591/445 469/577/445 472/580/445 484/592/445
f 484/592/446 472/580/446 477/585/446 486/594/446
f 485/593/447 484/592/447 486/594/447 487/595/447
f 488/596/448 489/597/448 490/598/448 491/599/448
f 489/597/449 482/590/449 485/593/449 490/598/449
f 490/598/450 485/593/450 487/595/450 492/600/450
f 491/599/451 490/598/451 492/600/451 493/601/451
f 473/581/452 494/602/452 495/603/452 474/582/452
f 494/602/453 488/596/453 491/599/453 495/603/453
f 495/603/454 491/599/454 493/601/454 496/604/454
f 474/582/455 495/603/455 496/604/455 475/583/455
f 477/585/456 476/584/456 497/605/456 498/606/456
f 476/584/457 475/583/457 499/607/457 497/605/457
f 497/605/458 499/607/458 500/608/458 501/609/458
f 498/606/459 497/605/459 501/609/459 502/610/459
f 503/611/460 504/612/460 505/613/460 506/614/460
f 507/615/461 508/616/461 505/613/461 504/612/461
f 509/617/462 506/614/462 505/613/462 508/616/462
f 507/615/463 510/618/463 511/619/463 508/616/463
f 512/620/464 513/621/464 511/619/464 510/618/464
f 509/617/465 508/616/465 511/619/465 513/621/465
f 487/595/466 486/594/466 514/622/466 515/623/466
f 486/594/467 477/585/467 498/606/467 514/622/467
f 514/622/468 498/606/468 502/610/468 516/624/468
f 515/623/469 514/622/469 516/624/469 517/625/469
f 493/601/470 492/600/470 518/626/470 519/627/470
f 492/600/471 487/595/471 515/623/471 518/626/471
f 518/626/472 515/623/472 517/625/472 520/628/472
f 519/627/473 518/626/473 520/628/473 521/629/473
f 502/610/474 501/609/474 522/630/474 523/631/474
f 500/608/475 524/632/475 522/630/475 501/609/475
f 512/620/476 523/631/476 522/630/476 524/632/476
f 475/583/477 496/604/477 525/633/477 499/607/477
f 496/604/478 493/601/478 519/627/478 525/633/478
f 525/633/479 519/627/479 521/629/479 526/634/479
f 499/607/480 525/633/480 526/634/480 500/608/480
f 527/635/481 528/636/481 529/637/481 530/638/481
f 528/636/482 420/528/482 531/639/482 529/637/482
f 529/637/483 531/639/483 532/640/483 533/641/483
f 530/638/484 529/637/484 533/641/484 534/642/484
f 502/610/485 535/643/485 536/644/485 516/624/485
f 537/645/486 538/646/486 536/644/486 535/643/486
f 517/625/487 516/624/487 536/644/487 538/646/487
f 537/645/488 539/647/488 540/648/488 538/646/488
f 478/586/489 541/649/489 540/648/489 539/647/489
f 517/625/490 538/646/490 540/648/490 541/649/490
f 537/645/491 542/650/491 543/651/491 539/647/491
f 451/559/492 479/587/492 543/651/492 542/650/492
f 478/586/493 539/647/493 543/651/493 479/587/493
f 544/652/494 545/653/494 546/654/494 547/655/494
f 548/656/495 549/657/495 546/654/495 545/653/495
f 550/658/496 547/655/496 546/654/496 549/657/496
f 406/514/497 551/659/497 552/660/497 553/661/497
f 551/659/498 527/635/498 530/638/498 552/660/498
f 552/660/499 530/638/499 534/642/499 554/662/499
f 553/661/500 552/660/500 554/662/500 555/663/500
f 408/516/501 407/515/501 556/664/501 557/665/501
f 407/515/502 406/514/502 553/661/502 556/664/502
f 556/664/503 553/661/503 555/663/503 558/666/503
f 557/665/504 556/664/504 558/666/504 559/667/504
f 420/528/505 419/527/505 560/668/505 531/639/505
f 419/527/506 408/516/506 557/665/506 560/668/506
f 560/668/507 557/665/507 559/667/507 561/669/507
f 531/639/508 560/668/508 561/669/508 532/640/508
f 534/642/509 533/641/509 562/670/509 563/671/509
f 533/641/510 532/640/510 564/672/510 562/670/510
f 562/670/511 564/672/511 456/564/511 565/673/511
f 563/671/512 562/670/512 565/673/512 517/625/512
f 566/674/513 567/675/513 568/676/513 569/677/513
f 570/678/514 571/679/514 568/676/514 567/675/514
f 572/680/515 569/677/515 568/676/515 571/679/515
f 555/663/516 554/662/516 573/681/516 574/682/516
f 554/662/517 534/642/517 563/671/517 573/681/517
f 573/681/518 563/671/518 517/625/518 541/649/518
f 574/682/519 573/681/519 541/649/519 478/586/519
f 559/667/520 558/666/520 575/683/520 576/684/520
f 558/666/521 555/663/521 574/682/521 575/683/521
f 575/683/522 574/682/522 478/586/522 577/685/522
f 576/684/523 575/683/523 577/685/523 397/505/523
f 532/640/524 561/669/524 578/686/524 564/672/524
f 561/669/525 559/667/525 576/684/525 578/686/525
f 578/686/526 576/684/526 397/505/526 457/565/526
f 564/672/527 578/686/527 457/565/527 456/564/527
f 579/687/528 580/688/528 581/689/528 582/690/528
f 580/688/529 583/691/529 584/692/529 581/689/529
f 581/689/530 584/692/530 585/693/530 586/694/530
f 582/690/531 581/689/531 586/694/531 587/695/531
f 588/696/532 589/697/532 590/698/532 591/699/532
f 592/700/533 593/701/533 590/698/533 589/697/533
f 594/702/534 591/699/534 590/698/534 593/701/534
f 595/703/535 596/704/535 597/705/535 598/706/535
f 596/704/536 579/687/536 582/690/536 597/705/536
f 597/705/537 582/690/537 587/695/537 599/707/537
f 598/706/538 597/705/538 599/707/538 600/708/538
f 601/709/539 602/710/539 603/711/539 604/712/539
f 602/710/540 595/703/540 598/706/540 603/711/540
f 603/711/541 598/706/541 600/708/541 605/713/541
f 604/712/542 603/711/542 605/713/542 606/714/542
f 583/691/543 607/715/543 608/716/543 584/692/543
f 607/715/544 601/709/544 604/712/544 608/716/544
f 608/716/545 604/712/545 606/714/545 609/717/545
f 584/692/546 608/716/546 609/717/546 585/693/546
f 610/718/547 611/719/547 612/720/547 613/721/547
f 611/719/548 614/722/548 615/723/548 612/720/548
f 612/720/549 615/723/549 583/691/549 580/688/549
f 613/721/550 612/720/550 580/688/550 579/687/550
f 616/724/551 617/725/551 618/726/551 619/727/551
f 617/725/552 610/718/552 613/721/552 618/726/552
f 618/726/553 613/721/553 579/687/553 596/704/553
f 619/727/554 618/726/554 596/704/554 595/703/554
f 620/728/555 621/729/555 622/730/555 623/731/555
f 621/729/556 616/724/556 619/727/556 622/730/556
f 622/730/557 619/727/557 595/703/557 602/710/557
f 623/731/558 622/730/558 602/710/558 601/709/558
f 614/722/559 624/732/559 625/733/559 615/723/559
f 624/732/560 620/728/560 623/731/560 625/733/560
f 625/733/561 623/731/561 601/709/561 607/715/561
f 615/723/562 625/733/562 607/715/562 583/691/562
f 626/734/563 627/735/563 628/736/563 629/737/563
f 630/738/564 631/739/564 628/736/564 627/735/564
f 632/740/565 629/737/565 628/736/565 631/739/565
f 633/741/566 634/742/566 635/743/566 636/744/566
f 637/745/567 638/746/567 635/743/567 634/742/567
f 639/747/568 636/744/568 635/743/568 638/746/568
f 640/748/569 641/749/569 642/750/569 643/751/569
f 641/749/570 644/752/570 645/753/570 642/750/570
f 642/750/571 645/753/571 614/722/571 611/719/571
f 643/751/572 642/750/572 611/719/572 610/718/572
f 646/754/573 647/755/573 648/756/573 649/757/573
f 647/755/574 640/748/574 643/751/574 648/756/574
f 648/756/575 643/751/575 610/718/575 617/725/575
f 649/757/576 648/756/576 617/725/576 616/724/576
f 650/758/577 651/759/577 652/760/577 653/761/577
f 651/759/578 646/754/578 649/757/578 652/760/578
f 652/760/579 649/757/579 616/724/579 621/729/579
f 653/761/580 652/760/580 621/729/580 620/728/580
f 654/762/581 655/763/581 656/764/581 657/765/581
f 658/766/582 659/767/582 656/764/582 655/763/582
f 660/768/583 657/765/583 656/764/583 659/767/583
f 644/752/584 661/769/584 662/770/584 645/753/584
f 661/769/585 650/758/585 653/761/585 662/770/585
f 662/770/586 653/761/586 620/728/586 624/732/586
f 645/753/587 662/770/587 624/732/587 614/722/587
f 663/771/588 664/772/588 665/773/588 666/774/588
f 664/772/589 667/775/589 668/776/589 665/773/589
f 665/773/590 668/776/590 644/752/590 641/749/590
f 666/774/591 665/773/591 641/749/591 640/748/591
f 669/777/592 670/778/592 671/779/592 672/780/592
f 670/778/593 663/771/593 666/774/593 671/779/593
f 671/779/594 666/774/594 640/748/594 647/755/594
f 672/780/595 671/779/595 647/755/595 646/754/595
f 673/781/596 674/782/596 675/783/596 676/784/596
f 674/782/597 669/777/597 672/780/597 675/783/597
f 675/783/598 672/780/598 646/754/598 651/759/598
f 676/784/599 675/783/599 651/759/599 650/758/599
f 677/785/600 678/786/600 679/787/600 680/788/600
f 681/789/601 682/790/601 679/787/601 678/786/601
f 683/791/602 680/788/602 679/787/602 682/790/602
f 667/775/603 684/792/603 685/793/603 668/776/603
f 684/792/604 673/781/604 676/784/604 685/793/604
f 685/793/605 676/784/605 650/758/605 661/769/605
f 668/776/606 685/793/606 661/769/606 644/752/606
f 512/620/607 686/794/607 687/795/607 688/796/607
f 686/794/608 393/501/608 689/797/608 687/795/608
f 687/795/609 689/797/609 667/775/609 664/772/609
f 688/796/610 687/795/610 664/772/610 663/771/610
f 690/798/611 691/799/611 692/800/611 693/801/611
f 694/802/612 695/803/612 692/800/612 691/799/612
f 696/804/613 693/801/613 692/800/613 695/803/613
f 509/617/614 513/621/614 697/805/614 698/806/614
f 513/621/615 512/620/615 688/796/615 697/805/615
f 697/805/616 688/796/616 663/771/616 670/778/616
f 698/806/617 697/805/617 670/778/617 669/777/617
f 399/507/618 699/807/618 700/808/618 701/809/618
f 699/807/619 509/617/619 698/806/619 700/808/619
f 700/808/620 698/806/620 669/777/620 674/782/620
f 701/809/621 700/808/621 674/782/621 673/781/621
f 702/810/622 703/811/622 704/812/622 705/813/622
f 706/814/623 707/815/623 704/812/623 703/811/623
f 708/816/624 705/813/624 704/812/624 707/815/624
f 393/501/625 396/504/625 709/817/625 689/797/625
f 396/504/626 399/507/626 701/809/626 709/817/626
f 709/817/627 701/809/627 673/781/627 684/792/627
f 689/797/628 709/817/628 684/792/628 667/775/628
f 710/818/629 711/819/629 712/820/629 713/821/629
f 711/819/630 714/822/630 715/823/630 712/820/630
f 712/820/631 715/823/631 716/824/631 717/825/631
f 713/821/632 712/820/632 717/825/632 718/826/632
f 719/827/633 720/828/633 721/829/633 722/830/633
f 720/828/634 723/831/634 724/832/634 721/829/634
f 721/829/635 724/832/635 725/833/635 726/834/635
f 722/830/636 721/829/636 726/834/636 727/835/636
f 728/836/637 729/837/637 730/838/637 731/839/637
f 681/789/638 678/786/638 730/838/638 729/837/638
f 677/785/639 731/839/639 730/838/639 678/786/639
f 677/785/640 680/788/640 732/840/640 733/841/640
f 680/788/641 683/791/641 734/842/641 732/840/641
f 732/840/642 734/842/642 696/804/642 735/843/642
f 733/841/643 732/840/643 735/843/643 736/844/643
f 737/845/644 738/846/644 739/847/644 740/848/644
f 738/846/645 741/849/645 742/850/645 739/847/645
f 739/847/646 742/850/646 743/851/646 744/852/646
f 740/848/647 739/847/647 744/852/647 745/853/647
f 746/854/648 747/855/648 748/856/648 749/857/648
f 747/855/649 750/858/649 751/859/649 748/856/649
f 748/856/650 751/859/650 752/860/650 753/861/650
f 749/857/651 748/856/651 753/861/651 754/862/651
f 572/680/652 571/679/652 755/863/652 756/864/652
f 571/679/653 570/678/653 757/865/653 755/863/653
f 755/863/654 757/865/654 550/658/654 549/657/654
f 756/864/655 755/863/655 549/657/655 548/656/655
f 517/625/656 565/673/656 758/866/656 520/628/656
f 565/673/657 456/564/657 459/567/657 758/866/657
f 758/866/658 459/567/658 393/501/658 759/867/658
f 520/628/659 758/866/659 759/867/659 521/629/659
f 760/868/660 761/869/660 762/870/660 763/871/660
f 761/869/661 764/872/661 765/873/661 762/870/661
f 762/870/662 765/873/662 766/874/662 767/875/662
f 763/871/663 762/870/663 767/875/663 768/876/663
f 769/877/664 770/878/664 771/879/664 772/880/664
f 770/878/665 773/881/665 774/882/665 771/879/665
f 771/879/666 774/882/666 775/883/666 776/884/666
f 772/880/667 771/879/667 776/884/667 777/885/667
f 451/559/668 778/886/668 779/887/668 454/562/668
f 778/886/669 503/611/669 506/614/669 779/887/669
f 779/887/670 506/614/670 509/617/670 780/888/670
f 454/562/671 779/887/671 780/888/671 455/563/671
f 537/645/672 535/643/672 781/889/672 782/890/672
f 535/643/673 502/610/673 523/631/673 781/889/673
f 781/889/674 523/631/674 512/620/674 510/618/674
f 782/890/675 781/889/675 510/618/675 507/615/675
f 783/891/676 784/892/676 785/893/676 786/894/676
f 784/892/677 787/895/677 788/896/677 785/893/677
f 785/893/678 788/896/678 789/897/678 790/898/678
f 786/894/679 785/893/679 790/898/679 791/899/679
f 792/900/680 793/901/680 794/902/680 795/903/680
f 796/904/681 797/905/681 794/902/681 793/901/681
f 798/906/682 795/903/682 794/902/682 797/905/682
f 478/586/683 481/589/683 799/907/683 577/685/683
f 481/589/684 409/517/684 412/520/684 799/907/684
f 799/907/685 412/520/685 399/507/685 398/506/685
f 577/685/686 799/907/686 398/506/686 397/505/686
f 413/521/687 468/576/687 800/908/687 414/522/687
f 468/576/688 455/563/688 780/888/688 800/908/688
f 800/908/689 780/888/689 509/617/689 699/807/689
f 414/522/690 800/908/690 699/807/690 399/507/690
f 801/909/691 802/910/691 803/911/691 804/912/691
f 802/910/692 805/913/692 806/914/692 803/911/692
f 803/911/693 806/914/693 807/915/693 808/916/693
f 804/912/694 803/911/694 808/916/694 809/917/694
f 512/620/695 524/632/695 810/918/695 686/794/695
f 524/632/696 500/608/696 526/634/696 810/918/696
f 810/918/697 526/634/697 521/629/697 759/867/697
f 686/794/698 810/918/698 759/867/698 393/501/698
f 811/919/699 812/920/699 813/921/699 814/922/699
f 812/920/700 815/923/700 816/924/700 813/921/700
f 813/921/701 816/924/701 817/925/701 818/926/701
f 814/922/702 813/921/702 818/926/702 819/927/702
f 728/836/703 820/928/703 821/929/703 729/837/703
f 820/928/704 822/930/704 823/931/704 821/929/704
f 821/929/705 823/931/705 824/932/705 825/933/705
f 729/837/706 821/929/706 825/933/706 681/789/706
f 681/789/707 825/933/707 826/934/707 682/790/707
f 825/933/708 824/932/708 827/935/708 826/934/708
f 826/934/709 827/935/709 828/936/709 829/937/709
f 682/790/710 826/934/710 829/937/710 683/791/710
f 683/791/711 829/937/711 830/938/711 831/939/711
f 829/937/712 828/936/712 832/940/712 830/938/712
f 830/938/713 832/940/713 833/941/713 834/942/713
f 831/939/714 830/938/714 834/942/714 835/943/714
f 835/943/715 834/942/715 836/944/715 837/945/715
f 834/942/716 833/941/716 838/946/716 836/944/716
f 836/944/717 838/946/717 822/930/717 820/928/717
f 837/945/718 836/944/718 820/928/718 728/836/718
f 585/693/719 609/717/719 839/947/719 586/694/719
f 609/717/720 606/714/720 605/713/720 839/947/720
f 839/947/721 605/713/721 600/708/721 599/707/721
f 586/694/722 839/947/722 599/707/722 587/695/722
f 660/768/723 659/767/723 840/948/723 841/949/723
f 659/767/724 658/766/724 842/950/724 840/948/724
f 840/948/725 842/950/725 843/951/725 844/952/725
f 841/949/726 840/948/726 844/952/726 845/953/726
f 792/900/727 795/903/727 846/954/727 847/955/727
f 795/903/728 798/906/728 848/956/728 846/954/728
f 846/954/729 848/956/729 849/957/729 850/958/729
f 847/955/730 846/954/730 850/958/730 851/959/730
f 637/745/731 852/960/731 853/961/731 638/746/731
f 852/960/732 854/962/732 855/963/732 853/961/732
f 853/961/733 855/963/733 856/964/733 857/965/733
f 638/746/734 853/961/734 857/965/734 639/747/734
f 706/814/735 858/966/735 859/967/735 707/815/735
f 858/966/736 677/785/736 733/841/736 859/967/736
f 859/967/737 733/841/737 736/844/737 860/968/737
f 707/815/738 859/967/738 860/968/738 708/816/738
f 854/962/739 861/969/739 862/970/739 855/963/739
f 861/969/740 660/768/740 841/949/740 862/970/740
f 862/970/741 841/949/741 845/953/741 863/971/741
f 855/963/742 862/970/742 863/971/742 856/964/742
f 864/972/743 865/973/743 866/974/743 867/975/743
f 865/973/744 702/810/744 705/813/744 866/974/744
f 866/974/745 705/813/745 708/816/745 868/976/745
f 867/975/746 866/974/746 868/976/746 694/802/746
f 702/810/747 865/973/747 869/977/747 870/978/747
f 865/973/748 864/972/748 871/979/748 869/977/748
f 869/977/749 871/979/749 835/943/749 837/945/749
f 870/978/750 869/977/750 837/945/750 728/836/750
f 592/700/751 872/980/751 873/981/751 593/701/751
f 872/980/752 572/680/752 756/864/752 873/981/752
f 873/981/753 756/864/753 548/656/753 874/982/753
f 593/701/754 873/981/754 874/982/754 594/702/754
f 588/696/755 591/699/755 875/983/755 876/984/755
f 591/699/756 594/702/756 877/985/756 875/983/756
f 875/983/757 877/985/757 464/572/757 461/569/757
f 876/984/758 875/983/758 461/569/758 460/568/758
f 464/572/759 878/986/759 879/987/759 465/573/759
f 878/986/760 544/652/760 547/655/760 879/987/760
f 879/987/761 547/655/761 550/658/761 880/988/761
f 465/573/762 879/987/762 880/988/762 466/574/762
f 881/989/763 882/990/763 883/991/763 884/992/763
f 882/990/764 796/904/764 793/901/764 883/991/764
f 883/991/765 793/901/765 792/900/765 885/993/765
f 884/992/766 883/991/766 885/993/766 886/994/766
f 887/995/767 888/996/767 889/997/767 890/998/767
f 888/996/768 851/959/768 850/958/768 889/997/768
f 889/997/769 850/958/769 849/957/769 891/999/769
f 890/998/770 889/997/770 891/999/770 892/1000/770
f 690/798/771 693/801/771 893/1001/771 894/1002/771
f 693/801/772 696/804/772 734/842/772 893/1001/772
f 893/1001/773 734/842/773 683/791/773 831/939/773
f 894/1002/774 893/1001/774 831/939/774 835/943/774
f 566/674/775 895/1003/775 896/1004/775 567/675/775
f 895/1003/776 588/696/776 876/984/776 896/1004/776
f 896/1004/777 876/984/777 460/568/777 897/1005/777
f 567/675/778 896/1004/778 897/1005/778 570/678/778
f 639/747/779 857/965/779 898/1006/779 899/1007/779
f 857/965/780 856/964/780 900/1008/780 898/1006/780
f 898/1006/781 900/1008/781 901/1009/781 902/1010/781
f 899/1007/782 898/1006/782 902/1010/782 903/1011/782
f 886/994/783 904/1012/783 905/1013/783 906/1014/783
f 904/1012/784 887/995/784 907/1015/784 905/1013/784
f 905/1013/785 907/1015/785 626/734/785 908/1016/785
f 906/1014/786 905/1013/786 908/1016/786 909/1017/786
f 654/762/787 910/1018/787 911/1019/787 655/763/787
f 910/1018/788 637/745/788 634/742/788 911/1019/788
f 911/1019/789 634/742/789 633/741/789 912/1020/789
f 655/763/790 911/1019/790 912/1020/790 658/766/790
f 658/766/791 913/1021/791 914/1022/791 842/950/791
f 913/1021/792 903/1011/792 902/1010/792 914/1022/792
f 914/1022/793 902/1010/793 901/1009/793 915/1023/793
f 842/950/794 914/1022/794 915/1023/794 843/951/794
f 916/1024/795 917/1025/795 918/1026/795 919/1027/795
f 917/1025/796 632/740/796 920/1028/796 918/1026/796
f 918/1026/797 920/1028/797 849/957/797 848/956/797
f 919/1027/798 918/1026/798 848/956/798 798/906/798
f 887/995/799 890/998/799 921/1029/799 907/1015/799
f 890/998/800 892/1000/800 922/1030/800 921/1029/800
f 921/1029/801 922/1030/801 630/738/801 627/735/801
f 907/1015/802 921/1029/802 627/735/802 626/734/802
f 923/1031/803 924/1032/803 925/1033/803 926/1034/803
f 924/1032/804 927/1035/804 928/1036/804 925/1033/804
f 925/1033/805 928/1036/805 929/1037/805 930/1038/805
f 926/1034/806 925/1033/806 930/1038/806 931/1039/806
f 909/1017/807 932/1040/807 933/1041/807 906/1014/807
f 932/1040/808 916/1024/808 934/1042/808 933/1041/808
f 933/1041/809 934/1042/809 881/989/809 884/992/809
f 906/1014/810 933/1041/810 884/992/810 886/994/810
f 404/512/811 935/1043/811 936/1044/811 405/513/811
f 935/1043/812 937/1045/812 938/1046/812 936/1044/812
f 936/1044/813 938/1046/813 527/635/813 551/659/813
f 405/513/814 936/1044/814 551/659/814 406/514/814
f 937/1045/815 939/1047/815 940/1048/815 938/1046/815
f 939/1047/816 415/523/816 418/526/816 940/1048/816
f 940/1048/817 418/526/817 420/528/817 528/636/817
f 938/1046/818 940/1048/818 528/636/818 527/635/818
f 941/1049/819 942/1050/819 943/1051/819 944/1052/819
f 942/1050/820 945/1053/820 946/1054/820 943/1051/820
f 943/1051/821 946/1054/821 400/508/821 416/524/821
f 944/1052/822 943/1051/822 416/524/822 415/523/822
f 945/1053/823 947/1055/823 948/1056/823 946/1054/823
f 947/1055/824 949/1057/824 950/1058/824 948/1056/824
f 948/1056/825 950/1058/825 404/512/825 401/509/825
f 946/1054/826 948/1056/826 401/509/826 400/508/826
f 949/1057/827 951/1059/827 952/1060/827 950/1058/827
f 951/1059/828 953/1061/828 954/1062/828 952/1060/828
f 952/1060/829 954/1062/829 937/1045/829 935/1043/829
f 950/1058/830 952/1060/830 935/1043/830 404/512/830
f 953/1061/831 955/1063/831 956/1064/831 954/1062/831
f 955/1063/832 941/1049/832 944/1052/832 956/1064/832
f 956/1064/833 944/1052/833 415/523/833 939/1047/833
f 954/1062/834 956/1064/834 939/1047/834 937/1045/834
f 550/658/835 757/865/835 957/1065/835 958/1066/835
f 757/865/836 570/678/836 959/1067/836 957/1065/836
f 957/1065/837 959/1067/837 945/1053/837 942/1050/837
f 958/1066/838 957/1065/838 942/1050/838 941/1049/838
f 570/678/839 897/1005/839 960/1068/839 959/1067/839
f 897/1005/840 460/568/840 961/1069/840 960/1068/840
f 960/1068/841 961/1069/841 949/1057/841 947/1055/841
f 959/1067/842 960/1068/842 947/1055/842 945/1053/842
f 460/568/843 463/571/843 962/1070/843 961/1069/843
f 463/571/844 466/574/844 963/1071/844 962/1070/844
f 962/1070/845 963/1071/845 953/1061/845 951/1059/845
f 961/1069/846 962/1070/846 951/1059/846 949/1057/846
f 466/574/847 880/988/847 964/1072/847 963/1071/847
f 880/988/848 550/658/848 958/1066/848 964/1072/848
f 964/1072/849 958/1066/849 941/1049/849 955/1063/849
f 963/1071/850 964/1072/850 955/1063/850 953/1061/850
f 965/1073/851 966/1074/851 967/1075/851 968/1076/851
f 966/1074/852 969/1077/852 970/1078/852 967/1075/852
f 967/1075/853 970/1078/853 436/544/853 442/550/853
f 968/1076/854 967/1075/854 442/550/854 425/533/854
f 969/1077/855 971/1079/855 972/1080/855 970/1078/855
f 971/1079/856 973/1081/856 974/1082/856 972/1080/856
f 972/1080/857 974/1082/857 430/538/857 437/545/857
f 970/1078/858 972/1080/858 437/545/858 436/544/858
f 973/1081/859 975/1083/859 976/1084/859 974/1082/859
f 975/1083/860 977/1085/860 978/1086/860 976/1084/860
f 976/1084/861 978/1086/861 421/529/861 431/539/861
f 974/1082/862 976/1084/862 431/539/862 430/538/862
f 977/1085/863 979/1087/863 980/1088/863 978/1086/863
f 979/1087/864 965/1073/864 968/1076/864 980/1088/864
f 980/1088/865 968/1076/865 425/533/865 422/530/865
f 978/1086/866 980/1088/866 422/530/866 421/529/866
f 658/766/867 912/1020/867 981/1089/867 982/1090/867
f 912/1020/868 633/741/868 983/1091/868 981/1089/868
f 981/1089/869 983/1091/869 969/1077/869 966/1074/869
f 982/1090/870 981/1089/870 966/1074/870 965/1073/870
f 633/741/871 636/744/871 984/1092/871 983/1091/871
f 636/744/872 639/747/872 985/1093/872 984/1092/872
f 984/1092/873 985/1093/873 973/1081/873 971/1079/873
f 983/1091/874 984/1092/874 971/1079/874 969/1077/874
f 639/747/875 899/1007/875 986/1094/875 985/1093/875
f 899/1007/876 903/1011/876 987/1095/876 986/1094/876
f 986/1094/877 987/1095/877 977/1085/877 975/1083/877
f 985/1093/878 986/1094/878 975/1083/878 973/1081/878
f 903/1011/879 913/1021/879 988/1096/879 987/1095/879
f 913/1021/880 658/766/880 982/1090/880 988/1096/880
f 988/1096/881 982/1090/881 965/1073/881 979/1087/881
f 987/1095/882 988/1096/882 979/1087/882 977/1085/882
f 989/1097/883 990/1098/883 991/1099/883 992/1100/883
f 990/1098/884 993/1101/884 994/1102/884 991/1099/884
f 991/1099/885 994/1102/885 488/596/885 494/602/885
f 992/1100/886 991/1099/886 494/602/886 473/581/886
f 993/1101/887 995/1103/887 996/1104/887 994/1102/887
f 995/1103/888 997/1105/888 998/1106/888 996/1104/888
f 996/1104/889 998/1106/889 482/590/889 489/597/889
f 994/1102/890 996/1104/890 489/597/890 488/596/890
f 997/1105/891 999/1107/891 1000/1108/891 998/1106/891
f 999/1107/892 1001/1109/892 1002/1110/892 1000/1108/892
f 1000/1108/893 1002/1110/893 469/577/893 483/591/893
f 998/1106/894 1000/1108/894 483/591/894 482/590/894
f 1001/1109/895 1003/1111/895 1004/1112/895 1002/1110/895
f 1003/1111/896 989/1097/896 992/1100/896 1004/1112/896
f 1004/1112/897 992/1100/897 473/581/897 470/578/897
f 1002/1110/898 1004/1112/898 470/578/898 469/577/898
f 736/844/899 735/843/899 1005/1113/899 1006/1114/899
f 735/843/900 696/804/900 1007/1115/900 1005/1113/900
f 1005/1113/901 1007/1115/901 993/1101/901 990/1098/901
f 1006/1114/902 1005/1113/902 990/1098/902 989/1097/902
f 696/804/903 695/803/903 1008/1116/903 1007/1115/903
f 695/803/904 694/802/904 1009/1117/904 1008/1116/904
f 1008/1116/905 1009/1117/905 997/1105/905 995/1103/905
f 1007/1115/906 1008/1116/906 995/1103/906 993/1101/906
f 694/802/907 868/976/907 1010/1118/907 1009/1117/907
f 868/976/908 708/816/908 1011/1119/908 1010/1118/908
f 1010/1118/909 1011/1119/909 1001/1109/909 999/1107/909
f 1009/1117/910 1010/1118/910 999/1107/910 997/1105/910
f 708/816/911 860/968/911 1012/1120/911 1011/1119/911
f 860/968/912 736/844/912 1006/1114/912 1012/1120/912
f 1012/1120/913 1006/1114/913 989/1097/913 1003/1111/913
f 1011/1119/914 1012/1120/914 1003/1111/914 1001/1109/914
f 1013/1121/915 1014/1122/915 1015/1123/915 1016/1124/915
f 1014/1122/916 1017/1125/916 1018/1126/916 1015/1123/916
f 1015/1123/917 1018/1126/917 507/615/917 504/612/917
f 1016/1124/918 1015/1123/918 504/612/918 503/611/918
f 1017/1125/919 1019/1127/919 1020/1128/919 1018/1126/919
f 1019/1127/920 1021/1129/920 1022/1130/920 1020/1128/920
f 1020/1128/921 1022/1130/921 537/645/921 782/890/921
f 1018/1126/922 1020/1128/922 782/890/922 507/615/922
f 1021/1129/923 1023/1131/923 1024/1132/923 1022/1130/923
f 1023/1131/924 1025/1133/924 1026/1134/924 1024/1132/924
f 1024/1132/925 1026/1134/925 451/559/925 542/650/925
f 1022/1130/926 1024/1132/926 542/650/926 537/645/926
f 1025/1133/927 1027/1135/927 1028/1136/927 1026/1134/927
f 1027/1135/928 1013/1121/928 1016/1124/928 1028/1136/928
f 1028/1136/929 1016/1124/929 503/611/929 778/886/929
f 1026/1134/930 1028/1136/930 778/886/930 451/559/930
f 886/994/931 885/993/931 1029/1137/931 1030/1138/931
f 885/993/932 792/900/932 1031/1139/932 1029/1137/932
f 1029/1137/933 1031/1139/933 1017/1125/933 1014/1122/933
f 1030/1138/934 1029/1137/934 1014/1122/934 1013/1121/934
f 792/900/935 847/955/935 1032/1140/935 1031/1139/935
f 847/955/936 851/959/936 1033/1141/936 1032/1140/936
f 1032/1140/937 1033/1141/937 1021/1129/937 1019/1127/937
f 1031/1139/938 1032/1140/938 1019/1127/938 1017/1125/938
f 851/959/939 888/996/939 1034/1142/939 1033/1141/939
f 888/996/940 887/995/940 1035/1143/940 1034/1142/940
f 1034/1142/941 1035/1143/941 1025/1133/941 1023/1131/941
f 1033/1141/942 1034/1142/942 1023/1131/942 1021/1129/942
f 887/995/943 904/1012/943 1036/1144/943 1035/1143/943
f 904/1012/944 886/994/944 1030/1138/944 1036/1144/944
f 1036/1144/945 1030/1138/945 1013/1121/945 1027/1135/945
f 1035/1143/946 1036/1144/946 1027/1135/946 1025/1133/946
f 1037/1145/947 1038/1146/947 1039/1147/947 1040/1148/947
f 1038/1146/948 1041/1149/948 1042/1150/948 1039/1147/948
f 1039/1147/949 1042/1150/949 630/738/949 922/1030/949
f 1040/1148/950 1039/1147/950 922/1030/950 892/1000/950
f 1041/1149/951 1043/1151/951 1044/1152/951 1042/1150/951
f 1043/1151/952 1045/1153/952 1046/1154/952 1044/1152/952
f 1044/1152/953 1046/1154/953 632/740/953 631/739/953
f 1042/1150/954 1044/1152/954 631/739/954 630/738/954
f 1045/1153/955 1047/1155/955 1048/1156/955 1046/1154/955
f 1047/1155/956 1049/1157/956 1050/1158/956 1048/1156/956
f 1048/1156/957 1050/1158/957 849/957/957 920/1028/957
f 1046/1154/958 1048/1156/958 920/1028/958 632/740/958
f 1049/1157/959 1051/1159/959 1052/1160/959 1050/1158/959
f 1051/1159/960 1037/1145/960 1040/1148/960 1052/1160/960
f 1052/1160/961 1040/1148/961 892/1000/961 891/999/961
f 1050/1158/962 1052/1160/962 891/999/962 849/957/962
f 1053/1161/963 1054/1162/963 1055/1163/963 1056/1164/963
f 1054/1162/964 1057/1165/964 1058/1166/964 1055/1163/964
f 1055/1163/965 1058/1166/965 1041/1149/965 1038/1146/965
f 1056/1164/966 1055/1163/966 1038/1146/966 1037/1145/966
f 1057/1165/967 1059/1167/967 1060/1168/967 1058/1166/967
f 1059/1167/968 1061/1169/968 1062/1170/968 1060/1168/968
f 1060/1168/969 1062/1170/969 1045/1153/969 1043/1151/969
f 1058/1166/970 1060/1168/970 1043/1151/970 1041/1149/970
f 1061/1169/971 1063/1171/971 1064/1172/971 1062/1170/971
f 1063/1171/972 1065/1173/972 1066/1174/972 1064/1172/972
f 1064/1172/973 1066/1174/973 1049/1157/973 1047/1155/973
f 1062/1170/974 1064/1172/974 1047/1155/974 1045/1153/974
f 1065/1173/975 1067/1175/975 1068/1176/975 1066/1174/975
f 1067/1175/976 1053/1161/976 1056/1164/976 1068/1176/976
f 1068/1176/977 1056/1164/977 1037/1145/977 1051/1159/977
f 1066/1174/978 1068/1176/978 1051/1159/978 1049/1157/978
f 1069/1177/979 1070/1178/979 1071/1179/979 1072/1180/979
f 1070/1178/980 1073/1181/980 1074/1182/980 1071/1179/980
f 1071/1179/981 1074/1182/981 1057/1165/981 1054/1162/981
f 1072/1180/982 1071/1179/982 1054/1162/982 1053/1161/982
f 1073/1181/983 1075/1183/983 1076/1184/983 1074/1182/983
f 1075/1183/984 1077/1185/984 1078/1186/984 1076/1184/984
f 1076/1184/985 1078/1186/985 1061/1169/985 1059/1167/985
f 1074/1182/983 1076/1184/983 1059/1167/983 1057/1165/983
f 1077/1185/986 1079/1187/986 1080/1188/986 1078/1186/986
f 1079/1187/987 1081/1189/987 1082/1190/987 1080/1188/987
f 1080/1188/988 1082/1190/988 1065/1173/988 1063/1171/988
f 1078/1186/986 1080/1188/986 1063/1171/986 1061/1169/986
f 1081/1189/989 1083/1191/989 1084/1192/989 1082/1190/989
f 1083/1191/990 1069/1177/990 1072/1180/990 1084/1192/990
f 1084/1192/991 1072/1180/991 1053/1161/991 1067/1175/991
f 1082/1190/992 1084/1192/992 1067/1175/992 1065/1173/992
f 931/1039/993 930/1038/993 1085/1193/993 1086/1194/993
f 930/1038/994 929/1037/994 1087/1195/994 1085/1193/994
f 1085/1193/995 1087/1195/995 1073/1181/995 1070/1178/995
f 1086/1194/996 1085/1193/996 1070/1178/996 1069/1177/996
f 929/1037/997 928/1036/997 1088/1196/997 1087/1195/997
f 928/1036/998 927/1035/998 1089/1197/998 1088/1196/998
f 1088/1196/999 1089/1197/999 1077/1185/999 1075/1183/999
f 1087/1195/1000 1088/1196/1000 1075/1183/1000 1073/1181/1000
f 927/1035/1001 924/1032/1001 1090/1198/1001 1089/1197/1001
f 924/1032/1002 923/1031/1002 1091/1199/1002 1090/1198/1002
f 1090/1198/1003 1091/1199/1003 1081/1189/1003 1079/1187/1003
f 1089/1197/1004 1090/1198/1004 1079/1187/1004 1077/1185/1004
f 923/1031/1005 926/1034/1005 1092/1200/1005 1091/1199/1005
f 926/1034/1006 931/1039/1006 1086/1194/1006 1092/1200/1006
f 1092/1200/1007 1086/1194/1007 1069/1177/1007 1083/1191/1007
f 1091/1199/1008 1092/1200/1008 1083/1191/1008 1081/1189/1008
f 1093/1201/1009 1094/1202/1009 1095/1203/1009 1096/1204/1009
f 1094/1202/1010 1097/1205/1010 1098/1206/1010 1095/1203/1010
f 1095/1203/1011 1098/1206/1011 796/904/1011 882/990/1011
f 1096/1204/1012 1095/1203/1012 882/990/1012 881/989/1012
f 1097/1205/1013 1099/1207/1013 1100/1208/1013 1098/1206/1013
f 1099/1207/1014 1101/1209/1014 1102/1210/1014 1100/1208/1014
f 1100/1208/1015 1102/1210/1015 798/906/1015 797/905/1015
f 1098/1206/1016 1100/1208/1016 797/905/1016 796/904/1016
f 1101/1209/1017 1103/1211/1017 1104/1212/1017 1102/1210/1017
f 1103/1211/1018 1105/1213/1018 1106/1214/1018 1104/1212/1018
f 1104/1212/1019 1106/1214/1019 916/1024/1019 919/1027/1019
f 1102/1210/1020 1104/1212/1020 919/1027/1020 798/906/1020
f 1105/1213/1021 1107/1215/1021 1108/1216/1021 1106/1214/1021
f 1107/1215/1022 1093/1201/1022 1096/1204/1022 1108/1216/1022
f 1108/1216/1023 1096/1204/1023 881/989/1023 934/1042/1023
f 1106/1214/1024 1108/1216/1024 934/1042/1024 916/1024/1024
f 1109/1217/1025 1110/1218/1025 1111/1219/1025 1112/1220/1025
f 1110/1218/1026 1113/1221/1026 1114/1222/1026 1111/1219/1026
f 1111/1219/1027 1114/1222/1027 1097/1205/1027 1094/1202/1027
f 1112/1220/1028 1111/1219/1028 1094/1202/1028 1093/1201/1028
f 1113/1221/1029 1115/1223/1029 1116/1224/1029 1114/1222/1029
f 1115/1223/1030 1117/1225/1030 1118/1226/1030 1116/1224/1030
f 1116/1224/1031 1118/1226/1031 1101/1209/1031 1099/1207/1031
f 1114/1222/1032 1116/1224/1032 1099/1207/1032 1097/1205/1032
f 1117/1225/1033 1119/1227/1033 1120/1228/1033 1118/1226/1033
f 1119/1227/1034 1121/1229/1034 1122/1230/1034 1120/1228/1034
f 1120/1228/1035 1122/1230/1035 1105/1213/1035 1103/1211/1035
f 1118/1226/1036 1120/1228/1036 1103/1211/1036 1101/1209/1036
f 1121/1229/1037 1123/1231/1037 1124/1232/1037 1122/1230/1037
f 1123/1231/1038 1109/1217/1038 1112/1220/1038 1124/1232/1038
f 1124/1232/1039 1112/1220/1039 1093/1201/1039 1107/1215/1039
f 1122/1230/1040 1124/1232/1040 1107/1215/1040 1105/1213/1040
f 1125/1233/1041 1126/1234/1041 1127/1235/1041 1128/1236/1041
f 1126/1234/1026 1129/1237/1026 1130/1238/1026 1127/1235/1026
f 1127/1235/1042 1130/1238/1042 1113/1221/1042 1110/1218/1042
f 1128/1236/1041 1127/1235/1041 1110/1218/1041 1109/1217/1041
f 1129/1237/1043 1131/1239/1043 1132/1240/1043 1130/1238/1043
f 1131/1239/1044 1133/1241/1044 1134/1242/1044 1132/1240/1044
f 1132/1240/1045 1134/1242/1045 1117/1225/1045 1115/1223/1045
f 1130/1238/1046 1132/1240/1046 1115/1223/1046 1113/1221/1046
f 1133/1241/1047 1135/1243/1047 1136/1244/1047 1134/1242/1047
f 1135/1243/1048 1137/1245/1048 1138/1246/1048 1136/1244/1048
f 1136/1244/1049 1138/1246/1049 1121/1229/1049 1119/1227/1049
f 1134/1242/1047 1136/1244/1047 1119/1227/1047 1117/1225/1047
f 1137/1245/1050 1139/1247/1050 1140/1248/1050 1138/1246/1050
f 1139/1247/1051 1125/1233/1051 1128/1236/1051 1140/1248/1051
f 1140/1248/1051 1128/1236/1051 1109/1217/1051 1123/1231/1051
f 1138/1246/1050 1140/1248/1050 1123/1231/1050 1121/1229/1050
f 1141/1249/1041 1142/1250/1041 1143/1251/1041 1144/1252/1041
f 1142/1250/1052 1145/1253/1052 1146/1254/1052 1143/1251/1052
f 1143/1251/1053 1146/1254/1053 1129/1237/1053 1126/1234/1053
f 1144/1252/1041 1143/1251/1041 1126/1234/1041 1125/1233/1041
f 1145/1253/1054 1147/1255/1054 1148/1256/1054 1146/1254/1054
f 1147/1255/1045 1149/1257/1045 1150/1258/1045 1148/1256/1045
f 1148/1256/1044 1150/1258/1044 1133/1241/1044 1131/1239/1044
f 1146/1254/1046 1148/1256/1046 1131/1239/1046 1129/1237/1046
f 1149/1257/1055 1151/1259/1055 1152/1260/1055 1150/1258/1055
f 1151/1259/1048 1153/1261/1048 1154/1262/1048 1152/1260/1048
f 1152/1260/1048 1154/1262/1048 1137/1245/1048 1135/1243/1048
f 1150/1258/1047 1152/1260/1047 1135/1243/1047 1133/1241/1047
f 1153/1261/1056 1155/1263/1056 1156/1264/1056 1154/1262/1056
f 1155/1263/1051 1141/1249/1051 1144/1252/1051 1156/1264/1051
f 1156/1264/1057 1144/1252/1057 1125/1233/1057 1139/1247/1057
f 1154/1262/1056 1156/1264/1056 1139/1247/1056 1137/1245/1056
f 819/927/1058 818/926/1058 1157/1265/1058 1158/1266/1058
f 818/926/1059 817/925/1059 1159/1267/1059 1157/1265/1059
f 1157/1265/1060 1159/1267/1060 1145/1253/1060 1142/1250/1060
f 1158/1266/1061 1157/1265/1061 1142/1250/1061 1141/1249/1061
f 817/925/1062 816/924/1062 1160/1268/1062 1159/1267/1062
f 816/924/1063 815/923/1063 1161/1269/1063 1160/1268/1063
f 1160/1268/1064 1161/1269/1064 1149/1257/1064 1147/1255/1064
f 1159/1267/1065 1160/1268/1065 1147/1255/1065 1145/1253/1065
f 815/923/1066 812/920/1066 1162/1270/1066 1161/1269/1066
f 812/920/1067 811/919/1067 1163/1271/1067 1162/1270/1067
f 1162/1270/1068 1163/1271/1068 1153/1261/1068 1151/1259/1068
f 1161/1269/1069 1162/1270/1069 1151/1259/1069 1149/1257/1069
f 811/919/1070 814/922/1070 1164/1272/1070 1163/1271/1070
f 814/922/1071 819/927/1071 1158/1266/1071 1164/1272/1071
f 1164/1272/1072 1158/1266/1072 1141/1249/1072 1155/1263/1072
f 1163/1271/1073 1164/1272/1073 1155/1263/1073 1153/1261/1073
f 1165/1273/1074 1166/1274/1074 1167/1275/1074 1168/1276/1074
f 1166/1274/1075 1169/1277/1075 1170/1278/1075 1167/1275/1075
f 1167/1275/1076 1170/1278/1076 909/1017/1076 908/1016/1076
f 1168/1276/1077 1167/1275/1077 908/1016/1077 626/734/1077
f 1169/1277/1078 1171/1279/1078 1172/1280/1078 1170/1278/1078
f 1171/1279/1079 1173/1281/1079 1174/1282/1079 1172/1280/1079
f 1172/1280/1080 1174/1282/1080 916/1024/1080 932/1040/1080
f 1170/1278/1081 1172/1280/1081 932/1040/1081 909/1017/1081
f 1173/1281/1082 1175/1283/1082 1176/1284/1082 1174/1282/1082
f 1175/1283/1083 1177/1285/1083 1178/1286/1083 1176/1284/1083
f 1176/1284/1084 1178/1286/1084 632/740/1084 917/1025/1084
f 1174/1282/1085 1176/1284/1085 917/1025/1085 916/1024/1085
f 1177/1285/1086 1179/1287/1086 1180/1288/1086 1178/1286/1086
f 1179/1287/1087 1165/1273/1087 1168/1276/1087 1180/1288/1087
f 1180/1288/1088 1168/1276/1088 626/734/1088 629/737/1088
f 1178/1286/1089 1180/1288/1089 629/737/1089 632/740/1089
f 1181/1289/1090 1182/1290/1090 1183/1291/1090 1184/1292/1090
f 1182/1290/1091 1185/1293/1091 1186/1294/1091 1183/1291/1091
f 1183/1291/1092 1186/1294/1092 1169/1277/1092 1166/1274/1092
f 1184/1292/1093 1183/1291/1093 1166/1274/1093 1165/1273/1093
f 1185/1293/1094 1187/1295/1094 1188/1296/1094 1186/1294/1094
f 1187/1295/1095 1189/1297/1095 1190/1298/1095 1188/1296/1095
f 1188/1296/1096 1190/1298/1096 1173/1281/1096 1171/1279/1096
f 1186/1294/1097 1188/1296/1097 1171/1279/1097 1169/1277/1097
f 1189/1297/1098 1191/1299/1098 1192/1300/1098 1190/1298/1098
f 1191/1299/1099 1193/1301/1099 1194/1302/1099 1192/1300/1099
f 1192/1300/1100 1194/1302/1100 1177/1285/1100 1175/1283/1100
f 1190/1298/1101 1192/1300/1101 1175/1283/1101 1173/1281/1101
f 1193/1301/1102 1195/1303/1102 1196/1304/1102 1194/1302/1102
f 1195/1303/1103 1181/1289/1103 1184/1292/1103 1196/1304/1103
f 1196/1304/1104 1184/1292/1104 1165/1273/1104 1179/1287/1104
f 1194/1302/1105 1196/1304/1105 1179/1287/1105 1177/1285/1105
f 1197/1305/1106 1198/1306/1106 1199/1307/1106 1200/1308/1106
f 1198/1306/1107 1201/1309/1107 1202/1310/1107 1199/1307/1107
f 1199/1307/1107 1202/1310/1107 1185/1293/1107 1182/1290/1107
f 1200/1308/1108 1199/1307/1108 1182/1290/1108 1181/1289/1108
f 1201/1309/1109 1203/1311/1109 1204/1312/1109 1202/1310/1109
f 1203/1311/1110 1205/1313/1110 1206/1314/1110 1204/1312/1110
f 1204/1312/1111 1206/1314/1111 1189/1297/1111 1187/1295/1111
f 1202/1310/1112 1204/1312/1112 1187/1295/1112 1185/1293/1112
f 1205/1313/1113 1207/1315/1113 1208/1316/1113 1206/1314/1113
f 1207/1315/1114 1209/1317/1114 1210/1318/1114 1208/1316/1114
f 1208/1316/1115 1210/1318/1115 1193/1301/1115 1191/1299/1115
f 1206/1314/1113 1208/1316/1113 1191/1299/1113 1189/1297/1113
f 1209/1317/1116 1211/1319/1116 1212/1320/1116 1210/1318/1116
f 1211/1319/1117 1197/1305/1117 1200/1308/1117 1212/1320/1117
f 1212/1320/1117 1200/1308/1117 1181/1289/1117 1195/1303/1117
f 1210/1318/1118 1212/1320/1118 1195/1303/1118 1193/1301/1118
f 809/917/1119 808/916/1119 1213/1321/1119 1214/1322/1119
f 808/916/1120 807/915/1120 1215/1323/1120 1213/1321/1120
f 1213/1321/1121 1215/1323/1121 1201/1309/1121 1198/1306/1121
f 1214/1322/1122 1213/1321/1122 1198/1306/1122 1197/1305/1122
f 807/915/1123 806/914/1123 1216/1324/1123 1215/1323/1123
f 806/914/1124 805/913/1124 1217/1325/1124 1216/1324/1124
f 1216/1324/1125 1217/1325/1125 1205/1313/1125 1203/1311/1125
f 1215/1323/1126 1216/1324/1126 1203/1311/1126 1201/1309/1126
f 805/913/1127 802/910/1127 1218/1326/1127 1217/1325/1127
f 802/910/1128 801/909/1128 1219/1327/1128 1218/1326/1128
f 1218/1326/1129 1219/1327/1129 1209/1317/1129 1207/1315/1129
f 1217/1325/1130 1218/1326/1130 1207/1315/1130 1205/1313/1130
f 801/909/1131 804/912/1131 1220/1328/1131 1219/1327/1131
f 804/912/1132 809/917/1132 1214/1322/1132 1220/1328/1132
f 1220/1328/1133 1214/1322/1133 1197/1305/1133 1211/1319/1133
f 1219/1327/1134 1220/1328/1134 1211/1319/1134 1209/1317/1134
f 1221/1329/1135 1222/1330/1135 1223/1331/1135 1224/1332/1135
f 1222/1330/1136 1225/1333/1136 1226/1334/1136 1223/1331/1136
f 1223/1331/1137 1226/1334/1137 843/951/1137 915/1023/1137
f 1224/1332/1138 1223/1331/1138 915/1023/1138 901/1009/1138
f 1225/1333/1139 1227/1335/1139 1228/1336/1139 1226/1334/1139
f 1227/1335/1140 1229/1337/1140 1230/1338/1140 1228/1336/1140
f 1228/1336/1141 1230/1338/1141 845/953/1141 844/952/1141
f 1226/1334/1142 1228/1336/1142 844/952/1142 843/951/1142
f 1229/1337/1143 1231/1339/1143 1232/1340/1143 1230/1338/1143
f 1231/1339/1144 1233/1341/1144 1234/1342/1144 1232/1340/1144
f 1232/1340/1145 1234/1342/1145 856/964/1145 863/971/1145
f 1230/1338/1146 1232/1340/1146 863/971/1146 845/953/1146
f 1233/1341/1147 1235/1343/1147 1236/1344/1147 1234/1342/1147
f 1235/1343/1148 1221/1329/1148 1224/1332/1148 1236/1344/1148
f 1236/1344/1149 1224/1332/1149 901/1009/1149 900/1008/1149
f 1234/1342/1150 1236/1344/1150 900/1008/1150 856/964/1150
f 1237/1345/1151 1238/1346/1151 1239/1347/1151 1240/1348/1151
f 1238/1346/1152 1241/1349/1152 1242/1350/1152 1239/1347/1152
f 1239/1347/1153 1242/1350/1153 1225/1333/1153 1222/1330/1153
f 1240/1348/1151 1239/1347/1151 1222/1330/1151 1221/1329/1151
f 1241/1349/1154 1243/1351/1154 1244/1352/1154 1242/1350/1154
f 1243/1351/1155 1245/1353/1155 1246/1354/1155 1244/1352/1155
f 1244/1352/1156 1246/1354/1156 1229/1337/1156 1227/1335/1156
f 1242/1350/1157 1244/1352/1157 1227/1335/1157 1225/1333/1157
f 1245/1353/1158 1247/1355/1158 1248/1356/1158 1246/1354/1158
f 1247/1355/1159 1249/1357/1159 1250/1358/1159 1248/1356/1159
f 1248/1356/1159 1250/1358/1159 1233/1341/1159 1231/1339/1159
f 1246/1354/1160 1248/1356/1160 1231/1339/1160 1229/1337/1160
f 1249/1357/1161 1251/1359/1161 1252/1360/1161 1250/1358/1161
f 1251/1359/1162 1237/1345/1162 1240/1348/1162 1252/1360/1162
f 1252/1360/1163 1240/1348/1163 1221/1329/1163 1235/1343/1163
f 1250/1358/1164 1252/1360/1164 1235/1343/1164 1233/1341/1164
f 1253/1361/1165 1254/1362/1165 1255/1363/1165 1256/1364/1165
f 1254/1362/1153 1257/1365/1153 1258/1366/1153 1255/1363/1153
f 1255/1363/1152 1258/1366/1152 1241/1349/1152 1238/1346/1152
f 1256/1364/1151 1255/1363/1151 1238/1346/1151 1237/1345/1151
f 1257/1365/1166 1259/1367/1166 1260/1368/1166 1258/1366/1166
f 1259/1367/1156 1261/1369/1156 1262/1370/1156 1260/1368/1156
f 1260/1368/1167 1262/1370/1167 1245/1353/1167 1243/1351/1167
f 1258/1366/1154 1260/1368/1154 1243/1351/1154 1241/1349/1154
f 1261/1369/1160 1263/1371/1160 1264/1372/1160 1262/1370/1160
f 1263/1371/1159 1265/1373/1159 1266/1374/1159 1264/1372/1159
f 1264/1372/1168 1266/1374/1168 1249/1357/1168 1247/1355/1168
f 1262/1370/1169 1264/1372/1169 1247/1355/1169 1245/1353/1169
f 1265/1373/1170 1267/1375/1170 1268/1376/1170 1266/1374/1170
f 1267/1375/1162 1253/1361/1162 1256/1364/1162 1268/1376/1162
f 1268/1376/1171 1256/1364/1171 1237/1345/1171 1251/1359/1171
f 1266/1374/1172 1268/1376/1172 1251/1359/1172 1249/1357/1172
f 1269/1377/1173 1270/1378/1173 1271/1379/1173 1272/1380/1173
f 1270/1378/1152 1273/1381/1152 1274/1382/1152 1271/1379/1152
f 1271/1379/1152 1274/1382/1152 1257/1365/1152 1254/1362/1152
f 1272/1380/1173 1271/1379/1173 1254/1362/1173 1253/1361/1173
f 1273/1381/1174 1275/1383/1174 1276/1384/1174 1274/1382/1174
f 1275/1383/1167 1277/1385/1167 1278/1386/1167 1276/1384/1167
f 1276/1384/1167 1278/1386/1167 1261/1369/1167 1259/1367/1167
f 1274/1382/1154 1276/1384/1154 1259/1367/1154 1257/1365/1154
f 1277/1385/1169 1279/1387/1169 1280/1388/1169 1278/1386/1169
f 1279/1387/1168 1281/1389/1168 1282/1390/1168 1280/1388/1168
f 1280/1388/1159 1282/1390/1159 1265/1373/1159 1263/1371/1159
f 1278/1386/1160 1280/1388/1160 1263/1371/1160 1261/1369/1160
f 1281/1389/1175 1283/1391/1175 1284/1392/1175 1282/1390/1175
f 1283/1391/1171 1269/1377/1171 1272/1380/1171 1284/1392/1171
f 1284/1392/1162 1272/1380/1162 1253/1361/1162 1267/1375/1162
f 1282/1390/1175 1284/1392/1175 1267/1375/1175 1265/1373/1175
f 791/899/1176 790/898/1176 1285/1393/1176 1286/1394/1176
f 790/898/1177 789/897/1177 1287/1395/1177 1285/1393/1177
f 1285/1393/1178 1287/1395/1178 1273/1381/1178 1270/1378/1178
f 1286/1394/1179 1285/1393/1179 1270/1378/1179 1269/1377/1179
f 789/897/1180 788/896/1180 1288/1396/1180 1287/1395/1180
f 788/896/1181 787/895/1181 1289/1397/1181 1288/1396/1181
f 1288/1396/1182 1289/1397/1182 1277/1385/1182 1275/1383/1182
f 1287/1395/1183 1288/1396/1183 1275/1383/1183 1273/1381/1183
f 787/895/1184 784/892/1184 1290/1398/1184 1289/1397/1184
f 784/892/1185 783/891/1185 1291/1399/1185 1290/1398/1185
f 1290/1398/1186 1291/1399/1186 1281/1389/1186 1279/1387/1186
f 1289/1397/1187 1290/1398/1187 1279/1387/1187 1277/1385/1187
f 783/891/1188 786/894/1188 1292/1400/1188 1291/1399/1188
f 786/894/1189 791/899/1189 1286/1394/1189 1292/1400/1189
f 1292/1400/1190 1286/1394/1190 1269/1377/1190 1283/1391/1190
f 1291/1399/1191 1292/1400/1191 1283/1391/1191 1281/1389/1191
f 1293/1401/1192 1294/1402/1192 1295/1403/1192 1296/1404/1192
f 1294/1402/1193 1297/1405/1193 1298/1406/1193 1295/1403/1193
f 1295/1403/1194 1298/1406/1194 637/745/1194 910/1018/1194
f 1296/1404/1195 1295/1403/1195 910/1018/1195 654/762/1195
f 1297/1405/1196 1299/1407/1196 1300/1408/1196 1298/1406/1196
f 1299/1407/1197 1301/1409/1197 1302/1410/1197 1300/1408/1197
f 1300/1408/1198 1302/1410/1198 854/962/1198 852/960/1198
f 1298/1406/1199 1300/1408/1199 852/960/1199 637/745/1199
f 1301/1409/1200 1303/1411/1200 1304/1412/1200 1302/1410/1200
f 1303/1411/1201 1305/1413/1201 1306/1414/1201 1304/1412/1201
f 1304/1412/1202 1306/1414/1202 660/768/1202 861/969/1202
f 1302/1410/1203 1304/1412/1203 861/969/1203 854/962/1203
f 1305/1413/1204 1307/1415/1204 1308/1416/1204 1306/1414/1204
f 1307/1415/1205 1293/1401/1205 1296/1404/1205 1308/1416/1205
f 1308/1416/1206 1296/1404/1206 654/762/1206 657/765/1206
f 1306/1414/1207 1308/1416/1207 657/765/1207 660/768/1207
f 1309/1417/1208 1310/1418/1208 1311/1419/1208 1312/1420/1208
f 1310/1418/1209 1313/1421/1209 1314/1422/1209 1311/1419/1209
f 1311/1419/1210 1314/1422/1210 1297/1405/1210 1294/1402/1210
f 1312/1420/1211 1311/1419/1211 1294/1402/1211 1293/1401/1211
f 1313/1421/1212 1315/1423/1212 1316/1424/1212 1314/1422/1212
f 1315/1423/1213 1317/1425/1213 1318/1426/1213 1316/1424/1213
f 1316/1424/1214 1318/1426/1214 1301/1409/1214 1299/1407/1214
f 1314/1422/1215 1316/1424/1215 1299/1407/1215 1297/1405/1215
f 1317/1425/1216 1319/1427/1216 1320/1428/1216 1318/1426/1216
f 1319/1427/1217 1321/1429/1217 1322/1430/1217 1320/1428/1217
f 1320/1428/1218 1322/1430/1218 1305/1413/1218 1303/1411/1218
f 1318/1426/1219 1320/1428/1219 1303/1411/1219 1301/1409/1219
f 1321/1429/1220 1323/1431/1220 1324/1432/1220 1322/1430/1220
f 1323/1431/1221 1309/1417/1221 1312/1420/1221 1324/1432/1221
f 1324/1432/1222 1312/1420/1222 1293/1401/1222 1307/1415/1222
f 1322/1430/1223 1324/1432/1223 1307/1415/1223 1305/1413/1223
f 1325/1433/1224 1326/1434/1224 1327/1435/1224 1328/1436/1224
f 1326/1434/1225 1329/1437/1225 1330/1438/1225 1327/1435/1225
f 1327/1435/1226 1330/1438/1226 1313/1421/1226 1310/1418/1226
f 1328/1436/1227 1327/1435/1227 1310/1418/1227 1309/1417/1227
f 1329/1437/1228 1331/1439/1228 1332/1440/1228 1330/1438/1228
f 1331/1439/1229 1333/1441/1229 1334/1442/1229 1332/1440/1229
f 1332/1440/1230 1334/1442/1230 1317/1425/1230 1315/1423/1230
f 1330/1438/1231 1332/1440/1231 1315/1423/1231 1313/1421/1231
f 1333/1441/1232 1335/1443/1232 1336/1444/1232 1334/1442/1232
f 1335/1443/1233 1337/1445/1233 1338/1446/1233 1336/1444/1233
f 1336/1444/1234 1338/1446/1234 1321/1429/1234 1319/1427/1234
f 1334/1442/1235 1336/1444/1235 1319/1427/1235 1317/1425/1235
f 1337/1445/1236 1339/1447/1236 1340/1448/1236 1338/1446/1236
f 1339/1447/1237 1325/1433/1237 1328/1436/1237 1340/1448/1237
f 1340/1448/1238 1328/1436/1238 1309/1417/1238 1323/1431/1238
f 1338/1446/1239 1340/1448/1239 1323/1431/1239 1321/1429/1239
f 1341/1449/1240 1342/1450/1240 1343/1451/1240 1344/1452/1240
f 1342/1450/1241 1345/1453/1241 1346/1454/1241 1343/1451/1241
f 1343/1451/1242 1346/1454/1242 1329/1437/1242 1326/1434/1242
f 1344/1452/1243 1343/1451/1243 1326/1434/1243 1325/1433/1243
f 1345/1453/1244 1347/1455/1244 1348/1456/1244 1346/1454/1244
f 1347/1455/1245 1349/1457/1245 1350/1458/1245 1348/1456/1245
f 1348/1456/1246 1350/1458/1246 1333/1441/1246 1331/1439/1246
f 1346/1454/1247 1348/1456/1247 1331/1439/1247 1329/1437/1247
f 1349/1457/1248 1351/1459/1248 1352/1460/1248 1350/1458/1248
f 1351/1459/1249 1353/1461/1249 1354/1462/1249 1352/1460/1249
f 1352/1460/1250 1354/1462/1250 1337/1445/1250 1335/1443/1250
f 1350/1458/1251 1352/1460/1251 1335/1443/1251 1333/1441/1251
f 1353/1461/1252 1355/1463/1252 1356/1464/1252 1354/1462/1252
f 1355/1463/1253 1341/1449/1253 1344/1452/1253 1356/1464/1253
f 1356/1464/1254 1344/1452/1254 1325/1433/1254 1339/1447/1254
f 1354/1462/1255 1356/1464/1255 1339/1447/1255 1337/1445/1255
f 1357/1465/1256 1358/1466/1256 1359/1467/1256 1360/1468/1256
f 1358/1466/1257 1361/1469/1257 1362/1470/1257 1359/1467/1257
f 1359/1467/1258 1362/1470/1258 1345/1453/1258 1342/1450/1258
f 1360/1468/1259 1359/1467/1259 1342/1450/1259 1341/1449/1259
f 1361/1469/1260 1363/1471/1260 1364/1472/1260 1362/1470/1260
f 1363/1471/1261 1365/1473/1261 1366/1474/1261 1364/1472/1261
f 1364/1472/1262 1366/1474/1262 1349/1457/1262 1347/1455/1262
f 1362/1470/1263 1364/1472/1263 1347/1455/1263 1345/1453/1263
f 1365/1473/1264 1367/1475/1264 1368/1476/1264 1366/1474/1264
f 1367/1475/1265 1369/1477/1265 1370/1478/1265 1368/1476/1265
f 1368/1476/1266 1370/1478/1266 1353/1461/1266 1351/1459/1266
f 1366/1474/1267 1368/1476/1267 1351/1459/1267 1349/1457/1267
f 1369/1477/1268 1371/1479/1268 1372/1480/1268 1370/1478/1268
f 1371/1479/1269 1357/1465/1269 1360/1468/1269 1372/1480/1269
f 1372/1480/1270 1360/1468/1270 1341/1449/1270 1355/1463/1270
f 1370/1478/1271 1372/1480/1271 1355/1463/1271 1353/1461/1271
f 1373/1481/1272 1374/1482/1272 1375/1483/1272 1376/1484/1272
f 1374/1482/1273 1377/1485/1273 1378/1486/1273 1375/1483/1273
f 1375/1483/1274 1378/1486/1274 1361/1469/1274 1358/1466/1274
f 1376/1484/1275 1375/1483/1275 1358/1466/1275 1357/1465/1275
f 1377/1485/1276 1379/1487/1276 1380/1488/1276 1378/1486/1276
f 1379/1487/1277 1381/1489/1277 1382/1490/1277 1380/1488/1277
f 1380/1488/1278 1382/1490/1278 1365/1473/1278 1363/1471/1278
f 1378/1486/1276 1380/1488/1276 1363/1471/1276 1361/1469/1276
f 1381/1489/1279 1383/1491/1279 1384/1492/1279 1382/1490/1279
f 1383/1491/1280 1385/1493/1280 1386/1494/1280 1384/1492/1280
f 1384/1492/1281 1386/1494/1281 1369/1477/1281 1367/1475/1281
f 1382/1490/1279 1384/1492/1279 1367/1475/1279 1365/1473/1279
f 1385/1493/1282 1387/1495/1282 1388/1496/1282 1386/1494/1282
f 1387/1495/1283 1373/1481/1283 1376/1484/1283 1388/1496/1283
f 1388/1496/1284 1376/1484/1284 1357/1465/1284 1371/1479/1284
f 1386/1494/1285 1388/1496/1285 1371/1479/1285 1369/1477/1285
f 777/885/1286 776/884/1286 1389/1497/1286 1390/1498/1286
f 776/884/1287 775/883/1287 1391/1499/1287 1389/1497/1287
f 1389/1497/1288 1391/1499/1288 1377/1485/1288 1374/1482/1288
f 1390/1498/1289 1389/1497/1289 1374/1482/1289 1373/1481/1289
f 775/883/1290 774/882/1290 1392/1500/1290 1391/1499/1290
f 774/882/1291 773/881/1291 1393/1501/1291 1392/1500/1291
f 1392/1500/1292 1393/1501/1292 1381/1489/1292 1379/1487/1292
f 1391/1499/1293 1392/1500/1293 1379/1487/1293 1377/1485/1293
f 773/881/1294 770/878/1294 1394/1502/1294 1393/1501/1294
f 770/878/1295 769/877/1295 1395/1503/1295 1394/1502/1295
f 1394/1502/1296 1395/1503/1296 1385/1493/1296 1383/1491/1296
f 1393/1501/1297 1394/1502/1297 1383/1491/1297 1381/1489/1297
f 769/877/1298 772/880/1298 1396/1504/1298 1395/1503/1298
f 772/880/1299 777/885/1299 1390/1498/1299 1396/1504/1299
f 1396/1504/1300 1390/1498/1300 1373/1481/1300 1387/1495/1300
f 1395/1503/1301 1396/1504/1301 1387/1495/1301 1385/1493/1301
f 1397/1505/1302 1398/1506/1302 1399/1507/1302 1400/1508/1302
f 1398/1506/1303 1401/1509/1303 1402/1510/1303 1399/1507/1303
f 1399/1507/1304 1402/1510/1304 588/696/1304 895/1003/1304
f 1400/1508/1305 1399/1507/1305 895/1003/1305 566/674/1305
f 1401/1509/1306 1403/1511/1306 1404/1512/1306 1402/1510/1306
f 1403/1511/1307 1405/1513/1307 1406/1514/1307 1404/1512/1307
f 1404/1512/1308 1406/1514/1308 592/700/1308 589/697/1308
f 1402/1510/1309 1404/1512/1309 589/697/1309 588/696/1309
f 1405/1513/1310 1407/1515/1310 1408/1516/1310 1406/1514/1310
f 1407/1515/1311 1409/1517/1311 1410/1518/1311 1408/1516/1311
f 1408/1516/1312 1410/1518/1312 572/680/1312 872/980/1312
f 1406/1514/1313 1408/1516/1313 872/980/1313 592/700/1313
f 1409/1517/1314 1411/1519/1314 1412/1520/1314 1410/1518/1314
f 1411/1519/1315 1397/1505/1315 1400/1508/1315 1412/1520/1315
f 1412/1520/1316 1400/1508/1316 566/674/1316 569/677/1316
f 1410/1518/1317 1412/1520/1317 569/677/1317 572/680/1317
f 1413/1521/1318 1414/1522/1318 1415/1523/1318 1416/1524/1318
f 1414/1522/1319 1417/1525/1319 1418/1526/1319 1415/1523/1319
f 1415/1523/1320 1418/1526/1320 1401/1509/1320 1398/1506/1320
f 1416/1524/1321 1415/1523/1321 1398/1506/1321 1397/1505/1321
f 1417/1525/1322 1419/1527/1322 1420/1528/1322 1418/1526/1322
f 1419/1527/1323 1421/1529/1323 1422/1530/1323 1420/1528/1323
f 1420/1528/1324 1422/1530/1324 1405/1513/1324 1403/1511/1324
f 1418/1526/1322 1420/1528/1322 1403/1511/1322 1401/1509/1322
f 1421/1529/1325 1423/1531/1325 1424/1532/1325 1422/1530/1325
f 1423/1531/1326 1425/1533/1326 1426/1534/1326 1424/1532/1326
f 1424/1532/1327 1426/1534/1327 1409/1517/1327 1407/1515/1327
f 1422/1530/1328 1424/1532/1328 1407/1515/1328 1405/1513/1328
f 1425/1533/1329 1427/1535/1329 1428/1536/1329 1426/1534/1329
f 1427/1535/1330 1413/1521/1330 1416/1524/1330 1428/1536/1330
f 1428/1536/1331 1416/1524/1331 1397/1505/1331 1411/1519/1331
f 1426/1534/1332 1428/1536/1332 1411/1519/1332 1409/1517/1332
f 1429/1537/1333 1430/1538/1333 1431/1539/1333 1432/1540/1333
f 1430/1538/1334 1433/1541/1334 1434/1542/1334 1431/1539/1334
f 1431/1539/1335 1434/1542/1335 1417/1525/1335 1414/1522/1335
f 1432/1540/1336 1431/1539/1336 1414/1522/1336 1413/1521/1336
f 1433/1541/1337 1435/1543/1337 1436/1544/1337 1434/1542/1337
f 1435/1543/1338 1437/1545/1338 1438/1546/1338 1436/1544/1338
f 1436/1544/1339 1438/1546/1339 1421/1529/1339 1419/1527/1339
f 1434/1542/1340 1436/1544/1340 1419/1527/1340 1417/1525/1340
f 1437/1545/1341 1439/1547/1341 1440/1548/1341 1438/1546/1341
f 1439/1547/1342 1441/1549/1342 1442/1550/1342 1440/1548/1342
f 1440/1548/1343 1442/1550/1343 1425/1533/1343 1423/1531/1343
f 1438/1546/1344 1440/1548/1344 1423/1531/1344 1421/1529/1344
f 1441/1549/1345 1443/1551/1345 1444/1552/1345 1442/1550/1345
f 1443/1551/1346 1429/1537/1346 1432/1540/1346 1444/1552/1346
f 1444/1552/1347 1432/1540/1347 1413/1521/1347 1427/1535/1347
f 1442/1550/1348 1444/1552/1348 1427/1535/1348 1425/1533/1348
f 1445/1553/1349 1446/1554/1349 1447/1555/1349 1448/1556/1349
f 1446/1554/1350 1449/1557/1350 1450/1558/1350 1447/1555/1350
f 1447/1555/1351 1450/1558/1351 544/652/1351 878/986/1351
f 1448/1556/1352 1447/1555/1352 878/986/1352 464/572/1352
f 1449/1557/1353 1451/1559/1353 1452/1560/1353 1450/1558/1353
f 1451/1559/1354 1453/1561/1354 1454/1562/1354 1452/1560/1354
f 1452/1560/1355 1454/1562/1355 548/656/1355 545/653/1355
f 1450/1558/1356 1452/1560/1356 545/653/1356 544/652/1356
f 1453/1561/1357 1455/1563/1357 1456/1564/1357 1454/1562/1357
f 1455/1563/1358 1457/1565/1358 1458/1566/1358 1456/1564/1358
f 1456/1564/1359 1458/1566/1359 594/702/1359 874/982/1359
f 1454/1562/1360 1456/1564/1360 874/982/1360 548/656/1360
f 1457/1565/1361 1459/1567/1361 1460/1568/1361 1458/1566/1361
f 1459/1567/1362 1445/1553/1362 1448/1556/1362 1460/1568/1362
f 1460/1568/1363 1448/1556/1363 464/572/1363 877/985/1363
f 1458/1566/1364 1460/1568/1364 877/985/1364 594/702/1364
f 1461/1569/1365 1462/1570/1365 1463/1571/1365 1464/1572/1365
f 1462/1570/1366 1465/1573/1366 1466/1574/1366 1463/1571/1366
f 1463/1571/1367 1466/1574/1367 1449/1557/1367 1446/1554/1367
f 1464/1572/1368 1463/1571/1368 1446/1554/1368 1445/1553/1368
f 1465/1573/1369 1467/1575/1369 1468/1576/1369 1466/1574/1369
f 1467/1575/1370 1469/1577/1370 1470/1578/1370 1468/1576/1370
f 1468/1576/1371 1470/1578/1371 1453/1561/1371 1451/1559/1371
f 1466/1574/1372 1468/1576/1372 1451/1559/1372 1449/1557/1372
f 1469/1577/1373 1471/1579/1373 1472/1580/1373 1470/1578/1373
f 1471/1579/1374 1473/1581/1374 1474/1582/1374 1472/1580/1374
f 1472/1580/1375 1474/1582/1375 1457/1565/1375 1455/1563/1375
f 1470/1578/1376 1472/1580/1376 1455/1563/1376 1453/1561/1376
f 1473/1581/1377 1475/1583/1377 1476/1584/1377 1474/1582/1377
f 1475/1583/1378 1461/1569/1378 1464/1572/1378 1476/1584/1378
f 1476/1584/1379 1464/1572/1379 1445/1553/1379 1459/1567/1379
f 1474/1582/1380 1476/1584/1380 1459/1567/1380 1457/1565/1380
f 1477/1585/1381 1478/1586/1381 1479/1587/1381 1480/1588/1381
f 1478/1586/1382 1481/1589/1382 1482/1590/1382 1479/1587/1382
f 1479/1587/1383 1482/1590/1383 1465/1573/1383 1462/1570/1383
f 1480/1588/1384 1479/1587/1384 1462/1570/1384 1461/1569/1384
f 1481/1589/1385 1483/1591/1385 1484/1592/1385 1482/1590/1385
f 1483/1591/1386 1485/1593/1386 1486/1594/1386 1484/1592/1386
f 1484/1592/1387 1486/1594/1387 1469/1577/1387 1467/1575/1387
f 1482/1590/1388 1484/1592/1388 1467/1575/1388 1465/1573/1388
f 1485/1593/1389 1487/1595/1389 1488/1596/1389 1486/1594/1389
f 1487/1595/1390 1489/1597/1390 1490/1598/1390 1488/1596/1390
f 1488/1596/1391 1490/1598/1391 1473/1581/1391 1471/1579/1391
f 1486/1594/1392 1488/1596/1392 1471/1579/1392 1469/1577/1392
f 1489/1597/1393 1491/1599/1393 1492/1600/1393 1490/1598/1393
f 1491/1599/1394 1477/1585/1394 1480/1588/1394 1492/1600/1394
f 1492/1600/1395 1480/1588/1395 1461/1569/1395 1475/1583/1395
f 1490/1598/1396 1492/1600/1396 1475/1583/1396 1473/1581/1396
f 1493/1601/1397 1494/1602/1397 1495/1603/1397 1496/1604/1397
f 1494/1602/1398 1497/1605/1398 1498/1606/1398 1495/1603/1398
f 1495/1603/1399 1498/1606/1399 828/936/1399 827/935/1399
f 1496/1604/1400 1495/1603/1400 827/935/1400 824/932/1400
f 1497/1605/1401 1499/1607/1401 1500/1608/1401 1498/1606/1401
f 1499/1607/1402 1501/1609/1402 1502/1610/1402 1500/1608/1402
f 1500/1608/1403 1502/1610/1403 833/941/1403 832/940/1403
f 1498/1606/1404 1500/1608/1404 832/940/1404 828/936/1404
f 1501/1609/1405 1503/1611/1405 1504/1612/1405 1502/1610/1405
f 1503/1611/1406 1505/1613/1406 1506/1614/1406 1504/1612/1406
f 1504/1612/1407 1506/1614/1407 822/930/1407 838/946/1407
f 1502/1610/1408 1504/1612/1408 838/946/1408 833/941/1408
f 1505/1613/1409 1507/1615/1409 1508/1616/1409 1506/1614/1409
f 1507/1615/1410 1493/1601/1410 1496/1604/1410 1508/1616/1410
f 1508/1616/1411 1496/1604/1411 824/932/1411 823/931/1411
f 1506/1614/1412 1508/1616/1412 823/931/1412 822/930/1412
f 768/876/1413 767/875/1413 1509/1617/1413 1510/1618/1413
f 767/875/1414 766/874/1414 1511/1619/1414 1509/1617/1414
f 1509/1617/1415 1511/1619/1415 1497/1605/1415 1494/1602/1415
f 1510/1618/1416 1509/1617/1416 1494/1602/1416 1493/1601/1416
f 766/874/1417 765/873/1417 1512/1620/1417 1511/1619/1417
f 765/873/1418 764/872/1418 1513/1621/1418 1512/1620/1418
f 1512/1620/1419 1513/1621/1419 1501/1609/1419 1499/1607/1419
f 1511/1619/1420 1512/1620/1420 1499/1607/1420 1497/1605/1420
f 764/872/1421 761/869/1421 1514/1622/1421 1513/1621/1421
f 761/869/1422 760/868/1422 1515/1623/1422 1514/1622/1422
f 1514/1622/1423 1515/1623/1423 1505/1613/1423 1503/1611/1423
f 1513/1621/1424 1514/1622/1424 1503/1611/1424 1501/1609/1424
f 760/868/1425 763/871/1425 1516/1624/1425 1515/1623/1425
f 763/871/1426 768/876/1426 1510/1618/1426 1516/1624/1426
f 1516/1624/1427 1510/1618/1427 1493/1601/1427 1507/1615/1427
f 1515/1623/1428 1516/1624/1428 1507/1615/1428 1505/1613/1428
f 1517/1625/1429 1518/1626/1429 1519/1627/1429 1520/1628/1429
f 1518/1626/1430 1521/1629/1430 1522/1630/1430 1519/1627/1430
f 1519/1627/1431 1522/1630/1431 694/802/1431 691/799/1431
f 1520/1628/1432 1519/1627/1432 691/799/1432 690/798/1432
f 1521/1629/1433 1523/1631/1433 1524/1632/1433 1522/1630/1433
f 1523/1631/1434 1525/1633/1434 1526/1634/1434 1524/1632/1434
f 1524/1632/1435 1526/1634/1435 864/972/1435 867/975/1435
f 1522/1630/1436 1524/1632/1436 867/975/1436 694/802/1436
f 1525/1633/1437 1527/1635/1437 1528/1636/1437 1526/1634/1437
f 1527/1635/1438 1529/1637/1438 1530/1638/1438 1528/1636/1438
f 1528/1636/1439 1530/1638/1439 835/943/1439 871/979/1439
f 1526/1634/1440 1528/1636/1440 871/979/1440 864/972/1440
f 1529/1637/1441 1531/1639/1441 1532/1640/1441 1530/1638/1441
f 1531/1639/1442 1517/1625/1442 1520/1628/1442 1532/1640/1442
f 1532/1640/1443 1520/1628/1443 690/798/1443 894/1002/1443
f 1530/1638/1444 1532/1640/1444 894/1002/1444 835/943/1444
f 1533/1641/1445 1534/1642/1445 1535/1643/1445 1536/1644/1445
f 1534/1642/1446 1537/1645/1446 1538/1646/1446 1535/1643/1446
f 1535/1643/1447 1538/1646/1447 1521/1629/1447 1518/1626/1447
f 1536/1644/1448 1535/1643/1448 1518/1626/1448 1517/1625/1448
f 1537/1645/1449 1539/1647/1449 1540/1648/1449 1538/1646/1449
f 1539/1647/1450 1541/1649/1450 1542/1650/1450 1540/1648/1450
f 1540/1648/1451 1542/1650/1451 1525/1633/1451 1523/1631/1451
f 1538/1646/1452 1540/1648/1452 1523/1631/1452 1521/1629/1452
f 1541/1649/1453 1543/1651/1453 1544/1652/1453 1542/1650/1453
f 1543/1651/1454 1545/1653/1454 1546/1654/1454 1544/1652/1454
f 1544/1652/1455 1546/1654/1455 1529/1637/1455 1527/1635/1455
f 1542/1650/1456 1544/1652/1456 1527/1635/1456 1525/1633/1456
f 1545/1653/1457 1547/1655/1457 1548/1656/1457 1546/1654/1457
f 1547/1655/1458 1533/1641/1458 1536/1644/1458 1548/1656/1458
f 1548/1656/1459 1536/1644/1459 1517/1625/1459 1531/1639/1459
f 1546/1654/1460 1548/1656/1460 1531/1639/1460 1529/1637/1460
f 754/862/1461 753/861/1461 1549/1657/1461 1550/1658/1461
f 753/861/1462 752/860/1462 1551/1659/1462 1549/1657/1462
f 1549/1657/1463 1551/1659/1463 1537/1645/1463 1534/1642/1463
f 1550/1658/1464 1549/1657/1464 1534/1642/1464 1533/1641/1464
f 752/860/1465 751/859/1465 1552/1660/1465 1551/1659/1465
f 751/859/1466 750/858/1466 1553/1661/1466 1552/1660/1466
f 1552/1660/1467 1553/1661/1467 1541/1649/1467 1539/1647/1467
f 1551/1659/1468 1552/1660/1468 1539/1647/1468 1537/1645/1468
f 750/858/1469 747/855/1469 1554/1662/1469 1553/1661/1469
f 747/855/1470 746/854/1470 1555/1663/1470 1554/1662/1470
f 1554/1662/1471 1555/1663/1471 1545/1653/1471 1543/1651/1471
f 1553/1661/1472 1554/1662/1472 1543/1651/1472 1541/1649/1472
f 746/854/1473 749/857/1473 1556/1664/1473 1555/1663/1473
f 749/857/1474 754/862/1474 1550/1658/1474 1556/1664/1474
f 1556/1664/1475 1550/1658/1475 1533/1641/1475 1547/1655/1475
f 1555/1663/1476 1556/1664/1476 1547/1655/1476 1545/1653/1476
f 1557/1665/1477 1558/1666/1477 1559/1667/1477 1560/1668/1477
f 1558/1666/1478 1561/1669/1478 1562/1670/1478 1559/1667/1478
f 1559/1667/1479 1562/1670/1479 677/785/1479 858/966/1479
f 1560/1668/1480 1559/1667/1480 858/966/1480 706/814/1480
f 1561/1669/1481 1563/1671/1481 1564/1672/1481 1562/1670/1481
f 1563/1671/1482 1565/1673/1482 1566/1674/1482 1564/1672/1482
f 1564/1672/1483 1566/1674/1483 728/836/1483 731/839/1483
f 1562/1670/1484 1564/1672/1484 731/839/1484 677/785/1484
f 1565/1673/1485 1567/1675/1485 1568/1676/1485 1566/1674/1485
f 1567/1675/1486 1569/1677/1486 1570/1678/1486 1568/1676/1486
f 1568/1676/1487 1570/1678/1487 702/810/1487 870/978/1487
f 1566/1674/1488 1568/1676/1488 870/978/1488 728/836/1488
f 1569/1677/1489 1571/1679/1489 1572/1680/1489 1570/1678/1489
f 1571/1679/1490 1557/1665/1490 1560/1668/1490 1572/1680/1490
f 1572/1680/1491 1560/1668/1491 706/814/1491 703/811/1491
f 1570/1678/1492 1572/1680/1492 703/811/1492 702/810/1492
f 1573/1681/1493 1574/1682/1493 1575/1683/1493 1576/1684/1493
f 1574/1682/1494 1577/1685/1494 1578/1686/1494 1575/1683/1494
f 1575/1683/1495 1578/1686/1495 1561/1669/1495 1558/1666/1495
f 1576/1684/1496 1575/1683/1496 1558/1666/1496 1557/1665/1496
f 1577/1685/1497 1579/1687/1497 1580/1688/1497 1578/1686/1497
f 1579/1687/1498 1581/1689/1498 1582/1690/1498 1580/1688/1498
f 1580/1688/1499 1582/1690/1499 1565/1673/1499 1563/1671/1499
f 1578/1686/1500 1580/1688/1500 1563/1671/1500 1561/1669/1500
f 1581/1689/1501 1583/1691/1501 1584/1692/1501 1582/1690/1501
f 1583/1691/1502 1585/1693/1502 1586/1694/1502 1584/1692/1502
f 1584/1692/1503 1586/1694/1503 1569/1677/1503 1567/1675/1503
f 1582/1690/1504 1584/1692/1504 1567/1675/1504 1565/1673/1504
f 1585/1693/1505 1587/1695/1505 1588/1696/1505 1586/1694/1505
f 1587/1695/1506 1573/1681/1506 1576/1684/1506 1588/1696/1506
f 1588/1696/1507 1576/1684/1507 1557/1665/1507 1571/1679/1507
f 1586/1694/1508 1588/1696/1508 1571/1679/1508 1569/1677/1508
f 1589/1697/1509 1590/1698/1509 1591/1699/1509 1592/1700/1509
f 1590/1698/1510 1593/1701/1510 1594/1702/1510 1591/1699/1510
f 1591/1699/1511 1594/1702/1511 1577/1685/1511 1574/1682/1511
f 1592/1700/1512 1591/1699/1512 1574/1682/1512 1573/1681/1512
f 1593/1701/1513 1595/1703/1513 1596/1704/1513 1594/1702/1513
f 1595/1703/1514 1597/1705/1514 1598/1706/1514 1596/1704/1514
f 1596/1704/1515 1598/1706/1515 1581/1689/1515 1579/1687/1515
f 1594/1702/1516 1596/1704/1516 1579/1687/1516 1577/1685/1516
f 1597/1705/1517 1599/1707/1517 1600/1708/1517 1598/1706/1517
f 1599/1707/1518 1601/1709/1518 1602/1710/1518 1600/1708/1518
f 1600/1708/1519 1602/1710/1519 1585/1693/1519 1583/1691/1519
f 1598/1706/1520 1600/1708/1520 1583/1691/1520 1581/1689/1520
f 1601/1709/1521 1603/1711/1521 1604/1712/1521 1602/1710/1521
f 1603/1711/1522 1589/1697/1522 1592/1700/1522 1604/1712/1522
f 1604/1712/1523 1592/1700/1523 1573/1681/1523 1587/1695/1523
f 1602/1710/1524 1604/1712/1524 1587/1695/1524 1585/1693/1524
f 1605/1713/1525 1606/1714/1525 1607/1715/1525 1608/1716/1525
f 1606/1714/1526 1609/1717/1526 1610/1718/1526 1607/1715/1526
f 1607/1715/1527 1610/1718/1527 1593/1701/1527 1590/1698/1527
f 1608/1716/1528 1607/1715/1528 1590/1698/1528 1589/1697/1528
f 1609/1717/1529 1611/1719/1529 1612/1720/1529 1610/1718/1529
f 1611/1719/1530 1613/1721/1530 1614/1722/1530 1612/1720/1530
f 1612/1720/1531 1614/1722/1531 1597/1705/1531 1595/1703/1531
f 1610/1718/1532 1612/1720/1532 1595/1703/1532 1593/1701/1532
f 1613/1721/1533 1615/1723/1533 1616/1724/1533 1614/1722/1533
f 1615/1723/1534 1617/1725/1534 1618/1726/1534 1616/1724/1534
f 1616/1724/1535 1618/1726/1535 1601/1709/1535 1599/1707/1535
f 1614/1722/1536 1616/1724/1536 1599/1707/1536 1597/1705/1536
f 1617/1725/1537 1619/1727/1537 1620/1728/1537 1618/1726/1537
f 1619/1727/1538 1605/1713/1538 1608/1716/1538 1620/1728/1538
f 1620/1728/1539 1608/1716/1539 1589/1697/1539 1603/1711/1539
f 1618/1726/1540 1620/1728/1540 1603/1711/1540 1601/1709/1540
f 1621/1729/1541 1622/1730/1541 1623/1731/1541 1624/1732/1541
f 1622/1730/1542 1625/1733/1542 1626/1734/1542 1623/1731/1542
f 1623/1731/1543 1626/1734/1543 1609/1717/1543 1606/1714/1543
f 1624/1732/1544 1623/1731/1544 1606/1714/1544 1605/1713/1544
f 1625/1733/1545 1627/1735/1545 1628/1736/1545 1626/1734/1545
f 1627/1735/1546 1629/1737/1546 1630/1738/1546 1628/1736/1546
f 1628/1736/1547 1630/1738/1547 1613/1721/1547 1611/1719/1547
f 1626/1734/1548 1628/1736/1548 1611/1719/1548 1609/1717/1548
f 1629/1737/1549 1631/1739/1549 1632/1740/1549 1630/1738/1549
f 1631/1739/1550 1633/1741/1550 1634/1742/1550 1632/1740/1550
f 1632/1740/1551 1634/1742/1551 1617/1725/1551 1615/1723/1551
f 1630/1738/1552 1632/1740/1552 1615/1723/1552 1613/1721/1552
f 1633/1741/1553 1635/1743/1553 1636/1744/1553 1634/1742/1553
f 1635/1743/1554 1621/1729/1554 1624/1732/1554 1636/1744/1554
f 1636/1744/1555 1624/1732/1555 1605/1713/1555 1619/1727/1555
f 1634/1742/1556 1636/1744/1556 1619/1727/1556 1617/1725/1556
f 1637/1745/1557 1638/1746/1557 1639/1747/1557 1640/1748/1557
f 1638/1746/1558 1641/1749/1558 1642/1750/1558 1639/1747/1558
f 1639/1747/1559 1642/1750/1559 1625/1733/1559 1622/1730/1559
f 1640/1748/1557 1639/1747/1557 1622/1730/1557 1621/1729/1557
f 1641/1749/1560 1643/1751/1560 1644/1752/1560 1642/1750/1560
f 1643/1751/1561 1645/1753/1561 1646/1754/1561 1644/1752/1561
f 1644/1752/1562 1646/1754/1562 1629/1737/1562 1627/1735/1562
f 1642/1750/1560 1644/1752/1560 1627/1735/1560 1625/1733/1560
f 1645/1753/1563 1647/1755/1563 1648/1756/1563 1646/1754/1563
f 1647/1755/1564 1649/1757/1564 1650/1758/1564 1648/1756/1564
f 1648/1756/1565 1650/1758/1565 1633/1741/1565 1631/1739/1565
f 1646/1754/1563 1648/1756/1563 1631/1739/1563 1629/1737/1563
f 1649/1757/1566 1651/1759/1566 1652/1760/1566 1650/1758/1566
f 1651/1759/1567 1637/1745/1567 1640/1748/1567 1652/1760/1567
f 1652/1760/1568 1640/1748/1568 1621/1729/1568 1635/1743/1568
f 1650/1758/1569 1652/1760/1569 1635/1743/1569 1633/1741/1569
f 1653/1761/1557 1654/1762/1557 1655/1763/1557 1656/1764/1557
f 1654/1762/1558 1657/1765/1558 1658/1766/1558 1655/1763/1558
f 1655/1763/1570 1658/1766/1570 1641/1749/1570 1638/1746/1570
f 1656/1764/1557 1655/1763/1557 1638/1746/1557 1637/1745/1557
f 1657/1765/1571 1659/1767/1571 1660/1768/1571 1658/1766/1571
f 1659/1767/1572 1661/1769/1572 1662/1770/1572 1660/1768/1572
f 1660/1768/1572 1662/1770/1572 1645/1753/1572 1643/1751/1572
f 1658/1766/1560 1660/1768/1560 1643/1751/1560 1641/1749/1560
f 1661/1769/1573 1663/1771/1573 1664/1772/1573 1662/1770/1573
f 1663/1771/1574 1665/1773/1574 1666/1774/1574 1664/1772/1574
f 1664/1772/1575 1666/1774/1575 1649/1757/1575 1647/1755/1575
f 1662/1770/1563 1664/1772/1563 1647/1755/1563 1645/1753/1563
f 1665/1773/1566 1667/1775/1566 1668/1776/1566 1666/1774/1566
f 1667/1775/1576 1653/1761/1576 1656/1764/1576 1668/1776/1576
f 1668/1776/1577 1656/1764/1577 1637/1745/1577 1651/1759/1577
f 1666/1774/1566 1668/1776/1566 1651/1759/1566 1649/1757/1566
f 745/853/1578 744/852/1578 1669/1777/1578 1670/1778/1578
f 744/852/1579 743/851/1579 1671/1779/1579 1669/1777/1579
f 1669/1777/1580 1671/1779/1580 1657/1765/1580 1654/1762/1580
f 1670/1778/1581 1669/1777/1581 1654/1762/1581 1653/1761/1581
f 743/851/1582 742/850/1582 1672/1780/1582 1671/1779/1582
f 742/850/1583 741/849/1583 1673/1781/1583 1672/1780/1583
f 1672/1780/1584 1673/1781/1584 1661/1769/1584 1659/1767/1584
f 1671/1779/1585 1672/1780/1585 1659/1767/1585 1657/1765/1585
f 741/849/1586 738/846/1586 1674/1782/1586 1673/1781/1586
f 738/846/1587 737/845/1587 1675/1783/1587 1674/1782/1587
f 1674/1782/1588 1675/1783/1588 1665/1773/1588 1663/1771/1588
f 1673/1781/1589 1674/1782/1589 1663/1771/1589 1661/1769/1589
f 737/845/1590 740/848/1590 1676/1784/1590 1675/1783/1590
f 740/848/1591 745/853/1591 1670/1778/1591 1676/1784/1591
f 1676/1784/1592 1670/1778/1592 1653/1761/1592 1667/1775/1592
f 1675/1783/1593 1676/1784/1593 1667/1775/1593 1665/1773/1593
f 1677/1785/1594 1678/1786/1594 1679/1787/1594 1680/1788/1594
f 1678/1786/1595 1681/1789/1595 1682/1790/1595 1679/1787/1595
f 1679/1787/1596 1682/1790/1596 1481/1589/1596 1478/1586/1596
f 1680/1788/1597 1679/1787/1597 1478/1586/1597 1477/1585/1597
f 1681/1789/1598 1683/1791/1598 1684/1792/1598 1682/1790/1598
f 1683/1791/1599 1685/1793/1599 1686/1794/1599 1684/1792/1599
f 1684/1792/1600 1686/1794/1600 1485/1593/1600 1483/1591/1600
f 1682/1790/1601 1684/1792/1601 1483/1591/1601 1481/1589/1601
f 1685/1793/1602 1687/1795/1602 1688/1796/1602 1686/1794/1602
f 1687/1795/1603 1689/1797/1603 1690/1798/1603 1688/1796/1603
f 1688/1796/1604 1690/1798/1604 1489/1597/1604 1487/1595/1604
f 1686/1794/1605 1688/1796/1605 1487/1595/1605 1485/1593/1605
f 1689/1797/1606 1691/1799/1606 1692/1800/1606 1690/1798/1606
f 1691/1799/1607 1677/1785/1607 1680/1788/1607 1692/1800/1607
f 1692/1800/1608 1680/1788/1608 1477/1585/1608 1491/1599/1608
f 1690/1798/1609 1692/1800/1609 1491/1599/1609 1489/1597/1609
f 727/835/1610 726/834/1610 1693/1801/1610 1694/1802/1610
f 726/834/1611 725/833/1611 1695/1803/1611 1693/1801/1611
f 1693/1801/1612 1695/1803/1612 1681/1789/1612 1678/1786/1612
f 1694/1802/1613 1693/1801/1613 1678/1786/1613 1677/1785/1613
f 725/833/1614 724/832/1614 1696/1804/1614 1695/1803/1614
f 724/832/1615 723/831/1615 1697/1805/1615 1696/1804/1615
f 1696/1804/1616 1697/1805/1616 1685/1793/1616 1683/1791/1616
f 1695/1803/1617 1696/1804/1617 1683/1791/1617 1681/1789/1617
f 723/831/1618 720/828/1618 1698/1806/1618 1697/1805/1618
f 720/828/1619 719/827/1619 1699/1807/1619 1698/1806/1619
f 1698/1806/1620 1699/1807/1620 1689/1797/1620 1687/1795/1620
f 1697/1805/1621 1698/1806/1621 1687/1795/1621 1685/1793/1621
f 719/827/1622 722/830/1622 1700/1808/1622 1699/1807/1622
f 722/830/1623 727/835/1623 1694/1802/1623 1700/1808/1623
f 1700/1808/1624 1694/1802/1624 1677/1785/1624 1691/1799/1624
f 1699/1807/1625 1700/1808/1625 1691/1799/1625 1689/1797/1625
f 718/826/1626 717/825/1626 1701/1809/1626 1702/1810/1626
f 717/825/1627 716/824/1627 1703/1811/1627 1701/1809/1627
f 1701/1809/1628 1703/1811/1628 1433/1541/1628 1430/1538/1628
f 1702/1810/1629 1701/1809/1629 1430/1538/1629 1429/1537/1629
f 716/824/1630 715/823/1630 1704/1812/1630 1703/1811/1630
f 715/823/1631 714/822/1631 1705/1813/1631 1704/1812/1631
f 1704/1812/1632 1705/1813/1632 1437/1545/1632 1435/1543/1632
f 1703/1811/1633 1704/1812/1633 1435/1543/1633 1433/1541/1633
f 714/822/1634 711/819/1634 1706/1814/1634 1705/1813/1634
f 711/819/1635 710/818/1635 1707/1815/1635 1706/1814/1635
f 1706/1814/1636 1707/1815/1636 1441/1549/1636 1439/1547/1636
f 1705/1813/1637 1706/1814/1637 1439/1547/1637 1437/1545/1637
f 710/818/1638 713/821/1638 1708/1816/1638 1707/1815/1638
f 713/821/1639 718/826/1639 1702/1810/1639 1708/1816/1639
f 1708/1816/1640 1702/1810/1640 1429/1537/1640 1443/1551/1640
f 1707/1815/1641 1708/1816/1641 1443/1551/1641 1441/1549/1641
