mtllib LOW_POLY_set.mtl
o lp_tree_6_Cube_032
v 80.678925 8.506317 11.508532
v 80.645599 8.762867 11.329023
v 81.110855 8.776934 11.602452
v 81.151619 8.498661 11.692430
v 80.607979 9.079298 11.452397
v 81.017204 9.073377 11.746423
v 81.414696 8.735335 12.011547
v 81.502480 8.459632 12.026216
v 81.243530 9.008614 12.151287
v 80.214653 8.305001 11.826726
v 80.155136 8.464312 11.561029
v 80.581810 8.287785 11.866946
v 80.088264 8.751162 11.344123
v 80.086838 9.089375 11.397777
v 80.157318 9.329151 11.763013
v 80.573631 9.358516 11.892551
v 80.986702 9.337321 12.096283
v 81.282951 9.271564 12.291905
v 81.459198 9.151471 12.555082
v 81.587608 8.934961 12.513937
v 81.674339 8.662229 12.477842
v 81.711838 8.387058 12.469965
v 81.392883 8.218126 12.280013
v 81.607056 8.208406 12.529487
v 81.025131 8.250481 12.021701
v 81.732712 8.247816 13.027355
v 81.716034 8.538635 13.107175
v 81.462883 8.397320 13.876175
v 81.518364 8.121381 13.709799
v 81.727448 8.860193 13.072514
v 81.557121 8.753298 13.860165
v 81.064316 8.305451 14.563840
v 81.110069 8.093716 14.419493
v 80.997063 8.608429 14.560326
v 81.560158 8.069748 12.931217
v 81.596634 9.182255 12.971720
v 81.511780 9.120986 13.746290
v 80.983963 8.969615 14.419870
v 80.402657 8.752922 14.817779
v 80.447319 8.514254 14.990700
v 80.555061 8.247807 15.050954
v 80.645020 8.056984 14.942911
v 80.956268 7.957159 14.279423
v 80.652222 7.930124 14.753654
v 81.332764 7.960940 13.572616
v 80.092468 7.991843 15.113757
v 79.981934 8.219225 15.240906
v 79.412056 8.218762 15.131551
v 79.497734 7.954170 15.003266
v 79.944870 8.528033 15.143716
v 79.473206 8.586657 15.034268
v 78.958176 8.231503 14.788500
v 79.043808 7.941337 14.658979
v 79.044395 8.622772 14.757942
v 80.263931 7.913828 14.758067
v 80.067764 8.849137 14.832449
v 79.685913 8.962381 14.691377
v 79.286377 9.066874 14.466878
v 79.018990 9.081035 14.112606
v 78.756897 8.686083 14.200262
v 78.781570 8.330552 14.199357
v 78.893715 8.108706 14.134413
v 79.307243 7.890896 14.338747
v 79.102318 7.992385 14.024644
v 79.727402 7.902893 14.646015
v 78.980316 8.191352 13.415555
v 78.835373 8.489042 13.387712
v 79.125351 8.671242 12.478369
v 79.260330 8.294508 12.620031
v 78.772980 8.935923 13.336512
v 79.166321 9.127921 12.424132
v 79.561165 8.740128 11.764814
v 79.670670 8.391688 11.956699
v 79.601723 9.127240 11.786034
v 79.244934 8.036717 13.510834
v 79.368454 9.406569 13.471787
v 79.660805 9.593191 12.714549
v 79.918282 9.475087 12.156682
v 79.904213 8.201448 12.194398
v 79.531731 8.100794 12.810085
v 81.199066 8.048884 12.788995
v 80.913139 7.985379 13.479490
v 80.396210 8.082467 13.333536
v 80.755699 8.096298 12.593069
v 80.548958 7.973809 14.202393
v 80.020523 8.036497 14.079736
v 79.924965 8.060461 13.065604
v 80.295036 8.138721 12.393916
v 79.587486 7.979822 13.774022
v 80.501770 9.167282 14.308585
v 80.956581 9.370179 13.545496
v 80.555595 9.511184 13.385566
v 80.123047 9.327091 14.115221
v 81.234329 9.405010 12.682205
v 80.855019 9.482267 12.624159
v 80.135185 9.602582 13.095411
v 79.742302 9.430932 13.786137
v 80.423775 9.521944 12.443925
v 78.560799 8.467850 9.337744
v 78.545761 8.765166 9.213467
v 79.012070 8.715146 9.105261
v 79.005730 8.399387 9.236748
v 78.597740 9.087948 9.227784
v 79.040070 9.058762 9.128212
v 79.458282 8.691660 9.144639
v 79.446838 8.378124 9.265221
v 79.448814 9.025274 9.167027
v 78.300217 8.365339 9.698393
v 78.184608 8.546093 9.566169
v 78.595413 8.263067 9.591890
v 78.124329 8.829479 9.460199
v 78.193855 9.131993 9.449208
v 78.340103 9.348521 9.506214
v 78.670517 9.378700 9.387342
v 79.085442 9.373068 9.290329
v 79.445419 9.322921 9.244752
v 79.723114 9.231791 9.319318
v 79.838165 8.987746 9.273459
v 79.847343 8.680294 9.327702
v 79.817039 8.371769 9.431773
v 79.442818 8.161910 9.510801
v 79.739433 8.189124 9.557156
v 79.018211 8.180391 9.513288
v 80.082191 8.331709 9.741727
v 80.125023 8.670915 9.698055
v 80.255966 8.687468 10.207703
v 80.223381 8.344822 10.175575
v 80.129883 9.008957 9.592712
v 80.316216 9.056865 10.096309
v 80.246628 8.750216 10.694798
v 80.220459 8.482787 10.657825
v 80.177483 9.071968 10.654861
v 79.885773 8.119318 9.803489
v 79.956375 9.330209 9.533957
v 80.195236 9.388100 10.008419
v 80.061951 9.370066 10.550555
v 79.800034 9.301296 10.944414
v 79.928581 9.094412 11.058659
v 80.053947 8.814072 11.109440
v 80.082169 8.574395 11.070363
v 80.027054 8.303680 10.674227
v 80.000328 8.389299 11.006788
v 80.002487 8.142320 10.211768
v 79.701897 8.563525 11.351160
v 79.663788 8.850678 11.398514
v 79.130775 8.872151 11.538990
v 79.152924 8.568899 11.501480
v 79.579391 9.168114 11.296644
v 79.121109 9.228725 11.398977
v 78.581543 8.861300 11.527494
v 78.603973 8.573200 11.486852
v 78.617516 9.225286 11.415470
v 79.678040 8.385008 11.143022
v 79.524895 9.425318 11.042497
v 79.117355 9.526078 11.098412
v 78.645233 9.583461 11.131831
v 78.242416 9.506331 11.064970
v 78.103455 9.185421 11.244147
v 78.145622 8.845829 11.295368
v 78.216148 8.609407 11.267679
v 78.665451 8.408651 11.263068
v 78.340469 8.459024 11.168002
v 79.175468 8.397352 11.269688
v 77.971825 8.621428 10.878080
v 77.820175 8.887604 10.863690
v 77.685188 8.920433 10.307972
v 77.866226 8.610750 10.394705
v 77.706703 9.250894 10.794295
v 77.679031 9.292233 10.198827
v 77.802391 8.884906 9.829304
v 77.939148 8.585321 9.931158
v 77.871246 9.219426 9.773136
v 78.230240 8.413661 10.870478
v 78.183578 9.579246 10.638945
v 78.085495 9.639054 10.137360
v 78.212585 9.487290 9.756695
v 78.201309 8.348435 10.000082
v 78.162262 8.367487 10.435090
v 79.516464 8.083565 9.864603
v 79.608841 8.162735 10.303759
v 79.112251 8.267059 10.389360
v 79.057091 8.131054 9.914778
v 79.651505 8.311495 10.771378
v 79.154610 8.372620 10.877144
v 78.593300 8.268699 10.431548
v 78.590843 8.208918 9.973074
v 78.635925 8.337290 10.891798
v 79.591225 9.554165 10.634143
v 79.615875 9.595083 10.075573
v 79.188019 9.714076 10.131485
v 79.171074 9.701487 10.653167
v 79.502480 9.531690 9.487099
v 79.135971 9.608299 9.606897
v 78.673378 9.790194 10.122973
v 78.648369 9.719564 10.644454
v 78.687508 9.608954 9.695901
v 76.742699 9.205956 12.987726
v 76.693199 9.524650 12.980537
v 76.880760 9.517307 12.537345
v 76.919502 9.178338 12.562493
v 76.796371 9.834303 13.004305
v 76.980110 9.844194 12.588896
v 77.175697 9.497178 12.199970
v 77.203316 9.163010 12.223296
v 77.250153 9.813484 12.279323
v 76.846169 9.007025 13.385470
v 76.707985 9.212289 13.433347
v 76.922134 8.943907 13.070531
v 76.642815 9.511546 13.470341
v 76.733109 9.808606 13.461940
v 76.906189 10.007331 13.416374
v 77.018707 10.076351 13.089593
v 77.192352 10.107564 12.701672
v 77.364418 10.081019 12.379394
v 77.572388 9.981731 12.184794
v 77.560188 9.760977 12.023501
v 77.549927 9.450286 11.993191
v 77.554321 9.124658 12.022919
v 77.350693 8.891018 12.329954
v 77.570450 8.913838 12.124888
v 77.100311 8.896187 12.673350
v 77.946938 9.013982 11.983082
v 78.002708 9.354116 11.983610
v 78.480026 9.243112 12.175981
v 78.370987 8.919386 12.122959
v 77.987556 9.707867 11.978652
v 78.499451 9.630278 12.128884
v 78.864044 9.178541 12.475399
v 78.769264 8.928909 12.427745
v 78.851974 9.497678 12.564314
v 77.836540 8.787370 12.137888
v 77.897926 10.028385 12.139877
v 78.420738 9.969404 12.233171
v 78.757576 9.809155 12.648943
v 78.892357 9.634266 13.072855
v 79.019470 9.408734 12.999681
v 79.081612 9.128422 12.879481
v 79.023193 8.907684 12.792128
v 78.631760 8.746174 12.559862
v 78.889740 8.742841 12.788072
v 78.227875 8.708190 12.284291
v 79.009872 8.814375 13.255470
v 79.077690 9.078577 13.363865
v 78.869606 9.048170 13.873835
v 78.796768 8.765436 13.781009
v 79.007584 9.408994 13.428472
v 78.822289 9.428304 13.863744
v 78.527779 9.025049 14.303403
v 78.455536 8.757767 14.211216
v 78.531059 9.406461 14.274356
v 78.800446 8.694609 13.122965
v 78.826027 9.721125 13.370783
v 78.642853 9.792568 13.745899
v 78.395164 9.826039 14.151904
v 78.086121 9.757240 14.421049
v 78.080994 9.397300 14.578575
v 78.082207 9.057267 14.514532
v 78.058716 8.837956 14.400576
v 78.288017 8.657930 14.004082
v 78.027985 8.721759 14.217385
v 78.598267 8.659788 13.599074
v 77.611588 8.942559 14.372923
v 77.559174 9.199109 14.532572
v 77.052979 9.369525 14.325577
v 77.171028 9.053222 14.176521
v 77.505371 9.564674 14.647197
v 77.034592 9.756552 14.333176
v 76.745605 9.461293 13.949782
v 76.850609 9.149611 13.846548
v 76.806480 9.800844 13.921515
v 77.722260 8.751112 14.125731
v 77.733948 9.935281 14.235178
v 77.297050 10.118926 14.034722
v 77.049774 10.073539 13.687036
v 77.017418 8.910510 13.635360
v 77.334900 8.816239 13.920726
v 77.654739 8.726674 12.461411
v 78.065933 8.693151 12.654943
v 77.852814 8.757897 13.118843
v 77.425865 8.746652 12.865160
v 78.482353 8.718150 12.916834
v 78.276558 8.735979 13.384982
v 77.573227 8.733935 13.557417
v 77.204865 8.793697 13.284435
v 77.968819 8.683370 13.800937
v 78.573486 9.952224 13.105131
v 78.162773 10.135715 12.770574
v 77.970795 10.224197 13.165113
v 78.362869 10.077755 13.477252
v 77.626068 10.222181 12.510483
v 77.512619 10.255071 12.885447
v 77.668488 10.285317 13.584162
v 78.044624 10.082623 13.892368
v 77.311623 10.220152 13.294616
v 78.112877 6.442658 13.801174
v 77.975723 6.722438 13.203523
v 77.931099 6.617742 12.794524
v 77.824692 6.322048 12.837632
v 78.034142 7.006773 12.771713
v 78.050713 6.799036 12.369148
v 78.165871 6.474533 11.871061
v 78.998871 7.600250 10.905527
v 78.945839 7.528793 10.804455
v 78.900078 7.438773 11.003025
v 78.965057 7.540671 11.097448
v 79.003227 7.455847 10.707182
v 78.967743 7.336215 10.911736
v 78.927544 7.223526 11.170002
v 78.846687 7.357768 11.260364
v 78.927315 7.492671 11.355085
v 78.704048 7.333907 11.932774
v 78.645790 7.128385 11.726347
v 78.466866 6.939820 11.768376
v 78.352821 6.980295 11.916430
v 78.778572 6.950928 11.616595
v 78.587265 6.747211 11.685502
v 79.293350 7.596276 10.915657
v 79.145294 7.625338 10.947782
v 79.141571 7.578232 11.136709
v 79.319000 7.539064 11.106186
v 79.143883 7.544854 11.397692
v 79.359833 7.495650 11.369752
v 79.297699 7.451874 10.717312
v 79.350739 7.523329 10.818384
v 79.386429 7.436356 11.014518
v 79.321213 7.334306 10.919715
v 79.438789 7.360197 11.276353
v 79.356262 7.224081 11.178593
v 79.151276 7.426785 10.675057
v 79.144936 7.296897 10.880833
v 79.141594 7.173111 11.139025
v 78.778252 7.267101 11.531927
v 78.872871 7.435960 11.647682
v 78.876503 7.104101 11.431497
v 79.146606 7.510462 11.708221
v 79.426102 7.456156 11.692216
v 79.099678 7.486593 12.012880
v 79.617828 7.457648 12.122480
v 79.515198 7.279680 11.568806
v 79.406494 7.107829 11.446712
v 79.667511 7.163322 11.804914
v 79.510277 6.958377 11.645106
v 79.139420 7.043813 11.398653
v 79.138763 6.884878 11.585608
v 79.287621 7.532754 14.342810
v 79.342957 7.416199 14.405885
v 79.364838 7.377955 14.304893
v 79.294136 7.509115 14.222221
v 79.303764 7.327012 14.530543
v 79.300484 7.262271 14.422709
v 79.342201 7.176450 14.254756
v 79.428558 7.321565 14.139636
v 79.342697 7.472449 14.034376
v 78.139847 7.058061 13.452324
v 78.033173 7.009186 13.186129
v 78.032570 6.834279 13.389771
v 78.126846 6.820634 13.646787
v 77.569344 8.330504 13.298871
v 77.655556 8.387022 13.421305
v 77.658127 8.343290 13.451665
v 77.634018 8.294655 13.396704
v 77.711517 8.417931 13.570861
v 77.660034 8.342904 13.544045
v 77.630569 8.273234 13.506518
v 79.035553 7.605733 14.507032
v 79.158562 7.607821 14.389721
v 79.112968 7.576118 14.231425
v 78.934128 7.550508 14.315845
v 79.113838 7.536316 14.005714
v 78.884430 7.488817 14.059961
v 79.051689 7.399992 14.694766
v 78.996353 7.516546 14.631691
v 78.869659 7.434702 14.433749
v 78.940247 7.303420 14.516511
v 78.797127 7.342724 14.175792
v 78.882034 7.190861 14.281762
v 78.652603 7.484627 12.591402
v 79.146263 7.511828 12.378052
v 78.960281 7.484416 12.217200
v 78.637756 7.380630 12.234654
v 79.180756 7.324925 14.647855
v 79.121536 7.236540 14.507217
v 79.111847 7.127973 14.309713
v 79.502106 7.241018 13.939264
v 79.409019 7.418783 13.806079
v 79.394630 7.069631 14.064086
v 79.488266 6.924632 13.945528
v 79.631981 7.107596 13.809584
v 79.598663 7.322382 13.593592
v 79.132271 7.496118 13.750397
v 78.843407 7.438375 13.786708
v 79.219177 7.474241 13.507830
v 78.728729 7.440011 13.440719
v 78.733292 7.254176 13.926472
v 78.832489 7.074495 14.059432
v 78.606232 7.140221 13.757463
v 78.737419 6.931537 13.926566
v 80.244026 7.076812 12.158907
v 80.381622 7.028841 12.422425
v 80.315636 6.839225 12.264140
v 80.187515 6.827357 12.011939
v 80.389313 7.022593 12.843394
v 80.357864 6.725007 12.473428
v 80.154884 6.445632 11.917007
v 80.289177 6.801798 13.296623
v 80.380386 6.618798 12.903802
v 80.101791 6.471537 13.838917
v 80.444679 6.322196 12.895796
v 79.112389 7.006893 14.108970
v 79.112900 6.856698 13.988815
v 77.779610 7.751897 13.297072
v 77.675163 7.688824 13.379453
v 77.811447 7.593525 13.379695
v 77.918419 7.682946 13.288923
v 77.540085 7.633950 13.352511
v 77.674133 7.508433 13.339500
v 77.852921 7.378821 13.340039
v 77.998825 7.493782 13.395066
v 78.113472 7.610826 13.290833
v 79.806007 6.924802 13.830530
v 79.943626 6.973715 13.697175
v 79.674469 6.731577 13.952376
v 77.697945 7.773757 13.005550
v 77.783691 7.784942 13.140917
v 77.923843 7.721524 13.104757
v 77.837616 7.694610 12.939591
v 78.121292 7.657782 13.068769
v 78.031052 7.617366 12.865424
v 77.458420 7.655810 13.060988
v 77.562866 7.718883 12.978609
v 77.700180 7.609395 12.899487
v 77.593094 7.519852 12.990347
v 77.884201 7.501430 12.811108
v 77.768608 7.383405 12.916053
v 79.742035 7.384101 13.340656
v 79.410484 7.481659 13.343907
v 79.817299 7.501580 13.011506
v 79.265236 7.510052 13.209772
v 79.234123 7.529747 12.806231
v 79.062630 7.525030 13.016480
v 78.689171 7.530070 13.011134
v 79.755157 7.546249 12.583664
v 79.383026 7.531941 12.587780
v 77.604195 8.424033 13.743497
v 77.566048 8.479319 13.753834
v 77.502632 8.415978 13.708814
v 77.521667 8.358606 13.686395
v 77.538620 8.542129 13.678950
v 77.448235 8.417970 13.639144
v 77.427330 8.280525 13.601404
v 77.454338 7.622766 13.217145
v 77.587784 7.481398 13.174423
v 77.761734 7.337430 13.137405
v 78.201317 7.374922 13.426723
v 78.349579 7.523210 13.308325
v 78.033470 7.236593 13.357685
v 78.346062 7.207217 13.529020
v 78.361732 7.583554 13.032164
v 78.264236 7.535762 12.773148
v 78.080421 7.386901 12.706126
v 77.941032 7.235970 12.840014
v 78.239441 7.255973 12.527738
v 77.395035 8.472451 13.206957
v 77.359764 8.406533 13.261713
v 77.334396 8.457455 13.280316
v 77.359909 8.520504 13.240290
v 77.326691 8.321182 13.331295
v 77.336075 8.447402 13.356938
v 77.390427 8.568756 13.328057
v 77.932816 7.186251 13.114833
v 80.501694 0.843250 14.282776
v 79.105209 0.843251 14.790852
v 79.106964 0.536961 14.611929
v 80.372864 0.540122 14.151386
v 77.718979 0.843251 14.255411
v 77.850372 0.540122 14.126580
v 78.148804 0.371172 13.833959
v 79.112503 0.339115 14.048873
v 80.080246 0.371172 13.852953
v 80.529060 0.843251 11.500061
v 81.037140 0.843251 12.896549
v 80.858215 0.536961 12.894790
v 80.397675 0.540122 11.628891
v 80.295158 0.339115 12.889253
v 80.099236 0.371171 11.921513
v 77.746346 0.843251 11.472696
v 79.142838 0.843251 10.964620
v 79.141075 0.536962 11.143543
v 77.875175 0.540122 11.604085
v 79.135536 0.339115 11.706598
v 78.167801 0.371171 11.902519
v 77.586288 8.483893 13.259352
v 77.606697 8.553105 13.295940
v 77.626144 8.554695 13.372800
v 77.642288 8.515113 13.385915
v 77.573593 8.599556 13.334307
v 77.608055 8.586891 13.431137
v 77.672707 8.564304 13.522511
v 77.210907 0.843251 12.858922
v 77.389824 0.536962 12.860682
v 77.952881 0.339115 12.866219
v 80.693520 1.797991 14.478413
v 79.102585 1.797990 15.057234
v 79.103798 1.231855 14.934146
v 80.604881 1.231855 14.388014
v 77.523346 1.797990 14.447237
v 77.613739 1.231854 14.358600
v 80.724693 1.797990 11.308234
v 81.303520 1.797990 12.899169
v 81.180428 1.231854 12.897958
v 80.634300 1.231855 11.396872
v 77.554520 1.797991 11.277059
v 79.145454 1.797991 10.698237
v 79.144241 1.231855 10.821325
v 77.643158 1.231855 11.367457
v 76.944519 1.797991 12.856303
v 77.067612 1.231855 12.857513
v 80.702339 3.534731 14.487404
v 79.102463 3.534731 15.069476
v 79.102119 2.614490 15.104533
v 80.727585 2.614490 14.513150
v 77.514351 3.534732 14.456053
v 77.488602 2.614490 14.481299
v 80.733688 3.534731 11.299417
v 81.315758 3.534731 12.899289
v 81.350815 2.614491 12.899633
v 80.759438 2.614490 11.274172
v 77.545700 3.534731 11.268067
v 79.145576 3.534732 10.685995
v 79.145920 2.614490 10.650938
v 77.520454 2.614490 11.242321
v 79.298859 7.890465 10.444543
v 79.325027 7.950557 10.401548
v 79.344414 7.954368 10.476949
v 79.329605 7.911281 10.533379
v 79.368774 8.010997 10.356803
v 79.342506 8.005906 10.495853
v 79.287369 7.968499 10.622421
v 76.932281 3.534731 12.856182
v 76.897224 2.614490 12.855838
v 80.176628 7.601423 14.375599
v 80.138596 7.627236 14.548656
v 79.986206 7.562964 14.608890
v 79.987862 7.528604 14.470169
v 80.116882 7.687407 14.674268
v 79.962425 7.626101 14.726226
v 79.779114 7.578051 14.773652
v 79.804115 7.499429 14.667235
v 79.808517 7.470534 14.533803
v 80.463684 5.146218 14.244007
v 79.105728 5.146219 14.738064
v 79.103607 4.390445 14.953125
v 80.618553 4.390445 14.401953
v 77.757751 5.146218 14.217397
v 77.599800 4.390445 14.372267
v 79.228737 8.014203 10.241968
v 79.170654 7.978105 10.313431
v 79.154861 8.029631 10.287387
v 79.201218 8.068152 10.227739
v 79.085594 7.939138 10.415653
v 79.114922 8.055107 10.340545
v 79.196503 8.137115 10.272455
v 80.490288 5.146218 11.538074
v 80.984352 5.146218 12.896029
v 81.199409 4.390445 12.898145
v 80.648239 4.390445 11.383204
v 77.784363 5.146218 11.511464
v 79.142311 5.146219 11.017406
v 79.144432 4.390445 10.802345
v 77.629486 4.390445 11.353518
v 77.263695 5.146219 12.859442
v 77.048630 4.390445 12.857327
v 79.110039 6.324417 14.152298
v 79.108452 5.799625 14.430859
v 80.250740 5.807277 14.023412
v 77.974258 5.805129 13.998968
v 80.210350 7.660553 14.452215
v 80.194344 7.663127 14.524690
v 80.200966 7.699221 14.503841
v 80.188362 7.694366 14.583228
v 80.683075 5.799074 12.893457
v 80.275620 5.805449 11.752829
v 79.141434 6.329291 11.569899
v 79.140305 5.800179 11.320460
v 77.999115 5.807608 11.727757
v 79.817238 7.712825 14.807978
v 79.755402 7.707631 14.764380
v 79.764122 7.661413 14.776164
v 79.824524 7.654351 14.799662
v 79.703247 7.710636 14.654538
v 79.706039 7.640412 14.750595
v 77.567368 5.799066 12.859085
v 77.380966 8.430479 13.499316
v 77.453072 8.549849 13.504300
v 77.340515 8.291336 13.474019
v 79.977676 7.724636 14.325726
v 79.981590 7.661303 14.260277
v 79.913528 7.641353 14.302745
v 79.865608 7.673927 14.358912
v 80.009895 7.606616 14.255726
v 79.907265 7.592443 14.316874
v 79.768829 7.601393 14.379633
v 77.511353 8.770542 12.883407
v 77.546089 8.775494 12.897842
v 77.553741 8.781290 12.855488
v 77.509659 8.771027 12.847520
v 77.583679 8.770541 12.896476
v 77.597832 8.771026 12.863455
v 77.596130 8.761728 12.827569
v 77.561401 8.766558 12.813133
v 77.523804 8.761728 12.814499
v 78.021896 8.722586 13.899255
v 77.989426 8.726240 13.926849
v 78.029808 8.733912 13.957586
v 78.060539 8.726240 13.917209
v 77.971474 8.722586 13.965494
v 77.999069 8.726240 13.997963
v 78.037712 8.722586 14.015917
v 78.070183 8.726240 13.988322
v 78.088135 8.722586 13.949678
v 78.366310 6.960290 13.729792
v 78.538589 6.733673 13.919331
v 80.166969 7.738938 14.410052
v 80.194557 7.714266 14.449682
v 80.214722 7.679863 14.416568
v 80.222374 7.672948 14.358564
v 80.013046 7.225428 12.068227
v 79.925758 6.975114 11.893140
v 79.718300 6.749027 11.728015
v 80.274582 8.129840 13.837730
v 80.294640 8.133245 13.851026
v 80.305130 8.140385 13.824504
v 80.278610 8.133244 13.814007
v 80.318359 8.129841 13.855059
v 80.331657 8.133244 13.835001
v 80.335686 8.129840 13.811277
v 80.315628 8.133244 13.797982
v 80.291908 8.129840 13.793949
v 79.627327 7.966075 14.896182
v 79.610985 7.971961 14.876181
v 79.585266 7.963651 14.895020
v 79.611748 7.956570 14.913818
v 79.596848 7.966075 14.854568
v 79.575333 7.956569 14.864095
v 79.567650 7.940313 14.875953
v 79.576096 7.941179 14.901732
v 79.598129 7.940314 14.917565
v 80.876526 7.787070 12.425112
v 80.908592 7.879648 12.358978
v 80.894569 7.923130 12.382523
v 80.848511 7.910889 12.408945
v 80.930946 7.952878 12.327944
v 80.903236 7.982039 12.358895
v 80.838379 8.009172 12.360719
v 80.163612 7.887247 14.579179
v 80.156532 7.892936 14.610213
v 80.195770 7.889377 14.615469
v 80.195320 7.881376 14.577227
v 80.155197 7.887247 14.642016
v 80.185272 7.881376 14.652243
v 80.211754 7.867881 14.649591
v 80.224052 7.869816 14.619257
v 80.220169 7.867880 14.586754
v 79.315491 8.360561 9.577887
v 79.335167 8.372733 9.573525
v 79.330070 8.367414 9.542074
v 79.308701 8.352509 9.554872
v 79.360252 8.375407 9.565523
v 79.362488 8.370350 9.540012
v 79.360962 8.356595 9.522113
v 79.336021 8.350127 9.521358
v 79.316200 8.341750 9.534477
v 78.667000 8.469784 11.066544
v 78.644630 8.475834 11.049314
v 78.623962 8.460997 11.071399
v 78.657127 8.455639 11.085698
v 78.625961 8.469785 11.028135
v 78.607498 8.455639 11.039248
v 78.605591 8.436386 11.049896
v 78.619995 8.435442 11.075632
v 78.646629 8.436385 11.088305
v 80.711578 8.591133 11.672349
v 80.744102 8.598108 11.674613
v 80.744835 8.591092 11.633408
v 80.705086 8.582341 11.641327
v 80.776688 8.591133 11.673497
v 80.784279 8.582341 11.642723
v 80.777634 8.565208 11.619913
v 80.745255 8.566575 11.609436
v 80.712524 8.565208 11.618765
v 81.369347 8.400721 12.116328
v 81.375954 8.406101 12.140805
v 81.404877 8.396738 12.132905
v 81.389069 8.391022 12.105319
v 81.382706 8.400721 12.165241
v 81.405289 8.391023 12.164694
v 81.417686 8.375876 12.155687
v 81.418411 8.375943 12.129208
v 81.404320 8.375877 12.106774
v 80.108795 7.758190 14.493292
v 80.158157 7.736169 14.482626
v 80.073395 7.776679 14.522495
v 80.133110 7.754776 14.504162
v 80.180344 7.735180 14.541545
v 80.186569 7.718493 14.530293
v 80.185440 7.712707 14.610296
v 80.188972 7.728361 14.614750
v 80.154655 7.738256 14.683352
v 80.145226 7.722178 14.685029
v 80.543015 7.809049 12.266584
v 80.551476 7.887049 12.226601
v 80.581985 7.905185 12.194221
v 80.610252 7.885223 12.188909
v 80.570381 7.954196 12.202849
v 80.608566 7.953740 12.177737
v 80.653137 7.972840 12.148891
v 80.612396 8.002541 12.199568
v 80.629280 7.989981 12.184439
v 80.662651 8.041660 12.229899
v 80.651825 8.016568 12.175701
v 80.073097 7.749913 14.714879
v 80.031158 7.730670 14.732735
v 80.087341 7.763235 14.708457
v 80.032509 7.785907 14.677847
v 80.023468 7.775257 14.680355
v 79.966331 7.780593 14.704112
v 80.070541 7.112664 13.395029
v 80.223198 7.276659 13.070782
v 78.297867 7.107835 12.220675
v 79.140083 6.665927 11.642299
v 80.047218 7.775438 14.582376
v 80.049927 7.771220 14.550860
v 80.031479 7.789650 14.597870
v 79.124023 0.271842 12.877736
v 79.111496 6.649891 14.011644
v 80.533516 7.948535 12.311485
v 80.535149 7.943706 12.255266
v 80.537483 7.897473 12.261961
v 80.538239 7.883186 12.309767
v 79.052528 8.114510 10.437935
v 79.114021 8.179551 10.409670
v 79.022324 8.050965 10.504971
v 78.972267 8.131189 10.588814
v 78.986320 8.176878 10.538515
v 79.034286 8.223988 10.524289
v 79.384056 8.089174 10.368208
v 79.314743 8.094418 10.499701
v 79.349625 8.153061 10.350791
v 79.261337 8.174384 10.480803
v 79.155907 8.204789 10.622110
v 79.233665 8.092409 10.617811
v 80.078918 7.578589 14.291878
v 79.944977 7.543258 14.370525
v 79.787170 7.510227 14.424451
v 80.641777 7.814038 12.502205
v 80.766647 7.798308 12.505512
v 80.754372 7.910042 12.436180
v 80.650459 7.909793 12.432640
v 80.742249 7.997556 12.371669
v 80.640541 8.005034 12.364667
v 79.278824 8.175224 10.309570
v 79.189774 8.203480 10.436879
v 79.098328 8.240278 10.557752
v 79.839180 7.792259 14.585660
v 79.905746 7.757559 14.468532
v 79.814011 7.717907 14.471568
v 79.769325 7.760318 14.591313
v 79.713432 7.673142 14.487338
v 79.992958 7.772532 14.503096
v 80.075417 7.754060 14.369313
v 79.909363 7.800852 14.625576
v 80.791100 7.762995 12.192663
v 80.653305 7.764413 12.192906
v 80.691628 7.870577 12.168681
v 80.779999 7.881754 12.162462
v 80.721359 7.962295 12.132732
v 80.786079 7.971492 12.140686
v 77.493607 8.612968 13.348637
v 77.540344 8.596949 13.479839
v 77.610992 8.590443 13.605624
v 77.651169 8.451893 13.399771
v 77.567307 8.411856 13.288249
v 77.715271 8.492828 13.529673
v 80.870872 7.743820 12.302936
v 80.892105 7.856740 12.282322
v 80.856071 7.872781 12.207353
v 80.896378 7.951986 12.213324
v 80.924591 7.939954 12.267106
v 77.666496 8.403451 13.679789
v 77.596542 8.337973 13.630772
v 77.545479 8.258425 13.583199
v 79.932411 7.687664 14.775470
v 79.892006 7.742838 14.789569
v 77.482536 8.456104 13.206979
v 77.453514 8.391449 13.249809
v 77.430847 8.313049 13.266395
v 80.574303 7.893799 12.381958
v 80.568756 7.971457 12.354791
v 80.554619 7.810124 12.411539
v 79.149277 8.075480 10.672372
v 79.171906 7.972647 10.677746
v 79.108383 8.165611 10.694447
v 79.054604 8.131047 10.698266
v 79.076149 8.052531 10.659749
v 79.079659 7.961526 10.647517
v 79.298706 7.993008 10.283304
v 79.247787 7.951889 10.345724
v 79.204933 7.890609 10.399529
v 79.042770 7.941901 10.556161
v 79.030266 8.036560 10.592861
v 79.001503 8.116262 10.652993
v 80.265900 8.271366 12.203273
v 80.276199 8.278571 12.171120
v 80.238159 8.265989 12.159008
v 80.235931 8.258374 12.201352
v 80.286385 8.271367 12.138930
v 80.260826 8.258374 12.123169
v 80.240593 8.238125 12.124348
v 80.220551 8.238177 12.153400
v 80.220100 8.238125 12.188690
v 80.663773 8.041973 12.300680
v 80.737480 8.035830 12.307714
v 80.736755 8.053557 12.249410
v 80.810410 8.044564 12.301381
v 80.810814 8.040475 12.231749
v 80.829918 7.931725 12.181671
v 80.814445 8.001205 12.174767
v 80.859955 7.989281 12.203259
v 77.448425 7.874556 13.427161
v 77.361084 7.885662 13.319387
v 77.386589 7.760254 13.267951
v 77.473419 7.757975 13.385333
v 77.364136 7.914793 13.185343
v 77.389969 7.790584 13.126785
v 77.468842 7.946365 13.104975
v 77.494598 7.834100 13.046594
v 77.605164 7.962851 13.115287
v 77.630531 7.865387 13.063357
v 77.692505 7.951743 13.223061
v 77.717361 7.863109 13.180738
v 77.689461 7.922614 13.357105
v 77.713989 7.832779 13.321905
v 77.584747 7.891041 13.437474
v 77.609352 7.789263 13.402097
v 77.420349 8.071964 13.500881
v 77.337685 8.086256 13.402996
v 77.347641 7.992279 13.363853
v 77.433311 7.977966 13.465843
v 77.340439 8.113314 13.279171
v 77.350510 8.020389 13.235123
v 77.439339 8.138087 13.203014
v 77.453033 8.046738 13.156208
v 77.568207 8.147356 13.209999
v 77.586609 8.057180 13.163814
v 77.650864 8.133064 13.307885
v 77.672279 8.042869 13.265803
v 77.648117 8.106006 13.431710
v 77.669411 8.014758 13.394534
v 77.549217 8.081233 13.507867
v 77.566887 7.988408 13.473449
v 77.331100 8.179211 13.439978
v 77.411423 8.164696 13.537727
v 77.331802 8.204775 13.317711
v 77.428520 8.226091 13.244917
v 77.554245 8.234940 13.253845
v 77.632858 8.219380 13.349367
v 77.630180 8.193612 13.468250
v 77.535637 8.171018 13.542435
v 79.057564 7.714101 10.519909
v 79.173828 7.698092 10.487397
v 79.161903 7.566172 10.552627
v 79.033005 7.587365 10.585526
v 79.287300 7.706969 10.532280
v 79.288498 7.581483 10.597331
v 79.326645 7.738813 10.637794
v 79.333336 7.629048 10.703016
v 79.279839 7.773331 10.738668
v 79.282356 7.678819 10.804276
v 79.163574 7.789340 10.771181
v 79.153458 7.700011 10.837174
v 79.050110 7.780463 10.726297
v 79.026863 7.684702 10.792470
v 79.010757 7.748621 10.620784
v 78.982025 7.637136 10.686784
v 79.185081 7.805719 10.443025
v 79.076630 7.821496 10.473320
v 79.288551 7.810753 10.486431
v 79.323662 7.835354 10.586416
v 79.280205 7.865355 10.682829
v 79.172363 7.878599 10.715872
v 79.069191 7.871850 10.674493
v 79.033348 7.847771 10.573790
v 79.515259 7.399099 14.564985
v 79.487946 7.422768 14.703674
v 79.317810 7.383962 14.701732
v 79.386009 7.369204 14.566632
v 79.446503 7.505324 14.780201
v 79.238998 7.465134 14.770391
v 79.414757 7.603319 14.738113
v 79.197281 7.571617 14.720064
v 79.408806 7.661720 14.615078
v 79.210693 7.642158 14.593298
v 79.436119 7.638698 14.475742
v 79.278893 7.627479 14.458117
v 79.477570 7.556783 14.398571
v 79.357704 7.546387 14.389378
v 79.509308 7.458145 14.441304
v 79.399422 7.439825 14.439785
v 79.644203 7.455713 14.693926
v 79.653992 7.429360 14.558978
v 79.617584 7.534132 14.774290
v 79.586716 7.621650 14.739855
v 79.573746 7.673771 14.625289
v 79.584984 7.648942 14.486099
v 79.612862 7.571729 14.404077
v 79.639824 7.480682 14.442009
v 80.654869 7.456807 12.203311
v 80.779312 7.434094 12.378284
v 80.577293 7.243448 12.439267
v 80.440430 7.283149 12.211693
v 80.792442 7.475076 12.586391
v 80.595329 7.291724 12.707353
v 80.671112 7.564262 12.704483
v 80.464172 7.429686 12.850875
v 80.497490 7.646143 12.677782
v 80.262482 7.561269 12.801168
v 80.371147 7.667644 12.499770
v 80.120781 7.597569 12.550092
v 80.356125 7.625449 12.288627
v 80.091942 7.537919 12.272630
v 80.479340 7.537476 12.173572
v 80.242874 7.403630 12.151981
v 80.859360 7.600204 12.331958
v 80.754906 7.608995 12.200735
v 80.867340 7.631070 12.494596
v 80.757614 7.683748 12.593113
v 80.607162 7.728588 12.582240
v 80.501808 7.736130 12.452423
v 80.492775 7.707539 12.287998
v 80.603065 7.653518 12.189669
v 80.457054 8.038679 12.283706
v 80.459549 8.029035 12.229618
v 80.505562 7.989692 12.244429
v 80.503075 7.998862 12.299963
v 80.488266 8.038924 12.184580
v 80.534760 8.000527 12.198668
v 80.528671 8.065182 12.178574
v 80.574867 8.030288 12.195047
v 80.557587 8.091255 12.209458
v 80.605385 8.058660 12.228331
v 80.555679 8.100657 12.262798
v 80.605202 8.066943 12.283120
v 80.527557 8.090526 12.307089
v 80.577988 8.053385 12.328070
v 80.486565 8.064511 12.313843
v 80.534073 8.025068 12.332512
v 80.363670 8.111800 12.250959
v 80.366096 8.102654 12.199744
v 80.412209 8.066342 12.214440
v 80.409714 8.075745 12.267107
v 80.393730 8.111800 12.156552
v 80.440559 8.075775 12.170097
v 80.432961 8.136189 12.149549
v 80.480782 8.100918 12.163070
v 80.460922 8.160578 12.177949
v 80.509460 8.126036 12.192385
v 80.458496 8.169724 12.229164
v 80.507042 8.135410 12.244958
v 80.430862 8.160577 12.272356
v 80.478760 8.125945 12.289207
v 80.391632 8.136189 12.279360
v 80.438469 8.100834 12.296329
v 80.274429 8.181676 12.219667
v 80.276726 8.173036 12.171286
v 80.320992 8.138178 12.185381
v 80.318626 8.147068 12.235167
v 80.302826 8.181676 12.130484
v 80.347847 8.147067 12.143395
v 80.339890 8.204715 12.123868
v 80.385986 8.170774 12.136588
v 80.366302 8.227754 12.150697
v 80.413170 8.194483 12.164194
v 80.364006 8.236393 12.199078
v 80.410805 8.203372 12.213980
v 80.337906 8.227754 12.239880
v 80.383949 8.194482 12.255965
v 80.300842 8.204714 12.246495
v 80.345810 8.170774 12.262773
v 80.237122 8.206843 12.158677
v 80.235474 8.214556 12.203969
v 80.261963 8.214555 12.120770
v 80.296066 8.236406 12.114429
v 80.321182 8.257542 12.139626
v 80.318573 8.265966 12.184611
v 80.294693 8.257543 12.222825
v 80.259628 8.236405 12.228860
v 80.983017 8.042547 12.196909
v 81.008926 8.033176 12.241179
v 80.965042 7.994876 12.253693
v 80.938667 8.005022 12.208055
v 81.009125 8.042397 12.293134
v 80.965942 8.004776 12.307999
v 80.979462 8.067051 12.320891
v 80.935524 8.030824 12.337049
v 80.940155 8.091819 12.312856
v 80.893303 8.057315 12.330482
v 80.914642 8.101340 12.269361
v 80.867439 8.069802 12.286521
v 80.914841 8.092270 12.218182
v 80.868698 8.061039 12.233652
v 80.944107 8.067466 12.189648
v 80.899811 8.032699 12.202499
v 81.067390 8.108070 12.176427
v 81.091904 8.099442 12.218401
v 81.051407 8.067107 12.229477
v 81.026085 8.076049 12.186138
v 81.092133 8.108070 12.267009
v 81.051636 8.076031 12.279754
v 81.064384 8.131075 12.292839
v 81.022942 8.099833 12.306489
v 81.027367 8.154080 12.284701
v 80.984680 8.123652 12.298156
v 81.002846 8.162708 12.242728
v 80.959404 8.132611 12.254912
v 81.002617 8.154081 12.194120
v 80.959229 8.123709 12.204733
v 81.030365 8.131076 12.168289
v 80.987877 8.099886 12.177900
v 81.145645 8.168703 12.158233
v 81.168556 8.160641 12.197460
v 81.130867 8.130548 12.207758
v 81.107162 8.138886 12.167179
v 81.168770 8.168703 12.242888
v 81.131088 8.138887 12.254749
v 81.142845 8.190204 12.267029
v 81.104263 8.161129 12.279721
v 81.108246 8.211704 12.259424
v 81.068474 8.183368 12.271853
v 81.085327 8.219767 12.220197
v 81.044769 8.191710 12.231277
v 81.085114 8.211704 12.174768
v 81.044548 8.183368 12.184284
v 81.111046 8.190204 12.150627
v 81.071373 8.161127 12.159312
v 81.219521 8.225943 12.141058
v 81.240921 8.218412 12.177692
v 81.205200 8.189891 12.187452
v 81.183052 8.197685 12.149537
v 81.241119 8.225943 12.220119
v 81.205406 8.197683 12.231359
v 81.216904 8.246023 12.242663
v 81.180344 8.218466 12.254693
v 81.184593 8.266103 12.235561
v 81.146896 8.239246 12.247342
v 81.163193 8.273632 12.198926
v 81.124756 8.247040 12.209427
v 81.162994 8.266103 12.156500
v 81.124550 8.239245 12.165519
v 81.187210 8.246023 12.133955
v 81.149605 8.218466 12.142186
v 81.290123 8.280643 12.124644
v 81.310074 8.273623 12.158802
v 81.275856 8.246300 12.168150
v 81.255188 8.253572 12.132767
v 81.310265 8.280643 12.198359
v 81.276047 8.253572 12.209127
v 81.287682 8.299365 12.219379
v 81.252655 8.272966 12.230903
v 81.257553 8.318086 12.212757
v 81.221443 8.292360 12.224043
v 81.237602 8.325108 12.178599
v 81.200775 8.299633 12.188659
v 81.237419 8.318087 12.139042
v 81.200584 8.292360 12.147682
v 81.259995 8.299365 12.118022
v 81.223976 8.272967 12.125906
v 81.358124 8.333327 12.108834
v 81.376678 8.326797 12.140606
v 81.343666 8.300438 12.149626
v 81.324417 8.307212 12.116671
v 81.376854 8.333328 12.177401
v 81.343842 8.307212 12.187789
v 81.355850 8.350742 12.196953
v 81.322060 8.325275 12.208070
v 81.327827 8.368155 12.190793
v 81.292992 8.343337 12.201680
v 81.309273 8.374687 12.159021
v 81.273743 8.350109 12.168726
v 81.309097 8.368155 12.122227
v 81.273567 8.343337 12.130562
v 81.330101 8.350742 12.102674
v 81.295349 8.325274 12.110282
v 81.406204 8.352356 12.132542
v 81.388657 8.358136 12.103220
v 81.405998 8.358137 12.166714
v 81.386917 8.374531 12.184727
v 81.360603 8.390388 12.179115
v 81.343773 8.396707 12.149596
v 81.343254 8.390388 12.115622
v 81.363060 8.374531 12.097411
v 80.683632 8.086142 12.062784
v 80.737549 8.078245 12.047573
v 80.734894 8.028353 12.091364
v 80.679901 8.036898 12.105743
v 80.791023 8.086235 12.064668
v 80.790039 8.036444 12.106716
v 80.809898 8.107499 12.108076
v 80.809402 8.058701 12.147616
v 80.788864 8.128695 12.150789
v 80.789322 8.081589 12.189978
v 80.735924 8.136499 12.166027
v 80.736252 8.089764 12.205059
v 80.683434 8.128416 12.148960
v 80.683319 8.081255 12.188305
v 80.663574 8.107245 12.105524
v 80.662743 8.059750 12.145617
v 80.686630 8.176281 11.977576
v 80.739029 8.168499 11.962410
v 80.738289 8.124067 12.004422
v 80.684937 8.131978 12.019815
v 80.790863 8.176280 11.979414
v 80.791092 8.131989 12.021686
v 80.809654 8.197034 12.022652
v 80.810158 8.153110 12.065577
v 80.789352 8.217787 12.065201
v 80.789474 8.174221 12.108767
v 80.736954 8.225570 12.080367
v 80.736237 8.182121 12.124164
v 80.685120 8.217787 12.063363
v 80.683563 8.174186 12.106903
v 80.666328 8.197034 12.020124
v 80.664368 8.153078 12.063009
v 80.690041 8.261842 11.895764
v 80.740463 8.254354 11.881171
v 80.739754 8.211865 11.921374
v 80.688354 8.219500 11.936251
v 80.790337 8.261843 11.897532
v 80.790596 8.219500 11.938053
v 80.808418 8.281812 11.939136
v 80.809029 8.239857 11.980466
v 80.788879 8.301779 11.980076
v 80.789116 8.260213 12.022202
v 80.738464 8.309267 11.994669
v 80.737717 8.267847 12.037079
v 80.688591 8.301778 11.978308
v 80.686867 8.260213 12.020399
v 80.670509 8.281812 11.936705
v 80.668442 8.239857 11.977987
v 80.693336 8.344398 11.816826
v 80.741844 8.337193 11.802787
v 80.741158 8.296098 11.841672
v 80.691704 8.303444 11.855986
v 80.789825 8.344397 11.818527
v 80.790085 8.303444 11.857720
v 80.807220 8.363608 11.858553
v 80.807816 8.323030 11.898529
v 80.788429 8.382820 11.897941
v 80.788651 8.342617 11.938686
v 80.739922 8.390024 11.911980
v 80.739197 8.349961 11.953000
v 80.691940 8.382819 11.896239
v 80.690277 8.342616 11.936952
v 80.674545 8.363608 11.856214
v 80.672546 8.323029 11.896144
v 80.696541 8.424658 11.740083
v 80.743187 8.417729 11.726582
v 80.742523 8.377718 11.764441
v 80.694946 8.384783 11.778211
v 80.789337 8.424658 11.741718
v 80.789581 8.384783 11.779879
v 80.806061 8.443133 11.780210
v 80.806633 8.403624 11.819133
v 80.787987 8.461608 11.818089
v 80.788208 8.422464 11.857761
v 80.741341 8.468536 11.831591
v 80.740631 8.429530 11.871530
v 80.695190 8.461608 11.816453
v 80.693573 8.422464 11.856092
v 80.678467 8.443132 11.777961
v 80.676521 8.403625 11.816838
v 80.699669 8.503068 11.665108
v 80.744499 8.496410 11.652132
v 80.743851 8.457281 11.689157
v 80.698112 8.464072 11.702394
v 80.788849 8.503068 11.666680
v 80.789093 8.464073 11.703999
v 80.804924 8.520823 11.703674
v 80.805489 8.482187 11.741737
v 80.787560 8.538580 11.740077
v 80.787773 8.500299 11.778874
v 80.742722 8.545238 11.753054
v 80.742035 8.507093 11.792111
v 80.698372 8.538580 11.738505
v 80.696793 8.500299 11.777270
v 80.682297 8.520824 11.701511
v 80.680397 8.482187 11.739532
v 80.745079 8.534146 11.619401
v 80.702919 8.540005 11.632027
v 80.786766 8.540005 11.633505
v 80.801918 8.557111 11.667883
v 80.785553 8.573395 11.702516
v 80.743408 8.580075 11.714331
v 80.701698 8.573395 11.701036
v 80.686569 8.557111 11.665849
v 78.964378 8.221269 10.794827
v 78.912819 8.208000 10.762781
v 78.959900 8.170319 10.710600
v 79.014030 8.184388 10.745777
v 78.877434 8.221270 10.713447
v 78.923653 8.184406 10.657133
v 78.882713 8.256653 10.675135
v 78.930267 8.222711 10.615555
v 78.920586 8.292036 10.667340
v 78.971153 8.261192 10.606596
v 78.972153 8.305305 10.699385
v 79.026787 8.275297 10.640493
v 79.007538 8.292035 10.748719
v 79.065216 8.259597 10.694576
v 79.002258 8.256653 10.787031
v 79.055878 8.221445 10.737820
v 78.870605 8.283834 10.885187
v 78.824860 8.272062 10.856756
v 78.867516 8.240995 10.811186
v 78.916084 8.253495 10.841369
v 78.793465 8.283834 10.812984
v 78.834183 8.253495 10.764716
v 78.798149 8.315228 10.778994
v 78.839157 8.286822 10.728630
v 78.831757 8.346621 10.772078
v 78.874832 8.320151 10.721289
v 78.877502 8.358393 10.800508
v 78.923401 8.332650 10.751472
v 78.908897 8.346622 10.844280
v 78.956726 8.320152 10.797940
v 78.904221 8.315228 10.878271
v 78.951759 8.286822 10.834026
v 78.785675 8.340503 10.967032
v 78.745193 8.330086 10.941875
v 78.784210 8.301667 10.900187
v 78.827271 8.312748 10.926947
v 78.717415 8.340503 10.903143
v 78.754662 8.312748 10.858986
v 78.721558 8.368280 10.873065
v 78.759064 8.342297 10.826991
v 78.751289 8.396061 10.866945
v 78.790703 8.371845 10.820482
v 78.791779 8.406477 10.892103
v 78.833763 8.382928 10.847242
v 78.819550 8.396061 10.930835
v 78.863312 8.371845 10.888443
v 78.815414 8.368280 10.960913
v 78.858902 8.342297 10.920437
v 78.706581 8.393270 11.043244
v 78.671005 8.384115 11.021134
v 78.707520 8.357521 10.982123
v 78.745514 8.367298 11.005733
v 78.646591 8.393270 10.987096
v 78.681450 8.367299 10.945774
v 78.650230 8.417685 10.960662
v 78.685333 8.393369 10.917547
v 78.676369 8.442097 10.955284
v 78.713249 8.419437 10.911804
v 78.711945 8.451253 10.977394
v 78.751236 8.429214 10.935413
v 78.736359 8.442097 11.011433
v 78.777306 8.419438 10.971763
v 78.732719 8.417685 11.037867
v 78.773422 8.393369 10.999990
v 78.638016 8.409920 11.056381
v 78.670456 8.417906 11.075891
v 78.616409 8.417905 11.025302
v 78.619308 8.440153 11.001919
v 78.643234 8.461897 10.996639
v 78.674889 8.470386 11.016988
v 78.697281 8.461897 11.047229
v 78.693596 8.440153 11.071450
v 79.328903 8.032018 10.084023
v 79.396683 8.011316 10.124144
v 79.348228 8.009385 10.205989
v 79.280144 8.030130 10.165343
v 79.464661 8.032018 10.163921
v 79.416504 8.030184 10.248739
v 79.490387 8.087219 10.178441
v 79.440826 8.087637 10.263739
v 79.465202 8.142422 10.163001
v 79.414513 8.144092 10.248053
v 79.397430 8.163123 10.122879
v 79.346207 8.164804 10.207742
v 79.329445 8.142422 10.083102
v 79.277641 8.142349 10.167211
v 79.303726 8.087219 10.068581
v 79.254509 8.085467 10.150243
v 79.425789 8.031265 9.919024
v 79.495964 8.012092 9.951218
v 79.445335 8.011074 10.040951
v 79.377258 8.031584 10.001820
v 79.564903 8.033403 9.987822
v 79.513435 8.031852 10.080330
v 79.589340 8.087785 10.006603
v 79.538994 8.086952 10.095385
v 79.561607 8.141363 9.999584
v 79.513496 8.141950 10.080996
v 79.491440 8.160537 9.967390
v 79.445419 8.162460 10.041864
v 79.422501 8.139224 9.930785
v 79.377319 8.141683 10.002484
v 79.398064 8.084843 9.912004
v 79.351761 8.086584 9.987432
v 79.492943 8.051632 9.763975
v 79.567924 8.042036 9.760024
v 79.545151 8.018017 9.852662
v 79.470787 8.033700 9.836878
v 79.637222 8.066072 9.781258
v 79.615578 8.040586 9.882586
v 79.656700 8.113617 9.818079
v 79.637459 8.092880 9.910012
v 79.622063 8.155748 9.848417
v 79.605049 8.142592 9.920298
v 79.547073 8.165342 9.852368
v 79.530678 8.158276 9.904514
v 79.477776 8.141310 9.831135
v 79.460258 8.135707 9.874589
v 79.458305 8.093763 9.794313
v 79.438370 8.083412 9.847163
v 79.443138 8.146199 9.666661
v 79.499771 8.151707 9.638106
v 79.544792 8.092860 9.688503
v 79.477463 8.094223 9.708124
v 79.554489 8.176651 9.645296
v 79.607773 8.117882 9.701580
v 79.572823 8.208279 9.688950
v 79.626411 8.157495 9.743949
v 79.549393 8.228485 9.740616
v 79.596191 8.188238 9.788773
v 79.492760 8.222978 9.769171
v 79.528862 8.189602 9.808393
v 79.438042 8.198032 9.761980
v 79.465874 8.164580 9.795316
v 79.419708 8.166406 9.718327
v 79.447235 8.124967 9.752947
v 79.386154 8.227436 9.608059
v 79.429977 8.235020 9.580181
v 79.461044 8.198444 9.604374
v 79.412079 8.190509 9.634588
v 79.473282 8.256334 9.583990
v 79.509277 8.221935 9.608913
v 79.488930 8.280062 9.621727
v 79.526527 8.248569 9.650439
v 79.471901 8.292952 9.668489
v 79.507324 8.263416 9.701593
v 79.428078 8.285370 9.696366
v 79.458351 8.255480 9.731808
v 79.384773 8.264054 9.692556
v 79.410118 8.231988 9.727267
v 79.369125 8.240328 9.654820
v 79.392876 8.205355 9.685741
v 79.340630 8.292255 9.561562
v 79.375885 8.298355 9.539139
v 79.402023 8.267745 9.558975
v 79.362633 8.260929 9.584033
v 79.410713 8.315500 9.542204
v 79.440956 8.286905 9.562399
v 79.423302 8.334585 9.572556
v 79.455017 8.308235 9.596320
v 79.409607 8.344953 9.610169
v 79.439713 8.319821 9.638354
v 79.374352 8.338854 9.632592
v 79.400322 8.313005 9.663414
v 79.339523 8.321710 9.629528
v 79.361389 8.293846 9.659989
v 79.326935 8.302626 9.599174
v 79.347328 8.272517 9.626068
v 79.352257 8.326653 9.522779
v 79.322136 8.321092 9.542307
v 79.382545 8.341127 9.525620
v 79.393082 8.357841 9.551546
v 79.381592 8.366515 9.584206
v 79.350945 8.361517 9.603230
v 79.321175 8.346479 9.600893
v 79.310120 8.330328 9.574461
v 77.442139 8.554542 13.073000
v 77.514397 8.538068 13.073230
v 77.501068 8.502487 13.143167
v 77.421898 8.519961 13.142694
v 77.582161 8.554542 13.098302
v 77.577118 8.521549 13.172092
v 77.602425 8.598472 13.136169
v 77.599174 8.571096 13.213149
v 77.570190 8.642402 13.164547
v 77.564735 8.618542 13.244776
v 77.497932 8.658875 13.164316
v 77.486382 8.635563 13.246224
v 77.430168 8.642402 13.139244
v 77.410149 8.615699 13.218902
v 77.409904 8.598473 13.101377
v 77.387253 8.567544 13.173987
v 77.477882 8.616259 12.940112
v 77.538628 8.603247 12.939144
v 77.526566 8.570478 13.005897
v 77.460312 8.585477 13.005831
v 77.595184 8.616259 12.961310
v 77.588646 8.585478 13.029021
v 77.611610 8.650956 12.996128
v 77.607147 8.625477 13.064114
v 77.584038 8.685656 13.022997
v 77.577530 8.665477 13.090509
v 77.523300 8.698668 13.023965
v 77.511284 8.680477 13.090444
v 77.466736 8.685656 13.001800
v 77.449203 8.665478 13.067319
v 77.450317 8.650957 12.966981
v 77.430695 8.625478 13.032227
v 77.507347 8.688274 12.826916
v 77.560005 8.681575 12.820850
v 77.550659 8.639168 12.872555
v 77.494713 8.649273 12.875914
v 77.607208 8.688274 12.844961
v 77.601891 8.649273 12.895282
v 77.618660 8.706144 12.888581
v 77.615700 8.676216 12.933693
v 77.592667 8.724011 12.925433
v 77.589317 8.703161 12.964842
v 77.540009 8.730714 12.931499
v 77.533379 8.713264 12.968201
v 77.492805 8.724011 12.907388
v 77.482147 8.703161 12.945474
v 77.481354 8.706143 12.863768
v 77.468330 8.676217 12.907063
v 77.845062 8.490207 13.721934
v 77.805695 8.471158 13.786985
v 77.737694 8.445179 13.734684
v 77.780357 8.465279 13.661811
v 77.753471 8.490208 13.842254
v 77.681335 8.465527 13.794497
v 77.719162 8.541004 13.851768
v 77.644455 8.520018 13.804386
v 77.719200 8.591802 13.816163
v 77.642441 8.575686 13.763459
v 77.758568 8.610850 13.751111
v 77.686714 8.598328 13.692352
v 77.810791 8.591801 13.695844
v 77.743515 8.577694 13.631635
v 77.845100 8.541004 13.686329
v 77.780380 8.521389 13.622577
v 77.968628 8.533175 13.829104
v 77.936119 8.517631 13.886269
v 77.870544 8.493741 13.836351
v 77.906952 8.511334 13.775765
v 77.889671 8.533175 13.932828
v 77.821838 8.511334 13.887575
v 77.856293 8.574627 13.938135
v 77.789482 8.558247 13.896054
v 77.852524 8.616080 13.904547
v 77.789040 8.605158 13.862606
v 77.885033 8.631626 13.847383
v 77.825447 8.622749 13.802019
v 77.931480 8.616081 13.800823
v 77.874153 8.605158 13.750796
v 77.964859 8.574627 13.795516
v 77.906509 8.558246 13.742316
v 78.078194 8.589035 13.922674
v 78.056145 8.580488 13.977637
v 78.003136 8.545571 13.937284
v 78.030281 8.557999 13.881931
v 78.009033 8.589035 14.013525
v 77.957008 8.557999 13.978190
v 77.962654 8.611825 14.005124
v 77.917969 8.591140 13.976979
v 77.942207 8.634617 13.962654
v 77.906410 8.624282 13.939672
v 77.964256 8.643164 13.907690
v 77.933556 8.636709 13.884319
v 78.011368 8.634616 13.871802
v 77.979683 8.624282 13.843412
v 78.057747 8.611827 13.880203
v 78.018723 8.591139 13.844623
v 80.204987 7.807008 14.563054
v 80.215668 7.800975 14.618250
v 80.200279 7.759944 14.616374
v 80.188606 7.766747 14.551943
v 80.190460 7.807465 14.669338
v 80.170319 7.768212 14.677032
v 80.139610 7.824561 14.684394
v 80.110062 7.789586 14.697472
v 80.094360 7.841316 14.659264
v 80.057373 7.809860 14.669903
v 80.084091 7.846895 14.603190
v 80.047623 7.815195 14.602542
v 80.109711 7.839951 14.551224
v 80.079514 7.805461 14.538954
v 80.160149 7.823308 14.537046
v 80.137848 7.785553 14.521444
v 80.228020 7.839699 14.619802
v 80.219032 7.844300 14.574329
v 80.207336 7.844357 14.661388
v 80.166199 7.858240 14.672564
v 80.128922 7.871325 14.651236
v 80.120506 7.876622 14.605722
v 80.140724 7.871155 14.563957
v 80.182320 7.858083 14.552961
v 79.737236 7.807081 14.852771
v 79.691353 7.798069 14.815403
v 79.729263 7.755843 14.783433
v 79.782570 7.763091 14.826708
v 79.669838 7.809467 14.760233
v 79.703415 7.769416 14.716032
v 79.689415 7.837002 14.720194
v 79.729088 7.800385 14.669623
v 79.734421 7.863711 14.714286
v 79.782562 7.828410 14.663467
v 79.780716 7.872911 14.750131
v 79.837959 7.836426 14.702293
v 79.802643 7.861701 14.803778
v 79.865433 7.822325 14.763638
v 79.782654 7.833979 14.845339
v 79.837738 7.791223 14.815269
v 79.654083 7.884333 14.897622
v 79.619736 7.876325 14.869772
v 79.654129 7.838083 14.844345
v 79.693893 7.847147 14.876612
v 79.603546 7.884334 14.828625
v 79.635399 7.847445 14.796679
v 79.618279 7.905690 14.797959
v 79.652435 7.872047 14.761291
v 79.651955 7.927047 14.793169
v 79.691437 7.896546 14.755805
v 79.686302 7.935056 14.821020
v 79.731247 7.905632 14.787882
v 79.702492 7.927047 14.862167
v 79.750031 7.896296 14.835358
v 79.687759 7.905690 14.892832
v 79.732941 7.871669 14.870936
v 79.589958 7.911653 14.891583
v 79.618843 7.917928 14.914495
v 79.576828 7.917928 14.857131
v 79.588745 7.936016 14.832002
v 79.617073 7.953439 14.827655
v 79.645180 7.960381 14.851135
v 79.659088 7.953439 14.885017
v 79.646393 7.936016 14.910717
v 80.120056 7.649197 14.095510
v 80.189926 7.630834 14.115580
v 80.150871 7.606894 14.202875
v 80.076363 7.627449 14.179321
v 80.254608 7.649197 14.148764
v 80.223862 7.626730 14.241416
v 80.272919 7.698166 14.176235
v 80.245438 7.681372 14.268480
v 80.240768 7.747135 14.183736
v 80.209702 7.735330 14.279455
v 80.170898 7.765499 14.163667
v 80.132141 7.754555 14.257279
v 80.106216 7.747135 14.130482
v 80.060547 7.733888 14.219808
v 80.087906 7.698166 14.103011
v 80.042656 7.680278 14.187210
v 80.195518 7.691847 13.933997
v 80.255669 7.677017 13.949487
v 80.222786 7.653399 14.032569
v 80.158157 7.670262 14.014229
v 80.310120 7.691847 13.979354
v 80.282455 7.670262 14.063427
v 80.324020 7.731397 14.007029
v 80.299164 7.715232 14.089341
v 80.294945 7.770946 14.017695
v 80.269249 7.760201 14.096806
v 80.234802 7.785776 14.002206
v 80.204620 7.777065 14.078465
v 80.180344 7.770945 13.972338
v 80.144943 7.760202 14.047607
v 80.166451 7.731398 13.944663
v 80.128242 7.715232 14.021693
v 80.260483 7.753273 13.795104
v 80.314339 7.745161 13.801239
v 80.288780 7.705176 13.865818
v 80.232109 7.716996 13.854950
v 80.357811 7.753272 13.833626
v 80.337540 7.716997 13.896677
v 80.362206 7.774906 13.875850
v 80.346756 7.748516 13.931154
v 80.330109 7.796539 13.903627
v 80.316437 7.780036 13.949985
v 80.276245 7.804651 13.897491
v 80.259773 7.791856 13.939116
v 80.232773 7.796539 13.865106
v 80.211014 7.780036 13.908258
v 80.228378 7.774907 13.822882
v 80.201797 7.748516 13.873780
v 80.278648 7.860721 13.766487
v 80.327499 7.859344 13.767996
v 80.325539 7.800927 13.772942
v 80.274246 7.805215 13.769884
v 80.364151 7.860721 13.800327
v 80.365036 7.805215 13.805819
v 80.363914 7.864396 13.847770
v 80.366318 7.816645 13.852316
v 80.331619 7.868071 13.882521
v 80.333565 7.828077 13.885339
v 80.282768 7.869449 13.881013
v 80.282265 7.832363 13.882282
v 80.246117 7.868069 13.848680
v 80.242775 7.828076 13.849405
v 80.246353 7.864396 13.801239
v 80.241486 7.816645 13.802907
v 80.281876 7.946193 13.770783
v 80.326080 7.946193 13.771584
v 80.327065 7.906964 13.769102
v 80.280579 7.907136 13.768183
v 80.358856 7.946193 13.801250
v 80.361580 7.907136 13.800241
v 80.358055 7.946193 13.845449
v 80.360817 7.907597 13.846544
v 80.328384 7.946193 13.878225
v 80.329681 7.908055 13.880826
v 80.284187 7.946193 13.877425
v 80.283203 7.908228 13.879906
v 80.251411 7.946193 13.847759
v 80.248688 7.908055 13.848767
v 80.252213 7.946193 13.803558
v 80.249451 7.907596 13.802464
v 80.284111 8.017000 13.775933
v 80.324074 8.017002 13.776657
v 80.325050 7.982405 13.774178
v 80.283020 7.982403 13.773417
v 80.353706 8.017000 13.803479
v 80.356224 7.982404 13.802389
v 80.352982 8.017002 13.843442
v 80.355461 7.982405 13.844422
v 80.326157 8.017000 13.873075
v 80.327248 7.982403 13.875591
v 80.286194 8.017002 13.872352
v 80.285217 7.982404 13.874830
v 80.256561 8.017000 13.845530
v 80.254044 7.982403 13.846619
v 80.257286 8.017002 13.805567
v 80.254807 7.982404 13.804585
v 80.286179 8.082702 13.780712
v 80.322205 8.082702 13.781364
v 80.323128 8.050361 13.779047
v 80.285156 8.050362 13.778359
v 80.348923 8.082702 13.805548
v 80.351280 8.050361 13.804529
v 80.348274 8.082702 13.841578
v 80.350594 8.050360 13.842496
v 80.324089 8.082702 13.868297
v 80.325111 8.050361 13.870648
v 80.288055 8.082702 13.867644
v 80.287140 8.050360 13.869962
v 80.261337 8.082702 13.843461
v 80.258987 8.050362 13.844480
v 80.261993 8.082702 13.807430
v 80.259674 8.050360 13.806513
v 80.320717 8.112615 13.785138
v 80.287834 8.112278 13.784537
v 80.345100 8.112278 13.807203
v 80.344498 8.112614 13.840085
v 80.322433 8.112279 13.864471
v 80.289551 8.112614 13.863870
v 80.265167 8.112278 13.841805
v 80.265770 8.112614 13.808924
v 78.106117 8.668675 13.945930
v 78.088516 8.667221 14.002278
v 78.081459 8.623365 13.996904
v 78.100441 8.627887 13.941355
v 78.038887 8.668674 14.034248
v 78.032967 8.627888 14.029990
v 77.983582 8.672551 14.018305
v 77.980965 8.639943 14.016657
v 77.953491 8.676428 13.969242
v 77.954269 8.651999 13.970086
v 77.971092 8.677881 13.912893
v 77.973251 8.656521 13.914536
v 78.020721 8.676428 13.880923
v 78.021744 8.651999 13.881452
v 78.076027 8.672551 13.896867
v 78.073746 8.639943 13.894784
v 78.087715 8.703490 14.001671
v 78.104065 8.703313 13.947354
v 78.039719 8.703313 14.031891
v 77.985527 8.704157 14.015749
v 77.955544 8.704282 13.967817
v 77.971893 8.704823 13.913501
v 78.019897 8.704282 13.883281
v 78.074081 8.704157 13.899423
v 77.563828 8.729571 12.799699
v 77.514565 8.732437 12.807329
v 77.607300 8.732436 12.824086
v 77.617081 8.742344 12.869603
v 77.591988 8.751286 12.908817
v 77.542725 8.755116 12.916448
v 77.499252 8.751287 12.892060
v 77.489471 8.742344 12.846543
vt 0.437500 0.062500
vt 0.500000 0.062500
vt 0.500000 0.125000
vt 0.437500 0.125000
vt 0.562500 0.062500
vt 0.562500 0.125000
vt 0.500000 0.187500
vt 0.437500 0.187500
vt 0.562500 0.187500
vt 0.375000 0.000000
vt 0.437500 0.000000
vt 0.375000 0.062500
vt 0.500000 0.000000
vt 0.562500 0.000000
vt 0.625000 0.000000
vt 0.625000 0.062500
vt 0.625000 0.125000
vt 0.625000 0.187500
vt 0.625000 0.250000
vt 0.562500 0.250000
vt 0.500000 0.250000
vt 0.437500 0.250000
vt 0.375000 0.187500
vt 0.375000 0.250000
vt 0.375000 0.125000
vt 0.437500 0.312500
vt 0.500000 0.312500
vt 0.500000 0.375000
vt 0.437500 0.375000
vt 0.562500 0.312500
vt 0.562500 0.375000
vt 0.500000 0.437500
vt 0.437500 0.437500
vt 0.562500 0.437500
vt 0.375000 0.312500
vt 0.625000 0.312500
vt 0.625000 0.375000
vt 0.625000 0.437500
vt 0.625000 0.500000
vt 0.562500 0.500000
vt 0.500000 0.500000
vt 0.437500 0.500000
vt 0.375000 0.437500
vt 0.375000 0.500000
vt 0.375000 0.375000
vt 0.437500 0.562500
vt 0.500000 0.562500
vt 0.500000 0.625000
vt 0.437500 0.625000
vt 0.562500 0.562500
vt 0.562500 0.625000
vt 0.500000 0.687500
vt 0.437500 0.687500
vt 0.562500 0.687500
vt 0.375000 0.562500
vt 0.625000 0.562500
vt 0.625000 0.625000
vt 0.625000 0.687500
vt 0.625000 0.750000
vt 0.562500 0.750000
vt 0.500000 0.750000
vt 0.437500 0.750000
vt 0.375000 0.687500
vt 0.375000 0.750000
vt 0.375000 0.625000
vt 0.437500 0.812500
vt 0.500000 0.812500
vt 0.500000 0.875000
vt 0.437500 0.875000
vt 0.562500 0.812500
vt 0.562500 0.875000
vt 0.500000 0.937500
vt 0.437500 0.937500
vt 0.562500 0.937500
vt 0.375000 0.812500
vt 0.625000 0.812500
vt 0.625000 0.875000
vt 0.625000 0.937500
vt 0.625000 1.000000
vt 0.562500 1.000000
vt 0.500000 1.000000
vt 0.437500 1.000000
vt 0.375000 0.937500
vt 0.375000 1.000000
vt 0.375000 0.875000
vt 0.187500 0.562500
vt 0.250000 0.562500
vt 0.250000 0.625000
vt 0.187500 0.625000
vt 0.312500 0.562500
vt 0.312500 0.625000
vt 0.250000 0.687500
vt 0.187500 0.687500
vt 0.312500 0.687500
vt 0.125000 0.500000
vt 0.187500 0.500000
vt 0.125000 0.562500
vt 0.250000 0.500000
vt 0.312500 0.500000
vt 0.312500 0.750000
vt 0.250000 0.750000
vt 0.187500 0.750000
vt 0.125000 0.687500
vt 0.125000 0.750000
vt 0.125000 0.625000
vt 0.687500 0.562500
vt 0.750000 0.562500
vt 0.750000 0.625000
vt 0.687500 0.625000
vt 0.812500 0.562500
vt 0.812500 0.625000
vt 0.750000 0.687500
vt 0.687500 0.687500
vt 0.812500 0.687500
vt 0.687500 0.500000
vt 0.750000 0.500000
vt 0.812500 0.500000
vt 0.875000 0.500000
vt 0.875000 0.562500
vt 0.875000 0.625000
vt 0.875000 0.687500
vt 0.875000 0.750000
vt 0.812500 0.750000
vt 0.750000 0.750000
vt 0.687500 0.750000
vt 0.437500 0.062500
vt 0.500000 0.062500
vt 0.500000 0.125000
vt 0.437500 0.125000
vt 0.562500 0.062500
vt 0.562500 0.125000
vt 0.500000 0.187500
vt 0.437500 0.187500
vt 0.562500 0.187500
vt 0.375000 0.000000
vt 0.437500 0.000000
vt 0.375000 0.062500
vt 0.500000 0.000000
vt 0.562500 0.000000
vt 0.625000 0.000000
vt 0.625000 0.062500
vt 0.625000 0.125000
vt 0.625000 0.187500
vt 0.625000 0.250000
vt 0.562500 0.250000
vt 0.500000 0.250000
vt 0.437500 0.250000
vt 0.375000 0.187500
vt 0.375000 0.250000
vt 0.375000 0.125000
vt 0.437500 0.312500
vt 0.500000 0.312500
vt 0.500000 0.375000
vt 0.437500 0.375000
vt 0.562500 0.312500
vt 0.562500 0.375000
vt 0.500000 0.437500
vt 0.437500 0.437500
vt 0.562500 0.437500
vt 0.375000 0.312500
vt 0.625000 0.312500
vt 0.625000 0.375000
vt 0.625000 0.437500
vt 0.625000 0.500000
vt 0.562500 0.500000
vt 0.500000 0.500000
vt 0.437500 0.500000
vt 0.375000 0.437500
vt 0.375000 0.500000
vt 0.375000 0.375000
vt 0.437500 0.562500
vt 0.500000 0.562500
vt 0.500000 0.625000
vt 0.437500 0.625000
vt 0.562500 0.562500
vt 0.562500 0.625000
vt 0.500000 0.687500
vt 0.437500 0.687500
vt 0.562500 0.687500
vt 0.375000 0.562500
vt 0.625000 0.562500
vt 0.625000 0.625000
vt 0.625000 0.687500
vt 0.625000 0.750000
vt 0.562500 0.750000
vt 0.500000 0.750000
vt 0.437500 0.750000
vt 0.375000 0.687500
vt 0.375000 0.750000
vt 0.375000 0.625000
vt 0.437500 0.812500
vt 0.500000 0.812500
vt 0.500000 0.875000
vt 0.437500 0.875000
vt 0.562500 0.812500
vt 0.562500 0.875000
vt 0.500000 0.937500
vt 0.437500 0.937500
vt 0.562500 0.937500
vt 0.375000 0.812500
vt 0.625000 0.812500
vt 0.625000 0.875000
vt 0.625000 0.937500
vt 0.625000 1.000000
vt 0.562500 1.000000
vt 0.500000 1.000000
vt 0.437500 1.000000
vt 0.375000 0.937500
vt 0.375000 1.000000
vt 0.375000 0.875000
vt 0.187500 0.562500
vt 0.250000 0.562500
vt 0.250000 0.625000
vt 0.187500 0.625000
vt 0.312500 0.562500
vt 0.312500 0.625000
vt 0.250000 0.687500
vt 0.187500 0.687500
vt 0.312500 0.687500
vt 0.125000 0.500000
vt 0.187500 0.500000
vt 0.125000 0.562500
vt 0.250000 0.500000
vt 0.312500 0.500000
vt 0.312500 0.750000
vt 0.250000 0.750000
vt 0.187500 0.750000
vt 0.125000 0.687500
vt 0.125000 0.750000
vt 0.125000 0.625000
vt 0.687500 0.562500
vt 0.750000 0.562500
vt 0.750000 0.625000
vt 0.687500 0.625000
vt 0.812500 0.562500
vt 0.812500 0.625000
vt 0.750000 0.687500
vt 0.687500 0.687500
vt 0.812500 0.687500
vt 0.687500 0.500000
vt 0.750000 0.500000
vt 0.812500 0.500000
vt 0.875000 0.500000
vt 0.875000 0.562500
vt 0.875000 0.625000
vt 0.875000 0.687500
vt 0.875000 0.750000
vt 0.812500 0.750000
vt 0.750000 0.750000
vt 0.687500 0.750000
vt 0.437500 0.062500
vt 0.500000 0.062500
vt 0.500000 0.125000
vt 0.437500 0.125000
vt 0.562500 0.062500
vt 0.562500 0.125000
vt 0.500000 0.187500
vt 0.437500 0.187500
vt 0.562500 0.187500
vt 0.375000 0.000000
vt 0.437500 0.000000
vt 0.375000 0.062500
vt 0.500000 0.000000
vt 0.562500 0.000000
vt 0.625000 0.000000
vt 0.625000 0.062500
vt 0.625000 0.125000
vt 0.625000 0.187500
vt 0.625000 0.250000
vt 0.562500 0.250000
vt 0.500000 0.250000
vt 0.437500 0.250000
vt 0.375000 0.187500
vt 0.375000 0.250000
vt 0.375000 0.125000
vt 0.437500 0.312500
vt 0.500000 0.312500
vt 0.500000 0.375000
vt 0.437500 0.375000
vt 0.562500 0.312500
vt 0.562500 0.375000
vt 0.500000 0.437500
vt 0.437500 0.437500
vt 0.562500 0.437500
vt 0.375000 0.312500
vt 0.625000 0.312500
vt 0.625000 0.375000
vt 0.625000 0.437500
vt 0.625000 0.500000
vt 0.562500 0.500000
vt 0.500000 0.500000
vt 0.437500 0.500000
vt 0.375000 0.437500
vt 0.375000 0.500000
vt 0.375000 0.375000
vt 0.437500 0.562500
vt 0.500000 0.562500
vt 0.500000 0.625000
vt 0.437500 0.625000
vt 0.562500 0.562500
vt 0.562500 0.625000
vt 0.500000 0.687500
vt 0.437500 0.687500
vt 0.562500 0.687500
vt 0.375000 0.562500
vt 0.625000 0.562500
vt 0.625000 0.625000
vt 0.625000 0.687500
vt 0.625000 0.750000
vt 0.562500 0.750000
vt 0.500000 0.750000
vt 0.437500 0.750000
vt 0.375000 0.687500
vt 0.375000 0.750000
vt 0.375000 0.625000
vt 0.437500 0.812500
vt 0.500000 0.812500
vt 0.500000 0.875000
vt 0.437500 0.875000
vt 0.562500 0.812500
vt 0.562500 0.875000
vt 0.500000 0.937500
vt 0.437500 0.937500
vt 0.562500 0.937500
vt 0.375000 0.812500
vt 0.625000 0.812500
vt 0.625000 0.875000
vt 0.625000 0.937500
vt 0.625000 1.000000
vt 0.562500 1.000000
vt 0.500000 1.000000
vt 0.437500 1.000000
vt 0.375000 0.937500
vt 0.375000 1.000000
vt 0.375000 0.875000
vt 0.187500 0.562500
vt 0.250000 0.562500
vt 0.250000 0.625000
vt 0.187500 0.625000
vt 0.312500 0.562500
vt 0.312500 0.625000
vt 0.250000 0.687500
vt 0.187500 0.687500
vt 0.312500 0.687500
vt 0.125000 0.500000
vt 0.187500 0.500000
vt 0.125000 0.562500
vt 0.250000 0.500000
vt 0.312500 0.500000
vt 0.312500 0.750000
vt 0.250000 0.750000
vt 0.187500 0.750000
vt 0.125000 0.687500
vt 0.125000 0.750000
vt 0.125000 0.625000
vt 0.687500 0.562500
vt 0.750000 0.562500
vt 0.750000 0.625000
vt 0.687500 0.625000
vt 0.812500 0.562500
vt 0.812500 0.625000
vt 0.750000 0.687500
vt 0.687500 0.687500
vt 0.812500 0.687500
vt 0.687500 0.500000
vt 0.750000 0.500000
vt 0.812500 0.500000
vt 0.875000 0.500000
vt 0.875000 0.562500
vt 0.875000 0.625000
vt 0.875000 0.687500
vt 0.875000 0.750000
vt 0.812500 0.750000
vt 0.750000 0.750000
vt 0.687500 0.750000
vt 0.000000 0.000000
vt 0.000000 0.000000
vt 0.000000 0.000000
vt 0.000000 0.000000
vt 0.000000 0.000000
vt 0.000000 0.000000
vt 0.000000 0.000000
vt 0.000000 0.000000
vt 0.000000 0.000000
vt 0.000000 0.000000
vt 0.000000 0.000000
vt 0.000000 0.000000
vt 0.000000 0.000000
vt 0.000000 0.000000
vt 0.000000 0.000000
vt 0.000000 0.000000
vt 0.000000 0.000000
vt 0.000000 0.000000
vt 0.000000 0.000000
vt 0.000000 0.000000
vt 0.000000 0.000000
vt 0.000000 0.000000
vt 0.000000 0.000000
vt 0.000000 0.000000
vt 0.000000 0.000000
vt 0.000000 0.000000
vt 0.000000 0.000000
vt 0.000000 0.000000
vt 0.000000 0.000000
vt 0.000000 0.000000
vt 0.000000 0.000000
vt 0.000000 0.000000
vt 0.000000 0.000000
vt 0.000000 0.000000
vt 0.000000 0.000000
vt 0.000000 0.000000
vt 0.000000 0.000000
vt 0.000000 0.000000
vt 0.000000 0.000000
vt 0.000000 0.000000
vt 0.000000 0.000000
vt 0.000000 0.000000
vt 0.000000 0.000000
vt 0.000000 0.000000
vt 0.000000 0.000000
vt 0.000000 0.000000
vt 0.000000 0.000000
vt 0.000000 0.000000
vt 0.000000 0.000000
vt 0.000000 0.000000
vt 0.000000 0.000000
vt 0.000000 0.000000
vt 0.000000 0.000000
vt 0.000000 0.000000
vt 0.000000 0.000000
vt 0.000000 0.000000
vt 0.000000 0.000000
vt 0.000000 0.000000
vt 0.000000 0.000000
vt 0.000000 0.000000
vt 0.000000 0.000000
vt 0.000000 0.000000
vt 0.000000 0.000000
vt 0.000000 0.000000
vt 0.000000 0.000000
vt 0.000000 0.000000
vt 0.000000 0.000000
vt 0.000000 0.000000
vt 0.000000 0.000000
vt 0.000000 0.000000
vt 0.000000 0.000000
vt 0.000000 0.000000
vt 0.000000 0.000000
vt 0.000000 0.000000
vt 0.000000 0.000000
vt 0.000000 0.000000
vt 0.000000 0.000000
vt 0.000000 0.000000
vt 0.000000 0.000000
vt 0.000000 0.000000
vt 0.000000 0.000000
vt 0.000000 0.000000
vt 0.000000 0.000000
vt 0.000000 0.000000
vt 0.000000 0.000000
vt 0.000000 0.000000
vt 0.000000 0.000000
vt 0.000000 0.000000
vt 0.000000 0.000000
vt 0.000000 0.000000
vt 0.000000 0.000000
vt 0.000000 0.000000
vt 0.000000 0.000000
vt 0.000000 0.000000
vt 0.000000 0.000000
vt 0.000000 0.000000
vt 0.000000 0.000000
vt 0.000000 0.000000
vt 0.000000 0.000000
vt 0.000000 0.000000
vt 0.000000 0.000000
vt 0.000000 0.000000
vt 0.000000 0.000000
vt 0.000000 0.000000
vt 0.000000 0.000000
vt 0.000000 0.000000
vt 0.000000 0.000000
vt 0.000000 0.000000
vt 0.000000 0.000000
vt 0.000000 0.000000
vt 0.000000 0.000000
vt 0.000000 0.000000
vt 0.000000 0.000000
vt 0.000000 0.000000
vt 0.000000 0.000000
vt 0.000000 0.000000
vt 0.000000 0.000000
vt 0.000000 0.000000
vt 0.000000 0.000000
vt 0.000000 0.000000
vt 0.000000 0.000000
vt 0.000000 0.000000
vt 0.000000 0.000000
vt 0.000000 0.000000
vt 0.000000 0.000000
vt 0.000000 0.000000
vt 0.000000 0.000000
vt 0.000000 0.000000
vt 0.000000 0.000000
vt 0.000000 0.000000
vt 0.000000 0.000000
vt 0.000000 0.000000
vt 0.000000 0.000000
vt 0.000000 0.000000
vt 0.000000 0.000000
vt 0.000000 0.000000
vt 0.000000 0.000000
vt 0.000000 0.000000
vt 0.000000 0.000000
vt 0.000000 0.000000
vt 0.000000 0.000000
vt 0.000000 0.000000
vt 0.000000 0.000000
vt 0.000000 0.000000
vt 0.000000 0.000000
vt 0.000000 0.000000
vt 0.000000 0.000000
vt 0.000000 0.000000
vt 0.000000 0.000000
vt 0.000000 0.000000
vt 0.000000 0.000000
vt 0.000000 0.000000
vt 0.000000 0.000000
vt 0.000000 0.000000
vt 0.000000 0.000000
vt 0.000000 0.000000
vt 0.000000 0.000000
vt 0.000000 0.000000
vt 0.000000 0.000000
vt 0.000000 0.000000
vt 0.000000 0.000000
vt 0.000000 0.000000
vt 0.000000 0.000000
vt 0.000000 0.000000
vt 0.000000 0.000000
vt 0.000000 0.000000
vt 0.000000 0.000000
vt 0.000000 0.000000
vt 0.000000 0.000000
vt 0.000000 0.000000
vt 0.000000 0.000000
vt 0.000000 0.000000
vt 0.000000 0.000000
vt 0.000000 0.000000
vt 0.000000 0.000000
vt 0.000000 0.000000
vt 0.000000 0.000000
vt 0.000000 0.000000
vt 0.000000 0.000000
vt 0.000000 0.000000
vt 0.000000 0.000000
vt 0.000000 0.000000
vt 0.000000 0.000000
vt 0.000000 0.000000
vt 0.000000 0.000000
vt 0.000000 0.000000
vt 0.000000 0.000000
vt 0.000000 0.000000
vt 0.000000 0.000000
vt 0.000000 0.000000
vt 0.000000 0.000000
vt 0.000000 0.000000
vt 0.000000 0.000000
vt 0.000000 0.000000
vt 0.000000 0.000000
vt 0.000000 0.000000
vt 0.000000 0.000000
vt 0.000000 0.000000
vt 0.000000 0.000000
vt 0.000000 0.000000
vt 0.000000 0.000000
vt 0.000000 0.000000
vt 0.000000 0.000000
vt 0.000000 0.000000
vt 0.000000 0.000000
vt 0.000000 0.000000
vt 0.000000 0.000000
vt 0.000000 0.000000
vt 0.000000 0.000000
vt 0.000000 0.000000
vt 0.000000 0.000000
vt 0.000000 0.000000
vt 0.000000 0.000000
vt 0.000000 0.000000
vt 0.000000 0.000000
vt 0.000000 0.000000
vt 0.000000 0.000000
vt 0.000000 0.000000
vt 0.000000 0.000000
vt 0.000000 0.000000
vt 0.000000 0.000000
vt 0.000000 0.000000
vt 0.000000 0.000000
vt 0.000000 0.000000
vt 0.000000 0.000000
vt 0.000000 0.000000
vt 0.000000 0.000000
vt 0.000000 0.000000
vt 0.000000 0.000000
vt 0.000000 0.000000
vt 0.000000 0.000000
vt 0.000000 0.000000
vt 0.000000 0.000000
vt 0.000000 0.000000
vt 0.000000 0.000000
vt 0.000000 0.000000
vt 0.000000 0.000000
vt 0.000000 0.000000
vt 0.000000 0.000000
vt 0.000000 0.000000
vt 0.000000 0.000000
vt 0.000000 0.000000
vt 0.000000 0.000000
vt 0.000000 0.000000
vt 0.000000 0.000000
vt 0.000000 0.000000
vt 0.000000 0.000000
vt 0.000000 0.000000
vt 0.000000 0.000000
vt 0.000000 0.000000
vt 0.000000 0.000000
vt 0.000000 0.000000
vt 0.000000 0.000000
vt 0.000000 0.000000
vt 0.000000 0.000000
vt 0.000000 0.000000
vt 0.000000 0.000000
vt 0.000000 0.000000
vt 0.000000 0.000000
vt 0.000000 0.000000
vt 0.000000 0.000000
vt 0.000000 0.000000
vt 0.000000 0.000000
vt 0.000000 0.000000
vt 0.000000 0.000000
vt 0.000000 0.000000
vt 0.000000 0.000000
vt 0.000000 0.000000
vt 0.000000 0.000000
vt 0.000000 0.000000
vt 0.000000 0.000000
vt 0.000000 0.000000
vt 0.000000 0.000000
vt 0.000000 0.000000
vt 0.000000 0.000000
vt 0.000000 0.000000
vt 0.000000 0.000000
vt 0.000000 0.000000
vt 0.000000 0.000000
vt 0.000000 0.000000
vt 0.000000 0.000000
vt 0.000000 0.000000
vt 0.000000 0.000000
vt 0.000000 0.000000
vt 0.000000 0.000000
vt 0.000000 0.000000
vt 0.000000 0.000000
vt 0.000000 0.000000
vt 0.000000 0.000000
vt 0.000000 0.000000
vt 0.000000 0.000000
vt 0.000000 0.000000
vt 0.000000 0.000000
vt 0.000000 0.000000
vt 0.000000 0.000000
vt 0.000000 0.000000
vt 0.000000 0.000000
vt 0.000000 0.000000
vt 0.000000 0.000000
vt 0.000000 0.000000
vt 0.000000 0.000000
vt 0.000000 0.000000
vt 0.000000 0.000000
vt 0.000000 0.000000
vt 0.000000 0.000000
vt 0.000000 0.000000
vt 0.000000 0.000000
vt 0.000000 0.000000
vt 0.000000 0.000000
vt 0.000000 0.000000
vt 0.000000 0.000000
vt 0.000000 0.000000
vt 0.000000 0.000000
vt 0.000000 0.000000
vt 0.000000 0.000000
vt 0.000000 0.000000
vt 0.000000 0.000000
vt 0.000000 0.000000
vt 0.000000 0.000000
vt 0.000000 0.000000
vt 0.000000 0.000000
vt 0.000000 0.000000
vt 0.000000 0.000000
vt 0.000000 0.000000
vt 0.000000 0.000000
vt 0.000000 0.000000
vt 0.000000 0.000000
vt 0.000000 0.000000
vt 0.000000 0.000000
vt 0.000000 0.000000
vt 0.000000 0.000000
vt 0.000000 0.000000
vt 0.000000 0.000000
vt 0.000000 0.000000
vt 0.000000 0.000000
vt 0.000000 0.000000
vt 0.000000 0.000000
vt 0.000000 0.000000
vt 0.000000 0.000000
vt 0.000000 0.000000
vt 0.000000 0.000000
vt 0.000000 0.000000
vt 0.000000 0.000000
vt 0.000000 0.000000
vt 0.000000 0.000000
vt 0.000000 0.000000
vt 0.000000 0.000000
vt 0.000000 0.000000
vt 0.000000 0.000000
vt 0.000000 0.000000
vt 0.000000 0.000000
vt 0.000000 0.000000
vt 0.000000 0.000000
vt 0.000000 0.000000
vt 0.000000 0.000000
vt 0.000000 0.000000
vt 0.000000 0.000000
vt 0.000000 0.000000
vt 0.000000 0.000000
vt 0.000000 0.000000
vt 0.000000 0.000000
vt 0.000000 0.000000
vt 0.000000 0.000000
vt 0.000000 0.000000
vt 0.000000 0.000000
vt 0.000000 0.000000
vt 0.000000 0.000000
vt 0.000000 0.000000
vt 0.000000 0.000000
vt 0.000000 0.000000
vt 0.000000 0.000000
vt 0.000000 0.000000
vt 0.000000 0.000000
vt 0.000000 0.000000
vt 0.000000 0.000000
vt 0.000000 0.000000
vt 0.000000 0.000000
vt 0.000000 0.000000
vt 0.000000 0.000000
vt 0.000000 0.000000
vt 0.000000 0.000000
vt 0.000000 0.000000
vt 0.000000 0.000000
vt 0.000000 0.000000
vt 0.000000 0.000000
vt 0.000000 0.000000
vt 0.000000 0.000000
vt 0.000000 0.000000
vt 0.000000 0.000000
vt 0.000000 0.000000
vt 0.000000 0.000000
vt 0.000000 0.000000
vt 0.000000 0.000000
vt 0.000000 0.000000
vt 0.000000 0.000000
vt 0.000000 0.000000
vt 0.000000 0.000000
vt 0.000000 0.000000
vt 0.000000 0.000000
vt 0.000000 0.000000
vt 0.000000 0.000000
vt 0.000000 0.000000
vt 0.000000 0.000000
vt 0.000000 0.000000
vt 0.000000 0.000000
vt 0.000000 0.000000
vt 0.000000 0.000000
vt 0.000000 0.000000
vt 0.000000 0.000000
vt 0.000000 0.000000
vt 0.000000 0.000000
vt 0.000000 0.000000
vt 0.000000 0.000000
vt 0.000000 0.000000
vt 0.000000 0.000000
vt 0.000000 0.000000
vt 0.000000 0.000000
vt 0.000000 0.000000
vt 0.000000 0.000000
vt 0.000000 0.000000
vt 0.000000 0.000000
vt 0.000000 0.000000
vt 0.000000 0.000000
vt 0.000000 0.000000
vt 0.000000 0.000000
vt 0.000000 0.000000
vt 0.000000 0.000000
vt 0.000000 0.000000
vt 0.000000 0.000000
vt 0.000000 0.000000
vt 0.000000 0.000000
vt 0.000000 0.000000
vt 0.000000 0.000000
vt 0.000000 0.000000
vt 0.000000 0.000000
vt 0.000000 0.000000
vt 0.000000 0.000000
vt 0.000000 0.000000
vt 0.000000 0.000000
vt 0.000000 0.000000
vt 0.000000 0.000000
vt 0.000000 0.000000
vt 0.000000 0.000000
vt 0.000000 0.000000
vt 0.000000 0.000000
vt 0.000000 0.000000
vt 0.000000 0.000000
vt 0.000000 0.000000
vt 0.000000 0.000000
vt 0.000000 0.000000
vt 0.000000 0.000000
vt 0.000000 0.000000
vt 0.000000 0.000000
vt 0.000000 0.000000
vt 0.000000 0.000000
vt 0.000000 0.000000
vt 0.000000 0.000000
vt 0.000000 0.000000
vt 0.000000 0.000000
vt 0.000000 0.000000
vt 0.000000 0.000000
vt 0.000000 0.000000
vt 0.000000 0.000000
vt 0.000000 0.000000
vt 0.000000 0.000000
vt 0.000000 0.000000
vt 0.000000 0.000000
vt 0.000000 0.000000
vt 0.000000 0.000000
vt 0.000000 0.000000
vt 0.000000 0.000000
vt 0.000000 0.000000
vt 0.000000 0.000000
vt 0.000000 0.000000
vt 0.000000 0.000000
vt 0.000000 0.000000
vt 0.000000 0.000000
vt 0.000000 0.000000
vt 0.000000 0.000000
vt 0.000000 0.000000
vt 0.000000 0.000000
vt 0.000000 0.000000
vt 0.000000 0.000000
vt 0.000000 0.000000
vt 0.000000 0.000000
vt 0.000000 0.000000
vt 0.000000 0.000000
vt 0.000000 0.000000
vt 0.000000 0.000000
vt 0.000000 0.000000
vt 0.000000 0.000000
vt 0.000000 0.000000
vt 0.000000 0.000000
vt 0.000000 0.000000
vt 0.000000 0.000000
vt 0.000000 0.000000
vt 0.000000 0.000000
vt 0.000000 0.000000
vt 0.000000 0.000000
vt 0.000000 0.000000
vt 0.000000 0.000000
vt 0.000000 0.000000
vt 0.000000 0.000000
vt 0.000000 0.000000
vt 0.000000 0.000000
vt 0.000000 0.000000
vt 0.000000 0.000000
vt 0.000000 0.000000
vt 0.000000 0.000000
vt 0.000000 0.000000
vt 0.000000 0.000000
vt 0.000000 0.000000
vt 0.000000 0.000000
vt 0.000000 0.000000
vt 0.000000 0.000000
vt 0.000000 0.000000
vt 0.000000 0.000000
vt 0.000000 0.000000
vt 0.000000 0.000000
vt 0.000000 0.000000
vt 0.000000 0.000000
vt 0.000000 0.000000
vt 0.000000 0.000000
vt 0.000000 0.000000
vt 0.000000 0.000000
vt 0.000000 0.000000
vt 0.000000 0.000000
vt 0.000000 0.000000
vt 0.000000 0.000000
vt 0.000000 0.000000
vt 0.000000 0.000000
vt 0.000000 0.000000
vt 0.000000 0.000000
vt 0.000000 0.000000
vt 0.000000 0.000000
vt 0.000000 0.000000
vt 0.000000 0.000000
vt 0.000000 0.000000
vt 0.000000 0.000000
vt 0.000000 0.000000
vt 0.000000 0.000000
vt 0.000000 0.000000
vt 0.000000 0.000000
vt 0.000000 0.000000
vt 0.000000 0.000000
vt 0.000000 0.000000
vt 0.000000 0.000000
vt 0.000000 0.000000
vt 0.000000 0.000000
vt 0.000000 0.000000
vt 0.000000 0.000000
vt 0.000000 0.000000
vt 0.000000 0.000000
vt 0.000000 0.000000
vt 0.000000 0.000000
vt 0.000000 0.000000
vt 0.000000 0.000000
vt 0.000000 0.000000
vt 0.000000 0.000000
vt 0.000000 0.000000
vt 0.000000 0.000000
vt 0.000000 0.000000
vt 0.000000 0.000000
vt 0.000000 0.000000
vt 0.000000 0.000000
vt 0.000000 0.000000
vt 0.000000 0.000000
vt 0.000000 0.000000
vt 0.000000 0.000000
vt 0.000000 0.000000
vt 0.000000 0.000000
vt 0.000000 0.000000
vt 0.000000 0.000000
vt 0.000000 0.000000
vt 0.000000 0.000000
vt 0.000000 0.000000
vt 0.000000 0.000000
vt 0.000000 0.000000
vt 0.000000 0.000000
vt 0.000000 0.000000
vt 0.000000 0.000000
vt 0.000000 0.000000
vt 0.000000 0.000000
vt 0.000000 0.000000
vt 0.000000 0.000000
vt 0.000000 0.000000
vt 0.000000 0.000000
vt 0.000000 0.000000
vt 0.000000 0.000000
vt 0.000000 0.000000
vt 0.000000 0.000000
vt 0.000000 0.000000
vt 0.000000 0.000000
vt 0.000000 0.000000
vt 0.000000 0.000000
vt 0.000000 0.000000
vt 0.000000 0.000000
vt 0.000000 0.000000
vt 0.000000 0.000000
vt 0.000000 0.000000
vt 0.000000 0.000000
vt 0.000000 0.000000
vt 0.000000 0.000000
vt 0.000000 0.000000
vt 0.000000 0.000000
vt 0.000000 0.000000
vt 0.000000 0.000000
vt 0.000000 0.000000
vt 0.000000 0.000000
vt 0.000000 0.000000
vt 0.000000 0.000000
vt 0.000000 0.000000
vt 0.000000 0.000000
vt 0.000000 0.000000
vt 0.000000 0.000000
vt 0.000000 0.000000
vt 0.000000 0.000000
vt 0.000000 0.000000
vt 0.000000 0.000000
vt 0.000000 0.000000
vt 0.000000 0.000000
vt 0.000000 0.000000
vt 0.000000 0.000000
vt 0.000000 0.000000
vt 0.000000 0.000000
vt 0.000000 0.000000
vt 0.000000 0.000000
vt 0.000000 0.000000
vt 0.000000 0.000000
vt 0.000000 0.000000
vt 0.000000 0.000000
vt 0.000000 0.000000
vt 0.000000 0.000000
vt 0.000000 0.000000
vt 0.000000 0.000000
vt 0.000000 0.000000
vt 0.000000 0.000000
vt 0.000000 0.000000
vt 0.000000 0.000000
vt 0.000000 0.000000
vt 0.000000 0.000000
vt 0.000000 0.000000
vt 0.000000 0.000000
vt 0.000000 0.000000
vt 0.000000 0.000000
vt 0.000000 0.000000
vt 0.000000 0.000000
vt 0.000000 0.000000
vt 0.000000 0.000000
vt 0.000000 0.000000
vt 0.000000 0.000000
vt 0.000000 0.000000
vt 0.000000 0.000000
vt 0.000000 0.000000
vt 0.000000 0.000000
vt 0.000000 0.000000
vt 0.000000 0.000000
vt 0.000000 0.000000
vt 0.000000 0.000000
vt 0.000000 0.000000
vt 0.000000 0.000000
vt 0.000000 0.000000
vt 0.000000 0.000000
vt 0.000000 0.000000
vt 0.000000 0.000000
vt 0.000000 0.000000
vt 0.000000 0.000000
vt 0.000000 0.000000
vt 0.000000 0.000000
vt 0.000000 0.000000
vt 0.000000 0.000000
vt 0.000000 0.000000
vt 0.000000 0.000000
vt 0.000000 0.000000
vt 0.000000 0.000000
vt 0.000000 0.000000
vt 0.000000 0.000000
vt 0.000000 0.000000
vt 0.000000 0.000000
vt 0.000000 0.000000
vt 0.000000 0.000000
vt 0.000000 0.000000
vt 0.000000 0.000000
vt 0.000000 0.000000
vt 0.000000 0.000000
vt 0.000000 0.000000
vt 0.000000 0.000000
vt 0.000000 0.000000
vt 0.000000 0.000000
vt 0.000000 0.000000
vt 0.000000 0.000000
vt 0.000000 0.000000
vt 0.000000 0.000000
vt 0.000000 0.000000
vt 0.000000 0.000000
vt 0.000000 0.000000
vt 0.000000 0.000000
vt 0.000000 0.000000
vt 0.000000 0.000000
vt 0.000000 0.000000
vt 0.000000 0.000000
vt 0.000000 0.000000
vt 0.000000 0.000000
vt 0.000000 0.000000
vt 0.000000 0.000000
vt 0.000000 0.000000
vt 0.000000 0.000000
vt 0.000000 0.000000
vt 0.000000 0.000000
vt 0.000000 0.000000
vt 0.000000 0.000000
vt 0.000000 0.000000
vt 0.000000 0.000000
vt 0.000000 0.000000
vt 0.000000 0.000000
vt 0.000000 0.000000
vt 0.000000 0.000000
vt 0.000000 0.000000
vt 0.000000 0.000000
vt 0.000000 0.000000
vt 0.000000 0.000000
vt 0.000000 0.000000
vt 0.000000 0.000000
vt 0.000000 0.000000
vt 0.000000 0.000000
vt 0.000000 0.000000
vt 0.000000 0.000000
vt 0.000000 0.000000
vt 0.000000 0.000000
vt 0.000000 0.000000
vt 0.000000 0.000000
vt 0.000000 0.000000
vt 0.000000 0.000000
vt 0.000000 0.000000
vt 0.000000 0.000000
vt 0.000000 0.000000
vt 0.000000 0.000000
vt 0.000000 0.000000
vt 0.000000 0.000000
vt 0.000000 0.000000
vt 0.000000 0.000000
vt 0.000000 0.000000
vt 0.000000 0.000000
vt 0.000000 0.000000
vt 0.000000 0.000000
vt 0.000000 0.000000
vt 0.000000 0.000000
vt 0.000000 0.000000
vt 0.000000 0.000000
vt 0.000000 0.000000
vt 0.000000 0.000000
vt 0.000000 0.000000
vt 0.000000 0.000000
vt 0.000000 0.000000
vt 0.000000 0.000000
vt 0.000000 0.000000
vt 0.000000 0.000000
vt 0.000000 0.000000
vt 0.000000 0.000000
vt 0.000000 0.000000
vt 0.000000 0.000000
vt 0.000000 0.000000
vt 0.000000 0.000000
vt 0.000000 0.000000
vt 0.000000 0.000000
vt 0.000000 0.000000
vt 0.000000 0.000000
vt 0.000000 0.000000
vt 0.000000 0.000000
vt 0.000000 0.000000
vt 0.000000 0.000000
vt 0.000000 0.000000
vt 0.000000 0.000000
vt 0.000000 0.000000
vt 0.000000 0.000000
vt 0.000000 0.000000
vt 0.000000 0.000000
vt 0.000000 0.000000
vt 0.000000 0.000000
vt 0.000000 0.000000
vt 0.000000 0.000000
vt 0.000000 0.000000
vt 0.000000 0.000000
vt 0.000000 0.000000
vt 0.000000 0.000000
vt 0.000000 0.000000
vt 0.000000 0.000000
vt 0.000000 0.000000
vt 0.000000 0.000000
vt 0.000000 0.000000
vt 0.000000 0.000000
vt 0.000000 0.000000
vt 0.000000 0.000000
vt 0.000000 0.000000
vt 0.000000 0.000000
vt 0.000000 0.000000
vt 0.000000 0.000000
vt 0.000000 0.000000
vt 0.000000 0.000000
vt 0.000000 0.000000
vt 0.000000 0.000000
vt 0.000000 0.000000
vt 0.000000 0.000000
vt 0.000000 0.000000
vt 0.000000 0.000000
vt 0.000000 0.000000
vt 0.000000 0.000000
vt 0.000000 0.000000
vt 0.000000 0.000000
vt 0.000000 0.000000
vt 0.000000 0.000000
vt 0.000000 0.000000
vt 0.000000 0.000000
vt 0.000000 0.000000
vt 0.000000 0.000000
vt 0.000000 0.000000
vt 0.000000 0.000000
vt 0.000000 0.000000
vt 0.000000 0.000000
vt 0.000000 0.000000
vt 0.000000 0.000000
vt 0.000000 0.000000
vt 0.000000 0.000000
vt 0.000000 0.000000
vt 0.000000 0.000000
vt 0.000000 0.000000
vt 0.000000 0.000000
vt 0.000000 0.000000
vt 0.000000 0.000000
vt 0.000000 0.000000
vt 0.000000 0.000000
vt 0.000000 0.000000
vt 0.000000 0.000000
vt 0.000000 0.000000
vt 0.000000 0.000000
vt 0.000000 0.000000
vt 0.000000 0.000000
vt 0.000000 0.000000
vt 0.000000 0.000000
vt 0.000000 0.000000
vt 0.000000 0.000000
vt 0.000000 0.000000
vt 0.000000 0.000000
vt 0.000000 0.000000
vt 0.000000 0.000000
vt 0.000000 0.000000
vt 0.000000 0.000000
vt 0.000000 0.000000
vt 0.000000 0.000000
vt 0.000000 0.000000
vt 0.000000 0.000000
vt 0.000000 0.000000
vt 0.000000 0.000000
vt 0.000000 0.000000
vt 0.000000 0.000000
vt 0.000000 0.000000
vt 0.000000 0.000000
vt 0.000000 0.000000
vt 0.000000 0.000000
vt 0.000000 0.000000
vt 0.000000 0.000000
vt 0.000000 0.000000
vt 0.000000 0.000000
vt 0.000000 0.000000
vt 0.000000 0.000000
vt 0.000000 0.000000
vt 0.000000 0.000000
vt 0.000000 0.000000
vt 0.000000 0.000000
vt 0.000000 0.000000
vt 0.000000 0.000000
vt 0.000000 0.000000
vt 0.000000 0.000000
vt 0.000000 0.000000
vt 0.000000 0.000000
vt 0.000000 0.000000
vt 0.000000 0.000000
vt 0.000000 0.000000
vt 0.000000 0.000000
vt 0.000000 0.000000
vt 0.000000 0.000000
vt 0.000000 0.000000
vt 0.000000 0.000000
vt 0.000000 0.000000
vt 0.000000 0.000000
vt 0.000000 0.000000
vt 0.000000 0.000000
vt 0.000000 0.000000
vt 0.000000 0.000000
vt 0.000000 0.000000
vt 0.000000 0.000000
vt 0.000000 0.000000
vt 0.000000 0.000000
vt 0.000000 0.000000
vt 0.000000 0.000000
vt 0.000000 0.000000
vt 0.000000 0.000000
vt 0.000000 0.000000
vt 0.000000 0.000000
vt 0.000000 0.000000
vt 0.000000 0.000000
vt 0.000000 0.000000
vt 0.000000 0.000000
vt 0.000000 0.000000
vt 0.000000 0.000000
vt 0.000000 0.000000
vt 0.000000 0.000000
vt 0.000000 0.000000
vt 0.000000 0.000000
vt 0.000000 0.000000
vt 0.000000 0.000000
vt 0.000000 0.000000
vt 0.000000 0.000000
vt 0.000000 0.000000
vt 0.000000 0.000000
vt 0.000000 0.000000
vt 0.000000 0.000000
vt 0.000000 0.000000
vt 0.000000 0.000000
vt 0.000000 0.000000
vt 0.000000 0.000000
vt 0.000000 0.000000
vt 0.000000 0.000000
vt 0.000000 0.000000
vt 0.000000 0.000000
vt 0.000000 0.000000
vt 0.000000 0.000000
vt 0.000000 0.000000
vt 0.000000 0.000000
vt 0.000000 0.000000
vt 0.000000 0.000000
vt 0.000000 0.000000
vt 0.000000 0.000000
vt 0.000000 0.000000
vt 0.000000 0.000000
vt 0.000000 0.000000
vt 0.000000 0.000000
vt 0.000000 0.000000
vt 0.000000 0.000000
vt 0.000000 0.000000
vt 0.000000 0.000000
vt 0.000000 0.000000
vt 0.000000 0.000000
vt 0.000000 0.000000
vt 0.000000 0.000000
vt 0.000000 0.000000
vt 0.000000 0.000000
vt 0.000000 0.000000
vt 0.000000 0.000000
vt 0.000000 0.000000
vt 0.000000 0.000000
vt 0.000000 0.000000
vt 0.000000 0.000000
vt 0.000000 0.000000
vt 0.000000 0.000000
vt 0.000000 0.000000
vt 0.000000 0.000000
vt 0.000000 0.000000
vt 0.000000 0.000000
vt 0.000000 0.000000
vt 0.000000 0.000000
vt 0.000000 0.000000
vt 0.000000 0.000000
vt 0.000000 0.000000
vt 0.000000 0.000000
vt 0.000000 0.000000
vt 0.000000 0.000000
vt 0.000000 0.000000
vt 0.000000 0.000000
vt 0.000000 0.000000
vt 0.000000 0.000000
vt 0.000000 0.000000
vt 0.000000 0.000000
vt 0.000000 0.000000
vt 0.000000 0.000000
vt 0.000000 0.000000
vt 0.000000 0.000000
vt 0.000000 0.000000
vt 0.000000 0.000000
vt 0.000000 0.000000
vt 0.000000 0.000000
vt 0.000000 0.000000
vt 0.000000 0.000000
vt 0.000000 0.000000
vt 0.000000 0.000000
vt 0.000000 0.000000
vt 0.000000 0.000000
vt 0.000000 0.000000
vt 0.000000 0.000000
vt 0.000000 0.000000
vt 0.000000 0.000000
vt 0.000000 0.000000
vt 0.000000 0.000000
vt 0.000000 0.000000
vt 0.000000 0.000000
vt 0.000000 0.000000
vt 0.000000 0.000000
vt 0.000000 0.000000
vt 0.000000 0.000000
vt 0.000000 0.000000
vt 0.000000 0.000000
vt 0.000000 0.000000
vt 0.000000 0.000000
vt 0.000000 0.000000
vt 0.000000 0.000000
vt 0.000000 0.000000
vt 0.000000 0.000000
vt 0.000000 0.000000
vt 0.000000 0.000000
vt 0.000000 0.000000
vt 0.000000 0.000000
vt 0.000000 0.000000
vt 0.000000 0.000000
vt 0.000000 0.000000
vt 0.000000 0.000000
vt 0.000000 0.000000
vt 0.000000 0.000000
vt 0.000000 0.000000
vt 0.000000 0.000000
vt 0.000000 0.000000
vt 0.000000 0.000000
vt 0.000000 0.000000
vt 0.000000 0.000000
vt 0.000000 0.000000
vt 0.000000 0.000000
vt 0.000000 0.000000
vt 0.000000 0.000000
vt 0.000000 0.000000
vt 0.000000 0.000000
vt 0.000000 0.000000
vt 0.000000 0.000000
vt 0.000000 0.000000
vt 0.000000 0.000000
vt 0.000000 0.000000
vt 0.000000 0.000000
vt 0.000000 0.000000
vt 0.000000 0.000000
vt 0.000000 0.000000
vt 0.000000 0.000000
vt 0.000000 0.000000
vt 0.000000 0.000000
vt 0.000000 0.000000
vt 0.000000 0.000000
vt 0.000000 0.000000
vt 0.000000 0.000000
vt 0.000000 0.000000
vt 0.000000 0.000000
vt 0.000000 0.000000
vt 0.000000 0.000000
vt 0.000000 0.000000
vt 0.000000 0.000000
vt 0.000000 0.000000
vt 0.000000 0.000000
vt 0.000000 0.000000
vt 0.000000 0.000000
vt 0.000000 0.000000
vt 0.000000 0.000000
vt 0.000000 0.000000
vt 0.000000 0.000000
vt 0.000000 0.000000
vt 0.000000 0.000000
vt 0.000000 0.000000
vt 0.000000 0.000000
vt 0.000000 0.000000
vt 0.000000 0.000000
vt 0.000000 0.000000
vt 0.000000 0.000000
vt 0.000000 0.000000
vt 0.000000 0.000000
vt 0.000000 0.000000
vt 0.000000 0.000000
vt 0.000000 0.000000
vt 0.000000 0.000000
vt 0.000000 0.000000
vt 0.000000 0.000000
vt 0.000000 0.000000
vt 0.000000 0.000000
vt 0.000000 0.000000
vt 0.000000 0.000000
vt 0.000000 0.000000
vt 0.000000 0.000000
vt 0.000000 0.000000
vt 0.000000 0.000000
vt 0.000000 0.000000
vt 0.000000 0.000000
vt 0.000000 0.000000
vt 0.000000 0.000000
vt 0.000000 0.000000
vt 0.000000 0.000000
vt 0.000000 0.000000
vt 0.000000 0.000000
vt 0.000000 0.000000
vt 0.000000 0.000000
vt 0.000000 0.000000
vt 0.000000 0.000000
vt 0.000000 0.000000
vt 0.000000 0.000000
vt 0.000000 0.000000
vt 0.000000 0.000000
vt 0.000000 0.000000
vt 0.000000 0.000000
vt 0.000000 0.000000
vt 0.000000 0.000000
vt 0.000000 0.000000
vt 0.000000 0.000000
vt 0.000000 0.000000
vt 0.000000 0.000000
vt 0.000000 0.000000
vt 0.000000 0.000000
vt 0.000000 0.000000
vt 0.000000 0.000000
vt 0.000000 0.000000
vt 0.000000 0.000000
vt 0.000000 0.000000
vt 0.000000 0.000000
vt 0.000000 0.000000
vt 0.000000 0.000000
vt 0.000000 0.000000
vt 0.000000 0.000000
vt 0.000000 0.000000
vt 0.000000 0.000000
vt 0.000000 0.000000
vt 0.000000 0.000000
vt 0.000000 0.000000
vt 0.000000 0.000000
vt 0.000000 0.000000
vt 0.000000 0.000000
vt 0.000000 0.000000
vt 0.000000 0.000000
vt 0.000000 0.000000
vt 0.000000 0.000000
vt 0.000000 0.000000
vt 0.000000 0.000000
vt 0.000000 0.000000
vt 0.000000 0.000000
vt 0.000000 0.000000
vt 0.000000 0.000000
vt 0.000000 0.000000
vt 0.000000 0.000000
vt 0.000000 0.000000
vt 0.000000 0.000000
vt 0.000000 0.000000
vt 0.000000 0.000000
vt 0.000000 0.000000
vt 0.000000 0.000000
vt 0.000000 0.000000
vt 0.000000 0.000000
vt 0.000000 0.000000
vt 0.000000 0.000000
vt 0.000000 0.000000
vt 0.000000 0.000000
vt 0.000000 0.000000
vt 0.000000 0.000000
vt 0.000000 0.000000
vt 0.000000 0.000000
vt 0.000000 0.000000
vt 0.000000 0.000000
vt 0.000000 0.000000
vt 0.000000 0.000000
vt 0.000000 0.000000
vt 0.000000 0.000000
vt 0.000000 0.000000
vt 0.000000 0.000000
vt 0.000000 0.000000
vt 0.000000 0.000000
vt 0.000000 0.000000
vt 0.000000 0.000000
vt 0.000000 0.000000
vt 0.000000 0.000000
vt 0.000000 0.000000
vt 0.000000 0.000000
vt 0.000000 0.000000
vt 0.000000 0.000000
vt 0.000000 0.000000
vt 0.000000 0.000000
vt 0.000000 0.000000
vt 0.000000 0.000000
vt 0.000000 0.000000
vt 0.000000 0.000000
vt 0.000000 0.000000
vt 0.000000 0.000000
vt 0.000000 0.000000
vt 0.000000 0.000000
vt 0.000000 0.000000
vt 0.000000 0.000000
vt 0.000000 0.000000
vt 0.000000 0.000000
vt 0.000000 0.000000
vt 0.000000 0.000000
vt 0.000000 0.000000
vt 0.000000 0.000000
vt 0.000000 0.000000
vt 0.000000 0.000000
vt 0.000000 0.000000
vt 0.000000 0.000000
vt 0.000000 0.000000
vt 0.000000 0.000000
vt 0.000000 0.000000
vt 0.000000 0.000000
vt 0.000000 0.000000
vt 0.000000 0.000000
vt 0.000000 0.000000
vt 0.000000 0.000000
vt 0.000000 0.000000
vt 0.000000 0.000000
vt 0.000000 0.000000
vt 0.000000 0.000000
vt 0.000000 0.000000
vt 0.000000 0.000000
vt 0.000000 0.000000
vt 0.000000 0.000000
vt 0.000000 0.000000
vt 0.000000 0.000000
vt 0.000000 0.000000
vt 0.000000 0.000000
vt 0.000000 0.000000
vt 0.000000 0.000000
vt 0.000000 0.000000
vt 0.000000 0.000000
vt 0.000000 0.000000
vt 0.000000 0.000000
vt 0.000000 0.000000
vt 0.000000 0.000000
vt 0.000000 0.000000
vt 0.000000 0.000000
vt 0.000000 0.000000
vt 0.000000 0.000000
vt 0.000000 0.000000
vt 0.000000 0.000000
vt 0.000000 0.000000
vt 0.000000 0.000000
vt 0.000000 0.000000
vt 0.000000 0.000000
vt 0.000000 0.000000
vt 0.000000 0.000000
vt 0.000000 0.000000
vt 0.000000 0.000000
vt 0.000000 0.000000
vt 0.000000 0.000000
vt 0.000000 0.000000
vt 0.000000 0.000000
vt 0.000000 0.000000
vt 0.000000 0.000000
vt 0.000000 0.000000
vt 0.000000 0.000000
vt 0.000000 0.000000
vt 0.000000 0.000000
vt 0.000000 0.000000
vt 0.000000 0.000000
vt 0.000000 0.000000
vt 0.000000 0.000000
vt 0.000000 0.000000
vt 0.000000 0.000000
vt 0.000000 0.000000
vt 0.000000 0.000000
vt 0.000000 0.000000
vt 0.000000 0.000000
vt 0.000000 0.000000
vt 0.000000 0.000000
vt 0.000000 0.000000
vt 0.000000 0.000000
vt 0.000000 0.000000
vt 0.000000 0.000000
vt 0.000000 0.000000
vt 0.000000 0.000000
vt 0.000000 0.000000
vt 0.000000 0.000000
vt 0.000000 0.000000
vt 0.000000 0.000000
vt 0.000000 0.000000
vt 0.000000 0.000000
vt 0.000000 0.000000
vt 0.000000 0.000000
vt 0.000000 0.000000
vt 0.000000 0.000000
vt 0.000000 0.000000
vt 0.000000 0.000000
vt 0.000000 0.000000
vt 0.000000 0.000000
vt 0.000000 0.000000
vt 0.000000 0.000000
vt 0.000000 0.000000
vt 0.000000 0.000000
vt 0.000000 0.000000
vt 0.000000 0.000000
vt 0.000000 0.000000
vt 0.000000 0.000000
vt 0.000000 0.000000
vt 0.000000 0.000000
vt 0.000000 0.000000
vt 0.000000 0.000000
vt 0.000000 0.000000
vt 0.000000 0.000000
vt 0.000000 0.000000
vt 0.000000 0.000000
vt 0.000000 0.000000
vt 0.000000 0.000000
vt 0.000000 0.000000
vt 0.000000 0.000000
vt 0.000000 0.000000
vt 0.000000 0.000000
vt 0.000000 0.000000
vt 0.000000 0.000000
vt 0.000000 0.000000
vt 0.000000 0.000000
vt 0.000000 0.000000
vt 0.000000 0.000000
vt 0.000000 0.000000
vt 0.000000 0.000000
vt 0.000000 0.000000
vt 0.000000 0.000000
vt 0.000000 0.000000
vt 0.000000 0.000000
vt 0.000000 0.000000
vt 0.000000 0.000000
vt 0.000000 0.000000
vt 0.000000 0.000000
vt 0.000000 0.000000
vt 0.000000 0.000000
vt 0.000000 0.000000
vt 0.000000 0.000000
vt 0.000000 0.000000
vt 0.000000 0.000000
vt 0.000000 0.000000
vt 0.000000 0.000000
vt 0.000000 0.000000
vt 0.000000 0.000000
vt 0.000000 0.000000
vt 0.000000 0.000000
vt 0.000000 0.000000
vt 0.000000 0.000000
vt 0.000000 0.000000
vt 0.000000 0.000000
vt 0.000000 0.000000
vt 0.000000 0.000000
vt 0.000000 0.000000
vt 0.000000 0.000000
vt 0.000000 0.000000
vt 0.000000 0.000000
vt 0.000000 0.000000
vt 0.000000 0.000000
vt 0.000000 0.000000
vt 0.000000 0.000000
vt 0.000000 0.000000
vt 0.000000 0.000000
vt 0.000000 0.000000
vt 0.000000 0.000000
vt 0.000000 0.000000
vt 0.000000 0.000000
vt 0.000000 0.000000
vt 0.000000 0.000000
vt 0.000000 0.000000
vt 0.000000 0.000000
vt 0.000000 0.000000
vt 0.000000 0.000000
vt 0.000000 0.000000
vt 0.000000 0.000000
vt 0.000000 0.000000
vt 0.000000 0.000000
vt 0.000000 0.000000
vt 0.000000 0.000000
vt 0.000000 0.000000
vt 0.000000 0.000000
vt 0.000000 0.000000
vt 0.000000 0.000000
vt 0.000000 0.000000
vt 0.000000 0.000000
vt 0.000000 0.000000
vt 0.000000 0.000000
vt 0.000000 0.000000
vt 0.000000 0.000000
vt 0.000000 0.000000
vt 0.000000 0.000000
vt 0.000000 0.000000
vt 0.000000 0.000000
vt 0.000000 0.000000
vt 0.000000 0.000000
vt 0.000000 0.000000
vt 0.000000 0.000000
vt 0.000000 0.000000
vt 0.000000 0.000000
vt 0.000000 0.000000
vt 0.000000 0.000000
vt 0.000000 0.000000
vt 0.000000 0.000000
vt 0.000000 0.000000
vt 0.000000 0.000000
vt 0.000000 0.000000
vt 0.000000 0.000000
vt 0.000000 0.000000
vt 0.000000 0.000000
vt 0.000000 0.000000
vt 0.000000 0.000000
vt 0.000000 0.000000
vt 0.000000 0.000000
vt 0.000000 0.000000
vt 0.000000 0.000000
vt 0.000000 0.000000
vn 0.4101 -0.3645 -0.8360
vn 0.4874 0.4347 -0.7573
vn 0.7520 0.0504 -0.6573
vn 0.7339 0.5438 -0.4070
vn 0.0167 -0.8558 -0.5171
vn -0.0210 -0.5917 -0.8059
vn 0.0349 0.2628 -0.9642
vn 0.0894 0.8354 -0.5423
vn 0.3374 0.7884 -0.5144
vn 0.7136 0.4708 -0.5187
vn 0.7714 0.3457 -0.5343
vn 0.7414 0.4958 -0.4522
vn 0.8841 0.1959 -0.4243
vn 0.6125 -0.6490 -0.4512
vn 0.3478 -0.7825 -0.5164
vn 0.1514 -0.8401 -0.5209
vn 0.9524 -0.0111 0.3047
vn 0.9616 -0.1320 0.2406
vn 0.8633 -0.1313 0.4873
vn 0.8240 -0.0170 0.5663
vn 0.7878 -0.5970 -0.1516
vn 0.9945 0.0999 -0.0303
vn 0.9837 0.1250 -0.1295
vn 0.8859 0.4006 -0.2338
vn 0.9368 0.2968 0.1850
vn 0.7228 0.2786 0.6324
vn 0.4448 0.4480 0.7755
vn 0.6080 0.2704 0.7465
vn 0.7164 -0.1810 0.6738
vn 0.5387 -0.7584 0.3668
vn 0.5055 -0.8221 0.2618
vn 0.6546 -0.7512 0.0850
vn -0.1447 -0.5008 0.8534
vn -0.1826 0.2776 0.9432
vn -0.5274 -0.4865 0.6966
vn -0.5484 0.2413 0.8006
vn 0.1514 -0.9079 0.3910
vn 0.3123 -0.3475 0.8841
vn 0.2839 0.3190 0.9042
vn 0.2316 0.6177 0.7515
vn -0.0677 0.7000 0.7109
vn -0.2908 0.6810 0.6721
vn -0.6595 0.6004 0.4523
vn -0.9186 0.0910 0.3846
vn -0.8973 -0.4094 0.1653
vn -0.4196 -0.9009 -0.1112
vn -0.0537 -0.9925 0.1099
vn 0.0065 -0.9833 0.1820
vn -0.8307 -0.4328 -0.3502
vn -0.9299 -0.0643 -0.3620
vn -0.7232 -0.4746 -0.5017
vn -0.8404 0.0601 -0.5386
vn -0.4930 -0.8514 -0.1794
vn -0.8904 -0.4299 -0.1494
vn -0.9914 -0.1119 -0.0686
vn -0.7098 0.6980 0.0945
vn -0.6301 0.7719 -0.0837
vn -0.4941 0.7893 -0.3646
vn -0.3164 0.8154 -0.4847
vn -0.6184 0.1136 -0.7776
vn -0.4899 -0.5638 -0.6649
vn -0.2448 -0.8573 -0.4528
vn -0.3582 -0.8643 -0.3530
vn -0.4260 -0.8671 -0.2583
vn -0.1118 -0.9883 -0.1038
vn -0.1248 -0.9870 -0.1015
vn 0.0085 -0.9981 -0.0607
vn 0.1078 -0.9936 -0.0336
vn 0.1995 -0.9431 -0.2661
vn 0.0306 -0.9927 -0.1166
vn -0.0428 -0.9985 -0.0329
vn 0.0069 -0.9967 -0.0803
vn -0.0093 -0.9846 -0.1747
vn 0.1595 -0.9808 -0.1121
vn -0.1103 -0.9802 -0.1644
vn -0.0451 -0.9915 -0.1218
vn -0.0375 -0.9866 -0.1588
vn -0.0128 -0.9600 -0.2796
vn 0.0160 -0.9659 -0.2586
vn 0.0538 -0.9627 -0.2651
vn 0.1936 0.9156 0.3524
vn 0.2448 0.9654 0.0905
vn 0.0334 0.9648 0.2610
vn 0.1579 0.9874 -0.0108
vn 0.1913 0.7428 0.6416
vn 0.2605 0.8808 0.3954
vn 0.3926 0.9090 0.1403
vn 0.6734 0.7065 -0.2179
vn 0.2826 0.9320 -0.2271
vn 0.1730 0.9580 -0.2286
vn 0.0526 0.9553 -0.2911
vn 0.0413 0.9887 -0.1438
vn -0.1700 0.9723 0.1602
vn -0.3106 0.9071 0.2840
vn -0.0851 0.8870 0.4538
vn 0.0529 0.8291 0.5566
vn -0.2535 -0.3755 -0.8915
vn -0.2155 0.0803 -0.9732
vn 0.0521 -0.3726 -0.9265
vn 0.0951 0.0639 -0.9934
vn -0.4572 -0.7121 -0.5328
vn -0.5232 -0.3719 -0.7668
vn -0.4812 0.0981 -0.8711
vn -0.3581 0.4931 -0.7928
vn -0.1761 0.4887 -0.8545
vn 0.0313 0.3629 -0.9313
vn 0.3007 0.2742 -0.9135
vn 0.3463 -0.0365 -0.9374
vn 0.3875 -0.3360 -0.8585
vn 0.2404 -0.6870 -0.6857
vn -0.0161 -0.7682 -0.6400
vn -0.2555 -0.7664 -0.5894
vn 0.9559 -0.1103 -0.2722
vn 0.9429 -0.1738 -0.2842
vn 0.9945 -0.0995 0.0332
vn 0.9897 0.0427 0.1370
vn 0.5537 -0.6377 -0.5355
vn 0.7534 -0.2259 -0.6176
vn 0.7636 -0.1501 -0.6279
vn 0.6417 0.3116 -0.7008
vn 0.8632 0.2980 -0.4075
vn 0.8889 0.4015 0.2207
vn 0.6936 0.5411 0.4756
vn 0.8434 0.3357 0.4196
vn 0.9236 -0.0532 0.3796
vn 0.7399 -0.5989 0.3063
vn 0.6768 -0.7061 0.2082
vn 0.6731 -0.7184 -0.1753
vn 0.2553 -0.1120 0.9603
vn 0.2500 0.3578 0.8997
vn -0.0228 -0.1327 0.9909
vn -0.0000 0.3302 0.9439
vn 0.4106 -0.6194 0.6692
vn 0.5925 -0.0572 0.8036
vn 0.5730 0.3857 0.7231
vn 0.5096 0.6492 0.5647
vn 0.2526 0.6974 0.6707
vn 0.0747 0.6619 0.7458
vn -0.2729 0.5866 0.7625
vn -0.3927 0.2046 0.8966
vn -0.4750 -0.1959 0.8579
vn -0.3357 -0.7640 0.5510
vn -0.0237 -0.8066 0.5907
vn 0.1491 -0.7740 0.6154
vn -0.8642 -0.4659 0.1902
vn -0.9831 -0.1282 0.1306
vn -0.8591 -0.4919 -0.1415
vn -0.9458 0.0080 -0.3246
vn -0.5900 -0.7323 0.3400
vn -0.7781 -0.3576 0.5164
vn -0.7758 -0.0640 0.6278
vn -0.5517 0.7306 0.4024
vn -0.5793 0.8029 0.1404
vn -0.6005 0.6765 -0.4262
vn -0.5186 0.5750 -0.6328
vn -0.7210 0.0841 -0.6879
vn -0.7392 -0.4336 -0.5154
vn -0.6303 -0.7154 -0.3016
vn -0.6467 -0.7616 -0.0429
vn -0.6282 -0.7602 0.1657
vn -0.1179 -0.9622 0.2456
vn -0.1086 -0.9582 0.2647
vn -0.0575 -0.9763 0.2084
vn 0.0416 -0.9833 0.1769
vn 0.0848 -0.9597 -0.2680
vn 0.0419 -0.9931 0.1094
vn 0.0422 -0.9487 0.3133
vn 0.0686 -0.9731 0.2199
vn -0.0426 -0.9906 0.1300
vn 0.0241 -0.9921 0.1232
vn -0.1993 -0.9574 0.2088
vn -0.2056 -0.9672 0.1493
vn -0.2756 -0.9585 0.0733
vn -0.3551 -0.9228 -0.1498
vn -0.1943 -0.9735 -0.1202
vn -0.0827 -0.9846 -0.1541
vn 0.3038 0.9509 0.0588
vn 0.1985 0.9642 -0.1760
vn 0.0888 0.9926 0.0828
vn 0.0519 0.9555 -0.2903
vn 0.4306 0.8195 0.3781
vn 0.3600 0.9275 0.1013
vn 0.3548 0.9084 -0.2212
vn 0.3692 0.6456 -0.6685
vn -0.0048 0.7834 -0.6214
vn -0.1201 0.8024 -0.5845
vn -0.2730 0.7772 -0.5670
vn -0.2540 0.8777 -0.4063
vn -0.2631 0.9545 0.1405
vn -0.2546 0.9392 0.2304
vn 0.0796 0.9440 0.3202
vn 0.2977 0.8852 0.3574
vn -0.9149 -0.1414 -0.3782
vn -0.8696 0.3211 -0.3751
vn -0.7575 -0.1209 -0.6416
vn -0.7012 0.3192 -0.6375
vn -0.8227 -0.5643 -0.0682
vn -0.9800 -0.1775 -0.0904
vn -0.9471 0.3046 -0.1011
vn -0.7379 0.6696 -0.0845
vn -0.6769 0.6863 -0.2660
vn -0.6352 0.5903 -0.4980
vn -0.4758 0.5077 -0.7183
vn -0.5254 0.2150 -0.8233
vn -0.4957 -0.0935 -0.8634
vn -0.5164 -0.4810 -0.7085
vn -0.6507 -0.5785 -0.4919
vn -0.7553 -0.5966 -0.2714
vn 0.3439 -0.0096 -0.9390
vn 0.3148 -0.0683 -0.9467
vn 0.6061 -0.0764 -0.7917
vn 0.7105 0.0342 -0.7029
vn -0.2019 -0.4631 -0.8630
vn -0.0677 -0.0385 -0.9970
vn -0.0553 0.0377 -0.9978
vn -0.0984 0.4990 -0.8610
vn 0.2600 0.4169 -0.8710
vn 0.7823 0.3565 -0.5109
vn 0.8886 0.4204 -0.1835
vn 0.8967 0.2406 -0.3715
vn 0.8408 -0.1225 -0.5273
vn 0.5706 -0.6361 -0.5193
vn 0.4363 -0.7164 -0.5444
vn 0.1343 -0.6301 -0.7649
vn 0.8776 -0.3473 0.3304
vn 0.9158 0.1220 0.3826
vn 0.7299 -0.3830 0.5662
vn 0.7943 0.0769 0.6026
vn 0.6498 -0.7584 -0.0509
vn 0.9694 -0.2446 -0.0193
vn 0.9787 0.2035 0.0280
vn 0.8672 0.4969 0.0338
vn 0.8037 0.5089 0.3084
vn 0.7481 0.4503 0.4873
vn 0.5374 0.3635 0.7610
vn 0.4974 -0.0435 0.8664
vn 0.3425 -0.4228 0.8390
vn 0.0814 -0.8890 0.4507
vn 0.2921 -0.9314 0.2172
vn 0.4215 -0.9014 0.0994
vn -0.4608 -0.5234 0.7168
vn -0.5150 -0.1853 0.8369
vn -0.7199 -0.4633 0.5168
vn -0.8200 0.0641 0.5687
vn -0.2296 -0.8115 0.5374
vn -0.1355 -0.5000 0.8553
vn 0.0075 -0.2449 0.9695
vn 0.1173 0.5870 0.8011
vn -0.0889 0.7233 0.6848
vn -0.5650 0.7459 0.3527
vn -0.6950 0.7031 0.1502
vn -0.9520 0.2372 0.1933
vn -0.9267 -0.3077 0.2159
vn -0.7483 -0.6317 0.2026
vn -0.5662 -0.7431 0.3567
vn -0.3930 -0.7948 0.4625
vn -0.0616 -0.9959 0.0659
vn -0.0404 -0.9967 0.0701
vn -0.0568 -0.9984 -0.0063
vn -0.0228 -0.9942 -0.1048
vn -0.3374 -0.8560 -0.3916
vn -0.0768 -0.9863 -0.1456
vn 0.0899 -0.9957 -0.0205
vn 0.0288 -0.9946 -0.0997
vn -0.1113 -0.9916 -0.0659
vn -0.0766 -0.9894 -0.1233
vn -0.1384 -0.9842 0.1104
vn -0.1901 -0.9785 0.0794
vn -0.2896 -0.9526 0.0929
vn -0.5038 -0.8632 0.0339
vn -0.3935 -0.9153 -0.0862
vn -0.3547 -0.9141 -0.1967
vn 0.4076 0.9122 -0.0406
vn 0.1645 0.9823 -0.0896
vn 0.3045 0.9403 0.1521
vn -0.0140 0.9991 -0.0401
vn 0.7069 0.7070 0.0192
vn 0.4700 0.8803 -0.0650
vn 0.2131 0.9444 -0.2502
vn -0.1746 0.8057 -0.5660
vn -0.3374 0.9162 -0.2163
vn -0.3747 0.9218 -0.0996
vn -0.4580 0.8885 0.0280
vn -0.3030 0.9450 0.1233
vn 0.1301 0.8787 0.4594
vn 0.2021 0.8411 0.5018
vn 0.4740 0.8322 0.2878
vn 0.6232 0.7720 0.1249
vn -0.9629 0.1763 0.2045
vn -0.9656 0.2520 -0.0636
vn -0.9455 0.1839 -0.2689
vn -0.8434 0.5362 0.0336
vn -0.8995 -0.2862 -0.3301
vn -0.8950 -0.3391 -0.2898
vn -0.8459 0.5331 -0.0162
vn -0.6277 0.5898 -0.5081
vn -0.4367 0.1619 -0.8849
vn -0.5792 0.2003 -0.7902
vn 0.2437 0.9387 0.2440
vn -0.2428 0.9401 0.2394
vn -0.2470 0.9598 0.1337
vn 0.2348 0.9644 0.1219
vn 0.9108 -0.2963 -0.2874
vn 0.8448 0.5313 0.0641
vn 0.8422 0.5385 -0.0268
vn 0.9007 -0.3385 -0.2724
vn -0.2711 -0.8099 -0.5202
vn 0.2849 -0.8143 -0.5057
vn 0.2786 -0.8684 -0.4101
vn -0.2655 -0.8679 -0.4198
vn -0.8503 0.5241 -0.0483
vn -0.8874 -0.3249 -0.3269
vn -0.7836 -0.1614 -0.5999
vn -0.8094 0.5364 -0.2392
vn 0.2114 0.9732 0.0906
vn -0.2721 0.9547 0.1209
vn -0.3351 0.9390 0.0779
vn 0.1026 0.9947 0.0101
vn 0.8905 -0.3273 -0.3161
vn 0.8475 0.5224 -0.0947
vn 0.7882 0.5282 -0.3159
vn 0.8101 -0.1472 -0.5675
vn -0.2584 -0.8613 -0.4375
vn 0.2826 -0.8596 -0.4257
vn 0.2631 -0.7177 -0.6448
vn -0.2136 -0.7198 -0.6605
vn 0.8937 0.4484 -0.0107
vn 0.9494 -0.2398 0.2028
vn 0.9084 -0.1942 0.3703
vn 0.8313 0.5424 0.1214
vn -0.8865 0.3362 0.3179
vn -0.9785 0.1993 0.0531
vn -0.9476 0.1177 0.2970
vn 0.8651 -0.0694 -0.4968
vn 0.9095 -0.3795 -0.1697
vn 0.9204 -0.3894 -0.0350
vn -0.1949 0.9679 -0.1588
vn 0.3704 0.8998 -0.2305
vn 0.3071 0.9417 -0.1374
vn -0.2317 0.9563 -0.1780
vn -0.8225 -0.0872 0.5620
vn -0.7454 0.6310 0.2147
vn -0.8472 0.5295 0.0432
vn -0.9001 -0.2625 0.3478
vn -0.2020 0.9651 -0.1666
vn 0.0301 0.9969 -0.0727
vn -0.3127 0.9266 -0.2086
vn 0.3591 -0.8322 0.4225
vn -0.2487 -0.7742 0.5821
vn -0.2848 -0.8345 0.4717
vn 0.3094 -0.8280 0.4675
vn 0.8388 0.5340 0.1065
vn 0.8850 -0.2390 0.3996
vn 0.7326 -0.0186 0.6804
vn 0.7620 0.5498 0.3422
vn -0.2226 0.9624 -0.1555
vn 0.2872 0.9485 -0.1338
vn 0.3371 0.9406 -0.0396
vn -0.1160 0.9928 -0.0287
vn -0.9057 -0.2635 0.3322
vn -0.8478 0.5295 0.0293
vn -0.7720 0.5912 0.2334
vn -0.8013 -0.0101 0.5982
vn 0.8888 0.0672 -0.4533
vn 0.9909 -0.0937 -0.0964
vn 0.9314 -0.0645 -0.3581
vn 0.9964 -0.0095 0.0840
vn 0.9537 0.0634 0.2941
vn 0.9754 -0.0198 -0.2194
vn 0.2762 -0.8139 0.5112
vn -0.2854 -0.8213 0.4940
vn -0.2581 -0.5822 0.7710
vn 0.2194 -0.5702 0.7917
vn 0.3148 0.4880 0.8141
vn -0.1288 -0.2137 0.9684
vn -0.1741 -0.2113 0.9618
vn 0.2079 0.5444 0.8127
vn 0.4880 0.6204 0.6140
vn 0.3163 0.3678 0.8745
vn 0.4783 0.3272 0.8149
vn 0.3405 0.8886 -0.3075
vn 0.4456 0.8734 0.1963
vn 0.3360 0.9194 0.2045
vn 0.2516 0.9236 -0.2892
vn -0.5681 -0.1342 -0.8119
vn -0.0714 0.5401 -0.8385
vn -0.0993 0.5343 -0.8394
vn -0.5216 -0.2184 -0.8247
vn 0.2702 0.8910 0.3647
vn 0.1755 0.9463 0.2715
vn -0.0447 0.9927 0.1124
vn 0.0313 0.9984 0.0463
vn -0.0257 0.9972 -0.0700
vn -0.0266 0.9840 0.1763
vn -0.0007 0.9974 0.0722
vn -0.0022 0.9873 -0.1588
vn -0.0648 0.9975 -0.0285
vn -0.2692 -0.3924 0.8795
vn -0.7407 0.3474 0.5750
vn -0.6471 -0.2192 0.7302
vn -0.5928 -0.6832 0.4265
vn -0.7414 -0.6524 -0.1575
vn -0.6494 -0.7403 -0.1737
vn -0.5363 -0.7445 0.3975
vn 0.1598 0.5368 0.8285
vn -0.2397 -0.1712 0.9556
vn -0.4628 0.1602 0.8719
vn -0.0921 0.5708 0.8159
vn 0.2329 0.9335 -0.2727
vn 0.3219 0.9228 0.2117
vn 0.1556 0.9673 0.2001
vn 0.0998 0.9829 -0.1547
vn -0.5450 -0.2052 -0.8129
vn -0.1319 0.5443 -0.8284
vn -0.2546 0.6503 -0.7157
vn -0.7216 -0.0315 -0.6916
vn -0.7529 -0.1206 -0.6470
vn -0.9730 -0.0307 -0.2289
vn -0.9036 0.4210 0.0792
vn -0.5846 -0.7073 0.3974
vn -0.6734 -0.7218 -0.1597
vn -0.9019 -0.4299 -0.0415
vn -0.8586 -0.3080 0.4097
vn 0.3001 -0.4818 0.8233
vn -0.3162 -0.4818 0.8172
vn -0.1260 -0.9272 0.3527
vn 0.1190 -0.9272 0.3551
vn 0.8233 -0.4818 -0.3001
vn 0.8172 -0.4818 0.3162
vn 0.3527 -0.9272 0.1260
vn 0.3551 -0.9272 -0.1190
vn -0.3001 -0.4818 -0.8233
vn 0.3162 -0.4818 -0.8172
vn 0.1260 -0.9272 -0.3527
vn -0.1190 -0.9272 -0.3551
vn 0.9348 0.0395 -0.3531
vn 0.7108 0.6807 -0.1772
vn 0.7860 0.5513 -0.2798
vn -0.8233 -0.4818 0.3001
vn -0.8172 -0.4818 -0.3162
vn -0.3527 -0.9272 -0.1260
vn -0.3551 -0.9272 0.1190
vn 0.3350 -0.1995 0.9208
vn -0.3531 -0.1995 0.9141
vn -0.3406 -0.3264 0.8817
vn 0.3232 -0.3264 0.8883
vn 0.9208 -0.1995 -0.3350
vn 0.9141 -0.1995 0.3531
vn 0.8818 -0.3264 0.3406
vn 0.8883 -0.3264 -0.3232
vn -0.3350 -0.1995 -0.9208
vn 0.3531 -0.1995 -0.9141
vn 0.3406 -0.3264 -0.8818
vn -0.3232 -0.3264 -0.8883
vn -0.9208 -0.1995 0.3350
vn -0.9141 -0.1995 -0.3531
vn -0.8818 -0.3264 -0.3406
vn -0.8883 -0.3264 0.3232
vn 0.3417 0.0357 0.9391
vn -0.3601 0.0357 0.9322
vn -0.3598 -0.0542 0.9315
vn 0.3414 -0.0542 0.9384
vn 0.9391 0.0357 -0.3417
vn 0.9322 0.0357 0.3601
vn 0.9315 -0.0542 0.3598
vn 0.9384 -0.0542 -0.3414
vn -0.3417 0.0356 -0.9391
vn 0.3601 0.0357 -0.9322
vn 0.3598 -0.0542 -0.9315
vn -0.3414 -0.0542 -0.9384
vn 0.8419 -0.5085 -0.1807
vn 0.9385 -0.3442 0.0281
vn 0.9314 0.0171 0.3636
vn -0.9391 0.0356 0.3417
vn -0.9322 0.0357 -0.3601
vn -0.9315 -0.0542 -0.3598
vn -0.9384 -0.0542 0.3414
vn 0.4492 -0.8649 0.2241
vn 0.4758 -0.7451 0.4673
vn 0.3856 -0.7391 0.5523
vn 0.3765 -0.9005 0.2177
vn 0.3304 0.2575 0.9081
vn -0.3482 0.2575 0.9014
vn -0.3574 0.1263 0.9254
vn 0.3392 0.1263 0.9322
vn -0.5295 -0.4835 -0.6970
vn -0.7272 -0.3109 -0.6120
vn -0.7863 0.2248 -0.5755
vn 0.9081 0.2575 -0.3304
vn 0.9014 0.2575 0.3482
vn 0.9254 0.1263 0.3574
vn 0.9322 0.1263 -0.3392
vn -0.3304 0.2575 -0.9081
vn 0.3482 0.2575 -0.9014
vn 0.3574 0.1263 -0.9254
vn -0.3392 0.1263 -0.9322
vn -0.9081 0.2575 0.3304
vn -0.9014 0.2575 -0.3482
vn -0.9254 0.1263 -0.3574
vn -0.9322 0.1263 0.3392
vn 0.2715 0.3783 0.8850
vn -0.2970 0.3926 0.8705
vn -0.3279 0.3980 0.8568
vn 0.3103 0.3965 0.8640
vn 0.6435 -0.7313 0.2262
vn 0.9802 -0.0740 0.1836
vn 0.6092 -0.6700 0.4242
vn 0.9058 0.3195 -0.2784
vn 0.8899 0.3374 0.3071
vn 0.8590 0.3921 0.3291
vn 0.8661 0.3909 -0.3115
vn -0.2773 0.3347 -0.9006
vn 0.3027 0.3452 -0.8884
vn 0.3288 0.3929 -0.8588
vn -0.3111 0.3921 -0.8657
vn -0.4812 -0.0446 0.8755
vn -0.7288 0.4250 0.5368
vn -0.3714 -0.0946 0.9236
vn -0.8933 0.3565 0.2737
vn -0.8882 0.3474 -0.3006
vn -0.8589 0.3928 -0.3286
vn -0.8646 0.3947 0.3109
vn -0.8219 0.4645 0.3296
vn -0.9652 0.1387 0.2215
vn -0.8609 0.0763 0.5031
vn -0.7907 0.4516 0.4133
vn -0.4979 0.5650 -0.6579
vn -0.4834 -0.1820 -0.8563
vn -0.5000 0.1813 -0.8468
vn -0.2063 0.9765 0.0627
vn 0.1713 0.9765 0.1309
vn 0.2537 0.9299 -0.2662
vn -0.1445 0.9299 -0.3383
vn -0.0254 0.9820 -0.1872
vn -0.1873 0.9820 0.0254
vn 0.0254 0.9820 0.1872
vn 0.1872 0.9820 -0.0254
vn -0.3836 0.6717 0.6338
vn -0.5652 0.5165 0.6433
vn -0.4676 0.3414 0.8153
vn -0.4061 0.3956 0.8238
vn 0.7793 0.6250 -0.0455
vn 0.9546 0.2848 0.0873
vn 0.8870 -0.4586 0.0532
vn 0.4176 0.5935 -0.6880
vn 0.5348 0.3436 -0.7720
vn 0.4886 0.1729 -0.8552
vn 0.4939 0.2169 -0.8420
vn -0.2772 0.9533 0.1200
vn 0.1200 0.9533 0.2770
vn 0.2771 0.9533 -0.1200
vn -0.1200 0.9533 -0.2770
vn -0.0637 0.9232 0.3790
vn -0.3803 0.9233 -0.0536
vn -0.8551 0.4736 0.2108
vn -0.4591 0.4733 0.7518
vn 0.6746 0.1376 0.7252
vn 0.8203 0.0434 0.5703
vn 0.2763 0.4017 0.8731
vn 0.1378 0.9741 -0.1793
vn 0.0858 0.9741 0.2093
vn 0.4905 0.8224 0.2884
vn 0.5490 0.8224 -0.1491
vn -0.5709 0.8175 -0.0761
vn -0.1254 0.9771 -0.1717
vn -0.1396 0.7639 -0.6300
vn -0.6459 0.5154 -0.5632
vn -0.1160 0.8510 0.5122
vn -0.5033 0.8511 0.1496
vn -0.8604 0.2586 0.4391
vn -0.3813 0.2586 0.8876
vn -0.2230 0.9558 -0.1914
vn 0.2295 0.9559 -0.1833
vn 0.2799 0.6983 -0.6588
vn -0.2565 0.6983 -0.6683
vn 0.2440 0.9217 -0.3015
vn 0.3634 0.9217 0.1356
vn 0.8196 0.5697 0.0610
vn 0.6748 0.5697 -0.4692
vn 0.4908 0.8663 0.0926
vn 0.2751 0.9023 -0.3319
vn 0.6192 0.7536 -0.2205
vn 0.6463 0.7627 0.0241
vn 0.9505 0.2936 0.1015
vn 0.9940 0.1018 -0.0402
vn 0.8031 -0.3696 0.4674
vn 0.6438 -0.6238 0.4432
vn -0.5083 -0.3768 -0.7744
vn -0.6393 -0.0160 -0.7688
vn -0.4209 -0.1562 -0.8936
vn -0.4818 0.3890 -0.7852
vn -0.5257 0.7274 -0.4410
vn -0.6446 0.4232 -0.6367
vn 0.3430 -0.3309 0.8791
vn 0.3567 -0.0301 0.9337
vn -0.2507 0.5423 0.8019
vn 0.1562 0.7633 0.6269
vn 0.4389 0.7594 0.4803
vn 0.5188 0.6915 0.5026
vn 0.7740 0.3855 0.5023
vn 0.8413 0.3231 0.4334
vn -0.4977 0.7995 -0.3363
vn -0.6263 0.7069 -0.3285
vn -0.8299 0.3921 -0.3969
vn -0.8334 0.4537 -0.3156
vn -0.1163 -0.2345 -0.9651
vn 0.1831 -0.2226 -0.9576
vn 0.2620 0.0035 -0.9651
vn -0.2235 -0.0269 -0.9743
vn 0.0243 0.9994 -0.0262
vn -0.9725 -0.1941 -0.1285
vn -0.6915 -0.6497 -0.3158
vn 0.0436 0.9831 -0.1779
vn -0.0518 -0.9974 0.0508
vn -0.0508 -0.9974 -0.0518
vn 0.0518 -0.9974 -0.0508
vn 0.0508 -0.9974 0.0518
vn 0.2020 0.1915 0.9605
vn 0.0898 0.1149 0.9893
vn -0.1422 0.1083 0.9839
vn -0.2420 0.2023 0.9490
vn -0.9979 -0.0636 -0.0142
vn -0.8722 -0.0040 -0.4891
vn -0.9846 -0.0699 -0.1600
vn -0.7350 0.3252 -0.5950
vn -0.8658 -0.1009 -0.4901
vn -0.8812 -0.1310 -0.4543
vn -0.6560 0.3971 -0.6419
vn 0.9421 0.0401 0.3328
vn 0.7391 0.5496 0.3896
vn 0.7176 0.5242 0.4585
vn 0.8080 0.3117 0.5000
vn -0.1455 -0.8291 -0.5398
vn 0.2439 -0.9590 -0.1443
vn 0.1531 -0.9439 -0.2925
vn -0.2433 -0.6203 -0.7457
vn 0.0128 0.5564 0.8308
vn 0.4479 0.3717 0.8131
vn 0.1341 0.5258 0.8400
vn -0.0210 0.5851 0.8107
vn 0.3188 0.9471 0.0372
vn -0.2032 0.9051 -0.3736
vn -0.0962 0.9173 -0.3864
vn 0.4009 0.9137 0.0669
vn -0.3829 0.8103 -0.4436
vn -0.4280 0.7873 -0.4439
vn -0.4928 0.6487 -0.5800
vn -0.5773 0.7513 -0.3196
vn -0.1255 0.9605 -0.2485
vn -0.0188 0.9640 -0.2653
vn 0.1997 0.9798 -0.0128
vn 0.1519 0.9858 -0.0719
vn -0.0177 -0.2331 -0.9723
vn -0.4802 -0.1994 -0.8542
vn -0.2711 -0.2803 -0.9208
vn 0.0523 -0.3121 -0.9486
vn 0.1812 0.9817 0.0590
vn -0.4149 0.8757 0.2471
vn -0.3843 0.8909 0.2420
vn 0.2466 0.9688 -0.0239
vn 0.8694 -0.2068 -0.4488
vn 0.8746 0.2713 -0.4019
vn 0.9215 -0.1556 -0.3559
vn 0.8226 -0.0875 -0.5619
vn 0.9656 -0.2593 -0.0212
vn 0.7767 -0.3151 -0.5454
vn 0.7911 -0.3818 -0.4780
vn 0.9355 -0.3472 -0.0649
vn 0.6431 -0.7103 0.2862
vn 0.2661 -0.7748 0.5735
vn 0.1150 -0.6994 0.7054
vn 0.6197 -0.6135 0.4894
vn 0.2537 -0.0836 0.9637
vn 0.3337 -0.4801 0.8113
vn 0.4507 -0.3474 0.8223
vn 0.3676 0.4783 0.7976
vn -0.1485 -0.5441 -0.8258
vn 0.4238 -0.5331 -0.7323
vn 0.2926 -0.1972 -0.9357
vn -0.3750 -0.3285 -0.8669
vn -0.8545 0.0308 0.5186
vn -0.9749 0.0741 0.2100
vn -0.6141 0.4539 0.6456
vn -0.4585 0.3966 0.7953
vn 0.4631 0.1940 0.8648
vn 0.6098 0.2598 0.7488
vn 0.0758 -0.3122 0.9470
vn -0.2375 -0.0663 0.9691
vn -0.0205 -0.8588 -0.5120
vn 0.4330 -0.8134 -0.3884
vn 0.3589 -0.6982 -0.6195
vn -0.2230 -0.7267 -0.6497
vn -0.9543 -0.2534 -0.1587
vn -0.8484 -0.2021 0.4892
vn -0.5372 -0.5626 0.6284
vn -0.8497 -0.5161 0.1082
vn -0.3711 0.9207 0.1207
vn -0.2330 0.9207 -0.3131
vn -0.6577 0.5638 -0.4995
vn -0.8254 0.5639 0.0272
vn -0.0626 0.9890 0.1343
vn 0.0260 0.8602 0.5094
vn -0.0492 0.8516 0.5219
vn 0.0467 0.9933 0.1058
vn 0.4863 -0.1677 -0.8576
vn 0.6285 -0.1018 -0.7711
vn 0.5576 0.4261 -0.7124
vn 0.4410 -0.0462 -0.8963
vn -0.7455 -0.3694 0.5547
vn -0.9826 -0.1753 -0.0608
vn -0.9069 -0.4068 -0.1095
vn -0.6982 -0.5172 0.4950
vn -0.6423 0.2225 -0.7334
vn 0.0061 0.4667 -0.8844
vn -0.0229 0.5085 -0.8608
vn -0.6333 0.0663 -0.7710
vn 0.7155 0.4596 -0.5261
vn 0.9689 0.2362 0.0736
vn 0.7898 0.5956 0.1467
vn 0.5796 0.6981 -0.4203
vn 0.6310 -0.1205 0.7664
vn -0.0338 -0.3400 0.9398
vn -0.0668 -0.2763 0.9587
vn 0.5448 0.1805 0.8189
vn -0.7465 -0.3210 0.5828
vn -0.9952 -0.0883 -0.0414
vn -0.9933 -0.1064 -0.0456
vn -0.7475 -0.3299 0.5765
vn -0.6293 0.2768 -0.7262
vn 0.0150 0.4580 -0.8888
vn 0.0133 0.4578 -0.8889
vn -0.6331 0.2660 -0.7269
vn 0.7210 0.4264 -0.5462
vn 0.9773 0.2013 0.0657
vn 0.9802 0.1878 0.0630
vn 0.7243 0.4204 -0.5465
vn 0.6275 -0.1633 0.7613
vn -0.0256 -0.3520 0.9356
vn -0.0270 -0.3523 0.9355
vn 0.6298 -0.1677 0.7584
vn -0.8012 -0.1583 0.5770
vn -0.9987 0.0081 0.0512
vn -0.9971 -0.0704 -0.0291
vn -0.7549 -0.2958 0.5854
vn -0.5663 0.1325 -0.8135
vn 0.1139 0.3305 -0.9369
vn 0.0246 0.4415 -0.8969
vn -0.6229 0.2627 -0.7368
vn 0.8110 0.2166 -0.5434
vn 0.9995 -0.0223 0.0222
vn 0.9825 0.1761 0.0603
vn 0.7323 0.4037 -0.5483
vn 0.6429 -0.3595 0.6764
vn 0.0196 -0.4589 0.8882
vn -0.0204 -0.3665 0.9302
vn 0.6310 -0.1895 0.7523
vn -0.2924 -0.3985 -0.8693
vn 0.3530 -0.4342 -0.8288
vn 0.3181 -0.6356 -0.7034
vn -0.2842 -0.6180 -0.7330
vn 0.9366 -0.1452 -0.3188
vn 0.9079 0.2543 0.3332
vn 0.8832 0.4092 0.2291
vn 0.9249 -0.2115 -0.3161
vn 0.2923 0.5487 0.7833
vn -0.3343 0.5868 0.7375
vn -0.2857 0.8021 0.5244
vn 0.2728 0.7868 0.5537
vn -0.9031 0.3678 0.2217
vn -0.9049 -0.0320 -0.4244
vn -0.9039 -0.1507 -0.4002
vn -0.8732 0.4650 0.1457
vn -0.2891 -0.3945 -0.8722
vn 0.3684 -0.4803 -0.7960
vn 0.3691 -0.3832 -0.8467
vn -0.2973 -0.3361 -0.8937
vn 0.9300 -0.2572 -0.2625
vn 0.9226 0.1560 0.3529
vn 0.9132 0.2109 0.3488
vn 0.9427 -0.1390 -0.3033
vn 0.3634 0.4065 0.8383
vn -0.3513 0.3296 0.8763
vn -0.3485 0.5173 0.7816
vn 0.3032 0.4869 0.8191
vn -0.9331 0.1770 0.3131
vn -0.9424 -0.0364 -0.3324
vn -0.9129 -0.0008 -0.4082
vn -0.9131 0.3264 0.2444
vn 0.2185 -0.9530 0.2100
vn 0.1045 -0.6158 0.7810
vn -0.0587 -0.6430 0.7636
vn 0.3063 -0.9105 0.2778
vn -0.1232 0.3716 0.9202
vn -0.1517 0.8802 0.4498
vn -0.3974 0.8099 0.4314
vn -0.4409 0.2469 0.8629
vn -0.0677 0.9850 -0.1588
vn 0.0188 0.6745 -0.7380
vn 0.2334 0.7599 -0.6066
vn -0.1153 0.9839 -0.1364
vn 0.0909 -0.3844 -0.9187
vn 0.1764 -0.8763 -0.4483
vn 0.5433 -0.7554 -0.3663
vn 0.5635 -0.1664 -0.8092
vn 0.2867 -0.9352 0.2077
vn 0.2489 -0.7063 0.6627
vn 0.1587 -0.6539 0.7398
vn 0.2155 -0.9550 0.2038
vn -0.1000 0.2951 0.9502
vn -0.2647 0.8251 0.4991
vn -0.0962 0.8995 0.4261
vn -0.0395 0.3696 0.9284
vn -0.2019 0.9569 -0.2087
vn -0.1917 0.7294 -0.6567
vn -0.0225 0.7021 -0.7117
vn -0.0582 0.9825 -0.1768
vn -0.0430 -0.4220 -0.9056
vn 0.1574 -0.9074 -0.3896
vn 0.1664 -0.8910 -0.4225
vn 0.0739 -0.3708 -0.9258
vn 0.5400 -0.7049 -0.4599
vn 0.7019 -0.7070 0.0866
vn 0.7705 -0.6373 0.0101
vn 0.6804 -0.5545 -0.4792
vn 0.6325 -0.1679 0.7562
vn 0.1805 0.5972 0.7815
vn 0.2507 0.6473 0.7198
vn 0.6947 -0.1407 0.7055
vn -0.2090 0.9434 0.2576
vn -0.2989 0.9392 -0.1689
vn -0.1300 0.9774 -0.1669
vn -0.0913 0.9852 0.1449
vn -0.2001 0.5859 -0.7853
vn 0.1432 -0.1681 -0.9753
vn 0.3205 -0.0190 -0.9471
vn 0.0856 0.5302 -0.8436
vn 0.7679 -0.1990 -0.6089
vn 0.9966 -0.0779 -0.0274
vn 0.9058 -0.4227 0.0303
vn 0.6822 -0.4718 -0.5585
vn 0.6510 0.3479 0.6747
vn 0.0980 0.6266 0.7731
vn 0.1572 0.6281 0.7621
vn 0.7116 0.0964 0.6960
vn -0.5504 0.6747 0.4917
vn -0.8610 0.5086 0.0087
vn -0.5041 0.8540 -0.1287
vn -0.3453 0.8739 0.3423
vn -0.5494 0.1902 -0.8136
vn 0.0327 -0.0289 -0.9990
vn 0.1084 -0.0403 -0.9933
vn -0.3654 0.5393 -0.7587
vn -0.6675 -0.7383 0.0964
vn -0.4757 -0.7417 -0.4728
vn -0.6435 -0.5424 -0.5401
vn -0.8517 -0.5230 0.0341
vn 0.0865 -0.2883 -0.9536
vn 0.5326 0.3347 -0.7773
vn 0.2738 0.4655 -0.8416
vn 0.0142 -0.1028 -0.9946
vn 0.5914 0.7975 -0.1190
vn 0.3840 0.8052 0.4518
vn 0.2703 0.8196 0.5052
vn 0.3496 0.9345 -0.0666
vn -0.1021 0.3514 0.9307
vn -0.5477 -0.3026 0.7800
vn -0.6748 -0.1909 0.7129
vn -0.2170 0.3247 0.9206
vn -0.6359 -0.7644 0.1064
vn -0.4570 -0.7646 -0.4545
vn -0.4548 -0.7652 -0.4558
vn -0.6361 -0.7642 0.1066
vn 0.0311 -0.3183 -0.9475
vn 0.4916 0.3612 -0.7924
vn 0.5170 0.3414 -0.7849
vn 0.0523 -0.3217 -0.9454
vn 0.5981 0.7933 -0.1137
vn 0.4200 0.7949 0.4378
vn 0.4132 0.7975 0.4397
vn 0.6067 0.7866 -0.1147
vn -0.0621 0.3649 0.9290
vn -0.5254 -0.3172 0.7895
vn -0.5262 -0.3176 0.7888
vn -0.0701 0.3636 0.9289
vn -0.6359 -0.7645 0.1063
vn -0.4573 -0.7644 -0.4544
vn -0.4573 -0.7645 -0.4544
vn -0.6358 -0.7645 0.1063
vn 0.0280 -0.3173 -0.9479
vn 0.4875 0.3648 -0.7933
vn 0.0280 -0.3172 -0.9479
vn 0.5967 0.7944 -0.1135
vn 0.4212 0.7944 0.4376
vn 0.4212 0.7944 0.4377
vn 0.5967 0.7944 -0.1136
vn -0.0610 0.3649 0.9291
vn -0.5253 -0.3171 0.7896
vn -0.5252 -0.3174 0.7895
vn -0.0609 0.3648 0.9291
vn -0.8679 -0.4961 0.0245
vn -0.6941 -0.4957 -0.5220
vn -0.4839 -0.7402 -0.4669
vn -0.6648 -0.7402 0.1012
vn -0.1743 0.0493 -0.9835
vn 0.2182 0.5998 -0.7698
vn 0.4590 0.3993 -0.7937
vn 0.0027 -0.2811 -0.9597
vn 0.3427 0.9302 -0.1315
vn 0.2036 0.9302 0.3055
vn 0.3943 0.8147 0.4253
vn 0.5676 0.8146 -0.1191
vn -0.2671 0.5999 0.7542
vn -0.7109 0.0494 0.7016
vn -0.5527 -0.2812 0.7845
vn -0.0844 0.3992 0.9130
vn 0.5075 -0.7322 -0.4541
vn 0.6741 -0.7282 0.1241
vn 0.8241 -0.5633 0.0597
vn 0.6504 -0.5828 -0.4871
vn 0.5240 -0.2803 0.8043
vn 0.0623 0.3639 0.9294
vn 0.1425 0.3659 0.9197
vn 0.6523 -0.1256 0.7475
vn -0.4021 0.8037 0.4385
vn -0.5865 0.7969 -0.1448
vn -0.3782 0.9201 -0.1017
vn -0.3070 0.7923 0.5272
vn -0.4959 0.3358 -0.8008
vn -0.0313 -0.2801 -0.9595
vn 0.0873 -0.1361 -0.9868
vn -0.2537 0.4032 -0.8792
vn 0.4841 -0.7571 -0.4387
vn 0.6402 -0.7569 0.1314
vn 0.6404 -0.7567 0.1316
vn 0.4818 -0.7577 -0.4402
vn 0.4989 -0.3081 0.8101
vn 0.0274 0.3706 0.9284
vn 0.0356 0.3697 0.9285
vn 0.4997 -0.3085 0.8094
vn -0.4354 0.7969 0.4189
vn -0.5903 0.7952 -0.1387
vn -0.5985 0.7888 -0.1400
vn -0.4279 0.7998 0.4210
vn -0.4540 0.3665 -0.8121
vn 0.0142 -0.3095 -0.9508
vn -0.0078 -0.3141 -0.9494
vn -0.4806 0.3455 -0.8060
vn 0.4845 -0.7569 -0.4386
vn 0.6402 -0.7569 0.1313
vn 0.6401 -0.7570 0.1313
vn 0.4987 -0.3082 0.8101
vn 0.0262 0.3706 0.9284
vn 0.0262 0.3705 0.9285
vn 0.4987 -0.3081 0.8102
vn -0.4366 0.7963 0.4187
vn -0.5889 0.7963 -0.1386
vn -0.5887 0.7964 -0.1386
vn -0.4364 0.7964 0.4186
vn -0.4495 0.3705 -0.8128
vn 0.0176 -0.3081 -0.9512
vn -0.4495 0.3705 -0.8129
vn 0.6403 -0.7568 0.1313
vn 0.4988 -0.3081 0.8101
vn 0.4987 -0.3081 0.8101
vn -0.4365 0.7964 0.4186
vn -0.5888 0.7963 -0.1386
vn 0.0176 -0.3082 -0.9512
vn 0.4845 -0.7569 -0.4385
vn 0.0262 0.3705 0.9284
vn -0.4365 0.7963 0.4187
vn -0.5886 0.7964 -0.1386
vn 0.6401 -0.7570 0.1314
vn 0.4844 -0.7570 -0.4385
vn 0.4988 -0.3081 0.8102
vn -0.4366 0.7962 0.4187
vn -0.4495 0.3706 -0.8128
vn 0.7218 -0.4840 -0.4947
vn 0.8729 -0.4843 0.0590
vn 0.6693 -0.7320 0.1273
vn 0.5115 -0.7322 -0.4497
vn 0.6838 0.0596 0.7272
vn 0.2370 0.6041 0.7609
vn 0.0500 0.4048 0.9130
vn 0.5260 -0.2717 0.8059
vn -0.2148 0.9308 0.2957
vn -0.3353 0.9308 -0.1454
vn -0.5595 0.8164 -0.1427
vn -0.4092 0.8164 0.4074
vn -0.1827 0.6042 -0.7756
vn 0.2191 0.0593 -0.9739
vn 0.0433 -0.2717 -0.9614
vn -0.4211 0.4047 -0.8117
vn -0.2916 -0.6192 -0.7291
vn 0.3067 -0.6275 -0.7157
vn 0.2344 -0.5079 -0.8289
vn -0.2801 -0.4604 -0.8423
vn 0.9236 -0.2526 -0.2885
vn 0.9158 0.2546 0.3106
vn 0.9559 0.2900 0.0468
vn 0.8837 -0.2027 -0.4219
vn 0.3014 0.6120 0.7312
vn -0.3280 0.6049 0.7256
vn -0.2901 0.7504 0.5939
vn 0.2799 0.7488 0.6008
vn -0.9171 0.2616 0.3009
vn -0.9281 -0.2165 -0.3030
vn -0.9330 0.0901 -0.3483
vn -0.9022 0.4219 0.0896
vn -0.2981 -0.6530 -0.6962
vn 0.3224 -0.6529 -0.6854
vn 0.3200 -0.6507 -0.6886
vn -0.2955 -0.6507 -0.6995
vn 0.9251 -0.2599 -0.2770
vn 0.9102 0.2945 0.2913
vn 0.9111 0.2756 0.3067
vn 0.9252 -0.2609 -0.2754
vn 0.2957 0.6758 0.6752
vn -0.3195 0.6753 0.6648
vn -0.3247 0.6406 0.6959
vn 0.2984 0.6447 0.7038
vn -0.9199 0.2935 0.2600
vn -0.9148 -0.2601 -0.3090
vn -0.9158 -0.2625 -0.3040
vn -0.9210 0.2693 0.2815
vn -0.2984 -0.6534 -0.6957
vn 0.3228 -0.6533 -0.6849
vn 0.9250 -0.2598 -0.2773
vn 0.9098 0.2979 0.2889
vn 0.9098 0.2979 0.2888
vn 0.9250 -0.2597 -0.2774
vn 0.2951 0.6809 0.6702
vn -0.3185 0.6810 0.6594
vn 0.2952 0.6809 0.6703
vn -0.9195 0.2977 0.2566
vn -0.9147 -0.2596 -0.3097
vn -0.9147 -0.2596 -0.3098
vn -0.2984 -0.6533 -0.6958
vn 0.3227 -0.6533 -0.6848
vn 0.3227 -0.6534 -0.6848
vn 0.9250 -0.2596 -0.2774
vn 0.9099 0.2979 0.2889
vn 0.9250 -0.2599 -0.2773
vn 0.2951 0.6809 0.6703
vn -0.3186 0.6809 0.6594
vn 0.2951 0.6810 0.6702
vn -0.9195 0.2979 0.2566
vn -0.9147 -0.2597 -0.3097
vn -0.9194 0.2980 0.2566
vn 0.3228 -0.6533 -0.6848
vn 0.9251 -0.2596 -0.2772
vn 0.9099 0.2978 0.2888
vn -0.3186 0.6809 0.6595
vn -0.9194 0.2980 0.2565
vn -0.2984 -0.6534 -0.6958
vn 0.9099 0.2979 0.2888
vn 0.9251 -0.2595 -0.2773
vn -0.9195 0.2978 0.2566
vn -0.9194 0.2981 0.2565
vn -0.2843 -0.3165 -0.9050
vn 0.3161 -0.3165 -0.8944
vn 0.3274 -0.6215 -0.7117
vn -0.3021 -0.6215 -0.7228
vn 0.8924 0.1455 -0.4272
vn 0.8069 0.5864 0.0706
vn 0.9025 0.3384 0.2664
vn 0.9288 -0.2179 -0.2999
vn 0.2335 0.8736 0.4269
vn -0.2483 0.8737 0.4184
vn -0.3142 0.7089 0.6315
vn 0.2917 0.7089 0.6421
vn -0.8090 0.5863 0.0420
vn -0.8768 0.1455 -0.4583
vn -0.9176 -0.2178 -0.3325
vn -0.9114 0.3383 0.2344
vn -0.1106 -0.8478 0.5187
vn -0.5174 -0.8449 0.1357
vn -0.6433 -0.7455 0.1742
vn -0.2404 -0.7667 0.5953
vn -0.8210 -0.3534 -0.4483
vn -0.5634 0.4423 -0.6977
vn -0.5964 0.4366 -0.6736
vn -0.8591 -0.2666 -0.4369
vn 0.0337 0.9025 -0.4294
vn 0.4375 0.8972 -0.0609
vn 0.4783 0.8781 -0.0082
vn -0.0048 0.9147 -0.4042
vn 0.7409 0.4274 0.5181
vn 0.4918 -0.3698 0.7882
vn 0.3845 -0.3746 0.8437
vn 0.7357 0.3370 0.5875
vn -0.0905 -0.8602 0.5018
vn -0.4946 -0.8603 0.1234
vn -0.4947 -0.8603 0.1234
vn -0.0905 -0.8603 0.5018
vn -0.8116 -0.3692 -0.4527
vn -0.5574 0.4418 -0.7029
vn -0.8117 -0.3691 -0.4527
vn 0.0392 0.8994 -0.4354
vn 0.4319 0.8994 -0.0679
vn 0.0392 0.8993 -0.4355
vn 0.7383 0.4418 0.5097
vn 0.5053 -0.3693 0.7799
vn 0.5054 -0.3691 0.7800
vn 0.7382 0.4418 0.5097
vn -0.4947 -0.8602 0.1234
vn -0.0905 -0.8603 0.5017
vn -0.8117 -0.3691 -0.4526
vn -0.5574 0.4417 -0.7030
vn -0.5573 0.4419 -0.7030
vn 0.4319 0.8993 -0.0678
vn 0.0392 0.8994 -0.4355
vn 0.7382 0.4419 0.5097
vn 0.5053 -0.3692 0.7800
vn 0.7383 0.4417 0.5098
vn -0.0904 -0.8602 0.5018
vn -0.0904 -0.8603 0.5018
vn -0.8117 -0.3692 -0.4527
vn -0.5573 0.4418 -0.7030
vn -0.5573 0.4419 -0.7029
vn 0.4319 0.8993 -0.0679
vn 0.4318 0.8994 -0.0678
vn 0.7383 0.4417 0.5097
vn 0.5053 -0.3690 0.7801
vn 0.5053 -0.3691 0.7800
vn 0.7383 0.4418 0.5096
vn -0.2505 -0.7110 0.6571
vn -0.6390 -0.7111 0.2933
vn -0.5134 -0.8467 0.1399
vn -0.1057 -0.8467 0.5214
vn -0.9519 -0.1209 -0.2816
vn -0.6681 0.5716 -0.4764
vn -0.5705 0.4623 -0.6788
vn -0.8315 -0.3468 -0.4339
vn -0.0696 0.9648 -0.2535
vn 0.2575 0.9649 0.0527
vn 0.4137 0.9090 -0.0517
vn 0.0242 0.9090 -0.4161
vn 0.5195 0.5714 0.6353
vn 0.3439 -0.1207 0.9312
vn 0.4880 -0.3467 0.8011
vn 0.7151 0.4621 0.5245
vn -0.2079 -0.9671 -0.1465
vn 0.2279 -0.9674 0.1102
vn 0.2929 -0.9557 -0.0297
vn -0.1228 -0.9520 -0.2803
vn 0.7723 -0.4584 0.4398
vn 0.7612 0.4743 0.4422
vn 0.7584 0.4985 0.4200
vn 0.8584 -0.3276 0.3949
vn 0.2256 0.9672 0.1163
vn -0.2204 0.9648 -0.1436
vn -0.2666 0.9396 -0.2148
vn 0.2544 0.9643 0.0731
vn -0.7604 0.4602 -0.4583
vn -0.7506 -0.4727 -0.4618
vn -0.6747 -0.4790 -0.5616
vn -0.7700 0.3682 -0.5210
vn -0.2129 -0.9689 -0.1263
vn 0.2321 -0.9657 0.1164
vn 0.2190 -0.9670 0.1303
vn -0.2204 -0.9673 -0.1253
vn 0.7670 -0.4813 0.4244
vn 0.7667 0.4634 0.4442
vn 0.7617 0.4708 0.4451
vn 0.7602 -0.4730 0.4454
vn 0.2182 0.9690 0.1162
vn -0.2083 0.9651 -0.1589
vn -0.2155 0.9670 -0.1362
vn 0.2212 0.9673 0.1239
vn -0.7375 0.4827 -0.4723
vn -0.7629 -0.4629 -0.4513
vn -0.7612 -0.4708 -0.4461
vn -0.7562 0.4728 -0.4524
vn -0.1388 -0.9504 -0.2785
vn 0.3623 -0.9196 -0.1517
vn 0.2690 -0.9606 0.0700
vn -0.1871 -0.9720 -0.1425
vn 0.8991 -0.4288 0.0876
vn 0.8299 0.4807 0.2831
vn 0.7876 0.4452 0.4260
vn 0.7905 -0.4979 0.3567
vn 0.1483 0.9689 0.1979
vn -0.3203 0.9472 0.0119
vn -0.2138 0.9592 -0.1848
vn 0.1989 0.9740 0.1086
vn -0.8320 0.4997 -0.2408
vn -0.8203 -0.4342 -0.3722
vn -0.7763 -0.4378 -0.4535
vn -0.7101 0.5160 -0.4791
vn -0.2327 -0.7140 -0.6603
vn 0.3374 -0.4620 -0.8202
vn 0.4100 -0.6821 -0.6056
vn -0.1547 -0.8185 -0.5534
vn 0.8065 0.2360 -0.5421
vn 0.6780 0.7350 -0.0111
vn 0.7678 0.6393 0.0427
vn 0.9202 -0.0497 -0.3883
vn 0.1781 0.8293 0.5297
vn -0.3525 0.5128 0.7828
vn -0.4113 0.7064 0.5760
vn 0.1398 0.8923 0.4292
vn -0.8471 -0.1688 0.5039
vn -0.7836 -0.6109 -0.1131
vn -0.8213 -0.5396 -0.1854
vn -0.9338 0.0950 0.3449
vn -0.2989 -0.6881 -0.6612
vn 0.2621 -0.3693 -0.8916
vn 0.2876 -0.4006 -0.8700
vn -0.2806 -0.6942 -0.6629
vn 0.7427 0.3812 -0.5505
vn 0.6336 0.7735 0.0153
vn 0.6447 0.7644 0.0068
vn 0.7646 0.3367 -0.5496
vn 0.1937 0.8255 0.5300
vn -0.3406 0.5543 0.7595
vn -0.3374 0.5285 0.7790
vn 0.1924 0.8232 0.5341
vn -0.8655 -0.1739 0.4697
vn -0.7744 -0.6231 -0.1101
vn -0.7746 -0.6230 -0.1088
vn -0.8524 -0.1911 0.4867
vn -0.3020 -0.6865 -0.6615
vn 0.2568 -0.3615 -0.8963
vn 0.2568 -0.3616 -0.8963
vn -0.3020 -0.6865 -0.6614
vn 0.7374 0.3904 -0.5512
vn 0.6317 0.7750 0.0164
vn 0.7373 0.3906 -0.5512
vn 0.1938 0.8260 0.5293
vn -0.3414 0.5584 0.7561
vn -0.3414 0.5585 0.7560
vn 0.1938 0.8259 0.5294
vn -0.8677 -0.1703 0.4670
vn -0.7744 -0.6230 -0.1102
vn -0.7745 -0.6228 -0.1103
vn -0.8676 -0.1709 0.4669
vn -0.4269 -0.3858 -0.8179
vn 0.0823 -0.0460 -0.9955
vn 0.2414 -0.3264 -0.9139
vn -0.3191 -0.6595 -0.6806
vn 0.5083 0.6352 -0.5816
vn 0.4325 0.8950 -0.1093
vn 0.6084 0.7936 0.0030
vn 0.7132 0.4207 -0.5607
vn 0.0435 0.9339 0.3548
vn -0.3943 0.7556 0.5231
vn -0.3522 0.5841 0.7313
vn 0.1778 0.8426 0.5083
vn -0.9513 0.1378 0.2759
vn -0.9249 -0.3047 -0.2276
vn -0.7945 -0.5940 -0.1259
vn -0.8827 -0.1337 0.4504
vn -0.1902 -0.8582 -0.4769
vn 0.3506 -0.8619 -0.3664
vn 0.4035 -0.8100 -0.4256
vn -0.1544 -0.7699 -0.6192
vn 0.9333 -0.3482 -0.0881
vn 0.8498 0.4854 0.2052
vn 0.8257 0.5625 0.0422
vn 0.9579 -0.2315 -0.1698
vn 0.2098 0.9327 0.2934
vn -0.3143 0.9225 0.2241
vn -0.3866 0.8827 0.2673
vn 0.2036 0.9603 0.1909
vn -0.8787 0.4726 -0.0674
vn -0.8423 -0.3462 -0.4132
vn -0.8186 -0.2468 -0.5186
vn -0.8830 0.4692 0.0145
vn -0.1944 -0.8667 -0.4593
vn 0.3429 -0.8667 -0.3622
vn 0.3429 -0.8692 -0.3562
vn -0.1965 -0.8692 -0.4537
vn 0.9286 -0.3634 -0.0755
vn 0.8450 0.4823 0.2309
vn 0.8493 0.4740 0.2326
vn 0.9286 -0.3634 -0.0753
vn 0.2078 0.9324 0.2957
vn -0.2981 0.9324 0.2043
vn -0.3051 0.9274 0.2164
vn 0.2101 0.9274 0.3095
vn -0.8724 0.4823 -0.0795
vn -0.8434 -0.3636 -0.3957
vn -0.8435 -0.3633 -0.3956
vn -0.8770 0.4739 -0.0793
vn -0.1714 -0.7475 -0.6418
vn 0.3851 -0.7476 -0.5411
vn 0.3466 -0.8514 -0.3936
vn -0.1868 -0.8515 -0.4900
vn 0.9467 -0.2944 -0.1306
vn 0.8248 0.4554 0.3352
vn 0.8315 0.5001 0.2419
vn 0.9304 -0.3570 -0.0837
vn 0.1747 0.8701 0.4608
vn -0.3249 0.8702 0.3705
vn -0.2855 0.9366 0.2033
vn 0.1963 0.9366 0.2904
vn -0.8899 0.4555 0.0253
vn -0.8410 -0.2945 -0.4537
vn -0.8423 -0.3569 -0.4040
vn -0.8636 0.5001 -0.0643
vn 0.3830 -0.9231 -0.0342
vn 0.0646 -0.9239 0.3772
vn 0.1686 -0.8759 0.4521
vn 0.4843 -0.8723 0.0677
vn -0.3981 -0.4195 0.8158
vn -0.5631 0.4754 0.6759
vn -0.6430 0.4477 0.6214
vn -0.3473 -0.3941 0.8509
vn -0.2757 0.9534 0.1226
vn 0.0582 0.9600 -0.2738
vn 0.1335 0.9696 -0.2052
vn -0.3628 0.9183 0.1582
vn 0.5439 0.4808 -0.6878
vn 0.7004 -0.4096 -0.5845
vn 0.8245 -0.3131 -0.4714
vn 0.6987 0.4427 -0.5620
vn 0.3698 -0.9280 -0.0447
vn 0.0553 -0.9280 0.3684
vn 0.0464 -0.9302 0.3641
vn 0.3633 -0.9302 -0.0522
vn -0.4038 -0.4267 0.8093
vn -0.5424 0.4912 0.6815
vn -0.5479 0.4813 0.6842
vn -0.4051 -0.4255 0.8092
vn -0.2449 0.9612 0.1272
vn 0.0574 0.9612 -0.2699
vn 0.0464 0.9573 -0.2855
vn -0.2628 0.9573 0.1207
vn 0.5126 0.4911 -0.7043
vn 0.6726 -0.4267 -0.6046
vn 0.6721 -0.4256 -0.6060
vn 0.5136 0.4814 -0.7103
vn 0.5094 -0.8581 0.0640
vn 0.1973 -0.8582 0.4739
vn 0.0853 -0.9193 0.3843
vn 0.3931 -0.9193 -0.0201
vn -0.3508 -0.3894 0.8517
vn -0.5908 0.5299 0.6085
vn -0.5364 0.5209 0.6640
vn -0.3941 -0.4273 0.8137
vn -0.2813 0.9579 0.0566
vn -0.0203 0.9579 -0.2863
vn 0.0650 0.9684 -0.2409
vn -0.2149 0.9684 0.1268
vn 0.4293 0.5298 -0.7314
vn 0.7275 -0.3894 -0.5648
vn 0.6793 -0.4275 -0.5965
vn 0.4972 0.5209 -0.6939
vn 0.9219 -0.3273 -0.2074
vn 0.8272 -0.3332 0.4524
vn 0.8269 -0.3274 0.4572
vn 0.9505 -0.2627 -0.1662
vn 0.3198 0.0506 0.9461
vn -0.2381 0.5292 0.8144
vn -0.2319 0.5271 0.8176
vn 0.3512 0.0481 0.9350
vn -0.6292 0.7586 0.1691
vn -0.6054 0.6877 -0.4006
vn -0.7370 0.4851 -0.4707
vn -0.7636 0.6387 0.0952
vn -0.1163 0.4300 -0.8953
vn 0.5182 0.0356 -0.8545
vn 0.6112 0.2111 -0.7628
vn -0.0832 0.5026 -0.8605
vn 0.9834 0.0874 -0.1593
vn 0.9067 0.0873 0.4125
vn 0.8439 -0.2881 0.4525
vn 0.9335 -0.2885 -0.2128
vn 0.3395 0.4113 0.8459
vn -0.1363 0.6934 0.7075
vn -0.2718 0.5145 0.8133
vn 0.2989 0.0824 0.9507
vn -0.4432 0.8810 0.1657
vn -0.3889 0.8776 -0.2803
vn -0.5727 0.7282 -0.3765
vn -0.6226 0.7577 0.1956
vn 0.0485 0.6848 -0.7271
vn 0.5474 0.4072 -0.7311
vn 0.5182 0.0614 -0.8530
vn -0.0935 0.4590 -0.8835
vn -0.3530 -0.7326 0.5819
vn -0.6907 -0.7128 0.1217
vn -0.8335 -0.4469 0.3250
vn -0.4634 -0.5520 0.6932
vn -0.8351 -0.1402 -0.5320
vn -0.3963 0.5512 -0.7343
vn -0.3981 0.7025 -0.5900
vn -0.8290 0.3163 -0.4612
vn 0.1793 0.8767 -0.4463
vn 0.5163 0.8557 -0.0335
vn 0.3990 0.9168 -0.0156
vn 0.0973 0.9311 -0.3515
vn 0.6640 0.4304 0.6114
vn 0.3054 -0.2424 0.9209
vn 0.2898 -0.1635 0.9430
vn 0.6124 0.4227 0.6681
vn -0.3368 -0.7112 0.6171
vn -0.6910 -0.7106 0.1327
vn -0.6790 -0.7243 0.1196
vn -0.3326 -0.7289 0.5983
vn -0.8075 -0.2253 -0.5452
vn -0.4006 0.4568 -0.7943
vn -0.3989 0.4806 -0.7810
vn -0.8112 -0.2163 -0.5433
vn 0.1973 0.8509 -0.4869
vn 0.5260 0.8495 -0.0413
vn 0.5303 0.8468 -0.0414
vn 0.1961 0.8557 -0.4789
vn 0.6412 0.4508 0.6210
vn 0.2788 -0.2292 0.9326
vn 0.2905 -0.2411 0.9260
vn 0.6546 0.4411 0.6140
vn -0.4876 -0.5060 0.7115
vn -0.8255 -0.5059 0.2503
vn -0.7105 -0.6885 0.1455
vn -0.3530 -0.6886 0.6335
vn -0.8990 0.0438 -0.4358
vn -0.4988 0.6025 -0.6231
vn -0.4112 0.4739 -0.7787
vn -0.8214 -0.2005 -0.5340
vn 0.0855 0.9344 -0.3459
vn 0.3556 0.9344 0.0228
vn 0.5071 0.8613 -0.0318
vn 0.1833 0.8613 -0.4739
vn 0.4436 0.6023 0.6636
vn 0.1442 0.0438 0.9886
vn 0.2612 -0.2004 0.9442
vn 0.6183 0.4741 0.6269
vn -0.1539 -0.9336 -0.3237
vn 0.3218 -0.9395 -0.1174
vn 0.2912 -0.9538 -0.0736
vn -0.1449 -0.9088 -0.3912
vn 0.8807 -0.4363 0.1847
vn 0.8148 0.4789 0.3267
vn 0.8293 0.4957 0.2581
vn 0.8582 -0.4737 0.1978
vn 0.1922 0.9635 0.1866
vn -0.2754 0.9613 0.0000
vn -0.2346 0.9662 -0.1070
vn 0.1772 0.9823 0.0600
vn -0.8084 0.4827 -0.3370
vn -0.7596 -0.4158 -0.5002
vn -0.6790 -0.3149 -0.6632
vn -0.7120 0.4992 -0.4938
vn -0.1498 -0.9345 -0.3231
vn 0.3303 -0.9345 -0.1330
vn 0.3290 -0.9361 -0.1240
vn -0.1551 -0.9361 -0.3156
vn 0.8828 -0.4339 0.1802
vn 0.8051 0.4903 0.3339
vn 0.8091 0.4807 0.3381
vn 0.8832 -0.4324 0.1816
vn 0.1930 0.9626 0.1900
vn -0.2707 0.9626 0.0064
vn -0.2816 0.9593 0.0192
vn 0.1922 0.9593 0.2067
vn -0.8155 0.4903 -0.3075
vn -0.7670 -0.4338 -0.4727
vn -0.7683 -0.4323 -0.4720
vn -0.8213 0.4808 -0.3072
vn -0.0675 -0.8374 -0.5424
vn 0.4205 -0.8373 -0.3494
vn 0.3402 -0.9244 -0.1724
vn -0.1300 -0.9244 -0.3586
vn 0.9274 -0.3636 0.0874
vn 0.7497 0.5049 0.4279
vn 0.7866 0.5175 0.3368
vn 0.8864 -0.4326 0.1650
vn 0.1141 0.9302 0.3489
vn -0.3219 0.9302 0.1763
vn -0.2527 0.9675 0.0049
vn 0.1809 0.9675 0.1765
vn -0.8394 0.5050 -0.2011
vn -0.7361 -0.3635 -0.5710
vn -0.7592 -0.4326 -0.4862
vn -0.8041 0.5174 -0.2928
vn 0.0412 -0.0753 -0.9963
vn 0.6518 -0.0753 -0.7546
vn 0.5928 -0.4495 -0.6682
vn 0.0250 -0.4495 -0.8929
vn 0.9994 0.0304 -0.0160
vn 0.7286 0.0931 0.6786
vn 0.7287 0.2812 0.6244
vn 0.9916 -0.1286 -0.0155
vn -0.0425 0.0521 0.9977
vn -0.6518 0.0522 0.7566
vn -0.5819 0.4943 0.6458
vn -0.0177 0.4942 0.8692
vn -0.9956 0.0931 -0.0038
vn -0.7177 0.0303 -0.6957
vn -0.7123 -0.1287 -0.6900
vn -0.9586 0.2813 -0.0434
vn 0.0190 0.0647 -0.9977
vn 0.6689 0.0646 -0.7405
vn 0.6650 0.0293 -0.7463
vn 0.0259 0.0294 -0.9992
vn 0.9974 0.0704 0.0169
vn 0.7392 0.0713 0.6697
vn 0.7367 0.0684 0.6728
vn 0.9980 0.0631 0.0078
vn -0.0188 0.0665 0.9976
vn -0.6691 0.0666 0.7402
vn -0.6656 0.0350 0.7455
vn -0.0249 0.0351 0.9991
vn -0.9973 0.0715 -0.0176
vn -0.7388 0.0705 -0.6703
vn -0.7330 0.0633 -0.6772
vn -0.9976 0.0682 -0.0136
vn 0.0180 0.0720 -0.9972
vn 0.6693 0.0721 -0.7395
vn 0.6693 0.0720 -0.7395
vn 0.0180 0.0719 -0.9972
vn 0.9973 0.0717 0.0181
vn 0.7394 0.0721 0.6693
vn 0.7394 0.0719 0.6694
vn 0.9972 0.0720 0.0181
vn -0.0181 0.0719 0.9972
vn -0.6693 0.0719 0.7395
vn -0.6693 0.0720 0.7395
vn -0.0180 0.0720 0.9972
vn -0.9972 0.0721 -0.0181
vn -0.7394 0.0719 -0.6694
vn -0.7395 0.0720 -0.6693
vn -0.9973 0.0717 -0.0181
vn 0.0181 0.0720 -0.9972
vn 0.6693 0.0719 -0.7395
vn 0.0181 0.0719 -0.9972
vn 0.9972 0.0719 0.0180
vn 0.7395 0.0721 0.6693
vn 0.7395 0.0719 0.6693
vn 0.9972 0.0721 0.0181
vn -0.0181 0.0720 0.9972
vn -0.6693 0.0721 0.7395
vn -0.9972 0.0719 -0.0181
vn -0.7395 0.0719 -0.6693
vn -0.7395 0.0717 -0.6694
vn 0.0374 0.5040 -0.8629
vn 0.5633 0.5041 -0.6547
vn 0.6661 0.1266 -0.7350
vn 0.0174 0.1266 -0.9918
vn 0.8628 0.5042 0.0373
vn 0.6549 0.5036 0.5635
vn 0.7351 0.1269 0.6660
vn 0.9918 0.1264 0.0174
vn -0.0374 0.5038 0.8630
vn -0.5633 0.5041 0.6547
vn -0.6661 0.1267 0.7350
vn -0.0174 0.1267 0.9918
vn -0.8631 0.5036 -0.0373
vn -0.6547 0.5039 -0.5634
vn -0.7351 0.1267 -0.6661
vn -0.9918 0.1269 -0.0175
vn 0.9384 -0.1761 0.2974
vn 0.5365 -0.1761 0.8253
vn 0.4298 -0.5664 0.7031
vn 0.7922 -0.5665 0.2271
vn -0.2693 -0.0461 0.9620
vn -0.8582 0.0204 0.5130
vn -0.7881 0.3030 0.5358
vn -0.2821 -0.2131 0.9354
vn -0.9464 -0.0777 -0.3136
vn -0.5542 -0.0777 -0.8287
vn -0.4033 0.6169 -0.6759
vn -0.7589 0.6168 -0.2088
vn 0.2660 0.0205 -0.9638
vn 0.8556 -0.0459 -0.5157
vn 0.8265 -0.2134 -0.5210
vn 0.3066 0.3028 -0.9024
vn 0.7273 0.6422 0.2419
vn 0.4267 0.6426 0.6364
vn 0.5373 0.0349 0.8427
vn 0.9553 0.0353 0.2935
vn -0.2330 0.6531 0.7205
vn -0.6227 0.6622 0.4169
vn -0.8448 0.0920 0.5270
vn -0.2770 0.0826 0.9573
vn -0.7111 0.6635 -0.2325
vn -0.4134 0.6635 -0.6236
vn -0.5360 0.0454 -0.8430
vn -0.9553 0.0454 -0.2922
vn 0.2361 0.6620 -0.7113
vn 0.6324 0.6532 -0.4164
vn 0.8490 0.0827 -0.5218
vn 0.2831 0.0920 -0.9547
vn -0.1049 0.3050 -0.9465
vn 0.4296 0.3051 -0.8499
vn 0.4667 -0.3833 -0.7970
vn -0.1582 -0.3834 -0.9099
vn 0.8667 0.4441 -0.2271
vn 0.7515 0.5640 0.3423
vn 0.8388 0.2887 0.4616
vn 0.9749 -0.0842 -0.2060
vn 0.1426 0.6201 0.7715
vn -0.4036 0.6201 0.6727
vn -0.4509 0.5104 0.7323
vn 0.1661 0.5105 0.8437
vn -0.8238 0.5640 0.0575
vn -0.7324 0.4444 -0.5159
vn -0.8411 -0.0844 -0.5342
vn -0.9473 0.2887 0.1388
usemtl Material.026
f 1/1/1 2/2/1 3/3/1 4/4/1
f 2/2/2 5/5/2 6/6/2 3/3/2
f 4/4/3 3/3/3 7/7/3 8/8/3
f 3/3/4 6/6/4 9/9/4 7/7/4
f 10/10/5 11/11/5 1/1/5 12/12/5
f 11/11/6 13/13/6 2/2/6 1/1/6
f 13/13/7 14/14/7 5/5/7 2/2/7
f 14/14/8 15/15/8 16/16/8 5/5/8
f 5/5/9 16/16/9 17/17/9 6/6/9
f 6/6/10 17/17/10 18/18/10 9/9/10
f 9/9/11 18/18/11 19/19/11 20/20/11
f 7/7/12 9/9/12 20/20/12 21/21/12
f 8/8/13 7/7/13 21/21/13 22/22/13
f 23/23/14 8/8/14 22/22/14 24/24/14
f 25/25/15 4/4/15 8/8/15 23/23/15
f 12/12/16 1/1/16 4/4/16 25/25/16
f 26/26/17 27/27/17 28/28/17 29/29/17
f 27/27/18 30/30/18 31/31/18 28/28/18
f 29/29/19 28/28/19 32/32/19 33/33/19
f 28/28/20 31/31/20 34/34/20 32/32/20
f 24/24/21 22/22/21 26/26/21 35/35/21
f 22/22/22 21/21/22 27/27/22 26/26/22
f 21/21/23 20/20/23 30/30/23 27/27/23
f 20/20/24 19/19/24 36/36/24 30/30/24
f 30/30/25 36/36/25 37/37/25 31/31/25
f 31/31/26 37/37/26 38/38/26 34/34/26
f 34/34/27 38/38/27 39/39/27 40/40/27
f 32/32/28 34/34/28 40/40/28 41/41/28
f 33/33/29 32/32/29 41/41/29 42/42/29
f 43/43/30 33/33/30 42/42/30 44/44/30
f 45/45/31 29/29/31 33/33/31 43/43/31
f 35/35/32 26/26/32 29/29/32 45/45/32
f 46/46/33 47/47/33 48/48/33 49/49/33
f 47/47/34 50/50/34 51/51/34 48/48/34
f 49/49/35 48/48/35 52/52/35 53/53/35
f 48/48/36 51/51/36 54/54/36 52/52/36
f 44/44/37 42/42/37 46/46/37 55/55/37
f 42/42/38 41/41/38 47/47/38 46/46/38
f 41/41/39 40/40/39 50/50/39 47/47/39
f 40/40/40 39/39/40 56/56/40 50/50/40
f 50/50/41 56/56/41 57/57/41 51/51/41
f 51/51/42 57/57/42 58/58/42 54/54/42
f 54/54/43 58/58/43 59/59/43 60/60/43
f 52/52/44 54/54/44 60/60/44 61/61/44
f 53/53/45 52/52/45 61/61/45 62/62/45
f 63/63/46 53/53/46 62/62/46 64/64/46
f 65/65/47 49/49/47 53/53/47 63/63/47
f 55/55/48 46/46/48 49/49/48 65/65/48
f 66/66/49 67/67/49 68/68/49 69/69/49
f 67/67/50 70/70/50 71/71/50 68/68/50
f 69/69/51 68/68/51 72/72/51 73/73/51
f 68/68/52 71/71/52 74/74/52 72/72/52
f 64/64/53 62/62/53 66/66/53 75/75/53
f 62/62/54 61/61/54 67/67/54 66/66/54
f 61/61/55 60/60/55 70/70/55 67/67/55
f 60/60/56 59/59/56 76/76/56 70/70/56
f 70/70/57 76/76/57 77/77/57 71/71/57
f 71/71/58 77/77/58 78/78/58 74/74/58
f 74/74/59 78/78/59 15/79/59 14/80/59
f 72/72/60 74/74/60 14/80/60 13/81/60
f 73/73/61 72/72/61 13/81/61 11/82/61
f 79/83/62 73/73/62 11/82/62 10/84/62
f 80/85/63 69/69/63 73/73/63 79/83/63
f 75/75/64 66/66/64 69/69/64 80/85/64
f 81/86/65 82/87/65 83/88/65 84/89/65
f 82/87/66 85/90/66 86/91/66 83/88/66
f 84/89/67 83/88/67 87/92/67 88/93/67
f 83/88/68 86/91/68 89/94/68 87/92/68
f 24/95/69 35/96/69 81/86/69 23/97/69
f 35/96/70 45/98/70 82/87/70 81/86/70
f 45/98/71 43/99/71 85/90/71 82/87/71
f 43/99/72 44/44/72 55/55/72 85/90/72
f 85/90/73 55/55/73 65/65/73 86/91/73
f 86/91/74 65/65/74 63/63/74 89/94/74
f 89/94/75 63/63/75 64/64/75 75/100/75
f 87/92/76 89/94/76 75/100/76 80/101/76
f 88/93/77 87/92/77 80/101/77 79/102/77
f 12/103/78 88/93/78 79/102/78 10/104/78
f 25/105/79 84/89/79 88/93/79 12/103/79
f 23/97/80 81/86/80 84/89/80 25/105/80
f 90/106/81 91/107/81 92/108/81 93/109/81
f 91/107/82 94/110/82 95/111/82 92/108/82
f 93/109/83 92/108/83 96/112/83 97/113/83
f 92/108/84 95/111/84 98/114/84 96/112/84
f 39/39/85 38/115/85 90/106/85 56/56/85
f 38/115/86 37/116/86 91/107/86 90/106/86
f 37/116/87 36/117/87 94/110/87 91/107/87
f 36/117/88 19/118/88 18/119/88 94/110/88
f 94/110/89 18/119/89 17/120/89 95/111/89
f 95/111/90 17/120/90 16/121/90 98/114/90
f 98/114/91 16/121/91 15/122/91 78/123/91
f 96/112/92 98/114/92 78/123/92 77/124/92
f 97/113/93 96/112/93 77/124/93 76/125/93
f 58/58/94 97/113/94 76/125/94 59/59/94
f 57/57/95 93/109/95 97/113/95 58/58/95
f 56/56/96 90/106/96 93/109/96 57/57/96
f 99/126/97 100/127/97 101/128/97 102/129/97
f 100/127/98 103/130/98 104/131/98 101/128/98
f 102/129/99 101/128/99 105/132/99 106/133/99
f 101/128/100 104/131/100 107/134/100 105/132/100
f 108/135/101 109/136/101 99/126/101 110/137/101
f 109/136/102 111/138/102 100/127/102 99/126/102
f 111/138/103 112/139/103 103/130/103 100/127/103
f 112/139/104 113/140/104 114/141/104 103/130/104
f 103/130/105 114/141/105 115/142/105 104/131/105
f 104/131/106 115/142/106 116/143/106 107/134/106
f 107/134/107 116/143/107 117/144/107 118/145/107
f 105/132/108 107/134/108 118/145/108 119/146/108
f 106/133/109 105/132/109 119/146/109 120/147/109
f 121/148/110 106/133/110 120/147/110 122/149/110
f 123/150/111 102/129/111 106/133/111 121/148/111
f 110/137/112 99/126/112 102/129/112 123/150/112
f 124/151/113 125/152/113 126/153/113 127/154/113
f 125/152/114 128/155/114 129/156/114 126/153/114
f 127/154/115 126/153/115 130/157/115 131/158/115
f 126/153/116 129/156/116 132/159/116 130/157/116
f 122/149/117 120/147/117 124/151/117 133/160/117
f 120/147/118 119/146/118 125/152/118 124/151/118
f 119/146/119 118/145/119 128/155/119 125/152/119
f 118/145/120 117/144/120 134/161/120 128/155/120
f 128/155/121 134/161/121 135/162/121 129/156/121
f 129/156/122 135/162/122 136/163/122 132/159/122
f 132/159/123 136/163/123 137/164/123 138/165/123
f 130/157/124 132/159/124 138/165/124 139/166/124
f 131/158/125 130/157/125 139/166/125 140/167/125
f 141/168/126 131/158/126 140/167/126 142/169/126
f 143/170/127 127/154/127 131/158/127 141/168/127
f 133/160/128 124/151/128 127/154/128 143/170/128
f 144/171/129 145/172/129 146/173/129 147/174/129
f 145/172/130 148/175/130 149/176/130 146/173/130
f 147/174/131 146/173/131 150/177/131 151/178/131
f 146/173/132 149/176/132 152/179/132 150/177/132
f 142/169/133 140/167/133 144/171/133 153/180/133
f 140/167/134 139/166/134 145/172/134 144/171/134
f 139/166/135 138/165/135 148/175/135 145/172/135
f 138/165/136 137/164/136 154/181/136 148/175/136
f 148/175/137 154/181/137 155/182/137 149/176/137
f 149/176/138 155/182/138 156/183/138 152/179/138
f 152/179/139 156/183/139 157/184/139 158/185/139
f 150/177/140 152/179/140 158/185/140 159/186/140
f 151/178/141 150/177/141 159/186/141 160/187/141
f 161/188/142 151/178/142 160/187/142 162/189/142
f 163/190/143 147/174/143 151/178/143 161/188/143
f 153/180/144 144/171/144 147/174/144 163/190/144
f 164/191/145 165/192/145 166/193/145 167/194/145
f 165/192/146 168/195/146 169/196/146 166/193/146
f 167/194/147 166/193/147 170/197/147 171/198/147
f 166/193/148 169/196/148 172/199/148 170/197/148
f 162/189/149 160/187/149 164/191/149 173/200/149
f 160/187/150 159/186/150 165/192/150 164/191/150
f 159/186/151 158/185/151 168/195/151 165/192/151
f 158/185/152 157/184/152 174/201/152 168/195/152
f 168/195/153 174/201/153 175/202/153 169/196/153
f 169/196/154 175/202/154 176/203/154 172/199/154
f 172/199/155 176/203/155 113/204/155 112/205/155
f 170/197/156 172/199/156 112/205/156 111/206/156
f 171/198/157 170/197/157 111/206/157 109/207/157
f 177/208/158 171/198/158 109/207/158 108/209/158
f 178/210/159 167/194/159 171/198/159 177/208/159
f 173/200/160 164/191/160 167/194/160 178/210/160
f 179/211/161 180/212/161 181/213/161 182/214/161
f 180/212/162 183/215/162 184/216/162 181/213/162
f 182/214/163 181/213/163 185/217/163 186/218/163
f 181/213/164 184/216/164 187/219/164 185/217/164
f 122/220/165 133/221/165 179/211/165 121/222/165
f 133/221/166 143/223/166 180/212/166 179/211/166
f 143/223/167 141/224/167 183/215/167 180/212/167
f 141/224/168 142/169/168 153/180/168 183/215/168
f 183/215/169 153/180/169 163/190/169 184/216/169
f 184/216/170 163/190/170 161/188/170 187/219/170
f 187/219/171 161/188/171 162/189/171 173/225/171
f 185/217/172 187/219/172 173/225/172 178/226/172
f 186/218/173 185/217/173 178/226/173 177/227/173
f 110/228/174 186/218/174 177/227/174 108/229/174
f 123/230/175 182/214/175 186/218/175 110/228/175
f 121/222/176 179/211/176 182/214/176 123/230/176
f 188/231/177 189/232/177 190/233/177 191/234/177
f 189/232/178 192/235/178 193/236/178 190/233/178
f 191/234/179 190/233/179 194/237/179 195/238/179
f 190/233/180 193/236/180 196/239/180 194/237/180
f 137/164/181 136/240/181 188/231/181 154/181/181
f 136/240/182 135/241/182 189/232/182 188/231/182
f 135/241/183 134/242/183 192/235/183 189/232/183
f 134/242/184 117/243/184 116/244/184 192/235/184
f 192/235/185 116/244/185 115/245/185 193/236/185
f 193/236/186 115/245/186 114/246/186 196/239/186
f 196/239/187 114/246/187 113/247/187 176/248/187
f 194/237/188 196/239/188 176/248/188 175/249/188
f 195/238/189 194/237/189 175/249/189 174/250/189
f 156/183/190 195/238/190 174/250/190 157/184/190
f 155/182/191 191/234/191 195/238/191 156/183/191
f 154/181/192 188/231/192 191/234/192 155/182/192
f 197/251/193 198/252/193 199/253/193 200/254/193
f 198/252/194 201/255/194 202/256/194 199/253/194
f 200/254/195 199/253/195 203/257/195 204/258/195
f 199/253/196 202/256/196 205/259/196 203/257/196
f 206/260/197 207/261/197 197/251/197 208/262/197
f 207/261/198 209/263/198 198/252/198 197/251/198
f 209/263/199 210/264/199 201/255/199 198/252/199
f 210/264/200 211/265/200 212/266/200 201/255/200
f 201/255/201 212/266/201 213/267/201 202/256/201
f 202/256/202 213/267/202 214/268/202 205/259/202
f 205/259/203 214/268/203 215/269/203 216/270/203
f 203/257/204 205/259/204 216/270/204 217/271/204
f 204/258/205 203/257/205 217/271/205 218/272/205
f 219/273/206 204/258/206 218/272/206 220/274/206
f 221/275/207 200/254/207 204/258/207 219/273/207
f 208/262/208 197/251/208 200/254/208 221/275/208
f 222/276/209 223/277/209 224/278/209 225/279/209
f 223/277/210 226/280/210 227/281/210 224/278/210
f 225/279/211 224/278/211 228/282/211 229/283/211
f 224/278/212 227/281/212 230/284/212 228/282/212
f 220/274/213 218/272/213 222/276/213 231/285/213
f 218/272/214 217/271/214 223/277/214 222/276/214
f 217/271/215 216/270/215 226/280/215 223/277/215
f 216/270/216 215/269/216 232/286/216 226/280/216
f 226/280/217 232/286/217 233/287/217 227/281/217
f 227/281/218 233/287/218 234/288/218 230/284/218
f 230/284/219 234/288/219 235/289/219 236/290/219
f 228/282/220 230/284/220 236/290/220 237/291/220
f 229/283/221 228/282/221 237/291/221 238/292/221
f 239/293/222 229/283/222 238/292/222 240/294/222
f 241/295/223 225/279/223 229/283/223 239/293/223
f 231/285/224 222/276/224 225/279/224 241/295/224
f 242/296/225 243/297/225 244/298/225 245/299/225
f 243/297/226 246/300/226 247/301/226 244/298/226
f 245/299/227 244/298/227 248/302/227 249/303/227
f 244/298/228 247/301/228 250/304/228 248/302/228
f 240/294/229 238/292/229 242/296/229 251/305/229
f 238/292/230 237/291/230 243/297/230 242/296/230
f 237/291/231 236/290/231 246/300/231 243/297/231
f 236/290/232 235/289/232 252/306/232 246/300/232
f 246/300/233 252/306/233 253/307/233 247/301/233
f 247/301/234 253/307/234 254/308/234 250/304/234
f 250/304/235 254/308/235 255/309/235 256/310/235
f 248/302/236 250/304/236 256/310/236 257/311/236
f 249/303/237 248/302/237 257/311/237 258/312/237
f 259/313/238 249/303/238 258/312/238 260/314/238
f 261/315/239 245/299/239 249/303/239 259/313/239
f 251/305/240 242/296/240 245/299/240 261/315/240
f 262/316/241 263/317/241 264/318/241 265/319/241
f 263/317/242 266/320/242 267/321/242 264/318/242
f 265/319/243 264/318/243 268/322/243 269/323/243
f 264/318/244 267/321/244 270/324/244 268/322/244
f 260/314/245 258/312/245 262/316/245 271/325/245
f 258/312/246 257/311/246 263/317/246 262/316/246
f 257/311/247 256/310/247 266/320/247 263/317/247
f 256/310/248 255/309/248 272/326/248 266/320/248
f 266/320/249 272/326/249 273/327/249 267/321/249
f 267/321/250 273/327/250 274/328/250 270/324/250
f 270/324/251 274/328/251 211/329/251 210/330/251
f 268/322/252 270/324/252 210/330/252 209/331/252
f 269/323/253 268/322/253 209/331/253 207/332/253
f 275/333/254 269/323/254 207/332/254 206/334/254
f 276/335/255 265/319/255 269/323/255 275/333/255
f 271/325/256 262/316/256 265/319/256 276/335/256
f 277/336/257 278/337/257 279/338/257 280/339/257
f 278/337/258 281/340/258 282/341/258 279/338/258
f 280/339/259 279/338/259 283/342/259 284/343/259
f 279/338/260 282/341/260 285/344/260 283/342/260
f 220/345/261 231/346/261 277/336/261 219/347/261
f 231/346/262 241/348/262 278/337/262 277/336/262
f 241/348/263 239/349/263 281/340/263 278/337/263
f 239/349/264 240/294/264 251/305/264 281/340/264
f 281/340/265 251/305/265 261/315/265 282/341/265
f 282/341/266 261/315/266 259/313/266 285/344/266
f 285/344/267 259/313/267 260/314/267 271/350/267
f 283/342/268 285/344/268 271/350/268 276/351/268
f 284/343/269 283/342/269 276/351/269 275/352/269
f 208/353/270 284/343/270 275/352/270 206/354/270
f 221/355/271 280/339/271 284/343/271 208/353/271
f 219/347/272 277/336/272 280/339/272 221/355/272
f 286/356/273 287/357/273 288/358/273 289/359/273
f 287/357/274 290/360/274 291/361/274 288/358/274
f 289/359/275 288/358/275 292/362/275 293/363/275
f 288/358/276 291/361/276 294/364/276 292/362/276
f 235/289/277 234/365/277 286/356/277 252/306/277
f 234/365/278 233/366/278 287/357/278 286/356/278
f 233/366/279 232/367/279 290/360/279 287/357/279
f 232/367/280 215/368/280 214/369/280 290/360/280
f 290/360/281 214/369/281 213/370/281 291/361/281
f 291/361/282 213/370/282 212/371/282 294/364/282
f 294/364/283 212/371/283 211/372/283 274/373/283
f 292/362/284 294/364/284 274/373/284 273/374/284
f 293/363/285 292/362/285 273/374/285 272/375/285
f 254/308/286 293/363/286 272/375/286 255/309/286
f 253/307/287 289/359/287 293/363/287 254/308/287
f 252/306/288 286/356/288 289/359/288 253/307/288
usemtl Material.027
f 295/376/289 296/377/289 297/378/289 298/379/289
f 299/380/290 300/381/290 297/378/290 296/377/290
f 301/382/291 298/379/291 297/378/291 300/381/291
f 302/383/292 303/384/292 304/385/292 305/386/292
f 303/384/293 306/387/293 307/388/293 304/385/293
f 304/385/294 307/388/294 308/389/294 309/390/294
f 305/386/295 304/385/295 309/390/295 310/391/295
f 311/392/296 312/393/296 313/394/296 314/395/296
f 315/396/297 316/397/297 313/394/297 312/393/297
f 301/382/298 314/395/298 313/394/298 316/397/298
f 317/398/299 318/399/299 319/400/299 320/401/299
f 318/399/300 302/383/300 305/386/300 319/400/300
f 319/400/301 305/386/301 310/391/301 321/402/301
f 320/401/302 319/400/302 321/402/302 322/403/302
f 323/404/303 324/405/303 325/406/303 326/407/303
f 324/405/304 317/398/304 320/401/304 325/406/304
f 325/406/305 320/401/305 322/403/305 327/408/305
f 326/407/306 325/406/306 327/408/306 328/409/306
f 306/387/307 329/410/307 330/411/307 307/388/307
f 329/410/308 323/404/308 326/407/308 330/411/308
f 330/411/309 326/407/309 328/409/309 331/412/309
f 307/388/310 330/411/310 331/412/310 308/389/310
f 310/391/311 309/390/311 332/413/311 333/414/311
f 309/390/312 308/389/312 334/415/312 332/413/312
f 332/413/313 334/415/313 315/396/313 312/393/313
f 333/414/314 332/413/314 312/393/314 311/392/314
f 322/403/315 321/402/315 335/416/315 336/417/315
f 321/402/316 310/391/316 333/414/316 335/416/316
f 335/416/317 333/414/317 311/392/317 337/418/317
f 336/417/318 335/416/318 337/418/318 338/419/318
f 328/409/319 327/408/319 339/420/319 340/421/319
f 327/408/320 322/403/320 336/417/320 339/420/320
f 339/420/321 336/417/321 338/419/321 341/422/321
f 340/421/322 339/420/322 341/422/322 342/423/322
f 308/389/323 331/412/323 343/424/323 334/415/323
f 331/412/324 328/409/324 340/421/324 343/424/324
f 343/424/325 340/421/325 342/423/325 344/425/325
f 334/415/326 343/424/326 344/425/326 315/396/326
f 345/426/327 346/427/327 347/428/327 348/429/327
f 346/427/328 349/430/328 350/431/328 347/428/328
f 347/428/329 350/431/329 351/432/329 352/433/329
f 348/429/330 347/428/330 352/433/330 353/434/330
f 354/435/331 355/436/331 356/437/331 357/438/331
f 299/380/332 296/377/332 356/437/332 355/436/332
f 295/376/333 357/438/333 356/437/333 296/377/333
f 358/439/334 359/440/334 360/441/334 361/442/334
f 362/443/335 363/444/335 360/441/335 359/440/335
f 364/445/336 361/442/336 360/441/336 363/444/336
f 365/446/337 366/447/337 367/448/337 368/449/337
f 366/447/338 345/426/338 348/429/338 367/448/338
f 367/448/339 348/429/339 353/434/339 369/450/339
f 368/449/340 367/448/340 369/450/340 370/451/340
f 371/452/341 372/453/341 373/454/341 374/455/341
f 372/453/342 365/446/342 368/449/342 373/454/342
f 373/454/343 368/449/343 370/451/343 375/456/343
f 374/455/344 373/454/344 375/456/344 376/457/344
f 377/458/345 378/459/345 379/460/345 380/461/345
f 338/419/346 337/418/346 379/460/346 378/459/346
f 311/392/347 380/461/347 379/460/347 337/418/347
f 349/430/348 381/462/348 382/463/348 350/431/348
f 381/462/349 371/452/349 374/455/349 382/463/349
f 382/463/350 374/455/350 376/457/350 383/464/350
f 350/431/351 382/463/351 383/464/351 351/432/351
f 353/434/352 352/433/352 384/465/352 385/466/352
f 352/433/353 351/432/353 386/467/353 384/465/353
f 384/465/354 386/467/354 387/468/354 388/469/354
f 385/466/355 384/465/355 388/469/355 389/470/355
f 370/451/356 369/450/356 390/471/356 391/472/356
f 369/450/357 353/434/357 385/466/357 390/471/357
f 390/471/358 385/466/358 389/470/358 392/473/358
f 391/472/359 390/471/359 392/473/359 393/474/359
f 376/457/360 375/456/360 394/475/360 395/476/360
f 375/456/361 370/451/361 391/472/361 394/475/361
f 394/475/362 391/472/362 393/474/362 396/477/362
f 395/476/363 394/475/363 396/477/363 397/478/363
f 398/479/364 399/480/364 400/481/364 401/482/364
f 402/483/365 403/484/365 400/481/365 399/480/365
f 404/485/366 401/482/366 400/481/366 403/484/366
f 402/483/367 405/486/367 406/487/367 403/484/367
f 407/488/368 408/489/368 406/487/368 405/486/368
f 404/485/369 403/484/369 406/487/369 408/489/369
f 351/432/370 383/464/370 409/490/370 386/467/370
f 383/464/371 376/457/371 395/476/371 409/490/371
f 409/490/372 395/476/372 397/478/372 410/491/372
f 386/467/373 409/490/373 410/491/373 387/468/373
f 411/492/374 412/493/374 413/494/374 414/495/374
f 412/493/375 415/496/375 416/497/375 413/494/375
f 413/494/376 416/497/376 417/498/376 418/499/376
f 414/495/377 413/494/377 418/499/377 419/500/377
f 389/470/378 388/469/378 420/501/378 421/502/378
f 387/468/379 422/503/379 420/501/379 388/469/379
f 407/488/380 421/502/380 420/501/380 422/503/380
f 423/504/381 424/505/381 425/506/381 426/507/381
f 424/505/382 411/492/382 414/495/382 425/506/382
f 425/506/383 414/495/383 419/500/383 427/508/383
f 426/507/384 425/506/384 427/508/384 428/509/384
f 429/510/385 430/511/385 431/512/385 432/513/385
f 430/511/386 423/504/386 426/507/386 431/512/386
f 431/512/387 426/507/387 428/509/387 433/514/387
f 432/513/388 431/512/388 433/514/388 434/515/388
f 389/470/389 435/516/389 436/517/389 392/473/389
f 437/518/390 438/519/390 436/517/390 435/516/390
f 393/474/391 392/473/391 436/517/391 438/519/391
f 437/518/392 439/520/392 440/521/392 438/519/392
f 377/458/393 441/522/393 440/521/393 439/520/393
f 393/474/394 438/519/394 440/521/394 441/522/394
f 437/518/395 442/523/395 443/524/395 439/520/395
f 338/419/396 378/459/396 443/524/396 442/523/396
f 377/458/397 439/520/397 443/524/397 378/459/397
f 444/525/398 445/526/398 446/527/398 447/528/398
f 448/529/399 449/530/399 446/527/399 445/526/399
f 450/531/400 447/528/400 446/527/400 449/530/400
f 415/496/401 451/532/401 452/533/401 416/497/401
f 451/532/402 429/510/402 432/513/402 452/533/402
f 452/533/403 432/513/403 434/515/403 453/534/403
f 416/497/404 452/533/404 453/534/404 417/498/404
f 419/500/405 418/499/405 454/535/405 455/536/405
f 418/499/406 417/498/406 456/537/406 454/535/406
f 454/535/407 456/537/407 354/435/407 457/538/407
f 455/536/408 454/535/408 457/538/408 393/474/408
f 428/509/409 427/508/409 458/539/409 459/540/409
f 427/508/410 419/500/410 455/536/410 458/539/410
f 458/539/411 455/536/411 393/474/411 441/522/411
f 459/540/412 458/539/412 441/522/412 377/458/412
f 434/515/413 433/514/413 460/541/413 461/542/413
f 433/514/414 428/509/414 459/540/414 460/541/414
f 460/541/415 459/540/415 377/458/415 462/543/415
f 461/542/416 460/541/416 462/543/416 299/380/416
f 463/544/417 464/545/417 465/546/417 466/547/417
f 467/548/418 468/549/418 465/546/418 464/545/418
f 469/550/419 466/547/419 465/546/419 468/549/419
f 417/498/420 453/534/420 470/551/420 456/537/420
f 453/534/421 434/515/421 461/542/421 470/551/421
f 470/551/422 461/542/422 299/380/422 355/436/422
f 456/537/423 470/551/423 355/436/423 354/435/423
f 471/552/424 472/553/424 473/554/424 474/555/424
f 472/553/425 475/556/425 476/557/425 473/554/425
f 473/554/426 476/557/426 477/558/426 478/559/426
f 474/555/427 473/554/427 478/559/427 479/560/427
f 480/561/428 481/562/428 482/563/428 483/564/428
f 481/562/429 471/552/429 474/555/429 482/563/429
f 482/563/430 474/555/430 479/560/430 484/565/430
f 483/564/431 482/563/431 484/565/431 485/566/431
f 486/567/432 487/568/432 488/569/432 489/570/432
f 487/568/433 480/561/433 483/564/433 488/569/433
f 488/569/434 483/564/434 485/566/434 490/571/434
f 489/570/435 488/569/435 490/571/435 491/572/435
f 492/573/436 493/574/436 494/575/436 495/576/436
f 496/577/437 497/578/437 494/575/437 493/574/437
f 498/579/438 495/576/438 494/575/438 497/578/438
f 475/556/439 499/580/439 500/581/439 476/557/439
f 499/580/440 486/567/440 489/570/440 500/581/440
f 500/581/441 489/570/441 491/572/441 501/582/441
f 476/557/442 500/581/442 501/582/442 477/558/442
f 502/583/443 503/584/443 504/585/443 505/586/443
f 503/584/444 506/587/444 507/588/444 504/585/444
f 504/585/445 507/588/445 475/556/445 472/553/445
f 505/586/446 504/585/446 472/553/446 471/552/446
f 508/589/447 509/590/447 510/591/447 511/592/447
f 509/590/448 502/583/448 505/586/448 510/591/448
f 510/591/449 505/586/449 471/552/449 481/562/449
f 511/592/450 510/591/450 481/562/450 480/561/450
f 512/593/451 513/594/451 514/595/451 515/596/451
f 513/594/452 508/589/452 511/592/452 514/595/452
f 514/595/453 511/592/453 480/561/453 487/568/453
f 515/596/454 514/595/454 487/568/454 486/567/454
f 506/587/455 516/597/455 517/598/455 507/588/455
f 516/597/456 512/593/456 515/596/456 517/598/456
f 517/598/457 515/596/457 486/567/457 499/580/457
f 507/588/458 517/598/458 499/580/458 475/556/458
f 518/599/459 519/600/459 520/601/459 521/602/459
f 519/600/460 522/603/460 523/604/460 520/601/460
f 520/601/461 523/604/461 506/587/461 503/584/461
f 521/602/462 520/601/462 503/584/462 502/583/462
f 524/605/463 525/606/463 526/607/463 527/608/463
f 525/606/464 518/599/464 521/602/464 526/607/464
f 526/607/465 521/602/465 502/583/465 509/590/465
f 527/608/466 526/607/466 509/590/466 508/589/466
f 528/609/467 529/610/467 530/611/467 531/612/467
f 529/610/468 524/605/468 527/608/468 530/611/468
f 530/611/469 527/608/469 508/589/469 513/594/469
f 531/612/470 530/611/470 513/594/470 512/593/470
f 532/613/471 533/614/471 534/615/471 535/616/471
f 536/617/472 537/618/472 534/615/472 533/614/472
f 538/619/473 535/616/473 534/615/473 537/618/473
f 522/603/474 539/620/474 540/621/474 523/604/474
f 539/620/475 528/609/475 531/612/475 540/621/475
f 540/621/476 531/612/476 512/593/476 516/597/476
f 523/604/477 540/621/477 516/597/477 506/587/477
f 541/622/478 542/623/478 543/624/478 544/625/478
f 542/623/479 545/626/479 546/627/479 543/624/479
f 543/624/480 546/627/480 547/628/480 548/629/480
f 544/625/481 543/624/481 548/629/481 549/630/481
f 550/631/482 551/632/482 552/633/482 553/634/482
f 551/632/483 554/635/483 555/636/483 552/633/483
f 552/633/484 555/636/484 522/603/484 519/600/484
f 553/634/485 552/633/485 519/600/485 518/599/485
f 556/637/486 557/638/486 558/639/486 559/640/486
f 560/641/487 561/642/487 558/639/487 557/638/487
f 562/643/488 559/640/488 558/639/488 561/642/488
f 563/644/489 564/645/489 565/646/489 566/647/489
f 564/645/490 550/631/490 553/634/490 565/646/490
f 565/646/491 553/634/491 518/599/491 525/606/491
f 566/647/492 565/646/492 525/606/492 524/605/492
f 567/648/493 568/649/493 569/650/493 570/651/493
f 568/649/494 563/644/494 566/647/494 569/650/494
f 569/650/495 566/647/495 524/605/495 529/610/495
f 570/651/496 569/650/496 529/610/496 528/609/496
f 554/635/497 571/652/497 572/653/497 555/636/497
f 571/652/498 567/648/498 570/651/498 572/653/498
f 572/653/499 570/651/499 528/609/499 539/620/499
f 555/636/500 572/653/500 539/620/500 522/603/500
f 407/488/501 573/654/501 574/655/501 575/656/501
f 573/654/502 295/376/502 576/657/502 574/655/502
f 574/655/503 576/657/503 554/635/503 551/632/503
f 575/656/504 574/655/504 551/632/504 550/631/504
f 541/622/505 577/658/505 578/659/505 542/623/505
f 579/660/506 580/661/506 578/659/506 577/658/506
f 545/626/507 542/623/507 578/659/507 580/661/507
f 404/485/508 408/489/508 581/662/508 582/663/508
f 408/489/509 407/488/509 575/656/509 581/662/509
f 581/662/510 575/656/510 550/631/510 564/645/510
f 582/663/511 581/662/511 564/645/511 563/644/511
f 301/382/512 583/664/512 584/665/512 585/666/512
f 583/664/513 404/485/513 582/663/513 584/665/513
f 584/665/514 582/663/514 563/644/514 568/649/514
f 585/666/515 584/665/515 568/649/515 567/648/515
f 586/667/516 587/668/516 588/669/516 589/670/516
f 590/671/517 591/672/517 588/669/517 587/668/517
f 547/628/518 589/670/518 588/669/518 591/672/518
f 295/376/519 298/379/519 592/673/519 576/657/519
f 298/379/520 301/382/520 585/666/520 592/673/520
f 592/673/521 585/666/521 567/648/521 571/652/521
f 576/657/522 592/673/522 571/652/522 554/635/522
f 469/550/523 468/549/523 593/674/523 594/675/523
f 468/549/524 467/548/524 595/676/524 593/674/524
f 593/674/525 595/676/525 450/531/525 449/530/525
f 594/675/526 593/674/526 449/530/526 448/529/526
f 596/677/527 597/678/527 598/679/527 599/680/527
f 600/681/528 601/682/528 598/679/528 597/678/528
f 602/683/529 599/680/529 598/679/529 601/682/529
f 603/684/530 604/685/530 605/686/530 606/687/530
f 604/685/531 607/688/531 608/689/531 605/686/531
f 605/686/532 608/689/532 609/690/532 610/691/532
f 606/687/533 605/686/533 610/691/533 611/692/533
f 612/693/534 613/694/534 614/695/534 615/696/534
f 613/694/535 616/697/535 617/698/535 614/695/535
f 614/695/536 617/698/536 618/699/536 619/700/536
f 615/696/537 614/695/537 619/700/537 620/701/537
f 393/474/538 457/538/538 621/702/538 396/477/538
f 457/538/539 354/435/539 357/438/539 621/702/539
f 621/702/540 357/438/540 295/376/540 622/703/540
f 396/477/541 621/702/541 622/703/541 397/478/541
f 623/704/542 624/705/542 625/706/542 626/707/542
f 579/660/543 577/658/543 625/706/543 624/705/543
f 541/622/544 626/707/544 625/706/544 577/658/544
f 338/419/545 627/708/545 628/709/545 341/422/545
f 627/708/546 398/479/546 401/482/546 628/709/546
f 628/709/547 401/482/547 404/485/547 629/710/547
f 341/422/548 628/709/548 629/710/548 342/423/548
f 630/711/549 631/712/549 632/713/549 633/714/549
f 631/712/550 634/715/550 635/716/550 632/713/550
f 632/713/551 635/716/551 636/717/551 637/718/551
f 633/714/552 632/713/552 637/718/552 638/719/552
f 639/720/553 640/721/553 641/722/553 642/723/553
f 640/721/554 643/724/554 644/725/554 641/722/554
f 641/722/555 644/725/555 645/726/555 646/727/555
f 642/723/556 641/722/556 646/727/556 647/728/556
f 648/729/557 649/730/557 650/731/557 651/732/557
f 652/733/558 653/734/558 650/731/558 649/730/558
f 654/735/559 651/732/559 650/731/559 653/734/559
f 655/736/560 656/737/560 657/738/560 658/739/560
f 656/737/561 659/740/561 660/741/561 657/738/561
f 657/738/562 660/741/562 661/742/562 662/743/562
f 658/739/563 657/738/563 662/743/563 663/744/563
f 664/745/564 665/746/564 666/747/564 667/748/564
f 665/746/565 668/749/565 669/750/565 666/747/565
f 666/747/566 669/750/566 670/751/566 671/752/566
f 667/748/567 666/747/567 671/752/567 672/753/567
f 673/754/568 674/755/568 675/756/568 676/757/568
f 674/755/569 677/758/569 678/759/569 675/756/569
f 675/756/570 678/759/570 679/760/570 680/761/570
f 676/757/571 675/756/571 680/761/571 681/762/571
f 682/763/572 683/764/572 684/765/572 685/766/572
f 683/764/573 686/767/573 687/768/573 684/765/573
f 684/765/574 687/768/574 688/769/574 689/770/574
f 685/766/575 684/765/575 689/770/575 690/771/575
f 691/772/576 692/773/576 693/774/576 694/775/576
f 692/773/577 695/776/577 696/777/577 693/774/577
f 693/774/578 696/777/578 697/778/578 698/779/578
f 694/775/579 693/774/579 698/779/579 699/780/579
f 623/704/580 700/781/580 701/782/580 624/705/580
f 700/781/581 702/783/581 703/784/581 701/782/581
f 701/782/582 703/784/582 704/785/582 705/786/582
f 624/705/583 701/782/583 705/786/583 579/660/583
f 579/660/584 705/786/584 706/787/584 580/661/584
f 705/786/585 704/785/585 707/788/585 706/787/585
f 706/787/586 707/788/586 708/789/586 709/790/586
f 580/661/587 706/787/587 709/790/587 545/626/587
f 710/791/588 711/792/588 712/793/588 713/794/588
f 714/795/589 715/796/589 712/793/589 711/792/589
f 716/797/590 713/794/590 712/793/590 715/796/590
f 714/795/591 717/798/591 718/799/591 715/796/591
f 719/800/592 720/801/592 718/799/592 717/798/592
f 716/797/593 715/796/593 718/799/593 720/801/593
f 545/626/594 709/790/594 721/802/594 722/803/594
f 709/790/595 708/789/595 723/804/595 721/802/595
f 721/802/596 723/804/596 724/805/596 725/806/596
f 722/803/597 721/802/597 725/806/597 726/807/597
f 437/518/598 435/516/598 727/808/598 728/809/598
f 435/516/599 389/470/599 421/502/599 727/808/599
f 727/808/600 421/502/600 407/488/600 405/486/600
f 728/809/601 727/808/601 405/486/601 402/483/601
f 377/458/602 380/461/602 729/810/602 462/543/602
f 380/461/603 311/392/603 314/395/603 729/810/603
f 729/810/604 314/395/604 301/382/604 300/381/604
f 462/543/605 729/810/605 300/381/605 299/380/605
f 315/396/606 344/425/606 730/811/606 316/397/606
f 344/425/607 342/423/607 629/710/607 730/811/607
f 730/811/608 629/710/608 404/485/608 583/664/608
f 316/397/609 730/811/609 583/664/609 301/382/609
f 726/807/610 725/806/610 731/812/610 732/813/610
f 725/806/611 724/805/611 733/814/611 731/812/611
f 731/812/612 733/814/612 702/783/612 700/781/612
f 732/813/613 731/812/613 700/781/613 623/704/613
f 477/558/614 501/582/614 734/815/614 478/559/614
f 501/582/615 491/572/615 490/571/615 734/815/615
f 734/815/616 490/571/616 485/566/616 484/565/616
f 478/559/617 734/815/617 484/565/617 479/560/617
f 407/488/618 422/503/618 735/816/618 573/654/618
f 422/503/619 387/468/619 410/491/619 735/816/619
f 735/816/620 410/491/620 397/478/620 622/703/620
f 573/654/621 735/816/621 622/703/621 295/376/621
f 736/817/622 737/818/622 738/819/622 739/820/622
f 714/795/623 711/792/623 738/819/623 737/818/623
f 710/791/624 739/820/624 738/819/624 711/792/624
f 562/643/625 561/642/625 740/821/625 741/822/625
f 561/642/626 560/641/626 742/823/626 740/821/626
f 740/821/627 742/823/627 743/824/627 744/825/627
f 741/822/628 740/821/628 744/825/628 745/826/628
f 536/617/629 746/827/629 747/828/629 537/618/629
f 746/827/630 748/829/630 749/830/630 747/828/630
f 747/828/631 749/830/631 750/831/631 751/832/631
f 537/618/632 747/828/632 751/832/632 538/619/632
f 600/681/633 752/833/633 753/834/633 601/682/633
f 752/833/634 541/622/634 544/625/634 753/834/634
f 753/834/635 544/625/635 549/630/635 754/835/635
f 601/682/636 753/834/636 754/835/636 602/683/636
f 755/836/637 756/837/637 757/838/637 758/839/637
f 756/837/638 648/729/638 651/732/638 757/838/638
f 757/838/639 651/732/639 654/735/639 759/840/639
f 758/839/640 757/838/640 759/840/640 760/841/640
f 748/829/641 761/842/641 762/843/641 749/830/641
f 761/842/642 562/643/642 741/822/642 762/843/642
f 762/843/643 741/822/643 745/826/643 763/844/643
f 749/830/644 762/843/644 763/844/644 750/831/644
f 764/845/645 765/846/645 766/847/645 767/848/645
f 765/846/646 596/677/646 599/680/646 766/847/646
f 766/847/647 599/680/647 602/683/647 768/849/647
f 767/848/648 766/847/648 768/849/648 590/671/648
f 596/677/649 765/846/649 769/850/649 770/851/649
f 765/846/650 764/845/650 771/852/650 769/850/650
f 769/850/651 771/852/651 726/807/651 732/813/651
f 770/851/652 769/850/652 732/813/652 623/704/652
f 772/853/653 773/854/653 774/855/653 775/856/653
f 773/854/654 710/791/654 713/794/654 774/855/654
f 774/855/655 713/794/655 716/797/655 776/857/655
f 775/856/656 774/855/656 776/857/656 777/858/656
f 496/577/657 778/859/657 779/860/657 497/578/657
f 778/859/658 469/550/658 594/675/658 779/860/658
f 779/860/659 594/675/659 448/529/659 780/861/659
f 497/578/660 779/860/660 780/861/660 498/579/660
f 492/573/661 495/576/661 781/862/661 782/863/661
f 495/576/662 498/579/662 783/864/662 781/862/662
f 781/862/663 783/864/663 362/443/663 359/440/663
f 782/863/664 781/862/664 359/440/664 358/439/664
f 648/729/665 784/865/665 785/866/665 649/730/665
f 784/865/666 772/853/666 786/867/666 785/866/666
f 785/866/667 786/867/667 787/868/667 788/869/667
f 649/730/668 785/866/668 788/869/668 652/733/668
f 362/443/669 789/870/669 790/871/669 363/444/669
f 789/870/670 444/525/670 447/528/670 790/871/670
f 790/871/671 447/528/671 450/531/671 791/872/671
f 363/444/672 790/871/672 791/872/672 364/445/672
f 586/667/673 589/670/673 792/873/673 793/874/673
f 589/670/674 547/628/674 546/627/674 792/873/674
f 792/873/675 546/627/675 545/626/675 722/803/675
f 793/874/676 792/873/676 722/803/676 726/807/676
f 463/544/677 794/875/677 795/876/677 464/545/677
f 794/875/678 492/573/678 782/863/678 795/876/678
f 795/876/679 782/863/679 358/439/679 796/877/679
f 464/545/680 795/876/680 796/877/680 467/548/680
f 736/817/681 739/820/681 797/878/681 798/879/681
f 739/820/682 710/791/682 799/880/682 797/878/682
f 797/878/683 799/880/683 755/836/683 758/839/683
f 798/879/684 797/878/684 758/839/684 760/841/684
f 538/619/685 751/832/685 800/881/685 801/882/685
f 751/832/686 750/831/686 802/883/686 800/881/686
f 800/881/687 802/883/687 803/884/687 804/885/687
f 801/882/688 800/881/688 804/885/688 805/886/688
f 556/637/689 806/887/689 807/888/689 557/638/689
f 806/887/690 536/617/690 533/614/690 807/888/690
f 807/888/691 533/614/691 532/613/691 808/889/691
f 557/638/692 807/888/692 808/889/692 560/641/692
f 560/641/693 809/890/693 810/891/693 742/823/693
f 809/890/694 805/886/694 804/885/694 810/891/694
f 810/891/695 804/885/695 803/884/695 811/892/695
f 742/823/696 810/891/696 811/892/696 743/824/696
f 812/893/697 813/894/697 814/895/697 815/896/697
f 813/894/698 816/897/698 817/898/698 814/895/698
f 814/895/699 817/898/699 818/899/699 819/900/699
f 815/896/700 814/895/700 819/900/700 820/901/700
f 719/800/701 821/902/701 822/903/701 823/904/701
f 821/902/702 760/841/702 759/840/702 822/903/702
f 822/903/703 759/840/703 654/735/703 824/905/703
f 823/904/704 822/903/704 824/905/704 825/906/704
f 772/853/705 775/856/705 826/907/705 786/867/705
f 775/856/706 777/858/706 827/908/706 826/907/706
f 826/907/707 827/908/707 825/906/707 828/909/707
f 786/867/708 826/907/708 828/909/708 787/868/708
f 829/910/709 830/911/709 831/912/709 832/913/709
f 830/911/710 833/914/710 834/915/710 831/912/710
f 831/912/711 834/915/711 429/510/711 451/532/711
f 832/913/712 831/912/712 451/532/712 415/496/712
f 833/914/713 835/916/713 836/917/713 834/915/713
f 835/916/714 837/918/714 838/919/714 836/917/714
f 836/917/715 838/919/715 423/504/715 430/511/715
f 834/915/716 836/917/716 430/511/716 429/510/716
f 837/918/717 839/920/717 840/921/717 838/919/717
f 839/920/718 841/922/718 842/923/718 840/921/718
f 840/921/719 842/923/719 411/492/719 424/505/719
f 838/919/720 840/921/720 424/505/720 423/504/720
f 841/922/721 843/924/721 844/925/721 842/923/721
f 843/924/722 829/910/722 832/913/722 844/925/722
f 844/925/723 832/913/723 415/496/723 412/493/723
f 842/923/724 844/925/724 412/493/724 411/492/724
f 845/926/725 846/927/725 847/928/725 848/929/725
f 846/927/726 849/930/726 850/931/726 847/928/726
f 847/928/727 850/931/727 833/914/727 830/911/727
f 848/929/728 847/928/728 830/911/728 829/910/728
f 849/930/729 851/932/729 852/933/729 850/931/729
f 851/932/730 853/934/730 854/935/730 852/933/730
f 852/933/731 854/935/731 837/918/731 835/916/731
f 850/931/732 852/933/732 835/916/732 833/914/732
f 853/934/733 855/936/733 856/937/733 854/935/733
f 855/936/734 857/938/734 858/939/734 856/937/734
f 856/937/735 858/939/735 841/922/735 839/920/735
f 854/935/736 856/937/736 839/920/736 837/918/736
f 857/938/737 859/940/737 860/941/737 858/939/737
f 859/940/738 845/926/738 848/929/738 860/941/738
f 860/941/739 848/929/739 829/910/739 843/924/739
f 858/939/740 860/941/740 843/924/740 841/922/740
f 450/531/741 595/676/741 861/942/741 862/943/741
f 595/676/742 467/548/742 863/944/742 861/942/742
f 861/942/743 863/944/743 849/930/743 846/927/743
f 862/943/744 861/942/744 846/927/744 845/926/744
f 467/548/745 796/877/745 864/945/745 863/944/745
f 796/877/746 358/439/746 865/946/746 864/945/746
f 864/945/747 865/946/747 853/934/747 851/932/747
f 863/944/748 864/945/748 851/932/748 849/930/748
f 358/439/749 361/442/749 866/947/749 865/946/749
f 361/442/750 364/445/750 867/948/750 866/947/750
f 866/947/751 867/948/751 857/938/751 855/936/751
f 865/946/752 866/947/752 855/936/752 853/934/752
f 364/445/753 791/872/753 868/949/753 867/948/753
f 791/872/754 450/531/754 862/943/754 868/949/754
f 868/949/755 862/943/755 845/926/755 859/940/755
f 867/948/756 868/949/756 859/940/756 857/938/756
f 869/950/757 870/951/757 871/952/757 872/953/757
f 870/951/758 873/954/758 874/955/758 871/952/758
f 871/952/759 874/955/759 323/404/759 329/410/759
f 872/953/760 871/952/760 329/410/760 306/387/760
f 873/954/761 875/956/761 876/957/761 874/955/761
f 875/956/762 877/958/762 878/959/762 876/957/762
f 876/957/763 878/959/763 317/398/763 324/405/763
f 874/955/764 876/957/764 324/405/764 323/404/764
f 877/958/765 879/960/765 880/961/765 878/959/765
f 879/960/766 881/962/766 882/963/766 880/961/766
f 880/961/767 882/963/767 302/383/767 318/399/767
f 878/959/768 880/961/768 318/399/768 317/398/768
f 881/962/769 883/964/769 884/965/769 882/963/769
f 883/964/770 869/950/770 872/953/770 884/965/770
f 884/965/771 872/953/771 306/387/771 303/384/771
f 882/963/772 884/965/772 303/384/772 302/383/772
f 560/641/773 808/889/773 885/966/773 886/967/773
f 808/889/774 532/613/774 887/968/774 885/966/774
f 885/966/775 887/968/775 873/954/775 870/951/775
f 886/967/776 885/966/776 870/951/776 869/950/776
f 532/613/777 535/616/777 888/969/777 887/968/777
f 535/616/778 538/619/778 889/970/778 888/969/778
f 888/969/779 889/970/779 877/958/779 875/956/779
f 887/968/780 888/969/780 875/956/780 873/954/780
f 538/619/781 801/882/781 890/971/781 889/970/781
f 801/882/782 805/886/782 891/972/782 890/971/782
f 890/971/783 891/972/783 881/962/783 879/960/783
f 889/970/784 890/971/784 879/960/784 877/958/784
f 805/886/785 809/890/785 892/973/785 891/972/785
f 809/890/786 560/641/786 886/967/786 892/973/786
f 892/973/787 886/967/787 869/950/787 883/964/787
f 891/972/788 892/973/788 883/964/788 881/962/788
f 893/974/789 894/975/789 895/976/789 896/977/789
f 894/975/790 897/978/790 898/979/790 895/976/790
f 895/976/791 898/979/791 371/452/791 381/462/791
f 896/977/792 895/976/792 381/462/792 349/430/792
f 897/978/793 899/980/793 900/981/793 898/979/793
f 899/980/794 901/982/794 902/983/794 900/981/794
f 900/981/795 902/983/795 365/446/795 372/453/795
f 898/979/796 900/981/796 372/453/796 371/452/796
f 901/982/797 903/984/797 904/985/797 902/983/797
f 903/984/798 905/986/798 906/987/798 904/985/798
f 904/985/799 906/987/799 345/426/799 366/447/799
f 902/983/800 904/985/800 366/447/800 365/446/800
f 905/986/801 907/988/801 908/989/801 906/987/801
f 907/988/802 893/974/802 896/977/802 908/989/802
f 908/989/803 896/977/803 349/430/803 346/427/803
f 906/987/804 908/989/804 346/427/804 345/426/804
f 549/630/805 548/629/805 909/990/805 910/991/805
f 548/629/806 547/628/806 911/992/806 909/990/806
f 909/990/807 911/992/807 897/978/807 894/975/807
f 910/991/808 909/990/808 894/975/808 893/974/808
f 547/628/809 591/672/809 912/993/809 911/992/809
f 591/672/810 590/671/810 913/994/810 912/993/810
f 912/993/811 913/994/811 901/982/811 899/980/811
f 911/992/812 912/993/812 899/980/812 897/978/812
f 590/671/813 768/849/813 914/995/813 913/994/813
f 768/849/814 602/683/814 915/996/814 914/995/814
f 914/995/815 915/996/815 905/986/815 903/984/815
f 913/994/816 914/995/816 903/984/816 901/982/816
f 602/683/817 754/835/817 916/997/817 915/996/817
f 754/835/818 549/630/818 910/991/818 916/997/818
f 916/997/819 910/991/819 893/974/819 907/988/819
f 915/996/820 916/997/820 907/988/820 905/986/820
f 917/998/821 918/999/821 919/1000/821 920/1001/821
f 918/999/822 921/1002/822 922/1003/822 919/1000/822
f 919/1000/823 922/1003/823 402/483/823 399/480/823
f 920/1001/824 919/1000/824 399/480/824 398/479/824
f 921/1002/825 923/1004/825 924/1005/825 922/1003/825
f 923/1004/826 925/1006/826 926/1007/826 924/1005/826
f 924/1005/827 926/1007/827 437/518/827 728/809/827
f 922/1003/828 924/1005/828 728/809/828 402/483/828
f 925/1006/829 927/1008/829 928/1009/829 926/1007/829
f 927/1008/830 929/1010/830 930/1011/830 928/1009/830
f 928/1009/831 930/1011/831 338/419/831 442/523/831
f 926/1007/832 928/1009/832 442/523/832 437/518/832
f 929/1010/833 931/1012/833 932/1013/833 930/1011/833
f 931/1012/834 917/998/834 920/1001/834 932/1013/834
f 932/1013/835 920/1001/835 398/479/835 627/708/835
f 930/1011/836 932/1013/836 627/708/836 338/419/836
f 772/853/837 784/865/837 933/1014/837 934/1015/837
f 784/865/838 648/729/838 935/1016/838 933/1014/838
f 933/1014/839 935/1016/839 921/1002/839 918/999/839
f 934/1015/840 933/1014/840 918/999/840 917/998/840
f 648/729/841 756/837/841 936/1017/841 935/1016/841
f 756/837/842 755/836/842 937/1018/842 936/1017/842
f 936/1017/843 937/1018/843 925/1006/843 923/1004/843
f 935/1016/844 936/1017/844 923/1004/844 921/1002/844
f 755/836/845 799/880/845 938/1019/845 937/1018/845
f 799/880/846 710/791/846 939/1020/846 938/1019/846
f 938/1019/847 939/1020/847 929/1010/847 927/1008/847
f 937/1018/848 938/1019/848 927/1008/848 925/1006/848
f 710/791/849 773/854/849 940/1021/849 939/1020/849
f 773/854/850 772/853/850 934/1015/850 940/1021/850
f 940/1021/851 934/1015/851 917/998/851 931/1012/851
f 939/1020/852 940/1021/852 931/1012/852 929/1010/852
f 941/1022/853 942/1023/853 943/1024/853 944/1025/853
f 942/1023/854 945/1026/854 946/1027/854 943/1024/854
f 943/1024/855 946/1027/855 714/795/855 737/818/855
f 944/1025/856 943/1024/856 737/818/856 736/817/856
f 945/1026/857 947/1028/857 948/1029/857 946/1027/857
f 947/1028/858 949/1030/858 950/1031/858 948/1029/858
f 948/1029/859 950/1031/859 719/800/859 717/798/859
f 946/1027/860 948/1029/860 717/798/860 714/795/860
f 949/1030/861 951/1032/861 952/1033/861 950/1031/861
f 951/1032/862 953/1034/862 954/1035/862 952/1033/862
f 952/1033/863 954/1035/863 760/841/863 821/902/863
f 950/1031/864 952/1033/864 821/902/864 719/800/864
f 953/1034/865 955/1036/865 956/1037/865 954/1035/865
f 955/1036/866 941/1022/866 944/1025/866 956/1037/866
f 956/1037/867 944/1025/867 736/817/867 798/879/867
f 954/1035/868 956/1037/868 798/879/868 760/841/868
f 957/1038/869 958/1039/869 959/1040/869 960/1041/869
f 958/1039/870 961/1042/870 962/1043/870 959/1040/870
f 959/1040/871 962/1043/871 945/1026/871 942/1023/871
f 960/1041/872 959/1040/872 942/1023/872 941/1022/872
f 961/1042/873 963/1044/873 964/1045/873 962/1043/873
f 963/1044/874 965/1046/874 966/1047/874 964/1045/874
f 964/1045/875 966/1047/875 949/1030/875 947/1028/875
f 962/1043/876 964/1045/876 947/1028/876 945/1026/876
f 965/1046/877 967/1048/877 968/1049/877 966/1047/877
f 967/1048/878 969/1050/878 970/1051/878 968/1049/878
f 968/1049/879 970/1051/879 953/1034/879 951/1032/879
f 966/1047/880 968/1049/880 951/1032/880 949/1030/880
f 969/1050/881 971/1052/881 972/1053/881 970/1051/881
f 971/1052/882 957/1038/882 960/1041/882 972/1053/882
f 972/1053/883 960/1041/883 941/1022/883 955/1036/883
f 970/1051/884 972/1053/884 955/1036/884 953/1034/884
f 973/1054/885 974/1055/885 975/1056/885 976/1057/885
f 974/1055/886 977/1058/886 978/1059/886 975/1056/886
f 975/1056/887 978/1059/887 961/1042/887 958/1039/887
f 976/1057/888 975/1056/888 958/1039/888 957/1038/888
f 977/1058/889 979/1060/889 980/1061/889 978/1059/889
f 979/1060/890 981/1062/890 982/1063/890 980/1061/890
f 980/1061/890 982/1063/890 965/1046/890 963/1044/890
f 978/1059/891 980/1061/891 963/1044/891 961/1042/891
f 981/1062/892 983/1064/892 984/1065/892 982/1063/892
f 983/1064/893 985/1066/893 986/1067/893 984/1065/893
f 984/1065/894 986/1067/894 969/1050/894 967/1048/894
f 982/1063/895 984/1065/895 967/1048/895 965/1046/895
f 985/1066/896 987/1068/896 988/1069/896 986/1067/896
f 987/1068/897 973/1054/897 976/1057/897 988/1069/897
f 988/1069/898 976/1057/898 957/1038/898 971/1052/898
f 986/1067/899 988/1069/899 971/1052/899 969/1050/899
f 820/901/900 819/900/900 989/1070/900 990/1071/900
f 819/900/901 818/899/901 991/1072/901 989/1070/901
f 989/1070/902 991/1072/902 977/1058/902 974/1055/902
f 990/1071/903 989/1070/903 974/1055/903 973/1054/903
f 818/899/904 817/898/904 992/1073/904 991/1072/904
f 817/898/905 816/897/905 993/1074/905 992/1073/905
f 992/1073/906 993/1074/906 981/1062/906 979/1060/906
f 991/1072/907 992/1073/907 979/1060/907 977/1058/907
f 816/897/908 813/894/908 994/1075/908 993/1074/908
f 813/894/909 812/893/909 995/1076/909 994/1075/909
f 994/1075/910 995/1076/910 985/1066/910 983/1064/910
f 993/1074/911 994/1075/911 983/1064/911 981/1062/911
f 812/893/912 815/896/912 996/1077/912 995/1076/912
f 815/896/913 820/901/913 990/1071/913 996/1077/913
f 996/1077/914 990/1071/914 973/1054/914 987/1068/914
f 995/1076/915 996/1077/915 987/1068/915 985/1066/915
f 997/1078/916 998/1079/916 999/1080/916 1000/1081/916
f 998/1079/917 1001/1082/917 1002/1083/917 999/1080/917
f 999/1080/918 1002/1083/918 652/733/918 788/869/918
f 1000/1081/919 999/1080/919 788/869/919 787/868/919
f 1001/1082/920 1003/1084/920 1004/1085/920 1002/1083/920
f 1003/1084/921 1005/1086/921 1006/1087/921 1004/1085/921
f 1004/1085/922 1006/1087/922 654/735/922 653/734/922
f 1002/1083/923 1004/1085/923 653/734/923 652/733/923
f 1005/1086/924 1007/1088/924 1008/1089/924 1006/1087/924
f 1007/1088/925 1009/1090/925 1010/1091/925 1008/1089/925
f 1008/1089/926 1010/1091/926 825/906/926 824/905/926
f 1006/1087/927 1008/1089/927 824/905/927 654/735/927
f 1009/1090/928 1011/1092/928 1012/1093/928 1010/1091/928
f 1011/1092/929 997/1078/929 1000/1081/929 1012/1093/929
f 1012/1093/930 1000/1081/930 787/868/930 828/909/930
f 1010/1091/931 1012/1093/931 828/909/931 825/906/931
f 1013/1094/932 1014/1095/932 1015/1096/932 1016/1097/932
f 1014/1095/933 1017/1098/933 1018/1099/933 1015/1096/933
f 1015/1096/934 1018/1099/934 1001/1082/934 998/1079/934
f 1016/1097/935 1015/1096/935 998/1079/935 997/1078/935
f 1017/1098/936 1019/1100/936 1020/1101/936 1018/1099/936
f 1019/1100/937 1021/1102/937 1022/1103/937 1020/1101/937
f 1020/1101/938 1022/1103/938 1005/1086/938 1003/1084/938
f 1018/1099/939 1020/1101/939 1003/1084/939 1001/1082/939
f 1021/1102/940 1023/1104/940 1024/1105/940 1022/1103/940
f 1023/1104/941 1025/1106/941 1026/1107/941 1024/1105/941
f 1024/1105/942 1026/1107/942 1009/1090/942 1007/1088/942
f 1022/1103/943 1024/1105/943 1007/1088/943 1005/1086/943
f 1025/1106/944 1027/1108/944 1028/1109/944 1026/1107/944
f 1027/1108/945 1013/1094/945 1016/1097/945 1028/1109/945
f 1028/1109/946 1016/1097/946 997/1078/946 1011/1092/946
f 1026/1107/947 1028/1109/947 1011/1092/947 1009/1090/947
f 1029/1110/948 1030/1111/948 1031/1112/948 1032/1113/948
f 1030/1111/949 1033/1114/949 1034/1115/949 1031/1112/949
f 1031/1112/950 1034/1115/950 1017/1098/950 1014/1095/950
f 1032/1113/948 1031/1112/948 1014/1095/948 1013/1094/948
f 1033/1114/951 1035/1116/951 1036/1117/951 1034/1115/951
f 1035/1116/952 1037/1118/952 1038/1119/952 1036/1117/952
f 1036/1117/953 1038/1119/953 1021/1102/953 1019/1100/953
f 1034/1115/954 1036/1117/954 1019/1100/954 1017/1098/954
f 1037/1118/955 1039/1120/955 1040/1121/955 1038/1119/955
f 1039/1120/956 1041/1122/956 1042/1123/956 1040/1121/956
f 1040/1121/957 1042/1123/957 1025/1106/957 1023/1104/957
f 1038/1119/958 1040/1121/958 1023/1104/958 1021/1102/958
f 1041/1122/959 1043/1124/959 1044/1125/959 1042/1123/959
f 1043/1124/960 1029/1110/960 1032/1113/960 1044/1125/960
f 1044/1125/960 1032/1113/960 1013/1094/960 1027/1108/960
f 1042/1123/961 1044/1125/961 1027/1108/961 1025/1106/961
f 1045/1126/948 1046/1127/948 1047/1128/948 1048/1129/948
f 1046/1127/962 1049/1130/962 1050/1131/962 1047/1128/962
f 1047/1128/950 1050/1131/950 1033/1114/950 1030/1111/950
f 1048/1129/948 1047/1128/948 1030/1111/948 1029/1110/948
f 1049/1130/963 1051/1132/963 1052/1133/963 1050/1131/963
f 1051/1132/952 1053/1134/952 1054/1135/952 1052/1133/952
f 1052/1133/953 1054/1135/953 1037/1118/953 1035/1116/953
f 1050/1131/964 1052/1133/964 1035/1116/964 1033/1114/964
f 1053/1134/965 1055/1136/965 1056/1137/965 1054/1135/965
f 1055/1136/957 1057/1138/957 1058/1139/957 1056/1137/957
f 1056/1137/966 1058/1139/966 1041/1122/966 1039/1120/966
f 1054/1135/955 1056/1137/955 1039/1120/955 1037/1118/955
f 1057/1138/959 1059/1140/959 1060/1141/959 1058/1139/959
f 1059/1140/960 1045/1126/960 1048/1129/960 1060/1141/960
f 1060/1141/967 1048/1129/967 1029/1110/967 1043/1124/967
f 1058/1139/959 1060/1141/959 1043/1124/959 1041/1122/959
f 1061/1142/968 1062/1143/968 1063/1144/968 1064/1145/968
f 1062/1143/962 1065/1146/962 1066/1147/962 1063/1144/962
f 1063/1144/950 1066/1147/950 1049/1130/950 1046/1127/950
f 1064/1145/948 1063/1144/948 1046/1127/948 1045/1126/948
f 1065/1146/951 1067/1148/951 1068/1149/951 1066/1147/951
f 1067/1148/969 1069/1150/969 1070/1151/969 1068/1149/969
f 1068/1149/969 1070/1151/969 1053/1134/969 1051/1132/969
f 1066/1147/954 1068/1149/954 1051/1132/954 1049/1130/954
f 1069/1150/970 1071/1152/970 1072/1153/970 1070/1151/970
f 1071/1152/971 1073/1154/971 1074/1155/971 1072/1153/971
f 1072/1153/966 1074/1155/966 1057/1138/966 1055/1136/966
f 1070/1151/955 1072/1153/955 1055/1136/955 1053/1134/955
f 1073/1154/959 1075/1156/959 1076/1157/959 1074/1155/959
f 1075/1156/967 1061/1142/967 1064/1145/967 1076/1157/967
f 1076/1157/960 1064/1145/960 1045/1126/960 1059/1140/960
f 1074/1155/959 1076/1157/959 1059/1140/959 1057/1138/959
f 1077/1158/948 1078/1159/948 1079/1160/948 1080/1161/948
f 1078/1159/972 1081/1162/972 1082/1163/972 1079/1160/972
f 1079/1160/949 1082/1163/949 1065/1146/949 1062/1143/949
f 1080/1161/973 1079/1160/973 1062/1143/973 1061/1142/973
f 1081/1162/963 1083/1164/963 1084/1165/963 1082/1163/963
f 1083/1164/952 1085/1166/952 1086/1167/952 1084/1165/952
f 1084/1165/952 1086/1167/952 1069/1150/952 1067/1148/952
f 1082/1163/974 1084/1165/974 1067/1148/974 1065/1146/974
f 1085/1166/975 1087/1168/975 1088/1169/975 1086/1167/975
f 1087/1168/957 1089/1170/957 1090/1171/957 1088/1169/957
f 1088/1169/966 1090/1171/966 1073/1154/966 1071/1152/966
f 1086/1167/965 1088/1169/965 1071/1152/965 1069/1150/965
f 1089/1170/959 1091/1172/959 1092/1173/959 1090/1171/959
f 1091/1172/960 1077/1158/960 1080/1161/960 1092/1173/960
f 1092/1173/967 1080/1161/967 1061/1142/967 1075/1156/967
f 1090/1171/976 1092/1173/976 1075/1156/976 1073/1154/976
f 699/780/977 698/779/977 1093/1174/977 1094/1175/977
f 698/779/978 697/778/978 1095/1176/978 1093/1174/978
f 1093/1174/979 1095/1176/979 1081/1162/979 1078/1159/979
f 1094/1175/980 1093/1174/980 1078/1159/980 1077/1158/980
f 697/778/981 696/777/981 1096/1177/981 1095/1176/981
f 696/777/982 695/776/982 1097/1178/982 1096/1177/982
f 1096/1177/983 1097/1178/983 1085/1166/983 1083/1164/983
f 1095/1176/984 1096/1177/984 1083/1164/984 1081/1162/984
f 695/776/985 692/773/985 1098/1179/985 1097/1178/985
f 692/773/986 691/772/986 1099/1180/986 1098/1179/986
f 1098/1179/987 1099/1180/987 1089/1170/987 1087/1168/987
f 1097/1178/988 1098/1179/988 1087/1168/988 1085/1166/988
f 691/772/989 694/775/989 1100/1181/989 1099/1180/989
f 694/775/990 699/780/990 1094/1175/990 1100/1181/990
f 1100/1181/991 1094/1175/991 1077/1158/991 1091/1172/991
f 1099/1180/992 1100/1181/992 1091/1172/992 1089/1170/992
f 1101/1182/993 1102/1183/993 1103/1184/993 1104/1185/993
f 1102/1183/994 1105/1186/994 1106/1187/994 1103/1184/994
f 1103/1184/995 1106/1187/995 777/858/995 776/857/995
f 1104/1185/996 1103/1184/996 776/857/996 716/797/996
f 1105/1186/997 1107/1188/997 1108/1189/997 1106/1187/997
f 1107/1188/998 1109/1190/998 1110/1191/998 1108/1189/998
f 1108/1189/999 1110/1191/999 825/906/999 827/908/999
f 1106/1187/1000 1108/1189/1000 827/908/1000 777/858/1000
f 1109/1190/1001 1111/1192/1001 1112/1193/1001 1110/1191/1001
f 1111/1192/1002 1113/1194/1002 1114/1195/1002 1112/1193/1002
f 1112/1193/1003 1114/1195/1003 719/800/1003 823/904/1003
f 1110/1191/1004 1112/1193/1004 823/904/1004 825/906/1004
f 1113/1194/1005 1115/1196/1005 1116/1197/1005 1114/1195/1005
f 1115/1196/1006 1101/1182/1006 1104/1185/1006 1116/1197/1006
f 1116/1197/1007 1104/1185/1007 716/797/1007 720/801/1007
f 1114/1195/1008 1116/1197/1008 720/801/1008 719/800/1008
f 1117/1198/1009 1118/1199/1009 1119/1200/1009 1120/1201/1009
f 1118/1199/1010 1121/1202/1010 1122/1203/1010 1119/1200/1010
f 1119/1200/1011 1122/1203/1011 1105/1186/1011 1102/1183/1011
f 1120/1201/1012 1119/1200/1012 1102/1183/1012 1101/1182/1012
f 1121/1202/1013 1123/1204/1013 1124/1205/1013 1122/1203/1013
f 1123/1204/1014 1125/1206/1014 1126/1207/1014 1124/1205/1014
f 1124/1205/1015 1126/1207/1015 1109/1190/1015 1107/1188/1015
f 1122/1203/1016 1124/1205/1016 1107/1188/1016 1105/1186/1016
f 1125/1206/1017 1127/1208/1017 1128/1209/1017 1126/1207/1017
f 1127/1208/1018 1129/1210/1018 1130/1211/1018 1128/1209/1018
f 1128/1209/1019 1130/1211/1019 1113/1194/1019 1111/1192/1019
f 1126/1207/1020 1128/1209/1020 1111/1192/1020 1109/1190/1020
f 1129/1210/1021 1131/1212/1021 1132/1213/1021 1130/1211/1021
f 1131/1212/1022 1117/1198/1022 1120/1201/1022 1132/1213/1022
f 1132/1213/1023 1120/1201/1023 1101/1182/1023 1115/1196/1023
f 1130/1211/1024 1132/1213/1024 1115/1196/1024 1113/1194/1024
f 1133/1214/1025 1134/1215/1025 1135/1216/1025 1136/1217/1025
f 1134/1215/1026 1137/1218/1026 1138/1219/1026 1135/1216/1026
f 1135/1216/1026 1138/1219/1026 1121/1202/1026 1118/1199/1026
f 1136/1217/1025 1135/1216/1025 1118/1199/1025 1117/1198/1025
f 1137/1218/1027 1139/1220/1027 1140/1221/1027 1138/1219/1027
f 1139/1220/1028 1141/1222/1028 1142/1223/1028 1140/1221/1028
f 1140/1221/1029 1142/1223/1029 1125/1206/1029 1123/1204/1029
f 1138/1219/1030 1140/1221/1030 1123/1204/1030 1121/1202/1030
f 1141/1222/1031 1143/1224/1031 1144/1225/1031 1142/1223/1031
f 1143/1224/1032 1145/1226/1032 1146/1227/1032 1144/1225/1032
f 1144/1225/1032 1146/1227/1032 1129/1210/1032 1127/1208/1032
f 1142/1223/1033 1144/1225/1033 1127/1208/1033 1125/1206/1033
f 1145/1226/1034 1147/1228/1034 1148/1229/1034 1146/1227/1034
f 1147/1228/1035 1133/1214/1035 1136/1217/1035 1148/1229/1035
f 1148/1229/1036 1136/1217/1036 1117/1198/1036 1131/1212/1036
f 1146/1227/1034 1148/1229/1034 1131/1212/1034 1129/1210/1034
f 1149/1230/1037 1150/1231/1037 1151/1232/1037 1152/1233/1037
f 1150/1231/1038 1153/1234/1038 1154/1235/1038 1151/1232/1038
f 1151/1232/1039 1154/1235/1039 1137/1218/1039 1134/1215/1039
f 1152/1233/1025 1151/1232/1025 1134/1215/1025 1133/1214/1025
f 1153/1234/1040 1155/1236/1040 1156/1237/1040 1154/1235/1040
f 1155/1236/1041 1157/1238/1041 1158/1239/1041 1156/1237/1041
f 1156/1237/1028 1158/1239/1028 1141/1222/1028 1139/1220/1028
f 1154/1235/1042 1156/1237/1042 1139/1220/1042 1137/1218/1042
f 1157/1238/1043 1159/1240/1043 1160/1241/1043 1158/1239/1043
f 1159/1240/1044 1161/1242/1044 1162/1243/1044 1160/1241/1044
f 1160/1241/1044 1162/1243/1044 1145/1226/1044 1143/1224/1044
f 1158/1239/1045 1160/1241/1045 1143/1224/1045 1141/1222/1045
f 1161/1242/1046 1163/1244/1046 1164/1245/1046 1162/1243/1046
f 1163/1244/1047 1149/1230/1047 1152/1233/1047 1164/1245/1047
f 1164/1245/1047 1152/1233/1047 1133/1214/1047 1147/1228/1047
f 1162/1243/1048 1164/1245/1048 1147/1228/1048 1145/1226/1048
f 1165/1246/1025 1166/1247/1025 1167/1248/1025 1168/1249/1025
f 1166/1247/1038 1169/1250/1038 1170/1251/1038 1167/1248/1038
f 1167/1248/1049 1170/1251/1049 1153/1234/1049 1150/1231/1049
f 1168/1249/1025 1167/1248/1025 1150/1231/1025 1149/1230/1025
f 1169/1250/1050 1171/1252/1050 1172/1253/1050 1170/1251/1050
f 1171/1252/1051 1173/1254/1051 1174/1255/1051 1172/1253/1051
f 1172/1253/1051 1174/1255/1051 1157/1238/1051 1155/1236/1051
f 1170/1251/1027 1172/1253/1027 1155/1236/1027 1153/1234/1027
f 1173/1254/1045 1175/1256/1045 1176/1257/1045 1174/1255/1045
f 1175/1256/1052 1177/1258/1052 1178/1259/1052 1176/1257/1052
f 1176/1257/1032 1178/1259/1032 1161/1242/1032 1159/1240/1032
f 1174/1255/1043 1176/1257/1043 1159/1240/1043 1157/1238/1043
f 1177/1258/1053 1179/1260/1053 1180/1261/1053 1178/1259/1053
f 1179/1260/1047 1165/1246/1047 1168/1249/1047 1180/1261/1047
f 1180/1261/1047 1168/1249/1047 1149/1230/1047 1163/1244/1047
f 1178/1259/1034 1180/1261/1034 1163/1244/1034 1161/1242/1034
f 1181/1262/1037 1182/1263/1037 1183/1264/1037 1184/1265/1037
f 1182/1263/1039 1185/1266/1039 1186/1267/1039 1183/1264/1039
f 1183/1264/1039 1186/1267/1039 1169/1250/1039 1166/1247/1039
f 1184/1265/1054 1183/1264/1054 1166/1247/1054 1165/1246/1054
f 1185/1266/1027 1187/1268/1027 1188/1269/1027 1186/1267/1027
f 1187/1268/1055 1189/1270/1055 1190/1271/1055 1188/1269/1055
f 1188/1269/1055 1190/1271/1055 1173/1254/1055 1171/1252/1055
f 1186/1267/1056 1188/1269/1056 1171/1252/1056 1169/1250/1056
f 1189/1270/1045 1191/1272/1045 1192/1273/1045 1190/1271/1045
f 1191/1272/1052 1193/1274/1052 1194/1275/1052 1192/1273/1052
f 1192/1273/1044 1194/1275/1044 1177/1258/1044 1175/1256/1044
f 1190/1271/1045 1192/1273/1045 1175/1256/1045 1173/1254/1045
f 1193/1274/1057 1195/1276/1057 1196/1277/1057 1194/1275/1057
f 1195/1276/1047 1181/1262/1047 1184/1265/1047 1196/1277/1047
f 1196/1277/1035 1184/1265/1035 1165/1246/1035 1179/1260/1035
f 1194/1275/1058 1196/1277/1058 1179/1260/1058 1177/1258/1058
f 690/771/1059 689/770/1059 1197/1278/1059 1198/1279/1059
f 689/770/1060 688/769/1060 1199/1280/1060 1197/1278/1060
f 1197/1278/1061 1199/1280/1061 1185/1266/1061 1182/1263/1061
f 1198/1279/1062 1197/1278/1062 1182/1263/1062 1181/1262/1062
f 688/769/1063 687/768/1063 1200/1281/1063 1199/1280/1063
f 687/768/1064 686/767/1064 1201/1282/1064 1200/1281/1064
f 1200/1281/1065 1201/1282/1065 1189/1270/1065 1187/1268/1065
f 1199/1280/1066 1200/1281/1066 1187/1268/1066 1185/1266/1066
f 686/767/1067 683/764/1067 1202/1283/1067 1201/1282/1067
f 683/764/1068 682/763/1068 1203/1284/1068 1202/1283/1068
f 1202/1283/1069 1203/1284/1069 1193/1274/1069 1191/1272/1069
f 1201/1282/1070 1202/1283/1070 1191/1272/1070 1189/1270/1070
f 682/763/1071 685/766/1071 1204/1285/1071 1203/1284/1071
f 685/766/1072 690/771/1072 1198/1279/1072 1204/1285/1072
f 1204/1285/1073 1198/1279/1073 1181/1262/1073 1195/1276/1073
f 1203/1284/1074 1204/1285/1074 1195/1276/1074 1193/1274/1074
f 1205/1286/1075 1206/1287/1075 1207/1288/1075 1208/1289/1075
f 1206/1287/1076 1209/1290/1076 1210/1291/1076 1207/1288/1076
f 1207/1288/1077 1210/1291/1077 743/824/1077 811/892/1077
f 1208/1289/1078 1207/1288/1078 811/892/1078 803/884/1078
f 1209/1290/1079 1211/1292/1079 1212/1293/1079 1210/1291/1079
f 1211/1292/1080 1213/1294/1080 1214/1295/1080 1212/1293/1080
f 1212/1293/1081 1214/1295/1081 745/826/1081 744/825/1081
f 1210/1291/1082 1212/1293/1082 744/825/1082 743/824/1082
f 1213/1294/1083 1215/1296/1083 1216/1297/1083 1214/1295/1083
f 1215/1296/1084 1217/1298/1084 1218/1299/1084 1216/1297/1084
f 1216/1297/1085 1218/1299/1085 750/831/1085 763/844/1085
f 1214/1295/1086 1216/1297/1086 763/844/1086 745/826/1086
f 1217/1298/1087 1219/1300/1087 1220/1301/1087 1218/1299/1087
f 1219/1300/1088 1205/1286/1088 1208/1289/1088 1220/1301/1088
f 1220/1301/1089 1208/1289/1089 803/884/1089 802/883/1089
f 1218/1299/1090 1220/1301/1090 802/883/1090 750/831/1090
f 1221/1302/1091 1222/1303/1091 1223/1304/1091 1224/1305/1091
f 1222/1303/1092 1225/1306/1092 1226/1307/1092 1223/1304/1092
f 1223/1304/1093 1226/1307/1093 1209/1290/1093 1206/1287/1093
f 1224/1305/1094 1223/1304/1094 1206/1287/1094 1205/1286/1094
f 1225/1306/1095 1227/1308/1095 1228/1309/1095 1226/1307/1095
f 1227/1308/1096 1229/1310/1096 1230/1311/1096 1228/1309/1096
f 1228/1309/1096 1230/1311/1096 1213/1294/1096 1211/1292/1096
f 1226/1307/1097 1228/1309/1097 1211/1292/1097 1209/1290/1097
f 1229/1310/1098 1231/1312/1098 1232/1313/1098 1230/1311/1098
f 1231/1312/1099 1233/1314/1099 1234/1315/1099 1232/1313/1099
f 1232/1313/1099 1234/1315/1099 1217/1298/1099 1215/1296/1099
f 1230/1311/1100 1232/1313/1100 1215/1296/1100 1213/1294/1100
f 1233/1314/1101 1235/1316/1101 1236/1317/1101 1234/1315/1101
f 1235/1316/1102 1221/1302/1102 1224/1305/1102 1236/1317/1102
f 1236/1317/1103 1224/1305/1103 1205/1286/1103 1219/1300/1103
f 1234/1315/1104 1236/1317/1104 1219/1300/1104 1217/1298/1104
f 1237/1318/1091 1238/1319/1091 1239/1320/1091 1240/1321/1091
f 1238/1319/1093 1241/1322/1093 1242/1323/1093 1239/1320/1093
f 1239/1320/1105 1242/1323/1105 1225/1306/1105 1222/1303/1105
f 1240/1321/1106 1239/1320/1106 1222/1303/1106 1221/1302/1106
f 1241/1322/1107 1243/1324/1107 1244/1325/1107 1242/1323/1107
f 1243/1324/1108 1245/1326/1108 1246/1327/1108 1244/1325/1108
f 1244/1325/1109 1246/1327/1109 1229/1310/1109 1227/1308/1109
f 1242/1323/1097 1244/1325/1097 1227/1308/1097 1225/1306/1097
f 1245/1326/1098 1247/1328/1098 1248/1329/1098 1246/1327/1098
f 1247/1328/1110 1249/1330/1110 1250/1331/1110 1248/1329/1110
f 1248/1329/1099 1250/1331/1099 1233/1314/1099 1231/1312/1099
f 1246/1327/1111 1248/1329/1111 1231/1312/1111 1229/1310/1111
f 1249/1330/1112 1251/1332/1112 1252/1333/1112 1250/1331/1112
f 1251/1332/1103 1237/1318/1103 1240/1321/1103 1252/1333/1103
f 1252/1333/1113 1240/1321/1113 1221/1302/1113 1235/1316/1113
f 1250/1331/1114 1252/1333/1114 1235/1316/1114 1233/1314/1114
f 1253/1334/1115 1254/1335/1115 1255/1336/1115 1256/1337/1115
f 1254/1335/1092 1257/1338/1092 1258/1339/1092 1255/1336/1092
f 1255/1336/1093 1258/1339/1093 1241/1322/1093 1238/1319/1093
f 1256/1337/1116 1255/1336/1116 1238/1319/1116 1237/1318/1116
f 1257/1338/1117 1259/1340/1117 1260/1341/1117 1258/1339/1117
f 1259/1340/1118 1261/1342/1118 1262/1343/1118 1260/1341/1118
f 1260/1341/1119 1262/1343/1119 1245/1326/1119 1243/1324/1119
f 1258/1339/1097 1260/1341/1097 1243/1324/1097 1241/1322/1097
f 1261/1342/1100 1263/1344/1100 1264/1345/1100 1262/1343/1100
f 1263/1344/1120 1265/1346/1120 1266/1347/1120 1264/1345/1120
f 1264/1345/1121 1266/1347/1121 1249/1330/1121 1247/1328/1121
f 1262/1343/1100 1264/1345/1100 1247/1328/1100 1245/1326/1100
f 1265/1346/1122 1267/1348/1122 1268/1349/1122 1266/1347/1122
f 1267/1348/1123 1253/1334/1123 1256/1337/1123 1268/1349/1123
f 1268/1349/1124 1256/1337/1124 1237/1318/1124 1251/1332/1124
f 1266/1347/1125 1268/1349/1125 1251/1332/1125 1249/1330/1125
f 681/762/1126 680/761/1126 1269/1350/1126 1270/1351/1126
f 680/761/1127 679/760/1127 1271/1352/1127 1269/1350/1127
f 1269/1350/1128 1271/1352/1128 1257/1338/1128 1254/1335/1128
f 1270/1351/1129 1269/1350/1129 1254/1335/1129 1253/1334/1129
f 679/760/1130 678/759/1130 1272/1353/1130 1271/1352/1130
f 678/759/1131 677/758/1131 1273/1354/1131 1272/1353/1131
f 1272/1353/1132 1273/1354/1132 1261/1342/1132 1259/1340/1132
f 1271/1352/1133 1272/1353/1133 1259/1340/1133 1257/1338/1133
f 677/758/1134 674/755/1134 1274/1355/1134 1273/1354/1134
f 674/755/1135 673/754/1135 1275/1356/1135 1274/1355/1135
f 1274/1355/1136 1275/1356/1136 1265/1346/1136 1263/1344/1136
f 1273/1354/1137 1274/1355/1137 1263/1344/1137 1261/1342/1137
f 673/754/1138 676/757/1138 1276/1357/1138 1275/1356/1138
f 676/757/1139 681/762/1139 1270/1351/1139 1276/1357/1139
f 1276/1357/1140 1270/1351/1140 1253/1334/1140 1267/1348/1140
f 1275/1356/1141 1276/1357/1141 1267/1348/1141 1265/1346/1141
f 1277/1358/1142 1278/1359/1142 1279/1360/1142 1280/1361/1142
f 1278/1359/1143 1281/1362/1143 1282/1363/1143 1279/1360/1143
f 1279/1360/1144 1282/1363/1144 536/617/1144 806/887/1144
f 1280/1361/1145 1279/1360/1145 806/887/1145 556/637/1145
f 1281/1362/1146 1283/1364/1146 1284/1365/1146 1282/1363/1146
f 1283/1364/1147 1285/1366/1147 1286/1367/1147 1284/1365/1147
f 1284/1365/1148 1286/1367/1148 748/829/1148 746/827/1148
f 1282/1363/1149 1284/1365/1149 746/827/1149 536/617/1149
f 1285/1366/1150 1287/1368/1150 1288/1369/1150 1286/1367/1150
f 1287/1368/1151 1289/1370/1151 1290/1371/1151 1288/1369/1151
f 1288/1369/1152 1290/1371/1152 562/643/1152 761/842/1152
f 1286/1367/1153 1288/1369/1153 761/842/1153 748/829/1153
f 1289/1370/1154 1291/1372/1154 1292/1373/1154 1290/1371/1154
f 1291/1372/1155 1277/1358/1155 1280/1361/1155 1292/1373/1155
f 1292/1373/1156 1280/1361/1156 556/637/1156 559/640/1156
f 1290/1371/1157 1292/1373/1157 559/640/1157 562/643/1157
f 1293/1374/1158 1294/1375/1158 1295/1376/1158 1296/1377/1158
f 1294/1375/1159 1297/1378/1159 1298/1379/1159 1295/1376/1159
f 1295/1376/1160 1298/1379/1160 1281/1362/1160 1278/1359/1160
f 1296/1377/1161 1295/1376/1161 1278/1359/1161 1277/1358/1161
f 1297/1378/1162 1299/1380/1162 1300/1381/1162 1298/1379/1162
f 1299/1380/1163 1301/1382/1163 1302/1383/1163 1300/1381/1163
f 1300/1381/1164 1302/1383/1164 1285/1366/1164 1283/1364/1164
f 1298/1379/1165 1300/1381/1165 1283/1364/1165 1281/1362/1165
f 1301/1382/1166 1303/1384/1166 1304/1385/1166 1302/1383/1166
f 1303/1384/1167 1305/1386/1167 1306/1387/1167 1304/1385/1167
f 1304/1385/1168 1306/1387/1168 1289/1370/1168 1287/1368/1168
f 1302/1383/1169 1304/1385/1169 1287/1368/1169 1285/1366/1169
f 1305/1386/1170 1307/1388/1170 1308/1389/1170 1306/1387/1170
f 1307/1388/1171 1293/1374/1171 1296/1377/1171 1308/1389/1171
f 1308/1389/1172 1296/1377/1172 1277/1358/1172 1291/1372/1172
f 1306/1387/1173 1308/1389/1173 1291/1372/1173 1289/1370/1173
f 1309/1390/1174 1310/1391/1174 1311/1392/1174 1312/1393/1174
f 1310/1391/1175 1313/1394/1175 1314/1395/1175 1311/1392/1175
f 1311/1392/1176 1314/1395/1176 1297/1378/1176 1294/1375/1176
f 1312/1393/1177 1311/1392/1177 1294/1375/1177 1293/1374/1177
f 1313/1394/1178 1315/1396/1178 1316/1397/1178 1314/1395/1178
f 1315/1396/1179 1317/1398/1179 1318/1399/1179 1316/1397/1179
f 1316/1397/1180 1318/1399/1180 1301/1382/1180 1299/1380/1180
f 1314/1395/1181 1316/1397/1181 1299/1380/1181 1297/1378/1181
f 1317/1398/1182 1319/1400/1182 1320/1401/1182 1318/1399/1182
f 1319/1400/1183 1321/1402/1183 1322/1403/1183 1320/1401/1183
f 1320/1401/1184 1322/1403/1184 1305/1386/1184 1303/1384/1184
f 1318/1399/1185 1320/1401/1185 1303/1384/1185 1301/1382/1185
f 1321/1402/1186 1323/1404/1186 1324/1405/1186 1322/1403/1186
f 1323/1404/1187 1309/1390/1187 1312/1393/1187 1324/1405/1187
f 1324/1405/1188 1312/1393/1188 1293/1374/1188 1307/1388/1188
f 1322/1403/1189 1324/1405/1189 1307/1388/1189 1305/1386/1189
f 1325/1406/1190 1326/1407/1190 1327/1408/1190 1328/1409/1190
f 1326/1407/1191 1329/1410/1191 1330/1411/1191 1327/1408/1191
f 1327/1408/1192 1330/1411/1192 1313/1394/1192 1310/1391/1192
f 1328/1409/1193 1327/1408/1193 1310/1391/1193 1309/1390/1193
f 1329/1410/1194 1331/1412/1194 1332/1413/1194 1330/1411/1194
f 1331/1412/1195 1333/1414/1195 1334/1415/1195 1332/1413/1195
f 1332/1413/1196 1334/1415/1196 1317/1398/1196 1315/1396/1196
f 1330/1411/1197 1332/1413/1197 1315/1396/1197 1313/1394/1197
f 1333/1414/1198 1335/1416/1198 1336/1417/1198 1334/1415/1198
f 1335/1416/1199 1337/1418/1199 1338/1419/1199 1336/1417/1199
f 1336/1417/1200 1338/1419/1200 1321/1402/1200 1319/1400/1200
f 1334/1415/1201 1336/1417/1201 1319/1400/1201 1317/1398/1201
f 1337/1418/1202 1339/1420/1202 1340/1421/1202 1338/1419/1202
f 1339/1420/1203 1325/1406/1203 1328/1409/1203 1340/1421/1203
f 1340/1421/1204 1328/1409/1204 1309/1390/1204 1323/1404/1204
f 1338/1419/1205 1340/1421/1205 1323/1404/1205 1321/1402/1205
f 1341/1422/1206 1342/1423/1206 1343/1424/1206 1344/1425/1206
f 1342/1423/1207 1345/1426/1207 1346/1427/1207 1343/1424/1207
f 1343/1424/1208 1346/1427/1208 1329/1410/1208 1326/1407/1208
f 1344/1425/1209 1343/1424/1209 1326/1407/1209 1325/1406/1209
f 1345/1426/1210 1347/1428/1210 1348/1429/1210 1346/1427/1210
f 1347/1428/1211 1349/1430/1211 1350/1431/1211 1348/1429/1211
f 1348/1429/1212 1350/1431/1212 1333/1414/1212 1331/1412/1212
f 1346/1427/1213 1348/1429/1213 1331/1412/1213 1329/1410/1213
f 1349/1430/1214 1351/1432/1214 1352/1433/1214 1350/1431/1214
f 1351/1432/1215 1353/1434/1215 1354/1435/1215 1352/1433/1215
f 1352/1433/1216 1354/1435/1216 1337/1418/1216 1335/1416/1216
f 1350/1431/1217 1352/1433/1217 1335/1416/1217 1333/1414/1217
f 1353/1434/1218 1355/1436/1218 1356/1437/1218 1354/1435/1218
f 1355/1436/1219 1341/1422/1219 1344/1425/1219 1356/1437/1219
f 1356/1437/1220 1344/1425/1220 1325/1406/1220 1339/1420/1220
f 1354/1435/1221 1356/1437/1221 1339/1420/1221 1337/1418/1221
f 1357/1438/1222 1358/1439/1222 1359/1440/1222 1360/1441/1222
f 1358/1439/1223 1361/1442/1223 1362/1443/1223 1359/1440/1223
f 1359/1440/1224 1362/1443/1224 1345/1426/1224 1342/1423/1224
f 1360/1441/1225 1359/1440/1225 1342/1423/1225 1341/1422/1225
f 1361/1442/1226 1363/1444/1226 1364/1445/1226 1362/1443/1226
f 1363/1444/1227 1365/1446/1227 1366/1447/1227 1364/1445/1227
f 1364/1445/1227 1366/1447/1227 1349/1430/1227 1347/1428/1227
f 1362/1443/1228 1364/1445/1228 1347/1428/1228 1345/1426/1228
f 1365/1446/1229 1367/1448/1229 1368/1449/1229 1366/1447/1229
f 1367/1448/1230 1369/1450/1230 1370/1451/1230 1368/1449/1230
f 1368/1449/1231 1370/1451/1231 1353/1434/1231 1351/1432/1231
f 1366/1447/1232 1368/1449/1232 1351/1432/1232 1349/1430/1232
f 1369/1450/1233 1371/1452/1233 1372/1453/1233 1370/1451/1233
f 1371/1452/1234 1357/1438/1234 1360/1441/1234 1372/1453/1234
f 1372/1453/1235 1360/1441/1235 1341/1422/1235 1355/1436/1235
f 1370/1451/1236 1372/1453/1236 1355/1436/1236 1353/1434/1236
f 672/753/1237 671/752/1237 1373/1454/1237 1374/1455/1237
f 671/752/1238 670/751/1238 1375/1456/1238 1373/1454/1238
f 1373/1454/1239 1375/1456/1239 1361/1442/1239 1358/1439/1239
f 1374/1455/1240 1373/1454/1240 1358/1439/1240 1357/1438/1240
f 670/751/1241 669/750/1241 1376/1457/1241 1375/1456/1241
f 669/750/1242 668/749/1242 1377/1458/1242 1376/1457/1242
f 1376/1457/1243 1377/1458/1243 1365/1446/1243 1363/1444/1243
f 1375/1456/1244 1376/1457/1244 1363/1444/1244 1361/1442/1244
f 668/749/1245 665/746/1245 1378/1459/1245 1377/1458/1245
f 665/746/1246 664/745/1246 1379/1460/1246 1378/1459/1246
f 1378/1459/1247 1379/1460/1247 1369/1450/1247 1367/1448/1247
f 1377/1458/1248 1378/1459/1248 1367/1448/1248 1365/1446/1248
f 664/745/1249 667/748/1249 1380/1461/1249 1379/1460/1249
f 667/748/1250 672/753/1250 1374/1455/1250 1380/1461/1250
f 1380/1461/1251 1374/1455/1251 1357/1438/1251 1371/1452/1251
f 1379/1460/1252 1380/1461/1252 1371/1452/1252 1369/1450/1252
f 1381/1462/1253 1382/1463/1253 1383/1464/1253 1384/1465/1253
f 1382/1463/1254 1385/1466/1254 1386/1467/1254 1383/1464/1254
f 1383/1464/1255 1386/1467/1255 492/573/1255 794/875/1255
f 1384/1465/1256 1383/1464/1256 794/875/1256 463/544/1256
f 1385/1466/1257 1387/1468/1257 1388/1469/1257 1386/1467/1257
f 1387/1468/1258 1389/1470/1258 1390/1471/1258 1388/1469/1258
f 1388/1469/1259 1390/1471/1259 496/577/1259 493/574/1259
f 1386/1467/1260 1388/1469/1260 493/574/1260 492/573/1260
f 1389/1470/1261 1391/1472/1261 1392/1473/1261 1390/1471/1261
f 1391/1472/1262 1393/1474/1262 1394/1475/1262 1392/1473/1262
f 1392/1473/1263 1394/1475/1263 469/550/1263 778/859/1263
f 1390/1471/1264 1392/1473/1264 778/859/1264 496/577/1264
f 1393/1474/1265 1395/1476/1265 1396/1477/1265 1394/1475/1265
f 1395/1476/1266 1381/1462/1266 1384/1465/1266 1396/1477/1266
f 1396/1477/1267 1384/1465/1267 463/544/1267 466/547/1267
f 1394/1475/1268 1396/1477/1268 466/547/1268 469/550/1268
f 1397/1478/1269 1398/1479/1269 1399/1480/1269 1400/1481/1269
f 1398/1479/1270 1401/1482/1270 1402/1483/1270 1399/1480/1270
f 1399/1480/1271 1402/1483/1271 1385/1466/1271 1382/1463/1271
f 1400/1481/1272 1399/1480/1272 1382/1463/1272 1381/1462/1272
f 1401/1482/1273 1403/1484/1273 1404/1485/1273 1402/1483/1273
f 1403/1484/1274 1405/1486/1274 1406/1487/1274 1404/1485/1274
f 1404/1485/1275 1406/1487/1275 1389/1470/1275 1387/1468/1275
f 1402/1483/1276 1404/1485/1276 1387/1468/1276 1385/1466/1276
f 1405/1486/1277 1407/1488/1277 1408/1489/1277 1406/1487/1277
f 1407/1488/1278 1409/1490/1278 1410/1491/1278 1408/1489/1278
f 1408/1489/1279 1410/1491/1279 1393/1474/1279 1391/1472/1279
f 1406/1487/1280 1408/1489/1280 1391/1472/1280 1389/1470/1280
f 1409/1490/1281 1411/1492/1281 1412/1493/1281 1410/1491/1281
f 1411/1492/1282 1397/1478/1282 1400/1481/1282 1412/1493/1282
f 1412/1493/1283 1400/1481/1283 1381/1462/1283 1395/1476/1283
f 1410/1491/1284 1412/1493/1284 1395/1476/1284 1393/1474/1284
f 1413/1494/1285 1414/1495/1285 1415/1496/1285 1416/1497/1285
f 1414/1495/1286 1417/1498/1286 1418/1499/1286 1415/1496/1286
f 1415/1496/1287 1418/1499/1287 1401/1482/1287 1398/1479/1287
f 1416/1497/1288 1415/1496/1288 1398/1479/1288 1397/1478/1288
f 1417/1498/1289 1419/1500/1289 1420/1501/1289 1418/1499/1289
f 1419/1500/1290 1421/1502/1290 1422/1503/1290 1420/1501/1290
f 1420/1501/1291 1422/1503/1291 1405/1486/1291 1403/1484/1291
f 1418/1499/1292 1420/1501/1292 1403/1484/1292 1401/1482/1292
f 1421/1502/1293 1423/1504/1293 1424/1505/1293 1422/1503/1293
f 1423/1504/1294 1425/1506/1294 1426/1507/1294 1424/1505/1294
f 1424/1505/1295 1426/1507/1295 1409/1490/1295 1407/1488/1295
f 1422/1503/1296 1424/1505/1296 1407/1488/1296 1405/1486/1296
f 1425/1506/1297 1427/1508/1297 1428/1509/1297 1426/1507/1297
f 1427/1508/1298 1413/1494/1298 1416/1497/1298 1428/1509/1298
f 1428/1509/1299 1416/1497/1299 1397/1478/1299 1411/1492/1299
f 1426/1507/1300 1428/1509/1300 1411/1492/1300 1409/1490/1300
f 1429/1510/1301 1430/1511/1301 1431/1512/1301 1432/1513/1301
f 1430/1511/1302 1433/1514/1302 1434/1515/1302 1431/1512/1302
f 1431/1512/1303 1434/1515/1303 444/525/1303 789/870/1303
f 1432/1513/1304 1431/1512/1304 789/870/1304 362/443/1304
f 1433/1514/1305 1435/1516/1305 1436/1517/1305 1434/1515/1305
f 1435/1516/1306 1437/1518/1306 1438/1519/1306 1436/1517/1306
f 1436/1517/1307 1438/1519/1307 448/529/1307 445/526/1307
f 1434/1515/1308 1436/1517/1308 445/526/1308 444/525/1308
f 1437/1518/1309 1439/1520/1309 1440/1521/1309 1438/1519/1309
f 1439/1520/1310 1441/1522/1310 1442/1523/1310 1440/1521/1310
f 1440/1521/1311 1442/1523/1311 498/579/1311 780/861/1311
f 1438/1519/1312 1440/1521/1312 780/861/1312 448/529/1312
f 1441/1522/1313 1443/1524/1313 1444/1525/1313 1442/1523/1313
f 1443/1524/1314 1429/1510/1314 1432/1513/1314 1444/1525/1314
f 1444/1525/1315 1432/1513/1315 362/443/1315 783/864/1315
f 1442/1523/1316 1444/1525/1316 783/864/1316 498/579/1316
f 1445/1526/1317 1446/1527/1317 1447/1528/1317 1448/1529/1317
f 1446/1527/1318 1449/1530/1318 1450/1531/1318 1447/1528/1318
f 1447/1528/1319 1450/1531/1319 1433/1514/1319 1430/1511/1319
f 1448/1529/1320 1447/1528/1320 1430/1511/1320 1429/1510/1320
f 1449/1530/1321 1451/1532/1321 1452/1533/1321 1450/1531/1321
f 1451/1532/1322 1453/1534/1322 1454/1535/1322 1452/1533/1322
f 1452/1533/1323 1454/1535/1323 1437/1518/1323 1435/1516/1323
f 1450/1531/1324 1452/1533/1324 1435/1516/1324 1433/1514/1324
f 1453/1534/1325 1455/1536/1325 1456/1537/1325 1454/1535/1325
f 1455/1536/1326 1457/1538/1326 1458/1539/1326 1456/1537/1326
f 1456/1537/1327 1458/1539/1327 1441/1522/1327 1439/1520/1327
f 1454/1535/1328 1456/1537/1328 1439/1520/1328 1437/1518/1328
f 1457/1538/1329 1459/1540/1329 1460/1541/1329 1458/1539/1329
f 1459/1540/1330 1445/1526/1330 1448/1529/1330 1460/1541/1330
f 1460/1541/1331 1448/1529/1331 1429/1510/1331 1443/1524/1331
f 1458/1539/1332 1460/1541/1332 1443/1524/1332 1441/1522/1332
f 1461/1542/1333 1462/1543/1333 1463/1544/1333 1464/1545/1333
f 1462/1543/1334 1465/1546/1334 1466/1547/1334 1463/1544/1334
f 1463/1544/1335 1466/1547/1335 1449/1530/1335 1446/1527/1335
f 1464/1545/1336 1463/1544/1336 1446/1527/1336 1445/1526/1336
f 1465/1546/1337 1467/1548/1337 1468/1549/1337 1466/1547/1337
f 1467/1548/1338 1469/1550/1338 1470/1551/1338 1468/1549/1338
f 1468/1549/1339 1470/1551/1339 1453/1534/1339 1451/1532/1339
f 1466/1547/1340 1468/1549/1340 1451/1532/1340 1449/1530/1340
f 1469/1550/1341 1471/1552/1341 1472/1553/1341 1470/1551/1341
f 1471/1552/1342 1473/1554/1342 1474/1555/1342 1472/1553/1342
f 1472/1553/1343 1474/1555/1343 1457/1538/1343 1455/1536/1343
f 1470/1551/1344 1472/1553/1344 1455/1536/1344 1453/1534/1344
f 1473/1554/1345 1475/1556/1345 1476/1557/1345 1474/1555/1345
f 1475/1556/1346 1461/1542/1346 1464/1545/1346 1476/1557/1346
f 1476/1557/1347 1464/1545/1347 1445/1526/1347 1459/1540/1347
f 1474/1555/1348 1476/1557/1348 1459/1540/1348 1457/1538/1348
f 1477/1558/1349 1478/1559/1349 1479/1560/1349 1480/1561/1349
f 1478/1559/1350 1481/1562/1350 1482/1563/1350 1479/1560/1350
f 1479/1560/1351 1482/1563/1351 708/789/1351 707/788/1351
f 1480/1561/1352 1479/1560/1352 707/788/1352 704/785/1352
f 1481/1562/1353 1483/1564/1353 1484/1565/1353 1482/1563/1353
f 1483/1564/1354 1485/1566/1354 1486/1567/1354 1484/1565/1354
f 1484/1565/1355 1486/1567/1355 724/805/1355 723/804/1355
f 1482/1563/1356 1484/1565/1356 723/804/1356 708/789/1356
f 1485/1566/1357 1487/1568/1357 1488/1569/1357 1486/1567/1357
f 1487/1568/1358 1489/1570/1358 1490/1571/1358 1488/1569/1358
f 1488/1569/1359 1490/1571/1359 702/783/1359 733/814/1359
f 1486/1567/1360 1488/1569/1360 733/814/1360 724/805/1360
f 1489/1570/1361 1491/1572/1361 1492/1573/1361 1490/1571/1361
f 1491/1572/1362 1477/1558/1362 1480/1561/1362 1492/1573/1362
f 1492/1573/1363 1480/1561/1363 704/785/1363 703/784/1363
f 1490/1571/1364 1492/1573/1364 703/784/1364 702/783/1364
f 663/744/1365 662/743/1365 1493/1574/1365 1494/1575/1365
f 662/743/1366 661/742/1366 1495/1576/1366 1493/1574/1366
f 1493/1574/1367 1495/1576/1367 1481/1562/1367 1478/1559/1367
f 1494/1575/1368 1493/1574/1368 1478/1559/1368 1477/1558/1368
f 661/742/1369 660/741/1369 1496/1577/1369 1495/1576/1369
f 660/741/1370 659/740/1370 1497/1578/1370 1496/1577/1370
f 1496/1577/1371 1497/1578/1371 1485/1566/1371 1483/1564/1371
f 1495/1576/1372 1496/1577/1372 1483/1564/1372 1481/1562/1372
f 659/740/1373 656/737/1373 1498/1579/1373 1497/1578/1373
f 656/737/1374 655/736/1374 1499/1580/1374 1498/1579/1374
f 1498/1579/1375 1499/1580/1375 1489/1570/1375 1487/1568/1375
f 1497/1578/1376 1498/1579/1376 1487/1568/1376 1485/1566/1376
f 655/736/1377 658/739/1377 1500/1581/1377 1499/1580/1377
f 658/739/1378 663/744/1378 1494/1575/1378 1500/1581/1378
f 1500/1581/1379 1494/1575/1379 1477/1558/1379 1491/1572/1379
f 1499/1580/1380 1500/1581/1380 1491/1572/1380 1489/1570/1380
f 1501/1582/1381 1502/1583/1381 1503/1584/1381 1504/1585/1381
f 1502/1583/1382 1505/1586/1382 1506/1587/1382 1503/1584/1382
f 1503/1584/1383 1506/1587/1383 590/671/1383 587/668/1383
f 1504/1585/1384 1503/1584/1384 587/668/1384 586/667/1384
f 1505/1586/1385 1507/1588/1385 1508/1589/1385 1506/1587/1385
f 1507/1588/1386 1509/1590/1386 1510/1591/1386 1508/1589/1386
f 1508/1589/1387 1510/1591/1387 764/845/1387 767/848/1387
f 1506/1587/1388 1508/1589/1388 767/848/1388 590/671/1388
f 1509/1590/1389 1511/1592/1389 1512/1593/1389 1510/1591/1389
f 1511/1592/1390 1513/1594/1390 1514/1595/1390 1512/1593/1390
f 1512/1593/1391 1514/1595/1391 726/807/1391 771/852/1391
f 1510/1591/1392 1512/1593/1392 771/852/1392 764/845/1392
f 1513/1594/1393 1515/1596/1393 1516/1597/1393 1514/1595/1393
f 1515/1596/1394 1501/1582/1394 1504/1585/1394 1516/1597/1394
f 1516/1597/1395 1504/1585/1395 586/667/1395 793/874/1395
f 1514/1595/1396 1516/1597/1396 793/874/1396 726/807/1396
f 1517/1598/1397 1518/1599/1397 1519/1600/1397 1520/1601/1397
f 1518/1599/1398 1521/1602/1398 1522/1603/1398 1519/1600/1398
f 1519/1600/1399 1522/1603/1399 1505/1586/1399 1502/1583/1399
f 1520/1601/1400 1519/1600/1400 1502/1583/1400 1501/1582/1400
f 1521/1602/1401 1523/1604/1401 1524/1605/1401 1522/1603/1401
f 1523/1604/1402 1525/1606/1402 1526/1607/1402 1524/1605/1402
f 1524/1605/1403 1526/1607/1403 1509/1590/1403 1507/1588/1403
f 1522/1603/1404 1524/1605/1404 1507/1588/1404 1505/1586/1404
f 1525/1606/1405 1527/1608/1405 1528/1609/1405 1526/1607/1405
f 1527/1608/1406 1529/1610/1406 1530/1611/1406 1528/1609/1406
f 1528/1609/1407 1530/1611/1407 1513/1594/1407 1511/1592/1407
f 1526/1607/1408 1528/1609/1408 1511/1592/1408 1509/1590/1408
f 1529/1610/1409 1531/1612/1409 1532/1613/1409 1530/1611/1409
f 1531/1612/1410 1517/1598/1410 1520/1601/1410 1532/1613/1410
f 1532/1613/1411 1520/1601/1411 1501/1582/1411 1515/1596/1411
f 1530/1611/1412 1532/1613/1412 1515/1596/1412 1513/1594/1412
f 647/728/1413 646/727/1413 1533/1614/1413 1534/1615/1413
f 646/727/1414 645/726/1414 1535/1616/1414 1533/1614/1414
f 1533/1614/1415 1535/1616/1415 1521/1602/1415 1518/1599/1415
f 1534/1615/1416 1533/1614/1416 1518/1599/1416 1517/1598/1416
f 645/726/1417 644/725/1417 1536/1617/1417 1535/1616/1417
f 644/725/1418 643/724/1418 1537/1618/1418 1536/1617/1418
f 1536/1617/1419 1537/1618/1419 1525/1606/1419 1523/1604/1419
f 1535/1616/1420 1536/1617/1420 1523/1604/1420 1521/1602/1420
f 643/724/1421 640/721/1421 1538/1619/1421 1537/1618/1421
f 640/721/1422 639/720/1422 1539/1620/1422 1538/1619/1422
f 1538/1619/1423 1539/1620/1423 1529/1610/1423 1527/1608/1423
f 1537/1618/1424 1538/1619/1424 1527/1608/1424 1525/1606/1424
f 639/720/1425 642/723/1425 1540/1621/1425 1539/1620/1425
f 642/723/1426 647/728/1426 1534/1615/1426 1540/1621/1426
f 1540/1621/1427 1534/1615/1427 1517/1598/1427 1531/1612/1427
f 1539/1620/1428 1540/1621/1428 1531/1612/1428 1529/1610/1428
f 1541/1622/1429 1542/1623/1429 1543/1624/1429 1544/1625/1429
f 1542/1623/1430 1545/1626/1430 1546/1627/1430 1543/1624/1430
f 1543/1624/1431 1546/1627/1431 541/622/1431 752/833/1431
f 1544/1625/1432 1543/1624/1432 752/833/1432 600/681/1432
f 1545/1626/1433 1547/1628/1433 1548/1629/1433 1546/1627/1433
f 1547/1628/1434 1549/1630/1434 1550/1631/1434 1548/1629/1434
f 1548/1629/1435 1550/1631/1435 623/704/1435 626/707/1435
f 1546/1627/1436 1548/1629/1436 626/707/1436 541/622/1436
f 1549/1630/1437 1551/1632/1437 1552/1633/1437 1550/1631/1437
f 1551/1632/1438 1553/1634/1438 1554/1635/1438 1552/1633/1438
f 1552/1633/1439 1554/1635/1439 596/677/1439 770/851/1439
f 1550/1631/1440 1552/1633/1440 770/851/1440 623/704/1440
f 1553/1634/1441 1555/1636/1441 1556/1637/1441 1554/1635/1441
f 1555/1636/1442 1541/1622/1442 1544/1625/1442 1556/1637/1442
f 1556/1637/1443 1544/1625/1443 600/681/1443 597/678/1443
f 1554/1635/1444 1556/1637/1444 597/678/1444 596/677/1444
f 1557/1638/1445 1558/1639/1445 1559/1640/1445 1560/1641/1445
f 1558/1639/1446 1561/1642/1446 1562/1643/1446 1559/1640/1446
f 1559/1640/1447 1562/1643/1447 1545/1626/1447 1542/1623/1447
f 1560/1641/1448 1559/1640/1448 1542/1623/1448 1541/1622/1448
f 1561/1642/1449 1563/1644/1449 1564/1645/1449 1562/1643/1449
f 1563/1644/1450 1565/1646/1450 1566/1647/1450 1564/1645/1450
f 1564/1645/1451 1566/1647/1451 1549/1630/1451 1547/1628/1451
f 1562/1643/1452 1564/1645/1452 1547/1628/1452 1545/1626/1452
f 1565/1646/1453 1567/1648/1453 1568/1649/1453 1566/1647/1453
f 1567/1648/1454 1569/1650/1454 1570/1651/1454 1568/1649/1454
f 1568/1649/1455 1570/1651/1455 1553/1634/1455 1551/1632/1455
f 1566/1647/1456 1568/1649/1456 1551/1632/1456 1549/1630/1456
f 1569/1650/1457 1571/1652/1457 1572/1653/1457 1570/1651/1457
f 1571/1652/1458 1557/1638/1458 1560/1641/1458 1572/1653/1458
f 1572/1653/1459 1560/1641/1459 1541/1622/1459 1555/1636/1459
f 1570/1651/1460 1572/1653/1460 1555/1636/1460 1553/1634/1460
f 1573/1654/1461 1574/1655/1461 1575/1656/1461 1576/1657/1461
f 1574/1655/1462 1577/1658/1462 1578/1659/1462 1575/1656/1462
f 1575/1656/1463 1578/1659/1463 1561/1642/1463 1558/1639/1463
f 1576/1657/1464 1575/1656/1464 1558/1639/1464 1557/1638/1464
f 1577/1658/1465 1579/1660/1465 1580/1661/1465 1578/1659/1465
f 1579/1660/1466 1581/1662/1466 1582/1663/1466 1580/1661/1466
f 1580/1661/1467 1582/1663/1467 1565/1646/1467 1563/1644/1467
f 1578/1659/1468 1580/1661/1468 1563/1644/1468 1561/1642/1468
f 1581/1662/1469 1583/1664/1469 1584/1665/1469 1582/1663/1469
f 1583/1664/1470 1585/1666/1470 1586/1667/1470 1584/1665/1470
f 1584/1665/1471 1586/1667/1471 1569/1650/1471 1567/1648/1471
f 1582/1663/1472 1584/1665/1472 1567/1648/1472 1565/1646/1472
f 1585/1666/1473 1587/1668/1473 1588/1669/1473 1586/1667/1473
f 1587/1668/1474 1573/1654/1474 1576/1657/1474 1588/1669/1474
f 1588/1669/1475 1576/1657/1475 1557/1638/1475 1571/1652/1475
f 1586/1667/1476 1588/1669/1476 1571/1652/1476 1569/1650/1476
f 1589/1670/1477 1590/1671/1477 1591/1672/1477 1592/1673/1477
f 1590/1671/1478 1593/1674/1478 1594/1675/1478 1591/1672/1478
f 1591/1672/1479 1594/1675/1479 1577/1658/1479 1574/1655/1479
f 1592/1673/1480 1591/1672/1480 1574/1655/1480 1573/1654/1480
f 1593/1674/1481 1595/1676/1481 1596/1677/1481 1594/1675/1481
f 1595/1676/1482 1597/1678/1482 1598/1679/1482 1596/1677/1482
f 1596/1677/1483 1598/1679/1483 1581/1662/1483 1579/1660/1483
f 1594/1675/1484 1596/1677/1484 1579/1660/1484 1577/1658/1484
f 1597/1678/1485 1599/1680/1485 1600/1681/1485 1598/1679/1485
f 1599/1680/1486 1601/1682/1486 1602/1683/1486 1600/1681/1486
f 1600/1681/1487 1602/1683/1487 1585/1666/1487 1583/1664/1487
f 1598/1679/1488 1600/1681/1488 1583/1664/1488 1581/1662/1488
f 1601/1682/1489 1603/1684/1489 1604/1685/1489 1602/1683/1489
f 1603/1684/1490 1589/1670/1490 1592/1673/1490 1604/1685/1490
f 1604/1685/1491 1592/1673/1491 1573/1654/1491 1587/1668/1491
f 1602/1683/1492 1604/1685/1492 1587/1668/1492 1585/1666/1492
f 1605/1686/1493 1606/1687/1493 1607/1688/1493 1608/1689/1493
f 1606/1687/1494 1609/1690/1494 1610/1691/1494 1607/1688/1494
f 1607/1688/1495 1610/1691/1495 1593/1674/1495 1590/1671/1495
f 1608/1689/1496 1607/1688/1496 1590/1671/1496 1589/1670/1496
f 1609/1690/1497 1611/1692/1497 1612/1693/1497 1610/1691/1497
f 1611/1692/1498 1613/1694/1498 1614/1695/1498 1612/1693/1498
f 1612/1693/1499 1614/1695/1499 1597/1678/1499 1595/1676/1499
f 1610/1691/1500 1612/1693/1500 1595/1676/1500 1593/1674/1500
f 1613/1694/1501 1615/1696/1501 1616/1697/1501 1614/1695/1501
f 1615/1696/1502 1617/1698/1502 1618/1699/1502 1616/1697/1502
f 1616/1697/1503 1618/1699/1503 1601/1682/1503 1599/1680/1503
f 1614/1695/1504 1616/1697/1504 1599/1680/1504 1597/1678/1504
f 1617/1698/1505 1619/1700/1505 1620/1701/1505 1618/1699/1505
f 1619/1700/1506 1605/1686/1506 1608/1689/1506 1620/1701/1506
f 1620/1701/1507 1608/1689/1507 1589/1670/1507 1603/1684/1507
f 1618/1699/1508 1620/1701/1508 1603/1684/1508 1601/1682/1508
f 1621/1702/1509 1622/1703/1509 1623/1704/1509 1624/1705/1509
f 1622/1703/1510 1625/1706/1510 1626/1707/1510 1623/1704/1510
f 1623/1704/1511 1626/1707/1511 1609/1690/1511 1606/1687/1511
f 1624/1705/1512 1623/1704/1512 1606/1687/1512 1605/1686/1512
f 1625/1706/1513 1627/1708/1513 1628/1709/1513 1626/1707/1513
f 1627/1708/1514 1629/1710/1514 1630/1711/1514 1628/1709/1514
f 1628/1709/1515 1630/1711/1515 1613/1694/1515 1611/1692/1515
f 1626/1707/1516 1628/1709/1516 1611/1692/1516 1609/1690/1516
f 1629/1710/1517 1631/1712/1517 1632/1713/1517 1630/1711/1517
f 1631/1712/1518 1633/1714/1518 1634/1715/1518 1632/1713/1518
f 1632/1713/1519 1634/1715/1519 1617/1698/1519 1615/1696/1519
f 1630/1711/1520 1632/1713/1520 1615/1696/1520 1613/1694/1520
f 1633/1714/1521 1635/1716/1521 1636/1717/1521 1634/1715/1521
f 1635/1716/1522 1621/1702/1522 1624/1705/1522 1636/1717/1522
f 1636/1717/1523 1624/1705/1523 1605/1686/1523 1619/1700/1523
f 1634/1715/1524 1636/1717/1524 1619/1700/1524 1617/1698/1524
f 1637/1718/1525 1638/1719/1525 1639/1720/1525 1640/1721/1525
f 1638/1719/1510 1641/1722/1510 1642/1723/1510 1639/1720/1510
f 1639/1720/1526 1642/1723/1526 1625/1706/1526 1622/1703/1526
f 1640/1721/1527 1639/1720/1527 1622/1703/1527 1621/1702/1527
f 1641/1722/1528 1643/1724/1528 1644/1725/1528 1642/1723/1528
f 1643/1724/1529 1645/1726/1529 1646/1727/1529 1644/1725/1529
f 1644/1725/1530 1646/1727/1530 1629/1710/1530 1627/1708/1530
f 1642/1723/1531 1644/1725/1531 1627/1708/1531 1625/1706/1531
f 1645/1726/1532 1647/1728/1532 1648/1729/1532 1646/1727/1532
f 1647/1728/1518 1649/1730/1518 1650/1731/1518 1648/1729/1518
f 1648/1729/1533 1650/1731/1533 1633/1714/1533 1631/1712/1533
f 1646/1727/1532 1648/1729/1532 1631/1712/1532 1629/1710/1532
f 1649/1730/1534 1651/1732/1534 1652/1733/1534 1650/1731/1534
f 1651/1732/1535 1637/1718/1535 1640/1721/1535 1652/1733/1535
f 1652/1733/1536 1640/1721/1536 1621/1702/1536 1635/1716/1536
f 1650/1731/1534 1652/1733/1534 1635/1716/1534 1633/1714/1534
f 638/719/1537 637/718/1537 1653/1734/1537 1654/1735/1537
f 637/718/1538 636/717/1538 1655/1736/1538 1653/1734/1538
f 1653/1734/1539 1655/1736/1539 1641/1722/1539 1638/1719/1539
f 1654/1735/1540 1653/1734/1540 1638/1719/1540 1637/1718/1540
f 636/717/1541 635/716/1541 1656/1737/1541 1655/1736/1541
f 635/716/1542 634/715/1542 1657/1738/1542 1656/1737/1542
f 1656/1737/1543 1657/1738/1543 1645/1726/1543 1643/1724/1543
f 1655/1736/1544 1656/1737/1544 1643/1724/1544 1641/1722/1544
f 634/715/1545 631/712/1545 1658/1739/1545 1657/1738/1545
f 631/712/1546 630/711/1546 1659/1740/1546 1658/1739/1546
f 1658/1739/1547 1659/1740/1547 1649/1730/1547 1647/1728/1547
f 1657/1738/1548 1658/1739/1548 1647/1728/1548 1645/1726/1548
f 630/711/1549 633/714/1549 1660/1741/1549 1659/1740/1549
f 633/714/1550 638/719/1550 1654/1735/1550 1660/1741/1550
f 1660/1741/1551 1654/1735/1551 1637/1718/1551 1651/1732/1551
f 1659/1740/1552 1660/1741/1552 1651/1732/1552 1649/1730/1552
f 1661/1742/1553 1662/1743/1553 1663/1744/1553 1664/1745/1553
f 1662/1743/1554 1665/1746/1554 1666/1747/1554 1663/1744/1554
f 1663/1744/1555 1666/1747/1555 1465/1546/1555 1462/1543/1555
f 1664/1745/1556 1663/1744/1556 1462/1543/1556 1461/1542/1556
f 1665/1746/1557 1667/1748/1557 1668/1749/1557 1666/1747/1557
f 1667/1748/1558 1669/1750/1558 1670/1751/1558 1668/1749/1558
f 1668/1749/1559 1670/1751/1559 1469/1550/1559 1467/1548/1559
f 1666/1747/1560 1668/1749/1560 1467/1548/1560 1465/1546/1560
f 1669/1750/1561 1671/1752/1561 1672/1753/1561 1670/1751/1561
f 1671/1752/1562 1673/1754/1562 1674/1755/1562 1672/1753/1562
f 1672/1753/1563 1674/1755/1563 1473/1554/1563 1471/1552/1563
f 1670/1751/1564 1672/1753/1564 1471/1552/1564 1469/1550/1564
f 1673/1754/1565 1675/1756/1565 1676/1757/1565 1674/1755/1565
f 1675/1756/1566 1661/1742/1566 1664/1745/1566 1676/1757/1566
f 1676/1757/1567 1664/1745/1567 1461/1542/1567 1475/1556/1567
f 1674/1755/1568 1676/1757/1568 1475/1556/1568 1473/1554/1568
f 620/701/1569 619/700/1569 1677/1758/1569 1678/1759/1569
f 619/700/1570 618/699/1570 1679/1760/1570 1677/1758/1570
f 1677/1758/1571 1679/1760/1571 1665/1746/1571 1662/1743/1571
f 1678/1759/1572 1677/1758/1572 1662/1743/1572 1661/1742/1572
f 618/699/1573 617/698/1573 1680/1761/1573 1679/1760/1573
f 617/698/1574 616/697/1574 1681/1762/1574 1680/1761/1574
f 1680/1761/1575 1681/1762/1575 1669/1750/1575 1667/1748/1575
f 1679/1760/1576 1680/1761/1576 1667/1748/1576 1665/1746/1576
f 616/697/1577 613/694/1577 1682/1763/1577 1681/1762/1577
f 613/694/1578 612/693/1578 1683/1764/1578 1682/1763/1578
f 1682/1763/1579 1683/1764/1579 1673/1754/1579 1671/1752/1579
f 1681/1762/1580 1682/1763/1580 1671/1752/1580 1669/1750/1580
f 612/693/1581 615/696/1581 1684/1765/1581 1683/1764/1581
f 615/696/1582 620/701/1582 1678/1759/1582 1684/1765/1582
f 1684/1765/1583 1678/1759/1583 1661/1742/1583 1675/1756/1583
f 1683/1764/1584 1684/1765/1584 1675/1756/1584 1673/1754/1584
f 611/692/1585 610/691/1585 1685/1766/1585 1686/1767/1585
f 610/691/1586 609/690/1586 1687/1768/1586 1685/1766/1586
f 1685/1766/1587 1687/1768/1587 1417/1498/1587 1414/1495/1587
f 1686/1767/1588 1685/1766/1588 1414/1495/1588 1413/1494/1588
f 609/690/1589 608/689/1589 1688/1769/1589 1687/1768/1589
f 608/689/1590 607/688/1590 1689/1770/1590 1688/1769/1590
f 1688/1769/1591 1689/1770/1591 1421/1502/1591 1419/1500/1591
f 1687/1768/1592 1688/1769/1592 1419/1500/1592 1417/1498/1592
f 607/688/1593 604/685/1593 1690/1771/1593 1689/1770/1593
f 604/685/1594 603/684/1594 1691/1772/1594 1690/1771/1594
f 1690/1771/1595 1691/1772/1595 1425/1506/1595 1423/1504/1595
f 1689/1770/1596 1690/1771/1596 1423/1504/1596 1421/1502/1596
f 603/684/1597 606/687/1597 1692/1773/1597 1691/1772/1597
f 606/687/1598 611/692/1598 1686/1767/1598 1692/1773/1598
f 1692/1773/1599 1686/1767/1599 1413/1494/1599 1427/1508/1599
f 1691/1772/1600 1692/1773/1600 1427/1508/1600 1425/1506/1600
