mtllib LOW_POLY_set.mtl
o lp_baban_1_Plane_003
v 89.917435 7.377253 12.271168
v 89.888222 7.175611 12.243099
v 89.758598 7.176942 12.346953
v 89.538612 7.920859 12.611087
v 90.608879 11.075413 13.157498
v 90.570229 10.982183 13.116852
v 90.020081 11.133051 13.594372
v 90.152496 11.319798 13.631888
v 90.504013 10.782943 13.024963
v 90.440514 10.581020 12.936539
v 89.865906 10.741879 13.456378
v 89.903793 10.827650 13.479998
v 90.385620 10.376017 12.852574
v 90.335472 10.169160 12.774662
v 89.731422 10.379435 13.343819
v 89.778397 10.508722 13.383693
v 90.288910 9.959711 12.701961
v 90.246758 9.750042 12.634883
v 89.574875 10.132146 13.208970
v 89.573921 10.214272 13.251330
v 90.200928 9.537903 12.572001
v 90.155052 9.325800 12.509049
v 89.552628 9.778925 13.193111
v 89.583595 9.891872 13.221510
v 90.102257 9.109831 12.449722
v 90.056808 8.890633 12.399755
v 89.505135 9.473387 13.094697
v 89.469437 9.616562 13.082334
v 90.020325 8.662501 12.367764
v 89.992165 8.415987 12.346566
v 89.485390 9.088124 13.002753
v 89.484543 9.268308 13.044540
v 89.935463 7.656420 12.302226
v 89.927086 7.489091 12.284242
v 89.520241 8.313270 12.785734
v 89.492050 8.459648 12.851326
v 90.658569 8.406647 12.027721
v 90.613487 8.272795 12.028501
v 90.744484 8.841452 12.036501
v 90.715515 8.697760 12.010485
v 89.950836 7.896308 12.318118
v 89.970016 8.153528 12.330836
v 90.877907 9.571534 12.059557
v 90.763748 9.444362 11.931775
v 90.953484 9.907199 12.153813
v 90.967529 9.715027 12.156066
v 91.093109 10.883284 12.568584
v 91.068016 10.723610 12.488565
v 91.108009 11.371489 12.801694
v 91.074867 11.226692 12.692637
v 91.128304 11.632862 13.121670
v 91.149834 11.385730 12.899048
v 90.919983 12.015784 13.521063
v 90.427933 7.937600 11.992945
v 90.037979 7.177369 12.127142
v 91.091766 10.361464 12.422628
v 91.084076 10.243994 12.366503
v 90.815918 9.310417 12.018373
v 90.795265 9.220846 12.012160
v 90.037170 8.777194 12.381983
v 90.937660 9.600985 12.126296
v 89.547020 8.485229 12.894278
v 89.530228 8.620331 12.955876
v 89.533722 8.866940 13.002874
v 89.458496 8.994991 13.006353
v 91.036545 10.612640 12.447920
v 89.787163 1.007388 11.968086
v 89.721176 1.006550 12.019302
v 89.663956 1.007234 12.065029
v 90.337105 4.719401 12.055876
v 90.273857 4.474095 12.059681
v 90.265175 4.475771 12.264101
v 90.381859 5.386237 12.684245
v 91.967148 9.192255 12.142963
v 91.891930 9.081358 12.145609
v 91.898895 9.265158 13.043389
v 92.053444 9.487272 12.951487
v 91.739784 8.843926 12.132002
v 91.592873 8.602900 12.118674
v 91.619904 8.797804 13.073477
v 91.678230 8.900454 13.057714
v 91.456848 8.357485 12.100971
v 91.330147 8.109272 12.083765
v 91.382347 8.363612 13.105986
v 91.466019 8.518551 13.095090
v 91.210999 7.857443 12.067458
v 91.100609 7.604863 12.051619
v 91.114052 8.073170 13.141203
v 91.158051 8.172001 13.176647
v 90.990974 7.349177 12.042576
v 90.881226 7.093543 12.033528
v 91.057526 7.640485 13.148041
v 91.116508 7.776605 13.142647
v 90.768974 6.833258 12.033823
v 90.671120 6.568197 12.034887
v 90.907333 7.271856 13.111491
v 90.876633 7.450125 13.134965
v 90.596565 6.290821 12.042182
v 90.537506 5.989916 12.050461
v 90.780212 6.803651 13.054240
v 90.830376 7.023117 13.089383
v 90.399292 5.060381 12.065080
v 90.364571 4.855866 12.057823
v 90.555183 5.860505 12.843919
v 90.602974 6.038299 12.923632
v 90.781143 5.966929 11.173862
v 90.736328 5.804160 11.215955
v 90.888161 6.497635 11.102455
v 90.830925 6.323489 11.107845
v 90.442642 5.353957 12.064342
v 90.487305 5.668858 12.057551
v 91.066788 7.388770 10.999345
v 90.847458 7.243903 11.001297
v 91.237900 7.793481 11.006550
v 91.238388 7.556395 10.994843
v 91.800873 8.966352 11.215901
v 91.695686 8.775223 11.173880
v 92.061737 9.553964 11.392368
v 91.924149 9.383000 11.334309
v 92.392097 9.857780 11.633644
v 92.186707 9.564590 11.432535
v 92.619118 10.316619 12.151663
v 90.530571 5.401605 11.358331
v 90.287842 4.476001 11.826778
v 91.629425 8.332239 11.097437
v 91.563301 8.191027 11.058758
v 90.960846 7.072388 11.022755
v 90.932335 6.963417 11.036631
v 90.631111 6.430432 12.038388
v 91.178955 7.418953 10.998103
v 90.688980 6.065176 12.907532
v 90.741539 6.228827 12.973410
v 90.804527 6.529538 13.008924
v 90.755486 6.690049 13.081854
v 91.625084 8.642200 11.169825
v 89.733261 0.771584 11.922400
v 89.727211 0.770660 12.025117
v 89.723274 0.771525 12.115260
v 90.334808 4.704481 12.055718
v 90.271797 4.460102 12.059509
v 90.263145 4.461771 12.263157
v 90.379395 5.368796 12.681712
v 91.958687 9.160429 12.142476
v 91.883751 9.049952 12.145112
v 91.890694 9.233057 13.039499
v 92.044655 9.454330 12.947943
v 91.732185 8.813417 12.131557
v 91.585823 8.573302 12.118279
v 91.612755 8.767467 13.069473
v 91.670860 8.869731 13.053769
v 91.450317 8.328815 12.100643
v 91.324097 8.081539 12.083502
v 91.376091 8.334918 13.101859
v 91.459450 8.489271 13.091004
v 91.205391 7.830662 12.067256
v 91.095421 7.579037 12.051476
v 91.108818 8.045573 13.136943
v 91.152641 8.144030 13.172254
v 90.986198 7.324317 12.042469
v 90.876869 7.069650 12.033455
v 91.052498 7.614524 13.143755
v 91.111259 7.750129 13.138381
v 90.765038 6.810349 12.033749
v 90.667557 6.546289 12.034809
v 90.902870 7.247289 13.107344
v 90.872292 7.424884 13.130729
v 90.593285 6.269962 12.042076
v 90.534447 5.970194 12.050323
v 90.776237 6.780853 13.050309
v 90.826210 6.999490 13.085320
v 90.396759 5.044172 12.064887
v 90.362167 4.840430 12.057657
v 90.552063 5.841272 12.840783
v 90.599670 6.018394 12.920194
v 90.777161 5.947293 11.177038
v 90.732521 5.785140 11.218970
v 90.883781 6.475994 11.105900
v 90.826759 6.302506 11.111271
v 90.439941 5.336639 12.064153
v 90.484436 5.650349 12.057386
v 91.061722 7.363761 11.003181
v 90.843224 7.219442 11.005125
v 91.232201 7.766942 11.010358
v 91.232681 7.530752 10.998695
v 91.793045 8.935381 11.218919
v 91.688255 8.744973 11.177056
v 92.052910 9.520771 11.394718
v 91.915848 9.350454 11.336878
v 92.382027 9.823439 11.635081
v 92.177414 9.531357 11.434732
v 92.608192 10.280542 12.151143
v 90.527542 5.384106 11.360809
v 90.285728 4.462000 11.827486
v 91.622238 8.303663 11.100902
v 91.556366 8.162985 11.062367
v 90.956184 7.048575 11.026502
v 90.927780 6.940016 11.040326
v 90.627701 6.409045 12.038297
v 91.173470 7.393830 11.001944
v 90.685349 6.045169 12.904156
v 90.737709 6.208202 12.969784
v 90.800461 6.507776 13.005163
v 90.751610 6.667681 13.077818
v 91.617912 8.612453 11.173016
v 89.733246 0.771586 11.922748
v 89.727219 0.770665 12.025076
v 89.723297 0.771526 12.114879
v 89.676949 4.282905 12.554338
v 89.675072 4.064724 12.498012
v 89.493530 4.066214 12.485424
v 89.117195 4.876004 12.579161
v 89.560692 8.261163 14.001537
v 89.560127 8.162529 13.934597
v 88.761742 8.326005 13.919409
v 88.839775 8.523559 14.059002
v 89.575851 7.951353 13.799651
v 89.591202 7.736978 13.669347
v 88.741638 7.910330 13.670634
v 88.754265 8.001629 13.722873
v 89.610184 7.518700 13.548830
v 89.628494 7.297933 13.436592
v 88.718391 7.524149 13.458648
v 88.726089 7.661955 13.533303
v 89.645836 7.073951 13.331041
v 89.662544 6.849301 13.233273
v 88.693474 7.265823 13.219269
v 88.660912 7.353725 13.257540
v 89.673195 6.621888 13.136006
v 89.683853 6.394521 13.038647
v 88.688736 6.880983 13.168847
v 88.692131 7.002051 13.221417
v 89.686272 6.163018 12.938836
v 89.687653 5.927266 12.851809
v 88.724815 6.553117 13.036179
v 88.704674 6.711673 13.008327
v 89.682945 5.680562 12.785350
v 89.676987 5.412930 12.732642
v 88.778748 6.136684 12.924520
v 88.746300 6.331882 12.968284
v 89.667282 4.586180 12.609410
v 89.674561 4.404280 12.578711
v 88.971100 5.297828 12.729459
v 88.899094 5.455962 12.770050
v 90.450577 5.392484 12.970141
v 90.414215 5.247714 12.929297
v 90.511513 5.864507 13.066994
v 90.508080 5.709617 13.015976
v 89.666908 4.847293 12.647968
v 89.671883 5.127373 12.687836
v 90.598930 6.657103 13.228264
v 90.602425 6.528255 13.033212
v 90.588448 7.017062 13.380236
v 90.598846 6.806192 13.380947
v 90.388908 8.060241 13.875791
v 90.428772 7.890245 13.783268
v 90.225792 8.582875 14.103516
v 90.280693 8.430817 13.982571
v 90.003403 8.853096 14.391495
v 90.187103 8.592328 14.213674
v 89.537422 9.261198 14.581001
v 90.292534 4.889672 12.742966
v 89.881813 4.066419 12.515996
v 90.498314 7.496245 13.726171
v 90.534279 7.370648 13.668302
v 90.580643 6.375705 13.133517
v 90.568985 6.278784 13.107836
v 89.685493 5.804735 12.816154
v 90.597366 6.683948 13.328022
v 88.911354 5.479867 12.846902
v 88.851532 5.625423 12.892060
v 88.818459 5.892881 12.947219
v 88.754784 6.035645 12.901882
v 90.434059 7.771932 13.720590
v 89.810005 0.771626 12.020638
v 89.718826 0.770803 12.012812
v 89.638771 0.771572 12.007165
v 88.696724 7.305985 11.396069
v 88.789856 7.032600 11.442470
v 88.914780 7.036667 11.242008
v 88.934311 8.068627 10.700595
v 86.612000 12.230732 10.122705
v 86.701149 12.113100 10.169172
v 87.184761 12.327663 9.252879
v 86.952988 12.562333 9.244575
v 86.872162 11.860014 10.282970
v 87.038528 11.602137 10.393736
v 87.533356 11.827169 9.408162
v 87.454514 11.937428 9.384919
v 87.192032 11.337809 10.502981
v 87.336838 11.069084 10.606607
v 87.838203 11.359447 9.535585
v 87.730919 11.526494 9.490028
v 87.475029 10.795252 10.705267
v 87.604836 10.519441 10.798532
v 88.158951 11.060612 9.669280
v 88.124023 11.168579 9.602962
v 87.738113 10.240004 10.884732
v 87.871490 9.960640 10.970995
v 88.268379 10.571375 9.719811
v 88.190994 10.720007 9.683825
v 88.013214 9.676307 11.049566
v 88.141556 9.384659 11.119488
v 88.439278 10.167378 9.863237
v 88.463036 10.375974 9.846608
v 88.251602 9.075936 11.170671
v 88.349411 8.738241 11.213465
v 88.586670 9.646070 10.020213
v 88.531715 9.891674 9.943628
v 88.601196 7.689353 11.331596
v 88.654930 7.459077 11.370550
v 88.798477 8.591511 10.414227
v 88.776016 8.789825 10.296675
v 87.609550 8.676311 11.957047
v 87.696724 8.495474 11.949713
v 87.401825 9.271250 11.936999
v 87.481781 9.078760 11.974229
v 88.524185 8.020683 11.290563
v 88.440002 8.376284 11.253615
v 87.063667 10.270467 11.887083
v 87.300079 10.132254 12.017902
v 86.851082 10.713044 11.759153
v 86.870842 10.440876 11.784533
v 86.275429 11.988049 11.161140
v 86.378151 11.781952 11.274151
v 86.048950 12.629899 10.801661
v 86.172569 12.450997 10.947954
v 85.822266 12.937554 10.354351
v 85.945930 12.626338 10.689884
v 85.838745 13.437695 9.678599
v 88.028847 8.060551 11.946932
v 88.643005 7.031821 11.668317
v 86.451027 11.281719 11.414437
v 86.511002 11.127930 11.499029
v 87.218636 9.921075 11.942154
v 87.267365 9.799746 11.950765
v 88.199120 9.231705 11.146720
v 86.947617 10.290771 11.822998
v 88.677979 8.809601 10.262529
v 88.644485 8.991009 10.156998
v 88.567719 9.328200 10.068011
v 88.639969 9.519013 10.013151
v 86.461395 11.638309 11.326031
v 89.966995 1.023942 12.289705
v 90.031921 1.022505 12.190208
v 90.087143 1.024211 12.101890
v 89.805649 3.486036 10.981102
v 89.804955 3.326054 11.063540
v 89.955093 3.327246 11.074001
v 90.273438 3.948326 10.876603
v 89.965263 5.677572 8.756582
v 89.963272 5.639167 8.850489
v 90.626305 5.751017 8.815975
v 90.567596 5.812779 8.606343
v 89.945892 5.542861 9.029066
v 89.929474 5.433123 9.192039
v 90.633507 5.571826 9.170964
v 90.624748 5.617472 9.101862
v 89.910065 5.322351 9.347784
v 89.891388 5.209732 9.494156
v 90.645546 5.384802 9.457518
v 90.641830 5.448414 9.354427
v 89.873566 5.095959 9.634931
v 89.856224 4.983122 9.770753
v 90.661285 5.282043 9.720592
v 90.689629 5.327538 9.666861
v 89.843689 4.872354 9.910194
v 89.830833 4.766842 10.055493
v 90.659302 5.068162 9.867058
v 90.658447 5.128298 9.792924
v 89.824249 4.666426 10.212910
v 89.818008 4.567106 10.370768
v 90.624161 4.904599 10.061294
v 90.643204 4.999613 10.036656
v 89.816925 4.450335 10.511632
v 89.817451 4.298862 10.631766
v 90.572594 4.690609 10.271273
v 90.602722 4.792093 10.178376
v 89.816437 3.714816 10.889401
v 89.808762 3.577180 10.942273
v 90.398926 4.238802 10.682706
v 90.460648 4.338347 10.613577
v 89.179749 4.225385 10.416879
v 89.207863 4.134116 10.482935
v 89.137192 4.489855 10.200124
v 89.136963 4.415725 10.294075
v 89.819145 3.911449 10.816933
v 89.817940 4.113213 10.733762
v 89.078346 4.907337 9.832105
v 89.072708 4.872867 10.023415
v 89.092628 5.091849 9.618129
v 89.081139 4.965408 9.671626
v 89.274757 5.633207 8.944281
v 89.238457 5.551699 9.072607
v 89.422501 5.852121 8.541823
v 89.372505 5.806443 8.714057
v 89.615021 5.925799 8.176157
v 89.456238 5.819251 8.430599
v 90.007225 6.183226 7.915947
v 89.304092 3.901489 10.700027
v 89.634071 3.326027 11.047201
v 89.175285 5.313867 9.218976
v 89.143440 5.250675 9.299458
v 89.088806 4.763901 9.987413
v 89.096786 4.714120 10.037022
v 89.817230 4.511437 10.444291
v 89.080444 4.902987 9.745512
v 90.451454 4.334037 10.540526
v 90.503479 4.412558 10.460877
v 90.535957 4.546476 10.325713
v 90.590652 4.638557 10.320656
v 89.232117 5.487966 9.154330
v 89.661102 0.771258 12.008508
v 89.736473 0.771175 12.015593
v 89.802658 0.772114 12.020579
v 89.945518 7.780721 11.759640
v 89.919022 7.553820 11.795502
v 90.039864 7.558833 11.937796
v 90.328606 8.402793 12.168643
v 90.843994 11.947872 10.915027
v 90.801460 11.842690 10.960756
v 91.352676 12.027945 11.561972
v 91.386772 12.237148 11.409985
v 90.704391 11.617618 11.040241
v 90.611183 11.389571 11.116590
v 91.210533 11.587177 11.743820
v 91.234108 11.683643 11.699575
v 90.522766 11.158055 11.183150
v 90.441040 10.924527 11.244199
v 91.095749 11.178993 11.902401
v 91.136414 11.324603 11.846962
v 90.365112 10.688147 11.301085
v 90.295357 10.451585 11.352835
v 90.954292 10.900053 12.085294
v 91.000252 10.993231 12.084131
v 90.230484 10.212368 11.408596
v 90.165543 9.973193 11.464422
v 90.944374 10.502930 12.114523
v 90.972992 10.630118 12.077621
v 90.104965 9.729823 11.527945
v 90.054741 9.482928 11.582944
v 90.841530 10.158033 12.174292
v 90.825874 10.319122 12.213312
v 90.024605 9.226250 11.627378
v 90.006706 8.949034 11.662303
v 90.746689 9.723340 12.203508
v 90.790001 9.926729 12.201216
v 89.974159 8.094952 11.735443
v 89.957626 7.906592 11.747197
v 90.517464 8.847601 12.179515
v 90.589104 9.013769 12.207536
v 89.627174 8.924758 10.923806
v 89.632225 8.774811 10.975856
v 89.625435 9.412741 10.822402
v 89.600052 9.251019 10.857306
v 89.986641 8.364757 11.715129
v 89.995087 8.653937 11.690461
v 89.632195 10.232401 10.664043
v 89.494873 10.088156 10.797811
v 89.728851 10.610769 10.572523
v 89.734840 10.394640 10.558693
v 90.170570 11.714737 10.391925
v 90.084709 11.533924 10.424395
v 90.422104 12.268026 10.362509
v 90.303574 12.103445 10.404804
v 90.775688 12.568018 10.326596
v 90.529861 12.285521 10.312201
v 91.223389 13.008767 10.543754
v 89.605057 8.399366 11.189052
v 89.783867 7.551811 11.630934
v 90.017220 11.125256 10.403650
v 89.956795 10.992168 10.415345
v 89.593224 9.938745 10.737782
v 89.588730 9.838163 10.762131
v 90.037712 9.355273 11.606778
v 89.704666 10.266180 10.594417
v 90.635078 9.042774 12.144095
v 90.702087 9.196063 12.159559
v 90.749763 9.474175 12.151515
v 90.753494 9.619022 12.234593
v 90.042313 11.408719 10.462248
v 89.674782 1.005786 11.949772
v 89.734474 1.006602 12.022274
v 89.787682 1.008921 12.085093
v 90.160385 5.657732 11.666149
v 90.120522 5.434686 11.707750
v 90.240974 5.436209 11.849530
v 90.578316 6.264059 12.057850
v 91.301964 9.724713 10.717594
v 91.253403 9.623880 10.765814
v 91.812500 9.791000 11.360640
v 91.858879 9.992959 11.203867
v 91.143471 9.407993 10.850693
v 91.037193 9.188837 10.932528
v 91.644897 9.366055 11.553021
v 91.674088 9.459391 11.506476
v 90.935486 8.965691 11.004719
v 90.840309 8.740001 11.071483
v 91.506439 8.971263 11.721424
v 91.555550 9.112142 11.662477
v 90.750725 8.511024 11.134185
v 90.667274 8.281363 11.191788
v 91.349144 8.707175 11.910617
v 91.400398 8.797037 11.907101
v 90.588524 8.048879 11.253465
v 90.509697 7.816442 11.315203
v 91.315643 8.313753 11.950090
v 91.351677 8.437521 11.910064
v 90.434967 7.579775 11.384724
v 90.370323 7.338766 11.445866
v 91.192841 7.978574 12.018456
v 91.186852 8.140666 12.053077
v 90.325073 7.086560 11.496776
v 90.290771 6.812959 11.538774
v 91.072647 7.552855 12.058755
v 91.127831 7.752406 12.051228
v 90.207565 5.967771 11.633885
v 90.179916 5.781815 11.650487
v 90.792595 6.695291 12.057368
v 90.873711 6.856951 12.081051
v 89.911995 6.792058 10.803315
v 89.908089 6.644058 10.859079
v 89.939316 7.274607 10.689569
v 89.904449 7.116263 10.728515
v 90.236038 6.234708 11.606623
v 90.261650 6.521034 11.574511
v 89.994843 8.084879 10.510447
v 89.849678 7.953158 10.647202
v 90.113487 8.452867 10.409575
v 90.106583 8.237293 10.401463
v 90.618477 9.519310 10.201608
v 90.522331 9.345524 10.238526
v 90.901543 10.053600 10.158274
v 90.773865 9.898150 10.204496
v 91.271011 10.329847 10.115263
v 91.009743 10.063263 10.107897
v 91.742432 10.747051 10.320759
v 89.858704 6.278032 11.081165
v 89.986023 5.436419 11.543685
v 90.430893 8.942736 10.228436
v 90.362877 8.814337 10.243460
v 89.938599 7.797206 10.591494
v 89.928146 7.698123 10.618362
v 90.345787 7.213502 11.472910
v 90.068932 8.112323 10.440346
v 90.921165 6.881390 12.017191
v 90.996925 7.030191 12.028697
v 91.060890 7.303615 12.013496
v 91.073204 7.449561 12.092450
v 90.472702 9.224571 10.279424
v 89.674980 2.068146 11.949994
v 89.734375 2.067305 12.022278
v 89.787422 2.068091 12.084866
v 88.584824 4.910627 13.093657
v 88.666832 4.673717 13.001857
v 88.504471 4.668154 12.860090
v 87.919220 5.555515 12.818788
v 86.657806 9.110650 15.048474
v 86.723785 9.014518 14.968779
v 85.949745 9.160454 14.410067
v 85.886108 9.356031 14.630027
v 86.875198 8.807476 14.818058
v 87.023712 8.595497 14.670803
v 86.188133 8.745484 14.092327
v 86.145149 8.837742 14.165788
v 87.169685 8.376642 14.534534
v 87.309830 8.152693 14.405014
v 86.392090 8.354641 13.811570
v 86.319427 8.494337 13.910408
v 87.445091 7.923212 14.280420
v 87.574532 7.690869 14.162462
v 86.587082 8.118411 13.526695
v 86.511948 8.207800 13.554176
v 87.698494 7.454852 14.040134
v 87.822517 7.218914 13.917731
v 86.696617 7.687533 13.409050
v 86.638596 7.813502 13.481413
v 87.941330 6.978369 13.786412
v 88.051224 6.729488 13.665443
v 86.889603 7.346476 13.254566
v 86.857269 7.535549 13.242155
v 88.143433 6.462187 13.557220
v 88.229286 6.167041 13.457159
v 87.103088 6.898752 13.116807
v 87.002197 7.110464 13.168298
v 88.475319 5.245351 13.190949
v 88.540779 5.044060 13.135818
v 87.591255 5.993871 12.927080
v 87.462967 6.161354 12.940709
v 88.797066 6.125940 14.228994
v 88.820854 5.967607 14.139654
v 88.690399 6.648408 14.445297
v 88.754265 6.483013 14.368406
v 88.394623 5.536345 13.272220
v 88.314163 5.849182 13.361875
v 88.498222 7.525198 14.796537
v 88.662697 7.428279 14.595835
v 88.309380 7.899673 14.992906
v 88.362038 7.656851 14.964010
v 87.564919 8.960476 15.491550
v 87.701271 8.791144 15.404675
v 87.146751 9.493678 15.677006
v 87.313179 9.353420 15.577760
v 86.683151 9.716345 15.831364
v 87.032349 9.473233 15.752871
v 86.030075 10.109830 15.743824
v 88.908722 5.596695 13.816895
v 88.848511 4.683003 13.167274
v 87.887154 8.355803 15.332583
v 87.986778 8.228307 15.282784
v 88.604324 7.224553 14.646278
v 88.631035 7.118854 14.597114
v 88.099014 6.597436 13.609370
v 88.422340 7.529730 14.892483
v 87.416519 6.169352 13.024867
v 87.299126 6.321833 13.049269
v 87.174911 6.613850 13.123539
v 87.116966 6.786779 13.060901
v 87.773865 8.671530 15.329671
v 89.800789 1.009039 12.078640
v 89.720604 1.004830 12.005770
v 89.649048 1.002531 11.943188
v 89.482422 4.719021 11.686744
v 89.512131 4.554308 11.717202
v 89.619781 4.555433 11.631853
v 89.781975 5.166772 11.388098
v 88.810928 7.722347 10.820463
v 88.845299 7.647885 10.857512
v 89.298302 7.771297 10.459764
v 89.183754 7.920438 10.421612
v 88.905190 7.488460 10.940772
v 88.962929 7.326621 11.021255
v 89.436089 7.457490 10.588280
v 89.402466 7.526415 10.565569
v 89.013664 7.161835 11.098126
v 89.060555 6.995170 11.170043
v 89.556915 7.165949 10.694680
v 89.514633 7.269983 10.656960
v 89.104591 6.826078 11.237731
v 89.145012 6.656483 11.300762
v 89.692604 6.970930 10.815507
v 89.691292 7.037290 10.777595
v 89.188560 6.484800 11.360429
v 89.232155 6.313153 11.420151
v 89.720901 6.680401 10.841220
v 89.692261 6.771799 10.813625
v 89.281593 6.138383 11.477044
v 89.325096 5.960407 11.526285
v 89.768280 6.432882 10.933566
v 89.793686 6.552582 10.938852
v 89.361542 5.774161 11.560954
v 89.391678 5.572116 11.587321
v 89.795021 6.118504 11.023279
v 89.790840 6.265865 10.982366
v 89.459793 4.947974 11.651112
v 89.471352 4.810651 11.671937
v 89.786987 5.485222 11.229940
v 89.806496 5.604603 11.170662
v 88.839401 5.556681 11.848463
v 88.880455 5.447389 11.852744
v 88.756134 5.913027 11.825453
v 88.784004 5.796096 11.852161
v 89.440384 5.145098 11.629415
v 89.417328 5.356539 11.609711
v 88.625320 6.511385 11.779989
v 88.722618 6.414114 11.890550
v 88.553848 6.783132 11.689899
v 88.547684 6.623938 11.694792
v 88.412994 7.570663 11.311991
v 88.437836 7.442327 11.383876
v 88.388100 7.965219 11.101994
v 88.419022 7.850424 11.197379
v 88.365608 8.169218 10.828231
v 88.353630 7.972354 11.020872
v 88.529068 8.477308 10.485449
v 89.043129 5.177091 11.894751
v 89.387672 4.555588 11.812363
v 88.428101 7.144884 11.451104
v 88.437485 7.050065 11.501678
v 88.683731 6.298949 11.823525
v 88.703300 6.225780 11.831917
v 89.344444 5.867903 11.545073
v 88.575439 6.531651 11.723555
v 89.760551 5.622650 11.134041
v 89.770935 5.732534 11.078418
v 89.761322 5.934448 11.030825
v 89.819901 6.042225 11.023712
v 88.466782 7.353009 11.421524
v 89.679764 2.068234 12.052096
v 89.734596 2.067614 12.010068
v 89.782120 2.068194 11.972486
v 89.233948 2.554169 12.481341
v 89.270760 2.449117 12.441649
v 89.202545 2.449899 12.370143
v 88.960739 2.857734 12.325068
v 88.172249 3.993252 13.490072
v 88.214760 3.968032 13.445389
v 87.877785 4.041480 13.168769
v 87.813515 4.082036 13.296461
v 88.302208 3.904793 13.366432
v 88.382286 3.832733 13.294620
v 88.031357 3.923812 12.993340
v 88.005028 3.953786 13.030744
v 88.460609 3.759994 13.227639
v 88.534439 3.686042 13.164882
v 88.152306 3.801003 12.848974
v 88.108490 3.842774 12.900640
v 88.605370 3.611333 13.104463
v 88.673882 3.537238 13.046233
v 88.261070 3.733526 12.714367
v 88.223541 3.763400 12.727896
v 88.741661 3.464501 12.984123
v 88.812187 3.395217 12.919310
v 88.326828 3.593080 12.644176
v 88.294449 3.632568 12.680526
v 88.885033 3.329278 12.845842
v 88.957909 3.264059 12.772013
v 88.429825 3.485675 12.565481
v 88.409683 3.548066 12.569008
v 89.020760 3.187381 12.704144
v 89.073654 3.087915 12.645620
v 88.547752 3.345158 12.486413
v 88.492027 3.411798 12.518156
v 89.188141 2.704399 12.521063
v 89.215256 2.614020 12.498803
v 88.814064 3.048477 12.363626
v 88.753525 3.113843 12.369858
v 89.287994 3.039667 13.032043
v 89.303581 2.979734 12.987551
v 89.212738 3.213332 13.156041
v 89.254417 3.164654 13.110556
v 89.154762 2.833519 12.555027
v 89.118546 2.966008 12.595913
v 89.078461 3.487473 13.360645
v 89.165840 3.464839 13.270315
v 88.976852 3.608634 13.458148
v 89.006096 3.525605 13.437273
v 88.590332 3.964118 13.704518
v 88.664726 3.910596 13.658315
v 88.340576 4.107870 13.834423
v 88.441040 4.077875 13.772975
v 88.085373 4.156250 13.926666
v 88.274994 4.086285 13.873464
v 87.779938 4.325292 13.879385
v 89.352943 2.826978 12.839640
v 89.346443 2.449099 12.525184
v 88.760139 3.754423 13.615248
v 88.811203 3.712928 13.590286
v 89.142097 3.393285 13.280658
v 89.160179 3.360597 13.253057
v 88.990814 3.227504 12.736681
v 89.039124 3.484617 13.401731
v 88.725662 3.111013 12.409369
v 88.665176 3.162574 12.424995
v 88.589615 3.250512 12.476209
v 88.560844 3.310978 12.454463
v 88.703957 3.868745 13.621468
v 89.758667 0.771498 12.046791
v 89.725235 0.771444 12.010007
v 89.695328 0.772061 11.978302
v 90.325020 2.798617 12.506756
v 90.275063 2.679156 12.470782
v 90.203941 2.680046 12.557797
v 90.186996 3.143819 12.836988
v 91.612289 4.435084 13.563348
v 91.555901 4.406406 13.521640
v 91.291016 4.489927 13.940718
v 91.444122 4.536046 13.995327
v 91.454529 4.334492 13.434035
v 91.362259 4.252548 13.353748
v 91.071503 4.356121 13.792023
v 91.117401 4.390206 13.816484
v 91.275681 4.169833 13.274753
v 91.194504 4.085738 13.200247
v 90.891624 4.216466 13.675793
v 90.956070 4.263967 13.717982
v 91.116371 4.000781 13.128674
v 91.041054 3.916523 13.059532
v 90.724464 4.139734 13.571938
v 90.744995 4.173706 13.612390
v 90.961456 3.833811 12.991757
v 90.878418 3.755023 12.921264
v 90.636024 3.980025 13.507571
v 90.681587 4.024930 13.539017
v 90.785294 3.680039 12.849367
v 90.691757 3.605876 12.777486
v 90.532776 3.857889 13.402386
v 90.539581 3.928837 13.424621
v 90.606354 3.518680 12.716080
v 90.532890 3.405572 12.664595
v 90.427002 3.698098 13.280400
v 90.470642 3.773878 13.338827
v 90.376266 2.969453 12.552876
v 90.347343 2.866677 12.525398
v 90.251083 3.360724 12.997103
v 90.266609 3.435057 13.064541
v 90.938889 3.350705 12.368509
v 90.886490 3.282552 12.357164
v 91.089371 3.548191 12.436041
v 91.032196 3.492836 12.395387
v 90.419281 3.116283 12.585777
v 90.470497 3.266944 12.620912
v 91.339104 3.859933 12.558868
v 91.224907 3.834194 12.472932
v 91.463387 3.997713 12.659850
v 91.435730 3.903296 12.629777
v 91.795631 4.401955 13.061466
v 91.733055 4.341091 12.983998
v 91.977264 4.565423 13.325086
v 91.893829 4.531314 13.220335
v 92.117157 4.620440 13.600134
v 92.030518 4.540878 13.393615
v 92.106651 4.812666 13.951443
v 90.712654 3.108845 12.322206
v 90.358711 2.679136 12.373657
v 91.671074 4.163498 12.882366
v 91.635742 4.116311 12.828248
v 91.239914 3.752826 12.498273
v 91.206230 3.715655 12.481745
v 90.647270 3.564306 12.745307
v 91.390984 3.856685 12.597491
v 90.315102 3.431838 13.090441
v 90.341225 3.490471 13.156504
v 90.409615 3.590470 13.234589
v 90.389114 3.659230 13.270111
v 91.685966 4.293500 12.944892
v 89.761032 0.771435 11.975586
v 89.724205 0.771374 12.018476
v 89.692627 0.772074 12.056675
v 90.217003 11.421462 13.664775
v 90.359734 11.562773 13.671465
v 89.505333 8.689708 12.905210
v 90.898781 10.299620 12.138197
v 90.891968 10.177561 12.083191
v 89.677597 10.215040 13.298012
v 90.845154 9.356142 12.008199
v 89.489563 9.745739 13.141153
v 90.665955 8.678663 11.985261
v 90.616028 8.497797 11.970373
v 89.792725 10.541209 13.392503
v 89.854622 10.703700 13.441943
v 91.100998 11.004070 12.643107
v 92.142975 9.607855 12.918594
v 92.274254 9.775264 12.792011
v 90.679146 6.317879 12.955609
v 91.205627 8.279300 11.045677
v 91.140945 8.132345 11.007074
v 91.285255 8.166096 13.118340
v 90.978180 7.127924 10.987513
v 90.956116 7.605070 13.164324
v 90.766151 6.303428 11.133320
v 90.699745 6.083860 11.167069
v 91.487968 8.557438 13.089029
v 91.594826 8.752080 13.072138
v 91.884415 9.110669 11.269325
v 92.133842 9.574459 12.915175
v 92.264633 9.741234 12.789070
v 90.675552 6.296916 12.952050
v 91.200043 8.250925 11.049337
v 91.135605 8.104527 11.010880
v 91.279373 8.138148 13.114167
v 90.973457 7.103901 10.991392
v 90.951469 7.579243 13.159977
v 90.762230 6.282521 11.136648
v 90.696075 6.063783 11.170271
v 91.481323 8.528011 13.084967
v 91.587769 8.721917 13.068138
v 91.876266 9.079151 11.272141
v 88.866882 8.630808 14.139388
v 88.976303 8.779705 14.259129
v 88.868843 5.704627 12.837011
v 90.554428 7.449160 13.350606
v 90.590294 7.318457 13.294016
v 88.709724 7.348474 13.372032
v 90.611565 6.425100 13.149766
v 88.676682 6.849484 13.078294
v 90.486977 5.691774 12.957778
v 90.458549 5.496486 12.897934
v 88.730949 7.696543 13.552963
v 88.743423 7.869661 13.648370
v 90.339417 8.188599 13.948794
v 86.831223 12.689099 9.219802
v 86.609108 12.863790 9.262711
v 88.686485 9.101068 10.205009
v 86.850410 11.274824 11.709670
v 86.909645 11.114264 11.793705
v 87.964546 11.145264 9.589775
v 87.174957 9.982409 11.964467
v 88.382866 10.543767 9.763003
v 87.563202 9.064140 11.986529
v 87.673622 8.820845 12.003139
v 87.701149 11.568283 9.481397
v 87.562805 11.777897 9.426398
v 86.206123 12.143251 11.051690
v 90.548332 5.848675 8.489346
v 90.462387 5.896075 8.317574
v 90.490059 4.471824 10.483431
v 89.126740 5.357431 9.527773
v 89.095184 5.287402 9.603522
v 90.649605 5.300362 9.578048
v 89.064072 4.789854 9.959907
v 90.668617 5.066168 9.944471
v 89.153725 4.418385 10.348953
v 89.174072 4.308455 10.451201
v 90.638512 5.463760 9.327115
v 90.631355 5.549778 9.199456
v 89.318825 5.682930 8.833573
v 91.419586 12.351371 11.335365
v 91.419632 12.508767 11.173258
v 90.644539 9.273309 12.188448
v 89.705078 11.052179 10.630386
v 89.645973 10.913948 10.641103
v 91.049355 10.993877 11.966106
v 89.579918 9.989614 10.704777
v 90.888695 10.465285 12.187429
v 89.573692 9.229597 10.914028
v 89.562248 9.026541 10.972512
v 91.145195 11.361137 11.830234
v 91.195450 11.544096 11.757369
v 90.251602 11.851915 10.379381
v 91.898315 10.102602 11.126624
v 91.907753 10.254819 10.961071
v 90.944290 7.111161 12.055349
v 90.116112 8.894601 10.455621
v 90.049103 8.760983 10.469806
v 91.449280 8.791669 11.789628
v 89.928406 7.847703 10.557270
v 91.258026 8.281551 12.023586
v 89.876953 7.098022 10.785519
v 89.853485 6.898378 10.849051
v 91.566460 9.147501 11.644876
v 91.627335 9.324480 11.567614
v 90.707222 9.650532 10.185667
v 85.834038 9.460102 14.742750
v 85.823631 9.606632 14.958330
v 87.337128 6.428741 13.024640
v 88.208954 8.403938 15.016903
v 88.308647 8.270206 14.967318
v 86.479881 8.174362 13.694308
v 88.612030 7.279046 14.692200
v 86.754280 7.674405 13.311021
v 88.778275 6.476565 14.296234
v 88.833031 6.265440 14.186131
v 86.303314 8.529326 13.938177
v 86.213554 8.704557 14.065858
v 87.441559 9.086370 15.546135
v 89.127731 8.001404 10.390574
v 89.005783 8.113811 10.379463
v 89.789291 5.792328 11.117928
v 88.587891 7.109337 11.689116
v 88.596687 7.010664 11.738923
v 89.605820 7.033325 10.738575
v 88.658218 6.336239 11.830195
v 89.773705 6.656621 10.885586
v 88.825386 5.782625 11.873881
v 88.871689 5.635195 11.892795
v 89.501923 7.296095 10.648470
v 89.446419 7.426788 10.601606
v 88.403450 7.667565 11.246096
v 87.771095 4.105607 13.361752
v 87.736794 4.136733 13.483125
v 88.681671 3.201491 12.419991
v 88.920326 3.783030 13.486897
v 88.969147 3.737045 13.464104
v 88.203667 3.745555 12.788698
v 89.141930 3.410327 13.304951
v 88.356567 3.591770 12.602493
v 89.270569 3.166401 13.076513
v 89.305931 3.094214 13.017898
v 88.098022 3.852851 12.915360
v 88.045006 3.909335 12.980467
v 88.519966 3.996770 13.738736
v 91.523758 4.562850 14.034039
v 91.665535 4.598245 14.055719
v 90.333260 3.534726 13.138596
v 91.503761 4.196028 12.719609
v 91.471184 4.143735 12.667707
v 90.816399 4.153413 13.626287
v 91.267349 3.772206 12.495055
v 90.584816 3.978536 13.479865
v 90.991516 3.494823 12.381940
v 90.920410 3.412735 12.350252
v 90.974152 4.275426 13.727736
v 91.055061 4.339658 13.778426
v 91.844116 4.439085 13.136071
v 90.552254 8.214892 11.957837
v 90.758446 9.039734 12.005444
v 90.974747 10.604508 12.321590
v 90.957535 10.484186 12.267446
v 90.983124 10.073435 12.207220
v 89.628632 10.049186 13.258414
v 89.459145 9.352261 13.043079
v 89.425865 9.393337 12.991186
v 89.429939 9.481451 13.017817
v 90.722000 9.045459 11.930462
v 90.722389 8.937318 11.913419
v 89.926888 10.887341 13.500027
v 90.007294 11.069140 13.558977
v 90.617416 5.739250 11.215306
v 90.884087 6.742563 11.064854
v 91.457527 8.641455 11.124705
v 91.385330 8.497034 11.096454
v 91.322563 7.993888 11.022806
v 91.197762 7.966250 13.131207
v 90.814125 7.127534 13.111980
v 90.741898 7.182196 13.100889
v 90.775803 7.289003 13.118932
v 90.785530 6.755090 11.037888
v 90.762772 6.622956 11.023419
v 91.719505 8.971842 13.052685
v 91.851456 9.188950 13.026387
v 90.614059 5.720475 11.218325
v 90.879715 6.719996 11.068441
v 91.450989 8.611712 11.128067
v 91.379074 8.467835 11.099921
v 91.316536 7.966591 11.026552
v 91.192207 7.939059 13.126986
v 90.810020 7.103513 13.107832
v 90.738068 7.157967 13.096781
v 90.771843 7.264370 13.114756
v 90.781532 6.732475 11.041576
v 90.758858 6.600841 11.027164
v 91.711983 8.940849 13.048759
v 91.843430 9.157135 13.022560
v 90.417625 5.189981 12.823586
v 90.545044 6.082351 13.064265
v 90.478165 7.771269 13.572686
v 90.505005 7.642818 13.509174
v 90.571983 7.195309 13.455121
v 88.700363 7.170727 13.293933
v 88.726601 6.424753 12.953296
v 88.738182 6.473371 12.889345
v 88.721329 6.568367 12.919060
v 90.571365 6.093493 12.977282
v 90.584770 5.975969 12.957389
v 88.757751 8.065124 13.759690
v 88.777992 8.258224 13.877633
v 87.822380 8.436173 12.021554
v 87.356659 9.552628 11.962711
v 86.602966 11.658621 11.466335
v 86.675301 11.501978 11.544083
v 86.753105 10.932276 11.683105
v 88.081871 10.927186 9.638151
v 88.548950 10.013678 9.924024
v 88.608490 10.085566 9.972887
v 88.572807 10.203886 9.929292
v 87.438217 9.579449 12.044906
v 87.467690 9.430662 12.080078
v 87.402359 12.014048 9.362394
v 87.231064 12.246189 9.301305
v 89.203888 4.112346 10.580334
v 89.113113 4.613277 10.133538
v 89.194778 5.521069 9.276143
v 89.170593 5.451451 9.358729
v 89.108925 5.185780 9.514438
v 90.654373 5.212290 9.689651
v 90.620438 4.847583 10.162792
v 90.611450 4.886627 10.197364
v 90.626991 4.934386 10.146127
v 89.090797 4.643764 10.205837
v 89.077438 4.585913 10.262624
v 90.623177 5.647038 9.050930
v 90.611122 5.724304 8.878452
v 89.555969 8.708988 11.047566
v 89.586052 9.634851 10.805631
v 89.902512 11.397733 10.535871
v 89.844673 11.261585 10.558231
v 89.784531 10.798373 10.535746
v 91.009811 10.807192 12.024154
v 90.787476 10.021353 12.228925
v 90.729401 10.066856 12.267574
v 90.757401 10.166391 12.261205
v 89.502853 9.640188 10.848959
v 89.485886 9.518283 10.850206
v 91.254662 11.750887 11.672340
v 91.314613 11.955536 11.578163
v 89.828331 6.585039 10.932086
v 89.913376 7.497310 10.666993
v 90.333023 9.223894 10.352795
v 90.267395 9.092577 10.378523
v 90.180023 8.635088 10.368139
v 91.398834 8.609959 11.852250
v 91.130943 7.847348 12.076344
v 91.075890 7.897049 12.113546
v 91.109665 7.994165 12.104649
v 89.830948 7.508700 10.709864
v 89.806824 7.388556 10.714265
v 91.698524 9.524302 11.477631
v 91.770340 9.721707 11.378592
v 88.908928 5.929126 14.034094
v 88.679008 6.902373 14.505095
v 87.917618 8.712397 15.224296
v 88.013138 8.582564 15.162216
v 88.205513 8.084545 15.081703
v 86.561569 7.989405 13.584076
v 86.974915 7.220398 13.156576
v 87.019966 7.294040 13.114221
v 86.964058 7.394789 13.146310
v 88.761536 6.939732 14.445421
v 88.812057 6.810204 14.415998
v 86.109947 8.901466 14.213527
v 86.007820 9.094247 14.371157
v 88.932343 5.403805 11.913437
v 88.738823 6.077486 11.844034
v 88.517433 7.352509 11.526454
v 88.534782 7.255536 11.575531
v 88.524925 6.917696 11.639754
v 89.650772 6.899138 10.777372
v 89.809456 6.335977 10.980700
v 89.835541 6.372680 11.022259
v 89.829819 6.444396 10.997113
v 88.768394 6.085896 11.905940
v 88.771042 5.997175 11.923855
v 89.381790 7.574349 10.546810
v 89.310493 7.720127 10.491328
v 89.348602 2.965439 12.942051
v 89.194962 3.294378 13.199004
v 88.775970 3.890483 13.578884
v 88.824249 3.844768 13.549514
v 88.923065 3.670314 13.501247
v 88.250732 3.687722 12.732437
v 88.476540 3.448236 12.517881
v 88.496193 3.473874 12.505081
v 88.465988 3.505235 12.523066
v 89.237778 3.314397 13.173796
v 89.269386 3.276408 13.152156
v 87.983261 3.973202 13.056153
v 87.912788 4.023938 13.145172
v 90.828835 3.266297 12.312739
v 91.140350 3.640353 12.450075
v 91.627815 4.318220 12.869599
v 91.587898 4.266234 12.819241
v 91.519569 4.067852 12.714501
v 90.746307 4.087648 13.581068
v 90.472504 3.815314 13.356344
v 90.455307 3.844468 13.335960
v 90.479836 3.880131 13.367530
v 91.105896 3.663118 12.405295
v 91.077042 3.619918 12.372660
v 91.149132 4.412283 13.837488
v 91.259476 4.469979 13.904522
v 89.590927 0.997191 12.032014
v 89.614792 0.984357 12.089465
v 89.541145 0.960221 12.103073
v 89.528366 0.986386 12.029968
v 89.613029 0.997191 12.151651
v 89.555328 0.986386 12.175919
v 89.493439 1.000518 12.173749
v 89.468903 0.988416 12.116422
v 89.471336 1.000518 12.054111
v 86.921219 9.006214 12.105047
v 86.928680 8.957994 12.307361
v 86.783524 9.175249 12.290095
v 86.822021 9.172637 12.030440
v 86.921791 9.037544 12.499594
v 86.822540 9.213587 12.546977
v 86.760284 9.397034 12.471049
v 86.715889 9.428230 12.270057
v 86.759712 9.365704 12.076502
v 88.196419 9.167535 12.143461
v 88.203476 9.185195 12.180436
v 88.268997 9.172943 12.174661
v 88.259933 9.155731 12.137528
v 88.204803 9.174498 12.220645
v 88.269814 9.162310 12.215310
v 88.332260 9.143614 12.209404
v 88.332138 9.154089 12.168252
v 88.320412 9.137693 12.131013
v 88.198730 9.137995 12.239431
v 88.260666 9.126417 12.234585
v 88.189514 9.098879 12.229273
v 88.247810 9.088055 12.224690
v 88.301346 9.071962 12.219839
v 88.319023 9.108899 12.229320
v 88.182449 9.081221 12.192299
v 88.238747 9.070843 12.187558
v 88.181122 9.091918 12.152089
v 88.237930 9.081474 12.146908
v 88.289505 9.066040 12.141448
v 88.289627 9.055566 12.182600
v 88.187202 9.128422 12.133304
v 88.247086 9.117369 12.127634
v 88.302734 9.100758 12.121532
v 88.080887 9.186520 12.153964
v 88.086922 9.204140 12.190379
v 88.143066 9.195123 12.185600
v 88.136871 9.177382 12.148879
v 88.088470 9.193557 12.229858
v 88.144600 9.184457 12.225428
v 88.083908 9.157270 12.248173
v 88.139816 9.147905 12.243920
v 88.076500 9.118345 12.238028
v 88.132133 9.108706 12.233707
v 88.070473 9.100723 12.201612
v 88.125938 9.090964 12.196986
v 88.068924 9.111307 12.162134
v 88.124405 9.101630 12.157160
v 88.073486 9.147593 12.143819
v 88.129189 9.138180 12.138666
v 87.973335 9.204033 12.163731
v 87.979263 9.221357 12.199533
v 88.032555 9.212835 12.195002
v 88.026573 9.195364 12.158896
v 87.980789 9.210954 12.238348
v 88.034088 9.202343 12.234146
v 87.976303 9.175277 12.256355
v 88.029564 9.166365 12.252305
v 87.969025 9.137005 12.246381
v 88.022224 9.127769 12.242247
v 87.963089 9.119680 12.210578
v 88.016243 9.110297 12.206141
v 87.961571 9.130086 12.171763
v 88.014709 9.120790 12.166997
v 87.966057 9.165763 12.153756
v 88.019234 9.156769 12.148837
v 87.869278 9.220980 12.173180
v 87.875114 9.238018 12.208389
v 87.926834 9.229746 12.203992
v 87.920952 9.212564 12.168488
v 87.876610 9.227785 12.246562
v 87.928337 9.219427 12.242483
v 87.872192 9.192699 12.264272
v 87.923889 9.184048 12.260341
v 87.865036 9.155062 12.254462
v 87.916672 9.146095 12.250450
v 87.859200 9.138023 12.219253
v 87.910789 9.128914 12.214945
v 87.857704 9.148254 12.181079
v 87.909286 9.139234 12.176454
v 87.862122 9.183342 12.163370
v 87.913727 9.174613 12.158596
v 87.767685 9.237525 12.182405
v 87.773422 9.254284 12.217037
v 87.823997 9.246193 12.212736
v 87.818214 9.229296 12.177816
v 87.774895 9.244219 12.254582
v 87.825485 9.236046 12.250593
v 87.770554 9.209709 12.272000
v 87.821106 9.201248 12.268156
v 87.763512 9.172688 12.262352
v 87.814003 9.163920 12.258429
v 87.757774 9.155931 12.227721
v 87.808220 9.147023 12.223509
v 87.756302 9.165995 12.190175
v 87.806740 9.157172 12.185651
v 87.760643 9.200504 12.172756
v 87.811111 9.191969 12.168088
v 87.667992 9.253759 12.191458
v 87.673637 9.270245 12.225522
v 87.723312 9.262299 12.221298
v 87.717621 9.245676 12.186951
v 87.675079 9.260344 12.262452
v 87.724770 9.252316 12.258534
v 87.670815 9.226400 12.279585
v 87.720474 9.218090 12.275809
v 87.663887 9.189986 12.270095
v 87.713486 9.181374 12.266240
v 87.658241 9.173502 12.236031
v 87.707794 9.164754 12.231894
v 87.656799 9.183403 12.199100
v 87.706337 9.174737 12.194657
v 87.661064 9.217346 12.181968
v 87.710640 9.208961 12.177382
v 87.569839 9.269743 12.200370
v 87.575394 9.285958 12.233875
v 87.624336 9.278129 12.229713
v 87.618736 9.261780 12.195930
v 87.576820 9.276219 12.270200
v 87.625771 9.268310 12.266340
v 87.572617 9.242832 12.287051
v 87.621536 9.234644 12.283332
v 87.565811 9.207017 12.277717
v 87.614670 9.198532 12.273920
v 87.560257 9.190804 12.244212
v 87.609070 9.182183 12.240136
v 87.558830 9.200541 12.207888
v 87.607635 9.192001 12.203509
v 87.563034 9.233929 12.191035
v 87.611870 9.225666 12.186518
v 87.473000 9.285515 12.209164
v 87.478455 9.301462 12.242119
v 87.526772 9.293732 12.238009
v 87.521271 9.277653 12.204781
v 87.479858 9.291883 12.277845
v 87.528183 9.284076 12.274035
v 87.475731 9.259047 12.294419
v 87.524025 9.250964 12.290747
v 87.469025 9.223819 12.285238
v 87.517265 9.215444 12.281489
v 87.463570 9.207872 12.252285
v 87.511757 9.199364 12.248260
v 87.462166 9.217449 12.216558
v 87.510353 9.209023 12.212236
v 87.466293 9.250288 12.199984
v 87.514511 9.242134 12.195523
v 87.377274 9.301104 12.217856
v 87.382637 9.316786 12.250266
v 87.430420 9.309145 12.246203
v 87.425003 9.293331 12.213522
v 87.384018 9.307367 12.285401
v 87.431808 9.299646 12.281633
v 87.379959 9.275073 12.301702
v 87.427711 9.267082 12.298071
v 87.373367 9.240430 12.292673
v 87.421066 9.232149 12.288966
v 87.367996 9.224748 12.260264
v 87.415649 9.216333 12.256285
v 87.366623 9.234165 12.225128
v 87.414261 9.225831 12.220855
v 87.370682 9.266460 12.208828
v 87.418358 9.258397 12.204418
v 87.282532 9.316532 12.226460
v 87.287811 9.331954 12.258329
v 87.335114 9.324389 12.254307
v 87.329781 9.308838 12.222169
v 87.289162 9.322692 12.292881
v 87.336472 9.315048 12.289150
v 87.285172 9.290936 12.308910
v 87.332451 9.283024 12.305314
v 87.278687 9.256867 12.300031
v 87.325912 9.248669 12.296361
v 87.273407 9.241446 12.268162
v 87.320587 9.233116 12.264222
v 87.272057 9.250708 12.233610
v 87.319221 9.242458 12.229380
v 87.276047 9.282466 12.217581
v 87.323250 9.274483 12.213215
v 87.187355 9.331841 12.235079
v 87.191673 9.347018 12.266477
v 87.240456 9.339489 12.262352
v 87.235329 9.324196 12.230743
v 87.193329 9.337906 12.300426
v 87.241837 9.330305 12.296611
v 87.190880 9.306658 12.316078
v 87.238068 9.298811 12.312491
v 87.186203 9.273132 12.307225
v 87.231850 9.265027 12.303672
v 87.181877 9.257955 12.275827
v 87.226723 9.249733 12.272062
v 87.180229 9.267067 12.241879
v 87.225342 9.258917 12.237804
v 87.182671 9.298316 12.226227
v 87.229118 9.290412 12.221924
v 87.022720 9.366134 12.182755
v 87.013527 9.405098 12.270141
v 87.131104 9.359937 12.270151
v 87.129807 9.341860 12.231859
v 87.025826 9.381092 12.362744
v 87.134560 9.349010 12.311180
v 87.055054 9.299939 12.403449
v 87.138329 9.311687 12.329702
v 87.083130 9.213176 12.376657
v 87.140305 9.271679 12.318480
v 87.092323 9.174213 12.289271
v 87.139008 9.253601 12.280188
v 87.080032 9.198218 12.196668
v 87.135559 9.264526 12.239159
v 87.050797 9.279372 12.155964
v 87.131790 9.301851 12.220636
v 89.329224 7.956251 11.982359
v 89.355843 7.967465 12.028797
v 89.389999 7.900262 12.025827
v 89.362900 7.889668 11.979053
v 89.348824 7.961953 12.082718
v 89.382202 7.896511 12.080159
v 89.410164 7.825612 12.080262
v 89.418884 7.826915 12.025554
v 89.391251 7.817203 11.978420
v 89.307640 7.940722 12.111512
v 89.339302 7.878663 12.109192
v 89.259117 7.917353 12.102672
v 89.289162 7.858251 12.100310
v 89.313232 7.796240 12.100464
v 89.365242 7.812502 12.109459
v 89.232506 7.906139 12.056233
v 89.262070 7.847654 12.053536
v 89.239525 7.911651 12.002313
v 89.269867 7.851406 11.999206
v 89.294319 7.787831 11.998622
v 89.285606 7.786529 12.053330
v 89.280701 7.932882 11.973518
v 89.312767 7.869254 11.970172
v 89.339241 7.800941 11.969425
v 89.264793 8.077440 11.989521
v 89.290901 8.088820 12.035308
v 89.322662 8.029637 12.032100
v 89.296356 8.018219 11.985990
v 89.284325 8.082552 12.088458
v 89.316002 8.023430 12.085628
v 89.244408 8.059980 12.116826
v 89.275711 8.000908 12.114198
v 89.197166 8.035492 12.108092
v 89.228065 7.976430 12.105406
v 89.171059 8.024113 12.062305
v 89.201759 7.965013 12.059295
v 89.177635 8.030381 12.009155
v 89.208427 7.971218 12.005768
v 89.217552 8.052952 11.980787
v 89.248711 7.993741 11.977197
v 89.203026 8.193218 11.996447
v 89.228767 8.204441 12.041597
v 89.259674 8.146925 12.038469
v 89.233749 8.135624 11.993001
v 89.222282 8.198259 12.094010
v 89.253143 8.140700 12.091249
v 89.182922 8.176001 12.121984
v 89.213509 8.118287 12.119418
v 89.136337 8.151854 12.113372
v 89.166595 8.093969 12.110745
v 89.110596 8.140632 12.068220
v 89.140671 8.082670 12.065278
v 89.117081 8.146812 12.015808
v 89.147209 8.088895 12.012499
v 89.156441 8.169071 11.987834
v 89.186844 8.111307 11.984328
v 89.142288 8.307068 12.003256
v 89.167679 8.318134 12.047783
v 89.198120 8.261485 12.044702
v 89.172554 8.250343 11.999863
v 89.161285 8.312038 12.099470
v 89.191673 8.255347 12.096750
v 89.122467 8.290090 12.127057
v 89.152588 8.233244 12.124530
v 89.076523 8.266275 12.118564
v 89.106331 8.209265 12.115977
v 89.051140 8.255211 12.074038
v 89.080765 8.198122 12.071139
v 89.057533 8.261304 12.022349
v 89.087204 8.204258 12.019090
v 89.096352 8.283255 11.994762
v 89.126289 8.226362 11.991310
v 89.082291 8.419538 12.009983
v 89.107323 8.430450 12.053893
v 89.137421 8.374443 12.050846
v 89.112213 8.363453 12.006628
v 89.101021 8.424440 12.104864
v 89.131073 8.368391 12.102175
v 89.062737 8.402794 12.132069
v 89.092522 8.346594 12.129569
v 89.017441 8.379311 12.123693
v 89.046906 8.322945 12.121136
v 88.992401 8.368399 12.079782
v 89.021690 8.311955 12.076918
v 88.998711 8.374410 12.028811
v 89.028046 8.318008 12.025590
v 89.036987 8.396055 12.001607
v 89.066589 8.339805 11.998194
v 89.021957 8.532290 12.016755
v 89.046310 8.543552 12.060094
v 89.077217 8.486424 12.056944
v 89.052399 8.475525 12.013335
v 89.040436 8.537111 12.110314
v 89.070999 8.480392 12.107553
v 89.003593 8.514411 12.137031
v 89.033096 8.458727 12.134555
v 88.959824 8.489902 12.128663
v 88.988228 8.435238 12.126225
v 88.935471 8.478640 12.085323
v 88.963409 8.424338 12.082616
v 88.941345 8.485081 12.035104
v 88.969627 8.430371 12.032005
v 88.978188 8.507781 12.008388
v 89.007530 8.452036 12.005005
v 88.950890 8.644520 12.025806
v 88.973099 8.658014 12.068678
v 89.013008 8.602138 12.063648
v 88.989555 8.589901 12.020535
v 88.969109 8.649206 12.117868
v 89.007912 8.594660 12.113413
v 88.937592 8.620347 12.143557
v 88.973289 8.569270 12.139696
v 88.899239 8.589730 12.134721
v 88.931786 8.542091 12.131150
v 88.877029 8.576234 12.091849
v 88.908333 8.529854 12.088037
v 88.881020 8.585041 12.042659
v 88.913429 8.537329 12.038273
v 88.912537 8.613901 12.016972
v 88.948044 8.562723 12.011990
v 89.554512 5.291495 12.020881
v 89.598518 5.291588 12.094037
v 89.602997 5.156381 12.092482
v 89.557938 5.156070 12.017569
v 89.583580 5.290695 12.178088
v 89.587708 5.155412 12.178548
v 89.591919 5.020094 12.178601
v 89.607468 5.021150 12.091088
v 89.561653 5.020547 12.014914
v 89.510437 5.289228 12.222093
v 89.512810 5.153584 12.223604
v 89.426392 5.288064 12.207143
v 89.426758 5.152001 12.208293
v 89.428291 5.015670 12.208839
v 89.515778 5.017797 12.224412
v 89.382385 5.287970 12.133986
v 89.381699 5.151691 12.133381
v 89.397324 5.288864 12.049934
v 89.396996 5.152659 12.047314
v 89.398026 5.016122 12.045152
v 89.382477 5.015066 12.132665
v 89.470467 5.290329 12.005931
v 89.471886 5.154488 12.002257
v 89.474167 5.018419 11.999342
v 89.548599 5.528572 12.026866
v 89.590675 5.528563 12.096809
v 89.594429 5.415036 12.095482
v 89.551430 5.415032 12.024000
v 89.576393 5.527733 12.177171
v 89.579834 5.414186 12.177610
v 89.506454 5.526482 12.219243
v 89.508362 5.412886 12.220608
v 89.426102 5.525544 12.204951
v 89.426239 5.411905 12.206000
v 89.384018 5.525554 12.135008
v 89.383232 5.411901 12.134520
v 89.398300 5.526382 12.054646
v 89.397835 5.412752 12.052392
v 89.468239 5.527634 12.012574
v 89.469307 5.414051 12.009395
v 89.543297 5.741050 12.032228
v 89.583641 5.741042 12.099295
v 89.587097 5.636683 12.098074
v 89.545898 5.636691 12.029594
v 89.569946 5.740246 12.176351
v 89.573112 5.635871 12.176754
v 89.502892 5.739046 12.216692
v 89.504639 5.634645 12.217945
v 89.425835 5.738148 12.202988
v 89.425964 5.633728 12.203953
v 89.385490 5.738156 12.135922
v 89.384766 5.633736 12.135473
v 89.399185 5.738951 12.058867
v 89.398750 5.634548 12.056794
v 89.466240 5.740151 12.018524
v 89.467224 5.635773 12.015602
v 89.538292 5.941512 12.037288
v 89.577011 5.941504 12.101640
v 89.580284 5.842483 12.100481
v 89.540764 5.842490 12.034788
v 89.563866 5.940742 12.175576
v 89.566872 5.841703 12.175959
v 89.499527 5.939590 12.214285
v 89.501183 5.840528 12.215474
v 89.425591 5.938727 12.201136
v 89.425713 5.839648 12.202051
v 89.386879 5.938736 12.136785
v 89.386192 5.839656 12.136358
v 89.400017 5.939499 12.062847
v 89.399605 5.840434 12.060881
v 89.464363 5.940650 12.024138
v 89.465294 5.841610 12.021365
v 89.533501 6.133711 12.042138
v 89.570648 6.133704 12.103888
v 89.573799 6.038490 12.102774
v 89.535873 6.038498 12.039736
v 89.558037 6.132971 12.174834
v 89.560928 6.037744 12.175201
v 89.496300 6.131866 12.211977
v 89.497894 6.036615 12.213120
v 89.425354 6.131038 12.199360
v 89.425468 6.035770 12.200239
v 89.388206 6.131047 12.137610
v 89.387543 6.035778 12.137201
v 89.400810 6.131779 12.066665
v 89.400421 6.036525 12.064774
v 89.462555 6.132883 12.029521
v 89.463448 6.037653 12.026855
v 89.528862 6.319637 12.046830
v 89.564491 6.319630 12.106062
v 89.567551 6.227363 12.104983
v 89.531166 6.227370 12.044502
v 89.552399 6.318927 12.174116
v 89.555199 6.226646 12.174472
v 89.493172 6.317867 12.209744
v 89.494720 6.225563 12.210853
v 89.425125 6.317073 12.197641
v 89.425240 6.224752 12.198494
v 89.389488 6.317080 12.138411
v 89.388847 6.224760 12.138014
v 89.401588 6.317783 12.070356
v 89.401199 6.225477 12.068524
v 89.460808 6.318843 12.034728
v 89.461678 6.226559 12.032144
v 89.524345 6.500532 12.051395
v 89.558510 6.500524 12.108178
v 89.561485 6.410646 12.107126
v 89.526588 6.410654 12.049128
v 89.546913 6.499851 12.173417
v 89.549637 6.409960 12.173764
v 89.490135 6.498835 12.207573
v 89.491646 6.408920 12.208652
v 89.424896 6.498073 12.195971
v 89.425011 6.408143 12.196800
v 89.390739 6.498081 12.139189
v 89.390121 6.408151 12.138802
v 89.402336 6.498754 12.073949
v 89.401962 6.408838 12.072164
v 89.459106 6.499770 12.039793
v 89.459953 6.409876 12.037276
v 89.519943 6.677059 12.055859
v 89.552643 6.677752 12.110235
v 89.555565 6.589424 12.109216
v 89.522133 6.589344 12.053638
v 89.541519 6.677524 12.172719
v 89.544212 6.588817 12.173072
v 89.487137 6.676381 12.205438
v 89.488640 6.587801 12.206504
v 89.424675 6.675064 12.194334
v 89.424789 6.586983 12.195148
v 89.391983 6.674371 12.139957
v 89.391357 6.586902 12.139571
v 89.403107 6.674600 12.077475
v 89.402710 6.587509 12.075715
v 89.457481 6.675742 12.044755
v 89.458282 6.588526 12.042282
v 89.512970 6.849819 12.056992
v 89.544235 6.853989 12.109178
v 89.549400 6.765903 12.110853
v 89.517456 6.763725 12.057653
v 89.533440 6.855852 12.169196
v 89.538475 6.766572 12.172001
v 89.481201 6.853907 12.200678
v 89.485260 6.765091 12.204038
v 89.421288 6.849698 12.190084
v 89.424164 6.762542 12.193194
v 89.390015 6.845529 12.137897
v 89.392220 6.760363 12.139995
v 89.400810 6.843667 12.077878
v 89.403145 6.759696 12.078847
v 89.453056 6.845612 12.046396
v 89.456360 6.761177 12.046810
v 89.638535 2.800495 12.008559
v 89.679932 2.801433 12.077429
v 89.682877 2.704016 12.076885
v 89.641663 2.703411 12.008339
v 89.665878 2.800495 12.156546
v 89.668877 2.703411 12.155635
v 89.670471 2.606520 12.155192
v 89.684448 2.606678 12.076595
v 89.643303 2.606519 12.008183
v 89.597054 2.797995 12.197957
v 89.600357 2.701796 12.196856
v 89.517982 2.795494 12.183873
v 89.521637 2.700181 12.182840
v 89.523491 2.605673 12.182350
v 89.602074 2.606096 12.196336
v 89.476578 2.794556 12.115003
v 89.480423 2.699575 12.114293
v 89.490639 2.795494 12.035886
v 89.494423 2.700181 12.035544
v 89.496323 2.605673 12.035340
v 89.482346 2.605515 12.113937
v 89.559456 2.797995 11.994474
v 89.562935 2.701796 11.994324
v 89.564720 2.606096 11.994197
v 89.631477 3.003222 12.009039
v 89.673317 3.004324 12.078650
v 89.676674 2.901583 12.078032
v 89.635056 2.900505 12.008796
v 89.659111 3.003222 12.158621
v 89.662544 2.900505 12.157568
v 89.589561 3.000280 12.200476
v 89.593369 2.897630 12.199198
v 89.509644 2.997338 12.186238
v 89.513878 2.894756 12.185038
v 89.467796 2.996235 12.116626
v 89.472260 2.893678 12.115802
v 89.482002 2.997338 12.036656
v 89.486389 2.894756 12.036264
v 89.551559 3.000280 11.994801
v 89.555565 2.897630 11.994636
v 89.624138 3.213836 12.009536
v 89.666443 3.214951 12.079922
v 89.669907 3.108908 12.079282
v 89.627831 3.107799 12.009286
v 89.652084 3.213836 12.160778
v 89.655624 3.107799 12.159692
v 89.581757 3.210862 12.203098
v 89.585686 3.104841 12.201778
v 89.500954 3.207887 12.188703
v 89.505325 3.101883 12.187462
v 89.458641 3.206772 12.118318
v 89.463249 3.100774 12.117466
v 89.473007 3.207887 12.037460
v 89.477539 3.101883 12.037056
v 89.543327 3.210862 11.995141
v 89.547470 3.104841 11.994969
v 89.616623 3.429327 12.010045
v 89.659409 3.430455 12.081221
v 89.662941 3.322189 12.080568
v 89.620399 3.321068 12.009789
v 89.644882 3.429327 12.162986
v 89.648499 3.321068 12.161877
v 89.573769 3.426320 12.205782
v 89.577782 3.318077 12.204433
v 89.492058 3.423312 12.191224
v 89.496529 3.315086 12.189958
v 89.449272 3.422184 12.120049
v 89.453979 3.313964 12.119179
v 89.463799 3.423312 12.038283
v 89.468422 3.315086 12.037870
v 89.534912 3.426320 11.995488
v 89.539146 3.318077 11.995314
v 89.608994 3.648441 12.010563
v 89.652260 3.649581 12.082542
v 89.655846 3.539617 12.081880
v 89.612823 3.538483 12.010303
v 89.637573 3.648441 12.165231
v 89.641243 3.538483 12.164104
v 89.565651 3.645399 12.208509
v 89.569725 3.535458 12.207141
v 89.483017 3.642357 12.193789
v 89.487556 3.532434 12.192502
v 89.439751 3.641217 12.121809
v 89.444527 3.531299 12.120925
v 89.454437 3.642357 12.039120
v 89.459137 3.532434 12.038700
v 89.526360 3.645399 11.995841
v 89.530655 3.535458 11.995664
v 89.601257 3.870460 12.011087
v 89.645012 3.871614 12.083881
v 89.648643 3.760267 12.083210
v 89.605133 3.759120 12.010824
v 89.630157 3.870460 12.167506
v 89.633873 3.759120 12.166365
v 89.557426 3.867384 12.211274
v 89.561554 3.756061 12.209888
v 89.473854 3.864307 12.196386
v 89.478447 3.753002 12.195084
v 89.430099 3.863154 12.123592
v 89.434937 3.751855 12.122698
v 89.444954 3.864308 12.039968
v 89.449707 3.753002 12.039542
v 89.517685 3.867383 11.996199
v 89.522034 3.756061 11.996019
v 89.593437 4.094914 12.011618
v 89.637688 4.096081 12.085236
v 89.641357 3.983566 12.084557
v 89.597351 3.982406 12.011353
v 89.622665 4.094914 12.169806
v 89.626419 3.982406 12.168653
v 89.549110 4.091804 12.214069
v 89.553276 3.979312 12.212668
v 89.464592 4.088693 12.199013
v 89.469238 3.976219 12.197696
v 89.420341 4.087526 12.125395
v 89.425232 3.975059 12.124491
v 89.435364 4.088693 12.040825
v 89.440170 3.976219 12.040395
v 89.508919 4.091804 11.996561
v 89.513313 3.979312 11.996380
v 89.585541 4.321471 12.012153
v 89.630287 4.322650 12.086601
v 89.633995 4.209120 12.085917
v 89.589493 4.207947 12.011885
v 89.615097 4.321471 12.172127
v 89.618889 4.207947 12.170963
v 89.540710 4.318325 12.216890
v 89.544922 4.204818 12.215476
v 89.455246 4.315179 12.201663
v 89.459930 4.201690 12.200335
v 89.410492 4.313999 12.127214
v 89.415428 4.200517 12.126303
v 89.425682 4.315178 12.041690
v 89.430534 4.201690 12.041256
v 89.500069 4.318325 11.996926
v 89.504501 4.204818 11.996743
v 89.577583 4.549876 12.012692
v 89.622833 4.551069 12.087979
v 89.626572 4.436642 12.087289
v 89.581566 4.435455 12.012423
v 89.607475 4.549876 12.174466
v 89.611290 4.435456 12.173295
v 89.532249 4.546695 12.219734
v 89.536491 4.432292 12.218309
v 89.445816 4.543513 12.204335
v 89.450539 4.429128 12.202997
v 89.400558 4.542321 12.129049
v 89.405533 4.427942 12.128130
v 89.415924 4.543514 12.042562
v 89.420815 4.429129 12.042125
v 89.491150 4.546695 11.997294
v 89.495621 4.432292 11.997110
v 89.569565 4.779805 12.013235
v 89.615334 4.780909 12.089365
v 89.619087 4.665881 12.088672
v 89.573578 4.664694 12.012964
v 89.599800 4.779728 12.176823
v 89.603638 4.664684 12.175643
v 89.523727 4.776667 12.222598
v 89.527992 4.661505 12.221164
v 89.436325 4.773635 12.207028
v 89.441078 4.658328 12.205680
v 89.390556 4.772531 12.130898
v 89.395569 4.657141 12.129972
v 89.406090 4.773712 12.043442
v 89.411018 4.658338 12.043000
v 89.482162 4.776772 11.997666
v 89.486664 4.661517 11.997479
v 89.611534 4.897248 12.090100
v 89.565567 4.896355 12.013648
v 89.595924 4.896116 12.177930
v 89.519524 4.893371 12.223903
v 89.431732 4.890717 12.208270
v 89.385765 4.889824 12.131818
v 89.401375 4.890956 12.043988
v 89.477776 4.893700 11.998015
v 89.611206 1.165136 12.008280
v 89.655502 1.164311 12.081944
v 89.648613 1.058532 12.083216
v 89.605949 1.060557 12.012356
v 89.640457 1.165136 12.166572
v 89.634087 1.060558 12.164644
v 89.566826 1.167337 12.210870
v 89.563232 1.061446 12.207359
v 89.482224 1.169538 12.195808
v 89.481857 1.064793 12.192773
v 89.437935 1.170363 12.122145
v 89.439117 1.064360 12.121925
v 89.452972 1.169538 12.037517
v 89.453712 1.064792 12.040484
v 89.526611 1.167337 11.993218
v 89.524506 1.061446 11.997781
v 89.616295 1.380920 12.008254
v 89.660088 1.380104 12.081096
v 89.657822 1.273331 12.081515
v 89.613777 1.274152 12.008266
v 89.645210 1.380920 12.164779
v 89.642860 1.274152 12.165666
v 89.572403 1.383097 12.208582
v 89.569641 1.276340 12.209714
v 89.488747 1.385273 12.193689
v 89.485519 1.278529 12.194737
v 89.444946 1.386089 12.120848
v 89.441475 1.279350 12.121490
v 89.459824 1.385273 12.037165
v 89.456436 1.278529 12.037339
v 89.532639 1.383097 11.993361
v 89.529655 1.276340 11.993291
v 89.621239 1.590841 12.008229
v 89.664551 1.590033 12.080271
v 89.662331 1.485553 12.080681
v 89.618774 1.486364 12.008242
v 89.649841 1.590841 12.163034
v 89.647537 1.486365 12.163902
v 89.577835 1.592993 12.206357
v 89.575134 1.488529 12.207464
v 89.495094 1.595146 12.191628
v 89.491936 1.490694 12.192654
v 89.451775 1.595953 12.119586
v 89.448380 1.491505 12.120214
v 89.466492 1.595146 12.036822
v 89.463173 1.490693 12.036993
v 89.538498 1.592993 11.993500
v 89.535583 1.488529 11.993430
v 89.626114 1.797594 12.008204
v 89.668953 1.796796 12.079457
v 89.666763 1.693741 12.079863
v 89.623680 1.694544 12.008217
v 89.654404 1.797594 12.161317
v 89.652130 1.694544 12.162173
v 89.583176 1.799723 12.204165
v 89.580513 1.696685 12.205258
v 89.501343 1.801852 12.189597
v 89.498230 1.698826 12.190609
v 89.458504 1.802651 12.118343
v 89.455154 1.699628 12.118962
v 89.473053 1.801852 12.036485
v 89.469780 1.698826 12.036653
v 89.544281 1.799723 11.993636
v 89.541397 1.696685 11.993567
v 89.630928 2.002079 12.008180
v 89.673302 2.001289 12.078654
v 89.671135 1.899290 12.079055
v 89.628525 1.900084 12.008192
v 89.658913 2.002079 12.159617
v 89.656662 1.900084 12.160465
v 89.588463 2.004184 12.201998
v 89.585831 1.902201 12.203079
v 89.507530 2.006290 12.187589
v 89.504440 1.904319 12.188591
v 89.465157 2.007080 12.117114
v 89.461838 1.905113 12.117727
v 89.479546 2.006290 12.036151
v 89.476311 1.904319 12.036317
v 89.549988 2.004185 11.993771
v 89.547142 1.902201 11.993703
v 89.635704 2.204790 12.008155
v 89.677612 2.204009 12.077857
v 89.675461 2.102849 12.078255
v 89.633324 2.103634 12.008167
v 89.663376 2.204790 12.157934
v 89.661148 2.103634 12.158774
v 89.593704 2.206873 12.199850
v 89.591095 2.105728 12.200922
v 89.513657 2.208955 12.185598
v 89.510597 2.107822 12.186592
v 89.471748 2.209736 12.115896
v 89.468452 2.108608 12.116505
v 89.485985 2.208955 12.035820
v 89.482773 2.107822 12.035985
v 89.555656 2.206873 11.993904
v 89.552826 2.105728 11.993837
v 89.640450 2.406456 12.008130
v 89.681900 2.405837 12.077065
v 89.679756 2.304878 12.077461
v 89.638077 2.305636 12.008143
v 89.667824 2.406456 12.156261
v 89.665604 2.305636 12.157096
v 89.598907 2.408106 12.197717
v 89.596313 2.307656 12.198781
v 89.519737 2.409756 12.183622
v 89.516701 2.309676 12.184608
v 89.478287 2.410374 12.114688
v 89.475021 2.310433 12.115291
v 89.492371 2.409755 12.035492
v 89.489182 2.309676 12.035655
v 89.561279 2.408106 11.994037
v 89.558472 2.307656 11.993971
v 89.683830 2.506941 12.076710
v 89.642586 2.507229 12.008127
v 89.669815 2.507230 12.155502
v 89.601250 2.507997 12.196747
v 89.522469 2.508764 12.182727
v 89.481232 2.509052 12.114144
v 89.495239 2.508764 12.035352
v 89.563805 2.507997 11.994106
v 86.826668 9.477362 12.265928
v 86.856911 9.396259 12.086296
v 86.858398 9.425882 12.456143
v 86.929802 9.261667 12.543139
v 87.004326 9.087385 12.483183
v 87.030930 9.004604 12.303681
v 87.002838 9.057760 12.113336
v 86.927795 9.220299 12.026470
v 89.495499 7.020324 12.045187
v 89.525864 7.027874 12.096121
v 89.535912 6.941767 12.103718
v 89.505165 6.935637 12.052262
v 89.515129 7.031758 12.154810
v 89.525162 6.944803 12.162955
v 89.464005 7.029016 12.185705
v 89.473579 6.942395 12.194086
v 89.405518 7.021984 12.175492
v 89.414505 6.936550 12.183706
v 89.375153 7.014434 12.124558
v 89.383759 6.930420 12.132250
v 89.385895 7.010550 12.065869
v 89.394508 6.927384 12.073012
v 89.437012 7.013294 12.034974
v 89.446091 6.929792 12.041883
v 89.476158 7.184164 12.030721
v 89.506004 7.192288 12.080848
v 89.515816 7.111137 12.088391
v 89.485733 7.103041 12.037883
v 89.495392 7.196523 12.138635
v 89.505127 7.115351 12.146614
v 89.445053 7.193655 12.169081
v 89.454399 7.112484 12.177286
v 89.387489 7.186152 12.159060
v 89.396408 7.105000 12.167185
v 89.357635 7.178030 12.108932
v 89.366325 7.096901 12.116676
v 89.368248 7.173795 12.051146
v 89.377014 7.092686 12.058454
v 89.418594 7.176663 12.020700
v 89.427734 7.095554 12.027781
v 89.457329 7.343681 12.016640
v 89.486740 7.351685 12.066030
v 89.496330 7.272358 12.073404
v 89.466698 7.264296 12.023647
v 89.476288 7.355858 12.122965
v 89.485794 7.276561 12.130763
v 89.426682 7.353033 12.152963
v 89.435822 7.273715 12.160984
v 89.369972 7.345640 12.143088
v 89.378685 7.266268 12.151037
v 89.340561 7.337636 12.093699
v 89.349060 7.258204 12.101280
v 89.351013 7.333464 12.036764
v 89.359596 7.254001 12.043921
v 89.400620 7.336290 12.006766
v 89.409569 7.256849 12.013700
v 89.438789 7.500769 12.002773
v 89.467773 7.508654 12.051435
v 89.477226 7.430419 12.058709
v 89.448029 7.422476 12.009685
v 89.457466 7.512764 12.107534
v 89.466850 7.434561 12.115225
v 89.408592 7.509981 12.137091
v 89.417610 7.431756 12.145001
v 89.352715 7.502698 12.127362
v 89.361313 7.424420 12.135201
v 89.323738 7.494811 12.078699
v 89.332123 7.416475 12.086175
v 89.334038 7.490701 12.022601
v 89.342499 7.412333 12.029660
v 89.382912 7.493484 11.993044
v 89.391739 7.415139 11.999884
v 89.420052 7.658044 11.988944
v 89.448532 7.666161 12.036867
v 89.458313 7.586743 12.044186
v 89.429550 7.578873 11.995886
v 89.438568 7.669317 12.092192
v 89.448105 7.590712 12.099875
v 89.390785 7.664815 12.121417
v 89.399635 7.587729 12.129227
v 89.336060 7.656085 12.111925
v 89.344215 7.580305 12.119581
v 89.307579 7.647969 12.064003
v 89.315460 7.572434 12.071281
v 89.317543 7.644812 12.008678
v 89.325661 7.568464 12.015592
v 89.365326 7.649314 11.979452
v 89.374130 7.571448 11.986240
v 89.437119 7.747525 12.029869
v 89.409012 7.738730 11.982344
v 89.427650 7.748760 12.084888
v 89.381042 7.740559 12.114106
v 89.327454 7.728598 12.104871
v 89.299355 7.719804 12.057345
v 89.308823 7.718568 12.002326
v 89.355423 7.726769 11.973108
v 88.851891 8.734596 12.042028
v 88.871574 8.749914 12.084177
v 88.923927 8.707075 12.075940
v 88.903099 8.692468 12.033390
v 88.869728 8.739123 12.131914
v 88.921143 8.697072 12.124415
v 88.844360 8.705162 12.156219
v 88.893036 8.665120 12.149383
v 88.812302 8.669503 12.146815
v 88.858162 8.631440 12.140215
v 88.792618 8.654186 12.104666
v 88.837334 8.616831 12.097665
v 88.794464 8.664976 12.056929
v 88.840118 8.626833 12.049190
v 88.819832 8.698938 12.032624
v 88.868225 8.658788 12.024222
v 88.757820 8.808770 12.058110
v 88.776611 8.824130 12.099306
v 88.822594 8.788313 12.091974
v 88.803513 8.772822 12.050288
v 88.775238 8.813179 12.145828
v 88.821144 8.777285 12.139069
v 88.751610 8.778925 12.169379
v 88.797089 8.742757 12.162926
v 88.721451 8.743017 12.160035
v 88.766418 8.706558 12.153490
v 88.702660 8.727657 12.118840
v 88.747345 8.691065 12.111805
v 88.704033 8.738609 12.072317
v 88.748787 8.702093 12.064710
v 88.727661 8.772863 12.048767
v 88.772850 8.736621 12.040853
v 88.669540 8.878164 12.073228
v 88.687889 8.893164 12.113457
v 88.731873 8.858938 12.106441
v 88.713303 8.843761 12.065733
v 88.686546 8.882467 12.158888
v 88.730522 8.848116 12.152412
v 88.663475 8.849017 12.181885
v 88.707176 8.814265 12.175685
v 88.634026 8.813951 12.172760
v 88.677368 8.778784 12.166451
v 88.615677 8.798954 12.132532
v 88.658798 8.763605 12.125744
v 88.617020 8.809648 12.087101
v 88.660156 8.774429 12.079772
v 88.640091 8.843100 12.064103
v 88.683502 8.808278 12.056500
v 88.583687 8.945649 12.087930
v 88.601608 8.960298 12.127218
v 88.644501 8.926923 12.120377
v 88.626366 8.912102 12.080622
v 88.600296 8.949853 12.171587
v 88.643173 8.916357 12.165274
v 88.577766 8.917183 12.194047
v 88.620377 8.883297 12.188002
v 88.549004 8.882938 12.185136
v 88.591270 8.848646 12.178984
v 88.531082 8.868290 12.145847
v 88.573135 8.833823 12.139228
v 88.532394 8.878734 12.101479
v 88.574455 8.844392 12.094332
v 88.554924 8.911403 12.079019
v 88.597260 8.877449 12.071604
v 88.499550 9.011784 12.102338
v 88.517052 9.026089 12.140704
v 88.559143 8.993340 12.133991
v 88.541435 8.978863 12.095165
v 88.515770 9.015889 12.184032
v 88.557846 8.983017 12.177837
v 88.493767 8.983987 12.205966
v 88.535583 8.950733 12.200033
v 88.465683 8.950544 12.197264
v 88.507156 8.916890 12.191227
v 88.448181 8.936239 12.158897
v 88.489449 8.902416 12.152401
v 88.449455 8.946440 12.115569
v 88.490738 8.912737 12.108555
v 88.471458 8.978342 12.093636
v 88.513008 8.945022 12.086359
v 88.415657 9.077535 12.116665
v 88.431931 9.092001 12.154237
v 88.475060 9.058727 12.147397
v 88.457863 9.044528 12.109471
v 88.430901 9.081907 12.196510
v 88.473816 9.048630 12.190207
v 88.410690 9.049982 12.217752
v 88.452240 9.017008 12.211859
v 88.384766 9.016418 12.209051
v 88.424667 8.983850 12.203235
v 88.368492 9.001955 12.171481
v 88.407471 8.969654 12.165309
v 88.369522 9.012049 12.129207
v 88.408714 8.979748 12.122499
v 88.389732 9.043972 12.107965
v 88.430290 9.011370 12.100847
v 88.385674 9.125561 12.161309
v 88.371353 9.110235 12.123950
v 88.385132 9.115307 12.203018
v 88.367905 9.082151 12.223640
v 88.345497 9.047093 12.214613
v 88.331177 9.031765 12.177254
v 88.331718 9.042019 12.135546
v 88.348953 9.075176 12.114923
v 86.731720 9.628792 12.558098
v 86.444672 10.123992 12.768573
v 86.259613 9.936455 12.789660
v 86.645172 9.374140 12.515455
v 85.937828 10.447983 12.876534
v 85.677307 10.372845 12.903672
v 85.626976 10.172039 12.811432
v 86.065704 9.787577 12.689203
v 86.420868 9.352848 12.492995
v 85.982475 9.775369 12.513128
v 86.443939 9.257174 12.314665
v 85.476074 10.255880 12.702882
v 85.607704 10.256102 12.547136
v 86.042206 9.890060 12.366991
v 86.401604 9.436909 12.228700
v 86.227264 10.077597 12.345904
v 86.621681 9.476624 12.193243
v 85.653809 10.475328 12.581461
v 85.918556 10.532045 12.612239
v 86.421173 10.226475 12.446361
v 86.712448 9.712854 12.293803
v 86.504402 10.238684 12.622437
v 86.822914 9.593589 12.394034
v 85.855042 10.592294 12.782251
v 86.795113 9.218746 12.276838
v 85.462151 10.594179 12.811497
v 86.909752 9.145391 12.740601
v 86.815384 9.092593 13.337898
v 86.619385 8.946638 13.234371
v 86.768150 9.053087 12.526348
v 86.450928 8.998863 13.815836
v 86.208778 8.874451 13.837206
v 86.092018 8.857407 13.643406
v 86.377831 8.920137 13.127683
v 86.550842 9.003933 12.568171
v 86.234909 9.045948 13.083841
v 86.488983 9.125196 12.417048
v 85.929611 8.946560 13.727905
v 85.992950 9.117159 13.636527
v 86.257042 9.236812 13.119296
v 86.451775 9.263686 12.561292
v 86.453041 9.382767 13.222822
v 86.647369 9.369761 12.517962
v 86.087997 9.191125 13.828820
v 86.351852 9.258615 13.808957
v 86.694603 9.409267 13.329512
v 86.810684 9.405143 12.733722
v 86.837517 9.283457 13.373353
v 86.926537 9.297652 12.627263
v 86.367172 9.119016 13.938121
v 86.789253 9.235659 12.263591
v 86.018875 8.989639 14.068924
v 86.997208 8.937841 12.598447
v 87.023605 8.585587 13.090226
v 86.806168 8.496693 12.965381
v 86.812363 8.954859 12.397923
v 86.759750 8.237008 13.511028
v 86.522865 8.100449 13.510484
v 86.368713 8.173901 13.360814
v 86.546883 8.508650 12.907095
v 86.606171 8.874734 12.448233
v 86.401497 8.627815 12.960782
v 86.518532 9.050068 12.394584
v 86.229034 8.195657 13.507145
v 86.277725 8.393199 13.505551
v 86.435951 8.776003 13.083549
v 86.515182 9.094032 12.592970
v 86.653389 8.864897 13.208396
v 86.701431 9.222213 12.574377
v 86.411942 8.367802 13.686937
v 86.668762 8.456306 13.655766
v 86.912682 8.852940 13.266681
v 86.906219 9.157139 12.743184
v 87.058060 8.733773 13.212994
v 86.995262 9.127004 12.577715
v 86.705765 8.272593 13.690276
v 86.785378 9.245363 12.266441
v 86.386688 8.068655 13.798677
v 87.051788 8.833920 12.311637
v 87.176010 8.268511 12.485467
v 86.931419 8.246561 12.381957
v 86.826050 8.944512 12.203787
v 87.001343 7.717818 12.667490
v 86.764557 7.583832 12.637619
v 86.583000 7.713940 12.596031
v 86.665985 8.263783 12.398350
v 86.633438 8.830042 12.240179
v 86.542168 8.314814 12.540852
v 86.543411 8.994070 12.319160
v 86.481918 7.633390 12.752993
v 86.537674 7.799118 12.856761
v 86.610733 8.367627 12.716215
v 86.588112 8.915220 12.500909
v 86.855324 8.389576 12.819725
v 86.770790 9.048355 12.521651
v 86.709297 7.687676 12.955483
v 86.956024 7.802996 12.928219
v 87.120758 8.372355 12.803331
v 87.006462 8.919098 12.572367
v 87.244576 8.321323 12.660830
v 87.053429 8.998797 12.406278
v 86.991943 7.638118 12.840110
v 86.782112 9.252630 12.276187
v 86.697426 7.378681 12.873667
v 87.036720 8.909111 12.031118
v 87.174904 8.354488 11.834620
v 86.912979 8.370548 11.788142
v 86.797127 9.039658 12.050474
v 87.023933 7.780601 11.713221
v 86.781532 7.663851 11.662913
v 86.600204 7.778496 11.737732
v 86.658325 8.351923 11.864503
v 86.612991 8.907005 12.055631
v 86.570541 8.305463 12.032963
v 86.548477 8.992399 12.228240
v 86.532890 7.616592 11.840678
v 86.616028 7.703072 12.004846
v 86.677620 8.259971 12.190151
v 86.628815 8.831581 12.322744
v 86.939552 8.243910 12.236629
v 86.816422 8.947706 12.376122
v 86.800827 7.571898 11.988560
v 87.039757 7.705175 11.980333
v 87.194199 8.262536 12.160267
v 87.052544 8.833685 12.298232
v 87.281982 8.308996 11.991807
v 87.065063 8.994965 12.198357
v 87.049477 7.619158 11.810795
v 86.781448 9.252848 12.287978
v 86.759979 7.358066 11.754223
v 86.955292 9.144150 11.840282
v 87.017952 8.825077 11.329547
v 86.753876 8.838295 11.359043
v 86.733513 9.213717 11.983974
v 86.816986 8.417075 10.927918
v 86.564896 8.327315 10.871679
v 86.411858 8.357695 11.036654
v 86.524040 8.752684 11.462110
v 86.550163 9.084768 11.949018
v 86.476257 8.608029 11.584629
v 86.531929 9.046520 12.147774
v 86.363319 8.160118 11.035479
v 86.486290 8.142788 11.196631
v 86.614784 8.490683 11.657145
v 86.624596 8.869862 12.108995
v 86.878860 8.477465 11.627648
v 86.824257 8.951715 12.179009
v 86.655647 8.065315 11.066715
v 86.891426 8.202168 11.087897
v 87.108696 8.563076 11.524582
v 87.029724 8.929242 12.000261
v 87.156479 8.707730 11.402062
v 87.025841 9.118914 12.015211
v 86.857224 8.232512 10.902916
v 86.783646 9.245821 12.298384
v 86.551430 8.025055 10.766514
v 86.856583 9.399878 11.834472
v 86.801781 9.396975 11.229945
v 86.550598 9.371578 11.311782
v 86.672134 9.366921 12.032878
v 86.509552 9.240531 10.719873
v 86.249046 9.172656 10.674031
v 86.134872 9.100883 10.856496
v 86.344994 9.226727 11.396507
v 86.481903 9.260231 11.971095
v 86.319252 9.036277 11.431749
v 86.504150 9.123458 12.119987
v 86.081062 8.929193 10.761141
v 86.233971 8.841127 10.862776
v 86.465813 8.910048 11.404162
v 86.581009 9.000475 11.977374
v 86.716995 8.935444 11.322326
v 86.792953 9.050243 12.040534
v 86.369873 8.855978 10.681687
v 86.608650 8.980774 10.726153
v 86.922600 9.080296 11.237600
v 86.955688 9.140121 11.840752
v 86.948341 9.270746 11.202358
v 86.960938 9.293707 11.953425
v 86.537849 9.099441 10.594579
v 86.787292 9.235883 12.301927
v 86.204620 8.968338 10.430503
v 86.764824 9.617081 11.987542
v 86.582527 9.929754 11.498140
v 86.354095 9.844024 11.600866
v 86.626060 9.468903 12.169383
v 86.183693 10.043005 11.050699
v 85.917580 9.988162 11.027245
v 85.842690 9.821528 11.161534
v 86.166801 9.659743 11.633263
v 86.423828 9.395603 12.098377
v 86.142937 9.478189 11.565526
v 86.472740 9.203268 12.143723
v 85.764259 9.722528 11.001583
v 85.932167 9.607229 11.008602
v 86.275887 9.398485 11.446818
v 86.513306 9.181306 11.945445
v 86.504326 9.484215 11.344092
v 86.735146 9.207644 11.982939
v 86.026665 9.726904 10.840799
v 86.273170 9.828707 10.897767
v 86.691612 9.668495 11.311695
v 86.854301 9.402782 11.834610
v 86.715485 9.850051 11.379433
v 86.888466 9.473278 12.008599
v 86.179985 9.992538 10.866461
v 86.791389 9.225636 12.298818
v 85.815659 9.940767 10.725847
v 86.713074 9.713078 12.278722
v 86.435425 10.231205 12.116141
v 86.233742 10.079786 12.195169
v 86.614250 9.474203 12.364305
v 85.948654 10.542017 11.916098
v 85.682312 10.484793 11.922218
v 85.633690 10.264737 11.946192
v 86.051453 9.893163 12.152830
v 86.398117 9.435799 12.308816
v 86.004738 9.782741 11.998878
v 86.447968 9.258518 12.221778
v 85.516037 10.269107 11.779690
v 85.675873 10.188184 11.682281
v 86.102875 9.799834 11.831086
v 86.440292 9.359245 12.044905
v 86.304558 9.951253 11.752059
v 86.665665 9.380875 12.042562
v 85.733734 10.391464 11.600474
v 85.990829 10.465464 11.652187
v 86.486847 10.137877 11.794398
v 86.755249 9.636525 12.014811
v 86.533562 10.248299 11.948350
v 86.831947 9.596560 12.185090
v 85.900009 10.607149 11.743002
v 86.794601 9.218576 12.288764
v 85.511124 10.610374 11.679914
v 86.827316 9.390265 12.741124
v 86.621254 9.636935 13.257879
v 86.437561 9.454218 13.203245
v 86.721191 9.200836 12.576355
v 86.169540 9.782511 13.640886
v 85.919273 9.679037 13.673287
v 85.839249 9.565701 13.493941
v 86.218582 9.372615 13.078733
v 86.497025 9.173455 12.594179
v 86.095863 9.456791 12.952324
v 86.473083 9.202704 12.394160
v 85.671165 9.680906 13.491093
v 85.762520 9.785577 13.341994
v 86.125038 9.640673 12.893490
v 86.420296 9.393330 12.442232
v 86.308731 9.823390 12.948124
v 86.627647 9.468893 12.391111
v 85.825729 9.947094 13.488044
v 86.092804 10.002386 13.488939
v 86.527710 9.904993 13.072636
v 86.750587 9.610140 12.589176
v 86.650429 9.820817 13.199045
v 86.875755 9.467025 12.573306
v 86.073837 9.945226 13.670238
v 86.803535 9.230275 12.267188
v 85.699120 9.888862 13.777901
v 86.261887 8.998877 12.681426
v 86.162231 8.982252 13.233519
v 85.982803 8.842448 13.141806
v 86.135162 8.902555 12.485771
v 85.815346 8.922046 13.672165
v 85.590775 8.808887 13.693616
v 85.486824 8.783052 13.513315
v 85.761711 8.812801 13.039860
v 85.933357 8.859883 12.522577
v 85.630959 8.926853 12.989770
v 85.879692 8.963842 12.375379
v 85.335297 8.870174 13.583223
v 85.396240 9.022588 13.491064
v 85.651276 9.104827 13.012732
v 85.842773 9.099419 12.500325
v 85.830711 9.244631 13.104445
v 86.024727 9.194580 12.458644
v 85.480339 9.100914 13.666489
v 85.724762 9.161581 13.649913
v 86.051796 9.274279 13.206390
v 86.171303 9.238413 12.659174
v 86.182549 9.160227 13.256479
v 86.280205 9.133294 12.569036
v 85.735809 9.039626 13.776882
v 86.160645 9.056952 12.233965
v 85.410896 8.927952 13.897427
v 86.344971 8.799541 12.563131
v 86.358154 8.500629 13.036302
v 86.159523 8.412370 12.921425
v 86.178345 8.804924 12.373421
v 86.104630 8.201912 13.437860
v 85.885330 8.076332 13.439835
v 85.746201 8.136449 13.294654
v 85.921188 8.420821 12.861713
v 85.986542 8.734079 12.419925
v 85.786148 8.533958 12.901906
v 85.907227 8.893209 12.359247
v 85.614220 8.164618 13.425662
v 85.659866 8.346746 13.414610
v 85.815933 8.677201 13.007957
v 85.900208 8.944376 12.539881
v 86.014565 8.765460 13.122833
v 86.073082 9.061304 12.519663
v 85.780075 8.332712 13.586077
v 86.018288 8.412209 13.557817
v 86.252899 8.757009 13.182545
v 86.258636 9.009838 12.683087
v 86.387939 8.643871 13.142352
v 86.344200 8.973017 12.533835
v 86.051186 8.244427 13.600249
v 86.157036 9.066070 12.235998
v 85.753494 8.062643 13.704679
v 86.400963 8.688226 12.305148
v 86.510399 8.175447 12.498285
v 86.286430 8.150152 12.398944
v 86.194923 8.784983 12.195107
v 86.343521 7.677292 12.692066
v 86.124901 7.552517 12.666812
v 85.958397 7.670738 12.617768
v 86.040878 8.167458 12.407705
v 86.015839 8.681671 12.230850
v 85.923714 8.222418 12.533913
v 85.931564 8.837456 12.293108
v 85.861534 7.604990 12.764813
v 85.911469 7.763373 12.852839
v 85.983665 8.280393 12.694288
v 85.968910 8.774307 12.465920
v 86.207642 8.305689 12.793631
v 86.137718 8.897919 12.481689
v 86.067688 7.665453 12.953395
v 86.296600 7.769928 12.927137
v 86.453186 8.288383 12.784868
v 86.354034 8.780861 12.540219
v 86.570351 8.233422 12.658661
v 86.401085 8.845446 12.383688
v 86.331055 7.612981 12.855393
v 86.153839 9.073303 12.244537
v 86.057396 7.375933 12.894177
v 86.393044 8.742706 12.042019
v 86.522987 8.220152 11.893196
v 86.281906 8.233017 11.844084
v 86.171631 8.864687 12.047986
v 86.384094 7.684416 11.808754
v 86.160721 7.574487 11.763604
v 85.991974 7.684639 11.822785
v 86.044945 8.220425 11.910302
v 86.000923 8.742930 12.056050
v 85.960228 8.186734 12.066401
v 85.938057 8.831081 12.209411
v 85.927147 7.540882 11.925029
v 86.000916 7.629286 12.073572
v 86.055847 8.152941 12.216045
v 86.009865 8.687576 12.306837
v 86.296921 8.140078 12.265158
v 86.182533 8.797205 12.353729
v 86.171623 7.507004 12.069346
v 86.393036 7.629063 12.059541
v 86.533890 8.152669 12.198939
v 86.401985 8.687353 12.292806
v 86.618599 8.186359 12.042842
v 86.416107 8.830811 12.192305
v 86.405197 7.540609 11.907923
v 86.152985 9.074131 12.255392
v 86.137962 7.297249 11.863737
v 86.322479 8.949602 11.851778
v 86.389816 8.627821 11.398998
v 86.145164 8.642120 11.420100
v 86.114769 9.021904 11.976070
v 86.210960 8.230331 11.046234
v 85.978806 8.145014 10.994003
v 85.834068 8.182154 11.141431
v 85.930336 8.569084 11.515056
v 85.945587 8.901425 11.946974
v 85.883202 8.442242 11.634839
v 85.924553 8.876772 12.131993
v 85.788589 7.999882 11.149926
v 85.898911 7.992240 11.302028
v 86.009384 8.337556 11.710845
v 86.010429 8.711512 12.107571
v 86.254036 8.323256 11.689744
v 86.193817 8.790375 12.171860
v 86.057854 7.913485 11.189793
v 86.275795 8.040419 11.206831
v 86.468864 8.396292 11.594788
v 86.387321 8.759690 12.012375
v 86.515999 8.523134 11.475004
v 86.384033 8.935507 12.015936
v 86.248070 8.058618 11.033870
v 86.154778 9.068199 12.265409
v 85.967537 7.860533 10.912891
v 86.232231 9.185461 11.830767
v 86.193970 9.150618 11.272221
v 85.960037 9.132042 11.343946
v 86.057556 9.166001 12.011772
v 85.933823 8.979590 10.804172
v 85.693756 8.915016 10.760214
v 85.584229 8.858747 10.930023
v 85.767776 9.003294 11.425650
v 85.882645 9.064618 11.956617
v 85.742638 8.829473 11.467816
v 85.899696 8.946304 12.101714
v 85.535896 8.695320 10.850157
v 85.674858 8.619177 10.951723
v 85.878265 8.711226 11.452106
v 85.973267 8.825048 11.978317
v 86.112198 8.729800 11.380381
v 86.168037 8.873932 12.038227
v 85.804237 8.622948 10.786669
v 86.024445 8.740020 10.825872
v 86.304459 8.858549 11.298676
v 86.322853 8.945890 11.852467
v 86.329597 9.032370 11.256511
v 86.325890 9.093628 11.948285
v 85.962090 8.842644 10.696727
v 86.158051 9.059212 12.269280
v 85.657013 8.713552 10.545616
v 86.145004 9.394224 11.958488
v 85.987617 9.656933 11.486651
v 85.774094 9.583744 11.581331
v 86.012527 9.267469 12.131304
v 85.628563 9.738258 11.059751
v 85.382912 9.686893 11.035622
v 85.310387 9.540442 11.166861
v 85.599716 9.415768 11.617233
v 85.826836 9.196407 12.065598
v 85.578445 9.244640 11.563951
v 85.870468 9.021244 12.118683
v 85.240852 9.440668 11.023001
v 85.395508 9.334325 11.039046
v 85.703491 9.164482 11.461410
v 85.911957 8.990290 11.937783
v 85.917015 9.237670 11.366730
v 86.116302 9.016184 11.975481
v 85.486687 9.435608 10.879799
v 85.713684 9.532141 10.931936
v 86.091385 9.405647 11.330828
v 86.230125 9.188107 11.830673
v 86.112663 9.576776 11.384111
v 86.258362 9.262409 11.988102
v 85.628746 9.681833 10.892420
v 86.161865 9.049583 12.267045
v 85.294746 9.627220 10.758055
v 86.091499 9.498471 12.220884
v 85.839943 9.968440 12.037540
v 85.651443 9.833326 12.114401
v 85.997643 9.282805 12.310569
v 85.395195 10.245497 11.826415
v 85.148750 10.193531 11.829659
v 85.102600 9.991839 11.862526
v 85.483231 9.659197 12.081565
v 85.798912 9.244814 12.256995
v 85.442841 9.549156 11.944468
v 85.846176 9.076469 12.187181
v 84.997284 9.987194 11.706269
v 85.146713 9.907000 11.623996
v 85.537010 9.555765 11.790764
v 85.843025 9.159975 12.018464
v 85.725510 9.690879 11.713904
v 86.051422 9.179375 12.019768
v 85.202522 10.090099 11.538857
v 85.439308 10.160657 11.587884
v 85.893715 9.865007 11.746739
v 86.135612 9.413631 11.982353
v 85.934105 9.975049 11.883837
v 86.202881 9.385712 12.143156
v 85.353989 10.296437 11.662245
v 86.165009 9.042524 12.258216
v 84.995903 10.296789 11.595899
v 86.102692 9.435616 12.483508
v 85.834663 9.904459 12.645362
v 85.662636 9.732911 12.671037
v 86.022781 9.198517 12.455989
v 85.365074 10.210287 12.717276
v 85.123535 10.142946 12.740983
v 85.078278 9.952809 12.665573
v 85.485016 9.590559 12.582331
v 85.815895 9.178137 12.431806
v 85.411659 9.570051 12.418831
v 85.840553 9.080263 12.272862
v 84.941299 10.024693 12.557857
v 85.066124 10.016291 12.416855
v 85.470200 9.667951 12.279108
v 85.803741 9.241620 12.183087
v 85.642227 9.839499 12.253434
v 86.007965 9.275909 12.152767
v 85.108719 10.220339 12.437761
v 85.352921 10.273767 12.468556
v 85.819847 9.981852 12.342140
v 86.090538 9.499097 12.234789
v 85.893204 10.002359 12.505640
v 86.190201 9.394163 12.335894
v 85.290947 10.338593 12.620888
v 86.165733 9.042040 12.247215
v 84.927277 10.342722 12.639713
v 86.176491 9.221343 12.666623
v 85.976212 9.477060 13.126079
v 85.807030 9.305925 13.081679
v 86.081230 9.037954 12.522539
v 85.551361 9.632864 13.462517
v 85.319107 9.539654 13.492843
v 85.248497 9.425648 13.331779
v 85.606979 9.224436 12.966690
v 85.873634 9.014126 12.535884
v 85.496437 9.295612 12.843059
v 85.855713 9.030466 12.349277
v 85.093590 9.532166 13.319580
v 85.181389 9.620579 13.178278
v 85.525169 9.462083 12.779552
v 85.806526 9.209058 12.382384
v 85.694351 9.633217 12.823952
v 85.999420 9.275602 12.335402
v 85.237297 9.777302 13.305705
v 85.484253 9.827795 13.309017
v 85.894394 9.714707 12.938941
v 86.109383 9.416274 12.513124
v 86.004944 9.643531 13.062572
v 86.224937 9.283091 12.508665
v 85.462814 9.784790 13.478969
v 86.163765 9.048401 12.237373
v 85.114166 9.739349 13.573689
v 85.270401 8.360003 12.017242
v 85.187019 7.858926 11.870089
v 85.025589 7.930001 11.828820
v 85.158661 8.524285 12.026916
v 84.915604 7.413668 11.775279
v 84.726112 7.370576 11.731930
v 84.647034 7.511687 11.785729
v 84.859604 7.978425 11.882830
v 85.001831 8.458021 12.027693
v 84.791801 7.970938 12.011526
v 84.988907 8.554009 12.159579
v 84.556358 7.400300 11.864594
v 84.637115 7.462431 11.992914
v 84.847511 7.918375 12.135416
v 84.991920 8.408764 12.234878
v 85.008942 7.847299 12.176685
v 85.146568 8.464235 12.279502
v 84.714020 7.310526 11.984516
v 84.905685 7.364411 11.982464
v 85.174934 7.798876 12.122675
v 85.260483 8.310745 12.224426
v 85.242729 7.806362 11.993979
v 85.316322 8.434511 12.146838
v 84.883774 7.280802 11.851852
v 85.216232 8.718244 12.209503
v 84.620514 7.129337 11.803245
v 85.206444 8.546875 11.841439
v 85.065445 8.225008 11.444295
v 84.902817 8.288906 11.490546
v 85.108772 8.660336 11.972244
v 84.757645 7.896452 11.161898
v 84.561623 7.867382 11.143790
v 84.504967 7.939666 11.287417
v 84.757393 8.277693 11.597321
v 84.953766 8.590089 11.966959
v 84.722115 8.188066 11.706405
v 84.977570 8.587115 12.128980
v 84.430420 7.794162 11.300526
v 84.542404 7.776334 11.419023
v 84.803040 8.078568 11.757765
v 84.991203 8.426757 12.098564
v 84.965675 8.014670 11.711514
v 85.154419 8.461212 12.132689
v 84.607269 7.668258 11.304235
v 84.795090 7.733119 11.293503
v 85.111099 8.025885 11.604739
v 85.243889 8.383543 11.973044
v 85.146378 8.115509 11.495655
v 85.285622 8.534431 11.975953
v 84.738472 7.741477 11.147500
v 85.217865 8.713108 12.216980
v 84.464325 7.621040 11.076021
v 85.171280 8.753716 11.820296
v 84.948479 8.650960 11.348145
v 84.799622 8.673380 11.447159
v 85.103615 8.783872 12.004562
v 84.584084 8.475824 11.000416
v 84.387741 8.445084 11.005016
v 84.361679 8.435953 11.173219
v 84.677338 8.602352 11.558814
v 84.948875 8.713845 11.993099
v 84.661415 8.469318 11.615304
v 85.003265 8.635702 12.126654
v 84.287392 8.296915 11.127108
v 84.419464 8.232751 11.200706
v 84.747780 8.354620 11.592326
v 85.006660 8.510642 12.020588
v 84.896645 8.332200 11.493312
v 85.174057 8.536140 12.038074
v 84.458191 8.197352 11.038528
v 84.641869 8.272621 11.027905
v 85.018929 8.403228 11.381657
v 85.229065 8.550512 11.847785
v 85.034843 8.536262 11.325167
v 85.274406 8.684310 11.915983
v 84.558533 8.345522 10.916437
v 85.258926 8.721200 12.221233
v 84.273018 8.254617 10.844643
v 85.047241 8.942935 11.934687
v 84.717583 9.103479 11.546005
v 84.596451 9.052157 11.668027
v 85.025040 8.857603 12.112325
v 84.275780 9.121353 11.243891
v 84.084526 9.075120 11.270151
v 84.097488 8.970523 11.404047
v 84.500214 8.919596 11.741259
v 84.868942 8.792105 12.094844
v 84.492226 8.777230 11.713414
v 84.949356 8.657977 12.145281
v 84.008850 8.875494 11.303106
v 84.151634 8.793867 11.297955
v 84.566223 8.704227 11.611917
v 84.923088 8.615448 11.988750
v 84.687355 8.755548 11.489895
v 85.091049 8.642235 11.982983
v 84.150536 8.859751 11.140808
v 84.329926 8.944697 11.137796
v 84.783592 8.888110 11.416663
v 85.101379 8.766278 11.828593
v 84.791580 9.030476 11.444508
v 85.166725 8.841860 11.950027
v 84.226212 9.059377 11.107853
v 85.223412 8.698863 12.217064
v 83.928131 8.998430 11.057209
v 84.582474 8.783732 12.131228
v 84.169540 8.965071 11.982656
v 84.119629 8.866393 12.058239
v 84.634659 8.661435 12.216492
v 83.715630 9.002737 11.844748
v 83.577850 8.928432 11.867232
v 83.646767 8.815588 11.910043
v 84.085594 8.736910 12.062260
v 84.513611 8.596582 12.196524
v 84.090790 8.653044 11.982417
v 84.613716 8.506521 12.161438
v 83.556908 8.773520 11.812178
v 83.681267 8.748600 11.754431
v 84.127655 8.655243 11.872547
v 84.548119 8.529595 12.040912
v 84.177567 8.753922 11.796965
v 84.676720 8.579769 12.026780
v 83.619911 8.846767 11.677521
v 83.750130 8.935751 11.689136
v 84.211609 8.883404 11.792944
v 84.616982 8.716745 11.975617
v 84.206406 8.967270 11.872786
v 84.697662 8.734682 12.081835
v 83.640854 9.001679 11.732574
v 84.850281 8.557798 12.191817
v 83.394829 8.925511 11.710812
v 85.006790 8.986856 12.394237
v 84.592331 9.298908 12.527798
v 84.518074 9.138565 12.555192
v 85.036789 8.791947 12.376369
v 84.081100 9.449461 12.592876
v 83.908249 9.355925 12.618540
v 83.950172 9.201855 12.559372
v 84.432709 8.997042 12.486951
v 84.875862 8.739250 12.360731
v 84.387863 8.965052 12.352483
v 84.942245 8.665958 12.229181
v 83.813705 9.229937 12.471352
v 83.925995 9.242777 12.351414
v 84.403236 9.046932 12.233421
v 84.851685 8.780172 12.152773
v 84.477486 9.207273 12.206027
v 85.007317 8.841837 12.122841
v 83.878777 9.405815 12.365010
v 84.056923 9.490384 12.384918
v 84.562859 9.348799 12.274268
v 84.982613 9.027780 12.186278
v 84.607697 9.380788 12.408737
v 85.101868 8.967826 12.270029
v 83.973320 9.531803 12.512198
v 85.226028 8.694082 12.201728
v 83.671776 9.470802 12.535248
v 85.072838 8.795204 12.565953
v 84.719208 8.920361 12.946183
v 84.645805 8.768036 12.886830
v 85.087807 8.653412 12.428429
v 84.247337 8.946862 13.197567
v 84.081413 8.838304 13.198452
v 84.100082 8.754968 13.051182
v 84.539680 8.686415 12.767720
v 84.925583 8.603310 12.419568
v 84.462433 8.736010 12.654851
v 84.954659 8.630158 12.259988
v 83.948257 8.815050 13.030010
v 84.028900 8.908714 12.921238
v 84.452904 8.873854 12.609302
v 84.854401 8.757056 12.289624
v 84.526299 9.026178 12.668653
v 85.001030 8.840850 12.270009
v 83.994637 9.025742 13.040032
v 84.176163 9.100610 13.067623
v 84.632431 9.107800 12.787764
v 85.001663 8.948952 12.436009
v 84.709679 9.058205 12.900633
v 85.134186 8.864103 12.438450
v 84.127785 9.048996 13.208473
v 85.224281 8.699486 12.194326
v 83.838257 8.954123 13.254813
v 85.147263 8.602106 12.583501
v 84.876793 8.505610 13.031640
v 84.789474 8.395117 12.919914
v 85.131844 8.544364 12.394440
v 84.463036 8.375633 13.342220
v 84.297684 8.268263 13.319421
v 84.285522 8.266691 13.149613
v 84.660370 8.372793 12.796826
v 84.969742 8.493163 12.390894
v 84.564171 8.464609 12.737479
v 84.968254 8.594822 12.261972
v 84.134094 8.318722 13.186954
v 84.194672 8.458412 13.124907
v 84.549606 8.606527 12.766706
v 84.878891 8.684885 12.366188
v 84.636925 8.717020 12.878433
v 85.021080 8.778098 12.364320
v 84.186920 8.501997 13.289301
v 84.372185 8.567355 13.317514
v 84.766029 8.739344 13.001520
v 85.056412 8.793828 12.558795
v 84.862228 8.647527 13.060867
v 85.184669 8.727639 12.496786
v 84.350510 8.451538 13.421768
v 85.221840 8.706003 12.192198
v 84.073021 8.325754 13.466097
v 85.231575 8.401778 12.461572
v 85.066971 8.045486 12.817877
v 84.951630 8.009423 12.683782
v 85.170715 8.459167 12.281467
v 84.729813 7.725471 13.075053
v 84.559006 7.634658 13.029385
v 84.508095 7.727578 12.896034
v 84.796669 8.048055 12.599629
v 85.009857 8.403885 12.282554
v 84.693176 8.147547 12.624665
v 84.983055 8.559459 12.238544
v 84.371338 7.734949 12.986460
v 84.421951 7.890001 13.004635
v 84.691650 8.246070 12.732028
v 84.923714 8.566307 12.391154
v 84.806992 8.282133 12.866123
v 85.065697 8.657183 12.413867
v 84.453979 7.832673 13.161783
v 84.643669 7.887895 13.183654
v 84.961952 8.243502 12.950275
v 85.145432 8.564201 12.570172
v 85.065445 8.144011 12.925240
v 85.253357 8.556890 12.456791
v 84.641647 7.732382 13.204708
v 85.218712 8.713715 12.194764
v 84.376251 7.578188 13.224807
v 85.276070 8.315222 12.249660
v 85.179619 7.812419 12.382269
v 85.036766 7.843599 12.275538
v 85.179779 8.454026 12.144820
v 84.894287 7.378177 12.486907
v 84.714333 7.311641 12.434057
v 84.639008 7.456307 12.384700
v 84.868401 7.907671 12.257665
v 85.020798 8.393353 12.147453
v 84.775894 7.969234 12.351942
v 84.990356 8.545249 12.200297
v 84.524910 7.402864 12.489533
v 84.583542 7.527828 12.577917
v 84.800774 7.994864 12.493222
v 84.965324 8.464874 12.340670
v 84.943626 7.963683 12.599953
v 85.112152 8.541220 12.380379
v 84.646706 7.398834 12.669615
v 84.838814 7.449697 12.680124
v 85.111992 7.899611 12.617826
v 85.220604 8.386742 12.442877
v 85.204506 7.838050 12.523549
v 85.301575 8.449996 12.324902
v 84.836128 7.307611 12.614138
v 85.216667 8.718144 12.201269
v 84.575645 7.144835 12.599609
v 84.653259 8.631762 11.908326
v 84.338577 8.587921 11.558527
v 84.252571 8.578945 11.661633
v 84.656418 8.626097 12.066262
v 83.956032 8.457669 11.311568
v 83.806404 8.413855 11.338734
v 83.838814 8.383138 11.470264
v 84.195671 8.497057 11.751999
v 84.536041 8.557230 12.067022
v 84.207306 8.383274 11.771601
v 84.623550 8.484020 12.146111
v 83.773537 8.271777 11.418582
v 83.902115 8.224590 11.442559
v 84.272842 8.303766 11.718223
v 84.599342 8.398684 12.039317
v 84.358856 8.312742 11.615116
v 84.733589 8.432806 12.032486
v 83.883575 8.220564 11.304957
v 84.019333 8.299122 11.283863
v 84.415749 8.394630 11.524751
v 84.716560 8.473215 11.880621
v 84.404121 8.508413 11.505149
v 84.766457 8.574884 11.952638
v 83.916443 8.362640 11.225109
v 84.847397 8.564484 12.197079
v 83.676743 8.272181 11.195116
v 84.751930 8.378557 11.914010
v 84.542740 8.055767 11.644072
v 84.431213 8.119844 11.686206
v 84.710335 8.494724 12.013099
v 84.225845 7.748758 11.479353
v 84.068970 7.726913 11.483194
v 84.058037 7.809761 11.594076
v 84.338150 8.130138 11.783934
v 84.584114 8.439560 12.028732
v 84.324020 8.072875 11.884002
v 84.632507 8.460620 12.156719
v 83.991135 7.692809 11.626815
v 84.098160 7.692810 11.714964
v 84.387070 7.987558 11.931313
v 84.624245 8.322609 12.149620
v 84.498589 7.923481 11.889178
v 84.759262 8.352144 12.160479
v 84.117889 7.584334 11.630573
v 84.265976 7.631806 11.600242
v 84.591660 7.913188 11.791451
v 84.792061 8.261606 12.034898
v 84.605789 7.970450 11.691381
v 84.837097 8.386250 12.016857
v 84.195724 7.618439 11.486953
v 84.844490 8.572216 12.194313
v 83.961189 7.514776 11.464520
v 84.797081 8.225360 12.202521
v 84.608177 7.805567 12.293099
v 84.507866 7.855048 12.216455
v 84.756592 8.359825 12.129412
v 84.291771 7.467402 12.374502
v 84.140541 7.435772 12.339079
v 84.116768 7.569366 12.309686
v 84.394821 7.929875 12.214080
v 84.622078 8.327324 12.137706
v 84.337692 7.986916 12.297620
v 84.633026 8.455574 12.188346
v 84.016983 7.531521 12.398013
v 84.089066 7.624480 12.471185
v 84.361046 7.997066 12.410969
v 84.594376 8.382437 12.299205
v 84.461357 7.947584 12.487613
v 84.722816 8.427015 12.326301
v 84.106773 7.502962 12.535968
v 84.264069 7.522515 12.536000
v 84.574402 7.872757 12.489988
v 84.769379 8.280473 12.364021
v 84.631531 7.815717 12.406447
v 84.846375 8.331266 12.267366
v 84.230331 7.407213 12.477033
v 84.844139 8.574381 12.184016
v 83.995712 7.301762 12.472773
v 84.720634 8.387924 12.455540
v 84.425072 8.211012 12.777606
v 84.365250 8.160201 12.667924
v 84.734283 8.394075 12.298101
v 84.031631 8.053028 12.986460
v 83.894295 7.985791 12.945365
v 83.910439 8.030129 12.814736
v 84.277321 8.183096 12.568253
v 84.599442 8.365026 12.283816
v 84.212189 8.275530 12.542037
v 84.623146 8.477817 12.206695
v 83.783157 8.069532 12.853958
v 83.849312 8.190406 12.836506
v 84.202797 8.378494 12.594792
v 84.538315 8.525303 12.305586
v 84.262611 8.429306 12.704475
v 84.659760 8.589474 12.324642
v 83.819771 8.181190 12.971906
v 83.970505 8.213305 13.008229
v 84.350548 8.406410 12.804147
v 84.659508 8.548201 12.477309
v 84.415672 8.313976 12.830362
v 84.770897 8.505733 12.416049
v 83.930908 8.097448 13.063313
v 84.847260 8.567200 12.177926
v 83.690414 8.004904 13.069347
v 84.595940 8.717670 12.373323
v 84.173874 8.886389 12.510708
v 84.139755 8.757107 12.502668
v 84.660179 8.580427 12.328721
v 83.704079 8.941242 12.563277
v 83.572868 8.852992 12.560302
v 83.641762 8.754592 12.490378
v 84.097908 8.658836 12.421834
v 84.533630 8.531019 12.300424
v 84.073326 8.657024 12.308580
v 84.611946 8.507758 12.187793
v 83.524643 8.780323 12.419374
v 83.624954 8.822028 12.332084
v 84.077408 8.741051 12.228850
v 84.516815 8.598455 12.142129
v 84.111534 8.870333 12.236889
v 84.639687 8.662642 12.135738
v 83.552376 8.935205 12.367319
v 83.687263 9.008679 12.404983
v 84.153381 8.968603 12.317724
v 84.579132 8.785107 12.215028
v 84.177956 8.970414 12.430978
v 84.687920 8.735312 12.276667
v 83.600609 9.007875 12.508247
v 84.850708 8.557714 12.183721
v 83.353249 8.933096 12.502657
v 84.317924 8.547676 12.129212
v 83.959930 8.575811 12.012403
v 83.946869 8.507284 12.065570
v 84.387856 8.484430 12.191648
v 83.605003 8.506400 11.900858
v 83.518707 8.434109 11.913254
v 83.598259 8.378357 11.945052
v 83.951714 8.419709 12.066281
v 84.311188 8.419632 12.173406
v 83.973892 8.365019 12.006913
v 84.407478 8.381131 12.149057
v 83.538330 8.330811 11.870664
v 83.637192 8.336937 11.830988
v 83.999176 8.369214 11.927222
v 84.350121 8.378214 12.059341
v 84.012238 8.437742 11.874056
v 84.435318 8.433935 12.052589
v 83.566170 8.383615 11.774195
v 83.643936 8.464981 11.786795
v 84.007401 8.525316 11.873344
v 84.356857 8.506257 12.015148
v 83.985214 8.580006 11.932713
v 84.415695 8.537233 12.095180
v 83.546547 8.486914 11.816786
v 84.574951 8.460127 12.177536
v 83.377945 8.390825 11.794127
v 84.419495 8.301958 12.019665
v 84.173454 8.046122 11.899638
v 84.113564 8.101715 11.933310
v 84.427521 8.398672 12.077661
v 83.879364 7.815679 11.861773
v 83.769028 7.805832 11.885170
v 83.797173 7.877752 11.951770
v 84.073250 8.121798 12.009356
v 84.337303 8.364031 12.109661
v 84.080307 8.089004 12.086219
v 84.403374 8.389442 12.188688
v 83.744881 7.796602 11.996198
v 83.839752 7.800537 12.043916
v 84.125160 8.027662 12.121695
v 84.379883 8.286816 12.201807
v 84.185051 7.972069 12.088023
v 84.479431 8.304537 12.189999
v 83.820938 7.711697 11.997508
v 83.921944 7.738463 11.953919
v 84.225365 7.951986 12.011977
v 84.462074 8.224743 12.111811
v 84.218307 7.984780 11.935114
v 84.503578 8.313766 12.078971
v 83.845078 7.720926 11.886480
v 84.572105 8.467480 12.176111
v 83.665215 7.651012 11.911011
v 84.374008 8.375914 12.338055
v 84.039238 8.309773 12.498433
v 84.023575 8.263859 12.424985
v 84.433342 8.359795 12.242989
v 83.672302 8.250141 12.566356
v 83.577866 8.206461 12.521319
v 83.635902 8.220958 12.438386
v 83.994858 8.274195 12.342421
v 84.337608 8.346730 12.210084
v 83.969193 8.342045 12.300913
v 84.393852 8.416565 12.152899
v 83.538376 8.263231 12.431231
v 83.607529 8.343274 12.418564
v 83.960266 8.423315 12.318254
v 84.309235 8.469046 12.190262
v 83.975929 8.469229 12.391703
v 84.398750 8.508914 12.218822
v 83.543274 8.355581 12.497153
v 83.643936 8.372458 12.546534
v 84.004646 8.458893 12.474267
v 84.345642 8.498229 12.318232
v 84.030312 8.391044 12.515776
v 84.438232 8.452143 12.308912
v 83.582764 8.298809 12.587243
v 84.574852 8.461308 12.169912
v 83.396683 8.250134 12.553234
v 85.613655 8.829942 12.594543
v 85.503639 8.882530 13.055725
v 85.354485 8.754493 12.987220
v 85.514359 8.725832 12.435929
v 85.188850 8.885553 13.415497
v 84.996468 8.793631 13.436784
v 84.916397 8.750557 13.283660
v 85.171478 8.717951 12.894998
v 85.341202 8.694945 12.462706
v 85.063950 8.808186 12.833246
v 85.303398 8.764819 12.324129
v 84.785507 8.832617 13.324983
v 84.842773 8.949512 13.232086
v 85.081718 8.960504 12.832123
v 85.267578 8.893900 12.411133
v 85.230873 9.088540 12.900628
v 85.424599 8.968386 12.373055
v 84.906708 9.036182 13.373909
v 85.115227 9.084508 13.363923
v 85.413879 9.125083 12.992849
v 85.540031 9.028896 12.542970
v 85.521408 9.034847 13.054602
v 85.635559 8.929399 12.484856
v 85.117668 8.997196 13.485710
v 85.548920 8.825327 12.207064
v 84.835670 8.918699 13.585455
v 85.687737 8.647842 12.522928
v 85.674515 8.453171 12.956848
v 85.510605 8.365707 12.861825
v 85.555229 8.630068 12.355279
v 85.438492 8.250787 13.318325
v 85.251373 8.146004 13.324976
v 85.140640 8.179522 13.189418
v 85.311394 8.366289 12.799692
v 85.389885 8.576577 12.394021
v 85.196114 8.466604 12.813647
v 85.326881 8.703330 12.320296
v 85.023026 8.219265 13.289993
v 85.063881 8.370974 13.260936
v 85.217812 8.599695 12.886883
v 85.313126 8.768028 12.465540
v 85.381721 8.687159 12.981906
v 85.461655 8.863474 12.442470
v 85.157791 8.379409 13.412166
v 85.361732 8.442239 13.389844
v 85.580933 8.686577 13.044039
v 85.610977 8.839294 12.594447
v 85.696213 8.586261 13.030084
v 85.690002 8.790213 12.477452
v 85.386147 8.306147 13.447149
v 85.545845 8.833252 12.207513
v 85.127373 8.166592 13.542994
v 85.746048 8.523149 12.322171
v 85.825340 8.114799 12.550883
v 85.639755 8.082182 12.460150
v 85.577263 8.591847 12.208647
v 85.670486 7.719542 12.765603
v 85.485153 7.612141 12.749250
v 85.347305 7.706110 12.686195
v 85.431335 8.098424 12.454075
v 85.422859 8.509718 12.242764
v 85.326759 8.160101 12.548030
v 85.349998 8.648426 12.272457
v 85.257889 7.668719 12.813061
v 85.297661 7.812358 12.870284
v 85.370811 8.227955 12.678503
v 85.373215 8.615965 12.426852
v 85.556396 8.260572 12.769237
v 85.516739 8.721378 12.433076
v 85.424629 7.741672 12.973679
v 85.620842 7.825789 12.949692
v 85.764816 8.244329 12.775311
v 85.696396 8.629397 12.506260
v 85.869392 8.182653 12.681356
v 85.744003 8.664801 12.369266
v 85.651894 7.685094 12.909869
v 85.542809 8.840368 12.213675
v 85.415955 7.491101 12.958202
v 85.751892 8.537495 12.094346
v 85.864113 8.079985 12.038029
v 85.661995 8.085527 11.984088
v 85.564941 8.641332 12.074484
v 85.745262 7.619824 12.024886
v 85.556870 7.522567 11.989803
v 85.412056 7.622715 12.018474
v 85.457886 8.083509 12.030211
v 85.418678 8.540386 12.087934
v 85.378624 8.074154 12.161372
v 85.359192 8.633074 12.203211
v 85.351112 7.514309 12.118529
v 85.407730 7.606277 12.236063
v 85.452606 8.063469 12.295483
v 85.414352 8.523947 12.305523
v 85.654724 8.057926 12.349422
v 85.559662 8.621291 12.339755
v 85.551590 7.502526 12.255074
v 85.740936 7.603386 12.242476
v 85.858833 8.059944 12.303300
v 85.747559 8.521057 12.311935
v 85.938087 8.069300 12.172138
v 85.765419 8.629549 12.211028
v 85.757339 7.510785 12.126347
v 85.541603 8.842364 12.222652
v 85.530479 7.301584 12.106028
v 85.702690 8.688877 11.906658
v 85.777534 8.363972 11.568354
v 85.569122 8.379153 11.573047
v 85.521439 8.765083 11.992708
v 85.638237 7.988057 11.311705
v 85.442871 7.910687 11.267380
v 85.313675 7.959947 11.379975
v 85.381851 8.329702 11.651585
v 85.378128 8.660769 11.974929
v 85.335228 8.237567 11.765164
v 85.351608 8.662276 12.132206
v 85.273033 7.807881 11.406877
v 85.359627 7.819403 11.540551
v 85.437866 8.158360 11.847348
v 85.424072 8.520224 12.135505
v 85.646271 8.143177 11.842655
v 85.577461 8.593740 12.188472
v 85.498886 7.739344 11.463143
v 85.684189 7.847512 11.472281
v 85.833549 8.192629 11.764117
v 85.748634 8.548332 12.067234
v 85.880173 8.284763 11.650537
v 85.747292 8.696546 12.048975
v 85.668716 7.842150 11.323646
v 85.542618 8.838570 12.231850
v 85.434402 7.661882 11.232916
v 85.629326 8.884870 11.856663
v 85.622131 8.788718 11.390450
v 85.420181 8.782286 11.442099
v 85.472641 8.890644 12.002832
v 85.421249 8.589474 11.006299
v 85.218971 8.530516 10.966125
v 85.117744 8.503836 11.110312
v 85.252113 8.684316 11.517256
v 85.325821 8.799232 11.960675
v 85.227242 8.543289 11.572330
v 85.332550 8.717107 12.097394
v 85.078880 8.356979 11.060686
v 85.191422 8.304785 11.161428
v 85.341942 8.441646 11.579574
v 85.399498 8.600182 12.011791
v 85.543892 8.448077 11.527924
v 85.562469 8.647974 12.065150
v 85.308800 8.287846 11.028441
v 85.494926 8.390423 11.057415
v 85.711952 8.546049 11.452767
v 85.703003 8.685819 11.907779
v 85.736832 8.687075 11.397693
v 85.702560 8.821510 11.970589
v 85.448891 8.461382 10.933880
v 85.545128 8.831472 12.236322
v 85.195763 8.335499 10.808552
v 85.551460 9.075869 11.934831
v 85.442055 9.240444 11.500224
v 85.255898 9.190781 11.578628
v 85.429970 8.990360 12.088934
v 85.157814 9.258371 11.115774
v 84.950050 9.212856 11.090394
v 84.881134 9.105650 11.214720
v 85.104752 9.054255 11.620852
v 85.274788 8.923145 12.033775
v 85.087532 8.904003 11.595646
v 85.307716 8.782131 12.101291
v 84.827805 9.004627 11.102751
v 84.957260 8.916770 11.136046
v 85.197556 8.823985 11.524938
v 85.350914 8.734266 11.955102
v 85.383713 8.873650 11.446534
v 85.522774 8.760091 11.993020
v 85.042862 8.982587 10.994480
v 85.233932 9.069492 11.037101
v 85.534859 9.010175 11.404310
v 85.627586 8.886989 11.856157
v 85.552078 9.160427 11.429516
v 85.645027 8.968320 11.980663
v 85.165108 9.190816 10.982123
v 85.548370 8.823106 12.235777
v 84.887428 9.129531 10.860572
v 85.495010 9.195127 12.140045
v 85.294426 9.568809 11.918242
v 85.129799 9.464894 11.990234
v 85.409302 9.024807 12.236818
v 84.929474 9.777417 11.687285
v 84.719833 9.734697 11.684844
v 84.677315 9.569185 11.734450
v 84.987015 9.314945 11.975743
v 85.242851 8.986895 12.187210
v 84.957977 9.206046 11.871954
v 85.284538 8.836857 12.150935
v 84.595070 9.546747 11.598960
v 84.724800 9.469084 11.546392
v 85.044907 9.192908 11.746475
v 85.290337 8.886793 11.999152
v 85.209534 9.296822 11.674483
v 85.467194 8.902769 12.007551
v 84.777725 9.612660 11.455576
v 84.976959 9.677316 11.499228
v 85.352325 9.446772 11.688975
v 85.542496 9.095024 11.951987
v 85.381355 9.555670 11.792764
v 85.591957 9.090719 12.093435
v 84.902489 9.800611 11.541460
v 85.551376 8.816104 12.229364
v 84.601830 9.793777 11.469175
v 85.491806 9.173843 12.368530
v 85.261353 9.588220 12.435835
v 85.112755 9.447536 12.469973
v 85.423164 8.971402 12.370130
v 84.862595 9.855279 12.437825
v 84.656067 9.802165 12.454611
v 84.619415 9.633362 12.411983
v 84.964882 9.317675 12.404329
v 85.248627 8.951927 12.342688
v 84.909935 9.280989 12.266126
v 85.275902 8.850471 12.222116
v 84.508804 9.681235 12.306597
v 84.621002 9.656891 12.195007
v 84.966820 9.346359 12.139807
v 85.250214 8.975456 12.125712
v 85.115417 9.487042 12.105669
v 85.425102 9.000088 12.105608
v 84.658005 9.830851 12.190088
v 84.864182 9.878808 12.220850
v 85.263290 9.616905 12.171313
v 85.493393 9.197372 12.151555
v 85.318237 9.653589 12.309516
v 85.572372 9.121018 12.253622
v 84.805275 9.951780 12.338102
v 85.552498 8.814367 12.220222
v 84.496040 9.958506 12.336571
v 85.543961 9.015507 12.551441
v 85.355309 9.286325 12.897437
v 85.212379 9.137610 12.872857
v 85.468178 8.844284 12.448019
v 84.980995 9.459017 13.141761
v 84.781845 9.384985 13.167700
v 84.728348 9.269979 13.042847
v 85.047302 9.055862 12.776848
v 85.291321 8.826468 12.452527
v 84.959862 9.101162 12.659423
v 85.284821 8.817819 12.293044
v 84.598488 9.358519 13.012724
v 84.680199 9.415601 12.887523
v 84.988602 9.233396 12.587486
v 85.243172 8.972089 12.297202
v 85.131538 9.382112 12.612065
v 85.409477 9.021817 12.258657
v 84.723145 9.562517 12.978338
v 84.932846 9.604639 12.986436
v 85.296616 9.463860 12.708076
v 85.495819 9.161128 12.396116
v 85.384056 9.418560 12.825500
v 85.592834 9.048283 12.413633
v 84.906502 9.588984 13.133314
v 85.551338 8.818535 12.211100
v 84.606110 9.563196 13.202254
v 84.351669 8.450635 12.139465
v 84.092155 8.353640 12.048752
v 84.095207 8.302900 12.090380
v 84.421524 8.428447 12.189003
v 83.824715 8.237318 11.958551
v 83.772041 8.164042 11.967397
v 83.844559 8.144670 11.991703
v 84.116348 8.240690 12.089169
v 84.379913 8.360880 12.173777
v 84.144882 8.204183 12.040007
v 84.464149 8.360113 12.153374
v 83.808105 8.092361 11.930820
v 83.883888 8.119727 11.898548
v 84.164291 8.210280 11.975599
v 84.421593 8.338533 12.081015
v 84.161240 8.261021 11.933970
v 84.472336 8.401204 12.075914
v 83.819984 8.133632 11.853827
v 83.864044 8.212376 11.865396
v 84.140099 8.323231 11.935183
v 84.393349 8.428288 12.046703
v 84.111565 8.359738 11.984344
v 84.429718 8.469538 12.111544
v 83.783913 8.205311 11.890404
v 84.571625 8.463535 12.176751
v 83.672401 8.092965 11.870711
vt 0.916667 0.500000
vt 1.000000 0.500000
vt 1.000000 1.000000
vt 0.916667 1.000000
vt 0.083333 0.500000
vt 0.166667 0.500000
vt 0.166667 1.000000
vt 0.083333 1.000000
vt 0.208333 0.500000
vt 0.250000 0.500000
vt 0.250000 1.000000
vt 0.208333 1.000000
vt 0.291667 0.500000
vt 0.333333 0.500000
vt 0.333333 1.000000
vt 0.291667 1.000000
vt 0.375000 0.500000
vt 0.416667 0.500000
vt 0.416667 1.000000
vt 0.375000 1.000000
vt 0.458333 0.500000
vt 0.500000 0.500000
vt 0.500000 1.000000
vt 0.458333 1.000000
vt 0.541667 0.500000
vt 0.583333 0.500000
vt 0.583333 1.000000
vt 0.541667 1.000000
vt 0.625000 0.500000
vt 0.666667 0.500000
vt 0.666667 1.000000
vt 0.625000 1.000000
vt 0.791667 0.500000
vt 0.833333 0.500000
vt 0.833333 1.000000
vt 0.791667 1.000000
vt 0.791667 0.000000
vt 0.833333 0.000000
vt 0.708333 0.000000
vt 0.750000 0.000000
vt 0.750000 0.500000
vt 0.708333 0.500000
vt 0.541667 0.000000
vt 0.583333 0.000000
vt 0.458333 0.000000
vt 0.500000 0.000000
vt 0.208333 0.000000
vt 0.250000 0.000000
vt 0.083333 0.000000
vt 0.166667 0.000000
vt 0.000000 0.000000
vt 0.083333 0.000000
vt 0.000000 0.500000
vt 0.916667 0.000000
vt 1.000000 0.000000
vt 0.333333 0.000000
vt 0.375000 0.000000
vt 0.604167 0.000000
vt 0.625000 0.000000
vt 0.604167 0.500000
vt 0.541667 0.000000
vt 0.791667 1.000000
vt 0.750000 1.000000
vt 0.708333 1.000000
vt 0.666667 1.000000
vt 0.291667 0.000000
vt 1.000000 0.000000
vt 1.000000 0.500000
vt 1.000000 1.000000
vt 0.916667 0.500000
vt 1.000000 0.500000
vt 1.000000 1.000000
vt 0.916667 1.000000
vt 0.083333 0.500000
vt 0.166667 0.500000
vt 0.166667 1.000000
vt 0.083333 1.000000
vt 0.208333 0.500000
vt 0.250000 0.500000
vt 0.250000 1.000000
vt 0.208333 1.000000
vt 0.291667 0.500000
vt 0.333333 0.500000
vt 0.333333 1.000000
vt 0.291667 1.000000
vt 0.375000 0.500000
vt 0.416667 0.500000
vt 0.416667 1.000000
vt 0.375000 1.000000
vt 0.458333 0.500000
vt 0.500000 0.500000
vt 0.500000 1.000000
vt 0.458333 1.000000
vt 0.541667 0.500000
vt 0.583333 0.500000
vt 0.583333 1.000000
vt 0.541667 1.000000
vt 0.625000 0.500000
vt 0.666667 0.500000
vt 0.666667 1.000000
vt 0.625000 1.000000
vt 0.791667 0.500000
vt 0.833333 0.500000
vt 0.833333 1.000000
vt 0.791667 1.000000
vt 0.791667 0.000000
vt 0.833333 0.000000
vt 0.708333 0.000000
vt 0.750000 0.000000
vt 0.750000 0.500000
vt 0.708333 0.500000
vt 0.541667 0.000000
vt 0.583333 0.000000
vt 0.458333 0.000000
vt 0.500000 0.000000
vt 0.208333 0.000000
vt 0.250000 0.000000
vt 0.083333 0.000000
vt 0.166667 0.000000
vt 0.000000 0.000000
vt 0.083333 0.000000
vt 0.000000 0.500000
vt 0.916667 0.000000
vt 1.000000 0.000000
vt 0.333333 0.000000
vt 0.375000 0.000000
vt 0.604167 0.000000
vt 0.625000 0.000000
vt 0.604167 0.500000
vt 0.541667 0.000000
vt 0.791667 1.000000
vt 0.750000 1.000000
vt 0.708333 1.000000
vt 0.666667 1.000000
vt 0.291667 0.000000
vt 1.000000 0.000000
vt 1.000000 0.500000
vt 1.000000 1.000000
vt 0.916667 0.500000
vt 1.000000 0.500000
vt 1.000000 1.000000
vt 0.916667 1.000000
vt 0.083333 0.500000
vt 0.166667 0.500000
vt 0.166667 1.000000
vt 0.083333 1.000000
vt 0.208333 0.500000
vt 0.250000 0.500000
vt 0.250000 1.000000
vt 0.208333 1.000000
vt 0.291667 0.500000
vt 0.333333 0.500000
vt 0.333333 1.000000
vt 0.291667 1.000000
vt 0.375000 0.500000
vt 0.416667 0.500000
vt 0.416667 1.000000
vt 0.375000 1.000000
vt 0.458333 0.500000
vt 0.500000 0.500000
vt 0.500000 1.000000
vt 0.458333 1.000000
vt 0.541667 0.500000
vt 0.583333 0.500000
vt 0.583333 1.000000
vt 0.541667 1.000000
vt 0.625000 0.500000
vt 0.666667 0.500000
vt 0.666667 1.000000
vt 0.625000 1.000000
vt 0.791667 0.500000
vt 0.833333 0.500000
vt 0.833333 1.000000
vt 0.791667 1.000000
vt 0.791667 0.000000
vt 0.833333 0.000000
vt 0.708333 0.000000
vt 0.750000 0.000000
vt 0.750000 0.500000
vt 0.708333 0.500000
vt 0.541667 0.000000
vt 0.583333 0.000000
vt 0.458333 0.000000
vt 0.500000 0.000000
vt 0.208333 0.000000
vt 0.250000 0.000000
vt 0.083333 0.000000
vt 0.166667 0.000000
vt 0.000000 0.000000
vt 0.083333 0.000000
vt 0.000000 0.500000
vt 0.916667 0.000000
vt 1.000000 0.000000
vt 0.333333 0.000000
vt 0.375000 0.000000
vt 0.604167 0.000000
vt 0.625000 0.000000
vt 0.604167 0.500000
vt 0.541667 0.000000
vt 0.791667 1.000000
vt 0.750000 1.000000
vt 0.708333 1.000000
vt 0.666667 1.000000
vt 0.291667 0.000000
vt 1.000000 0.000000
vt 1.000000 0.500000
vt 1.000000 1.000000
vt 0.916667 0.500000
vt 1.000000 0.500000
vt 1.000000 1.000000
vt 0.916667 1.000000
vt 0.083333 0.500000
vt 0.166667 0.500000
vt 0.166667 1.000000
vt 0.083333 1.000000
vt 0.208333 0.500000
vt 0.250000 0.500000
vt 0.250000 1.000000
vt 0.208333 1.000000
vt 0.291667 0.500000
vt 0.333333 0.500000
vt 0.333333 1.000000
vt 0.291667 1.000000
vt 0.375000 0.500000
vt 0.416667 0.500000
vt 0.416667 1.000000
vt 0.375000 1.000000
vt 0.458333 0.500000
vt 0.500000 0.500000
vt 0.500000 1.000000
vt 0.458333 1.000000
vt 0.541667 0.500000
vt 0.583333 0.500000
vt 0.583333 1.000000
vt 0.541667 1.000000
vt 0.625000 0.500000
vt 0.666667 0.500000
vt 0.666667 1.000000
vt 0.625000 1.000000
vt 0.791667 0.500000
vt 0.833333 0.500000
vt 0.833333 1.000000
vt 0.791667 1.000000
vt 0.791667 0.000000
vt 0.833333 0.000000
vt 0.708333 0.000000
vt 0.750000 0.000000
vt 0.750000 0.500000
vt 0.708333 0.500000
vt 0.541667 0.000000
vt 0.583333 0.000000
vt 0.458333 0.000000
vt 0.500000 0.000000
vt 0.208333 0.000000
vt 0.250000 0.000000
vt 0.083333 0.000000
vt 0.166667 0.000000
vt 0.000000 0.000000
vt 0.083333 0.000000
vt 0.000000 0.500000
vt 0.916667 0.000000
vt 1.000000 0.000000
vt 0.333333 0.000000
vt 0.375000 0.000000
vt 0.604167 0.000000
vt 0.625000 0.000000
vt 0.604167 0.500000
vt 0.541667 0.000000
vt 0.791667 1.000000
vt 0.750000 1.000000
vt 0.708333 1.000000
vt 0.666667 1.000000
vt 0.291667 0.000000
vt 1.000000 0.000000
vt 1.000000 0.500000
vt 1.000000 1.000000
vt 0.916667 0.500000
vt 1.000000 0.500000
vt 1.000000 1.000000
vt 0.916667 1.000000
vt 0.083333 0.500000
vt 0.166667 0.500000
vt 0.166667 1.000000
vt 0.083333 1.000000
vt 0.208333 0.500000
vt 0.250000 0.500000
vt 0.250000 1.000000
vt 0.208333 1.000000
vt 0.291667 0.500000
vt 0.333333 0.500000
vt 0.333333 1.000000
vt 0.291667 1.000000
vt 0.375000 0.500000
vt 0.416667 0.500000
vt 0.416667 1.000000
vt 0.375000 1.000000
vt 0.458333 0.500000
vt 0.500000 0.500000
vt 0.500000 1.000000
vt 0.458333 1.000000
vt 0.541667 0.500000
vt 0.583333 0.500000
vt 0.583333 1.000000
vt 0.541667 1.000000
vt 0.625000 0.500000
vt 0.666667 0.500000
vt 0.666667 1.000000
vt 0.625000 1.000000
vt 0.791667 0.500000
vt 0.833333 0.500000
vt 0.833333 1.000000
vt 0.791667 1.000000
vt 0.791667 0.000000
vt 0.833333 0.000000
vt 0.708333 0.000000
vt 0.750000 0.000000
vt 0.750000 0.500000
vt 0.708333 0.500000
vt 0.541667 0.000000
vt 0.583333 0.000000
vt 0.458333 0.000000
vt 0.500000 0.000000
vt 0.208333 0.000000
vt 0.250000 0.000000
vt 0.083333 0.000000
vt 0.166667 0.000000
vt 0.000000 0.000000
vt 0.083333 0.000000
vt 0.000000 0.500000
vt 0.916667 0.000000
vt 1.000000 0.000000
vt 0.333333 0.000000
vt 0.375000 0.000000
vt 0.604167 0.000000
vt 0.625000 0.000000
vt 0.604167 0.500000
vt 0.541667 0.000000
vt 0.791667 1.000000
vt 0.750000 1.000000
vt 0.708333 1.000000
vt 0.666667 1.000000
vt 0.291667 0.000000
vt 1.000000 0.000000
vt 1.000000 0.500000
vt 1.000000 1.000000
vt 0.916667 0.500000
vt 1.000000 0.500000
vt 1.000000 1.000000
vt 0.916667 1.000000
vt 0.083333 0.500000
vt 0.166667 0.500000
vt 0.166667 1.000000
vt 0.083333 1.000000
vt 0.208333 0.500000
vt 0.250000 0.500000
vt 0.250000 1.000000
vt 0.208333 1.000000
vt 0.291667 0.500000
vt 0.333333 0.500000
vt 0.333333 1.000000
vt 0.291667 1.000000
vt 0.375000 0.500000
vt 0.416667 0.500000
vt 0.416667 1.000000
vt 0.375000 1.000000
vt 0.458333 0.500000
vt 0.500000 0.500000
vt 0.500000 1.000000
vt 0.458333 1.000000
vt 0.541667 0.500000
vt 0.583333 0.500000
vt 0.583333 1.000000
vt 0.541667 1.000000
vt 0.625000 0.500000
vt 0.666667 0.500000
vt 0.666667 1.000000
vt 0.625000 1.000000
vt 0.791667 0.500000
vt 0.833333 0.500000
vt 0.833333 1.000000
vt 0.791667 1.000000
vt 0.791667 0.000000
vt 0.833333 0.000000
vt 0.708333 0.000000
vt 0.750000 0.000000
vt 0.750000 0.500000
vt 0.708333 0.500000
vt 0.541667 0.000000
vt 0.583333 0.000000
vt 0.458333 0.000000
vt 0.500000 0.000000
vt 0.208333 0.000000
vt 0.250000 0.000000
vt 0.083333 0.000000
vt 0.166667 0.000000
vt 0.000000 0.000000
vt 0.083333 0.000000
vt 0.000000 0.500000
vt 0.916667 0.000000
vt 1.000000 0.000000
vt 0.333333 0.000000
vt 0.375000 0.000000
vt 0.604167 0.000000
vt 0.625000 0.000000
vt 0.604167 0.500000
vt 0.541667 0.000000
vt 0.791667 1.000000
vt 0.750000 1.000000
vt 0.708333 1.000000
vt 0.666667 1.000000
vt 0.291667 0.000000
vt 1.000000 0.000000
vt 1.000000 0.500000
vt 1.000000 1.000000
vt 0.916667 0.500000
vt 1.000000 0.500000
vt 1.000000 1.000000
vt 0.916667 1.000000
vt 0.083333 0.500000
vt 0.166667 0.500000
vt 0.166667 1.000000
vt 0.083333 1.000000
vt 0.208333 0.500000
vt 0.250000 0.500000
vt 0.250000 1.000000
vt 0.208333 1.000000
vt 0.291667 0.500000
vt 0.333333 0.500000
vt 0.333333 1.000000
vt 0.291667 1.000000
vt 0.375000 0.500000
vt 0.416667 0.500000
vt 0.416667 1.000000
vt 0.375000 1.000000
vt 0.458333 0.500000
vt 0.500000 0.500000
vt 0.500000 1.000000
vt 0.458333 1.000000
vt 0.541667 0.500000
vt 0.583333 0.500000
vt 0.583333 1.000000
vt 0.541667 1.000000
vt 0.625000 0.500000
vt 0.666667 0.500000
vt 0.666667 1.000000
vt 0.625000 1.000000
vt 0.791667 0.500000
vt 0.833333 0.500000
vt 0.833333 1.000000
vt 0.791667 1.000000
vt 0.791667 0.000000
vt 0.833333 0.000000
vt 0.708333 0.000000
vt 0.750000 0.000000
vt 0.750000 0.500000
vt 0.708333 0.500000
vt 0.541667 0.000000
vt 0.583333 0.000000
vt 0.458333 0.000000
vt 0.500000 0.000000
vt 0.208333 0.000000
vt 0.250000 0.000000
vt 0.083333 0.000000
vt 0.166667 0.000000
vt 0.000000 0.000000
vt 0.083333 0.000000
vt 0.000000 0.500000
vt 0.916667 0.000000
vt 1.000000 0.000000
vt 0.333333 0.000000
vt 0.375000 0.000000
vt 0.604167 0.000000
vt 0.625000 0.000000
vt 0.604167 0.500000
vt 0.541667 0.000000
vt 0.791667 1.000000
vt 0.750000 1.000000
vt 0.708333 1.000000
vt 0.666667 1.000000
vt 0.291667 0.000000
vt 1.000000 0.000000
vt 1.000000 0.500000
vt 1.000000 1.000000
vt 0.916667 0.500000
vt 1.000000 0.500000
vt 1.000000 1.000000
vt 0.916667 1.000000
vt 0.083333 0.500000
vt 0.166667 0.500000
vt 0.166667 1.000000
vt 0.083333 1.000000
vt 0.208333 0.500000
vt 0.250000 0.500000
vt 0.250000 1.000000
vt 0.208333 1.000000
vt 0.291667 0.500000
vt 0.333333 0.500000
vt 0.333333 1.000000
vt 0.291667 1.000000
vt 0.375000 0.500000
vt 0.416667 0.500000
vt 0.416667 1.000000
vt 0.375000 1.000000
vt 0.458333 0.500000
vt 0.500000 0.500000
vt 0.500000 1.000000
vt 0.458333 1.000000
vt 0.541667 0.500000
vt 0.583333 0.500000
vt 0.583333 1.000000
vt 0.541667 1.000000
vt 0.625000 0.500000
vt 0.666667 0.500000
vt 0.666667 1.000000
vt 0.625000 1.000000
vt 0.791667 0.500000
vt 0.833333 0.500000
vt 0.833333 1.000000
vt 0.791667 1.000000
vt 0.791667 0.000000
vt 0.833333 0.000000
vt 0.708333 0.000000
vt 0.750000 0.000000
vt 0.750000 0.500000
vt 0.708333 0.500000
vt 0.541667 0.000000
vt 0.583333 0.000000
vt 0.458333 0.000000
vt 0.500000 0.000000
vt 0.208333 0.000000
vt 0.250000 0.000000
vt 0.083333 0.000000
vt 0.166667 0.000000
vt 0.000000 0.000000
vt 0.083333 0.000000
vt 0.000000 0.500000
vt 0.916667 0.000000
vt 1.000000 0.000000
vt 0.333333 0.000000
vt 0.375000 0.000000
vt 0.604167 0.000000
vt 0.625000 0.000000
vt 0.604167 0.500000
vt 0.541667 0.000000
vt 0.791667 1.000000
vt 0.750000 1.000000
vt 0.708333 1.000000
vt 0.666667 1.000000
vt 0.291667 0.000000
vt 1.000000 0.000000
vt 1.000000 0.500000
vt 1.000000 1.000000
vt 0.916667 0.500000
vt 1.000000 0.500000
vt 1.000000 1.000000
vt 0.916667 1.000000
vt 0.083333 0.500000
vt 0.166667 0.500000
vt 0.166667 1.000000
vt 0.083333 1.000000
vt 0.208333 0.500000
vt 0.250000 0.500000
vt 0.250000 1.000000
vt 0.208333 1.000000
vt 0.291667 0.500000
vt 0.333333 0.500000
vt 0.333333 1.000000
vt 0.291667 1.000000
vt 0.375000 0.500000
vt 0.416667 0.500000
vt 0.416667 1.000000
vt 0.375000 1.000000
vt 0.458333 0.500000
vt 0.500000 0.500000
vt 0.500000 1.000000
vt 0.458333 1.000000
vt 0.541667 0.500000
vt 0.583333 0.500000
vt 0.583333 1.000000
vt 0.541667 1.000000
vt 0.625000 0.500000
vt 0.666667 0.500000
vt 0.666667 1.000000
vt 0.625000 1.000000
vt 0.791667 0.500000
vt 0.833333 0.500000
vt 0.833333 1.000000
vt 0.791667 1.000000
vt 0.791667 0.000000
vt 0.833333 0.000000
vt 0.708333 0.000000
vt 0.750000 0.000000
vt 0.750000 0.500000
vt 0.708333 0.500000
vt 0.541667 0.000000
vt 0.583333 0.000000
vt 0.458333 0.000000
vt 0.500000 0.000000
vt 0.208333 0.000000
vt 0.250000 0.000000
vt 0.083333 0.000000
vt 0.166667 0.000000
vt 0.000000 0.000000
vt 0.083333 0.000000
vt 0.000000 0.500000
vt 0.916667 0.000000
vt 1.000000 0.000000
vt 0.333333 0.000000
vt 0.375000 0.000000
vt 0.604167 0.000000
vt 0.625000 0.000000
vt 0.604167 0.500000
vt 0.541667 0.000000
vt 0.791667 1.000000
vt 0.750000 1.000000
vt 0.708333 1.000000
vt 0.666667 1.000000
vt 0.291667 0.000000
vt 1.000000 0.000000
vt 1.000000 0.500000
vt 1.000000 1.000000
vt 0.916667 0.500000
vt 1.000000 0.500000
vt 1.000000 1.000000
vt 0.916667 1.000000
vt 0.083333 0.500000
vt 0.166667 0.500000
vt 0.166667 1.000000
vt 0.083333 1.000000
vt 0.208333 0.500000
vt 0.250000 0.500000
vt 0.250000 1.000000
vt 0.208333 1.000000
vt 0.291667 0.500000
vt 0.333333 0.500000
vt 0.333333 1.000000
vt 0.291667 1.000000
vt 0.375000 0.500000
vt 0.416667 0.500000
vt 0.416667 1.000000
vt 0.375000 1.000000
vt 0.458333 0.500000
vt 0.500000 0.500000
vt 0.500000 1.000000
vt 0.458333 1.000000
vt 0.541667 0.500000
vt 0.583333 0.500000
vt 0.583333 1.000000
vt 0.541667 1.000000
vt 0.625000 0.500000
vt 0.666667 0.500000
vt 0.666667 1.000000
vt 0.625000 1.000000
vt 0.791667 0.500000
vt 0.833333 0.500000
vt 0.833333 1.000000
vt 0.791667 1.000000
vt 0.791667 0.000000
vt 0.833333 0.000000
vt 0.708333 0.000000
vt 0.750000 0.000000
vt 0.750000 0.500000
vt 0.708333 0.500000
vt 0.541667 0.000000
vt 0.583333 0.000000
vt 0.458333 0.000000
vt 0.500000 0.000000
vt 0.208333 0.000000
vt 0.250000 0.000000
vt 0.083333 0.000000
vt 0.166667 0.000000
vt 0.000000 0.000000
vt 0.083333 0.000000
vt 0.000000 0.500000
vt 0.916667 0.000000
vt 1.000000 0.000000
vt 0.333333 0.000000
vt 0.375000 0.000000
vt 0.604167 0.000000
vt 0.625000 0.000000
vt 0.604167 0.500000
vt 0.541667 0.000000
vt 0.791667 1.000000
vt 0.750000 1.000000
vt 0.708333 1.000000
vt 0.666667 1.000000
vt 0.291667 0.000000
vt 1.000000 0.000000
vt 1.000000 0.500000
vt 1.000000 1.000000
vt 0.916667 0.500000
vt 1.000000 0.500000
vt 1.000000 1.000000
vt 0.916667 1.000000
vt 0.083333 0.500000
vt 0.166667 0.500000
vt 0.166667 1.000000
vt 0.083333 1.000000
vt 0.208333 0.500000
vt 0.250000 0.500000
vt 0.250000 1.000000
vt 0.208333 1.000000
vt 0.291667 0.500000
vt 0.333333 0.500000
vt 0.333333 1.000000
vt 0.291667 1.000000
vt 0.375000 0.500000
vt 0.416667 0.500000
vt 0.416667 1.000000
vt 0.375000 1.000000
vt 0.458333 0.500000
vt 0.500000 0.500000
vt 0.500000 1.000000
vt 0.458333 1.000000
vt 0.541667 0.500000
vt 0.583333 0.500000
vt 0.583333 1.000000
vt 0.541667 1.000000
vt 0.625000 0.500000
vt 0.666667 0.500000
vt 0.666667 1.000000
vt 0.625000 1.000000
vt 0.791667 0.500000
vt 0.833333 0.500000
vt 0.833333 1.000000
vt 0.791667 1.000000
vt 0.791667 0.000000
vt 0.833333 0.000000
vt 0.708333 0.000000
vt 0.750000 0.000000
vt 0.750000 0.500000
vt 0.708333 0.500000
vt 0.541667 0.000000
vt 0.583333 0.000000
vt 0.458333 0.000000
vt 0.500000 0.000000
vt 0.208333 0.000000
vt 0.250000 0.000000
vt 0.083333 0.000000
vt 0.166667 0.000000
vt 0.000000 0.000000
vt 0.083333 0.000000
vt 0.000000 0.500000
vt 0.916667 0.000000
vt 1.000000 0.000000
vt 0.333333 0.000000
vt 0.375000 0.000000
vt 0.604167 0.000000
vt 0.625000 0.000000
vt 0.604167 0.500000
vt 0.541667 0.000000
vt 0.791667 1.000000
vt 0.750000 1.000000
vt 0.708333 1.000000
vt 0.666667 1.000000
vt 0.291667 0.000000
vt 1.000000 0.000000
vt 1.000000 0.500000
vt 1.000000 1.000000
vt 0.916667 0.500000
vt 1.000000 0.500000
vt 1.000000 1.000000
vt 0.916667 1.000000
vt 0.083333 0.500000
vt 0.166667 0.500000
vt 0.166667 1.000000
vt 0.083333 1.000000
vt 0.208333 0.500000
vt 0.250000 0.500000
vt 0.250000 1.000000
vt 0.208333 1.000000
vt 0.291667 0.500000
vt 0.333333 0.500000
vt 0.333333 1.000000
vt 0.291667 1.000000
vt 0.375000 0.500000
vt 0.416667 0.500000
vt 0.416667 1.000000
vt 0.375000 1.000000
vt 0.458333 0.500000
vt 0.500000 0.500000
vt 0.500000 1.000000
vt 0.458333 1.000000
vt 0.541667 0.500000
vt 0.583333 0.500000
vt 0.583333 1.000000
vt 0.541667 1.000000
vt 0.625000 0.500000
vt 0.666667 0.500000
vt 0.666667 1.000000
vt 0.625000 1.000000
vt 0.791667 0.500000
vt 0.833333 0.500000
vt 0.833333 1.000000
vt 0.791667 1.000000
vt 0.791667 0.000000
vt 0.833333 0.000000
vt 0.708333 0.000000
vt 0.750000 0.000000
vt 0.750000 0.500000
vt 0.708333 0.500000
vt 0.541667 0.000000
vt 0.583333 0.000000
vt 0.458333 0.000000
vt 0.500000 0.000000
vt 0.208333 0.000000
vt 0.250000 0.000000
vt 0.083333 0.000000
vt 0.166667 0.000000
vt 0.000000 0.000000
vt 0.083333 0.000000
vt 0.000000 0.500000
vt 0.916667 0.000000
vt 1.000000 0.000000
vt 0.333333 0.000000
vt 0.375000 0.000000
vt 0.604167 0.000000
vt 0.625000 0.000000
vt 0.604167 0.500000
vt 0.541667 0.000000
vt 0.791667 1.000000
vt 0.750000 1.000000
vt 0.708333 1.000000
vt 0.666667 1.000000
vt 0.291667 0.000000
vt 1.000000 0.000000
vt 1.000000 0.500000
vt 1.000000 1.000000
vt 0.083333 1.000000
vt 0.000000 1.000000
vt 0.750000 1.000000
vt 0.375000 0.000000
vt 0.416667 0.000000
vt 0.375000 1.000000
vt 0.604167 0.000000
vt 0.500000 1.000000
vt 0.750000 0.000000
vt 0.791667 0.000000
vt 0.291667 1.000000
vt 0.250000 1.000000
vt 0.166667 0.000000
vt 0.083333 1.000000
vt 0.000000 1.000000
vt 0.750000 1.000000
vt 0.375000 0.000000
vt 0.416667 0.000000
vt 0.375000 1.000000
vt 0.604167 0.000000
vt 0.500000 1.000000
vt 0.750000 0.000000
vt 0.791667 0.000000
vt 0.291667 1.000000
vt 0.250000 1.000000
vt 0.166667 0.000000
vt 0.083333 1.000000
vt 0.000000 1.000000
vt 0.750000 1.000000
vt 0.375000 0.000000
vt 0.416667 0.000000
vt 0.375000 1.000000
vt 0.604167 0.000000
vt 0.500000 1.000000
vt 0.750000 0.000000
vt 0.791667 0.000000
vt 0.291667 1.000000
vt 0.250000 1.000000
vt 0.166667 0.000000
vt 0.083333 1.000000
vt 0.000000 1.000000
vt 0.750000 1.000000
vt 0.375000 0.000000
vt 0.416667 0.000000
vt 0.375000 1.000000
vt 0.604167 0.000000
vt 0.500000 1.000000
vt 0.750000 0.000000
vt 0.791667 0.000000
vt 0.291667 1.000000
vt 0.250000 1.000000
vt 0.166667 0.000000
vt 0.083333 1.000000
vt 0.000000 1.000000
vt 0.750000 1.000000
vt 0.375000 0.000000
vt 0.416667 0.000000
vt 0.375000 1.000000
vt 0.604167 0.000000
vt 0.500000 1.000000
vt 0.750000 0.000000
vt 0.791667 0.000000
vt 0.291667 1.000000
vt 0.250000 1.000000
vt 0.166667 0.000000
vt 0.083333 1.000000
vt 0.000000 1.000000
vt 0.750000 1.000000
vt 0.375000 0.000000
vt 0.416667 0.000000
vt 0.375000 1.000000
vt 0.604167 0.000000
vt 0.500000 1.000000
vt 0.750000 0.000000
vt 0.791667 0.000000
vt 0.291667 1.000000
vt 0.250000 1.000000
vt 0.166667 0.000000
vt 0.083333 1.000000
vt 0.000000 1.000000
vt 0.750000 1.000000
vt 0.375000 0.000000
vt 0.416667 0.000000
vt 0.375000 1.000000
vt 0.604167 0.000000
vt 0.500000 1.000000
vt 0.750000 0.000000
vt 0.791667 0.000000
vt 0.291667 1.000000
vt 0.250000 1.000000
vt 0.166667 0.000000
vt 0.083333 1.000000
vt 0.000000 1.000000
vt 0.750000 1.000000
vt 0.375000 0.000000
vt 0.416667 0.000000
vt 0.375000 1.000000
vt 0.604167 0.000000
vt 0.500000 1.000000
vt 0.750000 0.000000
vt 0.791667 0.000000
vt 0.291667 1.000000
vt 0.250000 1.000000
vt 0.166667 0.000000
vt 0.083333 1.000000
vt 0.000000 1.000000
vt 0.750000 1.000000
vt 0.375000 0.000000
vt 0.416667 0.000000
vt 0.375000 1.000000
vt 0.604167 0.000000
vt 0.500000 1.000000
vt 0.750000 0.000000
vt 0.791667 0.000000
vt 0.291667 1.000000
vt 0.250000 1.000000
vt 0.166667 0.000000
vt 0.083333 1.000000
vt 0.000000 1.000000
vt 0.750000 1.000000
vt 0.375000 0.000000
vt 0.416667 0.000000
vt 0.375000 1.000000
vt 0.604167 0.000000
vt 0.500000 1.000000
vt 0.750000 0.000000
vt 0.791667 0.000000
vt 0.291667 1.000000
vt 0.250000 1.000000
vt 0.166667 0.000000
vt 0.083333 1.000000
vt 0.000000 1.000000
vt 0.750000 1.000000
vt 0.375000 0.000000
vt 0.416667 0.000000
vt 0.375000 1.000000
vt 0.604167 0.000000
vt 0.500000 1.000000
vt 0.750000 0.000000
vt 0.791667 0.000000
vt 0.291667 1.000000
vt 0.250000 1.000000
vt 0.166667 0.000000
vt 0.083333 1.000000
vt 0.000000 1.000000
vt 0.750000 1.000000
vt 0.375000 0.000000
vt 0.416667 0.000000
vt 0.375000 1.000000
vt 0.604167 0.000000
vt 0.500000 1.000000
vt 0.750000 0.000000
vt 0.791667 0.000000
vt 0.291667 1.000000
vt 0.250000 1.000000
vt 0.166667 0.000000
vt 0.833333 0.000000
vt 0.666667 0.000000
vt 0.291667 0.000000
vt 0.333333 0.000000
vt 0.416667 0.000000
vt 0.416667 1.000000
vt 0.604167 1.000000
vt 0.604167 1.000000
vt 0.583333 1.000000
vt 0.666667 0.000000
vt 0.708333 0.000000
vt 0.208333 1.000000
vt 0.166667 1.000000
vt 0.833333 0.000000
vt 0.666667 0.000000
vt 0.291667 0.000000
vt 0.333333 0.000000
vt 0.416667 0.000000
vt 0.416667 1.000000
vt 0.604167 1.000000
vt 0.604167 1.000000
vt 0.583333 1.000000
vt 0.666667 0.000000
vt 0.708333 0.000000
vt 0.208333 1.000000
vt 0.166667 1.000000
vt 0.833333 0.000000
vt 0.666667 0.000000
vt 0.291667 0.000000
vt 0.333333 0.000000
vt 0.416667 0.000000
vt 0.416667 1.000000
vt 0.604167 1.000000
vt 0.604167 1.000000
vt 0.583333 1.000000
vt 0.666667 0.000000
vt 0.708333 0.000000
vt 0.208333 1.000000
vt 0.166667 1.000000
vt 0.833333 0.000000
vt 0.666667 0.000000
vt 0.291667 0.000000
vt 0.333333 0.000000
vt 0.416667 0.000000
vt 0.416667 1.000000
vt 0.604167 1.000000
vt 0.604167 1.000000
vt 0.583333 1.000000
vt 0.666667 0.000000
vt 0.708333 0.000000
vt 0.208333 1.000000
vt 0.166667 1.000000
vt 0.833333 0.000000
vt 0.666667 0.000000
vt 0.291667 0.000000
vt 0.333333 0.000000
vt 0.416667 0.000000
vt 0.416667 1.000000
vt 0.604167 1.000000
vt 0.604167 1.000000
vt 0.583333 1.000000
vt 0.666667 0.000000
vt 0.708333 0.000000
vt 0.208333 1.000000
vt 0.166667 1.000000
vt 0.833333 0.000000
vt 0.666667 0.000000
vt 0.291667 0.000000
vt 0.333333 0.000000
vt 0.416667 0.000000
vt 0.416667 1.000000
vt 0.604167 1.000000
vt 0.604167 1.000000
vt 0.583333 1.000000
vt 0.666667 0.000000
vt 0.708333 0.000000
vt 0.208333 1.000000
vt 0.166667 1.000000
vt 0.833333 0.000000
vt 0.666667 0.000000
vt 0.291667 0.000000
vt 0.333333 0.000000
vt 0.416667 0.000000
vt 0.416667 1.000000
vt 0.604167 1.000000
vt 0.604167 1.000000
vt 0.583333 1.000000
vt 0.666667 0.000000
vt 0.708333 0.000000
vt 0.208333 1.000000
vt 0.166667 1.000000
vt 0.833333 0.000000
vt 0.666667 0.000000
vt 0.291667 0.000000
vt 0.333333 0.000000
vt 0.416667 0.000000
vt 0.416667 1.000000
vt 0.604167 1.000000
vt 0.604167 1.000000
vt 0.583333 1.000000
vt 0.666667 0.000000
vt 0.708333 0.000000
vt 0.208333 1.000000
vt 0.166667 1.000000
vt 0.833333 0.000000
vt 0.666667 0.000000
vt 0.291667 0.000000
vt 0.333333 0.000000
vt 0.416667 0.000000
vt 0.416667 1.000000
vt 0.604167 1.000000
vt 0.604167 1.000000
vt 0.583333 1.000000
vt 0.666667 0.000000
vt 0.708333 0.000000
vt 0.208333 1.000000
vt 0.166667 1.000000
vt 0.833333 0.000000
vt 0.666667 0.000000
vt 0.291667 0.000000
vt 0.333333 0.000000
vt 0.416667 0.000000
vt 0.416667 1.000000
vt 0.604167 1.000000
vt 0.604167 1.000000
vt 0.583333 1.000000
vt 0.666667 0.000000
vt 0.708333 0.000000
vt 0.208333 1.000000
vt 0.166667 1.000000
vt 0.833333 0.000000
vt 0.666667 0.000000
vt 0.291667 0.000000
vt 0.333333 0.000000
vt 0.416667 0.000000
vt 0.416667 1.000000
vt 0.604167 1.000000
vt 0.604167 1.000000
vt 0.583333 1.000000
vt 0.666667 0.000000
vt 0.708333 0.000000
vt 0.208333 1.000000
vt 0.166667 1.000000
vt 0.833333 0.000000
vt 0.666667 0.000000
vt 0.291667 0.000000
vt 0.333333 0.000000
vt 0.416667 0.000000
vt 0.416667 1.000000
vt 0.604167 1.000000
vt 0.604167 1.000000
vt 0.583333 1.000000
vt 0.666667 0.000000
vt 0.708333 0.000000
vt 0.208333 1.000000
vt 0.166667 1.000000
vt 0.000000 0.000000
vt 0.000000 0.000000
vt 0.000000 0.000000
vt 0.000000 0.000000
vt 0.000000 0.000000
vt 0.000000 0.000000
vt 0.000000 0.000000
vt 0.000000 0.000000
vt 0.000000 0.000000
vt 0.000000 0.000000
vt 0.000000 0.000000
vt 0.000000 0.000000
vt 0.000000 0.000000
vt 0.000000 0.000000
vt 0.000000 0.000000
vt 0.000000 0.000000
vt 0.000000 0.000000
vt 0.000000 0.000000
vt 0.000000 0.000000
vt 0.000000 0.000000
vt 0.000000 0.000000
vt 0.000000 0.000000
vt 0.000000 0.000000
vt 0.000000 0.000000
vt 0.000000 0.000000
vt 0.000000 0.000000
vt 0.000000 0.000000
vt 0.000000 0.000000
vt 0.000000 0.000000
vt 0.000000 0.000000
vt 0.000000 0.000000
vt 0.000000 0.000000
vt 0.000000 0.000000
vt 0.000000 0.000000
vt 0.000000 0.000000
vt 0.000000 0.000000
vt 0.000000 0.000000
vt 0.000000 0.000000
vt 0.000000 0.000000
vt 0.000000 0.000000
vt 0.000000 0.000000
vt 0.000000 0.000000
vt 0.000000 0.000000
vt 0.000000 0.000000
vt 0.000000 0.000000
vt 0.000000 0.000000
vt 0.000000 0.000000
vt 0.000000 0.000000
vt 0.000000 0.000000
vt 0.000000 0.000000
vt 0.000000 0.000000
vt 0.000000 0.000000
vt 0.000000 0.000000
vt 0.000000 0.000000
vt 0.000000 0.000000
vt 0.000000 0.000000
vt 0.000000 0.000000
vt 0.000000 0.000000
vt 0.000000 0.000000
vt 0.000000 0.000000
vt 0.000000 0.000000
vt 0.000000 0.000000
vt 0.000000 0.000000
vt 0.000000 0.000000
vt 0.000000 0.000000
vt 0.000000 0.000000
vt 0.000000 0.000000
vt 0.000000 0.000000
vt 0.000000 0.000000
vt 0.000000 0.000000
vt 0.000000 0.000000
vt 0.000000 0.000000
vt 0.000000 0.000000
vt 0.000000 0.000000
vt 0.000000 0.000000
vt 0.000000 0.000000
vt 0.000000 0.000000
vt 0.000000 0.000000
vt 0.000000 0.000000
vt 0.000000 0.000000
vt 0.000000 0.000000
vt 0.000000 0.000000
vt 0.000000 0.000000
vt 0.000000 0.000000
vt 0.000000 0.000000
vt 0.000000 0.000000
vt 0.000000 0.000000
vt 0.000000 0.000000
vt 0.000000 0.000000
vt 0.000000 0.000000
vt 0.000000 0.000000
vt 0.000000 0.000000
vt 0.000000 0.000000
vt 0.000000 0.000000
vt 0.000000 0.000000
vt 0.000000 0.000000
vt 0.000000 0.000000
vt 0.000000 0.000000
vt 0.000000 0.000000
vt 0.000000 0.000000
vt 0.000000 0.000000
vt 0.000000 0.000000
vt 0.000000 0.000000
vt 0.000000 0.000000
vt 0.000000 0.000000
vt 0.000000 0.000000
vt 0.000000 0.000000
vt 0.000000 0.000000
vt 0.000000 0.000000
vt 0.000000 0.000000
vt 0.000000 0.000000
vt 0.000000 0.000000
vt 0.000000 0.000000
vt 0.000000 0.000000
vt 0.000000 0.000000
vt 0.000000 0.000000
vt 0.000000 0.000000
vt 0.000000 0.000000
vt 0.000000 0.000000
vt 0.000000 0.000000
vt 0.000000 0.000000
vt 0.000000 0.000000
vt 0.000000 0.000000
vt 0.000000 0.000000
vt 0.000000 0.000000
vt 0.000000 0.000000
vt 0.000000 0.000000
vt 0.000000 0.000000
vt 0.000000 0.000000
vt 0.000000 0.000000
vt 0.000000 0.000000
vt 0.000000 0.000000
vt 0.000000 0.000000
vt 0.000000 0.000000
vt 0.000000 0.000000
vt 0.000000 0.000000
vt 0.000000 0.000000
vt 0.000000 0.000000
vt 0.000000 0.000000
vt 0.000000 0.000000
vt 0.000000 0.000000
vt 0.000000 0.000000
vt 0.000000 0.000000
vt 0.000000 0.000000
vt 0.000000 0.000000
vt 0.000000 0.000000
vt 0.000000 0.000000
vt 0.000000 0.000000
vt 0.000000 0.000000
vt 0.000000 0.000000
vt 0.000000 0.000000
vt 0.000000 0.000000
vt 0.000000 0.000000
vt 0.000000 0.000000
vt 0.000000 0.000000
vt 0.000000 0.000000
vt 0.000000 0.000000
vt 0.000000 0.000000
vt 0.000000 0.000000
vt 0.000000 0.000000
vt 0.000000 0.000000
vt 0.000000 0.000000
vt 0.000000 0.000000
vt 0.000000 0.000000
vt 0.000000 0.000000
vt 0.000000 0.000000
vt 0.000000 0.000000
vt 0.000000 0.000000
vt 0.000000 0.000000
vt 0.000000 0.000000
vt 0.000000 0.000000
vt 0.000000 0.000000
vt 0.000000 0.000000
vt 0.000000 0.000000
vt 0.000000 0.000000
vt 0.000000 0.000000
vt 0.000000 0.000000
vt 0.000000 0.000000
vt 0.000000 0.000000
vt 0.000000 0.000000
vt 0.000000 0.000000
vt 0.000000 0.000000
vt 0.000000 0.000000
vt 0.000000 0.000000
vt 0.000000 0.000000
vt 0.000000 0.000000
vt 0.000000 0.000000
vt 0.000000 0.000000
vt 0.000000 0.000000
vt 0.000000 0.000000
vt 0.000000 0.000000
vt 0.000000 0.000000
vt 0.000000 0.000000
vt 0.000000 0.000000
vt 0.000000 0.000000
vt 0.000000 0.000000
vt 0.000000 0.000000
vt 0.000000 0.000000
vt 0.000000 0.000000
vt 0.000000 0.000000
vt 0.000000 0.000000
vt 0.000000 0.000000
vt 0.000000 0.000000
vt 0.000000 0.000000
vt 0.000000 0.000000
vt 0.000000 0.000000
vt 0.000000 0.000000
vt 0.000000 0.000000
vt 0.000000 0.000000
vt 0.000000 0.000000
vt 0.000000 0.000000
vt 0.000000 0.000000
vt 0.000000 0.000000
vt 0.000000 0.000000
vt 0.000000 0.000000
vt 0.000000 0.000000
vt 0.000000 0.000000
vt 0.000000 0.000000
vt 0.000000 0.000000
vt 0.000000 0.000000
vt 0.000000 0.000000
vt 0.000000 0.000000
vt 0.000000 0.000000
vt 0.000000 0.000000
vt 0.000000 0.000000
vt 0.000000 0.000000
vt 0.000000 0.000000
vt 0.000000 0.000000
vt 0.000000 0.000000
vt 0.000000 0.000000
vt 0.000000 0.000000
vt 0.000000 0.000000
vt 0.000000 0.000000
vt 0.000000 0.000000
vt 0.000000 0.000000
vt 0.000000 0.000000
vt 0.000000 0.000000
vt 0.000000 0.000000
vt 0.000000 0.000000
vt 0.000000 0.000000
vt 0.000000 0.000000
vt 0.000000 0.000000
vt 0.000000 0.000000
vt 0.000000 0.000000
vt 0.000000 0.000000
vt 0.000000 0.000000
vt 0.000000 0.000000
vt 0.000000 0.000000
vt 0.000000 0.000000
vt 0.000000 0.000000
vt 0.000000 0.000000
vt 0.000000 0.000000
vt 0.000000 0.000000
vt 0.000000 0.000000
vt 0.000000 0.000000
vt 0.000000 0.000000
vt 0.000000 0.000000
vt 0.000000 0.000000
vt 0.000000 0.000000
vt 0.000000 0.000000
vt 0.000000 0.000000
vt 0.000000 0.000000
vt 0.000000 0.000000
vt 0.000000 0.000000
vt 0.000000 0.000000
vt 0.000000 0.000000
vt 0.000000 0.000000
vt 0.000000 0.000000
vt 0.000000 0.000000
vt 0.000000 0.000000
vt 0.000000 0.000000
vt 0.000000 0.000000
vt 0.000000 0.000000
vt 0.000000 0.000000
vt 0.000000 0.000000
vt 0.000000 0.000000
vt 0.000000 0.000000
vt 0.000000 0.000000
vt 0.000000 0.000000
vt 0.000000 0.000000
vt 0.000000 0.000000
vt 0.000000 0.000000
vt 0.000000 0.000000
vt 0.000000 0.000000
vt 0.000000 0.000000
vt 0.000000 0.000000
vt 0.000000 0.000000
vt 0.000000 0.000000
vt 0.000000 0.000000
vt 0.000000 0.000000
vt 0.000000 0.000000
vt 0.000000 0.000000
vt 0.000000 0.000000
vt 0.000000 0.000000
vt 0.000000 0.000000
vt 0.000000 0.000000
vt 0.000000 0.000000
vt 0.000000 0.000000
vt 0.000000 0.000000
vt 0.000000 0.000000
vt 0.000000 0.000000
vt 0.000000 0.000000
vt 0.000000 0.000000
vt 0.000000 0.000000
vt 0.000000 0.000000
vt 0.000000 0.000000
vt 0.000000 0.000000
vt 0.000000 0.000000
vt 0.000000 0.000000
vt 0.000000 0.000000
vt 0.000000 0.000000
vt 0.000000 0.000000
vt 0.000000 0.000000
vt 0.000000 0.000000
vt 0.000000 0.000000
vt 0.000000 0.000000
vt 0.000000 0.000000
vt 0.000000 0.000000
vt 0.000000 0.000000
vt 0.000000 0.000000
vt 0.000000 0.000000
vt 0.000000 0.000000
vt 0.000000 0.000000
vt 0.000000 0.000000
vt 0.000000 0.000000
vt 0.000000 0.000000
vt 0.000000 0.000000
vt 0.000000 0.000000
vt 0.000000 0.000000
vt 0.000000 0.000000
vt 0.000000 0.000000
vt 0.000000 0.000000
vt 0.000000 0.000000
vt 0.000000 0.000000
vt 0.000000 0.000000
vt 0.000000 0.000000
vt 0.000000 0.000000
vt 0.000000 0.000000
vt 0.000000 0.000000
vt 0.000000 0.000000
vt 0.000000 0.000000
vt 0.000000 0.000000
vt 0.000000 0.000000
vt 0.000000 0.000000
vt 0.000000 0.000000
vt 0.000000 0.000000
vt 0.000000 0.000000
vt 0.000000 0.000000
vt 0.000000 0.000000
vt 0.000000 0.000000
vt 0.000000 0.000000
vt 0.000000 0.000000
vt 0.000000 0.000000
vt 0.000000 0.000000
vt 0.000000 0.000000
vt 0.000000 0.000000
vt 0.000000 0.000000
vt 0.000000 0.000000
vt 0.000000 0.000000
vt 0.000000 0.000000
vt 0.000000 0.000000
vt 0.000000 0.000000
vt 0.000000 0.000000
vt 0.000000 0.000000
vt 0.000000 0.000000
vt 0.000000 0.000000
vt 0.000000 0.000000
vt 0.000000 0.000000
vt 0.000000 0.000000
vt 0.000000 0.000000
vt 0.000000 0.000000
vt 0.000000 0.000000
vt 0.000000 0.000000
vt 0.000000 0.000000
vt 0.000000 0.000000
vt 0.000000 0.000000
vt 0.000000 0.000000
vt 0.000000 0.000000
vt 0.000000 0.000000
vt 0.000000 0.000000
vt 0.000000 0.000000
vt 0.000000 0.000000
vt 0.000000 0.000000
vt 0.000000 0.000000
vt 0.000000 0.000000
vt 0.000000 0.000000
vt 0.000000 0.000000
vt 0.000000 0.000000
vt 0.000000 0.000000
vt 0.000000 0.000000
vt 0.000000 0.000000
vt 0.000000 0.000000
vt 0.000000 0.000000
vt 0.000000 0.000000
vt 0.000000 0.000000
vt 0.000000 0.000000
vt 0.000000 0.000000
vt 0.000000 0.000000
vt 0.000000 0.000000
vt 0.000000 0.000000
vt 0.000000 0.000000
vt 0.000000 0.000000
vt 0.000000 0.000000
vt 0.000000 0.000000
vt 0.000000 0.000000
vt 0.000000 0.000000
vt 0.000000 0.000000
vt 0.000000 0.000000
vt 0.000000 0.000000
vt 0.000000 0.000000
vt 0.000000 0.000000
vt 0.000000 0.000000
vt 0.000000 0.000000
vt 0.000000 0.000000
vt 0.000000 0.000000
vt 0.000000 0.000000
vt 0.000000 0.000000
vt 0.000000 0.000000
vt 0.000000 0.000000
vt 0.000000 0.000000
vt 0.000000 0.000000
vt 0.000000 0.000000
vt 0.000000 0.000000
vt 0.000000 0.000000
vt 0.000000 0.000000
vt 0.000000 0.000000
vt 0.000000 0.000000
vt 0.000000 0.000000
vt 0.000000 0.000000
vt 0.000000 0.000000
vt 0.000000 0.000000
vt 0.000000 0.000000
vt 0.000000 0.000000
vt 0.000000 0.000000
vt 0.000000 0.000000
vt 0.000000 0.000000
vt 0.000000 0.000000
vt 0.000000 0.000000
vt 0.000000 0.000000
vt 0.000000 0.000000
vt 0.000000 0.000000
vt 0.000000 0.000000
vt 0.000000 0.000000
vt 0.000000 0.000000
vt 0.000000 0.000000
vt 0.000000 0.000000
vt 0.000000 0.000000
vt 0.000000 0.000000
vt 0.000000 0.000000
vt 0.000000 0.000000
vt 0.000000 0.000000
vt 0.000000 0.000000
vt 0.000000 0.000000
vt 0.000000 0.000000
vt 0.000000 0.000000
vt 0.000000 0.000000
vt 0.000000 0.000000
vt 0.000000 0.000000
vt 0.000000 0.000000
vt 0.000000 0.000000
vt 0.000000 0.000000
vt 0.000000 0.000000
vt 0.000000 0.000000
vt 0.000000 0.000000
vt 0.000000 0.000000
vt 0.000000 0.000000
vt 0.000000 0.000000
vt 0.000000 0.000000
vt 0.000000 0.000000
vt 0.000000 0.000000
vt 0.000000 0.000000
vt 0.000000 0.000000
vt 0.000000 0.000000
vt 0.000000 0.000000
vt 0.000000 0.000000
vt 0.000000 0.000000
vt 0.000000 0.000000
vt 0.000000 0.000000
vt 0.000000 0.000000
vt 0.000000 0.000000
vt 0.000000 0.000000
vt 0.000000 0.000000
vt 0.000000 0.000000
vt 0.000000 0.000000
vt 0.000000 0.000000
vt 0.000000 0.000000
vt 0.000000 0.000000
vt 0.000000 0.000000
vt 0.000000 0.000000
vt 0.000000 0.000000
vt 0.000000 0.000000
vt 0.000000 0.000000
vt 0.000000 0.000000
vt 0.000000 0.000000
vt 0.000000 0.000000
vt 0.000000 0.000000
vt 0.000000 0.000000
vt 0.000000 0.000000
vt 0.000000 0.000000
vt 0.000000 0.000000
vt 0.000000 0.000000
vt 0.000000 0.000000
vt 0.000000 0.000000
vt 0.000000 0.000000
vt 0.000000 0.000000
vt 0.000000 0.000000
vt 0.000000 0.000000
vt 0.000000 0.000000
vt 0.000000 0.000000
vt 0.000000 0.000000
vt 0.000000 0.000000
vt 0.000000 0.000000
vt 0.000000 0.000000
vt 0.000000 0.000000
vt 0.000000 0.000000
vt 0.000000 0.000000
vt 0.000000 0.000000
vt 0.000000 0.000000
vt 0.000000 0.000000
vt 0.000000 0.000000
vt 0.000000 0.000000
vt 0.000000 0.000000
vt 0.000000 0.000000
vt 0.000000 0.000000
vt 0.000000 0.000000
vt 0.000000 0.000000
vt 0.000000 0.000000
vt 0.000000 0.000000
vt 0.000000 0.000000
vt 0.000000 0.000000
vt 0.000000 0.000000
vt 0.000000 0.000000
vt 0.000000 0.000000
vt 0.000000 0.000000
vt 0.000000 0.000000
vt 0.000000 0.000000
vt 0.000000 0.000000
vt 0.000000 0.000000
vt 0.000000 0.000000
vt 0.000000 0.000000
vt 0.000000 0.000000
vt 0.000000 0.000000
vt 0.000000 0.000000
vt 0.000000 0.000000
vt 0.000000 0.000000
vt 0.000000 0.000000
vt 0.000000 0.000000
vt 0.000000 0.000000
vt 0.000000 0.000000
vt 0.000000 0.000000
vt 0.000000 0.000000
vt 0.000000 0.000000
vt 0.000000 0.000000
vt 0.000000 0.000000
vt 0.000000 0.000000
vt 0.000000 0.000000
vt 0.000000 0.000000
vt 0.000000 0.000000
vt 0.000000 0.000000
vt 0.000000 0.000000
vt 0.000000 0.000000
vt 0.000000 0.000000
vt 0.000000 0.000000
vt 0.000000 0.000000
vt 0.000000 0.000000
vt 0.000000 0.000000
vt 0.000000 0.000000
vt 0.000000 0.000000
vt 0.000000 0.000000
vt 0.000000 0.000000
vt 0.000000 0.000000
vt 0.000000 0.000000
vt 0.000000 0.000000
vt 0.000000 0.000000
vt 0.000000 0.000000
vt 0.000000 0.000000
vt 0.000000 0.000000
vt 0.000000 0.000000
vt 0.000000 0.000000
vt 0.000000 0.000000
vt 0.000000 0.000000
vt 0.000000 0.000000
vt 0.000000 0.000000
vt 0.000000 0.000000
vt 0.000000 0.000000
vt 0.000000 0.000000
vt 0.000000 0.000000
vt 0.000000 0.000000
vt 0.000000 0.000000
vt 0.000000 0.000000
vt 0.000000 0.000000
vt 0.000000 0.000000
vt 0.000000 0.000000
vt 0.000000 0.000000
vt 0.000000 0.000000
vt 0.000000 0.000000
vt 0.000000 0.000000
vt 0.000000 0.000000
vt 0.000000 0.000000
vt 0.000000 0.000000
vt 0.000000 0.000000
vt 0.000000 0.000000
vt 0.000000 0.000000
vt 0.000000 0.000000
vt 0.000000 0.000000
vt 0.000000 0.000000
vt 0.000000 0.000000
vt 0.000000 0.000000
vt 0.000000 0.000000
vt 0.000000 0.000000
vt 0.000000 0.000000
vt 0.000000 0.000000
vt 0.000000 0.000000
vt 0.000000 0.000000
vt 0.000000 0.000000
vt 0.000000 0.000000
vt 0.000000 0.000000
vt 0.000000 0.000000
vt 0.000000 0.000000
vt 0.000000 0.000000
vt 0.000000 0.000000
vt 0.000000 0.000000
vt 0.000000 0.000000
vt 0.000000 0.000000
vt 0.000000 0.000000
vt 0.000000 0.000000
vt 0.000000 0.000000
vt 0.000000 0.000000
vt 0.000000 0.000000
vt 0.000000 0.000000
vt 0.000000 0.000000
vt 0.000000 0.000000
vt 0.000000 0.000000
vt 0.000000 0.000000
vt 0.000000 0.000000
vt 0.000000 0.000000
vt 0.000000 0.000000
vt 0.000000 0.000000
vt 0.000000 0.000000
vt 0.000000 0.000000
vt 0.000000 0.000000
vt 0.000000 0.000000
vt 0.000000 0.000000
vt 0.000000 0.000000
vt 0.000000 0.000000
vt 0.000000 0.000000
vt 0.000000 0.000000
vt 0.000000 0.000000
vt 0.000000 0.000000
vt 0.000000 0.000000
vt 0.000000 0.000000
vt 0.000000 0.000000
vt 0.000000 0.000000
vt 0.000000 0.000000
vt 0.000000 0.000000
vt 0.000000 0.000000
vt 0.000000 0.000000
vt 0.000000 0.000000
vt 0.000000 0.000000
vt 0.000000 0.000000
vt 0.000000 0.000000
vt 0.000000 0.000000
vt 0.000000 0.000000
vt 0.000000 0.000000
vt 0.000000 0.000000
vt 0.000000 0.000000
vt 0.000000 0.000000
vt 0.000000 0.000000
vt 0.000000 0.000000
vt 0.000000 0.000000
vt 0.000000 0.000000
vt 0.000000 0.000000
vt 0.000000 0.000000
vt 0.000000 0.000000
vt 0.000000 0.000000
vt 0.000000 0.000000
vt 0.000000 0.000000
vt 0.000000 0.000000
vt 0.000000 0.000000
vt 0.000000 0.000000
vt 0.000000 0.000000
vt 0.000000 0.000000
vt 0.000000 0.000000
vt 0.000000 0.000000
vt 0.000000 0.000000
vt 0.000000 0.000000
vt 0.000000 0.000000
vt 0.000000 0.000000
vt 0.000000 0.000000
vt 0.000000 0.000000
vt 0.000000 0.000000
vt 0.000000 0.000000
vt 0.000000 0.000000
vt 0.000000 0.000000
vt 0.000000 0.000000
vt 0.000000 0.000000
vt 0.000000 0.000000
vt 0.000000 0.000000
vt 0.000000 0.000000
vt 0.000000 0.000000
vt 0.000000 0.000000
vt 0.000000 0.000000
vt 0.000000 0.000000
vt 0.000000 0.000000
vt 0.000000 0.000000
vt 0.000000 0.000000
vt 0.000000 0.000000
vt 0.000000 0.000000
vt 0.000000 0.000000
vt 0.000000 0.000000
vt 0.000000 0.000000
vt 0.000000 0.000000
vt 0.000000 0.000000
vt 0.000000 0.000000
vt 0.000000 0.000000
vt 0.000000 0.000000
vt 0.000000 0.000000
vt 0.000000 0.000000
vt 0.000000 0.000000
vt 0.000000 0.000000
vt 0.000000 0.000000
vt 0.000000 0.000000
vt 0.000000 0.000000
vt 0.000000 0.000000
vt 0.000000 0.000000
vt 0.000000 0.000000
vt 0.000000 0.000000
vt 0.000000 0.000000
vt 0.000000 0.000000
vt 0.000000 0.000000
vt 0.000000 0.000000
vt 0.000000 0.000000
vt 0.000000 0.000000
vt 0.000000 0.000000
vt 0.000000 0.000000
vt 0.000000 0.000000
vt 0.000000 0.000000
vt 0.000000 0.000000
vt 0.000000 0.000000
vt 0.000000 0.000000
vt 0.000000 0.000000
vt 0.000000 0.000000
vt 0.000000 0.000000
vt 0.000000 0.000000
vt 0.000000 0.000000
vt 0.000000 0.000000
vt 0.000000 0.000000
vt 0.000000 0.000000
vt 0.000000 0.000000
vt 0.000000 0.000000
vt 0.000000 0.000000
vt 0.000000 0.000000
vt 0.000000 0.000000
vt 0.000000 0.000000
vt 0.000000 0.000000
vt 0.000000 0.000000
vt 0.000000 0.000000
vt 0.000000 0.000000
vt 0.000000 0.000000
vt 0.000000 0.000000
vt 0.000000 0.000000
vt 0.000000 0.000000
vt 0.000000 0.000000
vt 0.000000 0.000000
vt 0.000000 0.000000
vt 0.000000 0.000000
vt 0.000000 0.000000
vt 0.000000 0.000000
vt 0.000000 0.000000
vt 0.000000 0.000000
vt 0.000000 0.000000
vt 0.000000 0.000000
vt 0.000000 0.000000
vt 0.000000 0.000000
vt 0.000000 0.000000
vt 0.000000 0.000000
vt 0.000000 0.000000
vt 0.000000 0.000000
vt 0.000000 0.000000
vt 0.000000 0.000000
vt 0.000000 0.000000
vt 0.000000 0.000000
vt 0.000000 0.000000
vt 0.000000 0.000000
vt 0.000000 0.000000
vt 0.000000 0.000000
vt 0.000000 0.000000
vt 0.000000 0.000000
vt 0.000000 0.000000
vt 0.000000 0.000000
vt 0.000000 0.000000
vt 0.000000 0.000000
vt 0.000000 0.000000
vt 0.000000 0.000000
vt 0.000000 0.000000
vt 0.000000 0.000000
vt 0.000000 0.000000
vt 0.000000 0.000000
vt 0.000000 0.000000
vt 0.000000 0.000000
vt 0.000000 0.000000
vt 0.000000 0.000000
vt 0.000000 0.000000
vt 0.000000 0.000000
vt 0.000000 0.000000
vt 0.000000 0.000000
vt 0.000000 0.000000
vt 0.000000 0.000000
vt 0.000000 0.000000
vt 0.000000 0.000000
vt 0.000000 0.000000
vt 0.000000 0.000000
vt 0.000000 0.000000
vt 0.000000 0.000000
vt 0.000000 0.000000
vt 0.000000 0.000000
vt 0.000000 0.000000
vt 0.000000 0.000000
vt 0.000000 0.000000
vt 0.000000 0.000000
vt 0.000000 0.000000
vt 0.000000 0.000000
vt 0.000000 0.000000
vt 0.000000 0.000000
vt 0.000000 0.000000
vt 0.000000 0.000000
vt 0.000000 0.000000
vt 0.000000 0.000000
vt 0.000000 0.000000
vt 0.000000 0.000000
vt 0.000000 0.000000
vt 0.000000 0.000000
vt 0.000000 0.000000
vt 0.000000 0.000000
vt 0.000000 0.000000
vt 0.000000 0.000000
vt 0.000000 0.000000
vt 0.000000 0.000000
vt 0.000000 0.000000
vt 0.000000 0.000000
vt 0.000000 0.000000
vt 0.000000 0.000000
vt 0.000000 0.000000
vt 0.000000 0.000000
vt 0.000000 0.000000
vt 0.000000 0.000000
vt 0.000000 0.000000
vt 0.000000 0.000000
vt 0.000000 0.000000
vt 0.000000 0.000000
vt 0.000000 0.000000
vt 0.000000 0.000000
vt 0.000000 0.000000
vt 0.000000 0.000000
vt 0.000000 0.000000
vt 0.000000 0.000000
vt 0.000000 0.000000
vt 0.000000 0.000000
vt 0.000000 0.000000
vt 0.000000 0.000000
vt 0.000000 0.000000
vt 0.000000 0.000000
vt 0.000000 0.000000
vt 0.000000 0.000000
vt 0.000000 0.000000
vt 0.000000 0.000000
vt 0.000000 0.000000
vt 0.000000 0.000000
vt 0.000000 0.000000
vt 0.000000 0.000000
vt 0.000000 0.000000
vt 0.000000 0.000000
vt 0.000000 0.000000
vt 0.000000 0.000000
vt 0.000000 0.000000
vt 0.000000 0.000000
vt 0.000000 0.000000
vt 0.000000 0.000000
vt 0.000000 0.000000
vt 0.000000 0.000000
vt 0.000000 0.000000
vt 0.000000 0.000000
vt 0.000000 0.000000
vt 0.000000 0.000000
vt 0.000000 0.000000
vt 0.000000 0.000000
vt 0.000000 0.000000
vt 0.000000 0.000000
vt 0.000000 0.000000
vt 0.000000 0.000000
vt 0.000000 0.000000
vt 0.000000 0.000000
vt 0.000000 0.000000
vt 0.000000 0.000000
vt 0.000000 0.000000
vt 0.000000 0.000000
vt 0.000000 0.000000
vt 0.000000 0.000000
vt 0.000000 0.000000
vt 0.000000 0.000000
vt 0.000000 0.000000
vt 0.000000 0.000000
vt 0.000000 0.000000
vt 0.000000 0.000000
vt 0.000000 0.000000
vt 0.000000 0.000000
vt 0.000000 0.000000
vt 0.000000 0.000000
vt 0.000000 0.000000
vt 0.000000 0.000000
vt 0.000000 0.000000
vt 0.000000 0.000000
vt 0.000000 0.000000
vt 0.000000 0.000000
vt 0.000000 0.000000
vt 0.000000 0.000000
vt 0.000000 0.000000
vt 0.000000 0.000000
vt 0.000000 0.000000
vt 0.000000 0.000000
vt 0.000000 0.000000
vt 0.000000 0.000000
vt 0.000000 0.000000
vt 0.000000 0.000000
vt 0.000000 0.000000
vt 0.000000 0.000000
vt 0.000000 0.000000
vt 0.000000 0.000000
vt 0.000000 0.000000
vt 0.000000 0.000000
vt 0.000000 0.000000
vt 0.000000 0.000000
vt 0.000000 0.000000
vt 0.000000 0.000000
vt 0.000000 0.000000
vt 0.000000 0.000000
vt 0.000000 0.000000
vt 0.000000 0.000000
vt 0.000000 0.000000
vt 0.000000 0.000000
vt 0.000000 0.000000
vt 0.000000 0.000000
vt 0.000000 0.000000
vt 0.000000 0.000000
vt 0.000000 0.000000
vt 0.000000 0.000000
vt 0.000000 0.000000
vt 0.000000 0.000000
vt 0.000000 0.000000
vt 0.000000 0.000000
vt 0.000000 0.000000
vt 0.000000 0.000000
vt 0.000000 0.000000
vt 0.000000 0.000000
vt 0.000000 0.000000
vt 0.000000 0.000000
vt 0.000000 0.000000
vt 0.000000 0.000000
vt 0.000000 0.000000
vt 0.000000 0.000000
vt 0.000000 0.000000
vt 0.000000 0.000000
vt 0.000000 0.000000
vt 0.000000 0.000000
vt 0.000000 0.000000
vt 0.000000 0.000000
vt 0.000000 0.000000
vt 0.000000 0.000000
vt 0.000000 0.000000
vt 0.000000 0.000000
vt 0.000000 0.000000
vt 0.000000 0.000000
vt 0.000000 0.000000
vt 0.000000 0.000000
vt 0.000000 0.000000
vt 0.000000 0.000000
vt 0.000000 0.000000
vt 0.000000 0.000000
vt 0.000000 0.000000
vt 0.000000 0.000000
vt 0.000000 0.000000
vt 0.000000 0.000000
vt 0.000000 0.000000
vt 0.000000 0.000000
vt 0.000000 0.000000
vt 0.000000 0.000000
vt 0.375000 0.000000
vt 0.500000 0.000000
vt 0.500000 0.125000
vt 0.375000 0.125000
vt 0.625000 0.000000
vt 0.625000 0.125000
vt 0.625000 0.250000
vt 0.500000 0.250000
vt 0.375000 0.250000
vt 0.500000 0.375000
vt 0.375000 0.375000
vt 0.625000 0.375000
vt 0.625000 0.500000
vt 0.500000 0.500000
vt 0.375000 0.500000
vt 0.500000 0.625000
vt 0.375000 0.625000
vt 0.625000 0.625000
vt 0.625000 0.750000
vt 0.500000 0.750000
vt 0.375000 0.750000
vt 0.500000 0.875000
vt 0.375000 0.875000
vt 0.625000 0.875000
vt 0.625000 1.000000
vt 0.500000 1.000000
vt 0.375000 1.000000
vt 0.125000 0.500000
vt 0.250000 0.500000
vt 0.250000 0.625000
vt 0.125000 0.625000
vt 0.250000 0.750000
vt 0.125000 0.750000
vt 0.750000 0.500000
vt 0.750000 0.625000
vt 0.875000 0.500000
vt 0.875000 0.625000
vt 0.875000 0.750000
vt 0.750000 0.750000
vt 0.375000 0.000000
vt 0.500000 0.000000
vt 0.500000 0.125000
vt 0.375000 0.125000
vt 0.625000 0.000000
vt 0.625000 0.125000
vt 0.625000 0.250000
vt 0.500000 0.250000
vt 0.375000 0.250000
vt 0.500000 0.375000
vt 0.375000 0.375000
vt 0.625000 0.375000
vt 0.625000 0.500000
vt 0.500000 0.500000
vt 0.375000 0.500000
vt 0.500000 0.625000
vt 0.375000 0.625000
vt 0.625000 0.625000
vt 0.625000 0.750000
vt 0.500000 0.750000
vt 0.375000 0.750000
vt 0.500000 0.875000
vt 0.375000 0.875000
vt 0.625000 0.875000
vt 0.625000 1.000000
vt 0.500000 1.000000
vt 0.375000 1.000000
vt 0.125000 0.500000
vt 0.250000 0.500000
vt 0.250000 0.625000
vt 0.125000 0.625000
vt 0.250000 0.750000
vt 0.125000 0.750000
vt 0.750000 0.500000
vt 0.750000 0.625000
vt 0.875000 0.500000
vt 0.875000 0.625000
vt 0.875000 0.750000
vt 0.750000 0.750000
vt 0.375000 0.000000
vt 0.500000 0.000000
vt 0.500000 0.125000
vt 0.375000 0.125000
vt 0.625000 0.000000
vt 0.625000 0.125000
vt 0.625000 0.250000
vt 0.500000 0.250000
vt 0.375000 0.250000
vt 0.500000 0.375000
vt 0.375000 0.375000
vt 0.625000 0.375000
vt 0.625000 0.500000
vt 0.500000 0.500000
vt 0.375000 0.500000
vt 0.500000 0.625000
vt 0.375000 0.625000
vt 0.625000 0.625000
vt 0.625000 0.750000
vt 0.500000 0.750000
vt 0.375000 0.750000
vt 0.500000 0.875000
vt 0.375000 0.875000
vt 0.625000 0.875000
vt 0.625000 1.000000
vt 0.500000 1.000000
vt 0.375000 1.000000
vt 0.125000 0.500000
vt 0.250000 0.500000
vt 0.250000 0.625000
vt 0.125000 0.625000
vt 0.250000 0.750000
vt 0.125000 0.750000
vt 0.750000 0.500000
vt 0.750000 0.625000
vt 0.875000 0.500000
vt 0.875000 0.625000
vt 0.875000 0.750000
vt 0.750000 0.750000
vt 0.375000 0.000000
vt 0.500000 0.000000
vt 0.500000 0.125000
vt 0.375000 0.125000
vt 0.625000 0.000000
vt 0.625000 0.125000
vt 0.625000 0.250000
vt 0.500000 0.250000
vt 0.375000 0.250000
vt 0.500000 0.375000
vt 0.375000 0.375000
vt 0.625000 0.375000
vt 0.625000 0.500000
vt 0.500000 0.500000
vt 0.375000 0.500000
vt 0.500000 0.625000
vt 0.375000 0.625000
vt 0.625000 0.625000
vt 0.625000 0.750000
vt 0.500000 0.750000
vt 0.375000 0.750000
vt 0.500000 0.875000
vt 0.375000 0.875000
vt 0.625000 0.875000
vt 0.625000 1.000000
vt 0.500000 1.000000
vt 0.375000 1.000000
vt 0.125000 0.500000
vt 0.250000 0.500000
vt 0.250000 0.625000
vt 0.125000 0.625000
vt 0.250000 0.750000
vt 0.125000 0.750000
vt 0.750000 0.500000
vt 0.750000 0.625000
vt 0.875000 0.500000
vt 0.875000 0.625000
vt 0.875000 0.750000
vt 0.750000 0.750000
vt 0.375000 0.000000
vt 0.500000 0.000000
vt 0.500000 0.125000
vt 0.375000 0.125000
vt 0.625000 0.000000
vt 0.625000 0.125000
vt 0.625000 0.250000
vt 0.500000 0.250000
vt 0.375000 0.250000
vt 0.500000 0.375000
vt 0.375000 0.375000
vt 0.625000 0.375000
vt 0.625000 0.500000
vt 0.500000 0.500000
vt 0.375000 0.500000
vt 0.500000 0.625000
vt 0.375000 0.625000
vt 0.625000 0.625000
vt 0.625000 0.750000
vt 0.500000 0.750000
vt 0.375000 0.750000
vt 0.500000 0.875000
vt 0.375000 0.875000
vt 0.625000 0.875000
vt 0.625000 1.000000
vt 0.500000 1.000000
vt 0.375000 1.000000
vt 0.125000 0.500000
vt 0.250000 0.500000
vt 0.250000 0.625000
vt 0.125000 0.625000
vt 0.250000 0.750000
vt 0.125000 0.750000
vt 0.750000 0.500000
vt 0.750000 0.625000
vt 0.875000 0.500000
vt 0.875000 0.625000
vt 0.875000 0.750000
vt 0.750000 0.750000
vt 0.375000 0.000000
vt 0.500000 0.000000
vt 0.500000 0.125000
vt 0.375000 0.125000
vt 0.625000 0.000000
vt 0.625000 0.125000
vt 0.625000 0.250000
vt 0.500000 0.250000
vt 0.375000 0.250000
vt 0.500000 0.375000
vt 0.375000 0.375000
vt 0.625000 0.375000
vt 0.625000 0.500000
vt 0.500000 0.500000
vt 0.375000 0.500000
vt 0.500000 0.625000
vt 0.375000 0.625000
vt 0.625000 0.625000
vt 0.625000 0.750000
vt 0.500000 0.750000
vt 0.375000 0.750000
vt 0.500000 0.875000
vt 0.375000 0.875000
vt 0.625000 0.875000
vt 0.625000 1.000000
vt 0.500000 1.000000
vt 0.375000 1.000000
vt 0.125000 0.500000
vt 0.250000 0.500000
vt 0.250000 0.625000
vt 0.125000 0.625000
vt 0.250000 0.750000
vt 0.125000 0.750000
vt 0.750000 0.500000
vt 0.750000 0.625000
vt 0.875000 0.500000
vt 0.875000 0.625000
vt 0.875000 0.750000
vt 0.750000 0.750000
vt 0.375000 0.000000
vt 0.500000 0.000000
vt 0.500000 0.125000
vt 0.375000 0.125000
vt 0.625000 0.000000
vt 0.625000 0.125000
vt 0.625000 0.250000
vt 0.500000 0.250000
vt 0.375000 0.250000
vt 0.500000 0.375000
vt 0.375000 0.375000
vt 0.625000 0.375000
vt 0.625000 0.500000
vt 0.500000 0.500000
vt 0.375000 0.500000
vt 0.500000 0.625000
vt 0.375000 0.625000
vt 0.625000 0.625000
vt 0.625000 0.750000
vt 0.500000 0.750000
vt 0.375000 0.750000
vt 0.500000 0.875000
vt 0.375000 0.875000
vt 0.625000 0.875000
vt 0.625000 1.000000
vt 0.500000 1.000000
vt 0.375000 1.000000
vt 0.125000 0.500000
vt 0.250000 0.500000
vt 0.250000 0.625000
vt 0.125000 0.625000
vt 0.250000 0.750000
vt 0.125000 0.750000
vt 0.750000 0.500000
vt 0.750000 0.625000
vt 0.875000 0.500000
vt 0.875000 0.625000
vt 0.875000 0.750000
vt 0.750000 0.750000
vt 0.375000 0.000000
vt 0.500000 0.000000
vt 0.500000 0.125000
vt 0.375000 0.125000
vt 0.625000 0.000000
vt 0.625000 0.125000
vt 0.625000 0.250000
vt 0.500000 0.250000
vt 0.375000 0.250000
vt 0.500000 0.375000
vt 0.375000 0.375000
vt 0.625000 0.375000
vt 0.625000 0.500000
vt 0.500000 0.500000
vt 0.375000 0.500000
vt 0.500000 0.625000
vt 0.375000 0.625000
vt 0.625000 0.625000
vt 0.625000 0.750000
vt 0.500000 0.750000
vt 0.375000 0.750000
vt 0.500000 0.875000
vt 0.375000 0.875000
vt 0.625000 0.875000
vt 0.625000 1.000000
vt 0.500000 1.000000
vt 0.375000 1.000000
vt 0.125000 0.500000
vt 0.250000 0.500000
vt 0.250000 0.625000
vt 0.125000 0.625000
vt 0.250000 0.750000
vt 0.125000 0.750000
vt 0.750000 0.500000
vt 0.750000 0.625000
vt 0.875000 0.500000
vt 0.875000 0.625000
vt 0.875000 0.750000
vt 0.750000 0.750000
vt 0.375000 0.000000
vt 0.500000 0.000000
vt 0.500000 0.125000
vt 0.375000 0.125000
vt 0.625000 0.000000
vt 0.625000 0.125000
vt 0.625000 0.250000
vt 0.500000 0.250000
vt 0.375000 0.250000
vt 0.500000 0.375000
vt 0.375000 0.375000
vt 0.625000 0.375000
vt 0.625000 0.500000
vt 0.500000 0.500000
vt 0.375000 0.500000
vt 0.500000 0.625000
vt 0.375000 0.625000
vt 0.625000 0.625000
vt 0.625000 0.750000
vt 0.500000 0.750000
vt 0.375000 0.750000
vt 0.500000 0.875000
vt 0.375000 0.875000
vt 0.625000 0.875000
vt 0.625000 1.000000
vt 0.500000 1.000000
vt 0.375000 1.000000
vt 0.125000 0.500000
vt 0.250000 0.500000
vt 0.250000 0.625000
vt 0.125000 0.625000
vt 0.250000 0.750000
vt 0.125000 0.750000
vt 0.750000 0.500000
vt 0.750000 0.625000
vt 0.875000 0.500000
vt 0.875000 0.625000
vt 0.875000 0.750000
vt 0.750000 0.750000
vt 0.375000 0.000000
vt 0.500000 0.000000
vt 0.500000 0.125000
vt 0.375000 0.125000
vt 0.625000 0.000000
vt 0.625000 0.125000
vt 0.625000 0.250000
vt 0.500000 0.250000
vt 0.375000 0.250000
vt 0.500000 0.375000
vt 0.375000 0.375000
vt 0.625000 0.375000
vt 0.625000 0.500000
vt 0.500000 0.500000
vt 0.375000 0.500000
vt 0.500000 0.625000
vt 0.375000 0.625000
vt 0.625000 0.625000
vt 0.625000 0.750000
vt 0.500000 0.750000
vt 0.375000 0.750000
vt 0.500000 0.875000
vt 0.375000 0.875000
vt 0.625000 0.875000
vt 0.625000 1.000000
vt 0.500000 1.000000
vt 0.375000 1.000000
vt 0.125000 0.500000
vt 0.250000 0.500000
vt 0.250000 0.625000
vt 0.125000 0.625000
vt 0.250000 0.750000
vt 0.125000 0.750000
vt 0.750000 0.500000
vt 0.750000 0.625000
vt 0.875000 0.500000
vt 0.875000 0.625000
vt 0.875000 0.750000
vt 0.750000 0.750000
vt 0.375000 0.000000
vt 0.500000 0.000000
vt 0.500000 0.125000
vt 0.375000 0.125000
vt 0.625000 0.000000
vt 0.625000 0.125000
vt 0.625000 0.250000
vt 0.500000 0.250000
vt 0.375000 0.250000
vt 0.500000 0.375000
vt 0.375000 0.375000
vt 0.625000 0.375000
vt 0.625000 0.500000
vt 0.500000 0.500000
vt 0.375000 0.500000
vt 0.500000 0.625000
vt 0.375000 0.625000
vt 0.625000 0.625000
vt 0.625000 0.750000
vt 0.500000 0.750000
vt 0.375000 0.750000
vt 0.500000 0.875000
vt 0.375000 0.875000
vt 0.625000 0.875000
vt 0.625000 1.000000
vt 0.500000 1.000000
vt 0.375000 1.000000
vt 0.125000 0.500000
vt 0.250000 0.500000
vt 0.250000 0.625000
vt 0.125000 0.625000
vt 0.250000 0.750000
vt 0.125000 0.750000
vt 0.750000 0.500000
vt 0.750000 0.625000
vt 0.875000 0.500000
vt 0.875000 0.625000
vt 0.875000 0.750000
vt 0.750000 0.750000
vt 0.375000 0.000000
vt 0.500000 0.000000
vt 0.500000 0.125000
vt 0.375000 0.125000
vt 0.625000 0.000000
vt 0.625000 0.125000
vt 0.625000 0.250000
vt 0.500000 0.250000
vt 0.375000 0.250000
vt 0.500000 0.375000
vt 0.375000 0.375000
vt 0.625000 0.375000
vt 0.625000 0.500000
vt 0.500000 0.500000
vt 0.375000 0.500000
vt 0.500000 0.625000
vt 0.375000 0.625000
vt 0.625000 0.625000
vt 0.625000 0.750000
vt 0.500000 0.750000
vt 0.375000 0.750000
vt 0.500000 0.875000
vt 0.375000 0.875000
vt 0.625000 0.875000
vt 0.625000 1.000000
vt 0.500000 1.000000
vt 0.375000 1.000000
vt 0.125000 0.500000
vt 0.250000 0.500000
vt 0.250000 0.625000
vt 0.125000 0.625000
vt 0.250000 0.750000
vt 0.125000 0.750000
vt 0.750000 0.500000
vt 0.750000 0.625000
vt 0.875000 0.500000
vt 0.875000 0.625000
vt 0.875000 0.750000
vt 0.750000 0.750000
vt 0.375000 0.000000
vt 0.500000 0.000000
vt 0.500000 0.125000
vt 0.375000 0.125000
vt 0.625000 0.000000
vt 0.625000 0.125000
vt 0.625000 0.250000
vt 0.500000 0.250000
vt 0.375000 0.250000
vt 0.500000 0.375000
vt 0.375000 0.375000
vt 0.625000 0.375000
vt 0.625000 0.500000
vt 0.500000 0.500000
vt 0.375000 0.500000
vt 0.500000 0.625000
vt 0.375000 0.625000
vt 0.625000 0.625000
vt 0.625000 0.750000
vt 0.500000 0.750000
vt 0.375000 0.750000
vt 0.500000 0.875000
vt 0.375000 0.875000
vt 0.625000 0.875000
vt 0.625000 1.000000
vt 0.500000 1.000000
vt 0.375000 1.000000
vt 0.125000 0.500000
vt 0.250000 0.500000
vt 0.250000 0.625000
vt 0.125000 0.625000
vt 0.250000 0.750000
vt 0.125000 0.750000
vt 0.750000 0.500000
vt 0.750000 0.625000
vt 0.875000 0.500000
vt 0.875000 0.625000
vt 0.875000 0.750000
vt 0.750000 0.750000
vt 0.375000 0.000000
vt 0.500000 0.000000
vt 0.500000 0.125000
vt 0.375000 0.125000
vt 0.625000 0.000000
vt 0.625000 0.125000
vt 0.625000 0.250000
vt 0.500000 0.250000
vt 0.375000 0.250000
vt 0.500000 0.375000
vt 0.375000 0.375000
vt 0.625000 0.375000
vt 0.625000 0.500000
vt 0.500000 0.500000
vt 0.375000 0.500000
vt 0.500000 0.625000
vt 0.375000 0.625000
vt 0.625000 0.625000
vt 0.625000 0.750000
vt 0.500000 0.750000
vt 0.375000 0.750000
vt 0.500000 0.875000
vt 0.375000 0.875000
vt 0.625000 0.875000
vt 0.625000 1.000000
vt 0.500000 1.000000
vt 0.375000 1.000000
vt 0.125000 0.500000
vt 0.250000 0.500000
vt 0.250000 0.625000
vt 0.125000 0.625000
vt 0.250000 0.750000
vt 0.125000 0.750000
vt 0.750000 0.500000
vt 0.750000 0.625000
vt 0.875000 0.500000
vt 0.875000 0.625000
vt 0.875000 0.750000
vt 0.750000 0.750000
vt 0.375000 0.000000
vt 0.500000 0.000000
vt 0.500000 0.125000
vt 0.375000 0.125000
vt 0.625000 0.000000
vt 0.625000 0.125000
vt 0.625000 0.250000
vt 0.500000 0.250000
vt 0.375000 0.250000
vt 0.500000 0.375000
vt 0.375000 0.375000
vt 0.625000 0.375000
vt 0.625000 0.500000
vt 0.500000 0.500000
vt 0.375000 0.500000
vt 0.500000 0.625000
vt 0.375000 0.625000
vt 0.625000 0.625000
vt 0.625000 0.750000
vt 0.500000 0.750000
vt 0.375000 0.750000
vt 0.500000 0.875000
vt 0.375000 0.875000
vt 0.625000 0.875000
vt 0.625000 1.000000
vt 0.500000 1.000000
vt 0.375000 1.000000
vt 0.125000 0.500000
vt 0.250000 0.500000
vt 0.250000 0.625000
vt 0.125000 0.625000
vt 0.250000 0.750000
vt 0.125000 0.750000
vt 0.750000 0.500000
vt 0.750000 0.625000
vt 0.875000 0.500000
vt 0.875000 0.625000
vt 0.875000 0.750000
vt 0.750000 0.750000
vt 0.375000 0.000000
vt 0.500000 0.000000
vt 0.500000 0.125000
vt 0.375000 0.125000
vt 0.625000 0.000000
vt 0.625000 0.125000
vt 0.625000 0.250000
vt 0.500000 0.250000
vt 0.375000 0.250000
vt 0.500000 0.375000
vt 0.375000 0.375000
vt 0.625000 0.375000
vt 0.625000 0.500000
vt 0.500000 0.500000
vt 0.375000 0.500000
vt 0.500000 0.625000
vt 0.375000 0.625000
vt 0.625000 0.625000
vt 0.625000 0.750000
vt 0.500000 0.750000
vt 0.375000 0.750000
vt 0.500000 0.875000
vt 0.375000 0.875000
vt 0.625000 0.875000
vt 0.625000 1.000000
vt 0.500000 1.000000
vt 0.375000 1.000000
vt 0.125000 0.500000
vt 0.250000 0.500000
vt 0.250000 0.625000
vt 0.125000 0.625000
vt 0.250000 0.750000
vt 0.125000 0.750000
vt 0.750000 0.500000
vt 0.750000 0.625000
vt 0.875000 0.500000
vt 0.875000 0.625000
vt 0.875000 0.750000
vt 0.750000 0.750000
vt 0.375000 0.000000
vt 0.500000 0.000000
vt 0.500000 0.125000
vt 0.375000 0.125000
vt 0.625000 0.000000
vt 0.625000 0.125000
vt 0.625000 0.250000
vt 0.500000 0.250000
vt 0.375000 0.250000
vt 0.500000 0.375000
vt 0.375000 0.375000
vt 0.625000 0.375000
vt 0.625000 0.500000
vt 0.500000 0.500000
vt 0.375000 0.500000
vt 0.500000 0.625000
vt 0.375000 0.625000
vt 0.625000 0.625000
vt 0.625000 0.750000
vt 0.500000 0.750000
vt 0.375000 0.750000
vt 0.500000 0.875000
vt 0.375000 0.875000
vt 0.625000 0.875000
vt 0.625000 1.000000
vt 0.500000 1.000000
vt 0.375000 1.000000
vt 0.125000 0.500000
vt 0.250000 0.500000
vt 0.250000 0.625000
vt 0.125000 0.625000
vt 0.250000 0.750000
vt 0.125000 0.750000
vt 0.750000 0.500000
vt 0.750000 0.625000
vt 0.875000 0.500000
vt 0.875000 0.625000
vt 0.875000 0.750000
vt 0.750000 0.750000
vt 0.375000 0.000000
vt 0.500000 0.000000
vt 0.500000 0.125000
vt 0.375000 0.125000
vt 0.625000 0.000000
vt 0.625000 0.125000
vt 0.625000 0.250000
vt 0.500000 0.250000
vt 0.375000 0.250000
vt 0.500000 0.375000
vt 0.375000 0.375000
vt 0.625000 0.375000
vt 0.625000 0.500000
vt 0.500000 0.500000
vt 0.375000 0.500000
vt 0.500000 0.625000
vt 0.375000 0.625000
vt 0.625000 0.625000
vt 0.625000 0.750000
vt 0.500000 0.750000
vt 0.375000 0.750000
vt 0.500000 0.875000
vt 0.375000 0.875000
vt 0.625000 0.875000
vt 0.625000 1.000000
vt 0.500000 1.000000
vt 0.375000 1.000000
vt 0.125000 0.500000
vt 0.250000 0.500000
vt 0.250000 0.625000
vt 0.125000 0.625000
vt 0.250000 0.750000
vt 0.125000 0.750000
vt 0.750000 0.500000
vt 0.750000 0.625000
vt 0.875000 0.500000
vt 0.875000 0.625000
vt 0.875000 0.750000
vt 0.750000 0.750000
vt 0.375000 0.000000
vt 0.500000 0.000000
vt 0.500000 0.125000
vt 0.375000 0.125000
vt 0.625000 0.000000
vt 0.625000 0.125000
vt 0.625000 0.250000
vt 0.500000 0.250000
vt 0.375000 0.250000
vt 0.500000 0.375000
vt 0.375000 0.375000
vt 0.625000 0.375000
vt 0.625000 0.500000
vt 0.500000 0.500000
vt 0.375000 0.500000
vt 0.500000 0.625000
vt 0.375000 0.625000
vt 0.625000 0.625000
vt 0.625000 0.750000
vt 0.500000 0.750000
vt 0.375000 0.750000
vt 0.500000 0.875000
vt 0.375000 0.875000
vt 0.625000 0.875000
vt 0.625000 1.000000
vt 0.500000 1.000000
vt 0.375000 1.000000
vt 0.125000 0.500000
vt 0.250000 0.500000
vt 0.250000 0.625000
vt 0.125000 0.625000
vt 0.250000 0.750000
vt 0.125000 0.750000
vt 0.750000 0.500000
vt 0.750000 0.625000
vt 0.875000 0.500000
vt 0.875000 0.625000
vt 0.875000 0.750000
vt 0.750000 0.750000
vt 0.375000 0.000000
vt 0.500000 0.000000
vt 0.500000 0.125000
vt 0.375000 0.125000
vt 0.625000 0.000000
vt 0.625000 0.125000
vt 0.625000 0.250000
vt 0.500000 0.250000
vt 0.375000 0.250000
vt 0.500000 0.375000
vt 0.375000 0.375000
vt 0.625000 0.375000
vt 0.625000 0.500000
vt 0.500000 0.500000
vt 0.375000 0.500000
vt 0.500000 0.625000
vt 0.375000 0.625000
vt 0.625000 0.625000
vt 0.625000 0.750000
vt 0.500000 0.750000
vt 0.375000 0.750000
vt 0.500000 0.875000
vt 0.375000 0.875000
vt 0.625000 0.875000
vt 0.625000 1.000000
vt 0.500000 1.000000
vt 0.375000 1.000000
vt 0.125000 0.500000
vt 0.250000 0.500000
vt 0.250000 0.625000
vt 0.125000 0.625000
vt 0.250000 0.750000
vt 0.125000 0.750000
vt 0.750000 0.500000
vt 0.750000 0.625000
vt 0.875000 0.500000
vt 0.875000 0.625000
vt 0.875000 0.750000
vt 0.750000 0.750000
vt 0.375000 0.000000
vt 0.500000 0.000000
vt 0.500000 0.125000
vt 0.375000 0.125000
vt 0.625000 0.000000
vt 0.625000 0.125000
vt 0.625000 0.250000
vt 0.500000 0.250000
vt 0.375000 0.250000
vt 0.500000 0.375000
vt 0.375000 0.375000
vt 0.625000 0.375000
vt 0.625000 0.500000
vt 0.500000 0.500000
vt 0.375000 0.500000
vt 0.500000 0.625000
vt 0.375000 0.625000
vt 0.625000 0.625000
vt 0.625000 0.750000
vt 0.500000 0.750000
vt 0.375000 0.750000
vt 0.500000 0.875000
vt 0.375000 0.875000
vt 0.625000 0.875000
vt 0.625000 1.000000
vt 0.500000 1.000000
vt 0.375000 1.000000
vt 0.125000 0.500000
vt 0.250000 0.500000
vt 0.250000 0.625000
vt 0.125000 0.625000
vt 0.250000 0.750000
vt 0.125000 0.750000
vt 0.750000 0.500000
vt 0.750000 0.625000
vt 0.875000 0.500000
vt 0.875000 0.625000
vt 0.875000 0.750000
vt 0.750000 0.750000
vt 0.375000 0.000000
vt 0.500000 0.000000
vt 0.500000 0.125000
vt 0.375000 0.125000
vt 0.625000 0.000000
vt 0.625000 0.125000
vt 0.625000 0.250000
vt 0.500000 0.250000
vt 0.375000 0.250000
vt 0.500000 0.375000
vt 0.375000 0.375000
vt 0.625000 0.375000
vt 0.625000 0.500000
vt 0.500000 0.500000
vt 0.375000 0.500000
vt 0.500000 0.625000
vt 0.375000 0.625000
vt 0.625000 0.625000
vt 0.625000 0.750000
vt 0.500000 0.750000
vt 0.375000 0.750000
vt 0.500000 0.875000
vt 0.375000 0.875000
vt 0.625000 0.875000
vt 0.625000 1.000000
vt 0.500000 1.000000
vt 0.375000 1.000000
vt 0.125000 0.500000
vt 0.250000 0.500000
vt 0.250000 0.625000
vt 0.125000 0.625000
vt 0.250000 0.750000
vt 0.125000 0.750000
vt 0.750000 0.500000
vt 0.750000 0.625000
vt 0.875000 0.500000
vt 0.875000 0.625000
vt 0.875000 0.750000
vt 0.750000 0.750000
vt 0.375000 0.000000
vt 0.500000 0.000000
vt 0.500000 0.125000
vt 0.375000 0.125000
vt 0.625000 0.000000
vt 0.625000 0.125000
vt 0.625000 0.250000
vt 0.500000 0.250000
vt 0.375000 0.250000
vt 0.500000 0.375000
vt 0.375000 0.375000
vt 0.625000 0.375000
vt 0.625000 0.500000
vt 0.500000 0.500000
vt 0.375000 0.500000
vt 0.500000 0.625000
vt 0.375000 0.625000
vt 0.625000 0.625000
vt 0.625000 0.750000
vt 0.500000 0.750000
vt 0.375000 0.750000
vt 0.500000 0.875000
vt 0.375000 0.875000
vt 0.625000 0.875000
vt 0.625000 1.000000
vt 0.500000 1.000000
vt 0.375000 1.000000
vt 0.125000 0.500000
vt 0.250000 0.500000
vt 0.250000 0.625000
vt 0.125000 0.625000
vt 0.250000 0.750000
vt 0.125000 0.750000
vt 0.750000 0.500000
vt 0.750000 0.625000
vt 0.875000 0.500000
vt 0.875000 0.625000
vt 0.875000 0.750000
vt 0.750000 0.750000
vt 0.375000 0.000000
vt 0.500000 0.000000
vt 0.500000 0.125000
vt 0.375000 0.125000
vt 0.625000 0.000000
vt 0.625000 0.125000
vt 0.625000 0.250000
vt 0.500000 0.250000
vt 0.375000 0.250000
vt 0.500000 0.375000
vt 0.375000 0.375000
vt 0.625000 0.375000
vt 0.625000 0.500000
vt 0.500000 0.500000
vt 0.375000 0.500000
vt 0.500000 0.625000
vt 0.375000 0.625000
vt 0.625000 0.625000
vt 0.625000 0.750000
vt 0.500000 0.750000
vt 0.375000 0.750000
vt 0.500000 0.875000
vt 0.375000 0.875000
vt 0.625000 0.875000
vt 0.625000 1.000000
vt 0.500000 1.000000
vt 0.375000 1.000000
vt 0.125000 0.500000
vt 0.250000 0.500000
vt 0.250000 0.625000
vt 0.125000 0.625000
vt 0.250000 0.750000
vt 0.125000 0.750000
vt 0.750000 0.500000
vt 0.750000 0.625000
vt 0.875000 0.500000
vt 0.875000 0.625000
vt 0.875000 0.750000
vt 0.750000 0.750000
vt 0.375000 0.000000
vt 0.500000 0.000000
vt 0.500000 0.125000
vt 0.375000 0.125000
vt 0.625000 0.000000
vt 0.625000 0.125000
vt 0.625000 0.250000
vt 0.500000 0.250000
vt 0.375000 0.250000
vt 0.500000 0.375000
vt 0.375000 0.375000
vt 0.625000 0.375000
vt 0.625000 0.500000
vt 0.500000 0.500000
vt 0.375000 0.500000
vt 0.500000 0.625000
vt 0.375000 0.625000
vt 0.625000 0.625000
vt 0.625000 0.750000
vt 0.500000 0.750000
vt 0.375000 0.750000
vt 0.500000 0.875000
vt 0.375000 0.875000
vt 0.625000 0.875000
vt 0.625000 1.000000
vt 0.500000 1.000000
vt 0.375000 1.000000
vt 0.125000 0.500000
vt 0.250000 0.500000
vt 0.250000 0.625000
vt 0.125000 0.625000
vt 0.250000 0.750000
vt 0.125000 0.750000
vt 0.750000 0.500000
vt 0.750000 0.625000
vt 0.875000 0.500000
vt 0.875000 0.625000
vt 0.875000 0.750000
vt 0.750000 0.750000
vt 0.375000 0.000000
vt 0.500000 0.000000
vt 0.500000 0.125000
vt 0.375000 0.125000
vt 0.625000 0.000000
vt 0.625000 0.125000
vt 0.625000 0.250000
vt 0.500000 0.250000
vt 0.375000 0.250000
vt 0.500000 0.375000
vt 0.375000 0.375000
vt 0.625000 0.375000
vt 0.625000 0.500000
vt 0.500000 0.500000
vt 0.375000 0.500000
vt 0.500000 0.625000
vt 0.375000 0.625000
vt 0.625000 0.625000
vt 0.625000 0.750000
vt 0.500000 0.750000
vt 0.375000 0.750000
vt 0.500000 0.875000
vt 0.375000 0.875000
vt 0.625000 0.875000
vt 0.625000 1.000000
vt 0.500000 1.000000
vt 0.375000 1.000000
vt 0.125000 0.500000
vt 0.250000 0.500000
vt 0.250000 0.625000
vt 0.125000 0.625000
vt 0.250000 0.750000
vt 0.125000 0.750000
vt 0.750000 0.500000
vt 0.750000 0.625000
vt 0.875000 0.500000
vt 0.875000 0.625000
vt 0.875000 0.750000
vt 0.750000 0.750000
vt 0.375000 0.000000
vt 0.500000 0.000000
vt 0.500000 0.125000
vt 0.375000 0.125000
vt 0.625000 0.000000
vt 0.625000 0.125000
vt 0.625000 0.250000
vt 0.500000 0.250000
vt 0.375000 0.250000
vt 0.500000 0.375000
vt 0.375000 0.375000
vt 0.625000 0.375000
vt 0.625000 0.500000
vt 0.500000 0.500000
vt 0.375000 0.500000
vt 0.500000 0.625000
vt 0.375000 0.625000
vt 0.625000 0.625000
vt 0.625000 0.750000
vt 0.500000 0.750000
vt 0.375000 0.750000
vt 0.500000 0.875000
vt 0.375000 0.875000
vt 0.625000 0.875000
vt 0.625000 1.000000
vt 0.500000 1.000000
vt 0.375000 1.000000
vt 0.125000 0.500000
vt 0.250000 0.500000
vt 0.250000 0.625000
vt 0.125000 0.625000
vt 0.250000 0.750000
vt 0.125000 0.750000
vt 0.750000 0.500000
vt 0.750000 0.625000
vt 0.875000 0.500000
vt 0.875000 0.625000
vt 0.875000 0.750000
vt 0.750000 0.750000
vt 0.375000 0.000000
vt 0.500000 0.000000
vt 0.500000 0.125000
vt 0.375000 0.125000
vt 0.625000 0.000000
vt 0.625000 0.125000
vt 0.625000 0.250000
vt 0.500000 0.250000
vt 0.375000 0.250000
vt 0.500000 0.375000
vt 0.375000 0.375000
vt 0.625000 0.375000
vt 0.625000 0.500000
vt 0.500000 0.500000
vt 0.375000 0.500000
vt 0.500000 0.625000
vt 0.375000 0.625000
vt 0.625000 0.625000
vt 0.625000 0.750000
vt 0.500000 0.750000
vt 0.375000 0.750000
vt 0.500000 0.875000
vt 0.375000 0.875000
vt 0.625000 0.875000
vt 0.625000 1.000000
vt 0.500000 1.000000
vt 0.375000 1.000000
vt 0.125000 0.500000
vt 0.250000 0.500000
vt 0.250000 0.625000
vt 0.125000 0.625000
vt 0.250000 0.750000
vt 0.125000 0.750000
vt 0.750000 0.500000
vt 0.750000 0.625000
vt 0.875000 0.500000
vt 0.875000 0.625000
vt 0.875000 0.750000
vt 0.750000 0.750000
vt 0.375000 0.000000
vt 0.500000 0.000000
vt 0.500000 0.125000
vt 0.375000 0.125000
vt 0.625000 0.000000
vt 0.625000 0.125000
vt 0.625000 0.250000
vt 0.500000 0.250000
vt 0.375000 0.250000
vt 0.500000 0.375000
vt 0.375000 0.375000
vt 0.625000 0.375000
vt 0.625000 0.500000
vt 0.500000 0.500000
vt 0.375000 0.500000
vt 0.500000 0.625000
vt 0.375000 0.625000
vt 0.625000 0.625000
vt 0.625000 0.750000
vt 0.500000 0.750000
vt 0.375000 0.750000
vt 0.500000 0.875000
vt 0.375000 0.875000
vt 0.625000 0.875000
vt 0.625000 1.000000
vt 0.500000 1.000000
vt 0.375000 1.000000
vt 0.125000 0.500000
vt 0.250000 0.500000
vt 0.250000 0.625000
vt 0.125000 0.625000
vt 0.250000 0.750000
vt 0.125000 0.750000
vt 0.750000 0.500000
vt 0.750000 0.625000
vt 0.875000 0.500000
vt 0.875000 0.625000
vt 0.875000 0.750000
vt 0.750000 0.750000
vt 0.375000 0.000000
vt 0.500000 0.000000
vt 0.500000 0.125000
vt 0.375000 0.125000
vt 0.625000 0.000000
vt 0.625000 0.125000
vt 0.625000 0.250000
vt 0.500000 0.250000
vt 0.375000 0.250000
vt 0.500000 0.375000
vt 0.375000 0.375000
vt 0.625000 0.375000
vt 0.625000 0.500000
vt 0.500000 0.500000
vt 0.375000 0.500000
vt 0.500000 0.625000
vt 0.375000 0.625000
vt 0.625000 0.625000
vt 0.625000 0.750000
vt 0.500000 0.750000
vt 0.375000 0.750000
vt 0.500000 0.875000
vt 0.375000 0.875000
vt 0.625000 0.875000
vt 0.625000 1.000000
vt 0.500000 1.000000
vt 0.375000 1.000000
vt 0.125000 0.500000
vt 0.250000 0.500000
vt 0.250000 0.625000
vt 0.125000 0.625000
vt 0.250000 0.750000
vt 0.125000 0.750000
vt 0.750000 0.500000
vt 0.750000 0.625000
vt 0.875000 0.500000
vt 0.875000 0.625000
vt 0.875000 0.750000
vt 0.750000 0.750000
vt 0.375000 0.000000
vt 0.500000 0.000000
vt 0.500000 0.125000
vt 0.375000 0.125000
vt 0.625000 0.000000
vt 0.625000 0.125000
vt 0.625000 0.250000
vt 0.500000 0.250000
vt 0.375000 0.250000
vt 0.500000 0.375000
vt 0.375000 0.375000
vt 0.625000 0.375000
vt 0.625000 0.500000
vt 0.500000 0.500000
vt 0.375000 0.500000
vt 0.500000 0.625000
vt 0.375000 0.625000
vt 0.625000 0.625000
vt 0.625000 0.750000
vt 0.500000 0.750000
vt 0.375000 0.750000
vt 0.500000 0.875000
vt 0.375000 0.875000
vt 0.625000 0.875000
vt 0.625000 1.000000
vt 0.500000 1.000000
vt 0.375000 1.000000
vt 0.125000 0.500000
vt 0.250000 0.500000
vt 0.250000 0.625000
vt 0.125000 0.625000
vt 0.250000 0.750000
vt 0.125000 0.750000
vt 0.750000 0.500000
vt 0.750000 0.625000
vt 0.875000 0.500000
vt 0.875000 0.625000
vt 0.875000 0.750000
vt 0.750000 0.750000
vt 0.375000 0.000000
vt 0.500000 0.000000
vt 0.500000 0.125000
vt 0.375000 0.125000
vt 0.625000 0.000000
vt 0.625000 0.125000
vt 0.625000 0.250000
vt 0.500000 0.250000
vt 0.375000 0.250000
vt 0.500000 0.375000
vt 0.375000 0.375000
vt 0.625000 0.375000
vt 0.625000 0.500000
vt 0.500000 0.500000
vt 0.375000 0.500000
vt 0.500000 0.625000
vt 0.375000 0.625000
vt 0.625000 0.625000
vt 0.625000 0.750000
vt 0.500000 0.750000
vt 0.375000 0.750000
vt 0.500000 0.875000
vt 0.375000 0.875000
vt 0.625000 0.875000
vt 0.625000 1.000000
vt 0.500000 1.000000
vt 0.375000 1.000000
vt 0.125000 0.500000
vt 0.250000 0.500000
vt 0.250000 0.625000
vt 0.125000 0.625000
vt 0.250000 0.750000
vt 0.125000 0.750000
vt 0.750000 0.500000
vt 0.750000 0.625000
vt 0.875000 0.500000
vt 0.875000 0.625000
vt 0.875000 0.750000
vt 0.750000 0.750000
vt 0.375000 0.000000
vt 0.500000 0.000000
vt 0.500000 0.125000
vt 0.375000 0.125000
vt 0.625000 0.000000
vt 0.625000 0.125000
vt 0.625000 0.250000
vt 0.500000 0.250000
vt 0.375000 0.250000
vt 0.500000 0.375000
vt 0.375000 0.375000
vt 0.625000 0.375000
vt 0.625000 0.500000
vt 0.500000 0.500000
vt 0.375000 0.500000
vt 0.500000 0.625000
vt 0.375000 0.625000
vt 0.625000 0.625000
vt 0.625000 0.750000
vt 0.500000 0.750000
vt 0.375000 0.750000
vt 0.500000 0.875000
vt 0.375000 0.875000
vt 0.625000 0.875000
vt 0.625000 1.000000
vt 0.500000 1.000000
vt 0.375000 1.000000
vt 0.125000 0.500000
vt 0.250000 0.500000
vt 0.250000 0.625000
vt 0.125000 0.625000
vt 0.250000 0.750000
vt 0.125000 0.750000
vt 0.750000 0.500000
vt 0.750000 0.625000
vt 0.875000 0.500000
vt 0.875000 0.625000
vt 0.875000 0.750000
vt 0.750000 0.750000
vt 0.375000 0.000000
vt 0.500000 0.000000
vt 0.500000 0.125000
vt 0.375000 0.125000
vt 0.625000 0.000000
vt 0.625000 0.125000
vt 0.625000 0.250000
vt 0.500000 0.250000
vt 0.375000 0.250000
vt 0.500000 0.375000
vt 0.375000 0.375000
vt 0.625000 0.375000
vt 0.625000 0.500000
vt 0.500000 0.500000
vt 0.375000 0.500000
vt 0.500000 0.625000
vt 0.375000 0.625000
vt 0.625000 0.625000
vt 0.625000 0.750000
vt 0.500000 0.750000
vt 0.375000 0.750000
vt 0.500000 0.875000
vt 0.375000 0.875000
vt 0.625000 0.875000
vt 0.625000 1.000000
vt 0.500000 1.000000
vt 0.375000 1.000000
vt 0.125000 0.500000
vt 0.250000 0.500000
vt 0.250000 0.625000
vt 0.125000 0.625000
vt 0.250000 0.750000
vt 0.125000 0.750000
vt 0.750000 0.500000
vt 0.750000 0.625000
vt 0.875000 0.500000
vt 0.875000 0.625000
vt 0.875000 0.750000
vt 0.750000 0.750000
vt 0.375000 0.000000
vt 0.500000 0.000000
vt 0.500000 0.125000
vt 0.375000 0.125000
vt 0.625000 0.000000
vt 0.625000 0.125000
vt 0.625000 0.250000
vt 0.500000 0.250000
vt 0.375000 0.250000
vt 0.500000 0.375000
vt 0.375000 0.375000
vt 0.625000 0.375000
vt 0.625000 0.500000
vt 0.500000 0.500000
vt 0.375000 0.500000
vt 0.500000 0.625000
vt 0.375000 0.625000
vt 0.625000 0.625000
vt 0.625000 0.750000
vt 0.500000 0.750000
vt 0.375000 0.750000
vt 0.500000 0.875000
vt 0.375000 0.875000
vt 0.625000 0.875000
vt 0.625000 1.000000
vt 0.500000 1.000000
vt 0.375000 1.000000
vt 0.125000 0.500000
vt 0.250000 0.500000
vt 0.250000 0.625000
vt 0.125000 0.625000
vt 0.250000 0.750000
vt 0.125000 0.750000
vt 0.750000 0.500000
vt 0.750000 0.625000
vt 0.875000 0.500000
vt 0.875000 0.625000
vt 0.875000 0.750000
vt 0.750000 0.750000
vt 0.375000 0.000000
vt 0.500000 0.000000
vt 0.500000 0.125000
vt 0.375000 0.125000
vt 0.625000 0.000000
vt 0.625000 0.125000
vt 0.625000 0.250000
vt 0.500000 0.250000
vt 0.375000 0.250000
vt 0.500000 0.375000
vt 0.375000 0.375000
vt 0.625000 0.375000
vt 0.625000 0.500000
vt 0.500000 0.500000
vt 0.375000 0.500000
vt 0.500000 0.625000
vt 0.375000 0.625000
vt 0.625000 0.625000
vt 0.625000 0.750000
vt 0.500000 0.750000
vt 0.375000 0.750000
vt 0.500000 0.875000
vt 0.375000 0.875000
vt 0.625000 0.875000
vt 0.625000 1.000000
vt 0.500000 1.000000
vt 0.375000 1.000000
vt 0.125000 0.500000
vt 0.250000 0.500000
vt 0.250000 0.625000
vt 0.125000 0.625000
vt 0.250000 0.750000
vt 0.125000 0.750000
vt 0.750000 0.500000
vt 0.750000 0.625000
vt 0.875000 0.500000
vt 0.875000 0.625000
vt 0.875000 0.750000
vt 0.750000 0.750000
vt 0.375000 0.000000
vt 0.500000 0.000000
vt 0.500000 0.125000
vt 0.375000 0.125000
vt 0.625000 0.000000
vt 0.625000 0.125000
vt 0.625000 0.250000
vt 0.500000 0.250000
vt 0.375000 0.250000
vt 0.500000 0.375000
vt 0.375000 0.375000
vt 0.625000 0.375000
vt 0.625000 0.500000
vt 0.500000 0.500000
vt 0.375000 0.500000
vt 0.500000 0.625000
vt 0.375000 0.625000
vt 0.625000 0.625000
vt 0.625000 0.750000
vt 0.500000 0.750000
vt 0.375000 0.750000
vt 0.500000 0.875000
vt 0.375000 0.875000
vt 0.625000 0.875000
vt 0.625000 1.000000
vt 0.500000 1.000000
vt 0.375000 1.000000
vt 0.125000 0.500000
vt 0.250000 0.500000
vt 0.250000 0.625000
vt 0.125000 0.625000
vt 0.250000 0.750000
vt 0.125000 0.750000
vt 0.750000 0.500000
vt 0.750000 0.625000
vt 0.875000 0.500000
vt 0.875000 0.625000
vt 0.875000 0.750000
vt 0.750000 0.750000
vt 0.375000 0.000000
vt 0.500000 0.000000
vt 0.500000 0.125000
vt 0.375000 0.125000
vt 0.625000 0.000000
vt 0.625000 0.125000
vt 0.625000 0.250000
vt 0.500000 0.250000
vt 0.375000 0.250000
vt 0.500000 0.375000
vt 0.375000 0.375000
vt 0.625000 0.375000
vt 0.625000 0.500000
vt 0.500000 0.500000
vt 0.375000 0.500000
vt 0.500000 0.625000
vt 0.375000 0.625000
vt 0.625000 0.625000
vt 0.625000 0.750000
vt 0.500000 0.750000
vt 0.375000 0.750000
vt 0.500000 0.875000
vt 0.375000 0.875000
vt 0.625000 0.875000
vt 0.625000 1.000000
vt 0.500000 1.000000
vt 0.375000 1.000000
vt 0.125000 0.500000
vt 0.250000 0.500000
vt 0.250000 0.625000
vt 0.125000 0.625000
vt 0.250000 0.750000
vt 0.125000 0.750000
vt 0.750000 0.500000
vt 0.750000 0.625000
vt 0.875000 0.500000
vt 0.875000 0.625000
vt 0.875000 0.750000
vt 0.750000 0.750000
vt 0.375000 0.000000
vt 0.500000 0.000000
vt 0.500000 0.125000
vt 0.375000 0.125000
vt 0.625000 0.000000
vt 0.625000 0.125000
vt 0.625000 0.250000
vt 0.500000 0.250000
vt 0.375000 0.250000
vt 0.500000 0.375000
vt 0.375000 0.375000
vt 0.625000 0.375000
vt 0.625000 0.500000
vt 0.500000 0.500000
vt 0.375000 0.500000
vt 0.500000 0.625000
vt 0.375000 0.625000
vt 0.625000 0.625000
vt 0.625000 0.750000
vt 0.500000 0.750000
vt 0.375000 0.750000
vt 0.500000 0.875000
vt 0.375000 0.875000
vt 0.625000 0.875000
vt 0.625000 1.000000
vt 0.500000 1.000000
vt 0.375000 1.000000
vt 0.125000 0.500000
vt 0.250000 0.500000
vt 0.250000 0.625000
vt 0.125000 0.625000
vt 0.250000 0.750000
vt 0.125000 0.750000
vt 0.750000 0.500000
vt 0.750000 0.625000
vt 0.875000 0.500000
vt 0.875000 0.625000
vt 0.875000 0.750000
vt 0.750000 0.750000
vt 0.375000 0.000000
vt 0.500000 0.000000
vt 0.500000 0.125000
vt 0.375000 0.125000
vt 0.625000 0.000000
vt 0.625000 0.125000
vt 0.625000 0.250000
vt 0.500000 0.250000
vt 0.375000 0.250000
vt 0.500000 0.375000
vt 0.375000 0.375000
vt 0.625000 0.375000
vt 0.625000 0.500000
vt 0.500000 0.500000
vt 0.375000 0.500000
vt 0.500000 0.625000
vt 0.375000 0.625000
vt 0.625000 0.625000
vt 0.625000 0.750000
vt 0.500000 0.750000
vt 0.375000 0.750000
vt 0.500000 0.875000
vt 0.375000 0.875000
vt 0.625000 0.875000
vt 0.625000 1.000000
vt 0.500000 1.000000
vt 0.375000 1.000000
vt 0.125000 0.500000
vt 0.250000 0.500000
vt 0.250000 0.625000
vt 0.125000 0.625000
vt 0.250000 0.750000
vt 0.125000 0.750000
vt 0.750000 0.500000
vt 0.750000 0.625000
vt 0.875000 0.500000
vt 0.875000 0.625000
vt 0.875000 0.750000
vt 0.750000 0.750000
vt 0.375000 0.000000
vt 0.500000 0.000000
vt 0.500000 0.125000
vt 0.375000 0.125000
vt 0.625000 0.000000
vt 0.625000 0.125000
vt 0.625000 0.250000
vt 0.500000 0.250000
vt 0.375000 0.250000
vt 0.500000 0.375000
vt 0.375000 0.375000
vt 0.625000 0.375000
vt 0.625000 0.500000
vt 0.500000 0.500000
vt 0.375000 0.500000
vt 0.500000 0.625000
vt 0.375000 0.625000
vt 0.625000 0.625000
vt 0.625000 0.750000
vt 0.500000 0.750000
vt 0.375000 0.750000
vt 0.500000 0.875000
vt 0.375000 0.875000
vt 0.625000 0.875000
vt 0.625000 1.000000
vt 0.500000 1.000000
vt 0.375000 1.000000
vt 0.125000 0.500000
vt 0.250000 0.500000
vt 0.250000 0.625000
vt 0.125000 0.625000
vt 0.250000 0.750000
vt 0.125000 0.750000
vt 0.750000 0.500000
vt 0.750000 0.625000
vt 0.875000 0.500000
vt 0.875000 0.625000
vt 0.875000 0.750000
vt 0.750000 0.750000
vt 0.375000 0.000000
vt 0.500000 0.000000
vt 0.500000 0.125000
vt 0.375000 0.125000
vt 0.625000 0.000000
vt 0.625000 0.125000
vt 0.625000 0.250000
vt 0.500000 0.250000
vt 0.375000 0.250000
vt 0.500000 0.375000
vt 0.375000 0.375000
vt 0.625000 0.375000
vt 0.625000 0.500000
vt 0.500000 0.500000
vt 0.375000 0.500000
vt 0.500000 0.625000
vt 0.375000 0.625000
vt 0.625000 0.625000
vt 0.625000 0.750000
vt 0.500000 0.750000
vt 0.375000 0.750000
vt 0.500000 0.875000
vt 0.375000 0.875000
vt 0.625000 0.875000
vt 0.625000 1.000000
vt 0.500000 1.000000
vt 0.375000 1.000000
vt 0.125000 0.500000
vt 0.250000 0.500000
vt 0.250000 0.625000
vt 0.125000 0.625000
vt 0.250000 0.750000
vt 0.125000 0.750000
vt 0.750000 0.500000
vt 0.750000 0.625000
vt 0.875000 0.500000
vt 0.875000 0.625000
vt 0.875000 0.750000
vt 0.750000 0.750000
vt 0.375000 0.000000
vt 0.500000 0.000000
vt 0.500000 0.125000
vt 0.375000 0.125000
vt 0.625000 0.000000
vt 0.625000 0.125000
vt 0.625000 0.250000
vt 0.500000 0.250000
vt 0.375000 0.250000
vt 0.500000 0.375000
vt 0.375000 0.375000
vt 0.625000 0.375000
vt 0.625000 0.500000
vt 0.500000 0.500000
vt 0.375000 0.500000
vt 0.500000 0.625000
vt 0.375000 0.625000
vt 0.625000 0.625000
vt 0.625000 0.750000
vt 0.500000 0.750000
vt 0.375000 0.750000
vt 0.500000 0.875000
vt 0.375000 0.875000
vt 0.625000 0.875000
vt 0.625000 1.000000
vt 0.500000 1.000000
vt 0.375000 1.000000
vt 0.125000 0.500000
vt 0.250000 0.500000
vt 0.250000 0.625000
vt 0.125000 0.625000
vt 0.250000 0.750000
vt 0.125000 0.750000
vt 0.750000 0.500000
vt 0.750000 0.625000
vt 0.875000 0.500000
vt 0.875000 0.625000
vt 0.875000 0.750000
vt 0.750000 0.750000
vt 0.375000 0.000000
vt 0.500000 0.000000
vt 0.500000 0.125000
vt 0.375000 0.125000
vt 0.625000 0.000000
vt 0.625000 0.125000
vt 0.625000 0.250000
vt 0.500000 0.250000
vt 0.375000 0.250000
vt 0.500000 0.375000
vt 0.375000 0.375000
vt 0.625000 0.375000
vt 0.625000 0.500000
vt 0.500000 0.500000
vt 0.375000 0.500000
vt 0.500000 0.625000
vt 0.375000 0.625000
vt 0.625000 0.625000
vt 0.625000 0.750000
vt 0.500000 0.750000
vt 0.375000 0.750000
vt 0.500000 0.875000
vt 0.375000 0.875000
vt 0.625000 0.875000
vt 0.625000 1.000000
vt 0.500000 1.000000
vt 0.375000 1.000000
vt 0.125000 0.500000
vt 0.250000 0.500000
vt 0.250000 0.625000
vt 0.125000 0.625000
vt 0.250000 0.750000
vt 0.125000 0.750000
vt 0.750000 0.500000
vt 0.750000 0.625000
vt 0.875000 0.500000
vt 0.875000 0.625000
vt 0.875000 0.750000
vt 0.750000 0.750000
vt 0.375000 0.000000
vt 0.500000 0.000000
vt 0.500000 0.125000
vt 0.375000 0.125000
vt 0.625000 0.000000
vt 0.625000 0.125000
vt 0.625000 0.250000
vt 0.500000 0.250000
vt 0.375000 0.250000
vt 0.500000 0.375000
vt 0.375000 0.375000
vt 0.625000 0.375000
vt 0.625000 0.500000
vt 0.500000 0.500000
vt 0.375000 0.500000
vt 0.500000 0.625000
vt 0.375000 0.625000
vt 0.625000 0.625000
vt 0.625000 0.750000
vt 0.500000 0.750000
vt 0.375000 0.750000
vt 0.500000 0.875000
vt 0.375000 0.875000
vt 0.625000 0.875000
vt 0.625000 1.000000
vt 0.500000 1.000000
vt 0.375000 1.000000
vt 0.125000 0.500000
vt 0.250000 0.500000
vt 0.250000 0.625000
vt 0.125000 0.625000
vt 0.250000 0.750000
vt 0.125000 0.750000
vt 0.750000 0.500000
vt 0.750000 0.625000
vt 0.875000 0.500000
vt 0.875000 0.625000
vt 0.875000 0.750000
vt 0.750000 0.750000
vt 0.375000 0.000000
vt 0.500000 0.000000
vt 0.500000 0.125000
vt 0.375000 0.125000
vt 0.625000 0.000000
vt 0.625000 0.125000
vt 0.625000 0.250000
vt 0.500000 0.250000
vt 0.375000 0.250000
vt 0.500000 0.375000
vt 0.375000 0.375000
vt 0.625000 0.375000
vt 0.625000 0.500000
vt 0.500000 0.500000
vt 0.375000 0.500000
vt 0.500000 0.625000
vt 0.375000 0.625000
vt 0.625000 0.625000
vt 0.625000 0.750000
vt 0.500000 0.750000
vt 0.375000 0.750000
vt 0.500000 0.875000
vt 0.375000 0.875000
vt 0.625000 0.875000
vt 0.625000 1.000000
vt 0.500000 1.000000
vt 0.375000 1.000000
vt 0.125000 0.500000
vt 0.250000 0.500000
vt 0.250000 0.625000
vt 0.125000 0.625000
vt 0.250000 0.750000
vt 0.125000 0.750000
vt 0.750000 0.500000
vt 0.750000 0.625000
vt 0.875000 0.500000
vt 0.875000 0.625000
vt 0.875000 0.750000
vt 0.750000 0.750000
vt 0.375000 0.000000
vt 0.500000 0.000000
vt 0.500000 0.125000
vt 0.375000 0.125000
vt 0.625000 0.000000
vt 0.625000 0.125000
vt 0.625000 0.250000
vt 0.500000 0.250000
vt 0.375000 0.250000
vt 0.500000 0.375000
vt 0.375000 0.375000
vt 0.625000 0.375000
vt 0.625000 0.500000
vt 0.500000 0.500000
vt 0.375000 0.500000
vt 0.500000 0.625000
vt 0.375000 0.625000
vt 0.625000 0.625000
vt 0.625000 0.750000
vt 0.500000 0.750000
vt 0.375000 0.750000
vt 0.500000 0.875000
vt 0.375000 0.875000
vt 0.625000 0.875000
vt 0.625000 1.000000
vt 0.500000 1.000000
vt 0.375000 1.000000
vt 0.125000 0.500000
vt 0.250000 0.500000
vt 0.250000 0.625000
vt 0.125000 0.625000
vt 0.250000 0.750000
vt 0.125000 0.750000
vt 0.750000 0.500000
vt 0.750000 0.625000
vt 0.875000 0.500000
vt 0.875000 0.625000
vt 0.875000 0.750000
vt 0.750000 0.750000
vt 0.375000 0.000000
vt 0.500000 0.000000
vt 0.500000 0.125000
vt 0.375000 0.125000
vt 0.625000 0.000000
vt 0.625000 0.125000
vt 0.625000 0.250000
vt 0.500000 0.250000
vt 0.375000 0.250000
vt 0.500000 0.375000
vt 0.375000 0.375000
vt 0.625000 0.375000
vt 0.625000 0.500000
vt 0.500000 0.500000
vt 0.375000 0.500000
vt 0.500000 0.625000
vt 0.375000 0.625000
vt 0.625000 0.625000
vt 0.625000 0.750000
vt 0.500000 0.750000
vt 0.375000 0.750000
vt 0.500000 0.875000
vt 0.375000 0.875000
vt 0.625000 0.875000
vt 0.625000 1.000000
vt 0.500000 1.000000
vt 0.375000 1.000000
vt 0.125000 0.500000
vt 0.250000 0.500000
vt 0.250000 0.625000
vt 0.125000 0.625000
vt 0.250000 0.750000
vt 0.125000 0.750000
vt 0.750000 0.500000
vt 0.750000 0.625000
vt 0.875000 0.500000
vt 0.875000 0.625000
vt 0.875000 0.750000
vt 0.750000 0.750000
vt 0.375000 0.000000
vt 0.500000 0.000000
vt 0.500000 0.125000
vt 0.375000 0.125000
vt 0.625000 0.000000
vt 0.625000 0.125000
vt 0.625000 0.250000
vt 0.500000 0.250000
vt 0.375000 0.250000
vt 0.500000 0.375000
vt 0.375000 0.375000
vt 0.625000 0.375000
vt 0.625000 0.500000
vt 0.500000 0.500000
vt 0.375000 0.500000
vt 0.500000 0.625000
vt 0.375000 0.625000
vt 0.625000 0.625000
vt 0.625000 0.750000
vt 0.500000 0.750000
vt 0.375000 0.750000
vt 0.500000 0.875000
vt 0.375000 0.875000
vt 0.625000 0.875000
vt 0.625000 1.000000
vt 0.500000 1.000000
vt 0.375000 1.000000
vt 0.125000 0.500000
vt 0.250000 0.500000
vt 0.250000 0.625000
vt 0.125000 0.625000
vt 0.250000 0.750000
vt 0.125000 0.750000
vt 0.750000 0.500000
vt 0.750000 0.625000
vt 0.875000 0.500000
vt 0.875000 0.625000
vt 0.875000 0.750000
vt 0.750000 0.750000
vn -0.5630 0.1382 -0.8148
vn -0.4851 0.4972 -0.7194
vn -0.5168 0.4626 -0.7203
vn -0.5454 0.4131 -0.7292
vn -0.4781 0.3668 -0.7981
vn -0.5795 0.3446 -0.7386
vn -0.7043 0.0920 -0.7039
vn -0.7055 0.1475 -0.6932
vn -0.6281 0.1631 -0.7609
vn -0.4731 0.1337 -0.8708
vn -0.4760 0.1410 -0.8681
vn -0.6676 0.5596 -0.4911
vn -0.4997 0.1670 -0.8499
vn -0.5879 0.4554 -0.6685
vn -0.6801 0.5262 -0.5105
vn -0.5549 0.4731 -0.6843
vn -0.6141 0.1829 -0.7678
vn -0.4705 0.3900 -0.7915
vn -0.5137 0.1783 -0.8392
vn -0.5070 0.3408 -0.7917
vn -0.7427 0.1328 -0.6563
vn -0.8442 -0.0888 -0.5287
vn -0.5857 0.4308 -0.6866
vn -0.6122 0.0452 -0.7894
vn -0.6240 0.0452 -0.7801
vn -0.9750 0.1921 -0.1120
vn -0.8323 0.5438 -0.1071
vn -0.8558 0.5105 -0.0840
vn -0.8840 0.4624 -0.0684
vn -0.8940 0.4168 -0.1645
vn -0.9172 0.3955 -0.0490
vn -0.9870 0.1461 0.0673
vn -0.9767 0.2011 0.0753
vn -0.9758 0.2168 -0.0275
vn -0.9582 0.1870 -0.2166
vn -0.9576 0.1942 -0.2126
vn -0.7773 0.6027 0.1806
vn -0.9582 0.2202 -0.1827
vn -0.8640 0.5035 0.0037
vn -0.8019 0.5706 0.1772
vn -0.8532 0.5207 -0.0315
vn -0.9707 0.2365 -0.0425
vn -0.8829 0.4394 -0.1658
vn -0.9587 0.2314 -0.1651
vn -0.9097 0.3914 -0.1386
vn -0.9742 0.1862 0.1276
vn -0.9571 -0.0370 0.2875
vn -0.8774 0.4796 -0.0099
vn -0.9876 0.1463 -0.0577
vn -0.9883 0.1463 -0.0436
vn -0.8841 0.4623 -0.0684
vn -0.8940 0.4167 -0.1644
vn -0.9870 0.1461 0.0672
vn -0.9758 0.2169 -0.0275
vn -0.9582 0.1869 -0.2166
vn -0.9576 0.1943 -0.2126
vn -0.9582 0.2201 -0.1827
vn -0.8640 0.5036 0.0037
vn -0.9587 0.2315 -0.1651
vn -0.9097 0.3915 -0.1385
vn -0.9742 0.1861 0.1276
vn 0.1381 0.1921 -0.9716
vn 0.1294 0.5438 -0.8292
vn 0.1069 0.5105 -0.8532
vn 0.0920 0.4624 -0.8819
vn 0.1883 0.4168 -0.8893
vn 0.0735 0.3955 -0.9155
vn -0.0408 0.1461 -0.9884
vn -0.0491 0.2011 -0.9783
vn 0.0536 0.2169 -0.9747
vn 0.2422 0.1869 -0.9521
vn 0.2382 0.1942 -0.9516
vn -0.1597 0.6027 -0.7818
vn 0.2083 0.2202 -0.9530
vn 0.0195 0.5035 -0.8638
vn -0.1557 0.5706 -0.8063
vn 0.0543 0.5207 -0.8520
vn 0.0685 0.2365 -0.9692
vn 0.1894 0.4394 -0.8781
vn 0.1907 0.2314 -0.9540
vn 0.1629 0.3915 -0.9057
vn -0.1014 0.1861 -0.9773
vn -0.2617 -0.0370 -0.9644
vn 0.0334 0.4796 -0.8768
vn 0.0842 0.1463 -0.9856
vn 0.0700 0.1463 -0.9868
vn 0.7684 0.2983 0.5662
vn 0.6130 0.6321 0.4741
vn 0.6479 0.6016 0.4671
vn 0.6848 0.5570 0.4699
vn 0.6505 0.5123 0.5607
vn 0.7296 0.4943 0.4727
vn 0.8718 0.2547 0.4185
vn 0.8614 0.3082 0.4036
vn 0.8085 0.3233 0.4918
vn 0.7029 0.2908 0.6492
vn 0.7036 0.2980 0.6451
vn 0.7016 0.6858 0.1938
vn 0.7163 0.3240 0.6181
vn 0.6989 0.5960 0.3953
vn 0.7243 0.6565 0.2105
vn 0.6706 0.6117 0.4197
vn 0.7946 0.3422 0.5014
vn 0.6380 0.5336 0.5552
vn 0.7243 0.3353 0.6024
vn 0.6793 0.4890 0.5471
vn 0.8866 0.2933 0.3577
vn 0.9726 0.0704 0.2216
vn 0.7062 0.5737 0.4149
vn 0.8150 0.2344 0.5300
vn 0.8227 0.2345 0.5179
vn -0.1527 0.3880 0.9089
vn -0.1336 0.9334 0.3330
vn -0.1476 0.8241 0.5469
vn -0.1531 0.8114 0.5641
vn -0.2461 0.7722 0.5857
vn -0.1590 0.7921 0.5893
vn -0.0677 0.6877 0.7229
vn 0.0401 0.6409 0.7666
vn -0.1268 0.4828 0.8665
vn -0.2843 0.4219 0.8609
vn -0.2909 0.5161 0.8056
vn 0.1624 0.9195 0.3579
vn -0.1527 0.6523 0.7424
vn 0.0445 0.8314 0.5539
vn 0.1782 0.9277 0.3279
vn -0.1461 0.8747 0.4622
vn -0.0988 0.4686 0.8779
vn -0.1143 0.7882 0.6047
vn -0.1869 0.7067 0.6823
vn -0.0881 0.8158 0.5716
vn 0.0686 0.4722 0.8788
vn 0.2864 0.2954 0.9114
vn 0.0311 0.8038 0.5941
vn -0.0886 0.3499 0.9326
vn -0.0702 0.3501 0.9341
vn -0.8007 0.1292 0.5850
vn -0.7141 0.4891 0.5009
vn -0.7135 0.4548 0.5330
vn -0.7207 0.4054 0.5623
vn -0.7906 0.3572 0.4974
vn -0.7278 0.3370 0.5973
vn -0.6850 0.0864 0.7234
vn -0.6753 0.1421 0.7238
vn -0.7454 0.1557 0.6482
vn -0.8592 0.1229 0.4967
vn -0.8565 0.1302 0.4994
vn -0.4819 0.5573 0.6762
vn -0.8382 0.1567 0.5224
vn -0.6596 0.4493 0.6026
vn -0.5003 0.5237 0.6896
vn -0.6766 0.4663 0.5700
vn -0.7531 0.1752 0.6342
vn -0.7847 0.3804 0.4895
vn -0.8273 0.1684 0.5360
vn -0.7829 0.3316 0.5264
vn -0.6371 0.1284 0.7600
vn -0.5026 -0.0898 0.8598
vn -0.6772 0.4243 0.6011
vn -0.7721 0.0437 0.6340
vn -0.7625 0.0439 0.6455
vn -0.7916 0.1921 0.5800
vn -0.6836 0.5439 0.4867
vn -0.6851 0.5105 0.5196
vn -0.6953 0.4624 0.5503
vn -0.7679 0.4168 0.4865
vn -0.7064 0.3955 0.5870
vn -0.6787 0.1461 0.7197
vn -0.6657 0.2011 0.7186
vn -0.7348 0.2169 0.6426
vn -0.8504 0.1869 0.4919
vn -0.8473 0.1943 0.4944
vn -0.4478 0.6027 0.6605
vn -0.8274 0.2202 0.5167
vn -0.6316 0.5035 0.5895
vn -0.4682 0.5706 0.6747
vn -0.6476 0.5207 0.5564
vn -0.7413 0.2365 0.6281
vn -0.7606 0.4394 0.4780
vn -0.8158 0.2315 0.5300
vn -0.7618 0.3915 0.5162
vn -0.6284 0.1862 0.7553
vn -0.5072 -0.0370 0.8610
vn -0.6507 0.4796 0.5887
vn -0.7640 0.1463 0.6284
vn -0.7549 0.1463 0.6393
vn 0.6425 0.4104 -0.6471
vn 0.4915 0.7206 -0.4889
vn 0.4935 0.6924 -0.5263
vn 0.5067 0.6513 -0.5649
vn 0.5954 0.6133 -0.5190
vn 0.5233 0.5927 -0.6122
vn 0.5183 0.3605 -0.7755
vn 0.4963 0.4114 -0.7645
vn 0.5730 0.4310 -0.6971
vn 0.7147 0.4061 -0.5695
vn 0.7100 0.4129 -0.5705
vn 0.2242 0.7532 -0.6184
vn 0.6826 0.4370 -0.5858
vn 0.4315 0.6837 -0.5885
vn 0.2473 0.7275 -0.6399
vn 0.4493 0.6995 -0.5557
vn 0.5782 0.4497 -0.6808
vn 0.5858 0.6328 -0.5063
vn 0.6672 0.4474 -0.5955
vn 0.5892 0.5910 -0.5510
vn 0.4567 0.3941 -0.7976
vn 0.3607 0.1660 -0.9178
vn 0.4543 0.6640 -0.5939
vn 0.6159 0.3663 -0.6975
vn 0.6053 0.3658 -0.7070
vn 0.5528 0.1921 0.8108
vn 0.4632 0.5438 0.6997
vn 0.4961 0.5105 0.7023
vn 0.5264 0.4624 0.7135
vn 0.4602 0.4168 0.7839
vn 0.5627 0.3955 0.7259
vn 0.6963 0.1461 0.7027
vn 0.6957 0.2012 0.6896
vn 0.6173 0.2168 0.7562
vn 0.4627 0.1869 0.8666
vn 0.4654 0.1942 0.8635
vn 0.6449 0.6027 0.4699
vn 0.4884 0.2202 0.8444
vn 0.5678 0.5035 0.6512
vn 0.6585 0.5706 0.4908
vn 0.5341 0.5207 0.6661
vn 0.6026 0.2365 0.7622
vn 0.4519 0.4394 0.7763
vn 0.5020 0.2315 0.8333
vn 0.4901 0.3914 0.7788
vn 0.7336 0.1862 0.6536
vn 0.8433 -0.0370 0.5361
vn 0.5663 0.4797 0.6703
vn 0.6021 0.1463 0.7849
vn 0.6133 0.1463 0.7762
vn 0.7253 0.3880 -0.5687
vn 0.3231 0.9334 -0.1560
vn 0.4775 0.8241 -0.3047
vn 0.4931 0.8114 -0.3136
vn 0.5765 0.7722 -0.2669
vn 0.5145 0.7921 -0.3283
vn 0.5371 0.6876 -0.4885
vn 0.4869 0.6409 -0.5934
vn 0.6776 0.4828 -0.5547
vn 0.7902 0.4219 -0.4446
vn 0.7577 0.5162 -0.3993
vn 0.1212 0.9195 -0.3739
vn 0.6130 0.6523 -0.4457
vn 0.3404 0.8314 -0.4393
vn 0.0893 0.9277 -0.3624
vn 0.4194 0.8747 -0.2431
vn 0.6645 0.4686 -0.5821
vn 0.4920 0.7882 -0.3699
vn 0.5978 0.7068 -0.3782
vn 0.4502 0.8158 -0.3630
vn 0.5415 0.4722 -0.6956
vn 0.4025 0.2954 -0.8665
vn 0.3773 0.8038 -0.4599
vn 0.6939 0.3499 -0.6294
vn 0.6812 0.3501 -0.6429
vn -0.6538 0.3881 -0.6496
vn -0.1947 0.9334 -0.3014
vn -0.3613 0.8241 -0.4363
vn -0.3721 0.8114 -0.4507
vn -0.3361 0.7722 -0.5392
vn -0.3892 0.7921 -0.4701
vn -0.5510 0.6877 -0.4727
vn -0.6490 0.6409 -0.4100
vn -0.6341 0.4829 -0.6039
vn -0.5386 0.4219 -0.7293
vn -0.4897 0.5162 -0.7027
vn -0.3859 0.9196 -0.0741
vn -0.5179 0.6523 -0.5534
vn -0.4779 0.8314 -0.2836
vn -0.3706 0.9277 -0.0439
vn -0.2930 0.8747 -0.3862
vn -0.6596 0.4686 -0.5876
vn -0.4277 0.7882 -0.4425
vn -0.4491 0.7067 -0.5467
vn -0.4157 0.8158 -0.4020
vn -0.7570 0.4722 -0.4516
vn -0.9095 0.2954 -0.2925
vn -0.5029 0.8038 -0.3177
vn -0.7101 0.3499 -0.6109
vn -0.7221 0.3501 -0.5967
vn -0.5377 0.4661 -0.7026
vn -0.6205 0.2562 -0.7412
vn -0.7317 0.3279 -0.5976
vn -0.5585 0.3832 -0.7357
vn -0.2495 -0.3401 -0.9067
vn -0.4969 0.3732 -0.7835
vn -0.5591 0.1465 -0.8161
vn -0.5364 0.4334 -0.7242
vn -0.5922 0.4754 -0.6506
vn -0.8560 0.5139 -0.0566
vn -0.9509 0.3089 -0.0201
vn -0.9121 0.3781 0.1583
vn -0.8991 0.4332 -0.0628
vn -0.8642 -0.2923 -0.4096
vn -0.8951 0.4232 -0.1407
vn -0.9729 0.2003 -0.1158
vn -0.8732 0.4821 -0.0718
vn -0.8522 0.5229 0.0188
vn -0.9509 0.3088 -0.0201
vn -0.8641 -0.2924 -0.4096
vn -0.8951 0.4231 -0.1407
vn -0.8732 0.4820 -0.0718
vn -0.8522 0.5228 0.0188
vn 0.0795 0.5139 -0.8542
vn 0.0455 0.3089 -0.9500
vn -0.1338 0.3781 -0.9160
vn 0.0869 0.4332 -0.8971
vn 0.4326 -0.2923 -0.8529
vn 0.1646 0.4231 -0.8910
vn 0.1418 0.2003 -0.9694
vn 0.0952 0.4821 -0.8709
vn 0.0040 0.5228 -0.8524
vn 0.6613 0.6051 0.4432
vn 0.7815 0.4120 0.4685
vn 0.8292 0.4774 0.2908
vn 0.7034 0.5297 0.4739
vn 0.5735 -0.1967 0.7952
vn 0.6625 0.5189 0.5402
vn 0.7639 0.3061 0.5681
vn 0.6718 0.5754 0.4666
vn 0.6944 0.6139 0.3754
vn 0.0362 0.8777 0.4779
vn -0.0755 0.6620 0.7457
vn 0.1527 0.7300 0.6662
vn -0.1599 0.7905 0.5912
vn -0.4546 0.0948 0.8856
vn -0.2237 0.8231 0.5219
vn -0.1922 0.4776 0.8573
vn -0.1420 0.8159 0.5604
vn 0.0549 0.8866 0.4592
vn -0.6952 0.4588 0.5533
vn -0.7276 0.2491 0.6391
vn -0.5823 0.3244 0.7455
vn -0.7262 0.3755 0.5759
vn -0.8929 -0.3537 0.2787
vn -0.7756 0.3641 0.5157
vn -0.8023 0.1374 0.5809
vn -0.7163 0.4257 0.5529
vn -0.6419 0.4696 0.6062
vn -0.6667 0.5139 0.5399
vn -0.7115 0.3088 0.6311
vn -0.5619 0.3781 0.7357
vn -0.7026 0.4332 0.5646
vn -0.9124 -0.2924 0.2863
vn -0.7525 0.4232 0.5047
vn -0.7927 0.2003 0.5758
vn -0.6897 0.4820 0.5404
vn -0.6127 0.5229 0.5926
vn 0.4717 0.6946 -0.5432
vn 0.5362 0.5147 -0.6690
vn 0.3620 0.5657 -0.7409
vn 0.5166 0.6260 -0.5842
vn 0.8912 -0.0732 -0.4476
vn 0.5765 0.6187 -0.5338
vn 0.6428 0.4181 -0.6419
vn 0.4995 0.6681 -0.5515
vn 0.4092 0.6992 -0.5862
vn 0.5170 0.5139 0.6846
vn 0.6066 0.3089 0.7325
vn 0.7162 0.3782 0.5865
vn 0.5404 0.4332 0.7213
vn 0.2552 -0.2924 0.9216
vn 0.4788 0.4232 0.7692
vn 0.5486 0.2003 0.8118
vn 0.5167 0.4821 0.7075
vn 0.5715 0.5228 0.6325
vn 0.2952 0.8777 -0.3775
vn 0.5582 0.6620 -0.5001
vn 0.3361 0.7300 -0.5951
vn 0.5165 0.7905 -0.3291
vn 0.9327 0.0948 -0.3481
vn 0.5170 0.8231 -0.2349
vn 0.7196 0.4776 -0.5040
vn 0.4826 0.8159 -0.3184
vn 0.2689 0.8866 -0.3763
vn -0.4111 0.8777 -0.2464
vn -0.5651 0.6620 -0.4923
vn -0.6320 0.7300 -0.2601
vn -0.3903 0.7905 -0.4720
vn -0.4605 0.0948 -0.8826
vn -0.2969 0.8231 -0.4841
vn -0.5889 0.4776 -0.6520
vn -0.3755 0.8160 -0.4396
vn -0.4066 0.8866 -0.2204
vn -0.3790 0.3171 -0.8694
vn -0.6008 0.1625 -0.7827
vn -0.4899 0.1307 -0.8619
vn -0.6940 0.3877 -0.6066
vn -0.5795 0.3428 -0.7394
vn -0.5804 0.3423 -0.7389
vn -0.7648 0.0084 -0.6442
vn -0.5548 0.2407 -0.7964
vn -0.5620 0.1055 -0.8204
vn -0.5004 0.4782 -0.7218
vn -0.8852 0.3667 -0.2861
vn -0.9743 0.2164 -0.0624
vn -0.9627 0.1841 -0.1981
vn -0.8909 0.4369 0.1241
vn -0.9179 0.3938 -0.0495
vn -0.9181 0.3933 -0.0485
vn -0.9864 0.0622 0.1519
vn -0.9501 0.2934 -0.1059
vn -0.9803 0.1597 -0.1166
vn -0.8452 0.5255 -0.0972
vn -0.9743 0.2163 -0.0624
vn 0.3097 0.3667 -0.8773
vn 0.0885 0.2163 -0.9723
vn 0.2238 0.1841 -0.9571
vn -0.1002 0.4369 -0.8939
vn 0.0741 0.3938 -0.9162
vn 0.0731 0.3933 -0.9165
vn -0.1255 0.0622 -0.9901
vn 0.1313 0.2934 -0.9469
vn 0.1428 0.1597 -0.9768
vn 0.1198 0.5255 -0.8423
vn 0.5878 0.4612 0.6647
vn 0.7899 0.3225 0.5215
vn 0.7161 0.2886 0.6355
vn 0.7882 0.5333 0.3071
vn 0.7301 0.4927 0.4736
vn 0.7308 0.4922 0.4729
vn 0.9213 0.1716 0.3488
vn 0.7399 0.3963 0.5435
vn 0.7739 0.2666 0.5744
vn 0.6308 0.6153 0.4727
vn -0.3511 0.5709 0.7421
vn -0.1608 0.4177 0.8943
vn -0.2550 0.6200 0.7420
vn 0.1423 0.7613 0.6326
vn -0.0194 0.7660 0.6426
vn -0.1569 0.7730 0.6148
vn 0.0731 0.5705 0.8180
vn -0.1754 0.7691 0.6146
vn -0.1967 0.5428 0.8165
vn -0.1433 0.8880 0.4369
vn -0.8638 0.3053 0.4009
vn -0.7680 0.1545 0.6215
vn -0.8498 0.1202 0.5133
vn -0.5935 0.3837 0.7075
vn -0.7285 0.3353 0.5973
vn -0.7280 0.3348 0.5982
vn -0.6221 0.0046 0.7829
vn -0.7844 0.2319 0.5752
vn -0.8057 0.0965 0.5844
vn -0.7156 0.4702 0.5165
vn -0.8440 0.3667 0.3913
vn -0.7575 0.2163 0.6160
vn -0.8411 0.1841 0.5085
vn -0.5696 0.4369 0.6962
vn -0.7073 0.3938 0.5871
vn -0.7068 0.3933 0.5880
vn -0.6208 0.0622 0.7815
vn -0.7693 0.2934 0.5676
vn -0.7986 0.1597 0.5803
vn -0.6864 0.5255 0.5027
vn 0.6935 0.5679 -0.4435
vn 0.5994 0.4317 -0.6741
vn 0.7035 0.4036 -0.5850
vn 0.3656 0.6197 -0.6945
vn 0.5244 0.5912 -0.6127
vn 0.5239 0.5908 -0.6136
vn 0.4667 0.2751 -0.8406
vn 0.6052 0.5032 -0.6169
vn 0.6549 0.3803 -0.6531
vn 0.4948 0.7053 -0.5077
vn 0.3625 0.3668 0.8568
vn 0.5899 0.2163 0.7780
vn 0.4797 0.1841 0.8579
vn 0.6765 0.4369 0.5928
vn 0.5628 0.3938 0.7268
vn 0.5637 0.3933 0.7263
vn 0.7600 0.0622 0.6469
vn 0.5411 0.2935 0.7880
vn 0.5529 0.1597 0.8178
vn 0.4792 0.5256 0.7030
vn 0.7595 0.5709 -0.3118
vn 0.7214 0.4177 -0.5524
vn 0.6884 0.6201 -0.3764
vn 0.3211 0.7613 -0.5633
vn 0.4473 0.7659 -0.4618
vn 0.5302 0.7729 -0.3486
vn 0.4972 0.5705 -0.6537
vn 0.5438 0.7690 -0.3360
vn 0.6955 0.5429 -0.4707
vn 0.4003 0.8880 -0.2263
vn -0.4031 0.5709 -0.7152
vn -0.6372 0.4177 -0.6477
vn -0.4584 0.6201 -0.6367
vn -0.5986 0.7613 -0.2492
vn -0.5134 0.7660 -0.3869
vn -0.4113 0.7729 -0.4831
vn -0.7100 0.5705 -0.4127
vn -0.4004 0.7692 -0.4980
vn -0.5530 0.5428 -0.6321
vn -0.2739 0.8880 -0.3693
vn 0.2077 -0.9198 -0.3330
vn 0.3130 -0.9198 0.2368
vn -0.2568 -0.9039 0.3421
vn -0.3620 -0.9039 -0.2278
vn -0.8262 -0.5525 -0.1101
vn -0.8257 -0.5283 0.1977
vn -0.9532 -0.2447 0.1775
vn -0.9535 -0.2699 -0.1344
vn 0.1250 0.8870 -0.4446
vn 0.1985 0.9490 0.2451
vn 0.2995 0.9247 0.2351
vn 0.2116 0.8671 -0.4510
vn 0.1526 0.4346 0.8876
vn 0.0277 -0.2579 0.9658
vn 0.0113 -0.2534 0.9673
vn 0.2084 0.4232 0.8817
vn -0.1278 -0.8864 0.4449
vn -0.1963 -0.9494 -0.2452
vn -0.3010 -0.9242 -0.2350
vn -0.2175 -0.8652 0.4518
vn -0.1621 -0.4323 -0.8870
vn -0.0422 0.2616 -0.9643
vn -0.0274 0.2595 -0.9653
vn -0.2202 -0.4190 -0.8809
vn 0.1045 0.8884 -0.4470
vn 0.1741 0.9528 0.2485
vn 0.1774 0.9524 0.2478
vn 0.1071 0.8886 -0.4461
vn 0.1403 0.4322 0.8908
vn 0.0304 -0.2575 0.9658
vn 0.0304 -0.2577 0.9657
vn 0.1416 0.4332 0.8901
vn -0.1186 -0.8860 0.4483
vn -0.1879 -0.9505 -0.2474
vn -0.1847 -0.9512 -0.2473
vn -0.1166 -0.8869 0.4470
vn -0.1548 -0.4297 -0.8896
vn -0.0452 0.2600 -0.9645
vn -0.0450 0.2606 -0.9644
vn -0.1540 -0.4308 -0.8892
vn 0.1041 0.8884 -0.4471
vn 0.1735 0.9529 0.2486
vn 0.1736 0.9529 0.2486
vn 0.1401 0.4321 0.8909
vn 0.0303 -0.2575 0.9658
vn 0.1400 0.4320 0.8909
vn -0.1190 -0.8859 0.4484
vn -0.1884 -0.9504 -0.2474
vn -0.1884 -0.9504 -0.2473
vn -0.1549 -0.4296 -0.8897
vn -0.0452 0.2600 -0.9646
vn -0.1549 -0.4296 -0.8896
vn 0.1041 0.8884 -0.4472
vn 0.1401 0.4320 0.8909
vn 0.1400 0.4321 0.8909
vn -0.1190 -0.8858 0.4485
vn -0.1885 -0.9504 -0.2474
vn -0.0453 0.2600 -0.9645
vn -0.1549 -0.4295 -0.8897
vn -0.1189 -0.8859 0.4484
vn -0.1549 -0.4297 -0.8896
vn -0.0453 0.2599 -0.9646
vn -0.1550 -0.4295 -0.8897
vn 0.1736 0.9529 0.2487
vn 0.1040 0.8884 -0.4471
vn 0.1400 0.4322 0.8908
vn 0.0304 -0.2574 0.9658
vn -0.0453 0.2600 -0.9646
vn -0.1550 -0.4295 -0.8896
vn 0.1735 0.9529 0.2487
vn 0.1041 0.8883 -0.4472
vn -0.1885 -0.9504 -0.2473
vn -0.1550 -0.4296 -0.8896
vn -0.0453 0.2601 -0.9645
vn -0.1190 -0.8859 0.4485
vn -0.1885 -0.9504 -0.2475
vn -0.0452 0.2599 -0.9646
vn 0.1006 0.8897 -0.4453
vn 0.1686 0.9539 0.2484
vn 0.1729 0.9530 0.2487
vn 0.1036 0.8885 -0.4470
vn 0.1389 0.4336 0.8903
vn 0.0299 -0.2584 0.9656
vn 0.0303 -0.2576 0.9658
vn 0.1399 0.4323 0.8908
vn -0.1237 -0.8860 0.4470
vn -0.1943 -0.9496 -0.2461
vn -0.1893 -0.9503 -0.2472
vn -0.1196 -0.8859 0.4483
vn -0.1569 -0.4311 -0.8886
vn -0.0453 0.2606 -0.9644
vn -0.1552 -0.4297 -0.8895
vn 0.3472 0.8620 -0.3694
vn 0.3566 0.9133 0.1967
vn 0.2192 0.9462 0.2379
vn 0.1700 0.8840 -0.4355
vn 0.5113 0.4940 0.7032
vn 0.6968 -0.0495 0.7155
vn 0.2273 -0.2642 0.9373
vn 0.2523 0.4356 0.8641
vn 0.8277 -0.4897 0.2742
vn 0.8204 -0.5221 -0.2331
vn 0.0709 -0.9625 -0.2620
vn 0.1323 -0.8987 0.4182
vn 0.6748 -0.1709 -0.7180
vn 0.4864 0.3548 -0.7985
vn 0.1102 0.2580 -0.9598
vn 0.0731 -0.4437 -0.8932
vn 0.7484 0.4043 -0.5258
vn 0.8826 0.4426 0.1587
vn 0.9190 0.3620 0.1560
vn 0.7895 0.3131 -0.5279
vn 0.4839 0.2143 0.8485
vn -0.1307 -0.1046 0.9859
vn -0.1525 -0.0562 0.9867
vn 0.4929 0.1961 0.8477
vn -0.7493 -0.4025 0.5259
vn -0.8846 -0.4385 -0.1586
vn -0.9222 -0.3539 -0.1560
vn -0.7921 -0.3065 0.5278
vn -0.4894 -0.2023 -0.8483
vn 0.1263 0.1141 -0.9854
vn 0.1484 0.0675 -0.9866
vn -0.4975 -0.1835 -0.8479
vn 0.7373 0.4243 -0.5257
vn 0.8730 0.4600 0.1621
vn 0.8740 0.4584 0.1613
vn 0.7386 0.4222 -0.5256
vn 0.4810 0.2171 0.8494
vn -0.1252 -0.1103 0.9860
vn -0.1255 -0.1111 0.9859
vn 0.4813 0.2171 0.8492
vn -0.7433 -0.4128 0.5264
vn -0.8791 -0.4485 -0.1616
vn -0.8785 -0.4498 -0.1610
vn -0.7424 -0.4149 0.5259
vn -0.4873 -0.2051 -0.8488
vn 0.1189 0.1222 -0.9854
vn 0.1200 0.1220 -0.9853
vn -0.4875 -0.2051 -0.8487
vn 0.7371 0.4246 -0.5258
vn 0.8728 0.4603 0.1623
vn 0.8728 0.4602 0.1623
vn 0.7370 0.4246 -0.5258
vn 0.4810 0.2170 0.8495
vn -0.1252 -0.1102 0.9860
vn 0.4809 0.2172 0.8494
vn -0.7435 -0.4125 0.5264
vn -0.8793 -0.4480 -0.1617
vn -0.7434 -0.4125 0.5264
vn -0.4874 -0.2049 -0.8488
vn 0.1188 0.1223 -0.9854
vn 0.8729 0.4600 0.1624
vn -0.7434 -0.4127 0.5264
vn -0.8793 -0.4480 -0.1616
vn -0.8792 -0.4482 -0.1616
vn -0.7435 -0.4124 0.5264
vn -0.4873 -0.2050 -0.8488
vn 0.7370 0.4248 -0.5257
vn 0.8729 0.4602 0.1622
vn 0.8729 0.4601 0.1622
vn 0.7370 0.4247 -0.5258
vn 0.4809 0.2171 0.8495
vn -0.7434 -0.4126 0.5264
vn -0.8792 -0.4481 -0.1617
vn -0.4874 -0.2050 -0.8488
vn 0.7362 0.4268 -0.5252
vn 0.8718 0.4624 0.1617
vn 0.8728 0.4604 0.1622
vn 0.7369 0.4250 -0.5257
vn 0.4812 0.2176 0.8492
vn -0.1261 -0.1101 0.9859
vn -0.1253 -0.1101 0.9860
vn -0.7452 -0.4100 0.5259
vn -0.8806 -0.4457 -0.1607
vn -0.8795 -0.4477 -0.1615
vn -0.7436 -0.4122 0.5264
vn -0.4881 -0.2049 -0.8484
vn 0.1191 0.1228 -0.9853
vn 0.1188 0.1224 -0.9853
vn 0.6745 0.5279 -0.5161
vn 0.8096 0.5628 0.1670
vn 0.8625 0.4796 0.1614
vn 0.7274 0.4443 -0.5230
vn 0.4584 0.2564 0.8510
vn -0.1069 -0.1480 0.9832
vn -0.1253 -0.1157 0.9853
vn 0.4787 0.2241 0.8489
vn -0.6884 -0.5081 0.5176
vn -0.8234 -0.5429 -0.1650
vn -0.8752 -0.4568 -0.1596
vn -0.7403 -0.4214 0.5239
vn -0.4692 -0.2419 -0.8494
vn 0.0961 0.1625 -0.9820
vn 0.1168 0.1295 -0.9847
vn -0.4871 -0.2102 -0.8477
vn 0.8564 0.0343 -0.5152
vn 0.9841 0.0306 0.1752
vn 0.9841 0.0308 0.1752
vn 0.8564 0.0336 -0.5153
vn 0.5151 0.0186 0.8569
vn -0.1753 0.0079 0.9845
vn -0.1752 0.0020 0.9845
vn 0.5151 0.0164 0.8570
vn -0.8569 0.0020 0.5155
vn -0.9846 0.0058 -0.1749
vn -0.9846 -0.0047 -0.1750
vn -0.8569 -0.0075 0.5154
vn -0.5157 0.0178 -0.8566
vn 0.1746 0.0285 -0.9842
vn 0.1747 0.0241 -0.9843
vn -0.5157 0.0097 -0.8567
vn 0.9841 0.0305 0.1752
vn 0.5151 0.0189 0.8569
vn -0.1752 0.0089 0.9845
vn 0.5152 0.0189 0.8569
vn -0.8569 0.0037 0.5155
vn -0.9845 0.0075 -0.1749
vn -0.9846 0.0075 -0.1749
vn -0.5157 0.0191 -0.8566
vn 0.1747 0.0292 -0.9842
vn 0.8564 0.0344 -0.5152
vn -0.8569 0.0038 0.5155
vn -0.9846 0.0076 -0.1749
vn -0.5156 0.0191 -0.8566
vn 0.5152 0.0190 0.8569
vn -0.5156 0.0192 -0.8566
vn -0.5157 0.0192 -0.8566
vn 0.9841 0.0304 0.1752
vn 0.5151 0.0190 0.8569
vn -0.8568 0.0037 0.5156
vn -0.9845 0.0076 -0.1750
vn -0.9846 0.0074 -0.1749
vn -0.8569 0.0036 0.5155
vn 0.9840 0.0305 0.1753
vn 0.8563 0.0343 -0.5153
vn -0.8570 0.0036 0.5154
vn -0.9845 0.0080 -0.1751
vn -0.5157 0.0196 -0.8565
vn 0.1745 0.0294 -0.9842
vn 0.8558 0.0405 -0.5157
vn 0.9827 0.0610 0.1749
vn 0.9839 0.0350 0.1753
vn 0.8562 0.0352 -0.5154
vn 0.5138 0.0559 0.8561
vn -0.1760 0.0293 0.9840
vn -0.1752 0.0118 0.9845
vn 0.5151 0.0244 0.8568
vn -0.8572 -0.0097 0.5148
vn -0.9840 -0.0296 -0.1758
vn -0.9845 0.0029 -0.1756
vn -0.8572 0.0019 0.5150
vn -0.5152 -0.0242 -0.8567
vn 0.1744 0.0017 -0.9847
vn 0.1740 0.0257 -0.9844
vn -0.5159 0.0139 -0.8565
vn 0.8566 0.0288 -0.5153
vn 0.9841 0.0287 0.1752
vn 0.9844 0.0154 0.1751
vn 0.8568 0.0154 -0.5153
vn 0.5153 0.0079 0.8569
vn -0.1748 -0.0173 0.9844
vn -0.1751 -0.0085 0.9845
vn 0.5154 0.0046 0.8569
vn -0.8562 -0.0384 0.5152
vn -0.9838 -0.0385 -0.1752
vn -0.9844 -0.0194 -0.1751
vn -0.8568 -0.0194 0.5153
vn -0.5151 -0.0173 -0.8569
vn 0.1751 0.0079 -0.9845
vn 0.1752 0.0046 -0.9845
vn -0.5154 -0.0085 -0.8569
vn 0.8565 0.0311 -0.5153
vn 0.9840 0.0311 0.1752
vn 0.9840 0.0310 0.1752
vn 0.8565 0.0309 -0.5153
vn 0.5154 0.0085 0.8569
vn -0.1747 -0.0187 0.9844
vn 0.5153 0.0084 0.8569
vn -0.8560 -0.0414 0.5152
vn -0.9836 -0.0414 -0.1753
vn -0.9836 -0.0415 -0.1753
vn -0.8561 -0.0415 0.5152
vn -0.5149 -0.0187 -0.8570
vn 0.1751 0.0084 -0.9845
vn -0.5150 -0.0188 -0.8570
vn 0.8565 0.0310 -0.5153
vn 0.5153 0.0084 0.8570
vn -0.1747 -0.0188 0.9844
vn -0.8560 -0.0413 0.5153
vn -0.9836 -0.0414 -0.1754
vn -0.9836 -0.0413 -0.1753
vn -0.8560 -0.0415 0.5153
vn -0.5150 -0.0187 -0.8570
vn -0.5149 -0.0188 -0.8570
vn 0.8564 0.0310 -0.5153
vn 0.5153 0.0085 0.8569
vn -0.8560 -0.0414 0.5153
vn 0.5153 0.0085 0.8570
vn -0.8561 -0.0414 0.5152
vn -0.9837 -0.0413 -0.1753
vn 0.8564 0.0311 -0.5153
vn -0.8560 -0.0413 0.5152
vn -0.8561 -0.0413 0.5152
vn 0.5154 0.0084 0.8569
vn 0.8564 0.0309 -0.5153
vn 0.8564 0.0322 -0.5153
vn 0.9840 0.0308 0.1752
vn 0.8564 0.0313 -0.5153
vn 0.5152 0.0120 0.8570
vn -0.1750 -0.0093 0.9845
vn -0.1748 -0.0173 0.9845
vn 0.5153 0.0090 0.8570
vn -0.8566 -0.0260 0.5154
vn -0.9842 -0.0247 -0.1752
vn -0.9838 -0.0387 -0.1753
vn -0.8562 -0.0390 0.5152
vn -0.5154 -0.0058 -0.8569
vn 0.1748 0.0155 -0.9845
vn 0.1750 0.0095 -0.9845
vn -0.5150 -0.0168 -0.8570
vn 0.8546 -0.0625 -0.5155
vn 0.9824 -0.0624 0.1760
vn 0.9169 -0.3729 0.1426
vn 0.8054 -0.3728 -0.4608
vn 0.5146 -0.0464 0.8562
vn -0.1767 -0.0273 0.9839
vn -0.1501 -0.3401 0.9283
vn 0.4531 -0.3570 0.8168
vn -0.8566 -0.0113 0.5158
vn -0.9844 -0.0113 -0.1756
vn -0.9356 -0.3245 -0.1391
vn -0.8242 -0.3244 0.4643
vn -0.5166 -0.0272 -0.8558
vn 0.1747 -0.0465 -0.9835
vn 0.1313 -0.3570 -0.9248
vn -0.4719 -0.3403 -0.8134
vn 0.8567 -0.0202 -0.5153
vn 0.9843 -0.0202 0.1752
vn 0.9843 -0.0203 0.1752
vn 0.8567 -0.0203 -0.5154
vn 0.5154 -0.0043 0.8569
vn -0.1749 0.0150 0.9845
vn 0.5154 -0.0042 0.8569
vn -0.8564 0.0309 0.5153
vn -0.9840 0.0309 -0.1753
vn -0.9840 0.0310 -0.1752
vn -0.8564 0.0310 0.5153
vn -0.5151 0.0150 -0.8570
vn 0.1752 -0.0042 -0.9845
vn -0.5151 0.0149 -0.8570
vn 0.8567 -0.0203 -0.5153
vn 0.8568 -0.0202 -0.5153
vn -0.9840 0.0310 -0.1753
vn 0.8567 -0.0204 -0.5154
vn 0.8567 -0.0202 -0.5154
vn -0.8565 0.0309 0.5153
vn -0.9840 0.0309 -0.1752
vn 0.1752 -0.0043 -0.9845
vn 0.1751 -0.0043 -0.9845
vn -0.8565 0.0311 0.5153
vn -0.8565 0.0310 0.5153
vn -0.5152 0.0150 -0.8570
vn 0.8568 -0.0203 -0.5153
vn -0.9840 0.0311 -0.1752
vn 0.9843 -0.0203 0.1751
vn 0.8569 -0.0059 -0.5154
vn 0.9845 -0.0060 0.1751
vn 0.9844 -0.0181 0.1751
vn 0.8568 -0.0181 -0.5154
vn 0.5155 -0.0008 0.8569
vn -0.1752 0.0056 0.9845
vn -0.1750 0.0137 0.9845
vn 0.5154 -0.0037 0.8569
vn -0.8569 0.0110 0.5153
vn -0.9845 0.0110 -0.1751
vn -0.9841 0.0284 -0.1751
vn -0.8566 0.0284 0.5152
vn -0.5154 0.0056 -0.8569
vn 0.1752 -0.0007 -0.9845
vn 0.1752 -0.0037 -0.9845
vn -0.5152 0.0137 -0.8569
vn -0.3193 0.8614 -0.3949
vn -0.3177 0.9133 0.2548
vn 0.3508 0.9169 0.1901
vn 0.3505 0.8725 -0.3405
vn -0.0673 0.4021 0.9131
vn 0.2024 -0.1938 0.9599
vn 0.7440 0.0717 0.6643
vn 0.5268 0.5523 0.6461
vn 0.4591 -0.7982 0.3900
vn 0.4597 -0.8489 -0.2608
vn 0.9070 -0.3551 -0.2263
vn 0.9082 -0.3212 0.2683
vn 0.2027 -0.3429 -0.9173
vn -0.0694 0.2519 -0.9653
vn 0.5261 0.4384 -0.7287
vn 0.7429 -0.0322 -0.6687
vn 0.8542 0.0542 -0.5171
vn 0.9769 0.1289 0.1704
vn 0.9795 0.1034 0.1727
vn 0.8549 0.0491 -0.5164
vn 0.5069 0.1383 0.8508
vn -0.1800 0.0752 0.9808
vn -0.1781 0.0580 0.9823
vn 0.5101 0.1074 0.8534
vn -0.8556 -0.0404 0.5161
vn -0.9783 -0.1159 -0.1715
vn -0.9812 -0.0839 -0.1738
vn -0.8565 -0.0290 0.5154
vn -0.5082 -0.1258 -0.8520
vn 0.1787 -0.0617 -0.9820
vn 0.1766 -0.0381 -0.9835
vn -0.5117 -0.0882 -0.8547
vn 0.8540 0.0551 -0.5174
vn 0.9764 0.1338 0.1695
vn 0.9764 0.1335 0.1697
vn 0.8540 0.0550 -0.5174
vn 0.5061 0.1443 0.8503
vn -0.1809 0.0783 0.9804
vn -0.1807 0.0782 0.9804
vn 0.5061 0.1440 0.8504
vn -0.8554 -0.0422 0.5163
vn -0.9779 -0.1211 -0.1707
vn -0.9778 -0.1210 -0.1709
vn -0.8554 -0.0422 0.5162
vn -0.5075 -0.1316 -0.8515
vn 0.1794 -0.0655 -0.9816
vn 0.1793 -0.0656 -0.9816
vn -0.5075 -0.1317 -0.8515
vn 0.8539 0.0552 -0.5175
vn 0.9764 0.1336 0.1695
vn 0.5060 0.1443 0.8504
vn -0.8554 -0.0423 0.5162
vn -0.9779 -0.1208 -0.1707
vn -0.9779 -0.1210 -0.1707
vn -0.5075 -0.1315 -0.8516
vn -0.5075 -0.1314 -0.8516
vn 0.8539 0.0551 -0.5175
vn 0.9764 0.1337 0.1695
vn -0.9779 -0.1209 -0.1707
vn 0.1795 -0.0655 -0.9816
vn 0.8538 0.0572 -0.5174
vn 0.9763 0.1354 0.1687
vn 0.9764 0.1339 0.1695
vn 0.8539 0.0553 -0.5175
vn 0.5062 0.1444 0.8502
vn -0.1819 0.0789 0.9801
vn -0.1810 0.0784 0.9804
vn 0.5060 0.1443 0.8503
vn -0.8558 -0.0398 0.5157
vn -0.9782 -0.1189 -0.1700
vn -0.9779 -0.1206 -0.1706
vn -0.8555 -0.0419 0.5161
vn -0.5079 -0.1314 -0.8513
vn 0.1800 -0.0648 -0.9815
vn 0.1795 -0.0654 -0.9816
vn -0.5075 -0.1315 -0.8515
vn 0.8359 0.1633 -0.5241
vn 0.9604 0.2288 0.1593
vn 0.9747 0.1500 0.1657
vn 0.8519 0.0746 -0.5183
vn 0.5029 0.1654 0.8484
vn -0.1768 0.0258 0.9839
vn -0.1833 0.0723 0.9804
vn 0.5063 0.1474 0.8497
vn -0.8406 -0.1421 0.5227
vn -0.9646 -0.2095 -0.1600
vn -0.9775 -0.1287 -0.1670
vn -0.8551 -0.0508 0.5159
vn -0.5064 -0.1521 -0.8488
vn 0.1729 -0.0106 -0.9849
vn 0.1805 -0.0565 -0.9819
vn -0.5086 -0.1340 -0.8505
vn 0.5030 0.7108 -0.4917
vn 0.6388 0.7451 0.1918
vn 0.7074 0.6833 0.1807
vn 0.5722 0.6487 -0.5017
vn 0.3909 0.3262 0.8607
vn -0.0429 -0.2196 0.9746
vn -0.0685 -0.1959 0.9782
vn 0.4181 0.3033 0.8562
vn -0.5116 -0.7035 0.4933
vn -0.6475 -0.7378 -0.1906
vn -0.7165 -0.6741 -0.1795
vn -0.5812 -0.6395 0.5032
vn -0.4069 -0.3118 -0.8586
vn 0.0271 0.2341 -0.9718
vn 0.0551 0.2106 -0.9760
vn -0.4317 -0.2884 -0.8546
vn 0.4852 0.7235 -0.4910
vn 0.6218 0.7581 0.1967
vn 0.6237 0.7567 0.1958
vn 0.4874 0.7222 -0.4907
vn 0.3839 0.3286 0.8629
vn -0.0380 -0.2217 0.9744
vn -0.0381 -0.2221 0.9743
vn 0.3847 0.3289 0.8625
vn -0.5031 -0.7092 0.4938
vn -0.6397 -0.7438 -0.1939
vn -0.6380 -0.7453 -0.1936
vn -0.5017 -0.7107 0.4931
vn -0.4023 -0.3138 -0.8600
vn 0.0196 0.2365 -0.9714
vn 0.0205 0.2368 -0.9713
vn -0.4023 -0.3143 -0.8599
vn 0.4848 0.7238 -0.4910
vn 0.6214 0.7584 0.1968
vn 0.6215 0.7583 0.1968
vn 0.3838 0.3285 0.8630
vn -0.0380 -0.2216 0.9744
vn 0.3838 0.3286 0.8630
vn -0.5033 -0.7091 0.4939
vn -0.6400 -0.7435 -0.1939
vn -0.6399 -0.7436 -0.1939
vn -0.5034 -0.7090 0.4940
vn -0.4023 -0.3139 -0.8600
vn 0.0195 0.2365 -0.9714
vn 0.0195 0.2364 -0.9715
vn 0.4849 0.7237 -0.4911
vn 0.6214 0.7583 0.1968
vn 0.6215 0.7583 0.1969
vn -0.5033 -0.7090 0.4939
vn -0.5034 -0.7090 0.4939
vn -0.4023 -0.3138 -0.8601
vn 0.6214 0.7583 0.1969
vn 0.6214 0.7584 0.1969
vn -0.6399 -0.7436 -0.1938
vn -0.5034 -0.7089 0.4939
vn 0.4832 0.7257 -0.4898
vn 0.6183 0.7608 0.1970
vn 0.6211 0.7586 0.1970
vn 0.4846 0.7240 -0.4909
vn 0.3834 0.3301 0.8626
vn -0.0386 -0.2220 0.9743
vn -0.0381 -0.2216 0.9744
vn 0.3837 0.3288 0.8629
vn -0.5067 -0.7072 0.4931
vn -0.6437 -0.7406 -0.1929
vn -0.6405 -0.7431 -0.1938
vn -0.5037 -0.7088 0.4939
vn -0.4044 -0.3139 -0.8590
vn 0.0195 0.2366 -0.9714
vn -0.4026 -0.3138 -0.8599
vn 0.3673 0.8028 -0.4697
vn 0.4809 0.8500 0.2151
vn 0.5957 0.7780 0.1997
vn 0.4652 0.7409 -0.4845
vn 0.3096 0.3814 0.8710
vn -0.0189 -0.2391 0.9708
vn -0.0369 -0.2255 0.9735
vn 0.3730 0.3405 0.8631
vn -0.3905 -0.7901 0.4724
vn -0.5058 -0.8362 -0.2118
vn -0.6299 -0.7521 -0.1940
vn -0.4953 -0.7188 0.4879
vn -0.3305 -0.3701 -0.8682
vn -0.0003 0.2491 -0.9685
vn 0.0169 0.2389 -0.9709
vn -0.3973 -0.3239 -0.8586
vn 0.3029 -0.2311 0.9246
vn 0.1499 -0.0732 0.9860
vn -0.1224 -0.4121 0.9029
vn -0.0690 -0.4671 0.8815
vn -0.6498 -0.6894 0.3202
vn -0.5898 -0.7513 0.2961
vn -0.6547 -0.4684 -0.5933
vn -0.7146 -0.4065 -0.5693
vn -0.2041 0.1221 -0.9713
vn -0.2575 0.1772 -0.9499
vn 0.0154 0.5133 -0.8580
vn 0.1684 0.3554 -0.9194
vn 0.7797 0.5234 -0.3438
vn 0.4409 0.8732 -0.2079
vn 0.5006 0.6124 0.6118
vn 0.8394 0.2627 0.4757
vn -0.0119 -0.8588 0.5122
vn -0.1153 -0.4078 -0.9058
vn 0.6592 0.1357 -0.7397
vn 0.7560 -0.2867 0.5884
vn -0.7160 0.2119 -0.6652
vn -0.6126 -0.2393 0.7533
vn 0.0236 0.4693 0.8827
vn -0.0733 0.8920 -0.4461
vn 0.5725 -0.8199 0.0066
vn 0.4830 -0.8485 0.2162
vn 0.1447 -0.9890 -0.0292
vn 0.1759 -0.9791 -0.1023
vn -0.5995 -0.7392 -0.3070
vn -0.5644 -0.7279 -0.3894
vn -0.8987 0.1487 -0.4126
vn -0.9338 0.1374 -0.3303
vn -0.5186 0.8417 -0.1505
vn -0.5498 0.8317 -0.0774
vn -0.2081 0.9635 0.1682
vn -0.1187 0.9921 -0.0414
vn 0.6800 0.7250 0.1094
vn 0.4816 0.6617 0.5747
vn 0.7896 -0.1459 0.5960
vn 0.9880 -0.0824 0.1308
vn 0.0244 -0.8047 -0.5932
vn -0.5069 0.5883 -0.6301
vn 0.3555 0.8740 -0.3313
vn 0.8527 -0.4298 -0.2968
vn -0.8580 0.4764 0.1920
vn -0.3265 -0.9171 0.2289
vn 0.4254 -0.5667 0.7056
vn -0.0721 0.7379 0.6711
vn 0.5381 -0.6644 -0.5186
vn 0.4917 -0.8018 -0.3398
vn 0.1082 -0.8254 -0.5541
vn 0.1244 -0.7775 -0.6165
vn -0.6689 -0.5292 -0.5221
vn -0.6506 -0.4751 -0.5925
vn -0.9583 0.2666 -0.1029
vn -0.9766 0.2125 -0.0325
vn -0.5135 0.7600 0.3983
vn -0.5298 0.7121 0.4607
vn -0.1432 0.7283 0.6701
vn -0.0967 0.8656 0.4912
vn 0.7079 0.6230 0.3327
vn 0.6045 0.3177 0.7306
vn 0.8879 -0.3653 0.2797
vn 0.9912 -0.0598 -0.1180
vn -0.1165 -0.3914 -0.9128
vn -0.6045 0.7848 -0.1365
vn 0.3058 0.9471 0.0978
vn 0.7624 -0.1535 -0.6286
vn -0.7873 0.2462 0.5652
vn -0.2991 -0.9305 -0.2114
vn 0.5403 -0.8105 0.2264
vn 0.0834 0.2907 0.9532
vn 0.3735 -0.1854 -0.9089
vn 0.3636 -0.4049 -0.8389
vn -0.0588 -0.3389 -0.9390
vn -0.0553 -0.2623 -0.9634
vn -0.7936 -0.1957 -0.5762
vn -0.7896 -0.1091 -0.6038
vn -0.9432 0.1795 0.2796
vn -0.9471 0.0929 0.3072
vn -0.3732 0.3350 0.8652
vn -0.3767 0.2584 0.8896
vn 0.0473 0.1895 0.9807
vn 0.0572 0.4091 0.9107
vn 0.7917 0.3855 0.4740
vn 0.7697 -0.1035 0.6300
vn 0.9111 -0.3692 -0.1834
vn 0.9330 0.1198 -0.3392
vn -0.3405 0.1981 -0.9192
vn -0.5837 0.6551 0.4798
vn 0.3604 0.7431 0.5638
vn 0.5879 0.3156 -0.7448
vn -0.6228 -0.2063 0.7547
vn -0.3795 -0.6635 -0.6448
vn 0.5408 -0.7342 -0.4105
vn 0.3132 -0.3064 0.8989
vn 0.1591 0.3754 -0.9131
vn 0.1566 0.1534 -0.9757
vn -0.2747 0.2247 -0.9349
vn -0.2738 0.3022 -0.9131
vn -0.9068 0.0796 -0.4140
vn -0.9058 0.1671 -0.3893
vn -0.8522 -0.0884 0.5157
vn -0.8532 -0.1760 0.4911
vn -0.1628 -0.2268 0.9602
vn -0.1637 -0.3043 0.9384
vn 0.2671 -0.3730 0.8885
vn 0.2696 -0.1510 0.9511
vn 0.8897 0.1341 0.4364
vn 0.8842 -0.3603 0.2972
vn 0.8348 -0.1250 -0.5361
vn 0.8403 0.3694 -0.3967
vn -0.5252 0.6358 -0.5656
vn -0.4403 0.2311 0.8676
vn 0.5019 0.3441 0.7935
vn 0.4225 0.7226 -0.5471
vn -0.4503 -0.6401 0.6225
vn -0.5353 -0.2352 -0.8113
vn 0.4107 -0.3387 -0.8465
vn 0.4902 -0.7175 0.4949
vn -0.0416 0.8510 -0.5235
vn -0.0687 0.7085 -0.7023
vn -0.4756 0.6978 -0.5356
vn -0.4662 0.7475 -0.4732
vn -0.9741 0.2118 -0.0796
vn -0.9634 0.2679 -0.0092
vn -0.7117 -0.4589 0.5319
vn -0.7223 -0.5150 0.4615
vn 0.0557 -0.7593 0.6484
vn 0.0463 -0.8090 0.5860
vn 0.4507 -0.7909 0.4139
vn 0.4778 -0.6484 0.5927
vn 0.9725 -0.0549 0.2264
vn 0.9123 -0.3718 -0.1713
vn 0.6805 0.2976 -0.6696
vn 0.7407 0.6144 -0.2718
vn -0.6145 0.7875 0.0476
vn -0.2152 -0.3652 0.9057
vn 0.6896 -0.1342 0.7117
vn 0.3160 0.9444 -0.0912
vn -0.3217 -0.9245 0.2044
vn -0.7211 0.2286 -0.6541
vn 0.1865 0.2633 -0.9465
vn 0.5603 -0.8158 -0.1432
vn -0.1217 0.9924 0.0175
vn -0.1893 0.9614 -0.1997
vn -0.5543 0.8322 0.0113
vn -0.5307 0.8431 0.0871
vn -0.9625 0.1408 0.2318
vn -0.9360 0.1529 0.3172
vn -0.6015 -0.7237 0.3384
vn -0.6281 -0.7359 0.2530
vn 0.1640 -0.9777 0.1311
vn 0.1404 -0.9886 0.0553
vn 0.5021 -0.8507 -0.1559
vn 0.5696 -0.8196 0.0613
vn 0.9961 -0.0832 -0.0285
vn 0.8461 -0.1523 -0.5108
vn 0.5380 0.6552 -0.5303
vn 0.6881 0.7240 -0.0480
vn -0.5681 0.5953 0.5682
vn -0.0366 -0.7977 0.6019
vn 0.8178 -0.4258 0.3870
vn 0.3204 0.8780 0.3555
vn -0.3020 -0.9199 -0.2502
vn -0.8337 0.4737 -0.2839
vn -0.0030 0.7300 -0.6835
vn 0.4947 -0.5746 -0.6519
vn -0.0819 0.8192 0.5677
vn -0.1944 0.9017 0.3863
vn -0.5117 0.6495 0.5624
vn -0.4725 0.6207 0.6257
vn -0.8868 -0.0866 0.4540
vn -0.8426 -0.1190 0.5252
vn -0.5412 -0.8408 0.0100
vn -0.5854 -0.8085 -0.0611
vn 0.1547 -0.8814 -0.4463
vn 0.1155 -0.8526 -0.5096
vn 0.4299 -0.5933 -0.6806
vn 0.5423 -0.6758 -0.4991
vn 0.9641 0.0309 -0.2637
vn 0.7148 0.2137 -0.6659
vn 0.4371 0.8789 -0.1912
vn 0.6865 0.6959 0.2109
vn -0.4171 0.1542 0.8957
vn 0.0628 -0.9952 0.0754
vn 0.8669 -0.4935 -0.0708
vn 0.4175 0.5828 0.6972
vn -0.3788 -0.6719 -0.6365
vn -0.8589 0.4780 0.1841
vn -0.1209 0.9779 -0.1708
vn 0.3287 -0.0990 -0.9392
vn 0.0878 0.3290 0.9403
vn -0.0595 0.4888 0.8704
vn -0.3389 0.1505 0.9287
vn -0.2876 0.0948 0.9531
vn -0.7607 -0.4217 0.4935
vn -0.7030 -0.4843 0.5208
vn -0.5611 -0.7418 -0.3672
vn -0.6188 -0.6793 -0.3946
vn 0.0081 -0.4419 -0.8970
vn -0.0433 -0.3862 -0.9214
vn 0.2348 -0.0454 -0.9710
vn 0.3821 -0.2052 -0.9011
vn 0.8771 0.2751 -0.3936
vn 0.5510 0.6289 -0.5485
vn 0.4202 0.8664 0.2700
vn 0.7464 0.5125 0.4247
vn -0.1928 -0.4332 0.8805
vn 0.0335 -0.8439 -0.5355
vn 0.8044 -0.2708 -0.5287
vn 0.5925 0.1139 0.7975
vn -0.5448 -0.2171 -0.8100
vn -0.7712 0.1938 0.6064
vn -0.1127 0.8790 0.4632
vn 0.0994 0.4941 -0.8637
vn 0.4998 -0.6944 0.5176
vn 0.3724 -0.6184 0.6920
vn 0.0739 -0.8708 0.4860
vn 0.1183 -0.8973 0.4252
vn -0.5872 -0.8093 -0.0174
vn -0.5372 -0.8391 -0.0858
vn -0.7957 -0.0984 -0.5977
vn -0.8456 -0.0685 -0.5293
vn -0.4195 0.6439 -0.6399
vn -0.4640 0.6704 -0.5791
vn -0.1629 0.9154 -0.3680
vn -0.0354 0.8394 -0.5423
vn 0.7006 0.7021 -0.1275
vn 0.4181 0.8707 0.2589
vn 0.6563 0.1881 0.7306
vn 0.9387 0.0197 0.3441
vn 0.0705 -0.9918 -0.1062
vn -0.3410 0.1875 -0.9212
vn 0.4733 0.6070 -0.6383
vn 0.8586 -0.4972 0.1247
vn -0.8412 0.4857 -0.2374
vn -0.4296 -0.6940 0.5778
vn 0.2491 -0.1337 0.9592
vn -0.1364 0.9711 0.1957
vn 0.5694 -0.8194 0.0667
vn 0.4753 -0.8356 0.2755
vn 0.1418 -0.9894 0.0312
vn 0.1746 -0.9838 -0.0416
vn -0.5952 -0.7543 -0.2771
vn -0.5582 -0.7479 -0.3591
vn -0.8889 0.1264 -0.4403
vn -0.9258 0.1200 -0.3584
vn -0.5123 0.8327 -0.2104
vn -0.5451 0.8270 -0.1376
vn -0.2083 0.9721 0.1075
vn -0.1143 0.9883 -0.1012
vn 0.6800 0.7285 0.0826
vn 0.4712 0.6927 0.5459
vn 0.7758 -0.1128 0.6208
vn 0.9846 -0.0767 0.1574
vn 0.0345 -0.8378 -0.5449
vn -0.4911 0.5519 -0.6740
vn 0.3657 0.8527 -0.3730
vn 0.8577 -0.4481 -0.2522
vn -0.8604 0.4886 0.1448
vn -0.3347 -0.9016 0.2740
vn 0.4080 -0.5258 0.7464
vn -0.0842 0.7757 0.6255
vn 0.5472 -0.6945 -0.4672
vn 0.4963 -0.8211 -0.2819
vn 0.1175 -0.8563 -0.5030
vn 0.1352 -0.8121 -0.5676
vn -0.6591 -0.5570 -0.5053
vn -0.6391 -0.5071 -0.5783
vn -0.9549 0.2621 -0.1395
vn -0.9749 0.2123 -0.0665
vn -0.5196 0.7829 0.3422
vn -0.5374 0.7387 0.4069
vn -0.1554 0.7662 0.6236
vn -0.1045 0.8928 0.4382
vn 0.7026 0.6396 0.3119
vn 0.5894 0.3581 0.7241
vn 0.8803 -0.3503 0.3200
vn 0.9934 -0.0687 -0.0921
vn -0.0978 -0.4434 -0.8910
vn -0.5988 0.7768 -0.1950
vn 0.3069 0.9504 0.0498
vn 0.7756 -0.1913 -0.6015
vn -0.7988 0.2802 0.5323
vn -0.2977 -0.9405 -0.1640
vn 0.5325 -0.7971 0.2847
vn 0.0635 0.3453 0.9363
vn 0.3928 -0.2384 -0.8882
vn 0.3807 -0.4536 -0.8058
vn -0.0393 -0.3925 -0.9189
vn -0.0350 -0.3175 -0.9476
vn -0.7813 -0.2269 -0.5814
vn -0.7765 -0.1421 -0.6138
vn -0.9485 0.1974 0.2477
vn -0.9533 0.1126 0.2801
vn -0.3910 0.3853 0.8358
vn -0.3953 0.3103 0.8646
vn 0.0263 0.2458 0.9690
vn 0.0386 0.4609 0.8866
vn 0.7824 0.4105 0.4684
vn 0.7553 -0.0685 0.6518
vn 0.9136 -0.3811 -0.1415
vn 0.9407 0.0979 -0.3247
vn -0.3195 0.1453 -0.9364
vn -0.5919 0.6830 0.4280
vn 0.3505 0.7736 0.5278
vn 0.6053 0.2707 -0.7485
vn -0.6401 -0.1609 0.7513
vn -0.3676 -0.6988 -0.6137
vn 0.5472 -0.7578 -0.3553
vn 0.2923 -0.2546 0.9218
vn 0.1805 0.3216 -0.9295
vn 0.1786 0.0963 -0.9792
vn -0.2532 0.1709 -0.9522
vn -0.2526 0.2495 -0.9349
vn -0.8971 0.0575 -0.4380
vn -0.8964 0.1463 -0.4184
vn -0.8636 -0.0566 0.5009
vn -0.8644 -0.1454 0.4814
vn -0.1847 -0.1705 0.9679
vn -0.1854 -0.2491 0.9506
vn 0.2461 -0.3216 0.9143
vn 0.2480 -0.0963 0.9640
vn 0.8803 0.1573 0.4476
vn 0.8762 -0.3445 0.3371
vn 0.8460 -0.1577 -0.5094
vn 0.8501 0.3441 -0.3987
vn -0.5104 0.6032 -0.6129
vn -0.4585 0.2819 0.8428
vn 0.4855 0.3883 0.7833
vn 0.4369 0.6889 -0.5784
vn -0.4661 -0.6021 0.6483
vn -0.5180 -0.2806 -0.8080
vn 0.4280 -0.3880 -0.8162
vn 0.4766 -0.6888 0.5463
vn -0.0271 0.8194 -0.5725
vn -0.0508 0.6669 -0.7435
vn -0.4612 0.6667 -0.5855
vn -0.4530 0.7199 -0.5259
vn -0.9713 0.2090 -0.1133
vn -0.9620 0.2691 -0.0461
vn -0.7247 -0.4259 0.5417
vn -0.7340 -0.4859 0.4744
vn 0.0388 -0.7206 0.6923
vn 0.0306 -0.7739 0.6326
vn 0.4387 -0.7667 0.4688
vn 0.4623 -0.6141 0.6397
vn 0.9670 -0.0438 0.2508
vn 0.9145 -0.3833 -0.1293
vn 0.6960 0.2568 -0.6705
vn 0.7486 0.5961 -0.2903
vn -0.6125 0.7904 -0.0116
vn -0.2363 -0.3117 0.9204
vn 0.6731 -0.0942 0.7335
vn 0.3211 0.9369 -0.1384
vn -0.3292 -0.9105 0.2501
vn -0.7056 0.1919 -0.6821
vn 0.2081 0.2076 -0.9558
vn 0.5604 -0.8240 -0.0834
vn -0.1186 0.9920 -0.0425
vn -0.1816 0.9486 -0.2591
vn -0.5515 0.8327 -0.0491
vn -0.5295 0.8479 0.0264
vn -0.9669 0.1561 0.2018
vn -0.9422 0.1732 0.2869
vn -0.6112 -0.7017 0.3662
vn -0.6359 -0.7187 0.2811
vn 0.1577 -0.9688 0.1910
vn 0.1358 -0.9840 0.1154
vn 0.5024 -0.8594 -0.0953
vn 0.5653 -0.8159 0.1212
vn 0.9962 -0.0871 -0.0014
vn 0.8565 -0.1836 -0.4823
vn 0.5517 0.6223 -0.5553
vn 0.6915 0.7186 -0.0743
vn -0.5783 0.6285 0.5202
vn -0.0525 -0.7614 0.6461
vn 0.8075 -0.4045 0.4292
vn 0.3154 0.8964 0.3114
vn -0.2995 -0.9321 -0.2035
vn -0.8255 0.4583 -0.3294
vn 0.0144 0.6891 -0.7245
vn 0.5068 -0.6125 -0.6066
vn -0.0915 0.8508 0.5175
vn -0.1998 0.9229 0.3291
vn -0.5217 0.6821 0.5124
vn -0.4840 0.6569 0.5781
vn -0.8969 -0.0582 0.4385
vn -0.8544 -0.0865 0.5124
vn -0.5442 -0.8377 0.0465
vn -0.5866 -0.8094 -0.0274
vn 0.1615 -0.9061 -0.3911
vn 0.1238 -0.8809 -0.4568
vn 0.4426 -0.6327 -0.6355
vn 0.5509 -0.7047 -0.4471
vn 0.9698 0.0133 -0.2435
vn 0.7300 0.1732 -0.6612
vn 0.4441 0.8654 -0.2319
vn 0.6840 0.7054 0.1857
vn -0.4361 0.2067 0.8759
vn 0.0578 -0.9893 0.1343
vn 0.8665 -0.4987 -0.0228
vn 0.4040 0.6211 0.6716
vn -0.3670 -0.7067 -0.6050
vn -0.8610 0.4898 0.1369
vn -0.1139 0.9666 -0.2297
vn 0.3488 -0.1539 -0.9245
vn 0.0682 0.3826 0.9214
vn -0.0770 0.5384 0.8391
vn -0.3588 0.2047 0.9107
vn -0.3081 0.1504 0.9394
vn -0.7729 -0.3907 0.5000
vn -0.7160 -0.4518 0.5322
vn -0.5554 -0.7606 -0.3361
vn -0.6123 -0.6996 -0.3684
vn 0.0264 -0.4930 -0.8696
vn -0.0243 -0.4387 -0.8983
vn 0.2559 -0.1020 -0.9613
vn 0.4011 -0.2578 -0.8790
vn 0.8866 0.2499 -0.3893
vn 0.5651 0.5950 -0.5716
vn 0.4171 0.8796 0.2287
vn 0.7386 0.5345 0.4108
vn -0.2136 -0.3811 0.8995
vn 0.0424 -0.8735 -0.4849
vn 0.8150 -0.3027 -0.4941
vn 0.5752 0.1584 0.8025
vn -0.5275 -0.2624 -0.8080
vn -0.7837 0.2303 0.5769
vn -0.1199 0.9046 0.4090
vn 0.1200 0.4432 -0.8884
vn 0.2816 -0.1779 0.9429
vn 0.1279 -0.0164 0.9917
vn -0.1437 -0.3589 0.9223
vn -0.0900 -0.4152 0.9052
vn -0.6591 -0.6683 0.3449
vn -0.5988 -0.7316 0.3258
vn -0.6431 -0.5005 -0.5796
vn -0.7033 -0.4373 -0.5605
vn -0.1822 0.0662 -0.9810
vn -0.2359 0.1225 -0.9640
vn 0.0361 0.4628 -0.8857
vn 0.1899 0.3013 -0.9344
vn 0.7889 0.5009 -0.3560
vn 0.4484 0.8587 -0.2482
vn 0.4892 0.6457 0.5863
vn 0.8297 0.2880 0.4783
vn -0.0262 -0.8277 0.5606
vn -0.0968 -0.4592 -0.8830
vn 0.6758 0.0913 -0.7314
vn 0.7418 -0.2538 0.6207
vn -0.7004 0.1746 -0.6921
vn -0.6298 -0.1940 0.7521
vn 0.0058 0.5195 0.8544
vn -0.0603 0.8648 -0.4984
vn 0.4859 -0.6644 0.5679
vn 0.3550 -0.5782 0.7346
vn 0.0601 -0.8414 0.5370
vn 0.1058 -0.8715 0.4789
vn -0.5895 -0.8076 0.0163
vn -0.5381 -0.8414 -0.0491
vn -0.7827 -0.1312 -0.6085
vn -0.8340 -0.0973 -0.5431
vn -0.4031 0.6067 -0.6852
vn -0.4488 0.6367 -0.6270
vn -0.1515 0.8930 -0.4238
vn -0.0206 0.8068 -0.5905
vn 0.7056 0.6920 -0.1521
vn 0.4155 0.8832 0.2174
vn 0.6408 0.2287 0.7329
vn 0.9309 0.0376 0.3632
vn 0.0693 -0.9965 -0.0471
vn -0.3201 0.1346 -0.9378
vn 0.4894 0.5682 -0.6615
vn 0.8540 -0.4909 0.1725
vn -0.8341 0.4729 -0.2839
vn -0.4446 -0.6586 0.6072
vn 0.2277 -0.0785 0.9706
vn -0.1371 0.9812 0.1361
vn 0.3057 0.2308 -0.9237
vn 0.2379 0.0499 -0.9700
vn -0.1992 0.2771 -0.9400
vn -0.1756 0.3401 -0.9239
vn -0.8415 0.3757 -0.3883
vn -0.8172 0.4404 -0.3718
vn -0.8568 0.2440 0.4543
vn -0.8810 0.1793 0.4378
vn -0.2657 -0.1074 0.9581
vn -0.2893 -0.1703 0.9420
vn 0.1481 -0.3961 0.9062
vn 0.2159 -0.2153 0.9524
vn 0.8919 -0.2135 0.3987
vn 0.7536 -0.5826 0.3044
vn 0.7904 -0.4000 -0.4641
vn 0.9287 -0.0309 -0.3697
vn -0.3500 0.7129 -0.6076
vn -0.4188 0.3715 0.8286
vn 0.6233 0.0961 0.7760
vn 0.6887 0.4210 -0.5903
vn -0.6838 -0.3350 0.6482
vn -0.6150 0.0065 -0.7885
vn 0.3607 -0.4545 -0.8145
vn 0.2953 -0.7795 0.5525
vn 0.0873 0.7651 -0.6380
vn 0.0021 0.6416 -0.7671
vn -0.4045 0.7582 -0.5113
vn -0.3748 0.8012 -0.4664
vn -0.8908 0.4403 0.1127
vn -0.8604 0.4843 0.1587
vn -0.7112 -0.1663 0.6830
vn -0.7416 -0.2105 0.6370
vn -0.0346 -0.6831 0.7295
vn -0.0642 -0.7261 0.6846
vn 0.3413 -0.8382 0.4253
vn 0.4265 -0.7147 0.5543
vn 0.9498 -0.3124 -0.0186
vn 0.7762 -0.5641 -0.2816
vn 0.6374 0.0413 -0.7695
vn 0.8110 0.2930 -0.5064
vn -0.4516 0.8914 0.0384
vn -0.1919 -0.2415 0.9512
vn 0.7948 -0.3192 0.5162
vn 0.5476 0.7588 -0.3526
vn -0.5249 -0.7241 0.4473
vn -0.7847 0.4091 -0.4657
vn 0.1351 0.1610 -0.9777
vn 0.3823 -0.9176 -0.1086
vn -0.0165 0.9807 -0.1947
vn -0.1272 0.9284 -0.3492
vn -0.4763 0.8793 -0.0006
vn -0.4378 0.8975 0.0532
vn -0.8423 0.2676 0.4678
vn -0.8030 0.2862 0.5228
vn -0.5733 -0.5213 0.6321
vn -0.6127 -0.5400 0.5770
vn 0.0873 -0.9490 0.3029
vn 0.0488 -0.9672 0.2492
vn 0.3963 -0.9126 -0.1001
vn 0.5070 -0.8602 0.0544
vn 0.9208 -0.1966 -0.3368
vn 0.6959 -0.3032 -0.6510
vn 0.4822 0.4483 -0.7527
vn 0.7072 0.5547 -0.4385
vn -0.4166 0.7293 0.5427
vn -0.0159 -0.6797 0.7333
vn 0.8707 -0.4699 0.1452
vn 0.4892 0.8714 -0.0363
vn -0.4481 -0.8845 0.1300
vn -0.8489 0.5250 -0.0607
vn -0.0466 0.6181 -0.7847
vn 0.3350 -0.7239 -0.6031
vn -0.0196 0.9132 0.4071
vn -0.1636 0.9465 0.2781
vn -0.4283 0.6751 0.6007
vn -0.3781 0.6634 0.6456
vn -0.7032 -0.1271 0.6995
vn -0.6521 -0.1388 0.7453
vn -0.4378 -0.8382 0.3253
vn -0.4889 -0.8263 0.2796
vn 0.1137 -0.9412 -0.3181
vn 0.0636 -0.9296 -0.3630
vn 0.3268 -0.6535 -0.6828
vn 0.4708 -0.6868 -0.5538
vn 0.8113 0.1191 -0.5724
vn 0.5194 0.1866 -0.8339
vn 0.3199 0.8375 -0.4430
vn 0.6118 0.7699 -0.1816
vn -0.2558 0.2511 0.9335
vn 0.1193 -0.9728 0.1985
vn 0.8607 -0.3819 -0.3367
vn 0.5034 0.7839 0.3635
vn -0.4430 -0.8430 -0.3050
vn -0.8183 0.3812 0.4302
vn -0.1941 0.9456 -0.2612
vn 0.1634 -0.2206 -0.9616
vn -0.0224 0.5882 0.8084
vn -0.1861 0.6296 0.7543
vn -0.3096 0.1372 0.9409
vn -0.2527 0.1229 0.9597
vn -0.4070 -0.6622 0.6292
vn -0.3529 -0.6759 0.6471
vn -0.1968 -0.9788 -0.0567
vn -0.2510 -0.9651 -0.0746
vn 0.1312 -0.6224 -0.7716
vn 0.0743 -0.6080 -0.7904
vn 0.1970 -0.1143 -0.9737
vn 0.3607 -0.1557 -0.9196
vn 0.5288 0.6357 -0.5624
vn 0.2183 0.7142 -0.6650
vn 0.0725 0.9973 -0.0073
vn 0.3829 0.9188 0.0953
vn -0.0250 -0.3318 0.9430
vn 0.2644 -0.8937 -0.3624
vn 0.7232 0.1424 -0.6758
vn 0.4449 0.6828 0.5796
vn -0.3667 -0.7345 -0.5711
vn -0.6562 -0.1724 0.7347
vn -0.3455 0.8827 0.3185
vn -0.0670 0.3422 -0.9372
vn 0.3091 -0.0130 0.9509
vn 0.1371 0.0730 0.9879
vn -0.0368 -0.3910 0.9197
vn 0.0231 -0.4209 0.9068
vn -0.4038 -0.8614 0.3082
vn -0.3430 -0.8918 0.2952
vn -0.4381 -0.7307 -0.5236
vn -0.4990 -0.7003 -0.5106
vn -0.1962 -0.0498 -0.9793
vn -0.2561 -0.0198 -0.9665
vn -0.0815 0.4431 -0.8928
vn 0.0905 0.3571 -0.9297
vn 0.5468 0.7771 -0.3116
vn 0.1994 0.9508 -0.2371
vn 0.2881 0.8008 0.5251
vn 0.6354 0.6272 0.4505
vn 0.1605 -0.7984 0.5803
vn -0.0065 -0.5156 -0.8568
vn 0.5834 0.3927 -0.7109
vn 0.7426 0.1232 0.6583
vn -0.6775 -0.1805 -0.7130
vn -0.5104 -0.4634 0.7244
vn -0.0897 0.5394 0.8372
vn -0.2490 0.8090 -0.5325
vn 0.5264 -0.5427 0.6545
vn 0.3718 -0.5143 0.7728
vn 0.1651 -0.8619 0.4795
vn 0.2189 -0.8717 0.4384
vn -0.3594 -0.9131 -0.1926
vn -0.3048 -0.9231 -0.2345
vn -0.5851 -0.3177 -0.7462
vn -0.6398 -0.3076 -0.7043
vn -0.4262 0.5215 -0.7392
vn -0.4800 0.5314 -0.6980
vn -0.2713 0.8749 -0.4013
vn -0.1168 0.8464 -0.5195
vn 0.4939 0.8628 0.1075
vn 0.1816 0.9203 0.3464
vn 0.4425 0.3568 0.8227
vn 0.7548 0.2994 0.5837
vn 0.2573 -0.9638 -0.0703
vn -0.2340 0.0975 -0.9673
vn 0.4161 0.7964 -0.4388
vn 0.8840 -0.2144 0.4155
vn -0.8367 0.2083 -0.5065
vn -0.3452 -0.8533 0.3907
vn 0.1368 -0.0771 0.9876
vn -0.3313 0.9341 0.1329
vn 0.6277 -0.7508 0.2056
vn 0.4986 -0.7936 0.3488
vn 0.2327 -0.9720 -0.0329
vn 0.2776 -0.9571 -0.0828
vn -0.4107 -0.7339 -0.5411
vn -0.3649 -0.7187 -0.5919
vn -0.7234 0.0379 -0.6894
vn -0.7692 0.0227 -0.6386
vn -0.5455 0.7800 -0.3066
vn -0.5905 0.7651 -0.2568
vn -0.3222 0.9383 0.1256
vn -0.1930 0.9810 -0.0176
vn 0.5260 0.7401 0.4191
vn 0.2644 0.6536 0.7091
vn 0.5981 -0.0504 0.7998
vn 0.8595 0.0362 0.5098
vn 0.2182 -0.7915 -0.5709
vn -0.4089 0.5319 -0.7415
vn 0.3445 0.9363 -0.0688
vn 0.9416 -0.3236 0.0935
vn -0.9126 0.3654 -0.1833
vn -0.2853 -0.9583 -0.0127
vn 0.3175 -0.5304 0.7860
vn -0.2798 0.7300 0.6236
vn 0.6261 -0.6713 -0.3967
vn 0.5306 -0.8001 -0.2799
vn 0.1802 -0.7568 -0.6283
vn 0.2135 -0.7120 -0.6690
vn -0.5508 -0.3380 -0.7631
vn -0.5167 -0.2922 -0.8047
vn -0.8581 0.3514 -0.3743
vn -0.8921 0.3055 -0.3327
vn -0.5675 0.7605 0.3156
vn -0.6007 0.7157 0.3562
vn -0.2480 0.6679 0.7017
vn -0.1525 0.7967 0.5849
vn 0.6362 0.4237 0.6448
vn 0.4421 0.1621 0.8822
vn 0.7597 -0.4368 0.4818
vn 0.9537 -0.1750 0.2444
vn 0.0540 -0.3058 -0.9506
vn -0.5413 0.8167 -0.2001
vn 0.3572 0.8417 0.4049
vn 0.9236 -0.2264 -0.3092
vn -0.9142 0.3145 0.2556
vn -0.3187 -0.8083 -0.4951
vn 0.4620 -0.8492 0.2556
vn -0.1047 0.2193 0.9700
vn 0.5036 -0.3000 -0.8102
vn 0.4306 -0.4792 -0.7648
vn 0.0176 -0.2879 -0.9575
vn 0.0430 -0.2255 -0.9733
vn -0.7106 0.0730 -0.6998
vn -0.6846 0.1370 -0.7159
vn -0.9053 0.4215 0.0528
vn -0.9314 0.3575 0.0690
vn -0.4604 0.4235 0.7801
vn -0.4858 0.3611 0.7960
vn -0.0713 0.1679 0.9832
vn 0.0017 0.3471 0.9378
vn 0.7721 0.0702 0.6316
vn 0.6233 -0.2950 0.7242
vn 0.8286 -0.5597 0.0090
vn 0.9774 -0.1944 -0.0834
vn -0.1576 0.2532 -0.9545
vn -0.5416 0.7483 0.3830
vn 0.4624 0.5259 0.7139
vn 0.8277 0.0549 -0.5585
vn -0.8268 0.0488 0.5603
vn -0.4427 -0.4464 -0.7776
vn 0.4747 -0.8121 -0.3393
vn 0.1093 -0.3409 0.9337
vn -0.1378 0.9904 0.0118
vn -0.2709 0.9572 -0.1021
vn -0.5258 0.7806 0.3381
vn -0.4795 0.7921 0.3777
vn -0.6767 0.0295 0.7357
vn -0.6325 0.0405 0.7735
vn -0.3452 -0.6792 0.6477
vn -0.3893 -0.6903 0.6099
vn 0.2248 -0.9719 0.0694
vn 0.1785 -0.9835 0.0298
vn 0.4320 -0.8034 -0.4098
vn 0.5651 -0.7702 -0.2958
vn 0.7694 0.0187 -0.6385
vn 0.5162 -0.0446 -0.8553
vn 0.2476 0.6279 -0.7378
vn 0.5009 0.6911 -0.5210
vn -0.3397 0.5193 0.7842
vn 0.1918 -0.8118 0.5516
vn 0.8951 -0.3572 -0.2671
vn 0.3843 0.9222 -0.0435
vn -0.3217 -0.9402 0.1122
vn -0.8533 0.3912 0.3448
vn -0.2585 0.7620 -0.5938
vn 0.2525 -0.5178 -0.8174
vn 0.0358 0.6351 -0.7716
vn -0.0658 0.5134 -0.8556
vn -0.4539 0.7073 -0.5420
vn -0.4185 0.7496 -0.5128
vn -0.8347 0.5106 0.2065
vn -0.8008 0.5512 0.2344
vn -0.6176 0.0173 0.7863
vn -0.6515 -0.0233 0.7583
vn 0.0283 -0.5525 0.8331
vn -0.0071 -0.5948 0.8038
vn 0.3801 -0.7860 0.4875
vn 0.4817 -0.6644 0.5715
vn 0.9052 -0.3955 -0.1557
vn 0.7109 -0.6282 -0.3162
vn 0.5397 -0.1294 -0.8318
vn 0.7341 0.1033 -0.6712
vn -0.4407 0.8973 -0.0258
vn -0.1033 -0.0863 0.9909
vn 0.8579 -0.3417 0.3838
vn 0.5337 0.6030 -0.5929
vn -0.4959 -0.5563 0.6667
vn -0.8335 0.4274 -0.3502
vn 0.0426 0.0152 -0.9990
vn 0.3669 -0.9300 -0.0220
vn 0.4189 -0.3585 -0.8343
vn 0.3210 -0.5055 -0.8009
vn -0.0838 -0.2037 -0.9755
vn -0.0497 -0.1526 -0.9870
vn -0.7085 0.2895 -0.6436
vn -0.6757 0.3386 -0.6548
vn -0.8025 0.5907 0.0840
vn -0.8352 0.5416 0.0952
vn -0.3582 0.4613 0.8117
vn -0.3923 0.4102 0.8233
vn 0.0130 0.1071 0.9942
vn 0.1110 0.2540 0.9608
vn 0.7862 -0.1792 0.5914
vn 0.5986 -0.4606 0.6553
vn 0.7170 -0.6962 -0.0349
vn 0.9046 -0.4147 -0.0987
vn -0.1808 0.3357 -0.9244
vn -0.4139 0.7997 0.4350
vn 0.5925 0.3058 0.7453
vn 0.8164 -0.1398 -0.5603
vn -0.7926 0.2320 0.5639
vn -0.5593 -0.2320 -0.7958
vn 0.3431 -0.8502 -0.3993
vn 0.1191 -0.4045 0.9068
vn 0.5569 -0.8295 0.0424
vn 0.4248 -0.8937 0.1442
vn 0.1625 -0.9324 -0.3228
vn 0.2084 -0.9101 -0.3583
vn -0.4096 -0.4749 -0.7789
vn -0.3657 -0.4536 -0.8128
vn -0.6438 0.2759 -0.7137
vn -0.6878 0.2545 -0.6798
vn -0.4721 0.8739 -0.1159
vn -0.5180 0.8516 -0.0806
vn -0.2542 0.8867 0.3861
vn -0.1222 0.9509 0.2843
vn 0.5202 0.5010 0.6917
vn 0.2683 0.3786 0.8858
vn 0.5282 -0.3029 0.7932
vn 0.7801 -0.1804 0.5991
vn 0.1714 -0.6137 -0.7707
vn -0.3423 0.7331 -0.5877
vn 0.3998 0.8642 0.3056
vn 0.8934 -0.4301 0.1298
vn -0.8523 0.4854 -0.1949
vn -0.3385 -0.8618 -0.3779
vn 0.2555 -0.7404 0.6217
vn -0.2383 0.5542 0.7975
vn 0.2565 -0.1593 0.9533
vn 0.0881 -0.1171 0.9892
vn -0.0165 -0.6097 0.7924
vn 0.0421 -0.6244 0.7800
vn -0.2630 -0.9638 0.0444
vn -0.2073 -0.9777 0.0325
vn -0.2834 -0.6727 -0.6835
vn -0.3391 -0.6587 -0.6716
vn -0.1449 0.1260 -0.9814
vn -0.2035 0.1406 -0.9689
vn -0.0986 0.6319 -0.7688
vn 0.0699 0.5896 -0.8047
vn 0.3962 0.9168 -0.0506
vn 0.0768 0.9969 0.0174
vn 0.1479 0.7118 0.6867
vn 0.4673 0.6317 0.6186
vn 0.2180 -0.8958 0.3873
vn 0.0769 -0.3300 -0.9408
vn 0.5097 0.6811 -0.5256
vn 0.6453 0.1370 0.7515
vn -0.5724 -0.1673 -0.8027
vn -0.4313 -0.7333 0.5257
vn -0.1678 0.3409 0.9250
vn -0.3034 0.8852 -0.3526
vn -0.1983 0.5966 0.7776
vn -0.3524 0.5877 0.7283
vn -0.3326 0.0180 0.9429
vn -0.2791 0.0211 0.9600
vn -0.1762 -0.7723 0.6103
vn -0.1303 -0.7696 0.6251
vn 0.0830 -0.9965 0.0002
vn 0.0371 -0.9992 -0.0146
vn 0.3022 -0.5972 -0.7430
vn 0.2486 -0.6004 -0.7601
vn 0.2283 -0.0301 -0.9731
vn 0.3824 -0.0212 -0.9238
vn 0.2786 0.7838 -0.5550
vn 0.0145 0.7685 -0.6397
vn -0.1854 0.9812 -0.0541
vn 0.0788 0.9964 0.0305
vn 0.0429 -0.3739 0.9265
vn 0.4673 -0.8254 -0.3169
vn 0.6003 0.3997 -0.6927
vn 0.1888 0.8374 0.5129
vn -0.1073 -0.8588 -0.5010
vn -0.5318 -0.4072 0.7426
vn -0.5369 0.7956 0.2806
vn -0.1252 0.3578 -0.9254
vn -0.0791 0.4942 -0.8658
vn -0.1978 0.3872 -0.9005
vn -0.5215 0.6961 -0.4934
vn -0.4802 0.7332 -0.4814
vn -0.6976 0.6214 0.3567
vn -0.6619 0.6535 0.3671
vn -0.4273 0.2280 0.8749
vn -0.4629 0.1959 0.8645
vn 0.1554 -0.4196 0.8943
vn 0.1142 -0.4567 0.8823
vn 0.4372 -0.7644 0.4738
vn 0.5560 -0.6574 0.5085
vn 0.7735 -0.5307 -0.3464
vn 0.5687 -0.7152 -0.4063
vn 0.3488 -0.3165 -0.8821
vn 0.5537 -0.1320 -0.8222
vn -0.4005 0.9162 -0.0110
vn 0.0644 0.0730 0.9952
vn 0.8836 -0.4417 0.1554
vn 0.4331 0.3752 -0.8195
vn -0.3794 -0.3265 0.8657
vn -0.8445 0.5168 -0.1407
vn -0.1270 -0.1289 -0.9835
vn 0.3237 -0.9461 -0.0083
vn 0.3680 -0.8376 0.4037
vn 0.2161 -0.8648 0.4531
vn 0.1046 -0.9861 -0.1294
vn 0.1574 -0.9766 -0.1466
vn -0.1946 -0.5426 -0.8172
vn -0.1490 -0.5344 -0.8320
vn -0.3058 0.1415 -0.9415
vn -0.3513 0.1333 -0.9267
vn -0.2676 0.8554 -0.4435
vn -0.3203 0.8459 -0.4263
vn -0.2084 0.9654 0.1565
vn -0.0566 0.9926 0.1071
vn 0.3072 0.5402 0.7835
vn 0.0454 0.4933 0.8687
vn 0.1923 -0.1400 0.9713
vn 0.4541 -0.0931 0.8861
vn 0.2658 -0.7588 -0.5946
vn -0.0452 0.5820 -0.8119
vn 0.3764 0.8493 0.3702
vn 0.6779 -0.4506 0.5809
vn -0.6129 0.4803 -0.6274
vn -0.3018 -0.8607 -0.4100
vn -0.0388 -0.5792 0.8143
vn -0.3403 0.7210 0.6036
vn 0.5562 -0.8034 0.2127
vn 0.4510 -0.7896 0.4161
vn 0.1292 -0.9755 0.1780
vn 0.1659 -0.9803 0.1071
vn -0.5877 -0.7839 -0.2002
vn -0.5464 -0.7893 -0.2800
vn -0.8627 0.0653 -0.5015
vn -0.9040 0.0708 -0.4217
vn -0.4914 0.7960 -0.3534
vn -0.5281 0.8008 -0.2825
vn -0.2032 0.9782 -0.0422
vn -0.0980 0.9644 -0.2455
vn 0.6825 0.7307 0.0163
vn 0.4491 0.7614 0.4675
vn 0.7405 -0.0260 0.6716
vn 0.9738 -0.0564 0.2204
vn 0.0542 -0.9067 -0.4184
vn -0.4488 0.4524 -0.7707
vn 0.3944 0.7905 -0.4686
vn 0.8652 -0.4818 -0.1388
vn -0.8618 0.5066 0.0269
vn -0.3586 -0.8529 0.3793
vn 0.3623 -0.4162 0.8340
vn -0.1088 0.8568 0.5040
vn 0.5640 -0.7552 -0.3339
vn 0.5020 -0.8542 -0.1357
vn 0.1349 -0.9192 -0.3700
vn 0.1566 -0.8846 -0.4392
vn -0.6372 -0.6206 -0.4569
vn -0.6129 -0.5816 -0.5349
vn -0.9432 0.2424 -0.2270
vn -0.9677 0.2035 -0.1491
vn -0.5289 0.8249 0.1995
vn -0.5505 0.7904 0.2686
vn -0.1802 0.8472 0.4998
vn -0.1181 0.9461 0.3016
vn 0.6919 0.6749 0.2566
vn 0.5539 0.4552 0.6972
vn 0.8582 -0.3040 0.4136
vn 0.9961 -0.0839 -0.0268
vn -0.0551 -0.5648 -0.8234
vn -0.5795 0.7431 -0.3348
vn 0.3142 0.9469 -0.0677
vn 0.8049 -0.2769 -0.5249
vn -0.8233 0.3552 0.4427
vn -0.2988 -0.9532 -0.0461
vn 0.5083 -0.7503 0.4227
vn 0.0173 0.4743 0.8802
vn 0.4373 -0.3629 -0.8228
vn 0.4185 -0.5641 -0.7118
vn 0.0057 -0.5184 -0.8551
vn 0.0123 -0.4482 -0.8938
vn -0.7516 -0.3044 -0.5852
vn -0.7441 -0.2251 -0.6290
vn -0.9583 0.2332 0.1652
vn -0.9657 0.1539 0.2089
vn -0.4312 0.5008 0.7505
vn -0.4378 0.4306 0.7893
vn -0.0229 0.3804 0.9246
vn -0.0040 0.5815 0.8135
vn 0.7606 0.4701 0.4477
vn 0.7186 0.0221 0.6951
vn 0.9158 -0.3999 -0.0362
vn 0.9578 0.0481 -0.2833
vn -0.2675 0.0123 -0.9635
vn -0.6067 0.7383 0.2945
vn 0.3302 0.8393 0.4319
vn 0.6476 0.1601 -0.7450
vn -0.6812 -0.0510 0.7303
vn -0.3418 -0.7773 -0.5282
vn 0.5575 -0.8020 -0.2145
vn 0.2399 -0.1224 0.9630
vn 0.2334 0.1864 -0.9543
vn 0.2318 -0.0437 -0.9718
vn -0.2000 0.0352 -0.9792
vn -0.1994 0.1155 -0.9731
vn -0.8717 -0.0023 -0.4900
vn -0.8711 0.0884 -0.4832
vn -0.8897 0.0175 0.4561
vn -0.8904 -0.0732 0.4493
vn -0.2381 -0.0314 0.9707
vn -0.2387 -0.1116 0.9647
vn 0.1933 -0.1898 0.9626
vn 0.1949 0.0402 0.9800
vn 0.8566 0.2164 0.4684
vn 0.8531 -0.2961 0.4297
vn 0.8703 -0.2308 -0.4352
vn 0.8739 0.2817 -0.3963
vn -0.4703 0.5121 -0.7188
vn -0.4999 0.3997 0.7684
vn 0.4469 0.4938 0.7460
vn 0.4746 0.5989 -0.6451
vn -0.5066 -0.5029 0.7003
vn -0.4769 -0.3906 -0.7874
vn 0.4669 -0.5009 -0.7287
vn 0.4392 -0.6061 0.6631
vn 0.0122 0.7303 -0.6830
vn -0.0039 0.5551 -0.8318
vn -0.4219 0.5786 -0.6980
vn -0.4163 0.6397 -0.6461
vn -0.9615 0.1940 -0.1947
vn -0.9551 0.2630 -0.1361
vn -0.7571 -0.3429 0.5561
vn -0.7634 -0.4120 0.4975
vn -0.0059 -0.6156 0.7881
vn -0.0115 -0.6767 0.7362
vn 0.4046 -0.6941 0.5955
vn 0.4206 -0.5188 0.7442
vn 0.9516 -0.0108 0.3072
vn 0.9159 -0.4008 -0.0238
vn 0.7334 0.1572 -0.6613
vn 0.7692 0.5471 -0.3302
vn -0.6022 0.7829 -0.1562
vn -0.2883 -0.1774 0.9410
vn 0.6316 0.0086 0.7753
vn 0.3378 0.9071 -0.2512
vn -0.3516 -0.8652 0.3575
vn -0.6657 0.0955 -0.7401
vn 0.2610 0.0695 -0.9628
vn 0.5549 -0.8295 0.0642
vn -0.1057 0.9764 -0.1883
vn -0.1574 0.9029 -0.3999
vn -0.5390 0.8192 -0.1962
vn -0.5209 0.8448 -0.1224
vn -0.9745 0.1864 0.1246
vn -0.9542 0.2152 0.2078
vn -0.6373 -0.6411 0.4277
vn -0.6576 -0.6700 0.3445
vn 0.1370 -0.9325 0.3340
vn 0.1189 -0.9582 0.2602
vn 0.4973 -0.8659 0.0543
vn 0.5491 -0.7923 0.2659
vn 0.9938 -0.0896 0.0657
vn 0.8789 -0.2530 -0.4043
vn 0.5870 0.5359 -0.6069
vn 0.7019 0.6990 -0.1368
vn -0.5981 0.6977 0.3943
vn -0.0948 -0.6620 0.7435
vn 0.7787 -0.3421 0.5259
vn 0.3077 0.9304 0.1991
vn -0.2980 -0.9507 -0.0864
vn -0.8015 0.4096 -0.4357
vn 0.0602 0.5794 -0.8128
vn 0.5315 -0.6938 -0.4859
vn -0.1100 0.9156 0.3867
vn -0.2073 0.9608 0.1842
vn -0.5410 0.7494 0.3818
vn -0.5071 0.7336 0.4525
vn -0.9196 0.0075 0.3927
vn -0.8815 -0.0102 0.4722
vn -0.5546 -0.8212 0.1344
vn -0.5928 -0.8035 0.0550
vn 0.1726 -0.9527 -0.2500
vn 0.1387 -0.9370 -0.3206
vn 0.4691 -0.7176 -0.5148
vn 0.5664 -0.7627 -0.3124
vn 0.9816 -0.0245 -0.1894
vn 0.7659 0.0756 -0.6385
vn 0.4648 0.8227 -0.3273
vn 0.6805 0.7225 0.1217
vn -0.4797 0.3299 0.8131
vn 0.0403 -0.9604 0.2756
vn 0.8609 -0.4997 0.0955
vn 0.3740 0.7083 0.5987
vn -0.3415 -0.7838 -0.5188
vn -0.8617 0.5070 0.0189
vn -0.0915 0.9246 -0.3699
vn 0.3957 -0.2841 -0.8733
vn 0.0228 0.5088 0.8606
vn -0.1162 0.6519 0.7493
vn -0.4048 0.3326 0.8518
vn -0.3563 0.2827 0.8906
vn -0.8027 -0.3136 0.5073
vn -0.7482 -0.3697 0.5509
vn -0.5446 -0.7989 -0.2553
vn -0.5991 -0.7428 -0.2989
vn 0.0677 -0.6111 -0.7886
vn 0.0192 -0.5612 -0.8275
vn 0.3059 -0.2377 -0.9219
vn 0.4448 -0.3808 -0.8106
vn 0.9088 0.1895 -0.3717
vn 0.6011 0.5064 -0.6182
vn 0.4135 0.9019 0.1248
vn 0.7212 0.5849 0.3712
vn -0.2653 -0.2494 0.9313
vn 0.0592 -0.9335 -0.3537
vn 0.8370 -0.3723 -0.4011
vn 0.5330 0.2684 0.8024
vn -0.4863 -0.3722 -0.7906
vn -0.8109 0.3120 0.4950
vn -0.1322 0.9537 0.2701
vn 0.1719 0.3127 -0.9341
vn 0.2288 -0.0436 0.9725
vn 0.0744 0.1237 0.9895
vn -0.1967 -0.2244 0.9544
vn -0.1429 -0.2828 0.9485
vn -0.6837 -0.6109 0.3992
vn -0.6233 -0.6763 0.3926
vn -0.6165 -0.5755 -0.5374
vn -0.6769 -0.5100 -0.5307
vn -0.1287 -0.0727 -0.9890
vn -0.1826 -0.0143 -0.9831
vn 0.0885 0.3328 -0.9388
vn 0.2429 0.1655 -0.9558
vn 0.8121 0.4432 -0.3795
vn 0.4703 0.8136 -0.3419
vn 0.4641 0.7206 0.5151
vn 0.8059 0.3503 0.4774
vn -0.0652 -0.7400 0.6694
vn -0.0543 -0.5792 -0.8134
vn 0.7149 -0.0150 -0.6991
vn 0.7047 -0.1656 0.6899
vn -0.6604 0.0770 -0.7469
vn -0.6713 -0.0839 0.7364
vn -0.0343 0.6351 0.7717
vn -0.0241 0.7858 -0.6180
vn 0.4476 -0.5788 0.6817
vn 0.3090 -0.4695 0.8271
vn 0.0221 -0.7573 0.6527
vn 0.0705 -0.7954 0.6020
vn -0.5982 -0.7954 0.0977
vn -0.5438 -0.8382 0.0407
vn -0.7504 -0.2136 -0.6255
vn -0.8047 -0.1708 -0.5686
vn -0.3594 0.5048 -0.7848
vn -0.4078 0.5429 -0.7341
vn -0.1189 0.8245 -0.5532
vn 0.0198 0.7153 -0.6986
vn 0.7201 0.6615 -0.2091
vn 0.4130 0.9037 0.1130
vn 0.6033 0.3281 0.7269
vn 0.9104 0.0860 0.4046
vn 0.0606 -0.9933 0.0979
vn -0.2684 0.0016 -0.9633
vn 0.5302 0.4678 -0.7072
vn 0.8382 -0.4639 0.2867
vn -0.8126 0.4303 -0.3931
vn -0.4835 -0.5651 0.6685
vn 0.1749 0.0588 0.9828
vn -0.1333 0.9910 -0.0115
vn -0.4328 0.5028 0.7483
vn -0.4751 0.4881 0.7321
vn -0.3136 -0.0925 0.9450
vn -0.2652 -0.0799 0.9609
vn 0.1425 -0.7576 0.6370
vn 0.0539 -0.7789 0.6248
vn 0.3162 -0.9485 -0.0170
vn 0.4331 -0.9009 0.0287
vn 0.5336 -0.5042 -0.6790
vn 0.3837 -0.5715 -0.7254
vn 0.2162 0.0532 -0.9749
vn 0.3637 0.1181 -0.9240
vn -0.0775 0.8261 -0.5582
vn -0.1870 0.7878 -0.5868
vn -0.3808 0.9171 -0.1178
vn -0.3118 0.9474 -0.0726
vn 0.1806 -0.3638 0.9138
vn 0.7119 -0.6487 -0.2688
vn 0.3879 0.6047 -0.6956
vn -0.1287 0.8816 0.4541
vn 0.1698 -0.8792 -0.4451
vn -0.3567 -0.5607 0.7472
vn -0.7358 0.6375 0.2283
vn -0.2391 0.3432 -0.9083
usemtl Material.024
f 1/1/1 2/2/1 3/3/1 4/4/1
f 5/5/2 6/6/2 7/7/2 8/8/2
f 9/9/3 10/10/3 11/11/3 12/12/3
f 13/13/4 14/14/4 15/15/4 16/16/4
f 17/17/5 18/18/5 19/19/5 20/20/5
f 21/21/6 22/22/6 23/23/6 24/24/6
f 25/25/7 26/26/7 27/27/7 28/28/7
f 29/29/8 30/30/8 31/31/8 32/32/8
f 33/33/9 34/34/9 35/35/9 36/36/9
f 37/37/10 38/38/10 34/34/10 33/33/10
f 39/39/11 40/40/11 41/41/11 42/42/11
f 43/43/12 44/44/12 26/26/12 25/25/12
f 45/45/13 46/46/13 22/22/13 21/21/13
f 47/47/14 48/48/14 10/10/14 9/9/14
f 49/49/15 50/50/15 6/6/15 5/5/15
f 51/51/16 52/52/16 5/5/16 53/53/16
f 54/54/17 55/55/17 2/2/17 1/1/17
f 56/56/18 57/57/18 17/17/18 14/14/18
f 58/58/19 59/59/19 29/29/19 60/60/19
f 46/46/20 61/61/20 25/25/20 22/22/20
f 41/41/21 33/33/21 62/62/21 63/63/21
f 30/30/22 42/42/22 64/64/22 65/65/22
f 48/48/23 66/66/23 13/13/23 10/10/23
f 2/2/24 55/55/24 67/67/24 68/68/24
f 3/3/25 2/2/25 68/68/25 69/69/25
f 70/70/26 71/71/26 72/72/26 73/73/26
f 74/74/27 75/75/27 76/76/27 77/77/27
f 78/78/28 79/79/28 80/80/28 81/81/28
f 82/82/29 83/83/29 84/84/29 85/85/29
f 86/86/30 87/87/30 88/88/30 89/89/30
f 90/90/31 91/91/31 92/92/31 93/93/31
f 94/94/32 95/95/32 96/96/32 97/97/32
f 98/98/33 99/99/33 100/100/33 101/101/33
f 102/102/34 103/103/34 104/104/34 105/105/34
f 106/106/35 107/107/35 103/103/35 102/102/35
f 108/108/36 109/109/36 110/110/36 111/111/36
f 112/112/37 113/113/37 95/95/37 94/94/37
f 114/114/38 115/115/38 91/91/38 90/90/38
f 116/116/39 117/117/39 79/79/39 78/78/39
f 118/118/40 119/119/40 75/75/40 74/74/40
f 120/120/41 121/121/41 74/74/41 122/122/41
f 123/123/42 124/124/42 71/71/42 70/70/42
f 125/125/43 126/126/43 86/86/43 83/83/43
f 127/127/44 128/128/44 98/98/44 129/129/44
f 115/115/45 130/130/45 94/94/45 91/91/45
f 110/110/46 102/102/46 131/131/46 132/132/46
f 99/99/47 111/111/47 133/133/47 134/134/47
f 117/117/48 135/135/48 82/82/48 79/79/48
f 71/71/49 124/124/49 136/136/49 137/137/49
f 72/72/50 71/71/50 137/137/50 138/138/50
f 139/139/26 140/140/26 141/141/26 142/142/26
f 143/143/27 144/144/27 145/145/27 146/146/27
f 147/147/28 148/148/28 149/149/28 150/150/28
f 151/151/51 152/152/51 153/153/51 154/154/51
f 155/155/52 156/156/52 157/157/52 158/158/52
f 159/159/31 160/160/31 161/161/31 162/162/31
f 163/163/53 164/164/53 165/165/53 166/166/53
f 167/167/33 168/168/33 169/169/33 170/170/33
f 171/171/54 172/172/54 173/173/54 174/174/54
f 175/175/55 176/176/55 172/172/55 171/171/55
f 177/177/56 178/178/56 179/179/56 180/180/56
f 181/181/37 182/182/37 164/164/37 163/163/37
f 183/183/57 184/184/57 160/160/57 159/159/57
f 185/185/58 186/186/58 148/148/58 147/147/58
f 187/187/40 188/188/40 144/144/40 143/143/40
f 189/189/41 190/190/41 143/143/41 191/191/41
f 192/192/42 193/193/42 140/140/42 139/139/42
f 194/194/43 195/195/43 155/155/43 152/152/43
f 196/196/59 197/197/59 167/167/59 198/198/59
f 184/184/60 199/199/60 163/163/60 160/160/60
f 179/179/61 171/171/61 200/200/61 201/201/61
f 168/168/47 180/180/47 202/202/47 203/203/47
f 186/186/48 204/204/48 151/151/48 148/148/48
f 140/140/49 193/193/49 205/205/49 206/206/49
f 141/141/50 140/140/50 206/206/50 207/207/50
f 208/208/62 209/209/62 210/210/62 211/211/62
f 212/212/63 213/213/63 214/214/63 215/215/63
f 216/216/64 217/217/64 218/218/64 219/219/64
f 220/220/65 221/221/65 222/222/65 223/223/65
f 224/224/66 225/225/66 226/226/66 227/227/66
f 228/228/67 229/229/67 230/230/67 231/231/67
f 232/232/68 233/233/68 234/234/68 235/235/68
f 236/236/69 237/237/69 238/238/69 239/239/69
f 240/240/70 241/241/70 242/242/70 243/243/70
f 244/244/71 245/245/71 241/241/71 240/240/71
f 246/246/72 247/247/72 248/248/72 249/249/72
f 250/250/73 251/251/73 233/233/73 232/232/73
f 252/252/74 253/253/74 229/229/74 228/228/74
f 254/254/75 255/255/75 217/217/75 216/216/75
f 256/256/76 257/257/76 213/213/76 212/212/76
f 258/258/77 259/259/77 212/212/77 260/260/77
f 261/261/78 262/262/78 209/209/78 208/208/78
f 263/263/79 264/264/79 224/224/79 221/221/79
f 265/265/80 266/266/80 236/236/80 267/267/80
f 253/253/81 268/268/81 232/232/81 229/229/81
f 248/248/82 240/240/82 269/269/82 270/270/82
f 237/237/83 249/249/83 271/271/83 272/272/83
f 255/255/84 273/273/84 220/220/84 217/217/84
f 209/209/85 262/262/85 274/274/85 275/275/85
f 210/210/86 209/209/86 275/275/86 276/276/86
f 277/277/87 278/278/87 279/279/87 280/280/87
f 281/281/88 282/282/88 283/283/88 284/284/88
f 285/285/89 286/286/89 287/287/89 288/288/89
f 289/289/90 290/290/90 291/291/90 292/292/90
f 293/293/91 294/294/91 295/295/91 296/296/91
f 297/297/92 298/298/92 299/299/92 300/300/92
f 301/301/93 302/302/93 303/303/93 304/304/93
f 305/305/94 306/306/94 307/307/94 308/308/94
f 309/309/95 310/310/95 311/311/95 312/312/95
f 313/313/96 314/314/96 310/310/96 309/309/96
f 315/315/97 316/316/97 317/317/97 318/318/97
f 319/319/98 320/320/98 302/302/98 301/301/98
f 321/321/99 322/322/99 298/298/99 297/297/99
f 323/323/100 324/324/100 286/286/100 285/285/100
f 325/325/101 326/326/101 282/282/101 281/281/101
f 327/327/102 328/328/102 281/281/102 329/329/102
f 330/330/103 331/331/103 278/278/103 277/277/103
f 332/332/104 333/333/104 293/293/104 290/290/104
f 334/334/105 335/335/105 305/305/105 336/336/105
f 322/322/106 337/337/106 301/301/106 298/298/106
f 317/317/107 309/309/107 338/338/107 339/339/107
f 306/306/108 318/318/108 340/340/108 341/341/108
f 324/324/109 342/342/109 289/289/109 286/286/109
f 278/278/110 331/331/110 343/343/110 344/344/110
f 279/279/111 278/278/111 344/344/111 345/345/111
f 346/346/112 347/347/112 348/348/112 349/349/112
f 350/350/113 351/351/113 352/352/113 353/353/113
f 354/354/114 355/355/114 356/356/114 357/357/114
f 358/358/115 359/359/115 360/360/115 361/361/115
f 362/362/116 363/363/116 364/364/116 365/365/116
f 366/366/117 367/367/117 368/368/117 369/369/117
f 370/370/118 371/371/118 372/372/118 373/373/118
f 374/374/119 375/375/119 376/376/119 377/377/119
f 378/378/120 379/379/120 380/380/120 381/381/120
f 382/382/121 383/383/121 379/379/121 378/378/121
f 384/384/122 385/385/122 386/386/122 387/387/122
f 388/388/123 389/389/123 371/371/123 370/370/123
f 390/390/124 391/391/124 367/367/124 366/366/124
f 392/392/125 393/393/125 355/355/125 354/354/125
f 394/394/126 395/395/126 351/351/126 350/350/126
f 396/396/127 397/397/127 350/350/127 398/398/127
f 399/399/128 400/400/128 347/347/128 346/346/128
f 401/401/129 402/402/129 362/362/129 359/359/129
f 403/403/130 404/404/130 374/374/130 405/405/130
f 391/391/131 406/406/131 370/370/131 367/367/131
f 386/386/132 378/378/132 407/407/132 408/408/132
f 375/375/133 387/387/133 409/409/133 410/410/133
f 393/393/134 411/411/134 358/358/134 355/355/134
f 347/347/135 400/400/135 412/412/135 413/413/135
f 348/348/136 347/347/136 413/413/136 414/414/136
f 415/415/137 416/416/137 417/417/137 418/418/137
f 419/419/138 420/420/138 421/421/138 422/422/138
f 423/423/139 424/424/139 425/425/139 426/426/139
f 427/427/140 428/428/140 429/429/140 430/430/140
f 431/431/141 432/432/141 433/433/141 434/434/141
f 435/435/142 436/436/142 437/437/142 438/438/142
f 439/439/143 440/440/143 441/441/143 442/442/143
f 443/443/144 444/444/144 445/445/144 446/446/144
f 447/447/145 448/448/145 449/449/145 450/450/145
f 451/451/146 452/452/146 448/448/146 447/447/146
f 453/453/147 454/454/147 455/455/147 456/456/147
f 457/457/148 458/458/148 440/440/148 439/439/148
f 459/459/149 460/460/149 436/436/149 435/435/149
f 461/461/150 462/462/150 424/424/150 423/423/150
f 463/463/151 464/464/151 420/420/151 419/419/151
f 465/465/152 466/466/152 419/419/152 467/467/152
f 468/468/153 469/469/153 416/416/153 415/415/153
f 470/470/154 471/471/154 431/431/154 428/428/154
f 472/472/155 473/473/155 443/443/155 474/474/155
f 460/460/156 475/475/156 439/439/156 436/436/156
f 455/455/157 447/447/157 476/476/157 477/477/157
f 444/444/158 456/456/158 478/478/158 479/479/158
f 462/462/159 480/480/159 427/427/159 424/424/159
f 416/416/160 469/469/160 481/481/160 482/482/160
f 417/417/161 416/416/161 482/482/161 483/483/161
f 484/484/162 485/485/162 486/486/162 487/487/162
f 488/488/163 489/489/163 490/490/163 491/491/163
f 492/492/164 493/493/164 494/494/164 495/495/164
f 496/496/165 497/497/165 498/498/165 499/499/165
f 500/500/166 501/501/166 502/502/166 503/503/166
f 504/504/167 505/505/167 506/506/167 507/507/167
f 508/508/168 509/509/168 510/510/168 511/511/168
f 512/512/169 513/513/169 514/514/169 515/515/169
f 516/516/170 517/517/170 518/518/170 519/519/170
f 520/520/171 521/521/171 517/517/171 516/516/171
f 522/522/172 523/523/172 524/524/172 525/525/172
f 526/526/173 527/527/173 509/509/173 508/508/173
f 528/528/174 529/529/174 505/505/174 504/504/174
f 530/530/175 531/531/175 493/493/175 492/492/175
f 532/532/176 533/533/176 489/489/176 488/488/176
f 534/534/177 535/535/177 488/488/177 536/536/177
f 537/537/178 538/538/178 485/485/178 484/484/178
f 539/539/179 540/540/179 500/500/179 497/497/179
f 541/541/180 542/542/180 512/512/180 543/543/180
f 529/529/181 544/544/181 508/508/181 505/505/181
f 524/524/182 516/516/182 545/545/182 546/546/182
f 513/513/183 525/525/183 547/547/183 548/548/183
f 531/531/184 549/549/184 496/496/184 493/493/184
f 485/485/185 538/538/185 550/550/185 551/551/185
f 486/486/186 485/485/186 551/551/186 552/552/186
f 553/553/187 554/554/187 555/555/187 556/556/187
f 557/557/188 558/558/188 559/559/188 560/560/188
f 561/561/189 562/562/189 563/563/189 564/564/189
f 565/565/190 566/566/190 567/567/190 568/568/190
f 569/569/191 570/570/191 571/571/191 572/572/191
f 573/573/192 574/574/192 575/575/192 576/576/192
f 577/577/193 578/578/193 579/579/193 580/580/193
f 581/581/194 582/582/194 583/583/194 584/584/194
f 585/585/195 586/586/195 587/587/195 588/588/195
f 589/589/196 590/590/196 586/586/196 585/585/196
f 591/591/197 592/592/197 593/593/197 594/594/197
f 595/595/198 596/596/198 578/578/198 577/577/198
f 597/597/199 598/598/199 574/574/199 573/573/199
f 599/599/200 600/600/200 562/562/200 561/561/200
f 601/601/201 602/602/201 558/558/201 557/557/201
f 603/603/202 604/604/202 557/557/202 605/605/202
f 606/606/203 607/607/203 554/554/203 553/553/203
f 608/608/204 609/609/204 569/569/204 566/566/204
f 610/610/205 611/611/205 581/581/205 612/612/205
f 598/598/206 613/613/206 577/577/206 574/574/206
f 593/593/207 585/585/207 614/614/207 615/615/207
f 582/582/208 594/594/208 616/616/208 617/617/208
f 600/600/209 618/618/209 565/565/209 562/562/209
f 554/554/210 607/607/210 619/619/210 620/620/210
f 555/555/211 554/554/211 620/620/211 621/621/211
f 622/622/212 623/623/212 624/624/212 625/625/212
f 626/626/213 627/627/213 628/628/213 629/629/213
f 630/630/214 631/631/214 632/632/214 633/633/214
f 634/634/215 635/635/215 636/636/215 637/637/215
f 638/638/216 639/639/216 640/640/216 641/641/216
f 642/642/217 643/643/217 644/644/217 645/645/217
f 646/646/218 647/647/218 648/648/218 649/649/218
f 650/650/219 651/651/219 652/652/219 653/653/219
f 654/654/220 655/655/220 656/656/220 657/657/220
f 658/658/221 659/659/221 655/655/221 654/654/221
f 660/660/222 661/661/222 662/662/222 663/663/222
f 664/664/223 665/665/223 647/647/223 646/646/223
f 666/666/224 667/667/224 643/643/224 642/642/224
f 668/668/225 669/669/225 631/631/225 630/630/225
f 670/670/226 671/671/226 627/627/226 626/626/226
f 672/672/227 673/673/227 626/626/227 674/674/227
f 675/675/228 676/676/228 623/623/228 622/622/228
f 677/677/229 678/678/229 638/638/229 635/635/229
f 679/679/230 680/680/230 650/650/230 681/681/230
f 667/667/231 682/682/231 646/646/231 643/643/231
f 662/662/232 654/654/232 683/683/232 684/684/232
f 651/651/233 663/663/233 685/685/233 686/686/233
f 669/669/234 687/687/234 634/634/234 631/631/234
f 623/623/235 676/676/235 688/688/235 689/689/235
f 624/624/236 623/623/236 689/689/236 690/690/236
f 691/691/237 692/692/237 693/693/237 694/694/237
f 695/695/238 696/696/238 697/697/238 698/698/238
f 699/699/239 700/700/239 701/701/239 702/702/239
f 703/703/240 704/704/240 705/705/240 706/706/240
f 707/707/241 708/708/241 709/709/241 710/710/241
f 711/711/242 712/712/242 713/713/242 714/714/242
f 715/715/243 716/716/243 717/717/243 718/718/243
f 719/719/244 720/720/244 721/721/244 722/722/244
f 723/723/245 724/724/245 725/725/245 726/726/245
f 727/727/246 728/728/246 724/724/246 723/723/246
f 729/729/247 730/730/247 731/731/247 732/732/247
f 733/733/248 734/734/248 716/716/248 715/715/248
f 735/735/249 736/736/249 712/712/249 711/711/249
f 737/737/250 738/738/250 700/700/250 699/699/250
f 739/739/251 740/740/251 696/696/251 695/695/251
f 741/741/252 742/742/252 695/695/252 743/743/252
f 744/744/253 745/745/253 692/692/253 691/691/253
f 746/746/254 747/747/254 707/707/254 704/704/254
f 748/748/255 749/749/255 719/719/255 750/750/255
f 736/736/256 751/751/256 715/715/256 712/712/256
f 731/731/257 723/723/257 752/752/257 753/753/257
f 720/720/258 732/732/258 754/754/258 755/755/258
f 738/738/259 756/756/259 703/703/259 700/700/259
f 692/692/260 745/745/260 757/757/260 758/758/260
f 693/693/261 692/692/261 758/758/261 759/759/261
f 760/760/262 761/761/262 762/762/262 763/763/262
f 764/764/263 765/765/263 766/766/263 767/767/263
f 768/768/264 769/769/264 770/770/264 771/771/264
f 772/772/265 773/773/265 774/774/265 775/775/265
f 776/776/266 777/777/266 778/778/266 779/779/266
f 780/780/267 781/781/267 782/782/267 783/783/267
f 784/784/268 785/785/268 786/786/268 787/787/268
f 788/788/269 789/789/269 790/790/269 791/791/269
f 792/792/270 793/793/270 794/794/270 795/795/270
f 796/796/271 797/797/271 793/793/271 792/792/271
f 798/798/272 799/799/272 800/800/272 801/801/272
f 802/802/273 803/803/273 785/785/273 784/784/273
f 804/804/274 805/805/274 781/781/274 780/780/274
f 806/806/275 807/807/275 769/769/275 768/768/275
f 808/808/276 809/809/276 765/765/276 764/764/276
f 810/810/277 811/811/277 764/764/277 812/812/277
f 813/813/278 814/814/278 761/761/278 760/760/278
f 815/815/279 816/816/279 776/776/279 773/773/279
f 817/817/280 818/818/280 788/788/280 819/819/280
f 805/805/281 820/820/281 784/784/281 781/781/281
f 800/800/282 792/792/282 821/821/282 822/822/282
f 789/789/283 801/801/283 823/823/283 824/824/283
f 807/807/284 825/825/284 772/772/284 769/769/284
f 761/761/285 814/814/285 826/826/285 827/827/285
f 762/762/286 761/761/286 827/827/286 828/828/286
usemtl Material.028
f 53/53/287 5/5/287 829/829/287 830/830/287
f 42/42/288 41/41/288 831/831/288 64/64/288
f 832/832/289 833/833/289 18/18/289 17/17/289
f 14/14/290 17/17/290 834/834/290 15/15/290
f 44/44/291 835/835/291 60/60/291 26/26/291
f 22/22/292 25/25/292 28/28/292 836/836/292
f 837/837/293 838/838/293 33/33/293 41/41/293
f 10/10/294 13/13/294 839/839/294 840/840/294
f 841/841/295 47/47/295 9/9/295 6/6/295
f 122/122/296 74/74/296 842/842/296 843/843/296
f 111/111/297 110/110/297 844/844/297 133/133/297
f 845/845/298 846/846/298 87/87/298 86/86/298
f 83/83/299 86/86/299 847/847/299 84/84/299
f 113/113/300 848/848/300 129/129/300 95/95/300
f 91/91/301 94/94/301 97/97/301 849/849/301
f 850/850/302 851/851/302 102/102/302 110/110/302
f 79/79/303 82/82/303 852/852/303 853/853/303
f 854/854/304 116/116/304 78/78/304 75/75/304
f 191/191/296 143/143/296 855/855/296 856/856/296
f 180/180/305 179/179/305 857/857/305 202/202/305
f 858/858/298 859/859/298 156/156/298 155/155/298
f 152/152/299 155/155/299 860/860/299 153/153/299
f 182/182/306 861/861/306 198/198/306 164/164/306
f 160/160/307 163/163/307 166/166/307 862/862/307
f 863/863/302 864/864/302 171/171/302 179/179/302
f 148/148/308 151/151/308 865/865/308 866/866/308
f 867/867/309 185/185/309 147/147/309 144/144/309
f 260/260/310 212/212/310 868/868/310 869/869/310
f 249/249/311 248/248/311 870/870/311 271/271/311
f 871/871/312 872/872/312 225/225/312 224/224/312
f 221/221/313 224/224/313 873/873/313 222/222/313
f 251/251/314 874/874/314 267/267/314 233/233/314
f 229/229/315 232/232/315 235/235/315 875/875/315
f 876/876/316 877/877/316 240/240/316 248/248/316
f 217/217/317 220/220/317 878/878/317 879/879/317
f 880/880/318 254/254/318 216/216/318 213/213/318
f 329/329/319 281/281/319 881/881/319 882/882/319
f 318/318/320 317/317/320 883/883/320 340/340/320
f 884/884/321 885/885/321 294/294/321 293/293/321
f 290/290/322 293/293/322 886/886/322 291/291/322
f 320/320/323 887/887/323 336/336/323 302/302/323
f 298/298/324 301/301/324 304/304/324 888/888/324
f 889/889/325 890/890/325 309/309/325 317/317/325
f 286/286/326 289/289/326 891/891/326 892/892/326
f 893/893/327 323/323/327 285/285/327 282/282/327
f 398/398/328 350/350/328 894/894/328 895/895/328
f 387/387/329 386/386/329 896/896/329 409/409/329
f 897/897/330 898/898/330 363/363/330 362/362/330
f 359/359/331 362/362/331 899/899/331 360/360/331
f 389/389/332 900/900/332 405/405/332 371/371/332
f 367/367/333 370/370/333 373/373/333 901/901/333
f 902/902/334 903/903/334 378/378/334 386/386/334
f 355/355/335 358/358/335 904/904/335 905/905/335
f 906/906/336 392/392/336 354/354/336 351/351/336
f 467/467/337 419/419/337 907/907/337 908/908/337
f 456/456/338 455/455/338 909/909/338 478/478/338
f 910/910/339 911/911/339 432/432/339 431/431/339
f 428/428/340 431/431/340 912/912/340 429/429/340
f 458/458/341 913/913/341 474/474/341 440/440/341
f 436/436/342 439/439/342 442/442/342 914/914/342
f 915/915/343 916/916/343 447/447/343 455/455/343
f 424/424/344 427/427/344 917/917/344 918/918/344
f 919/919/345 461/461/345 423/423/345 420/420/345
f 536/536/346 488/488/346 920/920/346 921/921/346
f 525/525/347 524/524/347 922/922/347 547/547/347
f 923/923/348 924/924/348 501/501/348 500/500/348
f 497/497/349 500/500/349 925/925/349 498/498/349
f 527/527/350 926/926/350 543/543/350 509/509/350
f 505/505/351 508/508/351 511/511/351 927/927/351
f 928/928/352 929/929/352 516/516/352 524/524/352
f 493/493/353 496/496/353 930/930/353 931/931/353
f 932/932/354 530/530/354 492/492/354 489/489/354
f 605/605/355 557/557/355 933/933/355 934/934/355
f 594/594/356 593/593/356 935/935/356 616/616/356
f 936/936/357 937/937/357 570/570/357 569/569/357
f 566/566/358 569/569/358 938/938/358 567/567/358
f 596/596/359 939/939/359 612/612/359 578/578/359
f 574/574/360 577/577/360 580/580/360 940/940/360
f 941/941/361 942/942/361 585/585/361 593/593/361
f 562/562/362 565/565/362 943/943/362 944/944/362
f 945/945/363 599/599/363 561/561/363 558/558/363
f 674/674/364 626/626/364 946/946/364 947/947/364
f 663/663/365 662/662/365 948/948/365 685/685/365
f 949/949/366 950/950/366 639/639/366 638/638/366
f 635/635/367 638/638/367 951/951/367 636/636/367
f 665/665/368 952/952/368 681/681/368 647/647/368
f 643/643/369 646/646/369 649/649/369 953/953/369
f 954/954/370 955/955/370 654/654/370 662/662/370
f 631/631/371 634/634/371 956/956/371 957/957/371
f 958/958/372 668/668/372 630/630/372 627/627/372
f 743/743/373 695/695/373 959/959/373 960/960/373
f 732/732/374 731/731/374 961/961/374 754/754/374
f 962/962/375 963/963/375 708/708/375 707/707/375
f 704/704/376 707/707/376 964/964/376 705/705/376
f 734/734/377 965/965/377 750/750/377 716/716/377
f 712/712/378 715/715/378 718/718/378 966/966/378
f 967/967/379 968/968/379 723/723/379 731/731/379
f 700/700/380 703/703/380 969/969/380 970/970/380
f 971/971/381 737/737/381 699/699/381 696/696/381
f 812/812/382 764/764/382 972/972/382 973/973/382
f 801/801/383 800/800/383 974/974/383 823/823/383
f 975/975/384 976/976/384 777/777/384 776/776/384
f 773/773/385 776/776/385 977/977/385 774/774/385
f 803/803/386 978/978/386 819/819/386 785/785/386
f 781/781/387 784/784/387 787/787/387 979/979/387
f 980/980/388 981/981/388 792/792/388 800/800/388
f 769/769/389 772/772/389 982/982/389 983/983/389
f 984/984/390 806/806/390 768/768/390 765/765/390
usemtl Material.022
f 34/34/391 1/1/391 4/4/391 35/35/391
f 985/985/392 54/54/392 1/1/392 34/34/392
f 59/59/393 986/986/393 30/30/393 29/29/393
f 987/987/394 988/988/394 14/14/394 13/13/394
f 989/989/395 45/45/395 21/21/395 18/18/395
f 18/18/396 21/21/396 24/24/396 990/990/396
f 60/60/397 29/29/397 32/32/397 991/991/397
f 26/26/398 60/60/398 992/992/398 993/993/398
f 994/994/399 995/995/399 42/42/399 30/30/399
f 6/6/400 9/9/400 996/996/400 997/997/400
f 103/103/401 70/70/401 73/73/401 104/104/401
f 998/998/402 123/123/402 70/70/402 103/103/402
f 128/128/403 999/999/403 99/99/403 98/98/403
f 1000/1000/404 1001/1001/404 83/83/404 82/82/404
f 1002/1002/405 114/114/405 90/90/405 87/87/405
f 87/87/406 90/90/406 93/93/406 1003/1003/406
f 129/129/407 98/98/407 101/101/407 1004/1004/407
f 95/95/408 129/129/408 1005/1005/408 1006/1006/408
f 1007/1007/409 1008/1008/409 111/111/409 99/99/409
f 75/75/410 78/78/410 1009/1009/410 1010/1010/410
f 172/172/401 139/139/401 142/142/401 173/173/401
f 1011/1011/411 192/192/411 139/139/411 172/172/411
f 197/197/403 1012/1012/403 168/168/403 167/167/403
f 1013/1013/404 1014/1014/404 152/152/404 151/151/404
f 1015/1015/405 183/183/405 159/159/405 156/156/405
f 156/156/406 159/159/406 162/162/406 1016/1016/406
f 198/198/407 167/167/407 170/170/407 1017/1017/407
f 164/164/408 198/198/408 1018/1018/408 1019/1019/408
f 1020/1020/409 1021/1021/409 180/180/409 168/168/409
f 144/144/410 147/147/410 1022/1022/410 1023/1023/410
f 241/241/412 208/208/412 211/211/412 242/242/412
f 1024/1024/413 261/261/413 208/208/413 241/241/413
f 266/266/414 1025/1025/414 237/237/414 236/236/414
f 1026/1026/415 1027/1027/415 221/221/415 220/220/415
f 1028/1028/416 252/252/416 228/228/416 225/225/416
f 225/225/417 228/228/417 231/231/417 1029/1029/417
f 267/267/418 236/236/418 239/239/418 1030/1030/418
f 233/233/419 267/267/419 1031/1031/419 1032/1032/419
f 1033/1033/420 1034/1034/420 249/249/420 237/237/420
f 213/213/421 216/216/421 1035/1035/421 1036/1036/421
f 310/310/422 277/277/422 280/280/422 311/311/422
f 1037/1037/423 330/330/423 277/277/423 310/310/423
f 335/335/424 1038/1038/424 306/306/424 305/305/424
f 1039/1039/425 1040/1040/425 290/290/425 289/289/425
f 1041/1041/426 321/321/426 297/297/426 294/294/426
f 294/294/427 297/297/427 300/300/427 1042/1042/427
f 336/336/428 305/305/428 308/308/428 1043/1043/428
f 302/302/429 336/336/429 1044/1044/429 1045/1045/429
f 1046/1046/430 1047/1047/430 318/318/430 306/306/430
f 282/282/431 285/285/431 1048/1048/431 1049/1049/431
f 379/379/432 346/346/432 349/349/432 380/380/432
f 1050/1050/433 399/399/433 346/346/433 379/379/433
f 404/404/434 1051/1051/434 375/375/434 374/374/434
f 1052/1052/435 1053/1053/435 359/359/435 358/358/435
f 1054/1054/436 390/390/436 366/366/436 363/363/436
f 363/363/437 366/366/437 369/369/437 1055/1055/437
f 405/405/438 374/374/438 377/377/438 1056/1056/438
f 371/371/439 405/405/439 1057/1057/439 1058/1058/439
f 1059/1059/440 1060/1060/440 387/387/440 375/375/440
f 351/351/441 354/354/441 1061/1061/441 1062/1062/441
f 448/448/442 415/415/442 418/418/442 449/449/442
f 1063/1063/443 468/468/443 415/415/443 448/448/443
f 473/473/444 1064/1064/444 444/444/444 443/443/444
f 1065/1065/445 1066/1066/445 428/428/445 427/427/445
f 1067/1067/446 459/459/446 435/435/446 432/432/446
f 432/432/447 435/435/447 438/438/447 1068/1068/447
f 474/474/448 443/443/448 446/446/448 1069/1069/448
f 440/440/449 474/474/449 1070/1070/449 1071/1071/449
f 1072/1072/450 1073/1073/450 456/456/450 444/444/450
f 420/420/451 423/423/451 1074/1074/451 1075/1075/451
f 517/517/452 484/484/452 487/487/452 518/518/452
f 1076/1076/453 537/537/453 484/484/453 517/517/453
f 542/542/454 1077/1077/454 513/513/454 512/512/454
f 1078/1078/455 1079/1079/455 497/497/455 496/496/455
f 1080/1080/456 528/528/456 504/504/456 501/501/456
f 501/501/457 504/504/457 507/507/457 1081/1081/457
f 543/543/458 512/512/458 515/515/458 1082/1082/458
f 509/509/459 543/543/459 1083/1083/459 1084/1084/459
f 1085/1085/460 1086/1086/460 525/525/460 513/513/460
f 489/489/461 492/492/461 1087/1087/461 1088/1088/461
f 586/586/462 553/553/462 556/556/462 587/587/462
f 1089/1089/463 606/606/463 553/553/463 586/586/463
f 611/611/464 1090/1090/464 582/582/464 581/581/464
f 1091/1091/465 1092/1092/465 566/566/465 565/565/465
f 1093/1093/466 597/597/466 573/573/466 570/570/466
f 570/570/467 573/573/467 576/576/467 1094/1094/467
f 612/612/468 581/581/468 584/584/468 1095/1095/468
f 578/578/469 612/612/469 1096/1096/469 1097/1097/469
f 1098/1098/470 1099/1099/470 594/594/470 582/582/470
f 558/558/471 561/561/471 1100/1100/471 1101/1101/471
f 655/655/472 622/622/472 625/625/472 656/656/472
f 1102/1102/473 675/675/473 622/622/473 655/655/473
f 680/680/474 1103/1103/474 651/651/474 650/650/474
f 1104/1104/475 1105/1105/475 635/635/475 634/634/475
f 1106/1106/476 666/666/476 642/642/476 639/639/476
f 639/639/477 642/642/477 645/645/477 1107/1107/477
f 681/681/478 650/650/478 653/653/478 1108/1108/478
f 647/647/479 681/681/479 1109/1109/479 1110/1110/479
f 1111/1111/480 1112/1112/480 663/663/480 651/651/480
f 627/627/481 630/630/481 1113/1113/481 1114/1114/481
f 724/724/482 691/691/482 694/694/482 725/725/482
f 1115/1115/483 744/744/483 691/691/483 724/724/483
f 749/749/484 1116/1116/484 720/720/484 719/719/484
f 1117/1117/485 1118/1118/485 704/704/485 703/703/485
f 1119/1119/486 735/735/486 711/711/486 708/708/486
f 708/708/487 711/711/487 714/714/487 1120/1120/487
f 750/750/488 719/719/488 722/722/488 1121/1121/488
f 716/716/489 750/750/489 1122/1122/489 1123/1123/489
f 1124/1124/490 1125/1125/490 732/732/490 720/720/490
f 696/696/491 699/699/491 1126/1126/491 1127/1127/491
f 793/793/492 760/760/492 763/763/492 794/794/492
f 1128/1128/493 813/813/493 760/760/493 793/793/493
f 818/818/494 1129/1129/494 789/789/494 788/788/494
f 1130/1130/495 1131/1131/495 773/773/495 772/772/495
f 1132/1132/496 804/804/496 780/780/496 777/777/496
f 777/777/497 780/780/497 783/783/497 1133/1133/497
f 819/819/498 788/788/498 791/791/498 1134/1134/498
f 785/785/499 819/819/499 1135/1135/499 1136/1136/499
f 1137/1137/500 1138/1138/500 801/801/500 789/789/500
f 765/765/501 768/768/501 1139/1139/501 1140/1140/501
f 1141/1141/502 1142/1142/502 1143/1143/502 1144/1144/502
f 1142/1142/503 1145/1145/503 1146/1146/503 1143/1143/503
f 1143/1143/504 1146/1146/504 1147/1147/504 1148/1148/504
f 1144/1144/505 1143/1143/505 1148/1148/505 1149/1149/505
f 1150/1150/506 1151/1151/506 1152/1152/506 1153/1153/506
f 1151/1151/507 1154/1154/507 1155/1155/507 1152/1152/507
f 1152/1152/508 1155/1155/508 1156/1156/508 1157/1157/508
f 1153/1153/509 1152/1152/509 1157/1157/509 1158/1158/509
f 1159/1159/510 1160/1160/510 1161/1161/510 1162/1162/510
f 1160/1160/511 1163/1163/511 1164/1164/511 1161/1161/511
f 1161/1161/512 1164/1164/512 1165/1165/512 1166/1166/512
f 1162/1162/513 1161/1161/513 1166/1166/513 1167/1167/513
f 1163/1163/514 1168/1168/514 1169/1169/514 1164/1164/514
f 1168/1168/515 1170/1170/515 1171/1171/515 1169/1169/515
f 1169/1169/516 1171/1171/516 1172/1172/516 1173/1173/516
f 1164/1164/517 1169/1169/517 1173/1173/517 1165/1165/517
f 1170/1170/518 1174/1174/518 1175/1175/518 1171/1171/518
f 1174/1174/519 1176/1176/519 1177/1177/519 1175/1175/519
f 1175/1175/520 1177/1177/520 1178/1178/520 1179/1179/520
f 1171/1171/521 1175/1175/521 1179/1179/521 1172/1172/521
f 1176/1176/522 1180/1180/522 1181/1181/522 1177/1177/522
f 1180/1180/523 1159/1159/523 1162/1162/523 1181/1181/523
f 1181/1181/524 1162/1162/524 1167/1167/524 1182/1182/524
f 1177/1177/525 1181/1181/525 1182/1182/525 1178/1178/525
f 1183/1183/526 1184/1184/526 1185/1185/526 1186/1186/526
f 1184/1184/527 1187/1187/527 1188/1188/527 1185/1185/527
f 1185/1185/528 1188/1188/528 1163/1163/528 1160/1160/528
f 1186/1186/529 1185/1185/529 1160/1160/529 1159/1159/529
f 1187/1187/530 1189/1189/530 1190/1190/530 1188/1188/530
f 1189/1189/531 1191/1191/531 1192/1192/531 1190/1190/531
f 1190/1190/532 1192/1192/532 1170/1170/532 1168/1168/532
f 1188/1188/533 1190/1190/533 1168/1168/533 1163/1163/533
f 1191/1191/534 1193/1193/534 1194/1194/534 1192/1192/534
f 1193/1193/535 1195/1195/535 1196/1196/535 1194/1194/535
f 1194/1194/536 1196/1196/536 1176/1176/536 1174/1174/536
f 1192/1192/537 1194/1194/537 1174/1174/537 1170/1170/537
f 1195/1195/538 1197/1197/538 1198/1198/538 1196/1196/538
f 1197/1197/539 1183/1183/539 1186/1186/539 1198/1198/539
f 1198/1198/540 1186/1186/540 1159/1159/540 1180/1180/540
f 1196/1196/541 1198/1198/541 1180/1180/541 1176/1176/541
f 1199/1199/542 1200/1200/542 1201/1201/542 1202/1202/542
f 1200/1200/543 1203/1203/543 1204/1204/543 1201/1201/543
f 1201/1201/544 1204/1204/544 1187/1187/544 1184/1184/544
f 1202/1202/542 1201/1201/542 1184/1184/542 1183/1183/542
f 1203/1203/545 1205/1205/545 1206/1206/545 1204/1204/545
f 1205/1205/546 1207/1207/546 1208/1208/546 1206/1206/546
f 1206/1206/531 1208/1208/531 1191/1191/531 1189/1189/531
f 1204/1204/547 1206/1206/547 1189/1189/547 1187/1187/547
f 1207/1207/548 1209/1209/548 1210/1210/548 1208/1208/548
f 1209/1209/549 1211/1211/549 1212/1212/549 1210/1210/549
f 1210/1210/550 1212/1212/550 1195/1195/550 1193/1193/550
f 1208/1208/548 1210/1210/548 1193/1193/548 1191/1191/548
f 1211/1211/551 1213/1213/551 1214/1214/551 1212/1212/551
f 1213/1213/552 1199/1199/552 1202/1202/552 1214/1214/552
f 1214/1214/539 1202/1202/539 1183/1183/539 1197/1197/539
f 1212/1212/553 1214/1214/553 1197/1197/553 1195/1195/553
f 1215/1215/554 1216/1216/554 1217/1217/554 1218/1218/554
f 1216/1216/544 1219/1219/544 1220/1220/544 1217/1217/544
f 1217/1217/544 1220/1220/544 1203/1203/544 1200/1200/544
f 1218/1218/542 1217/1217/542 1200/1200/542 1199/1199/542
f 1219/1219/555 1221/1221/555 1222/1222/555 1220/1220/555
f 1221/1221/546 1223/1223/546 1224/1224/546 1222/1222/546
f 1222/1222/531 1224/1224/531 1207/1207/531 1205/1205/531
f 1220/1220/556 1222/1222/556 1205/1205/556 1203/1203/556
f 1223/1223/557 1225/1225/557 1226/1226/557 1224/1224/557
f 1225/1225/549 1227/1227/549 1228/1228/549 1226/1226/549
f 1226/1226/558 1228/1228/558 1211/1211/558 1209/1209/558
f 1224/1224/548 1226/1226/548 1209/1209/548 1207/1207/548
f 1227/1227/553 1229/1229/553 1230/1230/553 1228/1228/553
f 1229/1229/539 1215/1215/539 1218/1218/539 1230/1230/539
f 1230/1230/559 1218/1218/559 1199/1199/559 1213/1213/559
f 1228/1228/560 1230/1230/560 1213/1213/560 1211/1211/560
f 1231/1231/554 1232/1232/554 1233/1233/554 1234/1234/554
f 1232/1232/544 1235/1235/544 1236/1236/544 1233/1233/544
f 1233/1233/543 1236/1236/543 1219/1219/543 1216/1216/543
f 1234/1234/542 1233/1233/542 1216/1216/542 1215/1215/542
f 1235/1235/555 1237/1237/555 1238/1238/555 1236/1236/555
f 1237/1237/546 1239/1239/546 1240/1240/546 1238/1238/546
f 1238/1238/531 1240/1240/531 1223/1223/531 1221/1221/531
f 1236/1236/556 1238/1238/556 1221/1221/556 1219/1219/556
f 1239/1239/548 1241/1241/548 1242/1242/548 1240/1240/548
f 1241/1241/549 1243/1243/549 1244/1244/549 1242/1242/549
f 1242/1242/558 1244/1244/558 1227/1227/558 1225/1225/558
f 1240/1240/561 1242/1242/561 1225/1225/561 1223/1223/561
f 1243/1243/562 1245/1245/562 1246/1246/562 1244/1244/562
f 1245/1245/539 1231/1231/539 1234/1234/539 1246/1246/539
f 1246/1246/563 1234/1234/563 1215/1215/563 1229/1229/563
f 1244/1244/564 1246/1246/564 1229/1229/564 1227/1227/564
f 1247/1247/554 1248/1248/554 1249/1249/554 1250/1250/554
f 1248/1248/565 1251/1251/565 1252/1252/565 1249/1249/565
f 1249/1249/565 1252/1252/565 1235/1235/565 1232/1232/565
f 1250/1250/566 1249/1249/566 1232/1232/566 1231/1231/566
f 1251/1251/567 1253/1253/567 1254/1254/567 1252/1252/567
f 1253/1253/546 1255/1255/546 1256/1256/546 1254/1254/546
f 1254/1254/568 1256/1256/568 1239/1239/568 1237/1237/568
f 1252/1252/547 1254/1254/547 1237/1237/547 1235/1235/547
f 1255/1255/548 1257/1257/548 1258/1258/548 1256/1256/548
f 1257/1257/558 1259/1259/558 1260/1260/558 1258/1258/558
f 1258/1258/558 1260/1260/558 1243/1243/558 1241/1241/558
f 1256/1256/548 1258/1258/548 1241/1241/548 1239/1239/548
f 1259/1259/560 1261/1261/560 1262/1262/560 1260/1260/560
f 1261/1261/539 1247/1247/539 1250/1250/539 1262/1262/539
f 1262/1262/569 1250/1250/569 1231/1231/569 1245/1245/569
f 1260/1260/570 1262/1262/570 1245/1245/570 1243/1243/570
f 1263/1263/554 1264/1264/554 1265/1265/554 1266/1266/554
f 1264/1264/565 1267/1267/565 1268/1268/565 1265/1265/565
f 1265/1265/571 1268/1268/571 1251/1251/571 1248/1248/571
f 1266/1266/572 1265/1265/572 1248/1248/572 1247/1247/572
f 1267/1267/545 1269/1269/545 1270/1270/545 1268/1268/545
f 1269/1269/546 1271/1271/546 1272/1272/546 1270/1270/546
f 1270/1270/546 1272/1272/546 1255/1255/546 1253/1253/546
f 1268/1268/547 1270/1270/547 1253/1253/547 1251/1251/547
f 1271/1271/548 1273/1273/548 1274/1274/548 1272/1272/548
f 1273/1273/573 1275/1275/573 1276/1276/573 1274/1274/573
f 1274/1274/549 1276/1276/549 1259/1259/549 1257/1257/549
f 1272/1272/548 1274/1274/548 1257/1257/548 1255/1255/548
f 1275/1275/574 1277/1277/574 1278/1278/574 1276/1276/574
f 1277/1277/539 1263/1263/539 1266/1266/539 1278/1278/539
f 1278/1278/552 1266/1266/552 1247/1247/552 1261/1261/552
f 1276/1276/553 1278/1278/553 1261/1261/553 1259/1259/553
f 1279/1279/542 1280/1280/542 1281/1281/542 1282/1282/542
f 1280/1280/565 1283/1283/565 1284/1284/565 1281/1281/565
f 1281/1281/543 1284/1284/543 1267/1267/543 1264/1264/543
f 1282/1282/566 1281/1281/566 1264/1264/566 1263/1263/566
f 1283/1283/555 1285/1285/555 1286/1286/555 1284/1284/555
f 1285/1285/531 1287/1287/531 1288/1288/531 1286/1286/531
f 1286/1286/531 1288/1288/531 1271/1271/531 1269/1269/531
f 1284/1284/556 1286/1286/556 1269/1269/556 1267/1267/556
f 1287/1287/548 1289/1289/548 1290/1290/548 1288/1288/548
f 1289/1289/549 1291/1291/549 1292/1292/549 1290/1290/549
f 1290/1290/549 1292/1292/549 1275/1275/549 1273/1273/549
f 1288/1288/561 1290/1290/561 1273/1273/561 1271/1271/561
f 1291/1291/553 1293/1293/553 1294/1294/553 1292/1292/553
f 1293/1293/552 1279/1279/552 1282/1282/552 1294/1294/552
f 1294/1294/559 1282/1282/559 1263/1263/559 1277/1277/559
f 1292/1292/564 1294/1294/564 1277/1277/564 1275/1275/564
f 1295/1295/554 1296/1296/554 1297/1297/554 1298/1298/554
f 1296/1296/565 1299/1299/565 1300/1300/565 1297/1297/565
f 1297/1297/571 1300/1300/571 1283/1283/571 1280/1280/571
f 1298/1298/554 1297/1297/554 1280/1280/554 1279/1279/554
f 1299/1299/545 1301/1301/545 1302/1302/545 1300/1300/545
f 1301/1301/531 1303/1303/531 1304/1304/531 1302/1302/531
f 1302/1302/546 1304/1304/546 1287/1287/546 1285/1285/546
f 1300/1300/547 1302/1302/547 1285/1285/547 1283/1283/547
f 1303/1303/548 1305/1305/548 1306/1306/548 1304/1304/548
f 1305/1305/558 1307/1307/558 1308/1308/558 1306/1306/558
f 1306/1306/573 1308/1308/573 1291/1291/573 1289/1289/573
f 1304/1304/548 1306/1306/548 1289/1289/548 1287/1287/548
f 1307/1307/560 1309/1309/560 1310/1310/560 1308/1308/560
f 1309/1309/563 1295/1295/563 1298/1298/563 1310/1310/563
f 1310/1310/575 1298/1298/575 1279/1279/575 1293/1293/575
f 1308/1308/553 1310/1310/553 1293/1293/553 1291/1291/553
f 1311/1311/566 1312/1312/566 1313/1313/566 1314/1314/566
f 1312/1312/543 1315/1315/543 1316/1316/543 1313/1313/543
f 1313/1313/544 1316/1316/544 1299/1299/544 1296/1296/544
f 1314/1314/542 1313/1313/542 1296/1296/542 1295/1295/542
f 1315/1315/555 1317/1317/555 1318/1318/555 1316/1316/555
f 1317/1317/568 1319/1319/568 1320/1320/568 1318/1318/568
f 1318/1318/546 1320/1320/546 1303/1303/546 1301/1301/546
f 1316/1316/556 1318/1318/556 1301/1301/556 1299/1299/556
f 1319/1319/576 1321/1321/576 1322/1322/576 1320/1320/576
f 1321/1321/577 1323/1323/577 1324/1324/577 1322/1322/577
f 1322/1322/549 1324/1324/549 1307/1307/549 1305/1305/549
f 1320/1320/561 1322/1322/561 1305/1305/561 1303/1303/561
f 1323/1323/553 1325/1325/553 1326/1326/553 1324/1324/553
f 1325/1325/569 1311/1311/569 1314/1314/569 1326/1326/569
f 1326/1326/578 1314/1314/578 1295/1295/578 1309/1309/578
f 1324/1324/553 1326/1326/553 1309/1309/553 1307/1307/553
f 1327/1327/579 1328/1328/579 1329/1329/579 1330/1330/579
f 1328/1328/580 1331/1331/580 1332/1332/580 1329/1329/580
f 1329/1329/581 1332/1332/581 1315/1315/581 1312/1312/581
f 1330/1330/582 1329/1329/582 1312/1312/582 1311/1311/582
f 1331/1331/583 1333/1333/583 1334/1334/583 1332/1332/583
f 1333/1333/584 1335/1335/584 1336/1336/584 1334/1334/584
f 1334/1334/585 1336/1336/585 1319/1319/585 1317/1317/585
f 1332/1332/586 1334/1334/586 1317/1317/586 1315/1315/586
f 1335/1335/587 1337/1337/587 1338/1338/587 1336/1336/587
f 1337/1337/588 1339/1339/588 1340/1340/588 1338/1338/588
f 1338/1338/589 1340/1340/589 1323/1323/589 1321/1321/589
f 1336/1336/590 1338/1338/590 1321/1321/590 1319/1319/590
f 1339/1339/591 1341/1341/591 1342/1342/591 1340/1340/591
f 1341/1341/592 1327/1327/592 1330/1330/592 1342/1342/592
f 1342/1342/575 1330/1330/575 1311/1311/575 1325/1325/575
f 1340/1340/593 1342/1342/593 1325/1325/593 1323/1323/593
f 1343/1343/594 1344/1344/594 1345/1345/594 1346/1346/594
f 1344/1344/595 1347/1347/595 1348/1348/595 1345/1345/595
f 1345/1345/596 1348/1348/596 1331/1331/596 1328/1328/596
f 1346/1346/597 1345/1345/597 1328/1328/597 1327/1327/597
f 1347/1347/598 1349/1349/598 1350/1350/598 1348/1348/598
f 1349/1349/599 1351/1351/599 1352/1352/599 1350/1350/599
f 1350/1350/600 1352/1352/600 1335/1335/600 1333/1333/600
f 1348/1348/601 1350/1350/601 1333/1333/601 1331/1331/601
f 1351/1351/602 1353/1353/602 1354/1354/602 1352/1352/602
f 1353/1353/603 1355/1355/603 1356/1356/603 1354/1354/603
f 1354/1354/604 1356/1356/604 1339/1339/604 1337/1337/604
f 1352/1352/605 1354/1354/605 1337/1337/605 1335/1335/605
f 1355/1355/606 1357/1357/606 1358/1358/606 1356/1356/606
f 1357/1357/607 1343/1343/607 1346/1346/607 1358/1358/607
f 1358/1358/608 1346/1346/608 1327/1327/608 1341/1341/608
f 1356/1356/609 1358/1358/609 1341/1341/609 1339/1339/609
f 1359/1359/610 1360/1360/610 1361/1361/610 1362/1362/610
f 1360/1360/611 1363/1363/611 1364/1364/611 1361/1361/611
f 1361/1361/612 1364/1364/612 1365/1365/612 1366/1366/612
f 1362/1362/613 1361/1361/613 1366/1366/613 1367/1367/613
f 1363/1363/614 1368/1368/614 1369/1369/614 1364/1364/614
f 1368/1368/615 1370/1370/615 1371/1371/615 1369/1369/615
f 1369/1369/616 1371/1371/616 1372/1372/616 1373/1373/616
f 1364/1364/617 1369/1369/617 1373/1373/617 1365/1365/617
f 1370/1370/618 1374/1374/618 1375/1375/618 1371/1371/618
f 1374/1374/619 1376/1376/619 1377/1377/619 1375/1375/619
f 1375/1375/620 1377/1377/620 1378/1378/620 1379/1379/620
f 1371/1371/621 1375/1375/621 1379/1379/621 1372/1372/621
f 1376/1376/622 1380/1380/622 1381/1381/622 1377/1377/622
f 1380/1380/623 1359/1359/623 1362/1362/623 1381/1381/623
f 1381/1381/624 1362/1362/624 1367/1367/624 1382/1382/624
f 1377/1377/625 1381/1381/625 1382/1382/625 1378/1378/625
f 1383/1383/626 1384/1384/626 1385/1385/626 1386/1386/626
f 1384/1384/627 1387/1387/627 1388/1388/627 1385/1385/627
f 1385/1385/628 1388/1388/628 1363/1363/628 1360/1360/628
f 1386/1386/629 1385/1385/629 1360/1360/629 1359/1359/629
f 1387/1387/630 1389/1389/630 1390/1390/630 1388/1388/630
f 1389/1389/631 1391/1391/631 1392/1392/631 1390/1390/631
f 1390/1390/632 1392/1392/632 1370/1370/632 1368/1368/632
f 1388/1388/633 1390/1390/633 1368/1368/633 1363/1363/633
f 1391/1391/634 1393/1393/634 1394/1394/634 1392/1392/634
f 1393/1393/635 1395/1395/635 1396/1396/635 1394/1394/635
f 1394/1394/636 1396/1396/636 1376/1376/636 1374/1374/636
f 1392/1392/637 1394/1394/637 1374/1374/637 1370/1370/637
f 1395/1395/638 1397/1397/638 1398/1398/638 1396/1396/638
f 1397/1397/639 1383/1383/639 1386/1386/639 1398/1398/639
f 1398/1398/640 1386/1386/640 1359/1359/640 1380/1380/640
f 1396/1396/641 1398/1398/641 1380/1380/641 1376/1376/641
f 1399/1399/642 1400/1400/642 1401/1401/642 1402/1402/642
f 1400/1400/643 1403/1403/643 1404/1404/643 1401/1401/643
f 1401/1401/644 1404/1404/644 1387/1387/644 1384/1384/644
f 1402/1402/645 1401/1401/645 1384/1384/645 1383/1383/645
f 1403/1403/646 1405/1405/646 1406/1406/646 1404/1404/646
f 1405/1405/647 1407/1407/647 1408/1408/647 1406/1406/647
f 1406/1406/647 1408/1408/647 1391/1391/647 1389/1389/647
f 1404/1404/648 1406/1406/648 1389/1389/648 1387/1387/648
f 1407/1407/649 1409/1409/649 1410/1410/649 1408/1408/649
f 1409/1409/650 1411/1411/650 1412/1412/650 1410/1410/650
f 1410/1410/650 1412/1412/650 1395/1395/650 1393/1393/650
f 1408/1408/651 1410/1410/651 1393/1393/651 1391/1391/651
f 1411/1411/652 1413/1413/652 1414/1414/652 1412/1412/652
f 1413/1413/653 1399/1399/653 1402/1402/653 1414/1414/653
f 1414/1414/653 1402/1402/653 1383/1383/653 1397/1397/653
f 1412/1412/652 1414/1414/652 1397/1397/652 1395/1395/652
f 1415/1415/642 1416/1416/642 1417/1417/642 1418/1418/642
f 1416/1416/644 1419/1419/644 1420/1420/644 1417/1417/644
f 1417/1417/654 1420/1420/654 1403/1403/654 1400/1400/654
f 1418/1418/642 1417/1417/642 1400/1400/642 1399/1399/642
f 1419/1419/630 1421/1421/630 1422/1422/630 1420/1420/630
f 1421/1421/647 1423/1423/647 1424/1424/647 1422/1422/647
f 1422/1422/647 1424/1424/647 1407/1407/647 1405/1405/647
f 1420/1420/630 1422/1422/630 1405/1405/630 1403/1403/630
f 1423/1423/655 1425/1425/655 1426/1426/655 1424/1424/655
f 1425/1425/656 1427/1427/656 1428/1428/656 1426/1426/656
f 1426/1426/657 1428/1428/657 1411/1411/657 1409/1409/657
f 1424/1424/658 1426/1426/658 1409/1409/658 1407/1407/658
f 1427/1427/652 1429/1429/652 1430/1430/652 1428/1428/652
f 1429/1429/653 1415/1415/653 1418/1418/653 1430/1430/653
f 1430/1430/653 1418/1418/653 1399/1399/653 1413/1413/653
f 1428/1428/659 1430/1430/659 1413/1413/659 1411/1411/659
f 1431/1431/660 1432/1432/660 1433/1433/660 1434/1434/660
f 1432/1432/661 1435/1435/661 1436/1436/661 1433/1433/661
f 1433/1433/662 1436/1436/662 1419/1419/662 1416/1416/662
f 1434/1434/663 1433/1433/663 1416/1416/663 1415/1415/663
f 1435/1435/664 1437/1437/664 1438/1438/664 1436/1436/664
f 1437/1437/647 1439/1439/647 1440/1440/647 1438/1438/647
f 1438/1438/647 1440/1440/647 1423/1423/647 1421/1421/647
f 1436/1436/664 1438/1438/664 1421/1421/664 1419/1419/664
f 1439/1439/665 1441/1441/665 1442/1442/665 1440/1440/665
f 1441/1441/666 1443/1443/666 1444/1444/666 1442/1442/666
f 1442/1442/656 1444/1444/656 1427/1427/656 1425/1425/656
f 1440/1440/658 1442/1442/658 1425/1425/658 1423/1423/658
f 1443/1443/667 1445/1445/667 1446/1446/667 1444/1444/667
f 1445/1445/653 1431/1431/653 1434/1434/653 1446/1446/653
f 1446/1446/653 1434/1434/653 1415/1415/653 1429/1429/653
f 1444/1444/667 1446/1446/667 1429/1429/667 1427/1427/667
f 1447/1447/668 1448/1448/668 1449/1449/668 1450/1450/668
f 1448/1448/669 1451/1451/669 1452/1452/669 1449/1449/669
f 1449/1449/670 1452/1452/670 1435/1435/670 1432/1432/670
f 1450/1450/671 1449/1449/671 1432/1432/671 1431/1431/671
f 1451/1451/672 1453/1453/672 1454/1454/672 1452/1452/672
f 1453/1453/673 1455/1455/673 1456/1456/673 1454/1454/673
f 1454/1454/674 1456/1456/674 1439/1439/674 1437/1437/674
f 1452/1452/648 1454/1454/648 1437/1437/648 1435/1435/648
f 1455/1455/675 1457/1457/675 1458/1458/675 1456/1456/675
f 1457/1457/676 1459/1459/676 1460/1460/676 1458/1458/676
f 1458/1458/677 1460/1460/677 1443/1443/677 1441/1441/677
f 1456/1456/678 1458/1458/678 1441/1441/678 1439/1439/678
f 1459/1459/679 1461/1461/679 1462/1462/679 1460/1460/679
f 1461/1461/680 1447/1447/680 1450/1450/680 1462/1462/680
f 1462/1462/681 1450/1450/681 1431/1431/681 1445/1445/681
f 1460/1460/652 1462/1462/652 1445/1445/652 1443/1443/652
f 1463/1463/682 1464/1464/682 1465/1465/682 1466/1466/682
f 1464/1464/683 1467/1467/683 1468/1468/683 1465/1465/683
f 1465/1465/684 1468/1468/684 1451/1451/684 1448/1448/684
f 1466/1466/685 1465/1465/685 1448/1448/685 1447/1447/685
f 1467/1467/686 1469/1469/686 1470/1470/686 1468/1468/686
f 1469/1469/687 1471/1471/687 1472/1472/687 1470/1470/687
f 1470/1470/688 1472/1472/688 1455/1455/688 1453/1453/688
f 1468/1468/689 1470/1470/689 1453/1453/689 1451/1451/689
f 1471/1471/690 1473/1473/690 1474/1474/690 1472/1472/690
f 1473/1473/691 1475/1475/691 1476/1476/691 1474/1474/691
f 1474/1474/692 1476/1476/692 1459/1459/692 1457/1457/692
f 1472/1472/693 1474/1474/693 1457/1457/693 1455/1455/693
f 1475/1475/694 1477/1477/694 1478/1478/694 1476/1476/694
f 1477/1477/695 1463/1463/695 1466/1466/695 1478/1478/695
f 1478/1478/696 1466/1466/696 1447/1447/696 1461/1461/696
f 1476/1476/697 1478/1478/697 1461/1461/697 1459/1459/697
f 1479/1479/698 1480/1480/698 1481/1481/698 1482/1482/698
f 1480/1480/699 1483/1483/699 1484/1484/699 1481/1481/699
f 1481/1481/700 1484/1484/700 1485/1485/700 1486/1486/700
f 1482/1482/701 1481/1481/701 1486/1486/701 1487/1487/701
f 1483/1483/702 1488/1488/702 1489/1489/702 1484/1484/702
f 1488/1488/703 1490/1490/703 1491/1491/703 1489/1489/703
f 1489/1489/704 1491/1491/704 1492/1492/704 1493/1493/704
f 1484/1484/705 1489/1489/705 1493/1493/705 1485/1485/705
f 1490/1490/706 1494/1494/706 1495/1495/706 1491/1491/706
f 1494/1494/707 1496/1496/707 1497/1497/707 1495/1495/707
f 1495/1495/708 1497/1497/708 1498/1498/708 1499/1499/708
f 1491/1491/709 1495/1495/709 1499/1499/709 1492/1492/709
f 1496/1496/710 1500/1500/710 1501/1501/710 1497/1497/710
f 1500/1500/711 1479/1479/711 1482/1482/711 1501/1501/711
f 1501/1501/712 1482/1482/712 1487/1487/712 1502/1502/712
f 1497/1497/713 1501/1501/713 1502/1502/713 1498/1498/713
f 1503/1503/698 1504/1504/698 1505/1505/698 1506/1506/698
f 1504/1504/714 1507/1507/714 1508/1508/714 1505/1505/714
f 1505/1505/699 1508/1508/699 1483/1483/699 1480/1480/699
f 1506/1506/698 1505/1505/698 1480/1480/698 1479/1479/698
f 1507/1507/715 1509/1509/715 1510/1510/715 1508/1508/715
f 1509/1509/716 1511/1511/716 1512/1512/716 1510/1510/716
f 1510/1510/716 1512/1512/716 1490/1490/716 1488/1488/716
f 1508/1508/717 1510/1510/717 1488/1488/717 1483/1483/717
f 1511/1511/718 1513/1513/718 1514/1514/718 1512/1512/718
f 1513/1513/719 1515/1515/719 1516/1516/719 1514/1514/719
f 1514/1514/720 1516/1516/720 1496/1496/720 1494/1494/720
f 1512/1512/718 1514/1514/718 1494/1494/718 1490/1490/718
f 1515/1515/721 1517/1517/721 1518/1518/721 1516/1516/721
f 1517/1517/722 1503/1503/722 1506/1506/722 1518/1518/722
f 1518/1518/722 1506/1506/722 1479/1479/722 1500/1500/722
f 1516/1516/721 1518/1518/721 1500/1500/721 1496/1496/721
f 1519/1519/723 1520/1520/723 1521/1521/723 1522/1522/723
f 1520/1520/714 1523/1523/714 1524/1524/714 1521/1521/714
f 1521/1521/714 1524/1524/714 1507/1507/714 1504/1504/714
f 1522/1522/723 1521/1521/723 1504/1504/723 1503/1503/723
f 1523/1523/717 1525/1525/717 1526/1526/717 1524/1524/717
f 1525/1525/716 1527/1527/716 1528/1528/716 1526/1526/716
f 1526/1526/716 1528/1528/716 1511/1511/716 1509/1509/716
f 1524/1524/715 1526/1526/715 1509/1509/715 1507/1507/715
f 1527/1527/724 1529/1529/724 1530/1530/724 1528/1528/724
f 1529/1529/725 1531/1531/725 1532/1532/725 1530/1530/725
f 1530/1530/720 1532/1532/720 1515/1515/720 1513/1513/720
f 1528/1528/718 1530/1530/718 1513/1513/718 1511/1511/718
f 1531/1531/721 1533/1533/721 1534/1534/721 1532/1532/721
f 1533/1533/722 1519/1519/722 1522/1522/722 1534/1534/722
f 1534/1534/722 1522/1522/722 1503/1503/722 1517/1517/722
f 1532/1532/726 1534/1534/726 1517/1517/726 1515/1515/726
f 1535/1535/723 1536/1536/723 1537/1537/723 1538/1538/723
f 1536/1536/699 1539/1539/699 1540/1540/699 1537/1537/699
f 1537/1537/699 1540/1540/699 1523/1523/699 1520/1520/699
f 1538/1538/723 1537/1537/723 1520/1520/723 1519/1519/723
f 1539/1539/727 1541/1541/727 1542/1542/727 1540/1540/727
f 1541/1541/716 1543/1543/716 1544/1544/716 1542/1542/716
f 1542/1542/716 1544/1544/716 1527/1527/716 1525/1525/716
f 1540/1540/727 1542/1542/727 1525/1525/727 1523/1523/727
f 1543/1543/718 1545/1545/718 1546/1546/718 1544/1544/718
f 1545/1545/720 1547/1547/720 1548/1548/720 1546/1546/720
f 1546/1546/725 1548/1548/725 1531/1531/725 1529/1529/725
f 1544/1544/718 1546/1546/718 1529/1529/718 1527/1527/718
f 1547/1547/728 1549/1549/728 1550/1550/728 1548/1548/728
f 1549/1549/722 1535/1535/722 1538/1538/722 1550/1550/722
f 1550/1550/722 1538/1538/722 1519/1519/722 1533/1533/722
f 1548/1548/729 1550/1550/729 1533/1533/729 1531/1531/729
f 1551/1551/723 1552/1552/723 1553/1553/723 1554/1554/723
f 1552/1552/714 1555/1555/714 1556/1556/714 1553/1553/714
f 1553/1553/730 1556/1556/730 1539/1539/730 1536/1536/730
f 1554/1554/698 1553/1553/698 1536/1536/698 1535/1535/698
f 1555/1555/731 1557/1557/731 1558/1558/731 1556/1556/731
f 1557/1557/716 1559/1559/716 1560/1560/716 1558/1558/716
f 1558/1558/716 1560/1560/716 1543/1543/716 1541/1541/716
f 1556/1556/717 1558/1558/717 1541/1541/717 1539/1539/717
f 1559/1559/718 1561/1561/718 1562/1562/718 1560/1560/718
f 1561/1561/725 1563/1563/725 1564/1564/725 1562/1562/725
f 1562/1562/725 1564/1564/725 1547/1547/725 1545/1545/725
f 1560/1560/718 1562/1562/718 1545/1545/718 1543/1543/718
f 1563/1563/721 1565/1565/721 1566/1566/721 1564/1564/721
f 1565/1565/722 1551/1551/722 1554/1554/722 1566/1566/722
f 1566/1566/722 1554/1554/722 1535/1535/722 1549/1549/722
f 1564/1564/721 1566/1566/721 1549/1549/721 1547/1547/721
f 1567/1567/723 1568/1568/723 1569/1569/723 1570/1570/723
f 1568/1568/714 1571/1571/714 1572/1572/714 1569/1569/714
f 1569/1569/699 1572/1572/699 1555/1555/699 1552/1552/699
f 1570/1570/723 1569/1569/723 1552/1552/723 1551/1551/723
f 1571/1571/731 1573/1573/731 1574/1574/731 1572/1572/731
f 1573/1573/716 1575/1575/716 1576/1576/716 1574/1574/716
f 1574/1574/716 1576/1576/716 1559/1559/716 1557/1557/716
f 1572/1572/715 1574/1574/715 1557/1557/715 1555/1555/715
f 1575/1575/732 1577/1577/732 1578/1578/732 1576/1576/732
f 1577/1577/733 1579/1579/733 1580/1580/733 1578/1578/733
f 1578/1578/734 1580/1580/734 1563/1563/734 1561/1561/734
f 1576/1576/735 1578/1578/735 1561/1561/735 1559/1559/735
f 1579/1579/729 1581/1581/729 1582/1582/729 1580/1580/729
f 1581/1581/722 1567/1567/722 1570/1570/722 1582/1582/722
f 1582/1582/722 1570/1570/722 1551/1551/722 1565/1565/722
f 1580/1580/728 1582/1582/728 1565/1565/728 1563/1563/728
f 1583/1583/723 1584/1584/723 1585/1585/723 1586/1586/723
f 1584/1584/736 1587/1587/736 1588/1588/736 1585/1585/736
f 1585/1585/714 1588/1588/714 1571/1571/714 1568/1568/714
f 1586/1586/723 1585/1585/723 1568/1568/723 1567/1567/723
f 1587/1587/717 1589/1589/717 1590/1590/717 1588/1588/717
f 1589/1589/716 1591/1591/716 1592/1592/716 1590/1590/716
f 1590/1590/716 1592/1592/716 1575/1575/716 1573/1573/716
f 1588/1588/715 1590/1590/715 1573/1573/715 1571/1571/715
f 1591/1591/735 1593/1593/735 1594/1594/735 1592/1592/735
f 1593/1593/725 1595/1595/725 1596/1596/725 1594/1594/725
f 1594/1594/725 1596/1596/725 1579/1579/725 1577/1577/725
f 1592/1592/724 1594/1594/724 1577/1577/724 1575/1575/724
f 1595/1595/729 1597/1597/729 1598/1598/729 1596/1596/729
f 1597/1597/722 1583/1583/722 1586/1586/722 1598/1598/722
f 1598/1598/722 1586/1586/722 1567/1567/722 1581/1581/722
f 1596/1596/721 1598/1598/721 1581/1581/721 1579/1579/721
f 1599/1599/737 1600/1600/737 1601/1601/737 1602/1602/737
f 1600/1600/736 1603/1603/736 1604/1604/736 1601/1601/736
f 1601/1601/699 1604/1604/699 1587/1587/699 1584/1584/699
f 1602/1602/723 1601/1601/723 1584/1584/723 1583/1583/723
f 1603/1603/731 1605/1605/731 1606/1606/731 1604/1604/731
f 1605/1605/716 1607/1607/716 1608/1608/716 1606/1606/716
f 1606/1606/716 1608/1608/716 1591/1591/716 1589/1589/716
f 1604/1604/727 1606/1606/727 1589/1589/727 1587/1587/727
f 1607/1607/738 1609/1609/738 1610/1610/738 1608/1608/738
f 1609/1609/739 1611/1611/739 1612/1612/739 1610/1610/739
f 1610/1610/719 1612/1612/719 1595/1595/719 1593/1593/719
f 1608/1608/724 1610/1610/724 1593/1593/724 1591/1591/724
f 1611/1611/740 1613/1613/740 1614/1614/740 1612/1612/740
f 1613/1613/741 1599/1599/741 1602/1602/741 1614/1614/741
f 1614/1614/722 1602/1602/722 1583/1583/722 1597/1597/722
f 1612/1612/729 1614/1614/729 1597/1597/729 1595/1595/729
f 1615/1615/742 1616/1616/742 1617/1617/742 1618/1618/742
f 1616/1616/743 1619/1619/743 1620/1620/743 1617/1617/743
f 1617/1617/744 1620/1620/744 1603/1603/744 1600/1600/744
f 1618/1618/745 1617/1617/745 1600/1600/745 1599/1599/745
f 1619/1619/746 1621/1621/746 1622/1622/746 1620/1620/746
f 1621/1621/747 1623/1623/747 1624/1624/747 1622/1622/747
f 1622/1622/748 1624/1624/748 1607/1607/748 1605/1605/748
f 1620/1620/749 1622/1622/749 1605/1605/749 1603/1603/749
f 1623/1623/750 1625/1625/750 1626/1626/750 1624/1624/750
f 1625/1625/751 1627/1627/751 1628/1628/751 1626/1626/751
f 1626/1626/752 1628/1628/752 1611/1611/752 1609/1609/752
f 1624/1624/753 1626/1626/753 1609/1609/753 1607/1607/753
f 1627/1627/754 1629/1629/754 1630/1630/754 1628/1628/754
f 1629/1629/755 1615/1615/755 1618/1618/755 1630/1630/755
f 1630/1630/756 1618/1618/756 1599/1599/756 1613/1613/756
f 1628/1628/757 1630/1630/757 1613/1613/757 1611/1611/757
f 1631/1631/758 1632/1632/758 1633/1633/758 1634/1634/758
f 1632/1632/759 1635/1635/759 1636/1636/759 1633/1633/759
f 1633/1633/760 1636/1636/760 1637/1637/760 1638/1638/760
f 1634/1634/761 1633/1633/761 1638/1638/761 1639/1639/761
f 1635/1635/762 1640/1640/762 1641/1641/762 1636/1636/762
f 1640/1640/763 1642/1642/763 1643/1643/763 1641/1641/763
f 1641/1641/764 1643/1643/764 1644/1644/764 1645/1645/764
f 1636/1636/765 1641/1641/765 1645/1645/765 1637/1637/765
f 1642/1642/766 1646/1646/766 1647/1647/766 1643/1643/766
f 1646/1646/767 1648/1648/767 1649/1649/767 1647/1647/767
f 1647/1647/768 1649/1649/768 1650/1650/768 1651/1651/768
f 1643/1643/769 1647/1647/769 1651/1651/769 1644/1644/769
f 1648/1648/770 1652/1652/770 1653/1653/770 1649/1649/770
f 1652/1652/771 1631/1631/771 1634/1634/771 1653/1653/771
f 1653/1653/772 1634/1634/772 1639/1639/772 1654/1654/772
f 1649/1649/773 1653/1653/773 1654/1654/773 1650/1650/773
f 1655/1655/774 1656/1656/774 1657/1657/774 1658/1658/774
f 1656/1656/775 1659/1659/775 1660/1660/775 1657/1657/775
f 1657/1657/776 1660/1660/776 1635/1635/776 1632/1632/776
f 1658/1658/777 1657/1657/777 1632/1632/777 1631/1631/777
f 1659/1659/778 1661/1661/778 1662/1662/778 1660/1660/778
f 1661/1661/779 1663/1663/779 1664/1664/779 1662/1662/779
f 1662/1662/779 1664/1664/779 1642/1642/779 1640/1640/779
f 1660/1660/780 1662/1662/780 1640/1640/780 1635/1635/780
f 1663/1663/781 1665/1665/781 1666/1666/781 1664/1664/781
f 1665/1665/782 1667/1667/782 1668/1668/782 1666/1666/782
f 1666/1666/783 1668/1668/783 1648/1648/783 1646/1646/783
f 1664/1664/784 1666/1666/784 1646/1646/784 1642/1642/784
f 1667/1667/785 1669/1669/785 1670/1670/785 1668/1668/785
f 1669/1669/786 1655/1655/786 1658/1658/786 1670/1670/786
f 1670/1670/786 1658/1658/786 1631/1631/786 1652/1652/786
f 1668/1668/787 1670/1670/787 1652/1652/787 1648/1648/787
f 1671/1671/788 1672/1672/788 1673/1673/788 1674/1674/788
f 1672/1672/776 1675/1675/776 1676/1676/776 1673/1673/776
f 1673/1673/776 1676/1676/776 1659/1659/776 1656/1656/776
f 1674/1674/774 1673/1673/774 1656/1656/774 1655/1655/774
f 1675/1675/789 1677/1677/789 1678/1678/789 1676/1676/789
f 1677/1677/779 1679/1679/779 1680/1680/779 1678/1678/779
f 1678/1678/790 1680/1680/790 1663/1663/790 1661/1661/790
f 1676/1676/780 1678/1678/780 1661/1661/780 1659/1659/780
f 1679/1679/791 1681/1681/791 1682/1682/791 1680/1680/791
f 1681/1681/792 1683/1683/792 1684/1684/792 1682/1682/792
f 1682/1682/793 1684/1684/793 1667/1667/793 1665/1665/793
f 1680/1680/794 1682/1682/794 1665/1665/794 1663/1663/794
f 1683/1683/795 1685/1685/795 1686/1686/795 1684/1684/795
f 1685/1685/786 1671/1671/786 1674/1674/786 1686/1686/786
f 1686/1686/786 1674/1674/786 1655/1655/786 1669/1669/786
f 1684/1684/796 1686/1686/796 1669/1669/796 1667/1667/796
f 1687/1687/797 1688/1688/797 1689/1689/797 1690/1690/797
f 1688/1688/776 1691/1691/776 1692/1692/776 1689/1689/776
f 1689/1689/775 1692/1692/775 1675/1675/775 1672/1672/775
f 1690/1690/774 1689/1689/774 1672/1672/774 1671/1671/774
f 1691/1691/798 1693/1693/798 1694/1694/798 1692/1692/798
f 1693/1693/779 1695/1695/779 1696/1696/779 1694/1694/779
f 1694/1694/779 1696/1696/779 1679/1679/779 1677/1677/779
f 1692/1692/789 1694/1694/789 1677/1677/789 1675/1675/789
f 1695/1695/791 1697/1697/791 1698/1698/791 1696/1696/791
f 1697/1697/793 1699/1699/793 1700/1700/793 1698/1698/793
f 1698/1698/782 1700/1700/782 1683/1683/782 1681/1681/782
f 1696/1696/799 1698/1698/799 1681/1681/799 1679/1679/799
f 1699/1699/785 1701/1701/785 1702/1702/785 1700/1700/785
f 1701/1701/786 1687/1687/786 1690/1690/786 1702/1702/786
f 1702/1702/786 1690/1690/786 1671/1671/786 1685/1685/786
f 1700/1700/785 1702/1702/785 1685/1685/785 1683/1683/785
f 1703/1703/788 1704/1704/788 1705/1705/788 1706/1706/788
f 1704/1704/775 1707/1707/775 1708/1708/775 1705/1705/775
f 1705/1705/776 1708/1708/776 1691/1691/776 1688/1688/776
f 1706/1706/788 1705/1705/788 1688/1688/788 1687/1687/788
f 1707/1707/800 1709/1709/800 1710/1710/800 1708/1708/800
f 1709/1709/779 1711/1711/779 1712/1712/779 1710/1710/779
f 1710/1710/779 1712/1712/779 1695/1695/779 1693/1693/779
f 1708/1708/780 1710/1710/780 1693/1693/780 1691/1691/780
f 1711/1711/781 1713/1713/781 1714/1714/781 1712/1712/781
f 1713/1713/793 1715/1715/793 1716/1716/793 1714/1714/793
f 1714/1714/782 1716/1716/782 1699/1699/782 1697/1697/782
f 1712/1712/799 1714/1714/799 1697/1697/799 1695/1695/799
f 1715/1715/785 1717/1717/785 1718/1718/785 1716/1716/785
f 1717/1717/786 1703/1703/786 1706/1706/786 1718/1718/786
f 1718/1718/786 1706/1706/786 1687/1687/786 1701/1701/786
f 1716/1716/785 1718/1718/785 1701/1701/785 1699/1699/785
f 1719/1719/774 1720/1720/774 1721/1721/774 1722/1722/774
f 1720/1720/776 1723/1723/776 1724/1724/776 1721/1721/776
f 1721/1721/776 1724/1724/776 1707/1707/776 1704/1704/776
f 1722/1722/774 1721/1721/774 1704/1704/774 1703/1703/774
f 1723/1723/780 1725/1725/780 1726/1726/780 1724/1724/780
f 1725/1725/779 1727/1727/779 1728/1728/779 1726/1726/779
f 1726/1726/779 1728/1728/779 1711/1711/779 1709/1709/779
f 1724/1724/780 1726/1726/780 1709/1709/780 1707/1707/780
f 1727/1727/801 1729/1729/801 1730/1730/801 1728/1728/801
f 1729/1729/802 1731/1731/802 1732/1732/802 1730/1730/802
f 1730/1730/782 1732/1732/782 1715/1715/782 1713/1713/782
f 1728/1728/801 1730/1730/801 1713/1713/801 1711/1711/801
f 1731/1731/785 1733/1733/785 1734/1734/785 1732/1732/785
f 1733/1733/786 1719/1719/786 1722/1722/786 1734/1734/786
f 1734/1734/786 1722/1722/786 1703/1703/786 1717/1717/786
f 1732/1732/796 1734/1734/796 1717/1717/796 1715/1715/796
f 1735/1735/803 1736/1736/803 1737/1737/803 1738/1738/803
f 1736/1736/775 1739/1739/775 1740/1740/775 1737/1737/775
f 1737/1737/776 1740/1740/776 1723/1723/776 1720/1720/776
f 1738/1738/803 1737/1737/803 1720/1720/803 1719/1719/803
f 1739/1739/780 1741/1741/780 1742/1742/780 1740/1740/780
f 1741/1741/779 1743/1743/779 1744/1744/779 1742/1742/779
f 1742/1742/779 1744/1744/779 1727/1727/779 1725/1725/779
f 1740/1740/798 1742/1742/798 1725/1725/798 1723/1723/798
f 1743/1743/804 1745/1745/804 1746/1746/804 1744/1744/804
f 1745/1745/793 1747/1747/793 1748/1748/793 1746/1746/793
f 1746/1746/782 1748/1748/782 1731/1731/782 1729/1729/782
f 1744/1744/781 1746/1746/781 1729/1729/781 1727/1727/781
f 1747/1747/796 1749/1749/796 1750/1750/796 1748/1748/796
f 1749/1749/786 1735/1735/786 1738/1738/786 1750/1750/786
f 1750/1750/786 1738/1738/786 1719/1719/786 1733/1733/786
f 1748/1748/785 1750/1750/785 1733/1733/785 1731/1731/785
f 1751/1751/774 1752/1752/774 1753/1753/774 1754/1754/774
f 1752/1752/776 1755/1755/776 1756/1756/776 1753/1753/776
f 1753/1753/776 1756/1756/776 1739/1739/776 1736/1736/776
f 1754/1754/803 1753/1753/803 1736/1736/803 1735/1735/803
f 1755/1755/800 1757/1757/800 1758/1758/800 1756/1756/800
f 1757/1757/779 1759/1759/779 1760/1760/779 1758/1758/779
f 1758/1758/779 1760/1760/779 1743/1743/779 1741/1741/779
f 1756/1756/780 1758/1758/780 1741/1741/780 1739/1739/780
f 1759/1759/799 1761/1761/799 1762/1762/799 1760/1760/799
f 1761/1761/793 1763/1763/793 1764/1764/793 1762/1762/793
f 1762/1762/783 1764/1764/783 1747/1747/783 1745/1745/783
f 1760/1760/805 1762/1762/805 1745/1745/805 1743/1743/805
f 1763/1763/795 1765/1765/795 1766/1766/795 1764/1764/795
f 1765/1765/786 1751/1751/786 1754/1754/786 1766/1766/786
f 1766/1766/786 1754/1754/786 1735/1735/786 1749/1749/786
f 1764/1764/785 1766/1766/785 1749/1749/785 1747/1747/785
f 1767/1767/803 1768/1768/803 1769/1769/803 1770/1770/803
f 1768/1768/776 1771/1771/776 1772/1772/776 1769/1769/776
f 1769/1769/775 1772/1772/775 1755/1755/775 1752/1752/775
f 1770/1770/803 1769/1769/803 1752/1752/803 1751/1751/803
f 1771/1771/780 1773/1773/780 1774/1774/780 1772/1772/780
f 1773/1773/779 1775/1775/779 1776/1776/779 1774/1774/779
f 1774/1774/779 1776/1776/779 1759/1759/779 1757/1757/779
f 1772/1772/806 1774/1774/806 1757/1757/806 1755/1755/806
f 1775/1775/794 1777/1777/794 1778/1778/794 1776/1776/794
f 1777/1777/782 1779/1779/782 1780/1780/782 1778/1778/782
f 1778/1778/782 1780/1780/782 1763/1763/782 1761/1761/782
f 1776/1776/799 1778/1778/799 1761/1761/799 1759/1759/799
f 1779/1779/796 1781/1781/796 1782/1782/796 1780/1780/796
f 1781/1781/786 1767/1767/786 1770/1770/786 1782/1782/786
f 1782/1782/786 1770/1770/786 1751/1751/786 1765/1765/786
f 1780/1780/785 1782/1782/785 1765/1765/785 1763/1763/785
f 1783/1783/807 1784/1784/807 1785/1785/807 1786/1786/807
f 1784/1784/775 1787/1787/775 1788/1788/775 1785/1785/775
f 1785/1785/775 1788/1788/775 1771/1771/775 1768/1768/775
f 1786/1786/774 1785/1785/774 1768/1768/774 1767/1767/774
f 1787/1787/789 1789/1789/789 1790/1790/789 1788/1788/789
f 1789/1789/779 1791/1791/779 1792/1792/779 1790/1790/779
f 1790/1790/779 1792/1792/779 1775/1775/779 1773/1773/779
f 1788/1788/789 1790/1790/789 1773/1773/789 1771/1771/789
f 1791/1791/805 1793/1793/805 1794/1794/805 1792/1792/805
f 1793/1793/793 1795/1795/793 1796/1796/793 1794/1794/793
f 1794/1794/782 1796/1796/782 1779/1779/782 1777/1777/782
f 1792/1792/781 1794/1794/781 1777/1777/781 1775/1775/781
f 1795/1795/785 1797/1797/785 1798/1798/785 1796/1796/785
f 1797/1797/786 1783/1783/786 1786/1786/786 1798/1798/786
f 1798/1798/786 1786/1786/786 1767/1767/786 1781/1781/786
f 1796/1796/785 1798/1798/785 1781/1781/785 1779/1779/785
f 1487/1487/808 1486/1486/808 1799/1799/808 1800/1800/808
f 1486/1486/809 1485/1485/809 1801/1801/809 1799/1799/809
f 1799/1799/775 1801/1801/775 1787/1787/775 1784/1784/775
f 1800/1800/810 1799/1799/810 1784/1784/810 1783/1783/810
f 1485/1485/811 1493/1493/811 1802/1802/811 1801/1801/811
f 1493/1493/812 1492/1492/812 1803/1803/812 1802/1802/812
f 1802/1802/813 1803/1803/813 1791/1791/813 1789/1789/813
f 1801/1801/814 1802/1802/814 1789/1789/814 1787/1787/814
f 1492/1492/815 1499/1499/815 1804/1804/815 1803/1803/815
f 1499/1499/816 1498/1498/816 1805/1805/816 1804/1804/816
f 1804/1804/817 1805/1805/817 1795/1795/817 1793/1793/817
f 1803/1803/818 1804/1804/818 1793/1793/818 1791/1791/818
f 1498/1498/819 1502/1502/819 1806/1806/819 1805/1805/819
f 1502/1502/820 1487/1487/820 1800/1800/820 1806/1806/820
f 1806/1806/821 1800/1800/821 1783/1783/821 1797/1797/821
f 1805/1805/822 1806/1806/822 1797/1797/822 1795/1795/822
f 1807/1807/823 1808/1808/823 1809/1809/823 1810/1810/823
f 1808/1808/824 1811/1811/824 1812/1812/824 1809/1809/824
f 1809/1809/825 1812/1812/825 1145/1145/825 1142/1142/825
f 1810/1810/826 1809/1809/826 1142/1142/826 1141/1141/826
f 1811/1811/827 1813/1813/827 1814/1814/827 1812/1812/827
f 1813/1813/828 1815/1815/828 1816/1816/828 1814/1814/828
f 1814/1814/829 1816/1816/829 1147/1147/829 1146/1146/829
f 1812/1812/830 1814/1814/830 1146/1146/830 1145/1145/830
f 1815/1815/831 1817/1817/831 1818/1818/831 1816/1816/831
f 1817/1817/832 1819/1819/832 1820/1820/832 1818/1818/832
f 1818/1818/833 1820/1820/833 1149/1149/833 1148/1148/833
f 1816/1816/834 1818/1818/834 1148/1148/834 1147/1147/834
f 1819/1819/835 1821/1821/835 1822/1822/835 1820/1820/835
f 1821/1821/836 1807/1807/836 1810/1810/836 1822/1822/836
f 1822/1822/837 1810/1810/837 1141/1141/837 1144/1144/837
f 1820/1820/838 1822/1822/838 1144/1144/838 1149/1149/838
f 1823/1823/839 1824/1824/839 1825/1825/839 1826/1826/839
f 1824/1824/840 1827/1827/840 1828/1828/840 1825/1825/840
f 1825/1825/841 1828/1828/841 1811/1811/841 1808/1808/841
f 1826/1826/842 1825/1825/842 1808/1808/842 1807/1807/842
f 1827/1827/843 1829/1829/843 1830/1830/843 1828/1828/843
f 1829/1829/844 1831/1831/844 1832/1832/844 1830/1830/844
f 1830/1830/844 1832/1832/844 1815/1815/844 1813/1813/844
f 1828/1828/845 1830/1830/845 1813/1813/845 1811/1811/845
f 1831/1831/846 1833/1833/846 1834/1834/846 1832/1832/846
f 1833/1833/847 1835/1835/847 1836/1836/847 1834/1834/847
f 1834/1834/848 1836/1836/848 1819/1819/848 1817/1817/848
f 1832/1832/849 1834/1834/849 1817/1817/849 1815/1815/849
f 1835/1835/850 1837/1837/850 1838/1838/850 1836/1836/850
f 1837/1837/851 1823/1823/851 1826/1826/851 1838/1838/851
f 1838/1838/851 1826/1826/851 1807/1807/851 1821/1821/851
f 1836/1836/852 1838/1838/852 1821/1821/852 1819/1819/852
f 1839/1839/853 1840/1840/853 1841/1841/853 1842/1842/853
f 1840/1840/840 1843/1843/840 1844/1844/840 1841/1841/840
f 1841/1841/841 1844/1844/841 1827/1827/841 1824/1824/841
f 1842/1842/854 1841/1841/854 1824/1824/854 1823/1823/854
f 1843/1843/845 1845/1845/845 1846/1846/845 1844/1844/845
f 1845/1845/844 1847/1847/844 1848/1848/844 1846/1846/844
f 1846/1846/844 1848/1848/844 1831/1831/844 1829/1829/844
f 1844/1844/845 1846/1846/845 1829/1829/845 1827/1827/845
f 1847/1847/849 1849/1849/849 1850/1850/849 1848/1848/849
f 1849/1849/855 1851/1851/855 1852/1852/855 1850/1850/855
f 1850/1850/848 1852/1852/848 1835/1835/848 1833/1833/848
f 1848/1848/849 1850/1850/849 1833/1833/849 1831/1831/849
f 1851/1851/850 1853/1853/850 1854/1854/850 1852/1852/850
f 1853/1853/851 1839/1839/851 1842/1842/851 1854/1854/851
f 1854/1854/851 1842/1842/851 1823/1823/851 1837/1837/851
f 1852/1852/852 1854/1854/852 1837/1837/852 1835/1835/852
f 1855/1855/856 1856/1856/856 1857/1857/856 1858/1858/856
f 1856/1856/841 1859/1859/841 1860/1860/841 1857/1857/841
f 1857/1857/841 1860/1860/841 1843/1843/841 1840/1840/841
f 1858/1858/857 1857/1857/857 1840/1840/857 1839/1839/857
f 1859/1859/845 1861/1861/845 1862/1862/845 1860/1860/845
f 1861/1861/844 1863/1863/844 1864/1864/844 1862/1862/844
f 1862/1862/844 1864/1864/844 1847/1847/844 1845/1845/844
f 1860/1860/845 1862/1862/845 1845/1845/845 1843/1843/845
f 1863/1863/858 1865/1865/858 1866/1866/858 1864/1864/858
f 1865/1865/848 1867/1867/848 1868/1868/848 1866/1866/848
f 1866/1866/859 1868/1868/859 1851/1851/859 1849/1849/859
f 1864/1864/849 1866/1866/849 1849/1849/849 1847/1847/849
f 1867/1867/850 1869/1869/850 1870/1870/850 1868/1868/850
f 1869/1869/860 1855/1855/860 1858/1858/860 1870/1870/860
f 1870/1870/861 1858/1858/861 1839/1839/861 1853/1853/861
f 1868/1868/852 1870/1870/852 1853/1853/852 1851/1851/852
f 1871/1871/842 1872/1872/842 1873/1873/842 1874/1874/842
f 1872/1872/841 1875/1875/841 1876/1876/841 1873/1873/841
f 1873/1873/840 1876/1876/840 1859/1859/840 1856/1856/840
f 1874/1874/853 1873/1873/853 1856/1856/853 1855/1855/853
f 1875/1875/845 1877/1877/845 1878/1878/845 1876/1876/845
f 1877/1877/844 1879/1879/844 1880/1880/844 1878/1878/844
f 1878/1878/844 1880/1880/844 1863/1863/844 1861/1861/844
f 1876/1876/845 1878/1878/845 1861/1861/845 1859/1859/845
f 1879/1879/862 1881/1881/862 1882/1882/862 1880/1880/862
f 1881/1881/848 1883/1883/848 1884/1884/848 1882/1882/848
f 1882/1882/848 1884/1884/848 1867/1867/848 1865/1865/848
f 1880/1880/863 1882/1882/863 1865/1865/863 1863/1863/863
f 1883/1883/864 1885/1885/864 1886/1886/864 1884/1884/864
f 1885/1885/851 1871/1871/851 1874/1874/851 1886/1886/851
f 1886/1886/851 1874/1874/851 1855/1855/851 1869/1869/851
f 1884/1884/852 1886/1886/852 1869/1869/852 1867/1867/852
f 1887/1887/853 1888/1888/853 1889/1889/853 1890/1890/853
f 1888/1888/841 1891/1891/841 1892/1892/841 1889/1889/841
f 1889/1889/840 1892/1892/840 1875/1875/840 1872/1872/840
f 1890/1890/865 1889/1889/865 1872/1872/865 1871/1871/865
f 1891/1891/845 1893/1893/845 1894/1894/845 1892/1892/845
f 1893/1893/844 1895/1895/844 1896/1896/844 1894/1894/844
f 1894/1894/844 1896/1896/844 1879/1879/844 1877/1877/844
f 1892/1892/843 1894/1894/843 1877/1877/843 1875/1875/843
f 1895/1895/849 1897/1897/849 1898/1898/849 1896/1896/849
f 1897/1897/847 1899/1899/847 1900/1900/847 1898/1898/847
f 1898/1898/866 1900/1900/866 1883/1883/866 1881/1881/866
f 1896/1896/846 1898/1898/846 1881/1881/846 1879/1879/846
f 1899/1899/852 1901/1901/852 1902/1902/852 1900/1900/852
f 1901/1901/851 1887/1887/851 1890/1890/851 1902/1902/851
f 1902/1902/860 1890/1890/860 1871/1871/860 1885/1885/860
f 1900/1900/852 1902/1902/852 1885/1885/852 1883/1883/852
f 1903/1903/857 1904/1904/857 1905/1905/857 1906/1906/857
f 1904/1904/867 1907/1907/867 1908/1908/867 1905/1905/867
f 1905/1905/841 1908/1908/841 1891/1891/841 1888/1888/841
f 1906/1906/839 1905/1905/839 1888/1888/839 1887/1887/839
f 1907/1907/845 1909/1909/845 1910/1910/845 1908/1908/845
f 1909/1909/844 1911/1911/844 1912/1912/844 1910/1910/844
f 1910/1910/844 1912/1912/844 1895/1895/844 1893/1893/844
f 1908/1908/843 1910/1910/843 1893/1893/843 1891/1891/843
f 1911/1911/862 1913/1913/862 1914/1914/862 1912/1912/862
f 1913/1913/855 1915/1915/855 1916/1916/855 1914/1914/855
f 1914/1914/847 1916/1916/847 1899/1899/847 1897/1897/847
f 1912/1912/863 1914/1914/863 1897/1897/863 1895/1895/863
f 1915/1915/864 1917/1917/864 1918/1918/864 1916/1916/864
f 1917/1917/851 1903/1903/851 1906/1906/851 1918/1918/851
f 1918/1918/851 1906/1906/851 1887/1887/851 1901/1901/851
f 1916/1916/850 1918/1918/850 1901/1901/850 1899/1899/850
f 1639/1639/868 1638/1638/868 1919/1919/868 1920/1920/868
f 1638/1638/869 1637/1637/869 1921/1921/869 1919/1919/869
f 1919/1919/870 1921/1921/870 1907/1907/870 1904/1904/870
f 1920/1920/871 1919/1919/871 1904/1904/871 1903/1903/871
f 1637/1637/872 1645/1645/872 1922/1922/872 1921/1921/872
f 1645/1645/873 1644/1644/873 1923/1923/873 1922/1922/873
f 1922/1922/874 1923/1923/874 1911/1911/874 1909/1909/874
f 1921/1921/875 1922/1922/875 1909/1909/875 1907/1907/875
f 1644/1644/876 1651/1651/876 1924/1924/876 1923/1923/876
f 1651/1651/877 1650/1650/877 1925/1925/877 1924/1924/877
f 1924/1924/878 1925/1925/878 1915/1915/878 1913/1913/878
f 1923/1923/879 1924/1924/879 1913/1913/879 1911/1911/879
f 1650/1650/880 1654/1654/880 1926/1926/880 1925/1925/880
f 1654/1654/881 1639/1639/881 1920/1920/881 1926/1926/881
f 1926/1926/882 1920/1920/882 1903/1903/882 1917/1917/882
f 1925/1925/883 1926/1926/883 1917/1917/883 1915/1915/883
f 1158/1158/884 1157/1157/884 1927/1927/884 1928/1928/884
f 1157/1157/885 1156/1156/885 1929/1929/885 1927/1927/885
f 1927/1927/886 1929/1929/886 1347/1347/886 1344/1344/886
f 1928/1928/887 1927/1927/887 1344/1344/887 1343/1343/887
f 1156/1156/888 1155/1155/888 1930/1930/888 1929/1929/888
f 1155/1155/889 1154/1154/889 1931/1931/889 1930/1930/889
f 1930/1930/890 1931/1931/890 1351/1351/890 1349/1349/890
f 1929/1929/891 1930/1930/891 1349/1349/891 1347/1347/891
f 1154/1154/892 1151/1151/892 1932/1932/892 1931/1931/892
f 1151/1151/893 1150/1150/893 1933/1933/893 1932/1932/893
f 1932/1932/894 1933/1933/894 1355/1355/894 1353/1353/894
f 1931/1931/895 1932/1932/895 1353/1353/895 1351/1351/895
f 1150/1150/896 1153/1153/896 1934/1934/896 1933/1933/896
f 1153/1153/897 1158/1158/897 1928/1928/897 1934/1934/897
f 1934/1934/898 1928/1928/898 1343/1343/898 1357/1357/898
f 1933/1933/899 1934/1934/899 1357/1357/899 1355/1355/899
f 1935/1935/900 1936/1936/900 1937/1937/900 1938/1938/900
f 1936/1936/901 1939/1939/901 1940/1940/901 1937/1937/901
f 1937/1937/902 1940/1940/902 1619/1619/902 1616/1616/902
f 1938/1938/903 1937/1937/903 1616/1616/903 1615/1615/903
f 1939/1939/904 1941/1941/904 1942/1942/904 1940/1940/904
f 1941/1941/905 1943/1943/905 1944/1944/905 1942/1942/905
f 1942/1942/906 1944/1944/906 1623/1623/906 1621/1621/906
f 1940/1940/907 1942/1942/907 1621/1621/907 1619/1619/907
f 1943/1943/908 1945/1945/908 1946/1946/908 1944/1944/908
f 1945/1945/909 1947/1947/909 1948/1948/909 1946/1946/909
f 1946/1946/910 1948/1948/910 1627/1627/910 1625/1625/910
f 1944/1944/911 1946/1946/911 1625/1625/911 1623/1623/911
f 1947/1947/912 1949/1949/912 1950/1950/912 1948/1948/912
f 1949/1949/913 1935/1935/913 1938/1938/913 1950/1950/913
f 1950/1950/914 1938/1938/914 1615/1615/914 1629/1629/914
f 1948/1948/915 1950/1950/915 1629/1629/915 1627/1627/915
f 1951/1951/916 1952/1952/916 1953/1953/916 1954/1954/916
f 1952/1952/917 1955/1955/917 1956/1956/917 1953/1953/917
f 1953/1953/918 1956/1956/918 1939/1939/918 1936/1936/918
f 1954/1954/919 1953/1953/919 1936/1936/919 1935/1935/919
f 1955/1955/920 1957/1957/920 1958/1958/920 1956/1956/920
f 1957/1957/921 1959/1959/921 1960/1960/921 1958/1958/921
f 1958/1958/922 1960/1960/922 1943/1943/922 1941/1941/922
f 1956/1956/923 1958/1958/923 1941/1941/923 1939/1939/923
f 1959/1959/924 1961/1961/924 1962/1962/924 1960/1960/924
f 1961/1961/925 1963/1963/925 1964/1964/925 1962/1962/925
f 1962/1962/926 1964/1964/926 1947/1947/926 1945/1945/926
f 1960/1960/927 1962/1962/927 1945/1945/927 1943/1943/927
f 1963/1963/928 1965/1965/928 1966/1966/928 1964/1964/928
f 1965/1965/929 1951/1951/929 1954/1954/929 1966/1966/929
f 1966/1966/930 1954/1954/930 1935/1935/930 1949/1949/930
f 1964/1964/931 1966/1966/931 1949/1949/931 1947/1947/931
f 1967/1967/932 1968/1968/932 1969/1969/932 1970/1970/932
f 1968/1968/933 1971/1971/933 1972/1972/933 1969/1969/933
f 1969/1969/917 1972/1972/917 1955/1955/917 1952/1952/917
f 1970/1970/916 1969/1969/916 1952/1952/916 1951/1951/916
f 1971/1971/934 1973/1973/934 1974/1974/934 1972/1972/934
f 1973/1973/921 1975/1975/921 1976/1976/921 1974/1974/921
f 1974/1974/921 1976/1976/921 1959/1959/921 1957/1957/921
f 1972/1972/920 1974/1974/920 1957/1957/920 1955/1955/920
f 1975/1975/935 1977/1977/935 1978/1978/935 1976/1976/935
f 1977/1977/936 1979/1979/936 1980/1980/936 1978/1978/936
f 1978/1978/937 1980/1980/937 1963/1963/937 1961/1961/937
f 1976/1976/927 1978/1978/927 1961/1961/927 1959/1959/927
f 1979/1979/938 1981/1981/938 1982/1982/938 1980/1980/938
f 1981/1981/929 1967/1967/929 1970/1970/929 1982/1982/929
f 1982/1982/929 1970/1970/929 1951/1951/929 1965/1965/929
f 1980/1980/939 1982/1982/939 1965/1965/939 1963/1963/939
f 1983/1983/940 1984/1984/940 1985/1985/940 1986/1986/940
f 1984/1984/917 1987/1987/917 1988/1988/917 1985/1985/917
f 1985/1985/941 1988/1988/941 1971/1971/941 1968/1968/941
f 1986/1986/940 1985/1985/940 1968/1968/940 1967/1967/940
f 1987/1987/934 1989/1989/934 1990/1990/934 1988/1988/934
f 1989/1989/921 1991/1991/921 1992/1992/921 1990/1990/921
f 1990/1990/921 1992/1992/921 1975/1975/921 1973/1973/921
f 1988/1988/934 1990/1990/934 1973/1973/934 1971/1971/934
f 1991/1991/927 1993/1993/927 1994/1994/927 1992/1992/927
f 1993/1993/937 1995/1995/937 1996/1996/937 1994/1994/937
f 1994/1994/942 1996/1996/942 1979/1979/942 1977/1977/942
f 1992/1992/935 1994/1994/935 1977/1977/935 1975/1975/935
f 1995/1995/938 1997/1997/938 1998/1998/938 1996/1996/938
f 1997/1997/943 1983/1983/943 1986/1986/943 1998/1998/943
f 1998/1998/943 1986/1986/943 1967/1967/943 1981/1981/943
f 1996/1996/938 1998/1998/938 1981/1981/938 1979/1979/938
f 1999/1999/944 2000/2000/944 2001/2001/944 2002/2002/944
f 2000/2000/945 2003/2003/945 2004/2004/945 2001/2001/945
f 2001/2001/946 2004/2004/946 1987/1987/946 1984/1984/946
f 2002/2002/947 2001/2001/947 1984/1984/947 1983/1983/947
f 2003/2003/948 2005/2005/948 2006/2006/948 2004/2004/948
f 2005/2005/949 2007/2007/949 2008/2008/949 2006/2006/949
f 2006/2006/950 2008/2008/950 1991/1991/950 1989/1989/950
f 2004/2004/951 2006/2006/951 1989/1989/951 1987/1987/951
f 2007/2007/952 2009/2009/952 2010/2010/952 2008/2008/952
f 2009/2009/953 2011/2011/953 2012/2012/953 2010/2010/953
f 2010/2010/954 2012/2012/954 1995/1995/954 1993/1993/954
f 2008/2008/955 2010/2010/955 1993/1993/955 1991/1991/955
f 2011/2011/956 2013/2013/956 2014/2014/956 2012/2012/956
f 2013/2013/957 1999/1999/957 2002/2002/957 2014/2014/957
f 2014/2014/958 2002/2002/958 1983/1983/958 1997/1997/958
f 2012/2012/959 2014/2014/959 1997/1997/959 1995/1995/959
f 1367/1367/960 1366/1366/960 2015/2015/960 2016/2016/960
f 1366/1366/961 1365/1365/961 2017/2017/961 2015/2015/961
f 2015/2015/962 2017/2017/962 2003/2003/962 2000/2000/962
f 2016/2016/963 2015/2015/963 2000/2000/963 1999/1999/963
f 1365/1365/964 1373/1373/964 2018/2018/964 2017/2017/964
f 1373/1373/965 1372/1372/965 2019/2019/965 2018/2018/965
f 2018/2018/966 2019/2019/966 2007/2007/966 2005/2005/966
f 2017/2017/967 2018/2018/967 2005/2005/967 2003/2003/967
f 1372/1372/968 1379/1379/968 2020/2020/968 2019/2019/968
f 1379/1379/969 1378/1378/969 2021/2021/969 2020/2020/969
f 2020/2020/970 2021/2021/970 2011/2011/970 2009/2009/970
f 2019/2019/971 2020/2020/971 2009/2009/971 2007/2007/971
f 1378/1378/972 1382/1382/972 2022/2022/972 2021/2021/972
f 1382/1382/973 1367/1367/973 2016/2016/973 2022/2022/973
f 2022/2022/974 2016/2016/974 1999/1999/974 2013/2013/974
f 2021/2021/975 2022/2022/975 2013/2013/975 2011/2011/975
f 2023/2023/976 2024/2024/976 2025/2025/976 2026/2026/976
f 2024/2024/977 2027/2027/977 2028/2028/977 2025/2025/977
f 2025/2025/978 2028/2028/978 1467/1467/978 1464/1464/978
f 2026/2026/979 2025/2025/979 1464/1464/979 1463/1463/979
f 2027/2027/980 2029/2029/980 2030/2030/980 2028/2028/980
f 2029/2029/981 2031/2031/981 2032/2032/981 2030/2030/981
f 2030/2030/982 2032/2032/982 1471/1471/982 1469/1469/982
f 2028/2028/983 2030/2030/983 1469/1469/983 1467/1467/983
f 2031/2031/984 2033/2033/984 2034/2034/984 2032/2032/984
f 2033/2033/985 2035/2035/985 2036/2036/985 2034/2034/985
f 2034/2034/986 2036/2036/986 1475/1475/986 1473/1473/986
f 2032/2032/987 2034/2034/987 1473/1473/987 1471/1471/987
f 2035/2035/988 2037/2037/988 2038/2038/988 2036/2036/988
f 2037/2037/989 2023/2023/989 2026/2026/989 2038/2038/989
f 2038/2038/990 2026/2026/990 1463/1463/990 1477/1477/990
f 2036/2036/991 2038/2038/991 1477/1477/991 1475/1475/991
f 2039/2039/992 2040/2040/992 2041/2041/992 2042/2042/992
f 2040/2040/993 2043/2043/993 2044/2044/993 2041/2041/993
f 2041/2041/994 2044/2044/994 2027/2027/994 2024/2024/994
f 2042/2042/995 2041/2041/995 2024/2024/995 2023/2023/995
f 2043/2043/996 2045/2045/996 2046/2046/996 2044/2044/996
f 2045/2045/997 2047/2047/997 2048/2048/997 2046/2046/997
f 2046/2046/998 2048/2048/998 2031/2031/998 2029/2029/998
f 2044/2044/999 2046/2046/999 2029/2029/999 2027/2027/999
f 2047/2047/1000 2049/2049/1000 2050/2050/1000 2048/2048/1000
f 2049/2049/1001 2051/2051/1001 2052/2052/1001 2050/2050/1001
f 2050/2050/1002 2052/2052/1002 2035/2035/1002 2033/2033/1002
f 2048/2048/1003 2050/2050/1003 2033/2033/1003 2031/2031/1003
f 2051/2051/1004 2053/2053/1004 2054/2054/1004 2052/2052/1004
f 2053/2053/1005 2039/2039/1005 2042/2042/1005 2054/2054/1005
f 2054/2054/1006 2042/2042/1006 2023/2023/1006 2037/2037/1006
f 2052/2052/1007 2054/2054/1007 2037/2037/1007 2035/2035/1007
f 2055/2055/1008 2056/2056/1008 2057/2057/1008 2058/2058/1008
f 2056/2056/1009 2059/2059/1009 2060/2060/1009 2057/2057/1009
f 2057/2057/1010 2060/2060/1010 2043/2043/1010 2040/2040/1010
f 2058/2058/1008 2057/2057/1008 2040/2040/1008 2039/2039/1008
f 2059/2059/1011 2061/2061/1011 2062/2062/1011 2060/2060/1011
f 2061/2061/1012 2063/2063/1012 2064/2064/1012 2062/2062/1012
f 2062/2062/1012 2064/2064/1012 2047/2047/1012 2045/2045/1012
f 2060/2060/1013 2062/2062/1013 2045/2045/1013 2043/2043/1013
f 2063/2063/1014 2065/2065/1014 2066/2066/1014 2064/2064/1014
f 2065/2065/1015 2067/2067/1015 2068/2068/1015 2066/2066/1015
f 2066/2066/1016 2068/2068/1016 2051/2051/1016 2049/2049/1016
f 2064/2064/1017 2066/2066/1017 2049/2049/1017 2047/2047/1017
f 2067/2067/1018 2069/2069/1018 2070/2070/1018 2068/2068/1018
f 2069/2069/1019 2055/2055/1019 2058/2058/1019 2070/2070/1019
f 2070/2070/1020 2058/2058/1020 2039/2039/1020 2053/2053/1020
f 2068/2068/1018 2070/2070/1018 2053/2053/1018 2051/2051/1018
f 2071/2071/1021 2072/2072/1021 2073/2073/1021 2074/2074/1021
f 2072/2072/1022 2075/2075/1022 2076/2076/1022 2073/2073/1022
f 2073/2073/1023 2076/2076/1023 2059/2059/1023 2056/2056/1023
f 2074/2074/1021 2073/2073/1021 2056/2056/1021 2055/2055/1021
f 2075/2075/1013 2077/2077/1013 2078/2078/1013 2076/2076/1013
f 2077/2077/997 2079/2079/997 2080/2080/997 2078/2078/997
f 2078/2078/997 2080/2080/997 2063/2063/997 2061/2061/997
f 2076/2076/1011 2078/2078/1011 2061/2061/1011 2059/2059/1011
f 2079/2079/1024 2081/2081/1024 2082/2082/1024 2080/2080/1024
f 2081/2081/1016 2083/2083/1016 2084/2084/1016 2082/2082/1016
f 2082/2082/1016 2084/2084/1016 2067/2067/1016 2065/2065/1016
f 2080/2080/1025 2082/2082/1025 2065/2065/1025 2063/2063/1025
f 2083/2083/1004 2085/2085/1004 2086/2086/1004 2084/2084/1004
f 2085/2085/1020 2071/2071/1020 2074/2074/1020 2086/2086/1020
f 2086/2086/1020 2074/2074/1020 2055/2055/1020 2069/2069/1020
f 2084/2084/1026 2086/2086/1026 2069/2069/1026 2067/2067/1026
f 2087/2087/1008 2088/2088/1008 2089/2089/1008 2090/2090/1008
f 2088/2088/1027 2091/2091/1027 2092/2092/1027 2089/2089/1027
f 2089/2089/1028 2092/2092/1028 2075/2075/1028 2072/2072/1028
f 2090/2090/1008 2089/2089/1008 2072/2072/1008 2071/2071/1008
f 2091/2091/1013 2093/2093/1013 2094/2094/1013 2092/2092/1013
f 2093/2093/1012 2095/2095/1012 2096/2096/1012 2094/2094/1012
f 2094/2094/1012 2096/2096/1012 2079/2079/1012 2077/2077/1012
f 2092/2092/1013 2094/2094/1013 2077/2077/1013 2075/2075/1013
f 2095/2095/1025 2097/2097/1025 2098/2098/1025 2096/2096/1025
f 2097/2097/1029 2099/2099/1029 2100/2100/1029 2098/2098/1029
f 2098/2098/1015 2100/2100/1015 2083/2083/1015 2081/2081/1015
f 2096/2096/1030 2098/2098/1030 2081/2081/1030 2079/2079/1030
f 2099/2099/1004 2101/2101/1004 2102/2102/1004 2100/2100/1004
f 2101/2101/1020 2087/2087/1020 2090/2090/1020 2102/2102/1020
f 2102/2102/1020 2090/2090/1020 2071/2071/1020 2085/2085/1020
f 2100/2100/1026 2102/2102/1026 2085/2085/1026 2083/2083/1026
f 2103/2103/1031 2104/2104/1031 2105/2105/1031 2106/2106/1031
f 2104/2104/1032 2107/2107/1032 2108/2108/1032 2105/2105/1032
f 2105/2105/1033 2108/2108/1033 2091/2091/1033 2088/2088/1033
f 2106/2106/1034 2105/2105/1034 2088/2088/1034 2087/2087/1034
f 2107/2107/1035 2109/2109/1035 2110/2110/1035 2108/2108/1035
f 2109/2109/1036 2111/2111/1036 2112/2112/1036 2110/2110/1036
f 2110/2110/1037 2112/2112/1037 2095/2095/1037 2093/2093/1037
f 2108/2108/1038 2110/2110/1038 2093/2093/1038 2091/2091/1038
f 2111/2111/1039 2113/2113/1039 2114/2114/1039 2112/2112/1039
f 2113/2113/1040 2115/2115/1040 2116/2116/1040 2114/2114/1040
f 2114/2114/1041 2116/2116/1041 2099/2099/1041 2097/2097/1041
f 2112/2112/1042 2114/2114/1042 2097/2097/1042 2095/2095/1042
f 2115/2115/1043 2117/2117/1043 2118/2118/1043 2116/2116/1043
f 2117/2117/1044 2103/2103/1044 2106/2106/1044 2118/2118/1044
f 2118/2118/1019 2106/2106/1019 2087/2087/1019 2101/2101/1019
f 2116/2116/1045 2118/2118/1045 2101/2101/1045 2099/2099/1045
f 1167/1167/1046 1166/1166/1046 2119/2119/1046 2120/2120/1046
f 1166/1166/1047 1165/1165/1047 2121/2121/1047 2119/2119/1047
f 2119/2119/1048 2121/2121/1048 2107/2107/1048 2104/2104/1048
f 2120/2120/1049 2119/2119/1049 2104/2104/1049 2103/2103/1049
f 1165/1165/1050 1173/1173/1050 2122/2122/1050 2121/2121/1050
f 1173/1173/1051 1172/1172/1051 2123/2123/1051 2122/2122/1051
f 2122/2122/1052 2123/2123/1052 2111/2111/1052 2109/2109/1052
f 2121/2121/1053 2122/2122/1053 2109/2109/1053 2107/2107/1053
f 1172/1172/1054 1179/1179/1054 2124/2124/1054 2123/2123/1054
f 1179/1179/1055 1178/1178/1055 2125/2125/1055 2124/2124/1055
f 2124/2124/1056 2125/2125/1056 2115/2115/1056 2113/2113/1056
f 2123/2123/1057 2124/2124/1057 2113/2113/1057 2111/2111/1057
f 1178/1178/1058 1182/1182/1058 2126/2126/1058 2125/2125/1058
f 1182/1182/1059 1167/1167/1059 2120/2120/1059 2126/2126/1059
f 2126/2126/1060 2120/2120/1060 2103/2103/1060 2117/2117/1060
f 2125/2125/1061 2126/2126/1061 2117/2117/1061 2115/2115/1061
usemtl Material.021
f 2127/2127/1062 2128/2128/1062 2129/2129/1062 2130/2130/1062
f 2128/2128/1063 2131/2131/1063 2132/2132/1063 2129/2129/1063
f 2129/2129/1064 2132/2132/1064 2133/2133/1064 2134/2134/1064
f 2130/2130/1065 2129/2129/1065 2134/2134/1065 2135/2135/1065
f 2135/2135/1066 2134/2134/1066 2136/2136/1066 2137/2137/1066
f 2134/2134/1067 2133/2133/1067 2138/2138/1067 2136/2136/1067
f 2136/2136/1068 2138/2138/1068 2139/2139/1068 2140/2140/1068
f 2137/2137/1069 2136/2136/1069 2140/2140/1069 2141/2141/1069
f 2141/2141/1070 2140/2140/1070 2142/2142/1070 2143/2143/1070
f 2140/2140/1071 2139/2139/1071 2144/2144/1071 2142/2142/1071
f 2142/2142/1072 2144/2144/1072 2145/2145/1072 2146/2146/1072
f 2143/2143/1073 2142/2142/1073 2146/2146/1073 2147/2147/1073
f 2147/2147/1074 2146/2146/1074 2148/2148/1074 2149/2149/1074
f 2146/2146/1075 2145/2145/1075 2150/2150/1075 2148/2148/1075
f 2148/2148/1076 2150/2150/1076 2131/2151/1076 2128/2152/1076
f 2149/2149/1077 2148/2148/1077 2128/2152/1077 2127/2153/1077
f 2135/2154/1078 2137/2155/1078 2151/2156/1078 2130/2157/1078
f 2137/2155/1079 2141/2141/1079 2143/2143/1079 2151/2156/1079
f 2151/2156/1080 2143/2143/1080 2147/2147/1080 2149/2158/1080
f 2130/2157/1081 2151/2156/1081 2149/2158/1081 2127/2159/1081
f 2139/2139/1082 2138/2160/1082 2152/2161/1082 2144/2144/1082
f 2138/2160/1083 2133/2162/1083 2132/2163/1083 2152/2161/1083
f 2152/2161/1084 2132/2163/1084 2131/2164/1084 2150/2165/1084
f 2144/2144/1085 2152/2161/1085 2150/2165/1085 2145/2145/1085
f 2153/2166/1086 2154/2167/1086 2155/2168/1086 2156/2169/1086
f 2154/2167/1087 2157/2170/1087 2158/2171/1087 2155/2168/1087
f 2155/2168/1088 2158/2171/1088 2159/2172/1088 2160/2173/1088
f 2156/2169/1089 2155/2168/1089 2160/2173/1089 2161/2174/1089
f 2161/2174/1090 2160/2173/1090 2162/2175/1090 2163/2176/1090
f 2160/2173/1091 2159/2172/1091 2164/2177/1091 2162/2175/1091
f 2162/2175/1092 2164/2177/1092 2165/2178/1092 2166/2179/1092
f 2163/2176/1093 2162/2175/1093 2166/2179/1093 2167/2180/1093
f 2167/2180/1094 2166/2179/1094 2168/2181/1094 2169/2182/1094
f 2166/2179/1095 2165/2178/1095 2170/2183/1095 2168/2181/1095
f 2168/2181/1096 2170/2183/1096 2171/2184/1096 2172/2185/1096
f 2169/2182/1097 2168/2181/1097 2172/2185/1097 2173/2186/1097
f 2173/2186/1098 2172/2185/1098 2174/2187/1098 2175/2188/1098
f 2172/2185/1099 2171/2184/1099 2176/2189/1099 2174/2187/1099
f 2174/2187/1100 2176/2189/1100 2157/2190/1100 2154/2191/1100
f 2175/2188/1101 2174/2187/1101 2154/2191/1101 2153/2192/1101
f 2161/2193/1102 2163/2194/1102 2177/2195/1102 2156/2196/1102
f 2163/2194/1103 2167/2180/1103 2169/2182/1103 2177/2195/1103
f 2177/2195/1104 2169/2182/1104 2173/2186/1104 2175/2197/1104
f 2156/2196/1105 2177/2195/1105 2175/2197/1105 2153/2198/1105
f 2165/2178/1106 2164/2199/1106 2178/2200/1106 2170/2183/1106
f 2164/2199/1107 2159/2201/1107 2158/2202/1107 2178/2200/1107
f 2178/2200/1108 2158/2202/1108 2157/2203/1108 2176/2204/1108
f 2170/2183/1109 2178/2200/1109 2176/2204/1109 2171/2184/1109
f 2179/2205/1110 2180/2206/1110 2181/2207/1110 2182/2208/1110
f 2180/2206/1111 2183/2209/1111 2184/2210/1111 2181/2207/1111
f 2181/2207/1112 2184/2210/1112 2185/2211/1112 2186/2212/1112
f 2182/2208/1113 2181/2207/1113 2186/2212/1113 2187/2213/1113
f 2187/2213/1114 2186/2212/1114 2188/2214/1114 2189/2215/1114
f 2186/2212/1115 2185/2211/1115 2190/2216/1115 2188/2214/1115
f 2188/2214/1116 2190/2216/1116 2191/2217/1116 2192/2218/1116
f 2189/2215/1117 2188/2214/1117 2192/2218/1117 2193/2219/1117
f 2193/2219/1118 2192/2218/1118 2194/2220/1118 2195/2221/1118
f 2192/2218/1119 2191/2217/1119 2196/2222/1119 2194/2220/1119
f 2194/2220/1120 2196/2222/1120 2197/2223/1120 2198/2224/1120
f 2195/2221/1121 2194/2220/1121 2198/2224/1121 2199/2225/1121
f 2199/2225/1122 2198/2224/1122 2200/2226/1122 2201/2227/1122
f 2198/2224/1123 2197/2223/1123 2202/2228/1123 2200/2226/1123
f 2200/2226/1124 2202/2228/1124 2183/2229/1124 2180/2230/1124
f 2201/2227/1125 2200/2226/1125 2180/2230/1125 2179/2231/1125
f 2187/2232/1126 2189/2233/1126 2203/2234/1126 2182/2235/1126
f 2189/2233/1127 2193/2219/1127 2195/2221/1127 2203/2234/1127
f 2203/2234/1128 2195/2221/1128 2199/2225/1128 2201/2236/1128
f 2182/2235/1129 2203/2234/1129 2201/2236/1129 2179/2237/1129
f 2191/2217/1130 2190/2238/1130 2204/2239/1130 2196/2222/1130
f 2190/2238/1131 2185/2240/1131 2184/2241/1131 2204/2239/1131
f 2204/2239/1132 2184/2241/1132 2183/2242/1132 2202/2243/1132
f 2196/2222/1133 2204/2239/1133 2202/2243/1133 2197/2223/1133
f 2205/2244/1134 2206/2245/1134 2207/2246/1134 2208/2247/1134
f 2206/2245/1135 2209/2248/1135 2210/2249/1135 2207/2246/1135
f 2207/2246/1136 2210/2249/1136 2211/2250/1136 2212/2251/1136
f 2208/2247/1137 2207/2246/1137 2212/2251/1137 2213/2252/1137
f 2213/2252/1138 2212/2251/1138 2214/2253/1138 2215/2254/1138
f 2212/2251/1139 2211/2250/1139 2216/2255/1139 2214/2253/1139
f 2214/2253/1140 2216/2255/1140 2217/2256/1140 2218/2257/1140
f 2215/2254/1141 2214/2253/1141 2218/2257/1141 2219/2258/1141
f 2219/2258/1142 2218/2257/1142 2220/2259/1142 2221/2260/1142
f 2218/2257/1143 2217/2256/1143 2222/2261/1143 2220/2259/1143
f 2220/2259/1144 2222/2261/1144 2223/2262/1144 2224/2263/1144
f 2221/2260/1145 2220/2259/1145 2224/2263/1145 2225/2264/1145
f 2225/2264/1146 2224/2263/1146 2226/2265/1146 2227/2266/1146
f 2224/2263/1147 2223/2262/1147 2228/2267/1147 2226/2265/1147
f 2226/2265/1148 2228/2267/1148 2209/2268/1148 2206/2269/1148
f 2227/2266/1149 2226/2265/1149 2206/2269/1149 2205/2270/1149
f 2213/2271/1150 2215/2272/1150 2229/2273/1150 2208/2274/1150
f 2215/2272/1151 2219/2258/1151 2221/2260/1151 2229/2273/1151
f 2229/2273/1152 2221/2260/1152 2225/2264/1152 2227/2275/1152
f 2208/2274/1153 2229/2273/1153 2227/2275/1153 2205/2276/1153
f 2217/2256/1154 2216/2277/1154 2230/2278/1154 2222/2261/1154
f 2216/2277/1155 2211/2279/1155 2210/2280/1155 2230/2278/1155
f 2230/2278/1156 2210/2280/1156 2209/2281/1156 2228/2282/1156
f 2222/2261/1157 2230/2278/1157 2228/2282/1157 2223/2262/1157
f 2231/2283/1158 2232/2284/1158 2233/2285/1158 2234/2286/1158
f 2232/2284/1159 2235/2287/1159 2236/2288/1159 2233/2285/1159
f 2233/2285/1160 2236/2288/1160 2237/2289/1160 2238/2290/1160
f 2234/2286/1161 2233/2285/1161 2238/2290/1161 2239/2291/1161
f 2239/2291/1162 2238/2290/1162 2240/2292/1162 2241/2293/1162
f 2238/2290/1163 2237/2289/1163 2242/2294/1163 2240/2292/1163
f 2240/2292/1164 2242/2294/1164 2243/2295/1164 2244/2296/1164
f 2241/2293/1165 2240/2292/1165 2244/2296/1165 2245/2297/1165
f 2245/2297/1166 2244/2296/1166 2246/2298/1166 2247/2299/1166
f 2244/2296/1167 2243/2295/1167 2248/2300/1167 2246/2298/1167
f 2246/2298/1168 2248/2300/1168 2249/2301/1168 2250/2302/1168
f 2247/2299/1169 2246/2298/1169 2250/2302/1169 2251/2303/1169
f 2251/2303/1170 2250/2302/1170 2252/2304/1170 2253/2305/1170
f 2250/2302/1171 2249/2301/1171 2254/2306/1171 2252/2304/1171
f 2252/2304/1172 2254/2306/1172 2235/2307/1172 2232/2308/1172
f 2253/2305/1173 2252/2304/1173 2232/2308/1173 2231/2309/1173
f 2239/2310/1174 2241/2311/1174 2255/2312/1174 2234/2313/1174
f 2241/2311/1175 2245/2297/1175 2247/2299/1175 2255/2312/1175
f 2255/2312/1176 2247/2299/1176 2251/2303/1176 2253/2314/1176
f 2234/2313/1177 2255/2312/1177 2253/2314/1177 2231/2315/1177
f 2243/2295/1178 2242/2316/1178 2256/2317/1178 2248/2300/1178
f 2242/2316/1179 2237/2318/1179 2236/2319/1179 2256/2317/1179
f 2256/2317/1180 2236/2319/1180 2235/2320/1180 2254/2321/1180
f 2248/2300/1181 2256/2317/1181 2254/2321/1181 2249/2301/1181
f 2257/2322/1182 2258/2323/1182 2259/2324/1182 2260/2325/1182
f 2258/2323/1183 2261/2326/1183 2262/2327/1183 2259/2324/1183
f 2259/2324/1184 2262/2327/1184 2263/2328/1184 2264/2329/1184
f 2260/2325/1185 2259/2324/1185 2264/2329/1185 2265/2330/1185
f 2265/2330/1186 2264/2329/1186 2266/2331/1186 2267/2332/1186
f 2264/2329/1187 2263/2328/1187 2268/2333/1187 2266/2331/1187
f 2266/2331/1188 2268/2333/1188 2269/2334/1188 2270/2335/1188
f 2267/2332/1189 2266/2331/1189 2270/2335/1189 2271/2336/1189
f 2271/2336/1190 2270/2335/1190 2272/2337/1190 2273/2338/1190
f 2270/2335/1191 2269/2334/1191 2274/2339/1191 2272/2337/1191
f 2272/2337/1192 2274/2339/1192 2275/2340/1192 2276/2341/1192
f 2273/2338/1193 2272/2337/1193 2276/2341/1193 2277/2342/1193
f 2277/2342/1194 2276/2341/1194 2278/2343/1194 2279/2344/1194
f 2276/2341/1195 2275/2340/1195 2280/2345/1195 2278/2343/1195
f 2278/2343/1196 2280/2345/1196 2261/2346/1196 2258/2347/1196
f 2279/2344/1197 2278/2343/1197 2258/2347/1197 2257/2348/1197
f 2265/2349/1198 2267/2350/1198 2281/2351/1198 2260/2352/1198
f 2267/2350/1199 2271/2336/1199 2273/2338/1199 2281/2351/1199
f 2281/2351/1200 2273/2338/1200 2277/2342/1200 2279/2353/1200
f 2260/2352/1201 2281/2351/1201 2279/2353/1201 2257/2354/1201
f 2269/2334/1202 2268/2355/1202 2282/2356/1202 2274/2339/1202
f 2268/2355/1203 2263/2357/1203 2262/2358/1203 2282/2356/1203
f 2282/2356/1204 2262/2358/1204 2261/2359/1204 2280/2360/1204
f 2274/2339/1205 2282/2356/1205 2280/2360/1205 2275/2340/1205
f 2283/2361/1206 2284/2362/1206 2285/2363/1206 2286/2364/1206
f 2284/2362/1207 2287/2365/1207 2288/2366/1207 2285/2363/1207
f 2285/2363/1208 2288/2366/1208 2289/2367/1208 2290/2368/1208
f 2286/2364/1209 2285/2363/1209 2290/2368/1209 2291/2369/1209
f 2291/2369/1210 2290/2368/1210 2292/2370/1210 2293/2371/1210
f 2290/2368/1211 2289/2367/1211 2294/2372/1211 2292/2370/1211
f 2292/2370/1212 2294/2372/1212 2295/2373/1212 2296/2374/1212
f 2293/2371/1213 2292/2370/1213 2296/2374/1213 2297/2375/1213
f 2297/2375/1214 2296/2374/1214 2298/2376/1214 2299/2377/1214
f 2296/2374/1215 2295/2373/1215 2300/2378/1215 2298/2376/1215
f 2298/2376/1216 2300/2378/1216 2301/2379/1216 2302/2380/1216
f 2299/2377/1217 2298/2376/1217 2302/2380/1217 2303/2381/1217
f 2303/2381/1218 2302/2380/1218 2304/2382/1218 2305/2383/1218
f 2302/2380/1219 2301/2379/1219 2306/2384/1219 2304/2382/1219
f 2304/2382/1220 2306/2384/1220 2287/2385/1220 2284/2386/1220
f 2305/2383/1221 2304/2382/1221 2284/2386/1221 2283/2387/1221
f 2291/2388/1222 2293/2389/1222 2307/2390/1222 2286/2391/1222
f 2293/2389/1223 2297/2375/1223 2299/2377/1223 2307/2390/1223
f 2307/2390/1224 2299/2377/1224 2303/2381/1224 2305/2392/1224
f 2286/2391/1225 2307/2390/1225 2305/2392/1225 2283/2393/1225
f 2295/2373/1226 2294/2394/1226 2308/2395/1226 2300/2378/1226
f 2294/2394/1227 2289/2396/1227 2288/2397/1227 2308/2395/1227
f 2308/2395/1228 2288/2397/1228 2287/2398/1228 2306/2399/1228
f 2300/2378/1229 2308/2395/1229 2306/2399/1229 2301/2379/1229
f 2309/2400/1230 2310/2401/1230 2311/2402/1230 2312/2403/1230
f 2310/2401/1231 2313/2404/1231 2314/2405/1231 2311/2402/1231
f 2311/2402/1232 2314/2405/1232 2315/2406/1232 2316/2407/1232
f 2312/2403/1233 2311/2402/1233 2316/2407/1233 2317/2408/1233
f 2317/2408/1234 2316/2407/1234 2318/2409/1234 2319/2410/1234
f 2316/2407/1235 2315/2406/1235 2320/2411/1235 2318/2409/1235
f 2318/2409/1236 2320/2411/1236 2321/2412/1236 2322/2413/1236
f 2319/2410/1237 2318/2409/1237 2322/2413/1237 2323/2414/1237
f 2323/2414/1238 2322/2413/1238 2324/2415/1238 2325/2416/1238
f 2322/2413/1239 2321/2412/1239 2326/2417/1239 2324/2415/1239
f 2324/2415/1240 2326/2417/1240 2327/2418/1240 2328/2419/1240
f 2325/2416/1241 2324/2415/1241 2328/2419/1241 2329/2420/1241
f 2329/2420/1242 2328/2419/1242 2330/2421/1242 2331/2422/1242
f 2328/2419/1243 2327/2418/1243 2332/2423/1243 2330/2421/1243
f 2330/2421/1244 2332/2423/1244 2313/2424/1244 2310/2425/1244
f 2331/2422/1245 2330/2421/1245 2310/2425/1245 2309/2426/1245
f 2317/2427/1246 2319/2428/1246 2333/2429/1246 2312/2430/1246
f 2319/2428/1247 2323/2414/1247 2325/2416/1247 2333/2429/1247
f 2333/2429/1248 2325/2416/1248 2329/2420/1248 2331/2431/1248
f 2312/2430/1249 2333/2429/1249 2331/2431/1249 2309/2432/1249
f 2321/2412/1250 2320/2433/1250 2334/2434/1250 2326/2417/1250
f 2320/2433/1251 2315/2435/1251 2314/2436/1251 2334/2434/1251
f 2334/2434/1252 2314/2436/1252 2313/2437/1252 2332/2438/1252
f 2326/2417/1253 2334/2434/1253 2332/2438/1253 2327/2418/1253
f 2335/2439/1254 2336/2440/1254 2337/2441/1254 2338/2442/1254
f 2336/2440/1255 2339/2443/1255 2340/2444/1255 2337/2441/1255
f 2337/2441/1256 2340/2444/1256 2341/2445/1256 2342/2446/1256
f 2338/2442/1257 2337/2441/1257 2342/2446/1257 2343/2447/1257
f 2343/2447/1258 2342/2446/1258 2344/2448/1258 2345/2449/1258
f 2342/2446/1259 2341/2445/1259 2346/2450/1259 2344/2448/1259
f 2344/2448/1260 2346/2450/1260 2347/2451/1260 2348/2452/1260
f 2345/2449/1261 2344/2448/1261 2348/2452/1261 2349/2453/1261
f 2349/2453/1262 2348/2452/1262 2350/2454/1262 2351/2455/1262
f 2348/2452/1263 2347/2451/1263 2352/2456/1263 2350/2454/1263
f 2350/2454/1264 2352/2456/1264 2353/2457/1264 2354/2458/1264
f 2351/2455/1265 2350/2454/1265 2354/2458/1265 2355/2459/1265
f 2355/2459/1266 2354/2458/1266 2356/2460/1266 2357/2461/1266
f 2354/2458/1267 2353/2457/1267 2358/2462/1267 2356/2460/1267
f 2356/2460/1268 2358/2462/1268 2339/2463/1268 2336/2464/1268
f 2357/2461/1269 2356/2460/1269 2336/2464/1269 2335/2465/1269
f 2343/2466/1270 2345/2467/1270 2359/2468/1270 2338/2469/1270
f 2345/2467/1271 2349/2453/1271 2351/2455/1271 2359/2468/1271
f 2359/2468/1272 2351/2455/1272 2355/2459/1272 2357/2470/1272
f 2338/2469/1273 2359/2468/1273 2357/2470/1273 2335/2471/1273
f 2347/2451/1274 2346/2472/1274 2360/2473/1274 2352/2456/1274
f 2346/2472/1275 2341/2474/1275 2340/2475/1275 2360/2473/1275
f 2360/2473/1276 2340/2475/1276 2339/2476/1276 2358/2477/1276
f 2352/2456/1277 2360/2473/1277 2358/2477/1277 2353/2457/1277
f 2361/2478/1278 2362/2479/1278 2363/2480/1278 2364/2481/1278
f 2362/2479/1279 2365/2482/1279 2366/2483/1279 2363/2480/1279
f 2363/2480/1280 2366/2483/1280 2367/2484/1280 2368/2485/1280
f 2364/2481/1281 2363/2480/1281 2368/2485/1281 2369/2486/1281
f 2369/2486/1282 2368/2485/1282 2370/2487/1282 2371/2488/1282
f 2368/2485/1283 2367/2484/1283 2372/2489/1283 2370/2487/1283
f 2370/2487/1284 2372/2489/1284 2373/2490/1284 2374/2491/1284
f 2371/2488/1285 2370/2487/1285 2374/2491/1285 2375/2492/1285
f 2375/2492/1286 2374/2491/1286 2376/2493/1286 2377/2494/1286
f 2374/2491/1287 2373/2490/1287 2378/2495/1287 2376/2493/1287
f 2376/2493/1288 2378/2495/1288 2379/2496/1288 2380/2497/1288
f 2377/2494/1289 2376/2493/1289 2380/2497/1289 2381/2498/1289
f 2381/2498/1290 2380/2497/1290 2382/2499/1290 2383/2500/1290
f 2380/2497/1291 2379/2496/1291 2384/2501/1291 2382/2499/1291
f 2382/2499/1292 2384/2501/1292 2365/2502/1292 2362/2503/1292
f 2383/2500/1293 2382/2499/1293 2362/2503/1293 2361/2504/1293
f 2369/2505/1294 2371/2506/1294 2385/2507/1294 2364/2508/1294
f 2371/2506/1295 2375/2492/1295 2377/2494/1295 2385/2507/1295
f 2385/2507/1296 2377/2494/1296 2381/2498/1296 2383/2509/1296
f 2364/2508/1297 2385/2507/1297 2383/2509/1297 2361/2510/1297
f 2373/2490/1298 2372/2511/1298 2386/2512/1298 2378/2495/1298
f 2372/2511/1299 2367/2513/1299 2366/2514/1299 2386/2512/1299
f 2386/2512/1300 2366/2514/1300 2365/2515/1300 2384/2516/1300
f 2378/2495/1301 2386/2512/1301 2384/2516/1301 2379/2496/1301
f 2387/2517/1302 2388/2518/1302 2389/2519/1302 2390/2520/1302
f 2388/2518/1303 2391/2521/1303 2392/2522/1303 2389/2519/1303
f 2389/2519/1304 2392/2522/1304 2393/2523/1304 2394/2524/1304
f 2390/2520/1305 2389/2519/1305 2394/2524/1305 2395/2525/1305
f 2395/2525/1306 2394/2524/1306 2396/2526/1306 2397/2527/1306
f 2394/2524/1307 2393/2523/1307 2398/2528/1307 2396/2526/1307
f 2396/2526/1308 2398/2528/1308 2399/2529/1308 2400/2530/1308
f 2397/2527/1309 2396/2526/1309 2400/2530/1309 2401/2531/1309
f 2401/2531/1310 2400/2530/1310 2402/2532/1310 2403/2533/1310
f 2400/2530/1311 2399/2529/1311 2404/2534/1311 2402/2532/1311
f 2402/2532/1312 2404/2534/1312 2405/2535/1312 2406/2536/1312
f 2403/2533/1313 2402/2532/1313 2406/2536/1313 2407/2537/1313
f 2407/2537/1314 2406/2536/1314 2408/2538/1314 2409/2539/1314
f 2406/2536/1315 2405/2535/1315 2410/2540/1315 2408/2538/1315
f 2408/2538/1316 2410/2540/1316 2391/2541/1316 2388/2542/1316
f 2409/2539/1317 2408/2538/1317 2388/2542/1317 2387/2543/1317
f 2395/2544/1318 2397/2545/1318 2411/2546/1318 2390/2547/1318
f 2397/2545/1319 2401/2531/1319 2403/2533/1319 2411/2546/1319
f 2411/2546/1320 2403/2533/1320 2407/2537/1320 2409/2548/1320
f 2390/2547/1321 2411/2546/1321 2409/2548/1321 2387/2549/1321
f 2399/2529/1322 2398/2550/1322 2412/2551/1322 2404/2534/1322
f 2398/2550/1323 2393/2552/1323 2392/2553/1323 2412/2551/1323
f 2412/2551/1324 2392/2553/1324 2391/2554/1324 2410/2555/1324
f 2404/2534/1325 2412/2551/1325 2410/2555/1325 2405/2535/1325
f 2413/2556/1326 2414/2557/1326 2415/2558/1326 2416/2559/1326
f 2414/2557/1327 2417/2560/1327 2418/2561/1327 2415/2558/1327
f 2415/2558/1328 2418/2561/1328 2419/2562/1328 2420/2563/1328
f 2416/2559/1329 2415/2558/1329 2420/2563/1329 2421/2564/1329
f 2421/2564/1330 2420/2563/1330 2422/2565/1330 2423/2566/1330
f 2420/2563/1331 2419/2562/1331 2424/2567/1331 2422/2565/1331
f 2422/2565/1332 2424/2567/1332 2425/2568/1332 2426/2569/1332
f 2423/2566/1333 2422/2565/1333 2426/2569/1333 2427/2570/1333
f 2427/2570/1334 2426/2569/1334 2428/2571/1334 2429/2572/1334
f 2426/2569/1335 2425/2568/1335 2430/2573/1335 2428/2571/1335
f 2428/2571/1336 2430/2573/1336 2431/2574/1336 2432/2575/1336
f 2429/2572/1337 2428/2571/1337 2432/2575/1337 2433/2576/1337
f 2433/2576/1338 2432/2575/1338 2434/2577/1338 2435/2578/1338
f 2432/2575/1339 2431/2574/1339 2436/2579/1339 2434/2577/1339
f 2434/2577/1340 2436/2579/1340 2417/2580/1340 2414/2581/1340
f 2435/2578/1341 2434/2577/1341 2414/2581/1341 2413/2582/1341
f 2421/2583/1342 2423/2584/1342 2437/2585/1342 2416/2586/1342
f 2423/2584/1343 2427/2570/1343 2429/2572/1343 2437/2585/1343
f 2437/2585/1344 2429/2572/1344 2433/2576/1344 2435/2587/1344
f 2416/2586/1345 2437/2585/1345 2435/2587/1345 2413/2588/1345
f 2425/2568/1346 2424/2589/1346 2438/2590/1346 2430/2573/1346
f 2424/2589/1347 2419/2591/1347 2418/2592/1347 2438/2590/1347
f 2438/2590/1348 2418/2592/1348 2417/2593/1348 2436/2594/1348
f 2430/2573/1349 2438/2590/1349 2436/2594/1349 2431/2574/1349
f 2439/2595/1350 2440/2596/1350 2441/2597/1350 2442/2598/1350
f 2440/2596/1351 2443/2599/1351 2444/2600/1351 2441/2597/1351
f 2441/2597/1352 2444/2600/1352 2445/2601/1352 2446/2602/1352
f 2442/2598/1353 2441/2597/1353 2446/2602/1353 2447/2603/1353
f 2447/2603/1354 2446/2602/1354 2448/2604/1354 2449/2605/1354
f 2446/2602/1355 2445/2601/1355 2450/2606/1355 2448/2604/1355
f 2448/2604/1356 2450/2606/1356 2451/2607/1356 2452/2608/1356
f 2449/2605/1357 2448/2604/1357 2452/2608/1357 2453/2609/1357
f 2453/2609/1358 2452/2608/1358 2454/2610/1358 2455/2611/1358
f 2452/2608/1359 2451/2607/1359 2456/2612/1359 2454/2610/1359
f 2454/2610/1360 2456/2612/1360 2457/2613/1360 2458/2614/1360
f 2455/2611/1361 2454/2610/1361 2458/2614/1361 2459/2615/1361
f 2459/2615/1362 2458/2614/1362 2460/2616/1362 2461/2617/1362
f 2458/2614/1363 2457/2613/1363 2462/2618/1363 2460/2616/1363
f 2460/2616/1364 2462/2618/1364 2443/2619/1364 2440/2620/1364
f 2461/2617/1365 2460/2616/1365 2440/2620/1365 2439/2621/1365
f 2447/2622/1366 2449/2623/1366 2463/2624/1366 2442/2625/1366
f 2449/2623/1367 2453/2609/1367 2455/2611/1367 2463/2624/1367
f 2463/2624/1368 2455/2611/1368 2459/2615/1368 2461/2626/1368
f 2442/2625/1369 2463/2624/1369 2461/2626/1369 2439/2627/1369
f 2451/2607/1370 2450/2628/1370 2464/2629/1370 2456/2612/1370
f 2450/2628/1371 2445/2630/1371 2444/2631/1371 2464/2629/1371
f 2464/2629/1372 2444/2631/1372 2443/2632/1372 2462/2633/1372
f 2456/2612/1373 2464/2629/1373 2462/2633/1373 2457/2613/1373
f 2465/2634/1374 2466/2635/1374 2467/2636/1374 2468/2637/1374
f 2466/2635/1375 2469/2638/1375 2470/2639/1375 2467/2636/1375
f 2467/2636/1376 2470/2639/1376 2471/2640/1376 2472/2641/1376
f 2468/2637/1377 2467/2636/1377 2472/2641/1377 2473/2642/1377
f 2473/2642/1378 2472/2641/1378 2474/2643/1378 2475/2644/1378
f 2472/2641/1379 2471/2640/1379 2476/2645/1379 2474/2643/1379
f 2474/2643/1380 2476/2645/1380 2477/2646/1380 2478/2647/1380
f 2475/2644/1381 2474/2643/1381 2478/2647/1381 2479/2648/1381
f 2479/2648/1382 2478/2647/1382 2480/2649/1382 2481/2650/1382
f 2478/2647/1383 2477/2646/1383 2482/2651/1383 2480/2649/1383
f 2480/2649/1384 2482/2651/1384 2483/2652/1384 2484/2653/1384
f 2481/2650/1385 2480/2649/1385 2484/2653/1385 2485/2654/1385
f 2485/2654/1386 2484/2653/1386 2486/2655/1386 2487/2656/1386
f 2484/2653/1387 2483/2652/1387 2488/2657/1387 2486/2655/1387
f 2486/2655/1388 2488/2657/1388 2469/2658/1388 2466/2659/1388
f 2487/2656/1389 2486/2655/1389 2466/2659/1389 2465/2660/1389
f 2473/2661/1390 2475/2662/1390 2489/2663/1390 2468/2664/1390
f 2475/2662/1391 2479/2648/1391 2481/2650/1391 2489/2663/1391
f 2489/2663/1392 2481/2650/1392 2485/2654/1392 2487/2665/1392
f 2468/2664/1393 2489/2663/1393 2487/2665/1393 2465/2666/1393
f 2477/2646/1394 2476/2667/1394 2490/2668/1394 2482/2651/1394
f 2476/2667/1395 2471/2669/1395 2470/2670/1395 2490/2668/1395
f 2490/2668/1396 2470/2670/1396 2469/2671/1396 2488/2672/1396
f 2482/2651/1397 2490/2668/1397 2488/2672/1397 2483/2652/1397
f 2491/2673/1398 2492/2674/1398 2493/2675/1398 2494/2676/1398
f 2492/2674/1399 2495/2677/1399 2496/2678/1399 2493/2675/1399
f 2493/2675/1400 2496/2678/1400 2497/2679/1400 2498/2680/1400
f 2494/2676/1401 2493/2675/1401 2498/2680/1401 2499/2681/1401
f 2499/2681/1402 2498/2680/1402 2500/2682/1402 2501/2683/1402
f 2498/2680/1403 2497/2679/1403 2502/2684/1403 2500/2682/1403
f 2500/2682/1404 2502/2684/1404 2503/2685/1404 2504/2686/1404
f 2501/2683/1405 2500/2682/1405 2504/2686/1405 2505/2687/1405
f 2505/2687/1406 2504/2686/1406 2506/2688/1406 2507/2689/1406
f 2504/2686/1407 2503/2685/1407 2508/2690/1407 2506/2688/1407
f 2506/2688/1408 2508/2690/1408 2509/2691/1408 2510/2692/1408
f 2507/2689/1409 2506/2688/1409 2510/2692/1409 2511/2693/1409
f 2511/2693/1410 2510/2692/1410 2512/2694/1410 2513/2695/1410
f 2510/2692/1411 2509/2691/1411 2514/2696/1411 2512/2694/1411
f 2512/2694/1412 2514/2696/1412 2495/2697/1412 2492/2698/1412
f 2513/2695/1413 2512/2694/1413 2492/2698/1413 2491/2699/1413
f 2499/2700/1414 2501/2701/1414 2515/2702/1414 2494/2703/1414
f 2501/2701/1415 2505/2687/1415 2507/2689/1415 2515/2702/1415
f 2515/2702/1416 2507/2689/1416 2511/2693/1416 2513/2704/1416
f 2494/2703/1417 2515/2702/1417 2513/2704/1417 2491/2705/1417
f 2503/2685/1418 2502/2706/1418 2516/2707/1418 2508/2690/1418
f 2502/2706/1419 2497/2708/1419 2496/2709/1419 2516/2707/1419
f 2516/2707/1420 2496/2709/1420 2495/2710/1420 2514/2711/1420
f 2508/2690/1421 2516/2707/1421 2514/2711/1421 2509/2691/1421
f 2517/2712/1422 2518/2713/1422 2519/2714/1422 2520/2715/1422
f 2518/2713/1423 2521/2716/1423 2522/2717/1423 2519/2714/1423
f 2519/2714/1424 2522/2717/1424 2523/2718/1424 2524/2719/1424
f 2520/2715/1425 2519/2714/1425 2524/2719/1425 2525/2720/1425
f 2525/2720/1426 2524/2719/1426 2526/2721/1426 2527/2722/1426
f 2524/2719/1427 2523/2718/1427 2528/2723/1427 2526/2721/1427
f 2526/2721/1428 2528/2723/1428 2529/2724/1428 2530/2725/1428
f 2527/2722/1429 2526/2721/1429 2530/2725/1429 2531/2726/1429
f 2531/2726/1430 2530/2725/1430 2532/2727/1430 2533/2728/1430
f 2530/2725/1431 2529/2724/1431 2534/2729/1431 2532/2727/1431
f 2532/2727/1432 2534/2729/1432 2535/2730/1432 2536/2731/1432
f 2533/2728/1433 2532/2727/1433 2536/2731/1433 2537/2732/1433
f 2537/2732/1434 2536/2731/1434 2538/2733/1434 2539/2734/1434
f 2536/2731/1435 2535/2730/1435 2540/2735/1435 2538/2733/1435
f 2538/2733/1436 2540/2735/1436 2521/2736/1436 2518/2737/1436
f 2539/2734/1437 2538/2733/1437 2518/2737/1437 2517/2738/1437
f 2525/2739/1438 2527/2740/1438 2541/2741/1438 2520/2742/1438
f 2527/2740/1439 2531/2726/1439 2533/2728/1439 2541/2741/1439
f 2541/2741/1440 2533/2728/1440 2537/2732/1440 2539/2743/1440
f 2520/2742/1441 2541/2741/1441 2539/2743/1441 2517/2744/1441
f 2529/2724/1442 2528/2745/1442 2542/2746/1442 2534/2729/1442
f 2528/2745/1443 2523/2747/1443 2522/2748/1443 2542/2746/1443
f 2542/2746/1444 2522/2748/1444 2521/2749/1444 2540/2750/1444
f 2534/2729/1445 2542/2746/1445 2540/2750/1445 2535/2730/1445
f 2543/2751/1446 2544/2752/1446 2545/2753/1446 2546/2754/1446
f 2544/2752/1447 2547/2755/1447 2548/2756/1447 2545/2753/1447
f 2545/2753/1448 2548/2756/1448 2549/2757/1448 2550/2758/1448
f 2546/2754/1449 2545/2753/1449 2550/2758/1449 2551/2759/1449
f 2551/2759/1450 2550/2758/1450 2552/2760/1450 2553/2761/1450
f 2550/2758/1451 2549/2757/1451 2554/2762/1451 2552/2760/1451
f 2552/2760/1452 2554/2762/1452 2555/2763/1452 2556/2764/1452
f 2553/2761/1453 2552/2760/1453 2556/2764/1453 2557/2765/1453
f 2557/2765/1454 2556/2764/1454 2558/2766/1454 2559/2767/1454
f 2556/2764/1455 2555/2763/1455 2560/2768/1455 2558/2766/1455
f 2558/2766/1456 2560/2768/1456 2561/2769/1456 2562/2770/1456
f 2559/2767/1457 2558/2766/1457 2562/2770/1457 2563/2771/1457
f 2563/2771/1458 2562/2770/1458 2564/2772/1458 2565/2773/1458
f 2562/2770/1459 2561/2769/1459 2566/2774/1459 2564/2772/1459
f 2564/2772/1460 2566/2774/1460 2547/2775/1460 2544/2776/1460
f 2565/2773/1461 2564/2772/1461 2544/2776/1461 2543/2777/1461
f 2551/2778/1462 2553/2779/1462 2567/2780/1462 2546/2781/1462
f 2553/2779/1463 2557/2765/1463 2559/2767/1463 2567/2780/1463
f 2567/2780/1464 2559/2767/1464 2563/2771/1464 2565/2782/1464
f 2546/2781/1465 2567/2780/1465 2565/2782/1465 2543/2783/1465
f 2555/2763/1466 2554/2784/1466 2568/2785/1466 2560/2768/1466
f 2554/2784/1467 2549/2786/1467 2548/2787/1467 2568/2785/1467
f 2568/2785/1468 2548/2787/1468 2547/2788/1468 2566/2789/1468
f 2560/2768/1469 2568/2785/1469 2566/2789/1469 2561/2769/1469
f 2569/2790/1470 2570/2791/1470 2571/2792/1470 2572/2793/1470
f 2570/2791/1471 2573/2794/1471 2574/2795/1471 2571/2792/1471
f 2571/2792/1472 2574/2795/1472 2575/2796/1472 2576/2797/1472
f 2572/2793/1473 2571/2792/1473 2576/2797/1473 2577/2798/1473
f 2577/2798/1474 2576/2797/1474 2578/2799/1474 2579/2800/1474
f 2576/2797/1475 2575/2796/1475 2580/2801/1475 2578/2799/1475
f 2578/2799/1476 2580/2801/1476 2581/2802/1476 2582/2803/1476
f 2579/2800/1477 2578/2799/1477 2582/2803/1477 2583/2804/1477
f 2583/2804/1478 2582/2803/1478 2584/2805/1478 2585/2806/1478
f 2582/2803/1479 2581/2802/1479 2586/2807/1479 2584/2805/1479
f 2584/2805/1480 2586/2807/1480 2587/2808/1480 2588/2809/1480
f 2585/2806/1481 2584/2805/1481 2588/2809/1481 2589/2810/1481
f 2589/2810/1482 2588/2809/1482 2590/2811/1482 2591/2812/1482
f 2588/2809/1483 2587/2808/1483 2592/2813/1483 2590/2811/1483
f 2590/2811/1484 2592/2813/1484 2573/2814/1484 2570/2815/1484
f 2591/2812/1485 2590/2811/1485 2570/2815/1485 2569/2816/1485
f 2577/2817/1486 2579/2818/1486 2593/2819/1486 2572/2820/1486
f 2579/2818/1487 2583/2804/1487 2585/2806/1487 2593/2819/1487
f 2593/2819/1488 2585/2806/1488 2589/2810/1488 2591/2821/1488
f 2572/2820/1489 2593/2819/1489 2591/2821/1489 2569/2822/1489
f 2581/2802/1490 2580/2823/1490 2594/2824/1490 2586/2807/1490
f 2580/2823/1491 2575/2825/1491 2574/2826/1491 2594/2824/1491
f 2594/2824/1492 2574/2826/1492 2573/2827/1492 2592/2828/1492
f 2586/2807/1493 2594/2824/1493 2592/2828/1493 2587/2808/1493
f 2595/2829/1494 2596/2830/1494 2597/2831/1494 2598/2832/1494
f 2596/2830/1495 2599/2833/1495 2600/2834/1495 2597/2831/1495
f 2597/2831/1496 2600/2834/1496 2601/2835/1496 2602/2836/1496
f 2598/2832/1497 2597/2831/1497 2602/2836/1497 2603/2837/1497
f 2603/2837/1498 2602/2836/1498 2604/2838/1498 2605/2839/1498
f 2602/2836/1499 2601/2835/1499 2606/2840/1499 2604/2838/1499
f 2604/2838/1500 2606/2840/1500 2607/2841/1500 2608/2842/1500
f 2605/2839/1501 2604/2838/1501 2608/2842/1501 2609/2843/1501
f 2609/2843/1502 2608/2842/1502 2610/2844/1502 2611/2845/1502
f 2608/2842/1503 2607/2841/1503 2612/2846/1503 2610/2844/1503
f 2610/2844/1504 2612/2846/1504 2613/2847/1504 2614/2848/1504
f 2611/2845/1505 2610/2844/1505 2614/2848/1505 2615/2849/1505
f 2615/2849/1506 2614/2848/1506 2616/2850/1506 2617/2851/1506
f 2614/2848/1507 2613/2847/1507 2618/2852/1507 2616/2850/1507
f 2616/2850/1508 2618/2852/1508 2599/2853/1508 2596/2854/1508
f 2617/2851/1509 2616/2850/1509 2596/2854/1509 2595/2855/1509
f 2603/2856/1510 2605/2857/1510 2619/2858/1510 2598/2859/1510
f 2605/2857/1511 2609/2843/1511 2611/2845/1511 2619/2858/1511
f 2619/2858/1512 2611/2845/1512 2615/2849/1512 2617/2860/1512
f 2598/2859/1513 2619/2858/1513 2617/2860/1513 2595/2861/1513
f 2607/2841/1514 2606/2862/1514 2620/2863/1514 2612/2846/1514
f 2606/2862/1515 2601/2864/1515 2600/2865/1515 2620/2863/1515
f 2620/2863/1516 2600/2865/1516 2599/2866/1516 2618/2867/1516
f 2612/2846/1517 2620/2863/1517 2618/2867/1517 2613/2847/1517
f 2621/2868/1518 2622/2869/1518 2623/2870/1518 2624/2871/1518
f 2622/2869/1519 2625/2872/1519 2626/2873/1519 2623/2870/1519
f 2623/2870/1520 2626/2873/1520 2627/2874/1520 2628/2875/1520
f 2624/2871/1521 2623/2870/1521 2628/2875/1521 2629/2876/1521
f 2629/2876/1522 2628/2875/1522 2630/2877/1522 2631/2878/1522
f 2628/2875/1523 2627/2874/1523 2632/2879/1523 2630/2877/1523
f 2630/2877/1524 2632/2879/1524 2633/2880/1524 2634/2881/1524
f 2631/2878/1525 2630/2877/1525 2634/2881/1525 2635/2882/1525
f 2635/2882/1526 2634/2881/1526 2636/2883/1526 2637/2884/1526
f 2634/2881/1527 2633/2880/1527 2638/2885/1527 2636/2883/1527
f 2636/2883/1528 2638/2885/1528 2639/2886/1528 2640/2887/1528
f 2637/2884/1529 2636/2883/1529 2640/2887/1529 2641/2888/1529
f 2641/2888/1530 2640/2887/1530 2642/2889/1530 2643/2890/1530
f 2640/2887/1531 2639/2886/1531 2644/2891/1531 2642/2889/1531
f 2642/2889/1532 2644/2891/1532 2625/2892/1532 2622/2893/1532
f 2643/2890/1533 2642/2889/1533 2622/2893/1533 2621/2894/1533
f 2629/2895/1534 2631/2896/1534 2645/2897/1534 2624/2898/1534
f 2631/2896/1535 2635/2882/1535 2637/2884/1535 2645/2897/1535
f 2645/2897/1536 2637/2884/1536 2641/2888/1536 2643/2899/1536
f 2624/2898/1537 2645/2897/1537 2643/2899/1537 2621/2900/1537
f 2633/2880/1538 2632/2901/1538 2646/2902/1538 2638/2885/1538
f 2632/2901/1539 2627/2903/1539 2626/2904/1539 2646/2902/1539
f 2646/2902/1540 2626/2904/1540 2625/2905/1540 2644/2906/1540
f 2638/2885/1541 2646/2902/1541 2644/2906/1541 2639/2886/1541
f 2647/2907/1542 2648/2908/1542 2649/2909/1542 2650/2910/1542
f 2648/2908/1543 2651/2911/1543 2652/2912/1543 2649/2909/1543
f 2649/2909/1544 2652/2912/1544 2653/2913/1544 2654/2914/1544
f 2650/2910/1545 2649/2909/1545 2654/2914/1545 2655/2915/1545
f 2655/2915/1546 2654/2914/1546 2656/2916/1546 2657/2917/1546
f 2654/2914/1547 2653/2913/1547 2658/2918/1547 2656/2916/1547
f 2656/2916/1548 2658/2918/1548 2659/2919/1548 2660/2920/1548
f 2657/2917/1549 2656/2916/1549 2660/2920/1549 2661/2921/1549
f 2661/2921/1550 2660/2920/1550 2662/2922/1550 2663/2923/1550
f 2660/2920/1551 2659/2919/1551 2664/2924/1551 2662/2922/1551
f 2662/2922/1552 2664/2924/1552 2665/2925/1552 2666/2926/1552
f 2663/2923/1553 2662/2922/1553 2666/2926/1553 2667/2927/1553
f 2667/2927/1554 2666/2926/1554 2668/2928/1554 2669/2929/1554
f 2666/2926/1555 2665/2925/1555 2670/2930/1555 2668/2928/1555
f 2668/2928/1556 2670/2930/1556 2651/2931/1556 2648/2932/1556
f 2669/2929/1557 2668/2928/1557 2648/2932/1557 2647/2933/1557
f 2655/2934/1558 2657/2935/1558 2671/2936/1558 2650/2937/1558
f 2657/2935/1559 2661/2921/1559 2663/2923/1559 2671/2936/1559
f 2671/2936/1560 2663/2923/1560 2667/2927/1560 2669/2938/1560
f 2650/2937/1561 2671/2936/1561 2669/2938/1561 2647/2939/1561
f 2659/2919/1562 2658/2940/1562 2672/2941/1562 2664/2924/1562
f 2658/2940/1563 2653/2942/1563 2652/2943/1563 2672/2941/1563
f 2672/2941/1564 2652/2943/1564 2651/2944/1564 2670/2945/1564
f 2664/2924/1565 2672/2941/1565 2670/2945/1565 2665/2925/1565
f 2673/2946/1566 2674/2947/1566 2675/2948/1566 2676/2949/1566
f 2674/2947/1567 2677/2950/1567 2678/2951/1567 2675/2948/1567
f 2675/2948/1568 2678/2951/1568 2679/2952/1568 2680/2953/1568
f 2676/2949/1569 2675/2948/1569 2680/2953/1569 2681/2954/1569
f 2681/2954/1570 2680/2953/1570 2682/2955/1570 2683/2956/1570
f 2680/2953/1571 2679/2952/1571 2684/2957/1571 2682/2955/1571
f 2682/2955/1572 2684/2957/1572 2685/2958/1572 2686/2959/1572
f 2683/2956/1573 2682/2955/1573 2686/2959/1573 2687/2960/1573
f 2687/2960/1574 2686/2959/1574 2688/2961/1574 2689/2962/1574
f 2686/2959/1575 2685/2958/1575 2690/2963/1575 2688/2961/1575
f 2688/2961/1576 2690/2963/1576 2691/2964/1576 2692/2965/1576
f 2689/2962/1577 2688/2961/1577 2692/2965/1577 2693/2966/1577
f 2693/2966/1578 2692/2965/1578 2694/2967/1578 2695/2968/1578
f 2692/2965/1579 2691/2964/1579 2696/2969/1579 2694/2967/1579
f 2694/2967/1580 2696/2969/1580 2677/2970/1580 2674/2971/1580
f 2695/2968/1581 2694/2967/1581 2674/2971/1581 2673/2972/1581
f 2681/2973/1582 2683/2974/1582 2697/2975/1582 2676/2976/1582
f 2683/2974/1583 2687/2960/1583 2689/2962/1583 2697/2975/1583
f 2697/2975/1584 2689/2962/1584 2693/2966/1584 2695/2977/1584
f 2676/2976/1585 2697/2975/1585 2695/2977/1585 2673/2978/1585
f 2685/2958/1586 2684/2979/1586 2698/2980/1586 2690/2963/1586
f 2684/2979/1587 2679/2981/1587 2678/2982/1587 2698/2980/1587
f 2698/2980/1588 2678/2982/1588 2677/2983/1588 2696/2984/1588
f 2690/2963/1589 2698/2980/1589 2696/2984/1589 2691/2964/1589
f 2699/2985/1590 2700/2986/1590 2701/2987/1590 2702/2988/1590
f 2700/2986/1591 2703/2989/1591 2704/2990/1591 2701/2987/1591
f 2701/2987/1592 2704/2990/1592 2705/2991/1592 2706/2992/1592
f 2702/2988/1593 2701/2987/1593 2706/2992/1593 2707/2993/1593
f 2707/2993/1594 2706/2992/1594 2708/2994/1594 2709/2995/1594
f 2706/2992/1595 2705/2991/1595 2710/2996/1595 2708/2994/1595
f 2708/2994/1596 2710/2996/1596 2711/2997/1596 2712/2998/1596
f 2709/2995/1597 2708/2994/1597 2712/2998/1597 2713/2999/1597
f 2713/2999/1598 2712/2998/1598 2714/3000/1598 2715/3001/1598
f 2712/2998/1599 2711/2997/1599 2716/3002/1599 2714/3000/1599
f 2714/3000/1600 2716/3002/1600 2717/3003/1600 2718/3004/1600
f 2715/3001/1601 2714/3000/1601 2718/3004/1601 2719/3005/1601
f 2719/3005/1602 2718/3004/1602 2720/3006/1602 2721/3007/1602
f 2718/3004/1603 2717/3003/1603 2722/3008/1603 2720/3006/1603
f 2720/3006/1604 2722/3008/1604 2703/3009/1604 2700/3010/1604
f 2721/3007/1605 2720/3006/1605 2700/3010/1605 2699/3011/1605
f 2707/3012/1606 2709/3013/1606 2723/3014/1606 2702/3015/1606
f 2709/3013/1607 2713/2999/1607 2715/3001/1607 2723/3014/1607
f 2723/3014/1608 2715/3001/1608 2719/3005/1608 2721/3016/1608
f 2702/3015/1609 2723/3014/1609 2721/3016/1609 2699/3017/1609
f 2711/2997/1610 2710/3018/1610 2724/3019/1610 2716/3002/1610
f 2710/3018/1611 2705/3020/1611 2704/3021/1611 2724/3019/1611
f 2724/3019/1612 2704/3021/1612 2703/3022/1612 2722/3023/1612
f 2716/3002/1613 2724/3019/1613 2722/3023/1613 2717/3003/1613
f 2725/3024/1614 2726/3025/1614 2727/3026/1614 2728/3027/1614
f 2726/3025/1615 2729/3028/1615 2730/3029/1615 2727/3026/1615
f 2727/3026/1616 2730/3029/1616 2731/3030/1616 2732/3031/1616
f 2728/3027/1617 2727/3026/1617 2732/3031/1617 2733/3032/1617
f 2733/3032/1618 2732/3031/1618 2734/3033/1618 2735/3034/1618
f 2732/3031/1619 2731/3030/1619 2736/3035/1619 2734/3033/1619
f 2734/3033/1620 2736/3035/1620 2737/3036/1620 2738/3037/1620
f 2735/3034/1621 2734/3033/1621 2738/3037/1621 2739/3038/1621
f 2739/3038/1622 2738/3037/1622 2740/3039/1622 2741/3040/1622
f 2738/3037/1623 2737/3036/1623 2742/3041/1623 2740/3039/1623
f 2740/3039/1624 2742/3041/1624 2743/3042/1624 2744/3043/1624
f 2741/3040/1625 2740/3039/1625 2744/3043/1625 2745/3044/1625
f 2745/3044/1626 2744/3043/1626 2746/3045/1626 2747/3046/1626
f 2744/3043/1627 2743/3042/1627 2748/3047/1627 2746/3045/1627
f 2746/3045/1628 2748/3047/1628 2729/3048/1628 2726/3049/1628
f 2747/3046/1629 2746/3045/1629 2726/3049/1629 2725/3050/1629
f 2733/3051/1630 2735/3052/1630 2749/3053/1630 2728/3054/1630
f 2735/3052/1631 2739/3038/1631 2741/3040/1631 2749/3053/1631
f 2749/3053/1632 2741/3040/1632 2745/3044/1632 2747/3055/1632
f 2728/3054/1633 2749/3053/1633 2747/3055/1633 2725/3056/1633
f 2737/3036/1634 2736/3057/1634 2750/3058/1634 2742/3041/1634
f 2736/3057/1635 2731/3059/1635 2730/3060/1635 2750/3058/1635
f 2750/3058/1636 2730/3060/1636 2729/3061/1636 2748/3062/1636
f 2742/3041/1637 2750/3058/1637 2748/3062/1637 2743/3042/1637
f 2751/3063/1638 2752/3064/1638 2753/3065/1638 2754/3066/1638
f 2752/3064/1639 2755/3067/1639 2756/3068/1639 2753/3065/1639
f 2753/3065/1640 2756/3068/1640 2757/3069/1640 2758/3070/1640
f 2754/3066/1641 2753/3065/1641 2758/3070/1641 2759/3071/1641
f 2759/3071/1642 2758/3070/1642 2760/3072/1642 2761/3073/1642
f 2758/3070/1643 2757/3069/1643 2762/3074/1643 2760/3072/1643
f 2760/3072/1644 2762/3074/1644 2763/3075/1644 2764/3076/1644
f 2761/3073/1645 2760/3072/1645 2764/3076/1645 2765/3077/1645
f 2765/3077/1646 2764/3076/1646 2766/3078/1646 2767/3079/1646
f 2764/3076/1647 2763/3075/1647 2768/3080/1647 2766/3078/1647
f 2766/3078/1648 2768/3080/1648 2769/3081/1648 2770/3082/1648
f 2767/3079/1649 2766/3078/1649 2770/3082/1649 2771/3083/1649
f 2771/3083/1650 2770/3082/1650 2772/3084/1650 2773/3085/1650
f 2770/3082/1651 2769/3081/1651 2774/3086/1651 2772/3084/1651
f 2772/3084/1652 2774/3086/1652 2755/3087/1652 2752/3088/1652
f 2773/3085/1653 2772/3084/1653 2752/3088/1653 2751/3089/1653
f 2759/3090/1654 2761/3091/1654 2775/3092/1654 2754/3093/1654
f 2761/3091/1655 2765/3077/1655 2767/3079/1655 2775/3092/1655
f 2775/3092/1656 2767/3079/1656 2771/3083/1656 2773/3094/1656
f 2754/3093/1657 2775/3092/1657 2773/3094/1657 2751/3095/1657
f 2763/3075/1658 2762/3096/1658 2776/3097/1658 2768/3080/1658
f 2762/3096/1659 2757/3098/1659 2756/3099/1659 2776/3097/1659
f 2776/3097/1660 2756/3099/1660 2755/3100/1660 2774/3101/1660
f 2768/3080/1661 2776/3097/1661 2774/3101/1661 2769/3081/1661
f 2777/3102/1662 2778/3103/1662 2779/3104/1662 2780/3105/1662
f 2778/3103/1663 2781/3106/1663 2782/3107/1663 2779/3104/1663
f 2779/3104/1664 2782/3107/1664 2783/3108/1664 2784/3109/1664
f 2780/3105/1665 2779/3104/1665 2784/3109/1665 2785/3110/1665
f 2785/3110/1666 2784/3109/1666 2786/3111/1666 2787/3112/1666
f 2784/3109/1667 2783/3108/1667 2788/3113/1667 2786/3111/1667
f 2786/3111/1668 2788/3113/1668 2789/3114/1668 2790/3115/1668
f 2787/3112/1669 2786/3111/1669 2790/3115/1669 2791/3116/1669
f 2791/3116/1670 2790/3115/1670 2792/3117/1670 2793/3118/1670
f 2790/3115/1671 2789/3114/1671 2794/3119/1671 2792/3117/1671
f 2792/3117/1672 2794/3119/1672 2795/3120/1672 2796/3121/1672
f 2793/3118/1673 2792/3117/1673 2796/3121/1673 2797/3122/1673
f 2797/3122/1674 2796/3121/1674 2798/3123/1674 2799/3124/1674
f 2796/3121/1675 2795/3120/1675 2800/3125/1675 2798/3123/1675
f 2798/3123/1676 2800/3125/1676 2781/3126/1676 2778/3127/1676
f 2799/3124/1677 2798/3123/1677 2778/3127/1677 2777/3128/1677
f 2785/3129/1678 2787/3130/1678 2801/3131/1678 2780/3132/1678
f 2787/3130/1679 2791/3116/1679 2793/3118/1679 2801/3131/1679
f 2801/3131/1680 2793/3118/1680 2797/3122/1680 2799/3133/1680
f 2780/3132/1681 2801/3131/1681 2799/3133/1681 2777/3134/1681
f 2789/3114/1682 2788/3135/1682 2802/3136/1682 2794/3119/1682
f 2788/3135/1683 2783/3137/1683 2782/3138/1683 2802/3136/1683
f 2802/3136/1684 2782/3138/1684 2781/3139/1684 2800/3140/1684
f 2794/3119/1685 2802/3136/1685 2800/3140/1685 2795/3120/1685
f 2803/3141/1686 2804/3142/1686 2805/3143/1686 2806/3144/1686
f 2804/3142/1687 2807/3145/1687 2808/3146/1687 2805/3143/1687
f 2805/3143/1688 2808/3146/1688 2809/3147/1688 2810/3148/1688
f 2806/3144/1689 2805/3143/1689 2810/3148/1689 2811/3149/1689
f 2811/3149/1690 2810/3148/1690 2812/3150/1690 2813/3151/1690
f 2810/3148/1691 2809/3147/1691 2814/3152/1691 2812/3150/1691
f 2812/3150/1692 2814/3152/1692 2815/3153/1692 2816/3154/1692
f 2813/3151/1693 2812/3150/1693 2816/3154/1693 2817/3155/1693
f 2817/3155/1694 2816/3154/1694 2818/3156/1694 2819/3157/1694
f 2816/3154/1695 2815/3153/1695 2820/3158/1695 2818/3156/1695
f 2818/3156/1696 2820/3158/1696 2821/3159/1696 2822/3160/1696
f 2819/3157/1697 2818/3156/1697 2822/3160/1697 2823/3161/1697
f 2823/3161/1698 2822/3160/1698 2824/3162/1698 2825/3163/1698
f 2822/3160/1699 2821/3159/1699 2826/3164/1699 2824/3162/1699
f 2824/3162/1700 2826/3164/1700 2807/3165/1700 2804/3166/1700
f 2825/3163/1701 2824/3162/1701 2804/3166/1701 2803/3167/1701
f 2811/3168/1702 2813/3169/1702 2827/3170/1702 2806/3171/1702
f 2813/3169/1703 2817/3155/1703 2819/3157/1703 2827/3170/1703
f 2827/3170/1704 2819/3157/1704 2823/3161/1704 2825/3172/1704
f 2806/3171/1705 2827/3170/1705 2825/3172/1705 2803/3173/1705
f 2815/3153/1706 2814/3174/1706 2828/3175/1706 2820/3158/1706
f 2814/3174/1707 2809/3176/1707 2808/3177/1707 2828/3175/1707
f 2828/3175/1708 2808/3177/1708 2807/3178/1708 2826/3179/1708
f 2820/3158/1709 2828/3175/1709 2826/3179/1709 2821/3159/1709
f 2829/3180/1710 2830/3181/1710 2831/3182/1710 2832/3183/1710
f 2830/3181/1711 2833/3184/1711 2834/3185/1711 2831/3182/1711
f 2831/3182/1712 2834/3185/1712 2835/3186/1712 2836/3187/1712
f 2832/3183/1713 2831/3182/1713 2836/3187/1713 2837/3188/1713
f 2837/3188/1714 2836/3187/1714 2838/3189/1714 2839/3190/1714
f 2836/3187/1715 2835/3186/1715 2840/3191/1715 2838/3189/1715
f 2838/3189/1716 2840/3191/1716 2841/3192/1716 2842/3193/1716
f 2839/3190/1717 2838/3189/1717 2842/3193/1717 2843/3194/1717
f 2843/3194/1718 2842/3193/1718 2844/3195/1718 2845/3196/1718
f 2842/3193/1719 2841/3192/1719 2846/3197/1719 2844/3195/1719
f 2844/3195/1720 2846/3197/1720 2847/3198/1720 2848/3199/1720
f 2845/3196/1721 2844/3195/1721 2848/3199/1721 2849/3200/1721
f 2849/3200/1722 2848/3199/1722 2850/3201/1722 2851/3202/1722
f 2848/3199/1723 2847/3198/1723 2852/3203/1723 2850/3201/1723
f 2850/3201/1724 2852/3203/1724 2833/3204/1724 2830/3205/1724
f 2851/3202/1725 2850/3201/1725 2830/3205/1725 2829/3206/1725
f 2837/3207/1726 2839/3208/1726 2853/3209/1726 2832/3210/1726
f 2839/3208/1727 2843/3194/1727 2845/3196/1727 2853/3209/1727
f 2853/3209/1728 2845/3196/1728 2849/3200/1728 2851/3211/1728
f 2832/3210/1729 2853/3209/1729 2851/3211/1729 2829/3212/1729
f 2841/3192/1730 2840/3213/1730 2854/3214/1730 2846/3197/1730
f 2840/3213/1731 2835/3215/1731 2834/3216/1731 2854/3214/1731
f 2854/3214/1732 2834/3216/1732 2833/3217/1732 2852/3218/1732
f 2846/3197/1733 2854/3214/1733 2852/3218/1733 2847/3198/1733
f 2855/3219/1734 2856/3220/1734 2857/3221/1734 2858/3222/1734
f 2856/3220/1735 2859/3223/1735 2860/3224/1735 2857/3221/1735
f 2857/3221/1736 2860/3224/1736 2861/3225/1736 2862/3226/1736
f 2858/3222/1737 2857/3221/1737 2862/3226/1737 2863/3227/1737
f 2863/3227/1738 2862/3226/1738 2864/3228/1738 2865/3229/1738
f 2862/3226/1739 2861/3225/1739 2866/3230/1739 2864/3228/1739
f 2864/3228/1740 2866/3230/1740 2867/3231/1740 2868/3232/1740
f 2865/3229/1741 2864/3228/1741 2868/3232/1741 2869/3233/1741
f 2869/3233/1742 2868/3232/1742 2870/3234/1742 2871/3235/1742
f 2868/3232/1743 2867/3231/1743 2872/3236/1743 2870/3234/1743
f 2870/3234/1744 2872/3236/1744 2873/3237/1744 2874/3238/1744
f 2871/3235/1745 2870/3234/1745 2874/3238/1745 2875/3239/1745
f 2875/3239/1746 2874/3238/1746 2876/3240/1746 2877/3241/1746
f 2874/3238/1747 2873/3237/1747 2878/3242/1747 2876/3240/1747
f 2876/3240/1748 2878/3242/1748 2859/3243/1748 2856/3244/1748
f 2877/3241/1749 2876/3240/1749 2856/3244/1749 2855/3245/1749
f 2863/3246/1750 2865/3247/1750 2879/3248/1750 2858/3249/1750
f 2865/3247/1751 2869/3233/1751 2871/3235/1751 2879/3248/1751
f 2879/3248/1752 2871/3235/1752 2875/3239/1752 2877/3250/1752
f 2858/3249/1753 2879/3248/1753 2877/3250/1753 2855/3251/1753
f 2867/3231/1754 2866/3252/1754 2880/3253/1754 2872/3236/1754
f 2866/3252/1755 2861/3254/1755 2860/3255/1755 2880/3253/1755
f 2880/3253/1756 2860/3255/1756 2859/3256/1756 2878/3257/1756
f 2872/3236/1757 2880/3253/1757 2878/3257/1757 2873/3237/1757
f 2881/3258/1758 2882/3259/1758 2883/3260/1758 2884/3261/1758
f 2882/3259/1759 2885/3262/1759 2886/3263/1759 2883/3260/1759
f 2883/3260/1760 2886/3263/1760 2887/3264/1760 2888/3265/1760
f 2884/3261/1761 2883/3260/1761 2888/3265/1761 2889/3266/1761
f 2889/3266/1762 2888/3265/1762 2890/3267/1762 2891/3268/1762
f 2888/3265/1763 2887/3264/1763 2892/3269/1763 2890/3267/1763
f 2890/3267/1764 2892/3269/1764 2893/3270/1764 2894/3271/1764
f 2891/3268/1765 2890/3267/1765 2894/3271/1765 2895/3272/1765
f 2895/3272/1766 2894/3271/1766 2896/3273/1766 2897/3274/1766
f 2894/3271/1767 2893/3270/1767 2898/3275/1767 2896/3273/1767
f 2896/3273/1768 2898/3275/1768 2899/3276/1768 2900/3277/1768
f 2897/3274/1769 2896/3273/1769 2900/3277/1769 2901/3278/1769
f 2901/3278/1770 2900/3277/1770 2902/3279/1770 2903/3280/1770
f 2900/3277/1771 2899/3276/1771 2904/3281/1771 2902/3279/1771
f 2902/3279/1772 2904/3281/1772 2885/3282/1772 2882/3283/1772
f 2903/3280/1773 2902/3279/1773 2882/3283/1773 2881/3284/1773
f 2889/3285/1774 2891/3286/1774 2905/3287/1774 2884/3288/1774
f 2891/3286/1775 2895/3272/1775 2897/3274/1775 2905/3287/1775
f 2905/3287/1776 2897/3274/1776 2901/3278/1776 2903/3289/1776
f 2884/3288/1777 2905/3287/1777 2903/3289/1777 2881/3290/1777
f 2893/3270/1778 2892/3291/1778 2906/3292/1778 2898/3275/1778
f 2892/3291/1779 2887/3293/1779 2886/3294/1779 2906/3292/1779
f 2906/3292/1780 2886/3294/1780 2885/3295/1780 2904/3296/1780
f 2898/3275/1781 2906/3292/1781 2904/3296/1781 2899/3276/1781
f 2907/3297/1782 2908/3298/1782 2909/3299/1782 2910/3300/1782
f 2908/3298/1783 2911/3301/1783 2912/3302/1783 2909/3299/1783
f 2909/3299/1784 2912/3302/1784 2913/3303/1784 2914/3304/1784
f 2910/3300/1785 2909/3299/1785 2914/3304/1785 2915/3305/1785
f 2915/3305/1786 2914/3304/1786 2916/3306/1786 2917/3307/1786
f 2914/3304/1787 2913/3303/1787 2918/3308/1787 2916/3306/1787
f 2916/3306/1788 2918/3308/1788 2919/3309/1788 2920/3310/1788
f 2917/3307/1789 2916/3306/1789 2920/3310/1789 2921/3311/1789
f 2921/3311/1790 2920/3310/1790 2922/3312/1790 2923/3313/1790
f 2920/3310/1791 2919/3309/1791 2924/3314/1791 2922/3312/1791
f 2922/3312/1792 2924/3314/1792 2925/3315/1792 2926/3316/1792
f 2923/3313/1793 2922/3312/1793 2926/3316/1793 2927/3317/1793
f 2927/3317/1794 2926/3316/1794 2928/3318/1794 2929/3319/1794
f 2926/3316/1795 2925/3315/1795 2930/3320/1795 2928/3318/1795
f 2928/3318/1796 2930/3320/1796 2911/3321/1796 2908/3322/1796
f 2929/3319/1797 2928/3318/1797 2908/3322/1797 2907/3323/1797
f 2915/3324/1798 2917/3325/1798 2931/3326/1798 2910/3327/1798
f 2917/3325/1799 2921/3311/1799 2923/3313/1799 2931/3326/1799
f 2931/3326/1800 2923/3313/1800 2927/3317/1800 2929/3328/1800
f 2910/3327/1801 2931/3326/1801 2929/3328/1801 2907/3329/1801
f 2919/3309/1802 2918/3330/1802 2932/3331/1802 2924/3314/1802
f 2918/3330/1803 2913/3332/1803 2912/3333/1803 2932/3331/1803
f 2932/3331/1804 2912/3333/1804 2911/3334/1804 2930/3335/1804
f 2924/3314/1805 2932/3331/1805 2930/3335/1805 2925/3315/1805
f 2933/3336/1806 2934/3337/1806 2935/3338/1806 2936/3339/1806
f 2934/3337/1807 2937/3340/1807 2938/3341/1807 2935/3338/1807
f 2935/3338/1808 2938/3341/1808 2939/3342/1808 2940/3343/1808
f 2936/3339/1809 2935/3338/1809 2940/3343/1809 2941/3344/1809
f 2941/3344/1810 2940/3343/1810 2942/3345/1810 2943/3346/1810
f 2940/3343/1811 2939/3342/1811 2944/3347/1811 2942/3345/1811
f 2942/3345/1812 2944/3347/1812 2945/3348/1812 2946/3349/1812
f 2943/3346/1813 2942/3345/1813 2946/3349/1813 2947/3350/1813
f 2947/3350/1814 2946/3349/1814 2948/3351/1814 2949/3352/1814
f 2946/3349/1815 2945/3348/1815 2950/3353/1815 2948/3351/1815
f 2948/3351/1816 2950/3353/1816 2951/3354/1816 2952/3355/1816
f 2949/3352/1817 2948/3351/1817 2952/3355/1817 2953/3356/1817
f 2953/3356/1818 2952/3355/1818 2954/3357/1818 2955/3358/1818
f 2952/3355/1819 2951/3354/1819 2956/3359/1819 2954/3357/1819
f 2954/3357/1820 2956/3359/1820 2937/3360/1820 2934/3361/1820
f 2955/3358/1821 2954/3357/1821 2934/3361/1821 2933/3362/1821
f 2941/3363/1822 2943/3364/1822 2957/3365/1822 2936/3366/1822
f 2943/3364/1823 2947/3350/1823 2949/3352/1823 2957/3365/1823
f 2957/3365/1824 2949/3352/1824 2953/3356/1824 2955/3367/1824
f 2936/3366/1825 2957/3365/1825 2955/3367/1825 2933/3368/1825
f 2945/3348/1826 2944/3369/1826 2958/3370/1826 2950/3353/1826
f 2944/3369/1827 2939/3371/1827 2938/3372/1827 2958/3370/1827
f 2958/3370/1828 2938/3372/1828 2937/3373/1828 2956/3374/1828
f 2950/3353/1829 2958/3370/1829 2956/3374/1829 2951/3354/1829
f 2959/3375/1830 2960/3376/1830 2961/3377/1830 2962/3378/1830
f 2960/3376/1831 2963/3379/1831 2964/3380/1831 2961/3377/1831
f 2961/3377/1832 2964/3380/1832 2965/3381/1832 2966/3382/1832
f 2962/3378/1833 2961/3377/1833 2966/3382/1833 2967/3383/1833
f 2967/3383/1834 2966/3382/1834 2968/3384/1834 2969/3385/1834
f 2966/3382/1835 2965/3381/1835 2970/3386/1835 2968/3384/1835
f 2968/3384/1836 2970/3386/1836 2971/3387/1836 2972/3388/1836
f 2969/3385/1837 2968/3384/1837 2972/3388/1837 2973/3389/1837
f 2973/3389/1838 2972/3388/1838 2974/3390/1838 2975/3391/1838
f 2972/3388/1839 2971/3387/1839 2976/3392/1839 2974/3390/1839
f 2974/3390/1840 2976/3392/1840 2977/3393/1840 2978/3394/1840
f 2975/3391/1841 2974/3390/1841 2978/3394/1841 2979/3395/1841
f 2979/3395/1842 2978/3394/1842 2980/3396/1842 2981/3397/1842
f 2978/3394/1843 2977/3393/1843 2982/3398/1843 2980/3396/1843
f 2980/3396/1844 2982/3398/1844 2963/3399/1844 2960/3400/1844
f 2981/3397/1845 2980/3396/1845 2960/3400/1845 2959/3401/1845
f 2967/3402/1846 2969/3403/1846 2983/3404/1846 2962/3405/1846
f 2969/3403/1847 2973/3389/1847 2975/3391/1847 2983/3404/1847
f 2983/3404/1848 2975/3391/1848 2979/3395/1848 2981/3406/1848
f 2962/3405/1849 2983/3404/1849 2981/3406/1849 2959/3407/1849
f 2971/3387/1850 2970/3408/1850 2984/3409/1850 2976/3392/1850
f 2970/3408/1851 2965/3410/1851 2964/3411/1851 2984/3409/1851
f 2984/3409/1852 2964/3411/1852 2963/3412/1852 2982/3413/1852
f 2976/3392/1853 2984/3409/1853 2982/3413/1853 2977/3393/1853
f 2985/3414/1854 2986/3415/1854 2987/3416/1854 2988/3417/1854
f 2986/3415/1855 2989/3418/1855 2990/3419/1855 2987/3416/1855
f 2987/3416/1856 2990/3419/1856 2991/3420/1856 2992/3421/1856
f 2988/3417/1857 2987/3416/1857 2992/3421/1857 2993/3422/1857
f 2993/3422/1858 2992/3421/1858 2994/3423/1858 2995/3424/1858
f 2992/3421/1859 2991/3420/1859 2996/3425/1859 2994/3423/1859
f 2994/3423/1860 2996/3425/1860 2997/3426/1860 2998/3427/1860
f 2995/3424/1861 2994/3423/1861 2998/3427/1861 2999/3428/1861
f 2999/3428/1862 2998/3427/1862 3000/3429/1862 3001/3430/1862
f 2998/3427/1863 2997/3426/1863 3002/3431/1863 3000/3429/1863
f 3000/3429/1864 3002/3431/1864 3003/3432/1864 3004/3433/1864
f 3001/3430/1865 3000/3429/1865 3004/3433/1865 3005/3434/1865
f 3005/3434/1866 3004/3433/1866 3006/3435/1866 3007/3436/1866
f 3004/3433/1867 3003/3432/1867 3008/3437/1867 3006/3435/1867
f 3006/3435/1868 3008/3437/1868 2989/3438/1868 2986/3439/1868
f 3007/3436/1869 3006/3435/1869 2986/3439/1869 2985/3440/1869
f 2993/3441/1870 2995/3442/1870 3009/3443/1870 2988/3444/1870
f 2995/3442/1871 2999/3428/1871 3001/3430/1871 3009/3443/1871
f 3009/3443/1872 3001/3430/1872 3005/3434/1872 3007/3445/1872
f 2988/3444/1873 3009/3443/1873 3007/3445/1873 2985/3446/1873
f 2997/3426/1874 2996/3447/1874 3010/3448/1874 3002/3431/1874
f 2996/3447/1875 2991/3449/1875 2990/3450/1875 3010/3448/1875
f 3010/3448/1876 2990/3450/1876 2989/3451/1876 3008/3452/1876
f 3002/3431/1877 3010/3448/1877 3008/3452/1877 3003/3432/1877
f 3011/3453/1878 3012/3454/1878 3013/3455/1878 3014/3456/1878
f 3012/3454/1879 3015/3457/1879 3016/3458/1879 3013/3455/1879
f 3013/3455/1880 3016/3458/1880 3017/3459/1880 3018/3460/1880
f 3014/3456/1881 3013/3455/1881 3018/3460/1881 3019/3461/1881
f 3019/3461/1882 3018/3460/1882 3020/3462/1882 3021/3463/1882
f 3018/3460/1883 3017/3459/1883 3022/3464/1883 3020/3462/1883
f 3020/3462/1884 3022/3464/1884 3023/3465/1884 3024/3466/1884
f 3021/3463/1885 3020/3462/1885 3024/3466/1885 3025/3467/1885
f 3025/3467/1886 3024/3466/1886 3026/3468/1886 3027/3469/1886
f 3024/3466/1887 3023/3465/1887 3028/3470/1887 3026/3468/1887
f 3026/3468/1888 3028/3470/1888 3029/3471/1888 3030/3472/1888
f 3027/3469/1889 3026/3468/1889 3030/3472/1889 3031/3473/1889
f 3031/3473/1890 3030/3472/1890 3032/3474/1890 3033/3475/1890
f 3030/3472/1891 3029/3471/1891 3034/3476/1891 3032/3474/1891
f 3032/3474/1892 3034/3476/1892 3015/3477/1892 3012/3478/1892
f 3033/3475/1893 3032/3474/1893 3012/3478/1893 3011/3479/1893
f 3019/3480/1894 3021/3481/1894 3035/3482/1894 3014/3483/1894
f 3021/3481/1895 3025/3467/1895 3027/3469/1895 3035/3482/1895
f 3035/3482/1896 3027/3469/1896 3031/3473/1896 3033/3484/1896
f 3014/3483/1897 3035/3482/1897 3033/3484/1897 3011/3485/1897
f 3023/3465/1898 3022/3486/1898 3036/3487/1898 3028/3470/1898
f 3022/3486/1899 3017/3488/1899 3016/3489/1899 3036/3487/1899
f 3036/3487/1900 3016/3489/1900 3015/3490/1900 3034/3491/1900
f 3028/3470/1901 3036/3487/1901 3034/3491/1901 3029/3471/1901
f 3037/3492/1902 3038/3493/1902 3039/3494/1902 3040/3495/1902
f 3038/3493/1903 3041/3496/1903 3042/3497/1903 3039/3494/1903
f 3039/3494/1904 3042/3497/1904 3043/3498/1904 3044/3499/1904
f 3040/3495/1905 3039/3494/1905 3044/3499/1905 3045/3500/1905
f 3045/3500/1906 3044/3499/1906 3046/3501/1906 3047/3502/1906
f 3044/3499/1907 3043/3498/1907 3048/3503/1907 3046/3501/1907
f 3046/3501/1908 3048/3503/1908 3049/3504/1908 3050/3505/1908
f 3047/3502/1909 3046/3501/1909 3050/3505/1909 3051/3506/1909
f 3051/3506/1910 3050/3505/1910 3052/3507/1910 3053/3508/1910
f 3050/3505/1911 3049/3504/1911 3054/3509/1911 3052/3507/1911
f 3052/3507/1912 3054/3509/1912 3055/3510/1912 3056/3511/1912
f 3053/3508/1913 3052/3507/1913 3056/3511/1913 3057/3512/1913
f 3057/3512/1914 3056/3511/1914 3058/3513/1914 3059/3514/1914
f 3056/3511/1915 3055/3510/1915 3060/3515/1915 3058/3513/1915
f 3058/3513/1916 3060/3515/1916 3041/3516/1916 3038/3517/1916
f 3059/3514/1917 3058/3513/1917 3038/3517/1917 3037/3518/1917
f 3045/3519/1918 3047/3520/1918 3061/3521/1918 3040/3522/1918
f 3047/3520/1919 3051/3506/1919 3053/3508/1919 3061/3521/1919
f 3061/3521/1920 3053/3508/1920 3057/3512/1920 3059/3523/1920
f 3040/3522/1921 3061/3521/1921 3059/3523/1921 3037/3524/1921
f 3049/3504/1922 3048/3525/1922 3062/3526/1922 3054/3509/1922
f 3048/3525/1923 3043/3527/1923 3042/3528/1923 3062/3526/1923
f 3062/3526/1924 3042/3528/1924 3041/3529/1924 3060/3530/1924
f 3054/3509/1925 3062/3526/1925 3060/3530/1925 3055/3510/1925
f 3063/3531/1926 3064/3532/1926 3065/3533/1926 3066/3534/1926
f 3064/3532/1927 3067/3535/1927 3068/3536/1927 3065/3533/1927
f 3065/3533/1928 3068/3536/1928 3069/3537/1928 3070/3538/1928
f 3066/3534/1929 3065/3533/1929 3070/3538/1929 3071/3539/1929
f 3071/3539/1930 3070/3538/1930 3072/3540/1930 3073/3541/1930
f 3070/3538/1931 3069/3537/1931 3074/3542/1931 3072/3540/1931
f 3072/3540/1932 3074/3542/1932 3075/3543/1932 3076/3544/1932
f 3073/3541/1933 3072/3540/1933 3076/3544/1933 3077/3545/1933
f 3077/3545/1934 3076/3544/1934 3078/3546/1934 3079/3547/1934
f 3076/3544/1935 3075/3543/1935 3080/3548/1935 3078/3546/1935
f 3078/3546/1936 3080/3548/1936 3081/3549/1936 3082/3550/1936
f 3079/3547/1937 3078/3546/1937 3082/3550/1937 3083/3551/1937
f 3083/3551/1938 3082/3550/1938 3084/3552/1938 3085/3553/1938
f 3082/3550/1939 3081/3549/1939 3086/3554/1939 3084/3552/1939
f 3084/3552/1940 3086/3554/1940 3067/3555/1940 3064/3556/1940
f 3085/3553/1941 3084/3552/1941 3064/3556/1941 3063/3557/1941
f 3071/3558/1942 3073/3559/1942 3087/3560/1942 3066/3561/1942
f 3073/3559/1943 3077/3545/1943 3079/3547/1943 3087/3560/1943
f 3087/3560/1944 3079/3547/1944 3083/3551/1944 3085/3562/1944
f 3066/3561/1945 3087/3560/1945 3085/3562/1945 3063/3563/1945
f 3075/3543/1946 3074/3564/1946 3088/3565/1946 3080/3548/1946
f 3074/3564/1947 3069/3566/1947 3068/3567/1947 3088/3565/1947
f 3088/3565/1948 3068/3567/1948 3067/3568/1948 3086/3569/1948
f 3080/3548/1949 3088/3565/1949 3086/3569/1949 3081/3549/1949
f 3089/3570/1950 3090/3571/1950 3091/3572/1950 3092/3573/1950
f 3090/3571/1951 3093/3574/1951 3094/3575/1951 3091/3572/1951
f 3091/3572/1952 3094/3575/1952 3095/3576/1952 3096/3577/1952
f 3092/3573/1953 3091/3572/1953 3096/3577/1953 3097/3578/1953
f 3097/3578/1954 3096/3577/1954 3098/3579/1954 3099/3580/1954
f 3096/3577/1955 3095/3576/1955 3100/3581/1955 3098/3579/1955
f 3098/3579/1956 3100/3581/1956 3101/3582/1956 3102/3583/1956
f 3099/3580/1957 3098/3579/1957 3102/3583/1957 3103/3584/1957
f 3103/3584/1958 3102/3583/1958 3104/3585/1958 3105/3586/1958
f 3102/3583/1959 3101/3582/1959 3106/3587/1959 3104/3585/1959
f 3104/3585/1960 3106/3587/1960 3107/3588/1960 3108/3589/1960
f 3105/3586/1961 3104/3585/1961 3108/3589/1961 3109/3590/1961
f 3109/3590/1962 3108/3589/1962 3110/3591/1962 3111/3592/1962
f 3108/3589/1963 3107/3588/1963 3112/3593/1963 3110/3591/1963
f 3110/3591/1964 3112/3593/1964 3093/3594/1964 3090/3595/1964
f 3111/3592/1965 3110/3591/1965 3090/3595/1965 3089/3596/1965
f 3097/3597/1966 3099/3598/1966 3113/3599/1966 3092/3600/1966
f 3099/3598/1967 3103/3584/1967 3105/3586/1967 3113/3599/1967
f 3113/3599/1968 3105/3586/1968 3109/3590/1968 3111/3601/1968
f 3092/3600/1969 3113/3599/1969 3111/3601/1969 3089/3602/1969
f 3101/3582/1970 3100/3603/1970 3114/3604/1970 3106/3587/1970
f 3100/3603/1971 3095/3605/1971 3094/3606/1971 3114/3604/1971
f 3114/3604/1972 3094/3606/1972 3093/3607/1972 3112/3608/1972
f 3106/3587/1973 3114/3604/1973 3112/3608/1973 3107/3588/1973
f 3115/3609/1974 3116/3610/1974 3117/3611/1974 3118/3612/1974
f 3116/3610/1975 3119/3613/1975 3120/3614/1975 3117/3611/1975
f 3117/3611/1976 3120/3614/1976 3121/3615/1976 3122/3616/1976
f 3118/3612/1977 3117/3611/1977 3122/3616/1977 3123/3617/1977
f 3123/3617/1978 3122/3616/1978 3124/3618/1978 3125/3619/1978
f 3122/3616/1979 3121/3615/1979 3126/3620/1979 3124/3618/1979
f 3124/3618/1980 3126/3620/1980 3127/3621/1980 3128/3622/1980
f 3125/3619/1981 3124/3618/1981 3128/3622/1981 3129/3623/1981
f 3129/3623/1982 3128/3622/1982 3130/3624/1982 3131/3625/1982
f 3128/3622/1983 3127/3621/1983 3132/3626/1983 3130/3624/1983
f 3130/3624/1984 3132/3626/1984 3133/3627/1984 3134/3628/1984
f 3131/3625/1985 3130/3624/1985 3134/3628/1985 3135/3629/1985
f 3135/3629/1986 3134/3628/1986 3136/3630/1986 3137/3631/1986
f 3134/3628/1987 3133/3627/1987 3138/3632/1987 3136/3630/1987
f 3136/3630/1988 3138/3632/1988 3119/3633/1988 3116/3634/1988
f 3137/3631/1989 3136/3630/1989 3116/3634/1989 3115/3635/1989
f 3123/3636/1990 3125/3637/1990 3139/3638/1990 3118/3639/1990
f 3125/3637/1991 3129/3623/1991 3131/3625/1991 3139/3638/1991
f 3139/3638/1992 3131/3625/1992 3135/3629/1992 3137/3640/1992
f 3118/3639/1993 3139/3638/1993 3137/3640/1993 3115/3641/1993
f 3127/3621/1994 3126/3642/1994 3140/3643/1994 3132/3626/1994
f 3126/3642/1995 3121/3644/1995 3120/3645/1995 3140/3643/1995
f 3140/3643/1996 3120/3645/1996 3119/3646/1996 3138/3647/1996
f 3132/3626/1997 3140/3643/1997 3138/3647/1997 3133/3627/1997
f 3141/3648/1998 3142/3649/1998 3143/3650/1998 3144/3651/1998
f 3142/3649/1999 3145/3652/1999 3146/3653/1999 3143/3650/1999
f 3143/3650/2000 3146/3653/2000 3147/3654/2000 3148/3655/2000
f 3144/3651/2001 3143/3650/2001 3148/3655/2001 3149/3656/2001
f 3149/3656/2002 3148/3655/2002 3150/3657/2002 3151/3658/2002
f 3148/3655/2003 3147/3654/2003 3152/3659/2003 3150/3657/2003
f 3150/3657/2004 3152/3659/2004 3153/3660/2004 3154/3661/2004
f 3151/3658/2005 3150/3657/2005 3154/3661/2005 3155/3662/2005
f 3155/3662/2006 3154/3661/2006 3156/3663/2006 3157/3664/2006
f 3154/3661/2007 3153/3660/2007 3158/3665/2007 3156/3663/2007
f 3156/3663/2008 3158/3665/2008 3159/3666/2008 3160/3667/2008
f 3157/3664/2009 3156/3663/2009 3160/3667/2009 3161/3668/2009
f 3161/3668/2010 3160/3667/2010 3162/3669/2010 3163/3670/2010
f 3160/3667/2011 3159/3666/2011 3164/3671/2011 3162/3669/2011
f 3162/3669/2012 3164/3671/2012 3145/3672/2012 3142/3673/2012
f 3163/3670/2013 3162/3669/2013 3142/3673/2013 3141/3674/2013
f 3149/3675/2014 3151/3676/2014 3165/3677/2014 3144/3678/2014
f 3151/3676/2015 3155/3662/2015 3157/3664/2015 3165/3677/2015
f 3165/3677/2016 3157/3664/2016 3161/3668/2016 3163/3679/2016
f 3144/3678/2017 3165/3677/2017 3163/3679/2017 3141/3680/2017
f 3153/3660/2018 3152/3681/2018 3166/3682/2018 3158/3665/2018
f 3152/3681/2019 3147/3683/2019 3146/3684/2019 3166/3682/2019
f 3166/3682/2020 3146/3684/2020 3145/3685/2020 3164/3686/2020
f 3158/3665/2021 3166/3682/2021 3164/3686/2021 3159/3666/2021
f 3167/3687/2022 3168/3688/2022 3169/3689/2022 3170/3690/2022
f 3168/3688/2023 3171/3691/2023 3172/3692/2023 3169/3689/2023
f 3169/3689/2024 3172/3692/2024 3173/3693/2024 3174/3694/2024
f 3170/3690/2025 3169/3689/2025 3174/3694/2025 3175/3695/2025
f 3175/3695/2026 3174/3694/2026 3176/3696/2026 3177/3697/2026
f 3174/3694/2027 3173/3693/2027 3178/3698/2027 3176/3696/2027
f 3176/3696/2028 3178/3698/2028 3179/3699/2028 3180/3700/2028
f 3177/3697/2029 3176/3696/2029 3180/3700/2029 3181/3701/2029
f 3181/3701/2030 3180/3700/2030 3182/3702/2030 3183/3703/2030
f 3180/3700/2031 3179/3699/2031 3184/3704/2031 3182/3702/2031
f 3182/3702/2032 3184/3704/2032 3185/3705/2032 3186/3706/2032
f 3183/3703/2033 3182/3702/2033 3186/3706/2033 3187/3707/2033
f 3187/3707/2034 3186/3706/2034 3188/3708/2034 3189/3709/2034
f 3186/3706/2035 3185/3705/2035 3190/3710/2035 3188/3708/2035
f 3188/3708/2036 3190/3710/2036 3171/3711/2036 3168/3712/2036
f 3189/3709/2037 3188/3708/2037 3168/3712/2037 3167/3713/2037
f 3175/3714/2038 3177/3715/2038 3191/3716/2038 3170/3717/2038
f 3177/3715/2039 3181/3701/2039 3183/3703/2039 3191/3716/2039
f 3191/3716/2040 3183/3703/2040 3187/3707/2040 3189/3718/2040
f 3170/3717/2041 3191/3716/2041 3189/3718/2041 3167/3719/2041
f 3179/3699/2042 3178/3720/2042 3192/3721/2042 3184/3704/2042
f 3178/3720/2043 3173/3722/2043 3172/3723/2043 3192/3721/2043
f 3192/3721/2044 3172/3723/2044 3171/3724/2044 3190/3725/2044
f 3184/3704/2045 3192/3721/2045 3190/3725/2045 3185/3705/2045
f 3193/3726/2046 3194/3727/2046 3195/3728/2046 3196/3729/2046
f 3194/3727/2047 3197/3730/2047 3198/3731/2047 3195/3728/2047
f 3195/3728/2048 3198/3731/2048 3199/3732/2048 3200/3733/2048
f 3196/3729/2049 3195/3728/2049 3200/3733/2049 3201/3734/2049
f 3201/3734/2050 3200/3733/2050 3202/3735/2050 3203/3736/2050
f 3200/3733/2051 3199/3732/2051 3204/3737/2051 3202/3735/2051
f 3202/3735/2052 3204/3737/2052 3205/3738/2052 3206/3739/2052
f 3203/3736/2053 3202/3735/2053 3206/3739/2053 3207/3740/2053
f 3207/3740/2054 3206/3739/2054 3208/3741/2054 3209/3742/2054
f 3206/3739/2055 3205/3738/2055 3210/3743/2055 3208/3741/2055
f 3208/3741/2056 3210/3743/2056 3211/3744/2056 3212/3745/2056
f 3209/3742/2057 3208/3741/2057 3212/3745/2057 3213/3746/2057
f 3213/3746/2058 3212/3745/2058 3214/3747/2058 3215/3748/2058
f 3212/3745/2059 3211/3744/2059 3216/3749/2059 3214/3747/2059
f 3214/3747/2060 3216/3749/2060 3197/3750/2060 3194/3751/2060
f 3215/3748/2061 3214/3747/2061 3194/3751/2061 3193/3752/2061
f 3201/3753/2062 3203/3754/2062 3217/3755/2062 3196/3756/2062
f 3203/3754/2063 3207/3740/2063 3209/3742/2063 3217/3755/2063
f 3217/3755/2064 3209/3742/2064 3213/3746/2064 3215/3757/2064
f 3196/3756/2065 3217/3755/2065 3215/3757/2065 3193/3758/2065
f 3205/3738/2066 3204/3759/2066 3218/3760/2066 3210/3743/2066
f 3204/3759/2067 3199/3761/2067 3198/3762/2067 3218/3760/2067
f 3218/3760/2068 3198/3762/2068 3197/3763/2068 3216/3764/2068
f 3210/3743/2069 3218/3760/2069 3216/3764/2069 3211/3744/2069
f 3219/3765/2070 3220/3766/2070 3221/3767/2070 3222/3768/2070
f 3220/3766/2071 3223/3769/2071 3224/3770/2071 3221/3767/2071
f 3221/3767/2072 3224/3770/2072 3225/3771/2072 3226/3772/2072
f 3222/3768/2073 3221/3767/2073 3226/3772/2073 3227/3773/2073
f 3227/3773/2074 3226/3772/2074 3228/3774/2074 3229/3775/2074
f 3226/3772/2075 3225/3771/2075 3230/3776/2075 3228/3774/2075
f 3228/3774/2076 3230/3776/2076 3231/3777/2076 3232/3778/2076
f 3229/3775/2077 3228/3774/2077 3232/3778/2077 3233/3779/2077
f 3233/3779/2078 3232/3778/2078 3234/3780/2078 3235/3781/2078
f 3232/3778/2079 3231/3777/2079 3236/3782/2079 3234/3780/2079
f 3234/3780/2080 3236/3782/2080 3237/3783/2080 3238/3784/2080
f 3235/3781/2081 3234/3780/2081 3238/3784/2081 3239/3785/2081
f 3239/3785/2082 3238/3784/2082 3240/3786/2082 3241/3787/2082
f 3238/3784/2083 3237/3783/2083 3242/3788/2083 3240/3786/2083
f 3240/3786/2084 3242/3788/2084 3223/3789/2084 3220/3790/2084
f 3241/3787/2085 3240/3786/2085 3220/3790/2085 3219/3791/2085
f 3227/3792/2086 3229/3793/2086 3243/3794/2086 3222/3795/2086
f 3229/3793/2087 3233/3779/2087 3235/3781/2087 3243/3794/2087
f 3243/3794/2088 3235/3781/2088 3239/3785/2088 3241/3796/2088
f 3222/3795/2089 3243/3794/2089 3241/3796/2089 3219/3797/2089
f 3231/3777/2090 3230/3798/2090 3244/3799/2090 3236/3782/2090
f 3230/3798/2091 3225/3800/2091 3224/3801/2091 3244/3799/2091
f 3244/3799/2092 3224/3801/2092 3223/3802/2092 3242/3803/2092
f 3236/3782/2093 3244/3799/2093 3242/3803/2093 3237/3783/2093
f 3245/3804/2094 3246/3805/2094 3247/3806/2094 3248/3807/2094
f 3246/3805/2095 3249/3808/2095 3250/3809/2095 3247/3806/2095
f 3247/3806/2096 3250/3809/2096 3251/3810/2096 3252/3811/2096
f 3248/3807/2097 3247/3806/2097 3252/3811/2097 3253/3812/2097
f 3253/3812/2098 3252/3811/2098 3254/3813/2098 3255/3814/2098
f 3252/3811/2099 3251/3810/2099 3256/3815/2099 3254/3813/2099
f 3254/3813/2100 3256/3815/2100 3257/3816/2100 3258/3817/2100
f 3255/3814/2101 3254/3813/2101 3258/3817/2101 3259/3818/2101
f 3259/3818/2102 3258/3817/2102 3260/3819/2102 3261/3820/2102
f 3258/3817/2103 3257/3816/2103 3262/3821/2103 3260/3819/2103
f 3260/3819/2104 3262/3821/2104 3263/3822/2104 3264/3823/2104
f 3261/3820/2105 3260/3819/2105 3264/3823/2105 3265/3824/2105
f 3265/3824/2106 3264/3823/2106 3266/3825/2106 3267/3826/2106
f 3264/3823/2107 3263/3822/2107 3268/3827/2107 3266/3825/2107
f 3266/3825/2108 3268/3827/2108 3249/3828/2108 3246/3829/2108
f 3267/3826/2109 3266/3825/2109 3246/3829/2109 3245/3830/2109
f 3253/3831/2110 3255/3832/2110 3269/3833/2110 3248/3834/2110
f 3255/3832/2111 3259/3818/2111 3261/3820/2111 3269/3833/2111
f 3269/3833/2112 3261/3820/2112 3265/3824/2112 3267/3835/2112
f 3248/3834/2113 3269/3833/2113 3267/3835/2113 3245/3836/2113
f 3257/3816/2114 3256/3837/2114 3270/3838/2114 3262/3821/2114
f 3256/3837/2115 3251/3839/2115 3250/3840/2115 3270/3838/2115
f 3270/3838/2116 3250/3840/2116 3249/3841/2116 3268/3842/2116
f 3262/3821/2117 3270/3838/2117 3268/3842/2117 3263/3822/2117
f 3271/3843/2118 3272/3844/2118 3273/3845/2118 3274/3846/2118
f 3272/3844/2119 3275/3847/2119 3276/3848/2119 3273/3845/2119
f 3273/3845/2120 3276/3848/2120 3277/3849/2120 3278/3850/2120
f 3274/3846/2121 3273/3845/2121 3278/3850/2121 3279/3851/2121
f 3279/3851/2122 3278/3850/2122 3280/3852/2122 3281/3853/2122
f 3278/3850/2123 3277/3849/2123 3282/3854/2123 3280/3852/2123
f 3280/3852/2124 3282/3854/2124 3283/3855/2124 3284/3856/2124
f 3281/3853/2125 3280/3852/2125 3284/3856/2125 3285/3857/2125
f 3285/3857/2126 3284/3856/2126 3286/3858/2126 3287/3859/2126
f 3284/3856/2127 3283/3855/2127 3288/3860/2127 3286/3858/2127
f 3286/3858/2128 3288/3860/2128 3289/3861/2128 3290/3862/2128
f 3287/3859/2129 3286/3858/2129 3290/3862/2129 3291/3863/2129
f 3291/3863/2130 3290/3862/2130 3292/3864/2130 3293/3865/2130
f 3290/3862/2131 3289/3861/2131 3294/3866/2131 3292/3864/2131
f 3292/3864/2132 3294/3866/2132 3275/3867/2132 3272/3868/2132
f 3293/3865/2133 3292/3864/2133 3272/3868/2133 3271/3869/2133
f 3279/3870/2134 3281/3871/2134 3295/3872/2134 3274/3873/2134
f 3281/3871/2135 3285/3857/2135 3287/3859/2135 3295/3872/2135
f 3295/3872/2136 3287/3859/2136 3291/3863/2136 3293/3874/2136
f 3274/3873/2137 3295/3872/2137 3293/3874/2137 3271/3875/2137
f 3283/3855/2138 3282/3876/2138 3296/3877/2138 3288/3860/2138
f 3282/3876/2139 3277/3878/2139 3276/3879/2139 3296/3877/2139
f 3296/3877/2140 3276/3879/2140 3275/3880/2140 3294/3881/2140
f 3288/3860/2141 3296/3877/2141 3294/3881/2141 3289/3861/2141
f 3297/3882/2142 3298/3883/2142 3299/3884/2142 3300/3885/2142
f 3298/3883/2143 3301/3886/2143 3302/3887/2143 3299/3884/2143
f 3299/3884/2144 3302/3887/2144 3303/3888/2144 3304/3889/2144
f 3300/3885/2145 3299/3884/2145 3304/3889/2145 3305/3890/2145
f 3305/3890/2146 3304/3889/2146 3306/3891/2146 3307/3892/2146
f 3304/3889/2147 3303/3888/2147 3308/3893/2147 3306/3891/2147
f 3306/3891/2148 3308/3893/2148 3309/3894/2148 3310/3895/2148
f 3307/3892/2149 3306/3891/2149 3310/3895/2149 3311/3896/2149
f 3311/3896/2150 3310/3895/2150 3312/3897/2150 3313/3898/2150
f 3310/3895/2151 3309/3894/2151 3314/3899/2151 3312/3897/2151
f 3312/3897/2152 3314/3899/2152 3315/3900/2152 3316/3901/2152
f 3313/3898/2153 3312/3897/2153 3316/3901/2153 3317/3902/2153
f 3317/3902/2154 3316/3901/2154 3318/3903/2154 3319/3904/2154
f 3316/3901/2155 3315/3900/2155 3320/3905/2155 3318/3903/2155
f 3318/3903/2156 3320/3905/2156 3301/3906/2156 3298/3907/2156
f 3319/3904/2157 3318/3903/2157 3298/3907/2157 3297/3908/2157
f 3305/3909/2158 3307/3910/2158 3321/3911/2158 3300/3912/2158
f 3307/3910/2159 3311/3896/2159 3313/3898/2159 3321/3911/2159
f 3321/3911/2160 3313/3898/2160 3317/3902/2160 3319/3913/2160
f 3300/3912/2161 3321/3911/2161 3319/3913/2161 3297/3914/2161
f 3309/3894/2162 3308/3915/2162 3322/3916/2162 3314/3899/2162
f 3308/3915/2163 3303/3917/2163 3302/3918/2163 3322/3916/2163
f 3322/3916/2164 3302/3918/2164 3301/3919/2164 3320/3920/2164
f 3314/3899/2165 3322/3916/2165 3320/3920/2165 3315/3900/2165
f 3323/3921/2166 3324/3922/2166 3325/3923/2166 3326/3924/2166
f 3324/3922/2167 3327/3925/2167 3328/3926/2167 3325/3923/2167
f 3325/3923/2168 3328/3926/2168 3329/3927/2168 3330/3928/2168
f 3326/3924/2169 3325/3923/2169 3330/3928/2169 3331/3929/2169
f 3331/3929/2170 3330/3928/2170 3332/3930/2170 3333/3931/2170
f 3330/3928/2171 3329/3927/2171 3334/3932/2171 3332/3930/2171
f 3332/3930/2172 3334/3932/2172 3335/3933/2172 3336/3934/2172
f 3333/3931/2173 3332/3930/2173 3336/3934/2173 3337/3935/2173
f 3337/3935/2174 3336/3934/2174 3338/3936/2174 3339/3937/2174
f 3336/3934/2175 3335/3933/2175 3340/3938/2175 3338/3936/2175
f 3338/3936/2176 3340/3938/2176 3341/3939/2176 3342/3940/2176
f 3339/3937/2177 3338/3936/2177 3342/3940/2177 3343/3941/2177
f 3343/3941/2178 3342/3940/2178 3344/3942/2178 3345/3943/2178
f 3342/3940/2179 3341/3939/2179 3346/3944/2179 3344/3942/2179
f 3344/3942/2180 3346/3944/2180 3327/3945/2180 3324/3946/2180
f 3345/3943/2181 3344/3942/2181 3324/3946/2181 3323/3947/2181
f 3331/3948/2182 3333/3949/2182 3347/3950/2182 3326/3951/2182
f 3333/3949/2183 3337/3935/2183 3339/3937/2183 3347/3950/2183
f 3347/3950/2184 3339/3937/2184 3343/3941/2184 3345/3952/2184
f 3326/3951/2185 3347/3950/2185 3345/3952/2185 3323/3953/2185
f 3335/3933/2186 3334/3954/2186 3348/3955/2186 3340/3938/2186
f 3334/3954/2187 3329/3956/2187 3328/3957/2187 3348/3955/2187
f 3348/3955/2188 3328/3957/2188 3327/3958/2188 3346/3959/2188
f 3340/3938/2189 3348/3955/2189 3346/3959/2189 3341/3939/2189
f 3349/3960/2190 3350/3961/2190 3351/3962/2190 3352/3963/2190
f 3350/3961/2191 3353/3964/2191 3354/3965/2191 3351/3962/2191
f 3351/3962/2192 3354/3965/2192 3355/3966/2192 3356/3967/2192
f 3352/3963/2193 3351/3962/2193 3356/3967/2193 3357/3968/2193
f 3357/3968/2194 3356/3967/2194 3358/3969/2194 3359/3970/2194
f 3356/3967/2195 3355/3966/2195 3360/3971/2195 3358/3969/2195
f 3358/3969/2196 3360/3971/2196 3361/3972/2196 3362/3973/2196
f 3359/3970/2197 3358/3969/2197 3362/3973/2197 3363/3974/2197
f 3363/3974/2198 3362/3973/2198 3364/3975/2198 3365/3976/2198
f 3362/3973/2199 3361/3972/2199 3366/3977/2199 3364/3975/2199
f 3364/3975/2200 3366/3977/2200 3367/3978/2200 3368/3979/2200
f 3365/3976/2201 3364/3975/2201 3368/3979/2201 3369/3980/2201
f 3369/3980/2202 3368/3979/2202 3370/3981/2202 3371/3982/2202
f 3368/3979/2203 3367/3978/2203 3372/3983/2203 3370/3981/2203
f 3370/3981/2204 3372/3983/2204 3353/3984/2204 3350/3985/2204
f 3371/3982/2205 3370/3981/2205 3350/3985/2205 3349/3986/2205
f 3357/3987/2206 3359/3988/2206 3373/3989/2206 3352/3990/2206
f 3359/3988/2207 3363/3974/2207 3365/3976/2207 3373/3989/2207
f 3373/3989/2208 3365/3976/2208 3369/3980/2208 3371/3991/2208
f 3352/3990/2209 3373/3989/2209 3371/3991/2209 3349/3992/2209
f 3361/3972/2210 3360/3993/2210 3374/3994/2210 3366/3977/2210
f 3360/3993/2211 3355/3995/2211 3354/3996/2211 3374/3994/2211
f 3374/3994/2212 3354/3996/2212 3353/3997/2212 3372/3998/2212
f 3366/3977/2213 3374/3994/2213 3372/3998/2213 3367/3978/2213
f 3375/3999/2214 3376/4000/2214 3377/4001/2214 3378/4002/2214
f 3376/4000/2215 3379/4003/2215 3380/4004/2215 3377/4001/2215
f 3377/4001/2216 3380/4004/2216 3381/4005/2216 3382/4006/2216
f 3378/4002/2217 3377/4001/2217 3382/4006/2217 3383/4007/2217
f 3383/4007/2218 3382/4006/2218 3384/4008/2218 3385/4009/2218
f 3382/4006/2219 3381/4005/2219 3386/4010/2219 3384/4008/2219
f 3384/4008/2220 3386/4010/2220 3387/4011/2220 3388/4012/2220
f 3385/4009/2221 3384/4008/2221 3388/4012/2221 3389/4013/2221
f 3389/4013/2222 3388/4012/2222 3390/4014/2222 3391/4015/2222
f 3388/4012/2223 3387/4011/2223 3392/4016/2223 3390/4014/2223
f 3390/4014/2224 3392/4016/2224 3393/4017/2224 3394/4018/2224
f 3391/4015/2225 3390/4014/2225 3394/4018/2225 3395/4019/2225
f 3395/4019/2226 3394/4018/2226 3396/4020/2226 3397/4021/2226
f 3394/4018/2227 3393/4017/2227 3398/4022/2227 3396/4020/2227
f 3396/4020/2228 3398/4022/2228 3379/4023/2228 3376/4024/2228
f 3397/4021/2229 3396/4020/2229 3376/4024/2229 3375/4025/2229
f 3383/4026/2230 3385/4027/2230 3399/4028/2230 3378/4029/2230
f 3385/4027/2231 3389/4013/2231 3391/4015/2231 3399/4028/2231
f 3399/4028/2232 3391/4015/2232 3395/4019/2232 3397/4030/2232
f 3378/4029/2233 3399/4028/2233 3397/4030/2233 3375/4031/2233
f 3387/4011/2234 3386/4032/2234 3400/4033/2234 3392/4016/2234
f 3386/4032/2235 3381/4034/2235 3380/4035/2235 3400/4033/2235
f 3400/4033/2236 3380/4035/2236 3379/4036/2236 3398/4037/2236
f 3392/4016/2237 3400/4033/2237 3398/4037/2237 3393/4017/2237
