mtllib LOW_POLY_set.mtl
o lp_palm_4_Cube_040
v 82.132988 12.624902 -7.468384
v 81.458443 12.314191 -6.579732
v 81.542664 12.072928 -6.602205
v 82.232315 12.336434 -7.489669
v 81.027374 12.040030 -6.217132
v 80.977516 11.811116 -6.182973
v 81.036469 11.808323 -6.412098
v 81.409454 11.937406 -6.774498
v 82.047371 12.161570 -7.659224
v 81.072762 11.989084 -6.963253
v 81.652283 12.226166 -7.892699
v 80.715500 11.780831 -6.437837
v 80.584702 11.988861 -6.647730
v 80.772758 12.191845 -7.106582
v 81.289299 12.464511 -8.054610
v 80.670006 12.421661 -7.057356
v 81.189972 12.752979 -8.033325
v 80.442719 12.024832 -6.461905
v 80.575607 12.220568 -6.452763
v 80.821747 12.568630 -6.911816
v 81.374924 12.927843 -7.863770
v 81.139908 12.505505 -6.696308
v 81.770012 12.863247 -7.630295
v 80.704735 12.055118 -6.207042
v 82.762138 12.181374 -9.221159
v 82.595154 12.269832 -9.666996
v 82.781532 12.510856 -9.839664
v 82.941605 12.350046 -9.253297
v 82.154663 12.424135 -9.538001
v 82.201004 12.646007 -9.639571
v 82.269646 12.807946 -9.464388
v 82.735336 12.737750 -9.577251
v 82.877121 12.565185 -9.147545
v 80.310127 11.515602 -5.863847
v 81.927650 12.998505 -8.884089
v 82.337708 12.936695 -8.662462
v 82.696442 12.691276 -8.483108
v 81.822617 12.521252 -9.048378
v 81.736488 12.819713 -9.051387
v 82.591408 12.214023 -8.647396
v 82.193176 12.279963 -8.888535
v 82.794403 12.396946 -8.499609
v 84.784981 11.242967 -10.316583
v 85.453789 10.133447 -10.452070
v 85.263451 10.044961 -10.650028
v 84.562584 11.133813 -10.555211
v 85.646202 9.455944 -10.472851
v 85.530190 9.246108 -10.588693
v 85.315559 9.383976 -10.512897
v 85.033325 9.916077 -10.533142
v 84.314583 10.935734 -10.422626
v 84.936012 9.759509 -10.135818
v 84.192245 10.759562 -9.947556
v 85.310410 9.119866 -10.263221
v 85.274872 9.242656 -9.922960
v 84.975983 9.716909 -9.701723
v 84.246307 10.698601 -9.432719
v 85.184853 9.771984 -9.510491
v 84.468704 10.807755 -9.194090
v 85.482025 9.078819 -9.890346
v 85.605515 9.314625 -9.882915
v 85.396446 9.934280 -9.620651
v 84.716705 11.005835 -9.326676
v 85.512299 10.057435 -10.024701
v 84.839043 11.182007 -9.801746
v 85.701805 9.205060 -10.215816
v 82.841957 12.151394 -10.128552
v 82.518684 12.259278 -9.703728
v 82.502731 12.642259 -9.613086
v 82.905029 12.422561 -10.151561
v 82.787239 11.961368 -9.335292
v 82.838326 12.190893 -9.184468
v 83.095940 12.285190 -9.236428
v 82.895027 12.654062 -9.583200
v 83.150650 12.475216 -10.029689
v 85.696007 8.383327 -10.413064
v 83.783447 11.907736 -9.167556
v 83.895287 12.102540 -9.646326
v 83.852692 12.148224 -10.171471
v 83.329857 11.564778 -9.280996
v 83.535561 11.701110 -9.033649
v 83.399101 11.805266 -10.284912
v 83.271118 11.630608 -9.802428
v 83.630844 12.032038 -10.415105
v 81.915977 12.104251 -12.165112
v 81.603653 11.306063 -13.145951
v 81.385345 11.201459 -12.988966
v 81.652634 11.978043 -11.983342
v 81.465218 10.739441 -13.541224
v 81.307976 10.529640 -13.494682
v 81.399467 10.576573 -13.249237
v 81.467102 10.987472 -12.813589
v 81.736267 11.691089 -11.813101
v 81.824333 10.736404 -12.778895
v 82.165207 11.399293 -11.762470
v 81.595428 10.282040 -13.332705
v 81.950882 10.321115 -13.267559
v 82.244232 10.627444 -12.839411
v 82.661537 11.262433 -11.843844
v 82.450470 10.708009 -13.024357
v 82.924881 11.388640 -12.025615
v 81.960724 10.227237 -13.516371
v 82.016632 10.483982 -13.559546
v 82.380783 10.946035 -13.171773
v 82.841248 11.675594 -12.195856
v 82.011490 11.173063 -13.234428
v 82.412308 11.967390 -12.246487
v 81.673264 10.474836 -13.678349
v 82.192177 12.306792 -10.039404
v 82.616501 12.226062 -9.707673
v 82.775894 12.560524 -9.573981
v 82.222366 12.583299 -10.013478
v 82.933632 11.963289 -10.064040
v 83.126312 12.164521 -10.043513
v 83.102974 12.342672 -10.257229
v 82.822952 12.688581 -9.943196
v 82.361519 12.686175 -10.232593
v 81.326973 9.745202 -13.927152
v 83.127808 12.193336 -11.029861
v 82.698280 12.499891 -11.064591
v 82.189445 12.628057 -10.998682
v 82.934868 11.753569 -10.704884
v 83.211151 11.898213 -10.862449
v 81.996513 12.188291 -10.673705
v 82.432785 11.894743 -10.617401
v 81.919907 12.496421 -10.819544
v 80.593864 12.851526 -8.405834
v 79.404381 12.483126 -8.023593
v 79.517357 12.243780 -7.908724
v 80.723701 12.565945 -8.264750
v 78.802071 12.130419 -7.927240
v 78.758575 11.876389 -7.860266
v 78.976288 11.849808 -8.010967
v 79.544228 12.030264 -8.100873
v 80.708733 12.296018 -8.477434
v 79.390945 11.957465 -8.504673
v 80.537209 12.212733 -8.962550
v 78.725487 11.725025 -8.242585
v 78.746170 11.874687 -8.573177
v 79.219917 12.065328 -8.893215
v 80.322601 12.337765 -9.420815
v 79.072861 12.291838 -8.994702
v 80.192764 12.623346 -9.561899
v 78.486168 11.905840 -8.525791
v 78.571953 12.155298 -8.489450
v 79.080070 12.518189 -8.815935
v 80.207733 12.893273 -9.349215
v 79.199272 12.578153 -8.398753
v 80.379257 12.976558 -8.864100
v 78.519249 12.057202 -8.143471
v 82.454430 12.244991 -9.303801
v 82.629181 12.214520 -9.818730
v 82.888481 12.495821 -9.912416
v 82.612724 12.471291 -9.261705
v 82.145004 12.278445 -10.059778
v 82.235489 12.512075 -10.183345
v 82.148956 12.736230 -10.041137
v 82.633995 12.772621 -9.796003
v 82.458382 12.702776 -9.285159
v 77.989639 11.426307 -7.954617
v 81.414932 12.946213 -9.848794
v 81.607536 13.034642 -9.364270
v 81.806526 12.903875 -8.892062
v 81.495377 12.374925 -9.907001
v 81.393456 12.670707 -10.062583
v 81.886971 12.332587 -8.950271
v 81.718231 12.248511 -9.444368
v 81.932312 12.612447 -8.746057
v 82.980598 11.588771 -7.314876
v 82.575806 10.824525 -6.340828
v 82.636734 10.591958 -6.500343
v 83.054092 11.308132 -7.499700
v 82.233902 10.348615 -5.949581
v 82.175354 10.093509 -5.998593
v 82.151443 10.196160 -6.242946
v 82.420197 10.517808 -6.675972
v 82.780685 11.188197 -7.670524
v 81.997643 10.628424 -6.708529
v 82.280663 11.327359 -7.718542
v 81.800240 10.154433 -6.159063
v 81.600136 10.451549 -6.220698
v 81.643227 10.877736 -6.644616
v 81.855606 11.616735 -7.633192
v 81.571831 11.085274 -6.457368
v 81.782112 11.897373 -7.448368
v 81.522743 10.395828 -5.972257
v 81.682602 10.604003 -5.927333
v 81.798843 11.184454 -6.309472
v 82.055527 12.017309 -7.277543
v 82.210922 11.048808 -6.249183
v 82.555550 11.878147 -7.229525
v 81.897858 10.334904 -5.811788
v 82.951538 11.952134 -9.436918
v 82.614868 12.227082 -9.765054
v 82.766716 12.566246 -9.895649
v 83.142937 12.154163 -9.461237
v 82.210228 12.295543 -9.407001
v 82.239174 12.572826 -9.424765
v 82.390701 12.667993 -9.210426
v 82.834885 12.681149 -9.525402
v 83.132011 12.324583 -9.240343
v 81.565582 9.596539 -5.569725
v 82.262550 12.582513 -8.438319
v 82.774178 12.452601 -8.406136
v 83.200714 12.147910 -8.476180
v 82.050941 12.154377 -8.767186
v 81.983093 12.457051 -8.606358
v 82.989113 11.719774 -8.805047
v 82.482994 11.863459 -8.858678
v 83.274078 11.859008 -8.658456
v 82.946945 11.471928 -11.344254
v 83.066017 10.714763 -11.810666
v 82.880615 10.659231 -11.765509
v 82.725792 11.403298 -11.294083
v 83.102318 10.249819 -11.945066
v 82.988350 10.108543 -11.918691
v 82.964088 10.200403 -11.761930
v 82.869087 10.566233 -11.590269
v 82.715866 11.262150 -11.104040
v 83.069885 10.446135 -11.399787
v 82.954185 11.126122 -10.872505
v 83.105225 10.011082 -11.678730
v 83.299789 10.085155 -11.539647
v 83.342201 10.403809 -11.276996
v 83.279167 11.068763 -10.731050
v 83.529060 10.436613 -11.336140
v 83.500320 11.137392 -10.781221
v 83.385735 9.972116 -11.655558
v 83.438019 10.134570 -11.722782
v 83.539131 10.552338 -11.497393
v 83.510246 11.278542 -10.971264
v 83.339790 10.649709 -11.701860
v 83.271919 11.414568 -11.202800
v 83.268860 10.069578 -11.895519
v 82.420845 12.084867 -10.100429
v 82.567749 12.145162 -9.760550
v 82.626022 12.405907 -9.713357
v 82.435226 12.272375 -10.141180
v 82.872246 11.929897 -9.801534
v 82.985542 12.083445 -9.776787
v 83.044426 12.150768 -9.947046
v 82.777664 12.414433 -9.937949
v 82.593025 12.305738 -10.245941
v 83.128563 9.510067 -11.973738
v 83.310219 11.891238 -10.342148
v 83.066574 12.040163 -10.568320
v 82.738953 12.087361 -10.720415
v 83.079552 11.657157 -10.115153
v 83.300919 11.744168 -10.151879
v 82.508286 11.853280 -10.493422
v 82.749161 11.718052 -10.255961
v 82.514816 12.014047 -10.672402
v 80.863640 12.447255 -10.715743
v 80.081207 12.029875 -11.255840
v 80.031685 11.894406 -11.076700
v 80.799767 12.285517 -10.503746
v 79.737457 11.674488 -11.522290
v 79.653969 11.489667 -11.459610
v 79.844231 11.479387 -11.366375
v 80.155663 11.700718 -11.075151
v 80.915718 12.037758 -10.522544
v 80.358711 11.536807 -11.307116
v 81.165245 11.846283 -10.794044
v 79.886322 11.293278 -11.584417
v 80.130013 11.342684 -11.733154
v 80.558418 11.508057 -11.592067
v 81.395248 11.808371 -11.137995
v 80.583702 11.630346 -11.785181
v 81.459129 11.970109 -11.349993
v 79.992264 11.327842 -11.893791
v 80.023232 11.537784 -11.889071
v 80.483963 11.837214 -11.772756
v 81.343178 12.217868 -11.331195
v 80.256676 11.987947 -11.554767
v 81.093643 12.409343 -11.059694
v 79.759918 11.524230 -11.768985
v 82.196251 12.153633 -9.674729
v 82.614243 12.059274 -9.744438
v 82.807755 12.298755 -9.682920
v 82.251678 12.360689 -9.614367
v 82.580528 11.969814 -10.167921
v 82.720161 12.136588 -10.215634
v 82.605911 12.317250 -10.277635
v 82.645187 12.482846 -9.878194
v 82.221642 12.501069 -9.784443
v 79.361893 10.992384 -11.880882
v 82.187172 12.378558 -10.741083
v 81.947227 12.577636 -10.457347
v 81.700859 12.611191 -10.116921
v 82.214622 11.953615 -10.561313
v 82.300713 12.125201 -10.763103
v 81.728310 12.186249 -9.937152
v 81.985001 11.992886 -10.209972
v 81.631508 12.445320 -9.904216
v 81.649551 12.280169 -8.291359
v 80.952072 11.954119 -7.830669
v 81.038971 11.775409 -7.827953
v 81.750977 12.066157 -8.284419
v 80.567009 11.696215 -7.686572
v 80.540901 11.514842 -7.678430
v 80.644463 11.526678 -7.829208
v 80.999512 11.668610 -7.990826
v 81.676643 11.925172 -8.459732
v 80.801697 11.691837 -8.217442
v 81.447357 11.955978 -8.734304
v 80.421410 11.483188 -7.934284
v 80.365128 11.642733 -8.118844
v 80.605835 11.832170 -8.399019
v 81.207916 12.119909 -8.945736
v 80.499397 11.999582 -8.387420
v 81.106483 12.333922 -8.952675
v 80.210236 11.652224 -8.021290
v 80.287674 11.812269 -7.976207
v 80.558395 12.117679 -8.238862
v 81.180824 12.474908 -8.777363
v 80.736671 12.083154 -7.997931
v 81.410110 12.444100 -8.502790
v 80.329720 11.683879 -7.765435
v 82.605705 12.058588 -9.403224
v 82.595673 12.133386 -9.770700
v 82.756203 12.339896 -9.842772
v 82.730019 12.202933 -9.376061
v 82.230095 12.214642 -9.792683
v 82.272095 12.393184 -9.850865
v 82.261894 12.515496 -9.702801
v 82.634438 12.500169 -9.661122
v 82.637505 12.359444 -9.313342
v 79.998199 11.225098 -7.629535
v 81.845001 12.612774 -9.369866
v 82.088020 12.585706 -9.099855
v 82.320358 12.415279 -8.876985
v 81.852173 12.244516 -9.524344
v 81.765892 12.468215 -9.545260
v 82.327530 12.047023 -9.031463
v 82.097893 12.078959 -9.312427
v 82.420013 12.196450 -8.867022
v 83.820877 11.991666 -11.732341
v 84.345566 11.168052 -12.378302
v 84.121513 11.038132 -12.391764
v 83.555466 11.834452 -11.753350
v 84.577194 10.620594 -12.596876
v 84.473740 10.406130 -12.621261
v 84.368179 10.482506 -12.420651
v 84.084541 10.881397 -12.188496
v 83.531281 11.614450 -11.537447
v 84.312889 10.745317 -11.898058
v 83.798615 11.460006 -11.185020
v 84.576927 10.265338 -12.294110
v 84.751534 10.382723 -12.044147
v 84.624825 10.740770 -11.657876
v 84.174553 11.447018 -10.905679
v 84.862015 10.845389 -11.664499
v 84.439957 11.604231 -10.884669
v 84.927544 10.288012 -12.175569
v 84.960556 10.520812 -12.220373
v 84.885849 11.027426 -11.847681
v 84.464142 11.824232 -11.100573
v 84.670647 11.138204 -12.158205
v 84.196808 11.978677 -11.453000
v 84.824356 10.428802 -12.502718
v 82.609398 12.360671 -10.268806
v 82.669937 12.405875 -9.785116
v 82.645187 12.740224 -9.671306
v 82.579979 12.609157 -10.289866
v 83.124886 12.226498 -9.762539
v 83.208420 12.445582 -9.672658
v 83.310295 12.581877 -9.857140
v 82.895973 12.839131 -9.900447
v 82.794807 12.716050 -10.363406
v 84.851822 9.702384 -12.723202
v 83.837044 12.409974 -10.297405
v 83.557480 12.578088 -10.643179
v 83.184677 12.579777 -10.938114
v 83.559570 12.005028 -10.122203
v 83.815430 12.182641 -10.081805
v 82.907204 12.174830 -10.762911
v 83.175667 12.020854 -10.402089
v 82.917717 12.416301 -10.963463
v 80.453697 12.717476 -9.474074
v 79.404282 12.363982 -9.692275
v 79.449120 12.155359 -9.562026
v 80.501747 12.468331 -9.317708
v 78.919037 12.044161 -9.879326
v 78.866020 11.821332 -9.851497
v 79.095032 11.807158 -9.874365
v 79.557022 11.977006 -9.699999
v 80.588409 12.240984 -9.489856
v 79.613052 11.923620 -10.071547
v 80.665146 12.180703 -9.930834
v 79.006516 11.701556 -10.157569
v 79.156395 11.841798 -10.396441
v 79.643501 12.025824 -10.435780
v 80.691376 12.299108 -10.365893
v 79.567642 12.222268 -10.570481
v 80.643326 12.548251 -10.522260
v 78.938660 11.862336 -10.469513
v 78.980392 12.078799 -10.401402
v 79.490761 12.412800 -10.428056
v 80.556664 12.775599 -10.350112
v 79.403709 12.454007 -10.060962
v 80.479927 12.835879 -9.909134
v 78.798172 11.982111 -10.163442
v 82.258911 12.255794 -9.381131
v 82.608643 12.248762 -9.697893
v 82.835381 12.500145 -9.654566
v 82.353851 12.453411 -9.278542
v 82.341423 12.302371 -10.083143
v 82.454445 12.510195 -10.134390
v 82.322029 12.698174 -10.059162
v 82.584999 12.731301 -9.668656
v 82.239525 12.651597 -9.357149
v 78.337914 11.419968 -10.254834
v 81.678848 12.859982 -10.218931
v 81.618149 12.925138 -9.769433
v 81.574425 12.801037 -9.330496
v 81.782364 12.368757 -10.239356
v 81.761215 12.627715 -10.394759
v 81.677948 12.309812 -9.350921
v 81.760597 12.249179 -9.797539
v 81.617531 12.546601 -9.172213
v 81.805374 13.124413 -10.684967
v 81.455841 13.081015 -11.243203
v 81.365250 12.986528 -11.178077
v 81.695015 13.012679 -10.609343
v 81.290398 12.962782 -11.536686
v 81.205536 12.859329 -11.554132
v 81.287842 12.807829 -11.460546
v 81.413193 12.848597 -11.185068
v 81.737610 12.846391 -10.639616
v 81.570778 12.743518 -11.300776
v 81.928833 12.721521 -10.772309
v 81.347893 12.716299 -11.608676
v 81.530907 12.721130 -11.628839
v 81.755753 12.726408 -11.422249
v 82.145470 12.700910 -10.922009
v 81.834763 12.819058 -11.503155
v 82.255829 12.812643 -10.997633
v 81.493271 12.756698 -11.753350
v 81.533463 12.876082 -11.704978
v 81.798409 12.958826 -11.480384
v 82.213234 12.978931 -10.967360
v 81.629234 13.062069 -11.380456
v 82.022011 13.103802 -10.834666
v 81.350914 12.899727 -11.698806
v 82.254677 12.582936 -9.851084
v 82.499504 12.461095 -9.813916
v 82.620377 12.562231 -9.691442
v 82.293800 12.689328 -9.766294
v 82.581520 12.466355 -10.077379
v 82.692261 12.547201 -10.042178
v 82.664253 12.683152 -10.069574
v 82.600365 12.725399 -9.804401
v 82.337410 12.799733 -9.843279
v 81.093987 12.666414 -11.949693
v 82.555389 12.851778 -10.414377
v 82.367249 12.977968 -10.271211
v 82.141754 12.999317 -10.127988
v 82.475418 12.570565 -10.385005
v 82.596825 12.682972 -10.448048
v 82.061783 12.718104 -10.098616
v 82.257210 12.591001 -10.230793
v 82.027634 12.885996 -10.053956
v 83.381218 12.948967 -9.092464
v 83.732178 12.851365 -8.711087
v 83.789558 12.779607 -8.783239
v 83.451797 12.863877 -9.177171
v 83.897713 12.724980 -8.516111
v 83.961792 12.638606 -8.523715
v 83.881508 12.609124 -8.589246
v 83.746246 12.671123 -8.782645
v 83.414597 12.730569 -9.161608
v 83.633774 12.582077 -8.678375
v 83.277161 12.625328 -9.040878
v 83.850822 12.524677 -8.472685
v 83.710228 12.532495 -8.429896
v 83.504860 12.563126 -8.558067
v 83.127205 12.601986 -8.894220
v 83.458717 12.631587 -8.475434
v 83.056625 12.687075 -8.809513
v 83.759041 12.547894 -8.335082
v 83.726440 12.648351 -8.356762
v 83.490799 12.743368 -8.486509
v 83.093819 12.820383 -8.825077
v 83.614494 12.829117 -8.580297
v 83.231255 12.925625 -8.945807
v 83.870010 12.661823 -8.386111
v 82.884842 12.611679 -9.724802
v 82.681526 12.526376 -9.728667
v 82.574265 12.621849 -9.798046
v 82.847313 12.705191 -9.776194
v 82.654533 12.508638 -9.510530
v 82.566544 12.579570 -9.514969
v 82.598953 12.683920 -9.485978
v 82.613770 12.740067 -9.698734
v 82.829262 12.786961 -9.700249
v 84.095795 12.445226 -8.247591
v 82.741150 12.782025 -9.218066
v 82.874756 12.889389 -9.346412
v 83.032616 12.912429 -9.489238
v 82.786209 12.559219 -9.276780
v 82.705223 12.646368 -9.200234
v 83.077675 12.689622 -9.547952
v 82.936760 12.582791 -9.427207
v 83.106293 12.825812 -9.573384
v 82.881187 12.560750 -9.648622
v 82.905754 12.566857 -9.733636
v 82.829628 12.644929 -9.734385
v 82.812836 12.614481 -9.631036
v 82.882866 12.560749 -9.819118
v 82.814873 12.614482 -9.838044
v 82.731483 12.639196 -9.820606
v 82.721954 12.662107 -9.735444
v 82.729805 12.639197 -9.650110
v 79.429962 0.042466 -9.354305
v 79.343422 -0.003184 -9.768668
v 79.847359 -0.105462 -9.763713
v 79.842407 -0.009480 -9.259634
v 79.438095 0.042467 -10.181250
v 79.852318 -0.009480 -10.267791
v 80.264755 0.030046 -10.173120
v 80.351295 -0.015776 -9.758758
v 80.256630 0.030046 -9.346176
v 81.932404 11.257812 -9.586079
v 81.881386 11.284405 -9.743710
v 81.769043 11.083689 -9.744814
v 81.822586 11.057136 -9.580977
v 81.935493 11.257812 -9.900307
v 81.825798 11.057135 -9.907567
v 81.718163 10.847185 -9.914550
v 81.658661 10.873219 -9.745899
v 81.714828 10.847185 -9.576113
v 82.076241 11.186897 -9.957847
v 81.973473 10.986327 -9.967357
v 82.215820 11.115985 -9.897550
v 82.119934 10.915518 -9.904675
v 82.026627 10.708337 -9.911516
v 81.873016 10.777761 -9.976489
v 82.266838 11.089392 -9.739919
v 82.173477 10.888966 -9.740837
v 82.212730 11.115985 -9.583323
v 82.116722 10.915519 -9.578085
v 82.023300 10.708336 -9.573079
v 82.082802 10.682302 -9.741729
v 82.071991 11.186897 -9.525783
v 81.969055 10.986326 -9.518296
v 81.868439 10.777761 -9.511139
v 82.121330 11.598894 -9.594988
v 82.074043 11.624144 -9.741815
v 81.982475 11.462769 -9.742716
v 82.031456 11.436694 -9.590736
v 82.124207 11.598894 -9.887684
v 82.034431 11.436694 -9.893703
v 82.254684 11.531554 -9.941287
v 82.169571 11.367167 -9.949184
v 82.384087 11.464219 -9.885128
v 82.303596 11.297639 -9.891055
v 82.431374 11.438967 -9.738301
v 82.352577 11.271564 -9.739077
v 82.381210 11.464218 -9.592432
v 82.300613 11.297639 -9.588090
v 82.250732 11.531555 -9.538830
v 82.165474 11.367167 -9.532607
v 82.288483 11.900516 -9.602904
v 82.244286 11.924118 -9.740141
v 82.160782 11.776985 -9.740962
v 82.206497 11.752574 -9.599021
v 82.291176 11.900516 -9.876482
v 82.209282 11.752573 -9.881976
v 82.413132 11.837576 -9.926583
v 82.335419 11.687478 -9.933795
v 82.534073 11.774638 -9.874093
v 82.460510 11.622381 -9.879506
v 82.578278 11.751034 -9.736856
v 82.506218 11.597970 -9.737565
v 82.531387 11.774636 -9.600515
v 82.457726 11.622380 -9.596551
v 82.409431 11.837575 -9.550414
v 82.331589 11.687477 -9.544732
v 82.445496 12.183842 -9.610340
v 82.404198 12.205894 -9.738568
v 82.325279 12.066833 -9.739345
v 82.368011 12.044014 -9.606670
v 82.448013 12.183843 -9.865959
v 82.370613 12.044014 -9.871152
v 82.561958 12.125034 -9.912772
v 82.488510 11.983169 -9.919588
v 82.674973 12.066228 -9.863728
v 82.605438 11.922321 -9.868843
v 82.716263 12.044173 -9.735499
v 82.648163 11.899506 -9.736169
v 82.672455 12.066228 -9.608109
v 82.602837 11.922321 -9.604362
v 82.558502 12.125034 -9.561296
v 82.484932 11.983169 -9.555925
v 82.595573 12.454642 -9.617447
v 82.557045 12.475214 -9.737065
v 82.481377 12.341888 -9.737809
v 82.521278 12.320583 -9.613929
v 82.597916 12.454641 -9.855903
v 82.523705 12.320582 -9.860881
v 82.704216 12.399783 -9.899571
v 82.633789 12.263771 -9.906107
v 82.809631 12.344925 -9.853821
v 82.742966 12.206956 -9.858725
v 82.848160 12.324353 -9.734202
v 82.782867 12.185654 -9.734844
v 82.807289 12.344925 -9.615365
v 82.740540 12.206957 -9.611773
v 82.700989 12.399783 -9.571696
v 82.630455 12.263772 -9.566547
v 82.633316 12.596590 -9.736315
v 82.668327 12.576070 -9.625388
v 82.670502 12.576071 -9.846532
v 82.769821 12.526624 -9.887048
v 82.866844 12.474319 -9.844601
v 82.903336 12.456658 -9.733660
v 82.864670 12.474318 -9.623457
v 82.766830 12.526624 -9.582927
v 81.190979 9.597158 -9.554245
v 81.124084 9.623168 -9.751157
v 81.025925 9.385710 -9.752123
v 81.094986 9.360332 -9.550177
v 81.194839 9.597160 -9.946715
v 81.098946 9.360331 -9.952671
v 81.004967 9.111284 -9.959248
v 80.929291 9.135593 -9.753073
v 81.000900 9.111284 -9.545450
v 81.379097 9.527805 -10.018498
v 81.289139 9.292652 -10.026276
v 81.561905 9.458447 -9.943106
v 81.477844 9.224973 -9.948945
v 81.397751 8.981637 -9.955384
v 81.202126 9.046461 -10.034904
v 81.628799 9.432442 -9.746193
v 81.546906 9.199594 -9.746999
v 81.558044 9.458447 -9.550636
v 81.473885 9.224973 -9.546451
v 81.393684 8.981637 -9.541588
v 81.469360 8.957329 -9.747762
v 81.373787 9.527804 -9.478852
v 81.283691 9.292652 -9.472846
v 81.196526 9.046460 -9.465931
v 81.368851 10.030248 -9.561639
v 81.305275 10.055626 -9.749375
v 81.216965 9.844972 -9.750243
v 81.282082 9.819061 -9.558022
v 81.372528 10.030248 -9.935825
v 81.285851 9.819063 -9.941148
v 81.547646 9.962570 -10.004270
v 81.465225 9.749973 -10.011228
v 81.721375 9.894896 -9.932394
v 81.643181 9.680883 -9.937634
v 81.784950 9.869516 -9.744658
v 81.708298 9.654974 -9.745412
v 81.717697 9.894896 -9.558208
v 81.639412 9.680882 -9.554507
v 81.542580 9.962572 -9.489764
v 81.460045 9.749972 -9.484428
v 81.536781 10.438913 -9.568618
v 81.476364 10.463652 -9.747693
v 81.391327 10.260846 -9.748528
v 81.453384 10.235992 -9.565164
v 81.540291 10.438913 -9.925545
v 81.456985 10.235991 -9.930638
v 81.706734 10.372948 -9.990839
v 81.627945 10.169715 -9.997491
v 81.871864 10.306981 -9.922285
v 81.797562 10.103437 -9.927289
v 81.932281 10.282244 -9.743209
v 81.859627 10.078585 -9.743924
v 81.868355 10.306982 -9.565357
v 81.793968 10.103437 -9.561814
v 81.701912 10.372947 -9.500063
v 81.623001 10.169715 -9.494963
v 81.562790 10.666618 -9.746843
v 81.621262 10.641353 -9.572106
v 81.624687 10.641354 -9.920396
v 81.785835 10.573983 -9.984122
v 81.945702 10.506611 -9.917239
v 82.004181 10.481347 -9.742502
v 81.942276 10.506611 -9.568949
v 81.781128 10.573982 -9.505223
v 80.492500 7.472011 -9.506176
v 80.403931 7.496067 -9.758240
v 80.301987 7.164866 -9.759242
v 80.394295 7.142098 -9.497993
v 80.497437 7.472011 -10.008512
v 80.399414 7.142099 -10.018623
v 80.303314 6.777400 -10.030966
v 80.200958 6.798136 -9.760235
v 80.297974 6.777400 -9.487545
v 80.741127 7.407862 -10.100312
v 80.653358 7.081385 -10.113754
v 80.982971 7.343712 -10.003736
v 80.905380 7.020671 -10.013648
v 80.834999 6.666808 -10.025737
v 80.570160 6.722104 -10.130242
v 81.071533 7.319656 -9.751674
v 80.997688 6.997904 -9.752400
v 80.978027 7.343712 -9.501402
v 80.900261 7.020672 -9.493018
v 80.829659 6.666807 -9.482316
v 80.932022 6.646071 -9.753046
v 80.734337 7.407862 -9.409601
v 80.646317 7.081385 -9.397888
v 80.562813 6.722103 -9.383039
v 80.669876 8.054123 -9.520383
v 80.587166 8.077605 -9.756437
v 80.498611 7.796868 -9.757307
v 80.584076 7.772739 -9.513490
v 80.674507 8.054123 -9.990820
v 80.588852 7.772739 -9.999398
v 80.902100 7.991498 -10.076797
v 80.824020 7.708396 -10.088203
v 81.127960 7.928874 -9.986361
v 81.057396 7.644052 -9.994791
v 81.210670 7.905392 -9.750305
v 81.142853 7.619923 -9.750973
v 81.123337 7.928875 -9.515924
v 81.052612 7.644052 -9.508882
v 80.895737 7.991499 -9.429946
v 80.817451 7.708396 -9.420077
v 80.833855 8.591740 -9.533525
v 80.756516 8.614370 -9.754772
v 80.672661 8.348536 -9.755597
v 80.752716 8.325722 -9.527040
v 80.838188 8.591739 -9.974455
v 80.757195 8.325722 -9.982534
v 81.051010 8.531389 -10.055044
v 80.977501 8.264881 -10.065782
v 81.262199 8.471038 -9.970284
v 81.196129 8.204040 -9.978218
v 81.339531 8.448407 -9.749039
v 81.276184 8.181223 -9.749661
v 81.257866 8.471039 -9.529356
v 81.191650 8.204040 -9.522723
v 81.045044 8.531389 -9.448767
v 80.971344 8.264880 -9.439476
v 80.840508 8.877374 -9.753945
v 80.914955 8.854136 -9.539791
v 80.919151 8.854137 -9.966595
v 81.124069 8.792173 -10.044613
v 81.327408 8.730211 -9.962580
v 81.401855 8.706974 -9.748425
v 81.323212 8.730211 -9.535777
v 81.118294 8.792174 -9.457758
v 79.956520 5.021972 -9.421944
v 79.833374 5.039738 -9.763850
v 79.728020 4.512838 -9.764886
v 79.859093 4.495315 -9.401480
v 79.963219 5.021971 -10.103270
v 79.866211 4.495316 -10.125645
v 79.773361 3.962698 -10.149504
v 79.626183 3.979449 -9.765888
v 79.765785 3.962698 -9.379451
v 80.301811 4.974594 -10.227700
v 80.226562 4.448585 -10.257895
v 80.637886 4.927216 -10.096634
v 80.584236 4.401855 -10.118584
v 80.538116 3.873359 -10.141983
v 80.157158 3.918028 -10.290129
v 80.761040 4.909449 -9.754728
v 80.715309 4.384333 -9.755177
v 80.631187 4.927215 -9.415308
v 80.577118 4.401855 -9.394419
v 80.530540 3.873359 -9.371930
v 80.677719 3.856607 -9.755547
v 80.292595 4.974594 -9.290877
v 80.216766 4.448586 -9.262169
v 80.146744 3.918029 -9.231306
v 80.129807 5.949186 -9.457642
v 80.020439 5.966614 -9.762011
v 79.930412 5.520649 -9.762896
v 80.046440 5.503234 -9.440491
v 80.135773 5.949185 -10.064171
v 80.052757 5.503234 -10.082956
v 80.436501 5.902711 -10.174948
v 80.371788 5.456798 -10.200293
v 80.734993 5.856236 -10.058277
v 80.688446 5.410361 -10.076705
v 80.844360 5.838809 -9.753908
v 80.804482 5.392947 -9.754300
v 80.729027 5.856236 -9.451748
v 80.682129 5.410360 -9.434240
v 80.428299 5.902711 -9.340971
v 80.363098 5.456799 -9.316903
v 80.108444 6.395029 -9.761145
v 80.211319 6.376337 -9.473734
v 80.216949 6.376337 -10.046476
v 80.499847 6.326492 -10.151094
v 80.780624 6.276646 -10.040934
v 80.883499 6.257954 -9.753523
v 80.774994 6.276647 -9.468191
v 80.492096 6.326491 -9.363573
v 79.467354 1.929317 -9.279586
v 79.289856 1.944236 -9.769196
v 79.196960 1.347095 -9.770109
v 79.385422 1.334473 -9.250834
v 79.476944 1.929319 -10.255219
v 79.395599 1.334472 -10.285577
v 79.332146 0.758640 -10.309184
v 79.124458 0.767584 -9.770822
v 79.321518 0.758641 -9.228479
v 79.964859 1.889539 -10.433369
v 79.913628 1.300812 -10.474515
v 80.449173 1.849758 -10.245658
v 80.427841 1.267152 -10.275425
v 80.411446 0.710952 -10.298571
v 79.873787 0.734797 -10.506510
v 80.626671 1.834841 -9.756049
v 80.616295 1.254528 -9.756150
v 80.439583 1.849757 -9.270025
v 80.417664 1.267151 -9.240683
v 80.400818 0.710951 -9.217865
v 80.608498 0.702010 -9.756227
v 79.951668 1.889538 -9.091874
v 79.899635 1.300812 -9.051744
v 79.859177 0.734797 -9.020540
v 79.616722 2.976038 -9.332217
v 79.459076 2.991331 -9.767531
v 79.377846 2.489533 -9.768330
v 79.545013 2.474128 -9.306940
v 79.625259 2.976038 -10.199660
v 79.554054 2.474128 -10.226342
v 80.058632 2.935258 -10.358060
v 80.013596 2.433046 -10.394228
v 80.488815 2.894479 -10.191168
v 80.469749 2.391965 -10.217337
v 80.646469 2.879187 -9.755855
v 80.636925 2.376559 -9.755949
v 80.480286 2.894479 -9.323725
v 80.460709 2.391966 -9.297935
v 80.046906 2.935259 -9.165325
v 80.001167 2.433046 -9.130051
v 79.538658 3.477903 -9.766748
v 79.687149 3.462084 -9.356329
v 79.695190 3.462084 -10.174168
v 80.103394 3.419895 -10.323513
v 80.508583 3.377708 -10.166169
v 80.657066 3.361889 -9.755750
v 80.500534 3.377708 -9.348330
v 80.092339 3.419896 -9.198985
v 79.125931 0.293690 -9.770807
v 79.318573 0.293545 -9.242542
v 79.328926 0.293545 -10.295181
v 79.856873 0.275923 -10.487936
v 80.380928 0.267316 -10.284836
v 80.573570 0.258153 -9.756571
v 80.370575 0.267317 -9.232198
v 79.842628 0.275921 -9.039442
v 84.006439 11.091332 -8.596626
v 84.185936 10.262229 -7.957964
v 84.129639 10.116469 -8.133759
v 83.942329 10.913893 -8.804070
v 84.132309 9.782466 -7.646722
v 84.053558 9.587336 -7.700057
v 83.922470 9.715551 -7.815977
v 83.898262 10.076833 -8.148017
v 83.673996 10.832871 -8.796433
v 83.619034 10.137408 -7.933883
v 83.339355 10.912969 -8.547127
v 83.737259 9.638424 -7.597928
v 83.597908 9.868781 -7.474173
v 83.440842 10.292784 -7.666300
v 83.129387 11.089988 -8.222891
v 83.502708 10.412450 -7.473522
v 83.193497 11.267428 -8.015449
v 83.669357 9.768723 -7.295442
v 83.807747 9.935696 -7.304918
v 83.728523 10.478180 -7.476248
v 83.461830 11.348450 -8.023084
v 84.013321 10.391511 -7.673398
v 83.796471 11.268353 -8.272391
v 83.985657 9.717634 -7.397570
v 82.947578 11.803720 -9.801649
v 82.585823 12.059900 -9.776813
v 82.639671 12.364679 -9.862310
v 83.071007 11.982322 -9.870398
v 82.511154 12.009760 -9.342041
v 82.538956 12.233513 -9.310073
v 82.749557 12.276770 -9.235371
v 82.876457 12.385423 -9.646767
v 83.185974 12.070729 -9.694979
v 83.846153 9.062536 -7.236361
v 83.049194 12.043478 -8.717950
v 83.383919 11.974757 -8.980806
v 83.601509 11.782722 -9.299608
v 82.720901 11.757030 -8.901271
v 82.778030 11.957080 -8.706737
v 83.273216 11.496275 -9.482930
v 82.932159 11.580585 -9.233068
v 83.538055 11.598263 -9.507138
v 82.568916 11.045019 -10.201338
v 82.487747 11.419132 -10.284121
v 82.945511 11.419132 -10.451674
v 82.943817 10.963037 -10.279636
v 82.568916 11.793245 -10.201338
v 82.943817 11.875226 -10.279636
v 83.317108 11.793245 -10.193979
v 83.399887 11.419132 -10.275151
v 83.317108 11.045019 -10.193979
v 83.567444 11.419132 -9.817387
v 83.395409 10.963037 -9.819078
v 83.395409 11.875226 -9.819078
v 83.309746 11.793245 -9.445789
v 83.390923 11.419132 -9.363006
v 83.309746 11.045019 -9.445789
v 82.933159 11.419132 -9.195454
v 82.934845 10.963037 -9.367491
v 82.934845 11.875226 -9.367491
v 82.561562 11.793245 -9.453148
v 82.478775 11.419132 -9.371976
v 82.561562 11.045019 -9.453148
v 82.311226 11.419132 -9.829741
v 82.483261 10.963037 -9.828049
v 82.483261 11.875226 -9.828049
v 82.939331 10.790992 -9.823564
v 82.939331 12.047273 -9.823564
v 81.296906 11.420984 -9.724710
v 81.215736 11.795097 -9.807493
v 81.673500 11.795097 -9.975046
v 81.671806 11.339004 -9.803008
v 81.296906 12.169210 -9.724710
v 81.671806 12.251192 -9.803008
v 82.045097 12.169210 -9.717352
v 82.127876 11.795097 -9.798523
v 82.045097 11.420984 -9.717352
v 82.295433 11.795097 -9.340759
v 82.123390 11.339003 -9.342451
v 82.123390 12.251192 -9.342451
v 82.037735 12.169210 -8.969162
v 82.118912 11.795097 -8.886378
v 82.037735 11.420984 -8.969162
v 81.661140 11.795097 -8.718825
v 81.662834 11.339003 -8.890863
v 81.662834 12.251192 -8.890863
v 81.289551 12.169210 -8.976520
v 81.206764 11.795097 -8.895349
v 81.289551 11.420984 -8.976520
v 81.039207 11.795097 -9.353112
v 81.211250 11.339003 -9.351420
v 81.211250 12.251192 -9.351420
v 81.667320 11.166957 -9.346936
v 81.667320 12.423238 -9.346936
vt 0.475492 0.000000
vt 0.550246 0.000000
vt 0.551097 0.125000
vt 0.482981 0.125000
vt 0.625000 0.000000
vt 0.625000 0.125000
vt 0.625000 0.250000
vt 0.551267 0.250000
vt 0.483661 0.250000
vt 0.551267 0.375000
vt 0.483661 0.375000
vt 0.625000 0.375000
vt 0.625000 0.500000
vt 0.551616 0.500000
vt 0.483661 0.500000
vt 0.552663 0.625000
vt 0.483661 0.625000
vt 0.638957 0.625000
vt 0.625000 0.750000
vt 0.551616 0.750000
vt 0.483661 0.750000
vt 0.551097 0.875000
vt 0.482981 0.875000
vt 0.625000 0.875000
vt 0.625000 1.000000
vt 0.550246 1.000000
vt 0.475492 1.000000
vt 0.125000 0.500000
vt 0.250000 0.500000
vt 0.247924 0.625000
vt 0.125000 0.625000
vt 0.375000 0.500000
vt 0.354235 0.625000
vt 0.375000 0.750000
vt 0.250000 0.750000
vt 0.125000 0.750000
vt 0.750000 0.500000
vt 0.751396 0.625000
vt 0.875000 0.500000
vt 0.875000 0.625000
vt 0.875000 0.750000
vt 0.750000 0.750000
vt 0.425748 0.750000
vt 0.426097 0.875000
vt 0.375000 0.875000
vt 0.425246 1.000000
vt 0.375000 1.000000
vt 0.425748 0.500000
vt 0.424191 0.625000
vt 0.375000 0.250000
vt 0.426267 0.250000
vt 0.426267 0.375000
vt 0.375000 0.375000
vt 0.375000 0.000000
vt 0.425246 0.000000
vt 0.426097 0.125000
vt 0.375000 0.125000
vt 0.475492 0.000000
vt 0.550246 0.000000
vt 0.551097 0.125000
vt 0.482981 0.125000
vt 0.625000 0.000000
vt 0.625000 0.125000
vt 0.625000 0.250000
vt 0.551267 0.250000
vt 0.483661 0.250000
vt 0.551267 0.375000
vt 0.483661 0.375000
vt 0.625000 0.375000
vt 0.625000 0.500000
vt 0.551616 0.500000
vt 0.483661 0.500000
vt 0.552663 0.625000
vt 0.483661 0.625000
vt 0.638957 0.625000
vt 0.625000 0.750000
vt 0.551616 0.750000
vt 0.483661 0.750000
vt 0.551097 0.875000
vt 0.482981 0.875000
vt 0.625000 0.875000
vt 0.625000 1.000000
vt 0.550246 1.000000
vt 0.475492 1.000000
vt 0.125000 0.500000
vt 0.250000 0.500000
vt 0.247924 0.625000
vt 0.125000 0.625000
vt 0.375000 0.500000
vt 0.354235 0.625000
vt 0.375000 0.750000
vt 0.250000 0.750000
vt 0.125000 0.750000
vt 0.750000 0.500000
vt 0.751396 0.625000
vt 0.875000 0.500000
vt 0.875000 0.625000
vt 0.875000 0.750000
vt 0.750000 0.750000
vt 0.425748 0.750000
vt 0.426097 0.875000
vt 0.375000 0.875000
vt 0.425246 1.000000
vt 0.375000 1.000000
vt 0.425748 0.500000
vt 0.424191 0.625000
vt 0.375000 0.250000
vt 0.426267 0.250000
vt 0.426267 0.375000
vt 0.375000 0.375000
vt 0.375000 0.000000
vt 0.425246 0.000000
vt 0.426097 0.125000
vt 0.375000 0.125000
vt 0.475492 0.000000
vt 0.550246 0.000000
vt 0.551097 0.125000
vt 0.482981 0.125000
vt 0.625000 0.000000
vt 0.625000 0.125000
vt 0.625000 0.250000
vt 0.551267 0.250000
vt 0.483661 0.250000
vt 0.551267 0.375000
vt 0.483661 0.375000
vt 0.625000 0.375000
vt 0.625000 0.500000
vt 0.551616 0.500000
vt 0.483661 0.500000
vt 0.552663 0.625000
vt 0.483661 0.625000
vt 0.638957 0.625000
vt 0.625000 0.750000
vt 0.551616 0.750000
vt 0.483661 0.750000
vt 0.551097 0.875000
vt 0.482981 0.875000
vt 0.625000 0.875000
vt 0.625000 1.000000
vt 0.550246 1.000000
vt 0.475492 1.000000
vt 0.125000 0.500000
vt 0.250000 0.500000
vt 0.247924 0.625000
vt 0.125000 0.625000
vt 0.375000 0.500000
vt 0.354235 0.625000
vt 0.375000 0.750000
vt 0.250000 0.750000
vt 0.125000 0.750000
vt 0.750000 0.500000
vt 0.751396 0.625000
vt 0.875000 0.500000
vt 0.875000 0.625000
vt 0.875000 0.750000
vt 0.750000 0.750000
vt 0.425748 0.750000
vt 0.426097 0.875000
vt 0.375000 0.875000
vt 0.425246 1.000000
vt 0.375000 1.000000
vt 0.425748 0.500000
vt 0.424191 0.625000
vt 0.375000 0.250000
vt 0.426267 0.250000
vt 0.426267 0.375000
vt 0.375000 0.375000
vt 0.375000 0.000000
vt 0.425246 0.000000
vt 0.426097 0.125000
vt 0.375000 0.125000
vt 0.475492 0.000000
vt 0.550246 0.000000
vt 0.551097 0.125000
vt 0.482981 0.125000
vt 0.625000 0.000000
vt 0.625000 0.125000
vt 0.625000 0.250000
vt 0.551267 0.250000
vt 0.483661 0.250000
vt 0.551267 0.375000
vt 0.483661 0.375000
vt 0.625000 0.375000
vt 0.625000 0.500000
vt 0.551616 0.500000
vt 0.483661 0.500000
vt 0.552663 0.625000
vt 0.483661 0.625000
vt 0.638957 0.625000
vt 0.625000 0.750000
vt 0.551616 0.750000
vt 0.483661 0.750000
vt 0.551097 0.875000
vt 0.482981 0.875000
vt 0.625000 0.875000
vt 0.625000 1.000000
vt 0.550246 1.000000
vt 0.475492 1.000000
vt 0.125000 0.500000
vt 0.250000 0.500000
vt 0.247924 0.625000
vt 0.125000 0.625000
vt 0.375000 0.500000
vt 0.354235 0.625000
vt 0.375000 0.750000
vt 0.250000 0.750000
vt 0.125000 0.750000
vt 0.750000 0.500000
vt 0.751396 0.625000
vt 0.875000 0.500000
vt 0.875000 0.625000
vt 0.875000 0.750000
vt 0.750000 0.750000
vt 0.425748 0.750000
vt 0.426097 0.875000
vt 0.375000 0.875000
vt 0.425246 1.000000
vt 0.375000 1.000000
vt 0.425748 0.500000
vt 0.424191 0.625000
vt 0.375000 0.250000
vt 0.426267 0.250000
vt 0.426267 0.375000
vt 0.375000 0.375000
vt 0.375000 0.000000
vt 0.425246 0.000000
vt 0.426097 0.125000
vt 0.375000 0.125000
vt 0.475492 0.000000
vt 0.550246 0.000000
vt 0.551097 0.125000
vt 0.482981 0.125000
vt 0.625000 0.000000
vt 0.625000 0.125000
vt 0.625000 0.250000
vt 0.551267 0.250000
vt 0.483661 0.250000
vt 0.551267 0.375000
vt 0.483661 0.375000
vt 0.625000 0.375000
vt 0.625000 0.500000
vt 0.551616 0.500000
vt 0.483661 0.500000
vt 0.552663 0.625000
vt 0.483661 0.625000
vt 0.638957 0.625000
vt 0.625000 0.750000
vt 0.551616 0.750000
vt 0.483661 0.750000
vt 0.551097 0.875000
vt 0.482981 0.875000
vt 0.625000 0.875000
vt 0.625000 1.000000
vt 0.550246 1.000000
vt 0.475492 1.000000
vt 0.125000 0.500000
vt 0.250000 0.500000
vt 0.247924 0.625000
vt 0.125000 0.625000
vt 0.375000 0.500000
vt 0.354235 0.625000
vt 0.375000 0.750000
vt 0.250000 0.750000
vt 0.125000 0.750000
vt 0.750000 0.500000
vt 0.751396 0.625000
vt 0.875000 0.500000
vt 0.875000 0.625000
vt 0.875000 0.750000
vt 0.750000 0.750000
vt 0.425748 0.750000
vt 0.426097 0.875000
vt 0.375000 0.875000
vt 0.425246 1.000000
vt 0.375000 1.000000
vt 0.425748 0.500000
vt 0.424191 0.625000
vt 0.375000 0.250000
vt 0.426267 0.250000
vt 0.426267 0.375000
vt 0.375000 0.375000
vt 0.375000 0.000000
vt 0.425246 0.000000
vt 0.426097 0.125000
vt 0.375000 0.125000
vt 0.475492 0.000000
vt 0.550246 0.000000
vt 0.551097 0.125000
vt 0.482981 0.125000
vt 0.625000 0.000000
vt 0.625000 0.125000
vt 0.625000 0.250000
vt 0.551267 0.250000
vt 0.483661 0.250000
vt 0.551267 0.375000
vt 0.483661 0.375000
vt 0.625000 0.375000
vt 0.625000 0.500000
vt 0.551616 0.500000
vt 0.483661 0.500000
vt 0.552663 0.625000
vt 0.483661 0.625000
vt 0.638957 0.625000
vt 0.625000 0.750000
vt 0.551616 0.750000
vt 0.483661 0.750000
vt 0.551097 0.875000
vt 0.482981 0.875000
vt 0.625000 0.875000
vt 0.625000 1.000000
vt 0.550246 1.000000
vt 0.475492 1.000000
vt 0.125000 0.500000
vt 0.250000 0.500000
vt 0.247924 0.625000
vt 0.125000 0.625000
vt 0.375000 0.500000
vt 0.354235 0.625000
vt 0.375000 0.750000
vt 0.250000 0.750000
vt 0.125000 0.750000
vt 0.750000 0.500000
vt 0.751396 0.625000
vt 0.875000 0.500000
vt 0.875000 0.625000
vt 0.875000 0.750000
vt 0.750000 0.750000
vt 0.425748 0.750000
vt 0.426097 0.875000
vt 0.375000 0.875000
vt 0.425246 1.000000
vt 0.375000 1.000000
vt 0.425748 0.500000
vt 0.424191 0.625000
vt 0.375000 0.250000
vt 0.426267 0.250000
vt 0.426267 0.375000
vt 0.375000 0.375000
vt 0.375000 0.000000
vt 0.425246 0.000000
vt 0.426097 0.125000
vt 0.375000 0.125000
vt 0.475492 0.000000
vt 0.550246 0.000000
vt 0.551097 0.125000
vt 0.482981 0.125000
vt 0.625000 0.000000
vt 0.625000 0.125000
vt 0.625000 0.250000
vt 0.551267 0.250000
vt 0.483661 0.250000
vt 0.551267 0.375000
vt 0.483661 0.375000
vt 0.625000 0.375000
vt 0.625000 0.500000
vt 0.551616 0.500000
vt 0.483661 0.500000
vt 0.552663 0.625000
vt 0.483661 0.625000
vt 0.638957 0.625000
vt 0.625000 0.750000
vt 0.551616 0.750000
vt 0.483661 0.750000
vt 0.551097 0.875000
vt 0.482981 0.875000
vt 0.625000 0.875000
vt 0.625000 1.000000
vt 0.550246 1.000000
vt 0.475492 1.000000
vt 0.125000 0.500000
vt 0.250000 0.500000
vt 0.247924 0.625000
vt 0.125000 0.625000
vt 0.375000 0.500000
vt 0.354235 0.625000
vt 0.375000 0.750000
vt 0.250000 0.750000
vt 0.125000 0.750000
vt 0.750000 0.500000
vt 0.751396 0.625000
vt 0.875000 0.500000
vt 0.875000 0.625000
vt 0.875000 0.750000
vt 0.750000 0.750000
vt 0.425748 0.750000
vt 0.426097 0.875000
vt 0.375000 0.875000
vt 0.425246 1.000000
vt 0.375000 1.000000
vt 0.425748 0.500000
vt 0.424191 0.625000
vt 0.375000 0.250000
vt 0.426267 0.250000
vt 0.426267 0.375000
vt 0.375000 0.375000
vt 0.375000 0.000000
vt 0.425246 0.000000
vt 0.426097 0.125000
vt 0.375000 0.125000
vt 0.475492 0.000000
vt 0.550246 0.000000
vt 0.551097 0.125000
vt 0.482981 0.125000
vt 0.625000 0.000000
vt 0.625000 0.125000
vt 0.625000 0.250000
vt 0.551267 0.250000
vt 0.483661 0.250000
vt 0.551267 0.375000
vt 0.483661 0.375000
vt 0.625000 0.375000
vt 0.625000 0.500000
vt 0.551616 0.500000
vt 0.483661 0.500000
vt 0.552663 0.625000
vt 0.483661 0.625000
vt 0.638957 0.625000
vt 0.625000 0.750000
vt 0.551616 0.750000
vt 0.483661 0.750000
vt 0.551097 0.875000
vt 0.482981 0.875000
vt 0.625000 0.875000
vt 0.625000 1.000000
vt 0.550246 1.000000
vt 0.475492 1.000000
vt 0.125000 0.500000
vt 0.250000 0.500000
vt 0.247924 0.625000
vt 0.125000 0.625000
vt 0.375000 0.500000
vt 0.354235 0.625000
vt 0.375000 0.750000
vt 0.250000 0.750000
vt 0.125000 0.750000
vt 0.750000 0.500000
vt 0.751396 0.625000
vt 0.875000 0.500000
vt 0.875000 0.625000
vt 0.875000 0.750000
vt 0.750000 0.750000
vt 0.425748 0.750000
vt 0.426097 0.875000
vt 0.375000 0.875000
vt 0.425246 1.000000
vt 0.375000 1.000000
vt 0.425748 0.500000
vt 0.424191 0.625000
vt 0.375000 0.250000
vt 0.426267 0.250000
vt 0.426267 0.375000
vt 0.375000 0.375000
vt 0.375000 0.000000
vt 0.425246 0.000000
vt 0.426097 0.125000
vt 0.375000 0.125000
vt 0.475492 0.000000
vt 0.550246 0.000000
vt 0.551097 0.125000
vt 0.482981 0.125000
vt 0.625000 0.000000
vt 0.625000 0.125000
vt 0.625000 0.250000
vt 0.551267 0.250000
vt 0.483661 0.250000
vt 0.551267 0.375000
vt 0.483661 0.375000
vt 0.625000 0.375000
vt 0.625000 0.500000
vt 0.551616 0.500000
vt 0.483661 0.500000
vt 0.552663 0.625000
vt 0.483661 0.625000
vt 0.638957 0.625000
vt 0.625000 0.750000
vt 0.551616 0.750000
vt 0.483661 0.750000
vt 0.551097 0.875000
vt 0.482981 0.875000
vt 0.625000 0.875000
vt 0.625000 1.000000
vt 0.550246 1.000000
vt 0.475492 1.000000
vt 0.125000 0.500000
vt 0.250000 0.500000
vt 0.247924 0.625000
vt 0.125000 0.625000
vt 0.375000 0.500000
vt 0.354235 0.625000
vt 0.375000 0.750000
vt 0.250000 0.750000
vt 0.125000 0.750000
vt 0.750000 0.500000
vt 0.751396 0.625000
vt 0.875000 0.500000
vt 0.875000 0.625000
vt 0.875000 0.750000
vt 0.750000 0.750000
vt 0.425748 0.750000
vt 0.426097 0.875000
vt 0.375000 0.875000
vt 0.425246 1.000000
vt 0.375000 1.000000
vt 0.425748 0.500000
vt 0.424191 0.625000
vt 0.375000 0.250000
vt 0.426267 0.250000
vt 0.426267 0.375000
vt 0.375000 0.375000
vt 0.375000 0.000000
vt 0.425246 0.000000
vt 0.426097 0.125000
vt 0.375000 0.125000
vt 0.475492 0.000000
vt 0.550246 0.000000
vt 0.551097 0.125000
vt 0.482981 0.125000
vt 0.625000 0.000000
vt 0.625000 0.125000
vt 0.625000 0.250000
vt 0.551267 0.250000
vt 0.483661 0.250000
vt 0.551267 0.375000
vt 0.483661 0.375000
vt 0.625000 0.375000
vt 0.625000 0.500000
vt 0.551616 0.500000
vt 0.483661 0.500000
vt 0.552663 0.625000
vt 0.483661 0.625000
vt 0.638957 0.625000
vt 0.625000 0.750000
vt 0.551616 0.750000
vt 0.483661 0.750000
vt 0.551097 0.875000
vt 0.482981 0.875000
vt 0.625000 0.875000
vt 0.625000 1.000000
vt 0.550246 1.000000
vt 0.475492 1.000000
vt 0.125000 0.500000
vt 0.250000 0.500000
vt 0.247924 0.625000
vt 0.125000 0.625000
vt 0.375000 0.500000
vt 0.354235 0.625000
vt 0.375000 0.750000
vt 0.250000 0.750000
vt 0.125000 0.750000
vt 0.750000 0.500000
vt 0.751396 0.625000
vt 0.875000 0.500000
vt 0.875000 0.625000
vt 0.875000 0.750000
vt 0.750000 0.750000
vt 0.425748 0.750000
vt 0.426097 0.875000
vt 0.375000 0.875000
vt 0.425246 1.000000
vt 0.375000 1.000000
vt 0.425748 0.500000
vt 0.424191 0.625000
vt 0.375000 0.250000
vt 0.426267 0.250000
vt 0.426267 0.375000
vt 0.375000 0.375000
vt 0.375000 0.000000
vt 0.425246 0.000000
vt 0.426097 0.125000
vt 0.375000 0.125000
vt 0.475492 0.000000
vt 0.550246 0.000000
vt 0.551097 0.125000
vt 0.482981 0.125000
vt 0.625000 0.000000
vt 0.625000 0.125000
vt 0.625000 0.250000
vt 0.551267 0.250000
vt 0.483661 0.250000
vt 0.551267 0.375000
vt 0.483661 0.375000
vt 0.625000 0.375000
vt 0.625000 0.500000
vt 0.551616 0.500000
vt 0.483661 0.500000
vt 0.552663 0.625000
vt 0.483661 0.625000
vt 0.638957 0.625000
vt 0.625000 0.750000
vt 0.551616 0.750000
vt 0.483661 0.750000
vt 0.551097 0.875000
vt 0.482981 0.875000
vt 0.625000 0.875000
vt 0.625000 1.000000
vt 0.550246 1.000000
vt 0.475492 1.000000
vt 0.125000 0.500000
vt 0.250000 0.500000
vt 0.247924 0.625000
vt 0.125000 0.625000
vt 0.375000 0.500000
vt 0.354235 0.625000
vt 0.375000 0.750000
vt 0.250000 0.750000
vt 0.125000 0.750000
vt 0.750000 0.500000
vt 0.751396 0.625000
vt 0.875000 0.500000
vt 0.875000 0.625000
vt 0.875000 0.750000
vt 0.750000 0.750000
vt 0.425748 0.750000
vt 0.426097 0.875000
vt 0.375000 0.875000
vt 0.425246 1.000000
vt 0.375000 1.000000
vt 0.425748 0.500000
vt 0.424191 0.625000
vt 0.375000 0.250000
vt 0.426267 0.250000
vt 0.426267 0.375000
vt 0.375000 0.375000
vt 0.375000 0.000000
vt 0.425246 0.000000
vt 0.426097 0.125000
vt 0.375000 0.125000
vt 0.475492 0.000000
vt 0.550246 0.000000
vt 0.551097 0.125000
vt 0.482981 0.125000
vt 0.625000 0.000000
vt 0.625000 0.125000
vt 0.625000 0.250000
vt 0.551267 0.250000
vt 0.483661 0.250000
vt 0.551267 0.375000
vt 0.483661 0.375000
vt 0.625000 0.375000
vt 0.625000 0.500000
vt 0.551616 0.500000
vt 0.483661 0.500000
vt 0.552663 0.625000
vt 0.483661 0.625000
vt 0.638957 0.625000
vt 0.625000 0.750000
vt 0.551616 0.750000
vt 0.483661 0.750000
vt 0.551097 0.875000
vt 0.482981 0.875000
vt 0.625000 0.875000
vt 0.625000 1.000000
vt 0.550246 1.000000
vt 0.475492 1.000000
vt 0.125000 0.500000
vt 0.250000 0.500000
vt 0.247924 0.625000
vt 0.125000 0.625000
vt 0.375000 0.500000
vt 0.354235 0.625000
vt 0.375000 0.750000
vt 0.250000 0.750000
vt 0.125000 0.750000
vt 0.750000 0.500000
vt 0.751396 0.625000
vt 0.875000 0.500000
vt 0.875000 0.625000
vt 0.875000 0.750000
vt 0.750000 0.750000
vt 0.425748 0.750000
vt 0.426097 0.875000
vt 0.375000 0.875000
vt 0.425246 1.000000
vt 0.375000 1.000000
vt 0.425748 0.500000
vt 0.424191 0.625000
vt 0.375000 0.250000
vt 0.426267 0.250000
vt 0.426267 0.375000
vt 0.375000 0.375000
vt 0.375000 0.000000
vt 0.425246 0.000000
vt 0.426097 0.125000
vt 0.375000 0.125000
vt 0.000000 0.000000
vt 0.000000 0.000000
vt 0.000000 0.000000
vt 0.000000 0.000000
vt 0.000000 0.000000
vt 0.000000 0.000000
vt 0.000000 0.000000
vt 0.000000 0.000000
vt 0.000000 0.000000
vt 0.000000 0.000000
vt 0.000000 0.000000
vt 0.000000 0.000000
vt 0.000000 0.000000
vt 0.000000 0.000000
vt 0.000000 0.000000
vt 0.000000 0.000000
vt 0.000000 0.000000
vt 0.000000 0.000000
vt 0.000000 0.000000
vt 0.000000 0.000000
vt 0.000000 0.000000
vt 0.000000 0.000000
vt 0.000000 0.000000
vt 0.000000 0.000000
vt 0.000000 0.000000
vt 0.000000 0.000000
vt 0.000000 0.000000
vt 0.000000 0.000000
vt 0.000000 0.000000
vt 0.000000 0.000000
vt 0.000000 0.000000
vt 0.000000 0.000000
vt 0.000000 0.000000
vt 0.000000 0.000000
vt 0.000000 0.000000
vt 0.000000 0.000000
vt 0.000000 0.000000
vt 0.000000 0.000000
vt 0.000000 0.000000
vt 0.000000 0.000000
vt 0.000000 0.000000
vt 0.000000 0.000000
vt 0.000000 0.000000
vt 0.000000 0.000000
vt 0.000000 0.000000
vt 0.000000 0.000000
vt 0.000000 0.000000
vt 0.000000 0.000000
vt 0.000000 0.000000
vt 0.000000 0.000000
vt 0.000000 0.000000
vt 0.000000 0.000000
vt 0.000000 0.000000
vt 0.000000 0.000000
vt 0.000000 0.000000
vt 0.000000 0.000000
vt 0.000000 0.000000
vt 0.000000 0.000000
vt 0.000000 0.000000
vt 0.000000 0.000000
vt 0.000000 0.000000
vt 0.000000 0.000000
vt 0.000000 0.000000
vt 0.000000 0.000000
vt 0.000000 0.000000
vt 0.000000 0.000000
vt 0.000000 0.000000
vt 0.000000 0.000000
vt 0.000000 0.000000
vt 0.000000 0.000000
vt 0.000000 0.000000
vt 0.000000 0.000000
vt 0.000000 0.000000
vt 0.000000 0.000000
vt 0.000000 0.000000
vt 0.000000 0.000000
vt 0.000000 0.000000
vt 0.000000 0.000000
vt 0.000000 0.000000
vt 0.000000 0.000000
vt 0.000000 0.000000
vt 0.000000 0.000000
vt 0.000000 0.000000
vt 0.000000 0.000000
vt 0.000000 0.000000
vt 0.000000 0.000000
vt 0.000000 0.000000
vt 0.000000 0.000000
vt 0.000000 0.000000
vt 0.000000 0.000000
vt 0.000000 0.000000
vt 0.000000 0.000000
vt 0.000000 0.000000
vt 0.000000 0.000000
vt 0.000000 0.000000
vt 0.000000 0.000000
vt 0.000000 0.000000
vt 0.000000 0.000000
vt 0.000000 0.000000
vt 0.000000 0.000000
vt 0.000000 0.000000
vt 0.000000 0.000000
vt 0.000000 0.000000
vt 0.000000 0.000000
vt 0.000000 0.000000
vt 0.000000 0.000000
vt 0.000000 0.000000
vt 0.000000 0.000000
vt 0.000000 0.000000
vt 0.000000 0.000000
vt 0.000000 0.000000
vt 0.000000 0.000000
vt 0.000000 0.000000
vt 0.000000 0.000000
vt 0.000000 0.000000
vt 0.000000 0.000000
vt 0.000000 0.000000
vt 0.000000 0.000000
vt 0.000000 0.000000
vt 0.000000 0.000000
vt 0.000000 0.000000
vt 0.000000 0.000000
vt 0.000000 0.000000
vt 0.000000 0.000000
vt 0.000000 0.000000
vt 0.000000 0.000000
vt 0.000000 0.000000
vt 0.000000 0.000000
vt 0.000000 0.000000
vt 0.000000 0.000000
vt 0.000000 0.000000
vt 0.000000 0.000000
vt 0.000000 0.000000
vt 0.000000 0.000000
vt 0.000000 0.000000
vt 0.000000 0.000000
vt 0.000000 0.000000
vt 0.000000 0.000000
vt 0.000000 0.000000
vt 0.000000 0.000000
vt 0.000000 0.000000
vt 0.000000 0.000000
vt 0.000000 0.000000
vt 0.000000 0.000000
vt 0.000000 0.000000
vt 0.000000 0.000000
vt 0.000000 0.000000
vt 0.000000 0.000000
vt 0.000000 0.000000
vt 0.000000 0.000000
vt 0.000000 0.000000
vt 0.000000 0.000000
vt 0.000000 0.000000
vt 0.000000 0.000000
vt 0.000000 0.000000
vt 0.000000 0.000000
vt 0.000000 0.000000
vt 0.000000 0.000000
vt 0.000000 0.000000
vt 0.000000 0.000000
vt 0.000000 0.000000
vt 0.000000 0.000000
vt 0.000000 0.000000
vt 0.000000 0.000000
vt 0.000000 0.000000
vt 0.000000 0.000000
vt 0.000000 0.000000
vt 0.000000 0.000000
vt 0.000000 0.000000
vt 0.000000 0.000000
vt 0.000000 0.000000
vt 0.000000 0.000000
vt 0.000000 0.000000
vt 0.000000 0.000000
vt 0.000000 0.000000
vt 0.000000 0.000000
vt 0.000000 0.000000
vt 0.000000 0.000000
vt 0.000000 0.000000
vt 0.000000 0.000000
vt 0.000000 0.000000
vt 0.000000 0.000000
vt 0.000000 0.000000
vt 0.000000 0.000000
vt 0.000000 0.000000
vt 0.000000 0.000000
vt 0.000000 0.000000
vt 0.000000 0.000000
vt 0.000000 0.000000
vt 0.000000 0.000000
vt 0.000000 0.000000
vt 0.000000 0.000000
vt 0.000000 0.000000
vt 0.000000 0.000000
vt 0.000000 0.000000
vt 0.000000 0.000000
vt 0.000000 0.000000
vt 0.000000 0.000000
vt 0.000000 0.000000
vt 0.000000 0.000000
vt 0.000000 0.000000
vt 0.000000 0.000000
vt 0.000000 0.000000
vt 0.000000 0.000000
vt 0.000000 0.000000
vt 0.000000 0.000000
vt 0.000000 0.000000
vt 0.000000 0.000000
vt 0.000000 0.000000
vt 0.000000 0.000000
vt 0.000000 0.000000
vt 0.000000 0.000000
vt 0.000000 0.000000
vt 0.000000 0.000000
vt 0.000000 0.000000
vt 0.000000 0.000000
vt 0.000000 0.000000
vt 0.000000 0.000000
vt 0.000000 0.000000
vt 0.000000 0.000000
vt 0.000000 0.000000
vt 0.000000 0.000000
vt 0.000000 0.000000
vt 0.000000 0.000000
vt 0.000000 0.000000
vt 0.000000 0.000000
vt 0.000000 0.000000
vt 0.000000 0.000000
vt 0.000000 0.000000
vt 0.000000 0.000000
vt 0.000000 0.000000
vt 0.000000 0.000000
vt 0.000000 0.000000
vt 0.000000 0.000000
vt 0.000000 0.000000
vt 0.000000 0.000000
vt 0.000000 0.000000
vt 0.000000 0.000000
vt 0.000000 0.000000
vt 0.000000 0.000000
vt 0.000000 0.000000
vt 0.000000 0.000000
vt 0.000000 0.000000
vt 0.000000 0.000000
vt 0.000000 0.000000
vt 0.000000 0.000000
vt 0.000000 0.000000
vt 0.000000 0.000000
vt 0.000000 0.000000
vt 0.000000 0.000000
vt 0.000000 0.000000
vt 0.000000 0.000000
vt 0.000000 0.000000
vt 0.000000 0.000000
vt 0.000000 0.000000
vt 0.000000 0.000000
vt 0.000000 0.000000
vt 0.000000 0.000000
vt 0.000000 0.000000
vt 0.000000 0.000000
vt 0.000000 0.000000
vt 0.000000 0.000000
vt 0.000000 0.000000
vt 0.000000 0.000000
vt 0.000000 0.000000
vt 0.000000 0.000000
vt 0.000000 0.000000
vt 0.000000 0.000000
vt 0.000000 0.000000
vt 0.000000 0.000000
vt 0.000000 0.000000
vt 0.000000 0.000000
vt 0.000000 0.000000
vt 0.000000 0.000000
vt 0.000000 0.000000
vt 0.000000 0.000000
vt 0.000000 0.000000
vt 0.000000 0.000000
vt 0.000000 0.000000
vt 0.000000 0.000000
vt 0.000000 0.000000
vt 0.000000 0.000000
vt 0.000000 0.000000
vt 0.000000 0.000000
vt 0.000000 0.000000
vt 0.000000 0.000000
vt 0.000000 0.000000
vt 0.000000 0.000000
vt 0.000000 0.000000
vt 0.000000 0.000000
vt 0.000000 0.000000
vt 0.000000 0.000000
vt 0.000000 0.000000
vt 0.000000 0.000000
vt 0.000000 0.000000
vt 0.000000 0.000000
vt 0.000000 0.000000
vt 0.000000 0.000000
vt 0.000000 0.000000
vt 0.000000 0.000000
vt 0.000000 0.000000
vt 0.000000 0.000000
vt 0.000000 0.000000
vt 0.000000 0.000000
vt 0.000000 0.000000
vt 0.000000 0.000000
vt 0.000000 0.000000
vt 0.000000 0.000000
vt 0.000000 0.000000
vt 0.000000 0.000000
vt 0.000000 0.000000
vt 0.000000 0.000000
vt 0.000000 0.000000
vt 0.000000 0.000000
vt 0.000000 0.000000
vt 0.000000 0.000000
vt 0.000000 0.000000
vt 0.000000 0.000000
vt 0.000000 0.000000
vt 0.000000 0.000000
vt 0.000000 0.000000
vt 0.000000 0.000000
vt 0.000000 0.000000
vt 0.000000 0.000000
vt 0.000000 0.000000
vt 0.000000 0.000000
vt 0.000000 0.000000
vt 0.000000 0.000000
vt 0.000000 0.000000
vt 0.000000 0.000000
vt 0.000000 0.000000
vt 0.000000 0.000000
vt 0.000000 0.000000
vt 0.000000 0.000000
vt 0.000000 0.000000
vt 0.000000 0.000000
vt 0.000000 0.000000
vt 0.000000 0.000000
vt 0.000000 0.000000
vt 0.000000 0.000000
vt 0.000000 0.000000
vt 0.000000 0.000000
vt 0.000000 0.000000
vt 0.000000 0.000000
vt 0.000000 0.000000
vt 0.000000 0.000000
vt 0.475492 0.000000
vt 0.550246 0.000000
vt 0.551097 0.125000
vt 0.482981 0.125000
vt 0.625000 0.000000
vt 0.625000 0.125000
vt 0.625000 0.250000
vt 0.551267 0.250000
vt 0.483661 0.250000
vt 0.551267 0.375000
vt 0.483661 0.375000
vt 0.625000 0.375000
vt 0.625000 0.500000
vt 0.551616 0.500000
vt 0.483661 0.500000
vt 0.552663 0.625000
vt 0.483661 0.625000
vt 0.638957 0.625000
vt 0.625000 0.750000
vt 0.551616 0.750000
vt 0.483661 0.750000
vt 0.551097 0.875000
vt 0.482981 0.875000
vt 0.625000 0.875000
vt 0.625000 1.000000
vt 0.550246 1.000000
vt 0.475492 1.000000
vt 0.125000 0.500000
vt 0.250000 0.500000
vt 0.247924 0.625000
vt 0.125000 0.625000
vt 0.375000 0.500000
vt 0.354235 0.625000
vt 0.375000 0.750000
vt 0.250000 0.750000
vt 0.125000 0.750000
vt 0.750000 0.500000
vt 0.751396 0.625000
vt 0.875000 0.500000
vt 0.875000 0.625000
vt 0.875000 0.750000
vt 0.750000 0.750000
vt 0.425748 0.750000
vt 0.426097 0.875000
vt 0.375000 0.875000
vt 0.425246 1.000000
vt 0.375000 1.000000
vt 0.425748 0.500000
vt 0.424191 0.625000
vt 0.375000 0.250000
vt 0.426267 0.250000
vt 0.426267 0.375000
vt 0.375000 0.375000
vt 0.375000 0.000000
vt 0.425246 0.000000
vt 0.426097 0.125000
vt 0.375000 0.125000
vt 0.375000 0.000000
vt 0.500000 0.000000
vt 0.500000 0.125000
vt 0.375000 0.125000
vt 0.625000 0.000000
vt 0.625000 0.125000
vt 0.625000 0.250000
vt 0.500000 0.250000
vt 0.375000 0.250000
vt 0.500000 0.375000
vt 0.375000 0.375000
vt 0.625000 0.375000
vt 0.625000 0.500000
vt 0.500000 0.500000
vt 0.375000 0.500000
vt 0.500000 0.625000
vt 0.375000 0.625000
vt 0.625000 0.625000
vt 0.625000 0.750000
vt 0.500000 0.750000
vt 0.375000 0.750000
vt 0.500000 0.875000
vt 0.375000 0.875000
vt 0.625000 0.875000
vt 0.625000 1.000000
vt 0.500000 1.000000
vt 0.375000 1.000000
vt 0.125000 0.500000
vt 0.250000 0.500000
vt 0.250000 0.625000
vt 0.125000 0.625000
vt 0.250000 0.750000
vt 0.125000 0.750000
vt 0.750000 0.500000
vt 0.750000 0.625000
vt 0.875000 0.500000
vt 0.875000 0.625000
vt 0.875000 0.750000
vt 0.750000 0.750000
vt 0.375000 0.000000
vt 0.500000 0.000000
vt 0.500000 0.125000
vt 0.375000 0.125000
vt 0.625000 0.000000
vt 0.625000 0.125000
vt 0.625000 0.250000
vt 0.500000 0.250000
vt 0.375000 0.250000
vt 0.500000 0.375000
vt 0.375000 0.375000
vt 0.625000 0.375000
vt 0.625000 0.500000
vt 0.500000 0.500000
vt 0.375000 0.500000
vt 0.500000 0.625000
vt 0.375000 0.625000
vt 0.625000 0.625000
vt 0.625000 0.750000
vt 0.500000 0.750000
vt 0.375000 0.750000
vt 0.500000 0.875000
vt 0.375000 0.875000
vt 0.625000 0.875000
vt 0.625000 1.000000
vt 0.500000 1.000000
vt 0.375000 1.000000
vt 0.125000 0.500000
vt 0.250000 0.500000
vt 0.250000 0.625000
vt 0.125000 0.625000
vt 0.250000 0.750000
vt 0.125000 0.750000
vt 0.750000 0.500000
vt 0.750000 0.625000
vt 0.875000 0.500000
vt 0.875000 0.625000
vt 0.875000 0.750000
vt 0.750000 0.750000
vn 0.7431 0.2049 0.6370
vn 0.5948 0.0634 0.8014
vn 0.5107 -0.8375 0.1941
vn 0.5639 -0.8007 0.2021
vn -0.0085 -0.9678 -0.2518
vn 0.0652 -0.9494 -0.3071
vn -0.3322 -0.7906 -0.5144
vn -0.3534 -0.8299 -0.4317
vn -0.8181 -0.2484 -0.5187
vn -0.8117 -0.3091 -0.4956
vn -0.7846 0.6146 0.0819
vn -0.6447 0.7595 -0.0868
vn -0.0407 0.9422 0.3327
vn -0.1662 0.8099 0.5625
vn 0.1082 0.7003 0.7056
vn 0.2997 0.8061 0.5102
vn 0.5980 -0.7150 -0.3621
vn -0.3726 -0.3271 -0.8684
vn -0.0512 0.7478 -0.6619
vn 0.9200 0.3597 -0.1553
vn -0.5205 -0.6380 -0.5675
vn 0.2640 -0.9515 -0.1583
vn 0.2129 0.3287 0.9201
vn -0.5714 0.6421 0.5111
vn 0.1675 0.9711 -0.1701
vn 0.0887 0.9891 0.1178
vn 0.4311 0.8522 0.2964
vn 0.5996 0.7984 0.0552
vn -0.8123 -0.1740 -0.5566
vn -0.8460 -0.2527 -0.4696
vn -0.5432 0.8050 -0.2387
vn -0.3695 0.7836 -0.4993
vn -0.2012 -0.9780 -0.0543
vn -0.0988 -0.9893 -0.1070
vn -0.4351 -0.8549 -0.2824
vn -0.4266 -0.8880 -0.1718
vn 0.9479 0.2572 0.1878
vn 0.8388 0.2527 0.4822
vn 0.5368 -0.8053 0.2517
vn 0.6308 -0.7507 0.1961
vn 0.5560 0.4215 -0.7164
vn 0.6186 0.1713 -0.7668
vn -0.3918 -0.2164 -0.8942
vn -0.3689 -0.1592 -0.9157
vn -0.7732 -0.5027 -0.3864
vn -0.8141 -0.4195 -0.4017
vn -0.8459 -0.5300 0.0597
vn -0.8009 -0.5987 0.0140
vn -0.4796 -0.5436 0.6888
vn -0.4977 -0.5842 0.6411
vn 0.5081 -0.2123 0.8347
vn 0.4449 0.0355 0.8949
vn 0.8277 0.4232 0.3684
vn 0.9459 0.1713 0.2755
vn 0.9679 0.2476 -0.0431
vn 0.8550 0.5179 -0.0269
vn -0.7729 0.1201 -0.6230
vn -0.8507 -0.1498 0.5039
vn -0.0816 0.6560 0.7504
vn -0.0038 0.9261 -0.3773
vn -0.7791 -0.5517 0.2978
vn -0.7163 -0.3335 -0.6130
vn 0.9090 0.0190 -0.4163
vn 0.8462 -0.1991 0.4942
vn 0.4218 0.7693 0.4798
vn 0.6707 0.6207 0.4061
vn 0.6981 0.7159 0.0085
vn 0.4564 0.8895 -0.0218
vn -0.4665 -0.4807 0.7425
vn -0.4400 -0.5836 0.6824
vn 0.3402 0.1897 0.9210
vn 0.1016 0.3937 0.9136
vn -0.6020 -0.7166 -0.3522
vn -0.6612 -0.6319 -0.4044
vn -0.6881 -0.7255 -0.0139
vn -0.6201 -0.7793 -0.0905
vn 0.2071 0.7601 -0.6160
vn 0.4508 0.5741 -0.6835
vn -0.3293 -0.1991 -0.9230
vn -0.3509 -0.0793 -0.9330
vn -0.6033 0.7013 -0.3799
vn -0.6966 0.4975 -0.5169
vn -0.9337 -0.1555 0.3227
vn -0.9432 -0.0911 0.3194
vn -0.5033 -0.6371 0.5839
vn -0.5044 -0.5694 0.6491
vn -0.0731 -0.7692 0.6348
vn -0.1290 -0.8105 0.5714
vn 0.5566 -0.7859 0.2696
vn 0.5014 -0.8203 0.2750
vn 0.8003 -0.1960 -0.5667
vn 0.9028 0.0035 -0.4300
vn 0.4729 0.5835 -0.6602
vn 0.3397 0.4034 -0.8496
vn 0.0419 0.5413 -0.8398
vn 0.1035 0.7546 -0.6479
vn -0.6200 -0.0126 0.7845
vn 0.4333 -0.5005 0.7495
vn 0.8552 0.4438 0.2679
vn -0.1988 0.9320 0.3029
vn 0.1593 -0.8134 0.5595
vn -0.6921 -0.4189 0.5878
vn -0.3692 0.3805 -0.8479
vn 0.4818 -0.0138 -0.8762
vn 0.6305 0.7577 -0.1685
vn 0.5404 0.7111 -0.4499
vn 0.1688 0.8832 -0.4375
vn 0.1616 0.9749 -0.1529
vn 0.6214 -0.7333 0.2758
vn 0.5444 -0.8096 0.2196
vn 0.9530 0.1094 -0.2826
vn 0.9741 0.2261 0.0081
vn -0.5025 -0.7891 0.3533
vn -0.5404 -0.7189 0.4372
vn -0.1754 -0.8880 0.4251
vn -0.2579 -0.9024 0.3452
vn -0.4556 0.8884 0.0556
vn -0.5468 0.8042 -0.2328
vn -0.9562 -0.1144 0.2694
vn -0.9447 -0.0078 0.3278
vn 0.1282 0.4819 0.8668
vn -0.0774 0.3352 0.9390
vn 0.3367 -0.6414 0.6894
vn 0.3683 -0.5915 0.7172
vn 0.2465 -0.9659 0.0795
vn 0.3364 -0.9385 0.0779
vn 0.1564 -0.9190 -0.3618
vn 0.0903 -0.9490 -0.3021
vn -0.2576 -0.5239 -0.8119
vn -0.2621 -0.5766 -0.7738
vn -0.7021 0.4027 -0.5872
vn -0.5003 0.5499 -0.6688
vn -0.3338 0.9417 -0.0420
vn -0.5656 0.8197 0.0902
vn -0.4413 0.8063 0.3939
vn -0.1796 0.9250 0.3347
vn 0.7526 -0.5893 0.2939
vn 0.3130 -0.5418 -0.7801
vn 0.3222 0.5981 -0.7338
vn 0.7620 0.5506 0.3409
vn 0.0346 -0.8288 -0.5584
vn 0.3899 -0.8672 0.3096
vn -0.4673 0.5112 0.7213
vn -0.8225 0.5496 -0.1464
vn 0.1472 0.9431 -0.2980
vn -0.1010 0.9855 -0.1366
vn 0.0541 0.9687 0.2423
vn 0.3429 0.9220 0.1800
vn -0.2355 -0.4573 -0.8576
vn -0.3101 -0.5273 -0.7911
vn -0.3293 0.5952 -0.7330
vn -0.0269 0.5777 -0.8158
vn -0.0262 -0.9933 0.1126
vn 0.0863 -0.9866 0.1386
vn -0.0660 -0.9701 -0.2335
vn -0.1283 -0.9823 -0.1368
vn 0.5697 0.5132 0.6419
vn 0.2966 0.5275 0.7961
vn 0.3161 -0.5950 0.7389
vn 0.4181 -0.5279 0.7392
vn 0.9259 -0.0108 0.3776
vn 0.8311 -0.2152 0.5128
vn 0.4841 -0.8095 -0.3321
vn 0.5395 -0.7752 -0.3286
vn -0.1622 -0.7898 -0.5916
vn -0.1100 -0.7463 -0.6565
vn -0.5412 -0.5465 -0.6391
vn -0.5364 -0.6164 -0.5765
vn -0.9600 -0.0806 -0.2681
vn -0.9507 -0.1448 -0.2742
vn -0.6655 0.4781 0.5732
vn -0.5799 0.6867 0.4384
vn 0.1411 0.7312 0.6674
vn 0.0903 0.5112 0.8547
vn 0.3880 0.3733 0.8427
vn 0.5104 0.5601 0.6525
vn 0.3893 -0.4731 -0.7903
vn -0.6638 0.0147 -0.7478
vn -0.2148 0.9420 -0.2578
vn 0.8389 0.4539 -0.3003
vn -0.7249 -0.3985 -0.5619
vn 0.1263 -0.7928 -0.5962
vn 0.5310 -0.0444 0.8462
vn -0.3199 0.3497 0.8806
vn 0.1710 0.9691 0.1780
vn 0.1944 0.8673 0.4583
vn 0.5659 0.6952 0.4433
vn 0.6398 0.7519 0.1591
vn -0.9619 0.0029 -0.2735
vn -0.9701 -0.1057 -0.2183
vn -0.5318 0.7949 0.2920
vn -0.4571 0.8894 0.0021
vn -0.2781 -0.8898 -0.3618
vn -0.2002 -0.8725 -0.4457
vn -0.5652 -0.7034 -0.4310
vn -0.5226 -0.7765 -0.3519
vn 0.9723 0.2272 -0.0556
vn 0.9676 0.1003 0.2315
vn 0.5302 -0.8007 -0.2789
vn 0.6039 -0.7224 -0.3367
vn -0.3327 0.4552 -0.8259
vn -0.3545 0.2079 -0.9117
vn -0.9782 -0.1788 -0.1061
vn -0.9835 -0.1206 -0.1351
vn -0.7357 -0.4890 0.4687
vn -0.7661 -0.4053 0.4988
vn -0.3849 -0.5362 0.7512
vn -0.4048 -0.6026 0.6877
vn 0.3421 -0.5757 0.7427
vn 0.2902 -0.6142 0.7338
vn 0.9685 -0.2463 -0.0356
vn 0.9985 -0.0018 0.0555
vn 0.7440 0.4106 -0.5270
vn 0.7127 0.1636 -0.6822
vn 0.4495 0.2539 -0.8564
vn 0.4175 0.5227 -0.7432
vn -0.9187 0.1437 0.3679
vn 0.0123 -0.1760 0.9843
vn 0.6351 0.6219 0.4581
vn -0.2965 0.9418 -0.1588
vn -0.1458 -0.5680 0.8100
vn -0.8983 -0.3097 0.3117
vn 0.0880 0.0417 -0.9952
vn 0.8402 -0.2166 -0.4972
vn 0.6527 0.7495 -0.1102
vn 0.7063 0.6055 -0.3668
vn 0.3779 0.7182 -0.5842
vn 0.2383 0.8918 -0.3846
vn 0.3975 -0.5151 0.7594
vn 0.3546 -0.6152 0.7041
vn 0.9750 0.1507 0.1635
vn 0.8580 0.3536 0.3725
vn -0.6290 -0.7034 0.3312
vn -0.7005 -0.6167 0.3590
vn -0.3779 -0.7275 0.5726
vn -0.4128 -0.7776 0.4743
vn -0.4056 0.7874 -0.4642
vn -0.3506 0.6057 -0.7143
vn -0.9717 -0.1599 -0.1741
vn -0.9868 -0.0400 -0.1572
vn -0.6193 0.7012 0.3533
vn -0.8024 0.5342 0.2662
vn -0.4719 -0.3513 0.8086
vn -0.4741 -0.2901 0.8313
vn -0.0348 -0.8309 0.5553
vn 0.0163 -0.7849 0.6194
vn 0.2966 -0.9190 0.2595
vn 0.2086 -0.9474 0.2429
vn 0.5010 -0.7566 -0.4202
vn 0.4611 -0.7976 -0.3889
vn 0.1709 0.0686 -0.9829
vn 0.3599 0.2328 -0.9035
vn -0.0450 0.7976 -0.6015
vn -0.2902 0.6630 -0.6901
vn -0.4838 0.7556 -0.4416
vn -0.2852 0.9125 -0.2932
vn 0.0854 -0.3064 0.9481
vn 0.7702 -0.6340 0.0691
vn 0.8493 0.4511 -0.2742
vn 0.1640 0.7789 0.6053
vn 0.4086 -0.9119 0.0380
vn -0.1450 -0.6471 0.7485
vn -0.8041 0.5549 -0.2134
vn -0.2508 0.2902 -0.9235
vn 0.4232 0.8451 -0.3268
vn 0.1611 0.8685 -0.4689
vn -0.0805 0.9840 -0.1588
vn 0.1184 0.9909 0.0645
vn 0.5579 -0.7004 -0.4452
vn 0.4556 -0.7666 -0.4524
vn 0.5082 0.2985 -0.8079
vn 0.7344 0.3309 -0.5926
vn -0.2080 -0.9112 0.3557
vn -0.1705 -0.8724 0.4582
vn 0.0668 -0.9859 0.1536
vn -0.0490 -0.9872 0.1516
vn -0.1951 0.7755 0.6004
vn -0.4669 0.7650 0.4436
vn -0.5201 -0.2999 0.7997
vn -0.4604 -0.2133 0.8617
vn 0.4540 0.2388 0.8584
vn 0.2745 0.0753 0.9586
vn 0.5002 -0.7951 0.3430
vn 0.5432 -0.7539 0.3696
vn 0.1819 -0.9491 -0.2573
vn 0.2677 -0.9209 -0.2834
vn -0.0495 -0.7891 -0.6122
vn -0.0934 -0.8347 -0.5427
vn -0.5598 -0.2956 -0.7741
vn -0.5552 -0.3566 -0.7514
vn -0.8263 0.5327 -0.1828
vn -0.6536 0.6990 -0.2901
vn -0.2527 0.9146 0.3157
vn -0.4343 0.7588 0.4855
vn -0.2153 0.6678 0.7126
vn 0.0190 0.8017 0.5974
vn 0.7587 -0.6347 -0.1464
vn -0.0159 -0.3129 -0.9497
vn 0.0983 0.7747 -0.6246
vn 0.8735 0.4527 0.1791
vn -0.2236 -0.6522 -0.7243
vn 0.4025 -0.9123 -0.0751
vn -0.1511 0.2966 0.9430
vn -0.7770 0.5566 0.2940
vn 0.1105 0.9904 -0.0835
vn -0.0635 0.9851 0.1598
vn 0.2098 0.8716 0.4431
vn 0.4553 0.8471 0.2741
vn -0.5494 -0.2191 -0.8063
vn -0.6022 -0.3052 -0.7377
vn -0.5118 0.7621 -0.3966
vn -0.2582 0.7715 -0.5815
vn -0.0645 -0.9882 -0.1388
vn 0.0504 -0.9869 -0.1531
vn -0.2180 -0.8754 -0.4314
vn -0.2443 -0.9135 -0.3253
vn 0.7932 0.3346 0.5087
vn 0.5912 0.3038 0.7471
vn 0.5015 -0.7637 0.4066
vn 0.6024 -0.6976 0.3880
vn -0.2355 0.5015 -0.8325
vn -0.1766 0.2719 -0.9460
vn -0.8549 -0.3601 -0.3734
vn -0.8674 -0.3005 -0.3966
vn -0.6822 -0.7005 0.2095
vn -0.7381 -0.6309 0.2392
vn -0.4045 -0.7177 0.5668
vn -0.3927 -0.7758 0.4938
vn 0.2926 -0.6024 0.7427
vn 0.2550 -0.6490 0.7167
vn 0.9811 -0.0294 0.1911
vn 0.9293 0.1982 0.3115
vn 0.7224 0.6359 -0.2714
vn 0.7881 0.4158 -0.4539
vn 0.5578 0.4757 -0.6801
vn 0.4367 0.7103 -0.5520
vn -0.9851 -0.1123 0.1303
vn -0.1704 -0.3244 0.9305
vn 0.3438 0.6597 0.6683
vn -0.4714 0.8719 -0.1324
vn -0.1848 -0.7078 0.6818
vn -0.8432 -0.5364 0.0351
vn 0.3000 0.2175 -0.9288
vn 0.9582 0.0462 -0.2824
vn 0.4592 0.8772 0.1402
vn 0.6031 0.7904 -0.1072
vn 0.3157 0.8652 -0.3895
vn 0.0965 0.9716 -0.2160
vn 0.3263 -0.5351 0.7793
vn 0.3228 -0.6318 0.7048
vn 0.8456 0.3232 0.4248
vn 0.6385 0.4611 0.6162
vn -0.4983 -0.8630 0.0830
vn -0.5932 -0.7988 0.1002
vn -0.3108 -0.8723 0.3774
vn -0.3092 -0.9122 0.2688
vn -0.4673 0.7489 -0.4698
vn -0.3143 0.6251 -0.7145
vn -0.8379 -0.3297 -0.4351
vn -0.8850 -0.2198 -0.4104
vn -0.3262 0.4532 0.8296
vn -0.5355 0.2995 0.7897
vn -0.0168 -0.6581 0.7527
vn -0.0045 -0.6087 0.7934
vn 0.2122 -0.9624 0.1693
vn 0.2905 -0.9331 0.2122
vn 0.3459 -0.9018 -0.2591
vn 0.2603 -0.9353 -0.2397
vn 0.1881 -0.4999 -0.8454
vn 0.1675 -0.5541 -0.8154
vn -0.3432 0.4080 -0.8460
vn -0.1328 0.5624 -0.8161
vn -0.3058 0.9350 -0.1794
vn -0.5680 0.8033 -0.1791
vn -0.6062 0.7817 0.1463
vn -0.3532 0.9083 0.2243
vn 0.5365 -0.5827 0.6104
vn 0.6718 -0.5064 -0.5406
vn 0.6155 0.6310 -0.4721
vn 0.4802 0.5546 0.6796
vn 0.3316 -0.8073 -0.4882
vn 0.2222 -0.8690 0.4421
vn -0.7770 0.4746 0.4136
vn -0.6677 0.5363 -0.5163
vn 0.2386 0.9562 -0.1693
vn -0.0581 0.9873 -0.1480
vn -0.1058 0.9603 0.2580
vn 0.1784 0.9222 0.3430
vn 0.2271 -0.4313 -0.8732
vn 0.1322 -0.5053 -0.8528
vn 0.0461 0.6137 -0.7882
vn 0.3511 0.6059 -0.7139
vn -0.0411 -0.9970 0.0651
vn 0.0444 -0.9888 0.1427
vn 0.0912 -0.9623 -0.2562
vn -0.0097 -0.9793 -0.2022
vn 0.1675 0.5022 0.8484
vn -0.1465 0.5050 0.8506
vn -0.0605 -0.6141 0.7869
vn 0.0260 -0.5448 0.8382
vn -0.5736 0.7628 0.2987
vn -0.7309 0.6739 0.1079
vn -0.8185 -0.3570 0.4502
vn -0.8188 -0.3034 0.4873
vn -0.4092 -0.8802 0.2402
vn -0.3819 -0.8638 0.3286
vn -0.0068 -0.9976 0.0689
vn -0.0836 -0.9964 0.0148
vn 0.4858 -0.7687 -0.4160
vn 0.4299 -0.8023 -0.4142
vn 0.5712 0.2094 -0.7936
vn 0.7366 0.2955 -0.6084
vn 0.3511 0.8802 -0.3192
vn 0.1448 0.8394 -0.5238
vn -0.1142 0.9318 -0.3445
vn 0.0297 0.9949 -0.0967
vn -0.3705 -0.4976 0.7843
vn 0.5458 -0.8244 0.1499
vn 0.9523 0.2409 0.1875
vn 0.0354 0.5679 0.8223
vn 0.1860 -0.9787 -0.0864
vn -0.5546 -0.7145 0.4264
vn -0.5305 0.7878 -0.3131
vn 0.2099 0.5237 -0.8256
vn 0.6640 0.7404 0.1044
vn 0.4929 0.8634 -0.1079
vn 0.1697 0.9787 0.1159
vn 0.2562 0.8859 0.3868
vn 0.5569 -0.7269 -0.4018
vn 0.4567 -0.7592 -0.4637
vn 0.8411 0.2972 -0.4519
vn 0.9598 0.2223 -0.1711
vn -0.4957 -0.8682 -0.0217
vn -0.4977 -0.8623 0.0938
vn -0.1801 -0.9755 -0.1260
vn -0.2829 -0.9441 -0.1690
vn -0.2838 0.6658 0.6900
vn -0.4635 0.7625 0.4514
vn -0.8486 -0.2935 0.4401
vn -0.8055 -0.2409 0.5415
vn 0.5569 0.7688 -0.3144
vn 0.7398 0.6520 -0.1662
vn 0.7032 -0.3346 -0.6274
vn 0.7002 -0.2771 -0.6580
vn 0.3065 -0.8620 -0.4039
vn 0.2651 -0.8342 -0.4836
vn -0.0658 -0.9822 -0.1758
vn 0.0193 -0.9904 -0.1367
vn -0.4504 -0.7919 0.4125
vn -0.3978 -0.8272 0.3969
vn -0.4086 0.1383 0.9022
vn -0.5985 0.2518 0.7605
vn -0.2355 0.8504 0.4705
vn 0.0008 0.7778 0.6286
vn 0.2293 0.8800 0.4160
vn 0.0479 0.9772 0.2068
vn 0.1956 -0.4172 -0.8875
vn -0.6124 -0.7788 -0.1357
vn -0.9541 0.2991 0.0160
vn -0.1455 0.6608 -0.7363
vn -0.2266 -0.9739 0.0132
vn 0.4265 -0.6817 -0.5945
vn 0.6240 0.7240 0.2940
vn -0.0289 0.4319 0.9014
vn -0.6261 0.7735 0.0984
vn -0.4131 0.8640 0.2879
vn -0.1280 0.9915 0.0227
vn -0.2664 0.9345 -0.2363
vn -0.5202 -0.7459 0.4160
vn -0.4128 -0.7891 0.4548
vn -0.7287 0.2759 0.6268
vn -0.8994 0.2391 0.3659
vn 0.4383 -0.8840 -0.1623
vn 0.4203 -0.8647 -0.2750
vn 0.1403 -0.9900 -0.0145
vn 0.2507 -0.9680 0.0123
vn 0.1974 0.7298 -0.6545
vn 0.4219 0.7907 -0.4437
vn 0.7384 -0.2741 -0.6162
vn 0.6813 -0.2083 -0.7018
vn 0.6646 0.6926 0.2803
vn 0.6700 0.6926 -0.2672
vn 0.1838 0.9446 -0.2720
vn 0.1784 0.9446 0.2755
vn -0.1812 -0.9694 0.1656
vn -0.1779 -0.9694 -0.1691
vn 0.1552 -0.9741 -0.1642
vn 0.1520 -0.9741 0.1672
vn -0.8205 0.4576 0.3425
vn -0.8137 0.4575 -0.3586
vn -0.8258 0.4351 -0.3587
vn -0.8327 0.4351 0.3424
vn -0.2876 0.1915 -0.9384
vn 0.3373 -0.1284 -0.9326
vn 0.3395 -0.1224 -0.9326
vn -0.2933 0.1820 -0.9385
vn 0.8522 -0.3954 -0.3426
vn 0.8453 -0.3954 0.3593
vn 0.8540 -0.3763 0.3593
vn 0.8609 -0.3763 -0.3424
vn 0.3189 -0.1284 0.9390
vn -0.3060 0.1915 0.9326
vn -0.3117 0.1820 0.9326
vn 0.3211 -0.1224 0.9391
vn -0.8178 0.4622 0.3429
vn -0.8109 0.4622 -0.3589
vn -0.8112 0.4618 -0.3588
vn -0.8181 0.4618 0.3428
vn -0.2860 0.1931 -0.9386
vn 0.3371 -0.1297 -0.9325
vn 0.3371 -0.1296 -0.9325
vn -0.2862 0.1931 -0.9385
vn 0.8506 -0.3988 -0.3426
vn 0.8437 -0.3989 0.3592
vn 0.8438 -0.3988 0.3593
vn 0.3187 -0.1298 0.9389
vn -0.3043 0.1931 0.9328
vn -0.3046 0.1931 0.9327
vn 0.3187 -0.1296 0.9390
vn -0.8109 0.4623 -0.3589
vn -0.2859 0.1931 -0.9386
vn 0.3372 -0.1298 -0.9325
vn 0.8438 -0.3988 0.3592
vn 0.8506 -0.3988 -0.3425
vn 0.3188 -0.1298 0.9389
vn 0.3188 -0.1297 0.9389
vn 0.3371 -0.1298 -0.9325
vn -0.2859 0.1932 -0.9386
vn 0.8437 -0.3988 0.3592
vn -0.3043 0.1932 0.9328
vn 0.8506 -0.3989 -0.3426
vn 0.8507 -0.3988 -0.3425
vn -0.5942 0.7481 0.2953
vn -0.5883 0.7481 -0.3070
vn -0.7891 0.4988 -0.3584
vn -0.7961 0.4987 0.3428
vn -0.0784 0.4868 -0.8700
vn 0.4563 0.2097 -0.8648
vn 0.3564 -0.0919 -0.9298
vn -0.2662 0.2307 -0.9359
vn 0.9551 -0.0518 -0.2918
vn 0.9492 -0.0517 0.3105
vn 0.8611 -0.3600 0.3591
vn 0.8680 -0.3600 -0.3421
vn 0.4393 0.2096 0.8736
vn -0.0955 0.4868 0.8683
vn -0.2845 0.2307 0.9305
vn 0.3381 -0.0920 0.9366
vn -0.8688 0.3579 0.3422
vn -0.8619 0.3579 -0.3593
vn -0.8700 0.3376 -0.3593
vn -0.8769 0.3376 0.3421
vn -0.3099 0.1494 -0.9390
vn 0.3460 -0.1014 -0.9327
vn 0.3494 -0.0905 -0.9326
vn -0.3128 0.1432 -0.9390
vn 0.8867 -0.3107 -0.3423
vn 0.8798 -0.3107 0.3597
vn 0.8883 -0.2855 0.3597
vn 0.8952 -0.2855 -0.3421
vn 0.3276 -0.1014 0.9394
vn -0.3283 0.1494 0.9327
vn -0.3313 0.1432 0.9326
vn 0.3310 -0.0905 0.9393
vn -0.8669 0.3621 0.3425
vn -0.8601 0.3620 -0.3595
vn -0.8602 0.3618 -0.3594
vn -0.8671 0.3618 0.3424
vn -0.3089 0.1505 -0.9391
vn 0.3456 -0.1034 -0.9327
vn 0.3455 -0.1033 -0.9327
vn -0.3091 0.1504 -0.9391
vn 0.8852 -0.3150 -0.3423
vn 0.8783 -0.3151 0.3597
vn 0.8783 -0.3150 0.3597
vn 0.3271 -0.1034 0.9393
vn -0.3273 0.1505 0.9329
vn -0.3275 0.1504 0.9328
vn -0.8600 0.3621 -0.3595
vn -0.8670 0.3620 0.3425
vn -0.3089 0.1504 -0.9391
vn 0.3457 -0.1034 -0.9326
vn 0.8853 -0.3147 -0.3423
vn 0.8784 -0.3147 0.3596
vn 0.3273 -0.1034 0.9392
vn -0.3273 0.1504 0.9329
vn 0.3272 -0.1034 0.9393
vn -0.8528 0.3942 0.3425
vn -0.8459 0.3943 -0.3592
vn -0.8580 0.3668 -0.3594
vn -0.8649 0.3668 0.3425
vn -0.3023 0.1642 -0.9390
vn 0.3435 -0.1117 -0.9325
vn 0.3457 -0.1046 -0.9325
vn -0.3079 0.1524 -0.9392
vn 0.8754 -0.3414 -0.3422
vn 0.8686 -0.3413 0.3593
vn 0.8773 -0.3182 0.3594
vn 0.8841 -0.3182 -0.3421
vn 0.3251 -0.1117 0.9391
vn -0.3207 0.1642 0.9328
vn -0.3263 0.1524 0.9329
vn 0.3273 -0.1046 0.9391
vn -0.8984 0.2757 0.3417
vn -0.8916 0.2757 -0.3593
vn -0.8994 0.2490 -0.3594
vn -0.9063 0.2489 0.3416
vn -0.3213 0.1246 -0.9387
vn 0.3568 -0.0573 -0.9324
vn 0.3600 -0.0402 -0.9321
vn -0.3242 0.1177 -0.9386
vn 0.9161 -0.2095 -0.3419
vn 0.9092 -0.2095 0.3599
vn 0.9171 -0.1720 0.3597
vn 0.9240 -0.1719 -0.3416
vn 0.3384 -0.0573 0.9392
vn -0.3397 0.1246 0.9322
vn -0.3426 0.1177 0.9321
vn 0.3416 -0.0402 0.9390
vn -0.8964 0.2818 0.3421
vn -0.8895 0.2817 -0.3597
vn -0.8897 0.2812 -0.3596
vn -0.8966 0.2813 0.3420
vn -0.3201 0.1261 -0.9390
vn 0.3565 -0.0607 -0.9323
vn 0.3564 -0.0606 -0.9324
vn -0.3203 0.1260 -0.9389
vn 0.9145 -0.2164 -0.3419
vn 0.9075 -0.2165 0.3599
vn 0.9076 -0.2164 0.3599
vn 0.3381 -0.0607 0.9392
vn -0.3385 0.1261 0.9325
vn -0.3387 0.1260 0.9324
vn 0.3380 -0.0606 0.9392
vn -0.8964 0.2817 0.3421
vn -0.8895 0.2818 -0.3597
vn -0.3199 0.1260 -0.9390
vn 0.3567 -0.0607 -0.9323
vn -0.3200 0.1261 -0.9390
vn 0.9146 -0.2161 -0.3418
vn 0.9077 -0.2161 0.3598
vn 0.9076 -0.2164 0.3598
vn 0.3382 -0.0607 0.9391
vn -0.3383 0.1260 0.9325
vn -0.3384 0.1261 0.9325
vn -0.8889 0.3046 0.3422
vn -0.8820 0.3045 -0.3596
vn -0.8885 0.2849 -0.3597
vn -0.8954 0.2849 0.3422
vn -0.3170 0.1329 -0.9391
vn 0.3544 -0.0728 -0.9323
vn 0.3567 -0.0623 -0.9321
vn -0.3194 0.1269 -0.9391
vn 0.9076 -0.2439 -0.3418
vn 0.9007 -0.2440 0.3596
vn 0.9069 -0.2196 0.3596
vn 0.9138 -0.2196 -0.3417
vn 0.3360 -0.0728 0.9391
vn -0.3354 0.1329 0.9326
vn -0.3378 0.1269 0.9326
vn 0.3383 -0.0623 0.9390
vn -0.9218 0.1837 0.3414
vn -0.9149 0.1837 -0.3595
vn -0.9165 0.1758 -0.3594
vn -0.9234 0.1758 0.3413
vn -0.3310 0.1010 -0.9382
vn 0.3633 0.0017 -0.9317
vn 0.3637 0.0093 -0.9315
vn -0.3317 0.1001 -0.9381
vn 0.9363 -0.0813 -0.3416
vn 0.9294 -0.0813 0.3599
vn 0.9306 -0.0666 0.3598
vn 0.9375 -0.0666 -0.3415
vn 0.3449 0.0017 0.9386
vn -0.3493 0.1010 0.9315
vn -0.3501 0.1001 0.9314
vn 0.3453 0.0093 0.9385
vn -0.9214 0.1853 0.3416
vn -0.9145 0.1853 -0.3597
vn -0.9145 0.1853 -0.3596
vn -0.3303 0.1011 -0.9385
vn 0.3638 0.0003 -0.9315
vn 0.3635 0.0003 -0.9316
vn -0.3305 0.1012 -0.9384
vn 0.9362 -0.0835 -0.3413
vn 0.9293 -0.0835 0.3597
vn 0.9292 -0.0838 0.3598
vn 0.9361 -0.0838 -0.3415
vn 0.3455 0.0003 0.9384
vn -0.3486 0.1011 0.9318
vn -0.3489 0.1012 0.9317
vn 0.3451 0.0003 0.9386
vn -0.9161 0.2096 0.3417
vn -0.9092 0.2096 -0.3597
vn -0.9138 0.1885 -0.3598
vn -0.9207 0.1885 0.3417
vn -0.3276 0.1073 -0.9387
vn 0.3636 -0.0150 -0.9314
vn 0.3644 -0.0016 -0.9312
vn -0.3296 0.1018 -0.9386
vn 0.9328 -0.1165 -0.3411
vn 0.9259 -0.1165 0.3594
vn 0.9291 -0.0873 0.3594
vn 0.9360 -0.0873 -0.3410
vn 0.3452 -0.0150 0.9384
vn -0.3460 0.1073 0.9321
vn -0.3480 0.1018 0.9319
vn 0.3460 -0.0016 0.9382
vn -0.9290 0.1442 0.3409
vn -0.9221 0.1442 -0.3591
vn -0.9259 0.1165 -0.3594
vn -0.9328 0.1165 0.3411
vn -0.3352 0.0942 -0.9374
vn 0.3632 0.0339 -0.9311
vn 0.3621 0.0276 -0.9317
vn -0.3378 0.0762 -0.9381
vn 0.9398 -0.0169 -0.3413
vn 0.9329 -0.0169 0.3598
vn 0.9329 -0.0134 0.3599
vn 0.9398 -0.0133 -0.3415
vn 0.3448 0.0339 0.9381
vn -0.3536 0.0942 0.9307
vn -0.3562 0.0762 0.9313
vn 0.3437 0.0276 0.9387
vn -0.9280 0.1497 0.3413
vn -0.9211 0.1497 -0.3595
vn -0.9212 0.1493 -0.3593
vn -0.9281 0.1493 0.3411
vn -0.3337 0.0973 -0.9376
vn 0.3642 0.0345 -0.9307
vn 0.3638 0.0346 -0.9308
vn -0.3341 0.0972 -0.9375
vn 0.9399 -0.0178 -0.3411
vn 0.9330 -0.0179 0.3595
vn 0.9329 -0.0178 0.3596
vn 0.9398 -0.0178 -0.3412
vn 0.3458 0.0345 0.9377
vn -0.3521 0.0973 0.9309
vn -0.3525 0.0972 0.9308
vn 0.3455 0.0346 0.9378
vn -0.9260 0.1611 0.3414
vn -0.9191 0.1611 -0.3595
vn -0.9208 0.1513 -0.3595
vn -0.9277 0.1512 0.3414
vn -0.3326 0.0985 -0.9379
vn 0.3643 0.0234 -0.9310
vn 0.3645 0.0330 -0.9306
vn -0.3333 0.0974 -0.9378
vn 0.9392 -0.0392 -0.3411
vn 0.9323 -0.0392 0.3596
vn 0.9330 -0.0207 0.3594
vn 0.9398 -0.0207 -0.3410
vn 0.3460 0.0234 0.9380
vn -0.3510 0.0984 0.9312
vn -0.3517 0.0974 0.9310
vn 0.3461 0.0330 0.9376
vn -0.9397 -0.0036 0.3420
vn -0.9328 -0.0037 -0.3604
vn -0.7976 -0.5346 -0.2794
vn -0.8029 -0.5346 0.2636
vn -0.3434 -0.0256 -0.9388
vn 0.3592 -0.0522 -0.9318
vn 0.2678 -0.5598 -0.7842
vn -0.2749 -0.5463 -0.7912
vn 0.9367 -0.0743 -0.3422
vn 0.9298 -0.0742 0.3606
vn 0.7721 -0.5712 0.2788
vn 0.7774 -0.5711 -0.2636
vn 0.3408 -0.0522 0.9387
vn -0.3618 -0.0256 0.9319
vn -0.2904 -0.5463 0.7856
vn 0.2524 -0.5598 0.7893
vn 0.9576 -0.0156 -0.2877
vn 0.9499 -0.2552 -0.1802
vn 0.1102 -0.6517 -0.7504
vn 0.1586 -0.6142 -0.7730
vn -0.5546 -0.6301 -0.5434
vn -0.5502 -0.5671 -0.6130
vn -0.8616 -0.4201 -0.2851
vn -0.8249 -0.5025 -0.2588
vn -0.9243 -0.1030 0.3674
vn -0.9260 -0.1626 0.3409
vn -0.1309 0.2551 0.9580
vn -0.1299 0.4978 0.8575
vn 0.5800 0.5529 0.5982
vn 0.6377 0.2895 0.7138
vn 0.8527 0.1879 0.4874
vn 0.8468 0.4269 0.3173
vn -0.2189 -0.2229 -0.9500
vn -0.9794 0.1361 -0.1490
vn -0.2512 0.9515 0.1775
vn 0.5098 0.5922 -0.6240
vn -0.9463 -0.3141 -0.0771
vn -0.3315 -0.6043 -0.7245
vn 0.9334 -0.2020 0.2965
vn 0.3189 0.0881 0.9437
vn 0.3216 0.9064 0.2739
vn 0.5041 0.7410 0.4436
vn 0.7724 0.6143 0.1610
vn 0.6602 0.7466 -0.0826
vn -0.9224 -0.0213 0.3857
vn -0.9037 -0.1405 0.4045
vn -0.1735 0.6430 0.7460
vn -0.2857 0.8132 0.5071
vn -0.5123 -0.7946 -0.3257
vn -0.5015 -0.7497 -0.4319
vn -0.7650 -0.6253 -0.1543
vn -0.6889 -0.7113 -0.1398
vn 0.7466 0.3258 -0.5800
vn 0.9094 0.1317 -0.3945
vn 0.1798 -0.6520 -0.7366
vn 0.2084 -0.5552 -0.8052
vn -0.2972 -0.3061 -0.9044
vn -0.2972 0.3061 -0.9044
vn 0.3149 0.3061 -0.8984
vn 0.3149 -0.3061 -0.8984
vn 0.9044 -0.3061 -0.2972
vn 0.9044 0.3061 -0.2972
vn 0.8984 0.3061 0.3149
vn 0.8984 -0.3061 0.3149
vn 0.2972 -0.3061 0.9044
vn 0.2972 0.3061 0.9044
vn -0.3149 0.3061 0.8984
vn -0.3149 -0.3061 0.8984
vn -0.9044 -0.3061 0.2972
vn -0.9044 0.3061 0.2972
vn -0.8984 0.3061 -0.3149
vn -0.8984 -0.3061 -0.3149
vn 0.3090 -0.9015 -0.3030
vn 0.3030 -0.9015 0.3091
vn -0.3091 -0.9015 0.3030
vn -0.3030 -0.9015 -0.3091
vn 0.3030 0.9015 0.3091
vn 0.3090 0.9015 -0.3030
vn -0.3030 0.9015 -0.3091
vn -0.3091 0.9015 0.3030
vn -0.8984 0.3060 -0.3149
vn -0.8984 -0.3060 -0.3149
vn 0.3030 -0.9015 0.3090
vn 0.3091 0.9015 -0.3030
usemtl Material.024
f 1/1/1 2/2/1 3/3/1 4/4/1
f 2/2/2 5/5/2 6/6/2 3/3/2
f 3/3/3 6/6/3 7/7/3 8/8/3
f 4/4/4 3/3/4 8/8/4 9/9/4
f 9/9/5 8/8/5 10/10/5 11/11/5
f 8/8/6 7/7/6 12/12/6 10/10/6
f 10/10/7 12/12/7 13/13/7 14/14/7
f 11/11/8 10/10/8 14/14/8 15/15/8
f 15/15/9 14/14/9 16/16/9 17/17/9
f 14/14/10 13/13/10 18/18/10 16/16/10
f 16/16/11 18/18/11 19/19/11 20/20/11
f 17/17/12 16/16/12 20/20/12 21/21/12
f 21/21/13 20/20/13 22/22/13 23/23/13
f 20/20/14 19/19/14 24/24/14 22/22/14
f 22/22/15 24/24/15 5/25/15 2/26/15
f 23/23/16 22/22/16 2/26/16 1/27/16
f 25/28/17 26/29/17 27/30/17 28/31/17
f 26/29/18 29/32/18 30/33/18 27/30/18
f 27/30/19 30/33/19 31/34/19 32/35/19
f 28/31/20 27/30/20 32/35/20 33/36/20
f 13/13/21 12/37/21 34/38/21 18/18/21
f 12/37/22 7/39/22 6/40/22 34/38/22
f 34/38/23 6/40/23 5/41/23 24/42/23
f 18/18/24 34/38/24 24/42/24 19/19/24
f 31/34/25 35/43/25 36/44/25 32/45/25
f 35/43/26 21/21/26 23/23/26 36/44/26
f 36/44/27 23/23/27 1/27/27 37/46/27
f 32/45/28 36/44/28 37/46/28 33/47/28
f 29/32/29 38/48/29 39/49/29 30/33/29
f 38/48/30 15/15/30 17/17/30 39/49/30
f 39/49/31 17/17/31 21/21/31 35/43/31
f 30/33/32 39/49/32 35/43/32 31/34/32
f 25/50/33 40/51/33 41/52/33 26/53/33
f 40/51/34 9/9/34 11/11/34 41/52/34
f 41/52/35 11/11/35 15/15/35 38/48/35
f 26/53/36 41/52/36 38/48/36 29/32/36
f 33/54/37 37/55/37 42/56/37 28/57/37
f 37/55/38 1/1/38 4/4/38 42/56/38
f 42/56/39 4/4/39 9/9/39 40/51/39
f 28/57/40 42/56/40 40/51/40 25/50/40
f 43/58/41 44/59/41 45/60/41 46/61/41
f 44/59/42 47/62/42 48/63/42 45/60/42
f 45/60/43 48/63/43 49/64/43 50/65/43
f 46/61/44 45/60/44 50/65/44 51/66/44
f 51/66/45 50/65/45 52/67/45 53/68/45
f 50/65/46 49/64/46 54/69/46 52/67/46
f 52/67/47 54/69/47 55/70/47 56/71/47
f 53/68/48 52/67/48 56/71/48 57/72/48
f 57/72/49 56/71/49 58/73/49 59/74/49
f 56/71/50 55/70/50 60/75/50 58/73/50
f 58/73/51 60/75/51 61/76/51 62/77/51
f 59/74/52 58/73/52 62/77/52 63/78/52
f 63/78/53 62/77/53 64/79/53 65/80/53
f 62/77/54 61/76/54 66/81/54 64/79/54
f 64/79/55 66/81/55 47/82/55 44/83/55
f 65/80/56 64/79/56 44/83/56 43/84/56
f 67/85/57 68/86/57 69/87/57 70/88/57
f 68/86/58 71/89/58 72/90/58 69/87/58
f 69/87/59 72/90/59 73/91/59 74/92/59
f 70/88/60 69/87/60 74/92/60 75/93/60
f 55/70/61 54/94/61 76/95/61 60/75/61
f 54/94/62 49/96/62 48/97/62 76/95/62
f 76/95/63 48/97/63 47/98/63 66/99/63
f 60/75/64 76/95/64 66/99/64 61/76/64
f 73/91/65 77/100/65 78/101/65 74/102/65
f 77/100/66 63/78/66 65/80/66 78/101/66
f 78/101/67 65/80/67 43/84/67 79/103/67
f 74/102/68 78/101/68 79/103/68 75/104/68
f 71/89/69 80/105/69 81/106/69 72/90/69
f 80/105/70 57/72/70 59/74/70 81/106/70
f 81/106/71 59/74/71 63/78/71 77/100/71
f 72/90/72 81/106/72 77/100/72 73/91/72
f 67/107/73 82/108/73 83/109/73 68/110/73
f 82/108/74 51/66/74 53/68/74 83/109/74
f 83/109/75 53/68/75 57/72/75 80/105/75
f 68/110/76 83/109/76 80/105/76 71/89/76
f 75/111/77 79/112/77 84/113/77 70/114/77
f 79/112/78 43/58/78 46/61/78 84/113/78
f 84/113/79 46/61/79 51/66/79 82/108/79
f 70/114/80 84/113/80 82/108/80 67/107/80
f 85/115/81 86/116/81 87/117/81 88/118/81
f 86/116/82 89/119/82 90/120/82 87/117/82
f 87/117/83 90/120/83 91/121/83 92/122/83
f 88/118/84 87/117/84 92/122/84 93/123/84
f 93/123/85 92/122/85 94/124/85 95/125/85
f 92/122/86 91/121/86 96/126/86 94/124/86
f 94/124/87 96/126/87 97/127/87 98/128/87
f 95/125/88 94/124/88 98/128/88 99/129/88
f 99/129/89 98/128/89 100/130/89 101/131/89
f 98/128/90 97/127/90 102/132/90 100/130/90
f 100/130/91 102/132/91 103/133/91 104/134/91
f 101/131/92 100/130/92 104/134/92 105/135/92
f 105/135/93 104/134/93 106/136/93 107/137/93
f 104/134/94 103/133/94 108/138/94 106/136/94
f 106/136/95 108/138/95 89/139/95 86/140/95
f 107/137/96 106/136/96 86/140/96 85/141/96
f 109/142/97 110/143/97 111/144/97 112/145/97
f 110/143/98 113/146/98 114/147/98 111/144/98
f 111/144/99 114/147/99 115/148/99 116/149/99
f 112/145/100 111/144/100 116/149/100 117/150/100
f 97/127/101 96/151/101 118/152/101 102/132/101
f 96/151/102 91/153/102 90/154/102 118/152/102
f 118/152/103 90/154/103 89/155/103 108/156/103
f 102/132/104 118/152/104 108/156/104 103/133/104
f 115/148/105 119/157/105 120/158/105 116/159/105
f 119/157/106 105/135/106 107/137/106 120/158/106
f 120/158/107 107/137/107 85/141/107 121/160/107
f 116/159/108 120/158/108 121/160/108 117/161/108
f 113/146/109 122/162/109 123/163/109 114/147/109
f 122/162/110 99/129/110 101/131/110 123/163/110
f 123/163/111 101/131/111 105/135/111 119/157/111
f 114/147/112 123/163/112 119/157/112 115/148/112
f 109/164/113 124/165/113 125/166/113 110/167/113
f 124/165/114 93/123/114 95/125/114 125/166/114
f 125/166/115 95/125/115 99/129/115 122/162/115
f 110/167/116 125/166/116 122/162/116 113/146/116
f 117/168/117 121/169/117 126/170/117 112/171/117
f 121/169/118 85/115/118 88/118/118 126/170/118
f 126/170/119 88/118/119 93/123/119 124/165/119
f 112/171/120 126/170/120 124/165/120 109/164/120
f 127/172/121 128/173/121 129/174/121 130/175/121
f 128/173/122 131/176/122 132/177/122 129/174/122
f 129/174/123 132/177/123 133/178/123 134/179/123
f 130/175/124 129/174/124 134/179/124 135/180/124
f 135/180/125 134/179/125 136/181/125 137/182/125
f 134/179/126 133/178/126 138/183/126 136/181/126
f 136/181/127 138/183/127 139/184/127 140/185/127
f 137/182/128 136/181/128 140/185/128 141/186/128
f 141/186/129 140/185/129 142/187/129 143/188/129
f 140/185/130 139/184/130 144/189/130 142/187/130
f 142/187/131 144/189/131 145/190/131 146/191/131
f 143/188/132 142/187/132 146/191/132 147/192/132
f 147/192/133 146/191/133 148/193/133 149/194/133
f 146/191/134 145/190/134 150/195/134 148/193/134
f 148/193/135 150/195/135 131/196/135 128/197/135
f 149/194/136 148/193/136 128/197/136 127/198/136
f 151/199/137 152/200/137 153/201/137 154/202/137
f 152/200/138 155/203/138 156/204/138 153/201/138
f 153/201/139 156/204/139 157/205/139 158/206/139
f 154/202/140 153/201/140 158/206/140 159/207/140
f 139/184/141 138/208/141 160/209/141 144/189/141
f 138/208/142 133/210/142 132/211/142 160/209/142
f 160/209/143 132/211/143 131/212/143 150/213/143
f 144/189/144 160/209/144 150/213/144 145/190/144
f 157/205/145 161/214/145 162/215/145 158/216/145
f 161/214/146 147/192/146 149/194/146 162/215/146
f 162/215/147 149/194/147 127/198/147 163/217/147
f 158/216/148 162/215/148 163/217/148 159/218/148
f 155/203/149 164/219/149 165/220/149 156/204/149
f 164/219/150 141/186/150 143/188/150 165/220/150
f 165/220/151 143/188/151 147/192/151 161/214/151
f 156/204/152 165/220/152 161/214/152 157/205/152
f 151/221/153 166/222/153 167/223/153 152/224/153
f 166/222/154 135/180/154 137/182/154 167/223/154
f 167/223/155 137/182/155 141/186/155 164/219/155
f 152/224/156 167/223/156 164/219/156 155/203/156
f 159/225/157 163/226/157 168/227/157 154/228/157
f 163/226/158 127/172/158 130/175/158 168/227/158
f 168/227/159 130/175/159 135/180/159 166/222/159
f 154/228/160 168/227/160 166/222/160 151/221/160
f 169/229/161 170/230/161 171/231/161 172/232/161
f 170/230/162 173/233/162 174/234/162 171/231/162
f 171/231/163 174/234/163 175/235/163 176/236/163
f 172/232/164 171/231/164 176/236/164 177/237/164
f 177/237/165 176/236/165 178/238/165 179/239/165
f 176/236/166 175/235/166 180/240/166 178/238/166
f 178/238/167 180/240/167 181/241/167 182/242/167
f 179/239/168 178/238/168 182/242/168 183/243/168
f 183/243/169 182/242/169 184/244/169 185/245/169
f 182/242/170 181/241/170 186/246/170 184/244/170
f 184/244/171 186/246/171 187/247/171 188/248/171
f 185/245/172 184/244/172 188/248/172 189/249/172
f 189/249/173 188/248/173 190/250/173 191/251/173
f 188/248/174 187/247/174 192/252/174 190/250/174
f 190/250/175 192/252/175 173/253/175 170/254/175
f 191/251/176 190/250/176 170/254/176 169/255/176
f 193/256/177 194/257/177 195/258/177 196/259/177
f 194/257/178 197/260/178 198/261/178 195/258/178
f 195/258/179 198/261/179 199/262/179 200/263/179
f 196/259/180 195/258/180 200/263/180 201/264/180
f 181/241/181 180/265/181 202/266/181 186/246/181
f 180/265/182 175/267/182 174/268/182 202/266/182
f 202/266/183 174/268/183 173/269/183 192/270/183
f 186/246/184 202/266/184 192/270/184 187/247/184
f 199/262/185 203/271/185 204/272/185 200/273/185
f 203/271/186 189/249/186 191/251/186 204/272/186
f 204/272/187 191/251/187 169/255/187 205/274/187
f 200/273/188 204/272/188 205/274/188 201/275/188
f 197/260/189 206/276/189 207/277/189 198/261/189
f 206/276/190 183/243/190 185/245/190 207/277/190
f 207/277/191 185/245/191 189/249/191 203/271/191
f 198/261/192 207/277/192 203/271/192 199/262/192
f 193/278/193 208/279/193 209/280/193 194/281/193
f 208/279/194 177/237/194 179/239/194 209/280/194
f 209/280/195 179/239/195 183/243/195 206/276/195
f 194/281/196 209/280/196 206/276/196 197/260/196
f 201/282/197 205/283/197 210/284/197 196/285/197
f 205/283/198 169/229/198 172/232/198 210/284/198
f 210/284/199 172/232/199 177/237/199 208/279/199
f 196/285/200 210/284/200 208/279/200 193/278/200
f 211/286/201 212/287/201 213/288/201 214/289/201
f 212/287/202 215/290/202 216/291/202 213/288/202
f 213/288/203 216/291/203 217/292/203 218/293/203
f 214/289/204 213/288/204 218/293/204 219/294/204
f 219/294/205 218/293/205 220/295/205 221/296/205
f 218/293/206 217/292/206 222/297/206 220/295/206
f 220/295/207 222/297/207 223/298/207 224/299/207
f 221/296/208 220/295/208 224/299/208 225/300/208
f 225/300/209 224/299/209 226/301/209 227/302/209
f 224/299/210 223/298/210 228/303/210 226/301/210
f 226/301/211 228/303/211 229/304/211 230/305/211
f 227/302/212 226/301/212 230/305/212 231/306/212
f 231/306/213 230/305/213 232/307/213 233/308/213
f 230/305/214 229/304/214 234/309/214 232/307/214
f 232/307/215 234/309/215 215/310/215 212/311/215
f 233/308/216 232/307/216 212/311/216 211/312/216
f 235/313/217 236/314/217 237/315/217 238/316/217
f 236/314/218 239/317/218 240/318/218 237/315/218
f 237/315/219 240/318/219 241/319/219 242/320/219
f 238/316/220 237/315/220 242/320/220 243/321/220
f 223/298/221 222/322/221 244/323/221 228/303/221
f 222/322/222 217/324/222 216/325/222 244/323/222
f 244/323/223 216/325/223 215/326/223 234/327/223
f 228/303/224 244/323/224 234/327/224 229/304/224
f 241/319/225 245/328/225 246/329/225 242/330/225
f 245/328/226 231/306/226 233/308/226 246/329/226
f 246/329/227 233/308/227 211/312/227 247/331/227
f 242/330/228 246/329/228 247/331/228 243/332/228
f 239/317/229 248/333/229 249/334/229 240/318/229
f 248/333/230 225/300/230 227/302/230 249/334/230
f 249/334/231 227/302/231 231/306/231 245/328/231
f 240/318/232 249/334/232 245/328/232 241/319/232
f 235/335/233 250/336/233 251/337/233 236/338/233
f 250/336/234 219/294/234 221/296/234 251/337/234
f 251/337/235 221/296/235 225/300/235 248/333/235
f 236/338/236 251/337/236 248/333/236 239/317/236
f 243/339/237 247/340/237 252/341/237 238/342/237
f 247/340/238 211/286/238 214/289/238 252/341/238
f 252/341/239 214/289/239 219/294/239 250/336/239
f 238/342/240 252/341/240 250/336/240 235/335/240
f 253/343/241 254/344/241 255/345/241 256/346/241
f 254/344/242 257/347/242 258/348/242 255/345/242
f 255/345/243 258/348/243 259/349/243 260/350/243
f 256/346/244 255/345/244 260/350/244 261/351/244
f 261/351/245 260/350/245 262/352/245 263/353/245
f 260/350/246 259/349/246 264/354/246 262/352/246
f 262/352/247 264/354/247 265/355/247 266/356/247
f 263/353/248 262/352/248 266/356/248 267/357/248
f 267/357/249 266/356/249 268/358/249 269/359/249
f 266/356/250 265/355/250 270/360/250 268/358/250
f 268/358/251 270/360/251 271/361/251 272/362/251
f 269/359/252 268/358/252 272/362/252 273/363/252
f 273/363/253 272/362/253 274/364/253 275/365/253
f 272/362/254 271/361/254 276/366/254 274/364/254
f 274/364/255 276/366/255 257/367/255 254/368/255
f 275/365/256 274/364/256 254/368/256 253/369/256
f 277/370/257 278/371/257 279/372/257 280/373/257
f 278/371/258 281/374/258 282/375/258 279/372/258
f 279/372/259 282/375/259 283/376/259 284/377/259
f 280/373/260 279/372/260 284/377/260 285/378/260
f 265/355/261 264/379/261 286/380/261 270/360/261
f 264/379/262 259/381/262 258/382/262 286/380/262
f 286/380/263 258/382/263 257/383/263 276/384/263
f 270/360/264 286/380/264 276/384/264 271/361/264
f 283/376/265 287/385/265 288/386/265 284/387/265
f 287/385/266 273/363/266 275/365/266 288/386/266
f 288/386/267 275/365/267 253/369/267 289/388/267
f 284/387/268 288/386/268 289/388/268 285/389/268
f 281/374/269 290/390/269 291/391/269 282/375/269
f 290/390/270 267/357/270 269/359/270 291/391/270
f 291/391/271 269/359/271 273/363/271 287/385/271
f 282/375/272 291/391/272 287/385/272 283/376/272
f 277/392/273 292/393/273 293/394/273 278/395/273
f 292/393/274 261/351/274 263/353/274 293/394/274
f 293/394/275 263/353/275 267/357/275 290/390/275
f 278/395/276 293/394/276 290/390/276 281/374/276
f 285/396/277 289/397/277 294/398/277 280/399/277
f 289/397/278 253/343/278 256/346/278 294/398/278
f 294/398/279 256/346/279 261/351/279 292/393/279
f 280/399/280 294/398/280 292/393/280 277/392/280
f 295/400/281 296/401/281 297/402/281 298/403/281
f 296/401/282 299/404/282 300/405/282 297/402/282
f 297/402/283 300/405/283 301/406/283 302/407/283
f 298/403/284 297/402/284 302/407/284 303/408/284
f 303/408/285 302/407/285 304/409/285 305/410/285
f 302/407/286 301/406/286 306/411/286 304/409/286
f 304/409/287 306/411/287 307/412/287 308/413/287
f 305/410/288 304/409/288 308/413/288 309/414/288
f 309/414/289 308/413/289 310/415/289 311/416/289
f 308/413/290 307/412/290 312/417/290 310/415/290
f 310/415/291 312/417/291 313/418/291 314/419/291
f 311/416/292 310/415/292 314/419/292 315/420/292
f 315/420/293 314/419/293 316/421/293 317/422/293
f 314/419/294 313/418/294 318/423/294 316/421/294
f 316/421/295 318/423/295 299/424/295 296/425/295
f 317/422/296 316/421/296 296/425/296 295/426/296
f 319/427/297 320/428/297 321/429/297 322/430/297
f 320/428/298 323/431/298 324/432/298 321/429/298
f 321/429/299 324/432/299 325/433/299 326/434/299
f 322/430/300 321/429/300 326/434/300 327/435/300
f 307/412/301 306/436/301 328/437/301 312/417/301
f 306/436/302 301/438/302 300/439/302 328/437/302
f 328/437/303 300/439/303 299/440/303 318/441/303
f 312/417/304 328/437/304 318/441/304 313/418/304
f 325/433/305 329/442/305 330/443/305 326/444/305
f 329/442/306 315/420/306 317/422/306 330/443/306
f 330/443/307 317/422/307 295/426/307 331/445/307
f 326/444/308 330/443/308 331/445/308 327/446/308
f 323/431/309 332/447/309 333/448/309 324/432/309
f 332/447/310 309/414/310 311/416/310 333/448/310
f 333/448/311 311/416/311 315/420/311 329/442/311
f 324/432/312 333/448/312 329/442/312 325/433/312
f 319/449/313 334/450/313 335/451/313 320/452/313
f 334/450/314 303/408/314 305/410/314 335/451/314
f 335/451/315 305/410/315 309/414/315 332/447/315
f 320/452/316 335/451/316 332/447/316 323/431/316
f 327/453/317 331/454/317 336/455/317 322/456/317
f 331/454/318 295/400/318 298/403/318 336/455/318
f 336/455/319 298/403/319 303/408/319 334/450/319
f 322/456/320 336/455/320 334/450/320 319/449/320
f 337/457/321 338/458/321 339/459/321 340/460/321
f 338/458/322 341/461/322 342/462/322 339/459/322
f 339/459/323 342/462/323 343/463/323 344/464/323
f 340/460/324 339/459/324 344/464/324 345/465/324
f 345/465/325 344/464/325 346/466/325 347/467/325
f 344/464/326 343/463/326 348/468/326 346/466/326
f 346/466/327 348/468/327 349/469/327 350/470/327
f 347/467/328 346/466/328 350/470/328 351/471/328
f 351/471/329 350/470/329 352/472/329 353/473/329
f 350/470/330 349/469/330 354/474/330 352/472/330
f 352/472/331 354/474/331 355/475/331 356/476/331
f 353/473/332 352/472/332 356/476/332 357/477/332
f 357/477/333 356/476/333 358/478/333 359/479/333
f 356/476/334 355/475/334 360/480/334 358/478/334
f 358/478/335 360/480/335 341/481/335 338/482/335
f 359/479/336 358/478/336 338/482/336 337/483/336
f 361/484/337 362/485/337 363/486/337 364/487/337
f 362/485/338 365/488/338 366/489/338 363/486/338
f 363/486/339 366/489/339 367/490/339 368/491/339
f 364/487/340 363/486/340 368/491/340 369/492/340
f 349/469/341 348/493/341 370/494/341 354/474/341
f 348/493/342 343/495/342 342/496/342 370/494/342
f 370/494/343 342/496/343 341/497/343 360/498/343
f 354/474/344 370/494/344 360/498/344 355/475/344
f 367/490/345 371/499/345 372/500/345 368/501/345
f 371/499/346 357/477/346 359/479/346 372/500/346
f 372/500/347 359/479/347 337/483/347 373/502/347
f 368/501/348 372/500/348 373/502/348 369/503/348
f 365/488/349 374/504/349 375/505/349 366/489/349
f 374/504/350 351/471/350 353/473/350 375/505/350
f 375/505/351 353/473/351 357/477/351 371/499/351
f 366/489/352 375/505/352 371/499/352 367/490/352
f 361/506/353 376/507/353 377/508/353 362/509/353
f 376/507/354 345/465/354 347/467/354 377/508/354
f 377/508/355 347/467/355 351/471/355 374/504/355
f 362/509/356 377/508/356 374/504/356 365/488/356
f 369/510/357 373/511/357 378/512/357 364/513/357
f 373/511/358 337/457/358 340/460/358 378/512/358
f 378/512/359 340/460/359 345/465/359 376/507/359
f 364/513/360 378/512/360 376/507/360 361/506/360
f 379/514/361 380/515/361 381/516/361 382/517/361
f 380/515/362 383/518/362 384/519/362 381/516/362
f 381/516/363 384/519/363 385/520/363 386/521/363
f 382/517/364 381/516/364 386/521/364 387/522/364
f 387/522/365 386/521/365 388/523/365 389/524/365
f 386/521/366 385/520/366 390/525/366 388/523/366
f 388/523/367 390/525/367 391/526/367 392/527/367
f 389/524/368 388/523/368 392/527/368 393/528/368
f 393/528/369 392/527/369 394/529/369 395/530/369
f 392/527/370 391/526/370 396/531/370 394/529/370
f 394/529/371 396/531/371 397/532/371 398/533/371
f 395/530/372 394/529/372 398/533/372 399/534/372
f 399/534/373 398/533/373 400/535/373 401/536/373
f 398/533/374 397/532/374 402/537/374 400/535/374
f 400/535/375 402/537/375 383/538/375 380/539/375
f 401/536/376 400/535/376 380/539/376 379/540/376
f 403/541/377 404/542/377 405/543/377 406/544/377
f 404/542/378 407/545/378 408/546/378 405/543/378
f 405/543/379 408/546/379 409/547/379 410/548/379
f 406/544/380 405/543/380 410/548/380 411/549/380
f 391/526/381 390/550/381 412/551/381 396/531/381
f 390/550/382 385/552/382 384/553/382 412/551/382
f 412/551/383 384/553/383 383/554/383 402/555/383
f 396/531/384 412/551/384 402/555/384 397/532/384
f 409/547/385 413/556/385 414/557/385 410/558/385
f 413/556/386 399/534/386 401/536/386 414/557/386
f 414/557/387 401/536/387 379/540/387 415/559/387
f 410/558/388 414/557/388 415/559/388 411/560/388
f 407/545/389 416/561/389 417/562/389 408/546/389
f 416/561/390 393/528/390 395/530/390 417/562/390
f 417/562/391 395/530/391 399/534/391 413/556/391
f 408/546/392 417/562/392 413/556/392 409/547/392
f 403/563/393 418/564/393 419/565/393 404/566/393
f 418/564/394 387/522/394 389/524/394 419/565/394
f 419/565/395 389/524/395 393/528/395 416/561/395
f 404/566/396 419/565/396 416/561/396 407/545/396
f 411/567/397 415/568/397 420/569/397 406/570/397
f 415/568/398 379/514/398 382/517/398 420/569/398
f 420/569/399 382/517/399 387/522/399 418/564/399
f 406/570/400 420/569/400 418/564/400 403/563/400
f 421/571/401 422/572/401 423/573/401 424/574/401
f 422/572/402 425/575/402 426/576/402 423/573/402
f 423/573/403 426/576/403 427/577/403 428/578/403
f 424/574/404 423/573/404 428/578/404 429/579/404
f 429/579/405 428/578/405 430/580/405 431/581/405
f 428/578/406 427/577/406 432/582/406 430/580/406
f 430/580/407 432/582/407 433/583/407 434/584/407
f 431/581/408 430/580/408 434/584/408 435/585/408
f 435/585/409 434/584/409 436/586/409 437/587/409
f 434/584/410 433/583/410 438/588/410 436/586/410
f 436/586/411 438/588/411 439/589/411 440/590/411
f 437/587/412 436/586/412 440/590/412 441/591/412
f 441/591/413 440/590/413 442/592/413 443/593/413
f 440/590/414 439/589/414 444/594/414 442/592/414
f 442/592/415 444/594/415 425/595/415 422/596/415
f 443/593/416 442/592/416 422/596/416 421/597/416
f 445/598/417 446/599/417 447/600/417 448/601/417
f 446/599/418 449/602/418 450/603/418 447/600/418
f 447/600/419 450/603/419 451/604/419 452/605/419
f 448/601/420 447/600/420 452/605/420 453/606/420
f 433/583/421 432/607/421 454/608/421 438/588/421
f 432/607/422 427/609/422 426/610/422 454/608/422
f 454/608/423 426/610/423 425/611/423 444/612/423
f 438/588/424 454/608/424 444/612/424 439/589/424
f 451/604/425 455/613/425 456/614/425 452/615/425
f 455/613/426 441/591/426 443/593/426 456/614/426
f 456/614/427 443/593/427 421/597/427 457/616/427
f 452/615/428 456/614/428 457/616/428 453/617/428
f 449/602/429 458/618/429 459/619/429 450/603/429
f 458/618/430 435/585/430 437/587/430 459/619/430
f 459/619/431 437/587/431 441/591/431 455/613/431
f 450/603/432 459/619/432 455/613/432 451/604/432
f 445/620/433 460/621/433 461/622/433 446/623/433
f 460/621/434 429/579/434 431/581/434 461/622/434
f 461/622/435 431/581/435 435/585/435 458/618/435
f 446/623/436 461/622/436 458/618/436 449/602/436
f 453/624/437 457/625/437 462/626/437 448/627/437
f 457/625/438 421/571/438 424/574/438 462/626/438
f 462/626/439 424/574/439 429/579/439 460/621/439
f 448/627/440 462/626/440 460/621/440 445/620/440
f 463/628/441 464/629/441 465/630/441 466/631/441
f 464/629/442 467/632/442 468/633/442 465/630/442
f 465/630/443 468/633/443 469/634/443 470/635/443
f 466/631/444 465/630/444 470/635/444 471/636/444
f 471/636/445 470/635/445 472/637/445 473/638/445
f 470/635/446 469/634/446 474/639/446 472/637/446
f 472/637/447 474/639/447 475/640/447 476/641/447
f 473/638/448 472/637/448 476/641/448 477/642/448
f 477/642/449 476/641/449 478/643/449 479/644/449
f 476/641/450 475/640/450 480/645/450 478/643/450
f 478/643/451 480/645/451 481/646/451 482/647/451
f 479/644/452 478/643/452 482/647/452 483/648/452
f 483/648/453 482/647/453 484/649/453 485/650/453
f 482/647/454 481/646/454 486/651/454 484/649/454
f 484/649/455 486/651/455 467/652/455 464/653/455
f 485/650/456 484/649/456 464/653/456 463/654/456
f 487/655/457 488/656/457 489/657/457 490/658/457
f 488/656/458 491/659/458 492/660/458 489/657/458
f 489/657/459 492/660/459 493/661/459 494/662/459
f 490/658/460 489/657/460 494/662/460 495/663/460
f 475/640/461 474/664/461 496/665/461 480/645/461
f 474/664/462 469/666/462 468/667/462 496/665/462
f 496/665/463 468/667/463 467/668/463 486/669/463
f 480/645/464 496/665/464 486/669/464 481/646/464
f 493/661/465 497/670/465 498/671/465 494/672/465
f 497/670/466 483/648/466 485/650/466 498/671/466
f 498/671/467 485/650/467 463/654/467 499/673/467
f 494/672/468 498/671/468 499/673/468 495/674/468
f 491/659/469 500/675/469 501/676/469 492/660/469
f 500/675/470 477/642/470 479/644/470 501/676/470
f 501/676/471 479/644/471 483/648/471 497/670/471
f 492/660/472 501/676/472 497/670/472 493/661/472
f 487/677/473 502/678/473 503/679/473 488/680/473
f 502/678/474 471/636/474 473/638/474 503/679/474
f 503/679/475 473/638/475 477/642/475 500/675/475
f 488/680/476 503/679/476 500/675/476 491/659/476
f 495/681/477 499/682/477 504/683/477 490/684/477
f 499/682/478 463/628/478 466/631/478 504/683/478
f 504/683/479 466/631/479 471/636/479 502/678/479
f 490/684/480 504/683/480 502/678/480 487/677/480
usemtl Material.023
f 505/685/481 506/686/481 507/687/481 508/688/481
f 506/686/482 509/689/482 510/690/482 507/687/482
f 507/687/483 510/690/483 511/691/483 512/692/483
f 508/688/484 507/687/484 512/692/484 513/693/484
f 514/694/485 515/695/485 516/696/485 517/697/485
f 515/695/486 518/698/486 519/699/486 516/696/486
f 516/696/487 519/699/487 520/700/487 521/701/487
f 517/697/488 516/696/488 521/701/488 522/702/488
f 523/703/489 524/704/489 525/705/489 526/706/489
f 524/704/490 527/707/490 528/708/490 525/705/490
f 525/705/491 528/708/491 529/709/491 530/710/491
f 526/706/492 525/705/492 530/710/492 531/711/492
f 527/707/493 532/712/493 533/713/493 528/708/493
f 532/712/494 534/714/494 535/715/494 533/713/494
f 533/713/495 535/715/495 536/716/495 537/717/495
f 528/708/496 533/713/496 537/717/496 529/709/496
f 534/714/497 538/718/497 539/719/497 535/715/497
f 538/718/498 540/720/498 541/721/498 539/719/498
f 539/719/499 541/721/499 542/722/499 543/723/499
f 535/715/500 539/719/500 543/723/500 536/716/500
f 540/720/501 544/724/501 545/725/501 541/721/501
f 544/724/502 523/703/502 526/706/502 545/725/502
f 545/725/503 526/706/503 531/711/503 546/726/503
f 541/721/504 545/725/504 546/726/504 542/722/504
f 547/727/505 548/728/505 549/729/505 550/730/505
f 548/728/506 551/731/506 552/732/506 549/729/506
f 549/729/507 552/732/507 527/707/507 524/704/507
f 550/730/508 549/729/508 524/704/508 523/703/508
f 551/731/509 553/733/509 554/734/509 552/732/509
f 553/733/510 555/735/510 556/736/510 554/734/510
f 554/734/511 556/736/511 534/714/511 532/712/511
f 552/732/512 554/734/512 532/712/512 527/707/512
f 555/735/513 557/737/513 558/738/513 556/736/513
f 557/737/514 559/739/514 560/740/514 558/738/514
f 558/738/515 560/740/515 540/720/515 538/718/515
f 556/736/513 558/738/513 538/718/513 534/714/513
f 559/739/516 561/741/516 562/742/516 560/740/516
f 561/741/517 547/727/517 550/730/517 562/742/517
f 562/742/518 550/730/518 523/703/518 544/724/518
f 560/740/519 562/742/519 544/724/519 540/720/519
f 563/743/505 564/744/505 565/745/505 566/746/505
f 564/744/520 567/747/520 568/748/520 565/745/520
f 565/745/506 568/748/506 551/731/506 548/728/506
f 566/746/505 565/745/505 548/728/505 547/727/505
f 567/747/521 569/749/521 570/750/521 568/748/521
f 569/749/522 571/751/522 572/752/522 570/750/522
f 570/750/522 572/752/522 555/735/522 553/733/522
f 568/748/521 570/750/521 553/733/521 551/731/521
f 571/751/513 573/753/513 574/754/513 572/752/513
f 573/753/514 575/755/514 576/756/514 574/754/514
f 574/754/523 576/756/523 559/739/523 557/737/523
f 572/752/524 574/754/524 557/737/524 555/735/524
f 575/755/525 577/757/525 578/758/525 576/756/525
f 577/757/517 563/743/517 566/746/517 578/758/517
f 578/758/517 566/746/517 547/727/517 561/741/517
f 576/756/526 578/758/526 561/741/526 559/739/526
f 579/759/505 580/760/505 581/761/505 582/762/505
f 580/760/506 583/763/506 584/764/506 581/761/506
f 581/761/506 584/764/506 567/747/506 564/744/506
f 582/762/505 581/761/505 564/744/505 563/743/505
f 583/763/521 585/765/521 586/766/521 584/764/521
f 585/765/527 587/767/527 588/768/527 586/766/527
f 586/766/522 588/768/522 571/751/522 569/749/522
f 584/764/528 586/766/528 569/749/528 567/747/528
f 587/767/524 589/769/524 590/770/524 588/768/524
f 589/769/523 591/771/523 592/772/523 590/770/523
f 590/770/529 592/772/529 575/755/529 573/753/529
f 588/768/513 590/770/513 573/753/513 571/751/513
f 591/771/525 593/773/525 594/774/525 592/772/525
f 593/773/530 579/759/530 582/762/530 594/774/530
f 594/774/517 582/762/517 563/743/517 577/757/517
f 592/772/526 594/774/526 577/757/526 575/755/526
f 595/775/505 596/776/505 597/777/505 598/778/505
f 596/776/506 599/779/506 600/780/506 597/777/506
f 597/777/506 600/780/506 583/763/506 580/760/506
f 598/778/505 597/777/505 580/760/505 579/759/505
f 599/779/521 601/781/521 602/782/521 600/780/521
f 601/781/522 603/783/522 604/784/522 602/782/522
f 602/782/527 604/784/527 587/767/527 585/765/527
f 600/780/521 602/782/521 585/765/521 583/763/521
f 603/783/531 605/785/531 606/786/531 604/784/531
f 605/785/529 607/787/529 608/788/529 606/786/529
f 606/786/529 608/788/529 591/771/529 589/769/529
f 604/784/532 606/786/532 589/769/532 587/767/532
f 607/787/526 609/789/526 610/790/526 608/788/526
f 609/789/517 595/775/517 598/778/517 610/790/517
f 610/790/517 598/778/517 579/759/517 593/773/517
f 608/788/525 610/790/525 593/773/525 591/771/525
f 513/693/533 512/692/533 611/791/533 612/792/533
f 512/692/534 511/691/534 613/793/534 611/791/534
f 611/791/535 613/793/535 599/779/535 596/776/535
f 612/792/536 611/791/536 596/776/536 595/775/536
f 511/691/537 510/690/537 614/794/537 613/793/537
f 510/690/538 509/689/538 615/795/538 614/794/538
f 614/794/539 615/795/539 603/783/539 601/781/539
f 613/793/540 614/794/540 601/781/540 599/779/540
f 509/689/541 506/686/541 616/796/541 615/795/541
f 506/686/542 505/685/542 617/797/542 616/796/542
f 616/796/543 617/797/543 607/787/543 605/785/543
f 615/795/544 616/796/544 605/785/544 603/783/544
f 505/685/545 508/688/545 618/798/545 617/797/545
f 508/688/546 513/693/546 612/792/546 618/798/546
f 618/798/547 612/792/547 595/775/547 609/789/547
f 617/797/548 618/798/548 609/789/548 607/787/548
f 619/799/549 620/800/549 621/801/549 622/802/549
f 620/800/550 623/803/550 624/804/550 621/801/550
f 621/801/551 624/804/551 625/805/551 626/806/551
f 622/802/552 621/801/552 626/806/552 627/807/552
f 623/803/553 628/808/553 629/809/553 624/804/553
f 628/808/554 630/810/554 631/811/554 629/809/554
f 629/809/555 631/811/555 632/812/555 633/813/555
f 624/804/556 629/809/556 633/813/556 625/805/556
f 630/810/557 634/814/557 635/815/557 631/811/557
f 634/814/558 636/816/558 637/817/558 635/815/558
f 635/815/559 637/817/559 638/818/559 639/819/559
f 631/811/560 635/815/560 639/819/560 632/812/560
f 636/816/561 640/820/561 641/821/561 637/817/561
f 640/820/562 619/799/562 622/802/562 641/821/562
f 641/821/563 622/802/563 627/807/563 642/822/563
f 637/817/564 641/821/564 642/822/564 638/818/564
f 643/823/565 644/824/565 645/825/565 646/826/565
f 644/824/566 647/827/566 648/828/566 645/825/566
f 645/825/567 648/828/567 623/803/567 620/800/567
f 646/826/568 645/825/568 620/800/568 619/799/568
f 647/827/569 649/829/569 650/830/569 648/828/569
f 649/829/570 651/831/570 652/832/570 650/830/570
f 650/830/571 652/832/571 630/810/571 628/808/571
f 648/828/572 650/830/572 628/808/572 623/803/572
f 651/831/573 653/833/573 654/834/573 652/832/573
f 653/833/574 655/835/574 656/836/574 654/834/574
f 654/834/575 656/836/575 636/816/575 634/814/575
f 652/832/573 654/834/573 634/814/573 630/810/573
f 655/835/576 657/837/576 658/838/576 656/836/576
f 657/837/577 643/823/577 646/826/577 658/838/577
f 658/838/578 646/826/578 619/799/578 640/820/578
f 656/836/576 658/838/576 640/820/576 636/816/576
f 659/839/565 660/840/565 661/841/565 662/842/565
f 660/840/579 663/843/579 664/844/579 661/841/579
f 661/841/579 664/844/579 647/827/579 644/824/579
f 662/842/580 661/841/580 644/824/580 643/823/580
f 663/843/581 665/845/581 666/846/581 664/844/581
f 665/845/582 667/847/582 668/848/582 666/846/582
f 666/846/570 668/848/570 651/831/570 649/829/570
f 664/844/569 666/846/569 649/829/569 647/827/569
f 667/847/583 669/849/583 670/850/583 668/848/583
f 669/849/584 671/851/584 672/852/584 670/850/584
f 670/850/575 672/852/575 655/835/575 653/833/575
f 668/848/573 670/850/573 653/833/573 651/831/573
f 671/851/585 673/853/585 674/854/585 672/852/585
f 673/853/586 659/839/586 662/842/586 674/854/586
f 674/854/577 662/842/577 643/823/577 657/837/577
f 672/852/587 674/854/587 657/837/587 655/835/587
f 531/711/588 530/710/588 675/855/588 676/856/588
f 530/710/589 529/709/589 677/857/589 675/855/589
f 675/855/590 677/857/590 663/843/590 660/840/590
f 676/856/591 675/855/591 660/840/591 659/839/591
f 529/709/592 537/717/592 678/858/592 677/857/592
f 537/717/593 536/716/593 679/859/593 678/858/593
f 678/858/594 679/859/594 667/847/594 665/845/594
f 677/857/595 678/858/595 665/845/595 663/843/595
f 536/716/596 543/723/596 680/860/596 679/859/596
f 543/723/597 542/722/597 681/861/597 680/860/597
f 680/860/598 681/861/598 671/851/598 669/849/598
f 679/859/599 680/860/599 669/849/599 667/847/599
f 542/722/600 546/726/600 682/862/600 681/861/600
f 546/726/601 531/711/601 676/856/601 682/862/601
f 682/862/602 676/856/602 659/839/602 673/853/602
f 681/861/603 682/862/603 673/853/603 671/851/603
f 683/863/604 684/864/604 685/865/604 686/866/604
f 684/864/605 687/867/605 688/868/605 685/865/605
f 685/865/606 688/868/606 689/869/606 690/870/606
f 686/866/607 685/865/607 690/870/607 691/871/607
f 687/867/608 692/872/608 693/873/608 688/868/608
f 692/872/609 694/874/609 695/875/609 693/873/609
f 693/873/610 695/875/610 696/876/610 697/877/610
f 688/868/611 693/873/611 697/877/611 689/869/611
f 694/874/612 698/878/612 699/879/612 695/875/612
f 698/878/613 700/880/613 701/881/613 699/879/613
f 699/879/614 701/881/614 702/882/614 703/883/614
f 695/875/615 699/879/615 703/883/615 696/876/615
f 700/880/616 704/884/616 705/885/616 701/881/616
f 704/884/617 683/863/617 686/866/617 705/885/617
f 705/885/618 686/866/618 691/871/618 706/886/618
f 701/881/619 705/885/619 706/886/619 702/882/619
f 707/887/620 708/888/620 709/889/620 710/890/620
f 708/888/621 711/891/621 712/892/621 709/889/621
f 709/889/622 712/892/622 687/867/622 684/864/622
f 710/890/623 709/889/623 684/864/623 683/863/623
f 711/891/624 713/893/624 714/894/624 712/892/624
f 713/893/625 715/895/625 716/896/625 714/894/625
f 714/894/626 716/896/626 694/874/626 692/872/626
f 712/892/627 714/894/627 692/872/627 687/867/627
f 715/895/628 717/897/628 718/898/628 716/896/628
f 717/897/629 719/899/629 720/900/629 718/898/629
f 718/898/630 720/900/630 700/880/630 698/878/630
f 716/896/628 718/898/628 698/878/628 694/874/628
f 719/899/631 721/901/631 722/902/631 720/900/631
f 721/901/632 707/887/632 710/890/632 722/902/632
f 722/902/633 710/890/633 683/863/633 704/884/633
f 720/900/634 722/902/634 704/884/634 700/880/634
f 723/903/635 724/904/635 725/905/635 726/906/635
f 724/904/621 727/907/621 728/908/621 725/905/621
f 725/905/636 728/908/636 711/891/636 708/888/636
f 726/906/620 725/905/620 708/888/620 707/887/620
f 727/907/637 729/909/637 730/910/637 728/908/637
f 729/909/638 731/911/638 732/912/638 730/910/638
f 730/910/625 732/912/625 715/895/625 713/893/625
f 728/908/639 730/910/639 713/893/639 711/891/639
f 731/911/640 733/913/640 734/914/640 732/912/640
f 733/913/641 735/915/641 736/916/641 734/914/641
f 734/914/642 736/916/642 719/899/642 717/897/642
f 732/912/628 734/914/628 717/897/628 715/895/628
f 735/915/643 737/917/643 738/918/643 736/916/643
f 737/917/644 723/903/644 726/906/644 738/918/644
f 738/918/645 726/906/645 707/887/645 721/901/645
f 736/916/631 738/918/631 721/901/631 719/899/631
f 627/807/646 626/806/646 739/919/646 740/920/646
f 626/806/647 625/805/647 741/921/647 739/919/647
f 739/919/648 741/921/648 727/907/648 724/904/648
f 740/920/649 739/919/649 724/904/649 723/903/649
f 625/805/650 633/813/650 742/922/650 741/921/650
f 633/813/651 632/812/651 743/923/651 742/922/651
f 742/922/652 743/923/652 731/911/652 729/909/652
f 741/921/653 742/922/653 729/909/653 727/907/653
f 632/812/654 639/819/654 744/924/654 743/923/654
f 639/819/655 638/818/655 745/925/655 744/924/655
f 744/924/656 745/925/656 735/915/656 733/913/656
f 743/923/657 744/924/657 733/913/657 731/911/657
f 638/818/658 642/822/658 746/926/658 745/925/658
f 642/822/659 627/807/659 740/920/659 746/926/659
f 746/926/660 740/920/660 723/903/660 737/917/660
f 745/925/661 746/926/661 737/917/661 735/915/661
f 747/927/662 748/928/662 749/929/662 750/930/662
f 748/928/663 751/931/663 752/932/663 749/929/663
f 749/929/664 752/932/664 753/933/664 754/934/664
f 750/930/665 749/929/665 754/934/665 755/935/665
f 751/931/666 756/936/666 757/937/666 752/932/666
f 756/936/667 758/938/667 759/939/667 757/937/667
f 757/937/668 759/939/668 760/940/668 761/941/668
f 752/932/669 757/937/669 761/941/669 753/933/669
f 758/938/670 762/942/670 763/943/670 759/939/670
f 762/942/671 764/944/671 765/945/671 763/943/671
f 763/943/672 765/945/672 766/946/672 767/947/672
f 759/939/673 763/943/673 767/947/673 760/940/673
f 764/944/674 768/948/674 769/949/674 765/945/674
f 768/948/675 747/927/675 750/930/675 769/949/675
f 769/949/676 750/930/676 755/935/676 770/950/676
f 765/945/677 769/949/677 770/950/677 766/946/677
f 771/951/678 772/952/678 773/953/678 774/954/678
f 772/952/679 775/955/679 776/956/679 773/953/679
f 773/953/680 776/956/680 751/931/680 748/928/680
f 774/954/678 773/953/678 748/928/678 747/927/678
f 775/955/681 777/957/681 778/958/681 776/956/681
f 777/957/682 779/959/682 780/960/682 778/958/682
f 778/958/683 780/960/683 758/938/683 756/936/683
f 776/956/684 778/958/684 756/936/684 751/931/684
f 779/959/685 781/961/685 782/962/685 780/960/685
f 781/961/686 783/963/686 784/964/686 782/962/686
f 782/962/687 784/964/687 764/944/687 762/942/687
f 780/960/688 782/962/688 762/942/688 758/938/688
f 783/963/689 785/965/689 786/966/689 784/964/689
f 785/965/690 771/951/690 774/954/690 786/966/690
f 786/966/691 774/954/691 747/927/691 768/948/691
f 784/964/692 786/966/692 768/948/692 764/944/692
f 691/871/693 690/870/693 787/967/693 788/968/693
f 690/870/694 689/869/694 789/969/694 787/967/694
f 787/967/695 789/969/695 775/955/695 772/952/695
f 788/968/696 787/967/696 772/952/696 771/951/696
f 689/869/697 697/877/697 790/970/697 789/969/697
f 697/877/698 696/876/698 791/971/698 790/970/698
f 790/970/699 791/971/699 779/959/699 777/957/699
f 789/969/700 790/970/700 777/957/700 775/955/700
f 696/876/701 703/883/701 792/972/701 791/971/701
f 703/883/702 702/882/702 793/973/702 792/972/702
f 792/972/703 793/973/703 783/963/703 781/961/703
f 791/971/704 792/972/704 781/961/704 779/959/704
f 702/882/705 706/886/705 794/974/705 793/973/705
f 706/886/706 691/871/706 788/968/706 794/974/706
f 794/974/707 788/968/707 771/951/707 785/965/707
f 793/973/708 794/974/708 785/965/708 783/963/708
f 795/975/709 796/976/709 797/977/709 798/978/709
f 796/976/710 799/979/710 800/980/710 797/977/710
f 797/977/711 800/980/711 801/981/711 802/982/711
f 798/978/712 797/977/712 802/982/712 803/983/712
f 799/979/713 804/984/713 805/985/713 800/980/713
f 804/984/714 806/986/714 807/987/714 805/985/714
f 805/985/715 807/987/715 808/988/715 809/989/715
f 800/980/716 805/985/716 809/989/716 801/981/716
f 806/986/717 810/990/717 811/991/717 807/987/717
f 810/990/718 812/992/718 813/993/718 811/991/718
f 811/991/719 813/993/719 814/994/719 815/995/719
f 807/987/720 811/991/720 815/995/720 808/988/720
f 812/992/721 816/996/721 817/997/721 813/993/721
f 816/996/722 795/975/722 798/978/722 817/997/722
f 817/997/723 798/978/723 803/983/723 818/998/723
f 813/993/724 817/997/724 818/998/724 814/994/724
f 819/999/725 820/1000/725 821/1001/725 822/1002/725
f 820/1000/726 823/1003/726 824/1004/726 821/1001/726
f 821/1001/727 824/1004/727 799/979/727 796/976/727
f 822/1002/728 821/1001/728 796/976/728 795/975/728
f 823/1003/729 825/1005/729 826/1006/729 824/1004/729
f 825/1005/730 827/1007/730 828/1008/730 826/1006/730
f 826/1006/731 828/1008/731 806/986/731 804/984/731
f 824/1004/732 826/1006/732 804/984/732 799/979/732
f 827/1007/733 829/1009/733 830/1010/733 828/1008/733
f 829/1009/734 831/1011/734 832/1012/734 830/1010/734
f 830/1010/735 832/1012/735 812/992/735 810/990/735
f 828/1008/736 830/1010/736 810/990/736 806/986/736
f 831/1011/737 833/1013/737 834/1014/737 832/1012/737
f 833/1013/738 819/999/738 822/1002/738 834/1014/738
f 834/1014/739 822/1002/739 795/975/739 816/996/739
f 832/1012/740 834/1014/740 816/996/740 812/992/740
f 755/935/741 754/934/741 835/1015/741 836/1016/741
f 754/934/742 753/933/742 837/1017/742 835/1015/742
f 835/1015/743 837/1017/743 823/1003/743 820/1000/743
f 836/1016/744 835/1015/744 820/1000/744 819/999/744
f 753/933/745 761/941/745 838/1018/745 837/1017/745
f 761/941/746 760/940/746 839/1019/746 838/1018/746
f 838/1018/747 839/1019/747 827/1007/747 825/1005/747
f 837/1017/748 838/1018/748 825/1005/748 823/1003/748
f 760/940/749 767/947/749 840/1020/749 839/1019/749
f 767/947/750 766/946/750 841/1021/750 840/1020/750
f 840/1020/751 841/1021/751 831/1011/751 829/1009/751
f 839/1019/752 840/1020/752 829/1009/752 827/1007/752
f 766/946/753 770/950/753 842/1022/753 841/1021/753
f 770/950/754 755/935/754 836/1016/754 842/1022/754
f 842/1022/755 836/1016/755 819/999/755 833/1013/755
f 841/1021/756 842/1022/756 833/1013/756 831/1011/756
f 803/983/757 802/982/757 843/1023/757 844/1024/757
f 802/982/758 801/981/758 845/1025/758 843/1023/758
f 843/1023/759 845/1025/759 518/698/759 515/695/759
f 844/1024/760 843/1023/760 515/695/760 514/694/760
f 801/981/761 809/989/761 846/1026/761 845/1025/761
f 809/989/762 808/988/762 847/1027/762 846/1026/762
f 846/1026/763 847/1027/763 520/700/763 519/699/763
f 845/1025/764 846/1026/764 519/699/764 518/698/764
f 808/988/765 815/995/765 848/1028/765 847/1027/765
f 815/995/766 814/994/766 849/1029/766 848/1028/766
f 848/1028/767 849/1029/767 522/702/767 521/701/767
f 847/1027/768 848/1028/768 521/701/768 520/700/768
f 814/994/769 818/998/769 850/1030/769 849/1029/769
f 818/998/770 803/983/770 844/1024/770 850/1030/770
f 850/1030/771 844/1024/771 514/694/771 517/697/771
f 849/1029/772 850/1030/772 517/697/772 522/702/772
usemtl Material.028
f 851/1031/773 852/1032/773 853/1033/773 854/1034/773
f 852/1032/774 855/1035/774 856/1036/774 853/1033/774
f 853/1033/775 856/1036/775 857/1037/775 858/1038/775
f 854/1034/776 853/1033/776 858/1038/776 859/1039/776
f 859/1039/777 858/1038/777 860/1040/777 861/1041/777
f 858/1038/778 857/1037/778 862/1042/778 860/1040/778
f 860/1040/779 862/1042/779 863/1043/779 864/1044/779
f 861/1041/780 860/1040/780 864/1044/780 865/1045/780
f 865/1045/781 864/1044/781 866/1046/781 867/1047/781
f 864/1044/782 863/1043/782 868/1048/782 866/1046/782
f 866/1046/783 868/1048/783 869/1049/783 870/1050/783
f 867/1047/784 866/1046/784 870/1050/784 871/1051/784
f 871/1051/785 870/1050/785 872/1052/785 873/1053/785
f 870/1050/786 869/1049/786 874/1054/786 872/1052/786
f 872/1052/787 874/1054/787 855/1055/787 852/1056/787
f 873/1053/788 872/1052/788 852/1056/788 851/1057/788
f 875/1058/789 876/1059/789 877/1060/789 878/1061/789
f 876/1059/790 879/1062/790 880/1063/790 877/1060/790
f 877/1060/791 880/1063/791 881/1064/791 882/1065/791
f 878/1061/792 877/1060/792 882/1065/792 883/1066/792
f 863/1043/793 862/1067/793 884/1068/793 868/1048/793
f 862/1067/794 857/1069/794 856/1070/794 884/1068/794
f 884/1068/795 856/1070/795 855/1071/795 874/1072/795
f 868/1048/796 884/1068/796 874/1072/796 869/1049/796
f 881/1064/797 885/1073/797 886/1074/797 882/1075/797
f 885/1073/798 871/1051/798 873/1053/798 886/1074/798
f 886/1074/799 873/1053/799 851/1057/799 887/1076/799
f 882/1075/800 886/1074/800 887/1076/800 883/1077/800
f 879/1062/801 888/1078/801 889/1079/801 880/1063/801
f 888/1078/802 865/1045/802 867/1047/802 889/1079/802
f 889/1079/803 867/1047/803 871/1051/803 885/1073/803
f 880/1063/804 889/1079/804 885/1073/804 881/1064/804
f 875/1080/805 890/1081/805 891/1082/805 876/1083/805
f 890/1081/806 859/1039/806 861/1041/806 891/1082/806
f 891/1082/807 861/1041/807 865/1045/807 888/1078/807
f 876/1083/808 891/1082/808 888/1078/808 879/1062/808
f 883/1084/809 887/1085/809 892/1086/809 878/1087/809
f 887/1085/810 851/1031/810 854/1034/810 892/1086/810
f 892/1086/811 854/1034/811 859/1039/811 890/1081/811
f 878/1087/812 892/1086/812 890/1081/812 875/1080/812
usemtl Material.025
f 893/1088/813 894/1089/813 895/1090/813 896/1091/813
f 894/1089/814 897/1092/814 898/1093/814 895/1090/814
f 895/1090/815 898/1093/815 899/1094/815 900/1095/815
f 896/1091/816 895/1090/816 900/1095/816 901/1096/816
f 901/1096/817 900/1095/817 902/1097/817 903/1098/817
f 900/1095/818 899/1094/818 904/1099/818 902/1097/818
f 902/1097/819 904/1099/819 905/1100/819 906/1101/819
f 903/1098/820 902/1097/820 906/1101/820 907/1102/820
f 907/1102/821 906/1101/821 908/1103/821 909/1104/821
f 906/1101/822 905/1100/822 910/1105/822 908/1103/822
f 908/1103/823 910/1105/823 911/1106/823 912/1107/823
f 909/1104/824 908/1103/824 912/1107/824 913/1108/824
f 913/1108/825 912/1107/825 914/1109/825 915/1110/825
f 912/1107/826 911/1106/826 916/1111/826 914/1109/826
f 914/1109/827 916/1111/827 897/1112/827 894/1113/827
f 915/1110/828 914/1109/828 894/1113/828 893/1114/828
f 901/1115/829 903/1116/829 917/1117/829 896/1118/829
f 903/1116/830 907/1102/830 909/1104/830 917/1117/830
f 917/1117/831 909/1104/831 913/1108/831 915/1119/831
f 896/1118/832 917/1117/832 915/1119/832 893/1120/832
f 905/1100/833 904/1121/833 918/1122/833 910/1105/833
f 904/1121/834 899/1123/834 898/1124/834 918/1122/834
f 918/1122/835 898/1124/835 897/1125/835 916/1126/835
f 910/1105/836 918/1122/836 916/1126/836 911/1106/836
f 919/1127/813 920/1128/813 921/1129/813 922/1130/813
f 920/1128/814 923/1131/814 924/1132/814 921/1129/814
f 921/1129/815 924/1132/815 925/1133/815 926/1134/815
f 922/1130/816 921/1129/816 926/1134/816 927/1135/816
f 927/1135/817 926/1134/817 928/1136/817 929/1137/817
f 926/1134/818 925/1133/818 930/1138/818 928/1136/818
f 928/1136/819 930/1138/819 931/1139/819 932/1140/819
f 929/1137/820 928/1136/820 932/1140/820 933/1141/820
f 933/1141/821 932/1140/821 934/1142/821 935/1143/821
f 932/1140/822 931/1139/822 936/1144/822 934/1142/822
f 934/1142/823 936/1144/823 937/1145/823 938/1146/823
f 935/1143/824 934/1142/824 938/1146/824 939/1147/824
f 939/1147/825 938/1146/825 940/1148/825 941/1149/825
f 938/1146/826 937/1145/826 942/1150/826 940/1148/826
f 940/1148/837 942/1150/837 923/1151/837 920/1152/837
f 941/1149/838 940/1148/838 920/1152/838 919/1153/838
f 927/1154/829 929/1155/829 943/1156/829 922/1157/829
f 929/1155/839 933/1141/839 935/1143/839 943/1156/839
f 943/1156/831 935/1143/831 939/1147/831 941/1158/831
f 922/1157/832 943/1156/832 941/1158/832 919/1159/832
f 931/1139/833 930/1160/833 944/1161/833 936/1144/833
f 930/1160/840 925/1162/840 924/1163/840 944/1161/840
f 944/1161/835 924/1163/835 923/1164/835 942/1165/835
f 936/1144/836 944/1161/836 942/1165/836 937/1145/836
