mtllib LOW_POLY_set.mtl
o lp_palm_5_Cube_039
v 96.707230 12.624902 -7.325051
v 96.032684 12.314191 -6.436399
v 96.116905 12.072928 -6.458872
v 96.806557 12.336434 -7.346335
v 95.601616 12.040030 -6.073799
v 95.551758 11.811116 -6.039640
v 95.610710 11.808323 -6.268765
v 95.983696 11.937406 -6.631165
v 96.621613 12.161570 -7.515890
v 95.647003 11.989084 -6.819920
v 96.226524 12.226166 -7.749366
v 95.289742 11.780831 -6.294503
v 95.158943 11.988861 -6.504396
v 95.347000 12.191845 -6.963248
v 95.863541 12.464511 -7.911277
v 95.244247 12.421661 -6.914023
v 95.764214 12.752979 -7.889992
v 95.016960 12.024832 -6.318572
v 95.149849 12.220568 -6.309430
v 95.395988 12.568630 -6.768482
v 95.949165 12.927843 -7.720437
v 95.714149 12.505505 -6.552975
v 96.344254 12.863247 -7.486962
v 95.278976 12.055118 -6.063708
v 97.336380 12.181374 -9.077826
v 97.169395 12.269832 -9.523663
v 97.355774 12.510856 -9.696331
v 97.515846 12.350046 -9.109963
v 96.728905 12.424135 -9.394668
v 96.775246 12.646007 -9.496238
v 96.843887 12.807946 -9.321054
v 97.309578 12.737750 -9.433918
v 97.451363 12.565185 -9.004211
v 94.884369 11.515602 -5.720514
v 96.501892 12.998505 -8.740756
v 96.911949 12.936695 -8.519129
v 97.270683 12.691276 -8.339774
v 96.396858 12.521252 -8.905045
v 96.310730 12.819713 -8.908053
v 97.165649 12.214023 -8.504063
v 96.767418 12.279963 -8.745201
v 97.368645 12.396946 -8.356276
v 98.009644 9.905416 -10.186529
v 97.799454 8.628018 -10.330662
v 97.597656 8.685373 -10.528731
v 97.770126 9.968092 -10.425326
v 97.506561 7.987684 -10.356215
v 97.282440 7.903947 -10.473120
v 97.208313 8.147597 -10.395942
v 97.338623 8.735778 -10.412130
v 97.452583 9.977321 -10.293425
v 97.162079 8.677186 -10.015585
v 97.244087 9.919540 -9.819201
v 97.032516 7.948324 -10.147944
v 97.084305 8.062659 -9.806825
v 97.163849 8.616072 -9.581866
v 97.244492 9.834797 -9.304893
v 97.358109 8.521305 -9.390779
v 97.484009 9.772120 -9.066095
v 97.135643 7.803401 -9.775743
v 97.382553 7.902746 -9.767097
v 97.624680 8.508312 -9.500398
v 97.801552 9.762891 -9.197998
v 97.793686 8.529491 -9.903925
v 98.010048 9.820671 -9.672221
v 97.385574 7.759023 -10.100918
v 97.119392 11.855812 -9.988146
v 96.942307 12.144876 -9.561884
v 97.178329 12.446149 -9.468763
v 97.343323 12.021449 -10.009573
v 96.952644 11.741600 -9.195987
v 97.140030 11.882209 -9.043823
v 97.397400 11.787238 -9.095785
v 97.484520 12.200515 -9.439724
v 97.564148 11.901450 -9.887944
v 96.848686 7.138586 -10.303387
v 97.675743 11.053619 -9.030936
v 97.888336 11.132411 -9.508717
v 97.886780 11.198160 -10.033458
v 97.108330 11.087478 -9.145496
v 97.352745 11.056258 -8.897770
v 97.319359 11.232018 -10.148018
v 97.107536 11.179003 -9.666359
v 97.643135 11.255157 -10.277306
v 96.490204 12.104249 -12.021816
v 96.177872 11.306062 -13.002655
v 95.959564 11.201458 -12.845670
v 96.226860 11.978042 -11.840046
v 96.039444 10.739440 -13.397928
v 95.882195 10.529638 -13.351385
v 95.973686 10.576572 -13.105941
v 96.041321 10.987470 -12.670292
v 96.310486 11.691088 -11.669804
v 96.398552 10.736403 -12.635599
v 96.739426 11.399292 -11.619173
v 96.169647 10.282039 -13.189407
v 96.525101 10.321114 -13.124262
v 96.818451 10.627443 -12.696114
v 97.235756 11.262431 -11.700548
v 97.024689 10.708008 -12.881061
v 97.499100 11.388639 -11.882318
v 96.534943 10.227236 -13.373075
v 96.590858 10.483981 -13.416250
v 96.955002 10.946034 -13.028477
v 97.415466 11.675593 -12.052560
v 96.585709 11.173062 -13.091132
v 96.986526 11.967389 -12.103189
v 96.247482 10.474834 -13.535053
v 96.766396 12.306791 -9.896108
v 97.190727 12.226061 -9.564377
v 97.350113 12.560523 -9.430685
v 96.796585 12.583297 -9.870182
v 97.507858 11.963287 -9.920744
v 97.700531 12.164519 -9.900217
v 97.677193 12.342670 -10.113933
v 97.397171 12.688580 -9.799900
v 96.935738 12.686174 -10.089296
v 95.901192 9.745201 -13.783855
v 97.702026 12.193334 -10.886565
v 97.272499 12.499889 -10.921295
v 96.763664 12.628057 -10.855386
v 97.509094 11.753567 -10.561587
v 97.785378 11.898211 -10.719151
v 96.570732 12.188290 -10.530408
v 97.007004 11.894741 -10.474104
v 96.494125 12.496419 -10.676248
v 95.437897 12.447254 -10.572433
v 94.655457 12.029874 -11.112530
v 94.605934 11.894405 -10.933390
v 95.374016 12.285516 -10.360435
v 94.311707 11.674487 -11.378980
v 94.228218 11.489666 -11.316299
v 94.418488 11.479386 -11.223064
v 94.729912 11.700717 -10.931841
v 95.489967 12.037757 -10.379233
v 94.932961 11.536806 -11.163804
v 95.739502 11.846282 -10.650734
v 94.460571 11.293277 -11.441107
v 94.704262 11.342683 -11.589845
v 95.132668 11.508056 -11.448756
v 95.969498 11.808370 -10.994684
v 95.157951 11.630345 -11.641870
v 96.033379 11.970108 -11.206682
v 94.566513 11.327841 -11.750481
v 94.597481 11.537783 -11.745759
v 95.058220 11.837213 -11.629445
v 95.917427 12.217867 -11.187884
v 94.830925 11.987946 -11.411455
v 95.667892 12.409342 -10.916384
v 94.334167 11.524229 -11.625673
v 96.770500 12.153632 -9.531419
v 97.188492 12.059273 -9.601128
v 97.382004 12.298754 -9.539610
v 96.825928 12.360688 -9.471056
v 97.154778 11.969813 -10.024611
v 97.294411 12.136587 -10.072324
v 97.180161 12.317249 -10.134324
v 97.219444 12.482845 -9.734883
v 96.795891 12.501068 -9.641132
v 93.936142 10.992382 -11.737572
v 96.761421 12.378557 -10.597773
v 96.521477 12.577635 -10.314036
v 96.275108 12.611190 -9.973611
v 96.788872 11.953614 -10.418002
v 96.874962 12.125200 -10.619793
v 96.302559 12.186248 -9.793841
v 96.559250 11.992885 -10.066661
v 96.205757 12.445319 -9.760905
v 96.223801 12.280169 -8.148048
v 95.526321 11.954118 -7.687358
v 95.613220 11.775408 -7.684643
v 96.325226 12.066156 -8.141109
v 95.141258 11.696214 -7.543262
v 95.115150 11.514841 -7.535119
v 95.218712 11.526677 -7.685898
v 95.573761 11.668609 -7.847516
v 96.250893 11.925171 -8.316422
v 95.375946 11.691836 -8.074131
v 96.021606 11.955977 -8.590994
v 94.995659 11.483187 -7.790973
v 94.939377 11.642732 -7.975533
v 95.180084 11.832169 -8.255709
v 95.782166 12.119908 -8.802425
v 95.073647 11.999581 -8.244109
v 95.680733 12.333921 -8.809364
v 94.784485 11.652223 -7.877979
v 94.861923 11.812268 -7.832896
v 95.132645 12.117678 -8.095551
v 95.755074 12.474907 -8.634052
v 95.310921 12.083153 -7.854621
v 95.984360 12.444099 -8.359480
v 94.903969 11.683878 -7.622125
v 97.179955 12.058587 -9.259913
v 97.169922 12.133385 -9.627390
v 97.330452 12.339895 -9.699462
v 97.304268 12.202932 -9.232751
v 96.804344 12.214641 -9.649372
v 96.846344 12.393183 -9.707555
v 96.836143 12.515495 -9.559490
v 97.208694 12.500168 -9.517812
v 97.211754 12.359442 -9.170032
v 94.572449 11.225097 -7.486225
v 96.419250 12.612773 -9.226556
v 96.662270 12.585705 -8.956545
v 96.894608 12.415278 -8.733674
v 96.426422 12.244515 -9.381034
v 96.340141 12.468214 -9.401950
v 96.901779 12.047022 -8.888152
v 96.672142 12.078959 -9.169116
v 96.994263 12.196449 -8.723711
v 95.027924 12.717474 -9.330778
v 93.978500 12.363980 -9.548979
v 94.023338 12.155358 -9.418730
v 95.075966 12.468330 -9.174412
v 93.493256 12.044160 -9.736030
v 93.440247 11.821330 -9.708200
v 93.669250 11.807158 -9.731069
v 94.131241 11.977004 -9.556702
v 95.162628 12.240982 -9.346560
v 94.187271 11.923619 -9.928250
v 95.239372 12.180702 -9.787537
v 93.580734 11.701555 -10.014272
v 93.730614 11.841796 -10.253145
v 94.217720 12.025822 -10.292482
v 95.265594 12.299106 -10.222597
v 94.141861 12.222267 -10.427185
v 95.217545 12.548250 -10.378963
v 93.512878 11.862334 -10.326217
v 93.554611 12.078798 -10.258106
v 94.064980 12.412798 -10.284760
v 95.130882 12.775598 -10.206816
v 93.977928 12.454005 -9.917665
v 95.054146 12.835878 -9.765838
v 93.372391 11.982110 -10.020145
v 96.833138 12.255793 -9.237835
v 97.182861 12.248761 -9.554597
v 97.409599 12.500143 -9.511269
v 96.928070 12.453410 -9.135245
v 96.915642 12.302369 -9.939847
v 97.028664 12.510194 -9.991094
v 96.896255 12.698174 -9.915865
v 97.159218 12.731299 -9.525360
v 96.813744 12.651596 -9.213853
v 92.912132 11.419967 -10.111538
v 96.253067 12.859982 -10.075634
v 96.192368 12.925137 -9.626137
v 96.148643 12.801036 -9.187200
v 96.356590 12.368756 -10.096059
v 96.335434 12.627714 -10.251462
v 96.252167 12.309811 -9.207624
v 96.334816 12.249177 -9.654243
v 96.191750 12.546600 -9.028916
v 96.379623 13.124412 -10.541656
v 96.030090 13.081015 -11.099893
v 95.939499 12.986528 -11.034767
v 96.269264 13.012678 -10.466033
v 95.864647 12.962781 -11.393375
v 95.779785 12.859328 -11.410821
v 95.862091 12.807829 -11.317237
v 95.987442 12.848596 -11.041758
v 96.311859 12.846390 -10.496306
v 96.145027 12.743517 -11.157467
v 96.503082 12.721520 -10.629000
v 95.922142 12.716299 -11.465365
v 96.105156 12.721129 -11.485530
v 96.330002 12.726407 -11.278938
v 96.719719 12.700910 -10.778699
v 96.409012 12.819057 -11.359845
v 96.830078 12.812643 -10.854323
v 96.067520 12.756697 -11.610041
v 96.107712 12.876082 -11.561668
v 96.372658 12.958826 -11.337073
v 96.787491 12.978931 -10.824050
v 96.203484 13.062068 -11.237146
v 96.596260 13.103801 -10.691357
v 95.925163 12.899727 -11.555496
v 96.828926 12.582935 -9.707774
v 97.073753 12.461094 -9.670607
v 97.194626 12.562230 -9.548132
v 96.868050 12.689328 -9.622984
v 97.155769 12.466355 -9.934070
v 97.266510 12.547200 -9.898869
v 97.238503 12.683151 -9.926265
v 97.174622 12.725399 -9.661091
v 96.911659 12.799732 -9.699969
v 95.668236 12.666413 -11.806382
v 97.129639 12.851777 -10.271067
v 96.941498 12.977967 -10.127901
v 96.716003 12.999316 -9.984678
v 97.049667 12.570565 -10.241694
v 97.171074 12.682972 -10.304737
v 96.636032 12.718104 -9.955305
v 96.831459 12.591001 -10.087482
v 96.601883 12.885996 -9.910646
v 89.151482 11.701694 -11.457353
v 90.223770 11.911360 -11.255847
v 90.286644 11.731418 -11.411502
v 89.231171 11.489695 -11.643856
v 90.802216 11.866872 -11.099009
v 90.958771 11.711566 -11.153398
v 90.773811 11.580625 -11.140522
v 90.291489 11.510248 -11.303742
v 89.280098 11.234062 -11.508445
v 90.285835 11.389565 -10.950223
v 89.263191 11.088204 -11.088802
v 90.913025 11.501099 -10.875166
v 90.724922 11.511283 -10.628931
v 90.222588 11.412522 -10.582739
v 89.198059 11.117707 -10.650002
v 90.192200 11.597475 -10.423300
v 89.118370 11.329706 -10.463496
v 90.900894 11.629481 -10.547792
v 90.753326 11.797529 -10.587418
v 90.154861 11.813634 -10.534843
v 89.069443 11.585339 -10.598909
v 90.193008 11.939327 -10.884579
v 89.086349 11.731196 -11.018551
v 90.946640 11.839949 -10.826024
v 87.860252 10.412855 -11.667834
v 87.581406 10.188855 -11.371428
v 87.261162 10.288971 -11.388464
v 87.676048 10.542629 -11.745296
v 87.794510 10.319614 -10.979921
v 87.595901 10.428955 -10.906636
v 87.609283 10.662523 -10.951146
v 87.355576 10.606907 -11.336347
v 87.675026 10.755764 -11.639059
v 91.623138 11.593048 -10.794838
v 88.075645 11.103212 -10.752993
v 88.076225 11.246091 -11.180840
v 88.158844 11.221213 -11.623584
v 88.238197 10.638525 -10.800442
v 88.130821 10.845181 -10.614490
v 88.321396 10.756526 -11.671034
v 88.299911 10.606649 -11.246133
v 88.245316 11.007559 -11.812483
v 88.137550 9.641277 -13.391397
v 88.902863 9.149565 -14.029268
v 88.882553 8.945291 -13.893547
v 88.114944 9.394794 -13.233875
v 89.395355 8.869588 -14.229871
v 89.500145 8.682542 -14.154903
v 89.429451 8.771513 -13.958419
v 89.026260 8.949479 -13.693845
v 88.316345 9.379072 -13.021111
v 89.310936 9.162359 -13.578894
v 88.648544 9.637589 -12.878029
v 89.731026 8.841551 -13.942274
v 89.785439 9.138237 -13.870629
v 89.527977 9.466316 -13.570121
v 88.913696 9.994431 -12.873803
v 89.570190 9.653664 -13.723972
v 88.936310 10.240913 -13.031325
v 89.921555 9.116657 -14.050982
v 89.751350 9.236312 -14.142082
v 89.404572 9.666403 -13.905544
v 88.734901 10.256636 -13.244089
v 89.141808 9.436596 -14.038625
v 88.402702 9.998119 -13.387172
v 89.690674 8.957647 -14.263612
v 87.535645 9.938588 -11.682014
v 87.635468 10.257454 -11.359289
v 87.391304 10.484155 -11.316178
v 87.325974 10.043973 -11.723334
v 88.014328 10.431705 -11.563969
v 87.909561 10.645150 -11.579420
v 87.819267 10.676959 -11.797480
v 87.397667 10.556451 -11.643970
v 87.340584 10.183842 -11.915524
v 90.213150 8.464577 -14.322568
v 88.131424 10.647019 -12.391305
v 87.783829 10.392477 -12.524914
v 87.525620 10.022952 -12.540698
v 88.333534 10.366217 -12.037879
v 88.339699 10.628654 -12.178957
v 87.727730 9.742149 -12.187273
v 88.061943 10.006073 -12.038576
v 87.506073 9.769896 -12.384533
v 87.635757 10.381277 -9.228115
v 87.866318 9.840838 -8.285181
v 88.101059 9.820263 -8.356146
v 87.917122 10.356487 -9.307494
v 88.037674 9.430641 -7.880758
v 88.228638 9.308633 -7.865508
v 88.203575 9.317619 -8.090921
v 88.140038 9.623707 -8.498968
v 87.973915 10.101002 -9.440081
v 87.943962 9.317373 -8.584320
v 87.737900 9.740855 -9.550767
v 88.115601 9.024737 -8.039948
v 87.846703 8.950994 -8.175480
v 87.637077 9.107011 -8.618139
v 87.375076 9.485811 -9.581966
v 87.411705 9.112082 -8.519480
v 87.093719 9.510601 -9.502589
v 87.806183 8.874636 -7.965605
v 87.680794 9.064017 -7.965316
v 87.363358 9.324142 -8.404352
v 87.036926 9.766087 -9.370003
v 87.568802 9.614972 -8.291306
v 87.272942 10.126233 -9.259315
v 87.919212 9.158530 -7.791164
v 87.873108 10.447720 -11.047985
v 87.648392 10.255989 -11.406502
v 87.463745 10.475941 -11.580839
v 87.778435 10.660019 -11.100334
v 87.393234 9.954738 -11.161687
v 87.193405 10.059006 -11.238953
v 87.110405 10.209944 -11.074506
v 87.303581 10.567120 -11.300216
v 87.590279 10.702926 -10.960805
v 88.331146 8.677994 -7.446249
v 86.949051 10.088334 -10.434082
v 87.185165 10.460363 -10.337589
v 87.556366 10.712230 -10.290186
v 87.298401 9.790834 -10.618628
v 87.007683 9.826412 -10.563566
v 87.905716 10.414730 -10.474732
v 87.665901 10.050983 -10.591536
v 87.843384 10.684935 -10.365557
v 88.623055 11.047216 -10.078180
v 89.151176 10.953169 -9.348437
v 89.290321 10.863992 -9.462154
v 88.792068 10.942254 -10.210913
v 89.426674 10.772130 -8.986023
v 89.567062 10.651472 -8.989934
v 89.460426 10.583110 -9.124819
v 89.258827 10.666927 -9.482482
v 88.776436 10.703636 -10.206535
v 89.080673 10.462688 -9.343567
v 88.558990 10.461008 -10.047788
v 89.413345 10.413876 -8.943115
v 89.166977 10.370705 -8.906921
v 88.845253 10.367579 -9.175392
v 88.284019 10.347223 -9.840907
v 88.723473 10.453705 -9.041259
v 88.115005 10.452186 -9.708174
v 89.219681 10.400034 -8.731995
v 89.133217 10.559725 -8.768126
v 88.737595 10.653819 -9.041348
v 88.130646 10.690804 -9.712551
v 88.933121 10.855008 -9.159847
v 88.348091 10.933431 -9.871300
v 89.373390 10.637630 -8.778813
v 88.075714 10.398218 -11.311264
v 87.771141 10.183677 -11.379166
v 87.574005 10.315413 -11.516241
v 87.990753 10.548864 -11.399673
v 87.681122 10.112608 -11.018269
v 87.509689 10.200665 -11.042472
v 87.517609 10.382623 -10.975262
v 87.571808 10.512861 -11.326735
v 87.912209 10.668234 -11.268257
v 89.795967 10.335262 -8.504446
v 87.653229 10.558382 -10.474859
v 87.865334 10.804306 -10.647329
v 88.152611 10.919839 -10.845662
v 87.825150 10.210058 -10.582872
v 87.640022 10.315953 -10.466520
v 88.324524 10.571515 -10.953674
v 88.101906 10.324989 -10.795960
v 88.327209 10.813342 -10.976769
v 87.219666 8.910234 -12.370352
v 87.451653 8.156972 -12.774224
v 87.497200 8.079031 -12.600063
v 87.273170 8.813363 -12.164322
v 87.692535 7.775416 -12.935140
v 87.795044 7.654900 -12.847122
v 87.833656 7.805030 -12.753810
v 87.680206 8.121614 -12.543751
v 87.500351 8.833521 -12.112566
v 87.920395 8.234426 -12.678912
v 87.784546 8.975176 -12.269932
v 88.041931 7.782508 -12.884911
v 88.109657 7.991014 -12.998984
v 88.069191 8.383729 -12.889285
v 87.963486 9.145599 -12.523968
v 88.030342 8.438282 -13.073649
v 87.909981 9.242471 -12.729998
v 88.121765 7.875062 -13.137352
v 87.968536 7.961399 -13.180315
v 87.840637 8.419085 -13.119759
v 87.682800 9.222313 -12.781754
v 87.607147 8.282887 -12.994799
v 87.398605 9.080658 -12.624388
v 87.874878 7.747453 -13.099563
v 87.564079 9.899882 -11.348076
v 87.771660 10.206513 -11.350380
v 87.627708 10.432154 -11.341269
v 87.406235 10.005405 -11.343037
v 87.935211 10.149965 -11.677752
v 87.858688 10.310291 -11.744956
v 87.703339 10.271208 -11.846810
v 87.488976 10.354324 -11.556484
v 87.332207 10.021124 -11.517135
v 88.197433 7.271954 -13.097147
v 87.652489 9.950096 -12.272079
v 87.362152 9.818439 -12.105764
v 87.182800 9.633600 -11.854856
v 87.941360 9.849027 -12.023550
v 87.884071 9.966659 -12.221830
v 87.471672 9.532532 -11.606327
v 87.759659 9.679360 -11.763770
v 87.237747 9.531140 -11.647703
v 86.971161 9.509919 -10.290857
v 86.910118 8.859344 -9.892510
v 87.070892 8.876628 -9.841639
v 87.162041 9.528534 -10.227133
v 86.963303 8.476487 -9.744326
v 87.092842 8.402513 -9.697181
v 87.150261 8.487750 -9.815002
v 87.181755 8.812455 -9.952633
v 87.292313 9.426309 -10.342978
v 87.164024 8.659018 -10.158458
v 87.271713 9.249510 -10.592176
v 87.146500 8.295512 -9.907921
v 87.053947 8.295708 -10.100376
v 87.046021 8.541803 -10.354819
v 87.130699 9.104065 -10.821831
v 86.884850 8.505674 -10.392874
v 86.939827 9.085448 -10.885555
v 86.978828 8.175179 -10.034996
v 86.866989 8.284445 -10.029697
v 86.774384 8.588693 -10.294697
v 86.809555 9.187675 -10.769711
v 86.791718 8.723284 -10.076055
v 86.830139 9.364474 -10.520514
v 86.925179 8.282179 -9.824255
v 87.685532 10.202162 -11.072319
v 87.716125 10.213142 -11.390640
v 87.621094 10.401651 -11.485424
v 87.603386 10.344234 -11.074327
v 87.556030 9.943932 -11.456047
v 87.445496 10.029416 -11.542145
v 87.312370 10.058237 -11.450737
v 87.419083 10.352497 -11.384166
v 87.441879 10.316467 -11.067009
v 87.149384 7.883309 -9.631503
v 87.037880 9.755411 -11.234137
v 87.060608 9.944274 -10.988471
v 87.201775 10.082216 -10.748508
v 87.360123 9.652073 -11.273352
v 87.169556 9.648321 -11.349581
v 87.524017 9.978878 -10.787722
v 87.504044 9.802073 -11.042432
v 87.395096 10.098025 -10.681322
v 88.655159 11.137596 -12.863629
v 89.593750 11.311547 -13.157103
v 89.633293 11.093913 -13.155043
v 88.705780 10.878780 -12.864545
v 90.132500 11.335007 -13.189185
v 90.273567 11.189120 -13.166849
v 90.135712 11.128517 -13.029183
v 89.692719 11.019989 -12.955221
v 88.814163 10.796666 -12.638580
v 89.789764 11.165324 -12.668460
v 88.920990 10.968345 -12.293876
v 90.329796 11.233113 -12.858736
v 90.227501 11.409334 -12.668623
v 89.822083 11.415752 -12.447071
v 88.968185 11.267872 -12.033565
v 89.810593 11.636345 -12.458576
v 88.917564 11.526689 -12.032649
v 90.382225 11.521541 -12.740029
v 90.224289 11.615823 -12.828626
v 89.723114 11.707312 -12.648952
v 88.809181 11.608803 -12.258614
v 89.654121 11.564933 -12.945157
v 88.702362 11.437124 -12.603318
v 90.325996 11.477547 -13.048141
v 87.668907 10.286789 -11.849476
v 87.531967 10.352330 -11.460491
v 87.240776 10.431338 -11.447893
v 87.475456 10.335840 -11.927217
v 87.792336 10.664391 -11.364647
v 87.625931 10.796186 -11.336145
v 87.595856 10.916260 -11.510794
v 87.292442 10.659393 -11.638663
v 87.472435 10.538659 -11.995623
v 90.944611 11.285029 -13.055688
v 87.985054 11.284381 -11.788983
v 87.862656 11.106965 -12.132411
v 87.828850 10.806506 -12.402560
v 88.173584 10.944881 -11.572567
v 88.099854 11.202172 -11.561347
v 88.017380 10.467008 -12.186144
v 88.122093 10.639791 -11.834607
v 87.884903 10.544584 -12.405671
v 86.640518 10.004622 -9.662205
v 86.468544 9.380278 -8.916285
v 86.682686 9.376893 -8.871519
v 86.894791 9.999519 -9.604227
v 86.467239 8.957532 -8.589479
v 86.620056 8.850806 -8.511795
v 86.695419 8.895409 -8.693615
v 86.791397 9.229136 -8.990755
v 87.018341 9.798814 -9.716022
v 86.703285 8.973089 -9.183134
v 86.914879 9.499421 -9.952478
v 86.632149 8.630047 -8.733125
v 86.487663 8.584555 -8.963419
v 86.498596 8.791039 -9.371000
v 86.669731 9.277205 -10.168751
v 86.281380 8.776440 -9.392681
v 86.415451 9.282307 -10.226728
v 86.374123 8.482827 -8.831181
v 86.259476 8.646678 -8.859283
v 86.175743 8.942180 -9.296530
v 86.291901 9.483012 -10.114931
v 86.260780 9.180243 -9.081066
v 86.395363 9.782405 -9.878477
v 86.362030 8.703586 -8.609852
v 87.590729 10.364862 -10.940269
v 87.585861 10.253502 -11.337964
v 87.496529 10.472035 -11.520958
v 87.520172 10.557773 -10.992109
v 87.311371 9.946872 -11.303063
v 87.179588 10.048184 -11.434402
v 87.031693 10.151983 -11.324020
v 87.244896 10.503560 -11.363513
v 87.311050 10.569974 -10.961226
v 86.579079 8.232167 -8.233839
v 86.645836 9.938422 -10.921526
v 86.754318 10.250532 -10.694233
v 86.999382 10.467413 -10.462390
v 87.022293 9.713198 -10.951913
v 86.770081 9.731606 -11.031040
v 87.375839 10.242188 -10.492778
v 87.272346 9.940608 -10.736048
v 87.256584 10.459534 -10.399240
v 86.590324 8.670774 -11.451872
v 86.618469 7.724898 -11.628677
v 86.758789 7.700730 -11.469945
v 86.756134 8.637516 -11.262068
v 86.772530 7.241048 -11.744106
v 86.921371 7.133533 -11.673262
v 87.002571 7.312644 -11.670811
v 86.959953 7.733833 -11.532382
v 86.997269 8.638983 -11.342567
v 87.108398 7.760152 -11.818838
v 87.173988 8.679322 -11.682481
v 87.128372 7.208574 -11.884134
v 87.122269 7.367830 -12.100383
v 87.128639 7.811608 -12.137792
v 87.198112 8.731584 -12.063383
v 86.989990 7.807329 -12.299715
v 87.032303 8.764842 -12.253188
v 87.063057 7.198860 -12.181773
v 86.892227 7.296233 -12.173677
v 86.787163 7.802672 -12.234089
v 86.791168 8.763374 -12.172688
v 86.640373 7.747905 -11.950823
v 86.614449 8.723036 -11.832774
v 86.856056 7.123819 -11.970900
v 87.431053 9.982297 -11.127462
v 87.613449 10.257882 -11.357239
v 87.474258 10.513480 -11.363187
v 87.281174 10.117039 -11.082666
v 87.591995 10.056502 -11.705089
v 87.477394 10.207506 -11.786870
v 87.277420 10.157096 -11.779819
v 87.229935 10.380520 -11.448345
v 87.116470 10.082890 -11.202193
v 87.179176 6.589757 -11.949476
v 87.011200 9.688025 -11.998173
v 86.833168 9.662029 -11.651200
v 86.807510 9.594113 -11.267157
v 87.421761 9.626898 -11.891628
v 87.255798 9.684586 -12.080858
v 87.218071 9.532987 -11.160612
v 87.398132 9.577913 -11.504587
v 86.975510 9.555357 -11.074930
v 86.959480 9.863184 -12.430795
v 87.031784 9.566092 -12.903521
v 87.062485 9.466362 -12.835238
v 86.995216 9.742651 -12.351435
v 87.148056 9.396620 -13.128252
v 87.207634 9.298203 -13.124833
v 87.247231 9.349786 -13.029961
v 87.183411 9.464305 -12.804879
v 87.142097 9.727819 -12.333851
v 87.336990 9.558846 -12.862459
v 87.324532 9.843373 -12.398043
v 87.370880 9.369907 -13.124765
v 87.423866 9.517767 -13.128137
v 87.432343 9.701047 -12.943243
v 87.438484 10.009689 -12.498589
v 87.403671 9.790837 -13.024878
v 87.402748 10.130222 -12.577949
v 87.416725 9.497053 -13.241051
v 87.324692 9.564601 -13.226428
v 87.280716 9.802834 -13.041883
v 87.255867 10.145054 -12.595531
v 87.129173 9.698353 -12.997656
v 87.073433 10.029500 -12.531340
v 87.253479 9.425348 -13.241119
v 87.295311 10.071049 -11.588147
v 87.448639 10.231764 -11.510212
v 87.375076 10.359175 -11.424544
v 87.203934 10.134218 -11.540831
v 87.532822 10.296925 -11.720160
v 87.493492 10.409592 -11.701773
v 87.388206 10.426762 -11.758190
v 87.272331 10.390052 -11.556576
v 87.150696 10.200885 -11.626178
v 87.421547 9.149225 -13.411202
v 87.313408 10.386236 -12.087681
v 87.128250 10.273623 -12.015009
v 87.012833 10.100378 -11.920612
v 87.498970 10.240038 -12.003981
v 87.462730 10.369715 -12.072370
v 87.198387 9.954180 -11.836912
v 87.383591 10.072445 -11.899833
v 87.049110 9.976355 -11.842472
v 87.145920 11.086617 -10.967091
v 87.225677 11.342165 -10.605580
v 87.314667 11.366535 -10.643201
v 87.251945 11.117561 -11.010810
v 87.321121 11.439275 -10.403908
v 87.407265 11.465244 -10.384884
v 87.423340 11.391780 -10.437709
v 87.385384 11.300072 -10.620646
v 87.339706 11.048841 -10.969738
v 87.396072 11.184717 -10.523383
v 87.351685 10.908873 -10.857181
v 87.450584 11.343387 -10.325134
v 87.394310 11.233393 -10.302959
v 87.344467 11.076851 -10.430739
v 87.290985 10.783070 -10.743630
v 87.258591 11.060591 -10.382915
v 87.184959 10.752127 -10.699912
v 87.372894 11.277752 -10.225372
v 87.292084 11.280889 -10.269158
v 87.184761 11.118944 -10.415673
v 87.097198 10.820847 -10.740984
v 87.177185 11.242410 -10.502733
v 87.085220 10.960815 -10.853540
v 87.329575 11.399610 -10.285122
v 87.420143 10.585229 -11.442817
v 87.429001 10.397354 -11.441772
v 87.342690 10.338853 -11.529131
v 87.350601 10.582158 -11.509614
v 87.381104 10.372253 -11.261625
v 87.303009 10.322512 -11.288717
v 87.225075 10.379271 -11.286997
v 87.238777 10.405909 -11.472703
v 87.264114 10.592246 -11.468188
v 87.525085 11.518114 -10.103704
v 87.123962 10.524020 -11.080229
v 87.111160 10.661479 -11.199800
v 87.173370 10.793552 -11.309536
v 87.321854 10.494387 -11.072421
v 87.213318 10.455643 -11.036656
v 87.371262 10.763918 -11.301727
v 87.383469 10.620701 -11.189055
v 87.281311 10.826536 -11.352198
v 98.580688 11.091331 -8.453316
v 98.760185 10.262228 -7.814653
v 98.703888 10.116468 -7.990448
v 98.516579 10.913892 -8.660759
v 98.706558 9.782465 -7.503411
v 98.627808 9.587335 -7.556746
v 98.496719 9.715551 -7.672666
v 98.472511 10.076832 -8.004706
v 98.248245 10.832870 -8.653123
v 98.193283 10.137407 -7.790572
v 97.913605 10.912968 -8.403816
v 98.311508 9.638424 -7.454618
v 98.172157 9.868780 -7.330862
v 98.015099 10.292784 -7.522990
v 97.703636 11.089987 -8.079580
v 98.076958 10.412449 -7.330211
v 97.767746 11.267427 -7.872138
v 98.243607 9.768723 -7.152131
v 98.381996 9.935694 -7.161608
v 98.302773 10.478180 -7.332937
v 98.036087 11.348448 -7.879773
v 98.587570 10.391510 -7.530087
v 98.370720 11.268352 -8.129081
v 98.559906 9.717634 -7.254260
v 97.521828 11.803719 -9.658339
v 97.160072 12.059899 -9.633502
v 97.213921 12.364678 -9.719000
v 97.645256 11.982321 -9.727087
v 97.085411 12.009758 -9.198730
v 97.113205 12.233512 -9.166762
v 97.323807 12.276769 -9.092060
v 97.450706 12.385422 -9.503456
v 97.760223 12.070728 -9.551668
v 98.420403 9.062535 -7.093050
v 97.623444 12.043477 -8.574639
v 97.958168 11.974756 -8.837496
v 98.175758 11.782722 -9.156298
v 97.295151 11.757029 -8.757960
v 97.352280 11.957079 -8.563426
v 97.847466 11.496274 -9.339620
v 97.506409 11.580585 -9.089758
v 98.112305 11.598262 -9.363828
v 97.521194 11.471927 -11.200943
v 97.640266 10.714762 -11.667355
v 97.454865 10.659230 -11.622198
v 97.300041 11.403297 -11.150772
v 97.676567 10.249818 -11.801756
v 97.562599 10.108543 -11.775380
v 97.538338 10.200402 -11.618620
v 97.443336 10.566232 -11.446959
v 97.290115 11.262148 -10.960730
v 97.644135 10.446135 -11.256476
v 97.528442 11.126122 -10.729194
v 97.679482 10.011081 -11.535419
v 97.874039 10.085154 -11.396337
v 97.916451 10.403807 -11.133685
v 97.853416 11.068762 -10.587739
v 98.103310 10.436612 -11.192829
v 98.074570 11.137391 -10.637911
v 97.959984 9.972115 -11.512248
v 98.012268 10.134569 -11.579472
v 98.113380 10.552337 -11.354082
v 98.084496 11.278541 -10.827953
v 97.914040 10.649708 -11.558550
v 97.846169 11.414567 -11.059488
v 97.843109 10.069577 -11.752209
v 96.995094 12.084866 -9.957118
v 97.141998 12.145161 -9.617239
v 97.200272 12.405906 -9.570046
v 97.009476 12.272374 -9.997869
v 97.446495 11.929895 -9.658223
v 97.559792 12.083444 -9.633476
v 97.618675 12.150767 -9.803736
v 97.351913 12.414433 -9.794639
v 97.167274 12.305737 -10.102631
v 97.702812 9.510066 -11.830427
v 97.884468 11.891237 -10.198837
v 97.640823 12.040162 -10.425010
v 97.313202 12.087360 -10.577105
v 97.653801 11.657156 -9.971843
v 97.875168 11.744167 -10.008569
v 97.082535 11.853279 -10.350111
v 97.323410 11.718051 -10.112651
v 97.089066 12.014046 -10.529092
v 98.395119 11.991665 -11.589000
v 98.919807 11.168051 -12.234960
v 98.695755 11.038131 -12.248422
v 98.129707 11.834451 -11.610009
v 99.151436 10.620593 -12.453534
v 99.047981 10.406130 -12.477919
v 98.942421 10.482505 -12.277309
v 98.658783 10.881395 -12.045155
v 98.105522 11.614450 -11.394106
v 98.887131 10.745316 -11.754717
v 98.372856 11.460005 -11.041679
v 99.151169 10.265337 -12.150768
v 99.325775 10.382722 -11.900806
v 99.199066 10.740769 -11.514534
v 98.748795 11.447016 -10.762338
v 99.436256 10.845388 -11.521158
v 99.014198 11.604230 -10.741328
v 99.501785 10.288010 -12.032227
v 99.534798 10.520811 -12.077031
v 99.460091 11.027424 -11.704340
v 99.038383 11.824231 -10.957232
v 99.244888 11.138203 -12.014863
v 98.771049 11.978676 -11.309658
v 99.398598 10.428802 -12.359377
v 97.183640 12.360670 -10.125464
v 97.244179 12.405874 -9.641774
v 97.219429 12.740223 -9.527964
v 97.154221 12.609156 -10.146525
v 97.699127 12.226497 -9.619198
v 97.782661 12.445581 -9.529317
v 97.884537 12.581877 -9.713798
v 97.470215 12.839130 -9.757105
v 97.369049 12.716049 -10.220065
v 99.426064 9.702383 -12.579861
v 98.411285 12.409973 -10.154064
v 98.131729 12.578087 -10.499838
v 97.758919 12.579776 -10.794772
v 98.133812 12.005027 -9.978861
v 98.389671 12.182640 -9.938464
v 97.481445 12.174829 -10.619570
v 97.749908 12.020853 -10.258747
v 97.491966 12.416300 -10.820122
v 97.955460 12.948966 -8.949154
v 98.306419 12.851364 -8.567777
v 98.363800 12.779606 -8.639928
v 98.026039 12.863876 -9.033861
v 98.471954 12.724979 -8.372801
v 98.536034 12.638605 -8.380404
v 98.455750 12.609123 -8.445935
v 98.320488 12.671122 -8.639335
v 97.988838 12.730568 -9.018297
v 98.208015 12.582077 -8.535065
v 97.851402 12.625327 -8.897568
v 98.425064 12.524676 -8.329374
v 98.284470 12.532494 -8.286586
v 98.079102 12.563125 -8.414757
v 97.701447 12.601985 -8.750910
v 98.032959 12.631586 -8.332124
v 97.630867 12.687075 -8.666203
v 98.333282 12.547894 -8.191772
v 98.300682 12.648350 -8.213451
v 98.065041 12.743367 -8.343199
v 97.668060 12.820383 -8.681767
v 98.188736 12.829116 -8.436987
v 97.805496 12.925624 -8.802496
v 98.444252 12.661823 -8.242801
v 97.459084 12.611678 -9.581491
v 97.255768 12.526375 -9.585357
v 97.148506 12.621848 -9.654736
v 97.421555 12.705190 -9.632883
v 97.228775 12.508638 -9.367221
v 97.140785 12.579570 -9.371658
v 97.173195 12.683919 -9.342668
v 97.188011 12.740067 -9.555424
v 97.403503 12.786960 -9.556938
v 98.670036 12.445225 -8.104280
v 97.315392 12.782024 -9.074756
v 97.448997 12.889388 -9.203101
v 97.606857 12.912428 -9.345927
v 97.360451 12.559218 -9.133470
v 97.279465 12.646368 -9.056924
v 97.651917 12.689622 -9.404641
v 97.511002 12.582791 -9.283896
v 97.680534 12.825811 -9.430074
v 99.128845 10.742373 -9.255457
v 99.569351 9.576620 -8.876408
v 99.391075 9.450022 -9.064651
v 98.920280 10.586455 -9.480198
v 99.620888 8.919004 -8.628719
v 99.479897 8.700485 -8.685991
v 99.290108 8.886191 -8.703648
v 99.126839 9.408235 -8.956655
v 98.622650 10.489529 -9.337582
v 98.951118 9.425171 -8.555797
v 98.408981 10.520776 -8.863171
v 99.200340 8.736552 -8.384794
v 99.148567 8.979940 -8.119842
v 98.927353 9.540358 -8.133876
v 98.385139 10.646838 -8.357964
v 99.117668 9.631109 -7.936957
v 98.593712 10.802755 -8.133223
v 99.312340 8.811462 -7.994902
v 99.479347 9.012753 -8.044914
v 99.369865 9.708744 -8.053629
v 98.891342 10.899682 -8.275839
v 99.557625 9.655959 -8.445811
v 99.105003 10.868435 -8.750249
v 99.591904 8.775394 -8.296098
v 97.403427 11.927980 -9.758640
v 97.058685 12.230671 -9.465127
v 97.109886 12.618026 -9.514915
v 97.522736 12.159286 -9.860144
v 97.213097 12.054040 -8.973623
v 97.290703 12.312969 -8.903101
v 97.566528 12.342956 -8.934329
v 97.489563 12.582898 -9.417222
v 97.756859 12.216896 -9.719345
v 99.443497 7.949072 -8.199385
v 98.148827 11.921954 -8.612501
v 98.356544 11.907973 -9.098642
v 98.389694 11.762419 -9.605983
v 97.652596 11.631143 -8.686110
v 97.849403 11.817651 -8.465740
v 97.893463 11.471607 -9.679592
v 97.673706 11.507797 -9.199935
v 98.180855 11.598120 -9.832837
v 97.455437 12.560750 -9.505319
v 97.480003 12.566857 -9.590333
v 97.403877 12.644928 -9.591081
v 97.387085 12.614481 -9.487733
v 97.457115 12.560749 -9.675814
v 97.389122 12.614482 -9.694740
v 97.305733 12.639196 -9.677302
v 97.296204 12.662106 -9.592140
v 97.304054 12.639196 -9.506807
v 94.035912 0.036188 -9.242222
v 93.949501 -0.009535 -9.625051
v 94.421608 -0.105484 -9.620409
v 94.416969 -0.009533 -9.148298
v 94.043427 0.036188 -10.006109
v 94.426254 -0.009533 -10.092522
v 94.807312 0.036187 -9.998596
v 94.893723 -0.009534 -9.615767
v 94.799797 0.036187 -9.234711
v 96.506653 11.257811 -9.442776
v 96.455643 11.284404 -9.600407
v 96.343292 11.083688 -9.601511
v 96.396835 11.057136 -9.437675
v 96.509743 11.257811 -9.757004
v 96.400047 11.057134 -9.764264
v 96.292412 10.847185 -9.771246
v 96.232910 10.873219 -9.602596
v 96.289085 10.847185 -9.432810
v 96.650490 11.186897 -9.814543
v 96.547722 10.986326 -9.824053
v 96.790077 11.115984 -9.754247
v 96.694183 10.915517 -9.761371
v 96.600876 10.708336 -9.768212
v 96.447266 10.777760 -9.833186
v 96.841087 11.089391 -9.596616
v 96.747726 10.888965 -9.597534
v 96.786987 11.115984 -9.440019
v 96.690971 10.915519 -9.434781
v 96.597549 10.708336 -9.429776
v 96.657051 10.682301 -9.598426
v 96.646240 11.186897 -9.382480
v 96.543304 10.986326 -9.374992
v 96.442688 10.777760 -9.367836
v 96.695580 11.598893 -9.451685
v 96.648293 11.624143 -9.598512
v 96.556725 11.462768 -9.599412
v 96.605705 11.436693 -9.447433
v 96.698456 11.598893 -9.744381
v 96.608688 11.436693 -9.750399
v 96.828934 11.531553 -9.797984
v 96.743828 11.367166 -9.805882
v 96.958336 11.464218 -9.741825
v 96.877846 11.297639 -9.747752
v 97.005623 11.438967 -9.594997
v 96.926826 11.271564 -9.595773
v 96.955460 11.464217 -9.449129
v 96.874870 11.297639 -9.444786
v 96.824982 11.531554 -9.395527
v 96.739731 11.367166 -9.389303
v 96.862732 11.900515 -9.459601
v 96.818535 11.924117 -9.596837
v 96.735031 11.776984 -9.597659
v 96.780746 11.752573 -9.455718
v 96.865425 11.900515 -9.733179
v 96.783531 11.752573 -9.738673
v 96.987381 11.837576 -9.783279
v 96.909668 11.687477 -9.790491
v 97.108330 11.774637 -9.730790
v 97.034760 11.622381 -9.736203
v 97.152527 11.751034 -9.593553
v 97.080475 11.597969 -9.594261
v 97.105637 11.774636 -9.457212
v 97.031975 11.622380 -9.453247
v 96.983681 11.837575 -9.407110
v 96.905838 11.687476 -9.401428
v 97.019745 12.183842 -9.467036
v 96.978455 12.205894 -9.595265
v 96.899529 12.066833 -9.596042
v 96.942261 12.044014 -9.463367
v 97.022263 12.183842 -9.722656
v 96.944862 12.044014 -9.727849
v 97.136215 12.125033 -9.769469
v 97.062759 11.983168 -9.776285
v 97.249222 12.066228 -9.720425
v 97.179688 11.922320 -9.725540
v 97.290520 12.044173 -9.592196
v 97.222412 11.899506 -9.592866
v 97.246704 12.066228 -9.464806
v 97.177086 11.922320 -9.461058
v 97.132759 12.125033 -9.417992
v 97.059181 11.983169 -9.412622
v 97.169823 12.454641 -9.474144
v 97.131294 12.475213 -9.593761
v 97.055634 12.341887 -9.594506
v 97.095528 12.320583 -9.470626
v 97.172165 12.454640 -9.712599
v 97.097954 12.320582 -9.717578
v 97.278465 12.399782 -9.756269
v 97.208046 12.263770 -9.762803
v 97.383881 12.344924 -9.710517
v 97.317215 12.206956 -9.715422
v 97.422409 12.324352 -9.590899
v 97.357117 12.185653 -9.591541
v 97.381538 12.344924 -9.472062
v 97.314789 12.206956 -9.468470
v 97.275238 12.399782 -9.428393
v 97.204704 12.263771 -9.423244
v 97.207565 12.596589 -9.593012
v 97.242577 12.576070 -9.482085
v 97.244751 12.576070 -9.703228
v 97.344070 12.526624 -9.743745
v 97.441093 12.474318 -9.701298
v 97.477585 12.456657 -9.590357
v 97.438919 12.474318 -9.480154
v 97.341080 12.526623 -9.439624
v 95.765228 9.597158 -9.410942
v 95.698334 9.623167 -9.607854
v 95.600197 9.385443 -9.608819
v 95.669235 9.360069 -9.406939
v 95.769089 9.597159 -9.803411
v 95.673195 9.360070 -9.809302
v 95.579185 9.109201 -9.815421
v 95.503700 9.133457 -9.609768
v 95.575127 9.109201 -9.402670
v 95.953346 9.527804 -9.875195
v 95.863319 9.292409 -9.882883
v 96.136154 9.458447 -9.799802
v 96.051964 9.224747 -9.805577
v 95.970955 8.979834 -9.811568
v 95.775833 9.044518 -9.890885
v 96.203049 9.432441 -9.602890
v 96.121002 9.199375 -9.603697
v 96.132294 9.458447 -9.407332
v 96.048004 9.224747 -9.403214
v 95.966896 8.979834 -9.398817
v 96.042381 8.955576 -9.604470
v 95.948036 9.527803 -9.335549
v 95.857880 9.292410 -9.329633
v 95.770248 9.044517 -9.323354
v 95.943100 10.030247 -9.418336
v 95.879532 10.055626 -9.606072
v 95.791214 9.844971 -9.606940
v 95.856331 9.819061 -9.414718
v 95.946777 10.030247 -9.792522
v 95.860100 9.819062 -9.797845
v 96.121895 9.962570 -9.860967
v 96.039474 9.749972 -9.867924
v 96.295631 9.894896 -9.789091
v 96.217430 9.680883 -9.794331
v 96.359200 9.869515 -9.601355
v 96.282547 9.654973 -9.602108
v 96.291946 9.894896 -9.414905
v 96.213661 9.680882 -9.411204
v 96.116829 9.962571 -9.346460
v 96.034294 9.749971 -9.341125
v 96.111031 10.438912 -9.425314
v 96.050613 10.463651 -9.604389
v 95.965576 10.260846 -9.605226
v 96.027641 10.235991 -9.421860
v 96.114540 10.438913 -9.782242
v 96.031235 10.235991 -9.787334
v 96.280983 10.372948 -9.847536
v 96.202194 10.169714 -9.854187
v 96.446114 10.306980 -9.778981
v 96.371811 10.103436 -9.783986
v 96.506531 10.282244 -9.599906
v 96.433876 10.078585 -9.600620
v 96.442604 10.306982 -9.422053
v 96.368217 10.103436 -9.418510
v 96.276161 10.372946 -9.356760
v 96.197258 10.169714 -9.351660
v 96.137039 10.666618 -9.603539
v 96.195518 10.641353 -9.428802
v 96.198944 10.641354 -9.777093
v 96.360092 10.573982 -9.840818
v 96.519951 10.506610 -9.773935
v 96.578430 10.481346 -9.599198
v 96.516533 10.506610 -9.425646
v 96.355377 10.573981 -9.361920
v 95.072151 7.452124 -9.373228
v 94.987259 7.475199 -9.614847
v 94.891357 7.153588 -9.615789
v 94.979012 7.131926 -9.367691
v 95.076889 7.452125 -9.854749
v 94.983871 7.131927 -9.862116
v 94.898376 6.796425 -9.868944
v 94.803009 6.815851 -9.616658
v 94.893394 6.796425 -9.362546
v 95.310471 7.390594 -9.942746
v 95.225006 7.074160 -9.952458
v 95.542274 7.329063 -9.850172
v 95.464325 7.016394 -9.857391
v 95.393730 6.692822 -9.864073
v 95.146988 6.744623 -9.961458
v 95.627174 7.305990 -9.608554
v 95.551971 6.994732 -9.609293
v 95.537544 7.329063 -9.368651
v 95.459457 7.016394 -9.362967
v 95.388748 6.692822 -9.357676
v 95.484116 6.673396 -9.609961
v 95.303963 7.390594 -9.280655
v 95.218323 7.074160 -9.272625
v 95.140137 6.744624 -9.265162
v 95.245415 8.033908 -9.383628
v 95.165009 8.056737 -9.613098
v 95.078552 7.774148 -9.613949
v 95.161064 7.750851 -9.378549
v 95.249916 8.033907 -9.840944
v 95.165680 7.750851 -9.847680
v 95.471161 7.973032 -9.924524
v 95.392723 7.688722 -9.933418
v 95.690727 7.912153 -9.836609
v 95.618034 7.626593 -9.843232
v 95.771126 7.889325 -9.607138
v 95.700546 7.603294 -9.607832
v 95.686226 7.912153 -9.379292
v 95.613426 7.626594 -9.374100
v 95.464981 7.973030 -9.295713
v 95.386375 7.688721 -9.288363
v 95.408150 8.579868 -9.393400
v 95.331940 8.602181 -9.611457
v 95.249069 8.331386 -9.612272
v 95.327423 8.309052 -9.388565
v 95.412430 8.579868 -9.827972
v 95.331810 8.309053 -9.834394
v 95.622169 8.520366 -9.907400
v 95.547440 8.249498 -9.915874
v 95.830307 8.460860 -9.823863
v 95.761421 8.189945 -9.830170
v 95.906525 8.438547 -9.605806
v 95.839783 8.167611 -9.606462
v 95.826035 8.460861 -9.389291
v 95.757042 8.189944 -9.384341
v 95.616295 8.520366 -9.309863
v 95.541412 8.249498 -9.302860
v 95.415276 8.870783 -9.610638
v 95.489151 8.847710 -9.398130
v 95.493317 8.847709 -9.821651
v 95.696640 8.786183 -9.899069
v 95.898407 8.724657 -9.817667
v 95.972275 8.701584 -9.605160
v 95.894241 8.724657 -9.394147
v 95.690910 8.786183 -9.316729
v 94.545380 4.693218 -9.339768
v 94.444412 4.708024 -9.620185
v 94.382919 4.326305 -9.620790
v 94.485664 4.311883 -9.335688
v 94.550873 4.693218 -9.898561
v 94.491257 4.311882 -9.903816
v 94.432449 3.916442 -9.909679
v 94.321991 3.930270 -9.621389
v 94.426758 3.916441 -9.330982
v 94.828491 4.653732 -10.000615
v 94.773735 4.273420 -10.007572
v 95.104050 4.614249 -9.893122
v 95.054123 4.234957 -9.898280
v 95.006401 3.842685 -9.904035
v 94.720497 3.879563 -10.015363
v 95.205025 4.599442 -9.612705
v 95.156876 4.220533 -9.613178
v 95.098557 4.614249 -9.334329
v 95.048538 4.234957 -9.330153
v 95.000710 3.842684 -9.325338
v 95.111176 3.828856 -9.613628
v 94.820938 4.653733 -9.232275
v 94.766052 4.273418 -9.226397
v 94.712669 3.879563 -9.219654
v 94.659195 5.413619 -9.347355
v 94.561409 5.428253 -9.619035
v 94.503830 5.073859 -9.619600
v 94.603165 5.059031 -9.343616
v 94.664520 5.413620 -9.888739
v 94.608574 5.059031 -9.893578
v 94.933380 5.374597 -9.987615
v 94.881714 5.019490 -9.994019
v 95.200249 5.335573 -9.883471
v 95.152817 4.979948 -9.888226
v 95.298035 5.320940 -9.611791
v 95.252159 4.965119 -9.612242
v 95.194923 5.335573 -9.342086
v 95.147415 4.979948 -9.338264
v 94.926064 5.374596 -9.243210
v 94.874275 5.019488 -9.237823
v 94.769020 6.108334 -9.354647
v 94.674423 6.123491 -9.617924
v 94.618042 5.776773 -9.618478
v 94.714287 5.762246 -9.351026
v 94.774178 6.108334 -9.879289
v 94.719528 5.762245 -9.883986
v 95.034264 6.067917 -9.975111
v 94.984146 5.723505 -9.981322
v 95.292412 6.027499 -9.874192
v 95.246803 5.684764 -9.878799
v 95.387001 6.012342 -9.610916
v 95.343048 5.670237 -9.611347
v 95.287254 6.027498 -9.349550
v 95.241562 5.684764 -9.345840
v 95.027168 6.067916 -9.253727
v 94.976944 5.723505 -9.248503
v 94.732948 6.470795 -9.617348
v 94.825638 6.453807 -9.358321
v 94.830711 6.453808 -9.874501
v 95.085602 6.408509 -9.968787
v 95.338585 6.363212 -9.869507
v 95.431274 6.346224 -9.610480
v 95.333511 6.363211 -9.353327
v 95.078621 6.408509 -9.259041
v 94.206528 2.232465 -9.306037
v 94.091606 2.244507 -9.623654
v 94.029762 1.788797 -9.624263
v 94.148193 1.778902 -9.297491
v 94.212753 2.232465 -9.938951
v 94.154594 1.778902 -9.948642
v 94.098419 1.351770 -9.968260
v 93.966042 1.358582 -9.624889
v 94.091637 1.351772 -9.278982
v 94.528671 2.200355 -10.054527
v 94.480148 1.752512 -10.067543
v 94.842255 2.168243 -9.932760
v 94.803299 1.726124 -9.942263
v 94.786354 1.315441 -9.961494
v 94.443657 1.333607 -10.094117
v 94.957176 2.156202 -9.615143
v 94.921730 1.716228 -9.615491
v 94.836029 2.168243 -9.299847
v 94.796898 1.726124 -9.291112
v 94.779579 1.315440 -9.272218
v 94.911957 1.308630 -9.615587
v 94.520111 2.200355 -9.184271
v 94.471344 1.752512 -9.172211
v 94.434334 1.333606 -9.146360
v 94.317245 3.094408 -9.319120
v 94.207603 3.107306 -9.622514
v 94.150612 2.683953 -9.623075
v 94.262833 2.671167 -9.312683
v 94.323196 3.094408 -9.923693
v 94.268913 2.671168 -9.931199
v 94.624626 3.060011 -10.034097
v 94.577415 2.637075 -10.044148
v 94.923828 3.025614 -9.917786
v 94.883636 2.602982 -9.925154
v 95.033478 3.012715 -9.614392
v 94.995857 2.590197 -9.614761
v 94.917885 3.025614 -9.313213
v 94.877556 2.602982 -9.306638
v 94.616455 3.060011 -9.202809
v 94.569054 2.637074 -9.193688
v 94.264008 3.522961 -9.621960
v 94.371132 3.509713 -9.325350
v 94.376938 3.509713 -9.916405
v 94.671425 3.474386 -10.024343
v 94.963737 3.439057 -9.910634
v 95.070854 3.425810 -9.614025
v 94.957924 3.439058 -9.319579
v 94.663437 3.474386 -9.211641
v 93.986855 0.629310 -9.194038
v 93.829651 0.630463 -9.626231
v 93.785645 0.262769 -9.626663
v 93.955940 0.267133 -9.163797
v 93.995331 0.629310 -10.055248
v 93.965012 0.267133 -10.086092
v 94.427437 0.626232 -10.212491
v 94.427864 0.262240 -10.256388
v 94.856361 0.623157 -10.046780
v 94.887283 0.266363 -10.077023
v 95.013573 0.622003 -9.614588
v 95.057571 0.261712 -9.614156
v 94.847893 0.623156 -9.185572
v 94.878212 0.266364 -9.154727
v 94.415787 0.626232 -9.028328
v 94.415359 0.262241 -8.984432
v 93.900719 0.986961 -9.625532
v 94.039627 0.983369 -9.243428
v 94.047112 0.983370 -10.004829
v 94.428932 0.973791 -10.143850
v 94.807938 0.964213 -9.997349
v 94.946854 0.960623 -9.615244
v 94.800453 0.964214 -9.235947
v 94.418640 0.973792 -9.096925
v 94.164070 1.281380 -9.386433
v 94.164070 1.281380 -9.386433
v 94.164070 1.281380 -9.386433
v 94.164070 1.281380 -9.386433
v 94.164070 1.281380 -9.386433
v 94.164070 1.281380 -9.386433
v 94.164070 1.281380 -9.386433
v 94.164070 1.281380 -9.386433
v 94.164070 1.281380 -9.386433
v 91.752068 6.768696 -10.124737
v 91.752068 6.768695 -10.124737
v 91.792870 6.700882 -10.112247
v 91.792870 6.700881 -10.112247
v 91.752068 6.768696 -10.124737
v 91.792870 6.700881 -10.112247
v 91.820976 6.624156 -10.103644
v 91.820976 6.624156 -10.103644
v 91.820976 6.624156 -10.103644
v 91.752068 6.768695 -10.124737
v 91.792870 6.700882 -10.112247
v 91.752068 6.768696 -10.124737
v 91.792870 6.700881 -10.112247
v 91.820976 6.624156 -10.103644
v 91.820976 6.624156 -10.103644
v 91.752068 6.768695 -10.124737
v 91.792870 6.700882 -10.112247
v 91.752068 6.768696 -10.124737
v 91.792870 6.700881 -10.112247
v 91.820976 6.624156 -10.103644
v 91.820976 6.624156 -10.103644
v 91.752068 6.768695 -10.124737
v 91.792870 6.700882 -10.112247
v 91.820976 6.624156 -10.103644
v 90.781265 8.244589 -10.421895
v 90.781265 8.244588 -10.421895
v 90.835648 8.181839 -10.405251
v 90.835648 8.181839 -10.405251
v 90.781265 8.244589 -10.421895
v 90.835648 8.181839 -10.405251
v 90.876015 8.122496 -10.392893
v 90.876015 8.122496 -10.392894
v 90.876015 8.122496 -10.392893
v 90.781265 8.244588 -10.421895
v 90.835648 8.181839 -10.405251
v 90.781265 8.244589 -10.421895
v 90.835648 8.181839 -10.405251
v 90.876015 8.122496 -10.392893
v 90.876015 8.122496 -10.392894
v 90.781265 8.244588 -10.421895
v 90.835648 8.181839 -10.405251
v 90.781265 8.244589 -10.421895
v 90.835648 8.181839 -10.405251
v 90.876015 8.122496 -10.392893
v 90.876015 8.122496 -10.392894
v 90.781265 8.244588 -10.421895
v 90.835648 8.181839 -10.405251
v 90.876015 8.122496 -10.392894
v 89.717331 9.411861 -10.747562
v 89.717331 9.411861 -10.747562
v 89.753235 9.389774 -10.736572
v 89.753235 9.389776 -10.736572
v 89.717331 9.411861 -10.747562
v 89.753235 9.389776 -10.736572
v 89.791519 9.349600 -10.724854
v 89.791519 9.349602 -10.724854
v 89.791519 9.349600 -10.724854
v 89.717331 9.411861 -10.747562
v 89.753235 9.389774 -10.736572
v 89.717331 9.411861 -10.747562
v 89.753235 9.389776 -10.736572
v 89.791519 9.349600 -10.724854
v 89.791519 9.349602 -10.724854
v 89.717331 9.411861 -10.747562
v 89.753235 9.389774 -10.736572
v 89.717331 9.411861 -10.747562
v 89.753235 9.389776 -10.736572
v 89.791519 9.349600 -10.724854
v 89.791519 9.349602 -10.724854
v 89.717331 9.411861 -10.747562
v 89.753235 9.389774 -10.736572
v 89.791519 9.349602 -10.724854
v 87.776260 10.454535 -11.341715
v 87.757675 10.464518 -11.347404
v 87.718674 10.485468 -11.359343
v 87.757675 10.464518 -11.347404
v 87.776260 10.454535 -11.341717
v 87.757675 10.464518 -11.347404
v 87.776260 10.454535 -11.341717
v 87.757675 10.464518 -11.347404
v 87.776260 10.454535 -11.341715
v 92.662598 4.091328 -9.846027
v 92.662598 4.091329 -9.846027
v 92.662598 4.091329 -9.846027
v 92.662598 4.091329 -9.846027
v 92.662598 4.091328 -9.846027
v 92.662598 4.091329 -9.846027
v 92.662598 4.091328 -9.846027
v 92.662598 4.091329 -9.846027
v 92.662598 4.091328 -9.846027
v 92.662598 4.091329 -9.846027
v 92.662598 4.091329 -9.846027
v 92.662598 4.091328 -9.846027
v 92.662598 4.091329 -9.846027
v 92.662598 4.091328 -9.846027
v 92.662598 4.091329 -9.846027
v 92.662598 4.091329 -9.846027
v 92.662598 4.091329 -9.846027
v 92.662598 4.091328 -9.846027
v 92.662598 4.091329 -9.846027
v 92.662598 4.091328 -9.846027
v 92.662598 4.091329 -9.846027
v 92.662598 4.091329 -9.846027
v 92.662598 4.091329 -9.846027
v 92.662598 4.091329 -9.846027
v 92.425285 4.805519 -9.918668
v 92.425285 4.805520 -9.918669
v 92.455391 4.714913 -9.909452
v 92.455391 4.714913 -9.909452
v 92.425285 4.805519 -9.918668
v 92.455391 4.714913 -9.909452
v 92.489388 4.612607 -9.899047
v 92.489388 4.612607 -9.899047
v 92.489388 4.612607 -9.899047
v 92.425285 4.805520 -9.918669
v 92.455391 4.714913 -9.909452
v 92.425285 4.805519 -9.918668
v 92.455391 4.714913 -9.909452
v 92.489388 4.612607 -9.899047
v 92.489388 4.612607 -9.899047
v 92.425285 4.805520 -9.918669
v 92.455391 4.714913 -9.909452
v 92.425285 4.805519 -9.918668
v 92.455391 4.714913 -9.909452
v 92.489388 4.612607 -9.899047
v 92.489388 4.612607 -9.899047
v 92.425285 4.805520 -9.918669
v 92.455391 4.714913 -9.909452
v 92.489388 4.612607 -9.899047
v 92.250214 5.332395 -9.972258
v 92.250214 5.332395 -9.972258
v 92.278198 5.248173 -9.963692
v 92.278198 5.248173 -9.963692
v 92.250214 5.332395 -9.972258
v 92.278198 5.248173 -9.963692
v 92.307449 5.160149 -9.954738
v 92.307449 5.160149 -9.954738
v 92.307449 5.160149 -9.954738
v 92.250214 5.332395 -9.972258
v 92.278198 5.248173 -9.963692
v 92.250214 5.332395 -9.972258
v 92.278198 5.248173 -9.963692
v 92.307449 5.160149 -9.954738
v 92.307449 5.160149 -9.954738
v 92.250214 5.332395 -9.972258
v 92.278198 5.248173 -9.963692
v 92.250214 5.332395 -9.972258
v 92.278198 5.248173 -9.963692
v 92.307449 5.160149 -9.954738
v 92.307449 5.160149 -9.954738
v 92.250214 5.332395 -9.972258
v 92.278198 5.248173 -9.963692
v 92.307449 5.160149 -9.954738
v 92.084595 5.830805 -10.022951
v 92.084595 5.830805 -10.022951
v 92.111465 5.749953 -10.014728
v 92.111465 5.749953 -10.014728
v 92.084595 5.830805 -10.022951
v 92.111465 5.749953 -10.014728
v 92.139107 5.666754 -10.006266
v 92.139107 5.666754 -10.006266
v 92.139107 5.666754 -10.006266
v 92.084595 5.830805 -10.022951
v 92.111465 5.749953 -10.014728
v 92.084595 5.830805 -10.022951
v 92.111465 5.749953 -10.014728
v 92.139107 5.666754 -10.006266
v 92.139107 5.666754 -10.006266
v 92.084595 5.830805 -10.022951
v 92.111465 5.749953 -10.014728
v 92.084595 5.830805 -10.022951
v 92.111465 5.749953 -10.014728
v 92.139107 5.666754 -10.006266
v 92.139107 5.666754 -10.006266
v 92.084595 5.830805 -10.022951
v 92.111465 5.749953 -10.014728
v 92.139107 5.666754 -10.006266
v 91.924927 6.311316 -10.071825
v 91.924927 6.311316 -10.071825
v 91.951012 6.232824 -10.063841
v 91.951012 6.232824 -10.063841
v 91.924927 6.311316 -10.071825
v 91.951012 6.232824 -10.063841
v 91.977654 6.152646 -10.055686
v 91.977654 6.152646 -10.055687
v 91.977654 6.152646 -10.055686
v 91.924927 6.311316 -10.071825
v 91.951012 6.232824 -10.063841
v 91.924927 6.311316 -10.071825
v 91.951012 6.232824 -10.063841
v 91.977654 6.152646 -10.055686
v 91.977654 6.152646 -10.055687
v 91.924927 6.311316 -10.071825
v 91.951012 6.232824 -10.063841
v 91.924927 6.311316 -10.071825
v 91.951012 6.232824 -10.063841
v 91.977654 6.152646 -10.055686
v 91.977654 6.152646 -10.055687
v 91.924927 6.311316 -10.071825
v 91.951012 6.232824 -10.063841
v 91.977654 6.152646 -10.055687
v 91.497635 7.161874 -10.202617
v 91.497643 7.161874 -10.202617
v 91.537849 7.099741 -10.190310
v 91.537849 7.099741 -10.190310
v 91.497635 7.161874 -10.202617
v 91.537849 7.099741 -10.190310
v 91.580383 7.034011 -10.177290
v 91.580383 7.034010 -10.177290
v 91.580383 7.034011 -10.177290
v 91.497643 7.161874 -10.202617
v 91.537849 7.099741 -10.190310
v 91.497635 7.161874 -10.202617
v 91.537849 7.099741 -10.190310
v 91.580383 7.034011 -10.177290
v 91.580383 7.034010 -10.177290
v 91.497643 7.161874 -10.202617
v 91.537849 7.099741 -10.190310
v 91.497635 7.161874 -10.202617
v 91.537849 7.099741 -10.190310
v 91.580383 7.034011 -10.177290
v 91.580383 7.034010 -10.177290
v 91.497643 7.161874 -10.202617
v 91.537849 7.099741 -10.190310
v 91.580383 7.034010 -10.177290
v 91.259819 7.529390 -10.275414
v 91.259819 7.529390 -10.275414
v 91.298676 7.469334 -10.263517
v 91.298676 7.469335 -10.263517
v 91.259819 7.529390 -10.275414
v 91.298676 7.469335 -10.263517
v 91.338364 7.408011 -10.251371
v 91.338364 7.408011 -10.251370
v 91.338364 7.408011 -10.251371
v 91.259819 7.529390 -10.275414
v 91.298676 7.469334 -10.263517
v 91.259819 7.529390 -10.275414
v 91.298676 7.469335 -10.263517
v 91.338364 7.408011 -10.251371
v 91.338364 7.408011 -10.251370
v 91.259819 7.529390 -10.275414
v 91.298676 7.469334 -10.263517
v 91.259819 7.529390 -10.275414
v 91.298676 7.469335 -10.263517
v 91.338364 7.408011 -10.251371
v 91.338364 7.408011 -10.251370
v 91.259819 7.529390 -10.275414
v 91.298676 7.469334 -10.263517
v 91.338364 7.408011 -10.251370
v 91.028152 7.887395 -10.346325
v 91.028152 7.887395 -10.346325
v 91.066269 7.828487 -10.334658
v 91.066269 7.828485 -10.334658
v 91.028152 7.887395 -10.346325
v 91.066269 7.828485 -10.334658
v 91.104912 7.768774 -10.322830
v 91.104912 7.768775 -10.322829
v 91.104912 7.768774 -10.322830
v 91.028152 7.887395 -10.346325
v 91.066269 7.828487 -10.334658
v 91.028152 7.887395 -10.346325
v 91.066269 7.828485 -10.334658
v 91.104912 7.768774 -10.322830
v 91.104912 7.768775 -10.322829
v 91.028152 7.887395 -10.346325
v 91.066269 7.828487 -10.334658
v 91.028152 7.887395 -10.346325
v 91.066269 7.828485 -10.334658
v 91.104912 7.768774 -10.322830
v 91.104912 7.768775 -10.322829
v 91.028152 7.887395 -10.346325
v 91.066269 7.828487 -10.334658
v 91.104912 7.768775 -10.322829
v 90.453140 8.610926 -10.522333
v 90.453140 8.610928 -10.522333
v 90.499222 8.559477 -10.508227
v 90.499222 8.559480 -10.508227
v 90.453140 8.610926 -10.522333
v 90.499222 8.559480 -10.508227
v 90.554420 8.497856 -10.491333
v 90.554413 8.497857 -10.491333
v 90.554420 8.497856 -10.491333
v 90.453140 8.610928 -10.522333
v 90.499222 8.559477 -10.508227
v 90.453140 8.610926 -10.522333
v 90.499222 8.559480 -10.508227
v 90.554420 8.497856 -10.491333
v 90.554413 8.497857 -10.491333
v 90.453140 8.610928 -10.522333
v 90.499222 8.559477 -10.508227
v 90.453140 8.610926 -10.522333
v 90.499222 8.559480 -10.508227
v 90.554420 8.497856 -10.491333
v 90.554413 8.497857 -10.491333
v 90.453140 8.610928 -10.522333
v 90.499222 8.559477 -10.508227
v 90.554413 8.497857 -10.491333
v 90.189423 8.905355 -10.603055
v 90.189423 8.905355 -10.603056
v 90.230782 8.859182 -10.590397
v 90.230782 8.859181 -10.590397
v 90.189423 8.905355 -10.603055
v 90.230782 8.859181 -10.590397
v 90.274887 8.809940 -10.576897
v 90.274887 8.809940 -10.576897
v 90.274887 8.809940 -10.576897
v 90.189423 8.905355 -10.603056
v 90.230782 8.859182 -10.590397
v 90.189423 8.905355 -10.603055
v 90.230782 8.859181 -10.590397
v 90.274887 8.809940 -10.576897
v 90.274887 8.809940 -10.576897
v 90.189423 8.905355 -10.603056
v 90.230782 8.859182 -10.590397
v 90.189423 8.905355 -10.603055
v 90.230782 8.859181 -10.590397
v 90.274887 8.809940 -10.576897
v 90.274887 8.809940 -10.576897
v 90.189423 8.905355 -10.603056
v 90.230782 8.859182 -10.590397
v 90.274887 8.809940 -10.576897
v 89.946259 9.176843 -10.677489
v 89.946259 9.176844 -10.677489
v 89.985214 9.133345 -10.665564
v 89.985214 9.133347 -10.665564
v 89.946259 9.176843 -10.677489
v 89.985214 9.133347 -10.665564
v 90.025833 9.087994 -10.653130
v 90.025833 9.087996 -10.653130
v 90.025833 9.087994 -10.653130
v 89.946259 9.176844 -10.677489
v 89.985214 9.133345 -10.665564
v 89.946259 9.176843 -10.677489
v 89.985214 9.133347 -10.665564
v 90.025833 9.087994 -10.653130
v 90.025833 9.087996 -10.653130
v 89.946259 9.176844 -10.677489
v 89.985214 9.133345 -10.665564
v 89.946259 9.176843 -10.677489
v 89.985214 9.133347 -10.665564
v 90.025833 9.087994 -10.653130
v 90.025833 9.087996 -10.653130
v 89.946259 9.176844 -10.677489
v 89.985214 9.133345 -10.665564
v 90.025833 9.087996 -10.653130
v 89.495621 9.530954 -10.815425
v 89.495621 9.530952 -10.815426
v 89.538727 9.507803 -10.802233
v 89.538727 9.507803 -10.802233
v 89.495621 9.530954 -10.815425
v 89.538727 9.507803 -10.802233
v 89.575310 9.488148 -10.791033
v 89.575310 9.488147 -10.791033
v 89.575310 9.488148 -10.791033
v 89.495621 9.530952 -10.815426
v 89.538727 9.507803 -10.802233
v 89.495621 9.530954 -10.815425
v 89.538727 9.507803 -10.802233
v 89.575310 9.488148 -10.791033
v 89.575310 9.488147 -10.791033
v 89.495621 9.530952 -10.815426
v 89.538727 9.507803 -10.802233
v 89.495621 9.530954 -10.815425
v 89.538727 9.507803 -10.802233
v 89.575310 9.488148 -10.791033
v 89.575310 9.488147 -10.791033
v 89.495621 9.530952 -10.815426
v 89.538727 9.507803 -10.802233
v 89.575310 9.488147 -10.791033
v 89.226509 9.675515 -10.897800
v 89.226509 9.675514 -10.897801
v 89.274193 9.649899 -10.883204
v 89.274193 9.649898 -10.883204
v 89.226509 9.675515 -10.897800
v 89.274193 9.649898 -10.883204
v 89.318878 9.625895 -10.869526
v 89.318878 9.625895 -10.869526
v 89.318878 9.625895 -10.869526
v 89.226509 9.675514 -10.897801
v 89.274193 9.649899 -10.883204
v 89.226509 9.675515 -10.897800
v 89.274193 9.649898 -10.883204
v 89.318878 9.625895 -10.869526
v 89.318878 9.625895 -10.869526
v 89.226509 9.675514 -10.897801
v 89.274193 9.649899 -10.883204
v 89.226509 9.675515 -10.897800
v 89.274193 9.649898 -10.883204
v 89.318878 9.625895 -10.869526
v 89.318878 9.625895 -10.869526
v 89.226509 9.675514 -10.897801
v 89.274193 9.649899 -10.883204
v 89.318878 9.625895 -10.869526
v 88.934578 9.832329 -10.987160
v 88.934578 9.832328 -10.987160
v 88.985214 9.805127 -10.971660
v 88.985214 9.805127 -10.971660
v 88.934578 9.832329 -10.987160
v 88.985214 9.805127 -10.971660
v 89.033752 9.779055 -10.956802
v 89.033752 9.779055 -10.956802
v 89.033752 9.779055 -10.956802
v 88.934578 9.832328 -10.987160
v 88.985214 9.805127 -10.971660
v 88.934578 9.832329 -10.987160
v 88.985214 9.805127 -10.971660
v 89.033752 9.779055 -10.956802
v 89.033752 9.779055 -10.956802
v 88.934578 9.832328 -10.987160
v 88.985214 9.805127 -10.971660
v 88.934578 9.832329 -10.987160
v 88.985214 9.805127 -10.971660
v 89.033752 9.779055 -10.956802
v 89.033752 9.779055 -10.956802
v 88.934578 9.832328 -10.987160
v 88.985214 9.805127 -10.971660
v 89.033752 9.779055 -10.956802
v 88.626465 9.997833 -11.081471
v 88.626465 9.997833 -11.081470
v 88.679367 9.969418 -11.065277
v 88.679367 9.969418 -11.065277
v 88.626465 9.997833 -11.081471
v 88.679367 9.969418 -11.065277
v 88.730629 9.941882 -11.049587
v 88.730629 9.941882 -11.049587
v 88.730629 9.941882 -11.049587
v 88.626465 9.997833 -11.081470
v 88.679367 9.969418 -11.065277
v 88.626465 9.997833 -11.081471
v 88.679367 9.969418 -11.065277
v 88.730629 9.941882 -11.049587
v 88.730629 9.941882 -11.049587
v 88.626465 9.997833 -11.081470
v 88.679367 9.969418 -11.065277
v 88.626465 9.997833 -11.081471
v 88.679367 9.969418 -11.065277
v 88.730629 9.941882 -11.049587
v 88.730629 9.941882 -11.049587
v 88.626465 9.997833 -11.081470
v 88.679367 9.969418 -11.065277
v 88.730629 9.941882 -11.049587
v 88.305611 10.170187 -11.179684
v 88.305611 10.170189 -11.179684
v 88.360367 10.140771 -11.162923
v 88.360367 10.140774 -11.162923
v 88.305611 10.170187 -11.179684
v 88.360367 10.140774 -11.162923
v 88.413765 10.112088 -11.146577
v 88.413773 10.112090 -11.146577
v 88.413765 10.112088 -11.146577
v 88.305611 10.170189 -11.179684
v 88.360367 10.140771 -11.162923
v 88.305611 10.170187 -11.179684
v 88.360367 10.140774 -11.162923
v 88.413765 10.112088 -11.146577
v 88.413773 10.112090 -11.146577
v 88.305611 10.170189 -11.179684
v 88.360367 10.140771 -11.162923
v 88.305611 10.170187 -11.179684
v 88.360367 10.140774 -11.162923
v 88.413765 10.112088 -11.146577
v 88.413773 10.112090 -11.146577
v 88.305611 10.170189 -11.179684
v 88.360367 10.140771 -11.162923
v 88.413773 10.112090 -11.146577
v 87.974144 10.348240 -11.281144
v 87.974144 10.348239 -11.281144
v 88.030487 10.317972 -11.263897
v 88.030487 10.317972 -11.263897
v 87.974144 10.348240 -11.281144
v 88.030487 10.317972 -11.263897
v 88.085670 10.288332 -11.247007
v 88.085670 10.288332 -11.247007
v 88.085670 10.288332 -11.247007
v 87.974144 10.348239 -11.281144
v 88.030487 10.317972 -11.263897
v 87.974144 10.348240 -11.281144
v 88.030487 10.317972 -11.263897
v 88.085670 10.288332 -11.247007
v 88.085670 10.288332 -11.247007
v 87.974144 10.348239 -11.281144
v 88.030487 10.317972 -11.263897
v 87.974144 10.348240 -11.281144
v 88.030487 10.317972 -11.263897
v 88.085670 10.288332 -11.247007
v 88.085670 10.288332 -11.247007
v 87.974144 10.348239 -11.281144
v 88.030487 10.317972 -11.263897
v 88.085670 10.288332 -11.247007
v 93.409195 2.694103 -9.617497
v 93.409195 2.694103 -9.617497
v 93.487602 2.547371 -9.593498
v 93.487602 2.547371 -9.593498
v 93.409195 2.694103 -9.617497
v 93.487602 2.547371 -9.593498
v 93.596161 2.344209 -9.560268
v 93.596161 2.344209 -9.560268
v 93.596161 2.344209 -9.560268
v 93.409195 2.694103 -9.617497
v 93.487602 2.547371 -9.593498
v 93.409195 2.694103 -9.617497
v 93.487602 2.547371 -9.593498
v 93.596161 2.344209 -9.560268
v 93.596161 2.344209 -9.560268
v 93.409195 2.694103 -9.617497
v 93.487602 2.547371 -9.593498
v 93.409195 2.694103 -9.617497
v 93.487602 2.547371 -9.593498
v 93.596161 2.344209 -9.560268
v 93.596161 2.344209 -9.560268
v 93.409195 2.694103 -9.617497
v 93.487602 2.547371 -9.593498
v 93.596161 2.344209 -9.560268
v 92.979012 3.499174 -9.749174
v 92.979012 3.499174 -9.749174
v 93.043556 3.378381 -9.729418
v 93.043556 3.378381 -9.729418
v 92.979012 3.499174 -9.749174
v 93.043556 3.378381 -9.729418
v 93.115677 3.243415 -9.707343
v 93.115677 3.243415 -9.707343
v 93.115677 3.243415 -9.707343
v 92.979012 3.499174 -9.749174
v 93.043556 3.378381 -9.729418
v 92.979012 3.499174 -9.749174
v 93.043556 3.378381 -9.729418
v 93.115677 3.243415 -9.707343
v 93.115677 3.243415 -9.707343
v 92.979012 3.499174 -9.749174
v 93.043556 3.378381 -9.729418
v 92.979012 3.499174 -9.749174
v 93.043556 3.378381 -9.729418
v 93.115677 3.243415 -9.707343
v 93.115677 3.243415 -9.707343
v 92.979012 3.499174 -9.749174
v 93.043556 3.378381 -9.729418
v 93.115677 3.243415 -9.707343
v 92.563004 4.391064 -9.876513
v 92.563004 4.391064 -9.876513
v 92.563004 4.391064 -9.876513
v 92.563004 4.391064 -9.876513
v 92.563004 4.391064 -9.876513
v 92.563004 4.391064 -9.876513
v 92.563004 4.391064 -9.876513
v 92.563004 4.391064 -9.876513
v 92.366364 4.982834 -9.936703
v 92.366364 4.982834 -9.936703
v 92.366364 4.982834 -9.936703
v 92.366364 4.982834 -9.936703
v 92.366364 4.982834 -9.936703
v 92.366364 4.982834 -9.936703
v 92.366364 4.982834 -9.936703
v 92.366364 4.982834 -9.936703
v 92.194656 5.499575 -9.989262
v 92.194656 5.499575 -9.989262
v 92.194656 5.499575 -9.989262
v 92.194656 5.499575 -9.989262
v 92.194656 5.499575 -9.989262
v 92.194656 5.499575 -9.989262
v 92.194656 5.499575 -9.989262
v 92.194656 5.499575 -9.989262
v 92.031128 5.991726 -10.039318
v 92.031128 5.991726 -10.039318
v 92.031128 5.991726 -10.039318
v 92.031128 5.991726 -10.039318
v 92.031128 5.991726 -10.039318
v 92.031128 5.991726 -10.039318
v 92.031128 5.991726 -10.039318
v 92.031128 5.991726 -10.039318
v 91.872955 6.467735 -10.087734
v 91.872955 6.467735 -10.087734
v 91.872955 6.467735 -10.087734
v 91.872955 6.467735 -10.087734
v 91.872955 6.467735 -10.087734
v 91.872955 6.467735 -10.087734
v 91.872955 6.467735 -10.087734
v 91.872955 6.467735 -10.087734
v 91.666222 6.901353 -10.151013
v 91.666222 6.901352 -10.151013
v 91.666222 6.901352 -10.151013
v 91.666222 6.901353 -10.151013
v 91.666222 6.901352 -10.151013
v 91.666222 6.901353 -10.151013
v 91.666222 6.901352 -10.151013
v 91.666222 6.901353 -10.151013
v 91.417999 7.284943 -10.226994
v 91.417999 7.284943 -10.226994
v 91.417999 7.284943 -10.226994
v 91.417999 7.284943 -10.226994
v 91.417999 7.284943 -10.226994
v 91.417999 7.284943 -10.226994
v 91.417999 7.284943 -10.226994
v 91.417999 7.284943 -10.226994
v 91.182365 7.649083 -10.299122
v 91.182365 7.649082 -10.299121
v 91.182365 7.649082 -10.299121
v 91.182365 7.649083 -10.299122
v 91.182365 7.649082 -10.299121
v 91.182365 7.649083 -10.299122
v 91.182365 7.649082 -10.299121
v 91.182365 7.649083 -10.299122
v 90.952080 8.004948 -10.369610
v 90.952080 8.004946 -10.369610
v 90.952080 8.004946 -10.369610
v 90.952080 8.004948 -10.369610
v 90.952080 8.004946 -10.369610
v 90.952080 8.004948 -10.369610
v 90.952080 8.004946 -10.369610
v 90.952080 8.004948 -10.369610
v 90.667847 8.371222 -10.456614
v 90.667847 8.371224 -10.456614
v 90.667847 8.371224 -10.456614
v 90.667847 8.371222 -10.456614
v 90.667847 8.371224 -10.456614
v 90.667847 8.371222 -10.456614
v 90.667847 8.371224 -10.456614
v 90.667847 8.371222 -10.456614
v 90.364014 8.710434 -10.549614
v 90.364014 8.710434 -10.549614
v 90.364014 8.710434 -10.549614
v 90.364014 8.710434 -10.549614
v 90.364014 8.710434 -10.549614
v 90.364014 8.710434 -10.549614
v 90.364014 8.710434 -10.549614
v 90.364014 8.710434 -10.549614
v 90.107628 8.996674 -10.628093
v 90.107628 8.996675 -10.628093
v 90.107628 8.996675 -10.628093
v 90.107628 8.996674 -10.628093
v 90.107628 8.996675 -10.628093
v 90.107628 8.996674 -10.628093
v 90.107628 8.996675 -10.628093
v 90.107628 8.996674 -10.628093
v 89.868889 9.263221 -10.701172
v 89.868889 9.263223 -10.701171
v 89.868889 9.263223 -10.701171
v 89.868889 9.263221 -10.701172
v 89.868889 9.263223 -10.701171
v 89.868889 9.263221 -10.701172
v 89.868889 9.263223 -10.701171
v 89.868889 9.263221 -10.701172
v 89.646324 9.450004 -10.769298
v 89.646324 9.450005 -10.769298
v 89.646324 9.450005 -10.769298
v 89.646324 9.450004 -10.769298
v 89.646324 9.450005 -10.769298
v 89.646324 9.450004 -10.769298
v 89.646324 9.450005 -10.769298
v 89.646324 9.450004 -10.769298
v 89.407249 9.578425 -10.842476
v 89.407249 9.578423 -10.842476
v 89.407249 9.578423 -10.842476
v 89.407249 9.578425 -10.842476
v 89.407249 9.578423 -10.842476
v 89.407249 9.578425 -10.842476
v 89.407249 9.578423 -10.842476
v 89.407249 9.578425 -10.842476
v 89.130127 9.727283 -10.927301
v 89.130127 9.727283 -10.927301
v 89.130127 9.727283 -10.927301
v 89.130127 9.727283 -10.927301
v 89.130127 9.727283 -10.927301
v 89.130127 9.727283 -10.927301
v 89.130127 9.727283 -10.927301
v 89.130127 9.727283 -10.927301
v 88.832603 9.887105 -11.018373
v 88.832603 9.887105 -11.018373
v 88.832603 9.887105 -11.018373
v 88.832603 9.887105 -11.018373
v 88.832603 9.887105 -11.018373
v 88.832603 9.887105 -11.018373
v 88.832603 9.887105 -11.018373
v 88.832603 9.887105 -11.018373
v 88.520119 10.054961 -11.114023
v 88.520119 10.054961 -11.114023
v 88.520119 10.054961 -11.114023
v 88.520119 10.054961 -11.114023
v 88.520119 10.054961 -11.114023
v 88.520119 10.054961 -11.114023
v 88.520119 10.054961 -11.114023
v 88.520119 10.054961 -11.114023
v 88.195641 10.229259 -11.213346
v 88.195641 10.229260 -11.213346
v 88.195641 10.229260 -11.213346
v 88.195641 10.229259 -11.213346
v 88.195641 10.229260 -11.213346
v 88.195641 10.229259 -11.213346
v 88.195641 10.229260 -11.213346
v 88.195641 10.229259 -11.213346
v 87.862900 10.407995 -11.315196
v 87.864731 10.407011 -11.314635
v 87.864731 10.407011 -11.314635
v 87.862900 10.407995 -11.315196
v 87.864731 10.407011 -11.314635
v 87.862900 10.407995 -11.315196
v 87.864731 10.407011 -11.314635
v 87.862900 10.407995 -11.315196
v 93.837524 1.892506 -9.486388
v 93.837524 1.892506 -9.486388
v 93.837524 1.892506 -9.486388
v 93.837524 1.892506 -9.486388
v 93.837524 1.892506 -9.486388
v 93.837524 1.892506 -9.486388
v 93.837524 1.892506 -9.486388
v 93.837524 1.892506 -9.486388
v 93.262436 2.968760 -9.662420
v 93.262436 2.968760 -9.662420
v 93.262436 2.968760 -9.662420
v 93.262436 2.968760 -9.662420
v 93.262436 2.968760 -9.662420
v 93.262436 2.968760 -9.662420
v 93.262436 2.968760 -9.662420
v 93.262436 2.968760 -9.662420
v 92.844536 3.750839 -9.790337
v 92.844536 3.750839 -9.790337
v 92.844536 3.750839 -9.790337
v 92.844536 3.750839 -9.790337
v 92.844536 3.750839 -9.790337
v 92.844536 3.750839 -9.790337
v 92.844536 3.750839 -9.790337
v 92.844536 3.750839 -9.790337
v 87.754425 10.113144 -11.477603
v 87.704330 10.115002 -11.404366
v 87.734833 10.219878 -11.404053
v 87.794685 10.191135 -11.490776
v 87.699997 10.128496 -11.316751
v 87.728607 10.209776 -11.295477
v 87.794418 10.269258 -11.298237
v 87.818970 10.285909 -11.381887
v 87.848846 10.253906 -11.459089
v 93.805412 0.036188 -9.917387
v 93.801773 -0.009534 -9.524942
v 93.343292 -0.105484 -9.637681
v 93.456032 -0.009534 -10.096158
v 93.623001 0.036188 -9.175562
v 93.230560 -0.009533 -9.179204
v 92.881180 0.036186 -9.357975
v 92.884819 -0.009534 -9.750420
v 93.063591 0.036187 -10.099800
v 89.157890 9.403770 -11.011263
v 89.142647 9.464634 -10.855768
v 89.331100 9.334297 -10.780996
v 89.342171 9.275129 -10.944398
v 89.059860 9.430140 -10.713941
v 89.245056 9.298456 -10.633593
v 89.429504 9.147433 -10.558537
v 89.518684 9.184567 -10.711288
v 89.523865 9.129055 -10.882874
v 88.951416 9.307943 -10.676412
v 89.126869 9.176142 -10.596642
v 88.879730 9.175857 -10.750380
v 89.045097 9.045084 -10.676246
v 89.205505 8.900364 -10.608772
v 89.299812 9.027346 -10.522841
v 88.894974 9.114995 -10.905872
v 89.056168 8.985914 -10.839646
v 88.977760 9.149487 -11.047701
v 89.142220 9.021758 -10.987053
v 89.299873 8.881987 -10.933109
v 89.210693 8.844851 -10.780359
v 89.086205 9.271685 -11.085230
v 89.260406 9.144072 -11.024001
v 89.429565 9.002075 -10.968805
v 88.843063 9.617315 -11.126685
v 88.826736 9.675803 -10.982655
v 88.975937 9.576328 -10.922695
v 88.992546 9.516029 -11.071888
v 88.749619 9.643672 -10.850544
v 88.896118 9.543071 -10.785950
v 88.651054 9.527788 -10.814659
v 88.793762 9.423396 -10.748930
v 88.587532 9.402020 -10.882326
v 88.727577 9.293583 -10.819137
v 88.603859 9.343533 -11.026357
v 88.744186 9.233284 -10.968328
v 88.680969 9.375664 -11.158467
v 88.824005 9.266542 -11.105076
v 88.779533 9.491549 -11.194352
v 88.926361 9.386215 -11.142096
v 88.565231 9.805491 -11.228523
v 88.549965 9.860160 -11.093901
v 88.685715 9.769735 -11.039337
v 88.701500 9.713196 -11.178572
v 88.477890 9.830126 -10.970419
v 88.611176 9.738673 -10.911621
v 88.385765 9.721813 -10.936877
v 88.515884 9.626645 -10.876932
v 88.326385 9.604259 -11.000126
v 88.454475 9.505064 -10.942347
v 88.341644 9.549592 -11.134748
v 88.470261 9.448523 -11.081583
v 88.413727 9.579623 -11.258230
v 88.544800 9.479584 -11.209298
v 88.505852 9.687939 -11.291771
v 88.640091 9.591613 -11.243988
v 88.304245 9.982254 -11.324185
v 88.289986 10.033334 -11.198400
v 88.418289 9.947869 -11.146828
v 88.433044 9.895020 -11.276974
v 88.222641 10.005272 -11.083023
v 88.348610 9.918836 -11.027452
v 88.136566 9.904068 -11.051684
v 88.259552 9.814120 -10.995025
v 88.081085 9.794231 -11.110780
v 88.202148 9.700478 -11.056170
v 88.095345 9.743153 -11.236566
v 88.216896 9.647625 -11.186316
v 88.162689 9.771213 -11.351942
v 88.286575 9.676661 -11.305693
v 88.248764 9.872417 -11.383282
v 88.375641 9.781374 -11.338120
v 88.054802 10.151199 -11.415617
v 88.041504 10.198849 -11.298278
v 88.164513 10.116911 -11.248833
v 88.178284 10.067563 -11.370355
v 87.978683 10.172672 -11.190649
v 88.099457 10.089802 -11.137369
v 87.898376 10.078263 -11.161414
v 88.016289 9.992027 -11.107093
v 87.846626 9.975802 -11.216541
v 87.962692 9.885916 -11.164185
v 87.859924 9.928152 -11.333881
v 87.976471 9.836569 -11.285706
v 87.922752 9.954331 -11.441509
v 88.041527 9.863679 -11.397169
v 88.003052 10.048739 -11.470744
v 88.124695 9.961452 -11.427446
v 87.923225 10.269953 -11.345085
v 87.936806 10.224829 -11.453396
v 87.866211 10.244745 -11.244761
v 87.790474 10.158105 -11.218138
v 87.743744 10.062168 -11.268773
v 87.754807 10.018869 -11.378109
v 87.814339 10.042253 -11.477408
v 87.887558 10.130719 -11.505057
v 90.405998 8.084930 -10.662639
v 90.414368 8.133843 -10.459013
v 90.576752 7.934493 -10.415017
v 90.567474 7.885279 -10.623965
v 90.310608 8.091240 -10.281971
v 90.469673 7.891750 -10.233702
v 90.629753 7.682025 -10.184753
v 90.740524 7.724586 -10.370495
v 90.730080 7.675383 -10.585090
v 90.143196 7.970403 -10.246044
v 90.296211 7.770353 -10.197371
v 90.011566 7.847200 -10.352865
v 90.159416 7.646529 -10.307387
v 90.306526 7.437323 -10.261698
v 90.449326 7.560919 -10.148162
v 90.003189 7.798289 -10.556492
v 90.150146 7.597315 -10.516336
v 90.106956 7.840891 -10.733533
v 90.257217 7.640059 -10.697651
v 90.406860 7.430681 -10.662033
v 90.296089 7.388120 -10.476293
v 90.274368 7.961729 -10.769461
v 90.430687 7.761456 -10.733982
v 90.587280 7.551787 -10.698626
v 90.107826 8.450590 -10.733992
v 90.115494 8.497643 -10.539937
v 90.261208 8.320333 -10.500485
v 90.253311 8.272211 -10.699188
v 90.016876 8.456604 -10.371059
v 90.160187 8.278370 -10.327582
v 89.858101 8.340277 -10.336576
v 89.997513 8.159410 -10.292306
v 89.733429 8.221695 -10.438195
v 89.869759 8.038141 -10.396382
v 89.725761 8.174643 -10.632251
v 89.861862 7.990020 -10.595085
v 89.824379 8.215681 -10.801129
v 89.962875 8.031982 -10.767988
v 89.983154 8.332008 -10.835611
v 90.125557 8.150944 -10.803264
v 89.825500 8.796527 -10.801649
v 89.830780 8.843681 -10.617181
v 89.973198 8.670727 -10.578484
v 89.965965 8.624485 -10.767942
v 89.736717 8.804532 -10.456090
v 89.876877 8.630642 -10.413537
v 89.587601 8.690962 -10.422468
v 89.722092 8.516697 -10.379766
v 89.471779 8.574389 -10.518433
v 89.600716 8.400443 -10.478898
v 89.466499 8.527234 -10.702902
v 89.593475 8.354202 -10.668356
v 89.560562 8.566383 -10.863993
v 89.689804 8.394286 -10.833302
v 89.709679 8.679954 -10.897614
v 89.844582 8.508230 -10.867073
v 89.683167 9.017869 -10.658582
v 89.682373 8.967056 -10.837206
v 89.591385 8.979661 -10.501388
v 89.450882 8.863329 -10.466995
v 89.344505 8.742270 -10.558536
v 89.343719 8.691458 -10.737160
v 89.435501 8.729666 -10.894354
v 89.576004 8.845998 -10.928745
v 91.675751 6.306940 -10.360810
v 91.690521 6.360513 -10.109749
v 91.870667 6.096190 -10.060228
v 91.854576 6.042691 -10.318335
v 91.558731 6.314655 -9.893766
v 91.734444 6.050524 -9.838647
v 91.909752 5.771063 -9.783603
v 92.050659 5.815947 -10.010587
v 92.032921 5.763150 -10.275705
v 91.341377 6.183528 -9.852967
v 91.508827 5.919769 -9.797407
v 91.167908 6.049507 -9.987309
v 91.328262 5.786080 -9.936049
v 91.486702 5.510582 -9.885292
v 91.675133 5.642306 -9.742178
v 91.153145 5.995934 -10.238371
v 91.312172 5.732579 -10.194155
v 91.284935 6.041791 -10.454353
v 91.448402 5.778245 -10.415735
v 91.609863 5.502671 -10.377395
v 91.468956 5.457788 -10.150411
v 91.502289 6.172920 -10.495152
v 91.674011 5.908999 -10.456976
v 91.844482 5.631428 -10.418819
v 91.347229 6.786995 -10.438642
v 91.360832 6.838560 -10.200316
v 91.521194 6.606135 -10.156265
v 91.507187 6.553331 -10.400763
v 91.236061 6.794363 -9.995080
v 91.393150 6.560884 -9.945742
v 91.030716 6.668065 -9.956033
v 91.182358 6.431554 -9.905724
v 90.867058 6.539003 -10.083321
v 91.014328 6.299395 -10.036341
v 90.853455 6.487440 -10.321647
v 91.000313 6.246587 -10.280838
v 90.978226 6.531636 -10.526882
v 91.128365 6.291841 -10.491362
v 91.183571 6.657934 -10.565929
v 91.339157 6.421169 -10.531379
v 91.038742 7.237600 -10.511715
v 91.051361 7.287054 -10.285328
v 91.204941 7.064468 -10.243139
v 91.191719 7.014143 -10.475466
v 90.933105 7.244600 -10.090215
v 91.083344 7.021326 -10.043049
v 90.738792 7.123372 -10.052882
v 90.883263 6.898049 -10.004953
v 90.584099 6.999518 -10.173613
v 90.723816 6.772079 -10.129015
v 90.571480 6.950066 -10.400001
v 90.710594 6.721754 -10.361343
v 90.689735 6.992518 -10.595114
v 90.832191 6.764896 -10.561433
v 90.884048 7.113747 -10.632446
v 91.032272 6.888173 -10.599528
v 90.897964 7.507763 -10.327437
v 90.886330 7.458599 -10.547886
v 90.783379 7.465419 -10.137104
v 90.595779 7.344686 -10.100234
v 90.446785 7.221395 -10.217409
v 90.435150 7.172231 -10.437858
v 90.549736 7.214577 -10.628191
v 90.737335 7.335310 -10.665060
v 92.689850 4.563483 -10.116278
v 92.712746 4.614196 -9.826271
v 92.888031 4.278623 -9.777411
v 92.862717 4.231246 -10.074280
v 92.555893 4.571480 -9.579737
v 92.726151 4.238689 -9.525950
v 92.884079 3.878060 -9.475376
v 93.051620 3.913761 -9.731881
v 93.023285 3.871460 -10.036068
v 92.291100 4.448413 -9.537098
v 92.450943 4.123669 -9.483685
v 92.076538 4.322345 -9.695662
v 92.226936 4.005858 -9.647041
v 92.361740 3.670057 -9.602526
v 92.596802 3.775297 -9.433822
v 92.053642 4.271633 -9.985670
v 92.201614 3.958482 -9.943911
v 92.210495 4.314346 -10.232204
v 92.363503 3.998416 -10.195371
v 92.500946 3.663456 -10.163216
v 92.333405 3.627756 -9.906711
v 92.475288 4.437416 -10.274843
v 92.638710 4.113436 -10.237638
v 92.788216 3.766221 -10.204771
v 92.361443 5.176190 -10.196127
v 92.382103 5.227561 -9.918445
v 92.544388 4.926989 -9.873205
v 92.522812 4.875457 -10.156907
v 92.232841 5.184232 -9.681767
v 92.391525 4.883587 -9.631633
v 91.982155 5.059477 -9.639996
v 92.134315 4.758534 -9.589315
v 91.779694 4.931705 -9.791111
v 91.926331 4.630432 -9.743977
v 91.759033 4.880334 -10.068793
v 91.904755 4.578900 -10.027679
v 91.908295 4.923661 -10.305471
v 92.057617 4.622302 -10.269252
v 92.158981 5.048419 -10.347242
v 92.314835 4.747355 -10.311568
v 92.219887 5.524686 -9.963634
v 92.200523 5.472816 -10.235228
v 92.074577 5.480783 -9.731710
v 91.831406 5.354579 -9.690197
v 91.635460 5.225387 -9.837502
v 91.616096 5.173516 -10.109096
v 91.761406 5.217420 -10.341019
v 92.004578 5.343624 -10.382533
v 93.496613 2.237504 -9.933469
v 93.532845 2.266954 -9.598774
v 93.653061 1.817159 -9.565641
v 93.614716 1.792917 -9.910278
v 93.344948 2.241992 -9.318980
v 93.458847 1.796613 -9.278037
v 93.554802 1.370470 -9.232100
v 93.761459 1.384645 -9.536244
v 93.719604 1.367922 -9.901413
v 93.017677 2.170282 -9.276965
v 93.119545 1.737589 -9.235538
v 92.747284 2.096891 -9.465384
v 92.838699 1.677179 -9.430126
v 92.892105 1.288074 -9.394835
v 93.192551 1.329751 -9.187971
v 92.711052 2.067440 -9.800077
v 92.800354 1.652938 -9.774764
v 92.898949 2.092403 -10.079872
v 92.994568 1.673485 -10.062367
v 93.056908 1.285526 -10.064148
v 92.850250 1.271351 -9.760004
v 93.226212 2.164112 -10.121887
v 93.333870 1.732509 -10.104868
v 93.419159 1.326245 -10.108277
v 93.269981 3.074549 -9.981529
v 93.303413 3.107539 -9.662149
v 93.416519 2.694633 -9.630903
v 93.381638 2.663198 -9.957838
v 93.124924 3.079601 -9.394608
v 93.233345 2.667992 -9.357351
v 92.815163 2.999311 -9.353678
v 92.914803 2.591457 -9.315933
v 92.559799 2.917127 -9.532843
v 92.651871 2.513124 -9.499699
v 92.526367 2.884136 -9.852221
v 92.616997 2.481688 -9.826633
v 92.704857 2.912073 -10.119762
v 92.800163 2.508330 -10.100187
v 93.014618 2.992363 -10.160694
v 93.118706 2.584865 -10.141603
v 93.186714 3.518282 -9.694413
v 93.155525 3.481363 -10.006172
v 93.013496 3.487071 -9.432561
v 92.714310 3.397303 -9.391550
v 92.468391 3.305395 -9.565643
v 92.437202 3.268476 -9.877401
v 92.610420 3.299686 -10.139254
v 92.909607 3.389455 -10.180265
v 93.863876 0.633010 -9.953138
v 93.917686 0.635847 -9.496458
v 93.960831 0.263443 -9.485833
v 93.901192 0.267595 -9.975405
v 93.658195 0.633442 -9.116809
v 93.680946 0.267649 -9.079746
v 93.201889 0.626531 -9.062704
v 93.191422 0.262277 -9.020071
v 92.822716 0.619457 -9.322223
v 92.785400 0.265901 -9.299956
v 92.768898 0.616618 -9.778904
v 92.725761 0.261039 -9.789530
v 93.028397 0.619024 -10.158552
v 93.005638 0.265847 -10.195616
v 93.484703 0.625935 -10.212658
v 93.495163 0.262203 -10.255291
v 93.844986 1.003006 -9.514535
v 93.797844 0.994174 -9.918170
v 93.615936 0.995520 -9.178783
v 93.213554 0.974016 -9.130658
v 92.879387 0.952007 -9.359802
v 92.832245 0.943175 -9.763437
v 93.061295 0.950661 -10.099190
v 93.463676 0.972164 -10.147315
v 95.168083 12.851524 -8.262537
v 93.978600 12.483125 -7.880296
v 94.091576 12.243779 -7.765428
v 95.297920 12.565943 -8.121454
v 93.376289 12.130418 -7.783943
v 93.332794 11.876387 -7.716969
v 93.550507 11.849806 -7.867671
v 94.118446 12.030263 -7.957576
v 95.282951 12.296017 -8.334138
v 93.965164 11.957463 -8.361377
v 95.111427 12.212732 -8.819254
v 93.299706 11.725023 -8.099289
v 93.320389 11.874685 -8.429880
v 93.794136 12.065327 -8.749919
v 94.896820 12.337764 -9.277519
v 93.647079 12.291837 -8.851406
v 94.766983 12.623345 -9.418603
v 93.060387 11.905838 -8.382494
v 93.146172 12.155297 -8.346153
v 93.654289 12.518188 -8.672639
v 94.781952 12.893272 -9.205918
v 93.773491 12.578152 -8.255457
v 94.953476 12.976556 -8.720802
v 93.093475 12.057201 -8.000175
v 97.028648 12.244989 -9.160503
v 97.203400 12.214519 -9.675433
v 97.462700 12.495819 -9.769118
v 97.186943 12.471289 -9.118409
v 96.719223 12.278443 -9.916482
v 96.809708 12.512074 -10.040049
v 96.723175 12.736229 -9.897840
v 97.208221 12.772620 -9.652707
v 97.032600 12.702774 -9.141863
v 92.563858 11.426306 -7.811320
v 95.989151 12.946212 -9.705498
v 96.181755 13.034641 -9.220974
v 96.380745 12.903873 -8.748766
v 96.069595 12.374924 -9.763705
v 95.967674 12.670706 -9.919287
v 96.461189 12.332585 -8.806974
v 96.292450 12.248510 -9.301072
v 96.506538 12.612446 -8.602759
v 97.554817 11.588769 -7.171579
v 97.150032 10.824524 -6.197531
v 97.210953 10.591957 -6.357047
v 97.628311 11.308131 -7.356403
v 96.808121 10.348614 -5.806285
v 96.749573 10.093507 -5.855297
v 96.725662 10.196158 -6.099650
v 96.994415 10.517806 -6.532675
v 97.354904 11.188196 -7.527227
v 96.571861 10.628422 -6.565232
v 96.854881 11.327357 -7.575245
v 96.374458 10.154432 -6.015766
v 96.174355 10.451548 -6.077401
v 96.217445 10.877735 -6.501320
v 96.429825 11.616735 -7.489895
v 96.146049 11.085272 -6.314071
v 96.356331 11.897372 -7.305071
v 96.096962 10.395827 -5.828960
v 96.256821 10.604002 -5.784037
v 96.373062 11.184452 -6.166176
v 96.629745 12.017308 -7.134246
v 96.785141 11.048807 -6.105886
v 97.129768 11.878146 -7.086228
v 96.472076 10.334902 -5.668491
v 97.525757 11.952132 -9.293621
v 97.189087 12.227081 -9.621758
v 97.340935 12.566245 -9.752352
v 97.717155 12.154162 -9.317940
v 96.784447 12.295542 -9.263705
v 96.813393 12.572824 -9.281468
v 96.964920 12.667992 -9.067130
v 97.409103 12.681149 -9.382105
v 97.706230 12.324582 -9.097046
v 96.139801 9.596537 -5.426428
v 96.836769 12.582512 -8.295023
v 97.348396 12.452600 -8.262839
v 97.774933 12.147908 -8.332884
v 96.625160 12.154376 -8.623890
v 96.557312 12.457050 -8.463060
v 97.563332 11.719772 -8.661750
v 97.057213 11.863457 -8.715382
v 97.848297 11.859007 -8.515160
v 86.263519 8.830728 -10.600309
v 86.115273 7.773021 -10.294312
v 86.302170 7.794312 -10.135635
v 86.484116 8.852189 -10.408082
v 86.191483 7.187998 -10.179758
v 86.357239 7.079274 -10.068900
v 86.476318 7.244697 -10.168780
v 86.520744 7.751780 -10.240355
v 86.739159 8.759460 -10.519590
v 86.632889 7.604492 -10.564856
v 86.874260 8.593847 -10.909436
v 86.558220 7.005424 -10.348104
v 86.531044 7.063227 -10.651479
v 86.597878 7.496029 -10.920639
v 86.830994 8.454957 -11.329553
v 86.407883 7.443782 -11.068027
v 86.610390 8.433496 -11.521780
v 86.422028 6.864456 -10.640302
v 86.246208 7.006527 -10.662457
v 86.192398 7.517268 -10.974595
v 86.355347 8.526224 -11.410273
v 86.077156 7.633602 -10.638807
v 86.220245 8.691838 -11.020426
v 86.221039 6.938306 -10.361099
v 87.475471 10.136354 -11.046604
v 87.675308 10.263353 -11.446264
v 87.556229 10.552721 -11.568552
v 87.336464 10.329768 -11.052997
v 87.549057 9.892341 -11.695667
v 87.426178 10.032282 -11.844293
v 87.194916 10.029745 -11.787476
v 87.243568 10.430868 -11.558191
v 87.121330 10.273759 -11.138413
v 86.508041 6.330759 -10.100153
v 86.779205 9.504796 -11.736724
v 86.646263 9.688795 -11.346930
v 86.686073 9.813609 -10.915298
v 87.253906 9.401436 -11.644047
v 87.036949 9.405206 -11.848332
v 87.160774 9.710249 -10.822622
v 87.299484 9.546565 -11.219398
v 86.908798 9.830154 -10.717997
v 88.710526 10.288372 -12.492888
v 89.439293 10.158289 -12.686880
v 89.418297 9.993868 -12.651402
v 88.688217 10.091512 -12.453024
v 89.838867 10.050119 -12.684771
v 89.908371 9.917652 -12.638969
v 89.792450 9.926363 -12.534416
v 89.443008 9.958774 -12.487429
v 88.746620 10.043716 -12.265551
v 89.544708 10.085938 -12.288158
v 88.860985 10.196597 -12.026114
v 89.956802 9.984617 -12.411134
v 89.920700 10.163258 -12.299836
v 89.623749 10.292639 -12.156827
v 88.961815 10.441224 -11.871929
v 89.666023 10.451462 -12.198282
v 88.984116 10.638084 -11.911793
v 90.060181 10.198080 -12.361282
v 89.967117 10.287015 -12.450190
v 89.620033 10.492155 -12.356279
v 88.925720 10.685880 -12.099266
v 89.539612 10.359392 -12.561525
v 88.811356 10.532999 -12.338703
v 90.011749 10.131116 -12.589117
v 87.785301 10.056292 -11.662037
v 87.696716 10.194305 -11.387283
v 87.501801 10.317728 -11.405363
v 87.655800 10.122416 -11.738153
v 87.957748 10.374834 -11.346608
v 87.866035 10.510763 -11.353601
v 87.873138 10.576305 -11.503809
v 87.593559 10.439926 -11.578934
v 87.700691 10.257763 -11.819239
v 90.419998 9.854230 -12.532692
v 88.244576 10.710081 -11.744861
v 88.117500 10.556755 -11.983358
v 88.026329 10.306949 -12.144053
v 88.302666 10.458531 -11.522586
v 88.307625 10.661050 -11.555768
v 88.084419 10.055399 -11.921779
v 88.197433 10.210606 -11.677494
v 88.007309 10.106312 -12.105083
v 87.470100 9.119106 -11.719822
v 87.399078 9.446453 -11.792257
v 87.799614 9.446452 -11.938866
v 87.798134 9.047373 -11.788333
v 87.470100 9.773799 -11.719822
v 87.798134 9.845532 -11.788333
v 88.124763 9.773799 -11.713385
v 88.197197 9.446452 -11.784409
v 88.124763 9.119106 -11.713385
v 88.343803 9.446452 -11.383868
v 88.193275 9.047373 -11.385348
v 88.193275 9.845532 -11.385348
v 88.118324 9.773799 -11.058723
v 88.189346 9.446452 -10.986287
v 88.118324 9.119105 -11.058722
v 87.788811 9.446452 -10.839680
v 87.790291 9.047372 -10.990211
v 87.790291 9.845532 -10.990212
v 87.463661 9.773799 -11.065161
v 87.391228 9.446453 -10.994137
v 87.463661 9.119105 -11.065161
v 87.244621 9.446452 -11.394677
v 87.395149 9.047373 -11.393197
v 87.395149 9.845532 -11.393197
v 87.794212 8.896833 -11.389273
v 87.794212 9.996071 -11.389273
v 88.381577 9.971165 -11.549530
v 88.323433 10.239130 -11.608825
v 88.651321 10.239130 -11.728838
v 88.650108 9.912443 -11.605612
v 88.381577 10.507095 -11.549529
v 88.650108 10.565816 -11.605613
v 88.917480 10.507095 -11.544259
v 88.976776 10.239130 -11.602400
v 88.917480 9.971164 -11.544260
v 89.096786 10.239130 -11.274517
v 88.973564 9.912443 -11.275729
v 88.973564 10.565816 -11.275729
v 88.912209 10.507095 -11.008353
v 88.970352 10.239130 -10.949059
v 88.912209 9.971165 -11.008354
v 88.642471 10.239130 -10.829045
v 88.643677 9.912443 -10.952271
v 88.643677 10.565816 -10.952271
v 88.376305 10.507095 -11.013624
v 88.317009 10.239129 -10.955482
v 88.376305 9.971164 -11.013623
v 88.196999 10.239130 -11.283366
v 88.320221 9.912443 -11.282154
v 88.320221 10.565816 -11.282154
v 88.646896 9.789211 -11.278942
v 88.646896 10.689048 -11.278941
v 96.266342 11.402483 -9.350700
v 96.202309 11.697633 -9.416011
v 96.563454 11.697633 -9.548199
v 96.562119 11.337806 -9.412473
v 96.266342 11.992783 -9.350700
v 96.562119 12.057460 -9.412473
v 96.856613 11.992783 -9.344895
v 96.921928 11.697633 -9.408935
v 96.856613 11.402483 -9.344895
v 97.054115 11.697633 -9.047790
v 96.918388 11.337806 -9.049124
v 96.918388 12.057460 -9.049124
v 96.850807 11.992783 -8.754625
v 96.914848 11.697633 -8.689314
v 96.850807 11.402483 -8.754625
v 96.553703 11.697633 -8.557127
v 96.555038 11.337806 -8.692853
v 96.555038 12.057460 -8.692853
v 96.260544 11.992782 -8.760429
v 96.195229 11.697633 -8.696391
v 96.260544 11.402483 -8.760429
v 96.063042 11.697633 -9.057536
v 96.198769 11.337806 -9.056201
v 96.198769 12.057460 -9.056201
v 96.558578 11.202073 -9.052663
v 96.558578 12.193192 -9.052663
v 96.221497 11.401924 -10.705473
v 96.157463 11.697074 -10.770783
v 96.518608 11.697074 -10.902970
v 96.517273 11.337246 -10.767244
v 96.221497 11.992223 -10.705473
v 96.517273 12.056901 -10.767244
v 96.811768 11.992223 -10.699668
v 96.877083 11.697074 -10.763706
v 96.811768 11.401924 -10.699668
v 97.009270 11.697074 -10.402562
v 96.873543 11.337246 -10.403896
v 96.873543 12.056901 -10.403896
v 96.805969 11.992223 -10.109397
v 96.870003 11.697074 -10.044086
v 96.805969 11.401924 -10.109397
v 96.508858 11.697074 -9.911900
v 96.510193 11.337246 -10.047625
v 96.510193 12.056901 -10.047625
v 96.215698 11.992223 -10.115202
v 96.150383 11.697074 -10.051164
v 96.215698 11.401924 -10.115202
v 96.018196 11.697074 -10.412308
v 96.153923 11.337246 -10.410974
v 96.153923 12.056901 -10.410974
v 96.513733 11.201514 -10.407434
v 96.513733 12.192633 -10.407434
v 97.100037 11.401924 -10.138640
v 97.035995 11.697074 -10.203951
v 97.397141 11.697074 -10.336139
v 97.395805 11.337246 -10.200413
v 97.100037 11.992223 -10.138640
v 97.395805 12.056901 -10.200413
v 97.690308 11.992223 -10.132835
v 97.755615 11.697074 -10.196875
v 97.690308 11.401924 -10.132835
v 97.887802 11.697074 -9.835730
v 97.752075 11.337246 -9.837065
v 97.752075 12.056901 -9.837065
v 97.684502 11.992223 -9.542565
v 97.748535 11.697074 -9.477255
v 97.684502 11.401924 -9.542565
v 97.387390 11.697074 -9.345067
v 97.388725 11.337246 -9.480793
v 97.388725 12.056901 -9.480793
v 97.094231 11.992223 -9.548370
v 97.028915 11.697074 -9.484331
v 97.094231 11.401924 -9.548370
v 96.896729 11.697074 -9.845476
v 97.032455 11.337246 -9.844141
v 97.032455 12.056901 -9.844141
v 97.392265 11.201514 -9.840603
v 97.392265 12.192633 -9.840603
vt 0.475492 0.000000
vt 0.550246 0.000000
vt 0.551097 0.125000
vt 0.482981 0.125000
vt 0.625000 0.000000
vt 0.625000 0.125000
vt 0.625000 0.250000
vt 0.551267 0.250000
vt 0.483661 0.250000
vt 0.551267 0.375000
vt 0.483661 0.375000
vt 0.625000 0.375000
vt 0.625000 0.500000
vt 0.551616 0.500000
vt 0.483661 0.500000
vt 0.552663 0.625000
vt 0.483661 0.625000
vt 0.638957 0.625000
vt 0.625000 0.750000
vt 0.551616 0.750000
vt 0.483661 0.750000
vt 0.551097 0.875000
vt 0.482981 0.875000
vt 0.625000 0.875000
vt 0.625000 1.000000
vt 0.550246 1.000000
vt 0.475492 1.000000
vt 0.125000 0.500000
vt 0.250000 0.500000
vt 0.247924 0.625000
vt 0.125000 0.625000
vt 0.375000 0.500000
vt 0.354235 0.625000
vt 0.375000 0.750000
vt 0.250000 0.750000
vt 0.125000 0.750000
vt 0.750000 0.500000
vt 0.751396 0.625000
vt 0.875000 0.500000
vt 0.875000 0.625000
vt 0.875000 0.750000
vt 0.750000 0.750000
vt 0.425748 0.750000
vt 0.426097 0.875000
vt 0.375000 0.875000
vt 0.425246 1.000000
vt 0.375000 1.000000
vt 0.425748 0.500000
vt 0.424191 0.625000
vt 0.375000 0.250000
vt 0.426267 0.250000
vt 0.426267 0.375000
vt 0.375000 0.375000
vt 0.375000 0.000000
vt 0.425246 0.000000
vt 0.426097 0.125000
vt 0.375000 0.125000
vt 0.475492 0.000000
vt 0.550246 0.000000
vt 0.551097 0.125000
vt 0.482981 0.125000
vt 0.625000 0.000000
vt 0.625000 0.125000
vt 0.625000 0.250000
vt 0.551267 0.250000
vt 0.483661 0.250000
vt 0.551267 0.375000
vt 0.483661 0.375000
vt 0.625000 0.375000
vt 0.625000 0.500000
vt 0.551616 0.500000
vt 0.483661 0.500000
vt 0.552663 0.625000
vt 0.483661 0.625000
vt 0.638957 0.625000
vt 0.625000 0.750000
vt 0.551616 0.750000
vt 0.483661 0.750000
vt 0.551097 0.875000
vt 0.482981 0.875000
vt 0.625000 0.875000
vt 0.625000 1.000000
vt 0.550246 1.000000
vt 0.475492 1.000000
vt 0.125000 0.500000
vt 0.250000 0.500000
vt 0.247924 0.625000
vt 0.125000 0.625000
vt 0.375000 0.500000
vt 0.354235 0.625000
vt 0.375000 0.750000
vt 0.250000 0.750000
vt 0.125000 0.750000
vt 0.750000 0.500000
vt 0.751396 0.625000
vt 0.875000 0.500000
vt 0.875000 0.625000
vt 0.875000 0.750000
vt 0.750000 0.750000
vt 0.425748 0.750000
vt 0.426097 0.875000
vt 0.375000 0.875000
vt 0.425246 1.000000
vt 0.375000 1.000000
vt 0.425748 0.500000
vt 0.424191 0.625000
vt 0.375000 0.250000
vt 0.426267 0.250000
vt 0.426267 0.375000
vt 0.375000 0.375000
vt 0.375000 0.000000
vt 0.425246 0.000000
vt 0.426097 0.125000
vt 0.375000 0.125000
vt 0.475492 0.000000
vt 0.550246 0.000000
vt 0.551097 0.125000
vt 0.482981 0.125000
vt 0.625000 0.000000
vt 0.625000 0.125000
vt 0.625000 0.250000
vt 0.551267 0.250000
vt 0.483661 0.250000
vt 0.551267 0.375000
vt 0.483661 0.375000
vt 0.625000 0.375000
vt 0.625000 0.500000
vt 0.551616 0.500000
vt 0.483661 0.500000
vt 0.552663 0.625000
vt 0.483661 0.625000
vt 0.638957 0.625000
vt 0.625000 0.750000
vt 0.551616 0.750000
vt 0.483661 0.750000
vt 0.551097 0.875000
vt 0.482981 0.875000
vt 0.625000 0.875000
vt 0.625000 1.000000
vt 0.550246 1.000000
vt 0.475492 1.000000
vt 0.125000 0.500000
vt 0.250000 0.500000
vt 0.247924 0.625000
vt 0.125000 0.625000
vt 0.375000 0.500000
vt 0.354235 0.625000
vt 0.375000 0.750000
vt 0.250000 0.750000
vt 0.125000 0.750000
vt 0.750000 0.500000
vt 0.751396 0.625000
vt 0.875000 0.500000
vt 0.875000 0.625000
vt 0.875000 0.750000
vt 0.750000 0.750000
vt 0.425748 0.750000
vt 0.426097 0.875000
vt 0.375000 0.875000
vt 0.425246 1.000000
vt 0.375000 1.000000
vt 0.425748 0.500000
vt 0.424191 0.625000
vt 0.375000 0.250000
vt 0.426267 0.250000
vt 0.426267 0.375000
vt 0.375000 0.375000
vt 0.375000 0.000000
vt 0.425246 0.000000
vt 0.426097 0.125000
vt 0.375000 0.125000
vt 0.475492 0.000000
vt 0.550246 0.000000
vt 0.551097 0.125000
vt 0.482981 0.125000
vt 0.625000 0.000000
vt 0.625000 0.125000
vt 0.625000 0.250000
vt 0.551267 0.250000
vt 0.483661 0.250000
vt 0.551267 0.375000
vt 0.483661 0.375000
vt 0.625000 0.375000
vt 0.625000 0.500000
vt 0.551616 0.500000
vt 0.483661 0.500000
vt 0.552663 0.625000
vt 0.483661 0.625000
vt 0.638957 0.625000
vt 0.625000 0.750000
vt 0.551616 0.750000
vt 0.483661 0.750000
vt 0.551097 0.875000
vt 0.482981 0.875000
vt 0.625000 0.875000
vt 0.625000 1.000000
vt 0.550246 1.000000
vt 0.475492 1.000000
vt 0.125000 0.500000
vt 0.250000 0.500000
vt 0.247924 0.625000
vt 0.125000 0.625000
vt 0.375000 0.500000
vt 0.354235 0.625000
vt 0.375000 0.750000
vt 0.250000 0.750000
vt 0.125000 0.750000
vt 0.750000 0.500000
vt 0.751396 0.625000
vt 0.875000 0.500000
vt 0.875000 0.625000
vt 0.875000 0.750000
vt 0.750000 0.750000
vt 0.425748 0.750000
vt 0.426097 0.875000
vt 0.375000 0.875000
vt 0.425246 1.000000
vt 0.375000 1.000000
vt 0.425748 0.500000
vt 0.424191 0.625000
vt 0.375000 0.250000
vt 0.426267 0.250000
vt 0.426267 0.375000
vt 0.375000 0.375000
vt 0.375000 0.000000
vt 0.425246 0.000000
vt 0.426097 0.125000
vt 0.375000 0.125000
vt 0.475492 0.000000
vt 0.550246 0.000000
vt 0.551097 0.125000
vt 0.482981 0.125000
vt 0.625000 0.000000
vt 0.625000 0.125000
vt 0.625000 0.250000
vt 0.551267 0.250000
vt 0.483661 0.250000
vt 0.551267 0.375000
vt 0.483661 0.375000
vt 0.625000 0.375000
vt 0.625000 0.500000
vt 0.551616 0.500000
vt 0.483661 0.500000
vt 0.552663 0.625000
vt 0.483661 0.625000
vt 0.638957 0.625000
vt 0.625000 0.750000
vt 0.551616 0.750000
vt 0.483661 0.750000
vt 0.551097 0.875000
vt 0.482981 0.875000
vt 0.625000 0.875000
vt 0.625000 1.000000
vt 0.550246 1.000000
vt 0.475492 1.000000
vt 0.125000 0.500000
vt 0.250000 0.500000
vt 0.247924 0.625000
vt 0.125000 0.625000
vt 0.375000 0.500000
vt 0.354235 0.625000
vt 0.375000 0.750000
vt 0.250000 0.750000
vt 0.125000 0.750000
vt 0.750000 0.500000
vt 0.751396 0.625000
vt 0.875000 0.500000
vt 0.875000 0.625000
vt 0.875000 0.750000
vt 0.750000 0.750000
vt 0.425748 0.750000
vt 0.426097 0.875000
vt 0.375000 0.875000
vt 0.425246 1.000000
vt 0.375000 1.000000
vt 0.425748 0.500000
vt 0.424191 0.625000
vt 0.375000 0.250000
vt 0.426267 0.250000
vt 0.426267 0.375000
vt 0.375000 0.375000
vt 0.375000 0.000000
vt 0.425246 0.000000
vt 0.426097 0.125000
vt 0.375000 0.125000
vt 0.475492 0.000000
vt 0.550246 0.000000
vt 0.551097 0.125000
vt 0.482981 0.125000
vt 0.625000 0.000000
vt 0.625000 0.125000
vt 0.625000 0.250000
vt 0.551267 0.250000
vt 0.483661 0.250000
vt 0.551267 0.375000
vt 0.483661 0.375000
vt 0.625000 0.375000
vt 0.625000 0.500000
vt 0.551616 0.500000
vt 0.483661 0.500000
vt 0.552663 0.625000
vt 0.483661 0.625000
vt 0.638957 0.625000
vt 0.625000 0.750000
vt 0.551616 0.750000
vt 0.483661 0.750000
vt 0.551097 0.875000
vt 0.482981 0.875000
vt 0.625000 0.875000
vt 0.625000 1.000000
vt 0.550246 1.000000
vt 0.475492 1.000000
vt 0.125000 0.500000
vt 0.250000 0.500000
vt 0.247924 0.625000
vt 0.125000 0.625000
vt 0.375000 0.500000
vt 0.354235 0.625000
vt 0.375000 0.750000
vt 0.250000 0.750000
vt 0.125000 0.750000
vt 0.750000 0.500000
vt 0.751396 0.625000
vt 0.875000 0.500000
vt 0.875000 0.625000
vt 0.875000 0.750000
vt 0.750000 0.750000
vt 0.425748 0.750000
vt 0.426097 0.875000
vt 0.375000 0.875000
vt 0.425246 1.000000
vt 0.375000 1.000000
vt 0.425748 0.500000
vt 0.424191 0.625000
vt 0.375000 0.250000
vt 0.426267 0.250000
vt 0.426267 0.375000
vt 0.375000 0.375000
vt 0.375000 0.000000
vt 0.425246 0.000000
vt 0.426097 0.125000
vt 0.375000 0.125000
vt 0.475492 0.000000
vt 0.550246 0.000000
vt 0.551097 0.125000
vt 0.482981 0.125000
vt 0.625000 0.000000
vt 0.625000 0.125000
vt 0.625000 0.250000
vt 0.551267 0.250000
vt 0.483661 0.250000
vt 0.551267 0.375000
vt 0.483661 0.375000
vt 0.625000 0.375000
vt 0.625000 0.500000
vt 0.551616 0.500000
vt 0.483661 0.500000
vt 0.552663 0.625000
vt 0.483661 0.625000
vt 0.638957 0.625000
vt 0.625000 0.750000
vt 0.551616 0.750000
vt 0.483661 0.750000
vt 0.551097 0.875000
vt 0.482981 0.875000
vt 0.625000 0.875000
vt 0.625000 1.000000
vt 0.550246 1.000000
vt 0.475492 1.000000
vt 0.125000 0.500000
vt 0.250000 0.500000
vt 0.247924 0.625000
vt 0.125000 0.625000
vt 0.375000 0.500000
vt 0.354235 0.625000
vt 0.375000 0.750000
vt 0.250000 0.750000
vt 0.125000 0.750000
vt 0.750000 0.500000
vt 0.751396 0.625000
vt 0.875000 0.500000
vt 0.875000 0.625000
vt 0.875000 0.750000
vt 0.750000 0.750000
vt 0.425748 0.750000
vt 0.426097 0.875000
vt 0.375000 0.875000
vt 0.425246 1.000000
vt 0.375000 1.000000
vt 0.425748 0.500000
vt 0.424191 0.625000
vt 0.375000 0.250000
vt 0.426267 0.250000
vt 0.426267 0.375000
vt 0.375000 0.375000
vt 0.375000 0.000000
vt 0.425246 0.000000
vt 0.426097 0.125000
vt 0.375000 0.125000
vt 0.475492 0.000000
vt 0.550246 0.000000
vt 0.551097 0.125000
vt 0.482981 0.125000
vt 0.625000 0.000000
vt 0.625000 0.125000
vt 0.625000 0.250000
vt 0.551267 0.250000
vt 0.483661 0.250000
vt 0.551267 0.375000
vt 0.483661 0.375000
vt 0.625000 0.375000
vt 0.625000 0.500000
vt 0.551616 0.500000
vt 0.483661 0.500000
vt 0.552663 0.625000
vt 0.483661 0.625000
vt 0.638957 0.625000
vt 0.625000 0.750000
vt 0.551616 0.750000
vt 0.483661 0.750000
vt 0.551097 0.875000
vt 0.482981 0.875000
vt 0.625000 0.875000
vt 0.625000 1.000000
vt 0.550246 1.000000
vt 0.475492 1.000000
vt 0.125000 0.500000
vt 0.250000 0.500000
vt 0.247924 0.625000
vt 0.125000 0.625000
vt 0.375000 0.500000
vt 0.354235 0.625000
vt 0.375000 0.750000
vt 0.250000 0.750000
vt 0.125000 0.750000
vt 0.750000 0.500000
vt 0.751396 0.625000
vt 0.875000 0.500000
vt 0.875000 0.625000
vt 0.875000 0.750000
vt 0.750000 0.750000
vt 0.425748 0.750000
vt 0.426097 0.875000
vt 0.375000 0.875000
vt 0.425246 1.000000
vt 0.375000 1.000000
vt 0.425748 0.500000
vt 0.424191 0.625000
vt 0.375000 0.250000
vt 0.426267 0.250000
vt 0.426267 0.375000
vt 0.375000 0.375000
vt 0.375000 0.000000
vt 0.425246 0.000000
vt 0.426097 0.125000
vt 0.375000 0.125000
vt 0.475492 0.000000
vt 0.550246 0.000000
vt 0.551097 0.125000
vt 0.482981 0.125000
vt 0.625000 0.000000
vt 0.625000 0.125000
vt 0.625000 0.250000
vt 0.551267 0.250000
vt 0.483661 0.250000
vt 0.551267 0.375000
vt 0.483661 0.375000
vt 0.625000 0.375000
vt 0.625000 0.500000
vt 0.551616 0.500000
vt 0.483661 0.500000
vt 0.552663 0.625000
vt 0.483661 0.625000
vt 0.638957 0.625000
vt 0.625000 0.750000
vt 0.551616 0.750000
vt 0.483661 0.750000
vt 0.551097 0.875000
vt 0.482981 0.875000
vt 0.625000 0.875000
vt 0.625000 1.000000
vt 0.550246 1.000000
vt 0.475492 1.000000
vt 0.125000 0.500000
vt 0.250000 0.500000
vt 0.247924 0.625000
vt 0.125000 0.625000
vt 0.375000 0.500000
vt 0.354235 0.625000
vt 0.375000 0.750000
vt 0.250000 0.750000
vt 0.125000 0.750000
vt 0.750000 0.500000
vt 0.751396 0.625000
vt 0.875000 0.500000
vt 0.875000 0.625000
vt 0.875000 0.750000
vt 0.750000 0.750000
vt 0.425748 0.750000
vt 0.426097 0.875000
vt 0.375000 0.875000
vt 0.425246 1.000000
vt 0.375000 1.000000
vt 0.425748 0.500000
vt 0.424191 0.625000
vt 0.375000 0.250000
vt 0.426267 0.250000
vt 0.426267 0.375000
vt 0.375000 0.375000
vt 0.375000 0.000000
vt 0.425246 0.000000
vt 0.426097 0.125000
vt 0.375000 0.125000
vt 0.475492 0.000000
vt 0.550246 0.000000
vt 0.551097 0.125000
vt 0.482981 0.125000
vt 0.625000 0.000000
vt 0.625000 0.125000
vt 0.625000 0.250000
vt 0.551267 0.250000
vt 0.483661 0.250000
vt 0.551267 0.375000
vt 0.483661 0.375000
vt 0.625000 0.375000
vt 0.625000 0.500000
vt 0.551616 0.500000
vt 0.483661 0.500000
vt 0.552663 0.625000
vt 0.483661 0.625000
vt 0.638957 0.625000
vt 0.625000 0.750000
vt 0.551616 0.750000
vt 0.483661 0.750000
vt 0.551097 0.875000
vt 0.482981 0.875000
vt 0.625000 0.875000
vt 0.625000 1.000000
vt 0.550246 1.000000
vt 0.475492 1.000000
vt 0.125000 0.500000
vt 0.250000 0.500000
vt 0.247924 0.625000
vt 0.125000 0.625000
vt 0.375000 0.500000
vt 0.354235 0.625000
vt 0.375000 0.750000
vt 0.250000 0.750000
vt 0.125000 0.750000
vt 0.750000 0.500000
vt 0.751396 0.625000
vt 0.875000 0.500000
vt 0.875000 0.625000
vt 0.875000 0.750000
vt 0.750000 0.750000
vt 0.425748 0.750000
vt 0.426097 0.875000
vt 0.375000 0.875000
vt 0.425246 1.000000
vt 0.375000 1.000000
vt 0.425748 0.500000
vt 0.424191 0.625000
vt 0.375000 0.250000
vt 0.426267 0.250000
vt 0.426267 0.375000
vt 0.375000 0.375000
vt 0.375000 0.000000
vt 0.425246 0.000000
vt 0.426097 0.125000
vt 0.375000 0.125000
vt 0.475492 0.000000
vt 0.550246 0.000000
vt 0.551097 0.125000
vt 0.482981 0.125000
vt 0.625000 0.000000
vt 0.625000 0.125000
vt 0.625000 0.250000
vt 0.551267 0.250000
vt 0.483661 0.250000
vt 0.551267 0.375000
vt 0.483661 0.375000
vt 0.625000 0.375000
vt 0.625000 0.500000
vt 0.551616 0.500000
vt 0.483661 0.500000
vt 0.552663 0.625000
vt 0.483661 0.625000
vt 0.638957 0.625000
vt 0.625000 0.750000
vt 0.551616 0.750000
vt 0.483661 0.750000
vt 0.551097 0.875000
vt 0.482981 0.875000
vt 0.625000 0.875000
vt 0.625000 1.000000
vt 0.550246 1.000000
vt 0.475492 1.000000
vt 0.125000 0.500000
vt 0.250000 0.500000
vt 0.247924 0.625000
vt 0.125000 0.625000
vt 0.375000 0.500000
vt 0.354235 0.625000
vt 0.375000 0.750000
vt 0.250000 0.750000
vt 0.125000 0.750000
vt 0.750000 0.500000
vt 0.751396 0.625000
vt 0.875000 0.500000
vt 0.875000 0.625000
vt 0.875000 0.750000
vt 0.750000 0.750000
vt 0.425748 0.750000
vt 0.426097 0.875000
vt 0.375000 0.875000
vt 0.425246 1.000000
vt 0.375000 1.000000
vt 0.425748 0.500000
vt 0.424191 0.625000
vt 0.375000 0.250000
vt 0.426267 0.250000
vt 0.426267 0.375000
vt 0.375000 0.375000
vt 0.375000 0.000000
vt 0.425246 0.000000
vt 0.426097 0.125000
vt 0.375000 0.125000
vt 0.475492 0.000000
vt 0.550246 0.000000
vt 0.551097 0.125000
vt 0.482981 0.125000
vt 0.625000 0.000000
vt 0.625000 0.125000
vt 0.625000 0.250000
vt 0.551267 0.250000
vt 0.483661 0.250000
vt 0.551267 0.375000
vt 0.483661 0.375000
vt 0.625000 0.375000
vt 0.625000 0.500000
vt 0.551616 0.500000
vt 0.483661 0.500000
vt 0.552663 0.625000
vt 0.483661 0.625000
vt 0.638957 0.625000
vt 0.625000 0.750000
vt 0.551616 0.750000
vt 0.483661 0.750000
vt 0.551097 0.875000
vt 0.482981 0.875000
vt 0.625000 0.875000
vt 0.625000 1.000000
vt 0.550246 1.000000
vt 0.475492 1.000000
vt 0.125000 0.500000
vt 0.250000 0.500000
vt 0.247924 0.625000
vt 0.125000 0.625000
vt 0.375000 0.500000
vt 0.354235 0.625000
vt 0.375000 0.750000
vt 0.250000 0.750000
vt 0.125000 0.750000
vt 0.750000 0.500000
vt 0.751396 0.625000
vt 0.875000 0.500000
vt 0.875000 0.625000
vt 0.875000 0.750000
vt 0.750000 0.750000
vt 0.425748 0.750000
vt 0.426097 0.875000
vt 0.375000 0.875000
vt 0.425246 1.000000
vt 0.375000 1.000000
vt 0.425748 0.500000
vt 0.424191 0.625000
vt 0.375000 0.250000
vt 0.426267 0.250000
vt 0.426267 0.375000
vt 0.375000 0.375000
vt 0.375000 0.000000
vt 0.425246 0.000000
vt 0.426097 0.125000
vt 0.375000 0.125000
vt 0.475492 0.000000
vt 0.550246 0.000000
vt 0.551097 0.125000
vt 0.482981 0.125000
vt 0.625000 0.000000
vt 0.625000 0.125000
vt 0.625000 0.250000
vt 0.551267 0.250000
vt 0.483661 0.250000
vt 0.551267 0.375000
vt 0.483661 0.375000
vt 0.625000 0.375000
vt 0.625000 0.500000
vt 0.551616 0.500000
vt 0.483661 0.500000
vt 0.552663 0.625000
vt 0.483661 0.625000
vt 0.638957 0.625000
vt 0.625000 0.750000
vt 0.551616 0.750000
vt 0.483661 0.750000
vt 0.551097 0.875000
vt 0.482981 0.875000
vt 0.625000 0.875000
vt 0.625000 1.000000
vt 0.550246 1.000000
vt 0.475492 1.000000
vt 0.125000 0.500000
vt 0.250000 0.500000
vt 0.247924 0.625000
vt 0.125000 0.625000
vt 0.375000 0.500000
vt 0.354235 0.625000
vt 0.375000 0.750000
vt 0.250000 0.750000
vt 0.125000 0.750000
vt 0.750000 0.500000
vt 0.751396 0.625000
vt 0.875000 0.500000
vt 0.875000 0.625000
vt 0.875000 0.750000
vt 0.750000 0.750000
vt 0.425748 0.750000
vt 0.426097 0.875000
vt 0.375000 0.875000
vt 0.425246 1.000000
vt 0.375000 1.000000
vt 0.425748 0.500000
vt 0.424191 0.625000
vt 0.375000 0.250000
vt 0.426267 0.250000
vt 0.426267 0.375000
vt 0.375000 0.375000
vt 0.375000 0.000000
vt 0.425246 0.000000
vt 0.426097 0.125000
vt 0.375000 0.125000
vt 0.475492 0.000000
vt 0.550246 0.000000
vt 0.551097 0.125000
vt 0.482981 0.125000
vt 0.625000 0.000000
vt 0.625000 0.125000
vt 0.625000 0.250000
vt 0.551267 0.250000
vt 0.483661 0.250000
vt 0.551267 0.375000
vt 0.483661 0.375000
vt 0.625000 0.375000
vt 0.625000 0.500000
vt 0.551616 0.500000
vt 0.483661 0.500000
vt 0.552663 0.625000
vt 0.483661 0.625000
vt 0.638957 0.625000
vt 0.625000 0.750000
vt 0.551616 0.750000
vt 0.483661 0.750000
vt 0.551097 0.875000
vt 0.482981 0.875000
vt 0.625000 0.875000
vt 0.625000 1.000000
vt 0.550246 1.000000
vt 0.475492 1.000000
vt 0.125000 0.500000
vt 0.250000 0.500000
vt 0.247924 0.625000
vt 0.125000 0.625000
vt 0.375000 0.500000
vt 0.354235 0.625000
vt 0.375000 0.750000
vt 0.250000 0.750000
vt 0.125000 0.750000
vt 0.750000 0.500000
vt 0.751396 0.625000
vt 0.875000 0.500000
vt 0.875000 0.625000
vt 0.875000 0.750000
vt 0.750000 0.750000
vt 0.425748 0.750000
vt 0.426097 0.875000
vt 0.375000 0.875000
vt 0.425246 1.000000
vt 0.375000 1.000000
vt 0.425748 0.500000
vt 0.424191 0.625000
vt 0.375000 0.250000
vt 0.426267 0.250000
vt 0.426267 0.375000
vt 0.375000 0.375000
vt 0.375000 0.000000
vt 0.425246 0.000000
vt 0.426097 0.125000
vt 0.375000 0.125000
vt 0.475492 0.000000
vt 0.550246 0.000000
vt 0.551097 0.125000
vt 0.482981 0.125000
vt 0.625000 0.000000
vt 0.625000 0.125000
vt 0.625000 0.250000
vt 0.551267 0.250000
vt 0.483661 0.250000
vt 0.551267 0.375000
vt 0.483661 0.375000
vt 0.625000 0.375000
vt 0.625000 0.500000
vt 0.551616 0.500000
vt 0.483661 0.500000
vt 0.552663 0.625000
vt 0.483661 0.625000
vt 0.638957 0.625000
vt 0.625000 0.750000
vt 0.551616 0.750000
vt 0.483661 0.750000
vt 0.551097 0.875000
vt 0.482981 0.875000
vt 0.625000 0.875000
vt 0.625000 1.000000
vt 0.550246 1.000000
vt 0.475492 1.000000
vt 0.125000 0.500000
vt 0.250000 0.500000
vt 0.247924 0.625000
vt 0.125000 0.625000
vt 0.375000 0.500000
vt 0.354235 0.625000
vt 0.375000 0.750000
vt 0.250000 0.750000
vt 0.125000 0.750000
vt 0.750000 0.500000
vt 0.751396 0.625000
vt 0.875000 0.500000
vt 0.875000 0.625000
vt 0.875000 0.750000
vt 0.750000 0.750000
vt 0.425748 0.750000
vt 0.426097 0.875000
vt 0.375000 0.875000
vt 0.425246 1.000000
vt 0.375000 1.000000
vt 0.425748 0.500000
vt 0.424191 0.625000
vt 0.375000 0.250000
vt 0.426267 0.250000
vt 0.426267 0.375000
vt 0.375000 0.375000
vt 0.375000 0.000000
vt 0.425246 0.000000
vt 0.426097 0.125000
vt 0.375000 0.125000
vt 0.475492 0.000000
vt 0.550246 0.000000
vt 0.551097 0.125000
vt 0.482981 0.125000
vt 0.625000 0.000000
vt 0.625000 0.125000
vt 0.625000 0.250000
vt 0.551267 0.250000
vt 0.483661 0.250000
vt 0.551267 0.375000
vt 0.483661 0.375000
vt 0.625000 0.375000
vt 0.625000 0.500000
vt 0.551616 0.500000
vt 0.483661 0.500000
vt 0.552663 0.625000
vt 0.483661 0.625000
vt 0.638957 0.625000
vt 0.625000 0.750000
vt 0.551616 0.750000
vt 0.483661 0.750000
vt 0.551097 0.875000
vt 0.482981 0.875000
vt 0.625000 0.875000
vt 0.625000 1.000000
vt 0.550246 1.000000
vt 0.475492 1.000000
vt 0.125000 0.500000
vt 0.250000 0.500000
vt 0.247924 0.625000
vt 0.125000 0.625000
vt 0.375000 0.500000
vt 0.354235 0.625000
vt 0.375000 0.750000
vt 0.250000 0.750000
vt 0.125000 0.750000
vt 0.750000 0.500000
vt 0.751396 0.625000
vt 0.875000 0.500000
vt 0.875000 0.625000
vt 0.875000 0.750000
vt 0.750000 0.750000
vt 0.425748 0.750000
vt 0.426097 0.875000
vt 0.375000 0.875000
vt 0.425246 1.000000
vt 0.375000 1.000000
vt 0.425748 0.500000
vt 0.424191 0.625000
vt 0.375000 0.250000
vt 0.426267 0.250000
vt 0.426267 0.375000
vt 0.375000 0.375000
vt 0.375000 0.000000
vt 0.425246 0.000000
vt 0.426097 0.125000
vt 0.375000 0.125000
vt 0.475492 0.000000
vt 0.550246 0.000000
vt 0.551097 0.125000
vt 0.482981 0.125000
vt 0.625000 0.000000
vt 0.625000 0.125000
vt 0.625000 0.250000
vt 0.551267 0.250000
vt 0.483661 0.250000
vt 0.551267 0.375000
vt 0.483661 0.375000
vt 0.625000 0.375000
vt 0.625000 0.500000
vt 0.551616 0.500000
vt 0.483661 0.500000
vt 0.552663 0.625000
vt 0.483661 0.625000
vt 0.638957 0.625000
vt 0.625000 0.750000
vt 0.551616 0.750000
vt 0.483661 0.750000
vt 0.551097 0.875000
vt 0.482981 0.875000
vt 0.625000 0.875000
vt 0.625000 1.000000
vt 0.550246 1.000000
vt 0.475492 1.000000
vt 0.125000 0.500000
vt 0.250000 0.500000
vt 0.247924 0.625000
vt 0.125000 0.625000
vt 0.375000 0.500000
vt 0.354235 0.625000
vt 0.375000 0.750000
vt 0.250000 0.750000
vt 0.125000 0.750000
vt 0.750000 0.500000
vt 0.751396 0.625000
vt 0.875000 0.500000
vt 0.875000 0.625000
vt 0.875000 0.750000
vt 0.750000 0.750000
vt 0.425748 0.750000
vt 0.426097 0.875000
vt 0.375000 0.875000
vt 0.425246 1.000000
vt 0.375000 1.000000
vt 0.425748 0.500000
vt 0.424191 0.625000
vt 0.375000 0.250000
vt 0.426267 0.250000
vt 0.426267 0.375000
vt 0.375000 0.375000
vt 0.375000 0.000000
vt 0.425246 0.000000
vt 0.426097 0.125000
vt 0.375000 0.125000
vt 0.475492 0.000000
vt 0.550246 0.000000
vt 0.551097 0.125000
vt 0.482981 0.125000
vt 0.625000 0.000000
vt 0.625000 0.125000
vt 0.625000 0.250000
vt 0.551267 0.250000
vt 0.483661 0.250000
vt 0.551267 0.375000
vt 0.483661 0.375000
vt 0.625000 0.375000
vt 0.625000 0.500000
vt 0.551616 0.500000
vt 0.483661 0.500000
vt 0.552663 0.625000
vt 0.483661 0.625000
vt 0.638957 0.625000
vt 0.625000 0.750000
vt 0.551616 0.750000
vt 0.483661 0.750000
vt 0.551097 0.875000
vt 0.482981 0.875000
vt 0.625000 0.875000
vt 0.625000 1.000000
vt 0.550246 1.000000
vt 0.475492 1.000000
vt 0.125000 0.500000
vt 0.250000 0.500000
vt 0.247924 0.625000
vt 0.125000 0.625000
vt 0.375000 0.500000
vt 0.354235 0.625000
vt 0.375000 0.750000
vt 0.250000 0.750000
vt 0.125000 0.750000
vt 0.750000 0.500000
vt 0.751396 0.625000
vt 0.875000 0.500000
vt 0.875000 0.625000
vt 0.875000 0.750000
vt 0.750000 0.750000
vt 0.425748 0.750000
vt 0.426097 0.875000
vt 0.375000 0.875000
vt 0.425246 1.000000
vt 0.375000 1.000000
vt 0.425748 0.500000
vt 0.424191 0.625000
vt 0.375000 0.250000
vt 0.426267 0.250000
vt 0.426267 0.375000
vt 0.375000 0.375000
vt 0.375000 0.000000
vt 0.425246 0.000000
vt 0.426097 0.125000
vt 0.375000 0.125000
vt 0.475492 0.000000
vt 0.550246 0.000000
vt 0.551097 0.125000
vt 0.482981 0.125000
vt 0.625000 0.000000
vt 0.625000 0.125000
vt 0.625000 0.250000
vt 0.551267 0.250000
vt 0.483661 0.250000
vt 0.551267 0.375000
vt 0.483661 0.375000
vt 0.625000 0.375000
vt 0.625000 0.500000
vt 0.551616 0.500000
vt 0.483661 0.500000
vt 0.552663 0.625000
vt 0.483661 0.625000
vt 0.638957 0.625000
vt 0.625000 0.750000
vt 0.551616 0.750000
vt 0.483661 0.750000
vt 0.551097 0.875000
vt 0.482981 0.875000
vt 0.625000 0.875000
vt 0.625000 1.000000
vt 0.550246 1.000000
vt 0.475492 1.000000
vt 0.125000 0.500000
vt 0.250000 0.500000
vt 0.247924 0.625000
vt 0.125000 0.625000
vt 0.375000 0.500000
vt 0.354235 0.625000
vt 0.375000 0.750000
vt 0.250000 0.750000
vt 0.125000 0.750000
vt 0.750000 0.500000
vt 0.751396 0.625000
vt 0.875000 0.500000
vt 0.875000 0.625000
vt 0.875000 0.750000
vt 0.750000 0.750000
vt 0.425748 0.750000
vt 0.426097 0.875000
vt 0.375000 0.875000
vt 0.425246 1.000000
vt 0.375000 1.000000
vt 0.425748 0.500000
vt 0.424191 0.625000
vt 0.375000 0.250000
vt 0.426267 0.250000
vt 0.426267 0.375000
vt 0.375000 0.375000
vt 0.375000 0.000000
vt 0.425246 0.000000
vt 0.426097 0.125000
vt 0.375000 0.125000
vt 0.475492 0.000000
vt 0.550246 0.000000
vt 0.551097 0.125000
vt 0.482981 0.125000
vt 0.625000 0.000000
vt 0.625000 0.125000
vt 0.625000 0.250000
vt 0.551267 0.250000
vt 0.483661 0.250000
vt 0.551267 0.375000
vt 0.483661 0.375000
vt 0.625000 0.375000
vt 0.625000 0.500000
vt 0.551616 0.500000
vt 0.483661 0.500000
vt 0.552663 0.625000
vt 0.483661 0.625000
vt 0.638957 0.625000
vt 0.625000 0.750000
vt 0.551616 0.750000
vt 0.483661 0.750000
vt 0.551097 0.875000
vt 0.482981 0.875000
vt 0.625000 0.875000
vt 0.625000 1.000000
vt 0.550246 1.000000
vt 0.475492 1.000000
vt 0.125000 0.500000
vt 0.250000 0.500000
vt 0.247924 0.625000
vt 0.125000 0.625000
vt 0.375000 0.500000
vt 0.354235 0.625000
vt 0.375000 0.750000
vt 0.250000 0.750000
vt 0.125000 0.750000
vt 0.750000 0.500000
vt 0.751396 0.625000
vt 0.875000 0.500000
vt 0.875000 0.625000
vt 0.875000 0.750000
vt 0.750000 0.750000
vt 0.425748 0.750000
vt 0.426097 0.875000
vt 0.375000 0.875000
vt 0.425246 1.000000
vt 0.375000 1.000000
vt 0.425748 0.500000
vt 0.424191 0.625000
vt 0.375000 0.250000
vt 0.426267 0.250000
vt 0.426267 0.375000
vt 0.375000 0.375000
vt 0.375000 0.000000
vt 0.425246 0.000000
vt 0.426097 0.125000
vt 0.375000 0.125000
vt 0.475492 0.000000
vt 0.550246 0.000000
vt 0.551097 0.125000
vt 0.482981 0.125000
vt 0.625000 0.000000
vt 0.625000 0.125000
vt 0.625000 0.250000
vt 0.551267 0.250000
vt 0.483661 0.250000
vt 0.551267 0.375000
vt 0.483661 0.375000
vt 0.625000 0.375000
vt 0.625000 0.500000
vt 0.551616 0.500000
vt 0.483661 0.500000
vt 0.552663 0.625000
vt 0.483661 0.625000
vt 0.638957 0.625000
vt 0.625000 0.750000
vt 0.551616 0.750000
vt 0.483661 0.750000
vt 0.551097 0.875000
vt 0.482981 0.875000
vt 0.625000 0.875000
vt 0.625000 1.000000
vt 0.550246 1.000000
vt 0.475492 1.000000
vt 0.125000 0.500000
vt 0.250000 0.500000
vt 0.247924 0.625000
vt 0.125000 0.625000
vt 0.375000 0.500000
vt 0.354235 0.625000
vt 0.375000 0.750000
vt 0.250000 0.750000
vt 0.125000 0.750000
vt 0.750000 0.500000
vt 0.751396 0.625000
vt 0.875000 0.500000
vt 0.875000 0.625000
vt 0.875000 0.750000
vt 0.750000 0.750000
vt 0.425748 0.750000
vt 0.426097 0.875000
vt 0.375000 0.875000
vt 0.425246 1.000000
vt 0.375000 1.000000
vt 0.425748 0.500000
vt 0.424191 0.625000
vt 0.375000 0.250000
vt 0.426267 0.250000
vt 0.426267 0.375000
vt 0.375000 0.375000
vt 0.375000 0.000000
vt 0.425246 0.000000
vt 0.426097 0.125000
vt 0.375000 0.125000
vt 0.475492 0.000000
vt 0.550246 0.000000
vt 0.551097 0.125000
vt 0.482981 0.125000
vt 0.625000 0.000000
vt 0.625000 0.125000
vt 0.625000 0.250000
vt 0.551267 0.250000
vt 0.483661 0.250000
vt 0.551267 0.375000
vt 0.483661 0.375000
vt 0.625000 0.375000
vt 0.625000 0.500000
vt 0.551616 0.500000
vt 0.483661 0.500000
vt 0.552663 0.625000
vt 0.483661 0.625000
vt 0.638957 0.625000
vt 0.625000 0.750000
vt 0.551616 0.750000
vt 0.483661 0.750000
vt 0.551097 0.875000
vt 0.482981 0.875000
vt 0.625000 0.875000
vt 0.625000 1.000000
vt 0.550246 1.000000
vt 0.475492 1.000000
vt 0.125000 0.500000
vt 0.250000 0.500000
vt 0.247924 0.625000
vt 0.125000 0.625000
vt 0.375000 0.500000
vt 0.354235 0.625000
vt 0.375000 0.750000
vt 0.250000 0.750000
vt 0.125000 0.750000
vt 0.750000 0.500000
vt 0.751396 0.625000
vt 0.875000 0.500000
vt 0.875000 0.625000
vt 0.875000 0.750000
vt 0.750000 0.750000
vt 0.425748 0.750000
vt 0.426097 0.875000
vt 0.375000 0.875000
vt 0.425246 1.000000
vt 0.375000 1.000000
vt 0.425748 0.500000
vt 0.424191 0.625000
vt 0.375000 0.250000
vt 0.426267 0.250000
vt 0.426267 0.375000
vt 0.375000 0.375000
vt 0.375000 0.000000
vt 0.425246 0.000000
vt 0.426097 0.125000
vt 0.375000 0.125000
vt 0.475492 0.000000
vt 0.550246 0.000000
vt 0.551097 0.125000
vt 0.482981 0.125000
vt 0.625000 0.000000
vt 0.625000 0.125000
vt 0.625000 0.250000
vt 0.551267 0.250000
vt 0.483661 0.250000
vt 0.551267 0.375000
vt 0.483661 0.375000
vt 0.625000 0.375000
vt 0.625000 0.500000
vt 0.551616 0.500000
vt 0.483661 0.500000
vt 0.552663 0.625000
vt 0.483661 0.625000
vt 0.638957 0.625000
vt 0.625000 0.750000
vt 0.551616 0.750000
vt 0.483661 0.750000
vt 0.551097 0.875000
vt 0.482981 0.875000
vt 0.625000 0.875000
vt 0.625000 1.000000
vt 0.550246 1.000000
vt 0.475492 1.000000
vt 0.125000 0.500000
vt 0.250000 0.500000
vt 0.247924 0.625000
vt 0.125000 0.625000
vt 0.375000 0.500000
vt 0.354235 0.625000
vt 0.375000 0.750000
vt 0.250000 0.750000
vt 0.125000 0.750000
vt 0.750000 0.500000
vt 0.751396 0.625000
vt 0.875000 0.500000
vt 0.875000 0.625000
vt 0.875000 0.750000
vt 0.750000 0.750000
vt 0.425748 0.750000
vt 0.426097 0.875000
vt 0.375000 0.875000
vt 0.425246 1.000000
vt 0.375000 1.000000
vt 0.425748 0.500000
vt 0.424191 0.625000
vt 0.375000 0.250000
vt 0.426267 0.250000
vt 0.426267 0.375000
vt 0.375000 0.375000
vt 0.375000 0.000000
vt 0.425246 0.000000
vt 0.426097 0.125000
vt 0.375000 0.125000
vt 0.000000 0.000000
vt 0.000000 0.000000
vt 0.000000 0.000000
vt 0.000000 0.000000
vt 0.000000 0.000000
vt 0.000000 0.000000
vt 0.000000 0.000000
vt 0.000000 0.000000
vt 0.000000 0.000000
vt 0.000000 0.000000
vt 0.000000 0.000000
vt 0.000000 0.000000
vt 0.000000 0.000000
vt 0.000000 0.000000
vt 0.000000 0.000000
vt 0.000000 0.000000
vt 0.000000 0.000000
vt 0.000000 0.000000
vt 0.000000 0.000000
vt 0.000000 0.000000
vt 0.000000 0.000000
vt 0.000000 0.000000
vt 0.000000 0.000000
vt 0.000000 0.000000
vt 0.000000 0.000000
vt 0.000000 0.000000
vt 0.000000 0.000000
vt 0.000000 0.000000
vt 0.000000 0.000000
vt 0.000000 0.000000
vt 0.000000 0.000000
vt 0.000000 0.000000
vt 0.000000 0.000000
vt 0.000000 0.000000
vt 0.000000 0.000000
vt 0.000000 0.000000
vt 0.000000 0.000000
vt 0.000000 0.000000
vt 0.000000 0.000000
vt 0.000000 0.000000
vt 0.000000 0.000000
vt 0.000000 0.000000
vt 0.000000 0.000000
vt 0.000000 0.000000
vt 0.000000 0.000000
vt 0.000000 0.000000
vt 0.000000 0.000000
vt 0.000000 0.000000
vt 0.000000 0.000000
vt 0.000000 0.000000
vt 0.000000 0.000000
vt 0.000000 0.000000
vt 0.000000 0.000000
vt 0.000000 0.000000
vt 0.000000 0.000000
vt 0.000000 0.000000
vt 0.000000 0.000000
vt 0.000000 0.000000
vt 0.000000 0.000000
vt 0.000000 0.000000
vt 0.000000 0.000000
vt 0.000000 0.000000
vt 0.000000 0.000000
vt 0.000000 0.000000
vt 0.000000 0.000000
vt 0.000000 0.000000
vt 0.000000 0.000000
vt 0.000000 0.000000
vt 0.000000 0.000000
vt 0.000000 0.000000
vt 0.000000 0.000000
vt 0.000000 0.000000
vt 0.000000 0.000000
vt 0.000000 0.000000
vt 0.000000 0.000000
vt 0.000000 0.000000
vt 0.000000 0.000000
vt 0.000000 0.000000
vt 0.000000 0.000000
vt 0.000000 0.000000
vt 0.000000 0.000000
vt 0.000000 0.000000
vt 0.000000 0.000000
vt 0.000000 0.000000
vt 0.000000 0.000000
vt 0.000000 0.000000
vt 0.000000 0.000000
vt 0.000000 0.000000
vt 0.000000 0.000000
vt 0.000000 0.000000
vt 0.000000 0.000000
vt 0.000000 0.000000
vt 0.000000 0.000000
vt 0.000000 0.000000
vt 0.000000 0.000000
vt 0.000000 0.000000
vt 0.000000 0.000000
vt 0.000000 0.000000
vt 0.000000 0.000000
vt 0.000000 0.000000
vt 0.000000 0.000000
vt 0.000000 0.000000
vt 0.000000 0.000000
vt 0.000000 0.000000
vt 0.000000 0.000000
vt 0.000000 0.000000
vt 0.000000 0.000000
vt 0.000000 0.000000
vt 0.000000 0.000000
vt 0.000000 0.000000
vt 0.000000 0.000000
vt 0.000000 0.000000
vt 0.000000 0.000000
vt 0.000000 0.000000
vt 0.000000 0.000000
vt 0.000000 0.000000
vt 0.000000 0.000000
vt 0.000000 0.000000
vt 0.000000 0.000000
vt 0.000000 0.000000
vt 0.000000 0.000000
vt 0.000000 0.000000
vt 0.000000 0.000000
vt 0.000000 0.000000
vt 0.000000 0.000000
vt 0.000000 0.000000
vt 0.000000 0.000000
vt 0.000000 0.000000
vt 0.000000 0.000000
vt 0.000000 0.000000
vt 0.000000 0.000000
vt 0.000000 0.000000
vt 0.000000 0.000000
vt 0.000000 0.000000
vt 0.000000 0.000000
vt 0.000000 0.000000
vt 0.000000 0.000000
vt 0.000000 0.000000
vt 0.000000 0.000000
vt 0.000000 0.000000
vt 0.000000 0.000000
vt 0.000000 0.000000
vt 0.000000 0.000000
vt 0.000000 0.000000
vt 0.000000 0.000000
vt 0.000000 0.000000
vt 0.000000 0.000000
vt 0.000000 0.000000
vt 0.000000 0.000000
vt 0.000000 0.000000
vt 0.000000 0.000000
vt 0.000000 0.000000
vt 0.000000 0.000000
vt 0.000000 0.000000
vt 0.000000 0.000000
vt 0.000000 0.000000
vt 0.000000 0.000000
vt 0.000000 0.000000
vt 0.000000 0.000000
vt 0.000000 0.000000
vt 0.000000 0.000000
vt 0.000000 0.000000
vt 0.000000 0.000000
vt 0.000000 0.000000
vt 0.000000 0.000000
vt 0.000000 0.000000
vt 0.000000 0.000000
vt 0.000000 0.000000
vt 0.000000 0.000000
vt 0.000000 0.000000
vt 0.000000 0.000000
vt 0.000000 0.000000
vt 0.000000 0.000000
vt 0.000000 0.000000
vt 0.000000 0.000000
vt 0.000000 0.000000
vt 0.000000 0.000000
vt 0.000000 0.000000
vt 0.000000 0.000000
vt 0.000000 0.000000
vt 0.000000 0.000000
vt 0.000000 0.000000
vt 0.000000 0.000000
vt 0.000000 0.000000
vt 0.000000 0.000000
vt 0.000000 0.000000
vt 0.000000 0.000000
vt 0.000000 0.000000
vt 0.000000 0.000000
vt 0.000000 0.000000
vt 0.000000 0.000000
vt 0.000000 0.000000
vt 0.000000 0.000000
vt 0.000000 0.000000
vt 0.000000 0.000000
vt 0.000000 0.000000
vt 0.000000 0.000000
vt 0.000000 0.000000
vt 0.000000 0.000000
vt 0.000000 0.000000
vt 0.000000 0.000000
vt 0.000000 0.000000
vt 0.000000 0.000000
vt 0.000000 0.000000
vt 0.000000 0.000000
vt 0.000000 0.000000
vt 0.000000 0.000000
vt 0.000000 0.000000
vt 0.000000 0.000000
vt 0.000000 0.000000
vt 0.000000 0.000000
vt 0.000000 0.000000
vt 0.000000 0.000000
vt 0.000000 0.000000
vt 0.000000 0.000000
vt 0.000000 0.000000
vt 0.000000 0.000000
vt 0.000000 0.000000
vt 0.000000 0.000000
vt 0.000000 0.000000
vt 0.000000 0.000000
vt 0.000000 0.000000
vt 0.000000 0.000000
vt 0.000000 0.000000
vt 0.000000 0.000000
vt 0.000000 0.000000
vt 0.000000 0.000000
vt 0.000000 0.000000
vt 0.000000 0.000000
vt 0.000000 0.000000
vt 0.000000 0.000000
vt 0.000000 0.000000
vt 0.000000 0.000000
vt 0.000000 0.000000
vt 0.000000 0.000000
vt 0.000000 0.000000
vt 0.000000 0.000000
vt 0.000000 0.000000
vt 0.000000 0.000000
vt 0.000000 0.000000
vt 0.000000 0.000000
vt 0.000000 0.000000
vt 0.000000 0.000000
vt 0.000000 0.000000
vt 0.000000 0.000000
vt 0.000000 0.000000
vt 0.000000 0.000000
vt 0.000000 0.000000
vt 0.000000 0.000000
vt 0.000000 0.000000
vt 0.000000 0.000000
vt 0.000000 0.000000
vt 0.000000 0.000000
vt 0.000000 0.000000
vt 0.000000 0.000000
vt 0.000000 0.000000
vt 0.000000 0.000000
vt 0.000000 0.000000
vt 0.000000 0.000000
vt 0.000000 0.000000
vt 0.000000 0.000000
vt 0.000000 0.000000
vt 0.000000 0.000000
vt 0.000000 0.000000
vt 0.000000 0.000000
vt 0.000000 0.000000
vt 0.000000 0.000000
vt 0.000000 0.000000
vt 0.000000 0.000000
vt 0.000000 0.000000
vt 0.000000 0.000000
vt 0.000000 0.000000
vt 0.000000 0.000000
vt 0.000000 0.000000
vt 0.000000 0.000000
vt 0.000000 0.000000
vt 0.000000 0.000000
vt 0.000000 0.000000
vt 0.000000 0.000000
vt 0.000000 0.000000
vt 0.000000 0.000000
vt 0.000000 0.000000
vt 0.000000 0.000000
vt 0.000000 0.000000
vt 0.000000 0.000000
vt 0.000000 0.000000
vt 0.000000 0.000000
vt 0.000000 0.000000
vt 0.000000 0.000000
vt 0.000000 0.000000
vt 0.000000 0.000000
vt 0.000000 0.000000
vt 0.000000 0.000000
vt 0.000000 0.000000
vt 0.000000 0.000000
vt 0.000000 0.000000
vt 0.000000 0.000000
vt 0.000000 0.000000
vt 0.000000 0.000000
vt 0.000000 0.000000
vt 0.000000 0.000000
vt 0.000000 0.000000
vt 0.000000 0.000000
vt 0.000000 0.000000
vt 0.000000 0.000000
vt 0.000000 0.000000
vt 0.000000 0.000000
vt 0.000000 0.000000
vt 0.000000 0.000000
vt 0.000000 0.000000
vt 0.000000 0.000000
vt 0.000000 0.000000
vt 0.000000 0.000000
vt 0.000000 0.000000
vt 0.000000 0.000000
vt 0.000000 0.000000
vt 0.000000 0.000000
vt 0.000000 0.000000
vt 0.000000 0.000000
vt 0.000000 0.000000
vt 0.000000 0.000000
vt 0.000000 0.000000
vt 0.000000 0.000000
vt 0.000000 0.000000
vt 0.000000 0.000000
vt 0.000000 0.000000
vt 0.000000 0.000000
vt 0.000000 0.000000
vt 0.000000 0.000000
vt 0.000000 0.000000
vt 0.000000 0.000000
vt 0.000000 0.000000
vt 0.000000 0.000000
vt 0.000000 0.000000
vt 0.000000 0.000000
vt 0.000000 0.000000
vt 0.000000 0.000000
vt 0.000000 0.000000
vt 0.000000 0.000000
vt 0.000000 0.000000
vt 0.000000 0.000000
vt 0.000000 0.000000
vt 0.000000 0.000000
vt 0.000000 0.000000
vt 0.000000 0.000000
vt 0.000000 0.000000
vt 0.000000 0.000000
vt 0.000000 0.000000
vt 0.000000 0.000000
vt 0.000000 0.000000
vt 0.000000 0.000000
vt 0.000000 0.000000
vt 0.000000 0.000000
vt 0.000000 0.000000
vt 0.000000 0.000000
vt 0.000000 0.000000
vt 0.000000 0.000000
vt 0.000000 0.000000
vt 0.000000 0.000000
vt 0.000000 0.000000
vt 0.000000 0.000000
vt 0.000000 0.000000
vt 0.000000 0.000000
vt 0.000000 0.000000
vt 0.000000 0.000000
vt 0.000000 0.000000
vt 0.000000 0.000000
vt 0.000000 0.000000
vt 0.000000 0.000000
vt 0.000000 0.000000
vt 0.000000 0.000000
vt 0.000000 0.000000
vt 0.000000 0.000000
vt 0.000000 0.000000
vt 0.000000 0.000000
vt 0.000000 0.000000
vt 0.000000 0.000000
vt 0.000000 0.000000
vt 0.000000 0.000000
vt 0.000000 0.000000
vt 0.000000 0.000000
vt 0.000000 0.000000
vt 0.000000 0.000000
vt 0.000000 0.000000
vt 0.000000 0.000000
vt 0.000000 0.000000
vt 0.000000 0.000000
vt 0.000000 0.000000
vt 0.000000 0.000000
vt 0.000000 0.000000
vt 0.000000 0.000000
vt 0.000000 0.000000
vt 0.000000 0.000000
vt 0.000000 0.000000
vt 0.000000 0.000000
vt 0.000000 0.000000
vt 0.000000 0.000000
vt 0.000000 0.000000
vt 0.000000 0.000000
vt 0.000000 0.000000
vt 0.000000 0.000000
vt 0.000000 0.000000
vt 0.000000 0.000000
vt 0.000000 0.000000
vt 0.000000 0.000000
vt 0.000000 0.000000
vt 0.000000 0.000000
vt 0.000000 0.000000
vt 0.000000 0.000000
vt 0.000000 0.000000
vt 0.000000 0.000000
vt 0.000000 0.000000
vt 0.000000 0.000000
vt 0.000000 0.000000
vt 0.000000 0.000000
vt 0.000000 0.000000
vt 0.000000 0.000000
vt 0.000000 0.000000
vt 0.000000 0.000000
vt 0.000000 0.000000
vt 0.000000 0.000000
vt 0.000000 0.000000
vt 0.000000 0.000000
vt 0.000000 0.000000
vt 0.000000 0.000000
vt 0.000000 0.000000
vt 0.000000 0.000000
vt 0.000000 0.000000
vt 0.000000 0.000000
vt 0.000000 0.000000
vt 0.000000 0.000000
vt 0.000000 0.000000
vt 0.000000 0.000000
vt 0.000000 0.000000
vt 0.000000 0.000000
vt 0.000000 0.000000
vt 0.000000 0.000000
vt 0.000000 0.000000
vt 0.000000 0.000000
vt 0.000000 0.000000
vt 0.000000 0.000000
vt 0.000000 0.000000
vt 0.000000 0.000000
vt 0.000000 0.000000
vt 0.000000 0.000000
vt 0.000000 0.000000
vt 0.000000 0.000000
vt 0.000000 0.000000
vt 0.000000 0.000000
vt 0.000000 0.000000
vt 0.000000 0.000000
vt 0.000000 0.000000
vt 0.000000 0.000000
vt 0.000000 0.000000
vt 0.000000 0.000000
vt 0.000000 0.000000
vt 0.000000 0.000000
vt 0.000000 0.000000
vt 0.000000 0.000000
vt 0.000000 0.000000
vt 0.000000 0.000000
vt 0.000000 0.000000
vt 0.000000 0.000000
vt 0.000000 0.000000
vt 0.000000 0.000000
vt 0.000000 0.000000
vt 0.000000 0.000000
vt 0.000000 0.000000
vt 0.000000 0.000000
vt 0.000000 0.000000
vt 0.000000 0.000000
vt 0.000000 0.000000
vt 0.000000 0.000000
vt 0.000000 0.000000
vt 0.000000 0.000000
vt 0.000000 0.000000
vt 0.000000 0.000000
vt 0.000000 0.000000
vt 0.000000 0.000000
vt 0.000000 0.000000
vt 0.000000 0.000000
vt 0.000000 0.000000
vt 0.000000 0.000000
vt 0.000000 0.000000
vt 0.000000 0.000000
vt 0.000000 0.000000
vt 0.000000 0.000000
vt 0.000000 0.000000
vt 0.000000 0.000000
vt 0.000000 0.000000
vt 0.000000 0.000000
vt 0.000000 0.000000
vt 0.000000 0.000000
vt 0.000000 0.000000
vt 0.000000 0.000000
vt 0.000000 0.000000
vt 0.000000 0.000000
vt 0.000000 0.000000
vt 0.000000 0.000000
vt 0.000000 0.000000
vt 0.000000 0.000000
vt 0.000000 0.000000
vt 0.000000 0.000000
vt 0.000000 0.000000
vt 0.000000 0.000000
vt 0.000000 0.000000
vt 0.000000 0.000000
vt 0.000000 0.000000
vt 0.000000 0.000000
vt 0.000000 0.000000
vt 0.000000 0.000000
vt 0.000000 0.000000
vt 0.000000 0.000000
vt 0.000000 0.000000
vt 0.000000 0.000000
vt 0.000000 0.000000
vt 0.000000 0.000000
vt 0.000000 0.000000
vt 0.000000 0.000000
vt 0.000000 0.000000
vt 0.000000 0.000000
vt 0.000000 0.000000
vt 0.000000 0.000000
vt 0.000000 0.000000
vt 0.000000 0.000000
vt 0.000000 0.000000
vt 0.000000 0.000000
vt 0.000000 0.000000
vt 0.000000 0.000000
vt 0.000000 0.000000
vt 0.000000 0.000000
vt 0.000000 0.000000
vt 0.000000 0.000000
vt 0.000000 0.000000
vt 0.000000 0.000000
vt 0.000000 0.000000
vt 0.000000 0.000000
vt 0.000000 0.000000
vt 0.000000 0.000000
vt 0.000000 0.000000
vt 0.000000 0.000000
vt 0.000000 0.000000
vt 0.000000 0.000000
vt 0.000000 0.000000
vt 0.000000 0.000000
vt 0.000000 0.000000
vt 0.000000 0.000000
vt 0.000000 0.000000
vt 0.000000 0.000000
vt 0.000000 0.000000
vt 0.000000 0.000000
vt 0.000000 0.000000
vt 0.000000 0.000000
vt 0.000000 0.000000
vt 0.000000 0.000000
vt 0.000000 0.000000
vt 0.000000 0.000000
vt 0.000000 0.000000
vt 0.000000 0.000000
vt 0.000000 0.000000
vt 0.000000 0.000000
vt 0.000000 0.000000
vt 0.000000 0.000000
vt 0.000000 0.000000
vt 0.000000 0.000000
vt 0.000000 0.000000
vt 0.000000 0.000000
vt 0.000000 0.000000
vt 0.000000 0.000000
vt 0.000000 0.000000
vt 0.000000 0.000000
vt 0.000000 0.000000
vt 0.000000 0.000000
vt 0.000000 0.000000
vt 0.000000 0.000000
vt 0.000000 0.000000
vt 0.000000 0.000000
vt 0.000000 0.000000
vt 0.000000 0.000000
vt 0.000000 0.000000
vt 0.000000 0.000000
vt 0.000000 0.000000
vt 0.000000 0.000000
vt 0.000000 0.000000
vt 0.000000 0.000000
vt 0.000000 0.000000
vt 0.000000 0.000000
vt 0.000000 0.000000
vt 0.000000 0.000000
vt 0.000000 0.000000
vt 0.000000 0.000000
vt 0.000000 0.000000
vt 0.000000 0.000000
vt 0.000000 0.000000
vt 0.000000 0.000000
vt 0.000000 0.000000
vt 0.000000 0.000000
vt 0.000000 0.000000
vt 0.000000 0.000000
vt 0.000000 0.000000
vt 0.000000 0.000000
vt 0.000000 0.000000
vt 0.000000 0.000000
vt 0.000000 0.000000
vt 0.000000 0.000000
vt 0.000000 0.000000
vt 0.000000 0.000000
vt 0.000000 0.000000
vt 0.000000 0.000000
vt 0.000000 0.000000
vt 0.000000 0.000000
vt 0.000000 0.000000
vt 0.000000 0.000000
vt 0.000000 0.000000
vt 0.000000 0.000000
vt 0.000000 0.000000
vt 0.000000 0.000000
vt 0.000000 0.000000
vt 0.000000 0.000000
vt 0.000000 0.000000
vt 0.000000 0.000000
vt 0.000000 0.000000
vt 0.000000 0.000000
vt 0.000000 0.000000
vt 0.000000 0.000000
vt 0.000000 0.000000
vt 0.000000 0.000000
vt 0.000000 0.000000
vt 0.000000 0.000000
vt 0.000000 0.000000
vt 0.000000 0.000000
vt 0.000000 0.000000
vt 0.000000 0.000000
vt 0.000000 0.000000
vt 0.000000 0.000000
vt 0.000000 0.000000
vt 0.000000 0.000000
vt 0.000000 0.000000
vt 0.000000 0.000000
vt 0.000000 0.000000
vt 0.000000 0.000000
vt 0.000000 0.000000
vt 0.000000 0.000000
vt 0.000000 0.000000
vt 0.000000 0.000000
vt 0.000000 0.000000
vt 0.000000 0.000000
vt 0.000000 0.000000
vt 0.000000 0.000000
vt 0.000000 0.000000
vt 0.000000 0.000000
vt 0.000000 0.000000
vt 0.000000 0.000000
vt 0.000000 0.000000
vt 0.000000 0.000000
vt 0.000000 0.000000
vt 0.000000 0.000000
vt 0.000000 0.000000
vt 0.000000 0.000000
vt 0.000000 0.000000
vt 0.000000 0.000000
vt 0.000000 0.000000
vt 0.000000 0.000000
vt 0.000000 0.000000
vt 0.000000 0.000000
vt 0.000000 0.000000
vt 0.000000 0.000000
vt 0.000000 0.000000
vt 0.000000 0.000000
vt 0.000000 0.000000
vt 0.000000 0.000000
vt 0.000000 0.000000
vt 0.000000 0.000000
vt 0.000000 0.000000
vt 0.000000 0.000000
vt 0.000000 0.000000
vt 0.000000 0.000000
vt 0.000000 0.000000
vt 0.000000 0.000000
vt 0.000000 0.000000
vt 0.000000 0.000000
vt 0.000000 0.000000
vt 0.000000 0.000000
vt 0.000000 0.000000
vt 0.000000 0.000000
vt 0.000000 0.000000
vt 0.000000 0.000000
vt 0.000000 0.000000
vt 0.000000 0.000000
vt 0.000000 0.000000
vt 0.000000 0.000000
vt 0.000000 0.000000
vt 0.000000 0.000000
vt 0.000000 0.000000
vt 0.000000 0.000000
vt 0.000000 0.000000
vt 0.000000 0.000000
vt 0.000000 0.000000
vt 0.000000 0.000000
vt 0.000000 0.000000
vt 0.000000 0.000000
vt 0.000000 0.000000
vt 0.000000 0.000000
vt 0.000000 0.000000
vt 0.000000 0.000000
vt 0.000000 0.000000
vt 0.000000 0.000000
vt 0.000000 0.000000
vt 0.000000 0.000000
vt 0.000000 0.000000
vt 0.000000 0.000000
vt 0.000000 0.000000
vt 0.000000 0.000000
vt 0.000000 0.000000
vt 0.000000 0.000000
vt 0.000000 0.000000
vt 0.000000 0.000000
vt 0.000000 0.000000
vt 0.000000 0.000000
vt 0.000000 0.000000
vt 0.000000 0.000000
vt 0.000000 0.000000
vt 0.000000 0.000000
vt 0.000000 0.000000
vt 0.000000 0.000000
vt 0.000000 0.000000
vt 0.000000 0.000000
vt 0.000000 0.000000
vt 0.000000 0.000000
vt 0.000000 0.000000
vt 0.000000 0.000000
vt 0.000000 0.000000
vt 0.000000 0.000000
vt 0.000000 0.000000
vt 0.000000 0.000000
vt 0.000000 0.000000
vt 0.000000 0.000000
vt 0.000000 0.000000
vt 0.000000 0.000000
vt 0.000000 0.000000
vt 0.000000 0.000000
vt 0.000000 0.000000
vt 0.000000 0.000000
vt 0.000000 0.000000
vt 0.000000 0.000000
vt 0.000000 0.000000
vt 0.000000 0.000000
vt 0.000000 0.000000
vt 0.000000 0.000000
vt 0.000000 0.000000
vt 0.000000 0.000000
vt 0.000000 0.000000
vt 0.000000 0.000000
vt 0.000000 0.000000
vt 0.000000 0.000000
vt 0.000000 0.000000
vt 0.000000 0.000000
vt 0.000000 0.000000
vt 0.000000 0.000000
vt 0.000000 0.000000
vt 0.000000 0.000000
vt 0.000000 0.000000
vt 0.000000 0.000000
vt 0.000000 0.000000
vt 0.000000 0.000000
vt 0.000000 0.000000
vt 0.000000 0.000000
vt 0.000000 0.000000
vt 0.000000 0.000000
vt 0.000000 0.000000
vt 0.000000 0.000000
vt 0.000000 0.000000
vt 0.000000 0.000000
vt 0.000000 0.000000
vt 0.000000 0.000000
vt 0.000000 0.000000
vt 0.000000 0.000000
vt 0.000000 0.000000
vt 0.000000 0.000000
vt 0.000000 0.000000
vt 0.000000 0.000000
vt 0.000000 0.000000
vt 0.000000 0.000000
vt 0.000000 0.000000
vt 0.000000 0.000000
vt 0.000000 0.000000
vt 0.000000 0.000000
vt 0.000000 0.000000
vt 0.000000 0.000000
vt 0.000000 0.000000
vt 0.000000 0.000000
vt 0.000000 0.000000
vt 0.000000 0.000000
vt 0.000000 0.000000
vt 0.000000 0.000000
vt 0.000000 0.000000
vt 0.000000 0.000000
vt 0.000000 0.000000
vt 0.000000 0.000000
vt 0.000000 0.000000
vt 0.000000 0.000000
vt 0.000000 0.000000
vt 0.000000 0.000000
vt 0.000000 0.000000
vt 0.000000 0.000000
vt 0.000000 0.000000
vt 0.000000 0.000000
vt 0.000000 0.000000
vt 0.000000 0.000000
vt 0.000000 0.000000
vt 0.000000 0.000000
vt 0.000000 0.000000
vt 0.000000 0.000000
vt 0.000000 0.000000
vt 0.000000 0.000000
vt 0.000000 0.000000
vt 0.000000 0.000000
vt 0.000000 0.000000
vt 0.000000 0.000000
vt 0.000000 0.000000
vt 0.000000 0.000000
vt 0.000000 0.000000
vt 0.000000 0.000000
vt 0.000000 0.000000
vt 0.000000 0.000000
vt 0.000000 0.000000
vt 0.000000 0.000000
vt 0.000000 0.000000
vt 0.000000 0.000000
vt 0.000000 0.000000
vt 0.000000 0.000000
vt 0.000000 0.000000
vt 0.000000 0.000000
vt 0.000000 0.000000
vt 0.000000 0.000000
vt 0.000000 0.000000
vt 0.000000 0.000000
vt 0.000000 0.000000
vt 0.000000 0.000000
vt 0.000000 0.000000
vt 0.000000 0.000000
vt 0.000000 0.000000
vt 0.000000 0.000000
vt 0.000000 0.000000
vt 0.000000 0.000000
vt 0.000000 0.000000
vt 0.000000 0.000000
vt 0.000000 0.000000
vt 0.000000 0.000000
vt 0.000000 0.000000
vt 0.000000 0.000000
vt 0.000000 0.000000
vt 0.000000 0.000000
vt 0.000000 0.000000
vt 0.000000 0.000000
vt 0.000000 0.000000
vt 0.000000 0.000000
vt 0.000000 0.000000
vt 0.000000 0.000000
vt 0.000000 0.000000
vt 0.000000 0.000000
vt 0.000000 0.000000
vt 0.000000 0.000000
vt 0.000000 0.000000
vt 0.000000 0.000000
vt 0.000000 0.000000
vt 0.000000 0.000000
vt 0.000000 0.000000
vt 0.000000 0.000000
vt 0.000000 0.000000
vt 0.000000 0.000000
vt 0.000000 0.000000
vt 0.000000 0.000000
vt 0.000000 0.000000
vt 0.000000 0.000000
vt 0.000000 0.000000
vt 0.000000 0.000000
vt 0.000000 0.000000
vt 0.000000 0.000000
vt 0.000000 0.000000
vt 0.000000 0.000000
vt 0.000000 0.000000
vt 0.000000 0.000000
vt 0.000000 0.000000
vt 0.000000 0.000000
vt 0.000000 0.000000
vt 0.000000 0.000000
vt 0.000000 0.000000
vt 0.000000 0.000000
vt 0.000000 0.000000
vt 0.000000 0.000000
vt 0.000000 0.000000
vt 0.000000 0.000000
vt 0.000000 0.000000
vt 0.000000 0.000000
vt 0.000000 0.000000
vt 0.000000 0.000000
vt 0.000000 0.000000
vt 0.000000 0.000000
vt 0.000000 0.000000
vt 0.000000 0.000000
vt 0.000000 0.000000
vt 0.000000 0.000000
vt 0.000000 0.000000
vt 0.000000 0.000000
vt 0.000000 0.000000
vt 0.000000 0.000000
vt 0.000000 0.000000
vt 0.000000 0.000000
vt 0.000000 0.000000
vt 0.000000 0.000000
vt 0.000000 0.000000
vt 0.000000 0.000000
vt 0.000000 0.000000
vt 0.000000 0.000000
vt 0.000000 0.000000
vt 0.000000 0.000000
vt 0.000000 0.000000
vt 0.000000 0.000000
vt 0.000000 0.000000
vt 0.000000 0.000000
vt 0.000000 0.000000
vt 0.000000 0.000000
vt 0.000000 0.000000
vt 0.000000 0.000000
vt 0.000000 0.000000
vt 0.000000 0.000000
vt 0.000000 0.000000
vt 0.000000 0.000000
vt 0.000000 0.000000
vt 0.000000 0.000000
vt 0.000000 0.000000
vt 0.000000 0.000000
vt 0.000000 0.000000
vt 0.000000 0.000000
vt 0.000000 0.000000
vt 0.000000 0.000000
vt 0.000000 0.000000
vt 0.000000 0.000000
vt 0.000000 0.000000
vt 0.000000 0.000000
vt 0.000000 0.000000
vt 0.000000 0.000000
vt 0.000000 0.000000
vt 0.000000 0.000000
vt 0.000000 0.000000
vt 0.000000 0.000000
vt 0.000000 0.000000
vt 0.000000 0.000000
vt 0.000000 0.000000
vt 0.000000 0.000000
vt 0.000000 0.000000
vt 0.000000 0.000000
vt 0.000000 0.000000
vt 0.000000 0.000000
vt 0.000000 0.000000
vt 0.000000 0.000000
vt 0.000000 0.000000
vt 0.000000 0.000000
vt 0.000000 0.000000
vt 0.000000 0.000000
vt 0.000000 0.000000
vt 0.000000 0.000000
vt 0.000000 0.000000
vt 0.000000 0.000000
vt 0.000000 0.000000
vt 0.000000 0.000000
vt 0.000000 0.000000
vt 0.000000 0.000000
vt 0.000000 0.000000
vt 0.000000 0.000000
vt 0.000000 0.000000
vt 0.000000 0.000000
vt 0.000000 0.000000
vt 0.000000 0.000000
vt 0.000000 0.000000
vt 0.000000 0.000000
vt 0.000000 0.000000
vt 0.000000 0.000000
vt 0.000000 0.000000
vt 0.000000 0.000000
vt 0.000000 0.000000
vt 0.000000 0.000000
vt 0.000000 0.000000
vt 0.000000 0.000000
vt 0.000000 0.000000
vt 0.000000 0.000000
vt 0.000000 0.000000
vt 0.000000 0.000000
vt 0.000000 0.000000
vt 0.000000 0.000000
vt 0.000000 0.000000
vt 0.000000 0.000000
vt 0.000000 0.000000
vt 0.000000 0.000000
vt 0.000000 0.000000
vt 0.000000 0.000000
vt 0.000000 0.000000
vt 0.000000 0.000000
vt 0.000000 0.000000
vt 0.000000 0.000000
vt 0.000000 0.000000
vt 0.000000 0.000000
vt 0.000000 0.000000
vt 0.000000 0.000000
vt 0.000000 0.000000
vt 0.000000 0.000000
vt 0.000000 0.000000
vt 0.000000 0.000000
vt 0.000000 0.000000
vt 0.000000 0.000000
vt 0.000000 0.000000
vt 0.000000 0.000000
vt 0.000000 0.000000
vt 0.000000 0.000000
vt 0.000000 0.000000
vt 0.000000 0.000000
vt 0.000000 0.000000
vt 0.000000 0.000000
vt 0.000000 0.000000
vt 0.000000 0.000000
vt 0.000000 0.000000
vt 0.000000 0.000000
vt 0.000000 0.000000
vt 0.000000 0.000000
vt 0.000000 0.000000
vt 0.000000 0.000000
vt 0.000000 0.000000
vt 0.000000 0.000000
vt 0.000000 0.000000
vt 0.000000 0.000000
vt 0.000000 0.000000
vt 0.000000 0.000000
vt 0.000000 0.000000
vt 0.000000 0.000000
vt 0.000000 0.000000
vt 0.000000 0.000000
vt 0.000000 0.000000
vt 0.000000 0.000000
vt 0.000000 0.000000
vt 0.000000 0.000000
vt 0.000000 0.000000
vt 0.000000 0.000000
vt 0.000000 0.000000
vt 0.000000 0.000000
vt 0.000000 0.000000
vt 0.000000 0.000000
vt 0.000000 0.000000
vt 0.000000 0.000000
vt 0.000000 0.000000
vt 0.000000 0.000000
vt 0.000000 0.000000
vt 0.000000 0.000000
vt 0.000000 0.000000
vt 0.000000 0.000000
vt 0.000000 0.000000
vt 0.000000 0.000000
vt 0.000000 0.000000
vt 0.000000 0.000000
vt 0.000000 0.000000
vt 0.000000 0.000000
vt 0.000000 0.000000
vt 0.000000 0.000000
vt 0.000000 0.000000
vt 0.000000 0.000000
vt 0.000000 0.000000
vt 0.000000 0.000000
vt 0.000000 0.000000
vt 0.000000 0.000000
vt 0.000000 0.000000
vt 0.000000 0.000000
vt 0.000000 0.000000
vt 0.000000 0.000000
vt 0.000000 0.000000
vt 0.000000 0.000000
vt 0.000000 0.000000
vt 0.000000 0.000000
vt 0.000000 0.000000
vt 0.000000 0.000000
vt 0.000000 0.000000
vt 0.000000 0.000000
vt 0.000000 0.000000
vt 0.000000 0.000000
vt 0.000000 0.000000
vt 0.000000 0.000000
vt 0.000000 0.000000
vt 0.000000 0.000000
vt 0.000000 0.000000
vt 0.000000 0.000000
vt 0.000000 0.000000
vt 0.000000 0.000000
vt 0.000000 0.000000
vt 0.000000 0.000000
vt 0.000000 0.000000
vt 0.000000 0.000000
vt 0.000000 0.000000
vt 0.000000 0.000000
vt 0.000000 0.000000
vt 0.000000 0.000000
vt 0.000000 0.000000
vt 0.000000 0.000000
vt 0.000000 0.000000
vt 0.000000 0.000000
vt 0.000000 0.000000
vt 0.000000 0.000000
vt 0.000000 0.000000
vt 0.000000 0.000000
vt 0.000000 0.000000
vt 0.000000 0.000000
vt 0.000000 0.000000
vt 0.000000 0.000000
vt 0.000000 0.000000
vt 0.000000 0.000000
vt 0.000000 0.000000
vt 0.000000 0.000000
vt 0.000000 0.000000
vt 0.000000 0.000000
vt 0.000000 0.000000
vt 0.000000 0.000000
vt 0.000000 0.000000
vt 0.000000 0.000000
vt 0.000000 0.000000
vt 0.000000 0.000000
vt 0.000000 0.000000
vt 0.000000 0.000000
vt 0.000000 0.000000
vt 0.000000 0.000000
vt 0.000000 0.000000
vt 0.000000 0.000000
vt 0.000000 0.000000
vt 0.000000 0.000000
vt 0.000000 0.000000
vt 0.000000 0.000000
vt 0.000000 0.000000
vt 0.000000 0.000000
vt 0.000000 0.000000
vt 0.000000 0.000000
vt 0.000000 0.000000
vt 0.000000 0.000000
vt 0.000000 0.000000
vt 0.000000 0.000000
vt 0.000000 0.000000
vt 0.000000 0.000000
vt 0.000000 0.000000
vt 0.000000 0.000000
vt 0.000000 0.000000
vt 0.000000 0.000000
vt 0.000000 0.000000
vt 0.000000 0.000000
vt 0.000000 0.000000
vt 0.000000 0.000000
vt 0.000000 0.000000
vt 0.000000 0.000000
vt 0.000000 0.000000
vt 0.000000 0.000000
vt 0.000000 0.000000
vt 0.000000 0.000000
vt 0.000000 0.000000
vt 0.000000 0.000000
vt 0.000000 0.000000
vt 0.000000 0.000000
vt 0.000000 0.000000
vt 0.000000 0.000000
vt 0.000000 0.000000
vt 0.000000 0.000000
vt 0.000000 0.000000
vt 0.000000 0.000000
vt 0.000000 0.000000
vt 0.000000 0.000000
vt 0.000000 0.000000
vt 0.000000 0.000000
vt 0.000000 0.000000
vt 0.000000 0.000000
vt 0.000000 0.000000
vt 0.000000 0.000000
vt 0.000000 0.000000
vt 0.000000 0.000000
vt 0.000000 0.000000
vt 0.000000 0.000000
vt 0.000000 0.000000
vt 0.000000 0.000000
vt 0.000000 0.000000
vt 0.000000 0.000000
vt 0.000000 0.000000
vt 0.000000 0.000000
vt 0.000000 0.000000
vt 0.000000 0.000000
vt 0.000000 0.000000
vt 0.000000 0.000000
vt 0.000000 0.000000
vt 0.000000 0.000000
vt 0.000000 0.000000
vt 0.000000 0.000000
vt 0.000000 0.000000
vt 0.000000 0.000000
vt 0.000000 0.000000
vt 0.000000 0.000000
vt 0.000000 0.000000
vt 0.000000 0.000000
vt 0.000000 0.000000
vt 0.000000 0.000000
vt 0.000000 0.000000
vt 0.000000 0.000000
vt 0.000000 0.000000
vt 0.000000 0.000000
vt 0.000000 0.000000
vt 0.000000 0.000000
vt 0.000000 0.000000
vt 0.000000 0.000000
vt 0.000000 0.000000
vt 0.000000 0.000000
vt 0.000000 0.000000
vt 0.000000 0.000000
vt 0.000000 0.000000
vt 0.000000 0.000000
vt 0.000000 0.000000
vt 0.000000 0.000000
vt 0.000000 0.000000
vt 0.000000 0.000000
vt 0.000000 0.000000
vt 0.000000 0.000000
vt 0.000000 0.000000
vt 0.000000 0.000000
vt 0.000000 0.000000
vt 0.000000 0.000000
vt 0.000000 0.000000
vt 0.000000 0.000000
vt 0.000000 0.000000
vt 0.000000 0.000000
vt 0.000000 0.000000
vt 0.000000 0.000000
vt 0.000000 0.000000
vt 0.000000 0.000000
vt 0.000000 0.000000
vt 0.000000 0.000000
vt 0.000000 0.000000
vt 0.000000 0.000000
vt 0.000000 0.000000
vt 0.000000 0.000000
vt 0.000000 0.000000
vt 0.000000 0.000000
vt 0.000000 0.000000
vt 0.000000 0.000000
vt 0.000000 0.000000
vt 0.000000 0.000000
vt 0.000000 0.000000
vt 0.000000 0.000000
vt 0.000000 0.000000
vt 0.000000 0.000000
vt 0.000000 0.000000
vt 0.000000 0.000000
vt 0.000000 0.000000
vt 0.000000 0.000000
vt 0.000000 0.000000
vt 0.000000 0.000000
vt 0.000000 0.000000
vt 0.000000 0.000000
vt 0.000000 0.000000
vt 0.000000 0.000000
vt 0.000000 0.000000
vt 0.000000 0.000000
vt 0.000000 0.000000
vt 0.000000 0.000000
vt 0.000000 0.000000
vt 0.000000 0.000000
vt 0.000000 0.000000
vt 0.000000 0.000000
vt 0.000000 0.000000
vt 0.000000 0.000000
vt 0.000000 0.000000
vt 0.000000 0.000000
vt 0.000000 0.000000
vt 0.000000 0.000000
vt 0.000000 0.000000
vt 0.000000 0.000000
vt 0.000000 0.000000
vt 0.000000 0.000000
vt 0.000000 0.000000
vt 0.000000 0.000000
vt 0.000000 0.000000
vt 0.000000 0.000000
vt 0.000000 0.000000
vt 0.000000 0.000000
vt 0.000000 0.000000
vt 0.000000 0.000000
vt 0.000000 0.000000
vt 0.000000 0.000000
vt 0.000000 0.000000
vt 0.000000 0.000000
vt 0.000000 0.000000
vt 0.000000 0.000000
vt 0.000000 0.000000
vt 0.000000 0.000000
vt 0.000000 0.000000
vt 0.000000 0.000000
vt 0.000000 0.000000
vt 0.000000 0.000000
vt 0.000000 0.000000
vt 0.000000 0.000000
vt 0.000000 0.000000
vt 0.000000 0.000000
vt 0.000000 0.000000
vt 0.000000 0.000000
vt 0.000000 0.000000
vt 0.000000 0.000000
vt 0.000000 0.000000
vt 0.000000 0.000000
vt 0.000000 0.000000
vt 0.000000 0.000000
vt 0.000000 0.000000
vt 0.000000 0.000000
vt 0.000000 0.000000
vt 0.000000 0.000000
vt 0.000000 0.000000
vt 0.000000 0.000000
vt 0.000000 0.000000
vt 0.000000 0.000000
vt 0.000000 0.000000
vt 0.000000 0.000000
vt 0.000000 0.000000
vt 0.000000 0.000000
vt 0.000000 0.000000
vt 0.000000 0.000000
vt 0.000000 0.000000
vt 0.000000 0.000000
vt 0.000000 0.000000
vt 0.000000 0.000000
vt 0.000000 0.000000
vt 0.000000 0.000000
vt 0.000000 0.000000
vt 0.000000 0.000000
vt 0.000000 0.000000
vt 0.000000 0.000000
vt 0.000000 0.000000
vt 0.000000 0.000000
vt 0.000000 0.000000
vt 0.000000 0.000000
vt 0.000000 0.000000
vt 0.000000 0.000000
vt 0.000000 0.000000
vt 0.000000 0.000000
vt 0.000000 0.000000
vt 0.000000 0.000000
vt 0.000000 0.000000
vt 0.000000 0.000000
vt 0.000000 0.000000
vt 0.000000 0.000000
vt 0.000000 0.000000
vt 0.000000 0.000000
vt 0.000000 0.000000
vt 0.000000 0.000000
vt 0.000000 0.000000
vt 0.000000 0.000000
vt 0.000000 0.000000
vt 0.000000 0.000000
vt 0.000000 0.000000
vt 0.000000 0.000000
vt 0.000000 0.000000
vt 0.000000 0.000000
vt 0.000000 0.000000
vt 0.000000 0.000000
vt 0.000000 0.000000
vt 0.000000 0.000000
vt 0.000000 0.000000
vt 0.000000 0.000000
vt 0.000000 0.000000
vt 0.000000 0.000000
vt 0.000000 0.000000
vt 0.000000 0.000000
vt 0.000000 0.000000
vt 0.000000 0.000000
vt 0.000000 0.000000
vt 0.000000 0.000000
vt 0.000000 0.000000
vt 0.000000 0.000000
vt 0.000000 0.000000
vt 0.000000 0.000000
vt 0.000000 0.000000
vt 0.000000 0.000000
vt 0.000000 0.000000
vt 0.000000 0.000000
vt 0.000000 0.000000
vt 0.000000 0.000000
vt 0.000000 0.000000
vt 0.000000 0.000000
vt 0.000000 0.000000
vt 0.000000 0.000000
vt 0.000000 0.000000
vt 0.000000 0.000000
vt 0.000000 0.000000
vt 0.000000 0.000000
vt 0.000000 0.000000
vt 0.000000 0.000000
vt 0.000000 0.000000
vt 0.000000 0.000000
vt 0.000000 0.000000
vt 0.000000 0.000000
vt 0.000000 0.000000
vt 0.000000 0.000000
vt 0.000000 0.000000
vt 0.000000 0.000000
vt 0.000000 0.000000
vt 0.000000 0.000000
vt 0.000000 0.000000
vt 0.000000 0.000000
vt 0.000000 0.000000
vt 0.000000 0.000000
vt 0.000000 0.000000
vt 0.000000 0.000000
vt 0.000000 0.000000
vt 0.000000 0.000000
vt 0.000000 0.000000
vt 0.000000 0.000000
vt 0.000000 0.000000
vt 0.000000 0.000000
vt 0.000000 0.000000
vt 0.000000 0.000000
vt 0.000000 0.000000
vt 0.000000 0.000000
vt 0.000000 0.000000
vt 0.000000 0.000000
vt 0.000000 0.000000
vt 0.000000 0.000000
vt 0.000000 0.000000
vt 0.000000 0.000000
vt 0.000000 0.000000
vt 0.000000 0.000000
vt 0.000000 0.000000
vt 0.000000 0.000000
vt 0.000000 0.000000
vt 0.000000 0.000000
vt 0.000000 0.000000
vt 0.000000 0.000000
vt 0.000000 0.000000
vt 0.000000 0.000000
vt 0.000000 0.000000
vt 0.000000 0.000000
vt 0.000000 0.000000
vt 0.000000 0.000000
vt 0.000000 0.000000
vt 0.000000 0.000000
vt 0.000000 0.000000
vt 0.000000 0.000000
vt 0.000000 0.000000
vt 0.000000 0.000000
vt 0.000000 0.000000
vt 0.000000 0.000000
vt 0.000000 0.000000
vt 0.000000 0.000000
vt 0.000000 0.000000
vt 0.000000 0.000000
vt 0.000000 0.000000
vt 0.000000 0.000000
vt 0.000000 0.000000
vt 0.000000 0.000000
vt 0.000000 0.000000
vt 0.000000 0.000000
vt 0.000000 0.000000
vt 0.000000 0.000000
vt 0.000000 0.000000
vt 0.000000 0.000000
vt 0.000000 0.000000
vt 0.000000 0.000000
vt 0.000000 0.000000
vt 0.000000 0.000000
vt 0.000000 0.000000
vt 0.000000 0.000000
vt 0.000000 0.000000
vt 0.000000 0.000000
vt 0.000000 0.000000
vt 0.475492 0.000000
vt 0.550246 0.000000
vt 0.551097 0.125000
vt 0.482981 0.125000
vt 0.625000 0.000000
vt 0.625000 0.125000
vt 0.625000 0.250000
vt 0.551267 0.250000
vt 0.483661 0.250000
vt 0.551267 0.375000
vt 0.483661 0.375000
vt 0.625000 0.375000
vt 0.625000 0.500000
vt 0.551616 0.500000
vt 0.483661 0.500000
vt 0.552663 0.625000
vt 0.483661 0.625000
vt 0.638957 0.625000
vt 0.625000 0.750000
vt 0.551616 0.750000
vt 0.483661 0.750000
vt 0.551097 0.875000
vt 0.482981 0.875000
vt 0.625000 0.875000
vt 0.625000 1.000000
vt 0.550246 1.000000
vt 0.475492 1.000000
vt 0.125000 0.500000
vt 0.250000 0.500000
vt 0.247924 0.625000
vt 0.125000 0.625000
vt 0.375000 0.500000
vt 0.354235 0.625000
vt 0.375000 0.750000
vt 0.250000 0.750000
vt 0.125000 0.750000
vt 0.750000 0.500000
vt 0.751396 0.625000
vt 0.875000 0.500000
vt 0.875000 0.625000
vt 0.875000 0.750000
vt 0.750000 0.750000
vt 0.425748 0.750000
vt 0.426097 0.875000
vt 0.375000 0.875000
vt 0.425246 1.000000
vt 0.375000 1.000000
vt 0.425748 0.500000
vt 0.424191 0.625000
vt 0.375000 0.250000
vt 0.426267 0.250000
vt 0.426267 0.375000
vt 0.375000 0.375000
vt 0.375000 0.000000
vt 0.425246 0.000000
vt 0.426097 0.125000
vt 0.375000 0.125000
vt 0.475492 0.000000
vt 0.550246 0.000000
vt 0.551097 0.125000
vt 0.482981 0.125000
vt 0.625000 0.000000
vt 0.625000 0.125000
vt 0.625000 0.250000
vt 0.551267 0.250000
vt 0.483661 0.250000
vt 0.551267 0.375000
vt 0.483661 0.375000
vt 0.625000 0.375000
vt 0.625000 0.500000
vt 0.551616 0.500000
vt 0.483661 0.500000
vt 0.552663 0.625000
vt 0.483661 0.625000
vt 0.638957 0.625000
vt 0.625000 0.750000
vt 0.551616 0.750000
vt 0.483661 0.750000
vt 0.551097 0.875000
vt 0.482981 0.875000
vt 0.625000 0.875000
vt 0.625000 1.000000
vt 0.550246 1.000000
vt 0.475492 1.000000
vt 0.125000 0.500000
vt 0.250000 0.500000
vt 0.247924 0.625000
vt 0.125000 0.625000
vt 0.375000 0.500000
vt 0.354235 0.625000
vt 0.375000 0.750000
vt 0.250000 0.750000
vt 0.125000 0.750000
vt 0.750000 0.500000
vt 0.751396 0.625000
vt 0.875000 0.500000
vt 0.875000 0.625000
vt 0.875000 0.750000
vt 0.750000 0.750000
vt 0.425748 0.750000
vt 0.426097 0.875000
vt 0.375000 0.875000
vt 0.425246 1.000000
vt 0.375000 1.000000
vt 0.425748 0.500000
vt 0.424191 0.625000
vt 0.375000 0.250000
vt 0.426267 0.250000
vt 0.426267 0.375000
vt 0.375000 0.375000
vt 0.375000 0.000000
vt 0.425246 0.000000
vt 0.426097 0.125000
vt 0.375000 0.125000
vt 0.475492 0.000000
vt 0.550246 0.000000
vt 0.551097 0.125000
vt 0.482981 0.125000
vt 0.625000 0.000000
vt 0.625000 0.125000
vt 0.625000 0.250000
vt 0.551267 0.250000
vt 0.483661 0.250000
vt 0.551267 0.375000
vt 0.483661 0.375000
vt 0.625000 0.375000
vt 0.625000 0.500000
vt 0.551616 0.500000
vt 0.483661 0.500000
vt 0.552663 0.625000
vt 0.483661 0.625000
vt 0.638957 0.625000
vt 0.625000 0.750000
vt 0.551616 0.750000
vt 0.483661 0.750000
vt 0.551097 0.875000
vt 0.482981 0.875000
vt 0.625000 0.875000
vt 0.625000 1.000000
vt 0.550246 1.000000
vt 0.475492 1.000000
vt 0.125000 0.500000
vt 0.250000 0.500000
vt 0.247924 0.625000
vt 0.125000 0.625000
vt 0.375000 0.500000
vt 0.354235 0.625000
vt 0.375000 0.750000
vt 0.250000 0.750000
vt 0.125000 0.750000
vt 0.750000 0.500000
vt 0.751396 0.625000
vt 0.875000 0.500000
vt 0.875000 0.625000
vt 0.875000 0.750000
vt 0.750000 0.750000
vt 0.425748 0.750000
vt 0.426097 0.875000
vt 0.375000 0.875000
vt 0.425246 1.000000
vt 0.375000 1.000000
vt 0.425748 0.500000
vt 0.424191 0.625000
vt 0.375000 0.250000
vt 0.426267 0.250000
vt 0.426267 0.375000
vt 0.375000 0.375000
vt 0.375000 0.000000
vt 0.425246 0.000000
vt 0.426097 0.125000
vt 0.375000 0.125000
vt 0.475492 0.000000
vt 0.550246 0.000000
vt 0.551097 0.125000
vt 0.482981 0.125000
vt 0.625000 0.000000
vt 0.625000 0.125000
vt 0.625000 0.250000
vt 0.551267 0.250000
vt 0.483661 0.250000
vt 0.551267 0.375000
vt 0.483661 0.375000
vt 0.625000 0.375000
vt 0.625000 0.500000
vt 0.551616 0.500000
vt 0.483661 0.500000
vt 0.552663 0.625000
vt 0.483661 0.625000
vt 0.638957 0.625000
vt 0.625000 0.750000
vt 0.551616 0.750000
vt 0.483661 0.750000
vt 0.551097 0.875000
vt 0.482981 0.875000
vt 0.625000 0.875000
vt 0.625000 1.000000
vt 0.550246 1.000000
vt 0.475492 1.000000
vt 0.125000 0.500000
vt 0.250000 0.500000
vt 0.247924 0.625000
vt 0.125000 0.625000
vt 0.375000 0.500000
vt 0.354235 0.625000
vt 0.375000 0.750000
vt 0.250000 0.750000
vt 0.125000 0.750000
vt 0.750000 0.500000
vt 0.751396 0.625000
vt 0.875000 0.500000
vt 0.875000 0.625000
vt 0.875000 0.750000
vt 0.750000 0.750000
vt 0.425748 0.750000
vt 0.426097 0.875000
vt 0.375000 0.875000
vt 0.425246 1.000000
vt 0.375000 1.000000
vt 0.425748 0.500000
vt 0.424191 0.625000
vt 0.375000 0.250000
vt 0.426267 0.250000
vt 0.426267 0.375000
vt 0.375000 0.375000
vt 0.375000 0.000000
vt 0.425246 0.000000
vt 0.426097 0.125000
vt 0.375000 0.125000
vt 0.375000 0.000000
vt 0.500000 0.000000
vt 0.500000 0.125000
vt 0.375000 0.125000
vt 0.625000 0.000000
vt 0.625000 0.125000
vt 0.625000 0.250000
vt 0.500000 0.250000
vt 0.375000 0.250000
vt 0.500000 0.375000
vt 0.375000 0.375000
vt 0.625000 0.375000
vt 0.625000 0.500000
vt 0.500000 0.500000
vt 0.375000 0.500000
vt 0.500000 0.625000
vt 0.375000 0.625000
vt 0.625000 0.625000
vt 0.625000 0.750000
vt 0.500000 0.750000
vt 0.375000 0.750000
vt 0.500000 0.875000
vt 0.375000 0.875000
vt 0.625000 0.875000
vt 0.625000 1.000000
vt 0.500000 1.000000
vt 0.375000 1.000000
vt 0.125000 0.500000
vt 0.250000 0.500000
vt 0.250000 0.625000
vt 0.125000 0.625000
vt 0.250000 0.750000
vt 0.125000 0.750000
vt 0.750000 0.500000
vt 0.750000 0.625000
vt 0.875000 0.500000
vt 0.875000 0.625000
vt 0.875000 0.750000
vt 0.750000 0.750000
vt 0.375000 0.000000
vt 0.500000 0.000000
vt 0.500000 0.125000
vt 0.375000 0.125000
vt 0.625000 0.000000
vt 0.625000 0.125000
vt 0.625000 0.250000
vt 0.500000 0.250000
vt 0.375000 0.250000
vt 0.500000 0.375000
vt 0.375000 0.375000
vt 0.625000 0.375000
vt 0.625000 0.500000
vt 0.500000 0.500000
vt 0.375000 0.500000
vt 0.500000 0.625000
vt 0.375000 0.625000
vt 0.625000 0.625000
vt 0.625000 0.750000
vt 0.500000 0.750000
vt 0.375000 0.750000
vt 0.500000 0.875000
vt 0.375000 0.875000
vt 0.625000 0.875000
vt 0.625000 1.000000
vt 0.500000 1.000000
vt 0.375000 1.000000
vt 0.125000 0.500000
vt 0.250000 0.500000
vt 0.250000 0.625000
vt 0.125000 0.625000
vt 0.250000 0.750000
vt 0.125000 0.750000
vt 0.750000 0.500000
vt 0.750000 0.625000
vt 0.875000 0.500000
vt 0.875000 0.625000
vt 0.875000 0.750000
vt 0.750000 0.750000
vt 0.375000 0.000000
vt 0.500000 0.000000
vt 0.500000 0.125000
vt 0.375000 0.125000
vt 0.625000 0.000000
vt 0.625000 0.125000
vt 0.625000 0.250000
vt 0.500000 0.250000
vt 0.375000 0.250000
vt 0.500000 0.375000
vt 0.375000 0.375000
vt 0.625000 0.375000
vt 0.625000 0.500000
vt 0.500000 0.500000
vt 0.375000 0.500000
vt 0.500000 0.625000
vt 0.375000 0.625000
vt 0.625000 0.625000
vt 0.625000 0.750000
vt 0.500000 0.750000
vt 0.375000 0.750000
vt 0.500000 0.875000
vt 0.375000 0.875000
vt 0.625000 0.875000
vt 0.625000 1.000000
vt 0.500000 1.000000
vt 0.375000 1.000000
vt 0.125000 0.500000
vt 0.250000 0.500000
vt 0.250000 0.625000
vt 0.125000 0.625000
vt 0.250000 0.750000
vt 0.125000 0.750000
vt 0.750000 0.500000
vt 0.750000 0.625000
vt 0.875000 0.500000
vt 0.875000 0.625000
vt 0.875000 0.750000
vt 0.750000 0.750000
vt 0.375000 0.000000
vt 0.500000 0.000000
vt 0.500000 0.125000
vt 0.375000 0.125000
vt 0.625000 0.000000
vt 0.625000 0.125000
vt 0.625000 0.250000
vt 0.500000 0.250000
vt 0.375000 0.250000
vt 0.500000 0.375000
vt 0.375000 0.375000
vt 0.625000 0.375000
vt 0.625000 0.500000
vt 0.500000 0.500000
vt 0.375000 0.500000
vt 0.500000 0.625000
vt 0.375000 0.625000
vt 0.625000 0.625000
vt 0.625000 0.750000
vt 0.500000 0.750000
vt 0.375000 0.750000
vt 0.500000 0.875000
vt 0.375000 0.875000
vt 0.625000 0.875000
vt 0.625000 1.000000
vt 0.500000 1.000000
vt 0.375000 1.000000
vt 0.125000 0.500000
vt 0.250000 0.500000
vt 0.250000 0.625000
vt 0.125000 0.625000
vt 0.250000 0.750000
vt 0.125000 0.750000
vt 0.750000 0.500000
vt 0.750000 0.625000
vt 0.875000 0.500000
vt 0.875000 0.625000
vt 0.875000 0.750000
vt 0.750000 0.750000
vt 0.375000 0.000000
vt 0.500000 0.000000
vt 0.500000 0.125000
vt 0.375000 0.125000
vt 0.625000 0.000000
vt 0.625000 0.125000
vt 0.625000 0.250000
vt 0.500000 0.250000
vt 0.375000 0.250000
vt 0.500000 0.375000
vt 0.375000 0.375000
vt 0.625000 0.375000
vt 0.625000 0.500000
vt 0.500000 0.500000
vt 0.375000 0.500000
vt 0.500000 0.625000
vt 0.375000 0.625000
vt 0.625000 0.625000
vt 0.625000 0.750000
vt 0.500000 0.750000
vt 0.375000 0.750000
vt 0.500000 0.875000
vt 0.375000 0.875000
vt 0.625000 0.875000
vt 0.625000 1.000000
vt 0.500000 1.000000
vt 0.375000 1.000000
vt 0.125000 0.500000
vt 0.250000 0.500000
vt 0.250000 0.625000
vt 0.125000 0.625000
vt 0.250000 0.750000
vt 0.125000 0.750000
vt 0.750000 0.500000
vt 0.750000 0.625000
vt 0.875000 0.500000
vt 0.875000 0.625000
vt 0.875000 0.750000
vt 0.750000 0.750000
vn 0.7431 0.2048 0.6370
vn 0.5948 0.0634 0.8014
vn 0.5107 -0.8376 0.1941
vn 0.5640 -0.8007 0.2021
vn -0.0085 -0.9678 -0.2518
vn 0.0652 -0.9494 -0.3071
vn -0.3322 -0.7906 -0.5144
vn -0.3534 -0.8299 -0.4317
vn -0.8181 -0.2484 -0.5187
vn -0.8117 -0.3091 -0.4956
vn -0.7845 0.6146 0.0819
vn -0.6447 0.7595 -0.0868
vn -0.0407 0.9422 0.3326
vn -0.1662 0.8099 0.5625
vn 0.1082 0.7002 0.7057
vn 0.2997 0.8061 0.5102
vn 0.5980 -0.7150 -0.3621
vn -0.3726 -0.3271 -0.8684
vn -0.0512 0.7478 -0.6619
vn 0.9200 0.3597 -0.1553
vn -0.5206 -0.6379 -0.5675
vn 0.2640 -0.9515 -0.1583
vn 0.2129 0.3287 0.9201
vn -0.5714 0.6421 0.5111
vn 0.1675 0.9711 -0.1701
vn 0.0887 0.9891 0.1178
vn 0.4311 0.8522 0.2964
vn 0.5996 0.7984 0.0552
vn -0.8123 -0.1740 -0.5566
vn -0.8460 -0.2527 -0.4696
vn -0.5432 0.8050 -0.2387
vn -0.3695 0.7837 -0.4993
vn -0.2012 -0.9780 -0.0543
vn -0.0988 -0.9893 -0.1070
vn -0.4351 -0.8549 -0.2824
vn -0.4266 -0.8880 -0.1718
vn 0.9479 0.2572 0.1878
vn 0.8388 0.2527 0.4822
vn 0.5368 -0.8053 0.2517
vn 0.6308 -0.7507 0.1961
vn 0.6982 -0.0352 -0.7150
vn 0.5838 -0.2659 -0.7671
vn -0.4365 0.0951 -0.8947
vn -0.3819 0.1239 -0.9159
vn -0.9137 0.1213 -0.3878
vn -0.8908 0.2112 -0.4024
vn -0.9877 0.1448 0.0583
vn -0.9979 0.0636 0.0121
vn -0.7192 -0.1071 0.6865
vn -0.7592 -0.1260 0.6385
vn 0.2471 -0.4965 0.8321
vn 0.3595 -0.2672 0.8941
vn 0.9037 -0.2170 0.3691
vn 0.8304 -0.4849 0.2743
vn 0.8974 -0.4390 -0.0438
vn 0.9868 -0.1601 -0.0256
vn -0.5090 0.5967 -0.6204
vn -0.7459 0.4344 0.5049
vn 0.3615 0.5474 0.7547
vn 0.5986 0.7098 -0.3714
vn -0.9515 0.0835 0.2961
vn -0.7600 0.2146 -0.6134
vn 0.7052 -0.5724 -0.4183
vn 0.5138 -0.7035 0.4909
vn 0.8189 0.3089 0.4837
vn 0.9121 0.0349 0.4084
vn 0.9957 0.0921 0.0115
vn 0.9243 0.3812 -0.0172
vn -0.6686 -0.0681 0.7405
vn -0.7151 -0.1632 0.6797
vn 0.3798 -0.0821 0.9214
vn 0.3305 0.2279 0.9159
vn -0.9222 -0.1528 -0.3553
vn -0.9122 -0.0496 -0.4068
vn -0.9942 -0.1058 -0.0169
vn -0.9772 -0.1904 -0.0940
vn 0.6520 0.4481 -0.6116
vn 0.7171 0.1489 -0.6809
vn -0.3776 0.0680 -0.9235
vn -0.3163 0.1732 -0.9327
vn -0.6033 0.7013 -0.3799
vn -0.6966 0.4975 -0.5169
vn -0.9337 -0.1555 0.3227
vn -0.9432 -0.0910 0.3194
vn -0.5033 -0.6371 0.5838
vn -0.5044 -0.5694 0.6491
vn -0.0731 -0.7692 0.6348
vn -0.1290 -0.8105 0.5714
vn 0.5566 -0.7859 0.2696
vn 0.5014 -0.8203 0.2750
vn 0.8003 -0.1960 -0.5667
vn 0.9028 0.0035 -0.4300
vn 0.4729 0.5835 -0.6602
vn 0.3397 0.4034 -0.8496
vn 0.0419 0.5414 -0.8397
vn 0.1035 0.7546 -0.6479
vn -0.6200 -0.0126 0.7845
vn 0.4333 -0.5005 0.7495
vn 0.8552 0.4437 0.2679
vn -0.1988 0.9320 0.3029
vn 0.1593 -0.8134 0.5595
vn -0.6921 -0.4190 0.5878
vn -0.3692 0.3805 -0.8479
vn 0.4818 -0.0138 -0.8762
vn 0.6305 0.7577 -0.1685
vn 0.5404 0.7111 -0.4498
vn 0.1688 0.8832 -0.4375
vn 0.1616 0.9749 -0.1529
vn 0.6215 -0.7333 0.2758
vn 0.5444 -0.8096 0.2196
vn 0.9530 0.1095 -0.2826
vn 0.9741 0.2261 0.0081
vn -0.5025 -0.7891 0.3534
vn -0.5404 -0.7189 0.4372
vn -0.1754 -0.8880 0.4251
vn -0.2579 -0.9024 0.3452
vn -0.4556 0.8884 0.0556
vn -0.5468 0.8042 -0.2328
vn -0.9562 -0.1144 0.2694
vn -0.9447 -0.0078 0.3278
vn -0.6192 0.7012 0.3533
vn -0.8024 0.5342 0.2662
vn -0.4719 -0.3513 0.8086
vn -0.4741 -0.2901 0.8313
vn -0.0348 -0.8309 0.5553
vn 0.0163 -0.7849 0.6194
vn 0.2967 -0.9190 0.2595
vn 0.2086 -0.9474 0.2429
vn 0.5010 -0.7566 -0.4202
vn 0.4611 -0.7976 -0.3889
vn 0.1709 0.0686 -0.9829
vn 0.3599 0.2328 -0.9035
vn -0.0450 0.7976 -0.6015
vn -0.2902 0.6630 -0.6901
vn -0.4838 0.7556 -0.4416
vn -0.2852 0.9125 -0.2932
vn 0.0854 -0.3064 0.9481
vn 0.7702 -0.6340 0.0691
vn 0.8493 0.4511 -0.2742
vn 0.1640 0.7789 0.6053
vn 0.4086 -0.9119 0.0380
vn -0.1450 -0.6471 0.7485
vn -0.8041 0.5549 -0.2134
vn -0.2508 0.2902 -0.9235
vn 0.4232 0.8450 -0.3268
vn 0.1611 0.8685 -0.4689
vn -0.0805 0.9840 -0.1588
vn 0.1184 0.9909 0.0645
vn 0.5579 -0.7004 -0.4451
vn 0.4556 -0.7667 -0.4524
vn 0.5082 0.2985 -0.8079
vn 0.7344 0.3309 -0.5926
vn -0.2080 -0.9112 0.3557
vn -0.1705 -0.8724 0.4582
vn 0.0668 -0.9859 0.1536
vn -0.0490 -0.9872 0.1516
vn -0.1951 0.7755 0.6004
vn -0.4669 0.7650 0.4436
vn -0.5201 -0.2999 0.7997
vn -0.4604 -0.2133 0.8617
vn 0.4540 0.2388 0.8584
vn 0.2745 0.0753 0.9586
vn 0.5002 -0.7951 0.3430
vn 0.5432 -0.7539 0.3696
vn 0.1819 -0.9491 -0.2573
vn 0.2677 -0.9209 -0.2834
vn -0.0495 -0.7891 -0.6122
vn -0.0934 -0.8347 -0.5427
vn -0.5598 -0.2956 -0.7741
vn -0.5552 -0.3566 -0.7514
vn -0.8264 0.5326 -0.1828
vn -0.6536 0.6990 -0.2901
vn -0.2527 0.9146 0.3157
vn -0.4343 0.7588 0.4855
vn -0.2153 0.6678 0.7126
vn 0.0190 0.8017 0.5974
vn 0.7587 -0.6347 -0.1464
vn -0.0159 -0.3129 -0.9497
vn 0.0983 0.7747 -0.6246
vn 0.8735 0.4527 0.1791
vn -0.2236 -0.6522 -0.7243
vn 0.4025 -0.9123 -0.0751
vn -0.1511 0.2966 0.9430
vn -0.7770 0.5566 0.2940
vn 0.1105 0.9904 -0.0835
vn -0.0635 0.9851 0.1598
vn 0.2098 0.8716 0.4431
vn 0.4553 0.8471 0.2741
vn -0.5494 -0.2191 -0.8063
vn -0.6022 -0.3052 -0.7377
vn -0.5118 0.7621 -0.3966
vn -0.2582 0.7715 -0.5815
vn -0.0645 -0.9882 -0.1388
vn 0.0504 -0.9869 -0.1531
vn -0.2180 -0.8754 -0.4314
vn -0.2443 -0.9135 -0.3253
vn 0.7932 0.3346 0.5087
vn 0.5912 0.3038 0.7471
vn 0.5015 -0.7637 0.4066
vn 0.6024 -0.6976 0.3880
vn -0.3262 0.4532 0.8296
vn -0.5355 0.2995 0.7897
vn -0.0168 -0.6581 0.7527
vn -0.0045 -0.6087 0.7934
vn 0.2122 -0.9624 0.1693
vn 0.2905 -0.9331 0.2121
vn 0.3459 -0.9018 -0.2591
vn 0.2603 -0.9353 -0.2397
vn 0.1881 -0.4999 -0.8454
vn 0.1675 -0.5541 -0.8154
vn -0.3433 0.4080 -0.8460
vn -0.1328 0.5624 -0.8161
vn -0.3058 0.9350 -0.1794
vn -0.5680 0.8033 -0.1791
vn -0.6062 0.7817 0.1463
vn -0.3533 0.9083 0.2243
vn 0.5365 -0.5828 0.6104
vn 0.6718 -0.5064 -0.5406
vn 0.6156 0.6310 -0.4721
vn 0.4802 0.5546 0.6796
vn 0.3316 -0.8073 -0.4882
vn 0.2223 -0.8690 0.4421
vn -0.7770 0.4745 0.4136
vn -0.6677 0.5362 -0.5163
vn 0.2386 0.9562 -0.1693
vn -0.0581 0.9873 -0.1480
vn -0.1058 0.9603 0.2580
vn 0.1784 0.9222 0.3430
vn 0.2271 -0.4313 -0.8732
vn 0.1322 -0.5053 -0.8528
vn 0.0461 0.6137 -0.7882
vn 0.3511 0.6059 -0.7139
vn -0.0411 -0.9970 0.0651
vn 0.0444 -0.9888 0.1427
vn 0.0912 -0.9623 -0.2562
vn -0.0097 -0.9793 -0.2022
vn 0.1675 0.5022 0.8484
vn -0.1465 0.5050 0.8506
vn -0.0605 -0.6141 0.7869
vn 0.0260 -0.5448 0.8382
vn -0.5736 0.7628 0.2987
vn -0.7309 0.6739 0.1079
vn -0.8185 -0.3570 0.4501
vn -0.8188 -0.3034 0.4873
vn -0.4092 -0.8802 0.2402
vn -0.3819 -0.8638 0.3287
vn -0.0068 -0.9976 0.0689
vn -0.0836 -0.9964 0.0148
vn 0.4858 -0.7687 -0.4160
vn 0.4299 -0.8023 -0.4142
vn 0.5712 0.2094 -0.7936
vn 0.7366 0.2954 -0.6084
vn 0.3511 0.8802 -0.3192
vn 0.1448 0.8394 -0.5238
vn -0.1142 0.9318 -0.3445
vn 0.0297 0.9949 -0.0967
vn -0.3705 -0.4976 0.7843
vn 0.5458 -0.8244 0.1499
vn 0.9523 0.2409 0.1875
vn 0.0354 0.5679 0.8223
vn 0.1860 -0.9787 -0.0864
vn -0.5546 -0.7146 0.4264
vn -0.5305 0.7878 -0.3131
vn 0.2099 0.5237 -0.8256
vn 0.6640 0.7404 0.1044
vn 0.4929 0.8634 -0.1079
vn 0.1697 0.9787 0.1159
vn 0.2562 0.8859 0.3868
vn 0.5569 -0.7269 -0.4018
vn 0.4568 -0.7592 -0.4637
vn 0.8411 0.2972 -0.4519
vn 0.9598 0.2223 -0.1711
vn -0.4957 -0.8682 -0.0218
vn -0.4977 -0.8623 0.0938
vn -0.1801 -0.9755 -0.1260
vn -0.2829 -0.9441 -0.1690
vn -0.2838 0.6658 0.6900
vn -0.4635 0.7625 0.4514
vn -0.8486 -0.2935 0.4401
vn -0.8054 -0.2409 0.5415
vn 0.0130 0.6603 -0.7509
vn 0.2730 0.6327 -0.7247
vn 0.3234 -0.4505 -0.8321
vn 0.2858 -0.4096 -0.8663
vn 0.3072 -0.9024 -0.3021
vn 0.2233 -0.9123 -0.3433
vn 0.1785 -0.9759 0.1258
vn 0.2683 -0.9576 0.1050
vn 0.1299 -0.6307 0.7651
vn 0.1742 -0.6621 0.7289
vn 0.1174 0.4120 0.9036
vn -0.1435 0.4382 0.8873
vn -0.2125 0.9261 0.3117
vn 0.0798 0.9497 0.3028
vn 0.1107 0.9936 -0.0211
vn -0.1741 0.9806 -0.0902
vn -0.1835 -0.6904 -0.6998
vn -0.2930 -0.8457 0.4460
vn -0.8333 0.1556 0.5305
vn -0.7237 0.3110 -0.6160
vn 0.1512 -0.9184 0.3657
vn 0.2397 -0.7928 -0.5603
vn 0.4045 0.8564 -0.3209
vn 0.3161 0.7309 0.6049
vn -0.6900 0.6648 0.2862
vn -0.4528 0.8468 0.2792
vn -0.4142 0.9016 -0.1250
vn -0.6413 0.7339 -0.2238
vn 0.0622 -0.5963 0.8003
vn 0.1808 -0.6074 0.7735
vn -0.3243 0.3931 0.8604
vn -0.5843 0.2390 0.7755
vn 0.5461 -0.8147 -0.1949
vn 0.4655 -0.8417 -0.2736
vn 0.4276 -0.8955 0.1235
vn 0.5207 -0.8508 0.0711
vn -0.4357 0.4498 -0.7796
vn -0.1684 0.6142 -0.7710
vn 0.3368 -0.3861 -0.8587
vn 0.2250 -0.3654 -0.9032
vn -0.7196 -0.3292 -0.6114
vn -0.5279 -0.4882 -0.6950
vn -0.2630 -0.9273 0.2665
vn -0.3231 -0.9141 0.2448
vn 0.2364 -0.6860 0.6881
vn 0.1564 -0.6633 0.7319
vn 0.4828 -0.3270 0.8124
vn 0.5197 -0.3942 0.7580
vn 0.8121 0.2553 0.5248
vn 0.8232 0.1917 0.5344
vn 0.6051 0.6790 -0.4156
vn 0.4203 0.8451 -0.3302
vn -0.1763 0.6384 -0.7492
vn -0.0038 0.4497 -0.8932
vn -0.2292 0.2175 -0.9488
vn -0.4559 0.3504 -0.8182
vn -0.4212 -0.5793 0.6978
vn 0.3761 0.2420 0.8944
vn -0.1928 0.9580 0.2123
vn -0.9906 0.1361 0.0156
vn 0.6213 -0.1246 0.7736
vn -0.0231 -0.7884 0.6147
vn -0.2186 -0.2239 -0.9498
vn 0.4256 0.4397 -0.7909
vn -0.4229 0.8507 -0.3121
vn -0.3294 0.7475 -0.5768
vn -0.6107 0.4578 -0.6462
vn -0.7778 0.4851 -0.3996
vn 0.7846 0.3343 0.5222
vn 0.8438 0.2353 0.4823
vn 0.2992 0.9299 -0.2138
vn 0.1173 0.9925 0.0343
vn 0.4399 -0.7396 0.5093
vn 0.3400 -0.7504 0.5669
vn 0.6163 -0.4657 0.6350
vn 0.6250 -0.5489 0.5550
vn -0.9649 -0.1223 -0.2325
vn -0.8360 -0.2395 -0.4937
vn -0.2920 -0.9348 0.2022
vn -0.4009 -0.8868 0.2298
vn 0.2071 0.8693 0.4488
vn 0.3201 0.7113 0.6257
vn 0.9835 0.1736 -0.0512
vn 0.9700 0.2374 -0.0523
vn 0.8268 -0.4290 -0.3639
vn 0.8238 -0.3656 -0.4333
vn 0.4965 -0.7018 -0.5108
vn 0.5427 -0.7208 -0.4312
vn -0.1680 -0.9317 -0.3219
vn -0.1054 -0.9451 -0.3092
vn -0.8157 -0.4555 0.3566
vn -0.9357 -0.3047 0.1780
vn -0.8031 0.3898 0.4506
vn -0.6766 0.2682 0.6858
vn -0.4506 0.5004 0.7393
vn -0.5228 0.6778 0.5170
vn 0.7826 0.1959 -0.5909
vn -0.0166 -0.6252 -0.7803
vn -0.8425 0.1194 -0.5252
vn -0.0428 0.9410 -0.3358
vn 0.2804 -0.8228 -0.4943
vn 0.9264 -0.1592 -0.3412
vn -0.0291 0.4912 0.8705
vn -0.6749 -0.1722 0.7175
vn -0.8651 0.4951 -0.0805
vn -0.8472 0.4846 0.2179
vn -0.5652 0.7743 0.2847
vn -0.5094 0.8606 0.0038
vn -0.2421 -0.9048 -0.3502
vn -0.1632 -0.9494 -0.2683
vn -0.9746 -0.2238 0.0126
vn -0.9508 -0.1239 -0.2841
vn 0.8117 -0.5701 -0.1270
vn 0.8462 -0.4918 -0.2050
vn 0.5693 -0.7763 -0.2706
vn 0.6261 -0.7608 -0.1710
vn 0.1341 0.9906 -0.0271
vn 0.1635 0.9453 0.2822
vn 0.9754 0.2204 0.0015
vn 0.9463 0.3160 -0.0686
vn 0.4145 0.8913 -0.1839
vn 0.5960 0.8028 -0.0158
vn 0.8390 -0.1273 -0.5290
vn 0.8279 -0.0692 -0.5566
vn 0.5395 -0.7423 -0.3974
vn 0.5044 -0.7171 -0.4810
vn 0.1743 -0.9560 -0.2359
vn 0.2530 -0.9497 -0.1847
vn -0.3200 -0.9001 0.2957
vn -0.2594 -0.9223 0.2866
vn -0.5497 -0.0264 0.8349
vn -0.7383 0.0569 0.6721
vn -0.4775 0.7401 0.4735
vn -0.2553 0.7049 0.6618
vn -0.0274 0.8699 0.4926
vn -0.1948 0.9448 0.2635
vn 0.4026 -0.2908 -0.8679
vn -0.4036 -0.8744 -0.2693
vn -0.9891 0.0925 -0.1146
vn -0.1824 0.6764 -0.7136
vn -0.0090 -0.9972 -0.0737
vn 0.6426 -0.5256 -0.5575
vn 0.4047 0.8100 0.4244
vn -0.2466 0.3385 0.9081
vn -0.7867 0.6158 0.0423
vn -0.6269 0.7320 0.2668
vn -0.3424 0.9379 0.0556
vn -0.4279 0.8756 -0.2242
vn -0.3980 -0.8700 0.2910
vn -0.2903 -0.8932 0.3434
vn -0.8508 0.0648 0.5214
vn -0.9717 0.0156 0.2359
vn 0.6382 -0.7570 -0.1400
vn 0.6322 -0.7324 -0.2530
vn 0.3528 -0.9346 -0.0455
vn 0.4510 -0.8925 -0.0010
vn 0.1226 0.8077 -0.5767
vn 0.2971 0.8957 -0.3309
vn 0.8583 -0.0619 -0.5094
vn 0.8007 -0.0024 -0.5991
vn -0.9371 -0.3375 0.0890
vn -0.8225 -0.5676 0.0348
vn -0.0749 -0.5563 0.8276
vn -0.1371 -0.5372 0.8323
vn 0.5740 -0.3129 0.7567
vn 0.5310 -0.2486 0.8101
vn 0.8485 -0.0346 0.5281
vn 0.8495 -0.1272 0.5119
vn 0.9670 0.2068 -0.1485
vn 0.9816 0.1556 -0.1109
vn 0.2795 0.1749 -0.9441
vn 0.1717 0.4097 -0.8959
vn -0.5571 0.2261 -0.7991
vn -0.4918 -0.0512 -0.8692
vn -0.7110 -0.1989 -0.6745
vn -0.8291 0.0428 -0.5575
vn 0.0290 -0.0163 0.9994
vn 0.8045 0.5063 0.3106
vn -0.0444 0.9500 -0.3091
vn -0.8204 0.4271 0.3802
vn 0.9433 0.0709 0.3243
vn 0.3165 -0.3515 0.8811
vn -0.7029 -0.5666 -0.4300
vn -0.0764 -0.1444 -0.9866
vn -0.5241 0.6847 -0.5065
vn -0.5908 0.4452 -0.6728
vn -0.8644 0.2609 -0.4298
vn -0.8693 0.4520 -0.1999
vn 0.9427 0.2793 -0.1827
vn 0.9704 0.1604 -0.1808
vn 0.1341 0.5723 -0.8090
vn 0.1177 0.7979 -0.5912
vn 0.6464 -0.5049 0.5720
vn 0.5943 -0.4555 0.6628
vn 0.8630 -0.2744 0.4241
vn 0.8265 -0.3836 0.4121
vn -0.9349 0.0886 0.3437
vn -0.9701 -0.1717 0.1718
vn -0.1344 -0.5840 0.8005
vn -0.2103 -0.4976 0.8415
vn -0.3125 0.5164 0.7973
vn -0.2541 0.2925 0.9219
vn 0.7805 0.1999 0.5924
vn 0.7500 0.2546 0.6105
vn 0.9870 -0.1575 0.0312
vn 0.9977 -0.0675 0.0063
vn 0.8695 -0.3232 -0.3736
vn 0.8758 -0.3794 -0.2985
vn 0.3041 -0.6344 -0.7107
vn 0.3538 -0.6508 -0.6717
vn -0.6991 -0.5948 -0.3967
vn -0.7603 -0.3764 -0.5294
vn -0.9964 0.0797 0.0277
vn -0.9658 -0.1428 0.2165
vn -0.8772 0.0337 0.4789
vn -0.8866 0.2987 0.3532
vn 0.8638 0.4932 0.1034
vn 0.5506 -0.1312 -0.8244
vn -0.4824 0.3526 -0.8019
vn -0.1690 0.9774 0.1266
vn 0.7213 -0.4407 -0.5344
vn 0.9744 0.0640 0.2156
vn -0.5893 -0.0313 0.8073
vn -0.8424 -0.5358 0.0576
vn -0.8287 0.4431 -0.3421
vn -0.9520 0.2801 -0.1237
vn -0.8415 0.5004 0.2037
vn -0.6893 0.7210 0.0710
vn 0.2481 -0.5987 -0.7616
vn 0.2881 -0.6771 -0.6771
vn -0.7392 -0.2226 -0.6357
vn -0.6101 0.0171 -0.7922
vn 0.9063 -0.4012 0.1329
vn 0.9473 -0.2930 0.1293
vn 0.8388 -0.5094 -0.1922
vn 0.8336 -0.5462 -0.0826
vn -0.1850 0.8646 0.4672
vn -0.2933 0.6665 0.6854
vn 0.7343 0.2124 0.6448
vn 0.7137 0.3298 0.6180
vn -0.2874 -0.0567 -0.9561
vn -0.0289 -0.0812 -0.9963
vn 0.1483 -0.9300 -0.3363
vn 0.0973 -0.9215 -0.3760
vn 0.3424 -0.8793 0.3309
vn 0.2529 -0.9076 0.3351
vn 0.3465 -0.6211 0.7029
vn 0.4237 -0.6307 0.6501
vn 0.4229 0.0747 0.9031
vn 0.4599 0.0232 0.8877
vn 0.2961 0.9131 0.2804
vn 0.0396 0.9437 0.3284
vn -0.2532 0.8944 -0.3688
vn 0.0191 0.8787 -0.4770
vn -0.0456 0.6809 -0.7309
vn -0.3334 0.6490 -0.6839
vn -0.2632 -0.9625 0.0659
vn -0.0345 -0.2628 0.9642
vn -0.6720 0.5556 0.4896
vn -0.9009 -0.1445 -0.4093
vn 0.3771 -0.4103 0.8304
vn 0.1922 -0.9758 0.1042
vn 0.1729 0.3478 -0.9215
vn 0.3577 0.9131 -0.1956
vn -0.6763 0.7338 -0.0651
vn -0.4790 0.8369 -0.2650
vn -0.5597 0.5900 -0.5819
vn -0.7781 0.4223 -0.4650
vn 0.3631 0.1299 0.9227
vn 0.4703 0.0927 0.8776
vn -0.1331 0.9091 0.3948
vn -0.3810 0.7637 0.5212
vn 0.5859 -0.7636 0.2713
vn 0.4919 -0.8305 0.2614
vn 0.5712 -0.5880 0.5727
vn 0.6390 -0.6012 0.4798
vn -0.6914 -0.1859 -0.6981
vn -0.4587 -0.0871 -0.8843
vn 0.1445 -0.9041 -0.4022
vn 0.0230 -0.9104 -0.4130
vn -0.1222 0.7741 0.6211
vn -0.0918 0.5878 0.8038
vn 0.8651 0.1938 0.4626
vn 0.8474 0.2565 0.4650
vn 0.9391 -0.3427 0.0243
vn 0.9631 -0.2676 -0.0270
vn 0.7489 -0.5882 -0.3053
vn 0.7532 -0.6209 -0.2172
vn 0.1022 -0.8584 -0.5027
vn 0.1522 -0.8730 -0.4634
vn -0.8355 -0.5250 -0.1620
vn -0.8705 -0.3455 -0.3506
vn -0.9559 0.2884 0.0557
vn -0.9452 0.1273 0.3006
vn -0.7972 0.3487 0.4928
vn -0.7723 0.5631 0.2941
vn 0.9450 0.3127 -0.0956
vn 0.4217 -0.4703 -0.7752
vn -0.4970 0.2026 -0.8438
vn 0.0267 0.9861 -0.1637
vn 0.5647 -0.7132 -0.4152
vn 0.9877 -0.0803 0.1341
vn -0.4910 0.3213 0.8097
vn -0.9138 -0.3114 0.2606
vn -0.7674 0.4892 -0.4145
vn -0.8930 0.4240 -0.1510
vn -0.7084 0.7003 0.0887
vn -0.5344 0.8378 -0.1120
vn 0.0483 -0.8278 -0.5590
vn 0.0826 -0.8856 -0.4571
vn -0.8338 -0.2359 -0.4992
vn -0.6816 -0.0825 -0.7270
vn 0.8274 -0.5253 0.1986
vn 0.8867 -0.4335 0.1605
vn 0.7054 -0.7049 -0.0750
vn 0.7059 -0.7072 0.0408
vn 0.0287 0.9803 0.1954
vn -0.0886 0.8790 0.4685
vn 0.8282 0.2299 0.5112
vn 0.8264 0.3364 0.4515
vn -0.7552 -0.1431 0.6397
vn -0.6749 -0.3928 0.6247
vn 0.3676 -0.2348 0.8998
vn 0.3155 -0.2059 0.9263
vn 0.8856 -0.1297 0.4459
vn 0.8728 -0.0456 0.4860
vn 0.9994 0.0128 0.0314
vn 0.9955 -0.0790 0.0514
vn 0.7560 -0.0028 -0.6546
vn 0.7891 -0.0405 -0.6129
vn -0.2352 -0.1901 -0.9532
vn -0.3128 0.0609 -0.9479
vn -0.8891 0.0323 -0.4566
vn -0.8577 -0.2592 -0.4440
vn -0.9452 -0.2995 -0.1301
vn -0.9976 -0.0178 -0.0672
vn 0.5244 0.3094 0.7933
vn 0.8338 0.4520 -0.3170
vn -0.2261 0.7904 -0.5693
vn -0.5357 0.6477 0.5417
vn 0.9761 0.0297 -0.2152
vn 0.7261 -0.0856 0.6823
vn -0.8033 -0.5629 0.1946
vn -0.5533 -0.4476 -0.7025
vn -0.7307 0.5509 -0.4032
vn -0.8630 0.2831 -0.4184
vn -0.9722 0.2328 -0.0267
vn -0.8684 0.4874 0.0910
vn 0.7153 0.0571 -0.6965
vn 0.7444 -0.0573 -0.6653
vn -0.3077 0.2468 -0.9189
vn -0.2212 0.5312 -0.8179
vn 0.8629 -0.3804 0.3326
vn 0.8614 -0.2966 0.4124
vn 0.9686 -0.2472 0.0276
vn 0.9348 -0.3473 0.0748
vn -0.6411 0.3376 0.6892
vn -0.7482 0.0437 0.6620
vn 0.3036 -0.2605 0.9165
vn 0.2553 -0.1550 0.9544
vn -0.9614 -0.2739 0.0239
vn -0.8786 -0.4540 -0.1485
vn -0.0808 -0.8871 0.4544
vn -0.1399 -0.8687 0.4752
vn 0.5854 -0.6844 0.4346
vn 0.5541 -0.6523 0.5172
vn 0.8737 -0.3483 0.3396
vn 0.8629 -0.4205 0.2804
vn 0.9717 0.1883 -0.1426
vn 0.9828 0.1244 -0.1367
vn 0.2309 0.6011 -0.7651
vn 0.1548 0.7876 -0.5965
vn -0.5818 0.6291 -0.5155
vn -0.5543 0.4194 -0.7189
vn -0.7749 0.2096 -0.5963
vn -0.8556 0.3687 -0.3633
vn 0.0971 -0.5117 0.8537
vn 0.8778 0.2308 0.4198
vn 0.0449 0.9788 0.2000
vn -0.7363 0.2359 0.6342
vn 0.9656 -0.1623 0.2033
vn 0.3346 -0.7623 0.5540
vn -0.7926 -0.2305 -0.5645
vn -0.1618 0.3694 -0.9151
vn -0.4752 0.8788 -0.0431
vn -0.5809 0.7584 -0.2957
vn -0.8562 0.4965 -0.1426
vn -0.8227 0.5483 0.1501
vn 0.9536 0.2697 -0.1340
vn 0.9673 0.1640 -0.1935
vn 0.1426 0.8878 -0.4376
vn 0.1679 0.9762 -0.1374
vn 0.6218 -0.7639 0.1727
vn 0.5824 -0.7626 0.2815
vn 0.8529 -0.5054 0.1312
vn 0.8031 -0.5915 0.0720
vn -0.8917 -0.0316 0.4515
vn -0.9690 -0.1693 0.1802
vn -0.1449 -0.8937 0.4246
vn -0.2071 -0.8342 0.5111
vn -0.4149 0.7841 -0.4615
vn -0.2924 0.9171 -0.2709
vn 0.7150 0.5397 -0.4444
vn 0.6712 0.5564 -0.4898
vn 0.9925 -0.0119 -0.1217
vn 0.9769 -0.0420 -0.2094
vn 0.9112 -0.4007 0.0958
vn 0.9354 -0.3232 0.1432
vn 0.4426 -0.6911 0.5714
vn 0.4962 -0.6539 0.5711
vn -0.5206 -0.3279 0.7883
vn -0.6445 -0.4685 0.6042
vn -0.9779 0.0753 0.1951
vn -0.8801 0.2737 0.3879
vn -0.8347 0.5214 0.1772
vn -0.9216 0.3825 -0.0663
vn 0.6964 0.0322 -0.7169
vn 0.5358 -0.8439 0.0284
vn -0.5893 -0.7931 -0.1538
vn -0.4285 0.0835 -0.8997
vn 0.7957 -0.5472 0.2597
vn 0.9255 0.1610 -0.3428
vn -0.5286 0.8374 0.1392
vn -0.6584 0.1295 0.7415
vn -0.9305 -0.3214 -0.1755
vn -0.9961 -0.0886 0.0005
vn -0.9394 0.2205 -0.2625
vn -0.8591 0.0685 -0.5073
vn 0.3771 -0.7409 0.5558
vn 0.4403 -0.6545 0.6146
vn -0.6706 -0.5838 0.4577
vn -0.6185 -0.7592 0.2026
vn 0.9861 0.1065 0.1276
vn 0.9954 0.0952 0.0128
vn 0.9397 -0.2084 0.2711
vn 0.9488 -0.0968 0.3007
vn -0.4006 0.4300 -0.8091
vn -0.4419 0.6637 -0.6035
vn 0.6691 0.5936 -0.4472
vn 0.6159 0.5618 -0.5524
vn 0.9576 -0.0156 -0.2877
vn 0.9499 -0.2552 -0.1802
vn 0.1102 -0.6517 -0.7504
vn 0.1585 -0.6142 -0.7730
vn -0.5546 -0.6301 -0.5434
vn -0.5502 -0.5671 -0.6130
vn -0.8616 -0.4201 -0.2850
vn -0.8249 -0.5025 -0.2588
vn -0.9243 -0.1030 0.3674
vn -0.9260 -0.1626 0.3408
vn -0.1309 0.2551 0.9580
vn -0.1299 0.4978 0.8575
vn 0.5800 0.5529 0.5982
vn 0.6377 0.2895 0.7138
vn 0.8527 0.1879 0.4874
vn 0.8468 0.4269 0.3173
vn -0.2189 -0.2229 -0.9500
vn -0.9794 0.1362 -0.1490
vn -0.2512 0.9515 0.1775
vn 0.5098 0.5922 -0.6240
vn -0.9463 -0.3141 -0.0771
vn -0.3315 -0.6043 -0.7245
vn 0.9334 -0.2020 0.2965
vn 0.3189 0.0881 0.9437
vn 0.3216 0.9064 0.2739
vn 0.5041 0.7410 0.4436
vn 0.7724 0.6143 0.1610
vn 0.6602 0.7466 -0.0826
vn -0.9224 -0.0213 0.3857
vn -0.9037 -0.1405 0.4045
vn -0.1735 0.6430 0.7460
vn -0.2857 0.8132 0.5071
vn -0.5123 -0.7946 -0.3257
vn -0.5015 -0.7497 -0.4319
vn -0.7650 -0.6253 -0.1543
vn -0.6889 -0.7113 -0.1398
vn 0.7466 0.3258 -0.5800
vn 0.9094 0.1318 -0.3945
vn 0.1798 -0.6520 -0.7366
vn 0.2084 -0.5552 -0.8052
vn -0.3327 0.4552 -0.8259
vn -0.3545 0.2079 -0.9117
vn -0.9781 -0.1788 -0.1061
vn -0.9835 -0.1206 -0.1350
vn -0.7357 -0.4890 0.4687
vn -0.7661 -0.4053 0.4988
vn -0.3849 -0.5362 0.7512
vn -0.4048 -0.6026 0.6877
vn 0.3421 -0.5757 0.7427
vn 0.2902 -0.6142 0.7338
vn 0.9685 -0.2463 -0.0356
vn 0.9985 -0.0018 0.0555
vn 0.7440 0.4107 -0.5270
vn 0.7127 0.1636 -0.6822
vn 0.4495 0.2539 -0.8564
vn 0.4175 0.5227 -0.7432
vn -0.9187 0.1437 0.3679
vn 0.0123 -0.1760 0.9843
vn 0.6351 0.6219 0.4581
vn -0.2965 0.9418 -0.1588
vn -0.1458 -0.5680 0.8100
vn -0.8983 -0.3097 0.3118
vn 0.0880 0.0417 -0.9952
vn 0.8402 -0.2165 -0.4972
vn 0.6527 0.7495 -0.1102
vn 0.7063 0.6055 -0.3668
vn 0.3779 0.7182 -0.5842
vn 0.2383 0.8918 -0.3846
vn 0.3975 -0.5151 0.7594
vn 0.3546 -0.6152 0.7041
vn 0.9750 0.1506 0.1635
vn 0.8580 0.3536 0.3725
vn -0.6290 -0.7034 0.3312
vn -0.7005 -0.6167 0.3590
vn -0.3779 -0.7275 0.5727
vn -0.4128 -0.7776 0.4743
vn -0.4056 0.7874 -0.4642
vn -0.3506 0.6058 -0.7143
vn -0.9717 -0.1598 -0.1741
vn -0.9868 -0.0400 -0.1572
vn -0.2355 0.5015 -0.8325
vn -0.1766 0.2719 -0.9460
vn -0.8549 -0.3601 -0.3734
vn -0.8674 -0.3005 -0.3966
vn -0.6823 -0.7005 0.2095
vn -0.7381 -0.6309 0.2392
vn -0.4045 -0.7177 0.5668
vn -0.3927 -0.7758 0.4938
vn 0.2926 -0.6024 0.7427
vn 0.2550 -0.6490 0.7167
vn 0.9811 -0.0294 0.1911
vn 0.9293 0.1982 0.3115
vn 0.7224 0.6359 -0.2714
vn 0.7881 0.4158 -0.4539
vn 0.5578 0.4757 -0.6801
vn 0.4367 0.7103 -0.5521
vn -0.9851 -0.1123 0.1303
vn -0.1704 -0.3244 0.9305
vn 0.3438 0.6597 0.6683
vn -0.4714 0.8719 -0.1324
vn -0.1848 -0.7078 0.6818
vn -0.8432 -0.5364 0.0351
vn 0.3000 0.2175 -0.9288
vn 0.9582 0.0462 -0.2824
vn 0.4592 0.8772 0.1402
vn 0.6031 0.7904 -0.1072
vn 0.3157 0.8652 -0.3895
vn 0.0965 0.9716 -0.2160
vn 0.3263 -0.5351 0.7792
vn 0.3228 -0.6318 0.7048
vn 0.8456 0.3232 0.4248
vn 0.6385 0.4611 0.6162
vn -0.4984 -0.8630 0.0830
vn -0.5932 -0.7988 0.1002
vn -0.3108 -0.8723 0.3774
vn -0.3092 -0.9122 0.2688
vn -0.4673 0.7489 -0.4698
vn -0.3143 0.6251 -0.7145
vn -0.8379 -0.3296 -0.4351
vn -0.8850 -0.2198 -0.4104
vn 0.5569 0.7687 -0.3144
vn 0.7398 0.6520 -0.1662
vn 0.7032 -0.3346 -0.6274
vn 0.7002 -0.2771 -0.6580
vn 0.3065 -0.8620 -0.4039
vn 0.2651 -0.8342 -0.4836
vn -0.0658 -0.9822 -0.1758
vn 0.0193 -0.9904 -0.1367
vn -0.4504 -0.7919 0.4125
vn -0.3978 -0.8272 0.3969
vn -0.4086 0.1382 0.9022
vn -0.5985 0.2518 0.7605
vn -0.2355 0.8504 0.4705
vn 0.0008 0.7778 0.6285
vn 0.2293 0.8800 0.4160
vn 0.0480 0.9772 0.2068
vn 0.1956 -0.4173 -0.8875
vn -0.6124 -0.7788 -0.1357
vn -0.9541 0.2991 0.0160
vn -0.1455 0.6608 -0.7363
vn -0.2267 -0.9739 0.0131
vn 0.4265 -0.6817 -0.5945
vn 0.6240 0.7240 0.2940
vn -0.0289 0.4319 0.9015
vn -0.6261 0.7735 0.0984
vn -0.4131 0.8640 0.2880
vn -0.1280 0.9915 0.0227
vn -0.2664 0.9345 -0.2363
vn -0.5202 -0.7458 0.4160
vn -0.4129 -0.7891 0.4549
vn -0.7287 0.2759 0.6268
vn -0.8994 0.2391 0.3659
vn 0.4383 -0.8840 -0.1623
vn 0.4203 -0.8647 -0.2750
vn 0.1403 -0.9900 -0.0145
vn 0.2507 -0.9680 0.0123
vn 0.1974 0.7298 -0.6545
vn 0.4218 0.7907 -0.4436
vn 0.7384 -0.2741 -0.6162
vn 0.6813 -0.2083 -0.7018
vn 0.7147 0.0419 -0.6982
vn 0.7309 -0.2154 -0.6477
vn -0.3135 -0.4716 -0.8242
vn -0.2770 -0.4303 -0.8591
vn -0.8053 -0.4918 -0.3312
vn -0.8261 -0.4150 -0.3812
vn -0.9368 -0.3417 0.0753
vn -0.9014 -0.4281 0.0651
vn -0.6619 -0.1753 0.7288
vn -0.6819 -0.2276 0.6952
vn 0.3466 0.0391 0.9372
vn 0.3281 0.2980 0.8964
vn 0.8443 0.4042 0.3519
vn 0.9193 0.1214 0.3744
vn 0.9957 0.0708 0.0591
vn 0.9391 0.3414 -0.0392
vn -0.6488 -0.0073 -0.7609
vn -0.9192 0.1718 0.3543
vn -0.0389 0.8908 0.4527
vn 0.2316 0.7116 -0.6633
vn -0.9059 -0.2835 0.3147
vn -0.6873 -0.4282 -0.5867
vn 0.9384 -0.2681 -0.2181
vn 0.7199 -0.1235 0.6830
vn 0.5067 0.8220 0.2600
vn 0.7273 0.6222 0.2897
vn 0.8227 0.5590 -0.1037
vn 0.6270 0.7423 -0.2364
vn -0.6431 -0.0997 0.7593
vn -0.6309 -0.2202 0.7440
vn 0.2546 0.4644 0.8482
vn 0.0653 0.6836 0.7269
vn -0.6868 -0.7004 -0.1945
vn -0.7205 -0.6333 -0.2826
vn -0.8142 -0.5712 0.1039
vn -0.7496 -0.6588 0.0645
vn 0.4323 0.4405 -0.7868
vn 0.6396 0.2095 -0.7397
vn -0.2457 -0.4753 -0.8448
vn -0.2411 -0.3659 -0.8989
vn 0.6646 0.6926 0.2803
vn 0.6700 0.6926 -0.2672
vn 0.1838 0.9446 -0.2720
vn 0.1784 0.9446 0.2756
vn -0.1811 -0.9673 0.1776
vn -0.1776 -0.9673 -0.1811
vn 0.1811 -0.9673 -0.1776
vn 0.1776 -0.9673 0.1811
vn -0.8205 0.4576 0.3425
vn -0.8137 0.4576 -0.3586
vn -0.8258 0.4351 -0.3587
vn -0.8327 0.4351 0.3424
vn -0.2876 0.1915 -0.9384
vn 0.3373 -0.1284 -0.9326
vn 0.3395 -0.1224 -0.9326
vn -0.2933 0.1820 -0.9385
vn 0.8522 -0.3955 -0.3425
vn 0.8453 -0.3955 0.3592
vn 0.8540 -0.3763 0.3593
vn 0.8609 -0.3763 -0.3424
vn 0.3189 -0.1284 0.9390
vn -0.3060 0.1915 0.9326
vn -0.3117 0.1820 0.9326
vn 0.3211 -0.1224 0.9391
vn -0.8178 0.4622 0.3429
vn -0.8109 0.4621 -0.3589
vn -0.8112 0.4618 -0.3588
vn -0.8181 0.4618 0.3428
vn -0.2860 0.1931 -0.9386
vn 0.3372 -0.1297 -0.9325
vn 0.3371 -0.1296 -0.9325
vn -0.2862 0.1931 -0.9385
vn 0.8506 -0.3988 -0.3426
vn 0.8437 -0.3989 0.3592
vn 0.8438 -0.3987 0.3592
vn 0.8507 -0.3988 -0.3426
vn 0.3188 -0.1297 0.9389
vn -0.3043 0.1931 0.9328
vn -0.3046 0.1931 0.9327
vn 0.3187 -0.1296 0.9390
vn -0.8109 0.4622 -0.3589
vn -0.2859 0.1931 -0.9386
vn 0.3371 -0.1297 -0.9325
vn 0.3371 -0.1298 -0.9325
vn 0.8437 -0.3988 0.3592
vn 0.8506 -0.3989 -0.3426
vn 0.3188 -0.1298 0.9389
vn 0.8507 -0.3988 -0.3425
vn -0.8178 0.4622 0.3428
vn 0.3372 -0.1298 -0.9325
vn -0.5942 0.7481 0.2953
vn -0.5883 0.7481 -0.3069
vn -0.7892 0.4987 -0.3584
vn -0.7961 0.4987 0.3428
vn -0.0784 0.4868 -0.8700
vn 0.4563 0.2097 -0.8647
vn 0.3564 -0.0919 -0.9298
vn -0.2662 0.2307 -0.9359
vn 0.9551 -0.0518 -0.2918
vn 0.9492 -0.0517 0.3105
vn 0.8611 -0.3600 0.3591
vn 0.8680 -0.3600 -0.3421
vn 0.4393 0.2097 0.8736
vn -0.0955 0.4868 0.8683
vn -0.2845 0.2307 0.9305
vn 0.3380 -0.0920 0.9366
vn -0.8690 0.3575 0.3423
vn -0.8621 0.3575 -0.3593
vn -0.8710 0.3350 -0.3594
vn -0.8779 0.3350 0.3422
vn -0.3101 0.1490 -0.9390
vn 0.3459 -0.1017 -0.9327
vn 0.3487 -0.0927 -0.9327
vn -0.3137 0.1407 -0.9390
vn 0.8867 -0.3109 -0.3423
vn 0.8797 -0.3110 0.3597
vn 0.8877 -0.2875 0.3597
vn 0.8946 -0.2875 -0.3421
vn 0.3275 -0.1017 0.9394
vn -0.3285 0.1490 0.9327
vn -0.3321 0.1407 0.9327
vn 0.3302 -0.0927 0.9393
vn -0.8670 0.3621 0.3425
vn -0.8600 0.3621 -0.3595
vn -0.8602 0.3617 -0.3594
vn -0.8671 0.3618 0.3424
vn -0.3089 0.1505 -0.9391
vn 0.3455 -0.1034 -0.9327
vn 0.3455 -0.1033 -0.9327
vn -0.3091 0.1504 -0.9391
vn 0.8852 -0.3151 -0.3423
vn 0.8783 -0.3150 0.3597
vn 0.8783 -0.3151 0.3597
vn 0.8852 -0.3150 -0.3423
vn 0.3271 -0.1034 0.9393
vn -0.3273 0.1505 0.9328
vn -0.3275 0.1504 0.9328
vn -0.8669 0.3621 0.3425
vn -0.3089 0.1504 -0.9391
vn 0.3457 -0.1034 -0.9326
vn 0.3456 -0.1034 -0.9327
vn 0.8853 -0.3147 -0.3422
vn 0.8784 -0.3147 0.3596
vn 0.3273 -0.1034 0.9392
vn -0.3273 0.1504 0.9329
vn -0.3273 0.1505 0.9329
vn 0.3272 -0.1034 0.9393
vn -0.8528 0.3943 0.3425
vn -0.8459 0.3943 -0.3592
vn -0.8580 0.3669 -0.3594
vn -0.8649 0.3669 0.3425
vn -0.3023 0.1642 -0.9390
vn 0.3435 -0.1117 -0.9325
vn 0.3457 -0.1046 -0.9325
vn -0.3079 0.1524 -0.9391
vn 0.8754 -0.3413 -0.3422
vn 0.8686 -0.3413 0.3593
vn 0.8772 -0.3183 0.3594
vn 0.8841 -0.3183 -0.3421
vn 0.3251 -0.1117 0.9391
vn -0.3207 0.1642 0.9328
vn -0.3263 0.1524 0.9329
vn 0.3273 -0.1046 0.9391
vn -0.9008 0.2678 0.3418
vn -0.8939 0.2678 -0.3595
vn -0.9025 0.2371 -0.3596
vn -0.9094 0.2371 0.3418
vn -0.3236 0.1159 -0.9391
vn 0.3545 -0.0670 -0.9327
vn 0.3561 -0.0586 -0.9326
vn -0.3276 0.1029 -0.9392
vn 0.9136 -0.2199 -0.3420
vn 0.9067 -0.2199 0.3599
vn 0.9127 -0.1935 0.3599
vn 0.9196 -0.1935 -0.3418
vn 0.3361 -0.0670 0.9394
vn -0.3420 0.1159 0.9325
vn -0.3460 0.1029 0.9326
vn 0.3376 -0.0586 0.9394
vn -0.8988 0.2740 0.3422
vn -0.8919 0.2739 -0.3598
vn -0.8921 0.2736 -0.3597
vn -0.8990 0.2736 0.3421
vn -0.3223 0.1183 -0.9392
vn 0.3544 -0.0686 -0.9326
vn 0.3543 -0.0685 -0.9326
vn -0.3225 0.1182 -0.9392
vn 0.9125 -0.2244 -0.3420
vn 0.9056 -0.2244 0.3599
vn 0.9125 -0.2243 -0.3421
vn 0.3360 -0.0686 0.9394
vn -0.3407 0.1183 0.9327
vn -0.3409 0.1182 0.9326
vn 0.3359 -0.0685 0.9394
vn -0.8919 0.2740 -0.3598
vn -0.3222 0.1182 -0.9393
vn 0.3545 -0.0685 -0.9325
vn 0.9126 -0.2241 -0.3420
vn 0.9057 -0.2240 0.3598
vn 0.9056 -0.2243 0.3599
vn 0.9125 -0.2243 -0.3420
vn 0.3361 -0.0685 0.9393
vn -0.3406 0.1182 0.9327
vn -0.8909 0.2988 0.3422
vn -0.8840 0.2988 -0.3596
vn -0.8908 0.2775 -0.3598
vn -0.8977 0.2775 0.3422
vn -0.3188 0.1273 -0.9392
vn 0.3527 -0.0783 -0.9325
vn 0.3546 -0.0699 -0.9324
vn -0.3217 0.1194 -0.9393
vn 0.9061 -0.2493 -0.3419
vn 0.8992 -0.2493 0.3596
vn 0.9050 -0.2272 0.3597
vn 0.9119 -0.2272 -0.3418
vn 0.3343 -0.0783 0.9392
vn -0.3372 0.1273 0.9328
vn -0.3401 0.1194 0.9328
vn 0.3362 -0.0699 0.9392
vn -0.9278 0.1489 0.3419
vn -0.9209 0.1490 -0.3601
vn -0.9220 0.1424 -0.3601
vn -0.9289 0.1424 0.3419
vn -0.3361 0.0655 -0.9395
vn 0.3589 -0.0346 -0.9327
vn 0.3594 -0.0301 -0.9327
vn -0.3364 0.0640 -0.9395
vn 0.9323 -0.1180 -0.3420
vn 0.9254 -0.1181 0.3602
vn 0.9265 -0.1085 0.3602
vn 0.9334 -0.1085 -0.3419
vn 0.3405 -0.0346 0.9396
vn -0.3545 0.0655 0.9327
vn -0.3549 0.0640 0.9327
vn 0.3410 -0.0301 0.9396
vn -0.9276 0.1502 0.3420
vn -0.9207 0.1502 -0.3601
vn -0.9207 0.1501 -0.3601
vn -0.9277 0.1501 0.3419
vn -0.3360 0.0658 -0.9396
vn 0.3588 -0.0354 -0.9327
vn 0.9321 -0.1198 -0.3419
vn 0.9252 -0.1197 0.3602
vn 0.9321 -0.1197 -0.3419
vn 0.3404 -0.0354 0.9396
vn -0.3544 0.0658 0.9328
vn -0.9276 0.1503 0.3420
vn -0.9207 0.1503 -0.3601
vn -0.9207 0.1502 -0.3602
vn 0.3590 -0.0353 -0.9327
vn 0.9321 -0.1194 -0.3418
vn 0.9252 -0.1194 0.3601
vn 0.3406 -0.0353 0.9396
vn -0.9211 0.1864 0.3418
vn -0.9142 0.1864 -0.3599
vn -0.9199 0.1555 -0.3600
vn -0.9268 0.1556 0.3419
vn -0.3329 0.0811 -0.9395
vn 0.3583 -0.0448 -0.9325
vn 0.3591 -0.0366 -0.9326
vn -0.3355 0.0680 -0.9396
vn 0.9279 -0.1494 -0.3416
vn 0.9210 -0.1494 0.3598
vn 0.9248 -0.1233 0.3599
vn 0.9317 -0.1233 -0.3417
vn 0.3399 -0.0448 0.9394
vn -0.3513 0.0811 0.9327
vn -0.3540 0.0680 0.9328
vn 0.3407 -0.0366 0.9395
vn -0.9314 0.1261 0.3416
vn -0.9245 0.1261 -0.3598
vn -0.9231 0.1376 -0.3590
vn -0.9300 0.1376 0.3408
vn -0.3375 0.0636 -0.9392
vn 0.3607 -0.0119 -0.9326
vn 0.3627 0.0281 -0.9315
vn -0.3363 0.0880 -0.9376
vn 0.9368 -0.0752 -0.3418
vn 0.9299 -0.0752 0.3601
vn 0.9327 -0.0226 0.3598
vn 0.9396 -0.0226 -0.3414
vn 0.3423 -0.0119 0.9395
vn -0.3559 0.0636 0.9324
vn -0.3547 0.0880 0.9308
vn 0.3443 0.0281 0.9384
vn -0.9314 0.1249 0.3419
vn -0.9245 0.1249 -0.3602
vn -0.9246 0.1247 -0.3601
vn -0.9315 0.1247 0.3418
vn -0.3373 0.0600 -0.9395
vn 0.3604 -0.0180 -0.9326
vn -0.3375 0.0599 -0.9394
vn 0.9361 -0.0831 -0.3418
vn 0.9292 -0.0830 0.3602
vn 0.9292 -0.0831 0.3602
vn 0.9361 -0.0831 -0.3419
vn 0.3420 -0.0180 0.9395
vn -0.3557 0.0600 0.9327
vn -0.3559 0.0599 0.9326
vn 0.3419 -0.0180 0.9395
vn -0.9304 0.1320 0.3419
vn -0.9235 0.1320 -0.3602
vn -0.9243 0.1259 -0.3602
vn -0.9312 0.1259 0.3419
vn -0.3369 0.0616 -0.9395
vn 0.3601 -0.0229 -0.9326
vn 0.3604 -0.0187 -0.9326
vn -0.3372 0.0602 -0.9395
vn 0.9351 -0.0932 -0.3418
vn 0.9282 -0.0932 0.3602
vn 0.9291 -0.0844 0.3602
vn 0.9360 -0.0844 -0.3418
vn 0.3417 -0.0229 0.9395
vn -0.3553 0.0616 0.9327
vn -0.3556 0.0602 0.9327
vn 0.3420 -0.0187 0.9395
vn -0.9336 0.1098 0.3412
vn -0.9267 0.1098 -0.3595
vn -0.8396 -0.4528 -0.3000
vn -0.8453 -0.4528 0.2834
vn -0.3407 0.1101 -0.9337
vn 0.3597 0.1109 -0.9264
vn 0.2998 -0.4538 -0.8392
vn -0.2836 -0.4532 -0.8451
vn 0.9335 0.1117 -0.3408
vn 0.9266 0.1117 0.3591
vn 0.8389 -0.4541 0.3000
vn 0.8446 -0.4541 -0.2834
vn 0.3415 0.1110 0.9333
vn -0.3590 0.1101 0.9268
vn -0.3002 -0.4532 0.8393
vn 0.2832 -0.4538 0.8449
vn -0.9266 0.1629 0.3390
vn -0.9197 0.1629 -0.3571
vn -0.9166 0.1840 -0.3550
vn -0.9234 0.1840 0.3369
vn -0.3342 0.1408 -0.9319
vn 0.3622 0.1148 -0.9250
vn 0.3569 0.1814 -0.9163
vn -0.3338 0.1823 -0.9248
vn 0.9362 0.0929 -0.3389
vn 0.9294 0.0929 0.3572
vn 0.9179 0.1807 0.3533
vn 0.9247 0.1807 -0.3352
vn 0.3439 0.1148 0.9320
vn -0.3524 0.1407 0.9252
vn -0.3519 0.1823 0.9181
vn 0.3389 0.1814 0.9232
vn 0.0000 0.0000 1.0000
vn 0.3778 0.0000 -0.9259
vn -0.3778 0.0000 0.9259
vn 0.5642 0.0000 0.8256
vn -0.5642 0.0000 -0.8256
vn 0.0000 0.0000 -1.0000
vn 0.9999 0.0162 0.0000
vn -0.9999 -0.0162 0.0000
vn -0.3382 0.0000 0.9411
vn 0.3382 0.0000 -0.9411
vn 1.0000 0.0000 0.0000
vn -1.0000 0.0000 0.0000
vn -0.2425 0.9701 0.0000
vn 0.8944 0.0000 -0.4472
vn -0.8944 0.0000 0.4472
vn 0.5428 0.7827 0.3046
vn -0.5428 -0.7827 -0.3046
vn 0.1055 0.0000 -0.9944
vn -0.1055 0.0000 0.9944
vn 0.3970 0.0000 0.9178
vn -0.3970 0.0000 -0.9178
vn 0.0142 0.7607 -0.6489
vn -0.0142 -0.7607 0.6489
vn 0.2794 0.0000 -0.9602
vn -0.2794 0.0000 0.9602
vn -0.6845 -0.6263 0.3731
vn 0.6845 0.6263 -0.3731
vn 0.3673 0.0000 0.9301
vn -0.3673 0.0000 -0.9301
vn -0.0294 -0.4236 -0.9054
vn 0.0294 0.4236 0.9054
vn -0.7071 0.0000 0.7071
vn 0.7071 0.0000 -0.7071
vn 0.1838 0.0000 -0.9830
vn -0.1838 0.0000 0.9830
vn -0.5621 0.0000 0.8270
vn 0.5621 0.0000 -0.8270
vn 0.1145 0.0000 0.9934
vn -0.1145 0.0000 -0.9934
vn -0.9800 0.0000 0.1989
vn 0.9800 0.0000 -0.1989
vn 0.9436 0.2813 0.1748
vn -0.9436 -0.2813 -0.1748
vn 0.6208 0.0000 0.7840
vn -0.6208 0.0000 -0.7840
vn -0.0412 0.4346 0.8997
vn 0.0412 -0.4346 -0.8997
vn 0.7371 0.4963 -0.4587
vn -0.7371 -0.4963 0.4587
vn 0.0000 -1.0000 0.0000
vn 0.0000 1.0000 0.0000
vn -0.8773 0.0000 -0.4800
vn 0.8773 0.0000 0.4800
vn -0.0092 0.0000 1.0000
vn 0.0092 0.0000 -1.0000
vn 0.3845 0.0000 -0.9231
vn -0.3845 0.0000 0.9231
vn 0.5814 0.0000 0.8136
vn -0.5814 0.0000 -0.8136
vn 0.5833 -0.5653 -0.5833
vn -0.5833 0.5653 0.5833
vn -0.2836 -0.9590 0.0000
vn 0.2836 0.9590 0.0000
vn 0.8786 0.0000 -0.4775
vn -0.8786 0.0000 0.4775
vn -0.0952 0.0000 0.9955
vn 0.0952 0.0000 -0.9955
vn 0.4894 0.0000 -0.8721
vn -0.4894 0.0000 0.8721
vn 0.2013 0.8730 0.4443
vn -0.2013 -0.8730 -0.4443
vn 0.8606 -0.5092 0.0000
vn -0.8606 0.5092 0.0000
vn 0.1374 -0.5494 -0.8242
vn -0.1374 0.5494 0.8242
vn -0.4431 -0.8965 0.0000
vn 0.4431 0.8965 0.0000
vn -0.2814 0.0000 0.9596
vn 0.2814 0.0000 -0.9596
vn -0.4150 0.5825 0.6989
vn 0.5517 -0.7744 -0.3097
vn 0.1115 -0.8889 -0.4444
vn -0.1115 0.8889 0.4444
vn -0.7724 0.2581 -0.5803
vn -0.9497 0.3081 -0.0564
vn -0.6421 0.7666 0.0039
vn -0.4649 0.7166 -0.5200
vn 0.2170 -0.9673 -0.1314
vn 0.1314 -0.9673 0.2170
vn -0.2170 -0.9673 0.1314
vn -0.1314 -0.9673 -0.2170
vn 0.6131 0.7547 -0.2335
vn 0.3933 0.8140 0.4275
vn 0.4491 0.7720 0.4498
vn 0.6560 0.7232 -0.2158
vn -0.1205 0.3898 0.9130
vn -0.5190 -0.1845 0.8346
vn -0.5165 -0.1841 0.8363
vn -0.0825 0.3626 0.9283
vn -0.6630 -0.7170 0.2152
vn -0.4403 -0.7790 -0.4465
vn -0.4923 -0.7351 -0.4661
vn -0.7014 -0.6841 0.2002
vn 0.0716 -0.3507 -0.9337
vn 0.4672 0.2263 -0.8547
vn 0.4699 0.2267 -0.8531
vn 0.0380 -0.3223 -0.9459
vn 0.6034 0.7604 -0.2403
vn 0.3795 0.8235 0.4218
vn 0.3813 0.8223 0.4225
vn 0.6044 0.7600 -0.2390
vn -0.1311 0.3935 0.9099
vn -0.5200 -0.1858 0.8337
vn -0.5198 -0.1854 0.8339
vn -0.1297 0.3935 0.9101
vn -0.6572 -0.7214 0.2184
vn -0.4330 -0.7847 -0.4436
vn -0.4324 -0.7852 -0.4433
vn -0.6569 -0.7217 0.2183
vn 0.0774 -0.3544 -0.9319
vn 0.4661 0.2251 -0.8556
vn 0.4663 0.2254 -0.8554
vn 0.0775 -0.3547 -0.9317
vn 0.6032 0.7605 -0.2404
vn 0.3792 0.8237 0.4216
vn -0.1314 0.3935 0.9099
vn -0.5200 -0.1859 0.8337
vn -0.4332 -0.7846 -0.4437
vn -0.4332 -0.7846 -0.4436
vn 0.4660 0.2250 -0.8557
vn 0.3792 0.8237 0.4217
vn -0.6572 -0.7213 0.2185
vn 0.6032 0.7605 -0.2405
vn -0.4331 -0.7846 -0.4436
vn 0.2815 0.9076 -0.3114
vn 0.0887 0.9620 0.2582
vn 0.3458 0.8449 0.4080
vn 0.5697 0.7818 -0.2536
vn -0.4084 0.5431 0.7336
vn -0.7428 0.0446 0.6681
vn -0.5512 -0.1626 0.8183
vn -0.1629 0.4163 0.8945
vn -0.8764 -0.4766 0.0690
vn -0.6836 -0.5311 -0.5006
vn -0.4640 -0.7593 -0.4563
vn -0.6879 -0.6961 0.2054
vn -0.1865 -0.1123 -0.9760
vn 0.1479 0.3863 -0.9104
vn 0.4330 0.2483 -0.8665
vn 0.0446 -0.3307 -0.9427
vn 0.7819 0.5982 -0.1757
vn 0.6113 0.6095 0.5048
vn 0.6234 0.5943 0.5081
vn 0.7939 0.5830 -0.1724
vn 0.0246 0.2538 0.9669
vn -0.5091 -0.1847 0.8407
vn -0.5136 -0.1780 0.8394
vn 0.0292 0.2485 0.9682
vn -0.8114 -0.5598 0.1679
vn -0.6408 -0.5711 -0.5130
vn -0.6528 -0.5544 -0.5163
vn -0.8235 -0.5430 0.1645
vn -0.0541 -0.2148 -0.9752
vn 0.4795 0.2237 -0.8485
vn 0.4842 0.2184 -0.8473
vn -0.0586 -0.2082 -0.9763
vn 0.7794 0.6012 -0.1766
vn 0.6087 0.6125 0.5043
vn 0.6089 0.6123 0.5043
vn 0.7795 0.6010 -0.1765
vn 0.0234 0.2547 0.9667
vn -0.5084 -0.1861 0.8408
vn -0.5084 -0.1859 0.8408
vn 0.0235 0.2547 0.9667
vn -0.8093 -0.5627 0.1684
vn -0.6387 -0.5740 -0.5124
vn -0.6387 -0.5739 -0.5125
vn -0.0534 -0.2161 -0.9749
vn 0.4784 0.2246 -0.8489
vn 0.4785 0.2246 -0.8489
vn -0.0533 -0.2161 -0.9749
vn 0.7790 0.6017 -0.1764
vn 0.6080 0.6134 0.5041
vn 0.6086 0.6126 0.5043
vn 0.7793 0.6013 -0.1765
vn 0.0234 0.2551 0.9666
vn -0.5086 -0.1862 0.8406
vn -0.5084 -0.1860 0.8408
vn -0.8102 -0.5617 0.1674
vn -0.6401 -0.5721 -0.5128
vn -0.6389 -0.5737 -0.5125
vn -0.8094 -0.5626 0.1683
vn -0.0547 -0.2157 -0.9749
vn 0.4782 0.2243 -0.8491
vn 0.4784 0.2245 -0.8490
vn -0.0535 -0.2160 -0.9749
vn 0.7281 0.6584 -0.1908
vn 0.5418 0.6875 0.4835
vn 0.5978 0.6257 0.5011
vn 0.7714 0.6110 -0.1777
vn -0.0201 0.3053 0.9521
vn -0.5124 -0.1853 0.8385
vn -0.5095 -0.1864 0.8400
vn 0.0174 0.2634 0.9645
vn -0.7670 -0.6166 0.1776
vn -0.5818 -0.6443 -0.4963
vn -0.6338 -0.5805 -0.5112
vn -0.8053 -0.5689 0.1670
vn -0.0192 -0.2640 -0.9643
vn 0.4742 0.2253 -0.8511
vn 0.4773 0.2242 -0.8497
vn -0.0519 -0.2226 -0.9735
vn 0.8292 0.5348 -0.1627
vn 0.6587 0.5460 0.5177
vn 0.6728 0.5247 0.5216
vn 0.8432 0.5136 -0.1589
vn 0.0430 0.2317 0.9718
vn -0.5256 -0.1575 0.8360
vn -0.5292 -0.1507 0.8350
vn 0.0492 0.2229 0.9736
vn -0.8570 -0.4914 0.1553
vn -0.6863 -0.5027 -0.5256
vn -0.6982 -0.4826 -0.5288
vn -0.8687 -0.4715 0.1520
vn -0.0706 -0.1875 -0.9797
vn 0.4979 0.2017 -0.8435
vn 0.5038 0.1933 -0.8419
vn -0.0745 -0.1803 -0.9808
vn 0.8262 0.5390 -0.1638
vn 0.6556 0.5503 0.5171
vn 0.6558 0.5501 0.5170
vn 0.8264 0.5388 -0.1636
vn 0.0414 0.2332 0.9716
vn -0.5251 -0.1588 0.8361
vn -0.5250 -0.1587 0.8361
vn 0.0416 0.2332 0.9716
vn -0.8549 -0.4949 0.1559
vn -0.6842 -0.5062 -0.5250
vn -0.8549 -0.4948 0.1559
vn -0.0700 -0.1889 -0.9795
vn 0.4964 0.2030 -0.8440
vn 0.4966 0.2030 -0.8439
vn 0.6555 0.5504 0.5170
vn 0.8262 0.5391 -0.1638
vn 0.0413 0.2331 0.9716
vn -0.5252 -0.1588 0.8360
vn 0.0413 0.2332 0.9716
vn -0.8550 -0.4947 0.1558
vn -0.6844 -0.5060 -0.5250
vn -0.6843 -0.5061 -0.5250
vn -0.8549 -0.4948 0.1558
vn -0.0702 -0.1889 -0.9795
vn 0.4964 0.2029 -0.8441
vn -0.0701 -0.1890 -0.9795
vn 0.8133 0.5573 -0.1673
vn 0.6426 0.5687 0.5135
vn 0.6538 0.5529 0.5166
vn 0.8244 0.5417 -0.1643
vn 0.0363 0.2394 0.9702
vn -0.5208 -0.1669 0.8372
vn -0.5248 -0.1600 0.8361
vn 0.0405 0.2339 0.9714
vn -0.8426 -0.5145 0.1591
vn -0.6720 -0.5258 -0.5214
vn -0.6829 -0.5085 -0.5244
vn -0.8535 -0.4972 0.1561
vn -0.0658 -0.1970 -0.9782
vn 0.4914 0.2093 -0.8454
vn 0.4956 0.2038 -0.8443
vn -0.0698 -0.1901 -0.9793
vn 0.8852 0.4416 -0.1465
vn 0.7155 0.4518 0.5329
vn 0.7407 0.3998 0.5399
vn 0.9098 0.3909 -0.1395
vn 0.0684 0.1939 0.9786
vn -0.5394 -0.1285 0.8322
vn -0.5469 -0.1099 0.8299
vn 0.0793 0.1730 0.9817
vn -0.9022 -0.4071 0.1422
vn -0.7323 -0.4176 -0.5380
vn -0.7563 -0.3626 -0.5445
vn -0.9256 -0.3536 0.1354
vn -0.0858 -0.1563 -0.9840
vn 0.5217 0.1664 -0.8368
vn 0.5310 0.1490 -0.8342
vn -0.0951 -0.1340 -0.9864
vn 0.8793 0.4523 -0.1491
vn 0.7091 0.4629 0.5319
vn 0.7097 0.4620 0.5318
vn 0.8798 0.4515 -0.1487
vn 0.0648 0.1974 0.9782
vn -0.5381 -0.1318 0.8325
vn -0.5380 -0.1317 0.8326
vn 0.0654 0.1974 0.9781
vn -0.8985 -0.4148 0.1436
vn -0.7283 -0.4254 -0.5372
vn -0.7280 -0.4261 -0.5371
vn -0.8982 -0.4155 0.1437
vn -0.0841 -0.1600 -0.9835
vn 0.5188 0.1692 -0.8380
vn 0.5192 0.1692 -0.8377
vn -0.0840 -0.1600 -0.9835
vn 0.8650 0.4779 -0.1530
vn 0.6947 0.4887 0.5278
vn 0.7070 0.4668 0.5313
vn 0.8772 0.4562 -0.1497
vn 0.0585 0.2080 0.9764
vn -0.5348 -0.1396 0.8333
vn -0.5379 -0.1329 0.8325
vn 0.0639 0.1989 0.9779
vn -0.8870 -0.4379 0.1467
vn -0.7167 -0.4487 -0.5338
vn -0.7270 -0.4283 -0.5367
vn -0.8971 -0.4177 0.1439
vn -0.0807 -0.1684 -0.9824
vn 0.5128 0.1792 -0.8396
vn 0.5179 0.1705 -0.8383
vn -0.0839 -0.1612 -0.9833
vn 0.9606 0.2481 -0.1251
vn 0.7929 0.2532 0.5543
vn 0.7975 0.2384 0.5542
vn 0.9644 0.2344 -0.1225
vn 0.1021 0.1178 0.9878
vn -0.5611 -0.0529 0.8261
vn -0.5677 -0.0045 0.8232
vn 0.1031 0.1314 0.9860
vn -0.9718 -0.2016 0.1226
vn -0.8037 -0.2070 -0.5579
vn -0.8175 -0.1287 -0.5614
vn -0.9851 -0.1243 0.1185
vn -0.1125 -0.0671 -0.9914
vn 0.5504 0.1038 -0.8284
vn 0.5497 0.1204 -0.8266
vn -0.1203 -0.0159 -0.9926
vn 0.9591 0.2531 -0.1266
vn 0.7909 0.2586 0.5547
vn 0.7914 0.2571 0.5547
vn 0.9595 0.2517 -0.1263
vn 0.1006 0.1160 0.9881
vn -0.5600 -0.0601 0.8263
vn -0.5597 -0.0602 0.8265
vn 0.1011 0.1158 0.9881
vn -0.9697 -0.2107 0.1235
vn -0.8015 -0.2161 -0.5575
vn -0.8011 -0.2176 -0.5575
vn -0.9694 -0.2121 0.1237
vn -0.1113 -0.0746 -0.9910
vn 0.5494 0.1014 -0.8294
vn 0.5498 0.1013 -0.8291
vn -0.1109 -0.0748 -0.9910
vn 0.9419 0.3093 -0.1308
vn 0.7735 0.3162 0.5493
vn 0.7886 0.2674 0.5538
vn 0.9568 0.2617 -0.1269
vn 0.0932 0.1390 0.9859
vn -0.5566 -0.0799 0.8269
vn -0.5603 -0.0627 0.8259
vn 0.0996 0.1193 0.9879
vn -0.9556 -0.2662 0.1266
vn -0.7873 -0.2730 -0.5528
vn -0.8004 -0.2226 -0.5566
vn -0.9683 -0.2171 0.1232
vn -0.1071 -0.0981 -0.9894
vn 0.5429 0.1206 -0.8311
vn 0.5485 0.1041 -0.8296
vn -0.1116 -0.0777 -0.9907
vn 0.9869 0.1095 -0.1182
vn 0.8196 0.1095 0.5624
vn 0.7490 -0.4518 0.4846
vn 0.8883 -0.4519 -0.0820
vn 0.1173 0.1097 0.9870
vn -0.5630 0.1115 0.8189
vn -0.4839 -0.4541 0.7481
vn 0.0826 -0.4528 0.8878
vn -0.9865 0.1138 0.1174
vn -0.8196 0.1140 -0.5615
vn -0.7474 -0.4549 -0.4842
vn -0.8868 -0.4548 0.0824
vn -0.1191 0.1117 -0.9866
vn 0.5616 0.1098 -0.8201
vn 0.4849 -0.4529 -0.7482
vn -0.0818 -0.4542 -0.8872
vn 0.9710 0.2071 -0.1193
vn 0.8050 0.2090 0.5552
vn 0.8098 0.1886 0.5556
vn 0.9751 0.1885 -0.1170
vn 0.1054 0.1604 0.9814
vn -0.5703 0.1020 0.8151
vn -0.5608 0.1817 0.8078
vn 0.1102 0.1836 0.9768
vn -0.9923 0.0512 0.1132
vn -0.8263 0.0495 -0.5610
vn -0.8132 0.1818 -0.5528
vn -0.9769 0.1817 0.1122
vn -0.1270 0.0971 -0.9871
vn 0.5487 0.1555 -0.8214
vn 0.5505 0.1832 -0.8145
vn -0.1222 0.1816 -0.9757
vn 0.1282 0.4819 0.8668
vn -0.0774 0.3352 0.9390
vn 0.3367 -0.6414 0.6894
vn 0.3683 -0.5915 0.7172
vn 0.2465 -0.9659 0.0795
vn 0.3364 -0.9385 0.0779
vn 0.1564 -0.9190 -0.3618
vn 0.0903 -0.9490 -0.3021
vn -0.2576 -0.5239 -0.8119
vn -0.2621 -0.5766 -0.7738
vn -0.7021 0.4027 -0.5872
vn -0.5003 0.5499 -0.6688
vn -0.3338 0.9417 -0.0419
vn -0.5656 0.8197 0.0902
vn -0.4413 0.8063 0.3939
vn -0.1796 0.9250 0.3347
vn 0.7526 -0.5893 0.2939
vn 0.3130 -0.5417 -0.7801
vn 0.3222 0.5981 -0.7338
vn 0.7620 0.5506 0.3409
vn 0.0346 -0.8288 -0.5584
vn 0.3899 -0.8672 0.3096
vn -0.4673 0.5112 0.7213
vn -0.8225 0.5496 -0.1464
vn 0.1472 0.9431 -0.2981
vn -0.1010 0.9855 -0.1366
vn 0.0541 0.9687 0.2423
vn 0.3429 0.9220 0.1800
vn -0.2355 -0.4573 -0.8576
vn -0.3101 -0.5273 -0.7911
vn -0.3293 0.5952 -0.7330
vn -0.0269 0.5777 -0.8158
vn -0.0263 -0.9933 0.1126
vn 0.0863 -0.9866 0.1386
vn -0.0660 -0.9701 -0.2335
vn -0.1283 -0.9823 -0.1368
vn 0.5697 0.5132 0.6419
vn 0.2966 0.5275 0.7961
vn 0.3161 -0.5950 0.7389
vn 0.4181 -0.5279 0.7392
vn 0.9259 -0.0109 0.3776
vn 0.8311 -0.2152 0.5128
vn 0.4841 -0.8095 -0.3321
vn 0.5395 -0.7752 -0.3286
vn -0.1622 -0.7898 -0.5916
vn -0.1100 -0.7463 -0.6565
vn -0.5412 -0.5465 -0.6391
vn -0.5364 -0.6164 -0.5765
vn -0.9600 -0.0806 -0.2681
vn -0.9507 -0.1449 -0.2742
vn -0.6655 0.4781 0.5732
vn -0.5799 0.6867 0.4384
vn 0.1411 0.7312 0.6674
vn 0.0903 0.5112 0.8547
vn 0.3880 0.3733 0.8427
vn 0.5104 0.5601 0.6525
vn 0.3893 -0.4731 -0.7903
vn -0.6638 0.0147 -0.7478
vn -0.2148 0.9420 -0.2578
vn 0.8390 0.4539 -0.3003
vn -0.7249 -0.3985 -0.5619
vn 0.1263 -0.7928 -0.5962
vn 0.5310 -0.0445 0.8462
vn -0.3199 0.3497 0.8805
vn 0.1710 0.9691 0.1780
vn 0.1944 0.8673 0.4583
vn 0.5659 0.6952 0.4433
vn 0.6398 0.7519 0.1591
vn -0.9619 0.0030 -0.2735
vn -0.9701 -0.1057 -0.2183
vn -0.5318 0.7949 0.2920
vn -0.4571 0.8894 0.0021
vn -0.2781 -0.8898 -0.3618
vn -0.2002 -0.8725 -0.4457
vn -0.5652 -0.7034 -0.4310
vn -0.5226 -0.7765 -0.3519
vn 0.9723 0.2272 -0.0556
vn 0.9676 0.1003 0.2315
vn 0.5302 -0.8007 -0.2789
vn 0.6039 -0.7224 -0.3367
vn -0.6412 0.2939 0.7088
vn -0.5984 0.0511 0.7995
vn 0.4880 0.1024 0.8668
vn 0.4456 0.1494 0.8827
vn 0.9260 -0.0995 0.3641
vn 0.9317 -0.0056 0.3632
vn 0.9819 -0.1720 -0.0794
vn 0.9696 -0.2439 -0.0201
vn 0.6202 -0.4293 -0.6566
vn 0.6550 -0.4514 -0.6060
vn -0.4242 -0.5265 -0.7367
vn -0.4660 -0.2872 -0.8369
vn -0.9441 0.0095 -0.3294
vn -0.9496 -0.2488 -0.1905
vn -0.9843 -0.1339 0.1151
vn -0.9871 0.1521 0.0497
vn 0.6934 0.5071 0.5118
vn 0.8160 0.1007 -0.5692
vn -0.2180 0.5012 -0.8374
vn -0.3407 0.9079 0.2443
vn 0.9174 -0.2572 -0.3035
vn 0.8184 0.0712 0.5703
vn -0.8227 -0.2567 0.5073
vn -0.7236 -0.5851 -0.3662
vn -0.7120 0.4594 -0.5311
vn -0.8789 0.2423 -0.4108
vn -0.9222 0.3857 -0.0295
vn -0.7665 0.6403 -0.0499
vn 0.5809 -0.3861 -0.7166
vn 0.5998 -0.4797 -0.6405
vn -0.4314 -0.1116 -0.8952
vn -0.2916 0.1656 -0.9421
vn 0.8507 -0.3647 0.3784
vn 0.8745 -0.2565 0.4117
vn 0.9169 -0.3973 0.0371
vn 0.8792 -0.4591 0.1274
vn -0.4580 0.7172 0.5252
vn -0.6059 0.4670 0.6440
vn 0.4252 0.0993 0.8996
vn 0.3987 0.2182 0.8908
vn -0.2800 -0.1637 -0.9459
vn -0.0402 -0.2700 -0.9620
vn -0.1328 -0.9810 -0.1415
vn -0.1784 -0.9663 -0.1857
vn 0.0598 -0.8545 0.5160
vn -0.0341 -0.8540 0.5191
vn 0.1366 -0.5387 0.8314
vn 0.2080 -0.5808 0.7870
vn 0.4153 0.1304 0.9003
vn 0.4353 0.0684 0.8977
vn 0.5524 0.8246 0.1219
vn 0.3162 0.9376 0.1446
vn 0.0302 0.8349 -0.5496
vn 0.2866 0.7192 -0.6330
vn 0.1687 0.5014 -0.8486
vn -0.1160 0.5648 -0.8170
vn -0.5398 -0.8101 0.2289
vn -0.1228 -0.0398 0.9916
vn -0.4808 0.8143 0.3254
vn -0.8980 0.0436 -0.4378
vn 0.2273 -0.3245 0.9182
vn -0.1097 -0.9471 0.3017
vn 0.2798 0.0878 -0.9560
vn 0.6167 0.7101 -0.3398
vn -0.4250 0.8694 -0.2520
vn -0.2036 0.8679 -0.4532
vn -0.3507 0.5961 -0.7222
vn -0.6106 0.5266 -0.5915
vn 0.3745 0.2034 0.9047
vn 0.4662 0.1283 0.8754
vn 0.1403 0.9689 0.2039
vn -0.1412 0.9307 0.3375
vn 0.3275 -0.8292 0.4530
vn 0.2179 -0.8664 0.4494
vn 0.3624 -0.5995 0.7137
vn 0.4243 -0.6503 0.6301
vn -0.7071 -0.1148 -0.6977
vn -0.4534 -0.1278 -0.8821
vn -0.1279 -0.9690 -0.2112
vn -0.2455 -0.9419 -0.2294
vn -0.2972 -0.3061 -0.9044
vn -0.2972 0.3061 -0.9044
vn 0.3149 0.3061 -0.8984
vn 0.3149 -0.3061 -0.8984
vn 0.9044 -0.3060 -0.2972
vn 0.9044 0.3060 -0.2972
vn 0.8984 0.3060 0.3149
vn 0.8984 -0.3060 0.3149
vn 0.2972 -0.3060 0.9044
vn 0.2972 0.3060 0.9044
vn -0.3149 0.3061 0.8984
vn -0.3149 -0.3061 0.8984
vn -0.9044 -0.3060 0.2972
vn -0.9044 0.3060 0.2972
vn -0.8984 0.3061 -0.3149
vn -0.8984 -0.3061 -0.3149
vn 0.3091 -0.9015 -0.3030
vn 0.3030 -0.9015 0.3090
vn -0.3091 -0.9015 0.3030
vn -0.3030 -0.9015 -0.3091
vn 0.3030 0.9015 0.3090
vn 0.3090 0.9015 -0.3030
vn -0.3030 0.9015 -0.3091
vn -0.3090 0.9015 0.3030
vn 0.9044 -0.3061 -0.2972
vn 0.8984 -0.3061 0.3149
vn 0.2972 -0.3061 0.9044
vn 0.2972 0.3061 0.9044
vn -0.9044 -0.3061 0.2972
vn -0.9044 0.3061 0.2972
vn 0.3090 -0.9015 -0.3030
vn 0.3030 -0.9015 0.3091
vn 0.3030 0.9015 0.3091
vn 0.3149 -0.3060 -0.8984
vn 0.9044 0.3061 -0.2972
vn 0.8984 0.3061 0.3149
vn -0.3149 -0.3060 0.8984
vn 0.3091 0.9015 -0.3030
vn -0.3091 0.9015 0.3030
vn -0.8984 0.3060 -0.3149
vn -0.8984 -0.3060 -0.3149
vn -0.3030 -0.9015 -0.3090
usemtl Material.024
f 1/1/1 2/2/1 3/3/1 4/4/1
f 2/2/2 5/5/2 6/6/2 3/3/2
f 3/3/3 6/6/3 7/7/3 8/8/3
f 4/4/4 3/3/4 8/8/4 9/9/4
f 9/9/5 8/8/5 10/10/5 11/11/5
f 8/8/6 7/7/6 12/12/6 10/10/6
f 10/10/7 12/12/7 13/13/7 14/14/7
f 11/11/8 10/10/8 14/14/8 15/15/8
f 15/15/9 14/14/9 16/16/9 17/17/9
f 14/14/10 13/13/10 18/18/10 16/16/10
f 16/16/11 18/18/11 19/19/11 20/20/11
f 17/17/12 16/16/12 20/20/12 21/21/12
f 21/21/13 20/20/13 22/22/13 23/23/13
f 20/20/14 19/19/14 24/24/14 22/22/14
f 22/22/15 24/24/15 5/25/15 2/26/15
f 23/23/16 22/22/16 2/26/16 1/27/16
f 25/28/17 26/29/17 27/30/17 28/31/17
f 26/29/18 29/32/18 30/33/18 27/30/18
f 27/30/19 30/33/19 31/34/19 32/35/19
f 28/31/20 27/30/20 32/35/20 33/36/20
f 13/13/21 12/37/21 34/38/21 18/18/21
f 12/37/22 7/39/22 6/40/22 34/38/22
f 34/38/23 6/40/23 5/41/23 24/42/23
f 18/18/24 34/38/24 24/42/24 19/19/24
f 31/34/25 35/43/25 36/44/25 32/45/25
f 35/43/26 21/21/26 23/23/26 36/44/26
f 36/44/27 23/23/27 1/27/27 37/46/27
f 32/45/28 36/44/28 37/46/28 33/47/28
f 29/32/29 38/48/29 39/49/29 30/33/29
f 38/48/30 15/15/30 17/17/30 39/49/30
f 39/49/31 17/17/31 21/21/31 35/43/31
f 30/33/32 39/49/32 35/43/32 31/34/32
f 25/50/33 40/51/33 41/52/33 26/53/33
f 40/51/34 9/9/34 11/11/34 41/52/34
f 41/52/35 11/11/35 15/15/35 38/48/35
f 26/53/36 41/52/36 38/48/36 29/32/36
f 33/54/37 37/55/37 42/56/37 28/57/37
f 37/55/38 1/1/38 4/4/38 42/56/38
f 42/56/39 4/4/39 9/9/39 40/51/39
f 28/57/40 42/56/40 40/51/40 25/50/40
f 43/58/41 44/59/41 45/60/41 46/61/41
f 44/59/42 47/62/42 48/63/42 45/60/42
f 45/60/43 48/63/43 49/64/43 50/65/43
f 46/61/44 45/60/44 50/65/44 51/66/44
f 51/66/45 50/65/45 52/67/45 53/68/45
f 50/65/46 49/64/46 54/69/46 52/67/46
f 52/67/47 54/69/47 55/70/47 56/71/47
f 53/68/48 52/67/48 56/71/48 57/72/48
f 57/72/49 56/71/49 58/73/49 59/74/49
f 56/71/50 55/70/50 60/75/50 58/73/50
f 58/73/51 60/75/51 61/76/51 62/77/51
f 59/74/52 58/73/52 62/77/52 63/78/52
f 63/78/53 62/77/53 64/79/53 65/80/53
f 62/77/54 61/76/54 66/81/54 64/79/54
f 64/79/55 66/81/55 47/82/55 44/83/55
f 65/80/56 64/79/56 44/83/56 43/84/56
f 67/85/57 68/86/57 69/87/57 70/88/57
f 68/86/58 71/89/58 72/90/58 69/87/58
f 69/87/59 72/90/59 73/91/59 74/92/59
f 70/88/60 69/87/60 74/92/60 75/93/60
f 55/70/61 54/94/61 76/95/61 60/75/61
f 54/94/62 49/96/62 48/97/62 76/95/62
f 76/95/63 48/97/63 47/98/63 66/99/63
f 60/75/64 76/95/64 66/99/64 61/76/64
f 73/91/65 77/100/65 78/101/65 74/102/65
f 77/100/66 63/78/66 65/80/66 78/101/66
f 78/101/67 65/80/67 43/84/67 79/103/67
f 74/102/68 78/101/68 79/103/68 75/104/68
f 71/89/69 80/105/69 81/106/69 72/90/69
f 80/105/70 57/72/70 59/74/70 81/106/70
f 81/106/71 59/74/71 63/78/71 77/100/71
f 72/90/72 81/106/72 77/100/72 73/91/72
f 67/107/73 82/108/73 83/109/73 68/110/73
f 82/108/74 51/66/74 53/68/74 83/109/74
f 83/109/75 53/68/75 57/72/75 80/105/75
f 68/110/76 83/109/76 80/105/76 71/89/76
f 75/111/77 79/112/77 84/113/77 70/114/77
f 79/112/78 43/58/78 46/61/78 84/113/78
f 84/113/79 46/61/79 51/66/79 82/108/79
f 70/114/80 84/113/80 82/108/80 67/107/80
f 85/115/81 86/116/81 87/117/81 88/118/81
f 86/116/82 89/119/82 90/120/82 87/117/82
f 87/117/83 90/120/83 91/121/83 92/122/83
f 88/118/84 87/117/84 92/122/84 93/123/84
f 93/123/85 92/122/85 94/124/85 95/125/85
f 92/122/86 91/121/86 96/126/86 94/124/86
f 94/124/87 96/126/87 97/127/87 98/128/87
f 95/125/88 94/124/88 98/128/88 99/129/88
f 99/129/89 98/128/89 100/130/89 101/131/89
f 98/128/90 97/127/90 102/132/90 100/130/90
f 100/130/91 102/132/91 103/133/91 104/134/91
f 101/131/92 100/130/92 104/134/92 105/135/92
f 105/135/93 104/134/93 106/136/93 107/137/93
f 104/134/94 103/133/94 108/138/94 106/136/94
f 106/136/95 108/138/95 89/139/95 86/140/95
f 107/137/96 106/136/96 86/140/96 85/141/96
f 109/142/97 110/143/97 111/144/97 112/145/97
f 110/143/98 113/146/98 114/147/98 111/144/98
f 111/144/99 114/147/99 115/148/99 116/149/99
f 112/145/100 111/144/100 116/149/100 117/150/100
f 97/127/101 96/151/101 118/152/101 102/132/101
f 96/151/102 91/153/102 90/154/102 118/152/102
f 118/152/103 90/154/103 89/155/103 108/156/103
f 102/132/104 118/152/104 108/156/104 103/133/104
f 115/148/105 119/157/105 120/158/105 116/159/105
f 119/157/106 105/135/106 107/137/106 120/158/106
f 120/158/107 107/137/107 85/141/107 121/160/107
f 116/159/108 120/158/108 121/160/108 117/161/108
f 113/146/109 122/162/109 123/163/109 114/147/109
f 122/162/110 99/129/110 101/131/110 123/163/110
f 123/163/111 101/131/111 105/135/111 119/157/111
f 114/147/112 123/163/112 119/157/112 115/148/112
f 109/164/113 124/165/113 125/166/113 110/167/113
f 124/165/114 93/123/114 95/125/114 125/166/114
f 125/166/115 95/125/115 99/129/115 122/162/115
f 110/167/116 125/166/116 122/162/116 113/146/116
f 117/168/117 121/169/117 126/170/117 112/171/117
f 121/169/118 85/115/118 88/118/118 126/170/118
f 126/170/119 88/118/119 93/123/119 124/165/119
f 112/171/120 126/170/120 124/165/120 109/164/120
f 127/172/121 128/173/121 129/174/121 130/175/121
f 128/173/122 131/176/122 132/177/122 129/174/122
f 129/174/123 132/177/123 133/178/123 134/179/123
f 130/175/124 129/174/124 134/179/124 135/180/124
f 135/180/125 134/179/125 136/181/125 137/182/125
f 134/179/126 133/178/126 138/183/126 136/181/126
f 136/181/127 138/183/127 139/184/127 140/185/127
f 137/182/128 136/181/128 140/185/128 141/186/128
f 141/186/129 140/185/129 142/187/129 143/188/129
f 140/185/130 139/184/130 144/189/130 142/187/130
f 142/187/131 144/189/131 145/190/131 146/191/131
f 143/188/132 142/187/132 146/191/132 147/192/132
f 147/192/133 146/191/133 148/193/133 149/194/133
f 146/191/134 145/190/134 150/195/134 148/193/134
f 148/193/135 150/195/135 131/196/135 128/197/135
f 149/194/136 148/193/136 128/197/136 127/198/136
f 151/199/137 152/200/137 153/201/137 154/202/137
f 152/200/138 155/203/138 156/204/138 153/201/138
f 153/201/139 156/204/139 157/205/139 158/206/139
f 154/202/140 153/201/140 158/206/140 159/207/140
f 139/184/141 138/208/141 160/209/141 144/189/141
f 138/208/142 133/210/142 132/211/142 160/209/142
f 160/209/143 132/211/143 131/212/143 150/213/143
f 144/189/144 160/209/144 150/213/144 145/190/144
f 157/205/145 161/214/145 162/215/145 158/216/145
f 161/214/146 147/192/146 149/194/146 162/215/146
f 162/215/147 149/194/147 127/198/147 163/217/147
f 158/216/148 162/215/148 163/217/148 159/218/148
f 155/203/149 164/219/149 165/220/149 156/204/149
f 164/219/150 141/186/150 143/188/150 165/220/150
f 165/220/151 143/188/151 147/192/151 161/214/151
f 156/204/152 165/220/152 161/214/152 157/205/152
f 151/221/153 166/222/153 167/223/153 152/224/153
f 166/222/154 135/180/154 137/182/154 167/223/154
f 167/223/155 137/182/155 141/186/155 164/219/155
f 152/224/156 167/223/156 164/219/156 155/203/156
f 159/225/157 163/226/157 168/227/157 154/228/157
f 163/226/158 127/172/158 130/175/158 168/227/158
f 168/227/159 130/175/159 135/180/159 166/222/159
f 154/228/160 168/227/160 166/222/160 151/221/160
f 169/229/161 170/230/161 171/231/161 172/232/161
f 170/230/162 173/233/162 174/234/162 171/231/162
f 171/231/163 174/234/163 175/235/163 176/236/163
f 172/232/164 171/231/164 176/236/164 177/237/164
f 177/237/165 176/236/165 178/238/165 179/239/165
f 176/236/166 175/235/166 180/240/166 178/238/166
f 178/238/167 180/240/167 181/241/167 182/242/167
f 179/239/168 178/238/168 182/242/168 183/243/168
f 183/243/169 182/242/169 184/244/169 185/245/169
f 182/242/170 181/241/170 186/246/170 184/244/170
f 184/244/171 186/246/171 187/247/171 188/248/171
f 185/245/172 184/244/172 188/248/172 189/249/172
f 189/249/173 188/248/173 190/250/173 191/251/173
f 188/248/174 187/247/174 192/252/174 190/250/174
f 190/250/175 192/252/175 173/253/175 170/254/175
f 191/251/176 190/250/176 170/254/176 169/255/176
f 193/256/177 194/257/177 195/258/177 196/259/177
f 194/257/178 197/260/178 198/261/178 195/258/178
f 195/258/179 198/261/179 199/262/179 200/263/179
f 196/259/180 195/258/180 200/263/180 201/264/180
f 181/241/181 180/265/181 202/266/181 186/246/181
f 180/265/182 175/267/182 174/268/182 202/266/182
f 202/266/183 174/268/183 173/269/183 192/270/183
f 186/246/184 202/266/184 192/270/184 187/247/184
f 199/262/185 203/271/185 204/272/185 200/273/185
f 203/271/186 189/249/186 191/251/186 204/272/186
f 204/272/187 191/251/187 169/255/187 205/274/187
f 200/273/188 204/272/188 205/274/188 201/275/188
f 197/260/189 206/276/189 207/277/189 198/261/189
f 206/276/190 183/243/190 185/245/190 207/277/190
f 207/277/191 185/245/191 189/249/191 203/271/191
f 198/261/192 207/277/192 203/271/192 199/262/192
f 193/278/193 208/279/193 209/280/193 194/281/193
f 208/279/194 177/237/194 179/239/194 209/280/194
f 209/280/195 179/239/195 183/243/195 206/276/195
f 194/281/196 209/280/196 206/276/196 197/260/196
f 201/282/197 205/283/197 210/284/197 196/285/197
f 205/283/198 169/229/198 172/232/198 210/284/198
f 210/284/199 172/232/199 177/237/199 208/279/199
f 196/285/200 210/284/200 208/279/200 193/278/200
f 211/286/201 212/287/201 213/288/201 214/289/201
f 212/287/202 215/290/202 216/291/202 213/288/202
f 213/288/203 216/291/203 217/292/203 218/293/203
f 214/289/204 213/288/204 218/293/204 219/294/204
f 219/294/205 218/293/205 220/295/205 221/296/205
f 218/293/206 217/292/206 222/297/206 220/295/206
f 220/295/207 222/297/207 223/298/207 224/299/207
f 221/296/208 220/295/208 224/299/208 225/300/208
f 225/300/209 224/299/209 226/301/209 227/302/209
f 224/299/210 223/298/210 228/303/210 226/301/210
f 226/301/211 228/303/211 229/304/211 230/305/211
f 227/302/212 226/301/212 230/305/212 231/306/212
f 231/306/213 230/305/213 232/307/213 233/308/213
f 230/305/214 229/304/214 234/309/214 232/307/214
f 232/307/215 234/309/215 215/310/215 212/311/215
f 233/308/216 232/307/216 212/311/216 211/312/216
f 235/313/217 236/314/217 237/315/217 238/316/217
f 236/314/218 239/317/218 240/318/218 237/315/218
f 237/315/219 240/318/219 241/319/219 242/320/219
f 238/316/220 237/315/220 242/320/220 243/321/220
f 223/298/221 222/322/221 244/323/221 228/303/221
f 222/322/222 217/324/222 216/325/222 244/323/222
f 244/323/223 216/325/223 215/326/223 234/327/223
f 228/303/224 244/323/224 234/327/224 229/304/224
f 241/319/225 245/328/225 246/329/225 242/330/225
f 245/328/226 231/306/226 233/308/226 246/329/226
f 246/329/227 233/308/227 211/312/227 247/331/227
f 242/330/228 246/329/228 247/331/228 243/332/228
f 239/317/229 248/333/229 249/334/229 240/318/229
f 248/333/230 225/300/230 227/302/230 249/334/230
f 249/334/231 227/302/231 231/306/231 245/328/231
f 240/318/232 249/334/232 245/328/232 241/319/232
f 235/335/233 250/336/233 251/337/233 236/338/233
f 250/336/234 219/294/234 221/296/234 251/337/234
f 251/337/235 221/296/235 225/300/235 248/333/235
f 236/338/236 251/337/236 248/333/236 239/317/236
f 243/339/237 247/340/237 252/341/237 238/342/237
f 247/340/238 211/286/238 214/289/238 252/341/238
f 252/341/239 214/289/239 219/294/239 250/336/239
f 238/342/240 252/341/240 250/336/240 235/335/240
f 253/343/241 254/344/241 255/345/241 256/346/241
f 254/344/242 257/347/242 258/348/242 255/345/242
f 255/345/243 258/348/243 259/349/243 260/350/243
f 256/346/244 255/345/244 260/350/244 261/351/244
f 261/351/245 260/350/245 262/352/245 263/353/245
f 260/350/246 259/349/246 264/354/246 262/352/246
f 262/352/247 264/354/247 265/355/247 266/356/247
f 263/353/248 262/352/248 266/356/248 267/357/248
f 267/357/249 266/356/249 268/358/249 269/359/249
f 266/356/250 265/355/250 270/360/250 268/358/250
f 268/358/251 270/360/251 271/361/251 272/362/251
f 269/359/252 268/358/252 272/362/252 273/363/252
f 273/363/253 272/362/253 274/364/253 275/365/253
f 272/362/254 271/361/254 276/366/254 274/364/254
f 274/364/255 276/366/255 257/367/255 254/368/255
f 275/365/256 274/364/256 254/368/256 253/369/256
f 277/370/257 278/371/257 279/372/257 280/373/257
f 278/371/258 281/374/258 282/375/258 279/372/258
f 279/372/259 282/375/259 283/376/259 284/377/259
f 280/373/260 279/372/260 284/377/260 285/378/260
f 265/355/261 264/379/261 286/380/261 270/360/261
f 264/379/262 259/381/262 258/382/262 286/380/262
f 286/380/263 258/382/263 257/383/263 276/384/263
f 270/360/264 286/380/264 276/384/264 271/361/264
f 283/376/265 287/385/265 288/386/265 284/387/265
f 287/385/266 273/363/266 275/365/266 288/386/266
f 288/386/267 275/365/267 253/369/267 289/388/267
f 284/387/268 288/386/268 289/388/268 285/389/268
f 281/374/269 290/390/269 291/391/269 282/375/269
f 290/390/270 267/357/270 269/359/270 291/391/270
f 291/391/271 269/359/271 273/363/271 287/385/271
f 282/375/272 291/391/272 287/385/272 283/376/272
f 277/392/273 292/393/273 293/394/273 278/395/273
f 292/393/274 261/351/274 263/353/274 293/394/274
f 293/394/275 263/353/275 267/357/275 290/390/275
f 278/395/276 293/394/276 290/390/276 281/374/276
f 285/396/277 289/397/277 294/398/277 280/399/277
f 289/397/278 253/343/278 256/346/278 294/398/278
f 294/398/279 256/346/279 261/351/279 292/393/279
f 280/399/280 294/398/280 292/393/280 277/392/280
f 295/400/281 296/401/281 297/402/281 298/403/281
f 296/401/282 299/404/282 300/405/282 297/402/282
f 297/402/283 300/405/283 301/406/283 302/407/283
f 298/403/284 297/402/284 302/407/284 303/408/284
f 303/408/285 302/407/285 304/409/285 305/410/285
f 302/407/286 301/406/286 306/411/286 304/409/286
f 304/409/287 306/411/287 307/412/287 308/413/287
f 305/410/288 304/409/288 308/413/288 309/414/288
f 309/414/289 308/413/289 310/415/289 311/416/289
f 308/413/290 307/412/290 312/417/290 310/415/290
f 310/415/291 312/417/291 313/418/291 314/419/291
f 311/416/292 310/415/292 314/419/292 315/420/292
f 315/420/293 314/419/293 316/421/293 317/422/293
f 314/419/294 313/418/294 318/423/294 316/421/294
f 316/421/295 318/423/295 299/424/295 296/425/295
f 317/422/296 316/421/296 296/425/296 295/426/296
f 319/427/297 320/428/297 321/429/297 322/430/297
f 320/428/298 323/431/298 324/432/298 321/429/298
f 321/429/299 324/432/299 325/433/299 326/434/299
f 322/430/300 321/429/300 326/434/300 327/435/300
f 307/412/301 306/436/301 328/437/301 312/417/301
f 306/436/302 301/438/302 300/439/302 328/437/302
f 328/437/303 300/439/303 299/440/303 318/441/303
f 312/417/304 328/437/304 318/441/304 313/418/304
f 325/433/305 329/442/305 330/443/305 326/444/305
f 329/442/306 315/420/306 317/422/306 330/443/306
f 330/443/307 317/422/307 295/426/307 331/445/307
f 326/444/308 330/443/308 331/445/308 327/446/308
f 323/431/309 332/447/309 333/448/309 324/432/309
f 332/447/310 309/414/310 311/416/310 333/448/310
f 333/448/311 311/416/311 315/420/311 329/442/311
f 324/432/312 333/448/312 329/442/312 325/433/312
f 319/449/313 334/450/313 335/451/313 320/452/313
f 334/450/314 303/408/314 305/410/314 335/451/314
f 335/451/315 305/410/315 309/414/315 332/447/315
f 320/452/316 335/451/316 332/447/316 323/431/316
f 327/453/317 331/454/317 336/455/317 322/456/317
f 331/454/318 295/400/318 298/403/318 336/455/318
f 336/455/319 298/403/319 303/408/319 334/450/319
f 322/456/320 336/455/320 334/450/320 319/449/320
f 337/457/321 338/458/321 339/459/321 340/460/321
f 338/458/322 341/461/322 342/462/322 339/459/322
f 339/459/323 342/462/323 343/463/323 344/464/323
f 340/460/324 339/459/324 344/464/324 345/465/324
f 345/465/325 344/464/325 346/466/325 347/467/325
f 344/464/326 343/463/326 348/468/326 346/466/326
f 346/466/327 348/468/327 349/469/327 350/470/327
f 347/467/328 346/466/328 350/470/328 351/471/328
f 351/471/329 350/470/329 352/472/329 353/473/329
f 350/470/330 349/469/330 354/474/330 352/472/330
f 352/472/331 354/474/331 355/475/331 356/476/331
f 353/473/332 352/472/332 356/476/332 357/477/332
f 357/477/333 356/476/333 358/478/333 359/479/333
f 356/476/334 355/475/334 360/480/334 358/478/334
f 358/478/335 360/480/335 341/481/335 338/482/335
f 359/479/336 358/478/336 338/482/336 337/483/336
f 361/484/337 362/485/337 363/486/337 364/487/337
f 362/485/338 365/488/338 366/489/338 363/486/338
f 363/486/339 366/489/339 367/490/339 368/491/339
f 364/487/340 363/486/340 368/491/340 369/492/340
f 349/469/341 348/493/341 370/494/341 354/474/341
f 348/493/342 343/495/342 342/496/342 370/494/342
f 370/494/343 342/496/343 341/497/343 360/498/343
f 354/474/344 370/494/344 360/498/344 355/475/344
f 367/490/345 371/499/345 372/500/345 368/501/345
f 371/499/346 357/477/346 359/479/346 372/500/346
f 372/500/347 359/479/347 337/483/347 373/502/347
f 368/501/348 372/500/348 373/502/348 369/503/348
f 365/488/349 374/504/349 375/505/349 366/489/349
f 374/504/350 351/471/350 353/473/350 375/505/350
f 375/505/351 353/473/351 357/477/351 371/499/351
f 366/489/352 375/505/352 371/499/352 367/490/352
f 361/506/353 376/507/353 377/508/353 362/509/353
f 376/507/354 345/465/354 347/467/354 377/508/354
f 377/508/355 347/467/355 351/471/355 374/504/355
f 362/509/356 377/508/356 374/504/356 365/488/356
f 369/510/357 373/511/357 378/512/357 364/513/357
f 373/511/358 337/457/358 340/460/358 378/512/358
f 378/512/359 340/460/359 345/465/359 376/507/359
f 364/513/360 378/512/360 376/507/360 361/506/360
f 379/514/361 380/515/361 381/516/361 382/517/361
f 380/515/362 383/518/362 384/519/362 381/516/362
f 381/516/363 384/519/363 385/520/363 386/521/363
f 382/517/364 381/516/364 386/521/364 387/522/364
f 387/522/365 386/521/365 388/523/365 389/524/365
f 386/521/366 385/520/366 390/525/366 388/523/366
f 388/523/367 390/525/367 391/526/367 392/527/367
f 389/524/368 388/523/368 392/527/368 393/528/368
f 393/528/369 392/527/369 394/529/369 395/530/369
f 392/527/370 391/526/370 396/531/370 394/529/370
f 394/529/371 396/531/371 397/532/371 398/533/371
f 395/530/372 394/529/372 398/533/372 399/534/372
f 399/534/373 398/533/373 400/535/373 401/536/373
f 398/533/374 397/532/374 402/537/374 400/535/374
f 400/535/375 402/537/375 383/538/375 380/539/375
f 401/536/376 400/535/376 380/539/376 379/540/376
f 403/541/377 404/542/377 405/543/377 406/544/377
f 404/542/378 407/545/378 408/546/378 405/543/378
f 405/543/379 408/546/379 409/547/379 410/548/379
f 406/544/380 405/543/380 410/548/380 411/549/380
f 391/526/381 390/550/381 412/551/381 396/531/381
f 390/550/382 385/552/382 384/553/382 412/551/382
f 412/551/383 384/553/383 383/554/383 402/555/383
f 396/531/384 412/551/384 402/555/384 397/532/384
f 409/547/385 413/556/385 414/557/385 410/558/385
f 413/556/386 399/534/386 401/536/386 414/557/386
f 414/557/387 401/536/387 379/540/387 415/559/387
f 410/558/388 414/557/388 415/559/388 411/560/388
f 407/545/389 416/561/389 417/562/389 408/546/389
f 416/561/390 393/528/390 395/530/390 417/562/390
f 417/562/391 395/530/391 399/534/391 413/556/391
f 408/546/392 417/562/392 413/556/392 409/547/392
f 403/563/393 418/564/393 419/565/393 404/566/393
f 418/564/394 387/522/394 389/524/394 419/565/394
f 419/565/395 389/524/395 393/528/395 416/561/395
f 404/566/396 419/565/396 416/561/396 407/545/396
f 411/567/397 415/568/397 420/569/397 406/570/397
f 415/568/398 379/514/398 382/517/398 420/569/398
f 420/569/399 382/517/399 387/522/399 418/564/399
f 406/570/400 420/569/400 418/564/400 403/563/400
f 421/571/401 422/572/401 423/573/401 424/574/401
f 422/572/402 425/575/402 426/576/402 423/573/402
f 423/573/403 426/576/403 427/577/403 428/578/403
f 424/574/404 423/573/404 428/578/404 429/579/404
f 429/579/405 428/578/405 430/580/405 431/581/405
f 428/578/406 427/577/406 432/582/406 430/580/406
f 430/580/407 432/582/407 433/583/407 434/584/407
f 431/581/408 430/580/408 434/584/408 435/585/408
f 435/585/409 434/584/409 436/586/409 437/587/409
f 434/584/410 433/583/410 438/588/410 436/586/410
f 436/586/411 438/588/411 439/589/411 440/590/411
f 437/587/412 436/586/412 440/590/412 441/591/412
f 441/591/413 440/590/413 442/592/413 443/593/413
f 440/590/414 439/589/414 444/594/414 442/592/414
f 442/592/415 444/594/415 425/595/415 422/596/415
f 443/593/416 442/592/416 422/596/416 421/597/416
f 445/598/417 446/599/417 447/600/417 448/601/417
f 446/599/418 449/602/418 450/603/418 447/600/418
f 447/600/419 450/603/419 451/604/419 452/605/419
f 448/601/420 447/600/420 452/605/420 453/606/420
f 433/583/421 432/607/421 454/608/421 438/588/421
f 432/607/422 427/609/422 426/610/422 454/608/422
f 454/608/423 426/610/423 425/611/423 444/612/423
f 438/588/424 454/608/424 444/612/424 439/589/424
f 451/604/425 455/613/425 456/614/425 452/615/425
f 455/613/426 441/591/426 443/593/426 456/614/426
f 456/614/427 443/593/427 421/597/427 457/616/427
f 452/615/428 456/614/428 457/616/428 453/617/428
f 449/602/429 458/618/429 459/619/429 450/603/429
f 458/618/430 435/585/430 437/587/430 459/619/430
f 459/619/431 437/587/431 441/591/431 455/613/431
f 450/603/432 459/619/432 455/613/432 451/604/432
f 445/620/433 460/621/433 461/622/433 446/623/433
f 460/621/434 429/579/434 431/581/434 461/622/434
f 461/622/435 431/581/435 435/585/435 458/618/435
f 446/623/436 461/622/436 458/618/436 449/602/436
f 453/624/437 457/625/437 462/626/437 448/627/437
f 457/625/438 421/571/438 424/574/438 462/626/438
f 462/626/439 424/574/439 429/579/439 460/621/439
f 448/627/440 462/626/440 460/621/440 445/620/440
f 463/628/441 464/629/441 465/630/441 466/631/441
f 464/629/442 467/632/442 468/633/442 465/630/442
f 465/630/443 468/633/443 469/634/443 470/635/443
f 466/631/444 465/630/444 470/635/444 471/636/444
f 471/636/445 470/635/445 472/637/445 473/638/445
f 470/635/446 469/634/446 474/639/446 472/637/446
f 472/637/447 474/639/447 475/640/447 476/641/447
f 473/638/448 472/637/448 476/641/448 477/642/448
f 477/642/449 476/641/449 478/643/449 479/644/449
f 476/641/450 475/640/450 480/645/450 478/643/450
f 478/643/451 480/645/451 481/646/451 482/647/451
f 479/644/452 478/643/452 482/647/452 483/648/452
f 483/648/453 482/647/453 484/649/453 485/650/453
f 482/647/454 481/646/454 486/651/454 484/649/454
f 484/649/455 486/651/455 467/652/455 464/653/455
f 485/650/456 484/649/456 464/653/456 463/654/456
f 487/655/457 488/656/457 489/657/457 490/658/457
f 488/656/458 491/659/458 492/660/458 489/657/458
f 489/657/459 492/660/459 493/661/459 494/662/459
f 490/658/460 489/657/460 494/662/460 495/663/460
f 475/640/461 474/664/461 496/665/461 480/645/461
f 474/664/462 469/666/462 468/667/462 496/665/462
f 496/665/463 468/667/463 467/668/463 486/669/463
f 480/645/464 496/665/464 486/669/464 481/646/464
f 493/661/465 497/670/465 498/671/465 494/672/465
f 497/670/466 483/648/466 485/650/466 498/671/466
f 498/671/467 485/650/467 463/654/467 499/673/467
f 494/672/468 498/671/468 499/673/468 495/674/468
f 491/659/469 500/675/469 501/676/469 492/660/469
f 500/675/470 477/642/470 479/644/470 501/676/470
f 501/676/471 479/644/471 483/648/471 497/670/471
f 492/660/472 501/676/472 497/670/472 493/661/472
f 487/677/473 502/678/473 503/679/473 488/680/473
f 502/678/474 471/636/474 473/638/474 503/679/474
f 503/679/475 473/638/475 477/642/475 500/675/475
f 488/680/476 503/679/476 500/675/476 491/659/476
f 495/681/477 499/682/477 504/683/477 490/684/477
f 499/682/478 463/628/478 466/631/478 504/683/478
f 504/683/479 466/631/479 471/636/479 502/678/479
f 490/684/480 504/683/480 502/678/480 487/677/480
f 505/685/481 506/686/481 507/687/481 508/688/481
f 506/686/482 509/689/482 510/690/482 507/687/482
f 507/687/483 510/690/483 511/691/483 512/692/483
f 508/688/484 507/687/484 512/692/484 513/693/484
f 513/693/485 512/692/485 514/694/485 515/695/485
f 512/692/486 511/691/486 516/696/486 514/694/486
f 514/694/487 516/696/487 517/697/487 518/698/487
f 515/695/488 514/694/488 518/698/488 519/699/488
f 519/699/489 518/698/489 520/700/489 521/701/489
f 518/698/490 517/697/490 522/702/490 520/700/490
f 520/700/491 522/702/491 523/703/491 524/704/491
f 521/701/492 520/700/492 524/704/492 525/705/492
f 525/705/493 524/704/493 526/706/493 527/707/493
f 524/704/494 523/703/494 528/708/494 526/706/494
f 526/706/495 528/708/495 509/709/495 506/710/495
f 527/707/496 526/706/496 506/710/496 505/711/496
f 529/712/497 530/713/497 531/714/497 532/715/497
f 530/713/498 533/716/498 534/717/498 531/714/498
f 531/714/499 534/717/499 535/718/499 536/719/499
f 532/715/500 531/714/500 536/719/500 537/720/500
f 517/697/501 516/721/501 538/722/501 522/702/501
f 516/721/502 511/723/502 510/724/502 538/722/502
f 538/722/503 510/724/503 509/725/503 528/726/503
f 522/702/504 538/722/504 528/726/504 523/703/504
f 535/718/505 539/727/505 540/728/505 536/729/505
f 539/727/506 525/705/506 527/707/506 540/728/506
f 540/728/507 527/707/507 505/711/507 541/730/507
f 536/729/508 540/728/508 541/730/508 537/731/508
f 533/716/509 542/732/509 543/733/509 534/717/509
f 542/732/510 519/699/510 521/701/510 543/733/510
f 543/733/511 521/701/511 525/705/511 539/727/511
f 534/717/512 543/733/512 539/727/512 535/718/512
f 529/734/513 544/735/513 545/736/513 530/737/513
f 544/735/514 513/693/514 515/695/514 545/736/514
f 545/736/515 515/695/515 519/699/515 542/732/515
f 530/737/516 545/736/516 542/732/516 533/716/516
f 537/738/517 541/739/517 546/740/517 532/741/517
f 541/739/518 505/685/518 508/688/518 546/740/518
f 546/740/519 508/688/519 513/693/519 544/735/519
f 532/741/520 546/740/520 544/735/520 529/734/520
f 547/742/521 548/743/521 549/744/521 550/745/521
f 548/743/522 551/746/522 552/747/522 549/744/522
f 549/744/523 552/747/523 553/748/523 554/749/523
f 550/745/524 549/744/524 554/749/524 555/750/524
f 555/750/525 554/749/525 556/751/525 557/752/525
f 554/749/526 553/748/526 558/753/526 556/751/526
f 556/751/527 558/753/527 559/754/527 560/755/527
f 557/752/528 556/751/528 560/755/528 561/756/528
f 561/756/529 560/755/529 562/757/529 563/758/529
f 560/755/530 559/754/530 564/759/530 562/757/530
f 562/757/531 564/759/531 565/760/531 566/761/531
f 563/758/532 562/757/532 566/761/532 567/762/532
f 567/762/533 566/761/533 568/763/533 569/764/533
f 566/761/534 565/760/534 570/765/534 568/763/534
f 568/763/535 570/765/535 551/766/535 548/767/535
f 569/764/536 568/763/536 548/767/536 547/768/536
f 571/769/537 572/770/537 573/771/537 574/772/537
f 572/770/538 575/773/538 576/774/538 573/771/538
f 573/771/539 576/774/539 577/775/539 578/776/539
f 574/772/540 573/771/540 578/776/540 579/777/540
f 559/754/541 558/778/541 580/779/541 564/759/541
f 558/778/542 553/780/542 552/781/542 580/779/542
f 580/779/543 552/781/543 551/782/543 570/783/543
f 564/759/544 580/779/544 570/783/544 565/760/544
f 577/775/545 581/784/545 582/785/545 578/786/545
f 581/784/546 567/762/546 569/764/546 582/785/546
f 582/785/547 569/764/547 547/768/547 583/787/547
f 578/786/548 582/785/548 583/787/548 579/788/548
f 575/773/549 584/789/549 585/790/549 576/774/549
f 584/789/550 561/756/550 563/758/550 585/790/550
f 585/790/551 563/758/551 567/762/551 581/784/551
f 576/774/552 585/790/552 581/784/552 577/775/552
f 571/791/553 586/792/553 587/793/553 572/794/553
f 586/792/554 555/750/554 557/752/554 587/793/554
f 587/793/555 557/752/555 561/756/555 584/789/555
f 572/794/556 587/793/556 584/789/556 575/773/556
f 579/795/557 583/796/557 588/797/557 574/798/557
f 583/796/558 547/742/558 550/745/558 588/797/558
f 588/797/559 550/745/559 555/750/559 586/792/559
f 574/798/560 588/797/560 586/792/560 571/791/560
f 589/799/561 590/800/561 591/801/561 592/802/561
f 590/800/562 593/803/562 594/804/562 591/801/562
f 591/801/563 594/804/563 595/805/563 596/806/563
f 592/802/564 591/801/564 596/806/564 597/807/564
f 597/807/565 596/806/565 598/808/565 599/809/565
f 596/806/566 595/805/566 600/810/566 598/808/566
f 598/808/567 600/810/567 601/811/567 602/812/567
f 599/809/568 598/808/568 602/812/568 603/813/568
f 603/813/569 602/812/569 604/814/569 605/815/569
f 602/812/570 601/811/570 606/816/570 604/814/570
f 604/814/571 606/816/571 607/817/571 608/818/571
f 605/815/572 604/814/572 608/818/572 609/819/572
f 609/819/573 608/818/573 610/820/573 611/821/573
f 608/818/574 607/817/574 612/822/574 610/820/574
f 610/820/575 612/822/575 593/823/575 590/824/575
f 611/821/576 610/820/576 590/824/576 589/825/576
f 613/826/577 614/827/577 615/828/577 616/829/577
f 614/827/578 617/830/578 618/831/578 615/828/578
f 615/828/579 618/831/579 619/832/579 620/833/579
f 616/829/580 615/828/580 620/833/580 621/834/580
f 601/811/581 600/835/581 622/836/581 606/816/581
f 600/835/582 595/837/582 594/838/582 622/836/582
f 622/836/583 594/838/583 593/839/583 612/840/583
f 606/816/584 622/836/584 612/840/584 607/817/584
f 619/832/585 623/841/585 624/842/585 620/843/585
f 623/841/586 609/819/586 611/821/586 624/842/586
f 624/842/587 611/821/587 589/825/587 625/844/587
f 620/843/588 624/842/588 625/844/588 621/845/588
f 617/830/589 626/846/589 627/847/589 618/831/589
f 626/846/590 603/813/590 605/815/590 627/847/590
f 627/847/591 605/815/591 609/819/591 623/841/591
f 618/831/592 627/847/592 623/841/592 619/832/592
f 613/848/593 628/849/593 629/850/593 614/851/593
f 628/849/594 597/807/594 599/809/594 629/850/594
f 629/850/595 599/809/595 603/813/595 626/846/595
f 614/851/596 629/850/596 626/846/596 617/830/596
f 621/852/597 625/853/597 630/854/597 616/855/597
f 625/853/598 589/799/598 592/802/598 630/854/598
f 630/854/599 592/802/599 597/807/599 628/849/599
f 616/855/600 630/854/600 628/849/600 613/848/600
f 631/856/601 632/857/601 633/858/601 634/859/601
f 632/857/602 635/860/602 636/861/602 633/858/602
f 633/858/603 636/861/603 637/862/603 638/863/603
f 634/859/604 633/858/604 638/863/604 639/864/604
f 639/864/605 638/863/605 640/865/605 641/866/605
f 638/863/606 637/862/606 642/867/606 640/865/606
f 640/865/607 642/867/607 643/868/607 644/869/607
f 641/866/608 640/865/608 644/869/608 645/870/608
f 645/870/609 644/869/609 646/871/609 647/872/609
f 644/869/610 643/868/610 648/873/610 646/871/610
f 646/871/611 648/873/611 649/874/611 650/875/611
f 647/872/612 646/871/612 650/875/612 651/876/612
f 651/876/613 650/875/613 652/877/613 653/878/613
f 650/875/614 649/874/614 654/879/614 652/877/614
f 652/877/615 654/879/615 635/880/615 632/881/615
f 653/878/616 652/877/616 632/881/616 631/882/616
f 655/883/617 656/884/617 657/885/617 658/886/617
f 656/884/618 659/887/618 660/888/618 657/885/618
f 657/885/619 660/888/619 661/889/619 662/890/619
f 658/886/620 657/885/620 662/890/620 663/891/620
f 643/868/621 642/892/621 664/893/621 648/873/621
f 642/892/622 637/894/622 636/895/622 664/893/622
f 664/893/623 636/895/623 635/896/623 654/897/623
f 648/873/624 664/893/624 654/897/624 649/874/624
f 661/889/625 665/898/625 666/899/625 662/900/625
f 665/898/626 651/876/626 653/878/626 666/899/626
f 666/899/627 653/878/627 631/882/627 667/901/627
f 662/900/628 666/899/628 667/901/628 663/902/628
f 659/887/629 668/903/629 669/904/629 660/888/629
f 668/903/630 645/870/630 647/872/630 669/904/630
f 669/904/631 647/872/631 651/876/631 665/898/631
f 660/888/632 669/904/632 665/898/632 661/889/632
f 655/905/633 670/906/633 671/907/633 656/908/633
f 670/906/634 639/864/634 641/866/634 671/907/634
f 671/907/635 641/866/635 645/870/635 668/903/635
f 656/908/636 671/907/636 668/903/636 659/887/636
f 663/909/637 667/910/637 672/911/637 658/912/637
f 667/910/638 631/856/638 634/859/638 672/911/638
f 672/911/639 634/859/639 639/864/639 670/906/639
f 658/912/640 672/911/640 670/906/640 655/905/640
f 673/913/641 674/914/641 675/915/641 676/916/641
f 674/914/642 677/917/642 678/918/642 675/915/642
f 675/915/643 678/918/643 679/919/643 680/920/643
f 676/916/644 675/915/644 680/920/644 681/921/644
f 681/921/645 680/920/645 682/922/645 683/923/645
f 680/920/646 679/919/646 684/924/646 682/922/646
f 682/922/647 684/924/647 685/925/647 686/926/647
f 683/923/648 682/922/648 686/926/648 687/927/648
f 687/927/649 686/926/649 688/928/649 689/929/649
f 686/926/650 685/925/650 690/930/650 688/928/650
f 688/928/651 690/930/651 691/931/651 692/932/651
f 689/929/652 688/928/652 692/932/652 693/933/652
f 693/933/653 692/932/653 694/934/653 695/935/653
f 692/932/654 691/931/654 696/936/654 694/934/654
f 694/934/655 696/936/655 677/937/655 674/938/655
f 695/935/656 694/934/656 674/938/656 673/939/656
f 697/940/657 698/941/657 699/942/657 700/943/657
f 698/941/658 701/944/658 702/945/658 699/942/658
f 699/942/659 702/945/659 703/946/659 704/947/659
f 700/943/660 699/942/660 704/947/660 705/948/660
f 685/925/661 684/949/661 706/950/661 690/930/661
f 684/949/662 679/951/662 678/952/662 706/950/662
f 706/950/663 678/952/663 677/953/663 696/954/663
f 690/930/664 706/950/664 696/954/664 691/931/664
f 703/946/665 707/955/665 708/956/665 704/957/665
f 707/955/666 693/933/666 695/935/666 708/956/666
f 708/956/667 695/935/667 673/939/667 709/958/667
f 704/957/668 708/956/668 709/958/668 705/959/668
f 701/944/669 710/960/669 711/961/669 702/945/669
f 710/960/670 687/927/670 689/929/670 711/961/670
f 711/961/671 689/929/671 693/933/671 707/955/671
f 702/945/672 711/961/672 707/955/672 703/946/672
f 697/962/673 712/963/673 713/964/673 698/965/673
f 712/963/674 681/921/674 683/923/674 713/964/674
f 713/964/675 683/923/675 687/927/675 710/960/675
f 698/965/676 713/964/676 710/960/676 701/944/676
f 705/966/677 709/967/677 714/968/677 700/969/677
f 709/967/678 673/913/678 676/916/678 714/968/678
f 714/968/679 676/916/679 681/921/679 712/963/679
f 700/969/680 714/968/680 712/963/680 697/962/680
f 715/970/681 716/971/681 717/972/681 718/973/681
f 716/971/682 719/974/682 720/975/682 717/972/682
f 717/972/683 720/975/683 721/976/683 722/977/683
f 718/973/684 717/972/684 722/977/684 723/978/684
f 723/978/685 722/977/685 724/979/685 725/980/685
f 722/977/686 721/976/686 726/981/686 724/979/686
f 724/979/687 726/981/687 727/982/687 728/983/687
f 725/980/688 724/979/688 728/983/688 729/984/688
f 729/984/689 728/983/689 730/985/689 731/986/689
f 728/983/690 727/982/690 732/987/690 730/985/690
f 730/985/691 732/987/691 733/988/691 734/989/691
f 731/986/692 730/985/692 734/989/692 735/990/692
f 735/990/693 734/989/693 736/991/693 737/992/693
f 734/989/694 733/988/694 738/993/694 736/991/694
f 736/991/695 738/993/695 719/994/695 716/995/695
f 737/992/696 736/991/696 716/995/696 715/996/696
f 739/997/697 740/998/697 741/999/697 742/1000/697
f 740/998/698 743/1001/698 744/1002/698 741/999/698
f 741/999/699 744/1002/699 745/1003/699 746/1004/699
f 742/1000/700 741/999/700 746/1004/700 747/1005/700
f 727/982/701 726/1006/701 748/1007/701 732/987/701
f 726/1006/702 721/1008/702 720/1009/702 748/1007/702
f 748/1007/703 720/1009/703 719/1010/703 738/1011/703
f 732/987/704 748/1007/704 738/1011/704 733/988/704
f 745/1003/705 749/1012/705 750/1013/705 746/1014/705
f 749/1012/706 735/990/706 737/992/706 750/1013/706
f 750/1013/707 737/992/707 715/996/707 751/1015/707
f 746/1014/708 750/1013/708 751/1015/708 747/1016/708
f 743/1001/709 752/1017/709 753/1018/709 744/1002/709
f 752/1017/710 729/984/710 731/986/710 753/1018/710
f 753/1018/711 731/986/711 735/990/711 749/1012/711
f 744/1002/712 753/1018/712 749/1012/712 745/1003/712
f 739/1019/713 754/1020/713 755/1021/713 740/1022/713
f 754/1020/714 723/978/714 725/980/714 755/1021/714
f 755/1021/715 725/980/715 729/984/715 752/1017/715
f 740/1022/716 755/1021/716 752/1017/716 743/1001/716
f 747/1023/717 751/1024/717 756/1025/717 742/1026/717
f 751/1024/718 715/970/718 718/973/718 756/1025/718
f 756/1025/719 718/973/719 723/978/719 754/1020/719
f 742/1026/720 756/1025/720 754/1020/720 739/1019/720
f 757/1027/721 758/1028/721 759/1029/721 760/1030/721
f 758/1028/722 761/1031/722 762/1032/722 759/1029/722
f 759/1029/723 762/1032/723 763/1033/723 764/1034/723
f 760/1030/724 759/1029/724 764/1034/724 765/1035/724
f 765/1035/725 764/1034/725 766/1036/725 767/1037/725
f 764/1034/726 763/1033/726 768/1038/726 766/1036/726
f 766/1036/727 768/1038/727 769/1039/727 770/1040/727
f 767/1037/728 766/1036/728 770/1040/728 771/1041/728
f 771/1041/729 770/1040/729 772/1042/729 773/1043/729
f 770/1040/730 769/1039/730 774/1044/730 772/1042/730
f 772/1042/731 774/1044/731 775/1045/731 776/1046/731
f 773/1043/732 772/1042/732 776/1046/732 777/1047/732
f 777/1047/733 776/1046/733 778/1048/733 779/1049/733
f 776/1046/734 775/1045/734 780/1050/734 778/1048/734
f 778/1048/735 780/1050/735 761/1051/735 758/1052/735
f 779/1049/736 778/1048/736 758/1052/736 757/1053/736
f 781/1054/737 782/1055/737 783/1056/737 784/1057/737
f 782/1055/738 785/1058/738 786/1059/738 783/1056/738
f 783/1056/739 786/1059/739 787/1060/739 788/1061/739
f 784/1057/740 783/1056/740 788/1061/740 789/1062/740
f 769/1039/741 768/1063/741 790/1064/741 774/1044/741
f 768/1063/742 763/1065/742 762/1066/742 790/1064/742
f 790/1064/743 762/1066/743 761/1067/743 780/1068/743
f 774/1044/744 790/1064/744 780/1068/744 775/1045/744
f 787/1060/745 791/1069/745 792/1070/745 788/1071/745
f 791/1069/746 777/1047/746 779/1049/746 792/1070/746
f 792/1070/747 779/1049/747 757/1053/747 793/1072/747
f 788/1071/748 792/1070/748 793/1072/748 789/1073/748
f 785/1058/749 794/1074/749 795/1075/749 786/1059/749
f 794/1074/750 771/1041/750 773/1043/750 795/1075/750
f 795/1075/751 773/1043/751 777/1047/751 791/1069/751
f 786/1059/752 795/1075/752 791/1069/752 787/1060/752
f 781/1076/753 796/1077/753 797/1078/753 782/1079/753
f 796/1077/754 765/1035/754 767/1037/754 797/1078/754
f 797/1078/755 767/1037/755 771/1041/755 794/1074/755
f 782/1079/756 797/1078/756 794/1074/756 785/1058/756
f 789/1080/757 793/1081/757 798/1082/757 784/1083/757
f 793/1081/758 757/1027/758 760/1030/758 798/1082/758
f 798/1082/759 760/1030/759 765/1035/759 796/1077/759
f 784/1083/760 798/1082/760 796/1077/760 781/1076/760
f 799/1084/761 800/1085/761 801/1086/761 802/1087/761
f 800/1085/762 803/1088/762 804/1089/762 801/1086/762
f 801/1086/763 804/1089/763 805/1090/763 806/1091/763
f 802/1087/764 801/1086/764 806/1091/764 807/1092/764
f 807/1092/765 806/1091/765 808/1093/765 809/1094/765
f 806/1091/766 805/1090/766 810/1095/766 808/1093/766
f 808/1093/767 810/1095/767 811/1096/767 812/1097/767
f 809/1094/768 808/1093/768 812/1097/768 813/1098/768
f 813/1098/769 812/1097/769 814/1099/769 815/1100/769
f 812/1097/770 811/1096/770 816/1101/770 814/1099/770
f 814/1099/771 816/1101/771 817/1102/771 818/1103/771
f 815/1100/772 814/1099/772 818/1103/772 819/1104/772
f 819/1104/773 818/1103/773 820/1105/773 821/1106/773
f 818/1103/774 817/1102/774 822/1107/774 820/1105/774
f 820/1105/775 822/1107/775 803/1108/775 800/1109/775
f 821/1106/776 820/1105/776 800/1109/776 799/1110/776
f 823/1111/777 824/1112/777 825/1113/777 826/1114/777
f 824/1112/778 827/1115/778 828/1116/778 825/1113/778
f 825/1113/779 828/1116/779 829/1117/779 830/1118/779
f 826/1114/780 825/1113/780 830/1118/780 831/1119/780
f 811/1096/781 810/1120/781 832/1121/781 816/1101/781
f 810/1120/782 805/1122/782 804/1123/782 832/1121/782
f 832/1121/783 804/1123/783 803/1124/783 822/1125/783
f 816/1101/784 832/1121/784 822/1125/784 817/1102/784
f 829/1117/785 833/1126/785 834/1127/785 830/1128/785
f 833/1126/786 819/1104/786 821/1106/786 834/1127/786
f 834/1127/787 821/1106/787 799/1110/787 835/1129/787
f 830/1128/788 834/1127/788 835/1129/788 831/1130/788
f 827/1115/789 836/1131/789 837/1132/789 828/1116/789
f 836/1131/790 813/1098/790 815/1100/790 837/1132/790
f 837/1132/791 815/1100/791 819/1104/791 833/1126/791
f 828/1116/792 837/1132/792 833/1126/792 829/1117/792
f 823/1133/793 838/1134/793 839/1135/793 824/1136/793
f 838/1134/794 807/1092/794 809/1094/794 839/1135/794
f 839/1135/795 809/1094/795 813/1098/795 836/1131/795
f 824/1136/796 839/1135/796 836/1131/796 827/1115/796
f 831/1137/797 835/1138/797 840/1139/797 826/1140/797
f 835/1138/798 799/1084/798 802/1087/798 840/1139/798
f 840/1139/799 802/1087/799 807/1092/799 838/1134/799
f 826/1140/800 840/1139/800 838/1134/800 823/1133/800
f 841/1141/801 842/1142/801 843/1143/801 844/1144/801
f 842/1142/802 845/1145/802 846/1146/802 843/1143/802
f 843/1143/803 846/1146/803 847/1147/803 848/1148/803
f 844/1144/804 843/1143/804 848/1148/804 849/1149/804
f 849/1149/805 848/1148/805 850/1150/805 851/1151/805
f 848/1148/806 847/1147/806 852/1152/806 850/1150/806
f 850/1150/807 852/1152/807 853/1153/807 854/1154/807
f 851/1151/808 850/1150/808 854/1154/808 855/1155/808
f 855/1155/809 854/1154/809 856/1156/809 857/1157/809
f 854/1154/810 853/1153/810 858/1158/810 856/1156/810
f 856/1156/811 858/1158/811 859/1159/811 860/1160/811
f 857/1157/812 856/1156/812 860/1160/812 861/1161/812
f 861/1161/813 860/1160/813 862/1162/813 863/1163/813
f 860/1160/814 859/1159/814 864/1164/814 862/1162/814
f 862/1162/815 864/1164/815 845/1165/815 842/1166/815
f 863/1163/816 862/1162/816 842/1166/816 841/1167/816
f 865/1168/817 866/1169/817 867/1170/817 868/1171/817
f 866/1169/818 869/1172/818 870/1173/818 867/1170/818
f 867/1170/819 870/1173/819 871/1174/819 872/1175/819
f 868/1171/820 867/1170/820 872/1175/820 873/1176/820
f 853/1153/821 852/1177/821 874/1178/821 858/1158/821
f 852/1177/822 847/1179/822 846/1180/822 874/1178/822
f 874/1178/823 846/1180/823 845/1181/823 864/1182/823
f 858/1158/824 874/1178/824 864/1182/824 859/1159/824
f 871/1174/825 875/1183/825 876/1184/825 872/1185/825
f 875/1183/826 861/1161/826 863/1163/826 876/1184/826
f 876/1184/827 863/1163/827 841/1167/827 877/1186/827
f 872/1185/828 876/1184/828 877/1186/828 873/1187/828
f 869/1172/829 878/1188/829 879/1189/829 870/1173/829
f 878/1188/830 855/1155/830 857/1157/830 879/1189/830
f 879/1189/831 857/1157/831 861/1161/831 875/1183/831
f 870/1173/832 879/1189/832 875/1183/832 871/1174/832
f 865/1190/833 880/1191/833 881/1192/833 866/1193/833
f 880/1191/834 849/1149/834 851/1151/834 881/1192/834
f 881/1192/835 851/1151/835 855/1155/835 878/1188/835
f 866/1193/836 881/1192/836 878/1188/836 869/1172/836
f 873/1194/837 877/1195/837 882/1196/837 868/1197/837
f 877/1195/838 841/1141/838 844/1144/838 882/1196/838
f 882/1196/839 844/1144/839 849/1149/839 880/1191/839
f 868/1197/840 882/1196/840 880/1191/840 865/1190/840
f 883/1198/841 884/1199/841 885/1200/841 886/1201/841
f 884/1199/842 887/1202/842 888/1203/842 885/1200/842
f 885/1200/843 888/1203/843 889/1204/843 890/1205/843
f 886/1201/844 885/1200/844 890/1205/844 891/1206/844
f 891/1206/845 890/1205/845 892/1207/845 893/1208/845
f 890/1205/846 889/1204/846 894/1209/846 892/1207/846
f 892/1207/847 894/1209/847 895/1210/847 896/1211/847
f 893/1208/848 892/1207/848 896/1211/848 897/1212/848
f 897/1212/849 896/1211/849 898/1213/849 899/1214/849
f 896/1211/850 895/1210/850 900/1215/850 898/1213/850
f 898/1213/851 900/1215/851 901/1216/851 902/1217/851
f 899/1214/852 898/1213/852 902/1217/852 903/1218/852
f 903/1218/853 902/1217/853 904/1219/853 905/1220/853
f 902/1217/854 901/1216/854 906/1221/854 904/1219/854
f 904/1219/855 906/1221/855 887/1222/855 884/1223/855
f 905/1220/856 904/1219/856 884/1223/856 883/1224/856
f 907/1225/857 908/1226/857 909/1227/857 910/1228/857
f 908/1226/858 911/1229/858 912/1230/858 909/1227/858
f 909/1227/859 912/1230/859 913/1231/859 914/1232/859
f 910/1228/860 909/1227/860 914/1232/860 915/1233/860
f 895/1210/861 894/1234/861 916/1235/861 900/1215/861
f 894/1234/862 889/1236/862 888/1237/862 916/1235/862
f 916/1235/863 888/1237/863 887/1238/863 906/1239/863
f 900/1215/864 916/1235/864 906/1239/864 901/1216/864
f 913/1231/865 917/1240/865 918/1241/865 914/1242/865
f 917/1240/866 903/1218/866 905/1220/866 918/1241/866
f 918/1241/867 905/1220/867 883/1224/867 919/1243/867
f 914/1242/868 918/1241/868 919/1243/868 915/1244/868
f 911/1229/869 920/1245/869 921/1246/869 912/1230/869
f 920/1245/870 897/1212/870 899/1214/870 921/1246/870
f 921/1246/871 899/1214/871 903/1218/871 917/1240/871
f 912/1230/872 921/1246/872 917/1240/872 913/1231/872
f 907/1247/873 922/1248/873 923/1249/873 908/1250/873
f 922/1248/874 891/1206/874 893/1208/874 923/1249/874
f 923/1249/875 893/1208/875 897/1212/875 920/1245/875
f 908/1250/876 923/1249/876 920/1245/876 911/1229/876
f 915/1251/877 919/1252/877 924/1253/877 910/1254/877
f 919/1252/878 883/1198/878 886/1201/878 924/1253/878
f 924/1253/879 886/1201/879 891/1206/879 922/1248/879
f 910/1254/880 924/1253/880 922/1248/880 907/1247/880
f 925/1255/881 926/1256/881 927/1257/881 928/1258/881
f 926/1256/882 929/1259/882 930/1260/882 927/1257/882
f 927/1257/883 930/1260/883 931/1261/883 932/1262/883
f 928/1258/884 927/1257/884 932/1262/884 933/1263/884
f 933/1263/885 932/1262/885 934/1264/885 935/1265/885
f 932/1262/886 931/1261/886 936/1266/886 934/1264/886
f 934/1264/887 936/1266/887 937/1267/887 938/1268/887
f 935/1265/888 934/1264/888 938/1268/888 939/1269/888
f 939/1269/889 938/1268/889 940/1270/889 941/1271/889
f 938/1268/890 937/1267/890 942/1272/890 940/1270/890
f 940/1270/891 942/1272/891 943/1273/891 944/1274/891
f 941/1271/892 940/1270/892 944/1274/892 945/1275/892
f 945/1275/893 944/1274/893 946/1276/893 947/1277/893
f 944/1274/894 943/1273/894 948/1278/894 946/1276/894
f 946/1276/895 948/1278/895 929/1279/895 926/1280/895
f 947/1277/896 946/1276/896 926/1280/896 925/1281/896
f 949/1282/897 950/1283/897 951/1284/897 952/1285/897
f 950/1283/898 953/1286/898 954/1287/898 951/1284/898
f 951/1284/899 954/1287/899 955/1288/899 956/1289/899
f 952/1285/900 951/1284/900 956/1289/900 957/1290/900
f 937/1267/901 936/1291/901 958/1292/901 942/1272/901
f 936/1291/902 931/1293/902 930/1294/902 958/1292/902
f 958/1292/903 930/1294/903 929/1295/903 948/1296/903
f 942/1272/904 958/1292/904 948/1296/904 943/1273/904
f 955/1288/905 959/1297/905 960/1298/905 956/1299/905
f 959/1297/906 945/1275/906 947/1277/906 960/1298/906
f 960/1298/907 947/1277/907 925/1281/907 961/1300/907
f 956/1299/908 960/1298/908 961/1300/908 957/1301/908
f 953/1286/909 962/1302/909 963/1303/909 954/1287/909
f 962/1302/910 939/1269/910 941/1271/910 963/1303/910
f 963/1303/911 941/1271/911 945/1275/911 959/1297/911
f 954/1287/912 963/1303/912 959/1297/912 955/1288/912
f 949/1304/913 964/1305/913 965/1306/913 950/1307/913
f 964/1305/914 933/1263/914 935/1265/914 965/1306/914
f 965/1306/915 935/1265/915 939/1269/915 962/1302/915
f 950/1307/916 965/1306/916 962/1302/916 953/1286/916
f 957/1308/917 961/1309/917 966/1310/917 952/1311/917
f 961/1309/918 925/1255/918 928/1258/918 966/1310/918
f 966/1310/919 928/1258/919 933/1263/919 964/1305/919
f 952/1311/920 966/1310/920 964/1305/920 949/1304/920
usemtl Material.023
f 967/1312/921 968/1313/921 969/1314/921 970/1315/921
f 968/1313/922 971/1316/922 972/1317/922 969/1314/922
f 969/1314/923 972/1317/923 973/1318/923 974/1319/923
f 970/1315/924 969/1314/924 974/1319/924 975/1320/924
f 976/1321/925 977/1322/925 978/1323/925 979/1324/925
f 977/1322/926 980/1325/926 981/1326/926 978/1323/926
f 978/1323/927 981/1326/927 982/1327/927 983/1328/927
f 979/1324/928 978/1323/928 983/1328/928 984/1329/928
f 985/1330/929 986/1331/929 987/1332/929 988/1333/929
f 986/1331/930 989/1334/930 990/1335/930 987/1332/930
f 987/1332/931 990/1335/931 991/1336/931 992/1337/931
f 988/1333/932 987/1332/932 992/1337/932 993/1338/932
f 989/1334/933 994/1339/933 995/1340/933 990/1335/933
f 994/1339/934 996/1341/934 997/1342/934 995/1340/934
f 995/1340/935 997/1342/935 998/1343/935 999/1344/935
f 990/1335/936 995/1340/936 999/1344/936 991/1336/936
f 996/1341/937 1000/1345/937 1001/1346/937 997/1342/937
f 1000/1345/938 1002/1347/938 1003/1348/938 1001/1346/938
f 1001/1346/939 1003/1348/939 1004/1349/939 1005/1350/939
f 997/1342/940 1001/1346/940 1005/1350/940 998/1343/940
f 1002/1347/941 1006/1351/941 1007/1352/941 1003/1348/941
f 1006/1351/942 985/1330/942 988/1333/942 1007/1352/942
f 1007/1352/943 988/1333/943 993/1338/943 1008/1353/943
f 1003/1348/944 1007/1352/944 1008/1353/944 1004/1349/944
f 1009/1354/945 1010/1355/945 1011/1356/945 1012/1357/945
f 1010/1355/946 1013/1358/946 1014/1359/946 1011/1356/946
f 1011/1356/947 1014/1359/947 989/1334/947 986/1331/947
f 1012/1357/948 1011/1356/948 986/1331/948 985/1330/948
f 1013/1358/949 1015/1360/949 1016/1361/949 1014/1359/949
f 1015/1360/950 1017/1362/950 1018/1363/950 1016/1361/950
f 1016/1361/951 1018/1363/951 996/1341/951 994/1339/951
f 1014/1359/952 1016/1361/952 994/1339/952 989/1334/952
f 1017/1362/953 1019/1364/953 1020/1365/953 1018/1363/953
f 1019/1364/954 1021/1366/954 1022/1367/954 1020/1365/954
f 1020/1365/955 1022/1367/955 1002/1347/955 1000/1345/955
f 1018/1363/956 1020/1365/956 1000/1345/956 996/1341/956
f 1021/1366/957 1023/1368/957 1024/1369/957 1022/1367/957
f 1023/1368/958 1009/1354/958 1012/1357/958 1024/1369/958
f 1024/1369/959 1012/1357/959 985/1330/959 1006/1351/959
f 1022/1367/960 1024/1369/960 1006/1351/960 1002/1347/960
f 1025/1370/945 1026/1371/945 1027/1372/945 1028/1373/945
f 1026/1371/961 1029/1374/961 1030/1375/961 1027/1372/961
f 1027/1372/961 1030/1375/961 1013/1358/961 1010/1355/961
f 1028/1373/945 1027/1372/945 1010/1355/945 1009/1354/945
f 1029/1374/962 1031/1376/962 1032/1377/962 1030/1375/962
f 1031/1376/963 1033/1378/963 1034/1379/963 1032/1377/963
f 1032/1377/964 1034/1379/964 1017/1362/964 1015/1360/964
f 1030/1375/962 1032/1377/962 1015/1360/962 1013/1358/962
f 1033/1378/953 1035/1380/953 1036/1381/953 1034/1379/953
f 1035/1380/965 1037/1382/965 1038/1383/965 1036/1381/965
f 1036/1381/965 1038/1383/965 1021/1366/965 1019/1364/965
f 1034/1379/966 1036/1381/966 1019/1364/966 1017/1362/966
f 1037/1382/967 1039/1384/967 1040/1385/967 1038/1383/967
f 1039/1384/958 1025/1370/958 1028/1373/958 1040/1385/958
f 1040/1385/958 1028/1373/958 1009/1354/958 1023/1368/958
f 1038/1383/967 1040/1385/967 1023/1368/967 1021/1366/967
f 1041/1386/945 1042/1387/945 1043/1388/945 1044/1389/945
f 1042/1387/961 1045/1390/961 1046/1391/961 1043/1388/961
f 1043/1388/961 1046/1391/961 1029/1374/961 1026/1371/961
f 1044/1389/945 1043/1388/945 1026/1371/945 1025/1370/945
f 1045/1390/962 1047/1392/962 1048/1393/962 1046/1391/962
f 1047/1392/964 1049/1394/964 1050/1395/964 1048/1393/964
f 1048/1393/964 1050/1395/964 1033/1378/964 1031/1376/964
f 1046/1391/962 1048/1393/962 1031/1376/962 1029/1374/962
f 1049/1394/968 1051/1396/968 1052/1397/968 1050/1395/968
f 1051/1396/965 1053/1398/965 1054/1399/965 1052/1397/965
f 1052/1397/965 1054/1399/965 1037/1382/965 1035/1380/965
f 1050/1395/968 1052/1397/968 1035/1380/968 1033/1378/968
f 1053/1398/967 1055/1400/967 1056/1401/967 1054/1399/967
f 1055/1400/958 1041/1386/958 1044/1389/958 1056/1401/958
f 1056/1401/958 1044/1389/958 1025/1370/958 1039/1384/958
f 1054/1399/967 1056/1401/967 1039/1384/967 1037/1382/967
f 1057/1402/945 1058/1403/945 1059/1404/945 1060/1405/945
f 1058/1403/961 1061/1406/961 1062/1407/961 1059/1404/961
f 1059/1404/961 1062/1407/961 1045/1390/961 1042/1387/961
f 1060/1405/969 1059/1404/969 1042/1387/969 1041/1386/969
f 1061/1406/962 1063/1408/962 1064/1409/962 1062/1407/962
f 1063/1408/970 1065/1410/970 1066/1411/970 1064/1409/970
f 1064/1409/970 1066/1411/970 1049/1394/970 1047/1392/970
f 1062/1407/962 1064/1409/962 1047/1392/962 1045/1390/962
f 1065/1410/966 1067/1412/966 1068/1413/966 1066/1411/966
f 1067/1412/965 1069/1414/965 1070/1415/965 1068/1413/965
f 1068/1413/965 1070/1415/965 1053/1398/965 1051/1396/965
f 1066/1411/966 1068/1413/966 1051/1396/966 1049/1394/966
f 1069/1414/957 1071/1416/957 1072/1417/957 1070/1415/957
f 1071/1416/958 1057/1402/958 1060/1405/958 1072/1417/958
f 1072/1417/958 1060/1405/958 1041/1386/958 1055/1400/958
f 1070/1415/967 1072/1417/967 1055/1400/967 1053/1398/967
f 975/1320/971 974/1319/971 1073/1418/971 1074/1419/971
f 974/1319/972 973/1318/972 1075/1420/972 1073/1418/972
f 1073/1418/973 1075/1420/973 1061/1406/973 1058/1403/973
f 1074/1419/974 1073/1418/974 1058/1403/974 1057/1402/974
f 973/1318/975 972/1317/975 1076/1421/975 1075/1420/975
f 972/1317/976 971/1316/976 1077/1422/976 1076/1421/976
f 1076/1421/977 1077/1422/977 1065/1410/977 1063/1408/977
f 1075/1420/978 1076/1421/978 1063/1408/978 1061/1406/978
f 971/1316/979 968/1313/979 1078/1423/979 1077/1422/979
f 968/1313/980 967/1312/980 1079/1424/980 1078/1423/980
f 1078/1423/981 1079/1424/981 1069/1414/981 1067/1412/981
f 1077/1422/982 1078/1423/982 1067/1412/982 1065/1410/982
f 967/1312/983 970/1315/983 1080/1425/983 1079/1424/983
f 970/1315/984 975/1320/984 1074/1419/984 1080/1425/984
f 1080/1425/985 1074/1419/985 1057/1402/985 1071/1416/985
f 1079/1424/986 1080/1425/986 1071/1416/986 1069/1414/986
f 1081/1426/987 1082/1427/987 1083/1428/987 1084/1429/987
f 1082/1427/988 1085/1430/988 1086/1431/988 1083/1428/988
f 1083/1428/989 1086/1431/989 1087/1432/989 1088/1433/989
f 1084/1429/990 1083/1428/990 1088/1433/990 1089/1434/990
f 1085/1430/991 1090/1435/991 1091/1436/991 1086/1431/991
f 1090/1435/992 1092/1437/992 1093/1438/992 1091/1436/992
f 1091/1436/993 1093/1438/993 1094/1439/993 1095/1440/993
f 1086/1431/994 1091/1436/994 1095/1440/994 1087/1432/994
f 1092/1437/995 1096/1441/995 1097/1442/995 1093/1438/995
f 1096/1441/996 1098/1443/996 1099/1444/996 1097/1442/996
f 1097/1442/997 1099/1444/997 1100/1445/997 1101/1446/997
f 1093/1438/998 1097/1442/998 1101/1446/998 1094/1439/998
f 1098/1443/999 1102/1447/999 1103/1448/999 1099/1444/999
f 1102/1447/1000 1081/1426/1000 1084/1429/1000 1103/1448/1000
f 1103/1448/1001 1084/1429/1001 1089/1434/1001 1104/1449/1001
f 1099/1444/1002 1103/1448/1002 1104/1449/1002 1100/1445/1002
f 1105/1450/1003 1106/1451/1003 1107/1452/1003 1108/1453/1003
f 1106/1451/1004 1109/1454/1004 1110/1455/1004 1107/1452/1004
f 1107/1452/1005 1110/1455/1005 1085/1430/1005 1082/1427/1005
f 1108/1453/1006 1107/1452/1006 1082/1427/1006 1081/1426/1006
f 1109/1454/1007 1111/1456/1007 1112/1457/1007 1110/1455/1007
f 1111/1456/1008 1113/1458/1008 1114/1459/1008 1112/1457/1008
f 1112/1457/1009 1114/1459/1009 1092/1437/1009 1090/1435/1009
f 1110/1455/1010 1112/1457/1010 1090/1435/1010 1085/1430/1010
f 1113/1458/1011 1115/1460/1011 1116/1461/1011 1114/1459/1011
f 1115/1460/1012 1117/1462/1012 1118/1463/1012 1116/1461/1012
f 1116/1461/1013 1118/1463/1013 1098/1443/1013 1096/1441/1013
f 1114/1459/1014 1116/1461/1014 1096/1441/1014 1092/1437/1014
f 1117/1462/1015 1119/1464/1015 1120/1465/1015 1118/1463/1015
f 1119/1464/1016 1105/1450/1016 1108/1453/1016 1120/1465/1016
f 1120/1465/1017 1108/1453/1017 1081/1426/1017 1102/1447/1017
f 1118/1463/1015 1120/1465/1015 1102/1447/1015 1098/1443/1015
f 1121/1466/1018 1122/1467/1018 1123/1468/1018 1124/1469/1018
f 1122/1467/1004 1125/1470/1004 1126/1471/1004 1123/1468/1004
f 1123/1468/1004 1126/1471/1004 1109/1454/1004 1106/1451/1004
f 1124/1469/1018 1123/1468/1018 1106/1451/1018 1105/1450/1018
f 1125/1470/1019 1127/1472/1019 1128/1473/1019 1126/1471/1019
f 1127/1472/1020 1129/1474/1020 1130/1475/1020 1128/1473/1020
f 1128/1473/1021 1130/1475/1021 1113/1458/1021 1111/1456/1021
f 1126/1471/1007 1128/1473/1007 1111/1456/1007 1109/1454/1007
f 1129/1474/1022 1131/1476/1022 1132/1477/1022 1130/1475/1022
f 1131/1476/1023 1133/1478/1023 1134/1479/1023 1132/1477/1023
f 1132/1477/1012 1134/1479/1012 1117/1462/1012 1115/1460/1012
f 1130/1475/1014 1132/1477/1014 1115/1460/1014 1113/1458/1014
f 1133/1478/1024 1135/1480/1024 1136/1481/1024 1134/1479/1024
f 1135/1480/1025 1121/1466/1025 1124/1469/1025 1136/1481/1025
f 1136/1481/1026 1124/1469/1026 1105/1450/1026 1119/1464/1026
f 1134/1479/1027 1136/1481/1027 1119/1464/1027 1117/1462/1027
f 993/1338/1028 992/1337/1028 1137/1482/1028 1138/1483/1028
f 992/1337/1029 991/1336/1029 1139/1484/1029 1137/1482/1029
f 1137/1482/1030 1139/1484/1030 1125/1470/1030 1122/1467/1030
f 1138/1483/1031 1137/1482/1031 1122/1467/1031 1121/1466/1031
f 991/1336/1032 999/1344/1032 1140/1485/1032 1139/1484/1032
f 999/1344/1033 998/1343/1033 1141/1486/1033 1140/1485/1033
f 1140/1485/1034 1141/1486/1034 1129/1474/1034 1127/1472/1034
f 1139/1484/1035 1140/1485/1035 1127/1472/1035 1125/1470/1035
f 998/1343/1036 1005/1350/1036 1142/1487/1036 1141/1486/1036
f 1005/1350/1037 1004/1349/1037 1143/1488/1037 1142/1487/1037
f 1142/1487/1038 1143/1488/1038 1133/1478/1038 1131/1476/1038
f 1141/1486/1039 1142/1487/1039 1131/1476/1039 1129/1474/1039
f 1004/1349/1040 1008/1353/1040 1144/1489/1040 1143/1488/1040
f 1008/1353/1041 993/1338/1041 1138/1483/1041 1144/1489/1041
f 1144/1489/1042 1138/1483/1042 1121/1466/1042 1135/1480/1042
f 1143/1488/1043 1144/1489/1043 1135/1480/1043 1133/1478/1043
f 1145/1490/1044 1146/1491/1044 1147/1492/1044 1148/1493/1044
f 1146/1491/1045 1149/1494/1045 1150/1495/1045 1147/1492/1045
f 1147/1492/1046 1150/1495/1046 1151/1496/1046 1152/1497/1046
f 1148/1493/1047 1147/1492/1047 1152/1497/1047 1153/1498/1047
f 1149/1494/1048 1154/1499/1048 1155/1500/1048 1150/1495/1048
f 1154/1499/1049 1156/1501/1049 1157/1502/1049 1155/1500/1049
f 1155/1500/1050 1157/1502/1050 1158/1503/1050 1159/1504/1050
f 1150/1495/1051 1155/1500/1051 1159/1504/1051 1151/1496/1051
f 1156/1501/1052 1160/1505/1052 1161/1506/1052 1157/1502/1052
f 1160/1505/1053 1162/1507/1053 1163/1508/1053 1161/1506/1053
f 1161/1506/1054 1163/1508/1054 1164/1509/1054 1165/1510/1054
f 1157/1502/1055 1161/1506/1055 1165/1510/1055 1158/1503/1055
f 1162/1507/1056 1166/1511/1056 1167/1512/1056 1163/1508/1056
f 1166/1511/1057 1145/1490/1057 1148/1493/1057 1167/1512/1057
f 1167/1512/1058 1148/1493/1058 1153/1498/1058 1168/1513/1058
f 1163/1508/1059 1167/1512/1059 1168/1513/1059 1164/1509/1059
f 1169/1514/1060 1170/1515/1060 1171/1516/1060 1172/1517/1060
f 1170/1515/1061 1173/1518/1061 1174/1519/1061 1171/1516/1061
f 1171/1516/1062 1174/1519/1062 1149/1494/1062 1146/1491/1062
f 1172/1517/1063 1171/1516/1063 1146/1491/1063 1145/1490/1063
f 1173/1518/1064 1175/1520/1064 1176/1521/1064 1174/1519/1064
f 1175/1520/1065 1177/1522/1065 1178/1523/1065 1176/1521/1065
f 1176/1521/1066 1178/1523/1066 1156/1501/1066 1154/1499/1066
f 1174/1519/1067 1176/1521/1067 1154/1499/1067 1149/1494/1067
f 1177/1522/1068 1179/1524/1068 1180/1525/1068 1178/1523/1068
f 1179/1524/1069 1181/1526/1069 1182/1527/1069 1180/1525/1069
f 1180/1525/1069 1182/1527/1069 1162/1507/1069 1160/1505/1069
f 1178/1523/1070 1180/1525/1070 1160/1505/1070 1156/1501/1070
f 1181/1526/1071 1183/1528/1071 1184/1529/1071 1182/1527/1071
f 1183/1528/1072 1169/1514/1072 1172/1517/1072 1184/1529/1072
f 1184/1529/1073 1172/1517/1073 1145/1490/1073 1166/1511/1073
f 1182/1527/1074 1184/1529/1074 1166/1511/1074 1162/1507/1074
f 1185/1530/1060 1186/1531/1060 1187/1532/1060 1188/1533/1060
f 1186/1531/1075 1189/1534/1075 1190/1535/1075 1187/1532/1075
f 1187/1532/1075 1190/1535/1075 1173/1518/1075 1170/1515/1075
f 1188/1533/1060 1187/1532/1060 1170/1515/1060 1169/1514/1060
f 1189/1534/1076 1191/1536/1076 1192/1537/1076 1190/1535/1076
f 1191/1536/1077 1193/1538/1077 1194/1539/1077 1192/1537/1077
f 1192/1537/1065 1194/1539/1065 1177/1522/1065 1175/1520/1065
f 1190/1535/1064 1192/1537/1064 1175/1520/1064 1173/1518/1064
f 1193/1538/1078 1195/1540/1078 1196/1541/1078 1194/1539/1078
f 1195/1540/1079 1197/1542/1079 1198/1543/1079 1196/1541/1079
f 1196/1541/1080 1198/1543/1080 1181/1526/1080 1179/1524/1080
f 1194/1539/1081 1196/1541/1081 1179/1524/1081 1177/1522/1081
f 1197/1542/1082 1199/1544/1082 1200/1545/1082 1198/1543/1082
f 1199/1544/1083 1185/1530/1083 1188/1533/1083 1200/1545/1083
f 1200/1545/1072 1188/1533/1072 1169/1514/1072 1183/1528/1072
f 1198/1543/1071 1200/1545/1071 1183/1528/1071 1181/1526/1071
f 1089/1434/1084 1088/1433/1084 1201/1546/1084 1202/1547/1084
f 1088/1433/1085 1087/1432/1085 1203/1548/1085 1201/1546/1085
f 1201/1546/1086 1203/1548/1086 1189/1534/1086 1186/1531/1086
f 1202/1547/1087 1201/1546/1087 1186/1531/1087 1185/1530/1087
f 1087/1432/1088 1095/1440/1088 1204/1549/1088 1203/1548/1088
f 1095/1440/1089 1094/1439/1089 1205/1550/1089 1204/1549/1089
f 1204/1549/1090 1205/1550/1090 1193/1538/1090 1191/1536/1090
f 1203/1548/1091 1204/1549/1091 1191/1536/1091 1189/1534/1091
f 1094/1439/1092 1101/1446/1092 1206/1551/1092 1205/1550/1092
f 1101/1446/1093 1100/1445/1093 1207/1552/1093 1206/1551/1093
f 1206/1551/1094 1207/1552/1094 1197/1542/1094 1195/1540/1094
f 1205/1550/1095 1206/1551/1095 1195/1540/1095 1193/1538/1095
f 1100/1445/1096 1104/1449/1096 1208/1553/1096 1207/1552/1096
f 1104/1449/1097 1089/1434/1097 1202/1547/1097 1208/1553/1097
f 1208/1553/1098 1202/1547/1098 1185/1530/1098 1199/1544/1098
f 1207/1552/1099 1208/1553/1099 1199/1544/1099 1197/1542/1099
f 1209/1554/1100 1210/1555/1100 1211/1556/1100 1212/1557/1100
f 1210/1555/1101 1213/1558/1101 1214/1559/1101 1211/1556/1101
f 1211/1556/1102 1214/1559/1102 1215/1560/1102 1216/1561/1102
f 1212/1557/1103 1211/1556/1103 1216/1561/1103 1217/1562/1103
f 1213/1558/1104 1218/1563/1104 1219/1564/1104 1214/1559/1104
f 1218/1563/1105 1220/1565/1105 1221/1566/1105 1219/1564/1105
f 1219/1564/1106 1221/1566/1106 1222/1567/1106 1223/1568/1106
f 1214/1559/1107 1219/1564/1107 1223/1568/1107 1215/1560/1107
f 1220/1565/1108 1224/1569/1108 1225/1570/1108 1221/1566/1108
f 1224/1569/1109 1226/1571/1109 1227/1572/1109 1225/1570/1109
f 1225/1570/1110 1227/1572/1110 1228/1573/1110 1229/1574/1110
f 1221/1566/1111 1225/1570/1111 1229/1574/1111 1222/1567/1111
f 1226/1571/1112 1230/1575/1112 1231/1576/1112 1227/1572/1112
f 1230/1575/1113 1209/1554/1113 1212/1557/1113 1231/1576/1113
f 1231/1576/1114 1212/1557/1114 1217/1562/1114 1232/1577/1114
f 1227/1572/1115 1231/1576/1115 1232/1577/1115 1228/1573/1115
f 1233/1578/1116 1234/1579/1116 1235/1580/1116 1236/1581/1116
f 1234/1579/1117 1237/1582/1117 1238/1583/1117 1235/1580/1117
f 1235/1580/1118 1238/1583/1118 1213/1558/1118 1210/1555/1118
f 1236/1581/1119 1235/1580/1119 1210/1555/1119 1209/1554/1119
f 1237/1582/1120 1239/1584/1120 1240/1585/1120 1238/1583/1120
f 1239/1584/1121 1241/1586/1121 1242/1587/1121 1240/1585/1121
f 1240/1585/1121 1242/1587/1121 1220/1565/1121 1218/1563/1121
f 1238/1583/1120 1240/1585/1120 1218/1563/1120 1213/1558/1120
f 1241/1586/1122 1243/1588/1122 1244/1589/1122 1242/1587/1122
f 1243/1588/1123 1245/1590/1123 1246/1591/1123 1244/1589/1123
f 1244/1589/1123 1246/1591/1123 1226/1571/1123 1224/1569/1123
f 1242/1587/1124 1244/1589/1124 1224/1569/1124 1220/1565/1124
f 1245/1590/1125 1247/1592/1125 1248/1593/1125 1246/1591/1125
f 1247/1592/1126 1233/1578/1126 1236/1581/1126 1248/1593/1126
f 1248/1593/1126 1236/1581/1126 1209/1554/1126 1230/1575/1126
f 1246/1591/1125 1248/1593/1125 1230/1575/1125 1226/1571/1125
f 1249/1594/1127 1250/1595/1127 1251/1596/1127 1252/1597/1127
f 1250/1595/1128 1253/1598/1128 1254/1599/1128 1251/1596/1128
f 1251/1596/1129 1254/1599/1129 1237/1582/1129 1234/1579/1129
f 1252/1597/1116 1251/1596/1116 1234/1579/1116 1233/1578/1116
f 1253/1598/1120 1255/1600/1120 1256/1601/1120 1254/1599/1120
f 1255/1600/1130 1257/1602/1130 1258/1603/1130 1256/1601/1130
f 1256/1601/1121 1258/1603/1121 1241/1586/1121 1239/1584/1121
f 1254/1599/1120 1256/1601/1120 1239/1584/1120 1237/1582/1120
f 1257/1602/1131 1259/1604/1131 1260/1605/1131 1258/1603/1131
f 1259/1604/1132 1261/1606/1132 1262/1607/1132 1260/1605/1132
f 1260/1605/1123 1262/1607/1123 1245/1590/1123 1243/1588/1123
f 1258/1603/1124 1260/1605/1124 1243/1588/1124 1241/1586/1124
f 1261/1606/1133 1263/1608/1133 1264/1609/1133 1262/1607/1133
f 1263/1608/1126 1249/1594/1126 1252/1597/1126 1264/1609/1126
f 1264/1609/1126 1252/1597/1126 1233/1578/1126 1247/1592/1126
f 1262/1607/1125 1264/1609/1125 1247/1592/1125 1245/1590/1125
f 1153/1498/1134 1152/1497/1134 1265/1610/1134 1266/1611/1134
f 1152/1497/1135 1151/1496/1135 1267/1612/1135 1265/1610/1135
f 1265/1610/1136 1267/1612/1136 1253/1598/1136 1250/1595/1136
f 1266/1611/1137 1265/1610/1137 1250/1595/1137 1249/1594/1137
f 1151/1496/1138 1159/1504/1138 1268/1613/1138 1267/1612/1138
f 1159/1504/1139 1158/1503/1139 1269/1614/1139 1268/1613/1139
f 1268/1613/1140 1269/1614/1140 1257/1602/1140 1255/1600/1140
f 1267/1612/1141 1268/1613/1141 1255/1600/1141 1253/1598/1141
f 1158/1503/1142 1165/1510/1142 1270/1615/1142 1269/1614/1142
f 1165/1510/1143 1164/1509/1143 1271/1616/1143 1270/1615/1143
f 1270/1615/1144 1271/1616/1144 1261/1606/1144 1259/1604/1144
f 1269/1614/1145 1270/1615/1145 1259/1604/1145 1257/1602/1145
f 1164/1509/1146 1168/1513/1146 1272/1617/1146 1271/1616/1146
f 1168/1513/1147 1153/1498/1147 1266/1611/1147 1272/1617/1147
f 1272/1617/1148 1266/1611/1148 1249/1594/1148 1263/1608/1148
f 1271/1616/1149 1272/1617/1149 1263/1608/1149 1261/1606/1149
f 1273/1618/1150 1274/1619/1150 1275/1620/1150 1276/1621/1150
f 1274/1619/1151 1277/1622/1151 1278/1623/1151 1275/1620/1151
f 1275/1620/1152 1278/1623/1152 1279/1624/1152 1280/1625/1152
f 1276/1621/1153 1275/1620/1153 1280/1625/1153 1281/1626/1153
f 1277/1622/1154 1282/1627/1154 1283/1628/1154 1278/1623/1154
f 1282/1627/1155 1284/1629/1155 1285/1630/1155 1283/1628/1155
f 1283/1628/1156 1285/1630/1156 1286/1631/1156 1287/1632/1156
f 1278/1623/1157 1283/1628/1157 1287/1632/1157 1279/1624/1157
f 1284/1629/1158 1288/1633/1158 1289/1634/1158 1285/1630/1158
f 1288/1633/1159 1290/1635/1159 1291/1636/1159 1289/1634/1159
f 1289/1634/1160 1291/1636/1160 1292/1637/1160 1293/1638/1160
f 1285/1630/1161 1289/1634/1161 1293/1638/1161 1286/1631/1161
f 1290/1635/1162 1294/1639/1162 1295/1640/1162 1291/1636/1162
f 1294/1639/1163 1273/1618/1163 1276/1621/1163 1295/1640/1163
f 1295/1640/1164 1276/1621/1164 1281/1626/1164 1296/1641/1164
f 1291/1636/1165 1295/1640/1165 1296/1641/1165 1292/1637/1165
f 1297/1642/1166 1298/1643/1166 1299/1644/1166 1300/1645/1166
f 1298/1643/1167 1301/1646/1167 1302/1647/1167 1299/1644/1167
f 1299/1644/1168 1302/1647/1168 1277/1622/1168 1274/1619/1168
f 1300/1645/1169 1299/1644/1169 1274/1619/1169 1273/1618/1169
f 1301/1646/1170 1303/1648/1170 1304/1649/1170 1302/1647/1170
f 1303/1648/1171 1305/1650/1171 1306/1651/1171 1304/1649/1171
f 1304/1649/1171 1306/1651/1171 1284/1629/1171 1282/1627/1171
f 1302/1647/1172 1304/1649/1172 1282/1627/1172 1277/1622/1172
f 1305/1650/1173 1307/1652/1173 1308/1653/1173 1306/1651/1173
f 1307/1652/1174 1309/1654/1174 1310/1655/1174 1308/1653/1174
f 1308/1653/1175 1310/1655/1175 1290/1635/1175 1288/1633/1175
f 1306/1651/1176 1308/1653/1176 1288/1633/1176 1284/1629/1176
f 1309/1654/1177 1311/1656/1177 1312/1657/1177 1310/1655/1177
f 1311/1656/1178 1297/1642/1178 1300/1645/1178 1312/1657/1178
f 1312/1657/1179 1300/1645/1179 1273/1618/1179 1294/1639/1179
f 1310/1655/1180 1312/1657/1180 1294/1639/1180 1290/1635/1180
f 1217/1562/1181 1216/1561/1181 1313/1658/1181 1314/1659/1181
f 1216/1561/1182 1215/1560/1182 1315/1660/1182 1313/1658/1182
f 1313/1658/1183 1315/1660/1183 1301/1646/1183 1298/1643/1183
f 1314/1659/1184 1313/1658/1184 1298/1643/1184 1297/1642/1184
f 1215/1560/1185 1223/1568/1185 1316/1661/1185 1315/1660/1185
f 1223/1568/1186 1222/1567/1186 1317/1662/1186 1316/1661/1186
f 1316/1661/1187 1317/1662/1187 1305/1650/1187 1303/1648/1187
f 1315/1660/1188 1316/1661/1188 1303/1648/1188 1301/1646/1188
f 1222/1567/1189 1229/1574/1189 1318/1663/1189 1317/1662/1189
f 1229/1574/1190 1228/1573/1190 1319/1664/1190 1318/1663/1190
f 1318/1663/1191 1319/1664/1191 1309/1654/1191 1307/1652/1191
f 1317/1662/1192 1318/1663/1192 1307/1652/1192 1305/1650/1192
f 1228/1573/1193 1232/1577/1193 1320/1665/1193 1319/1664/1193
f 1232/1577/1194 1217/1562/1194 1314/1659/1194 1320/1665/1194
f 1320/1665/1195 1314/1659/1195 1297/1642/1195 1311/1656/1195
f 1319/1664/1196 1320/1665/1196 1311/1656/1196 1309/1654/1196
f 1321/1666/1197 1322/1667/1197 1323/1668/1197 1324/1669/1197
f 1322/1667/1198 1325/1670/1198 1326/1671/1198 1323/1668/1198
f 1323/1668/1199 1326/1671/1199 980/1325/1199 977/1322/1199
f 1324/1669/1200 1323/1668/1200 977/1322/1200 976/1321/1200
f 1325/1670/1201 1327/1672/1201 1328/1673/1201 1326/1671/1201
f 1327/1672/1202 1329/1674/1202 1330/1675/1202 1328/1673/1202
f 1328/1673/1203 1330/1675/1203 982/1327/1203 981/1326/1203
f 1326/1671/1204 1328/1673/1204 981/1326/1204 980/1325/1204
f 1329/1674/1205 1331/1676/1205 1332/1677/1205 1330/1675/1205
f 1331/1676/1206 1333/1678/1206 1334/1679/1206 1332/1677/1206
f 1332/1677/1207 1334/1679/1207 984/1329/1207 983/1328/1207
f 1330/1675/1208 1332/1677/1208 983/1328/1208 982/1327/1208
f 1333/1678/1209 1335/1680/1209 1336/1681/1209 1334/1679/1209
f 1335/1680/1210 1321/1666/1210 1324/1669/1210 1336/1681/1210
f 1336/1681/1211 1324/1669/1211 976/1321/1211 979/1324/1211
f 1334/1679/1212 1336/1681/1212 979/1324/1212 984/1329/1212
f 1281/1626/1213 1280/1625/1213 1337/1682/1213 1338/1683/1213
f 1280/1625/1214 1279/1624/1214 1339/1684/1214 1337/1682/1214
f 1337/1682/1215 1339/1684/1215 1325/1670/1215 1322/1667/1215
f 1338/1683/1216 1337/1682/1216 1322/1667/1216 1321/1666/1216
f 1279/1624/1217 1287/1632/1217 1340/1685/1217 1339/1684/1217
f 1287/1632/1218 1286/1631/1218 1341/1686/1218 1340/1685/1218
f 1340/1685/1219 1341/1686/1219 1329/1674/1219 1327/1672/1219
f 1339/1684/1220 1340/1685/1220 1327/1672/1220 1325/1670/1220
f 1286/1631/1221 1293/1638/1221 1342/1687/1221 1341/1686/1221
f 1293/1638/1222 1292/1637/1222 1343/1688/1222 1342/1687/1222
f 1342/1687/1223 1343/1688/1223 1333/1678/1223 1331/1676/1223
f 1341/1686/1224 1342/1687/1224 1331/1676/1224 1329/1674/1224
f 1292/1637/1225 1296/1641/1225 1344/1689/1225 1343/1688/1225
f 1296/1641/1226 1281/1626/1226 1338/1683/1226 1344/1689/1226
f 1344/1689/1227 1338/1683/1227 1321/1666/1227 1335/1680/1227
f 1343/1688/1228 1344/1689/1228 1335/1680/1228 1333/1678/1228
f 1345/1690/1229 1346/1691/1229 1347/1692/1229 1348/1693/1229
f 1346/1691/1229 1349/1694/1229 1350/1695/1229 1347/1692/1229
f 1347/1692/1229 1350/1695/1229 1351/1696/1229 1352/1697/1229
f 1348/1693/1229 1347/1692/1229 1352/1697/1229 1353/1698/1229
f 1354/1699/1230 1355/1700/1230 1356/1701/1230 1357/1702/1230
f 1355/1700/1231 1358/1703/1231 1359/1704/1231 1356/1701/1231
f 1356/1701/1232 1359/1704/1232 1360/1705/1232 1361/1706/1232
f 1357/1702/1233 1356/1701/1233 1361/1706/1233 1362/1707/1233
f 1358/1703/1230 1363/1708/1230 1364/1709/1230 1359/1704/1230
f 1363/1708/1231 1365/1710/1231 1366/1711/1231 1364/1709/1231
f 1364/1709/1232 1366/1711/1232 1367/1712/1232 1368/1713/1232
f 1359/1704/1233 1364/1709/1233 1368/1713/1233 1360/1705/1233
f 1365/1710/1230 1369/1714/1230 1370/1715/1230 1366/1711/1230
f 1369/1714/1231 1371/1716/1231 1372/1717/1231 1370/1715/1231
f 1370/1715/1232 1372/1717/1232 1373/1718/1232 1374/1719/1232
f 1366/1711/1233 1370/1715/1233 1374/1719/1233 1367/1712/1233
f 1371/1716/1230 1375/1720/1230 1376/1721/1230 1372/1717/1230
f 1375/1720/1231 1354/1699/1231 1357/1702/1231 1376/1721/1231
f 1376/1721/1232 1357/1702/1232 1362/1707/1232 1377/1722/1232
f 1372/1717/1233 1376/1721/1233 1377/1722/1233 1373/1718/1233
f 1378/1723/1229 1379/1724/1229 1380/1725/1229 1381/1726/1229
f 1379/1724/1234 1382/1727/1234 1383/1728/1234 1380/1725/1234
f 1380/1725/1235 1383/1728/1235 1384/1729/1235 1385/1730/1235
f 1381/1726/1236 1380/1725/1236 1385/1730/1236 1386/1731/1236
f 1382/1727/1229 1387/1732/1229 1388/1733/1229 1383/1728/1229
f 1387/1732/1234 1389/1734/1234 1390/1735/1234 1388/1733/1234
f 1388/1733/1235 1390/1735/1235 1391/1736/1235 1392/1737/1235
f 1383/1728/1236 1388/1733/1236 1392/1737/1236 1384/1729/1236
f 1389/1734/1229 1393/1738/1229 1394/1739/1229 1390/1735/1229
f 1393/1738/1234 1395/1740/1234 1396/1741/1234 1394/1739/1234
f 1394/1739/1235 1396/1741/1235 1397/1742/1235 1398/1743/1235
f 1390/1735/1236 1394/1739/1236 1398/1743/1236 1391/1736/1236
f 1395/1740/1229 1399/1744/1229 1400/1745/1229 1396/1741/1229
f 1399/1744/1234 1378/1723/1234 1381/1726/1234 1400/1745/1234
f 1400/1745/1235 1381/1726/1235 1386/1731/1235 1401/1746/1235
f 1396/1741/1236 1400/1745/1236 1401/1746/1236 1397/1742/1236
f 1402/1747/1237 1403/1748/1237 1404/1749/1237 1405/1750/1237
f 1403/1748/1238 1406/1751/1238 1407/1752/1238 1404/1749/1238
f 1404/1749/1239 1407/1752/1239 1408/1753/1239 1409/1754/1239
f 1405/1750/1240 1404/1749/1240 1409/1754/1240 1410/1755/1240
f 1406/1751/1237 1411/1756/1237 1412/1757/1237 1407/1752/1237
f 1411/1756/1238 1413/1758/1238 1414/1759/1238 1412/1757/1238
f 1412/1757/1239 1414/1759/1239 1415/1760/1239 1416/1761/1239
f 1407/1752/1240 1412/1757/1240 1416/1761/1240 1408/1753/1240
f 1413/1758/1237 1417/1762/1237 1418/1763/1237 1414/1759/1237
f 1417/1762/1238 1419/1764/1238 1420/1765/1238 1418/1763/1238
f 1418/1763/1239 1420/1765/1239 1421/1766/1239 1422/1767/1239
f 1414/1759/1240 1418/1763/1240 1422/1767/1240 1415/1760/1240
f 1419/1764/1237 1423/1768/1237 1424/1769/1237 1420/1765/1237
f 1423/1768/1238 1402/1747/1238 1405/1750/1238 1424/1769/1238
f 1424/1769/1239 1405/1750/1239 1410/1755/1239 1425/1770/1239
f 1420/1765/1240 1424/1769/1240 1425/1770/1240 1421/1766/1240
f 1426/1771/1229 1427/1772/1229 1428/1773/1229 1429/1774/1229
f 1427/1772/1240 1430/1775/1240 1431/1776/1240 1428/1773/1240
f 1428/1773/1229 1431/1776/1229 1432/1777/1229 1433/1778/1229
f 1429/1774/1241 1428/1773/1241 1433/1778/1241 1434/1779/1241
f 1435/1780/1229 1436/1781/1229 1437/1782/1229 1438/1783/1229
f 1436/1781/1229 1439/1784/1229 1440/1785/1229 1437/1782/1229
f 1437/1782/1229 1440/1785/1229 1441/1786/1229 1442/1787/1229
f 1438/1783/1229 1437/1782/1229 1442/1787/1229 1443/1788/1229
f 1439/1784/1229 1444/1789/1229 1445/1790/1229 1440/1785/1229
f 1444/1789/1229 1446/1791/1229 1447/1792/1229 1445/1790/1229
f 1445/1790/1229 1447/1792/1229 1448/1793/1229 1449/1794/1229
f 1440/1785/1229 1445/1790/1229 1449/1794/1229 1441/1786/1229
f 1446/1791/1229 1450/1795/1229 1451/1796/1229 1447/1792/1229
f 1450/1795/1229 1452/1797/1229 1453/1798/1229 1451/1796/1229
f 1451/1796/1229 1453/1798/1229 1454/1799/1229 1455/1800/1229
f 1447/1792/1229 1451/1796/1229 1455/1800/1229 1448/1793/1229
f 1452/1797/1229 1456/1801/1229 1457/1802/1229 1453/1798/1229
f 1456/1801/1229 1435/1780/1229 1438/1783/1229 1457/1802/1229
f 1457/1802/1229 1438/1783/1229 1443/1788/1229 1458/1803/1229
f 1453/1798/1229 1457/1802/1229 1458/1803/1229 1454/1799/1229
f 1459/1804/1242 1460/1805/1242 1461/1806/1242 1462/1807/1242
f 1460/1805/1243 1463/1808/1243 1464/1809/1243 1461/1806/1243
f 1461/1806/1229 1464/1809/1229 1465/1810/1229 1466/1811/1229
f 1462/1807/1229 1461/1806/1229 1466/1811/1229 1467/1812/1229
f 1463/1808/1242 1468/1813/1242 1469/1814/1242 1464/1809/1242
f 1468/1813/1243 1470/1815/1243 1471/1816/1243 1469/1814/1243
f 1469/1814/1229 1471/1816/1229 1472/1817/1229 1473/1818/1229
f 1464/1809/1229 1469/1814/1229 1473/1818/1229 1465/1810/1229
f 1470/1815/1242 1474/1819/1242 1475/1820/1242 1471/1816/1242
f 1474/1819/1243 1476/1821/1243 1477/1822/1243 1475/1820/1243
f 1475/1820/1229 1477/1822/1229 1478/1823/1229 1479/1824/1229
f 1471/1816/1229 1475/1820/1229 1479/1824/1229 1472/1817/1229
f 1476/1821/1242 1480/1825/1242 1481/1826/1242 1477/1822/1242
f 1480/1825/1243 1459/1804/1243 1462/1807/1243 1481/1826/1243
f 1481/1826/1229 1462/1807/1229 1467/1812/1229 1482/1827/1229
f 1477/1822/1229 1481/1826/1229 1482/1827/1229 1478/1823/1229
f 1483/1828/1229 1484/1829/1229 1485/1830/1229 1486/1831/1229
f 1484/1829/1229 1487/1832/1229 1488/1833/1229 1485/1830/1229
f 1485/1830/1229 1488/1833/1229 1489/1834/1229 1490/1835/1229
f 1486/1831/1229 1485/1830/1229 1490/1835/1229 1491/1836/1229
f 1487/1832/1229 1492/1837/1229 1493/1838/1229 1488/1833/1229
f 1492/1837/1229 1494/1839/1229 1495/1840/1229 1493/1838/1229
f 1493/1838/1229 1495/1840/1229 1496/1841/1229 1497/1842/1229
f 1488/1833/1229 1493/1838/1229 1497/1842/1229 1489/1834/1229
f 1494/1839/1229 1498/1843/1229 1499/1844/1229 1495/1840/1229
f 1498/1843/1229 1500/1845/1229 1501/1846/1229 1499/1844/1229
f 1499/1844/1229 1501/1846/1229 1502/1847/1229 1503/1848/1229
f 1495/1840/1229 1499/1844/1229 1503/1848/1229 1496/1841/1229
f 1500/1845/1229 1504/1849/1229 1505/1850/1229 1501/1846/1229
f 1504/1849/1229 1483/1828/1229 1486/1831/1229 1505/1850/1229
f 1505/1850/1229 1486/1831/1229 1491/1836/1229 1506/1851/1229
f 1501/1846/1229 1505/1850/1229 1506/1851/1229 1502/1847/1229
f 1507/1852/1229 1508/1853/1229 1509/1854/1229 1510/1855/1229
f 1508/1853/1229 1511/1856/1229 1512/1857/1229 1509/1854/1229
f 1509/1854/1229 1512/1857/1229 1513/1858/1229 1514/1859/1229
f 1510/1855/1229 1509/1854/1229 1514/1859/1229 1515/1860/1229
f 1511/1856/1229 1516/1861/1229 1517/1862/1229 1512/1857/1229
f 1516/1861/1229 1518/1863/1229 1519/1864/1229 1517/1862/1229
f 1517/1862/1229 1519/1864/1229 1520/1865/1229 1521/1866/1229
f 1512/1857/1229 1517/1862/1229 1521/1866/1229 1513/1858/1229
f 1518/1863/1229 1522/1867/1229 1523/1868/1229 1519/1864/1229
f 1522/1867/1229 1524/1869/1229 1525/1870/1229 1523/1868/1229
f 1523/1868/1229 1525/1870/1229 1526/1871/1229 1527/1872/1229
f 1519/1864/1229 1523/1868/1229 1527/1872/1229 1520/1865/1229
f 1524/1869/1229 1528/1873/1229 1529/1874/1229 1525/1870/1229
f 1528/1873/1229 1507/1852/1229 1510/1855/1229 1529/1874/1229
f 1529/1874/1229 1510/1855/1229 1515/1860/1229 1530/1875/1229
f 1525/1870/1229 1529/1874/1229 1530/1875/1229 1526/1871/1229
f 1531/1876/1229 1532/1877/1229 1533/1878/1229 1534/1879/1229
f 1532/1877/1229 1535/1880/1229 1536/1881/1229 1533/1878/1229
f 1533/1878/1244 1536/1881/1244 1537/1882/1244 1538/1883/1244
f 1534/1879/1245 1533/1878/1245 1538/1883/1245 1539/1884/1245
f 1535/1880/1229 1540/1885/1229 1541/1886/1229 1536/1881/1229
f 1540/1885/1229 1542/1887/1229 1543/1888/1229 1541/1886/1229
f 1541/1886/1244 1543/1888/1244 1544/1889/1244 1545/1890/1244
f 1536/1881/1245 1541/1886/1245 1545/1890/1245 1537/1882/1245
f 1542/1887/1229 1546/1891/1229 1547/1892/1229 1543/1888/1229
f 1546/1891/1229 1548/1893/1229 1549/1894/1229 1547/1892/1229
f 1547/1892/1244 1549/1894/1244 1550/1895/1244 1551/1896/1244
f 1543/1888/1245 1547/1892/1245 1551/1896/1245 1544/1889/1245
f 1548/1893/1229 1552/1897/1229 1553/1898/1229 1549/1894/1229
f 1552/1897/1229 1531/1876/1229 1534/1879/1229 1553/1898/1229
f 1553/1898/1244 1534/1879/1244 1539/1884/1244 1554/1899/1244
f 1549/1894/1245 1553/1898/1245 1554/1899/1245 1550/1895/1245
f 1555/1900/1246 1556/1901/1246 1557/1902/1246 1558/1903/1246
f 1556/1901/1247 1559/1904/1247 1560/1905/1247 1557/1902/1247
f 1557/1902/1240 1560/1905/1240 1561/1906/1240 1562/1907/1240
f 1558/1903/1239 1557/1902/1239 1562/1907/1239 1563/1908/1239
f 1559/1904/1246 1564/1909/1246 1565/1910/1246 1560/1905/1246
f 1564/1909/1247 1566/1911/1247 1567/1912/1247 1565/1910/1247
f 1565/1910/1240 1567/1912/1240 1568/1913/1240 1569/1914/1240
f 1560/1905/1239 1565/1910/1239 1569/1914/1239 1561/1906/1239
f 1566/1911/1246 1570/1915/1246 1571/1916/1246 1567/1912/1246
f 1570/1915/1247 1572/1917/1247 1573/1918/1247 1571/1916/1247
f 1571/1916/1240 1573/1918/1240 1574/1919/1240 1575/1920/1240
f 1567/1912/1239 1571/1916/1239 1575/1920/1239 1568/1913/1239
f 1572/1917/1246 1576/1921/1246 1577/1922/1246 1573/1918/1246
f 1576/1921/1247 1555/1900/1247 1558/1903/1247 1577/1922/1247
f 1577/1922/1240 1558/1903/1240 1563/1908/1240 1578/1923/1240
f 1573/1918/1239 1577/1922/1239 1578/1923/1239 1574/1919/1239
f 1579/1924/1248 1580/1925/1248 1581/1926/1248 1582/1927/1248
f 1580/1925/1249 1583/1928/1249 1584/1929/1249 1581/1926/1249
f 1581/1926/1250 1584/1929/1250 1585/1930/1250 1586/1931/1250
f 1582/1927/1251 1581/1926/1251 1586/1931/1251 1587/1932/1251
f 1583/1928/1248 1588/1933/1248 1589/1934/1248 1584/1929/1248
f 1588/1933/1249 1590/1935/1249 1591/1936/1249 1589/1934/1249
f 1589/1934/1250 1591/1936/1250 1592/1937/1250 1593/1938/1250
f 1584/1929/1251 1589/1934/1251 1593/1938/1251 1585/1930/1251
f 1590/1935/1248 1594/1939/1248 1595/1940/1248 1591/1936/1248
f 1594/1939/1249 1596/1941/1249 1597/1942/1249 1595/1940/1249
f 1595/1940/1250 1597/1942/1250 1598/1943/1250 1599/1944/1250
f 1591/1936/1251 1595/1940/1251 1599/1944/1251 1592/1937/1251
f 1596/1941/1248 1600/1945/1248 1601/1946/1248 1597/1942/1248
f 1600/1945/1249 1579/1924/1249 1582/1927/1249 1601/1946/1249
f 1601/1946/1250 1582/1927/1250 1587/1932/1250 1602/1947/1250
f 1597/1942/1251 1601/1946/1251 1602/1947/1251 1598/1943/1251
f 1603/1948/1252 1604/1949/1252 1605/1950/1252 1606/1951/1252
f 1604/1949/1253 1607/1952/1253 1608/1953/1253 1605/1950/1253
f 1605/1950/1254 1608/1953/1254 1609/1954/1254 1610/1955/1254
f 1606/1951/1255 1605/1950/1255 1610/1955/1255 1611/1956/1255
f 1607/1952/1252 1612/1957/1252 1613/1958/1252 1608/1953/1252
f 1612/1957/1253 1614/1959/1253 1615/1960/1253 1613/1958/1253
f 1613/1958/1254 1615/1960/1254 1616/1961/1254 1617/1962/1254
f 1608/1953/1255 1613/1958/1255 1617/1962/1255 1609/1954/1255
f 1614/1959/1252 1618/1963/1252 1619/1964/1252 1615/1960/1252
f 1618/1963/1253 1620/1965/1253 1621/1966/1253 1619/1964/1253
f 1619/1964/1254 1621/1966/1254 1622/1967/1254 1623/1968/1254
f 1615/1960/1255 1619/1964/1255 1623/1968/1255 1616/1961/1255
f 1620/1965/1252 1624/1969/1252 1625/1970/1252 1621/1966/1252
f 1624/1969/1253 1603/1948/1253 1606/1951/1253 1625/1970/1253
f 1625/1970/1254 1606/1951/1254 1611/1956/1254 1626/1971/1254
f 1621/1966/1255 1625/1970/1255 1626/1971/1255 1622/1967/1255
f 1627/1972/1256 1628/1973/1256 1629/1974/1256 1630/1975/1256
f 1628/1973/1257 1631/1976/1257 1632/1977/1257 1629/1974/1257
f 1629/1974/1258 1632/1977/1258 1633/1978/1258 1634/1979/1258
f 1630/1975/1259 1629/1974/1259 1634/1979/1259 1635/1980/1259
f 1631/1976/1256 1636/1981/1256 1637/1982/1256 1632/1977/1256
f 1636/1981/1257 1638/1983/1257 1639/1984/1257 1637/1982/1257
f 1637/1982/1258 1639/1984/1258 1640/1985/1258 1641/1986/1258
f 1632/1977/1259 1637/1982/1259 1641/1986/1259 1633/1978/1259
f 1638/1983/1256 1642/1987/1256 1643/1988/1256 1639/1984/1256
f 1642/1987/1257 1644/1989/1257 1645/1990/1257 1643/1988/1257
f 1643/1988/1258 1645/1990/1258 1646/1991/1258 1647/1992/1258
f 1639/1984/1259 1643/1988/1259 1647/1992/1259 1640/1985/1259
f 1644/1989/1256 1648/1993/1256 1649/1994/1256 1645/1990/1256
f 1648/1993/1257 1627/1972/1257 1630/1975/1257 1649/1994/1257
f 1649/1994/1258 1630/1975/1258 1635/1980/1258 1650/1995/1258
f 1645/1990/1259 1649/1994/1259 1650/1995/1259 1646/1991/1259
f 1651/1996/1240 1652/1997/1240 1653/1998/1240 1654/1999/1240
f 1652/1997/1239 1655/2000/1239 1656/2001/1239 1653/1998/1239
f 1653/1998/1229 1656/2001/1229 1657/2002/1229 1658/2003/1229
f 1654/1999/1234 1653/1998/1234 1658/2003/1234 1659/2004/1234
f 1655/2000/1240 1660/2005/1240 1661/2006/1240 1656/2001/1240
f 1660/2005/1239 1662/2007/1239 1663/2008/1239 1661/2006/1239
f 1661/2006/1229 1663/2008/1229 1664/2009/1229 1665/2010/1229
f 1656/2001/1234 1661/2006/1234 1665/2010/1234 1657/2002/1234
f 1662/2007/1240 1666/2011/1240 1667/2012/1240 1663/2008/1240
f 1666/2011/1239 1668/2013/1239 1669/2014/1239 1667/2012/1239
f 1667/2012/1229 1669/2014/1229 1670/2015/1229 1671/2016/1229
f 1663/2008/1234 1667/2012/1234 1671/2016/1234 1664/2009/1234
f 1668/2013/1240 1672/2017/1240 1673/2018/1240 1669/2014/1240
f 1672/2017/1239 1651/1996/1239 1654/1999/1239 1673/2018/1239
f 1673/2018/1229 1654/1999/1229 1659/2004/1229 1674/2019/1229
f 1669/2014/1234 1673/2018/1234 1674/2019/1234 1670/2015/1234
f 1675/2020/1240 1676/2021/1240 1677/2022/1240 1678/2023/1240
f 1676/2021/1239 1679/2024/1239 1680/2025/1239 1677/2022/1239
f 1677/2022/1239 1680/2025/1239 1681/2026/1239 1682/2027/1239
f 1678/2023/1240 1677/2022/1240 1682/2027/1240 1683/2028/1240
f 1679/2024/1240 1684/2029/1240 1685/2030/1240 1680/2025/1240
f 1684/2029/1239 1686/2031/1239 1687/2032/1239 1685/2030/1239
f 1685/2030/1239 1687/2032/1239 1688/2033/1239 1689/2034/1239
f 1680/2025/1240 1685/2030/1240 1689/2034/1240 1681/2026/1240
f 1686/2031/1240 1690/2035/1240 1691/2036/1240 1687/2032/1240
f 1690/2035/1239 1692/2037/1239 1693/2038/1239 1691/2036/1239
f 1691/2036/1239 1693/2038/1239 1694/2039/1239 1695/2040/1239
f 1687/2032/1240 1691/2036/1240 1695/2040/1240 1688/2033/1240
f 1692/2037/1240 1696/2041/1240 1697/2042/1240 1693/2038/1240
f 1696/2041/1239 1675/2020/1239 1678/2023/1239 1697/2042/1239
f 1697/2042/1239 1678/2023/1239 1683/2028/1239 1698/2043/1239
f 1693/2038/1240 1697/2042/1240 1698/2043/1240 1694/2039/1240
f 1699/2044/1260 1700/2045/1260 1701/2046/1260 1702/2047/1260
f 1700/2045/1261 1703/2048/1261 1704/2049/1261 1701/2046/1261
f 1701/2046/1262 1704/2049/1262 1705/2050/1262 1706/2051/1262
f 1702/2047/1263 1701/2046/1263 1706/2051/1263 1707/2052/1263
f 1703/2048/1260 1708/2053/1260 1709/2054/1260 1704/2049/1260
f 1708/2053/1261 1710/2055/1261 1711/2056/1261 1709/2054/1261
f 1709/2054/1262 1711/2056/1262 1712/2057/1262 1713/2058/1262
f 1704/2049/1263 1709/2054/1263 1713/2058/1263 1705/2050/1263
f 1710/2055/1260 1714/2059/1260 1715/2060/1260 1711/2056/1260
f 1714/2059/1261 1716/2061/1261 1717/2062/1261 1715/2060/1261
f 1715/2060/1262 1717/2062/1262 1718/2063/1262 1719/2064/1262
f 1711/2056/1263 1715/2060/1263 1719/2064/1263 1712/2057/1263
f 1716/2061/1260 1720/2065/1260 1721/2066/1260 1717/2062/1260
f 1720/2065/1261 1699/2044/1261 1702/2047/1261 1721/2066/1261
f 1721/2066/1262 1702/2047/1262 1707/2052/1262 1722/2067/1262
f 1717/2062/1263 1721/2066/1263 1722/2067/1263 1718/2063/1263
f 1723/2068/1240 1724/2069/1240 1725/2070/1240 1726/2071/1240
f 1724/2069/1239 1727/2072/1239 1728/2073/1239 1725/2070/1239
f 1725/2070/1229 1728/2073/1229 1729/2074/1229 1730/2075/1229
f 1726/2071/1234 1725/2070/1234 1730/2075/1234 1731/2076/1234
f 1727/2072/1240 1732/2077/1240 1733/2078/1240 1728/2073/1240
f 1732/2077/1239 1734/2079/1239 1735/2080/1239 1733/2078/1239
f 1733/2078/1229 1735/2080/1229 1736/2081/1229 1737/2082/1229
f 1728/2073/1234 1733/2078/1234 1737/2082/1234 1729/2074/1234
f 1734/2079/1240 1738/2083/1240 1739/2084/1240 1735/2080/1240
f 1738/2083/1239 1740/2085/1239 1741/2086/1239 1739/2084/1239
f 1739/2084/1229 1741/2086/1229 1742/2087/1229 1743/2088/1229
f 1735/2080/1234 1739/2084/1234 1743/2088/1234 1736/2081/1234
f 1740/2085/1240 1744/2089/1240 1745/2090/1240 1741/2086/1240
f 1744/2089/1239 1723/2068/1239 1726/2071/1239 1745/2090/1239
f 1745/2090/1229 1726/2071/1229 1731/2076/1229 1746/2091/1229
f 1741/2086/1234 1745/2090/1234 1746/2091/1234 1742/2087/1234
f 1747/2092/1240 1748/2093/1240 1749/2094/1240 1750/2095/1240
f 1748/2093/1239 1751/2096/1239 1752/2097/1239 1749/2094/1239
f 1749/2094/1229 1752/2097/1229 1753/2098/1229 1754/2099/1229
f 1750/2095/1229 1749/2094/1229 1754/2099/1229 1755/2100/1229
f 1751/2096/1240 1756/2101/1240 1757/2102/1240 1752/2097/1240
f 1756/2101/1239 1758/2103/1239 1759/2104/1239 1757/2102/1239
f 1757/2102/1229 1759/2104/1229 1760/2105/1229 1761/2106/1229
f 1752/2097/1229 1757/2102/1229 1761/2106/1229 1753/2098/1229
f 1758/2103/1240 1762/2107/1240 1763/2108/1240 1759/2104/1240
f 1762/2107/1239 1764/2109/1239 1765/2110/1239 1763/2108/1239
f 1763/2108/1229 1765/2110/1229 1766/2111/1229 1767/2112/1229
f 1759/2104/1229 1763/2108/1229 1767/2112/1229 1760/2105/1229
f 1764/2109/1240 1768/2113/1240 1769/2114/1240 1765/2110/1240
f 1768/2113/1239 1747/2092/1239 1750/2095/1239 1769/2114/1239
f 1769/2114/1229 1750/2095/1229 1755/2100/1229 1770/2115/1229
f 1765/2110/1229 1769/2114/1229 1770/2115/1229 1766/2111/1229
f 1771/2116/1229 1772/2117/1229 1773/2118/1229 1774/2119/1229
f 1772/2117/1229 1775/2120/1229 1776/2121/1229 1773/2118/1229
f 1773/2118/1229 1776/2121/1229 1777/2122/1229 1778/2123/1229
f 1774/2119/1229 1773/2118/1229 1778/2123/1229 1779/2124/1229
f 1775/2120/1229 1780/2125/1229 1781/2126/1229 1776/2121/1229
f 1780/2125/1229 1782/2127/1229 1783/2128/1229 1781/2126/1229
f 1781/2126/1229 1783/2128/1229 1784/2129/1229 1785/2130/1229
f 1776/2121/1229 1781/2126/1229 1785/2130/1229 1777/2122/1229
f 1782/2127/1229 1786/2131/1229 1787/2132/1229 1783/2128/1229
f 1786/2131/1229 1788/2133/1229 1789/2134/1229 1787/2132/1229
f 1787/2132/1229 1789/2134/1229 1790/2135/1229 1791/2136/1229
f 1783/2128/1229 1787/2132/1229 1791/2136/1229 1784/2129/1229
f 1788/2133/1229 1792/2137/1229 1793/2138/1229 1789/2134/1229
f 1792/2137/1229 1771/2116/1229 1774/2119/1229 1793/2138/1229
f 1793/2138/1229 1774/2119/1229 1779/2124/1229 1794/2139/1229
f 1789/2134/1229 1793/2138/1229 1794/2139/1229 1790/2135/1229
f 1795/2140/1264 1796/2141/1264 1797/2142/1264 1798/2143/1264
f 1796/2141/1265 1799/2144/1265 1800/2145/1265 1797/2142/1265
f 1797/2142/1266 1800/2145/1266 1801/2146/1266 1802/2147/1266
f 1798/2143/1267 1797/2142/1267 1802/2147/1267 1803/2148/1267
f 1799/2144/1264 1804/2149/1264 1805/2150/1264 1800/2145/1264
f 1804/2149/1265 1806/2151/1265 1807/2152/1265 1805/2150/1265
f 1805/2150/1266 1807/2152/1266 1808/2153/1266 1809/2154/1266
f 1800/2145/1267 1805/2150/1267 1809/2154/1267 1801/2146/1267
f 1806/2151/1264 1810/2155/1264 1811/2156/1264 1807/2152/1264
f 1810/2155/1265 1812/2157/1265 1813/2158/1265 1811/2156/1265
f 1811/2156/1266 1813/2158/1266 1814/2159/1266 1815/2160/1266
f 1807/2152/1267 1811/2156/1267 1815/2160/1267 1808/2153/1267
f 1812/2157/1264 1816/2161/1264 1817/2162/1264 1813/2158/1264
f 1816/2161/1265 1795/2140/1265 1798/2143/1265 1817/2162/1265
f 1817/2162/1266 1798/2143/1266 1803/2148/1266 1818/2163/1266
f 1813/2158/1267 1817/2162/1267 1818/2163/1267 1814/2159/1267
f 1819/2164/1229 1820/2165/1229 1821/2166/1229 1822/2167/1229
f 1820/2165/1229 1823/2168/1229 1824/2169/1229 1821/2166/1229
f 1821/2166/1229 1824/2169/1229 1825/2170/1229 1826/2171/1229
f 1822/2167/1229 1821/2166/1229 1826/2171/1229 1827/2172/1229
f 1823/2168/1229 1828/2173/1229 1829/2174/1229 1824/2169/1229
f 1828/2173/1229 1830/2175/1229 1831/2176/1229 1829/2174/1229
f 1829/2174/1229 1831/2176/1229 1832/2177/1229 1833/2178/1229
f 1824/2169/1229 1829/2174/1229 1833/2178/1229 1825/2170/1229
f 1830/2175/1229 1834/2179/1229 1835/2180/1229 1831/2176/1229
f 1834/2179/1229 1836/2181/1229 1837/2182/1229 1835/2180/1229
f 1835/2180/1229 1837/2182/1229 1838/2183/1229 1839/2184/1229
f 1831/2176/1229 1835/2180/1229 1839/2184/1229 1832/2177/1229
f 1836/2181/1229 1840/2185/1229 1841/2186/1229 1837/2182/1229
f 1840/2185/1229 1819/2164/1229 1822/2167/1229 1841/2186/1229
f 1841/2186/1229 1822/2167/1229 1827/2172/1229 1842/2187/1229
f 1837/2182/1229 1841/2186/1229 1842/2187/1229 1838/2183/1229
f 1843/2188/1229 1844/2189/1229 1845/2190/1229 1846/2191/1229
f 1844/2189/1229 1847/2192/1229 1848/2193/1229 1845/2190/1229
f 1845/2190/1229 1848/2193/1229 1849/2194/1229 1850/2195/1229
f 1846/2191/1229 1845/2190/1229 1850/2195/1229 1851/2196/1229
f 1847/2192/1229 1852/2197/1229 1853/2198/1229 1848/2193/1229
f 1852/2197/1229 1854/2199/1229 1855/2200/1229 1853/2198/1229
f 1853/2198/1229 1855/2200/1229 1856/2201/1229 1857/2202/1229
f 1848/2193/1229 1853/2198/1229 1857/2202/1229 1849/2194/1229
f 1854/2199/1229 1858/2203/1229 1859/2204/1229 1855/2200/1229
f 1858/2203/1229 1860/2205/1229 1861/2206/1229 1859/2204/1229
f 1859/2204/1229 1861/2206/1229 1862/2207/1229 1863/2208/1229
f 1855/2200/1229 1859/2204/1229 1863/2208/1229 1856/2201/1229
f 1860/2205/1229 1864/2209/1229 1865/2210/1229 1861/2206/1229
f 1864/2209/1229 1843/2188/1229 1846/2191/1229 1865/2210/1229
f 1865/2210/1229 1846/2191/1229 1851/2196/1229 1866/2211/1229
f 1861/2206/1229 1865/2210/1229 1866/2211/1229 1862/2207/1229
f 1867/2212/1229 1868/2213/1229 1869/2214/1229 1870/2215/1229
f 1868/2213/1229 1871/2216/1229 1872/2217/1229 1869/2214/1229
f 1869/2214/1229 1872/2217/1229 1873/2218/1229 1874/2219/1229
f 1870/2215/1229 1869/2214/1229 1874/2219/1229 1875/2220/1229
f 1871/2216/1229 1876/2221/1229 1877/2222/1229 1872/2217/1229
f 1876/2221/1229 1878/2223/1229 1879/2224/1229 1877/2222/1229
f 1877/2222/1229 1879/2224/1229 1880/2225/1229 1881/2226/1229
f 1872/2217/1229 1877/2222/1229 1881/2226/1229 1873/2218/1229
f 1878/2223/1229 1882/2227/1229 1883/2228/1229 1879/2224/1229
f 1882/2227/1229 1884/2229/1229 1885/2230/1229 1883/2228/1229
f 1883/2228/1229 1885/2230/1229 1886/2231/1229 1887/2232/1229
f 1879/2224/1229 1883/2228/1229 1887/2232/1229 1880/2225/1229
f 1884/2229/1229 1888/2233/1229 1889/2234/1229 1885/2230/1229
f 1888/2233/1229 1867/2212/1229 1870/2215/1229 1889/2234/1229
f 1889/2234/1229 1870/2215/1229 1875/2220/1229 1890/2235/1229
f 1885/2230/1229 1889/2234/1229 1890/2235/1229 1886/2231/1229
f 1467/1812/1229 1466/1811/1229 1891/2236/1229 1892/2237/1229
f 1466/1811/1229 1465/1810/1229 1893/2238/1229 1891/2236/1229
f 1891/2236/1268 1893/2238/1268 1441/1786/1268 1442/1787/1268
f 1892/2237/1269 1891/2236/1269 1442/1787/1269 1443/1788/1269
f 1465/1810/1229 1473/1818/1229 1894/2239/1229 1893/2238/1229
f 1473/1818/1229 1472/1817/1229 1895/2240/1229 1894/2239/1229
f 1894/2239/1268 1895/2240/1268 1448/1793/1268 1449/1794/1268
f 1893/2238/1269 1894/2239/1269 1449/1794/1269 1441/1786/1269
f 1472/1817/1229 1479/1824/1229 1896/2241/1229 1895/2240/1229
f 1479/1824/1229 1478/1823/1229 1897/2242/1229 1896/2241/1229
f 1896/2241/1268 1897/2242/1268 1454/1799/1268 1455/1800/1268
f 1895/2240/1269 1896/2241/1269 1455/1800/1269 1448/1793/1269
f 1478/1823/1229 1482/1827/1229 1898/2243/1229 1897/2242/1229
f 1482/1827/1229 1467/1812/1229 1892/2237/1229 1898/2243/1229
f 1898/2243/1268 1892/2237/1268 1443/1788/1268 1458/1803/1268
f 1897/2242/1269 1898/2243/1269 1458/1803/1269 1454/1799/1269
f 1491/1836/1229 1490/1835/1229 1899/2244/1229 1900/2245/1229
f 1490/1835/1229 1489/1834/1229 1901/2246/1229 1899/2244/1229
f 1899/2244/1270 1901/2246/1270 1463/1808/1270 1460/1805/1270
f 1900/2245/1271 1899/2244/1271 1460/1805/1271 1459/1804/1271
f 1489/1834/1229 1497/1842/1229 1902/2247/1229 1901/2246/1229
f 1497/1842/1229 1496/1841/1229 1903/2248/1229 1902/2247/1229
f 1902/2247/1270 1903/2248/1270 1470/1815/1270 1468/1813/1270
f 1901/2246/1271 1902/2247/1271 1468/1813/1271 1463/1808/1271
f 1496/1841/1229 1503/1848/1229 1904/2249/1229 1903/2248/1229
f 1503/1848/1229 1502/1847/1229 1905/2250/1229 1904/2249/1229
f 1904/2249/1270 1905/2250/1270 1476/1821/1270 1474/1819/1270
f 1903/2248/1271 1904/2249/1271 1474/1819/1271 1470/1815/1271
f 1502/1847/1229 1506/1851/1229 1906/2251/1229 1905/2250/1229
f 1506/1851/1229 1491/1836/1229 1900/2245/1229 1906/2251/1229
f 1906/2251/1270 1900/2245/1270 1459/1804/1270 1480/1825/1270
f 1905/2250/1271 1906/2251/1271 1480/1825/1271 1476/1821/1271
f 1515/1860/1229 1514/1859/1229 1907/2252/1229 1908/2253/1229
f 1514/1859/1229 1513/1858/1229 1909/2254/1229 1907/2252/1229
f 1907/2252/1229 1909/2254/1229 1487/1832/1229 1484/1829/1229
f 1908/2253/1229 1907/2252/1229 1484/1829/1229 1483/1828/1229
f 1513/1858/1229 1521/1866/1229 1910/2255/1229 1909/2254/1229
f 1521/1866/1229 1520/1865/1229 1911/2256/1229 1910/2255/1229
f 1910/2255/1229 1911/2256/1229 1494/1839/1229 1492/1837/1229
f 1909/2254/1229 1910/2255/1229 1492/1837/1229 1487/1832/1229
f 1520/1865/1229 1527/1872/1229 1912/2257/1229 1911/2256/1229
f 1527/1872/1229 1526/1871/1229 1913/2258/1229 1912/2257/1229
f 1912/2257/1229 1913/2258/1229 1500/1845/1229 1498/1843/1229
f 1911/2256/1229 1912/2257/1229 1498/1843/1229 1494/1839/1229
f 1526/1871/1229 1530/1875/1229 1914/2259/1229 1913/2258/1229
f 1530/1875/1229 1515/1860/1229 1908/2253/1229 1914/2259/1229
f 1914/2259/1229 1908/2253/1229 1483/1828/1229 1504/1849/1229
f 1913/2258/1229 1914/2259/1229 1504/1849/1229 1500/1845/1229
f 1539/1884/1234 1538/1883/1234 1915/2260/1234 1916/2261/1234
f 1538/1883/1229 1537/1882/1229 1917/2262/1229 1915/2260/1229
f 1915/2260/1229 1917/2262/1229 1511/1856/1229 1508/1853/1229
f 1916/2261/1229 1915/2260/1229 1508/1853/1229 1507/1852/1229
f 1537/1882/1234 1545/1890/1234 1918/2263/1234 1917/2262/1234
f 1545/1890/1229 1544/1889/1229 1919/2264/1229 1918/2263/1229
f 1918/2263/1229 1919/2264/1229 1518/1863/1229 1516/1861/1229
f 1917/2262/1229 1918/2263/1229 1516/1861/1229 1511/1856/1229
f 1544/1889/1234 1551/1896/1234 1920/2265/1234 1919/2264/1234
f 1551/1896/1229 1550/1895/1229 1921/2266/1229 1920/2265/1229
f 1920/2265/1229 1921/2266/1229 1524/1869/1229 1522/1867/1229
f 1919/2264/1229 1920/2265/1229 1522/1867/1229 1518/1863/1229
f 1550/1895/1234 1554/1899/1234 1922/2267/1234 1921/2266/1234
f 1554/1899/1229 1539/1884/1229 1916/2261/1229 1922/2267/1229
f 1922/2267/1229 1916/2261/1229 1507/1852/1229 1528/1873/1229
f 1921/2266/1229 1922/2267/1229 1528/1873/1229 1524/1869/1229
f 1362/1707/1229 1361/1706/1229 1923/2268/1229 1924/2269/1229
f 1361/1706/1234 1360/1705/1234 1925/2270/1234 1923/2268/1234
f 1923/2268/1229 1925/2270/1229 1535/1880/1229 1532/1877/1229
f 1924/2269/1229 1923/2268/1229 1532/1877/1229 1531/1876/1229
f 1360/1705/1229 1368/1713/1229 1926/2271/1229 1925/2270/1229
f 1368/1713/1234 1367/1712/1234 1927/2272/1234 1926/2271/1234
f 1926/2271/1229 1927/2272/1229 1542/1887/1229 1540/1885/1229
f 1925/2270/1229 1926/2271/1229 1540/1885/1229 1535/1880/1229
f 1367/1712/1229 1374/1719/1229 1928/2273/1229 1927/2272/1229
f 1374/1719/1234 1373/1718/1234 1929/2274/1234 1928/2273/1234
f 1928/2273/1229 1929/2274/1229 1548/1893/1229 1546/1891/1229
f 1927/2272/1229 1928/2273/1229 1546/1891/1229 1542/1887/1229
f 1373/1718/1229 1377/1722/1229 1930/2275/1229 1929/2274/1229
f 1377/1722/1234 1362/1707/1234 1924/2269/1234 1930/2275/1234
f 1930/2275/1229 1924/2269/1229 1531/1876/1229 1552/1897/1229
f 1929/2274/1229 1930/2275/1229 1552/1897/1229 1548/1893/1229
f 1563/1908/1272 1562/1907/1272 1931/2276/1272 1932/2277/1272
f 1562/1907/1273 1561/1906/1273 1933/2278/1273 1931/2276/1273
f 1931/2276/1239 1933/2278/1239 1358/1703/1239 1355/1700/1239
f 1932/2277/1240 1931/2276/1240 1355/1700/1240 1354/1699/1240
f 1561/1906/1272 1569/1914/1272 1934/2279/1272 1933/2278/1272
f 1569/1914/1273 1568/1913/1273 1935/2280/1273 1934/2279/1273
f 1934/2279/1239 1935/2280/1239 1365/1710/1239 1363/1708/1239
f 1933/2278/1240 1934/2279/1240 1363/1708/1240 1358/1703/1240
f 1568/1913/1272 1575/1920/1272 1936/2281/1272 1935/2280/1272
f 1575/1920/1273 1574/1919/1273 1937/2282/1273 1936/2281/1273
f 1936/2281/1239 1937/2282/1239 1371/1716/1239 1369/1714/1239
f 1935/2280/1240 1936/2281/1240 1369/1714/1240 1365/1710/1240
f 1574/1919/1272 1578/1923/1272 1938/2283/1272 1937/2282/1272
f 1578/1923/1273 1563/1908/1273 1932/2277/1273 1938/2283/1273
f 1938/2283/1239 1932/2277/1239 1354/1699/1239 1375/1720/1239
f 1937/2282/1240 1938/2283/1240 1375/1720/1240 1371/1716/1240
f 1587/1932/1239 1586/1931/1239 1939/2284/1239 1940/2285/1239
f 1586/1931/1240 1585/1930/1240 1941/2286/1240 1939/2284/1240
f 1939/2284/1274 1941/2286/1274 1559/1904/1274 1556/1901/1274
f 1940/2285/1275 1939/2284/1275 1556/1901/1275 1555/1900/1275
f 1585/1930/1239 1593/1938/1239 1942/2287/1239 1941/2286/1239
f 1593/1938/1240 1592/1937/1240 1943/2288/1240 1942/2287/1240
f 1942/2287/1274 1943/2288/1274 1566/1911/1274 1564/1909/1274
f 1941/2286/1275 1942/2287/1275 1564/1909/1275 1559/1904/1275
f 1592/1937/1239 1599/1944/1239 1944/2289/1239 1943/2288/1239
f 1599/1944/1240 1598/1943/1240 1945/2290/1240 1944/2289/1240
f 1944/2289/1274 1945/2290/1274 1572/1917/1274 1570/1915/1274
f 1943/2288/1275 1944/2289/1275 1570/1915/1275 1566/1911/1275
f 1598/1943/1239 1602/1947/1239 1946/2291/1239 1945/2290/1239
f 1602/1947/1240 1587/1932/1240 1940/2285/1240 1946/2291/1240
f 1946/2291/1274 1940/2285/1274 1555/1900/1274 1576/1921/1274
f 1945/2290/1275 1946/2291/1275 1576/1921/1275 1572/1917/1275
f 1611/1956/1276 1610/1955/1276 1947/2292/1276 1948/2293/1276
f 1610/1955/1277 1609/1954/1277 1949/2294/1277 1947/2292/1277
f 1947/2292/1278 1949/2294/1278 1583/1928/1278 1580/1925/1278
f 1948/2293/1279 1947/2292/1279 1580/1925/1279 1579/1924/1279
f 1609/1954/1276 1617/1962/1276 1950/2295/1276 1949/2294/1276
f 1617/1962/1277 1616/1961/1277 1951/2296/1277 1950/2295/1277
f 1950/2295/1278 1951/2296/1278 1590/1935/1278 1588/1933/1278
f 1949/2294/1279 1950/2295/1279 1588/1933/1279 1583/1928/1279
f 1616/1961/1276 1623/1968/1276 1952/2297/1276 1951/2296/1276
f 1623/1968/1277 1622/1967/1277 1953/2298/1277 1952/2297/1277
f 1952/2297/1278 1953/2298/1278 1596/1941/1278 1594/1939/1278
f 1951/2296/1279 1952/2297/1279 1594/1939/1279 1590/1935/1279
f 1622/1967/1276 1626/1971/1276 1954/2299/1276 1953/2298/1276
f 1626/1971/1277 1611/1956/1277 1948/2293/1277 1954/2299/1277
f 1954/2299/1278 1948/2293/1278 1579/1924/1278 1600/1945/1278
f 1953/2298/1279 1954/2299/1279 1600/1945/1279 1596/1941/1279
f 1386/1731/1280 1385/1730/1280 1955/2300/1280 1956/2301/1280
f 1385/1730/1281 1384/1729/1281 1957/2302/1281 1955/2300/1281
f 1955/2300/1229 1957/2302/1229 1607/1952/1229 1604/1949/1229
f 1956/2301/1234 1955/2300/1234 1604/1949/1234 1603/1948/1234
f 1384/1729/1280 1392/1737/1280 1958/2303/1280 1957/2302/1280
f 1392/1737/1281 1391/1736/1281 1959/2304/1281 1958/2303/1281
f 1958/2303/1229 1959/2304/1229 1614/1959/1229 1612/1957/1229
f 1957/2302/1234 1958/2303/1234 1612/1957/1234 1607/1952/1234
f 1391/1736/1280 1398/1743/1280 1960/2305/1280 1959/2304/1280
f 1398/1743/1281 1397/1742/1281 1961/2306/1281 1960/2305/1281
f 1960/2305/1229 1961/2306/1229 1620/1965/1229 1618/1963/1229
f 1959/2304/1234 1960/2305/1234 1618/1963/1234 1614/1959/1234
f 1397/1742/1280 1401/1746/1280 1962/2307/1280 1961/2306/1280
f 1401/1746/1281 1386/1731/1281 1956/2301/1281 1962/2307/1281
f 1962/2307/1229 1956/2301/1229 1603/1948/1229 1624/1969/1229
f 1961/2306/1234 1962/2307/1234 1624/1969/1234 1620/1965/1234
f 1635/1980/1282 1634/1979/1282 1963/2308/1282 1964/2309/1282
f 1634/1979/1283 1633/1978/1283 1965/2310/1283 1963/2308/1283
f 1963/2308/1284 1965/2310/1284 1382/1727/1284 1379/1724/1284
f 1964/2309/1285 1963/2308/1285 1379/1724/1285 1378/1723/1285
f 1633/1978/1282 1641/1986/1282 1966/2311/1282 1965/2310/1282
f 1641/1986/1283 1640/1985/1283 1967/2312/1283 1966/2311/1283
f 1966/2311/1284 1967/2312/1284 1389/1734/1284 1387/1732/1284
f 1965/2310/1285 1966/2311/1285 1387/1732/1285 1382/1727/1285
f 1640/1985/1282 1647/1992/1282 1968/2313/1282 1967/2312/1282
f 1647/1992/1283 1646/1991/1283 1969/2314/1283 1968/2313/1283
f 1968/2313/1284 1969/2314/1284 1395/1740/1284 1393/1738/1284
f 1967/2312/1285 1968/2313/1285 1393/1738/1285 1389/1734/1285
f 1646/1991/1282 1650/1995/1282 1970/2315/1282 1969/2314/1282
f 1650/1995/1283 1635/1980/1283 1964/2309/1283 1970/2315/1283
f 1970/2315/1284 1964/2309/1284 1378/1723/1284 1399/1744/1284
f 1969/2314/1285 1970/2315/1285 1399/1744/1285 1395/1740/1285
f 1659/2004/1229 1658/2003/1229 1971/2316/1229 1972/2317/1229
f 1658/2003/1229 1657/2002/1229 1973/2318/1229 1971/2316/1229
f 1971/2316/1286 1973/2318/1286 1631/1976/1286 1628/1973/1286
f 1972/2317/1287 1971/2316/1287 1628/1973/1287 1627/1972/1287
f 1657/2002/1229 1665/2010/1229 1974/2319/1229 1973/2318/1229
f 1665/2010/1229 1664/2009/1229 1975/2320/1229 1974/2319/1229
f 1974/2319/1286 1975/2320/1286 1638/1983/1286 1636/1981/1286
f 1973/2318/1287 1974/2319/1287 1636/1981/1287 1631/1976/1287
f 1664/2009/1229 1671/2016/1229 1976/2321/1229 1975/2320/1229
f 1671/2016/1229 1670/2015/1229 1977/2322/1229 1976/2321/1229
f 1976/2321/1286 1977/2322/1286 1644/1989/1286 1642/1987/1286
f 1975/2320/1287 1976/2321/1287 1642/1987/1287 1638/1983/1287
f 1670/2015/1229 1674/2019/1229 1978/2323/1229 1977/2322/1229
f 1674/2019/1229 1659/2004/1229 1972/2317/1229 1978/2323/1229
f 1978/2323/1286 1972/2317/1286 1627/1972/1286 1648/1993/1286
f 1977/2322/1287 1978/2323/1287 1648/1993/1287 1644/1989/1287
f 1683/2028/1239 1682/2027/1239 1979/2324/1239 1980/2325/1239
f 1682/2027/1240 1681/2026/1240 1981/2326/1240 1979/2324/1240
f 1979/2324/1288 1981/2326/1288 1655/2000/1288 1652/1997/1288
f 1980/2325/1289 1979/2324/1289 1652/1997/1289 1651/1996/1289
f 1681/2026/1239 1689/2034/1239 1982/2327/1239 1981/2326/1239
f 1689/2034/1240 1688/2033/1240 1983/2328/1240 1982/2327/1240
f 1982/2327/1288 1983/2328/1288 1662/2007/1288 1660/2005/1288
f 1981/2326/1289 1982/2327/1289 1660/2005/1289 1655/2000/1289
f 1688/2033/1239 1695/2040/1239 1984/2329/1239 1983/2328/1239
f 1695/2040/1240 1694/2039/1240 1985/2330/1240 1984/2329/1240
f 1984/2329/1288 1985/2330/1288 1668/2013/1288 1666/2011/1288
f 1983/2328/1289 1984/2329/1289 1666/2011/1289 1662/2007/1289
f 1694/2039/1239 1698/2043/1239 1986/2331/1239 1985/2330/1239
f 1698/2043/1240 1683/2028/1240 1980/2325/1240 1986/2331/1240
f 1986/2331/1288 1980/2325/1288 1651/1996/1288 1672/2017/1288
f 1985/2330/1289 1986/2331/1289 1672/2017/1289 1668/2013/1289
f 1410/1755/1290 1409/1754/1290 1987/2332/1290 1988/2333/1290
f 1409/1754/1291 1408/1753/1291 1989/2334/1291 1987/2332/1291
f 1987/2332/1292 1989/2334/1292 1679/2024/1292 1676/2021/1292
f 1988/2333/1293 1987/2332/1293 1676/2021/1293 1675/2020/1293
f 1408/1753/1290 1416/1761/1290 1990/2335/1290 1989/2334/1290
f 1416/1761/1291 1415/1760/1291 1991/2336/1291 1990/2335/1291
f 1990/2335/1292 1991/2336/1292 1686/2031/1292 1684/2029/1292
f 1989/2334/1293 1990/2335/1293 1684/2029/1293 1679/2024/1293
f 1415/1760/1290 1422/1767/1290 1992/2337/1290 1991/2336/1290
f 1422/1767/1291 1421/1766/1291 1993/2338/1291 1992/2337/1291
f 1992/2337/1292 1993/2338/1292 1692/2037/1292 1690/2035/1292
f 1991/2336/1293 1992/2337/1293 1690/2035/1293 1686/2031/1293
f 1421/1766/1290 1425/1770/1290 1994/2339/1290 1993/2338/1290
f 1425/1770/1291 1410/1755/1291 1988/2333/1291 1994/2339/1291
f 1994/2339/1292 1988/2333/1292 1675/2020/1292 1696/2041/1292
f 1993/2338/1293 1994/2339/1293 1696/2041/1293 1692/2037/1293
f 1707/2052/1294 1706/2051/1294 1995/2340/1294 1996/2341/1294
f 1706/2051/1295 1705/2050/1295 1997/2342/1295 1995/2340/1295
f 1995/2340/1239 1997/2342/1239 1406/1751/1239 1403/1748/1239
f 1996/2341/1240 1995/2340/1240 1403/1748/1240 1402/1747/1240
f 1705/2050/1294 1713/2058/1294 1998/2343/1294 1997/2342/1294
f 1713/2058/1295 1712/2057/1295 1999/2344/1295 1998/2343/1295
f 1998/2343/1239 1999/2344/1239 1413/1758/1239 1411/1756/1239
f 1997/2342/1240 1998/2343/1240 1411/1756/1240 1406/1751/1240
f 1712/2057/1294 1719/2064/1294 2000/2345/1294 1999/2344/1294
f 1719/2064/1295 1718/2063/1295 2001/2346/1295 2000/2345/1295
f 2000/2345/1239 2001/2346/1239 1419/1764/1239 1417/1762/1239
f 1999/2344/1240 2000/2345/1240 1417/1762/1240 1413/1758/1240
f 1718/2063/1294 1722/2067/1294 2002/2347/1294 2001/2346/1294
f 1722/2067/1295 1707/2052/1295 1996/2341/1295 2002/2347/1295
f 2002/2347/1239 1996/2341/1239 1402/1747/1239 1423/1768/1239
f 2001/2346/1240 2002/2347/1240 1423/1768/1240 1419/1764/1240
f 1731/2076/1296 1730/2075/1296 2003/2348/1296 2004/2349/1296
f 1730/2075/1297 1729/2074/1297 2005/2350/1297 2003/2348/1297
f 2003/2348/1298 2005/2350/1298 1703/2048/1298 1700/2045/1298
f 2004/2349/1299 2003/2348/1299 1700/2045/1299 1699/2044/1299
f 1729/2074/1296 1737/2082/1296 2006/2351/1296 2005/2350/1296
f 1737/2082/1297 1736/2081/1297 2007/2352/1297 2006/2351/1297
f 2006/2351/1298 2007/2352/1298 1710/2055/1298 1708/2053/1298
f 2005/2350/1299 2006/2351/1299 1708/2053/1299 1703/2048/1299
f 1736/2081/1296 1743/2088/1296 2008/2353/1296 2007/2352/1296
f 1743/2088/1297 1742/2087/1297 2009/2354/1297 2008/2353/1297
f 2008/2353/1298 2009/2354/1298 1716/2061/1298 1714/2059/1298
f 2007/2352/1299 2008/2353/1299 1714/2059/1299 1710/2055/1299
f 1742/2087/1296 1746/2091/1296 2010/2355/1296 2009/2354/1296
f 1746/2091/1297 1731/2076/1297 2004/2349/1297 2010/2355/1297
f 2010/2355/1298 2004/2349/1298 1699/2044/1298 1720/2065/1298
f 2009/2354/1299 2010/2355/1299 1720/2065/1299 1716/2061/1299
f 1755/2100/1229 1754/2099/1229 2011/2356/1229 2012/2357/1229
f 1754/2099/1229 1753/2098/1229 2013/2358/1229 2011/2356/1229
f 2011/2356/1300 2013/2358/1300 1727/2072/1300 1724/2069/1300
f 2012/2357/1301 2011/2356/1301 1724/2069/1301 1723/2068/1301
f 1753/2098/1229 1761/2106/1229 2014/2359/1229 2013/2358/1229
f 1761/2106/1229 1760/2105/1229 2015/2360/1229 2014/2359/1229
f 2014/2359/1300 2015/2360/1300 1734/2079/1300 1732/2077/1300
f 2013/2358/1301 2014/2359/1301 1732/2077/1301 1727/2072/1301
f 1760/2105/1229 1767/2112/1229 2016/2361/1229 2015/2360/1229
f 1767/2112/1229 1766/2111/1229 2017/2362/1229 2016/2361/1229
f 2016/2361/1300 2017/2362/1300 1740/2085/1300 1738/2083/1300
f 2015/2360/1301 2016/2361/1301 1738/2083/1301 1734/2079/1301
f 1766/2111/1229 1770/2115/1229 2018/2363/1229 2017/2362/1229
f 1770/2115/1229 1755/2100/1229 2012/2357/1229 2018/2363/1229
f 2018/2363/1300 2012/2357/1300 1723/2068/1300 1744/2089/1300
f 2017/2362/1301 2018/2363/1301 1744/2089/1301 1740/2085/1301
f 1779/2124/1229 1778/2123/1229 2019/2364/1229 2020/2365/1229
f 1778/2123/1229 1777/2122/1229 2021/2366/1229 2019/2364/1229
f 2019/2364/1239 2021/2366/1239 1751/2096/1239 1748/2093/1239
f 2020/2365/1240 2019/2364/1240 1748/2093/1240 1747/2092/1240
f 1777/2122/1229 1785/2130/1229 2022/2367/1229 2021/2366/1229
f 1785/2130/1229 1784/2129/1229 2023/2368/1229 2022/2367/1229
f 2022/2367/1239 2023/2368/1239 1758/2103/1239 1756/2101/1239
f 2021/2366/1240 2022/2367/1240 1756/2101/1240 1751/2096/1240
f 1784/2129/1229 1791/2136/1229 2024/2369/1229 2023/2368/1229
f 1791/2136/1229 1790/2135/1229 2025/2370/1229 2024/2369/1229
f 2024/2369/1239 2025/2370/1239 1764/2109/1239 1762/2107/1239
f 2023/2368/1240 2024/2369/1240 1762/2107/1240 1758/2103/1240
f 1790/2135/1229 1794/2139/1229 2026/2371/1229 2025/2370/1229
f 1794/2139/1229 1779/2124/1229 2020/2365/1229 2026/2371/1229
f 2026/2371/1239 2020/2365/1239 1747/2092/1239 1768/2113/1239
f 2025/2370/1240 2026/2371/1240 1768/2113/1240 1764/2109/1240
f 1803/2148/1302 1802/2147/1302 2027/2372/1302 2028/2373/1302
f 1802/2147/1303 1801/2146/1303 2029/2374/1303 2027/2372/1303
f 2027/2372/1304 2029/2374/1304 1775/2120/1304 1772/2117/1304
f 2028/2373/1305 2027/2372/1305 1772/2117/1305 1771/2116/1305
f 1801/2146/1302 1809/2154/1302 2030/2375/1302 2029/2374/1302
f 1809/2154/1303 1808/2153/1303 2031/2376/1303 2030/2375/1303
f 2030/2375/1304 2031/2376/1304 1782/2127/1304 1780/2125/1304
f 2029/2374/1305 2030/2375/1305 1780/2125/1305 1775/2120/1305
f 1808/2153/1302 1815/2160/1302 2032/2377/1302 2031/2376/1302
f 1815/2160/1303 1814/2159/1303 2033/2378/1303 2032/2377/1303
f 2032/2377/1304 2033/2378/1304 1788/2133/1304 1786/2131/1304
f 2031/2376/1305 2032/2377/1305 1786/2131/1305 1782/2127/1305
f 1814/2159/1302 1818/2163/1302 2034/2379/1302 2033/2378/1302
f 1818/2163/1303 1803/2148/1303 2028/2373/1303 2034/2379/1303
f 2034/2379/1304 2028/2373/1304 1771/2116/1304 1792/2137/1304
f 2033/2378/1305 2034/2379/1305 1792/2137/1305 1788/2133/1305
f 1827/2172/1306 1826/2171/1306 2035/2380/1306 2036/2381/1306
f 1826/2171/1307 1825/2170/1307 2037/2382/1307 2035/2380/1307
f 2035/2380/1240 2037/2382/1240 1799/2144/1240 1796/2141/1240
f 2036/2381/1239 2035/2380/1239 1796/2141/1239 1795/2140/1239
f 1825/2170/1306 1833/2178/1306 2038/2383/1306 2037/2382/1306
f 1833/2178/1307 1832/2177/1307 2039/2384/1307 2038/2383/1307
f 2038/2383/1240 2039/2384/1240 1806/2151/1240 1804/2149/1240
f 2037/2382/1239 2038/2383/1239 1804/2149/1239 1799/2144/1239
f 1832/2177/1306 1839/2184/1306 2040/2385/1306 2039/2384/1306
f 1839/2184/1307 1838/2183/1307 2041/2386/1307 2040/2385/1307
f 2040/2385/1240 2041/2386/1240 1812/2157/1240 1810/2155/1240
f 2039/2384/1239 2040/2385/1239 1810/2155/1239 1806/2151/1239
f 1838/2183/1306 1842/2187/1306 2042/2387/1306 2041/2386/1306
f 1842/2187/1307 1827/2172/1307 2036/2381/1307 2042/2387/1307
f 2042/2387/1240 2036/2381/1240 1795/2140/1240 1816/2161/1240
f 2041/2386/1239 2042/2387/1239 1816/2161/1239 1812/2157/1239
f 1434/1779/1308 1433/1778/1308 2043/2388/1308 2044/2389/1308
f 1433/1778/1309 1432/1777/1309 2045/2390/1309 2043/2388/1309
f 2043/2388/1310 2045/2390/1310 1823/2168/1310 1820/2165/1310
f 2044/2389/1311 2043/2388/1311 1820/2165/1311 1819/2164/1311
f 1432/1777/1308 1431/1776/1308 2046/2391/1308 2045/2390/1308
f 1431/1776/1309 1430/1775/1309 2047/2392/1309 2046/2391/1309
f 2046/2391/1310 2047/2392/1310 1830/2175/1310 1828/2173/1310
f 2045/2390/1311 2046/2391/1311 1828/2173/1311 1823/2168/1311
f 1430/1775/1308 1427/1772/1308 2048/2393/1308 2047/2392/1308
f 1427/1772/1309 1426/1771/1309 2049/2394/1309 2048/2393/1309
f 2048/2393/1310 2049/2394/1310 1836/2181/1310 1834/2179/1310
f 2047/2392/1311 2048/2393/1311 1834/2179/1311 1830/2175/1311
f 1426/1771/1308 1429/1774/1308 2050/2395/1308 2049/2394/1308
f 1429/1774/1309 1434/1779/1309 2044/2389/1309 2050/2395/1309
f 2050/2395/1310 2044/2389/1310 1819/2164/1310 1840/2185/1310
f 2049/2394/1311 2050/2395/1311 1840/2185/1311 1836/2181/1311
f 1851/2196/1229 1850/2195/1229 2051/2396/1229 2052/2397/1229
f 1850/2195/1229 1849/2194/1229 2053/2398/1229 2051/2396/1229
f 2051/2396/1229 2053/2398/1229 1351/1696/1229 1352/1697/1229
f 2052/2397/1229 2051/2396/1229 1352/1697/1229 1353/1698/1229
f 1849/2194/1229 1857/2202/1229 2054/2399/1229 2053/2398/1229
f 1857/2202/1229 1856/2201/1229 2055/2400/1229 2054/2399/1229
f 2054/2399/1229 2055/2400/1229 1349/1694/1229 1350/1695/1229
f 2053/2398/1229 2054/2399/1229 1350/1695/1229 1351/1696/1229
f 1856/2201/1229 1863/2208/1229 2056/2401/1229 2055/2400/1229
f 1863/2208/1229 1862/2207/1229 2057/2402/1229 2056/2401/1229
f 2056/2401/1229 2057/2402/1229 1345/1690/1229 1346/1691/1229
f 2055/2400/1229 2056/2401/1229 1346/1691/1229 1349/1694/1229
f 1862/2207/1229 1866/2211/1229 2058/2403/1229 2057/2402/1229
f 1866/2211/1229 1851/2196/1229 2052/2397/1229 2058/2403/1229
f 2058/2403/1229 2052/2397/1229 1353/1698/1229 1348/1693/1229
f 2057/2402/1229 2058/2403/1229 1348/1693/1229 1345/1690/1229
f 1875/2220/1229 1874/2219/1229 2059/2404/1229 2060/2405/1229
f 1874/2219/1229 1873/2218/1229 2061/2406/1229 2059/2404/1229
f 2059/2404/1229 2061/2406/1229 1847/2192/1229 1844/2189/1229
f 2060/2405/1229 2059/2404/1229 1844/2189/1229 1843/2188/1229
f 1873/2218/1229 1881/2226/1229 2062/2407/1229 2061/2406/1229
f 1881/2226/1229 1880/2225/1229 2063/2408/1229 2062/2407/1229
f 2062/2407/1229 2063/2408/1229 1854/2199/1229 1852/2197/1229
f 2061/2406/1229 2062/2407/1229 1852/2197/1229 1847/2192/1229
f 1880/2225/1229 1887/2232/1229 2064/2409/1229 2063/2408/1229
f 1887/2232/1229 1886/2231/1229 2065/2410/1229 2064/2409/1229
f 2064/2409/1229 2065/2410/1229 1860/2205/1229 1858/2203/1229
f 2063/2408/1229 2064/2409/1229 1858/2203/1229 1854/2199/1229
f 1886/2231/1229 1890/2235/1229 2066/2411/1229 2065/2410/1229
f 1890/2235/1229 1875/2220/1229 2060/2405/1229 2066/2411/1229
f 2066/2411/1229 2060/2405/1229 1843/2188/1229 1864/2209/1229
f 2065/2410/1229 2066/2411/1229 1864/2209/1229 1860/2205/1229
f 1435/1780/1234 1436/1781/1234 2067/2412/1234 2068/2413/1234
f 1436/1781/1229 1439/1784/1229 2069/2414/1229 2067/2412/1229
f 2067/2412/1229 2069/2414/1229 1871/2216/1229 1868/2213/1229
f 2068/2413/1229 2067/2412/1229 1868/2213/1229 1867/2212/1229
f 1439/1784/1234 1444/1789/1234 2070/2415/1234 2069/2414/1234
f 1444/1789/1229 1446/1791/1229 2071/2416/1229 2070/2415/1229
f 2070/2415/1229 2071/2416/1229 1878/2223/1229 1876/2221/1229
f 2069/2414/1229 2070/2415/1229 1876/2221/1229 1871/2216/1229
f 1446/1791/1234 1450/1795/1234 2072/2417/1234 2071/2416/1234
f 1450/1795/1229 1452/1797/1229 2073/2418/1229 2072/2417/1229
f 2072/2417/1229 2073/2418/1229 1884/2229/1229 1882/2227/1229
f 2071/2416/1229 2072/2417/1229 1882/2227/1229 1878/2223/1229
f 1452/1797/1234 1456/1801/1234 2074/2419/1234 2073/2418/1234
f 1456/1801/1229 1435/1780/1229 2068/2413/1229 2074/2419/1229
f 2074/2419/1229 2068/2413/1229 1867/2212/1229 1888/2233/1229
f 2073/2418/1229 2074/2419/1229 1888/2233/1229 1884/2229/1229
f 2075/2420/1312 2076/2421/1312 2077/2422/1312 2078/2423/1312
f 2076/2421/1313 2079/2424/1313 2080/2425/1313 2077/2422/1313
f 2077/2422/1314 2080/2425/1314 2081/2426/1314 2082/2427/1314
f 2078/2423/1315 2077/2422/1315 2082/2427/1315 2083/2428/1315
f 2084/2429/1316 2085/2430/1316 2086/2431/1316 2087/2432/1316
f 2085/2430/1317 2088/2433/1317 2089/2434/1317 2086/2431/1317
f 2086/2431/1318 2089/2434/1318 2090/2435/1318 2091/2436/1318
f 2087/2432/1319 2086/2431/1319 2091/2436/1319 2092/2437/1319
f 2093/2438/1320 2094/2439/1320 2095/2440/1320 2096/2441/1320
f 2094/2439/1321 2097/2442/1321 2098/2443/1321 2095/2440/1321
f 2095/2440/1322 2098/2443/1322 2099/2444/1322 2100/2445/1322
f 2096/2441/1323 2095/2440/1323 2100/2445/1323 2101/2446/1323
f 2097/2442/1324 2102/2447/1324 2103/2448/1324 2098/2443/1324
f 2102/2447/1325 2104/2449/1325 2105/2450/1325 2103/2448/1325
f 2103/2448/1326 2105/2450/1326 2106/2451/1326 2107/2452/1326
f 2098/2443/1327 2103/2448/1327 2107/2452/1327 2099/2444/1327
f 2104/2449/1328 2108/2453/1328 2109/2454/1328 2105/2450/1328
f 2108/2453/1329 2110/2455/1329 2111/2456/1329 2109/2454/1329
f 2109/2454/1330 2111/2456/1330 2112/2457/1330 2113/2458/1330
f 2105/2450/1331 2109/2454/1331 2113/2458/1331 2106/2451/1331
f 2110/2455/1332 2114/2459/1332 2115/2460/1332 2111/2456/1332
f 2114/2459/1333 2093/2438/1333 2096/2441/1333 2115/2460/1333
f 2115/2460/1334 2096/2441/1334 2101/2446/1334 2116/2461/1334
f 2111/2456/1335 2115/2460/1335 2116/2461/1335 2112/2457/1335
f 2117/2462/1336 2118/2463/1336 2119/2464/1336 2120/2465/1336
f 2118/2463/1337 2121/2466/1337 2122/2467/1337 2119/2464/1337
f 2119/2464/1338 2122/2467/1338 2097/2442/1338 2094/2439/1338
f 2120/2465/1339 2119/2464/1339 2094/2439/1339 2093/2438/1339
f 2121/2466/1340 2123/2468/1340 2124/2469/1340 2122/2467/1340
f 2123/2468/1341 2125/2470/1341 2126/2471/1341 2124/2469/1341
f 2124/2469/1342 2126/2471/1342 2104/2449/1342 2102/2447/1342
f 2122/2467/1343 2124/2469/1343 2102/2447/1343 2097/2442/1343
f 2125/2470/1344 2127/2472/1344 2128/2473/1344 2126/2471/1344
f 2127/2472/1345 2129/2474/1345 2130/2475/1345 2128/2473/1345
f 2128/2473/1346 2130/2475/1346 2110/2455/1346 2108/2453/1346
f 2126/2471/1347 2128/2473/1347 2108/2453/1347 2104/2449/1347
f 2129/2474/1348 2131/2476/1348 2132/2477/1348 2130/2475/1348
f 2131/2476/1349 2117/2462/1349 2120/2465/1349 2132/2477/1349
f 2132/2477/1350 2120/2465/1350 2093/2438/1350 2114/2459/1350
f 2130/2475/1351 2132/2477/1351 2114/2459/1351 2110/2455/1351
f 2133/2478/1352 2134/2479/1352 2135/2480/1352 2136/2481/1352
f 2134/2479/1353 2137/2482/1353 2138/2483/1353 2135/2480/1353
f 2135/2480/1353 2138/2483/1353 2121/2466/1353 2118/2463/1353
f 2136/2481/1352 2135/2480/1352 2118/2463/1352 2117/2462/1352
f 2137/2482/1354 2139/2484/1354 2140/2485/1354 2138/2483/1354
f 2139/2484/1355 2141/2486/1355 2142/2487/1355 2140/2485/1355
f 2140/2485/1355 2142/2487/1355 2125/2470/1355 2123/2468/1355
f 2138/2483/1354 2140/2485/1354 2123/2468/1354 2121/2466/1354
f 2141/2486/1344 2143/2488/1344 2144/2489/1344 2142/2487/1344
f 2143/2488/1356 2145/2490/1356 2146/2491/1356 2144/2489/1356
f 2144/2489/1357 2146/2491/1357 2129/2474/1357 2127/2472/1357
f 2142/2487/1344 2144/2489/1344 2127/2472/1344 2125/2470/1344
f 2145/2490/1348 2147/2492/1348 2148/2493/1348 2146/2491/1348
f 2147/2492/1358 2133/2478/1358 2136/2481/1358 2148/2493/1358
f 2148/2493/1358 2136/2481/1358 2117/2462/1358 2131/2476/1358
f 2146/2491/1348 2148/2493/1348 2131/2476/1348 2129/2474/1348
f 2149/2494/1352 2150/2495/1352 2151/2496/1352 2152/2497/1352
f 2150/2495/1359 2153/2498/1359 2154/2499/1359 2151/2496/1359
f 2151/2496/1353 2154/2499/1353 2137/2482/1353 2134/2479/1353
f 2152/2497/1352 2151/2496/1352 2134/2479/1352 2133/2478/1352
f 2153/2498/1354 2155/2500/1354 2156/2501/1354 2154/2499/1354
f 2155/2500/1355 2157/2502/1355 2158/2503/1355 2156/2501/1355
f 2156/2501/1355 2158/2503/1355 2141/2486/1355 2139/2484/1355
f 2154/2499/1354 2156/2501/1354 2139/2484/1354 2137/2482/1354
f 2157/2502/1344 2159/2504/1344 2160/2505/1344 2158/2503/1344
f 2159/2504/1357 2161/2506/1357 2162/2507/1357 2160/2505/1357
f 2160/2505/1356 2162/2507/1356 2145/2490/1356 2143/2488/1356
f 2158/2503/1360 2160/2505/1360 2143/2488/1360 2141/2486/1360
f 2161/2506/1348 2163/2508/1348 2164/2509/1348 2162/2507/1348
f 2163/2508/1358 2149/2494/1358 2152/2497/1358 2164/2509/1358
f 2164/2509/1358 2152/2497/1358 2133/2478/1358 2147/2492/1358
f 2162/2507/1348 2164/2509/1348 2147/2492/1348 2145/2490/1348
f 2165/2510/1361 2166/2511/1361 2167/2512/1361 2168/2513/1361
f 2166/2511/1353 2169/2514/1353 2170/2515/1353 2167/2512/1353
f 2167/2512/1353 2170/2515/1353 2153/2498/1353 2150/2495/1353
f 2168/2513/1361 2167/2512/1361 2150/2495/1361 2149/2494/1361
f 2169/2514/1354 2171/2516/1354 2172/2517/1354 2170/2515/1354
f 2171/2516/1355 2173/2518/1355 2174/2519/1355 2172/2517/1355
f 2172/2517/1355 2174/2519/1355 2157/2502/1355 2155/2500/1355
f 2170/2515/1354 2172/2517/1354 2155/2500/1354 2153/2498/1354
f 2173/2518/1344 2175/2520/1344 2176/2521/1344 2174/2519/1344
f 2175/2520/1362 2177/2522/1362 2178/2523/1362 2176/2521/1362
f 2176/2521/1356 2178/2523/1356 2161/2506/1356 2159/2504/1356
f 2174/2519/1344 2176/2521/1344 2159/2504/1344 2157/2502/1344
f 2177/2522/1348 2179/2524/1348 2180/2525/1348 2178/2523/1348
f 2179/2524/1358 2165/2510/1358 2168/2513/1358 2180/2525/1358
f 2180/2525/1358 2168/2513/1358 2149/2494/1358 2163/2508/1358
f 2178/2523/1348 2180/2525/1348 2163/2508/1348 2161/2506/1348
f 2083/2428/1363 2082/2427/1363 2181/2526/1363 2182/2527/1363
f 2082/2427/1364 2081/2426/1364 2183/2528/1364 2181/2526/1364
f 2181/2526/1365 2183/2528/1365 2169/2514/1365 2166/2511/1365
f 2182/2527/1366 2181/2526/1366 2166/2511/1366 2165/2510/1366
f 2081/2426/1367 2080/2425/1367 2184/2529/1367 2183/2528/1367
f 2080/2425/1368 2079/2424/1368 2185/2530/1368 2184/2529/1368
f 2184/2529/1369 2185/2530/1369 2173/2518/1369 2171/2516/1369
f 2183/2528/1370 2184/2529/1370 2171/2516/1370 2169/2514/1370
f 2079/2424/1371 2076/2421/1371 2186/2531/1371 2185/2530/1371
f 2076/2421/1372 2075/2420/1372 2187/2532/1372 2186/2531/1372
f 2186/2531/1373 2187/2532/1373 2177/2522/1373 2175/2520/1373
f 2185/2530/1374 2186/2531/1374 2175/2520/1374 2173/2518/1374
f 2075/2420/1375 2078/2423/1375 2188/2533/1375 2187/2532/1375
f 2078/2423/1376 2083/2428/1376 2182/2527/1376 2188/2533/1376
f 2188/2533/1377 2182/2527/1377 2165/2510/1377 2179/2524/1377
f 2187/2532/1378 2188/2533/1378 2179/2524/1378 2177/2522/1378
f 2189/2534/1379 2190/2535/1379 2191/2536/1379 2192/2537/1379
f 2190/2535/1380 2193/2538/1380 2194/2539/1380 2191/2536/1380
f 2191/2536/1381 2194/2539/1381 2195/2540/1381 2196/2541/1381
f 2192/2537/1382 2191/2536/1382 2196/2541/1382 2197/2542/1382
f 2193/2538/1383 2198/2543/1383 2199/2544/1383 2194/2539/1383
f 2198/2543/1384 2200/2545/1384 2201/2546/1384 2199/2544/1384
f 2199/2544/1385 2201/2546/1385 2202/2547/1385 2203/2548/1385
f 2194/2539/1386 2199/2544/1386 2203/2548/1386 2195/2540/1386
f 2200/2545/1387 2204/2549/1387 2205/2550/1387 2201/2546/1387
f 2204/2549/1388 2206/2551/1388 2207/2552/1388 2205/2550/1388
f 2205/2550/1389 2207/2552/1389 2208/2553/1389 2209/2554/1389
f 2201/2546/1390 2205/2550/1390 2209/2554/1390 2202/2547/1390
f 2206/2551/1391 2210/2555/1391 2211/2556/1391 2207/2552/1391
f 2210/2555/1392 2189/2534/1392 2192/2537/1392 2211/2556/1392
f 2211/2556/1393 2192/2537/1393 2197/2542/1393 2212/2557/1393
f 2207/2552/1394 2211/2556/1394 2212/2557/1394 2208/2553/1394
f 2213/2558/1395 2214/2559/1395 2215/2560/1395 2216/2561/1395
f 2214/2559/1396 2217/2562/1396 2218/2563/1396 2215/2560/1396
f 2215/2560/1397 2218/2563/1397 2193/2538/1397 2190/2535/1397
f 2216/2561/1398 2215/2560/1398 2190/2535/1398 2189/2534/1398
f 2217/2562/1399 2219/2564/1399 2220/2565/1399 2218/2563/1399
f 2219/2564/1400 2221/2566/1400 2222/2567/1400 2220/2565/1400
f 2220/2565/1401 2222/2567/1401 2200/2545/1401 2198/2543/1401
f 2218/2563/1402 2220/2565/1402 2198/2543/1402 2193/2538/1402
f 2221/2566/1403 2223/2568/1403 2224/2569/1403 2222/2567/1403
f 2223/2568/1404 2225/2570/1404 2226/2571/1404 2224/2569/1404
f 2224/2569/1405 2226/2571/1405 2206/2551/1405 2204/2549/1405
f 2222/2567/1403 2224/2569/1403 2204/2549/1403 2200/2545/1403
f 2225/2570/1406 2227/2572/1406 2228/2573/1406 2226/2571/1406
f 2227/2572/1407 2213/2558/1407 2216/2561/1407 2228/2573/1407
f 2228/2573/1408 2216/2561/1408 2189/2534/1408 2210/2555/1408
f 2226/2571/1409 2228/2573/1409 2210/2555/1409 2206/2551/1409
f 2229/2574/1410 2230/2575/1410 2231/2576/1410 2232/2577/1410
f 2230/2575/1411 2233/2578/1411 2234/2579/1411 2231/2576/1411
f 2231/2576/1412 2234/2579/1412 2217/2562/1412 2214/2559/1412
f 2232/2577/1413 2231/2576/1413 2214/2559/1413 2213/2558/1413
f 2233/2578/1414 2235/2580/1414 2236/2581/1414 2234/2579/1414
f 2235/2580/1415 2237/2582/1415 2238/2583/1415 2236/2581/1415
f 2236/2581/1416 2238/2583/1416 2221/2566/1416 2219/2564/1416
f 2234/2579/1399 2236/2581/1399 2219/2564/1399 2217/2562/1399
f 2237/2582/1417 2239/2584/1417 2240/2585/1417 2238/2583/1417
f 2239/2584/1418 2241/2586/1418 2242/2587/1418 2240/2585/1418
f 2240/2585/1419 2242/2587/1419 2225/2570/1419 2223/2568/1419
f 2238/2583/1420 2240/2585/1420 2223/2568/1420 2221/2566/1420
f 2241/2586/1421 2243/2588/1421 2244/2589/1421 2242/2587/1421
f 2243/2588/1422 2229/2574/1422 2232/2577/1422 2244/2589/1422
f 2244/2589/1423 2232/2577/1423 2213/2558/1423 2227/2572/1423
f 2242/2587/1424 2244/2589/1424 2227/2572/1424 2225/2570/1424
f 2101/2446/1425 2100/2445/1425 2245/2590/1425 2246/2591/1425
f 2100/2445/1426 2099/2444/1426 2247/2592/1426 2245/2590/1426
f 2245/2590/1427 2247/2592/1427 2233/2578/1427 2230/2575/1427
f 2246/2591/1428 2245/2590/1428 2230/2575/1428 2229/2574/1428
f 2099/2444/1429 2107/2452/1429 2248/2593/1429 2247/2592/1429
f 2107/2452/1430 2106/2451/1430 2249/2594/1430 2248/2593/1430
f 2248/2593/1431 2249/2594/1431 2237/2582/1431 2235/2580/1431
f 2247/2592/1432 2248/2593/1432 2235/2580/1432 2233/2578/1432
f 2106/2451/1433 2113/2458/1433 2250/2595/1433 2249/2594/1433
f 2113/2458/1434 2112/2457/1434 2251/2596/1434 2250/2595/1434
f 2250/2595/1435 2251/2596/1435 2241/2586/1435 2239/2584/1435
f 2249/2594/1436 2250/2595/1436 2239/2584/1436 2237/2582/1436
f 2112/2457/1437 2116/2461/1437 2252/2597/1437 2251/2596/1437
f 2116/2461/1438 2101/2446/1438 2246/2591/1438 2252/2597/1438
f 2252/2597/1439 2246/2591/1439 2229/2574/1439 2243/2588/1439
f 2251/2596/1440 2252/2597/1440 2243/2588/1440 2241/2586/1440
f 2253/2598/1441 2254/2599/1441 2255/2600/1441 2256/2601/1441
f 2254/2599/1442 2257/2602/1442 2258/2603/1442 2255/2600/1442
f 2255/2600/1443 2258/2603/1443 2259/2604/1443 2260/2605/1443
f 2256/2601/1444 2255/2600/1444 2260/2605/1444 2261/2606/1444
f 2257/2602/1445 2262/2607/1445 2263/2608/1445 2258/2603/1445
f 2262/2607/1446 2264/2609/1446 2265/2610/1446 2263/2608/1446
f 2263/2608/1447 2265/2610/1447 2266/2611/1447 2267/2612/1447
f 2258/2603/1448 2263/2608/1448 2267/2612/1448 2259/2604/1448
f 2264/2609/1449 2268/2613/1449 2269/2614/1449 2265/2610/1449
f 2268/2613/1450 2270/2615/1450 2271/2616/1450 2269/2614/1450
f 2269/2614/1451 2271/2616/1451 2272/2617/1451 2273/2618/1451
f 2265/2610/1452 2269/2614/1452 2273/2618/1452 2266/2611/1452
f 2270/2615/1453 2274/2619/1453 2275/2620/1453 2271/2616/1453
f 2274/2619/1454 2253/2598/1454 2256/2601/1454 2275/2620/1454
f 2275/2620/1455 2256/2601/1455 2261/2606/1455 2276/2621/1455
f 2271/2616/1456 2275/2620/1456 2276/2621/1456 2272/2617/1456
f 2277/2622/1457 2278/2623/1457 2279/2624/1457 2280/2625/1457
f 2278/2623/1458 2281/2626/1458 2282/2627/1458 2279/2624/1458
f 2279/2624/1459 2282/2627/1459 2257/2602/1459 2254/2599/1459
f 2280/2625/1460 2279/2624/1460 2254/2599/1460 2253/2598/1460
f 2281/2626/1461 2283/2628/1461 2284/2629/1461 2282/2627/1461
f 2283/2628/1462 2285/2630/1462 2286/2631/1462 2284/2629/1462
f 2284/2629/1463 2286/2631/1463 2264/2609/1463 2262/2607/1463
f 2282/2627/1464 2284/2629/1464 2262/2607/1464 2257/2602/1464
f 2285/2630/1465 2287/2632/1465 2288/2633/1465 2286/2631/1465
f 2287/2632/1466 2289/2634/1466 2290/2635/1466 2288/2633/1466
f 2288/2633/1466 2290/2635/1466 2270/2615/1466 2268/2613/1466
f 2286/2631/1467 2288/2633/1467 2268/2613/1467 2264/2609/1467
f 2289/2634/1468 2291/2636/1468 2292/2637/1468 2290/2635/1468
f 2291/2636/1469 2277/2622/1469 2280/2625/1469 2292/2637/1469
f 2292/2637/1470 2280/2625/1470 2253/2598/1470 2274/2619/1470
f 2290/2635/1468 2292/2637/1468 2274/2619/1468 2270/2615/1468
f 2293/2638/1457 2294/2639/1457 2295/2640/1457 2296/2641/1457
f 2294/2639/1458 2297/2642/1458 2298/2643/1458 2295/2640/1458
f 2295/2640/1471 2298/2643/1471 2281/2626/1471 2278/2623/1471
f 2296/2641/1472 2295/2640/1472 2278/2623/1472 2277/2622/1472
f 2297/2642/1473 2299/2644/1473 2300/2645/1473 2298/2643/1473
f 2299/2644/1474 2301/2646/1474 2302/2647/1474 2300/2645/1474
f 2300/2645/1462 2302/2647/1462 2285/2630/1462 2283/2628/1462
f 2298/2643/1475 2300/2645/1475 2283/2628/1475 2281/2626/1475
f 2301/2646/1476 2303/2648/1476 2304/2649/1476 2302/2647/1476
f 2303/2648/1477 2305/2650/1477 2306/2651/1477 2304/2649/1477
f 2304/2649/1478 2306/2651/1478 2289/2634/1478 2287/2632/1478
f 2302/2647/1479 2304/2649/1479 2287/2632/1479 2285/2630/1479
f 2305/2650/1480 2307/2652/1480 2308/2653/1480 2306/2651/1480
f 2307/2652/1481 2293/2638/1481 2296/2641/1481 2308/2653/1481
f 2308/2653/1469 2296/2641/1469 2277/2622/1469 2291/2636/1469
f 2306/2651/1482 2308/2653/1482 2291/2636/1482 2289/2634/1482
f 2197/2542/1483 2196/2541/1483 2309/2654/1483 2310/2655/1483
f 2196/2541/1484 2195/2540/1484 2311/2656/1484 2309/2654/1484
f 2309/2654/1485 2311/2656/1485 2297/2642/1485 2294/2639/1485
f 2310/2655/1486 2309/2654/1486 2294/2639/1486 2293/2638/1486
f 2195/2540/1487 2203/2548/1487 2312/2657/1487 2311/2656/1487
f 2203/2548/1488 2202/2547/1488 2313/2658/1488 2312/2657/1488
f 2312/2657/1489 2313/2658/1489 2301/2646/1489 2299/2644/1489
f 2311/2656/1490 2312/2657/1490 2299/2644/1490 2297/2642/1490
f 2202/2547/1491 2209/2554/1491 2314/2659/1491 2313/2658/1491
f 2209/2554/1492 2208/2553/1492 2315/2660/1492 2314/2659/1492
f 2314/2659/1493 2315/2660/1493 2305/2650/1493 2303/2648/1493
f 2313/2658/1494 2314/2659/1494 2303/2648/1494 2301/2646/1494
f 2208/2553/1495 2212/2557/1495 2316/2661/1495 2315/2660/1495
f 2212/2557/1496 2197/2542/1496 2310/2655/1496 2316/2661/1496
f 2316/2661/1497 2310/2655/1497 2293/2638/1497 2307/2652/1497
f 2315/2660/1498 2316/2661/1498 2307/2652/1498 2305/2650/1498
f 2317/2662/1499 2318/2663/1499 2319/2664/1499 2320/2665/1499
f 2318/2663/1500 2321/2666/1500 2322/2667/1500 2319/2664/1500
f 2319/2664/1501 2322/2667/1501 2323/2668/1501 2324/2669/1501
f 2320/2665/1502 2319/2664/1502 2324/2669/1502 2325/2670/1502
f 2321/2666/1503 2326/2671/1503 2327/2672/1503 2322/2667/1503
f 2326/2671/1504 2328/2673/1504 2329/2674/1504 2327/2672/1504
f 2327/2672/1505 2329/2674/1505 2330/2675/1505 2331/2676/1505
f 2322/2667/1506 2327/2672/1506 2331/2676/1506 2323/2668/1506
f 2328/2673/1507 2332/2677/1507 2333/2678/1507 2329/2674/1507
f 2332/2677/1508 2334/2679/1508 2335/2680/1508 2333/2678/1508
f 2333/2678/1509 2335/2680/1509 2336/2681/1509 2337/2682/1509
f 2329/2674/1510 2333/2678/1510 2337/2682/1510 2330/2675/1510
f 2334/2679/1511 2338/2683/1511 2339/2684/1511 2335/2680/1511
f 2338/2683/1512 2317/2662/1512 2320/2665/1512 2339/2684/1512
f 2339/2684/1513 2320/2665/1513 2325/2670/1513 2340/2685/1513
f 2335/2680/1514 2339/2684/1514 2340/2685/1514 2336/2681/1514
f 2341/2686/1515 2342/2687/1515 2343/2688/1515 2344/2689/1515
f 2342/2687/1516 2345/2690/1516 2346/2691/1516 2343/2688/1516
f 2343/2688/1517 2346/2691/1517 2321/2666/1517 2318/2663/1517
f 2344/2689/1518 2343/2688/1518 2318/2663/1518 2317/2662/1518
f 2345/2690/1519 2347/2692/1519 2348/2693/1519 2346/2691/1519
f 2347/2692/1520 2349/2694/1520 2350/2695/1520 2348/2693/1520
f 2348/2693/1521 2350/2695/1521 2328/2673/1521 2326/2671/1521
f 2346/2691/1522 2348/2693/1522 2326/2671/1522 2321/2666/1522
f 2349/2694/1523 2351/2696/1523 2352/2697/1523 2350/2695/1523
f 2351/2696/1524 2353/2698/1524 2354/2699/1524 2352/2697/1524
f 2352/2697/1525 2354/2699/1525 2334/2679/1525 2332/2677/1525
f 2350/2695/1526 2352/2697/1526 2332/2677/1526 2328/2673/1526
f 2353/2698/1527 2355/2700/1527 2356/2701/1527 2354/2699/1527
f 2355/2700/1528 2341/2686/1528 2344/2689/1528 2356/2701/1528
f 2356/2701/1529 2344/2689/1529 2317/2662/1529 2338/2683/1529
f 2354/2699/1530 2356/2701/1530 2338/2683/1530 2334/2679/1530
f 2261/2606/1531 2260/2605/1531 2357/2702/1531 2358/2703/1531
f 2260/2605/1532 2259/2604/1532 2359/2704/1532 2357/2702/1532
f 2357/2702/1533 2359/2704/1533 2345/2690/1533 2342/2687/1533
f 2358/2703/1534 2357/2702/1534 2342/2687/1534 2341/2686/1534
f 2259/2604/1535 2267/2612/1535 2360/2705/1535 2359/2704/1535
f 2267/2612/1536 2266/2611/1536 2361/2706/1536 2360/2705/1536
f 2360/2705/1537 2361/2706/1537 2349/2694/1537 2347/2692/1537
f 2359/2704/1538 2360/2705/1538 2347/2692/1538 2345/2690/1538
f 2266/2611/1539 2273/2618/1539 2362/2707/1539 2361/2706/1539
f 2273/2618/1540 2272/2617/1540 2363/2708/1540 2362/2707/1540
f 2362/2707/1541 2363/2708/1541 2353/2698/1541 2351/2696/1541
f 2361/2706/1542 2362/2707/1542 2351/2696/1542 2349/2694/1542
f 2272/2617/1543 2276/2621/1543 2364/2709/1543 2363/2708/1543
f 2276/2621/1544 2261/2606/1544 2358/2703/1544 2364/2709/1544
f 2364/2709/1545 2358/2703/1545 2341/2686/1545 2355/2700/1545
f 2363/2708/1546 2364/2709/1546 2355/2700/1546 2353/2698/1546
f 2365/2710/1547 2366/2711/1547 2367/2712/1547 2368/2713/1547
f 2366/2711/1548 2369/2714/1548 2370/2715/1548 2367/2712/1548
f 2367/2712/1549 2370/2715/1549 2371/2716/1549 2372/2717/1549
f 2368/2713/1550 2367/2712/1550 2372/2717/1550 2373/2718/1550
f 2369/2714/1551 2374/2719/1551 2375/2720/1551 2370/2715/1551
f 2374/2719/1552 2376/2721/1552 2377/2722/1552 2375/2720/1552
f 2375/2720/1553 2377/2722/1553 2378/2723/1553 2379/2724/1553
f 2370/2715/1554 2375/2720/1554 2379/2724/1554 2371/2716/1554
f 2376/2721/1555 2380/2725/1555 2381/2726/1555 2377/2722/1555
f 2380/2725/1556 2382/2727/1556 2383/2728/1556 2381/2726/1556
f 2381/2726/1557 2383/2728/1557 2384/2729/1557 2385/2730/1557
f 2377/2722/1558 2381/2726/1558 2385/2730/1558 2378/2723/1558
f 2382/2727/1559 2386/2731/1559 2387/2732/1559 2383/2728/1559
f 2386/2731/1560 2365/2710/1560 2368/2713/1560 2387/2732/1560
f 2387/2732/1561 2368/2713/1561 2373/2718/1561 2388/2733/1561
f 2383/2728/1562 2387/2732/1562 2388/2733/1562 2384/2729/1562
f 2389/2734/1563 2390/2735/1563 2391/2736/1563 2392/2737/1563
f 2390/2735/1564 2393/2738/1564 2394/2739/1564 2391/2736/1564
f 2391/2736/1565 2394/2739/1565 2369/2714/1565 2366/2711/1565
f 2392/2737/1566 2391/2736/1566 2366/2711/1566 2365/2710/1566
f 2393/2738/1567 2395/2740/1567 2396/2741/1567 2394/2739/1567
f 2395/2740/1568 2397/2742/1568 2398/2743/1568 2396/2741/1568
f 2396/2741/1569 2398/2743/1569 2376/2721/1569 2374/2719/1569
f 2394/2739/1570 2396/2741/1570 2374/2719/1570 2369/2714/1570
f 2397/2742/1571 2399/2744/1571 2400/2745/1571 2398/2743/1571
f 2399/2744/1572 2401/2746/1572 2402/2747/1572 2400/2745/1572
f 2400/2745/1573 2402/2747/1573 2382/2727/1573 2380/2725/1573
f 2398/2743/1574 2400/2745/1574 2380/2725/1574 2376/2721/1574
f 2401/2746/1575 2403/2748/1575 2404/2749/1575 2402/2747/1575
f 2403/2748/1576 2389/2734/1576 2392/2737/1576 2404/2749/1576
f 2404/2749/1577 2392/2737/1577 2365/2710/1577 2386/2731/1577
f 2402/2747/1578 2404/2749/1578 2386/2731/1578 2382/2727/1578
f 2325/2670/1579 2324/2669/1579 2405/2750/1579 2406/2751/1579
f 2324/2669/1580 2323/2668/1580 2407/2752/1580 2405/2750/1580
f 2405/2750/1581 2407/2752/1581 2393/2738/1581 2390/2735/1581
f 2406/2751/1582 2405/2750/1582 2390/2735/1582 2389/2734/1582
f 2323/2668/1583 2331/2676/1583 2408/2753/1583 2407/2752/1583
f 2331/2676/1584 2330/2675/1584 2409/2754/1584 2408/2753/1584
f 2408/2753/1585 2409/2754/1585 2397/2742/1585 2395/2740/1585
f 2407/2752/1586 2408/2753/1586 2395/2740/1586 2393/2738/1586
f 2330/2675/1587 2337/2682/1587 2410/2755/1587 2409/2754/1587
f 2337/2682/1588 2336/2681/1588 2411/2756/1588 2410/2755/1588
f 2410/2755/1589 2411/2756/1589 2401/2746/1589 2399/2744/1589
f 2409/2754/1590 2410/2755/1590 2399/2744/1590 2397/2742/1590
f 2336/2681/1591 2340/2685/1591 2412/2757/1591 2411/2756/1591
f 2340/2685/1592 2325/2670/1592 2406/2751/1592 2412/2757/1592
f 2412/2757/1593 2406/2751/1593 2389/2734/1593 2403/2748/1593
f 2411/2756/1594 2412/2757/1594 2403/2748/1594 2401/2746/1594
f 2413/2758/1595 2414/2759/1595 2415/2760/1595 2416/2761/1595
f 2414/2759/1596 2417/2762/1596 2418/2763/1596 2415/2760/1596
f 2415/2760/1597 2418/2763/1597 2088/2433/1597 2085/2430/1597
f 2416/2761/1598 2415/2760/1598 2085/2430/1598 2084/2429/1598
f 2417/2762/1599 2419/2764/1599 2420/2765/1599 2418/2763/1599
f 2419/2764/1600 2421/2766/1600 2422/2767/1600 2420/2765/1600
f 2420/2765/1601 2422/2767/1601 2090/2435/1601 2089/2434/1601
f 2418/2763/1602 2420/2765/1602 2089/2434/1602 2088/2433/1602
f 2421/2766/1603 2423/2768/1603 2424/2769/1603 2422/2767/1603
f 2423/2768/1604 2425/2770/1604 2426/2771/1604 2424/2769/1604
f 2424/2769/1605 2426/2771/1605 2092/2437/1605 2091/2436/1605
f 2422/2767/1606 2424/2769/1606 2091/2436/1606 2090/2435/1606
f 2425/2770/1607 2427/2772/1607 2428/2773/1607 2426/2771/1607
f 2427/2772/1608 2413/2758/1608 2416/2761/1608 2428/2773/1608
f 2428/2773/1609 2416/2761/1609 2084/2429/1609 2087/2432/1609
f 2426/2771/1610 2428/2773/1610 2087/2432/1610 2092/2437/1610
f 2373/2718/1611 2372/2717/1611 2429/2774/1611 2430/2775/1611
f 2372/2717/1612 2371/2716/1612 2431/2776/1612 2429/2774/1612
f 2429/2774/1613 2431/2776/1613 2417/2762/1613 2414/2759/1613
f 2430/2775/1614 2429/2774/1614 2414/2759/1614 2413/2758/1614
f 2371/2716/1615 2379/2724/1615 2432/2777/1615 2431/2776/1615
f 2379/2724/1616 2378/2723/1616 2433/2778/1616 2432/2777/1616
f 2432/2777/1617 2433/2778/1617 2421/2766/1617 2419/2764/1617
f 2431/2776/1618 2432/2777/1618 2419/2764/1618 2417/2762/1618
f 2378/2723/1619 2385/2730/1619 2434/2779/1619 2433/2778/1619
f 2385/2730/1620 2384/2729/1620 2435/2780/1620 2434/2779/1620
f 2434/2779/1621 2435/2780/1621 2425/2770/1621 2423/2768/1621
f 2433/2778/1622 2434/2779/1622 2423/2768/1622 2421/2766/1622
f 2384/2729/1623 2388/2733/1623 2436/2781/1623 2435/2780/1623
f 2388/2733/1624 2373/2718/1624 2430/2775/1624 2436/2781/1624
f 2436/2781/1625 2430/2775/1625 2413/2758/1625 2427/2772/1625
f 2435/2780/1626 2436/2781/1626 2427/2772/1626 2425/2770/1626
usemtl Material.028
f 2437/2782/1627 2438/2783/1627 2439/2784/1627 2440/2785/1627
f 2438/2783/1628 2441/2786/1628 2442/2787/1628 2439/2784/1628
f 2439/2784/1629 2442/2787/1629 2443/2788/1629 2444/2789/1629
f 2440/2785/1630 2439/2784/1630 2444/2789/1630 2445/2790/1630
f 2445/2790/1631 2444/2789/1631 2446/2791/1631 2447/2792/1631
f 2444/2789/1632 2443/2788/1632 2448/2793/1632 2446/2791/1632
f 2446/2791/1633 2448/2793/1633 2449/2794/1633 2450/2795/1633
f 2447/2792/1634 2446/2791/1634 2450/2795/1634 2451/2796/1634
f 2451/2796/1635 2450/2795/1635 2452/2797/1635 2453/2798/1635
f 2450/2795/1636 2449/2794/1636 2454/2799/1636 2452/2797/1636
f 2452/2797/1637 2454/2799/1637 2455/2800/1637 2456/2801/1637
f 2453/2798/1638 2452/2797/1638 2456/2801/1638 2457/2802/1638
f 2457/2802/1639 2456/2801/1639 2458/2803/1639 2459/2804/1639
f 2456/2801/1640 2455/2800/1640 2460/2805/1640 2458/2803/1640
f 2458/2803/1641 2460/2805/1641 2441/2806/1641 2438/2807/1641
f 2459/2804/1642 2458/2803/1642 2438/2807/1642 2437/2808/1642
f 2461/2809/1643 2462/2810/1643 2463/2811/1643 2464/2812/1643
f 2462/2810/1644 2465/2813/1644 2466/2814/1644 2463/2811/1644
f 2463/2811/1645 2466/2814/1645 2467/2815/1645 2468/2816/1645
f 2464/2812/1646 2463/2811/1646 2468/2816/1646 2469/2817/1646
f 2449/2794/1647 2448/2818/1647 2470/2819/1647 2454/2799/1647
f 2448/2818/1648 2443/2820/1648 2442/2821/1648 2470/2819/1648
f 2470/2819/1649 2442/2821/1649 2441/2822/1649 2460/2823/1649
f 2454/2799/1650 2470/2819/1650 2460/2823/1650 2455/2800/1650
f 2467/2815/1651 2471/2824/1651 2472/2825/1651 2468/2826/1651
f 2471/2824/1652 2457/2802/1652 2459/2804/1652 2472/2825/1652
f 2472/2825/1653 2459/2804/1653 2437/2808/1653 2473/2827/1653
f 2468/2826/1654 2472/2825/1654 2473/2827/1654 2469/2828/1654
f 2465/2813/1655 2474/2829/1655 2475/2830/1655 2466/2814/1655
f 2474/2829/1656 2451/2796/1656 2453/2798/1656 2475/2830/1656
f 2475/2830/1657 2453/2798/1657 2457/2802/1657 2471/2824/1657
f 2466/2814/1658 2475/2830/1658 2471/2824/1658 2467/2815/1658
f 2461/2831/1659 2476/2832/1659 2477/2833/1659 2462/2834/1659
f 2476/2832/1660 2445/2790/1660 2447/2792/1660 2477/2833/1660
f 2477/2833/1661 2447/2792/1661 2451/2796/1661 2474/2829/1661
f 2462/2834/1662 2477/2833/1662 2474/2829/1662 2465/2813/1662
f 2469/2835/1663 2473/2836/1663 2478/2837/1663 2464/2838/1663
f 2473/2836/1664 2437/2782/1664 2440/2785/1664 2478/2837/1664
f 2478/2837/1665 2440/2785/1665 2445/2790/1665 2476/2832/1665
f 2464/2838/1666 2478/2837/1666 2476/2832/1666 2461/2831/1666
f 2479/2839/1667 2480/2840/1667 2481/2841/1667 2482/2842/1667
f 2480/2840/1668 2483/2843/1668 2484/2844/1668 2481/2841/1668
f 2481/2841/1669 2484/2844/1669 2485/2845/1669 2486/2846/1669
f 2482/2842/1670 2481/2841/1670 2486/2846/1670 2487/2847/1670
f 2487/2847/1671 2486/2846/1671 2488/2848/1671 2489/2849/1671
f 2486/2846/1672 2485/2845/1672 2490/2850/1672 2488/2848/1672
f 2488/2848/1673 2490/2850/1673 2491/2851/1673 2492/2852/1673
f 2489/2849/1674 2488/2848/1674 2492/2852/1674 2493/2853/1674
f 2493/2853/1675 2492/2852/1675 2494/2854/1675 2495/2855/1675
f 2492/2852/1676 2491/2851/1676 2496/2856/1676 2494/2854/1676
f 2494/2854/1677 2496/2856/1677 2497/2857/1677 2498/2858/1677
f 2495/2855/1678 2494/2854/1678 2498/2858/1678 2499/2859/1678
f 2499/2859/1679 2498/2858/1679 2500/2860/1679 2501/2861/1679
f 2498/2858/1680 2497/2857/1680 2502/2862/1680 2500/2860/1680
f 2500/2860/1681 2502/2862/1681 2483/2863/1681 2480/2864/1681
f 2501/2861/1682 2500/2860/1682 2480/2864/1682 2479/2865/1682
f 2503/2866/1683 2504/2867/1683 2505/2868/1683 2506/2869/1683
f 2504/2867/1684 2507/2870/1684 2508/2871/1684 2505/2868/1684
f 2505/2868/1685 2508/2871/1685 2509/2872/1685 2510/2873/1685
f 2506/2869/1686 2505/2868/1686 2510/2873/1686 2511/2874/1686
f 2491/2851/1687 2490/2875/1687 2512/2876/1687 2496/2856/1687
f 2490/2875/1688 2485/2877/1688 2484/2878/1688 2512/2876/1688
f 2512/2876/1689 2484/2878/1689 2483/2879/1689 2502/2880/1689
f 2496/2856/1690 2512/2876/1690 2502/2880/1690 2497/2857/1690
f 2509/2872/1691 2513/2881/1691 2514/2882/1691 2510/2883/1691
f 2513/2881/1692 2499/2859/1692 2501/2861/1692 2514/2882/1692
f 2514/2882/1693 2501/2861/1693 2479/2865/1693 2515/2884/1693
f 2510/2883/1694 2514/2882/1694 2515/2884/1694 2511/2885/1694
f 2507/2870/1695 2516/2886/1695 2517/2887/1695 2508/2871/1695
f 2516/2886/1696 2493/2853/1696 2495/2855/1696 2517/2887/1696
f 2517/2887/1697 2495/2855/1697 2499/2859/1697 2513/2881/1697
f 2508/2871/1698 2517/2887/1698 2513/2881/1698 2509/2872/1698
f 2503/2888/1699 2518/2889/1699 2519/2890/1699 2504/2891/1699
f 2518/2889/1700 2487/2847/1700 2489/2849/1700 2519/2890/1700
f 2519/2890/1701 2489/2849/1701 2493/2853/1701 2516/2886/1701
f 2504/2891/1702 2519/2890/1702 2516/2886/1702 2507/2870/1702
f 2511/2892/1703 2515/2893/1703 2520/2894/1703 2506/2895/1703
f 2515/2893/1704 2479/2839/1704 2482/2842/1704 2520/2894/1704
f 2520/2894/1705 2482/2842/1705 2487/2847/1705 2518/2889/1705
f 2506/2895/1706 2520/2894/1706 2518/2889/1706 2503/2888/1706
f 2521/2896/1707 2522/2897/1707 2523/2898/1707 2524/2899/1707
f 2522/2897/1708 2525/2900/1708 2526/2901/1708 2523/2898/1708
f 2523/2898/1709 2526/2901/1709 2527/2902/1709 2528/2903/1709
f 2524/2899/1710 2523/2898/1710 2528/2903/1710 2529/2904/1710
f 2529/2904/1711 2528/2903/1711 2530/2905/1711 2531/2906/1711
f 2528/2903/1712 2527/2902/1712 2532/2907/1712 2530/2905/1712
f 2530/2905/1713 2532/2907/1713 2533/2908/1713 2534/2909/1713
f 2531/2906/1714 2530/2905/1714 2534/2909/1714 2535/2910/1714
f 2535/2910/1715 2534/2909/1715 2536/2911/1715 2537/2912/1715
f 2534/2909/1716 2533/2908/1716 2538/2913/1716 2536/2911/1716
f 2536/2911/1717 2538/2913/1717 2539/2914/1717 2540/2915/1717
f 2537/2912/1718 2536/2911/1718 2540/2915/1718 2541/2916/1718
f 2541/2916/1719 2540/2915/1719 2542/2917/1719 2543/2918/1719
f 2540/2915/1720 2539/2914/1720 2544/2919/1720 2542/2917/1720
f 2542/2917/1721 2544/2919/1721 2525/2920/1721 2522/2921/1721
f 2543/2918/1722 2542/2917/1722 2522/2921/1722 2521/2922/1722
f 2545/2923/1723 2546/2924/1723 2547/2925/1723 2548/2926/1723
f 2546/2924/1724 2549/2927/1724 2550/2928/1724 2547/2925/1724
f 2547/2925/1725 2550/2928/1725 2551/2929/1725 2552/2930/1725
f 2548/2926/1726 2547/2925/1726 2552/2930/1726 2553/2931/1726
f 2533/2908/1727 2532/2932/1727 2554/2933/1727 2538/2913/1727
f 2532/2932/1728 2527/2934/1728 2526/2935/1728 2554/2933/1728
f 2554/2933/1729 2526/2935/1729 2525/2936/1729 2544/2937/1729
f 2538/2913/1730 2554/2933/1730 2544/2937/1730 2539/2914/1730
f 2551/2929/1731 2555/2938/1731 2556/2939/1731 2552/2940/1731
f 2555/2938/1732 2541/2916/1732 2543/2918/1732 2556/2939/1732
f 2556/2939/1733 2543/2918/1733 2521/2922/1733 2557/2941/1733
f 2552/2940/1734 2556/2939/1734 2557/2941/1734 2553/2942/1734
f 2549/2927/1735 2558/2943/1735 2559/2944/1735 2550/2928/1735
f 2558/2943/1736 2535/2910/1736 2537/2912/1736 2559/2944/1736
f 2559/2944/1737 2537/2912/1737 2541/2916/1737 2555/2938/1737
f 2550/2928/1738 2559/2944/1738 2555/2938/1738 2551/2929/1738
f 2545/2945/1739 2560/2946/1739 2561/2947/1739 2546/2948/1739
f 2560/2946/1740 2529/2904/1740 2531/2906/1740 2561/2947/1740
f 2561/2947/1741 2531/2906/1741 2535/2910/1741 2558/2943/1741
f 2546/2948/1742 2561/2947/1742 2558/2943/1742 2549/2927/1742
f 2553/2949/1743 2557/2950/1743 2562/2951/1743 2548/2952/1743
f 2557/2950/1744 2521/2896/1744 2524/2899/1744 2562/2951/1744
f 2562/2951/1745 2524/2899/1745 2529/2904/1745 2560/2946/1745
f 2548/2952/1746 2562/2951/1746 2560/2946/1746 2545/2945/1746
f 2563/2953/1747 2564/2954/1747 2565/2955/1747 2566/2956/1747
f 2564/2954/1748 2567/2957/1748 2568/2958/1748 2565/2955/1748
f 2565/2955/1749 2568/2958/1749 2569/2959/1749 2570/2960/1749
f 2566/2956/1750 2565/2955/1750 2570/2960/1750 2571/2961/1750
f 2571/2961/1751 2570/2960/1751 2572/2962/1751 2573/2963/1751
f 2570/2960/1752 2569/2959/1752 2574/2964/1752 2572/2962/1752
f 2572/2962/1753 2574/2964/1753 2575/2965/1753 2576/2966/1753
f 2573/2963/1754 2572/2962/1754 2576/2966/1754 2577/2967/1754
f 2577/2967/1755 2576/2966/1755 2578/2968/1755 2579/2969/1755
f 2576/2966/1756 2575/2965/1756 2580/2970/1756 2578/2968/1756
f 2578/2968/1757 2580/2970/1757 2581/2971/1757 2582/2972/1757
f 2579/2969/1758 2578/2968/1758 2582/2972/1758 2583/2973/1758
f 2583/2973/1759 2582/2972/1759 2584/2974/1759 2585/2975/1759
f 2582/2972/1760 2581/2971/1760 2586/2976/1760 2584/2974/1760
f 2584/2974/1761 2586/2976/1761 2567/2977/1761 2564/2978/1761
f 2585/2975/1762 2584/2974/1762 2564/2978/1762 2563/2979/1762
f 2587/2980/1763 2588/2981/1763 2589/2982/1763 2590/2983/1763
f 2588/2981/1764 2591/2984/1764 2592/2985/1764 2589/2982/1764
f 2589/2982/1765 2592/2985/1765 2593/2986/1765 2594/2987/1765
f 2590/2983/1766 2589/2982/1766 2594/2987/1766 2595/2988/1766
f 2575/2965/1767 2574/2989/1767 2596/2990/1767 2580/2970/1767
f 2574/2989/1768 2569/2991/1768 2568/2992/1768 2596/2990/1768
f 2596/2990/1769 2568/2992/1769 2567/2993/1769 2586/2994/1769
f 2580/2970/1770 2596/2990/1770 2586/2994/1770 2581/2971/1770
f 2593/2986/1771 2597/2995/1771 2598/2996/1771 2594/2997/1771
f 2597/2995/1772 2583/2973/1772 2585/2975/1772 2598/2996/1772
f 2598/2996/1773 2585/2975/1773 2563/2979/1773 2599/2998/1773
f 2594/2997/1774 2598/2996/1774 2599/2998/1774 2595/2999/1774
f 2591/2984/1775 2600/3000/1775 2601/3001/1775 2592/2985/1775
f 2600/3000/1776 2577/2967/1776 2579/2969/1776 2601/3001/1776
f 2601/3001/1777 2579/2969/1777 2583/2973/1777 2597/2995/1777
f 2592/2985/1778 2601/3001/1778 2597/2995/1778 2593/2986/1778
f 2587/3002/1779 2602/3003/1779 2603/3004/1779 2588/3005/1779
f 2602/3003/1780 2571/2961/1780 2573/2963/1780 2603/3004/1780
f 2603/3004/1781 2573/2963/1781 2577/2967/1781 2600/3000/1781
f 2588/3005/1782 2603/3004/1782 2600/3000/1782 2591/2984/1782
f 2595/3006/1783 2599/3007/1783 2604/3008/1783 2590/3009/1783
f 2599/3007/1784 2563/2953/1784 2566/2956/1784 2604/3008/1784
f 2604/3008/1785 2566/2956/1785 2571/2961/1785 2602/3003/1785
f 2590/3009/1786 2604/3008/1786 2602/3003/1786 2587/3002/1786
usemtl Material.025
f 2605/3010/1787 2606/3011/1787 2607/3012/1787 2608/3013/1787
f 2606/3011/1788 2609/3014/1788 2610/3015/1788 2607/3012/1788
f 2607/3012/1789 2610/3015/1789 2611/3016/1789 2612/3017/1789
f 2608/3013/1790 2607/3012/1790 2612/3017/1790 2613/3018/1790
f 2613/3018/1791 2612/3017/1791 2614/3019/1791 2615/3020/1791
f 2612/3017/1792 2611/3016/1792 2616/3021/1792 2614/3019/1792
f 2614/3019/1793 2616/3021/1793 2617/3022/1793 2618/3023/1793
f 2615/3020/1794 2614/3019/1794 2618/3023/1794 2619/3024/1794
f 2619/3024/1795 2618/3023/1795 2620/3025/1795 2621/3026/1795
f 2618/3023/1796 2617/3022/1796 2622/3027/1796 2620/3025/1796
f 2620/3025/1797 2622/3027/1797 2623/3028/1797 2624/3029/1797
f 2621/3026/1798 2620/3025/1798 2624/3029/1798 2625/3030/1798
f 2625/3030/1799 2624/3029/1799 2626/3031/1799 2627/3032/1799
f 2624/3029/1800 2623/3028/1800 2628/3033/1800 2626/3031/1800
f 2626/3031/1801 2628/3033/1801 2609/3034/1801 2606/3035/1801
f 2627/3032/1802 2626/3031/1802 2606/3035/1802 2605/3036/1802
f 2613/3037/1803 2615/3038/1803 2629/3039/1803 2608/3040/1803
f 2615/3038/1804 2619/3024/1804 2621/3026/1804 2629/3039/1804
f 2629/3039/1805 2621/3026/1805 2625/3030/1805 2627/3041/1805
f 2608/3040/1806 2629/3039/1806 2627/3041/1806 2605/3042/1806
f 2617/3022/1807 2616/3043/1807 2630/3044/1807 2622/3027/1807
f 2616/3043/1808 2611/3045/1808 2610/3046/1808 2630/3044/1808
f 2630/3044/1809 2610/3046/1809 2609/3047/1809 2628/3048/1809
f 2622/3027/1810 2630/3044/1810 2628/3048/1810 2623/3028/1810
f 2631/3049/1787 2632/3050/1787 2633/3051/1787 2634/3052/1787
f 2632/3050/1788 2635/3053/1788 2636/3054/1788 2633/3051/1788
f 2633/3051/1789 2636/3054/1789 2637/3055/1789 2638/3056/1789
f 2634/3052/1790 2633/3051/1790 2638/3056/1790 2639/3057/1790
f 2639/3057/1811 2638/3056/1811 2640/3058/1811 2641/3059/1811
f 2638/3056/1792 2637/3055/1792 2642/3060/1792 2640/3058/1792
f 2640/3058/1793 2642/3060/1793 2643/3061/1793 2644/3062/1793
f 2641/3059/1812 2640/3058/1812 2644/3062/1812 2645/3063/1812
f 2645/3063/1813 2644/3062/1813 2646/3064/1813 2647/3065/1813
f 2644/3062/1814 2643/3061/1814 2648/3066/1814 2646/3064/1814
f 2646/3064/1797 2648/3066/1797 2649/3067/1797 2650/3068/1797
f 2647/3065/1798 2646/3064/1798 2650/3068/1798 2651/3069/1798
f 2651/3069/1815 2650/3068/1815 2652/3070/1815 2653/3071/1815
f 2650/3068/1816 2649/3067/1816 2654/3072/1816 2652/3070/1816
f 2652/3070/1801 2654/3072/1801 2635/3073/1801 2632/3074/1801
f 2653/3071/1802 2652/3070/1802 2632/3074/1802 2631/3075/1802
f 2639/3076/1817 2641/3077/1817 2655/3078/1817 2634/3079/1817
f 2641/3077/1818 2645/3063/1818 2647/3065/1818 2655/3078/1818
f 2655/3078/1805 2647/3065/1805 2651/3069/1805 2653/3080/1805
f 2634/3079/1806 2655/3078/1806 2653/3080/1806 2631/3081/1806
f 2643/3061/1819 2642/3082/1819 2656/3083/1819 2648/3066/1819
f 2642/3082/1808 2637/3084/1808 2636/3085/1808 2656/3083/1808
f 2656/3083/1809 2636/3085/1809 2635/3086/1809 2654/3087/1809
f 2648/3066/1810 2656/3083/1810 2654/3087/1810 2649/3067/1810
f 2657/3088/1787 2658/3089/1787 2659/3090/1787 2660/3091/1787
f 2658/3089/1788 2661/3092/1788 2662/3093/1788 2659/3090/1788
f 2659/3090/1789 2662/3093/1789 2663/3094/1789 2664/3095/1789
f 2660/3091/1820 2659/3090/1820 2664/3095/1820 2665/3096/1820
f 2665/3096/1811 2664/3095/1811 2666/3097/1811 2667/3098/1811
f 2664/3095/1821 2663/3094/1821 2668/3099/1821 2666/3097/1821
f 2666/3097/1822 2668/3099/1822 2669/3100/1822 2670/3101/1822
f 2667/3098/1812 2666/3097/1812 2670/3101/1812 2671/3102/1812
f 2671/3102/1813 2670/3101/1813 2672/3103/1813 2673/3104/1813
f 2670/3101/1814 2669/3100/1814 2674/3105/1814 2672/3103/1814
f 2672/3103/1797 2674/3105/1797 2675/3106/1797 2676/3107/1797
f 2673/3104/1823 2672/3103/1823 2676/3107/1823 2677/3108/1823
f 2677/3108/1815 2676/3107/1815 2678/3109/1815 2679/3110/1815
f 2676/3107/1816 2675/3106/1816 2680/3111/1816 2678/3109/1816
f 2678/3109/1801 2680/3111/1801 2661/3112/1801 2658/3113/1801
f 2679/3110/1802 2678/3109/1802 2658/3113/1802 2657/3114/1802
f 2665/3115/1803 2667/3116/1803 2681/3117/1803 2660/3118/1803
f 2667/3116/1804 2671/3102/1804 2673/3104/1804 2681/3117/1804
f 2681/3117/1805 2673/3104/1805 2677/3108/1805 2679/3119/1805
f 2660/3118/1806 2681/3117/1806 2679/3119/1806 2657/3120/1806
f 2669/3100/1807 2668/3121/1807 2682/3122/1807 2674/3105/1807
f 2668/3121/1824 2663/3123/1824 2662/3124/1824 2682/3122/1824
f 2682/3122/1809 2662/3124/1809 2661/3125/1809 2680/3126/1809
f 2674/3105/1825 2682/3122/1825 2680/3126/1825 2675/3106/1825
f 2683/3127/1787 2684/3128/1787 2685/3129/1787 2686/3130/1787
f 2684/3128/1788 2687/3131/1788 2688/3132/1788 2685/3129/1788
f 2685/3129/1789 2688/3132/1789 2689/3133/1789 2690/3134/1789
f 2686/3130/1790 2685/3129/1790 2690/3134/1790 2691/3135/1790
f 2691/3135/1811 2690/3134/1811 2692/3136/1811 2693/3137/1811
f 2690/3134/1821 2689/3133/1821 2694/3138/1821 2692/3136/1821
f 2692/3136/1822 2694/3138/1822 2695/3139/1822 2696/3140/1822
f 2693/3137/1812 2692/3136/1812 2696/3140/1812 2697/3141/1812
f 2697/3141/1813 2696/3140/1813 2698/3142/1813 2699/3143/1813
f 2696/3140/1814 2695/3139/1814 2700/3144/1814 2698/3142/1814
f 2698/3142/1797 2700/3144/1797 2701/3145/1797 2702/3146/1797
f 2699/3143/1823 2698/3142/1823 2702/3146/1823 2703/3147/1823
f 2703/3147/1815 2702/3146/1815 2704/3148/1815 2705/3149/1815
f 2702/3146/1816 2701/3145/1816 2706/3150/1816 2704/3148/1816
f 2704/3148/1826 2706/3150/1826 2687/3151/1826 2684/3152/1826
f 2705/3149/1827 2704/3148/1827 2684/3152/1827 2683/3153/1827
f 2691/3154/1817 2693/3155/1817 2707/3156/1817 2686/3157/1817
f 2693/3155/1804 2697/3141/1804 2699/3143/1804 2707/3156/1804
f 2707/3156/1805 2699/3143/1805 2703/3147/1805 2705/3158/1805
f 2686/3157/1828 2707/3156/1828 2705/3158/1828 2683/3159/1828
f 2695/3139/1819 2694/3160/1819 2708/3161/1819 2700/3144/1819
f 2694/3160/1824 2689/3162/1824 2688/3163/1824 2708/3161/1824
f 2708/3161/1809 2688/3163/1809 2687/3164/1809 2706/3165/1809
f 2700/3144/1825 2708/3161/1825 2706/3165/1825 2701/3145/1825
f 2709/3166/1787 2710/3167/1787 2711/3168/1787 2712/3169/1787
f 2710/3167/1788 2713/3170/1788 2714/3171/1788 2711/3168/1788
f 2711/3168/1789 2714/3171/1789 2715/3172/1789 2716/3173/1789
f 2712/3169/1790 2711/3168/1790 2716/3173/1790 2717/3174/1790
f 2717/3174/1811 2716/3173/1811 2718/3175/1811 2719/3176/1811
f 2716/3173/1821 2715/3172/1821 2720/3177/1821 2718/3175/1821
f 2718/3175/1793 2720/3177/1793 2721/3178/1793 2722/3179/1793
f 2719/3176/1794 2718/3175/1794 2722/3179/1794 2723/3180/1794
f 2723/3180/1813 2722/3179/1813 2724/3181/1813 2725/3182/1813
f 2722/3179/1796 2721/3178/1796 2726/3183/1796 2724/3181/1796
f 2724/3181/1797 2726/3183/1797 2727/3184/1797 2728/3185/1797
f 2725/3182/1798 2724/3181/1798 2728/3185/1798 2729/3186/1798
f 2729/3186/1815 2728/3185/1815 2730/3187/1815 2731/3188/1815
f 2728/3185/1816 2727/3184/1816 2732/3189/1816 2730/3187/1816
f 2730/3187/1826 2732/3189/1826 2713/3190/1826 2710/3191/1826
f 2731/3188/1802 2730/3187/1802 2710/3191/1802 2709/3192/1802
f 2717/3193/1817 2719/3194/1817 2733/3195/1817 2712/3196/1817
f 2719/3194/1804 2723/3180/1804 2725/3182/1804 2733/3195/1804
f 2733/3195/1805 2725/3182/1805 2729/3186/1805 2731/3197/1805
f 2712/3196/1806 2733/3195/1806 2731/3197/1806 2709/3198/1806
f 2721/3178/1807 2720/3199/1807 2734/3200/1807 2726/3183/1807
f 2720/3199/1808 2715/3201/1808 2714/3202/1808 2734/3200/1808
f 2734/3200/1809 2714/3202/1809 2713/3203/1809 2732/3204/1809
f 2726/3183/1825 2734/3200/1825 2732/3204/1825 2727/3184/1825
