mtllib LOW_POLY_set.mtl
o lp_Plane_012_Plane_021
v 15.699538 1.585143 3.689021
v 15.756122 1.317770 3.695218
v 15.699443 1.313652 3.576226
v 15.675376 1.446536 3.514173
v 15.670926 1.018760 3.620742
v 15.634602 1.200998 3.542120
v 15.588266 1.313727 3.454335
v 15.448996 1.126127 3.615202
v 15.518658 1.176883 3.548045
v 15.279681 1.271380 3.619258
v 15.437017 1.258043 3.485521
v 15.662235 2.912545 5.812897
v 15.628895 2.731055 5.740921
v 15.710189 2.669949 5.708793
v 15.774679 2.747460 5.721393
v 15.608040 2.579835 5.631680
v 15.735642 2.538059 5.636466
v 15.854922 2.596274 5.601665
v 14.596148 3.420564 2.869979
v 14.542481 3.350939 2.978869
v 14.619174 3.207674 2.929630
v 14.675854 3.281843 2.813628
v 14.425793 3.281314 3.012350
v 14.495515 3.133479 2.965499
v 14.577248 2.971331 2.909752
v 14.703665 3.050050 2.870378
v 14.760260 3.128561 2.747552
v 15.322658 1.709737 3.956031
v 15.617871 1.665571 4.091193
v 15.661605 1.656927 3.956911
v 15.547080 1.715807 3.800337
v 15.868824 1.555063 4.237783
v 15.789717 1.549196 3.953819
v 14.428090 3.420564 2.668887
v 14.544062 3.446673 2.742738
v 14.620352 3.309649 2.678467
v 14.497229 3.281808 2.600171
v 14.701406 3.157954 2.607138
v 14.573961 3.128280 2.526858
v 14.257734 3.281314 2.811259
v 14.311401 3.350939 2.702368
v 14.373583 3.207578 2.635809
v 14.316916 3.133374 2.751580
v 14.447647 3.049281 2.564388
v 14.391154 2.970490 2.685370
v 14.309821 3.255204 2.938499
v 14.372404 3.105602 2.886972
v 14.449905 2.941378 2.827628
v 15.177992 0.981500 3.929389
v 15.228524 1.168540 3.784554
v 15.347906 1.075309 3.699224
v 15.373147 0.911426 3.690358
v 14.803377 2.874570 2.794813
v 14.852854 2.958530 2.662843
v 14.681350 2.786962 2.845793
v 14.836261 2.557628 2.807963
v 14.939847 2.698238 2.699623
v 14.967488 2.792756 2.543313
v 14.789030 2.989759 2.521500
v 14.660891 2.959426 2.444165
v 14.887769 2.828667 2.401344
v 14.753737 2.805248 2.333451
v 15.448527 1.638565 4.446814
v 15.673485 1.654145 4.348117
v 15.567569 1.676486 4.216788
v 15.393218 1.741691 4.233142
v 15.973320 1.212853 4.478540
v 15.981221 1.129930 4.344354
v 16.000330 1.257050 4.296916
v 16.000696 1.365261 4.389979
v 16.012190 0.987880 4.209554
v 15.963906 1.289180 4.165547
v 15.818741 1.132762 4.540668
v 15.877167 1.069242 4.417707
v 15.530816 1.078385 4.529874
v 15.842080 0.928187 4.429658
v 14.539049 2.875612 2.483710
v 14.489069 2.785250 2.608169
v 14.639533 2.724042 2.375147
v 14.616370 2.555944 2.497385
v 14.551242 2.754452 2.761593
v 14.668818 2.535871 2.721644
v 15.191550 0.606885 4.299821
v 15.125523 0.600362 3.922889
v 15.125523 0.111437 3.922889
v 15.191550 0.111437 4.299821
v 15.491074 0.624801 4.545841
v 15.243544 0.967369 4.263274
v 14.925791 2.568861 1.980269
v 14.748795 2.515245 2.228844
v 14.729385 2.648927 2.246958
v 14.843594 2.688278 2.182012
v 15.177648 1.447244 4.453580
v 15.317121 1.278495 4.441141
v 15.375451 1.386527 4.495965
v 15.289161 1.536698 4.497282
v 15.474095 1.388937 4.549356
v 15.861003 0.603968 4.489941
v 15.491074 0.111437 4.545841
v 15.861003 0.111437 4.489941
v 15.357737 0.589314 3.630867
v 15.726981 0.603344 3.574839
v 15.843604 2.689639 5.365625
v 15.820070 2.834161 5.392960
v 15.877596 2.842039 5.397243
v 15.903262 2.772043 5.415668
v 15.816374 2.990898 5.466986
v 15.919744 2.911864 5.402677
v 15.970444 2.837528 5.422600
v 15.571715 3.043165 5.609700
v 15.641494 3.112094 5.665010
v 15.695127 3.067908 5.598228
v 15.677679 3.014820 5.530497
v 15.691121 3.103158 5.724403
v 15.748672 3.056542 5.619974
v 15.726164 2.677739 5.339736
v 15.746185 2.793911 5.385124
v 15.614709 2.692802 5.405544
v 15.696649 2.853789 5.424464
v 15.581607 2.868231 5.514564
v 15.647407 2.919461 5.478909
v 16.023216 0.597329 3.823360
v 16.089985 0.603225 4.201449
v 16.089985 0.111437 4.201449
v 16.023216 0.111437 3.823360
v 15.357737 0.111437 3.630867
v 15.931849 0.976857 3.877834
v 15.726981 0.111437 3.574839
v 15.484103 2.931876 5.750433
v 15.534862 2.771627 5.689799
v 15.560498 2.798901 5.754758
v 15.535760 2.918076 5.810519
v 14.981365 2.172897 2.962750
v 14.887156 2.058233 2.871856
v 14.973034 1.878067 3.075457
v 15.067134 2.030593 3.145701
v 14.912732 1.936853 2.647233
v 15.007806 1.721787 2.950794
v 15.093270 1.564289 3.197627
v 15.059282 1.733254 3.313889
v 15.156923 1.900695 3.378560
v 15.288203 2.225977 2.761868
v 15.138741 2.220972 2.934656
v 15.244524 2.090991 3.110586
v 15.403723 2.037366 3.003023
v 15.342914 1.961350 3.340701
v 15.505826 1.896065 3.236626
v 15.304836 1.865740 2.571418
v 15.373043 2.025100 2.636779
v 15.448179 1.871096 2.891093
v 15.362330 1.707783 2.830039
v 15.541925 1.727663 3.124720
v 15.446395 1.560786 3.064405
v 15.129148 1.820605 2.578800
v 15.177698 1.653493 2.856485
v 15.258294 1.499567 3.097908
v 15.158726 1.603285 3.549600
v 15.256760 1.777035 3.626036
v 15.190785 1.428506 3.425390
v 15.214700 1.479969 3.756095
v 15.440310 1.826949 3.577398
v 15.594670 1.751200 3.466007
v 15.619448 1.588788 3.347058
v 15.524333 1.431167 3.286132
v 15.346873 1.370020 3.320607
v 15.118606 1.575108 4.019752
v 14.980754 1.776353 4.138358
v 15.107625 1.880449 4.161305
v 15.046832 1.467612 4.132372
v 14.900697 1.660659 4.223969
v 14.731875 1.836827 4.317891
v 14.809505 1.956910 4.242829
v 14.926942 2.061187 4.274457
v 15.196948 1.899127 4.312024
v 15.214174 1.833387 4.476033
v 15.015885 2.081529 4.409531
v 15.032065 2.018092 4.560367
v 15.130835 1.720259 4.551814
v 15.013340 1.623187 4.517802
v 14.955465 1.898956 4.634027
v 14.839058 1.795626 4.600996
v 15.081596 1.420957 4.305094
v 14.920873 1.602225 4.380342
v 14.749084 1.774337 4.467324
v 14.652945 2.110165 4.336234
v 14.764635 2.213312 4.368349
v 14.579303 1.991964 4.405669
v 14.454364 2.121687 4.481465
v 14.521400 2.235733 4.417080
v 14.622787 2.336700 4.449285
v 14.850031 2.234662 4.496870
v 14.865974 2.173050 4.639320
v 14.700163 2.359577 4.572038
v 14.714380 2.301825 4.706859
v 14.792461 2.054968 4.708579
v 14.680900 1.951939 4.676290
v 14.647344 2.187778 4.771244
v 14.545959 2.086811 4.739038
v 15.033848 2.333651 2.865528
v 14.895683 2.340928 2.861592
v 15.077281 2.420123 2.766411
v 14.595375 1.930471 4.547944
v 14.468581 2.063934 4.616285
v 14.413077 2.335247 4.481858
v 14.498881 2.438402 4.516295
v 14.355768 2.222489 4.540729
v 14.259096 2.294597 4.581420
v 14.305161 2.408526 4.527568
v 14.372762 2.516718 4.565334
v 16.479698 3.682301 0.187695
v 16.468082 3.657228 0.246555
v 16.497330 3.629016 0.222913
v 16.516214 3.639434 0.177713
v 16.483089 3.637201 0.320641
v 16.494888 3.580957 0.239507
v 16.507898 3.560419 0.151744
v 14.563709 2.466081 4.636126
v 14.574869 2.412793 4.765119
v 14.422788 2.550718 4.684474
v 14.430189 2.501422 4.809647
v 14.517560 2.300035 4.823989
v 14.431756 2.196881 4.789552
v 14.384124 2.387493 4.863499
v 14.316524 2.279300 4.825733
v 14.366928 2.169201 4.669722
v 14.266498 2.245301 4.706593
v 16.002539 1.735582 4.676254
v 16.104198 1.598414 4.776804
v 16.054117 1.468151 4.573964
v 15.953516 1.626256 4.493324
v 16.068180 1.448651 4.904131
v 16.019688 1.306869 4.681554
v 15.636708 1.704703 4.749932
v 15.807561 1.774451 4.670793
v 15.763100 1.684934 4.514174
v 15.593318 1.622211 4.597804
v 15.699731 1.412348 4.973260
v 15.599381 1.552227 4.874985
v 15.557658 1.444620 4.699338
v 15.650899 1.271186 4.761760
v 15.896018 1.376191 4.980996
v 15.849936 1.231052 4.754094
v 16.890154 4.874435 -0.256615
v 16.899515 4.878330 -0.237808
v 16.918886 4.888108 -0.252981
v 16.903431 4.879353 -0.272617
v 16.915655 4.873496 -0.224666
v 16.934340 4.878214 -0.233894
v 16.947617 4.874245 -0.250156
v 16.938255 4.879238 -0.268703
v 16.922117 4.875186 -0.282105
v 15.289246 2.378356 2.452682
v 15.123610 2.543817 2.579047
v 15.288754 2.530529 2.134264
v 15.114281 2.652508 2.374023
v 14.782103 2.290144 2.755908
v 14.753630 2.248059 2.538177
v 16.932631 4.872454 1.521309
v 16.906403 4.877379 1.526555
v 16.918886 4.887188 1.556035
v 16.948074 4.876902 1.543252
v 16.884594 4.871868 1.541846
v 16.889696 4.876190 1.568211
v 16.905140 4.870496 1.589864
v 16.931370 4.875712 1.584909
v 16.953176 4.871082 1.569327
v 16.362486 3.508815 0.449517
v 16.338173 3.561576 0.436939
v 16.300217 3.504011 0.395797
v 16.306713 3.447512 0.389766
v 16.342806 3.616675 0.373381
v 16.273613 3.510430 0.345705
v 16.224649 3.383499 0.337324
v 15.416336 4.962538 6.120173
v 15.399647 4.969924 6.099547
v 15.381115 4.984220 6.124707
v 15.405191 4.969562 6.144361
v 15.375034 4.965833 6.087882
v 15.354980 4.973568 6.105103
v 15.342855 4.968533 6.129315
v 15.360526 4.973206 6.149918
v 15.384157 4.965237 6.161607
v 17.622532 5.134342 4.968298
v 17.626114 5.142433 5.009202
v 17.671518 5.163365 4.994972
v 17.657642 5.145210 4.948280
v 17.646744 5.133661 5.044544
v 17.687025 5.144384 5.040814
v 17.722912 5.137556 5.020392
v 17.718554 5.147161 4.979892
v 17.698700 5.138238 4.944146
v 15.303220 2.022868 2.276075
v 15.356264 2.181378 2.346518
v 15.348409 2.157519 1.980655
v 15.388584 2.318936 2.053587
v 13.378108 2.844956 5.021704
v 13.330603 2.724536 4.965886
v 13.410016 2.732556 4.956905
v 13.448743 2.826957 4.976284
v 13.358213 2.602625 4.894026
v 13.461230 2.682657 4.921323
v 13.480515 2.825882 4.876671
v 11.615286 4.685254 4.269261
v 11.635216 4.692421 4.238524
v 11.594412 4.707462 4.223151
v 11.579039 4.692421 4.263955
v 11.640523 4.685254 4.202278
v 11.609785 4.692421 4.182346
v 11.573540 4.685254 4.177040
v 11.553608 4.692421 4.207777
v 11.548302 4.685254 4.244023
v 15.145472 1.975233 2.250071
v 14.959739 2.063764 2.246533
v 15.038118 2.172938 1.901334
v 15.203518 2.102973 1.926377
v 15.868759 1.307509 3.925731
v 14.016086 4.782108 5.266963
v 13.995310 4.787413 5.295010
v 14.032719 4.800613 5.311709
v 14.049992 4.788919 5.274061
v 13.988301 4.782108 5.329202
v 14.016222 4.788919 5.349705
v 14.050498 4.784585 5.356968
v 14.070904 4.790425 5.328756
v 14.078283 4.784585 5.294729
v 13.154366 2.975662 4.944477
v 12.997961 2.955001 4.858583
v 12.942784 2.895033 4.867532
v 13.026542 2.849813 4.899027
v 12.862564 2.949911 4.796096
v 12.831397 2.875036 4.819422
v 12.882106 2.768192 4.804293
v 14.117763 5.045728 2.953276
v 14.102423 5.046244 2.920127
v 14.068637 5.066024 2.942353
v 14.094364 5.058123 2.978442
v 14.075289 5.034595 2.898621
v 14.042910 5.044636 2.912230
v 14.019511 5.043073 2.940240
v 14.034851 5.056514 2.970545
v 14.061985 5.054206 2.994895
v 14.824727 2.281430 2.230837
v 14.936884 2.354492 1.913504
v 15.200171 1.227007 4.261273
v 15.134868 1.256309 4.046990
v 15.114164 2.629413 2.013670
v 14.999761 2.701202 2.229470
v 13.268869 2.903433 5.010617
v 13.180196 2.777214 4.941207
v 13.120577 2.677478 4.851904
v 12.882626 2.713683 4.690977
v 13.104014 2.635039 4.738431
v 12.911190 2.738048 4.604783
v 13.119087 2.660857 4.645527
v 13.334517 2.580767 4.667552
v 13.330301 2.551221 4.769578
v 15.169115 1.357131 3.897647
v 12.951522 2.822576 4.581583
v 13.153410 2.746988 4.614734
v 12.997605 2.926898 4.633923
v 13.207869 2.841619 4.646388
v 13.400463 2.770374 4.659779
v 13.360609 2.672959 4.629389
v 15.568331 2.610497 5.511504
v 15.537178 2.803704 5.596137
v 15.496242 2.978010 5.672890
v 13.064565 2.985002 4.792215
v 12.918168 2.975309 4.721378
v 13.204264 3.035140 4.865787
v 13.283074 3.020108 4.804160
v 13.155186 2.963394 4.727599
v 16.335907 3.316588 0.221519
v 16.291435 3.315381 0.122710
v 16.382900 3.431842 0.106892
v 16.429939 3.442042 0.183742
v 16.232647 3.352181 0.080198
v 16.328537 3.457302 0.067520
v 16.417677 3.552942 0.036179
v 16.468977 3.535118 0.074693
v 16.147030 3.425559 0.178354
v 16.249186 3.531719 0.158360
v 16.278479 3.500170 0.088437
v 16.176432 3.398307 0.105684
v 16.353460 3.644708 0.127046
v 16.371475 3.596834 0.053324
v 15.926571 2.724020 5.504352
v 15.894594 2.616207 5.463481
v 16.001459 2.803496 5.509793
v 16.003151 2.830308 5.611989
v 15.915844 2.739078 5.618867
v 13.382650 2.950685 4.808537
v 13.290131 2.897105 4.723763
v 13.445064 2.819127 4.748221
v 16.332804 3.621328 0.249705
v 16.250202 3.527126 0.255602
v 16.163418 3.414060 0.266653
v 16.352232 3.409674 0.355721
v 16.414684 3.483169 0.427368
v 16.278011 3.316888 0.305755
v 16.412340 3.421608 0.306810
v 16.468966 3.500348 0.389339
v 16.464733 3.495389 0.267654
v 16.496210 3.562409 0.353154
v 16.422586 3.690461 0.167892
v 16.408684 3.662706 0.252139
v 16.419350 3.663501 0.346957
v 14.298369 3.554989 3.097716
v 14.196745 3.532109 3.033001
v 14.252064 3.396642 2.986768
v 14.360707 3.421102 3.055953
v 14.151101 3.554989 2.921500
v 14.203268 3.421102 2.867568
v 14.198130 3.616001 2.826080
v 14.253544 3.486327 2.765558
v 14.300384 3.677013 2.796741
v 14.362860 3.551552 2.734192
v 14.402008 3.699892 2.861456
v 14.471503 3.576012 2.803377
v 14.447652 3.677013 2.972957
v 14.520299 3.551552 2.922578
v 14.400623 3.616000 3.068377
v 14.470023 3.486327 3.024588
v 14.178257 3.814427 3.178176
v 14.089737 3.795133 3.122069
v 14.143172 3.663422 3.077728
v 14.238059 3.684705 3.138119
v 14.051023 3.812244 3.024537
v 14.100685 3.684432 2.973569
v 14.093573 3.860372 2.940494
v 14.144794 3.740771 2.884359
v 14.183835 3.909320 2.914065
v 14.240417 3.797214 2.856856
v 14.272354 3.928613 2.970171
v 14.335303 3.818497 2.917248
v 14.311069 3.911503 3.067704
v 14.377790 3.797487 3.021407
v 14.268519 3.863374 3.151747
v 14.333682 3.741147 3.110616
v 14.076508 4.085249 3.234852
v 13.999219 4.071519 3.186924
v 14.037514 3.931335 3.163825
v 14.120146 3.947971 3.215658
v 13.969913 4.072535 3.100353
v 14.003553 3.941195 3.071965
v 14.013904 4.089813 3.023608
v 14.046587 3.975253 2.991652
v 14.097866 4.111857 2.997300
v 14.133344 4.011851 2.965224
v 14.175155 4.125587 3.045227
v 14.215975 4.028487 3.017057
v 14.204460 4.124570 3.131799
v 14.249935 4.018627 3.108918
v 14.160470 4.107294 3.208544
v 14.206902 3.984569 3.189230
v 15.194586 2.324722 1.389541
v 15.354715 2.264630 1.431013
v 15.277666 2.194681 1.654603
v 15.117997 2.256892 1.618267
v 15.500952 2.323984 1.506007
v 15.421289 2.253211 1.724173
v 15.540659 2.482597 1.573793
v 15.459561 2.412642 1.794061
v 15.465049 2.641765 1.597222
v 15.381631 2.578435 1.823358
v 15.303772 2.702595 1.553930
v 15.216866 2.645572 1.775053
v 15.156390 2.643980 1.477114
v 15.066803 2.587956 1.700864
v 15.117829 2.484628 1.411149
v 15.035708 2.421795 1.638501
v 15.340733 2.449377 1.028174
v 15.492537 2.393230 1.069247
v 15.426144 2.329784 1.240533
v 15.268795 2.388089 1.198192
v 15.632068 2.449377 1.141796
v 15.570650 2.387997 1.315540
v 15.670324 2.599101 1.205069
v 15.610223 2.543272 1.381254
v 15.599331 2.748825 1.225735
v 15.536547 2.698617 1.402877
v 15.447525 2.804971 1.184662
v 15.379055 2.757014 1.360309
v 15.307996 2.748824 1.112113
v 15.234406 2.698894 1.285074
v 15.269739 2.599101 1.048839
v 15.194976 2.543526 1.219588
v 15.478004 2.566282 0.708842
v 15.618294 2.514395 0.746799
v 15.556338 2.454701 0.905657
v 15.410376 2.508687 0.866165
v 15.747239 2.566282 0.813844
v 15.690498 2.508687 0.975414
v 15.782594 2.704648 0.872318
v 15.727283 2.652648 1.036252
v 15.716986 2.843014 0.891415
v 15.659021 2.796610 1.056122
v 15.576696 2.894901 0.853458
v 15.513059 2.850595 1.016630
v 15.447751 2.843014 0.786412
v 15.378899 2.796610 0.946873
v 15.412396 2.704648 0.727939
v 15.342114 2.652648 0.886034
v 15.616212 2.684891 0.393719
v 15.743353 2.634913 0.432040
v 15.679401 2.573274 0.590851
v 15.544920 2.623383 0.553975
v 15.856991 2.677671 0.501763
v 15.802606 2.622481 0.656241
v 15.884135 2.799966 0.563888
v 15.835885 2.754730 0.713436
v 15.820987 2.924968 0.585498
v 15.772532 2.887319 0.732280
v 15.693846 2.974946 0.547177
v 15.638050 2.937427 0.695405
v 15.580207 2.932188 0.477454
v 15.514846 2.888221 0.630014
v 15.553063 2.809893 0.415328
v 15.481567 2.755971 0.572820
v 15.797523 2.857048 0.103908
v 15.901528 2.800756 0.152607
v 15.815045 2.705708 0.272832
v 15.698097 2.758206 0.229305
v 15.978075 2.813157 0.249034
v 15.912508 2.735573 0.355844
v 15.975316 2.896521 0.339883
v 15.926728 2.841147 0.432218
v 15.904850 2.996343 0.376309
v 15.860544 2.955209 0.461138
v 15.800844 3.052635 0.327610
v 15.743596 3.007707 0.417611
v 15.724298 3.040233 0.231184
v 15.646134 2.977843 0.334599
v 15.727057 2.956870 0.140334
v 15.631914 2.872268 0.258226
v 16.035940 3.126588 0.057359
v 16.110979 3.069017 0.105183
v 16.005608 2.929367 0.105179
v 15.916421 2.988474 0.055256
v 16.147583 3.051066 0.201626
v 16.060032 2.923529 0.205856
v 16.116879 3.089604 0.293789
v 16.040560 2.982362 0.301800
v 16.044521 3.156532 0.331695
v 15.967260 3.065557 0.341251
v 15.970054 3.214292 0.283454
v 15.878145 3.124688 0.291275
v 15.934019 3.232430 0.186593
v 15.823792 3.130550 0.190547
v 15.964153 3.193705 0.094848
v 15.843193 3.071694 0.094653
v 16.203024 3.196273 0.117167
v 16.138533 3.245484 0.072553
v 16.231770 3.177993 0.206473
v 16.196680 3.204555 0.290939
v 16.130060 3.259767 0.324244
v 16.067492 3.309633 0.276022
v 16.042265 3.328583 0.186298
v 16.073732 3.299885 0.104433
v 14.054936 4.347945 3.196059
v 13.986560 4.338724 3.153936
v 13.985437 4.211720 3.178697
v 14.057971 4.222849 3.223424
v 13.962952 4.326244 3.077879
v 13.959551 4.204680 3.097553
v 14.005398 4.317833 3.010474
v 14.003292 4.206727 3.025394
v 14.082336 4.317558 2.987387
v 14.083941 4.215587 3.000438
v 14.150714 4.326780 3.029510
v 14.156474 4.226716 3.045165
v 14.174322 4.339259 3.105567
v 14.182361 4.233756 3.126310
v 14.131876 4.347671 3.172972
v 14.138619 4.231709 3.198468
v 14.055710 4.535239 3.147905
v 13.994114 4.527511 3.109963
v 13.990334 4.441564 3.130365
v 14.055120 4.449775 3.170274
v 13.973167 4.513603 3.041690
v 13.968256 4.427307 3.058520
v 14.011889 4.501309 2.981334
v 14.008918 4.415029 2.994985
v 14.081564 4.497128 2.960809
v 14.082152 4.411177 2.973358
v 14.143160 4.504857 2.998752
v 14.146940 4.419387 3.013268
v 14.164106 4.518764 3.067024
v 14.169018 4.433645 3.085113
v 14.125384 4.531059 3.127380
v 14.128357 4.445923 3.148648
v 14.056927 4.688655 3.107483
v 14.001129 4.681654 3.073112
v 13.997713 4.606590 3.091058
v 14.056334 4.613946 3.127168
v 13.982154 4.669056 3.011266
v 13.977777 4.593354 3.026082
v 14.017231 4.657918 2.956591
v 14.014629 4.581653 2.968641
v 14.080347 4.654130 2.937998
v 14.080940 4.577675 2.949107
v 14.136145 4.661132 2.972369
v 14.139561 4.585030 2.985217
v 14.155120 4.673730 3.034215
v 14.159496 4.598266 3.050193
v 14.120043 4.684868 3.088890
v 14.122644 4.609967 3.107634
v 14.058043 4.829489 3.070376
v 14.007568 4.823155 3.039284
v 14.004406 4.753657 3.055898
v 14.057495 4.760319 3.088601
v 13.990404 4.811759 2.983337
v 13.986352 4.741670 2.997054
v 14.022135 4.801683 2.933877
v 14.019726 4.731073 2.945033
v 14.079230 4.798257 2.917058
v 14.079779 4.727470 2.927343
v 14.129705 4.804591 2.948150
v 14.132868 4.734131 2.960045
v 14.146871 4.815988 3.004097
v 14.150922 4.746118 3.018890
v 14.115139 4.826062 3.053556
v 14.117548 4.756715 3.070910
v 14.059093 4.961892 3.035490
v 14.013622 4.956185 3.007480
v 14.010636 4.890570 3.023167
v 14.058576 4.896585 3.052697
v 13.998159 4.945919 2.957079
v 13.994333 4.879745 2.970031
v 14.026744 4.936843 2.912523
v 14.024470 4.870176 2.923056
v 14.078180 4.933756 2.897371
v 14.078698 4.866923 2.907081
v 14.123652 4.939462 2.925381
v 14.126637 4.872938 2.936612
v 14.139114 4.949728 2.975782
v 14.142941 4.883762 2.989748
v 14.110529 4.958805 3.020338
v 14.112803 4.893331 3.036723
v 14.018468 5.016708 2.991386
v 14.059933 5.021225 3.017080
v 14.004356 5.006657 2.945563
v 14.030434 4.999069 2.904793
v 14.077341 4.995564 2.891105
v 14.118806 5.001457 2.916518
v 14.132917 5.010132 2.962621
v 14.106840 5.019096 3.003111
v 13.695421 2.458145 4.647835
v 13.695197 2.417099 4.764008
v 13.524951 2.477196 4.773276
v 13.525550 2.512879 4.664360
v 13.715994 2.460153 4.877462
v 13.548283 2.519162 4.880142
v 13.748670 2.572748 4.916040
v 13.589339 2.623792 4.911791
v 13.773200 2.684544 4.868972
v 13.614676 2.729952 4.864333
v 13.772276 2.725466 4.754038
v 13.608083 2.763288 4.756734
v 13.750330 2.682289 4.641823
v 13.581137 2.719931 4.656177
v 13.718803 2.569817 4.602006
v 13.548512 2.615129 4.621315
v 14.003136 2.376800 4.617839
v 14.004155 2.331915 4.739841
v 13.853990 2.370196 4.751952
v 13.854076 2.413851 4.631600
v 14.029751 2.374566 4.859464
v 13.875271 2.413823 4.870335
v 14.067507 2.490860 4.901595
v 13.907833 2.530204 4.912364
v 14.095284 2.607991 4.853117
v 13.932394 2.646589 4.864926
v 14.094263 2.652875 4.731115
v 13.932336 2.690229 4.744729
v 14.068668 2.610225 4.611493
v 13.910912 2.646587 4.626501
v 14.030910 2.493932 4.569361
v 13.878493 2.530221 4.584317
v 14.144421 2.295057 4.727341
v 14.140698 2.341601 4.604176
v 14.180314 2.334383 4.846780
v 14.230637 2.447522 4.887300
v 14.266105 2.563369 4.836845
v 14.262383 2.609913 4.713681
v 14.226489 2.570587 4.594242
v 14.176167 2.457448 4.553721
v 13.952722 3.748831 5.186415
v 13.901829 3.761768 5.244902
v 13.945187 3.809716 5.269079
v 13.995638 3.799545 5.213193
v 13.889859 3.739768 5.319303
v 13.935617 3.792302 5.342197
v 13.964085 3.848819 5.355577
v 13.971128 3.860341 5.283509
v 14.021326 3.853728 5.230163
v 13.929971 3.691486 5.365440
v 13.978874 3.754165 5.389362
v 13.993655 3.646603 5.361744
v 14.044638 3.718743 5.388150
v 14.079167 3.800458 5.405504
v 14.010894 3.823718 5.404056
v 14.044548 3.633667 5.303257
v 14.095089 3.708573 5.332263
v 14.056518 3.655667 5.228856
v 14.104658 3.725987 5.259145
v 14.136409 3.805368 5.280090
v 14.129367 3.793845 5.352159
v 14.016406 3.703948 5.182719
v 14.061401 3.764125 5.211981
v 14.089601 3.830469 5.231612
v 13.828884 3.606454 5.110050
v 13.774433 3.621634 5.173725
v 13.843498 3.698468 5.212324
v 13.895812 3.684040 5.151277
v 13.760420 3.595878 5.253664
v 13.830176 3.673983 5.289085
v 13.801498 3.539316 5.302276
v 13.869857 3.620214 5.335876
v 13.868251 3.486720 5.297032
v 13.934152 3.570217 5.330989
v 13.922702 3.471540 5.233356
v 13.986465 3.555789 5.269942
v 13.936716 3.497295 5.153419
v 13.999787 3.580274 5.193181
v 13.895638 3.553858 5.104806
v 13.960106 3.634043 5.146389
v 13.677045 3.429997 5.016549
v 13.617598 3.446569 5.086066
v 13.698661 3.537054 5.131374
v 13.755526 3.521202 5.064877
v 13.602299 3.418452 5.173339
v 13.684027 3.510158 5.214856
v 13.647146 3.356700 5.226411
v 13.726926 3.451088 5.265623
v 13.720023 3.299278 5.220686
v 13.796638 3.396161 5.260147
v 13.779469 3.282706 5.151169
v 13.853502 3.380308 5.193649
v 13.794769 3.310823 5.063896
v 13.868137 3.407205 5.110168
v 13.749922 3.372575 5.010825
v 13.825237 3.466274 5.059401
v 13.501535 3.227281 4.914948
v 13.436759 3.244798 4.986524
v 13.531270 3.350219 5.038008
v 13.593412 3.332962 4.965859
v 13.420504 3.214057 5.078269
v 13.515328 3.320813 5.128819
v 13.470906 3.147796 5.135204
v 13.562402 3.256389 5.184186
v 13.551204 3.086188 5.131210
v 13.638695 3.196483 5.178482
v 13.614666 3.067854 5.060477
v 13.700674 3.179124 5.106440
v 13.629609 3.097777 4.969576
v 13.716451 3.208428 5.015733
v 13.580520 3.164855 4.911798
v 13.669541 3.272954 4.960261
v 13.329574 3.131532 4.930240
v 13.398236 3.114944 4.864018
v 13.311221 3.097069 5.018529
v 13.371294 3.029199 5.076272
v 13.459154 2.967582 5.077467
v 13.523488 2.948217 5.014899
v 13.536661 2.976056 4.927346
v 13.481557 3.049436 4.866493
v 14.012190 4.698222 5.250768
v 13.976738 4.697577 5.286718
v 13.978967 4.752158 5.287714
v 14.012033 4.752210 5.254235
v 13.973643 4.698222 5.337114
v 13.976119 4.752209 5.334682
v 14.009561 4.699940 5.372564
v 14.009557 4.754360 5.367719
v 14.059933 4.701658 5.375635
v 14.056513 4.755411 5.370572
v 14.095385 4.702303 5.339685
v 14.089542 4.756562 5.337077
v 14.098479 4.701658 5.289289
v 14.092426 4.755411 5.290125
v 14.062562 4.699940 5.253839
v 14.058952 4.754359 5.257071
v 14.015124 4.557078 5.248285
v 13.977075 4.556387 5.286869
v 13.976896 4.631045 5.286789
v 14.013573 4.631711 5.249598
v 13.973753 4.557078 5.340956
v 13.973696 4.631711 5.338925
v 14.012301 4.558923 5.379004
v 14.010852 4.633489 5.375599
v 14.066364 4.560767 5.382299
v 14.062963 4.635266 5.378776
v 14.104413 4.561458 5.343716
v 14.099640 4.635933 5.341584
v 14.107735 4.560767 5.289628
v 14.102840 4.635266 5.289449
v 14.069186 4.558923 5.251581
v 14.065683 4.633489 5.252775
v 14.018570 4.391282 5.245368
v 13.977469 4.390536 5.287045
v 13.977266 4.475869 5.286955
v 14.016797 4.476587 5.246869
v 13.973883 4.391282 5.345469
v 13.973816 4.476587 5.343148
v 14.015521 4.393275 5.386568
v 14.013865 4.478503 5.382676
v 14.073918 4.395266 5.390128
v 14.070031 4.480419 5.386100
v 14.115019 4.396013 5.348451
v 14.109562 4.481138 5.346014
v 14.118607 4.395266 5.290026
v 14.113012 4.480419 5.289822
v 14.076967 4.393274 5.248928
v 14.072964 4.478503 5.250293
v 14.022365 4.208729 5.242156
v 13.977905 4.207922 5.287240
v 13.977683 4.301069 5.287141
v 14.020429 4.301847 5.243794
v 13.974025 4.208729 5.350439
v 13.973952 4.301847 5.347905
v 14.019067 4.210884 5.394897
v 14.017259 4.303917 5.390648
v 14.082236 4.213038 5.398747
v 14.077993 4.305989 5.394351
v 14.126697 4.213846 5.353663
v 14.120740 4.306766 5.351005
v 14.130577 4.213038 5.290464
v 14.124471 4.305989 5.290240
v 14.085534 4.210884 5.246006
v 14.081164 4.303917 5.247497
v 14.027126 4.017711 5.239115
v 13.979240 4.018103 5.287959
v 13.978243 4.112226 5.287406
v 14.024455 4.112909 5.240510
v 13.974751 4.016888 5.356110
v 13.974171 4.112807 5.353106
v 14.022791 4.014594 5.403787
v 14.020929 4.114469 5.399290
v 14.090473 4.012607 5.407591
v 14.086544 4.116170 5.403250
v 14.138359 4.012216 5.358747
v 14.132756 4.116853 5.356353
v 14.142849 4.013430 5.290597
v 14.136827 4.116273 5.290653
v 14.094808 4.015725 5.242919
v 14.090070 4.114610 5.244470
v 13.979711 3.931198 5.288251
v 14.029023 3.928157 5.237261
v 13.974337 3.925590 5.358628
v 14.022667 3.913577 5.407235
v 14.091505 3.902526 5.410328
v 14.140818 3.899485 5.359338
v 14.146192 3.905093 5.288960
v 14.097861 3.917106 5.240355
v 12.547891 2.848923 4.677346
v 12.567788 2.816413 4.589069
v 12.704994 2.770801 4.637681
v 12.686312 2.807273 4.727695
v 12.609198 2.846744 4.508858
v 12.742584 2.798396 4.556082
v 12.650685 2.930438 4.488388
v 12.783892 2.881804 4.535198
v 12.668469 3.014776 4.530901
v 12.802823 2.968902 4.577876
v 12.646664 3.046827 4.618648
v 12.774359 3.003422 4.665072
v 12.603347 3.016037 4.698327
v 12.728431 2.974608 4.743883
v 12.563766 2.932802 4.719329
v 12.693372 2.893276 4.766252
v 12.341848 2.933279 4.594938
v 12.361126 2.903679 4.512024
v 12.456990 2.860438 4.548040
v 12.437008 2.891363 4.634320
v 12.401354 2.933279 4.437003
v 12.498672 2.891091 4.469932
v 12.440443 3.012210 4.417914
v 12.539332 2.973184 4.450050
v 12.457218 3.091141 4.458051
v 12.556779 3.055357 4.491788
v 12.437939 3.120740 4.540966
v 12.536558 3.086224 4.578002
v 12.397713 3.091141 4.615986
v 12.494637 3.055514 4.656044
v 12.358624 3.012210 4.635076
v 12.454216 2.973479 4.675992
v 12.166867 3.012370 4.521621
v 12.184566 2.985197 4.445502
v 12.271098 2.945245 4.478105
v 12.252625 2.973608 4.557554
v 12.221496 3.012370 4.376629
v 12.309644 2.973608 4.406219
v 12.257380 3.084832 4.359105
v 12.347099 3.049240 4.387928
v 12.272781 3.157295 4.395952
v 12.363173 3.124873 4.426387
v 12.255083 3.184468 4.472071
v 12.344702 3.153235 4.505836
v 12.218153 3.157295 4.540944
v 12.306155 3.124873 4.577722
v 12.182268 3.084832 4.558468
v 12.268700 3.049240 4.596013
v 12.003557 3.086187 4.453193
v 12.019781 3.061278 4.383416
v 12.100928 3.023812 4.413990
v 12.083979 3.049836 4.486890
v 12.053634 3.086187 4.320282
v 12.136297 3.049836 4.348030
v 12.086530 3.152611 4.304218
v 12.170665 3.119234 4.331246
v 12.100647 3.219036 4.337995
v 12.185413 3.188632 4.366536
v 12.084423 3.243945 4.407772
v 12.168464 3.214656 4.439435
v 12.050570 3.219036 4.470906
v 12.133096 3.188632 4.505395
v 12.017674 3.152612 4.486970
v 12.098728 3.119234 4.522179
v 11.848885 3.156099 4.388384
v 11.863711 3.133334 4.324614
v 11.940790 3.097747 4.353655
v 11.925274 3.121571 4.420391
v 11.894650 3.156099 4.266915
v 11.973167 3.121571 4.293272
v 11.924714 3.216806 4.252234
v 12.004631 3.185102 4.277907
v 11.937616 3.277512 4.283103
v 12.018132 3.248633 4.310213
v 11.922789 3.300277 4.346873
v 12.002617 3.272456 4.376949
v 11.891850 3.277512 4.404572
v 11.970238 3.248633 4.437333
v 11.861786 3.216805 4.419253
v 11.938776 3.185102 4.452697
v 11.697098 3.226207 4.324950
v 11.709125 3.206716 4.266371
v 11.787663 3.168697 4.295961
v 11.773693 3.190273 4.356899
v 11.738743 3.226207 4.214420
v 11.817377 3.190273 4.240956
v 11.770005 3.278181 4.202532
v 11.846561 3.247809 4.227127
v 11.785651 3.330155 4.232093
v 11.859365 3.305346 4.256775
v 11.773624 3.349645 4.290672
v 11.845395 3.326922 4.317713
v 11.744007 3.330155 4.342623
v 11.815681 3.305346 4.372719
v 11.712744 3.278181 4.354511
v 11.786497 3.247809 4.386548
v 11.560740 3.324405 4.268413
v 11.565275 3.313366 4.212173
v 11.628595 3.251942 4.236030
v 11.620190 3.267790 4.293046
v 11.598978 3.324405 4.166923
v 11.659902 3.267790 4.187642
v 11.645039 3.353844 4.162546
v 11.697886 3.310052 4.179383
v 11.676758 3.383283 4.196228
v 11.720976 3.352315 4.210652
v 11.672222 3.394322 4.252467
v 11.712570 3.368163 4.267669
v 11.638519 3.383283 4.297717
v 11.681262 3.352314 4.316057
v 11.592461 3.353844 4.302094
v 11.643280 3.310052 4.324315
v 11.527936 3.487211 4.254468
v 11.528577 3.485314 4.198346
v 11.535896 3.396104 4.201104
v 11.533937 3.401991 4.257187
v 11.565128 3.487211 4.155754
v 11.571432 3.401991 4.157670
v 11.619982 3.492271 4.155285
v 11.623232 3.417686 4.155879
v 11.660889 3.497330 4.191833
v 11.660971 3.433383 4.191406
v 11.660248 3.499228 4.247955
v 11.659013 3.439268 4.247490
v 11.623696 3.497330 4.290547
v 11.623476 3.433383 4.290923
v 11.568842 3.492271 4.291017
v 11.571676 3.417686 4.292715
v 11.527260 3.638483 4.253549
v 11.527346 3.638483 4.197882
v 11.527205 3.565496 4.197829
v 11.527049 3.565733 4.253798
v 11.564013 3.638483 4.155998
v 11.564020 3.565733 4.155673
v 11.619680 3.638483 4.156084
v 11.619829 3.566365 4.155690
v 11.661565 3.638483 4.192752
v 11.661775 3.566998 4.192504
v 11.661478 3.638483 4.248419
v 11.661619 3.567235 4.248472
v 11.624811 3.638483 4.290303
v 11.624804 3.566998 4.290628
v 11.569143 3.638483 4.290217
v 11.568995 3.566365 4.290611
v 11.528032 3.779568 4.253199
v 11.528117 3.779568 4.198173
v 11.527735 3.709445 4.198029
v 11.527649 3.709445 4.253373
v 11.564363 3.779568 4.156771
v 11.564190 3.709445 4.156386
v 11.619390 3.779568 4.156856
v 11.619534 3.709445 4.156472
v 11.660791 3.779568 4.193102
v 11.661176 3.709445 4.192928
v 11.660707 3.779568 4.248128
v 11.661090 3.709445 4.248273
v 11.624460 3.779568 4.289531
v 11.624635 3.709445 4.289915
v 11.569434 3.779568 4.289445
v 11.569290 3.709445 4.289829
v 11.528790 3.917912 4.252856
v 11.528874 3.917912 4.198458
v 11.528497 3.849022 4.198316
v 11.528412 3.849022 4.253027
v 11.564707 3.917912 4.157528
v 11.564535 3.849022 4.157151
v 11.619105 3.917912 4.157612
v 11.619246 3.849022 4.157236
v 11.660034 3.917912 4.193445
v 11.660412 3.849022 4.193274
v 11.659950 3.917912 4.247843
v 11.660327 3.849022 4.247985
v 11.624118 3.917912 4.288773
v 11.624289 3.849022 4.289150
v 11.569719 3.917912 4.288689
v 11.569577 3.849022 4.289065
v 11.529537 4.054302 4.252518
v 11.529619 4.054302 4.198739
v 11.529248 3.986320 4.198599
v 11.529164 3.986320 4.252687
v 11.565044 4.054302 4.158275
v 11.564876 3.986320 4.157903
v 11.618824 4.054302 4.158359
v 11.618964 3.986320 4.157987
v 11.659287 4.054302 4.193783
v 11.659659 3.986320 4.193614
v 11.659204 4.054302 4.247562
v 11.659576 3.986320 4.247703
v 11.623780 4.054302 4.288026
v 11.623948 3.986320 4.288398
v 11.570001 4.054302 4.287943
v 11.569860 3.986320 4.288315
v 11.530275 4.189169 4.252184
v 11.530357 4.189169 4.199017
v 11.529989 4.121907 4.198878
v 11.529906 4.121906 4.252351
v 11.565378 4.189169 4.159013
v 11.565212 4.121906 4.158645
v 11.618546 4.189169 4.159096
v 11.618685 4.121907 4.158728
v 11.658549 4.189169 4.194117
v 11.658917 4.121906 4.193951
v 11.658466 4.189169 4.247284
v 11.658835 4.121907 4.247423
v 11.623446 4.189169 4.287288
v 11.623612 4.121906 4.287656
v 11.570278 4.189169 4.287205
v 11.570141 4.121907 4.287573
v 11.531007 4.322788 4.251853
v 11.531088 4.322789 4.199292
v 11.530724 4.256121 4.199155
v 11.530642 4.256121 4.252018
v 11.565710 4.322788 4.159745
v 11.565545 4.256121 4.159380
v 11.618271 4.322789 4.159827
v 11.618408 4.256121 4.159462
v 11.657818 4.322788 4.194448
v 11.658183 4.256121 4.194283
v 11.657736 4.322789 4.247009
v 11.658100 4.256121 4.247147
v 11.623114 4.322788 4.286556
v 11.623280 4.256121 4.286921
v 11.570554 4.322789 4.286475
v 11.570416 4.256121 4.286839
v 11.531733 4.455351 4.251524
v 11.531813 4.455352 4.199565
v 11.531451 4.389192 4.199429
v 11.531370 4.389192 4.251688
v 11.566038 4.455351 4.160471
v 11.565874 4.389192 4.160109
v 11.617997 4.455352 4.160552
v 11.618134 4.389192 4.160190
v 11.657092 4.455351 4.194777
v 11.657454 4.389192 4.194613
v 11.657011 4.455352 4.246736
v 11.657372 4.389192 4.246872
v 11.622786 4.455351 4.285830
v 11.622950 4.389192 4.286192
v 11.570827 4.455352 4.285749
v 11.570690 4.389192 4.286111
v 11.532454 4.587000 4.251198
v 11.532533 4.587000 4.199836
v 11.532173 4.521283 4.199701
v 11.532093 4.521283 4.251361
v 11.566365 4.587000 4.161192
v 11.566202 4.521283 4.160832
v 11.617726 4.587000 4.161272
v 11.617861 4.521283 4.160912
v 11.656371 4.587000 4.195103
v 11.656731 4.521283 4.194941
v 11.656291 4.587000 4.246465
v 11.656651 4.521283 4.246600
v 11.622459 4.587000 4.285109
v 11.622622 4.521283 4.285469
v 11.571098 4.587000 4.285030
v 11.570963 4.521283 4.285389
v 11.535448 4.649098 4.200934
v 11.535411 4.648391 4.249859
v 11.567703 4.648391 4.164150
v 11.616628 4.649098 4.164186
v 11.653414 4.648391 4.196442
v 11.653376 4.649098 4.245367
v 11.621120 4.648391 4.282151
v 11.572196 4.649098 4.282115
v 16.197830 2.953947 5.354130
v 16.241989 2.920261 5.445051
v 16.113844 2.865706 5.484857
v 16.074297 2.897627 5.396238
v 16.256495 2.954465 5.545763
v 16.123695 2.897955 5.584251
v 16.228664 3.045713 5.594589
v 16.094736 2.986025 5.634011
v 16.178450 3.136423 5.571641
v 16.046099 3.073409 5.614192
v 15.917992 3.009761 5.666088
v 15.967622 2.917656 5.671685
v 16.133257 3.169188 5.480955
v 16.002184 3.103153 5.527074
v 16.117718 3.134064 5.380477
v 15.985855 3.066430 5.426025
v 15.876150 3.047211 5.590481
v 16.146580 3.043736 5.331417
v 16.022280 2.980944 5.375472
v 16.434601 3.064407 5.277247
v 16.480080 3.030017 5.368071
v 16.364229 2.974865 5.405527
v 16.318586 3.009417 5.314034
v 16.496380 3.064407 5.468328
v 16.380423 3.009482 5.506568
v 16.469061 3.156116 5.516733
v 16.352842 3.101798 5.555377
v 16.418575 3.247825 5.493484
v 16.302025 3.194047 5.531996
v 16.373098 3.282216 5.402660
v 16.256252 3.228484 5.440531
v 16.356796 3.247825 5.302402
v 16.239929 3.193752 5.339520
v 16.384115 3.156116 5.253997
v 16.267639 3.101551 5.290682
v 16.661129 3.172358 5.206013
v 16.705744 3.138620 5.295111
v 16.593590 3.084645 5.331371
v 16.548546 3.118707 5.241416
v 16.721735 3.172358 5.393462
v 16.609735 3.118707 5.430670
v 16.694935 3.262324 5.440948
v 16.582678 3.209539 5.478612
v 16.645409 3.352290 5.418140
v 16.532675 3.300372 5.455585
v 16.600794 3.386028 5.329042
v 16.487631 3.334434 5.365629
v 16.584803 3.352290 5.230690
v 16.471485 3.300372 5.266331
v 16.611603 3.262324 5.183205
v 16.498543 3.209539 5.218388
v 16.882950 3.278065 5.136259
v 16.926718 3.244968 5.223666
v 16.816738 3.192039 5.259224
v 16.772551 3.225455 5.170976
v 16.942406 3.278065 5.320153
v 16.832579 3.225455 5.356639
v 16.916115 3.366325 5.366737
v 16.806034 3.314564 5.403672
v 16.867527 3.454585 5.344362
v 16.756979 3.403673 5.381081
v 16.823759 3.487682 5.256954
v 16.712790 3.437089 5.292832
v 16.808071 3.454585 5.160468
v 16.696951 3.403673 5.195417
v 16.834364 3.366325 5.113883
v 16.723495 3.314564 5.148385
v 17.101128 3.382036 5.067651
v 17.144062 3.349568 5.153396
v 17.035795 3.297463 5.188400
v 16.992447 3.330245 5.101826
v 17.159452 3.382036 5.248047
v 17.051334 3.330245 5.283965
v 17.133659 3.468617 5.293746
v 17.025293 3.417662 5.330106
v 17.085997 3.555198 5.271796
v 16.977171 3.505080 5.307943
v 17.043062 3.587667 5.186051
v 16.933821 3.537861 5.221370
v 17.027672 3.555198 5.091399
v 16.918282 3.505080 5.125804
v 17.053463 3.468617 5.045700
v 16.944323 3.417662 5.079665
v 17.316334 3.484591 4.999976
v 17.358448 3.452744 5.084082
v 17.251593 3.401319 5.118630
v 17.209068 3.433475 5.033707
v 17.373543 3.484591 5.176924
v 17.266834 3.433475 5.212374
v 17.348246 3.569517 5.221749
v 17.241291 3.519226 5.257634
v 17.301493 3.654443 5.200218
v 17.194084 3.604977 5.235895
v 17.259378 3.686290 5.116113
v 17.151562 3.637134 5.150971
v 17.244284 3.654443 5.023271
v 17.136318 3.604977 5.057228
v 17.269581 3.569517 4.978446
v 17.161863 3.519226 5.011968
v 17.535404 3.591810 4.931055
v 17.579018 3.562702 5.012802
v 17.465767 3.504868 5.049388
v 17.423771 3.536142 4.966187
v 17.591400 3.591707 5.104629
v 17.480413 3.536129 5.141430
v 17.560257 3.669173 5.150613
v 17.454569 3.619507 5.186075
v 17.508114 3.746676 5.131507
v 17.407482 3.702889 5.165004
v 17.464500 3.775785 5.049760
v 17.365486 3.734163 5.081803
v 17.452118 3.746779 4.957933
v 17.350838 3.702902 4.989761
v 17.483263 3.669313 4.911949
v 17.376684 3.619524 4.945116
v 17.735685 3.757961 4.869861
v 17.787756 3.740973 4.945962
v 17.697033 3.634931 4.974777
v 17.649197 3.659108 4.895447
v 17.789473 3.757320 5.038210
v 17.704338 3.658784 5.067152
v 17.732418 3.801646 5.091306
v 17.660639 3.722761 5.116738
v 17.655191 3.846214 5.081271
v 17.596260 3.786861 5.101935
v 17.603119 3.863202 5.005170
v 17.548424 3.811038 5.022605
v 17.601404 3.846855 4.912922
v 17.541119 3.787186 4.930231
v 17.658459 3.802528 4.859826
v 17.584818 3.723207 4.880644
v 17.771027 4.053115 4.867739
v 17.824165 4.050787 4.936595
v 17.823408 3.891412 4.935534
v 17.769745 3.900231 4.863123
v 17.820526 4.051874 5.023493
v 17.821501 3.899245 5.025678
v 17.754108 4.056195 5.076751
v 17.757111 3.921265 5.079803
v 17.669127 4.060981 5.071602
v 17.673311 3.943654 5.072969
v 17.615990 4.063308 5.002745
v 17.619648 3.952473 5.000559
v 17.619627 4.062221 4.915848
v 17.621555 3.944640 4.910415
v 17.686047 4.057900 4.862589
v 17.685946 3.922621 4.856290
v 17.759045 4.291872 4.880095
v 17.808901 4.292608 4.943569
v 17.817101 4.182646 4.939987
v 17.765430 4.182271 4.874053
v 17.804789 4.290585 5.024156
v 17.812933 4.180954 5.023632
v 17.741409 4.286664 5.073983
v 17.747387 4.177952 5.075291
v 17.660875 4.283224 5.069788
v 17.664030 4.175444 5.070858
v 17.611019 4.282488 5.006314
v 17.612360 4.175070 5.004925
v 17.615131 4.284511 4.925728
v 17.616529 4.176762 4.921280
v 17.678511 4.288433 4.875900
v 17.682072 4.179763 4.869621
v 17.746853 4.490777 4.891312
v 17.793209 4.491462 4.950328
v 17.800873 4.394323 4.947027
v 17.752808 4.393614 4.885833
v 17.789387 4.489581 5.025256
v 17.796911 4.392373 5.024718
v 17.730457 4.485935 5.071585
v 17.735807 4.388592 5.072756
v 17.655579 4.482738 5.067684
v 17.658167 4.385277 5.068712
v 17.609222 4.482053 5.008667
v 17.610100 4.384566 5.007518
v 17.613047 4.483934 4.933740
v 17.614065 4.386518 4.929826
v 17.671974 4.487580 4.887411
v 17.675167 4.390298 4.881788
v 17.735552 4.675194 4.901711
v 17.778660 4.675831 4.956594
v 17.785820 4.585091 4.953511
v 17.741114 4.584429 4.896592
v 17.775106 4.674081 5.026276
v 17.782135 4.583276 5.025774
v 17.720303 4.670691 5.069360
v 17.725300 4.579760 5.070455
v 17.650667 4.667717 5.065733
v 17.653084 4.576676 5.066693
v 17.607557 4.667080 5.010849
v 17.608377 4.576015 5.009775
v 17.611113 4.668830 4.941168
v 17.612064 4.577830 4.937512
v 17.665915 4.672221 4.898083
v 17.668898 4.581346 4.892831
v 17.724850 4.849811 4.911557
v 17.764885 4.850403 4.962528
v 17.771690 4.764161 4.959597
v 17.730137 4.763547 4.906693
v 17.761583 4.848778 5.027242
v 17.768265 4.762475 5.026764
v 17.710688 4.845629 5.067255
v 17.715439 4.759206 5.068295
v 17.646017 4.842867 5.063886
v 17.648315 4.756340 5.064798
v 17.605982 4.842276 5.012915
v 17.606760 4.755725 5.011894
v 17.609283 4.843901 4.948201
v 17.610188 4.757412 4.944727
v 17.660179 4.847050 4.908188
v 17.663013 4.760681 4.903196
v 17.714598 5.017076 4.920989
v 17.751690 5.017624 4.968212
v 17.758224 4.934824 4.965398
v 17.719675 4.934255 4.916319
v 17.748631 5.016119 5.028167
v 17.755045 4.933260 5.027709
v 17.701479 5.013202 5.065237
v 17.706039 4.930227 5.066236
v 17.641563 5.010643 5.062116
v 17.643768 4.927569 5.062993
v 17.604471 5.010095 5.014893
v 17.605219 4.926999 5.013913
v 17.607531 5.011600 4.954939
v 17.608398 4.928564 4.951603
v 17.654682 5.014518 4.917868
v 17.657404 4.931595 4.913075
v 17.742731 5.094696 4.971745
v 17.708479 5.093318 4.928077
v 17.739937 5.092432 5.027145
v 17.696316 5.090608 5.061438
v 17.640968 5.087371 5.058527
v 17.606640 5.087736 5.014898
v 17.609510 5.088256 4.959458
v 17.653055 5.091825 4.925206
v 15.508198 3.164066 5.965839
v 15.430678 3.145442 5.935775
v 15.484324 3.041788 5.875661
v 15.567740 3.060676 5.901105
v 15.382129 3.164217 5.869081
v 15.431675 3.061071 5.811972
v 15.397806 3.213195 5.801269
v 15.445811 3.111050 5.741997
v 15.460385 3.262615 5.770194
v 15.509234 3.165044 5.706389
v 15.536904 3.282568 5.801466
v 15.585920 3.192675 5.738768
v 15.584453 3.265123 5.869367
v 15.635467 3.177617 5.805535
v 15.569776 3.214816 5.935971
v 15.625893 3.122426 5.870533
v 15.694594 3.046423 5.786868
v 15.424315 3.329112 6.055034
v 15.354683 3.312592 6.026073
v 15.388658 3.233696 5.984713
v 15.462502 3.251244 6.015153
v 15.312182 3.329112 5.963774
v 15.343431 3.251263 5.918977
v 15.327335 3.373166 5.902210
v 15.359352 3.297974 5.853780
v 15.384538 3.417220 5.874869
v 15.419877 3.344740 5.824705
v 15.454171 3.433740 5.903829
v 15.493598 3.362454 5.855296
v 15.496672 3.417220 5.966129
v 15.538698 3.345053 5.921183
v 15.481519 3.373166 6.027693
v 15.522902 3.298177 5.986229
v 15.353268 3.476839 6.128960
v 15.291387 3.463623 6.103965
v 15.322949 3.387923 6.065080
v 15.388474 3.403285 6.092238
v 15.254132 3.477390 6.048646
v 15.283021 3.403354 6.006462
v 15.268381 3.513471 5.993155
v 15.297378 3.444424 5.948434
v 15.319804 3.549346 5.967781
v 15.351278 3.485469 5.922571
v 15.381685 3.562563 5.992775
v 15.416802 3.500832 5.949730
v 15.418940 3.548795 6.048094
v 15.456731 3.485401 6.008348
v 15.404692 3.512714 6.103585
v 15.442374 3.444330 6.066376
v 15.297064 3.639905 6.190442
v 15.240443 3.635153 6.170767
v 15.260885 3.543804 6.142148
v 15.319814 3.553221 6.164410
v 15.208498 3.643204 6.120275
v 15.226467 3.554942 6.089553
v 15.224794 3.660893 6.066031
v 15.241645 3.582671 6.035073
v 15.274302 3.677345 6.038098
v 15.291829 3.609755 6.008665
v 15.330923 3.682097 6.057774
v 15.350758 3.619172 6.030928
v 15.362868 3.674045 6.108265
v 15.385176 3.608034 6.083522
v 15.346573 3.656357 6.162510
v 15.369997 3.580305 6.138001
v 15.297810 3.842677 6.200396
v 15.244451 3.845467 6.183431
v 15.237413 3.740598 6.182373
v 15.292242 3.740942 6.200332
v 15.215149 3.848658 6.135670
v 15.207091 3.745808 6.133408
v 15.231728 3.850317 6.082473
v 15.223802 3.754126 6.079517
v 15.279303 3.849733 6.053548
v 15.272444 3.760618 6.050724
v 15.332662 3.846944 6.070514
v 15.327272 3.760962 6.068683
v 15.361963 3.843751 6.118275
v 15.357594 3.755751 6.117648
v 15.345385 3.842093 6.171472
v 15.340884 3.747434 6.171538
v 15.310534 4.009104 6.196815
v 15.259740 4.013204 6.180869
v 15.252422 3.935187 6.182283
v 15.304455 3.931177 6.198645
v 15.231915 4.015376 6.135347
v 15.223910 3.937527 6.135658
v 15.247801 4.013982 6.084387
v 15.240170 3.936489 6.083498
v 15.293169 4.010237 6.056479
v 15.286633 3.933070 6.054957
v 15.343964 4.006137 6.072424
v 15.338667 3.929061 6.071319
v 15.371788 4.003965 6.117947
v 15.367178 3.926722 6.117944
v 15.355902 4.005359 6.168907
v 15.350919 3.927759 6.170105
v 15.321795 4.152418 6.193349
v 15.273303 4.156332 6.178125
v 15.266664 4.086267 6.179469
v 15.316282 4.082262 6.195046
v 15.246740 4.158406 6.134667
v 15.239483 4.088389 6.135000
v 15.261906 4.157076 6.086018
v 15.255001 4.087028 6.085219
v 15.305217 4.153500 6.059375
v 15.299319 4.083369 6.057957
v 15.353708 4.149587 6.074598
v 15.348938 4.079364 6.073534
v 15.380271 4.147512 6.118056
v 15.376119 4.077242 6.118002
v 15.365106 4.148843 6.166705
v 15.360600 4.078603 6.167783
v 15.332306 4.286199 6.190113
v 15.285964 4.289940 6.175565
v 15.279724 4.224088 6.176826
v 15.327126 4.220263 6.191708
v 15.260579 4.291922 6.134033
v 15.253758 4.226116 6.134346
v 15.275072 4.290650 6.087540
v 15.268582 4.224815 6.086790
v 15.316463 4.287233 6.062078
v 15.310920 4.221320 6.060745
v 15.362805 4.283493 6.076627
v 15.358321 4.217494 6.075627
v 15.388190 4.281511 6.118158
v 15.384287 4.215467 6.118108
v 15.373697 4.282782 6.164651
v 15.369463 4.216767 6.165663
v 15.342308 4.413490 6.187034
v 15.298012 4.417066 6.173128
v 15.292053 4.354195 6.174333
v 15.337361 4.350538 6.188557
v 15.273746 4.418960 6.133429
v 15.267235 4.356133 6.133728
v 15.287600 4.417745 6.088989
v 15.281404 4.354890 6.088273
v 15.327164 4.414479 6.064651
v 15.321872 4.351550 6.063378
v 15.371460 4.410903 6.078557
v 15.367180 4.347892 6.077602
v 15.395725 4.409009 6.118256
v 15.391998 4.345954 6.118207
v 15.381871 4.410224 6.162695
v 15.377829 4.347197 6.163662
v 15.351925 4.535890 6.184073
v 15.309595 4.539307 6.170784
v 15.303855 4.478726 6.171946
v 15.347158 4.475232 6.185540
v 15.286408 4.541117 6.132849
v 15.280133 4.480578 6.133136
v 15.299646 4.539957 6.090382
v 15.293676 4.479390 6.089691
v 15.337454 4.536834 6.067124
v 15.332355 4.476197 6.065898
v 15.379783 4.533419 6.080413
v 15.375658 4.472702 6.079493
v 15.402970 4.531608 6.118348
v 15.399380 4.470850 6.118302
v 15.389732 4.532770 6.160815
v 15.385837 4.472038 6.161747
v 15.361236 4.654388 6.181207
v 15.320810 4.657651 6.168516
v 15.315245 4.598919 6.169641
v 15.356615 4.595580 6.182629
v 15.298666 4.659380 6.132287
v 15.292583 4.600689 6.132565
v 15.311309 4.658271 6.091730
v 15.305521 4.599554 6.091061
v 15.347415 4.655290 6.069519
v 15.342472 4.596503 6.068330
v 15.387840 4.652028 6.082210
v 15.383842 4.593165 6.081318
v 15.409985 4.650298 6.118439
v 15.406504 4.591395 6.118394
v 15.397342 4.651407 6.158995
v 15.393565 4.592530 6.159899
v 15.370293 4.769656 6.178419
v 15.331719 4.772769 6.166309
v 15.326300 4.715580 6.167405
v 15.365793 4.712393 6.179804
v 15.310590 4.774418 6.131740
v 15.304667 4.717269 6.132011
v 15.322654 4.773360 6.093041
v 15.317018 4.716186 6.092390
v 15.357105 4.770516 6.071848
v 15.352291 4.713274 6.070690
v 15.395679 4.767403 6.083958
v 15.391785 4.710085 6.083089
v 15.416808 4.765753 6.118526
v 15.413419 4.708397 6.118483
v 15.404744 4.766811 6.157225
v 15.401067 4.709480 6.158104
v 15.379133 4.882175 6.175697
v 15.342369 4.885143 6.164155
v 15.337074 4.829274 6.165226
v 15.374738 4.826234 6.177050
v 15.322229 4.886716 6.131207
v 15.316442 4.830884 6.131472
v 15.333728 4.885707 6.094322
v 15.328222 4.829852 6.093685
v 15.366565 4.882997 6.074122
v 15.361862 4.827075 6.072991
v 15.403330 4.880029 6.085664
v 15.399526 4.824035 6.084816
v 15.423469 4.878456 6.118612
v 15.420157 4.822424 6.118570
v 15.411970 4.879465 6.155497
v 15.408378 4.823458 6.156356
v 15.348560 4.937476 6.161576
v 15.382957 4.934102 6.172375
v 15.329659 4.938354 6.130704
v 15.340464 4.938004 6.096146
v 15.371184 4.934870 6.077238
v 15.405677 4.932684 6.088034
v 15.424481 4.930617 6.118908
v 15.413774 4.932156 6.153463
v 16.563030 3.603867 0.562801
v 16.508383 3.582176 0.597554
v 16.465900 3.538377 0.511225
v 16.519184 3.558666 0.476388
v 16.446611 3.604335 0.614168
v 16.407764 3.560835 0.528052
v 16.414888 3.662368 0.599407
v 16.378559 3.616445 0.512581
v 16.427038 3.720510 0.565497
v 16.390951 3.672875 0.475938
v 16.482262 3.742963 0.531050
v 16.447588 3.697683 0.442247
v 16.544609 3.721564 0.514740
v 16.508532 3.677327 0.426472
v 16.575756 3.662770 0.529197
v 16.535070 3.617459 0.442548
v 16.632002 3.681709 0.719403
v 16.577995 3.660067 0.753417
v 16.544878 3.622015 0.677995
v 16.599720 3.643965 0.643414
v 16.516333 3.681709 0.769888
v 16.482340 3.644024 0.694714
v 16.484436 3.739421 0.755964
v 16.450020 3.702583 0.680491
v 16.495916 3.797133 0.723109
v 16.461744 3.761156 0.647045
v 16.549921 3.818775 0.689096
v 16.516657 3.783202 0.612503
v 16.611584 3.797133 0.672625
v 16.579266 3.761288 0.595821
v 16.643480 3.739421 0.686548
v 16.611515 3.702634 0.610006
v 16.693165 3.754126 0.865241
v 16.641111 3.733266 0.898025
v 16.609898 3.697066 0.826509
v 16.662916 3.718313 0.793118
v 16.581676 3.754126 0.913901
v 16.549362 3.718313 0.842680
v 16.550934 3.809752 0.900481
v 16.518047 3.774970 0.829011
v 16.561998 3.865377 0.868813
v 16.529318 3.831628 0.796756
v 16.614052 3.886238 0.836029
v 16.582336 3.852874 0.763365
v 16.673485 3.865378 0.820153
v 16.642872 3.831627 0.747194
v 16.704229 3.809752 0.833573
v 16.674187 3.774970 0.760863
v 16.752045 3.823839 1.005633
v 16.701870 3.803732 1.037233
v 16.671743 3.768793 0.968210
v 16.722851 3.789273 0.936022
v 16.644581 3.823839 1.052536
v 16.613392 3.789273 0.983796
v 16.614948 3.877456 1.039600
v 16.583208 3.843887 0.970620
v 16.625614 3.931074 1.009076
v 16.594070 3.898500 0.939529
v 16.675787 3.951181 0.977476
v 16.645178 3.918980 0.907342
v 16.733076 3.931074 0.962173
v 16.703529 3.898500 0.891756
v 16.762709 3.877456 0.975108
v 16.733713 3.843887 0.904931
v 16.809183 3.891490 1.141874
v 16.760832 3.872114 1.172326
v 16.731550 3.838155 1.105237
v 16.780807 3.857893 1.074214
v 16.705626 3.891491 1.187073
v 16.675310 3.857893 1.120259
v 16.677071 3.943160 1.174607
v 16.646219 3.910531 1.107560
v 16.687347 3.994829 1.145192
v 16.656689 3.963168 1.077595
v 16.735699 4.014205 1.114741
v 16.705946 3.982906 1.046572
v 16.790905 3.994829 1.099994
v 16.762186 3.963167 1.031550
v 16.819460 3.943160 1.112459
v 16.791277 3.910531 1.044249
v 16.864922 3.957484 1.274776
v 16.818350 3.938821 1.304108
v 16.789755 3.905658 1.238592
v 16.837212 3.924676 1.208704
v 16.765175 3.957484 1.318312
v 16.735571 3.924676 1.253066
v 16.737669 4.007253 1.306305
v 16.707542 3.975389 1.240831
v 16.747568 4.057021 1.277972
v 16.717628 4.026102 1.211961
v 16.794140 4.075684 1.248641
v 16.765087 4.045119 1.182072
v 16.847315 4.057021 1.234437
v 16.819271 4.026102 1.167598
v 16.874821 4.007253 1.246444
v 16.847298 3.975388 1.179833
v 16.920927 4.025139 1.408222
v 16.876610 4.008263 1.437648
v 16.846888 3.972153 1.369500
v 16.892521 3.990329 1.340571
v 16.824875 4.025062 1.450047
v 16.794643 3.990319 1.383279
v 16.796974 4.069950 1.435186
v 16.767477 4.038775 1.371084
v 16.805094 4.114866 1.404641
v 16.777014 4.087234 1.342875
v 16.849409 4.131742 1.375216
v 16.822647 4.105411 1.313946
v 16.901146 4.114942 1.362817
v 16.874891 4.087244 1.300168
v 16.929047 4.070055 1.377677
v 16.902058 4.038789 1.312362
v 16.971298 4.119698 1.530102
v 16.931063 4.109375 1.563481
v 16.907188 4.051281 1.507929
v 16.949581 4.065446 1.476629
v 16.879120 4.119216 1.569810
v 16.855341 4.065206 1.517460
v 16.846230 4.146013 1.541190
v 16.825062 4.102613 1.496092
v 16.847906 4.172988 1.497679
v 16.830122 4.140111 1.459411
v 16.888142 4.183311 1.464301
v 16.872515 4.154276 1.428111
v 16.940083 4.173469 1.457971
v 16.924364 4.140351 1.418579
v 16.972973 4.146673 1.486592
v 16.954643 4.102944 1.439948
v 16.980474 4.270329 1.562118
v 16.943750 4.267717 1.596554
v 16.941675 4.186747 1.589612
v 16.979977 4.192766 1.555211
v 16.893463 4.269378 1.599357
v 16.890310 4.192019 1.593676
v 16.859066 4.274896 1.564162
v 16.856079 4.206932 1.560437
v 16.857296 4.280770 1.515002
v 16.855474 4.222126 1.512773
v 16.894020 4.283381 1.480567
v 16.893776 4.228145 1.478372
v 16.944307 4.281721 1.477764
v 16.945141 4.222873 1.474309
v 16.978706 4.276203 1.512959
v 16.979370 4.207960 1.507548
v 16.977627 4.396111 1.565561
v 16.943083 4.395168 1.598575
v 16.943659 4.336301 1.598248
v 16.979179 4.337472 1.564384
v 16.895340 4.395106 1.600742
v 16.894625 4.336453 1.600539
v 16.862312 4.396092 1.566211
v 16.860754 4.338026 1.565221
v 16.860144 4.397456 1.518487
v 16.858591 4.339982 1.516346
v 16.894690 4.398399 1.485474
v 16.894114 4.341153 1.482483
v 16.942432 4.398461 1.483306
v 16.943146 4.341001 1.480192
v 16.975460 4.397475 1.517837
v 16.977016 4.339427 1.515509
v 16.974598 4.504832 1.567453
v 16.941833 4.503937 1.598762
v 16.942448 4.450509 1.598670
v 16.976086 4.451427 1.566523
v 16.896553 4.503879 1.600818
v 16.895956 4.450448 1.600780
v 16.865231 4.504814 1.568068
v 16.863796 4.451408 1.567156
v 16.863174 4.506107 1.522807
v 16.861687 4.452737 1.520684
v 16.895937 4.507002 1.491496
v 16.895325 4.453655 1.488538
v 16.941217 4.507061 1.489441
v 16.941814 4.453715 1.486428
v 16.972542 4.506125 1.522190
v 16.973974 4.452754 1.520052
v 16.971737 4.607447 1.569237
v 16.940657 4.606598 1.598940
v 16.941238 4.555883 1.598852
v 16.973150 4.556754 1.568355
v 16.897699 4.606542 1.600890
v 16.897133 4.555826 1.600854
v 16.867985 4.607430 1.569821
v 16.866625 4.556737 1.568956
v 16.866034 4.608657 1.526883
v 16.864622 4.557996 1.524869
v 16.897116 4.609506 1.497181
v 16.896534 4.558867 1.494373
v 16.940071 4.609561 1.495230
v 16.940638 4.558925 1.492370
v 16.969786 4.608673 1.526299
v 16.971148 4.558013 1.524269
v 16.968994 4.705861 1.570949
v 16.939526 4.705056 1.599110
v 16.940086 4.656278 1.599026
v 16.970352 4.657104 1.570101
v 16.898800 4.705003 1.600959
v 16.898254 4.656223 1.600925
v 16.870626 4.705845 1.571503
v 16.869318 4.657088 1.570670
v 16.868778 4.707008 1.530793
v 16.867418 4.658283 1.528856
v 16.898245 4.707813 1.502632
v 16.897686 4.659109 1.499931
v 16.938972 4.707865 1.500783
v 16.939516 4.659163 1.498032
v 16.967144 4.707024 1.530239
v 16.968452 4.658298 1.528287
v 16.966339 4.801085 1.572605
v 16.938433 4.800323 1.599274
v 16.938974 4.753044 1.599193
v 16.967657 4.753827 1.571783
v 16.899864 4.800273 1.601026
v 16.899336 4.752992 1.600992
v 16.873184 4.801071 1.573130
v 16.871914 4.753811 1.572323
v 16.871431 4.802173 1.534577
v 16.870113 4.754943 1.532699
v 16.899338 4.802934 1.507907
v 16.898796 4.755726 1.505289
v 16.937908 4.802984 1.506156
v 16.938437 4.755778 1.503489
v 16.964588 4.802187 1.534052
v 16.965857 4.754959 1.532160
v 16.937145 4.844633 1.597531
v 16.963203 4.844845 1.572598
v 16.901121 4.844087 1.599139
v 16.876192 4.845330 1.573107
v 16.874569 4.845860 1.537083
v 16.900625 4.847071 1.512178
v 16.936649 4.846618 1.510541
v 16.961580 4.846374 1.536602
v 16.549129 3.693871 -0.054314
v 16.600554 3.676613 -0.015867
v 16.540672 3.613566 0.030104
v 16.490131 3.630094 -0.007669
v 16.628452 3.694506 0.042422
v 16.570461 3.633022 0.088858
v 16.612465 3.741753 0.086247
v 16.559328 3.683330 0.129803
v 16.566456 3.788621 0.094216
v 16.516762 3.729517 0.137838
v 16.514303 3.805506 0.056889
v 16.463516 3.743855 0.105174
v 16.485672 3.787238 -0.000280
v 16.429541 3.722303 0.051727
v 16.502390 3.740365 -0.045225
v 16.444447 3.675227 0.004157
v 16.648056 3.806681 -0.132390
v 16.698217 3.789603 -0.094780
v 16.651854 3.734345 -0.057085
v 16.600592 3.751766 -0.095505
v 16.724922 3.806681 -0.038055
v 16.679209 3.751846 0.000900
v 16.708055 3.852221 0.005119
v 16.662136 3.798454 0.044967
v 16.662365 3.897761 0.012918
v 16.615547 3.845016 0.052934
v 16.612202 3.914839 -0.024691
v 16.564194 3.862390 0.014653
v 16.585497 3.897762 -0.081416
v 16.536747 3.844843 -0.043193
v 16.602364 3.852221 -0.124591
v 16.553911 3.798280 -0.087399
v 16.739037 3.912479 -0.202704
v 16.786758 3.896233 -0.166925
v 16.742928 3.843447 -0.131211
v 16.693998 3.860106 -0.167897
v 16.812162 3.912479 -0.112961
v 16.768976 3.860106 -0.075881
v 16.796118 3.955803 -0.071889
v 16.752523 3.904526 -0.033767
v 16.752649 3.999127 -0.064469
v 16.707956 3.948947 -0.026160
v 16.704929 4.015372 -0.100248
v 16.659025 3.965605 -0.062846
v 16.679525 3.999126 -0.154212
v 16.632978 3.948948 -0.118176
v 16.695570 3.955803 -0.195285
v 16.649431 3.904526 -0.160290
v 16.828690 4.017778 -0.272033
v 16.874645 4.003375 -0.238494
v 16.830141 3.948640 -0.202268
v 16.783533 3.964352 -0.237098
v 16.898098 4.017597 -0.186643
v 16.854824 3.964329 -0.149579
v 16.881105 4.055730 -0.146215
v 16.838961 4.006193 -0.109355
v 16.838087 4.093930 -0.137808
v 16.796364 4.048065 -0.101951
v 16.792131 4.108333 -0.171346
v 16.749758 4.063776 -0.136780
v 16.768681 4.094110 -0.223197
v 16.725073 4.048088 -0.189470
v 16.785671 4.055978 -0.263626
v 16.740936 4.006224 -0.229694
v 16.907827 4.145767 -0.331177
v 16.953529 4.137459 -0.301659
v 16.919514 4.064247 -0.274852
v 16.873568 4.076031 -0.306528
v 16.972595 4.144690 -0.250610
v 16.940910 4.075468 -0.223250
v 16.949228 4.165205 -0.206796
v 16.920807 4.106035 -0.181067
v 16.901573 4.186125 -0.193195
v 16.875450 4.136815 -0.170115
v 16.855873 4.194433 -0.222714
v 16.829504 4.148600 -0.201790
v 16.836805 4.187202 -0.273763
v 16.808107 4.137379 -0.253393
v 16.860172 4.166686 -0.317576
v 16.828211 4.106811 -0.295575
v 16.925613 4.314240 -0.334766
v 16.968073 4.312228 -0.309137
v 16.967159 4.225329 -0.310774
v 16.922764 4.230054 -0.338203
v 16.983704 4.312320 -0.262054
v 16.984257 4.228476 -0.261402
v 16.958824 4.314766 -0.219817
v 16.959389 4.238676 -0.217745
v 16.912159 4.317931 -0.204846
v 16.911461 4.249467 -0.202888
v 16.869698 4.319943 -0.230474
v 16.867065 4.254192 -0.230318
v 16.854067 4.319851 -0.277556
v 16.849968 4.251045 -0.279690
v 16.878948 4.317406 -0.319795
v 16.874838 4.240846 -0.323347
v 16.925556 4.441819 -0.325450
v 16.964252 4.441139 -0.302338
v 16.966316 4.382853 -0.305694
v 16.925797 4.383722 -0.329930
v 16.978203 4.439878 -0.259491
v 16.980965 4.381717 -0.260820
v 16.955080 4.438741 -0.220811
v 16.956814 4.380988 -0.220342
v 16.912214 4.438331 -0.206866
v 16.911974 4.381010 -0.205782
v 16.873518 4.439011 -0.229980
v 16.871454 4.381880 -0.230018
v 16.859568 4.440271 -0.272826
v 16.856806 4.383016 -0.274892
v 16.882690 4.441409 -0.311506
v 16.880957 4.383745 -0.315369
v 16.924982 4.545654 -0.317284
v 16.960344 4.545033 -0.296163
v 16.962246 4.494504 -0.299166
v 16.925261 4.495154 -0.321256
v 16.973093 4.543881 -0.257007
v 16.975578 4.493299 -0.258215
v 16.951962 4.542842 -0.221659
v 16.953480 4.492212 -0.221247
v 16.912790 4.542467 -0.208916
v 16.912510 4.491820 -0.207920
v 16.877426 4.543088 -0.230038
v 16.875526 4.492470 -0.230009
v 16.864677 4.544240 -0.269193
v 16.862192 4.493675 -0.270960
v 16.885809 4.545280 -0.304541
v 16.884293 4.494762 -0.307929
v 16.924456 4.640585 -0.309818
v 16.956772 4.640018 -0.290517
v 16.958525 4.593406 -0.293288
v 16.924713 4.594000 -0.313482
v 16.968422 4.638965 -0.254736
v 16.970715 4.592305 -0.255851
v 16.949112 4.638015 -0.222435
v 16.950510 4.591311 -0.222054
v 16.913315 4.637672 -0.210790
v 16.913057 4.590953 -0.209870
v 16.881001 4.638241 -0.230091
v 16.879248 4.591547 -0.230065
v 16.869350 4.639292 -0.265872
v 16.867058 4.592648 -0.267502
v 16.888660 4.640243 -0.298173
v 16.887260 4.593641 -0.301298
v 16.923964 4.729573 -0.302819
v 16.953423 4.729056 -0.285225
v 16.955072 4.685167 -0.287834
v 16.924206 4.685709 -0.306269
v 16.964043 4.728096 -0.252607
v 16.966200 4.684161 -0.253656
v 16.946440 4.727230 -0.223161
v 16.947758 4.683254 -0.222804
v 16.913807 4.726918 -0.212546
v 16.913565 4.682927 -0.211680
v 16.884350 4.727435 -0.230141
v 16.882698 4.683469 -0.230116
v 16.873730 4.728395 -0.262759
v 16.871571 4.684474 -0.264293
v 16.891333 4.729261 -0.292204
v 16.890015 4.685382 -0.295146
v 16.923496 4.814145 -0.296168
v 16.950239 4.813675 -0.280195
v 16.951813 4.771851 -0.282681
v 16.923727 4.772344 -0.299456
v 16.959879 4.812804 -0.250584
v 16.961937 4.770936 -0.251584
v 16.943899 4.812018 -0.223853
v 16.945154 4.770111 -0.223511
v 16.914276 4.811734 -0.214216
v 16.914043 4.769813 -0.213390
v 16.887533 4.812204 -0.230189
v 16.885960 4.770307 -0.230165
v 16.877892 4.813075 -0.259800
v 16.875834 4.771221 -0.261262
v 16.893871 4.813861 -0.286531
v 16.892616 4.772047 -0.289335
v 16.947582 4.852538 -0.276932
v 16.923105 4.852530 -0.291568
v 16.956409 4.851304 -0.249842
v 16.941780 4.851022 -0.225363
v 16.914665 4.850324 -0.216552
v 16.890190 4.851192 -0.231162
v 16.881361 4.851552 -0.258278
v 16.895990 4.852709 -0.282731
v 16.014900 1.885564 5.227204
v 15.861558 1.820529 5.294678
v 15.893534 1.589746 5.161423
v 16.058968 1.658854 5.087657
v 15.686416 1.824162 5.260256
v 15.704323 1.608752 5.137767
v 15.595758 1.904207 5.130591
v 15.606236 1.717076 5.017463
v 15.628283 2.007277 4.988531
v 15.641079 1.844059 4.878262
v 15.781625 2.072312 4.921057
v 15.806349 1.912828 4.804212
v 15.956767 2.068679 4.955479
v 15.995397 1.893483 4.827583
v 16.047424 1.988634 5.085144
v 16.093647 1.785499 4.948172
v 15.928517 2.241638 5.419312
v 15.799083 2.188015 5.476230
v 15.829335 2.014982 5.394577
v 15.971028 2.075394 5.332634
v 15.652647 2.185838 5.441684
v 15.667821 2.012337 5.357440
v 15.578581 2.244203 5.324108
v 15.584580 2.077563 5.230010
v 15.607788 2.323366 5.198044
v 15.615021 2.166420 5.093265
v 15.736748 2.376647 5.140864
v 15.756654 2.226789 5.031290
v 15.882707 2.378483 5.175148
v 15.918109 2.229392 5.068393
v 15.957249 2.320459 5.292986
v 16.001408 2.164208 5.195857
v 15.767426 2.364606 5.554006
v 15.884659 2.409144 5.502873
v 15.638032 2.368048 5.525201
v 15.577763 2.420123 5.418316
v 15.608674 2.488777 5.304023
v 15.723965 2.527787 5.250233
v 15.851228 2.526526 5.279423
v 15.913757 2.473766 5.385948
v 15.862742 2.836773 5.704333
v 15.802964 2.952748 5.732749
v 15.777619 3.026799 5.686737
vn 0.9370 0.1338 -0.3228
vn 0.8292 -0.1610 -0.5353
vn 0.7245 -0.1955 -0.6609
vn -0.1274 -0.5129 -0.8489
vn -0.4413 -0.6491 -0.6196
vn 0.0625 -0.5854 -0.8083
vn 0.1636 -0.3615 0.9179
vn -0.1549 -0.5351 0.8305
vn 0.4001 -0.4075 0.8209
vn 0.8020 0.2400 0.5470
vn 0.3469 -0.1320 0.9286
vn 0.3638 -0.1420 0.9206
vn 0.8151 0.2282 0.5325
vn 0.1523 0.9795 0.1321
vn 0.5183 0.8520 -0.0734
vn 0.6132 0.7804 -0.1223
vn 0.3557 0.5515 -0.7546
vn 0.8058 0.5509 -0.2172
vn 0.8107 0.5408 -0.2242
vn 0.3560 0.5441 -0.7598
vn -0.8521 -0.1359 -0.5055
vn -0.3980 0.2394 -0.8856
vn -0.3966 0.2217 -0.8908
vn -0.8421 -0.1694 -0.5120
vn -0.4077 -0.4451 0.7973
vn -0.8562 -0.4472 0.2589
vn -0.8397 -0.4840 0.2463
vn -0.3965 -0.4713 0.7878
vn -0.7510 -0.1908 -0.6322
vn -0.5923 -0.4723 -0.6528
vn -0.2679 -0.2326 -0.9349
vn 0.8354 0.2343 0.4972
vn 0.4089 -0.1192 0.9048
vn 0.5132 0.0887 0.8537
vn 0.8343 0.3401 0.4338
vn 0.3384 0.5548 -0.7600
vn 0.8047 0.5461 -0.2329
vn 0.7349 0.6413 -0.2204
vn 0.2519 0.6667 -0.7015
vn 0.1913 0.9478 0.2553
vn 0.3759 0.9258 -0.0402
vn 0.2528 0.9606 -0.1150
vn 0.9870 -0.1052 0.1212
vn 0.9973 0.0584 -0.0446
vn 0.9006 0.3449 -0.2646
vn 0.6016 -0.6175 0.5068
vn 0.2668 -0.4360 0.8595
vn 0.7564 -0.2696 0.5960
vn -0.8330 -0.2152 -0.5097
vn -0.4122 0.2084 -0.8869
vn -0.4846 0.2863 -0.8265
vn -0.8444 -0.2250 -0.4861
vn -0.3870 -0.4880 0.7823
vn -0.8190 -0.5264 0.2283
vn -0.8352 -0.5184 0.1836
vn -0.4035 -0.3893 0.8280
vn -0.9850 0.0000 0.1725
vn -0.6681 0.1226 0.7339
vn -0.9727 0.1444 0.1816
vn -0.7457 0.2404 -0.6214
vn -0.8806 -0.1447 -0.4512
vn -0.5641 0.4653 -0.6821
vn -0.2715 -0.2325 0.9339
vn -0.4869 -0.1508 0.8603
vn -0.0991 0.2181 0.9709
vn 0.1494 0.0000 0.9888
vn -0.6347 0.0000 0.7727
vn -0.7621 0.1330 -0.6336
vn -0.2059 0.1273 -0.9703
vn 0.3420 0.1172 -0.9324
vn -0.1859 0.3531 -0.9169
vn 0.2562 -0.1193 -0.9592
vn -0.2099 0.7646 -0.6094
vn 0.3655 0.8994 -0.2397
vn 0.0621 0.8848 -0.4618
vn 0.0957 0.2687 -0.9585
vn -0.3963 0.3434 -0.8515
vn -0.1594 0.4267 -0.8902
vn -0.5568 0.3274 -0.7634
vn -0.5403 0.4325 -0.7218
vn -0.2719 0.5067 -0.8181
vn 0.9848 0.0000 -0.1739
vn -0.7827 0.0000 -0.6224
vn 0.6665 0.2138 -0.7142
vn 0.9524 0.2274 -0.2028
vn 0.6427 0.0000 -0.7661
vn 0.7692 0.1507 0.6210
vn 0.2435 0.0882 0.9659
vn -0.7528 -0.4159 0.5102
vn -0.5700 -0.4930 0.6573
vn -0.0918 -0.3871 0.9174
vn -0.8017 0.2331 0.5504
vn -0.9440 -0.3176 0.0893
vn -0.9415 -0.3051 0.1431
vn -0.8269 0.2932 0.4798
vn 0.4628 0.8056 0.3698
vn -0.1244 0.7574 0.6410
vn -0.1690 0.8288 0.5333
vn 0.4865 0.8295 0.2743
vn 0.8809 -0.2676 -0.3905
vn 0.9198 0.3819 -0.0898
vn 0.9227 0.3416 -0.1786
vn 0.8288 -0.2765 -0.4865
vn -0.5233 -0.7656 -0.3741
vn 0.1775 -0.8256 -0.5355
vn 0.1594 -0.8085 -0.5665
vn -0.5085 -0.7939 -0.3334
vn -0.8295 0.2746 0.4863
vn -0.9235 -0.3226 0.2075
vn -0.9407 -0.3182 0.1175
vn -0.9169 0.2617 0.3013
vn 0.5365 0.8010 0.2656
vn -0.1354 0.8504 0.5084
vn 0.0201 0.9533 0.3014
vn 0.6320 0.7561 0.1700
vn 0.8248 -0.3073 -0.4746
vn 0.9429 0.2891 -0.1657
vn 0.9509 0.2171 -0.2204
vn 0.8063 -0.2920 -0.5144
vn -0.4943 -0.8228 -0.2804
vn 0.1737 -0.8210 -0.5438
vn 0.1553 -0.7786 -0.6080
vn -0.4659 -0.8036 -0.3703
vn -0.3771 0.3783 -0.8454
vn -0.7055 -0.1375 -0.6952
vn -0.6010 -0.1349 -0.7878
vn -0.1433 0.4045 -0.9032
vn 0.6500 0.7324 0.2026
vn 0.4753 0.8352 -0.2765
vn 0.5093 0.7511 -0.4202
vn 0.7429 0.6433 0.1851
vn -0.0381 -0.3441 0.9382
vn 0.3455 0.1536 0.9258
vn 0.5434 0.1565 0.8248
vn 0.0583 -0.3773 0.9243
vn -0.7858 -0.6151 -0.0652
vn -0.5500 -0.6863 0.4760
vn -0.5061 -0.7329 0.4547
vn -0.7465 -0.6450 -0.1638
vn -0.1281 0.4179 -0.8994
vn -0.5853 -0.1151 -0.8026
vn -0.5911 -0.1029 -0.8000
vn -0.1396 0.4272 -0.8933
vn 0.7190 0.6643 0.2045
vn 0.4732 0.7665 -0.4342
vn 0.4433 0.7887 -0.4260
vn 0.6873 0.6913 0.2229
vn 0.0709 -0.3713 0.9258
vn 0.5370 0.1593 0.8284
vn 0.5175 0.1695 0.8387
vn 0.0677 -0.3643 0.9288
vn -0.0016 0.5179 0.8555
vn 0.5064 0.6423 0.5753
vn 0.2553 0.4457 0.8580
vn -0.7487 -0.6365 -0.1851
vn -0.5047 -0.7321 0.4575
vn -0.5125 -0.7248 0.4605
vn -0.7589 -0.6242 -0.1857
vn -0.1420 0.4225 -0.8952
vn -0.5886 -0.1123 -0.8005
vn -0.4958 -0.1947 -0.8463
vn -0.1139 0.3942 -0.9119
vn 0.7595 0.5144 0.3981
vn 0.9408 0.3205 0.1103
vn 0.9659 -0.0994 0.2393
vn 0.6638 0.7101 0.2350
vn 0.4293 0.8004 -0.4185
vn 0.3694 0.8413 -0.3947
vn 0.5624 0.7802 0.2738
vn 0.0637 -0.3620 0.9300
vn 0.5014 0.1845 0.8453
vn 0.4188 0.2440 0.8747
vn 0.0444 -0.3517 0.9351
vn -0.7542 -0.6280 -0.1918
vn -0.5114 -0.7308 0.4521
vn -0.4422 -0.7939 0.4174
vn -0.6425 -0.7257 -0.2460
vn 0.8482 0.3239 -0.4191
vn 0.9637 -0.2609 -0.0565
vn 0.9586 -0.2605 -0.1146
vn 0.8637 0.3126 -0.3952
vn -0.4729 0.8200 -0.3223
vn 0.1873 0.8243 -0.5343
vn 0.2602 0.9084 -0.3273
vn -0.1610 0.9842 0.0742
vn -0.8558 -0.3205 0.4061
vn -0.9576 0.2736 0.0900
vn -0.7814 0.2839 0.5557
vn -0.8047 -0.1997 0.5591
vn 0.5040 -0.7722 0.3869
vn -0.1566 -0.8111 0.5636
vn 0.0211 -0.8401 0.5420
vn 0.5081 -0.8141 0.2813
vn -0.4273 0.9038 -0.0215
vn -0.0481 0.8899 0.4537
vn 0.4274 0.9010 0.0746
vn 0.0480 0.9150 -0.4006
vn 0.7025 0.5915 0.3959
vn 0.7745 0.5719 0.2705
vn 0.7741 0.5342 0.3397
vn 0.5703 0.4473 0.6889
vn -0.7060 0.0470 0.7067
vn -0.5547 -0.0493 0.8306
vn -0.9045 -0.3843 0.1847
vn -0.9121 -0.3826 0.1473
vn 0.1457 0.9302 -0.3370
vn -0.3634 0.9240 -0.1194
vn -0.1457 0.9094 0.3896
vn 0.3634 0.9156 0.1719
vn -0.6412 -0.1355 0.7553
vn -0.8402 0.3921 0.3747
vn -0.7124 0.1105 0.6930
vn 0.5180 0.8535 -0.0572
vn 0.0171 0.8934 -0.4489
vn -0.3733 0.9262 0.0537
vn 0.1277 0.8862 0.4454
vn -0.4268 0.8862 -0.1805
vn -0.2399 0.8809 0.4079
vn 0.3479 0.9110 0.2216
vn 0.1610 0.9162 -0.3669
vn 0.9422 -0.2822 -0.1806
vn 0.9604 -0.2787 -0.0024
vn 0.9363 0.2959 0.1890
vn 0.9489 0.2899 0.1244
vn 0.2852 -0.4166 0.8632
vn 0.1430 -0.4768 0.8673
vn 0.8192 -0.1409 0.5559
vn 0.1657 0.9157 0.3660
vn 0.3660 0.9157 -0.1657
vn -0.1657 0.9157 -0.3660
vn -0.3660 0.9157 0.1657
vn 0.2645 -0.8652 -0.4260
vn -0.4692 -0.8094 -0.3531
vn -0.3557 -0.8558 -0.3757
vn 0.3766 -0.8738 -0.3075
vn 0.9430 0.1680 -0.2874
vn 0.7952 0.0886 -0.5998
vn 0.9029 0.2554 -0.3459
vn 0.8874 0.3611 -0.2866
vn -0.1517 0.9320 -0.3291
vn -0.3463 0.9320 0.1067
vn 0.0892 0.9494 0.3012
vn 0.2838 0.9494 -0.1346
vn -0.4085 0.2287 0.8836
vn -0.4030 0.4490 0.7975
vn -0.3933 -0.2526 0.8840
vn 0.4030 0.9061 -0.1289
vn 0.0546 0.8147 -0.5773
vn -0.4030 0.8843 -0.2358
vn -0.0546 0.9756 0.2125
vn -0.1500 0.0000 -0.9887
vn 0.7833 0.0000 0.6217
vn -0.8010 -0.4772 -0.3616
vn -0.8189 -0.5151 -0.2532
vn -0.8776 -0.3695 -0.3054
vn -0.8764 -0.1022 -0.4707
vn -0.6414 -0.5408 0.5442
vn -0.8662 -0.4828 0.1292
vn -0.9563 -0.2007 0.2124
vn -0.6748 -0.2395 0.6981
vn 0.4940 0.8676 -0.0558
vn -0.0848 0.8902 -0.4476
vn 0.1160 0.8258 -0.5519
vn 0.5923 0.7878 -0.1689
vn -0.2617 -0.3181 0.9112
vn -0.4049 -0.0677 0.9118
vn -0.3669 -0.4263 0.8269
vn -0.3099 -0.5294 0.7897
vn -0.3880 -0.8372 0.3854
vn -0.2647 -0.9099 -0.3194
vn -0.3025 -0.9086 -0.2880
vn -0.3525 -0.8462 0.3997
vn -0.8992 -0.0826 -0.4296
vn -0.7941 0.4187 -0.4405
vn -0.9344 -0.0733 -0.3485
vn -0.9458 -0.0495 -0.3210
vn 0.0507 -0.3214 -0.9456
vn 0.2149 0.2857 -0.9339
vn 0.1528 0.2351 -0.9599
vn -0.0452 -0.3469 -0.9368
vn -0.9142 0.0519 -0.4020
vn -0.9538 -0.2889 0.0820
vn -0.9659 -0.1947 -0.1705
vn -0.8232 0.1497 -0.5477
vn -0.1619 0.9582 0.2360
vn -0.3571 0.8955 0.2656
vn -0.1211 0.8979 -0.4232
vn 0.0563 0.9293 -0.3649
vn 0.7121 -0.6193 -0.3308
vn 0.3695 -0.4191 -0.8293
vn 0.3412 -0.5451 -0.7658
vn 0.7359 -0.6221 -0.2675
vn -0.6604 0.5584 -0.5021
vn -0.7020 0.4997 -0.5075
vn -0.3563 0.0146 -0.9343
vn -0.2928 0.1433 -0.9454
vn 0.8625 -0.1917 -0.4683
vn 0.6477 -0.5940 -0.4772
vn 0.7162 -0.6791 0.1611
vn 0.9095 -0.3775 0.1741
vn 0.3100 0.5326 -0.7876
vn 0.6384 0.5498 -0.5387
vn 0.3517 0.6475 -0.6761
vn 0.2881 0.6145 -0.7344
vn -0.7933 0.5810 0.1820
vn -0.7407 0.6715 0.0193
vn -0.7424 0.6578 0.1267
vn -0.7429 0.4260 0.5163
vn -0.0270 -0.6855 0.7275
vn -0.0108 -0.5392 0.8421
vn 0.5535 -0.7143 0.4282
vn 0.4931 -0.7787 0.3880
vn 0.8604 -0.5095 -0.0092
vn 0.8090 -0.5876 0.0181
vn 0.8903 -0.4483 0.0800
vn 0.9927 -0.1171 -0.0306
vn 0.0657 0.9322 0.3558
vn -0.5369 0.8355 0.1168
vn -0.4926 0.8681 0.0619
vn 0.2660 0.9615 0.0690
vn -0.4098 -0.4400 0.7990
vn -0.8591 -0.4400 0.2614
vn -0.8540 -0.1298 -0.5039
vn -0.3985 0.2425 -0.8845
vn 0.3555 0.5528 -0.7537
vn 0.8048 0.5528 -0.2160
vn 0.7997 0.2425 0.5492
vn 0.3442 -0.1298 0.9299
vn -0.4116 -0.4365 0.8000
vn -0.8595 -0.4381 0.2632
vn -0.8592 -0.4397 0.2616
vn -0.4100 -0.4395 0.7992
vn -0.8534 -0.1294 -0.5049
vn -0.3969 0.2477 -0.8838
vn -0.3984 0.2432 -0.8844
vn -0.8539 -0.1297 -0.5040
vn 0.3520 0.5608 -0.7494
vn 0.8004 0.5589 -0.2166
vn 0.8043 0.5536 -0.2160
vn 0.3550 0.5539 -0.7531
vn 0.8004 0.2442 0.5476
vn 0.3433 -0.1295 0.9303
vn 0.3441 -0.1297 0.9299
vn 0.7998 0.2427 0.5491
vn -0.4729 -0.2676 0.8395
vn -0.9054 -0.2973 0.3029
vn -0.8666 -0.4177 0.2731
vn -0.4233 -0.4104 0.8077
vn -0.8547 -0.1058 -0.5082
vn -0.3429 0.1669 -0.9244
vn -0.3846 0.2462 -0.8896
vn -0.8529 -0.1255 -0.5068
vn 0.4250 0.4110 -0.8065
vn 0.8571 0.4340 -0.2774
vn 0.8015 0.5524 -0.2289
vn 0.3581 0.5534 -0.7520
vn 0.8171 0.2309 0.5282
vn 0.3059 -0.0349 0.9514
vn 0.3357 -0.1173 0.9346
vn 0.8040 0.2456 0.5415
vn -0.2555 -0.8972 -0.3601
vn 0.4293 -0.8934 -0.1323
vn 0.4289 -0.8823 -0.1936
vn -0.2918 -0.8856 -0.3614
vn 0.9168 -0.3251 0.2318
vn 0.8478 0.3337 0.4121
vn 0.8865 0.3202 0.3341
vn 0.9421 -0.2985 0.1531
vn 0.2587 0.9035 0.3416
vn -0.3959 0.9152 0.0755
vn -0.3060 0.9487 -0.0794
vn 0.3351 0.9147 0.2259
vn -0.9148 0.3017 -0.2687
vn -0.8434 -0.3618 -0.3972
vn -0.8327 -0.4059 -0.3767
vn -0.9135 0.1730 -0.3682
vn -0.2167 -0.8853 -0.4114
vn 0.4383 -0.8849 -0.1578
vn 0.4330 -0.8902 -0.1415
vn -0.2303 -0.8923 -0.3882
vn 0.9219 -0.3247 0.2114
vn 0.8486 0.3471 0.3993
vn 0.8447 0.3419 0.4118
vn 0.9171 -0.3280 0.2267
vn 0.2433 0.9073 0.3430
vn -0.4105 0.9076 0.0876
vn -0.4112 0.9067 0.0936
vn 0.2435 0.9040 0.3514
vn -0.8953 0.3462 -0.2802
vn -0.8225 -0.3261 -0.4659
vn -0.8333 -0.3382 -0.4374
vn -0.9038 0.3351 -0.2661
vn -0.2144 -0.8838 -0.4157
vn 0.4393 -0.8838 -0.1608
vn 0.9228 -0.3239 0.2086
vn 0.8493 0.3479 0.3969
vn 0.2434 0.9078 0.3414
vn -0.4103 0.9078 0.0865
vn -0.8938 0.3479 -0.2829
vn -0.8204 -0.3239 -0.4712
vn -0.2126 -0.8780 -0.4290
vn 0.4372 -0.8842 -0.1646
vn 0.4391 -0.8839 -0.1613
vn -0.2140 -0.8830 -0.4177
vn 0.9254 -0.3170 0.2077
vn 0.8529 0.3593 0.3788
vn 0.8499 0.3493 0.3945
vn 0.9231 -0.3232 0.2084
vn 0.2559 0.9113 0.3226
vn -0.4024 0.9115 0.0849
vn -0.4094 0.9083 0.0862
vn 0.2449 0.9084 0.3389
vn -0.8938 0.3459 -0.2853
vn -0.8135 -0.3236 -0.4831
vn -0.8194 -0.3238 -0.4730
vn -0.8938 0.3477 -0.2832
vn -0.0924 -0.7464 -0.6591
vn 0.4970 -0.8181 -0.2892
vn 0.4384 -0.8789 -0.1880
vn -0.1998 -0.8563 -0.4762
vn 0.8982 -0.3207 0.3008
vn 0.7608 0.3122 0.5690
vn 0.8457 0.3779 0.3768
vn 0.9275 -0.3021 0.2200
vn 0.1921 0.8317 0.5210
vn -0.4194 0.8860 0.1980
vn -0.3872 0.9166 0.0994
vn 0.2731 0.9068 0.3210
vn -0.8321 0.3950 -0.3893
vn -0.6761 -0.2168 -0.7042
vn -0.7889 -0.3153 -0.5275
vn -0.8877 0.3459 -0.3039
vn 0.3429 -0.2708 -0.8995
vn 0.7379 -0.5392 -0.4058
vn 0.6411 -0.6523 -0.4043
vn 0.1667 -0.4643 -0.8698
vn 0.7417 -0.4941 0.4536
vn 0.3224 -0.1672 0.9317
vn 0.4825 0.0159 0.8758
vn 0.8008 -0.4268 0.4202
vn -0.2840 0.3519 0.8919
vn -0.6274 0.6851 0.3702
vn -0.5512 0.7617 0.3407
vn -0.1102 0.5329 0.8390
vn -0.6121 0.6238 -0.4860
vn -0.2497 0.2391 -0.9384
vn -0.4162 0.0494 -0.9079
vn -0.6968 0.5284 -0.4851
vn 0.4135 -0.2837 -0.8652
vn 0.7644 -0.5435 -0.3468
vn 0.7741 -0.5121 -0.3722
vn 0.4109 -0.2274 -0.8829
vn 0.6840 -0.5610 0.4663
vn 0.2238 -0.2772 0.9344
vn 0.3097 -0.1907 0.9315
vn 0.7339 -0.5014 0.4582
vn -0.4892 0.3959 0.7772
vn -0.6692 0.6905 0.2745
vn -0.6325 0.6933 0.3455
vn -0.3262 0.3659 0.8716
vn -0.6128 0.6345 -0.4711
vn -0.2287 0.2601 -0.9381
vn -0.2077 0.2984 -0.9316
vn -0.5916 0.6583 -0.4655
vn -0.5347 0.1672 0.8283
vn -0.9540 0.0695 0.2917
vn -0.9467 -0.0712 0.3141
vn -0.5259 -0.0010 0.8506
vn -0.8506 -0.0576 -0.5227
vn -0.2832 -0.1242 -0.9510
vn -0.2953 -0.0115 -0.9553
vn -0.8550 -0.0741 -0.5134
vn 0.5325 -0.1000 -0.8405
vn 0.9534 0.0106 -0.3015
vn 0.9337 0.1728 -0.3135
vn 0.5123 0.0944 -0.8536
vn 0.8427 0.1633 0.5130
vn 0.2739 0.2166 0.9371
vn 0.2745 0.1206 0.9540
vn 0.8346 0.1914 0.5166
vn -0.5317 0.2178 0.8185
vn -0.9563 0.1071 0.2721
vn -0.9556 0.1009 0.2769
vn -0.5326 0.2081 0.8204
vn -0.8456 -0.0551 -0.5309
vn -0.2874 -0.1402 -0.9475
vn -0.2861 -0.1416 -0.9477
vn -0.8469 -0.0553 -0.5288
vn 0.5316 -0.1189 -0.8386
vn 0.9563 -0.0071 -0.2922
vn 0.9560 -0.0112 -0.2933
vn 0.5322 -0.1248 -0.8374
vn 0.8454 0.1572 0.5105
vn 0.2870 0.2411 0.9271
vn 0.2832 0.2374 0.9292
vn 0.8448 0.1576 0.5113
vn -0.5315 0.2198 0.8181
vn -0.9564 0.1084 0.2713
vn -0.5315 0.2197 0.8181
vn -0.8455 -0.0551 -0.5312
vn -0.2875 -0.1399 -0.9475
vn 0.5315 -0.1178 -0.8388
vn 0.9564 -0.0064 -0.2921
vn 0.5315 -0.1177 -0.8388
vn 0.8455 0.1571 0.5104
vn 0.2875 0.2419 0.9267
vn -0.5110 0.5296 0.6771
vn -0.8773 0.4336 0.2056
vn -0.9538 0.1466 0.2622
vn -0.5295 0.2578 0.8082
vn -0.7692 0.2741 -0.5773
vn -0.2880 0.2010 -0.9363
vn -0.2862 -0.1009 -0.9528
vn -0.8434 -0.0163 -0.5371
vn 0.5110 0.2226 -0.8303
vn 0.8773 0.3186 -0.3588
vn 0.9538 0.0323 -0.2986
vn 0.5295 -0.0789 -0.8446
vn 0.7692 0.4781 0.4241
vn 0.2880 0.5512 0.7831
vn 0.2862 0.2798 0.9164
vn 0.8434 0.1951 0.5007
vn -0.3253 -0.8947 -0.3062
vn -0.2930 -0.8708 0.3947
vn -0.3351 -0.8456 0.4156
vn -0.3306 -0.8995 -0.2857
vn -0.0975 -0.2760 0.9562
vn 0.0893 0.3790 0.9211
vn 0.2513 0.2955 0.9217
vn -0.0493 -0.2686 0.9620
vn 0.2365 0.9240 0.3004
vn 0.1819 0.8956 -0.4060
vn 0.2622 0.8247 -0.5012
vn 0.4549 0.8903 0.0192
vn -0.0134 0.3285 -0.9444
vn -0.1967 -0.3395 -0.9198
vn -0.1437 -0.3503 -0.9255
vn 0.0546 0.2889 -0.9558
vn -0.2572 -0.9080 -0.3307
vn -0.2030 -0.9071 0.3688
vn -0.2394 -0.8944 0.3778
vn -0.2878 -0.9015 -0.3232
vn -0.0189 -0.3350 0.9420
vn 0.1487 0.3470 0.9260
vn 0.1133 0.3593 0.9263
vn -0.0564 -0.3172 0.9467
vn 0.2393 0.9123 0.3324
vn 0.1778 0.9133 -0.3665
vn 0.1726 0.9106 -0.3755
vn 0.2241 0.9174 0.3290
vn -0.0103 0.3434 -0.9391
vn -0.1710 -0.3409 -0.9244
vn -0.1872 -0.3374 -0.9225
vn -0.0166 0.3414 -0.9398
vn -0.4027 -0.8598 -0.3138
vn -0.2955 -0.8781 0.3763
vn -0.2088 -0.9074 0.3648
vn -0.2660 -0.9049 -0.3323
vn 0.0111 -0.3387 0.9408
vn 0.2681 0.3177 0.9095
vn 0.1751 0.3442 0.9224
vn -0.0085 -0.3360 0.9418
vn 0.3796 0.8687 0.3182
vn 0.2595 0.8929 -0.3679
vn 0.1926 0.9120 -0.3622
vn 0.2668 0.9047 0.3322
vn -0.0528 0.3579 -0.9323
vn -0.2972 -0.3052 -0.9047
vn -0.1822 -0.3420 -0.9219
vn -0.0155 0.3441 -0.9388
vn -0.4652 0.6919 -0.5521
vn -0.7609 0.6460 0.0615
vn -0.8904 0.4551 -0.0112
vn -0.6039 0.4866 -0.6312
vn -0.6255 0.2084 0.7519
vn -0.1269 -0.2630 0.9564
vn -0.0778 -0.1738 0.9817
vn -0.6652 0.1566 0.7300
vn 0.5375 -0.5959 0.5966
vn 0.8319 -0.5544 -0.0267
vn 0.9251 -0.3785 0.0304
vn 0.6390 -0.4087 0.6516
vn 0.6681 -0.1437 -0.7301
vn 0.1713 0.3328 -0.9273
vn 0.1086 0.2441 -0.9637
vn 0.6956 -0.0876 -0.7130
vn -0.4589 0.6921 -0.5571
vn -0.7601 0.6455 0.0744
vn -0.7538 0.6528 0.0746
vn -0.4536 0.6998 -0.5518
vn -0.6166 0.2057 0.7599
vn -0.1418 -0.2750 0.9509
vn -0.1401 -0.2750 0.9512
vn -0.6171 0.2084 0.7588
vn 0.5052 -0.6359 0.5834
vn 0.8063 -0.5895 -0.0483
vn 0.8091 -0.5859 -0.0448
vn 0.5097 -0.6313 0.5846
vn 0.6616 -0.1509 -0.7345
vn 0.1869 0.3300 -0.9253
vn 0.1858 0.3342 -0.9240
vn 0.6619 -0.1510 -0.7342
vn -0.4596 0.6911 -0.5578
vn -0.7610 0.6445 0.0743
vn -0.7609 0.6445 0.0743
vn -0.6166 0.2054 0.7600
vn -0.1420 -0.2750 0.9509
vn 0.5046 -0.6366 0.5832
vn 0.8059 -0.5900 -0.0488
vn 0.6615 -0.1509 -0.7346
vn 0.1869 0.3295 -0.9255
vn -0.4588 0.6816 -0.5701
vn -0.7621 0.6428 0.0774
vn -0.7611 0.6443 0.0746
vn -0.4598 0.6897 -0.5593
vn -0.6229 0.1880 0.7594
vn -0.1615 -0.2836 0.9452
vn -0.1447 -0.2766 0.9500
vn -0.6177 0.2029 0.7598
vn 0.4938 -0.6361 0.5929
vn 0.7994 -0.5978 -0.0597
vn 0.8049 -0.5913 -0.0502
vn 0.5033 -0.6366 0.5843
vn 0.6336 -0.1844 -0.7514
vn 0.1752 0.2892 -0.9411
vn 0.1846 0.3238 -0.9279
vn 0.6573 -0.1561 -0.7373
vn -0.3200 0.7654 -0.5584
vn -0.6498 0.7445 0.1532
vn -0.7485 0.6564 0.0939
vn -0.4327 0.6832 -0.5881
vn -0.5322 0.0820 0.8426
vn -0.2311 -0.2841 0.9305
vn -0.1952 -0.2877 0.9376
vn -0.6145 0.1552 0.7735
vn 0.4240 -0.5494 0.7200
vn 0.8724 -0.4676 0.1426
vn 0.8046 -0.5904 -0.0643
vn 0.4697 -0.6223 0.6263
vn 0.6143 -0.0387 -0.7881
vn 0.2477 0.2889 -0.9248
vn 0.1844 0.2390 -0.9533
vn 0.6033 -0.2037 -0.7710
vn -0.7113 0.0424 -0.7016
vn -0.9972 0.0424 -0.0612
vn -0.9119 0.4016 -0.0847
vn -0.6719 0.4016 -0.6223
vn -0.7030 0.0636 0.7083
vn -0.0630 0.0891 0.9940
vn -0.0931 0.4432 0.8916
vn -0.6303 0.4218 0.6517
vn 0.7063 0.1102 0.6993
vn 0.9922 0.1102 0.0589
vn 0.8832 0.4635 0.0719
vn 0.6432 0.4635 0.6095
vn 0.6979 0.0890 -0.7106
vn 0.0580 0.0636 -0.9963
vn 0.0644 0.4219 -0.9044
vn 0.6016 0.4433 -0.6646
vn -0.7120 -0.0025 -0.7022
vn -0.9981 -0.0024 -0.0613
vn -0.7120 -0.0024 -0.7022
vn -0.7028 0.0188 0.7111
vn -0.0623 0.0443 0.9971
vn 0.7099 0.0656 0.7012
vn 0.9960 0.0656 0.0603
vn 0.7007 0.0443 -0.7121
vn 0.0602 0.0188 -0.9980
vn -0.9981 -0.0024 -0.0612
vn -0.9981 -0.0025 -0.0613
vn -0.9981 -0.0025 -0.0612
vn 0.7099 0.0656 0.7013
vn -0.7131 -0.0107 -0.7009
vn -0.9979 -0.0095 -0.0639
vn -0.9981 -0.0034 -0.0615
vn -0.7121 -0.0036 -0.7020
vn -0.7034 0.0184 0.7106
vn -0.0580 0.0417 0.9974
vn -0.0618 0.0439 0.9971
vn -0.7029 0.0188 0.7111
vn 0.7120 0.0553 0.7000
vn 0.9963 0.0565 0.0640
vn 0.9961 0.0642 0.0608
vn 0.7102 0.0640 0.7011
vn 0.7031 0.0431 -0.7098
vn 0.0582 0.0174 -0.9982
vn 0.0600 0.0186 -0.9980
vn 0.7010 0.0441 -0.7118
vn -0.7106 0.1359 -0.6903
vn -0.9890 0.1299 -0.0706
vn -0.9975 -0.0015 -0.0711
vn -0.7166 -0.0034 -0.6975
vn -0.7000 0.0659 0.7111
vn -0.0422 -0.0363 0.9985
vn -0.0477 0.0290 0.9984
vn -0.7048 0.0240 0.7090
vn 0.7126 -0.1216 0.6909
vn 0.9914 -0.1082 0.0734
vn 0.9971 0.0258 0.0723
vn 0.7167 0.0216 0.6970
vn 0.7137 -0.0029 -0.7005
vn 0.0560 0.0922 -0.9942
vn 0.0528 0.0248 -0.9983
vn 0.7090 0.0362 -0.7043
vn -0.3757 -0.8888 0.2626
vn -0.1689 -0.8989 -0.4043
vn -0.2023 -0.9101 -0.3616
vn -0.3472 -0.8678 0.3555
vn 0.2051 -0.3297 -0.9215
vn 0.4144 0.3323 -0.8473
vn 0.3399 0.3230 -0.8833
vn 0.1511 -0.3191 -0.9356
vn 0.3861 0.8936 -0.2291
vn 0.1477 0.8955 0.4199
vn 0.0387 0.9339 0.3554
vn 0.2792 0.9227 -0.2656
vn -0.2229 0.3417 0.9130
vn -0.4107 -0.3447 0.8441
vn -0.3907 -0.3279 0.8602
vn -0.2820 0.3776 0.8820
vn -0.4639 -0.8628 0.2010
vn -0.2186 -0.8626 -0.4563
vn -0.1920 -0.8778 -0.4389
vn -0.4261 -0.8772 0.2214
vn 0.1791 -0.3143 -0.9323
vn 0.4098 0.3426 -0.8454
vn 0.4189 0.3378 -0.8429
vn 0.1959 -0.3225 -0.9261
vn 0.3963 0.8900 -0.2256
vn 0.1494 0.8900 0.4308
vn 0.1568 0.8885 0.4312
vn 0.4010 0.8882 -0.2244
vn -0.2487 0.3426 0.9060
vn -0.4783 -0.3154 0.8196
vn -0.4494 -0.3290 0.8305
vn -0.2332 0.3387 0.9115
vn -0.4712 -0.8596 0.1973
vn -0.2239 -0.8596 -0.4592
vn -0.2239 -0.8597 -0.4592
vn -0.4712 -0.8597 0.1973
vn 0.1758 -0.3128 -0.9334
vn 0.4080 0.3434 -0.8459
vn 0.3954 0.8903 -0.2259
vn 0.1480 0.8903 0.4306
vn -0.2516 0.3434 0.9048
vn -0.4839 -0.3128 0.8173
vn -0.4838 -0.3128 0.8173
vn -0.4826 -0.8552 0.1889
vn -0.2380 -0.8552 -0.4604
vn -0.2259 -0.8590 -0.4595
vn -0.4729 -0.8590 0.1962
vn 0.1730 -0.3147 -0.9333
vn 0.4056 0.3509 -0.8440
vn 0.4076 0.3443 -0.8458
vn 0.1754 -0.3130 -0.9334
vn 0.3745 0.8989 -0.2274
vn 0.1314 0.8989 0.4180
vn 0.1457 0.8914 0.4291
vn 0.3927 0.8914 -0.2263
vn -0.2521 0.3509 0.9018
vn -0.4858 -0.3147 0.8154
vn -0.4841 -0.3130 0.8171
vn -0.2518 0.3443 0.9045
vn -0.7079 -0.7011 0.0856
vn -0.4754 -0.7011 -0.5314
vn -0.2871 -0.8355 -0.4686
vn -0.5249 -0.8355 0.1626
vn 0.0824 -0.2659 -0.9605
vn 0.5099 0.3299 -0.7945
vn 0.4160 0.3663 -0.8323
vn 0.1563 -0.3150 -0.9361
vn 0.5848 0.8017 -0.1235
vn 0.3579 0.8017 0.4787
vn 0.1366 0.9055 0.4018
vn 0.3678 0.9055 -0.2118
vn -0.1411 0.3299 0.9334
vn -0.5719 -0.2659 0.7761
vn -0.5003 -0.3150 0.8065
vn -0.2367 0.3663 0.8999
vn -0.9969 -0.0767 -0.0178
vn -0.7608 -0.0767 -0.6445
vn -0.7120 -0.3313 -0.6191
vn -0.9435 -0.3313 -0.0046
vn -0.0179 -0.0168 -0.9997
vn 0.6734 0.0153 -0.7391
vn 0.6518 0.1399 -0.7454
vn -0.0095 -0.1151 -0.9933
vn 0.9997 -0.0095 0.0238
vn 0.7668 -0.0095 0.6418
vn 0.7258 0.2928 0.6225
vn 0.9561 0.2928 0.0111
vn 0.0182 0.0153 0.9997
vn -0.6731 -0.0168 0.7393
vn -0.6626 -0.1151 0.7401
vn -0.0021 0.1399 0.9902
vn -1.0000 0.0024 -0.0022
vn -0.7528 0.0024 -0.6582
vn -0.7558 -0.0143 -0.6546
vn -0.9999 -0.0143 -0.0068
vn 0.0009 0.0050 -1.0000
vn 0.6591 0.0050 -0.7520
vn 0.6628 0.0022 -0.7488
vn -0.0042 0.0021 -1.0000
vn 1.0000 0.0025 0.0022
vn 0.7528 0.0024 0.6582
vn 0.7562 -0.0165 0.6542
vn 0.9998 -0.0165 0.0074
vn -0.0010 0.0050 1.0000
vn -0.6592 0.0050 0.7520
vn -0.6630 0.0021 0.7486
vn 0.0040 0.0022 1.0000
vn -1.0000 0.0054 -0.0015
vn -0.7524 0.0055 -0.6587
vn -1.0000 0.0055 -0.0015
vn 0.0015 0.0055 -1.0000
vn 0.6587 0.0055 -0.7524
vn 1.0000 0.0055 0.0015
vn 0.7524 0.0055 0.6587
vn 1.0000 0.0055 0.0016
vn -0.0015 0.0055 1.0000
vn -0.6587 0.0055 0.7524
vn -1.0000 0.0055 -0.0016
vn 0.0016 0.0055 -1.0000
vn -0.0016 0.0055 1.0000
vn -0.9321 0.3613 -0.0251
vn -0.7169 0.3613 -0.5962
vn -0.7511 0.0475 -0.6585
vn -0.9989 0.0475 -0.0008
vn 0.0251 0.3613 -0.9321
vn 0.5962 0.3613 -0.7169
vn 0.6585 0.0475 -0.7511
vn 0.0008 0.0475 -0.9989
vn 0.9321 0.3613 0.0251
vn 0.7169 0.3613 0.5962
vn 0.7511 0.0475 0.6585
vn 0.9989 0.0475 0.0008
vn -0.0251 0.3613 0.9321
vn -0.5962 0.3613 0.7169
vn -0.6585 0.0475 0.7511
vn -0.0008 0.0475 0.9989
vn 0.2427 -0.8692 -0.4308
vn 0.4394 -0.8671 0.2345
vn 0.5121 -0.8317 0.2143
vn 0.3563 -0.8188 -0.4502
vn 0.3977 -0.3421 0.8513
vn 0.1476 0.3077 0.9400
vn 0.2050 0.2464 0.9472
vn 0.4197 -0.3644 0.8313
vn -0.2724 0.8568 0.4377
vn -0.5018 0.8368 -0.2190
vn -0.4571 0.8657 -0.2038
vn -0.1977 0.8649 0.4613
vn -0.4500 0.3079 -0.8383
vn -0.1639 -0.3312 -0.9292
vn -0.0665 -0.2897 -0.9548
vn -0.3763 0.2937 -0.8787
vn 0.2602 -0.8529 -0.4526
vn 0.4754 -0.8529 0.2156
vn 0.4554 -0.8615 0.2246
vn 0.2453 -0.8622 -0.4433
vn 0.4296 -0.3183 0.8451
vn 0.1588 0.3239 0.9327
vn 0.1508 0.3201 0.9353
vn 0.4147 -0.3266 0.8494
vn -0.2486 0.8585 0.4486
vn -0.4657 0.8574 -0.2190
vn -0.4836 0.8478 -0.2175
vn -0.2610 0.8560 0.4462
vn -0.4189 0.3233 -0.8485
vn -0.1461 -0.3181 -0.9367
vn -0.1591 -0.3254 -0.9321
vn -0.4359 0.3167 -0.8424
vn 0.2629 -0.8513 -0.4540
vn 0.4789 -0.8513 0.2141
vn 0.4790 -0.8513 0.2142
vn 0.4322 -0.3168 0.8443
vn 0.1602 0.3245 0.9322
vn -0.2466 0.8590 0.4487
vn -0.4626 0.8590 -0.2194
vn -0.4159 0.3245 -0.8495
vn -0.1438 -0.3169 -0.9375
vn -0.1438 -0.3168 -0.9375
vn -0.4159 0.3245 -0.8496
vn 0.4322 -0.3169 0.8443
vn 0.4323 -0.3169 0.8443
vn 0.4323 -0.3168 0.8443
vn 0.2812 -0.8448 -0.4552
vn 0.4942 -0.8450 0.2043
vn 0.4813 -0.8503 0.2128
vn 0.2656 -0.8503 -0.4543
vn 0.4359 -0.3196 0.8413
vn 0.1607 0.3313 0.9297
vn 0.1603 0.3253 0.9319
vn 0.4327 -0.3171 0.8439
vn -0.2286 0.8699 0.4371
vn -0.4415 0.8698 -0.2202
vn -0.4598 0.8604 -0.2197
vn -0.2441 0.8604 0.4473
vn -0.4143 0.3310 -0.8479
vn -0.1389 -0.3197 -0.9373
vn -0.1432 -0.3171 -0.9375
vn -0.4156 0.3253 -0.8494
vn 0.5661 -0.6306 -0.5309
vn 0.7683 -0.6322 0.1001
vn 0.5499 -0.8166 0.1755
vn 0.3435 -0.8160 -0.4649
vn 0.5516 -0.2433 0.7978
vn 0.0448 0.2777 0.9596
vn 0.1434 0.3405 0.9293
vn 0.4578 -0.3186 0.8300
vn -0.5089 0.6930 0.5107
vn -0.7103 0.6942 -0.1164
vn -0.4458 0.8719 -0.2026
vn -0.2419 0.8719 0.4258
vn -0.5206 0.2804 -0.8065
vn -0.0141 -0.2402 -0.9706
vn -0.1132 -0.3185 -0.9411
vn -0.4276 0.3398 -0.8377
vn 0.7979 0.0058 -0.6028
vn 0.9995 0.0008 0.0313
vn 0.9743 -0.2231 0.0306
vn 0.7763 -0.2195 -0.5909
vn 0.6371 0.0228 0.7705
vn -0.0683 0.0155 0.9975
vn -0.0613 0.1027 0.9928
vn 0.6391 -0.0682 0.7661
vn -0.7985 -0.0296 0.6013
vn -0.9993 -0.0234 -0.0301
vn -0.9812 0.1914 -0.0264
vn -0.7847 0.1865 0.5911
vn -0.6304 0.0314 -0.7756
vn 0.0767 0.0374 -0.9963
vn 0.0802 -0.0578 -0.9951
vn -0.6216 0.1144 -0.7749
vn 0.7840 0.0791 -0.6157
vn 0.9960 0.0732 0.0519
vn 0.9974 0.0554 0.0459
vn 0.7884 0.0610 -0.6121
vn 0.6165 0.0427 0.7862
vn -0.0529 0.0087 0.9986
vn -0.0567 0.0065 0.9984
vn 0.6221 0.0396 0.7820
vn -0.7866 -0.0173 0.6173
vn -0.9987 -0.0113 -0.0506
vn -0.9986 -0.0282 -0.0458
vn -0.7892 -0.0343 0.6132
vn -0.6192 0.0247 -0.7849
vn 0.0504 0.0586 -0.9970
vn 0.0575 0.0552 -0.9968
vn -0.6220 0.0227 -0.7827
vn 0.7833 0.0827 -0.6162
vn 0.9957 0.0768 0.0527
vn 0.7833 0.0828 -0.6162
vn 0.6158 0.0433 0.7867
vn -0.0524 0.0091 0.9986
vn -0.7862 -0.0144 0.6177
vn -0.9987 -0.0084 -0.0512
vn -0.6188 0.0251 -0.7851
vn 0.0494 0.0592 -0.9970
vn 0.0494 0.0593 -0.9970
vn -0.7863 -0.0143 0.6177
vn -0.9987 -0.0083 -0.0512
vn -0.7863 -0.0144 0.6177
vn 0.7352 0.3936 -0.5519
vn 0.9209 0.3883 0.0330
vn 0.9921 0.1133 0.0540
vn 0.7798 0.1193 -0.6146
vn 0.5450 0.3552 0.7595
vn -0.0394 0.3253 0.9448
vn -0.0545 0.0458 0.9975
vn 0.6135 0.0799 0.7857
vn -0.7657 0.3021 0.5678
vn -0.9515 0.3073 -0.0171
vn -0.9983 0.0283 -0.0508
vn -0.7860 0.0224 0.6178
vn -0.5755 0.3404 -0.7436
vn 0.0089 0.3703 -0.9289
vn 0.0483 0.0958 -0.9942
vn -0.6197 0.0617 -0.7824
vn -0.1467 -0.5684 0.8096
vn -0.7176 -0.5782 0.3882
vn -0.7148 -0.5250 0.4620
vn -0.0794 -0.5218 0.8494
vn -0.9054 -0.2268 -0.3588
vn -0.5827 0.2025 -0.7871
vn -0.6664 0.1761 -0.7245
vn -0.9286 -0.2128 -0.3040
vn 0.1392 0.6028 -0.7856
vn 0.6909 0.6355 -0.3447
vn 0.5880 0.7425 -0.3210
vn 0.0239 0.6520 -0.7579
vn 0.8900 0.2615 0.3736
vn 0.5773 -0.1874 0.7948
vn 0.6608 -0.0902 0.7451
vn 0.8733 0.3446 0.3444
vn -0.2158 -0.5258 0.8228
vn -0.7604 -0.5259 0.3810
vn -0.7437 -0.5537 0.3747
vn -0.1928 -0.5511 0.8119
vn -0.9222 -0.1696 -0.3475
vn -0.5723 0.2585 -0.7782
vn -0.5691 0.2358 -0.7877
vn -0.9128 -0.1964 -0.3581
vn 0.1718 0.6167 -0.7682
vn 0.7155 0.6182 -0.3253
vn 0.7129 0.6173 -0.3329
vn 0.1679 0.6065 -0.7771
vn 0.8775 0.2613 0.4021
vn 0.5282 -0.1680 0.8323
vn 0.5425 -0.1841 0.8196
vn 0.8833 0.2554 0.3930
vn -0.2220 -0.5178 0.8262
vn -0.7643 -0.5171 0.3852
vn -0.7635 -0.5200 0.3830
vn -0.2200 -0.5201 0.8253
vn -0.9242 -0.1645 -0.3447
vn -0.5715 0.2653 -0.7765
vn -0.5731 0.2629 -0.7762
vn -0.9240 -0.1645 -0.3451
vn 0.1712 0.6256 -0.7611
vn 0.7105 0.6263 -0.3208
vn 0.7151 0.6196 -0.3237
vn 0.1719 0.6195 -0.7660
vn 0.8759 0.2668 0.4021
vn 0.5260 -0.1645 0.8344
vn 0.5257 -0.1646 0.8346
vn 0.8763 0.2631 0.4035
vn -0.2829 -0.3435 0.8955
vn -0.8206 -0.3297 0.4669
vn -0.7750 -0.4875 0.4022
vn -0.2361 -0.4908 0.8386
vn -0.9473 -0.0836 -0.3092
vn -0.5374 0.2114 -0.8164
vn -0.5625 0.2633 -0.7837
vn -0.9286 -0.1537 -0.3377
vn 0.2572 0.4438 -0.8584
vn 0.7930 0.4313 -0.4302
vn 0.7163 0.6124 -0.3344
vn 0.1858 0.6125 -0.7683
vn 0.9227 0.1786 0.3417
vn 0.5144 -0.1178 0.8494
vn 0.5243 -0.1579 0.8368
vn 0.8831 0.2626 0.3887
vn -0.3069 0.0136 0.9516
vn -0.8480 0.0532 0.5273
vn -0.8496 -0.0801 0.5213
vn -0.3135 -0.1101 0.9432
vn -0.9537 0.0842 -0.2886
vn -0.5163 0.0678 -0.8537
vn -0.5173 0.1171 -0.8477
vn -0.9579 0.0271 -0.2859
vn 0.3073 0.0038 -0.9516
vn 0.8490 -0.0402 -0.5268
vn 0.8489 0.1124 -0.5165
vn 0.3104 0.1469 -0.9392
vn 0.9551 -0.0473 0.2925
vn 0.5154 -0.0264 0.8565
vn 0.5095 -0.0567 0.8586
vn 0.9541 0.0288 0.2981
vn -0.2962 0.0453 0.9541
vn -0.8478 0.0891 0.5227
vn -0.8476 0.0828 0.5241
vn -0.2989 0.0400 0.9534
vn -0.9496 0.0967 -0.2983
vn -0.5193 0.0609 -0.8525
vn -0.5186 0.0605 -0.8529
vn -0.9505 0.0951 -0.2957
vn 0.2992 -0.0067 -0.9542
vn 0.8510 -0.0509 -0.5227
vn 0.8499 -0.0563 -0.5239
vn 0.3008 -0.0115 -0.9536
vn 0.9528 -0.0567 0.2983
vn 0.5224 -0.0206 0.8525
vn 0.5207 -0.0211 0.8535
vn 0.9532 -0.0578 0.2968
vn -0.2958 0.0463 0.9541
vn -0.8478 0.0904 0.5225
vn -0.8478 0.0903 0.5225
vn -0.9494 0.0970 -0.2986
vn -0.5193 0.0609 -0.8524
vn 0.2991 -0.0058 -0.9542
vn 0.8511 -0.0499 -0.5226
vn 0.2991 -0.0059 -0.9542
vn 0.9527 -0.0565 0.2985
vn 0.5226 -0.0204 0.8523
vn 0.5226 -0.0205 0.8523
vn 0.9527 -0.0566 0.2985
vn 0.9527 -0.0566 0.2986
vn 0.9527 -0.0565 0.2986
vn -0.2770 0.3541 0.8933
vn -0.7631 0.3929 0.5132
vn -0.8441 0.1260 0.5212
vn -0.2919 0.0820 0.9529
vn -0.8644 0.3995 -0.3054
vn -0.4856 0.3678 -0.7931
vn -0.5151 0.0966 -0.8516
vn -0.9454 0.1327 -0.2977
vn 0.3302 0.3012 -0.8946
vn 0.8164 0.2624 -0.5145
vn 0.8532 -0.0141 -0.5214
vn 0.3010 0.0300 -0.9532
vn 0.9177 0.2558 0.3041
vn 0.5389 0.2876 0.7918
vn 0.5243 0.0154 0.8514
vn 0.9545 -0.0207 0.2974
vn 0.4683 -0.8586 0.2084
vn -0.1722 -0.8437 0.5084
vn -0.1322 -0.7892 0.5997
vn 0.4760 -0.8360 0.2728
vn -0.8089 -0.2990 0.5062
vn -0.9229 0.3249 0.2066
vn -0.9077 0.3485 0.2337
vn -0.7743 -0.2298 0.5896
vn -0.4972 0.8345 -0.2375
vn 0.1602 0.8537 -0.4956
vn 0.2057 0.8988 -0.3870
vn -0.5269 0.8314 -0.1764
vn 0.8225 0.2713 -0.4998
vn 0.8983 -0.3615 -0.2497
vn 0.8894 -0.4209 -0.1786
vn 0.9190 0.1373 -0.3696
vn 0.4785 -0.8503 0.2190
vn -0.1648 -0.8497 0.5008
vn -0.1693 -0.8513 0.4965
vn 0.4736 -0.8555 0.2094
vn -0.7961 -0.3145 0.5171
vn -0.9101 0.3269 0.2548
vn -0.9173 0.3224 0.2336
vn -0.8023 -0.3146 0.5073
vn -0.4690 0.8611 -0.1964
vn 0.1750 0.8618 -0.4761
vn 0.1666 0.8549 -0.4914
vn -0.4800 0.8497 -0.2182
vn 0.8069 0.3259 -0.4926
vn 0.9196 -0.3164 -0.2327
vn 0.9115 -0.3300 -0.2456
vn 0.8056 0.3120 -0.5038
vn 0.4794 -0.8494 0.2207
vn -0.1641 -0.8494 0.5016
vn -0.7951 -0.3143 0.5188
vn -0.9086 0.3279 0.2585
vn -0.9087 0.3279 0.2585
vn -0.7950 -0.3143 0.5188
vn -0.4670 0.8630 -0.1924
vn 0.1765 0.8630 -0.4733
vn 0.1765 0.8631 -0.4733
vn 0.8074 0.3279 -0.4905
vn 0.9210 -0.3143 -0.2302
vn 0.9210 -0.3142 -0.2302
vn -0.4670 0.8631 -0.1924
vn -0.7951 -0.3142 0.5188
vn 0.4814 -0.8444 0.2349
vn -0.1550 -0.8446 0.5125
vn -0.1629 -0.8487 0.5032
vn 0.4798 -0.8486 0.2228
vn -0.7926 -0.3165 0.5212
vn -0.9064 0.3341 0.2585
vn -0.9084 0.3286 0.2586
vn -0.7948 -0.3145 0.5191
vn -0.4559 0.8718 -0.1791
vn 0.1783 0.8717 -0.4564
vn 0.1769 0.8642 -0.4711
vn -0.4657 0.8642 -0.1906
vn 0.8059 0.3337 -0.4891
vn 0.9211 -0.3166 -0.2264
vn 0.9210 -0.3145 -0.2297
vn 0.8073 0.3286 -0.4902
vn 0.5658 -0.6809 0.4650
vn -0.0449 -0.6828 0.7292
vn -0.1270 -0.8232 0.5534
vn 0.4931 -0.8225 0.2836
vn -0.7488 -0.2631 0.6084
vn -0.9394 0.3013 0.1633
vn -0.9067 0.3441 0.2441
vn -0.7821 -0.3167 0.5366
vn -0.5286 0.7541 -0.3898
vn 0.0734 0.7552 -0.6514
vn 0.1631 0.8751 -0.4557
vn -0.4457 0.8750 -0.1891
vn 0.7616 0.3036 -0.5725
vn 0.9571 -0.2598 -0.1285
vn 0.9257 -0.3168 -0.2068
vn 0.7959 0.3432 -0.4987
vn 0.6788 -0.0748 0.7305
vn 0.0616 -0.0813 0.9948
vn 0.0480 -0.3218 0.9456
vn 0.6566 -0.3173 0.6843
vn -0.7084 -0.0158 0.7057
vn -0.9988 0.0364 0.0324
vn -0.9887 0.1399 0.0531
vn -0.7102 -0.1123 0.6949
vn -0.6780 0.0408 -0.7339
vn -0.0640 0.0490 -0.9967
vn -0.0498 0.3118 -0.9488
vn -0.6577 0.3061 -0.6883
vn 0.7134 0.0571 -0.6984
vn 0.9997 0.0031 -0.0238
vn 0.9944 -0.0998 -0.0345
vn 0.7196 0.1537 -0.6772
vn 0.6904 0.0032 0.7234
vn 0.0460 -0.0046 0.9989
vn 0.0508 -0.0216 0.9985
vn 0.6873 -0.0142 0.7262
vn -0.7221 0.0070 0.6918
vn -0.9986 0.0257 0.0457
vn -0.9988 0.0236 0.0420
vn -0.7183 0.0037 0.6958
vn -0.6904 0.0451 -0.7220
vn -0.0459 0.0530 -0.9975
vn -0.0505 0.0366 -0.9981
vn -0.6875 0.0284 -0.7256
vn 0.7223 0.0467 -0.6900
vn 0.9987 0.0279 -0.0438
vn 0.9990 0.0243 -0.0381
vn 0.7200 0.0449 -0.6926
vn 0.6908 0.0067 0.7230
vn 0.0454 -0.0012 0.9990
vn 0.6908 0.0066 0.7230
vn -0.7225 0.0076 0.6913
vn -0.9986 0.0260 0.0461
vn -0.6908 0.0479 -0.7215
vn -0.0454 0.0558 -0.9974
vn -0.6908 0.0480 -0.7215
vn 0.7225 0.0470 -0.6897
vn 0.9986 0.0285 -0.0446
vn 0.9986 0.0286 -0.0445
vn 0.7225 0.0471 -0.6897
vn 0.0453 -0.0012 0.9990
vn -0.7226 0.0076 0.6913
vn 0.9986 0.0286 -0.0446
vn -0.9986 0.0261 0.0461
vn -0.7226 0.0075 0.6913
vn 0.7226 0.0470 -0.6897
vn 0.7226 0.0471 -0.6897
vn 0.6211 0.3638 0.6942
vn 0.0652 0.3569 0.9318
vn 0.0446 0.0411 0.9982
vn 0.6898 0.0490 0.7223
vn -0.6835 0.3656 0.6318
vn -0.9213 0.3814 0.0761
vn -0.9966 0.0684 0.0466
vn -0.7206 0.0499 0.6915
vn -0.6211 0.4028 -0.6723
vn -0.0652 0.4095 -0.9100
vn -0.0446 0.0981 -0.9942
vn -0.6898 0.0902 -0.7183
vn 0.6835 0.4010 -0.6100
vn 0.9213 0.3851 -0.0542
vn 0.9966 0.0709 -0.0426
vn 0.7206 0.0893 -0.6876
vn 0.2521 -0.7136 -0.6536
vn 0.6821 -0.7237 -0.1052
vn 0.6979 -0.7060 -0.1204
vn 0.2927 -0.6629 -0.6892
vn 0.7694 -0.2835 0.5724
vn 0.4317 0.2625 0.8630
vn 0.5512 0.3349 0.7642
vn 0.8183 -0.2500 0.5176
vn -0.2354 0.7050 0.6690
vn -0.6978 0.7021 0.1422
vn -0.6414 0.7488 0.1669
vn -0.1301 0.7824 0.6091
vn -0.7932 0.2703 -0.5457
vn -0.4390 -0.2455 -0.8643
vn -0.4206 -0.1425 -0.8960
vn -0.7904 0.3595 -0.4960
vn 0.2714 -0.6872 -0.6738
vn 0.7144 -0.6876 -0.1294
vn 0.6994 -0.7050 -0.1178
vn 0.2589 -0.7026 -0.6629
vn 0.7841 -0.2493 0.5683
vn 0.4240 0.2773 0.8622
vn 0.4191 0.2674 0.8677
vn 0.7745 -0.2650 0.5743
vn -0.2462 0.7153 0.6540
vn -0.6903 0.7150 0.1102
vn -0.6983 0.7056 0.1207
vn -0.2498 0.7065 0.6622
vn -0.7602 0.2767 -0.5878
vn -0.3995 -0.2485 -0.8824
vn -0.4166 -0.2572 -0.8719
vn -0.7750 0.2660 -0.5733
vn 0.2736 -0.6844 -0.6758
vn 0.7171 -0.6844 -0.1315
vn 0.7859 -0.2466 0.5671
vn 0.4250 0.2789 0.8612
vn -0.2453 0.7168 0.6527
vn -0.6888 0.7168 0.1085
vn -0.7576 0.2789 -0.5902
vn -0.3967 -0.2466 -0.8842
vn 0.2804 -0.6789 -0.6786
vn 0.7209 -0.6792 -0.1376
vn 0.7177 -0.6837 -0.1323
vn 0.2746 -0.6836 -0.6762
vn 0.7868 -0.2471 0.5656
vn 0.4238 0.2832 0.8604
vn 0.4249 0.2794 0.8610
vn 0.7860 -0.2466 0.5669
vn -0.2402 0.7256 0.6448
vn -0.6802 0.7254 0.1057
vn -0.6877 0.7179 0.1080
vn -0.2446 0.7180 0.6517
vn -0.7573 0.2826 -0.5888
vn -0.3945 -0.2470 -0.8851
vn -0.3964 -0.2466 -0.8843
vn -0.7575 0.2793 -0.5900
vn 0.4135 -0.4767 -0.7757
vn 0.8415 -0.4814 -0.2452
vn 0.7433 -0.6489 -0.1627
vn 0.3096 -0.6475 -0.6964
vn 0.8336 -0.1734 0.5244
vn 0.3633 0.2242 0.9043
vn 0.4114 0.2840 0.8661
vn 0.7957 -0.2394 0.5564
vn -0.3761 0.5518 0.7444
vn -0.8027 0.5556 0.2166
vn -0.6856 0.7179 0.1206
vn -0.2550 0.7180 0.6477
vn -0.8046 0.2341 -0.5458
vn -0.3354 -0.1626 -0.9279
vn -0.3816 -0.2382 -0.8931
vn -0.7644 0.2835 -0.5790
vn 0.5220 0.0138 -0.8528
vn 0.9470 -0.0002 -0.3213
vn 0.9321 -0.1742 -0.3177
vn 0.5100 -0.1638 -0.8444
vn 0.8662 0.0146 0.4995
vn 0.3041 0.0263 0.9523
vn 0.3133 0.0966 0.9447
vn 0.8667 -0.0517 0.4961
vn -0.5196 0.0263 0.8540
vn -0.9465 0.0426 0.3197
vn -0.9255 0.2164 0.3109
vn -0.5018 0.2040 0.8406
vn -0.8589 0.0684 -0.5075
vn -0.2930 0.0542 -0.9546
vn -0.2922 -0.0226 -0.9561
vn -0.8489 0.1277 -0.5130
vn 0.5128 0.0678 -0.8558
vn 0.9499 0.0518 -0.3083
vn 0.9492 0.0409 -0.3121
vn 0.5157 0.0563 -0.8549
vn 0.8579 0.0295 0.5130
vn 0.3090 0.0169 0.9509
vn 0.3076 0.0160 0.9514
vn 0.8602 0.0275 0.5093
vn -0.5127 0.0182 0.8584
vn -0.9499 0.0344 0.3106
vn -0.9494 0.0263 0.3129
vn -0.5148 0.0098 0.8573
vn -0.8576 0.0599 -0.5108
vn -0.3086 0.0723 -0.9484
vn -0.3042 0.0697 -0.9501
vn -0.8582 0.0594 -0.5099
vn 0.5124 0.0701 -0.8559
vn 0.9499 0.0540 -0.3077
vn 0.9500 0.0540 -0.3077
vn 0.5124 0.0702 -0.8559
vn 0.8576 0.0299 0.5135
vn 0.3092 0.0170 0.9509
vn -0.5124 0.0197 0.8585
vn -0.9499 0.0359 0.3104
vn -0.9499 0.0358 0.3104
vn -0.8575 0.0600 -0.5109
vn -0.3092 0.0729 -0.9482
vn -0.8576 0.0600 -0.5109
vn 0.8575 0.0299 0.5135
vn 0.8576 0.0298 0.5135
vn -0.9499 0.0359 0.3103
vn 0.9499 0.0541 -0.3077
vn 0.3091 0.0170 0.9509
vn -0.3091 0.0729 -0.9482
vn 0.4986 0.3830 -0.7777
vn 0.8796 0.3689 -0.3002
vn 0.9479 0.0909 -0.3053
vn 0.5107 0.1070 -0.8531
vn 0.7886 0.3451 0.5089
vn 0.3110 0.3339 0.8898
vn 0.3079 0.0540 0.9499
vn 0.8558 0.0668 0.5129
vn -0.4986 0.3366 0.7988
vn -0.8796 0.3506 0.3214
vn -0.9479 0.0728 0.3102
vn -0.5108 0.0566 0.8578
vn -0.7886 0.3745 -0.4877
vn -0.3110 0.3856 -0.8687
vn -0.3079 0.1097 -0.9451
vn -0.8558 0.0969 -0.5081
vn 0.5035 -0.3792 0.7763
vn -0.1664 -0.5043 0.8474
vn -0.1526 -0.6358 0.7566
vn 0.5216 -0.5476 0.6543
vn -0.8563 -0.3045 0.4171
vn -0.9803 0.0556 -0.1893
vn -0.9828 0.1418 -0.1185
vn -0.8536 -0.3214 0.4100
vn -0.5138 0.4530 -0.7285
vn 0.1620 0.6023 -0.7817
vn 0.1574 0.6866 -0.7098
vn -0.5234 0.5876 -0.6171
vn 0.8479 0.4183 -0.3258
vn 0.9651 0.0357 0.2595
vn 0.9823 -0.0954 0.1615
vn 0.8554 0.3766 -0.3557
vn 0.4865 -0.3023 0.8197
vn -0.1965 -0.4442 0.8741
vn -0.1849 -0.4693 0.8635
vn 0.4937 -0.3318 0.8039
vn -0.8662 -0.2733 0.4183
vn -0.9815 0.0695 -0.1783
vn -0.9807 0.0449 -0.1905
vn -0.8604 -0.2963 0.4146
vn -0.5126 0.4608 -0.7245
vn 0.1731 0.5982 -0.7824
vn 0.1692 0.5920 -0.7880
vn -0.5114 0.4426 -0.7366
vn 0.8408 0.4346 -0.3227
vn 0.9556 0.0986 0.2775
vn 0.9600 0.0768 0.2694
vn 0.8418 0.4294 -0.3270
vn 0.4480 -0.3393 0.8271
vn -0.1939 -0.4569 0.8682
vn -0.2047 -0.4232 0.8826
vn 0.4775 -0.2849 0.8312
vn -0.9170 -0.2459 0.3142
vn -0.9595 0.1180 -0.2558
vn -0.9780 0.1056 -0.1797
vn -0.8804 -0.2407 0.4085
vn -0.4562 0.4308 -0.7786
vn 0.1720 0.4844 -0.8578
vn 0.1817 0.5891 -0.7874
vn -0.5063 0.4720 -0.7218
vn 0.9032 0.2615 -0.3402
vn 0.9652 0.0034 0.2613
vn 0.9527 0.1017 0.2865
vn 0.8524 0.4179 -0.3144
vn 0.4408 -0.1100 0.8909
vn 0.5379 -0.3457 0.7689
vn 0.4972 -0.3755 0.7822
vn 0.3630 0.0891 0.9275
vn 0.7005 0.6618 0.2671
vn 0.5945 0.2453 0.7658
vn 0.1832 0.7729 0.6075
vn 0.0364 0.9873 -0.1549
usemtl Material.001
f 1//1 2//1 3//1 4//1
f 5//2 6//2 3//2 2//2
f 7//3 4//3 3//3 6//3
f 5//4 8//4 9//4 6//4
f 10//5 11//5 9//5 8//5
f 7//6 6//6 9//6 11//6
f 12//7 13//7 14//7 15//7
f 16//8 17//8 14//8 13//8
f 18//9 15//9 14//9 17//9
f 19//10 20//10 21//10 22//10
f 20//11 23//11 24//11 21//11
f 21//12 24//12 25//12 26//12
f 22//13 21//13 26//13 27//13
f 28//14 29//14 30//14 31//14
f 32//15 33//15 30//15 29//15
f 1//16 31//16 30//16 33//16
f 34//17 35//17 36//17 37//17
f 35//18 19//18 22//18 36//18
f 36//19 22//19 27//19 38//19
f 37//20 36//20 38//20 39//20
f 40//21 41//21 42//21 43//21
f 41//22 34//22 37//22 42//22
f 42//23 37//23 39//23 44//23
f 43//24 42//24 44//24 45//24
f 23//25 46//25 47//25 24//25
f 46//26 40//26 43//26 47//26
f 47//27 43//27 45//27 48//27
f 24//28 47//28 48//28 25//28
f 49//29 50//29 51//29 52//29
f 10//30 8//30 51//30 50//30
f 5//31 52//31 51//31 8//31
f 27//32 26//32 53//32 54//32
f 26//33 25//33 55//33 53//33
f 53//34 55//34 56//34 57//34
f 54//35 53//35 57//35 58//35
f 39//36 38//36 59//36 60//36
f 38//37 27//37 54//37 59//37
f 59//38 54//38 58//38 61//38
f 60//39 59//39 61//39 62//39
f 63//40 64//40 65//40 66//40
f 32//41 29//41 65//41 64//41
f 28//42 66//42 65//42 29//42
f 67//43 68//43 69//43 70//43
f 71//44 72//44 69//44 68//44
f 32//45 70//45 69//45 72//45
f 67//46 73//46 74//46 68//46
f 75//47 76//47 74//47 73//47
f 71//48 68//48 74//48 76//48
f 45//49 44//49 77//49 78//49
f 44//50 39//50 60//50 77//50
f 77//51 60//51 62//51 79//51
f 78//52 77//52 79//52 80//52
f 25//53 48//53 81//53 55//53
f 48//54 45//54 78//54 81//54
f 81//55 78//55 80//55 82//55
f 55//56 81//56 82//56 56//56
f 83//57 84//57 85//57 86//57
f 83//58 87//58 75//58 88//58
f 84//59 83//59 88//59 49//59
f 89//60 90//60 91//60 92//60
f 80//61 79//61 91//61 90//61
f 62//62 92//62 91//62 79//62
f 93//63 94//63 95//63 96//63
f 75//64 97//64 95//64 94//64
f 63//65 96//65 95//65 97//65
f 98//66 87//66 99//66 100//66
f 87//67 83//67 86//67 99//67
f 101//68 84//68 49//68 52//68
f 102//69 101//69 52//69 5//69
f 103//70 104//70 105//70 106//70
f 107//71 108//71 105//71 104//71
f 109//72 106//72 105//72 108//72
f 110//73 111//73 112//73 113//73
f 114//74 115//74 112//74 111//74
f 107//75 113//75 112//75 115//75
f 103//76 116//76 117//76 104//76
f 118//77 119//77 117//77 116//77
f 107//78 104//78 117//78 119//78
f 118//79 120//79 121//79 119//79
f 110//80 113//80 121//80 120//80
f 107//81 119//81 121//81 113//81
f 122//82 123//82 124//82 125//82
f 84//83 101//83 126//83 85//83
f 122//84 102//84 5//84 127//84
f 123//85 122//85 127//85 71//85
f 102//86 122//86 125//86 128//86
f 98//87 123//87 71//87 76//87
f 87//88 98//88 76//88 75//88
f 129//89 130//89 131//89 132//89
f 16//90 13//90 131//90 130//90
f 12//91 132//91 131//91 13//91
f 133//92 134//92 135//92 136//92
f 134//93 137//93 138//93 135//93
f 135//94 138//94 139//94 140//94
f 136//95 135//95 140//95 141//95
f 142//96 143//96 144//96 145//96
f 143//97 133//97 136//97 144//97
f 144//98 136//98 141//98 146//98
f 145//99 144//99 146//99 147//99
f 148//100 149//100 150//100 151//100
f 149//101 142//101 145//101 150//101
f 150//102 145//102 147//102 152//102
f 151//103 150//103 152//103 153//103
f 137//104 154//104 155//104 138//104
f 154//105 148//105 151//105 155//105
f 155//106 151//106 153//106 156//106
f 138//107 155//107 156//107 139//107
f 141//108 140//108 157//108 158//108
f 140//109 139//109 159//109 157//109
f 157//110 159//110 10//110 160//110
f 158//111 157//111 160//111 28//111
f 147//112 146//112 161//112 162//112
f 146//113 141//113 158//113 161//113
f 161//114 158//114 28//114 31//114
f 162//115 161//115 31//115 1//115
f 153//116 152//116 163//116 164//116
f 152//117 147//117 162//117 163//117
f 163//118 162//118 1//118 4//118
f 164//119 163//119 4//119 7//119
f 139//120 156//120 165//120 159//120
f 156//121 153//121 164//121 165//121
f 165//122 164//122 7//122 11//122
f 159//123 165//123 11//123 10//123
f 28//124 166//124 167//124 168//124
f 166//125 169//125 170//125 167//125
f 167//126 170//126 171//126 172//126
f 168//127 167//127 172//127 173//127
f 63//128 66//128 174//128 175//128
f 66//129 28//129 168//129 174//129
f 174//130 168//130 173//130 176//130
f 175//131 174//131 176//131 177//131
f 93//132 96//132 178//132 179//132
f 96//133 63//133 175//133 178//133
f 178//134 175//134 177//134 180//134
f 179//135 178//135 180//135 181//135
f 169//136 182//136 183//136 170//136
f 182//137 93//137 179//137 183//137
f 183//138 179//138 181//138 184//138
f 170//139 183//139 184//139 171//139
f 173//140 172//140 185//140 186//140
f 172//141 171//141 187//141 185//141
f 185//142 187//142 188//142 189//142
f 186//143 185//143 189//143 190//143
f 177//144 176//144 191//144 192//144
f 176//145 173//145 186//145 191//145
f 191//146 186//146 190//146 193//146
f 192//147 191//147 193//147 194//147
f 181//148 180//148 195//148 196//148
f 180//149 177//149 192//149 195//149
f 195//150 192//150 194//150 197//150
f 196//151 195//151 197//151 198//151
f 133//152 143//152 199//152 200//152
f 142//153 201//153 199//153 143//153
f 56//154 200//154 199//154 201//154
f 171//155 184//155 202//155 187//155
f 184//156 181//156 196//156 202//156
f 202//157 196//157 198//157 203//157
f 187//158 202//158 203//158 188//158
f 190//159 189//159 204//159 205//159
f 189//160 188//160 206//160 204//160
f 204//161 206//161 207//161 208//161
f 205//162 204//162 208//162 209//162
f 210//163 211//163 212//163 213//163
f 214//164 215//164 212//164 211//164
f 216//165 213//165 212//165 215//165
f 194//166 193//166 217//166 218//166
f 193//167 190//167 205//167 217//167
f 217//168 205//168 209//168 219//168
f 218//169 217//169 219//169 220//169
f 198//170 197//170 221//170 222//170
f 197//171 194//171 218//171 221//171
f 221//172 218//172 220//172 223//172
f 222//173 221//173 223//173 224//173
f 188//174 203//174 225//174 206//174
f 203//175 198//175 222//175 225//175
f 225//176 222//176 224//176 226//176
f 206//177 225//177 226//177 207//177
f 227//178 228//178 229//178 230//178
f 228//179 231//179 232//179 229//179
f 229//180 232//180 67//180 70//180
f 230//181 229//181 70//181 32//181
f 233//182 234//182 235//182 236//182
f 234//183 227//183 230//183 235//183
f 235//184 230//184 32//184 64//184
f 236//185 235//185 64//185 63//185
f 237//186 238//186 239//186 240//186
f 238//187 233//187 236//187 239//187
f 239//188 236//188 63//188 97//188
f 240//189 239//189 97//189 75//189
f 231//190 241//190 242//190 232//190
f 241//191 237//191 240//191 242//191
f 242//192 240//192 75//192 73//192
f 232//193 242//193 73//193 67//193
f 243//194 244//194 245//194 246//194
f 244//195 247//195 248//195 245//195
f 245//196 248//196 249//196 250//196
f 246//197 245//197 250//197 251//197
f 142//198 252//198 253//198 201//198
f 252//199 254//199 255//199 253//199
f 253//200 255//200 58//200 57//200
f 201//201 253//201 57//201 56//201
f 133//202 200//202 256//202 134//202
f 200//203 56//203 82//203 256//203
f 256//204 82//204 80//204 257//204
f 134//205 256//205 257//205 137//205
f 258//206 259//206 260//206 261//206
f 259//207 262//207 263//207 260//207
f 260//208 263//208 264//208 265//208
f 261//209 260//209 265//209 266//209
f 267//210 268//210 269//210 270//210
f 271//211 272//211 269//211 268//211
f 273//212 270//212 269//212 272//212
f 274//213 275//213 276//213 277//213
f 275//214 278//214 279//214 276//214
f 276//215 279//215 280//215 281//215
f 277//216 276//216 281//216 282//216
f 283//217 284//217 285//217 286//217
f 284//218 287//218 288//218 285//218
f 285//219 288//219 289//219 290//219
f 286//220 285//220 290//220 291//220
f 148//221 292//221 293//221 149//221
f 292//222 294//222 295//222 293//222
f 293//223 295//223 254//223 252//223
f 149//224 293//224 252//224 142//224
f 296//225 297//225 298//225 299//225
f 300//226 301//226 298//226 297//226
f 302//227 299//227 298//227 301//227
f 303//228 304//228 305//228 306//228
f 304//229 307//229 308//229 305//229
f 305//230 308//230 309//230 310//230
f 306//231 305//231 310//231 311//231
f 148//232 154//232 312//232 292//232
f 154//233 137//233 313//233 312//233
f 312//234 313//234 314//234 315//234
f 292//235 312//235 315//235 294//235
f 71//236 127//236 316//236 72//236
f 127//237 5//237 2//237 316//237
f 316//238 2//238 1//238 33//238
f 72//239 316//239 33//239 32//239
f 317//240 318//240 319//240 320//240
f 318//241 321//241 322//241 319//241
f 319//242 322//242 323//242 324//242
f 320//243 319//243 324//243 325//243
f 326//244 327//244 328//244 329//244
f 330//245 331//245 328//245 327//245
f 332//246 329//246 328//246 331//246
f 333//247 334//247 335//247 336//247
f 334//248 337//248 338//248 335//248
f 335//249 338//249 339//249 340//249
f 336//250 335//250 340//250 341//250
f 101//251 102//251 128//251 126//251
f 123//252 98//252 100//252 124//252
f 314//253 313//253 342//253 343//253
f 313//254 137//254 257//254 342//254
f 342//255 257//255 80//255 90//255
f 343//256 342//256 90//256 89//256
f 93//257 182//257 344//257 94//257
f 182//258 169//258 345//258 344//258
f 344//259 345//259 49//259 88//259
f 94//260 344//260 88//260 75//260
f 254//261 346//261 347//261 255//261
f 346//262 89//262 92//262 347//262
f 347//263 92//263 62//263 61//263
f 255//264 347//264 61//264 58//264
f 296//265 348//265 349//265 297//265
f 348//266 326//266 329//266 349//266
f 349//267 329//267 332//267 350//267
f 297//268 349//268 350//268 300//268
f 332//269 351//269 352//269 350//269
f 351//270 353//270 354//270 352//270
f 352//271 354//271 355//271 356//271
f 350//272 352//272 356//272 300//272
f 169//273 166//273 357//273 345//273
f 166//274 28//274 160//274 357//274
f 357//275 160//275 10//275 50//275
f 345//276 357//276 50//276 49//276
f 353//277 358//277 359//277 354//277
f 358//278 360//278 361//278 359//278
f 359//279 361//279 362//279 363//279
f 354//280 359//280 363//280 355//280
f 118//281 364//281 365//281 120//281
f 364//282 16//282 130//282 365//282
f 365//283 130//283 129//283 366//283
f 120//284 365//284 366//284 110//284
f 330//285 327//285 367//285 368//285
f 327//286 326//286 369//286 367//286
f 367//287 369//287 370//287 371//287
f 368//288 367//288 371//288 360//288
f 372//289 373//289 374//289 375//289
f 373//290 376//290 377//290 374//290
f 374//291 377//291 378//291 379//291
f 375//292 374//292 379//292 216//292
f 380//293 381//293 382//293 383//293
f 381//294 384//294 385//294 382//294
f 382//295 385//295 378//295 377//295
f 383//296 382//296 377//296 376//296
f 103//297 106//297 386//297 387//297
f 106//298 109//298 388//298 386//298
f 386//299 388//299 389//299 390//299
f 387//300 386//300 390//300 18//300
f 370//301 391//301 392//301 371//301
f 391//302 302//302 393//302 392//302
f 392//303 393//303 362//303 361//303
f 371//304 392//304 361//304 360//304
f 271//305 394//305 395//305 272//305
f 394//306 384//306 381//306 395//306
f 395//307 381//307 380//307 396//307
f 272//308 395//308 396//308 273//308
f 267//309 270//309 397//309 398//309
f 270//310 273//310 399//310 397//310
f 397//311 399//311 372//311 400//311
f 398//312 397//312 400//312 401//312
f 401//313 400//313 402//313 403//313
f 400//314 372//314 375//314 402//314
f 402//315 375//315 216//315 215//315
f 403//316 402//316 215//316 214//316
f 210//317 404//317 405//317 211//317
f 404//318 384//318 394//318 405//318
f 405//319 394//319 271//319 406//319
f 211//320 405//320 406//320 214//320
f 407//321 408//321 409//321 410//321
f 408//322 411//322 412//322 409//322
f 409//322 412//322 40//322 46//322
f 410//321 409//321 46//321 23//321
f 411//323 413//323 414//323 412//323
f 413//324 415//324 416//324 414//324
f 414//324 416//324 34//324 41//324
f 412//323 414//323 41//323 40//323
f 415//325 417//325 418//325 416//325
f 417//326 419//326 420//326 418//326
f 418//326 420//326 19//326 35//326
f 416//325 418//325 35//325 34//325
f 419//327 421//327 422//327 420//327
f 421//328 407//328 410//328 422//328
f 422//328 410//328 23//328 20//328
f 420//327 422//327 20//327 19//327
f 423//329 424//329 425//329 426//329
f 424//330 427//330 428//330 425//330
f 425//331 428//331 411//331 408//331
f 426//332 425//332 408//332 407//332
f 427//333 429//333 430//333 428//333
f 429//334 431//334 432//334 430//334
f 430//335 432//335 415//335 413//335
f 428//336 430//336 413//336 411//336
f 431//337 433//337 434//337 432//337
f 433//338 435//338 436//338 434//338
f 434//339 436//339 419//339 417//339
f 432//340 434//340 417//340 415//340
f 435//341 437//341 438//341 436//341
f 437//342 423//342 426//342 438//342
f 438//343 426//343 407//343 421//343
f 436//344 438//344 421//344 419//344
f 439//345 440//345 441//345 442//345
f 440//346 443//346 444//346 441//346
f 441//347 444//347 427//347 424//347
f 442//348 441//348 424//348 423//348
f 443//349 445//349 446//349 444//349
f 445//350 447//350 448//350 446//350
f 446//351 448//351 431//351 429//351
f 444//352 446//352 429//352 427//352
f 447//353 449//353 450//353 448//353
f 449//354 451//354 452//354 450//354
f 450//355 452//355 435//355 433//355
f 448//356 450//356 433//356 431//356
f 451//357 453//357 454//357 452//357
f 453//358 439//358 442//358 454//358
f 454//359 442//359 423//359 437//359
f 452//360 454//360 437//360 435//360
f 455//361 456//361 457//361 458//361
f 456//362 459//362 460//362 457//362
f 457//363 460//363 294//363 315//363
f 458//364 457//364 315//364 314//364
f 459//365 461//365 462//365 460//365
f 461//366 463//366 464//366 462//366
f 462//367 464//367 254//367 295//367
f 460//368 462//368 295//368 294//368
f 463//369 465//369 466//369 464//369
f 465//370 467//370 468//370 466//370
f 466//371 468//371 89//371 346//371
f 464//372 466//372 346//372 254//372
f 467//373 469//373 470//373 468//373
f 469//374 455//374 458//374 470//374
f 470//375 458//375 314//375 343//375
f 468//376 470//376 343//376 89//376
f 471//377 472//377 473//377 474//377
f 472//378 475//378 476//378 473//378
f 473//379 476//379 459//379 456//379
f 474//380 473//380 456//380 455//380
f 475//381 477//381 478//381 476//381
f 477//382 479//382 480//382 478//382
f 478//383 480//383 463//383 461//383
f 476//384 478//384 461//384 459//384
f 479//385 481//385 482//385 480//385
f 481//386 483//386 484//386 482//386
f 482//387 484//387 467//387 465//387
f 480//388 482//388 465//388 463//388
f 483//389 485//389 486//389 484//389
f 485//390 471//390 474//390 486//390
f 486//391 474//391 455//391 469//391
f 484//392 486//392 469//392 467//392
f 487//393 488//393 489//393 490//393
f 488//394 491//394 492//394 489//394
f 489//394 492//394 475//394 472//394
f 490//393 489//393 472//393 471//393
f 491//395 493//395 494//395 492//395
f 493//396 495//396 496//396 494//396
f 494//396 496//396 479//396 477//396
f 492//395 494//395 477//395 475//395
f 495//397 497//397 498//397 496//397
f 497//398 499//398 500//398 498//398
f 498//398 500//398 483//398 481//398
f 496//397 498//397 481//397 479//397
f 499//399 501//399 502//399 500//399
f 501//400 487//400 490//400 502//400
f 502//400 490//400 471//400 485//400
f 500//399 502//399 485//399 483//399
f 503//401 504//401 505//401 506//401
f 504//402 507//402 508//402 505//402
f 505//403 508//403 491//403 488//403
f 506//404 505//404 488//404 487//404
f 507//405 509//405 510//405 508//405
f 509//406 511//406 512//406 510//406
f 510//407 512//407 495//407 493//407
f 508//408 510//408 493//408 491//408
f 511//409 513//409 514//409 512//409
f 513//410 515//410 516//410 514//410
f 514//411 516//411 499//411 497//411
f 512//412 514//412 497//412 495//412
f 515//413 517//413 518//413 516//413
f 517//414 503//414 506//414 518//414
f 518//415 506//415 487//415 501//415
f 516//416 518//416 501//416 499//416
f 519//417 520//417 521//417 522//417
f 520//418 523//418 524//418 521//418
f 521//419 524//419 507//419 504//419
f 522//420 521//420 504//420 503//420
f 523//421 525//421 526//421 524//421
f 525//422 527//422 528//422 526//422
f 526//423 528//423 511//423 509//423
f 524//424 526//424 509//424 507//424
f 527//425 529//425 530//425 528//425
f 529//426 531//426 532//426 530//426
f 530//427 532//427 515//427 513//427
f 528//428 530//428 513//428 511//428
f 531//429 533//429 534//429 532//429
f 533//430 519//430 522//430 534//430
f 534//431 522//431 503//431 517//431
f 532//432 534//432 517//432 515//432
f 535//433 536//433 537//433 538//433
f 536//434 539//434 540//434 537//434
f 537//435 540//435 523//435 520//435
f 538//436 537//436 520//436 519//436
f 539//437 541//437 542//437 540//437
f 541//438 543//438 544//438 542//438
f 542//439 544//439 527//439 525//439
f 540//440 542//440 525//440 523//440
f 543//441 545//441 546//441 544//441
f 545//442 547//442 548//442 546//442
f 546//443 548//443 531//443 529//443
f 544//444 546//444 529//444 527//444
f 547//445 549//445 550//445 548//445
f 549//446 535//446 538//446 550//446
f 550//447 538//447 519//447 533//447
f 548//448 550//448 533//448 531//448
f 376//449 373//449 551//449 552//449
f 373//450 372//450 553//450 551//450
f 551//451 553//451 539//451 536//451
f 552//452 551//452 536//452 535//452
f 372//453 399//453 554//453 553//453
f 399//454 273//454 555//454 554//454
f 554//455 555//455 543//455 541//455
f 553//456 554//456 541//456 539//456
f 273//457 396//457 556//457 555//457
f 396//458 380//458 557//458 556//458
f 556//459 557//459 547//459 545//459
f 555//460 556//460 545//460 543//460
f 380//461 383//461 558//461 557//461
f 383//462 376//462 552//462 558//462
f 558//463 552//463 535//463 549//463
f 557//464 558//464 549//464 547//464
f 559//465 560//465 561//465 562//465
f 560//466 563//466 564//466 561//466
f 561//467 564//467 443//467 440//467
f 562//468 561//468 440//468 439//468
f 563//469 565//469 566//469 564//469
f 565//470 567//470 568//470 566//470
f 566//471 568//471 447//471 445//471
f 564//472 566//472 445//472 443//472
f 567//473 569//473 570//473 568//473
f 569//474 571//474 572//474 570//474
f 570//475 572//475 451//475 449//475
f 568//476 570//476 449//476 447//476
f 571//477 573//477 574//477 572//477
f 573//478 559//478 562//478 574//478
f 574//479 562//479 439//479 453//479
f 572//480 574//480 453//480 451//480
f 575//481 576//481 577//481 578//481
f 576//482 579//482 580//482 577//482
f 577//483 580//483 563//483 560//483
f 578//484 577//484 560//484 559//484
f 579//485 581//485 582//485 580//485
f 581//486 583//486 584//486 582//486
f 582//487 584//487 567//487 565//487
f 580//488 582//488 565//488 563//488
f 583//489 585//489 586//489 584//489
f 585//490 587//490 588//490 586//490
f 586//491 588//491 571//491 569//491
f 584//492 586//492 569//492 567//492
f 587//493 589//493 590//493 588//493
f 589//494 575//494 578//494 590//494
f 590//495 578//495 559//495 573//495
f 588//496 590//496 573//496 571//496
f 591//497 592//497 593//497 594//497
f 592//498 595//498 596//498 593//498
f 593//498 596//498 579//498 576//498
f 594//499 593//499 576//499 575//499
f 595//500 597//500 598//500 596//500
f 597//501 599//501 600//501 598//501
f 598//501 600//501 583//501 581//501
f 596//500 598//500 581//500 579//500
f 599//502 601//502 602//502 600//502
f 601//503 603//503 604//503 602//503
f 602//503 604//503 587//503 585//503
f 600//504 602//504 585//504 583//504
f 603//505 605//505 606//505 604//505
f 605//506 591//506 594//506 606//506
f 606//506 594//506 575//506 589//506
f 604//505 606//505 589//505 587//505
f 607//497 608//497 609//497 610//497
f 608//498 611//498 612//498 609//498
f 609//498 612//498 595//498 592//498
f 610//497 609//497 592//497 591//497
f 611//500 613//500 614//500 612//500
f 613//501 615//501 616//501 614//501
f 614//501 616//501 599//501 597//501
f 612//500 614//500 597//500 595//500
f 615//502 617//502 618//502 616//502
f 617//503 619//503 620//503 618//503
f 618//503 620//503 603//503 601//503
f 616//502 618//502 601//502 599//502
f 619//505 621//505 622//505 620//505
f 621//506 607//506 610//506 622//506
f 622//506 610//506 591//506 605//506
f 620//505 622//505 605//505 603//505
f 623//497 624//497 625//497 626//497
f 624//498 627//498 628//498 625//498
f 625//498 628//498 611//498 608//498
f 626//497 625//497 608//497 607//497
f 627//500 629//500 630//500 628//500
f 629//501 631//501 632//501 630//501
f 630//501 632//501 615//501 613//501
f 628//500 630//500 613//500 611//500
f 631//502 633//502 634//502 632//502
f 633//503 635//503 636//503 634//503
f 634//503 636//503 619//503 617//503
f 632//502 634//502 617//502 615//502
f 635//505 637//505 638//505 636//505
f 637//506 623//506 626//506 638//506
f 638//506 626//506 607//506 621//506
f 636//505 638//505 621//505 619//505
f 341//507 340//507 639//507 640//507
f 340//508 339//508 641//508 639//508
f 639//509 641//509 627//509 624//509
f 640//510 639//510 624//510 623//510
f 339//511 338//511 642//511 641//511
f 338//512 337//512 643//512 642//512
f 642//513 643//513 631//513 629//513
f 641//514 642//514 629//514 627//514
f 337//515 334//515 644//515 643//515
f 334//516 333//516 645//516 644//516
f 644//517 645//517 635//517 633//517
f 643//518 644//518 633//518 631//518
f 333//519 336//519 646//519 645//519
f 336//520 341//520 640//520 646//520
f 646//521 640//521 623//521 637//521
f 645//522 646//522 637//522 635//522
f 647//523 648//523 649//523 650//523
f 648//524 651//524 652//524 649//524
f 649//525 652//525 300//525 356//525
f 650//526 649//526 356//526 355//526
f 651//527 653//527 654//527 652//527
f 653//528 655//528 656//528 654//528
f 654//529 656//529 302//529 301//529
f 652//530 654//530 301//530 300//530
f 655//531 657//531 658//531 656//531
f 657//532 659//532 660//532 658//532
f 658//533 660//533 362//533 393//533
f 656//534 658//534 393//534 302//534
f 659//535 661//535 662//535 660//535
f 661//536 647//536 650//536 662//536
f 662//537 650//537 355//537 363//537
f 660//538 662//538 363//538 362//538
f 663//539 664//539 665//539 666//539
f 664//540 667//540 668//540 665//540
f 665//541 668//541 651//541 648//541
f 666//542 665//542 648//542 647//542
f 667//543 669//543 670//543 668//543
f 669//544 671//544 672//544 670//544
f 670//545 672//545 655//545 653//545
f 668//546 670//546 653//546 651//546
f 671//547 673//547 674//547 672//547
f 673//548 675//548 676//548 674//548
f 674//549 676//549 659//549 657//549
f 672//550 674//550 657//550 655//550
f 675//551 677//551 678//551 676//551
f 677//552 663//552 666//552 678//552
f 678//553 666//553 647//553 661//553
f 676//554 678//554 661//554 659//554
f 207//555 226//555 679//555 680//555
f 226//556 224//556 681//556 679//556
f 679//557 681//557 667//557 664//557
f 680//558 679//558 664//558 663//558
f 224//559 223//559 682//559 681//559
f 223//560 220//560 683//560 682//560
f 682//561 683//561 671//561 669//561
f 681//562 682//562 669//562 667//562
f 220//563 219//563 684//563 683//563
f 219//564 209//564 685//564 684//564
f 684//565 685//565 675//565 673//565
f 683//566 684//566 673//566 671//566
f 209//567 208//567 686//567 685//567
f 208//568 207//568 680//568 686//568
f 686//569 680//569 663//569 677//569
f 685//570 686//570 677//570 675//570
f 687//571 688//571 689//571 690//571
f 688//572 691//572 692//572 689//572
f 689//573 692//573 693//573 694//573
f 690//574 689//574 694//574 695//574
f 691//575 696//575 697//575 692//575
f 696//576 698//576 699//576 697//576
f 697//577 699//577 700//577 701//577
f 692//578 697//578 701//578 693//578
f 698//579 702//579 703//579 699//579
f 702//580 704//580 705//580 703//580
f 703//581 705//581 706//581 707//581
f 699//582 703//582 707//582 700//582
f 704//583 708//583 709//583 705//583
f 708//584 687//584 690//584 709//584
f 709//585 690//585 695//585 710//585
f 705//586 709//586 710//586 706//586
f 711//587 712//587 713//587 714//587
f 712//588 715//588 716//588 713//588
f 713//589 716//589 691//589 688//589
f 714//590 713//590 688//590 687//590
f 715//591 717//591 718//591 716//591
f 717//592 719//592 720//592 718//592
f 718//593 720//593 698//593 696//593
f 716//594 718//594 696//594 691//594
f 719//595 721//595 722//595 720//595
f 721//596 723//596 724//596 722//596
f 722//597 724//597 704//597 702//597
f 720//598 722//598 702//598 698//598
f 723//599 725//599 726//599 724//599
f 725//600 711//600 714//600 726//600
f 726//601 714//601 687//601 708//601
f 724//602 726//602 708//602 704//602
f 727//603 728//603 729//603 730//603
f 728//604 731//604 732//604 729//604
f 729//605 732//605 715//605 712//605
f 730//603 729//603 712//603 711//603
f 731//606 733//606 734//606 732//606
f 733//607 735//607 736//607 734//607
f 734//607 736//607 719//607 717//607
f 732//606 734//606 717//606 715//606
f 735//608 737//608 738//608 736//608
f 737//609 739//609 740//609 738//609
f 738//609 740//609 723//609 721//609
f 736//608 738//608 721//608 719//608
f 739//610 741//610 742//610 740//610
f 741//611 727//611 730//611 742//611
f 742//611 730//611 711//611 725//611
f 740//610 742//610 725//610 723//610
f 743//612 744//612 745//612 746//612
f 744//613 747//613 748//613 745//613
f 745//614 748//614 731//614 728//614
f 746//615 745//615 728//615 727//615
f 747//616 749//616 750//616 748//616
f 749//617 751//617 752//617 750//617
f 750//618 752//618 735//618 733//618
f 748//619 750//619 733//619 731//619
f 751//620 753//620 754//620 752//620
f 753//621 755//621 756//621 754//621
f 754//622 756//622 739//622 737//622
f 752//623 754//623 737//623 735//623
f 755//624 757//624 758//624 756//624
f 757//625 743//625 746//625 758//625
f 758//626 746//626 727//626 741//626
f 756//627 758//627 741//627 739//627
f 370//628 369//628 759//628 760//628
f 369//629 326//629 761//629 759//629
f 759//630 761//630 747//630 744//630
f 760//631 759//631 744//631 743//631
f 326//632 348//632 762//632 761//632
f 348//633 296//633 763//633 762//633
f 762//634 763//634 751//634 749//634
f 761//635 762//635 749//635 747//635
f 296//636 299//636 764//636 763//636
f 299//637 302//637 765//637 764//637
f 764//638 765//638 755//638 753//638
f 763//639 764//639 753//639 751//639
f 302//640 391//640 766//640 765//640
f 391//641 370//641 760//641 766//641
f 766//642 760//642 743//642 757//642
f 765//643 766//643 757//643 755//643
f 767//644 768//644 769//644 770//644
f 768//645 771//645 772//645 769//645
f 769//646 772//646 321//646 318//646
f 770//647 769//647 318//647 317//647
f 771//648 773//648 774//648 772//648
f 773//649 775//649 776//649 774//649
f 774//650 776//650 323//650 322//650
f 772//651 774//651 322//651 321//651
f 775//652 777//652 778//652 776//652
f 777//653 779//653 780//653 778//653
f 778//654 780//654 325//654 324//654
f 776//655 778//655 324//655 323//655
f 779//656 781//656 782//656 780//656
f 781//657 767//657 770//657 782//657
f 782//658 770//658 317//658 320//658
f 780//659 782//659 320//659 325//659
f 783//660 784//660 785//660 786//660
f 784//661 787//661 788//661 785//661
f 785//661 788//661 771//661 768//661
f 786//662 785//662 768//662 767//662
f 787//663 789//663 790//663 788//663
f 789//664 791//664 792//664 790//664
f 790//664 792//664 775//664 773//664
f 788//663 790//663 773//663 771//663
f 791//665 793//665 794//665 792//665
f 793//666 795//666 796//666 794//666
f 794//666 796//666 779//666 777//666
f 792//665 794//665 777//665 775//665
f 795//667 797//667 798//667 796//667
f 797//668 783//668 786//668 798//668
f 798//668 786//668 767//668 781//668
f 796//667 798//667 781//667 779//667
f 799//662 800//662 801//662 802//662
f 800//669 803//669 804//669 801//669
f 801//661 804//661 787//661 784//661
f 802//660 801//660 784//660 783//660
f 803//663 805//663 806//663 804//663
f 805//664 807//664 808//664 806//664
f 806//664 808//664 791//664 789//664
f 804//663 806//663 789//663 787//663
f 807//665 809//665 810//665 808//665
f 809//666 811//666 812//666 810//666
f 810//666 812//666 795//666 793//666
f 808//665 810//665 793//665 791//665
f 811//667 813//667 814//667 812//667
f 813//668 799//668 802//668 814//668
f 814//668 802//668 783//668 797//668
f 812//667 814//667 797//667 795//667
f 815//660 816//660 817//660 818//660
f 816//670 819//670 820//670 817//670
f 817//671 820//671 803//671 800//671
f 818//662 817//662 800//662 799//662
f 819//663 821//663 822//663 820//663
f 821//664 823//664 824//664 822//664
f 822//664 824//664 807//664 805//664
f 820//663 822//663 805//663 803//663
f 823//672 825//672 826//672 824//672
f 825//666 827//666 828//666 826//666
f 826//666 828//666 811//666 809//666
f 824//665 826//665 809//665 807//665
f 827//667 829//667 830//667 828//667
f 829//668 815//668 818//668 830//668
f 830//668 818//668 799//668 813//668
f 828//667 830//667 813//667 811//667
f 831//673 832//673 833//673 834//673
f 832//674 835//674 836//674 833//674
f 833//675 836//675 819//675 816//675
f 834//676 833//676 816//676 815//676
f 835//677 837//677 838//677 836//677
f 837//678 839//678 840//678 838//678
f 838//679 840//679 823//679 821//679
f 836//680 838//680 821//680 819//680
f 839//681 841//681 842//681 840//681
f 841//682 843//682 844//682 842//682
f 842//683 844//683 827//683 825//683
f 840//684 842//684 825//684 823//684
f 843//685 845//685 846//685 844//685
f 845//686 831//686 834//686 846//686
f 846//687 834//687 815//687 829//687
f 844//688 846//688 829//688 827//688
f 695//689 694//689 847//689 848//689
f 694//690 693//690 849//690 847//690
f 847//691 849//691 835//691 832//691
f 848//692 847//692 832//692 831//692
f 693//693 701//693 850//693 849//693
f 701//694 700//694 851//694 850//694
f 850//695 851//695 839//695 837//695
f 849//696 850//696 837//696 835//696
f 700//697 707//697 852//697 851//697
f 707//698 706//698 853//698 852//698
f 852//699 853//699 843//699 841//699
f 851//700 852//700 841//700 839//700
f 706//701 710//701 854//701 853//701
f 710//702 695//702 848//702 854//702
f 854//703 848//703 831//703 845//703
f 853//704 854//704 845//704 843//704
f 855//705 856//705 857//705 858//705
f 856//706 859//706 860//706 857//706
f 857//707 860//707 353//707 351//707
f 858//708 857//708 351//708 332//708
f 859//709 861//709 862//709 860//709
f 861//710 863//710 864//710 862//710
f 862//711 864//711 360//711 358//711
f 860//712 862//712 358//712 353//712
f 863//713 865//713 866//713 864//713
f 865//714 867//714 868//714 866//714
f 866//715 868//715 330//715 368//715
f 864//716 866//716 368//716 360//716
f 867//717 869//717 870//717 868//717
f 869//718 855//718 858//718 870//718
f 870//719 858//719 332//719 331//719
f 868//720 870//720 331//720 330//720
f 871//721 872//721 873//721 874//721
f 872//722 875//722 876//722 873//722
f 873//723 876//723 859//723 856//723
f 874//724 873//724 856//724 855//724
f 875//725 877//725 878//725 876//725
f 877//726 879//726 880//726 878//726
f 878//727 880//727 863//727 861//727
f 876//728 878//728 861//728 859//728
f 879//729 881//729 882//729 880//729
f 881//730 883//730 884//730 882//730
f 882//731 884//731 867//731 865//731
f 880//732 882//732 865//732 863//732
f 883//733 885//733 886//733 884//733
f 885//734 871//734 874//734 886//734
f 886//735 874//735 855//735 869//735
f 884//736 886//736 869//736 867//736
f 887//737 888//737 889//737 890//737
f 888//738 891//738 892//738 889//738
f 889//739 892//739 875//739 872//739
f 890//740 889//740 872//740 871//740
f 891//741 893//741 894//741 892//741
f 893//742 895//742 896//742 894//742
f 894//742 896//742 879//742 877//742
f 892//741 894//741 877//741 875//741
f 895//743 897//743 898//743 896//743
f 897//744 899//744 900//744 898//744
f 898//744 900//744 883//744 881//744
f 896//743 898//743 881//743 879//743
f 899//745 901//745 902//745 900//745
f 901//746 887//746 890//746 902//746
f 902//746 890//746 871//746 885//746
f 900//745 902//745 885//745 883//745
f 903//737 904//737 905//737 906//737
f 904//738 907//738 908//738 905//738
f 905//739 908//739 891//739 888//739
f 906//737 905//737 888//737 887//737
f 907//741 909//741 910//741 908//741
f 909//742 911//742 912//742 910//742
f 910//742 912//742 895//742 893//742
f 908//741 910//741 893//741 891//741
f 911//743 913//743 914//743 912//743
f 913//744 915//744 916//744 914//744
f 914//744 916//744 899//744 897//744
f 912//743 914//743 897//743 895//743
f 915//745 917//745 918//745 916//745
f 917//747 903//747 906//747 918//747
f 918//746 906//746 887//746 901//746
f 916//745 918//745 901//745 899//745
f 919//737 920//737 921//737 922//737
f 920//739 923//739 924//739 921//739
f 921//739 924//739 907//739 904//739
f 922//740 921//740 904//740 903//740
f 923//741 925//741 926//741 924//741
f 925//742 927//742 928//742 926//742
f 926//742 928//742 911//742 909//742
f 924//741 926//741 909//741 907//741
f 927//743 929//743 930//743 928//743
f 929//744 931//744 932//744 930//744
f 930//744 932//744 915//744 913//744
f 928//743 930//743 913//743 911//743
f 931//745 933//745 934//745 932//745
f 933//746 919//746 922//746 934//746
f 934//746 922//746 903//746 917//746
f 932//745 934//745 917//745 915//745
f 935//748 936//748 937//748 938//748
f 936//749 939//749 940//749 937//749
f 937//750 940//750 923//750 920//750
f 938//751 937//751 920//751 919//751
f 939//752 941//752 942//752 940//752
f 941//753 943//753 944//753 942//753
f 942//754 944//754 927//754 925//754
f 940//755 942//755 925//755 923//755
f 943//756 945//756 946//756 944//756
f 945//757 947//757 948//757 946//757
f 946//758 948//758 931//758 929//758
f 944//759 946//759 929//759 927//759
f 947//760 949//760 950//760 948//760
f 949//761 935//761 938//761 950//761
f 950//762 938//762 919//762 933//762
f 948//763 950//763 933//763 931//763
f 951//764 952//764 953//764 954//764
f 952//765 955//765 956//765 953//765
f 953//766 956//766 939//766 936//766
f 954//767 953//767 936//767 935//767
f 955//768 957//768 958//768 956//768
f 957//769 959//769 960//769 958//769
f 958//770 960//770 943//770 941//770
f 956//771 958//771 941//771 939//771
f 959//772 961//772 962//772 960//772
f 961//773 963//773 964//773 962//773
f 962//774 964//774 947//774 945//774
f 960//775 962//775 945//775 943//775
f 963//776 965//776 966//776 964//776
f 965//777 951//777 954//777 966//777
f 966//778 954//778 935//778 949//778
f 964//779 966//779 949//779 947//779
f 967//780 968//780 969//780 970//780
f 968//781 971//781 972//781 969//781
f 969//782 972//782 955//782 952//782
f 970//783 969//783 952//783 951//783
f 971//784 973//784 974//784 972//784
f 973//785 975//785 976//785 974//785
f 974//786 976//786 959//786 957//786
f 972//787 974//787 957//787 955//787
f 975//788 977//788 978//788 976//788
f 977//789 979//789 980//789 978//789
f 978//790 980//790 963//790 961//790
f 976//791 978//791 961//791 959//791
f 979//792 981//792 982//792 980//792
f 981//793 967//793 970//793 982//793
f 982//794 970//794 951//794 965//794
f 980//795 982//795 965//795 963//795
f 983//796 984//796 985//796 986//796
f 984//797 987//797 988//797 985//797
f 985//798 988//798 971//798 968//798
f 986//799 985//799 968//799 967//799
f 987//800 989//800 990//800 988//800
f 989//801 991//801 992//801 990//801
f 990//802 992//802 975//802 973//802
f 988//803 990//803 973//803 971//803
f 991//804 993//804 994//804 992//804
f 993//805 995//805 996//805 994//805
f 994//806 996//806 979//806 977//806
f 992//807 994//807 977//807 975//807
f 995//808 997//808 998//808 996//808
f 997//809 983//809 986//809 998//809
f 998//810 986//810 967//810 981//810
f 996//811 998//811 981//811 979//811
f 999//812 1000//812 1001//812 1002//812
f 1000//813 1003//813 1004//813 1001//813
f 1001//813 1004//813 987//813 984//813
f 1002//814 1001//814 984//814 983//814
f 1003//815 1005//815 1006//815 1004//815
f 1005//816 1007//816 1008//816 1006//816
f 1006//816 1008//816 991//816 989//816
f 1004//815 1006//815 989//815 987//815
f 1007//817 1009//817 1010//817 1008//817
f 1009//818 1011//818 1012//818 1010//818
f 1010//818 1012//818 995//818 993//818
f 1008//819 1010//819 993//819 991//819
f 1011//820 1013//820 1014//820 1012//820
f 1013//821 999//821 1002//821 1014//821
f 1014//821 1002//821 983//821 997//821
f 1012//820 1014//820 997//820 995//820
f 1015//822 1016//822 1017//822 1018//822
f 1016//813 1019//813 1020//813 1017//813
f 1017//813 1020//813 1003//813 1000//813
f 1018//814 1017//814 1000//814 999//814
f 1019//815 1021//815 1022//815 1020//815
f 1021//816 1023//816 1024//816 1022//816
f 1022//816 1024//816 1007//816 1005//816
f 1020//823 1022//823 1005//823 1003//823
f 1023//817 1025//817 1026//817 1024//817
f 1025//818 1027//818 1028//818 1026//818
f 1026//818 1028//818 1011//818 1009//818
f 1024//817 1026//817 1009//817 1007//817
f 1027//824 1029//824 1030//824 1028//824
f 1029//821 1015//821 1018//821 1030//821
f 1030//821 1018//821 999//821 1013//821
f 1028//824 1030//824 1013//824 1011//824
f 1031//814 1032//814 1033//814 1034//814
f 1032//813 1035//813 1036//813 1033//813
f 1033//813 1036//813 1019//813 1016//813
f 1034//822 1033//822 1016//822 1015//822
f 1035//823 1037//823 1038//823 1036//823
f 1037//816 1039//816 1040//816 1038//816
f 1038//816 1040//816 1023//816 1021//816
f 1036//823 1038//823 1021//823 1019//823
f 1039//817 1041//817 1042//817 1040//817
f 1041//818 1043//818 1044//818 1042//818
f 1042//818 1044//818 1027//818 1025//818
f 1040//817 1042//817 1025//817 1023//817
f 1043//820 1045//820 1046//820 1044//820
f 1045//821 1031//821 1034//821 1046//821
f 1046//821 1034//821 1015//821 1029//821
f 1044//824 1046//824 1029//824 1027//824
f 1047//814 1048//814 1049//814 1050//814
f 1048//813 1051//813 1052//813 1049//813
f 1049//813 1052//813 1035//813 1032//813
f 1050//814 1049//814 1032//814 1031//814
f 1051//823 1053//823 1054//823 1052//823
f 1053//816 1055//816 1056//816 1054//816
f 1054//816 1056//816 1039//816 1037//816
f 1052//815 1054//815 1037//815 1035//815
f 1055//817 1057//817 1058//817 1056//817
f 1057//818 1059//818 1060//818 1058//818
f 1058//818 1060//818 1043//818 1041//818
f 1056//817 1058//817 1041//817 1039//817
f 1059//820 1061//820 1062//820 1060//820
f 1061//821 1047//821 1050//821 1062//821
f 1062//821 1050//821 1031//821 1045//821
f 1060//824 1062//824 1045//824 1043//824
f 1063//814 1064//814 1065//814 1066//814
f 1064//813 1067//813 1068//813 1065//813
f 1065//813 1068//813 1051//813 1048//813
f 1066//814 1065//814 1048//814 1047//814
f 1067//823 1069//823 1070//823 1068//823
f 1069//816 1071//816 1072//816 1070//816
f 1070//816 1072//816 1055//816 1053//816
f 1068//815 1070//815 1053//815 1051//815
f 1071//819 1073//819 1074//819 1072//819
f 1073//818 1075//818 1076//818 1074//818
f 1074//818 1076//818 1059//818 1057//818
f 1072//819 1074//819 1057//819 1055//819
f 1075//820 1077//820 1078//820 1076//820
f 1077//821 1063//821 1066//821 1078//821
f 1078//821 1066//821 1047//821 1061//821
f 1076//824 1078//824 1061//824 1059//824
f 1079//814 1080//814 1081//814 1082//814
f 1080//813 1083//813 1084//813 1081//813
f 1081//813 1084//813 1067//813 1064//813
f 1082//814 1081//814 1064//814 1063//814
f 1083//823 1085//823 1086//823 1084//823
f 1085//816 1087//816 1088//816 1086//816
f 1086//816 1088//816 1071//816 1069//816
f 1084//823 1086//823 1069//823 1067//823
f 1087//819 1089//819 1090//819 1088//819
f 1089//818 1091//818 1092//818 1090//818
f 1090//818 1092//818 1075//818 1073//818
f 1088//819 1090//819 1073//819 1071//819
f 1091//824 1093//824 1094//824 1092//824
f 1093//821 1079//821 1082//821 1094//821
f 1094//821 1082//821 1063//821 1077//821
f 1092//820 1094//820 1077//820 1075//820
f 1095//814 1096//814 1097//814 1098//814
f 1096//813 1099//813 1100//813 1097//813
f 1097//813 1100//813 1083//813 1080//813
f 1098//814 1097//814 1080//814 1079//814
f 1099//815 1101//815 1102//815 1100//815
f 1101//816 1103//816 1104//816 1102//816
f 1102//816 1104//816 1087//816 1085//816
f 1100//815 1102//815 1085//815 1083//815
f 1103//819 1105//819 1106//819 1104//819
f 1105//818 1107//818 1108//818 1106//818
f 1106//818 1108//818 1091//818 1089//818
f 1104//819 1106//819 1089//819 1087//819
f 1107//820 1109//820 1110//820 1108//820
f 1109//821 1095//821 1098//821 1110//821
f 1110//821 1098//821 1079//821 1093//821
f 1108//820 1110//820 1093//820 1091//820
f 311//825 310//825 1111//825 1112//825
f 310//826 309//826 1113//826 1111//826
f 1111//827 1113//827 1099//827 1096//827
f 1112//828 1111//828 1096//828 1095//828
f 309//829 308//829 1114//829 1113//829
f 308//830 307//830 1115//830 1114//830
f 1114//831 1115//831 1103//831 1101//831
f 1113//832 1114//832 1101//832 1099//832
f 307//833 304//833 1116//833 1115//833
f 304//834 303//834 1117//834 1116//834
f 1116//835 1117//835 1107//835 1105//835
f 1115//836 1116//836 1105//836 1103//836
f 303//837 306//837 1118//837 1117//837
f 306//838 311//838 1112//838 1118//838
f 1118//839 1112//839 1095//839 1109//839
f 1117//840 1118//840 1109//840 1107//840
f 1119//841 1120//841 1121//841 1122//841
f 1120//842 1123//842 1124//842 1121//842
f 1121//843 1124//843 389//843 388//843
f 1122//844 1121//844 388//844 109//844
f 1123//845 1125//845 1126//845 1124//845
f 1125//846 1127//846 1128//846 1126//846
f 1126//847 1128//847 1129//847 1130//847
f 1124//848 1126//848 1130//848 389//848
f 1127//849 1131//849 1132//849 1128//849
f 1131//850 1133//850 1134//850 1132//850
f 1132//851 1134//851 107//851 1135//851
f 1128//852 1132//852 1135//852 1129//852
f 1133//853 1136//853 1137//853 1134//853
f 1136//854 1119//854 1122//854 1137//854
f 1137//855 1122//855 109//855 108//855
f 1134//856 1137//856 108//856 107//856
f 1138//857 1139//857 1140//857 1141//857
f 1139//858 1142//858 1143//858 1140//858
f 1140//859 1143//859 1123//859 1120//859
f 1141//860 1140//860 1120//860 1119//860
f 1142//861 1144//861 1145//861 1143//861
f 1144//862 1146//862 1147//862 1145//862
f 1145//863 1147//863 1127//863 1125//863
f 1143//864 1145//864 1125//864 1123//864
f 1146//865 1148//865 1149//865 1147//865
f 1148//866 1150//866 1151//866 1149//866
f 1149//867 1151//867 1133//867 1131//867
f 1147//868 1149//868 1131//868 1127//868
f 1150//869 1152//869 1153//869 1151//869
f 1152//870 1138//870 1141//870 1153//870
f 1153//871 1141//871 1119//871 1136//871
f 1151//872 1153//872 1136//872 1133//872
f 1154//873 1155//873 1156//873 1157//873
f 1155//874 1158//874 1159//874 1156//874
f 1156//875 1159//875 1142//875 1139//875
f 1157//873 1156//873 1139//873 1138//873
f 1158//876 1160//876 1161//876 1159//876
f 1160//877 1162//877 1163//877 1161//877
f 1161//877 1163//877 1146//877 1144//877
f 1159//876 1161//876 1144//876 1142//876
f 1162//878 1164//878 1165//878 1163//878
f 1164//879 1166//879 1167//879 1165//879
f 1165//879 1167//879 1150//879 1148//879
f 1163//878 1165//878 1148//878 1146//878
f 1166//880 1168//880 1169//880 1167//880
f 1168//881 1154//881 1157//881 1169//881
f 1169//882 1157//882 1138//882 1152//882
f 1167//880 1169//880 1152//880 1150//880
f 1170//873 1171//873 1172//873 1173//873
f 1171//874 1174//874 1175//874 1172//874
f 1172//875 1175//875 1158//875 1155//875
f 1173//873 1172//873 1155//873 1154//873
f 1174//876 1176//876 1177//876 1175//876
f 1176//877 1178//877 1179//877 1177//877
f 1177//877 1179//877 1162//877 1160//877
f 1175//876 1177//876 1160//876 1158//876
f 1178//878 1180//878 1181//878 1179//878
f 1180//879 1182//879 1183//879 1181//879
f 1181//879 1183//879 1166//879 1164//879
f 1179//878 1181//878 1164//878 1162//878
f 1182//883 1184//883 1185//883 1183//883
f 1184//881 1170//881 1173//881 1185//881
f 1185//882 1173//882 1154//882 1168//882
f 1183//880 1185//880 1168//880 1166//880
f 1186//873 1187//873 1188//873 1189//873
f 1187//874 1190//874 1191//874 1188//874
f 1188//875 1191//875 1174//875 1171//875
f 1189//873 1188//873 1171//873 1170//873
f 1190//884 1192//884 1193//884 1191//884
f 1192//877 1194//877 1195//877 1193//877
f 1193//877 1195//877 1178//877 1176//877
f 1191//876 1193//876 1176//876 1174//876
f 1194//878 1196//878 1197//878 1195//878
f 1196//879 1198//879 1199//879 1197//879
f 1197//879 1199//879 1182//879 1180//879
f 1195//878 1197//878 1180//878 1178//878
f 1198//880 1200//880 1201//880 1199//880
f 1200//882 1186//882 1189//882 1201//882
f 1201//882 1189//882 1170//882 1184//882
f 1199//883 1201//883 1184//883 1182//883
f 1202//873 1203//873 1204//873 1205//873
f 1203//874 1206//874 1207//874 1204//874
f 1204//874 1207//874 1190//874 1187//874
f 1205//873 1204//873 1187//873 1186//873
f 1206//885 1208//885 1209//885 1207//885
f 1208//877 1210//877 1211//877 1209//877
f 1209//877 1211//877 1194//877 1192//877
f 1207//886 1209//886 1192//886 1190//886
f 1210//878 1212//878 1213//878 1211//878
f 1212//879 1214//879 1215//879 1213//879
f 1213//879 1215//879 1198//879 1196//879
f 1211//878 1213//878 1196//878 1194//878
f 1214//880 1216//880 1217//880 1215//880
f 1216//882 1202//882 1205//882 1217//882
f 1217//881 1205//881 1186//881 1200//881
f 1215//883 1217//883 1200//883 1198//883
f 1218//887 1219//887 1220//887 1221//887
f 1219//888 1222//888 1223//888 1220//888
f 1220//889 1223//889 1206//889 1203//889
f 1221//890 1220//890 1203//890 1202//890
f 1222//891 1224//891 1225//891 1223//891
f 1224//892 1226//892 1227//892 1225//892
f 1225//893 1227//893 1210//893 1208//893
f 1223//894 1225//894 1208//894 1206//894
f 1226//895 1228//895 1229//895 1227//895
f 1228//896 1230//896 1231//896 1229//896
f 1229//897 1231//897 1214//897 1212//897
f 1227//898 1229//898 1212//898 1210//898
f 1230//899 1232//899 1233//899 1231//899
f 1232//900 1218//900 1221//900 1233//900
f 1233//901 1221//901 1202//901 1216//901
f 1231//902 1233//902 1216//902 1214//902
f 1234//903 1235//903 1236//903 1237//903
f 1235//904 1238//904 1239//904 1236//904
f 1236//905 1239//905 1222//905 1219//905
f 1237//906 1236//906 1219//906 1218//906
f 1238//907 1240//907 1241//907 1239//907
f 1240//908 1242//908 1243//908 1241//908
f 1241//909 1243//909 1226//909 1224//909
f 1239//910 1241//910 1224//910 1222//910
f 1242//911 1244//911 1245//911 1243//911
f 1244//912 1246//912 1247//912 1245//912
f 1245//913 1247//913 1230//913 1228//913
f 1243//914 1245//914 1228//914 1226//914
f 1246//915 1248//915 1249//915 1247//915
f 1248//916 1234//916 1237//916 1249//916
f 1249//917 1237//917 1218//917 1232//917
f 1247//918 1249//918 1232//918 1230//918
f 1250//919 1251//919 1252//919 1253//919
f 1251//920 1254//920 1255//920 1252//920
f 1252//921 1255//921 1238//921 1235//921
f 1253//922 1252//922 1235//922 1234//922
f 1254//923 1256//923 1257//923 1255//923
f 1256//924 1258//924 1259//924 1257//924
f 1257//925 1259//925 1242//925 1240//925
f 1255//926 1257//926 1240//926 1238//926
f 1258//927 1260//927 1261//927 1259//927
f 1260//928 1262//928 1263//928 1261//928
f 1261//929 1263//929 1246//929 1244//929
f 1259//930 1261//930 1244//930 1242//930
f 1262//931 1264//931 1265//931 1263//931
f 1264//932 1250//932 1253//932 1265//932
f 1265//933 1253//933 1234//933 1248//933
f 1263//934 1265//934 1248//934 1246//934
f 1266//935 1267//935 1268//935 1269//935
f 1267//936 1270//936 1271//936 1268//936
f 1268//937 1271//937 1254//937 1251//937
f 1269//938 1268//938 1251//938 1250//938
f 1270//939 1272//939 1273//939 1271//939
f 1272//940 1274//940 1275//940 1273//940
f 1273//941 1275//941 1258//941 1256//941
f 1271//942 1273//942 1256//942 1254//942
f 1274//943 1276//943 1277//943 1275//943
f 1276//944 1278//944 1279//944 1277//944
f 1277//945 1279//945 1262//945 1260//945
f 1275//946 1277//946 1260//946 1258//946
f 1278//947 1280//947 1281//947 1279//947
f 1280//948 1266//948 1269//948 1281//948
f 1281//949 1269//949 1250//949 1264//949
f 1279//950 1281//950 1264//950 1262//950
f 1282//951 1283//951 1284//951 1285//951
f 1283//952 1286//952 1287//952 1284//952
f 1284//952 1287//952 1270//952 1267//952
f 1285//953 1284//953 1267//953 1266//953
f 1286//954 1288//954 1289//954 1287//954
f 1288//955 1290//955 1291//955 1289//955
f 1289//955 1291//955 1274//955 1272//955
f 1287//954 1289//954 1272//954 1270//954
f 1290//956 1292//956 1293//956 1291//956
f 1292//957 1294//957 1295//957 1293//957
f 1293//957 1295//957 1278//957 1276//957
f 1291//956 1293//956 1276//956 1274//956
f 1294//958 1296//958 1297//958 1295//958
f 1296//959 1282//959 1285//959 1297//959
f 1297//960 1285//960 1266//960 1280//960
f 1295//958 1297//958 1280//958 1278//958
f 1298//951 1299//951 1300//951 1301//951
f 1299//952 1302//952 1303//952 1300//952
f 1300//952 1303//952 1286//952 1283//952
f 1301//953 1300//953 1283//953 1282//953
f 1302//954 1304//954 1305//954 1303//954
f 1304//955 1306//955 1307//955 1305//955
f 1305//955 1307//955 1290//955 1288//955
f 1303//954 1305//954 1288//954 1286//954
f 1306//961 1308//961 1309//961 1307//961
f 1308//957 1310//957 1311//957 1309//957
f 1309//962 1311//962 1294//962 1292//962
f 1307//963 1309//963 1292//963 1290//963
f 1310//958 1312//958 1313//958 1311//958
f 1312//959 1298//959 1301//959 1313//959
f 1313//959 1301//959 1282//959 1296//959
f 1311//958 1313//958 1296//958 1294//958
f 1314//951 1315//951 1316//951 1317//951
f 1315//952 1318//952 1319//952 1316//952
f 1316//952 1319//952 1302//952 1299//952
f 1317//951 1316//951 1299//951 1298//951
f 1318//954 1320//954 1321//954 1319//954
f 1320//955 1322//955 1323//955 1321//955
f 1321//955 1323//955 1306//955 1304//955
f 1319//954 1321//954 1304//954 1302//954
f 1322//963 1324//963 1325//963 1323//963
f 1324//957 1326//957 1327//957 1325//957
f 1325//957 1327//957 1310//957 1308//957
f 1323//956 1325//956 1308//956 1306//956
f 1326//958 1328//958 1329//958 1327//958
f 1328//959 1314//959 1317//959 1329//959
f 1329//960 1317//960 1298//960 1312//960
f 1327//958 1329//958 1312//958 1310//958
f 1330//951 1331//951 1332//951 1333//951
f 1331//952 1334//952 1335//952 1332//952
f 1332//952 1335//952 1318//952 1315//952
f 1333//953 1332//953 1315//953 1314//953
f 1334//954 1336//954 1337//954 1335//954
f 1336//955 1338//955 1339//955 1337//955
f 1337//955 1339//955 1322//955 1320//955
f 1335//954 1337//954 1320//954 1318//954
f 1338//963 1340//963 1341//963 1339//963
f 1340//957 1342//957 1343//957 1341//957
f 1341//957 1343//957 1326//957 1324//957
f 1339//963 1341//963 1324//963 1322//963
f 1342//958 1344//958 1345//958 1343//958
f 1344//959 1330//959 1333//959 1345//959
f 1345//960 1333//960 1314//960 1328//960
f 1343//958 1345//958 1328//958 1326//958
f 291//964 290//964 1346//964 1347//964
f 290//965 289//965 1348//965 1346//965
f 1346//966 1348//966 1334//966 1331//966
f 1347//967 1346//967 1331//967 1330//967
f 289//968 288//968 1349//968 1348//968
f 288//969 287//969 1350//969 1349//969
f 1349//970 1350//970 1338//970 1336//970
f 1348//971 1349//971 1336//971 1334//971
f 287//972 284//972 1351//972 1350//972
f 284//973 283//973 1352//973 1351//973
f 1351//974 1352//974 1342//974 1340//974
f 1350//975 1351//975 1340//975 1338//975
f 283//976 286//976 1353//976 1352//976
f 286//977 291//977 1347//977 1353//977
f 1353//978 1347//978 1330//978 1344//978
f 1352//979 1353//979 1344//979 1342//979
f 1354//980 1355//980 1356//980 1357//980
f 1355//981 1358//981 1359//981 1356//981
f 1356//982 1359//982 129//982 132//982
f 1357//983 1356//983 132//983 12//983
f 1358//984 1360//984 1361//984 1359//984
f 1360//985 1362//985 1363//985 1361//985
f 1361//986 1363//986 110//986 366//986
f 1359//987 1361//987 366//987 129//987
f 1362//988 1364//988 1365//988 1363//988
f 1364//989 1366//989 1367//989 1365//989
f 1365//990 1367//990 114//990 111//990
f 1363//991 1365//991 111//991 110//991
f 1366//992 1368//992 1369//992 1367//992
f 1368//993 1354//993 1357//993 1369//993
f 1369//994 1357//994 12//994 1370//994
f 1367//995 1369//995 1370//995 114//995
f 1371//996 1372//996 1373//996 1374//996
f 1372//997 1375//997 1376//997 1373//997
f 1373//998 1376//998 1358//998 1355//998
f 1374//999 1373//999 1355//999 1354//999
f 1375//1000 1377//1000 1378//1000 1376//1000
f 1377//1001 1379//1001 1380//1001 1378//1001
f 1378//1002 1380//1002 1362//1002 1360//1002
f 1376//1003 1378//1003 1360//1003 1358//1003
f 1379//1004 1381//1004 1382//1004 1380//1004
f 1381//1005 1383//1005 1384//1005 1382//1005
f 1382//1006 1384//1006 1366//1006 1364//1006
f 1380//1007 1382//1007 1364//1007 1362//1007
f 1383//1008 1385//1008 1386//1008 1384//1008
f 1385//1009 1371//1009 1374//1009 1386//1009
f 1386//1010 1374//1010 1354//1010 1368//1010
f 1384//1011 1386//1011 1368//1011 1366//1011
f 1387//1012 1388//1012 1389//1012 1390//1012
f 1388//1013 1391//1013 1392//1013 1389//1013
f 1389//1014 1392//1014 1375//1014 1372//1014
f 1390//1015 1389//1015 1372//1015 1371//1015
f 1391//1016 1393//1016 1394//1016 1392//1016
f 1393//1017 1395//1017 1396//1017 1394//1017
f 1394//1018 1396//1018 1379//1018 1377//1018
f 1392//1019 1394//1019 1377//1019 1375//1019
f 1395//1020 1397//1020 1398//1020 1396//1020
f 1397//1021 1399//1021 1400//1021 1398//1021
f 1398//1022 1400//1022 1383//1022 1381//1022
f 1396//1023 1398//1023 1381//1023 1379//1023
f 1399//1024 1401//1024 1402//1024 1400//1024
f 1401//1025 1387//1025 1390//1025 1402//1025
f 1402//1026 1390//1026 1371//1026 1385//1026
f 1400//1027 1402//1027 1385//1027 1383//1027
f 1403//1028 1404//1028 1405//1028 1406//1028
f 1404//1029 1407//1029 1408//1029 1405//1029
f 1405//1030 1408//1030 1391//1030 1388//1030
f 1406//1031 1405//1031 1388//1031 1387//1031
f 1407//1032 1409//1032 1410//1032 1408//1032
f 1409//1033 1411//1033 1412//1033 1410//1033
f 1410//1034 1412//1034 1395//1034 1393//1034
f 1408//1035 1410//1035 1393//1035 1391//1035
f 1411//1036 1413//1036 1414//1036 1412//1036
f 1413//1037 1415//1037 1416//1037 1414//1037
f 1414//1038 1416//1038 1399//1038 1397//1038
f 1412//1039 1414//1039 1397//1039 1395//1039
f 1415//1040 1417//1040 1418//1040 1416//1040
f 1417//1041 1403//1041 1406//1041 1418//1041
f 1418//1042 1406//1042 1387//1042 1401//1042
f 1416//1043 1418//1043 1401//1043 1399//1043
f 1419//1044 1420//1044 1421//1044 1422//1044
f 1420//1045 1423//1045 1424//1045 1421//1045
f 1421//1046 1424//1046 1407//1046 1404//1046
f 1422//1047 1421//1047 1404//1047 1403//1047
f 1423//1048 1425//1048 1426//1048 1424//1048
f 1425//1049 1427//1049 1428//1049 1426//1049
f 1426//1050 1428//1050 1411//1050 1409//1050
f 1424//1051 1426//1051 1409//1051 1407//1051
f 1427//1052 1429//1052 1430//1052 1428//1052
f 1429//1053 1431//1053 1432//1053 1430//1053
f 1430//1054 1432//1054 1415//1054 1413//1054
f 1428//1055 1430//1055 1413//1055 1411//1055
f 1431//1056 1433//1056 1434//1056 1432//1056
f 1433//1057 1419//1057 1422//1057 1434//1057
f 1434//1058 1422//1058 1403//1058 1417//1058
f 1432//1059 1434//1059 1417//1059 1415//1059
f 1435//1060 1436//1060 1437//1060 1438//1060
f 1436//1061 1439//1061 1440//1061 1437//1061
f 1437//1062 1440//1062 1423//1062 1420//1062
f 1438//1063 1437//1063 1420//1063 1419//1063
f 1439//1064 1441//1064 1442//1064 1440//1064
f 1441//1065 1443//1065 1444//1065 1442//1065
f 1442//1066 1444//1066 1427//1066 1425//1066
f 1440//1067 1442//1067 1425//1067 1423//1067
f 1443//1068 1445//1068 1446//1068 1444//1068
f 1445//1069 1447//1069 1448//1069 1446//1069
f 1446//1070 1448//1070 1431//1070 1429//1070
f 1444//1071 1446//1071 1429//1071 1427//1071
f 1447//1072 1449//1072 1450//1072 1448//1072
f 1449//1073 1435//1073 1438//1073 1450//1073
f 1450//1074 1438//1074 1419//1074 1433//1074
f 1448//1075 1450//1075 1433//1075 1431//1075
f 1451//1076 1452//1076 1453//1076 1454//1076
f 1452//1077 1455//1077 1456//1077 1453//1077
f 1453//1078 1456//1078 1439//1078 1436//1078
f 1454//1076 1453//1076 1436//1076 1435//1076
f 1455//1079 1457//1079 1458//1079 1456//1079
f 1457//1080 1459//1080 1460//1080 1458//1080
f 1458//1080 1460//1080 1443//1080 1441//1080
f 1456//1079 1458//1079 1441//1079 1439//1079
f 1459//1081 1461//1081 1462//1081 1460//1081
f 1461//1082 1463//1082 1464//1082 1462//1082
f 1462//1082 1464//1082 1447//1082 1445//1082
f 1460//1083 1462//1083 1445//1083 1443//1083
f 1463//1084 1465//1084 1466//1084 1464//1084
f 1465//1085 1451//1085 1454//1085 1466//1085
f 1466//1086 1454//1086 1435//1086 1449//1086
f 1464//1084 1466//1084 1449//1084 1447//1084
f 1467//1076 1468//1076 1469//1076 1470//1076
f 1468//1078 1471//1078 1472//1078 1469//1078
f 1469//1077 1472//1077 1455//1077 1452//1077
f 1470//1076 1469//1076 1452//1076 1451//1076
f 1471//1079 1473//1079 1474//1079 1472//1079
f 1473//1080 1475//1080 1476//1080 1474//1080
f 1474//1080 1476//1080 1459//1080 1457//1080
f 1472//1079 1474//1079 1457//1079 1455//1079
f 1475//1083 1477//1083 1478//1083 1476//1083
f 1477//1082 1479//1082 1480//1082 1478//1082
f 1478//1082 1480//1082 1463//1082 1461//1082
f 1476//1083 1478//1083 1461//1083 1459//1083
f 1479//1084 1481//1084 1482//1084 1480//1084
f 1481//1086 1467//1086 1470//1086 1482//1086
f 1482//1085 1470//1085 1451//1085 1465//1085
f 1480//1084 1482//1084 1465//1084 1463//1084
f 1483//1076 1484//1076 1485//1076 1486//1076
f 1484//1077 1487//1077 1488//1077 1485//1077
f 1485//1077 1488//1077 1471//1077 1468//1077
f 1486//1076 1485//1076 1468//1076 1467//1076
f 1487//1079 1489//1079 1490//1079 1488//1079
f 1489//1080 1491//1080 1492//1080 1490//1080
f 1490//1080 1492//1080 1475//1080 1473//1080
f 1488//1079 1490//1079 1473//1079 1471//1079
f 1491//1083 1493//1083 1494//1083 1492//1083
f 1493//1082 1495//1082 1496//1082 1494//1082
f 1494//1082 1496//1082 1479//1082 1477//1082
f 1492//1083 1494//1083 1477//1083 1475//1083
f 1495//1084 1497//1084 1498//1084 1496//1084
f 1497//1085 1483//1085 1486//1085 1498//1085
f 1498//1085 1486//1085 1467//1085 1481//1085
f 1496//1084 1498//1084 1481//1084 1479//1084
f 1499//1076 1500//1076 1501//1076 1502//1076
f 1500//1077 1503//1077 1504//1077 1501//1077
f 1501//1077 1504//1077 1487//1077 1484//1077
f 1502//1076 1501//1076 1484//1076 1483//1076
f 1503//1079 1505//1079 1506//1079 1504//1079
f 1505//1080 1507//1080 1508//1080 1506//1080
f 1506//1080 1508//1080 1491//1080 1489//1080
f 1504//1079 1506//1079 1489//1079 1487//1079
f 1507//1083 1509//1083 1510//1083 1508//1083
f 1509//1082 1511//1082 1512//1082 1510//1082
f 1510//1082 1512//1082 1495//1082 1493//1082
f 1508//1083 1510//1083 1493//1083 1491//1083
f 1511//1084 1513//1084 1514//1084 1512//1084
f 1513//1086 1499//1086 1502//1086 1514//1086
f 1514//1085 1502//1085 1483//1085 1497//1085
f 1512//1087 1514//1087 1497//1087 1495//1087
f 1515//1076 1516//1076 1517//1076 1518//1076
f 1516//1078 1519//1078 1520//1078 1517//1078
f 1517//1078 1520//1078 1503//1078 1500//1078
f 1518//1076 1517//1076 1500//1076 1499//1076
f 1519//1079 1521//1079 1522//1079 1520//1079
f 1521//1080 1523//1080 1524//1080 1522//1080
f 1522//1080 1524//1080 1507//1080 1505//1080
f 1520//1079 1522//1079 1505//1079 1503//1079
f 1523//1083 1525//1083 1526//1083 1524//1083
f 1525//1082 1527//1082 1528//1082 1526//1082
f 1526//1082 1528//1082 1511//1082 1509//1082
f 1524//1083 1526//1083 1509//1083 1507//1083
f 1527//1084 1529//1084 1530//1084 1528//1084
f 1529//1086 1515//1086 1518//1086 1530//1086
f 1530//1085 1518//1085 1499//1085 1513//1085
f 1528//1084 1530//1084 1513//1084 1511//1084
f 1531//1076 1532//1076 1533//1076 1534//1076
f 1532//1077 1535//1077 1536//1077 1533//1077
f 1533//1077 1536//1077 1519//1077 1516//1077
f 1534//1076 1533//1076 1516//1076 1515//1076
f 1535//1079 1537//1079 1538//1079 1536//1079
f 1537//1080 1539//1080 1540//1080 1538//1080
f 1538//1080 1540//1080 1523//1080 1521//1080
f 1536//1079 1538//1079 1521//1079 1519//1079
f 1539//1083 1541//1083 1542//1083 1540//1083
f 1541//1082 1543//1082 1544//1082 1542//1082
f 1542//1082 1544//1082 1527//1082 1525//1082
f 1540//1083 1542//1083 1525//1083 1523//1083
f 1543//1088 1545//1088 1546//1088 1544//1088
f 1545//1086 1531//1086 1534//1086 1546//1086
f 1546//1085 1534//1085 1515//1085 1529//1085
f 1544//1089 1546//1089 1529//1089 1527//1089
f 1547//1076 1548//1076 1549//1076 1550//1076
f 1548//1077 1551//1077 1552//1077 1549//1077
f 1549//1078 1552//1078 1535//1078 1532//1078
f 1550//1076 1549//1076 1532//1076 1531//1076
f 1551//1079 1553//1079 1554//1079 1552//1079
f 1553//1080 1555//1080 1556//1080 1554//1080
f 1554//1080 1556//1080 1539//1080 1537//1080
f 1552//1079 1554//1079 1537//1079 1535//1079
f 1555//1081 1557//1081 1558//1081 1556//1081
f 1557//1082 1559//1082 1560//1082 1558//1082
f 1558//1082 1560//1082 1543//1082 1541//1082
f 1556//1083 1558//1083 1541//1083 1539//1083
f 1559//1089 1561//1089 1562//1089 1560//1089
f 1561//1086 1547//1086 1550//1086 1562//1086
f 1562//1086 1550//1086 1531//1086 1545//1086
f 1560//1089 1562//1089 1545//1089 1543//1089
f 282//1090 281//1090 1563//1090 1564//1090
f 281//1091 280//1091 1565//1091 1563//1091
f 1563//1092 1565//1092 1551//1092 1548//1092
f 1564//1093 1563//1093 1548//1093 1547//1093
f 280//1094 279//1094 1566//1094 1565//1094
f 279//1095 278//1095 1567//1095 1566//1095
f 1566//1096 1567//1096 1555//1096 1553//1096
f 1565//1097 1566//1097 1553//1097 1551//1097
f 278//1098 275//1098 1568//1098 1567//1098
f 275//1099 274//1099 1569//1099 1568//1099
f 1568//1100 1569//1100 1559//1100 1557//1100
f 1567//1101 1568//1101 1557//1101 1555//1101
f 274//1102 277//1102 1570//1102 1569//1102
f 277//1103 282//1103 1564//1103 1570//1103
f 1570//1104 1564//1104 1547//1104 1561//1104
f 1569//1105 1570//1105 1561//1105 1559//1105
f 1571//1106 1572//1106 1573//1106 1574//1106
f 1572//1107 1575//1107 1576//1107 1573//1107
f 1573//1108 1576//1108 267//1108 398//1108
f 1574//1109 1573//1109 398//1109 401//1109
f 1575//1110 1577//1110 1578//1110 1576//1110
f 1577//1111 1579//1111 1580//1111 1578//1111
f 1578//1112 1580//1112 271//1112 268//1112
f 1576//1113 1578//1113 268//1113 267//1113
f 1579//1114 1581//1114 1582//1114 1580//1114
f 1581//1115 1583//1115 1584//1115 1582//1115
f 1582//1116 1584//1116 214//1116 406//1116
f 1580//1117 1582//1117 406//1117 271//1117
f 1583//1118 1585//1118 1586//1118 1584//1118
f 1585//1119 1571//1119 1574//1119 1586//1119
f 1586//1120 1574//1120 401//1120 403//1120
f 1584//1121 1586//1121 403//1121 214//1121
f 1587//1122 1588//1122 1589//1122 1590//1122
f 1588//1123 1591//1123 1592//1123 1589//1123
f 1589//1124 1592//1124 1575//1124 1572//1124
f 1590//1125 1589//1125 1572//1125 1571//1125
f 1591//1126 1593//1126 1594//1126 1592//1126
f 1593//1127 1595//1127 1596//1127 1594//1127
f 1594//1128 1596//1128 1579//1128 1577//1128
f 1592//1129 1594//1129 1577//1129 1575//1129
f 1595//1130 1597//1130 1598//1130 1596//1130
f 1597//1131 1599//1131 1600//1131 1598//1131
f 1598//1132 1600//1132 1583//1132 1581//1132
f 1596//1133 1598//1133 1581//1133 1579//1133
f 1599//1134 1601//1134 1602//1134 1600//1134
f 1601//1135 1587//1135 1590//1135 1602//1135
f 1602//1136 1590//1136 1571//1136 1585//1136
f 1600//1137 1602//1137 1585//1137 1583//1137
f 1603//1138 1604//1138 1605//1138 1606//1138
f 1604//1139 1607//1139 1608//1139 1605//1139
f 1605//1139 1608//1139 1591//1139 1588//1139
f 1606//1138 1605//1138 1588//1138 1587//1138
f 1607//1140 1609//1140 1610//1140 1608//1140
f 1609//1141 1611//1141 1612//1141 1610//1141
f 1610//1142 1612//1142 1595//1142 1593//1142
f 1608//1143 1610//1143 1593//1143 1591//1143
f 1611//1144 1613//1144 1614//1144 1612//1144
f 1613//1145 1615//1145 1616//1145 1614//1145
f 1614//1146 1616//1146 1599//1146 1597//1146
f 1612//1144 1614//1144 1597//1144 1595//1144
f 1615//1147 1617//1147 1618//1147 1616//1147
f 1617//1148 1603//1148 1606//1148 1618//1148
f 1618//1149 1606//1149 1587//1149 1601//1149
f 1616//1147 1618//1147 1601//1147 1599//1147
f 1619//1138 1620//1138 1621//1138 1622//1138
f 1620//1139 1623//1139 1624//1139 1621//1139
f 1621//1139 1624//1139 1607//1139 1604//1139
f 1622//1138 1621//1138 1604//1138 1603//1138
f 1623//1140 1625//1140 1626//1140 1624//1140
f 1625//1141 1627//1141 1628//1141 1626//1141
f 1626//1141 1628//1141 1611//1141 1609//1141
f 1624//1140 1626//1140 1609//1140 1607//1140
f 1627//1144 1629//1144 1630//1144 1628//1144
f 1629//1146 1631//1146 1632//1146 1630//1146
f 1630//1145 1632//1145 1615//1145 1613//1145
f 1628//1150 1630//1150 1613//1150 1611//1150
f 1631//1147 1633//1147 1634//1147 1632//1147
f 1633//1149 1619//1149 1622//1149 1634//1149
f 1634//1148 1622//1148 1603//1148 1617//1148
f 1632//1147 1634//1147 1617//1147 1615//1147
f 1635//1138 1636//1138 1637//1138 1638//1138
f 1636//1139 1639//1139 1640//1139 1637//1139
f 1637//1139 1640//1139 1623//1139 1620//1139
f 1638//1138 1637//1138 1620//1138 1619//1138
f 1639//1140 1641//1140 1642//1140 1640//1140
f 1641//1141 1643//1141 1644//1141 1642//1141
f 1642//1142 1644//1142 1627//1142 1625//1142
f 1640//1151 1642//1151 1625//1151 1623//1151
f 1643//1150 1645//1150 1646//1150 1644//1150
f 1645//1146 1647//1146 1648//1146 1646//1146
f 1646//1145 1648//1145 1631//1145 1629//1145
f 1644//1144 1646//1144 1629//1144 1627//1144
f 1647//1147 1649//1147 1650//1147 1648//1147
f 1649//1149 1635//1149 1638//1149 1650//1149
f 1650//1149 1638//1149 1619//1149 1633//1149
f 1648//1147 1650//1147 1633//1147 1631//1147
f 1651//1138 1652//1138 1653//1138 1654//1138
f 1652//1139 1655//1139 1656//1139 1653//1139
f 1653//1139 1656//1139 1639//1139 1636//1139
f 1654//1138 1653//1138 1636//1138 1635//1138
f 1655//1151 1657//1151 1658//1151 1656//1151
f 1657//1142 1659//1142 1660//1142 1658//1142
f 1658//1142 1660//1142 1643//1142 1641//1142
f 1656//1151 1658//1151 1641//1151 1639//1151
f 1659//1150 1661//1150 1662//1150 1660//1150
f 1661//1146 1663//1146 1664//1146 1662//1146
f 1662//1145 1664//1145 1647//1145 1645//1145
f 1660//1150 1662//1150 1645//1150 1643//1150
f 1663//1147 1665//1147 1666//1147 1664//1147
f 1665//1148 1651//1148 1654//1148 1666//1148
f 1666//1149 1654//1149 1635//1149 1649//1149
f 1664//1147 1666//1147 1649//1147 1647//1147
f 1667//1152 1668//1152 1669//1152 1670//1152
f 1668//1153 1671//1153 1672//1153 1669//1153
f 1669//1154 1672//1154 1655//1154 1652//1154
f 1670//1155 1669//1155 1652//1155 1651//1155
f 1671//1156 1673//1156 1674//1156 1672//1156
f 1673//1157 1675//1157 1676//1157 1674//1157
f 1674//1158 1676//1158 1659//1158 1657//1158
f 1672//1159 1674//1159 1657//1159 1655//1159
f 1675//1160 1677//1160 1678//1160 1676//1160
f 1677//1161 1679//1161 1680//1161 1678//1161
f 1678//1162 1680//1162 1663//1162 1661//1162
f 1676//1163 1678//1163 1661//1163 1659//1163
f 1679//1164 1681//1164 1682//1164 1680//1164
f 1681//1165 1667//1165 1670//1165 1682//1165
f 1682//1166 1670//1166 1651//1166 1665//1166
f 1680//1167 1682//1167 1665//1167 1663//1167
f 1683//1168 1684//1168 1685//1168 1686//1168
f 1684//1169 1687//1169 1688//1169 1685//1169
f 1685//1170 1688//1170 1671//1170 1668//1170
f 1686//1171 1685//1171 1668//1171 1667//1171
f 1687//1172 1689//1172 1690//1172 1688//1172
f 1689//1173 1691//1173 1692//1173 1690//1173
f 1690//1174 1692//1174 1675//1174 1673//1174
f 1688//1175 1690//1175 1673//1175 1671//1175
f 1691//1176 1693//1176 1694//1176 1692//1176
f 1693//1177 1695//1177 1696//1177 1694//1177
f 1694//1178 1696//1178 1679//1178 1677//1178
f 1692//1179 1694//1179 1677//1179 1675//1179
f 1695//1180 1697//1180 1698//1180 1696//1180
f 1697//1181 1683//1181 1686//1181 1698//1181
f 1698//1182 1686//1182 1667//1182 1681//1182
f 1696//1183 1698//1183 1681//1183 1679//1183
f 1699//1184 1700//1184 1701//1184 1702//1184
f 1700//1185 1703//1185 1704//1185 1701//1185
f 1701//1186 1704//1186 1687//1186 1684//1186
f 1702//1187 1701//1187 1684//1187 1683//1187
f 1703//1188 1705//1188 1706//1188 1704//1188
f 1705//1189 1707//1189 1708//1189 1706//1189
f 1706//1190 1708//1190 1691//1190 1689//1190
f 1704//1191 1706//1191 1689//1191 1687//1191
f 1707//1192 1709//1192 1710//1192 1708//1192
f 1709//1193 1711//1193 1712//1193 1710//1193
f 1710//1194 1712//1194 1695//1194 1693//1194
f 1708//1195 1710//1195 1693//1195 1691//1195
f 1711//1196 1713//1196 1714//1196 1712//1196
f 1713//1197 1699//1197 1702//1197 1714//1197
f 1714//1198 1702//1198 1683//1198 1697//1198
f 1712//1199 1714//1199 1697//1199 1695//1199
f 1715//1200 1716//1200 1717//1200 1718//1200
f 1716//1201 1719//1201 1720//1201 1717//1201
f 1717//1202 1720//1202 1703//1202 1700//1202
f 1718//1203 1717//1203 1700//1203 1699//1203
f 1719//1204 1721//1204 1722//1204 1720//1204
f 1721//1205 1723//1205 1724//1205 1722//1205
f 1722//1206 1724//1206 1707//1206 1705//1206
f 1720//1207 1722//1207 1705//1207 1703//1207
f 1723//1208 1725//1208 1726//1208 1724//1208
f 1725//1209 1727//1209 1728//1209 1726//1209
f 1726//1210 1728//1210 1711//1210 1709//1210
f 1724//1211 1726//1211 1709//1211 1707//1211
f 1727//1212 1729//1212 1730//1212 1728//1212
f 1729//1213 1715//1213 1718//1213 1730//1213
f 1730//1214 1718//1214 1699//1214 1713//1214
f 1728//1215 1730//1215 1713//1215 1711//1215
f 1731//1216 1732//1216 1733//1216 1734//1216
f 1732//1217 1735//1217 1736//1217 1733//1217
f 1733//1217 1736//1217 1719//1217 1716//1217
f 1734//1218 1733//1218 1716//1218 1715//1218
f 1735//1219 1737//1219 1738//1219 1736//1219
f 1737//1220 1739//1220 1740//1220 1738//1220
f 1738//1220 1740//1220 1723//1220 1721//1220
f 1736//1219 1738//1219 1721//1219 1719//1219
f 1739//1221 1741//1221 1742//1221 1740//1221
f 1741//1222 1743//1222 1744//1222 1742//1222
f 1742//1222 1744//1222 1727//1222 1725//1222
f 1740//1223 1742//1223 1725//1223 1723//1223
f 1743//1224 1745//1224 1746//1224 1744//1224
f 1745//1225 1731//1225 1734//1225 1746//1225
f 1746//1226 1734//1226 1715//1226 1729//1226
f 1744//1227 1746//1227 1729//1227 1727//1227
f 1747//1216 1748//1216 1749//1216 1750//1216
f 1748//1228 1751//1228 1752//1228 1749//1228
f 1749//1228 1752//1228 1735//1228 1732//1228
f 1750//1216 1749//1216 1732//1216 1731//1216
f 1751//1229 1753//1229 1754//1229 1752//1229
f 1753//1220 1755//1220 1756//1220 1754//1220
f 1754//1220 1756//1220 1739//1220 1737//1220
f 1752//1229 1754//1229 1737//1229 1735//1229
f 1755//1221 1757//1221 1758//1221 1756//1221
f 1757//1222 1759//1222 1760//1222 1758//1222
f 1758//1222 1760//1222 1743//1222 1741//1222
f 1756//1223 1758//1223 1741//1223 1739//1223
f 1759//1224 1761//1224 1762//1224 1760//1224
f 1761//1230 1747//1230 1750//1230 1762//1230
f 1762//1226 1750//1226 1731//1226 1745//1226
f 1760//1224 1762//1224 1745//1224 1743//1224
f 1763//1216 1764//1216 1765//1216 1766//1216
f 1764//1228 1767//1228 1768//1228 1765//1228
f 1765//1228 1768//1228 1751//1228 1748//1228
f 1766//1216 1765//1216 1748//1216 1747//1216
f 1767//1219 1769//1219 1770//1219 1768//1219
f 1769//1220 1771//1220 1772//1220 1770//1220
f 1770//1231 1772//1231 1755//1231 1753//1231
f 1768//1232 1770//1232 1753//1232 1751//1232
f 1771//1221 1773//1221 1774//1221 1772//1221
f 1773//1222 1775//1222 1776//1222 1774//1222
f 1774//1222 1776//1222 1759//1222 1757//1222
f 1772//1223 1774//1223 1757//1223 1755//1223
f 1775//1233 1777//1233 1778//1233 1776//1233
f 1777//1230 1763//1230 1766//1230 1778//1230
f 1778//1230 1766//1230 1747//1230 1761//1230
f 1776//1234 1778//1234 1761//1234 1759//1234
f 1779//1216 1780//1216 1781//1216 1782//1216
f 1780//1228 1783//1228 1784//1228 1781//1228
f 1781//1228 1784//1228 1767//1228 1764//1228
f 1782//1216 1781//1216 1764//1216 1763//1216
f 1783//1219 1785//1219 1786//1219 1784//1219
f 1785//1220 1787//1220 1788//1220 1786//1220
f 1786//1220 1788//1220 1771//1220 1769//1220
f 1784//1219 1786//1219 1769//1219 1767//1219
f 1787//1221 1789//1221 1790//1221 1788//1221
f 1789//1222 1791//1222 1792//1222 1790//1222
f 1790//1222 1792//1222 1775//1222 1773//1222
f 1788//1223 1790//1223 1773//1223 1771//1223
f 1791//1233 1793//1233 1794//1233 1792//1233
f 1793//1226 1779//1226 1782//1226 1794//1226
f 1794//1230 1782//1230 1763//1230 1777//1230
f 1792//1233 1794//1233 1777//1233 1775//1233
f 266//1235 265//1235 1795//1235 1796//1235
f 265//1236 264//1236 1797//1236 1795//1236
f 1795//1237 1797//1237 1783//1237 1780//1237
f 1796//1238 1795//1238 1780//1238 1779//1238
f 264//1239 263//1239 1798//1239 1797//1239
f 263//1240 262//1240 1799//1240 1798//1240
f 1798//1241 1799//1241 1787//1241 1785//1241
f 1797//1242 1798//1242 1785//1242 1783//1242
f 262//1243 259//1243 1800//1243 1799//1243
f 259//1244 258//1244 1801//1244 1800//1244
f 1800//1245 1801//1245 1791//1245 1789//1245
f 1799//1246 1800//1246 1789//1246 1787//1246
f 258//1247 261//1247 1802//1247 1801//1247
f 261//1248 266//1248 1796//1248 1802//1248
f 1802//1249 1796//1249 1779//1249 1793//1249
f 1801//1250 1802//1250 1793//1250 1791//1250
f 1803//1251 1804//1251 1805//1251 1806//1251
f 1804//1252 1807//1252 1808//1252 1805//1252
f 1805//1253 1808//1253 216//1253 379//1253
f 1806//1254 1805//1254 379//1254 378//1254
f 1807//1255 1809//1255 1810//1255 1808//1255
f 1809//1256 1811//1256 1812//1256 1810//1256
f 1810//1257 1812//1257 210//1257 213//1257
f 1808//1258 1810//1258 213//1258 216//1258
f 1811//1259 1813//1259 1814//1259 1812//1259
f 1813//1260 1815//1260 1816//1260 1814//1260
f 1814//1261 1816//1261 384//1261 404//1261
f 1812//1262 1814//1262 404//1262 210//1262
f 1815//1263 1817//1263 1818//1263 1816//1263
f 1817//1264 1803//1264 1806//1264 1818//1264
f 1818//1265 1806//1265 378//1265 385//1265
f 1816//1266 1818//1266 385//1266 384//1266
f 1819//1267 1820//1267 1821//1267 1822//1267
f 1820//1268 1823//1268 1824//1268 1821//1268
f 1821//1269 1824//1269 1807//1269 1804//1269
f 1822//1270 1821//1270 1804//1270 1803//1270
f 1823//1271 1825//1271 1826//1271 1824//1271
f 1825//1272 1827//1272 1828//1272 1826//1272
f 1826//1273 1828//1273 1811//1273 1809//1273
f 1824//1274 1826//1274 1809//1274 1807//1274
f 1827//1275 1829//1275 1830//1275 1828//1275
f 1829//1276 1831//1276 1832//1276 1830//1276
f 1830//1277 1832//1277 1815//1277 1813//1277
f 1828//1278 1830//1278 1813//1278 1811//1278
f 1831//1279 1833//1279 1834//1279 1832//1279
f 1833//1280 1819//1280 1822//1280 1834//1280
f 1834//1281 1822//1281 1803//1281 1817//1281
f 1832//1282 1834//1282 1817//1282 1815//1282
f 1835//1283 1836//1283 1837//1283 1838//1283
f 1836//1284 1839//1284 1840//1284 1837//1284
f 1837//1284 1840//1284 1823//1284 1820//1284
f 1838//1283 1837//1283 1820//1283 1819//1283
f 1839//1285 1841//1285 1842//1285 1840//1285
f 1841//1286 1843//1286 1844//1286 1842//1286
f 1842//1286 1844//1286 1827//1286 1825//1286
f 1840//1285 1842//1285 1825//1285 1823//1285
f 1843//1287 1845//1287 1846//1287 1844//1287
f 1845//1288 1847//1288 1848//1288 1846//1288
f 1846//1288 1848//1288 1831//1288 1829//1288
f 1844//1287 1846//1287 1829//1287 1827//1287
f 1847//1289 1849//1289 1850//1289 1848//1289
f 1849//1290 1835//1290 1838//1290 1850//1290
f 1850//1290 1838//1290 1819//1290 1833//1290
f 1848//1289 1850//1289 1833//1289 1831//1289
f 1851//1291 1852//1291 1853//1291 1854//1291
f 1852//1292 1855//1292 1856//1292 1853//1292
f 1853//1293 1856//1293 1839//1293 1836//1293
f 1854//1294 1853//1294 1836//1294 1835//1294
f 1855//1295 1857//1295 1858//1295 1856//1295
f 1857//1296 1859//1296 1860//1296 1858//1296
f 1858//1297 1860//1297 1843//1297 1841//1297
f 1856//1298 1858//1298 1841//1298 1839//1298
f 1859//1299 1861//1299 1862//1299 1860//1299
f 1861//1300 1863//1300 1864//1300 1862//1300
f 1862//1301 1864//1301 1847//1301 1845//1301
f 1860//1302 1862//1302 1845//1302 1843//1302
f 1863//1303 1865//1303 1866//1303 1864//1303
f 1865//1304 1851//1304 1854//1304 1866//1304
f 1866//1305 1854//1305 1835//1305 1849//1305
f 1864//1306 1866//1306 1849//1306 1847//1306
f 1867//1307 1868//1307 1869//1307 1870//1307
f 1868//1308 1871//1308 1872//1308 1869//1308
f 1869//1309 1872//1309 1855//1309 1852//1309
f 1870//1310 1869//1310 1852//1310 1851//1310
f 1871//1311 1873//1311 1874//1311 1872//1311
f 1873//1312 1875//1312 1876//1312 1874//1312
f 1874//1313 1876//1313 1859//1313 1857//1313
f 1872//1314 1874//1314 1857//1314 1855//1314
f 1875//1315 1877//1315 1878//1315 1876//1315
f 1877//1316 1879//1316 1880//1316 1878//1316
f 1878//1317 1880//1317 1863//1317 1861//1317
f 1876//1318 1878//1318 1861//1318 1859//1318
f 1879//1319 1881//1319 1882//1319 1880//1319
f 1881//1320 1867//1320 1870//1320 1882//1320
f 1882//1321 1870//1321 1851//1321 1865//1321
f 1880//1322 1882//1322 1865//1322 1863//1322
f 1883//1323 1884//1323 1885//1323 1886//1323
f 1884//1324 1887//1324 1888//1324 1885//1324
f 1885//1325 1888//1325 1871//1325 1868//1325
f 1886//1326 1885//1326 1868//1326 1867//1326
f 1887//1327 1889//1327 1890//1327 1888//1327
f 1889//1328 1891//1328 1892//1328 1890//1328
f 1890//1329 1892//1329 1875//1329 1873//1329
f 1888//1330 1890//1330 1873//1330 1871//1330
f 1891//1331 1893//1331 1894//1331 1892//1331
f 1893//1332 1895//1332 1896//1332 1894//1332
f 1894//1333 1896//1333 1879//1333 1877//1333
f 1892//1334 1894//1334 1877//1334 1875//1334
f 1895//1335 1897//1335 1898//1335 1896//1335
f 1897//1336 1883//1336 1886//1336 1898//1336
f 1898//1337 1886//1337 1867//1337 1881//1337
f 1896//1338 1898//1338 1881//1338 1879//1338
f 1899//1339 1900//1339 1901//1339 1902//1339
f 1900//1340 1903//1340 1904//1340 1901//1340
f 1901//1341 1904//1341 1887//1341 1884//1341
f 1902//1342 1901//1342 1884//1342 1883//1342
f 1903//1343 1905//1343 1906//1343 1904//1343
f 1905//1344 1907//1344 1908//1344 1906//1344
f 1906//1345 1908//1345 1891//1345 1889//1345
f 1904//1346 1906//1346 1889//1346 1887//1346
f 1907//1347 1909//1347 1910//1347 1908//1347
f 1909//1348 1911//1348 1912//1348 1910//1348
f 1910//1349 1912//1349 1895//1349 1893//1349
f 1908//1350 1910//1350 1893//1350 1891//1350
f 1911//1351 1913//1351 1914//1351 1912//1351
f 1913//1352 1899//1352 1902//1352 1914//1352
f 1914//1353 1902//1353 1883//1353 1897//1353
f 1912//1354 1914//1354 1897//1354 1895//1354
f 1915//1355 1916//1355 1917//1355 1918//1355
f 1916//1356 1919//1356 1920//1356 1917//1356
f 1917//1357 1920//1357 1903//1357 1900//1357
f 1918//1358 1917//1358 1900//1358 1899//1358
f 1919//1359 1921//1359 1922//1359 1920//1359
f 1921//1360 1923//1360 1924//1360 1922//1360
f 1922//1360 1924//1360 1907//1360 1905//1360
f 1920//1359 1922//1359 1905//1359 1903//1359
f 1923//1361 1925//1361 1926//1361 1924//1361
f 1925//1362 1927//1362 1928//1362 1926//1362
f 1926//1363 1928//1363 1911//1363 1909//1363
f 1924//1361 1926//1361 1909//1361 1907//1361
f 1927//1364 1929//1364 1930//1364 1928//1364
f 1929//1365 1915//1365 1918//1365 1930//1365
f 1930//1365 1918//1365 1899//1365 1913//1365
f 1928//1366 1930//1366 1913//1366 1911//1366
f 1931//1358 1932//1358 1933//1358 1934//1358
f 1932//1356 1935//1356 1936//1356 1933//1356
f 1933//1356 1936//1356 1919//1356 1916//1356
f 1934//1355 1933//1355 1916//1355 1915//1355
f 1935//1367 1937//1367 1938//1367 1936//1367
f 1937//1360 1939//1360 1940//1360 1938//1360
f 1938//1360 1940//1360 1923//1360 1921//1360
f 1936//1367 1938//1367 1921//1367 1919//1367
f 1939//1361 1941//1361 1942//1361 1940//1361
f 1941//1363 1943//1363 1944//1363 1942//1363
f 1942//1362 1944//1362 1927//1362 1925//1362
f 1940//1361 1942//1361 1925//1361 1923//1361
f 1943//1366 1945//1366 1946//1366 1944//1366
f 1945//1365 1931//1365 1934//1365 1946//1365
f 1946//1365 1934//1365 1915//1365 1929//1365
f 1944//1366 1946//1366 1929//1366 1927//1366
f 1947//1355 1948//1355 1949//1355 1950//1355
f 1948//1356 1951//1356 1952//1356 1949//1356
f 1949//1356 1952//1356 1935//1356 1932//1356
f 1950//1355 1949//1355 1932//1355 1931//1355
f 1951//1368 1953//1368 1954//1368 1952//1368
f 1953//1360 1955//1360 1956//1360 1954//1360
f 1954//1360 1956//1360 1939//1360 1937//1360
f 1952//1359 1954//1359 1937//1359 1935//1359
f 1955//1361 1957//1361 1958//1361 1956//1361
f 1957//1369 1959//1369 1960//1369 1958//1369
f 1958//1369 1960//1369 1943//1369 1941//1369
f 1956//1361 1958//1361 1941//1361 1939//1361
f 1959//1364 1961//1364 1962//1364 1960//1364
f 1961//1365 1947//1365 1950//1365 1962//1365
f 1962//1365 1950//1365 1931//1365 1945//1365
f 1960//1366 1962//1366 1945//1366 1943//1366
f 1963//1358 1964//1358 1965//1358 1966//1358
f 1964//1357 1967//1357 1968//1357 1965//1357
f 1965//1370 1968//1370 1951//1370 1948//1370
f 1966//1355 1965//1355 1948//1355 1947//1355
f 1967//1367 1969//1367 1970//1367 1968//1367
f 1969//1360 1971//1360 1972//1360 1970//1360
f 1970//1371 1972//1371 1955//1371 1953//1371
f 1968//1367 1970//1367 1953//1367 1951//1367
f 1971//1361 1973//1361 1974//1361 1972//1361
f 1973//1362 1975//1362 1976//1362 1974//1362
f 1974//1363 1976//1363 1959//1363 1957//1363
f 1972//1361 1974//1361 1957//1361 1955//1361
f 1975//1366 1977//1366 1978//1366 1976//1366
f 1977//1372 1963//1372 1966//1372 1978//1372
f 1978//1365 1966//1365 1947//1365 1961//1365
f 1976//1364 1978//1364 1961//1364 1959//1364
f 251//1373 250//1373 1979//1373 1980//1373
f 250//1374 249//1374 1981//1374 1979//1374
f 1979//1375 1981//1375 1967//1375 1964//1375
f 1980//1376 1979//1376 1964//1376 1963//1376
f 249//1377 248//1377 1982//1377 1981//1377
f 248//1378 247//1378 1983//1378 1982//1378
f 1982//1379 1983//1379 1971//1379 1969//1379
f 1981//1380 1982//1380 1969//1380 1967//1380
f 247//1381 244//1381 1984//1381 1983//1381
f 244//1382 243//1382 1985//1382 1984//1382
f 1984//1383 1985//1383 1975//1383 1973//1383
f 1983//1384 1984//1384 1973//1384 1971//1384
f 243//1385 246//1385 1986//1385 1985//1385
f 246//1386 251//1386 1980//1386 1986//1386
f 1986//1387 1980//1387 1963//1387 1977//1387
f 1985//1388 1986//1388 1977//1388 1975//1388
f 1987//1389 1988//1389 1989//1389 1990//1389
f 1988//1390 1991//1390 1992//1390 1989//1390
f 1989//1391 1992//1391 237//1391 241//1391
f 1990//1392 1989//1392 241//1392 231//1392
f 1991//1393 1993//1393 1994//1393 1992//1393
f 1993//1394 1995//1394 1996//1394 1994//1394
f 1994//1395 1996//1395 233//1395 238//1395
f 1992//1396 1994//1396 238//1396 237//1396
f 1995//1397 1997//1397 1998//1397 1996//1397
f 1997//1398 1999//1398 2000//1398 1998//1398
f 1998//1399 2000//1399 227//1399 234//1399
f 1996//1400 1998//1400 234//1400 233//1400
f 1999//1401 2001//1401 2002//1401 2000//1401
f 2001//1402 1987//1402 1990//1402 2002//1402
f 2002//1403 1990//1403 231//1403 228//1403
f 2000//1404 2002//1404 228//1404 227//1404
f 2003//1405 2004//1405 2005//1405 2006//1405
f 2004//1406 2007//1406 2008//1406 2005//1406
f 2005//1407 2008//1407 1991//1407 1988//1407
f 2006//1408 2005//1408 1988//1408 1987//1408
f 2007//1409 2009//1409 2010//1409 2008//1409
f 2009//1410 2011//1410 2012//1410 2010//1410
f 2010//1411 2012//1411 1995//1411 1993//1411
f 2008//1412 2010//1412 1993//1412 1991//1412
f 2011//1413 2013//1413 2014//1413 2012//1413
f 2013//1414 2015//1414 2016//1414 2014//1414
f 2014//1415 2016//1415 1999//1415 1997//1415
f 2012//1416 2014//1416 1997//1416 1995//1416
f 2015//1417 2017//1417 2018//1417 2016//1417
f 2017//1418 2003//1418 2006//1418 2018//1418
f 2018//1419 2006//1419 1987//1419 2001//1419
f 2016//1420 2018//1420 2001//1420 1999//1420
f 18//1421 17//1421 2019//1421 2020//1421
f 17//1422 16//1422 2021//1422 2019//1422
f 2019//1423 2021//1423 2007//1423 2004//1423
f 2020//1424 2019//1424 2004//1424 2003//1424
f 16//1425 364//1425 2022//1425 2021//1425
f 364//1426 118//1426 2023//1426 2022//1426
f 2022//1427 2023//1427 2011//1427 2009//1427
f 2021//1428 2022//1428 2009//1428 2007//1428
f 118//1429 116//1429 2024//1429 2023//1429
f 116//1430 103//1430 2025//1430 2024//1430
f 2024//1431 2025//1431 2015//1431 2013//1431
f 2023//1432 2024//1432 2013//1432 2011//1432
f 103//1433 387//1433 2026//1433 2025//1433
f 387//1434 18//1434 2020//1434 2026//1434
f 2026//1435 2020//1435 2003//1435 2017//1435
f 2025//1436 2026//1436 2017//1436 2015//1436
f 12//1437 15//1437 2027//1437 2028//1437
f 15//1438 18//1438 390//1438 2027//1438
f 2027//1439 390//1439 389//1439 1130//1439
f 2028//1440 2027//1440 1130//1440 1129//1440
f 114//1441 1370//1441 2029//1441 115//1441
f 1370//1442 12//1442 2028//1442 2029//1442
f 2029//1443 2028//1443 1129//1443 1135//1443
f 115//1444 2029//1444 1135//1444 107//1444
